"Anio";"Valor";"Carrera";"Genero";"Tasa"
"2022-2023";"???";"Europea Miguel de Cervantes";"Ambos Sexos";"Rendimiento"
"2021-2022";"???";"Europea Miguel de Cervantes";"Ambos Sexos";"Rendimiento"
"2020-2021";"???";"Europea Miguel de Cervantes";"Ambos Sexos";"Rendimiento"
"2019-2020";"???";"Europea Miguel de Cervantes";"Ambos Sexos";"Rendimiento"
"2018-2019";"???";"Europea Miguel de Cervantes";"Ambos Sexos";"Rendimiento"
"2017-2018";"???";"Europea Miguel de Cervantes";"Ambos Sexos";"Rendimiento"
"2016-2017";"???";"Europea Miguel de Cervantes";"Ambos Sexos";"Rendimiento"
"2015-2016";"???";"Europea Miguel de Cervantes";"Ambos Sexos";"Rendimiento"
"2022-2023";"83.48";"Todos los ámbitos";"Ambos Sexos";"Rendimiento"
"2021-2022";"81.39";"Todos los ámbitos";"Ambos Sexos";"Rendimiento"
"2020-2021";"85.25";"Todos los ámbitos";"Ambos Sexos";"Rendimiento"
"2019-2020";"85.62";"Todos los ámbitos";"Ambos Sexos";"Rendimiento"
"2018-2019";"81.39";"Todos los ámbitos";"Ambos Sexos";"Rendimiento"
"2017-2018";"80.27";"Todos los ámbitos";"Ambos Sexos";"Rendimiento"
"2016-2017";"83.14";"Todos los ámbitos";"Ambos Sexos";"Rendimiento"
"2015-2016";"83.13";"Todos los ámbitos";"Ambos Sexos";"Rendimiento"
"2022-2023";"..";"Total Educación";"Ambos Sexos";"Rendimiento"
"2021-2022";"..";"Total Educación";"Ambos Sexos";"Rendimiento"
"2020-2021";"..";"Total Educación";"Ambos Sexos";"Rendimiento"
"2019-2020";"..";"Total Educación";"Ambos Sexos";"Rendimiento"
"2018-2019";"..";"Total Educación";"Ambos Sexos";"Rendimiento"
"2017-2018";"..";"Total Educación";"Ambos Sexos";"Rendimiento"
"2016-2017";"..";"Total Educación";"Ambos Sexos";"Rendimiento"
"2015-2016";"..";"Total Educación";"Ambos Sexos";"Rendimiento"
"2022-2023";"..";"Formación de docentes de enseñanza infantil";"Ambos Sexos";"Rendimiento"
"2021-2022";"..";"Formación de docentes de enseñanza infantil";"Ambos Sexos";"Rendimiento"
"2020-2021";"..";"Formación de docentes de enseñanza infantil";"Ambos Sexos";"Rendimiento"
"2019-2020";"..";"Formación de docentes de enseñanza infantil";"Ambos Sexos";"Rendimiento"
"2018-2019";"..";"Formación de docentes de enseñanza infantil";"Ambos Sexos";"Rendimiento"
"2017-2018";"..";"Formación de docentes de enseñanza infantil";"Ambos Sexos";"Rendimiento"
"2016-2017";"..";"Formación de docentes de enseñanza infantil";"Ambos Sexos";"Rendimiento"
"2015-2016";"..";"Formación de docentes de enseñanza infantil";"Ambos Sexos";"Rendimiento"
"2022-2023";"..";"Formación de docentes de enseñanza primaria";"Ambos Sexos";"Rendimiento"
"2021-2022";"..";"Formación de docentes de enseñanza primaria";"Ambos Sexos";"Rendimiento"
"2020-2021";"..";"Formación de docentes de enseñanza primaria";"Ambos Sexos";"Rendimiento"
"2019-2020";"..";"Formación de docentes de enseñanza primaria";"Ambos Sexos";"Rendimiento"
"2018-2019";"..";"Formación de docentes de enseñanza primaria";"Ambos Sexos";"Rendimiento"
"2017-2018";"..";"Formación de docentes de enseñanza primaria";"Ambos Sexos";"Rendimiento"
"2016-2017";"..";"Formación de docentes de enseñanza primaria";"Ambos Sexos";"Rendimiento"
"2015-2016";"..";"Formación de docentes de enseñanza primaria";"Ambos Sexos";"Rendimiento"
"2022-2023";"..";"Otra Formación de personal docente y ciencias de la educación";"Ambos Sexos";"Rendimiento"
"2021-2022";"..";"Otra Formación de personal docente y ciencias de la educación";"Ambos Sexos";"Rendimiento"
"2020-2021";"..";"Otra Formación de personal docente y ciencias de la educación";"Ambos Sexos";"Rendimiento"
"2019-2020";"..";"Otra Formación de personal docente y ciencias de la educación";"Ambos Sexos";"Rendimiento"
"2018-2019";"..";"Otra Formación de personal docente y ciencias de la educación";"Ambos Sexos";"Rendimiento"
"2017-2018";"..";"Otra Formación de personal docente y ciencias de la educación";"Ambos Sexos";"Rendimiento"
"2016-2017";"..";"Otra Formación de personal docente y ciencias de la educación";"Ambos Sexos";"Rendimiento"
"2015-2016";"..";"Otra Formación de personal docente y ciencias de la educación";"Ambos Sexos";"Rendimiento"
"2022-2023";"85.32";"Total Artes y humanidades";"Ambos Sexos";"Rendimiento"
"2021-2022";"88.76";"Total Artes y humanidades";"Ambos Sexos";"Rendimiento"
"2020-2021";"88.19";"Total Artes y humanidades";"Ambos Sexos";"Rendimiento"
"2019-2020";"80.22";"Total Artes y humanidades";"Ambos Sexos";"Rendimiento"
"2018-2019";"86.82";"Total Artes y humanidades";"Ambos Sexos";"Rendimiento"
"2017-2018";"85.54";"Total Artes y humanidades";"Ambos Sexos";"Rendimiento"
"2016-2017";"87.87";"Total Artes y humanidades";"Ambos Sexos";"Rendimiento"
"2015-2016";"84.94";"Total Artes y humanidades";"Ambos Sexos";"Rendimiento"
"2022-2023";"85.32";"Técnicas audiovisuales y medios de comunicación";"Ambos Sexos";"Rendimiento"
"2021-2022";"88.76";"Técnicas audiovisuales y medios de comunicación";"Ambos Sexos";"Rendimiento"
"2020-2021";"88.19";"Técnicas audiovisuales y medios de comunicación";"Ambos Sexos";"Rendimiento"
"2019-2020";"80.22";"Técnicas audiovisuales y medios de comunicación";"Ambos Sexos";"Rendimiento"
"2018-2019";"86.82";"Técnicas audiovisuales y medios de comunicación";"Ambos Sexos";"Rendimiento"
"2017-2018";"85.54";"Técnicas audiovisuales y medios de comunicación";"Ambos Sexos";"Rendimiento"
"2016-2017";"87.87";"Técnicas audiovisuales y medios de comunicación";"Ambos Sexos";"Rendimiento"
"2015-2016";"84.94";"Técnicas audiovisuales y medios de comunicación";"Ambos Sexos";"Rendimiento"
"2022-2023";"..";"Artes";"Ambos Sexos";"Rendimiento"
"2021-2022";"..";"Artes";"Ambos Sexos";"Rendimiento"
"2020-2021";"..";"Artes";"Ambos Sexos";"Rendimiento"
"2019-2020";"..";"Artes";"Ambos Sexos";"Rendimiento"
"2018-2019";"..";"Artes";"Ambos Sexos";"Rendimiento"
"2017-2018";"..";"Artes";"Ambos Sexos";"Rendimiento"
"2016-2017";"..";"Artes";"Ambos Sexos";"Rendimiento"
"2015-2016";"..";"Artes";"Ambos Sexos";"Rendimiento"
"2022-2023";"..";"Lenguas";"Ambos Sexos";"Rendimiento"
"2021-2022";"..";"Lenguas";"Ambos Sexos";"Rendimiento"
"2020-2021";"..";"Lenguas";"Ambos Sexos";"Rendimiento"
"2019-2020";"..";"Lenguas";"Ambos Sexos";"Rendimiento"
"2018-2019";"..";"Lenguas";"Ambos Sexos";"Rendimiento"
"2017-2018";"..";"Lenguas";"Ambos Sexos";"Rendimiento"
"2016-2017";"..";"Lenguas";"Ambos Sexos";"Rendimiento"
"2015-2016";"..";"Lenguas";"Ambos Sexos";"Rendimiento"
"2022-2023";"..";"Humanidades";"Ambos Sexos";"Rendimiento"
"2021-2022";"..";"Humanidades";"Ambos Sexos";"Rendimiento"
"2020-2021";"..";"Humanidades";"Ambos Sexos";"Rendimiento"
"2019-2020";"..";"Humanidades";"Ambos Sexos";"Rendimiento"
"2018-2019";"..";"Humanidades";"Ambos Sexos";"Rendimiento"
"2017-2018";"..";"Humanidades";"Ambos Sexos";"Rendimiento"
"2016-2017";"..";"Humanidades";"Ambos Sexos";"Rendimiento"
"2015-2016";"..";"Humanidades";"Ambos Sexos";"Rendimiento"
"2022-2023";"89.18";"Total Ciencias sociales, periodismo y documentación";"Ambos Sexos";"Rendimiento"
"2021-2022";"87.68";"Total Ciencias sociales, periodismo y documentación";"Ambos Sexos";"Rendimiento"
"2020-2021";"89.32";"Total Ciencias sociales, periodismo y documentación";"Ambos Sexos";"Rendimiento"
"2019-2020";"88.82";"Total Ciencias sociales, periodismo y documentación";"Ambos Sexos";"Rendimiento"
"2018-2019";"84.21";"Total Ciencias sociales, periodismo y documentación";"Ambos Sexos";"Rendimiento"
"2017-2018";"85.26";"Total Ciencias sociales, periodismo y documentación";"Ambos Sexos";"Rendimiento"
"2016-2017";"88.83";"Total Ciencias sociales, periodismo y documentación";"Ambos Sexos";"Rendimiento"
"2015-2016";"69.31";"Total Ciencias sociales, periodismo y documentación";"Ambos Sexos";"Rendimiento"
"2022-2023";"89.96";"Psicología";"Ambos Sexos";"Rendimiento"
"2021-2022";"88.65";"Psicología";"Ambos Sexos";"Rendimiento"
"2020-2021";"90.38";"Psicología";"Ambos Sexos";"Rendimiento"
"2019-2020";"91.22";"Psicología";"Ambos Sexos";"Rendimiento"
"2018-2019";"85.81";"Psicología";"Ambos Sexos";"Rendimiento"
"2017-2018";"82.32";"Psicología";"Ambos Sexos";"Rendimiento"
"2016-2017";"..";"Psicología";"Ambos Sexos";"Rendimiento"
"2015-2016";"..";"Psicología";"Ambos Sexos";"Rendimiento"
"2022-2023";"..";"Economía";"Ambos Sexos";"Rendimiento"
"2021-2022";"..";"Economía";"Ambos Sexos";"Rendimiento"
"2020-2021";"..";"Economía";"Ambos Sexos";"Rendimiento"
"2019-2020";"..";"Economía";"Ambos Sexos";"Rendimiento"
"2018-2019";"..";"Economía";"Ambos Sexos";"Rendimiento"
"2017-2018";"..";"Economía";"Ambos Sexos";"Rendimiento"
"2016-2017";"..";"Economía";"Ambos Sexos";"Rendimiento"
"2015-2016";"..";"Economía";"Ambos Sexos";"Rendimiento"
"2022-2023";"91.85";"Otras Ciencias sociales y del comportamiento";"Ambos Sexos";"Rendimiento"
"2021-2022";"91.82";"Otras Ciencias sociales y del comportamiento";"Ambos Sexos";"Rendimiento"
"2020-2021";"91.17";"Otras Ciencias sociales y del comportamiento";"Ambos Sexos";"Rendimiento"
"2019-2020";"88.81";"Otras Ciencias sociales y del comportamiento";"Ambos Sexos";"Rendimiento"
"2018-2019";"86.33";"Otras Ciencias sociales y del comportamiento";"Ambos Sexos";"Rendimiento"
"2017-2018";"89.58";"Otras Ciencias sociales y del comportamiento";"Ambos Sexos";"Rendimiento"
"2016-2017";"..";"Otras Ciencias sociales y del comportamiento";"Ambos Sexos";"Rendimiento"
"2015-2016";"..";"Otras Ciencias sociales y del comportamiento";"Ambos Sexos";"Rendimiento"
"2022-2023";"75.39";"Periodismo e información";"Ambos Sexos";"Rendimiento"
"2021-2022";"71.68";"Periodismo e información";"Ambos Sexos";"Rendimiento"
"2020-2021";"82.61";"Periodismo e información";"Ambos Sexos";"Rendimiento"
"2019-2020";"84.98";"Periodismo e información";"Ambos Sexos";"Rendimiento"
"2018-2019";"79.15";"Periodismo e información";"Ambos Sexos";"Rendimiento"
"2017-2018";"81.67";"Periodismo e información";"Ambos Sexos";"Rendimiento"
"2016-2017";"86.91";"Periodismo e información";"Ambos Sexos";"Rendimiento"
"2015-2016";"69.31";"Periodismo e información";"Ambos Sexos";"Rendimiento"
"2022-2023";"78.12";"Total Negocios, administración y derecho";"Ambos Sexos";"Rendimiento"
"2021-2022";"73.82";"Total Negocios, administración y derecho";"Ambos Sexos";"Rendimiento"
"2020-2021";"82.89";"Total Negocios, administración y derecho";"Ambos Sexos";"Rendimiento"
"2019-2020";"85.0";"Total Negocios, administración y derecho";"Ambos Sexos";"Rendimiento"
"2018-2019";"77.65";"Total Negocios, administración y derecho";"Ambos Sexos";"Rendimiento"
"2017-2018";"80.62";"Total Negocios, administración y derecho";"Ambos Sexos";"Rendimiento"
"2016-2017";"80.22";"Total Negocios, administración y derecho";"Ambos Sexos";"Rendimiento"
"2015-2016";"81.64";"Total Negocios, administración y derecho";"Ambos Sexos";"Rendimiento"
"2022-2023";"77.38";"Administración y gestión de empresas";"Ambos Sexos";"Rendimiento"
"2021-2022";"71.94";"Administración y gestión de empresas";"Ambos Sexos";"Rendimiento"
"2020-2021";"79.14";"Administración y gestión de empresas";"Ambos Sexos";"Rendimiento"
"2019-2020";"83.51";"Administración y gestión de empresas";"Ambos Sexos";"Rendimiento"
"2018-2019";"72.08";"Administración y gestión de empresas";"Ambos Sexos";"Rendimiento"
"2017-2018";"75.92";"Administración y gestión de empresas";"Ambos Sexos";"Rendimiento"
"2016-2017";"76.52";"Administración y gestión de empresas";"Ambos Sexos";"Rendimiento"
"2015-2016";"81.9";"Administración y gestión de empresas";"Ambos Sexos";"Rendimiento"
"2022-2023";"78.93";"Otra Educación comercial y empresarial";"Ambos Sexos";"Rendimiento"
"2021-2022";"75.89";"Otra Educación comercial y empresarial";"Ambos Sexos";"Rendimiento"
"2020-2021";"86.75";"Otra Educación comercial y empresarial";"Ambos Sexos";"Rendimiento"
"2019-2020";"86.4";"Otra Educación comercial y empresarial";"Ambos Sexos";"Rendimiento"
"2018-2019";"82.94";"Otra Educación comercial y empresarial";"Ambos Sexos";"Rendimiento"
"2017-2018";"84.65";"Otra Educación comercial y empresarial";"Ambos Sexos";"Rendimiento"
"2016-2017";"82.96";"Otra Educación comercial y empresarial";"Ambos Sexos";"Rendimiento"
"2015-2016";"81.43";"Otra Educación comercial y empresarial";"Ambos Sexos";"Rendimiento"
"2022-2023";"..";"Derecho";"Ambos Sexos";"Rendimiento"
"2021-2022";"..";"Derecho";"Ambos Sexos";"Rendimiento"
"2020-2021";"..";"Derecho";"Ambos Sexos";"Rendimiento"
"2019-2020";"..";"Derecho";"Ambos Sexos";"Rendimiento"
"2018-2019";"..";"Derecho";"Ambos Sexos";"Rendimiento"
"2017-2018";"..";"Derecho";"Ambos Sexos";"Rendimiento"
"2016-2017";"..";"Derecho";"Ambos Sexos";"Rendimiento"
"2015-2016";"..";"Derecho";"Ambos Sexos";"Rendimiento"
"2022-2023";"..";"Total Ciencias";"Ambos Sexos";"Rendimiento"
"2021-2022";"..";"Total Ciencias";"Ambos Sexos";"Rendimiento"
"2020-2021";"..";"Total Ciencias";"Ambos Sexos";"Rendimiento"
"2019-2020";"..";"Total Ciencias";"Ambos Sexos";"Rendimiento"
"2018-2019";"..";"Total Ciencias";"Ambos Sexos";"Rendimiento"
"2017-2018";"..";"Total Ciencias";"Ambos Sexos";"Rendimiento"
"2016-2017";"..";"Total Ciencias";"Ambos Sexos";"Rendimiento"
"2015-2016";"..";"Total Ciencias";"Ambos Sexos";"Rendimiento"
"2022-2023";"..";"Ciencias de la vida";"Ambos Sexos";"Rendimiento"
"2021-2022";"..";"Ciencias de la vida";"Ambos Sexos";"Rendimiento"
"2020-2021";"..";"Ciencias de la vida";"Ambos Sexos";"Rendimiento"
"2019-2020";"..";"Ciencias de la vida";"Ambos Sexos";"Rendimiento"
"2018-2019";"..";"Ciencias de la vida";"Ambos Sexos";"Rendimiento"
"2017-2018";"..";"Ciencias de la vida";"Ambos Sexos";"Rendimiento"
"2016-2017";"..";"Ciencias de la vida";"Ambos Sexos";"Rendimiento"
"2015-2016";"..";"Ciencias de la vida";"Ambos Sexos";"Rendimiento"
"2022-2023";"..";"Ciencias Físicas, químicas, geológicas";"Ambos Sexos";"Rendimiento"
"2021-2022";"..";"Ciencias Físicas, químicas, geológicas";"Ambos Sexos";"Rendimiento"
"2020-2021";"..";"Ciencias Físicas, químicas, geológicas";"Ambos Sexos";"Rendimiento"
"2019-2020";"..";"Ciencias Físicas, químicas, geológicas";"Ambos Sexos";"Rendimiento"
"2018-2019";"..";"Ciencias Físicas, químicas, geológicas";"Ambos Sexos";"Rendimiento"
"2017-2018";"..";"Ciencias Físicas, químicas, geológicas";"Ambos Sexos";"Rendimiento"
"2016-2017";"..";"Ciencias Físicas, químicas, geológicas";"Ambos Sexos";"Rendimiento"
"2015-2016";"..";"Ciencias Físicas, químicas, geológicas";"Ambos Sexos";"Rendimiento"
"2022-2023";"..";"Matemáticas y Estadística";"Ambos Sexos";"Rendimiento"
"2021-2022";"..";"Matemáticas y Estadística";"Ambos Sexos";"Rendimiento"
"2020-2021";"..";"Matemáticas y Estadística";"Ambos Sexos";"Rendimiento"
"2019-2020";"..";"Matemáticas y Estadística";"Ambos Sexos";"Rendimiento"
"2018-2019";"..";"Matemáticas y Estadística";"Ambos Sexos";"Rendimiento"
"2017-2018";"..";"Matemáticas y Estadística";"Ambos Sexos";"Rendimiento"
"2016-2017";"..";"Matemáticas y Estadística";"Ambos Sexos";"Rendimiento"
"2015-2016";"..";"Matemáticas y Estadística";"Ambos Sexos";"Rendimiento"
"2022-2023";"79.02";"Total Informática";"Ambos Sexos";"Rendimiento"
"2021-2022";"67.97";"Total Informática";"Ambos Sexos";"Rendimiento"
"2020-2021";"74.4";"Total Informática";"Ambos Sexos";"Rendimiento"
"2019-2020";"82.15";"Total Informática";"Ambos Sexos";"Rendimiento"
"2018-2019";"81.49";"Total Informática";"Ambos Sexos";"Rendimiento"
"2017-2018";"79.19";"Total Informática";"Ambos Sexos";"Rendimiento"
"2016-2017";"88.45";"Total Informática";"Ambos Sexos";"Rendimiento"
"2015-2016";"87.5";"Total Informática";"Ambos Sexos";"Rendimiento"
"2022-2023";"79.02";"Informática";"Ambos Sexos";"Rendimiento"
"2021-2022";"67.97";"Informática";"Ambos Sexos";"Rendimiento"
"2020-2021";"74.4";"Informática";"Ambos Sexos";"Rendimiento"
"2019-2020";"82.15";"Informática";"Ambos Sexos";"Rendimiento"
"2018-2019";"81.49";"Informática";"Ambos Sexos";"Rendimiento"
"2017-2018";"79.19";"Informática";"Ambos Sexos";"Rendimiento"
"2016-2017";"88.45";"Informática";"Ambos Sexos";"Rendimiento"
"2015-2016";"87.5";"Informática";"Ambos Sexos";"Rendimiento"
"2022-2023";"73.12";"Total Ingeniería, industria y construcción";"Ambos Sexos";"Rendimiento"
"2021-2022";"66.39";"Total Ingeniería, industria y construcción";"Ambos Sexos";"Rendimiento"
"2020-2021";"80.86";"Total Ingeniería, industria y construcción";"Ambos Sexos";"Rendimiento"
"2019-2020";"87.52";"Total Ingeniería, industria y construcción";"Ambos Sexos";"Rendimiento"
"2018-2019";"82.03";"Total Ingeniería, industria y construcción";"Ambos Sexos";"Rendimiento"
"2017-2018";"70.49";"Total Ingeniería, industria y construcción";"Ambos Sexos";"Rendimiento"
"2016-2017";"76.03";"Total Ingeniería, industria y construcción";"Ambos Sexos";"Rendimiento"
"2015-2016";"74.0";"Total Ingeniería, industria y construcción";"Ambos Sexos";"Rendimiento"
"2022-2023";"73.57";"Ingenierías";"Ambos Sexos";"Rendimiento"
"2021-2022";"66.88";"Ingenierías";"Ambos Sexos";"Rendimiento"
"2020-2021";"82.21";"Ingenierías";"Ambos Sexos";"Rendimiento"
"2019-2020";"90.18";"Ingenierías";"Ambos Sexos";"Rendimiento"
"2018-2019";"92.96";"Ingenierías";"Ambos Sexos";"Rendimiento"
"2017-2018";"72.96";"Ingenierías";"Ambos Sexos";"Rendimiento"
"2016-2017";"..";"Ingenierías";"Ambos Sexos";"Rendimiento"
"2015-2016";"..";"Ingenierías";"Ambos Sexos";"Rendimiento"
"2022-2023";"..";"Arquitectura y construcción";"Ambos Sexos";"Rendimiento"
"2021-2022";"..";"Arquitectura y construcción";"Ambos Sexos";"Rendimiento"
"2020-2021";"..";"Arquitectura y construcción";"Ambos Sexos";"Rendimiento"
"2019-2020";"..";"Arquitectura y construcción";"Ambos Sexos";"Rendimiento"
"2018-2019";"60.3";"Arquitectura y construcción";"Ambos Sexos";"Rendimiento"
"2017-2018";"61.3";"Arquitectura y construcción";"Ambos Sexos";"Rendimiento"
"2016-2017";"67.31";"Arquitectura y construcción";"Ambos Sexos";"Rendimiento"
"2015-2016";"69.52";"Arquitectura y construcción";"Ambos Sexos";"Rendimiento"
"2022-2023";"..";"Total Agricultura, ganadería,  silvicultura, pesca, y veterinaria";"Ambos Sexos";"Rendimiento"
"2021-2022";"..";"Total Agricultura, ganadería,  silvicultura, pesca, y veterinaria";"Ambos Sexos";"Rendimiento"
"2020-2021";"..";"Total Agricultura, ganadería,  silvicultura, pesca, y veterinaria";"Ambos Sexos";"Rendimiento"
"2019-2020";"..";"Total Agricultura, ganadería,  silvicultura, pesca, y veterinaria";"Ambos Sexos";"Rendimiento"
"2018-2019";"..";"Total Agricultura, ganadería,  silvicultura, pesca, y veterinaria";"Ambos Sexos";"Rendimiento"
"2017-2018";"..";"Total Agricultura, ganadería,  silvicultura, pesca, y veterinaria";"Ambos Sexos";"Rendimiento"
"2016-2017";"..";"Total Agricultura, ganadería,  silvicultura, pesca, y veterinaria";"Ambos Sexos";"Rendimiento"
"2015-2016";"..";"Total Agricultura, ganadería,  silvicultura, pesca, y veterinaria";"Ambos Sexos";"Rendimiento"
"2022-2023";"..";"Agricultura, ganadería y pesca";"Ambos Sexos";"Rendimiento"
"2021-2022";"..";"Agricultura, ganadería y pesca";"Ambos Sexos";"Rendimiento"
"2020-2021";"..";"Agricultura, ganadería y pesca";"Ambos Sexos";"Rendimiento"
"2019-2020";"..";"Agricultura, ganadería y pesca";"Ambos Sexos";"Rendimiento"
"2018-2019";"..";"Agricultura, ganadería y pesca";"Ambos Sexos";"Rendimiento"
"2017-2018";"..";"Agricultura, ganadería y pesca";"Ambos Sexos";"Rendimiento"
"2016-2017";"..";"Agricultura, ganadería y pesca";"Ambos Sexos";"Rendimiento"
"2015-2016";"..";"Agricultura, ganadería y pesca";"Ambos Sexos";"Rendimiento"
"2022-2023";"..";"Veterinaria";"Ambos Sexos";"Rendimiento"
"2021-2022";"..";"Veterinaria";"Ambos Sexos";"Rendimiento"
"2020-2021";"..";"Veterinaria";"Ambos Sexos";"Rendimiento"
"2019-2020";"..";"Veterinaria";"Ambos Sexos";"Rendimiento"
"2018-2019";"..";"Veterinaria";"Ambos Sexos";"Rendimiento"
"2017-2018";"..";"Veterinaria";"Ambos Sexos";"Rendimiento"
"2016-2017";"..";"Veterinaria";"Ambos Sexos";"Rendimiento"
"2015-2016";"..";"Veterinaria";"Ambos Sexos";"Rendimiento"
"2022-2023";"82.11";"Total Salud y servicios sociales";"Ambos Sexos";"Rendimiento"
"2021-2022";"81.09";"Total Salud y servicios sociales";"Ambos Sexos";"Rendimiento"
"2020-2021";"85.09";"Total Salud y servicios sociales";"Ambos Sexos";"Rendimiento"
"2019-2020";"85.24";"Total Salud y servicios sociales";"Ambos Sexos";"Rendimiento"
"2018-2019";"81.47";"Total Salud y servicios sociales";"Ambos Sexos";"Rendimiento"
"2017-2018";"79.66";"Total Salud y servicios sociales";"Ambos Sexos";"Rendimiento"
"2016-2017";"82.9";"Total Salud y servicios sociales";"Ambos Sexos";"Rendimiento"
"2015-2016";"85.12";"Total Salud y servicios sociales";"Ambos Sexos";"Rendimiento"
"2022-2023";"..";"Medicina";"Ambos Sexos";"Rendimiento"
"2021-2022";"..";"Medicina";"Ambos Sexos";"Rendimiento"
"2020-2021";"..";"Medicina";"Ambos Sexos";"Rendimiento"
"2019-2020";"..";"Medicina";"Ambos Sexos";"Rendimiento"
"2018-2019";"..";"Medicina";"Ambos Sexos";"Rendimiento"
"2017-2018";"..";"Medicina";"Ambos Sexos";"Rendimiento"
"2016-2017";"..";"Medicina";"Ambos Sexos";"Rendimiento"
"2015-2016";"..";"Medicina";"Ambos Sexos";"Rendimiento"
"2022-2023";"..";"Enfermería y atención a enfermos";"Ambos Sexos";"Rendimiento"
"2021-2022";"..";"Enfermería y atención a enfermos";"Ambos Sexos";"Rendimiento"
"2020-2021";"..";"Enfermería y atención a enfermos";"Ambos Sexos";"Rendimiento"
"2019-2020";"..";"Enfermería y atención a enfermos";"Ambos Sexos";"Rendimiento"
"2018-2019";"..";"Enfermería y atención a enfermos";"Ambos Sexos";"Rendimiento"
"2017-2018";"..";"Enfermería y atención a enfermos";"Ambos Sexos";"Rendimiento"
"2016-2017";"..";"Enfermería y atención a enfermos";"Ambos Sexos";"Rendimiento"
"2015-2016";"..";"Enfermería y atención a enfermos";"Ambos Sexos";"Rendimiento"
"2022-2023";"82.11";"Otras ciencias de la Salud";"Ambos Sexos";"Rendimiento"
"2021-2022";"81.09";"Otras ciencias de la Salud";"Ambos Sexos";"Rendimiento"
"2020-2021";"85.09";"Otras ciencias de la Salud";"Ambos Sexos";"Rendimiento"
"2019-2020";"85.24";"Otras ciencias de la Salud";"Ambos Sexos";"Rendimiento"
"2018-2019";"81.47";"Otras ciencias de la Salud";"Ambos Sexos";"Rendimiento"
"2017-2018";"79.66";"Otras ciencias de la Salud";"Ambos Sexos";"Rendimiento"
"2016-2017";"82.9";"Otras ciencias de la Salud";"Ambos Sexos";"Rendimiento"
"2015-2016";"85.12";"Otras ciencias de la Salud";"Ambos Sexos";"Rendimiento"
"2022-2023";"..";"Trabajo social y orientación";"Ambos Sexos";"Rendimiento"
"2021-2022";"..";"Trabajo social y orientación";"Ambos Sexos";"Rendimiento"
"2020-2021";"..";"Trabajo social y orientación";"Ambos Sexos";"Rendimiento"
"2019-2020";"..";"Trabajo social y orientación";"Ambos Sexos";"Rendimiento"
"2018-2019";"..";"Trabajo social y orientación";"Ambos Sexos";"Rendimiento"
"2017-2018";"..";"Trabajo social y orientación";"Ambos Sexos";"Rendimiento"
"2016-2017";"..";"Trabajo social y orientación";"Ambos Sexos";"Rendimiento"
"2015-2016";"..";"Trabajo social y orientación";"Ambos Sexos";"Rendimiento"
"2022-2023";"77.31";"Total Servicios";"Ambos Sexos";"Rendimiento"
"2021-2022";"79.94";"Total Servicios";"Ambos Sexos";"Rendimiento"
"2020-2021";"81.07";"Total Servicios";"Ambos Sexos";"Rendimiento"
"2019-2020";"81.1";"Total Servicios";"Ambos Sexos";"Rendimiento"
"2018-2019";"79.52";"Total Servicios";"Ambos Sexos";"Rendimiento"
"2017-2018";"78.67";"Total Servicios";"Ambos Sexos";"Rendimiento"
"2016-2017";"82.99";"Total Servicios";"Ambos Sexos";"Rendimiento"
"2015-2016";"83.97";"Total Servicios";"Ambos Sexos";"Rendimiento"
"2022-2023";"77.31";"Deportes";"Ambos Sexos";"Rendimiento"
"2021-2022";"79.96";"Deportes";"Ambos Sexos";"Rendimiento"
"2020-2021";"81.09";"Deportes";"Ambos Sexos";"Rendimiento"
"2019-2020";"81.12";"Deportes";"Ambos Sexos";"Rendimiento"
"2018-2019";"79.49";"Deportes";"Ambos Sexos";"Rendimiento"
"2017-2018";"78.64";"Deportes";"Ambos Sexos";"Rendimiento"
"2016-2017";"82.87";"Deportes";"Ambos Sexos";"Rendimiento"
"2015-2016";"83.9";"Deportes";"Ambos Sexos";"Rendimiento"
"2022-2023";"..";"Turismo y Hostelería";"Ambos Sexos";"Rendimiento"
"2021-2022";"..";"Turismo y Hostelería";"Ambos Sexos";"Rendimiento"
"2020-2021";"..";"Turismo y Hostelería";"Ambos Sexos";"Rendimiento"
"2019-2020";"..";"Turismo y Hostelería";"Ambos Sexos";"Rendimiento"
"2018-2019";"..";"Turismo y Hostelería";"Ambos Sexos";"Rendimiento"
"2017-2018";"..";"Turismo y Hostelería";"Ambos Sexos";"Rendimiento"
"2016-2017";"..";"Turismo y Hostelería";"Ambos Sexos";"Rendimiento"
"2015-2016";"..";"Turismo y Hostelería";"Ambos Sexos";"Rendimiento"
"2022-2023";"..";"Otros Servicios";"Ambos Sexos";"Rendimiento"
"2021-2022";"..";"Otros Servicios";"Ambos Sexos";"Rendimiento"
"2020-2021";"..";"Otros Servicios";"Ambos Sexos";"Rendimiento"
"2019-2020";"..";"Otros Servicios";"Ambos Sexos";"Rendimiento"
"2018-2019";"..";"Otros Servicios";"Ambos Sexos";"Rendimiento"
"2017-2018";"..";"Otros Servicios";"Ambos Sexos";"Rendimiento"
"2016-2017";"..";"Otros Servicios";"Ambos Sexos";"Rendimiento"
"2015-2016";"..";"Otros Servicios";"Ambos Sexos";"Rendimiento"
"2022-2023";"???";"Europea Miguel de Cervantes";"Ambos Sexos";"Exito"
"2021-2022";"???";"Europea Miguel de Cervantes";"Ambos Sexos";"Exito"
"2020-2021";"???";"Europea Miguel de Cervantes";"Ambos Sexos";"Exito"
"2019-2020";"???";"Europea Miguel de Cervantes";"Ambos Sexos";"Exito"
"2018-2019";"???";"Europea Miguel de Cervantes";"Ambos Sexos";"Exito"
"2017-2018";"???";"Europea Miguel de Cervantes";"Ambos Sexos";"Exito"
"2016-2017";"???";"Europea Miguel de Cervantes";"Ambos Sexos";"Exito"
"2015-2016";"???";"Europea Miguel de Cervantes";"Ambos Sexos";"Exito"
"2022-2023";"91.15";"Todos los ámbitos";"Ambos Sexos";"Exito"
"2021-2022";"90.85";"Todos los ámbitos";"Ambos Sexos";"Exito"
"2020-2021";"92.77";"Todos los ámbitos";"Ambos Sexos";"Exito"
"2019-2020";"92.7";"Todos los ámbitos";"Ambos Sexos";"Exito"
"2018-2019";"88.71";"Todos los ámbitos";"Ambos Sexos";"Exito"
"2017-2018";"87.02";"Todos los ámbitos";"Ambos Sexos";"Exito"
"2016-2017";"88.74";"Todos los ámbitos";"Ambos Sexos";"Exito"
"2015-2016";"89.1";"Todos los ámbitos";"Ambos Sexos";"Exito"
"2022-2023";"..";"Total Educación";"Ambos Sexos";"Exito"
"2021-2022";"..";"Total Educación";"Ambos Sexos";"Exito"
"2020-2021";"..";"Total Educación";"Ambos Sexos";"Exito"
"2019-2020";"..";"Total Educación";"Ambos Sexos";"Exito"
"2018-2019";"..";"Total Educación";"Ambos Sexos";"Exito"
"2017-2018";"..";"Total Educación";"Ambos Sexos";"Exito"
"2016-2017";"..";"Total Educación";"Ambos Sexos";"Exito"
"2015-2016";"..";"Total Educación";"Ambos Sexos";"Exito"
"2022-2023";"..";"Formación de docentes de enseñanza infantil";"Ambos Sexos";"Exito"
"2021-2022";"..";"Formación de docentes de enseñanza infantil";"Ambos Sexos";"Exito"
"2020-2021";"..";"Formación de docentes de enseñanza infantil";"Ambos Sexos";"Exito"
"2019-2020";"..";"Formación de docentes de enseñanza infantil";"Ambos Sexos";"Exito"
"2018-2019";"..";"Formación de docentes de enseñanza infantil";"Ambos Sexos";"Exito"
"2017-2018";"..";"Formación de docentes de enseñanza infantil";"Ambos Sexos";"Exito"
"2016-2017";"..";"Formación de docentes de enseñanza infantil";"Ambos Sexos";"Exito"
"2015-2016";"..";"Formación de docentes de enseñanza infantil";"Ambos Sexos";"Exito"
"2022-2023";"..";"Formación de docentes de enseñanza primaria";"Ambos Sexos";"Exito"
"2021-2022";"..";"Formación de docentes de enseñanza primaria";"Ambos Sexos";"Exito"
"2020-2021";"..";"Formación de docentes de enseñanza primaria";"Ambos Sexos";"Exito"
"2019-2020";"..";"Formación de docentes de enseñanza primaria";"Ambos Sexos";"Exito"
"2018-2019";"..";"Formación de docentes de enseñanza primaria";"Ambos Sexos";"Exito"
"2017-2018";"..";"Formación de docentes de enseñanza primaria";"Ambos Sexos";"Exito"
"2016-2017";"..";"Formación de docentes de enseñanza primaria";"Ambos Sexos";"Exito"
"2015-2016";"..";"Formación de docentes de enseñanza primaria";"Ambos Sexos";"Exito"
"2022-2023";"..";"Otra Formación de personal docente y ciencias de la educación";"Ambos Sexos";"Exito"
"2021-2022";"..";"Otra Formación de personal docente y ciencias de la educación";"Ambos Sexos";"Exito"
"2020-2021";"..";"Otra Formación de personal docente y ciencias de la educación";"Ambos Sexos";"Exito"
"2019-2020";"..";"Otra Formación de personal docente y ciencias de la educación";"Ambos Sexos";"Exito"
"2018-2019";"..";"Otra Formación de personal docente y ciencias de la educación";"Ambos Sexos";"Exito"
"2017-2018";"..";"Otra Formación de personal docente y ciencias de la educación";"Ambos Sexos";"Exito"
"2016-2017";"..";"Otra Formación de personal docente y ciencias de la educación";"Ambos Sexos";"Exito"
"2015-2016";"..";"Otra Formación de personal docente y ciencias de la educación";"Ambos Sexos";"Exito"
"2022-2023";"92.91";"Total Artes y humanidades";"Ambos Sexos";"Exito"
"2021-2022";"95.88";"Total Artes y humanidades";"Ambos Sexos";"Exito"
"2020-2021";"96.06";"Total Artes y humanidades";"Ambos Sexos";"Exito"
"2019-2020";"93.53";"Total Artes y humanidades";"Ambos Sexos";"Exito"
"2018-2019";"93.92";"Total Artes y humanidades";"Ambos Sexos";"Exito"
"2017-2018";"92.7";"Total Artes y humanidades";"Ambos Sexos";"Exito"
"2016-2017";"92.93";"Total Artes y humanidades";"Ambos Sexos";"Exito"
"2015-2016";"94.25";"Total Artes y humanidades";"Ambos Sexos";"Exito"
"2022-2023";"92.91";"Técnicas audiovisuales y medios de comunicación";"Ambos Sexos";"Exito"
"2021-2022";"95.88";"Técnicas audiovisuales y medios de comunicación";"Ambos Sexos";"Exito"
"2020-2021";"96.06";"Técnicas audiovisuales y medios de comunicación";"Ambos Sexos";"Exito"
"2019-2020";"93.53";"Técnicas audiovisuales y medios de comunicación";"Ambos Sexos";"Exito"
"2018-2019";"93.92";"Técnicas audiovisuales y medios de comunicación";"Ambos Sexos";"Exito"
"2017-2018";"92.7";"Técnicas audiovisuales y medios de comunicación";"Ambos Sexos";"Exito"
"2016-2017";"92.93";"Técnicas audiovisuales y medios de comunicación";"Ambos Sexos";"Exito"
"2015-2016";"94.25";"Técnicas audiovisuales y medios de comunicación";"Ambos Sexos";"Exito"
"2022-2023";"..";"Artes";"Ambos Sexos";"Exito"
"2021-2022";"..";"Artes";"Ambos Sexos";"Exito"
"2020-2021";"..";"Artes";"Ambos Sexos";"Exito"
"2019-2020";"..";"Artes";"Ambos Sexos";"Exito"
"2018-2019";"..";"Artes";"Ambos Sexos";"Exito"
"2017-2018";"..";"Artes";"Ambos Sexos";"Exito"
"2016-2017";"..";"Artes";"Ambos Sexos";"Exito"
"2015-2016";"..";"Artes";"Ambos Sexos";"Exito"
"2022-2023";"..";"Lenguas";"Ambos Sexos";"Exito"
"2021-2022";"..";"Lenguas";"Ambos Sexos";"Exito"
"2020-2021";"..";"Lenguas";"Ambos Sexos";"Exito"
"2019-2020";"..";"Lenguas";"Ambos Sexos";"Exito"
"2018-2019";"..";"Lenguas";"Ambos Sexos";"Exito"
"2017-2018";"..";"Lenguas";"Ambos Sexos";"Exito"
"2016-2017";"..";"Lenguas";"Ambos Sexos";"Exito"
"2015-2016";"..";"Lenguas";"Ambos Sexos";"Exito"
"2022-2023";"..";"Humanidades";"Ambos Sexos";"Exito"
"2021-2022";"..";"Humanidades";"Ambos Sexos";"Exito"
"2020-2021";"..";"Humanidades";"Ambos Sexos";"Exito"
"2019-2020";"..";"Humanidades";"Ambos Sexos";"Exito"
"2018-2019";"..";"Humanidades";"Ambos Sexos";"Exito"
"2017-2018";"..";"Humanidades";"Ambos Sexos";"Exito"
"2016-2017";"..";"Humanidades";"Ambos Sexos";"Exito"
"2015-2016";"..";"Humanidades";"Ambos Sexos";"Exito"
"2022-2023";"95.36";"Total Ciencias sociales, periodismo y documentación";"Ambos Sexos";"Exito"
"2021-2022";"95.39";"Total Ciencias sociales, periodismo y documentación";"Ambos Sexos";"Exito"
"2020-2021";"95.9";"Total Ciencias sociales, periodismo y documentación";"Ambos Sexos";"Exito"
"2019-2020";"94.34";"Total Ciencias sociales, periodismo y documentación";"Ambos Sexos";"Exito"
"2018-2019";"91.09";"Total Ciencias sociales, periodismo y documentación";"Ambos Sexos";"Exito"
"2017-2018";"90.59";"Total Ciencias sociales, periodismo y documentación";"Ambos Sexos";"Exito"
"2016-2017";"94.27";"Total Ciencias sociales, periodismo y documentación";"Ambos Sexos";"Exito"
"2015-2016";"87.08";"Total Ciencias sociales, periodismo y documentación";"Ambos Sexos";"Exito"
"2022-2023";"95.92";"Psicología";"Ambos Sexos";"Exito"
"2021-2022";"96.13";"Psicología";"Ambos Sexos";"Exito"
"2020-2021";"95.87";"Psicología";"Ambos Sexos";"Exito"
"2019-2020";"94.46";"Psicología";"Ambos Sexos";"Exito"
"2018-2019";"91.35";"Psicología";"Ambos Sexos";"Exito"
"2017-2018";"86.43";"Psicología";"Ambos Sexos";"Exito"
"2016-2017";"..";"Psicología";"Ambos Sexos";"Exito"
"2015-2016";"..";"Psicología";"Ambos Sexos";"Exito"
"2022-2023";"..";"Economía";"Ambos Sexos";"Exito"
"2021-2022";"..";"Economía";"Ambos Sexos";"Exito"
"2020-2021";"..";"Economía";"Ambos Sexos";"Exito"
"2019-2020";"..";"Economía";"Ambos Sexos";"Exito"
"2018-2019";"..";"Economía";"Ambos Sexos";"Exito"
"2017-2018";"..";"Economía";"Ambos Sexos";"Exito"
"2016-2017";"..";"Economía";"Ambos Sexos";"Exito"
"2015-2016";"..";"Economía";"Ambos Sexos";"Exito"
"2022-2023";"95.89";"Otras Ciencias sociales y del comportamiento";"Ambos Sexos";"Exito"
"2021-2022";"95.91";"Otras Ciencias sociales y del comportamiento";"Ambos Sexos";"Exito"
"2020-2021";"96.18";"Otras Ciencias sociales y del comportamiento";"Ambos Sexos";"Exito"
"2019-2020";"94.79";"Otras Ciencias sociales y del comportamiento";"Ambos Sexos";"Exito"
"2018-2019";"91.27";"Otras Ciencias sociales y del comportamiento";"Ambos Sexos";"Exito"
"2017-2018";"93.6";"Otras Ciencias sociales y del comportamiento";"Ambos Sexos";"Exito"
"2016-2017";"..";"Otras Ciencias sociales y del comportamiento";"Ambos Sexos";"Exito"
"2015-2016";"..";"Otras Ciencias sociales y del comportamiento";"Ambos Sexos";"Exito"
"2022-2023";"90.98";"Periodismo e información";"Ambos Sexos";"Exito"
"2021-2022";"91.27";"Periodismo e información";"Ambos Sexos";"Exito"
"2020-2021";"95.22";"Periodismo e información";"Ambos Sexos";"Exito"
"2019-2020";"93.28";"Periodismo e información";"Ambos Sexos";"Exito"
"2018-2019";"90.47";"Periodismo e información";"Ambos Sexos";"Exito"
"2017-2018";"89.57";"Periodismo e información";"Ambos Sexos";"Exito"
"2016-2017";"93.55";"Periodismo e información";"Ambos Sexos";"Exito"
"2015-2016";"87.08";"Periodismo e información";"Ambos Sexos";"Exito"
"2022-2023";"91.96";"Total Negocios, administración y derecho";"Ambos Sexos";"Exito"
"2021-2022";"89.94";"Total Negocios, administración y derecho";"Ambos Sexos";"Exito"
"2020-2021";"94.03";"Total Negocios, administración y derecho";"Ambos Sexos";"Exito"
"2019-2020";"93.68";"Total Negocios, administración y derecho";"Ambos Sexos";"Exito"
"2018-2019";"89.9";"Total Negocios, administración y derecho";"Ambos Sexos";"Exito"
"2017-2018";"87.92";"Total Negocios, administración y derecho";"Ambos Sexos";"Exito"
"2016-2017";"90.67";"Total Negocios, administración y derecho";"Ambos Sexos";"Exito"
"2015-2016";"91.29";"Total Negocios, administración y derecho";"Ambos Sexos";"Exito"
"2022-2023";"90.96";"Administración y gestión de empresas";"Ambos Sexos";"Exito"
"2021-2022";"89.6";"Administración y gestión de empresas";"Ambos Sexos";"Exito"
"2020-2021";"91.11";"Administración y gestión de empresas";"Ambos Sexos";"Exito"
"2019-2020";"92.32";"Administración y gestión de empresas";"Ambos Sexos";"Exito"
"2018-2019";"87.16";"Administración y gestión de empresas";"Ambos Sexos";"Exito"
"2017-2018";"85.16";"Administración y gestión de empresas";"Ambos Sexos";"Exito"
"2016-2017";"89.95";"Administración y gestión de empresas";"Ambos Sexos";"Exito"
"2015-2016";"92.47";"Administración y gestión de empresas";"Ambos Sexos";"Exito"
"2022-2023";"93.04";"Otra Educación comercial y empresarial";"Ambos Sexos";"Exito"
"2021-2022";"90.31";"Otra Educación comercial y empresarial";"Ambos Sexos";"Exito"
"2020-2021";"96.92";"Otra Educación comercial y empresarial";"Ambos Sexos";"Exito"
"2019-2020";"94.95";"Otra Educación comercial y empresarial";"Ambos Sexos";"Exito"
"2018-2019";"92.29";"Otra Educación comercial y empresarial";"Ambos Sexos";"Exito"
"2017-2018";"90.17";"Otra Educación comercial y empresarial";"Ambos Sexos";"Exito"
"2016-2017";"91.17";"Otra Educación comercial y empresarial";"Ambos Sexos";"Exito"
"2015-2016";"90.35";"Otra Educación comercial y empresarial";"Ambos Sexos";"Exito"
"2022-2023";"..";"Derecho";"Ambos Sexos";"Exito"
"2021-2022";"..";"Derecho";"Ambos Sexos";"Exito"
"2020-2021";"..";"Derecho";"Ambos Sexos";"Exito"
"2019-2020";"..";"Derecho";"Ambos Sexos";"Exito"
"2018-2019";"..";"Derecho";"Ambos Sexos";"Exito"
"2017-2018";"..";"Derecho";"Ambos Sexos";"Exito"
"2016-2017";"..";"Derecho";"Ambos Sexos";"Exito"
"2015-2016";"..";"Derecho";"Ambos Sexos";"Exito"
"2022-2023";"..";"Total Ciencias";"Ambos Sexos";"Exito"
"2021-2022";"..";"Total Ciencias";"Ambos Sexos";"Exito"
"2020-2021";"..";"Total Ciencias";"Ambos Sexos";"Exito"
"2019-2020";"..";"Total Ciencias";"Ambos Sexos";"Exito"
"2018-2019";"..";"Total Ciencias";"Ambos Sexos";"Exito"
"2017-2018";"..";"Total Ciencias";"Ambos Sexos";"Exito"
"2016-2017";"..";"Total Ciencias";"Ambos Sexos";"Exito"
"2015-2016";"..";"Total Ciencias";"Ambos Sexos";"Exito"
"2022-2023";"..";"Ciencias de la vida";"Ambos Sexos";"Exito"
"2021-2022";"..";"Ciencias de la vida";"Ambos Sexos";"Exito"
"2020-2021";"..";"Ciencias de la vida";"Ambos Sexos";"Exito"
"2019-2020";"..";"Ciencias de la vida";"Ambos Sexos";"Exito"
"2018-2019";"..";"Ciencias de la vida";"Ambos Sexos";"Exito"
"2017-2018";"..";"Ciencias de la vida";"Ambos Sexos";"Exito"
"2016-2017";"..";"Ciencias de la vida";"Ambos Sexos";"Exito"
"2015-2016";"..";"Ciencias de la vida";"Ambos Sexos";"Exito"
"2022-2023";"..";"Ciencias Físicas, químicas, geológicas";"Ambos Sexos";"Exito"
"2021-2022";"..";"Ciencias Físicas, químicas, geológicas";"Ambos Sexos";"Exito"
"2020-2021";"..";"Ciencias Físicas, químicas, geológicas";"Ambos Sexos";"Exito"
"2019-2020";"..";"Ciencias Físicas, químicas, geológicas";"Ambos Sexos";"Exito"
"2018-2019";"..";"Ciencias Físicas, químicas, geológicas";"Ambos Sexos";"Exito"
"2017-2018";"..";"Ciencias Físicas, químicas, geológicas";"Ambos Sexos";"Exito"
"2016-2017";"..";"Ciencias Físicas, químicas, geológicas";"Ambos Sexos";"Exito"
"2015-2016";"..";"Ciencias Físicas, químicas, geológicas";"Ambos Sexos";"Exito"
"2022-2023";"..";"Matemáticas y Estadística";"Ambos Sexos";"Exito"
"2021-2022";"..";"Matemáticas y Estadística";"Ambos Sexos";"Exito"
"2020-2021";"..";"Matemáticas y Estadística";"Ambos Sexos";"Exito"
"2019-2020";"..";"Matemáticas y Estadística";"Ambos Sexos";"Exito"
"2018-2019";"..";"Matemáticas y Estadística";"Ambos Sexos";"Exito"
"2017-2018";"..";"Matemáticas y Estadística";"Ambos Sexos";"Exito"
"2016-2017";"..";"Matemáticas y Estadística";"Ambos Sexos";"Exito"
"2015-2016";"..";"Matemáticas y Estadística";"Ambos Sexos";"Exito"
"2022-2023";"84.71";"Total Informática";"Ambos Sexos";"Exito"
"2021-2022";"79.53";"Total Informática";"Ambos Sexos";"Exito"
"2020-2021";"86.89";"Total Informática";"Ambos Sexos";"Exito"
"2019-2020";"89.04";"Total Informática";"Ambos Sexos";"Exito"
"2018-2019";"87.1";"Total Informática";"Ambos Sexos";"Exito"
"2017-2018";"88.16";"Total Informática";"Ambos Sexos";"Exito"
"2016-2017";"93.19";"Total Informática";"Ambos Sexos";"Exito"
"2015-2016";"94.79";"Total Informática";"Ambos Sexos";"Exito"
"2022-2023";"84.71";"Informática";"Ambos Sexos";"Exito"
"2021-2022";"79.53";"Informática";"Ambos Sexos";"Exito"
"2020-2021";"86.89";"Informática";"Ambos Sexos";"Exito"
"2019-2020";"89.04";"Informática";"Ambos Sexos";"Exito"
"2018-2019";"87.1";"Informática";"Ambos Sexos";"Exito"
"2017-2018";"88.16";"Informática";"Ambos Sexos";"Exito"
"2016-2017";"93.19";"Informática";"Ambos Sexos";"Exito"
"2015-2016";"94.79";"Informática";"Ambos Sexos";"Exito"
"2022-2023";"90.21";"Total Ingeniería, industria y construcción";"Ambos Sexos";"Exito"
"2021-2022";"92.61";"Total Ingeniería, industria y construcción";"Ambos Sexos";"Exito"
"2020-2021";"96.17";"Total Ingeniería, industria y construcción";"Ambos Sexos";"Exito"
"2019-2020";"96.06";"Total Ingeniería, industria y construcción";"Ambos Sexos";"Exito"
"2018-2019";"93.48";"Total Ingeniería, industria y construcción";"Ambos Sexos";"Exito"
"2017-2018";"85.05";"Total Ingeniería, industria y construcción";"Ambos Sexos";"Exito"
"2016-2017";"86.24";"Total Ingeniería, industria y construcción";"Ambos Sexos";"Exito"
"2015-2016";"85.66";"Total Ingeniería, industria y construcción";"Ambos Sexos";"Exito"
"2022-2023";"90.36";"Ingenierías";"Ambos Sexos";"Exito"
"2021-2022";"92.74";"Ingenierías";"Ambos Sexos";"Exito"
"2020-2021";"96.66";"Ingenierías";"Ambos Sexos";"Exito"
"2019-2020";"96.96";"Ingenierías";"Ambos Sexos";"Exito"
"2018-2019";"97.88";"Ingenierías";"Ambos Sexos";"Exito"
"2017-2018";"86.22";"Ingenierías";"Ambos Sexos";"Exito"
"2016-2017";"..";"Ingenierías";"Ambos Sexos";"Exito"
"2015-2016";"..";"Ingenierías";"Ambos Sexos";"Exito"
"2022-2023";"..";"Arquitectura y construcción";"Ambos Sexos";"Exito"
"2021-2022";"..";"Arquitectura y construcción";"Ambos Sexos";"Exito"
"2020-2021";"..";"Arquitectura y construcción";"Ambos Sexos";"Exito"
"2019-2020";"..";"Arquitectura y construcción";"Ambos Sexos";"Exito"
"2018-2019";"82.14";"Arquitectura y construcción";"Ambos Sexos";"Exito"
"2017-2018";"80.23";"Arquitectura y construcción";"Ambos Sexos";"Exito"
"2016-2017";"82.49";"Arquitectura y construcción";"Ambos Sexos";"Exito"
"2015-2016";"82.76";"Arquitectura y construcción";"Ambos Sexos";"Exito"
"2022-2023";"..";"Total Agricultura, ganadería,  silvicultura, pesca, y veterinaria";"Ambos Sexos";"Exito"
"2021-2022";"..";"Total Agricultura, ganadería,  silvicultura, pesca, y veterinaria";"Ambos Sexos";"Exito"
"2020-2021";"..";"Total Agricultura, ganadería,  silvicultura, pesca, y veterinaria";"Ambos Sexos";"Exito"
"2019-2020";"..";"Total Agricultura, ganadería,  silvicultura, pesca, y veterinaria";"Ambos Sexos";"Exito"
"2018-2019";"..";"Total Agricultura, ganadería,  silvicultura, pesca, y veterinaria";"Ambos Sexos";"Exito"
"2017-2018";"..";"Total Agricultura, ganadería,  silvicultura, pesca, y veterinaria";"Ambos Sexos";"Exito"
"2016-2017";"..";"Total Agricultura, ganadería,  silvicultura, pesca, y veterinaria";"Ambos Sexos";"Exito"
"2015-2016";"..";"Total Agricultura, ganadería,  silvicultura, pesca, y veterinaria";"Ambos Sexos";"Exito"
"2022-2023";"..";"Agricultura, ganadería y pesca";"Ambos Sexos";"Exito"
"2021-2022";"..";"Agricultura, ganadería y pesca";"Ambos Sexos";"Exito"
"2020-2021";"..";"Agricultura, ganadería y pesca";"Ambos Sexos";"Exito"
"2019-2020";"..";"Agricultura, ganadería y pesca";"Ambos Sexos";"Exito"
"2018-2019";"..";"Agricultura, ganadería y pesca";"Ambos Sexos";"Exito"
"2017-2018";"..";"Agricultura, ganadería y pesca";"Ambos Sexos";"Exito"
"2016-2017";"..";"Agricultura, ganadería y pesca";"Ambos Sexos";"Exito"
"2015-2016";"..";"Agricultura, ganadería y pesca";"Ambos Sexos";"Exito"
"2022-2023";"..";"Veterinaria";"Ambos Sexos";"Exito"
"2021-2022";"..";"Veterinaria";"Ambos Sexos";"Exito"
"2020-2021";"..";"Veterinaria";"Ambos Sexos";"Exito"
"2019-2020";"..";"Veterinaria";"Ambos Sexos";"Exito"
"2018-2019";"..";"Veterinaria";"Ambos Sexos";"Exito"
"2017-2018";"..";"Veterinaria";"Ambos Sexos";"Exito"
"2016-2017";"..";"Veterinaria";"Ambos Sexos";"Exito"
"2015-2016";"..";"Veterinaria";"Ambos Sexos";"Exito"
"2022-2023";"88.86";"Total Salud y servicios sociales";"Ambos Sexos";"Exito"
"2021-2022";"88.19";"Total Salud y servicios sociales";"Ambos Sexos";"Exito"
"2020-2021";"90.44";"Total Salud y servicios sociales";"Ambos Sexos";"Exito"
"2019-2020";"91.7";"Total Salud y servicios sociales";"Ambos Sexos";"Exito"
"2018-2019";"86.98";"Total Salud y servicios sociales";"Ambos Sexos";"Exito"
"2017-2018";"85.13";"Total Salud y servicios sociales";"Ambos Sexos";"Exito"
"2016-2017";"87.14";"Total Salud y servicios sociales";"Ambos Sexos";"Exito"
"2015-2016";"88.12";"Total Salud y servicios sociales";"Ambos Sexos";"Exito"
"2022-2023";"..";"Medicina";"Ambos Sexos";"Exito"
"2021-2022";"..";"Medicina";"Ambos Sexos";"Exito"
"2020-2021";"..";"Medicina";"Ambos Sexos";"Exito"
"2019-2020";"..";"Medicina";"Ambos Sexos";"Exito"
"2018-2019";"..";"Medicina";"Ambos Sexos";"Exito"
"2017-2018";"..";"Medicina";"Ambos Sexos";"Exito"
"2016-2017";"..";"Medicina";"Ambos Sexos";"Exito"
"2015-2016";"..";"Medicina";"Ambos Sexos";"Exito"
"2022-2023";"..";"Enfermería y atención a enfermos";"Ambos Sexos";"Exito"
"2021-2022";"..";"Enfermería y atención a enfermos";"Ambos Sexos";"Exito"
"2020-2021";"..";"Enfermería y atención a enfermos";"Ambos Sexos";"Exito"
"2019-2020";"..";"Enfermería y atención a enfermos";"Ambos Sexos";"Exito"
"2018-2019";"..";"Enfermería y atención a enfermos";"Ambos Sexos";"Exito"
"2017-2018";"..";"Enfermería y atención a enfermos";"Ambos Sexos";"Exito"
"2016-2017";"..";"Enfermería y atención a enfermos";"Ambos Sexos";"Exito"
"2015-2016";"..";"Enfermería y atención a enfermos";"Ambos Sexos";"Exito"
"2022-2023";"88.86";"Otras ciencias de la Salud";"Ambos Sexos";"Exito"
"2021-2022";"88.19";"Otras ciencias de la Salud";"Ambos Sexos";"Exito"
"2020-2021";"90.44";"Otras ciencias de la Salud";"Ambos Sexos";"Exito"
"2019-2020";"91.7";"Otras ciencias de la Salud";"Ambos Sexos";"Exito"
"2018-2019";"86.98";"Otras ciencias de la Salud";"Ambos Sexos";"Exito"
"2017-2018";"85.13";"Otras ciencias de la Salud";"Ambos Sexos";"Exito"
"2016-2017";"87.14";"Otras ciencias de la Salud";"Ambos Sexos";"Exito"
"2015-2016";"88.12";"Otras ciencias de la Salud";"Ambos Sexos";"Exito"
"2022-2023";"..";"Trabajo social y orientación";"Ambos Sexos";"Exito"
"2021-2022";"..";"Trabajo social y orientación";"Ambos Sexos";"Exito"
"2020-2021";"..";"Trabajo social y orientación";"Ambos Sexos";"Exito"
"2019-2020";"..";"Trabajo social y orientación";"Ambos Sexos";"Exito"
"2018-2019";"..";"Trabajo social y orientación";"Ambos Sexos";"Exito"
"2017-2018";"..";"Trabajo social y orientación";"Ambos Sexos";"Exito"
"2016-2017";"..";"Trabajo social y orientación";"Ambos Sexos";"Exito"
"2015-2016";"..";"Trabajo social y orientación";"Ambos Sexos";"Exito"
"2022-2023";"82.68";"Total Servicios";"Ambos Sexos";"Exito"
"2021-2022";"85.51";"Total Servicios";"Ambos Sexos";"Exito"
"2020-2021";"87.49";"Total Servicios";"Ambos Sexos";"Exito"
"2019-2020";"89.24";"Total Servicios";"Ambos Sexos";"Exito"
"2018-2019";"86.09";"Total Servicios";"Ambos Sexos";"Exito"
"2017-2018";"84.76";"Total Servicios";"Ambos Sexos";"Exito"
"2016-2017";"87.81";"Total Servicios";"Ambos Sexos";"Exito"
"2015-2016";"88.77";"Total Servicios";"Ambos Sexos";"Exito"
"2022-2023";"82.68";"Deportes";"Ambos Sexos";"Exito"
"2021-2022";"85.51";"Deportes";"Ambos Sexos";"Exito"
"2020-2021";"87.49";"Deportes";"Ambos Sexos";"Exito"
"2019-2020";"89.24";"Deportes";"Ambos Sexos";"Exito"
"2018-2019";"86.07";"Deportes";"Ambos Sexos";"Exito"
"2017-2018";"84.6";"Deportes";"Ambos Sexos";"Exito"
"2016-2017";"87.75";"Deportes";"Ambos Sexos";"Exito"
"2015-2016";"88.56";"Deportes";"Ambos Sexos";"Exito"
"2022-2023";"..";"Turismo y Hostelería";"Ambos Sexos";"Exito"
"2021-2022";"..";"Turismo y Hostelería";"Ambos Sexos";"Exito"
"2020-2021";"..";"Turismo y Hostelería";"Ambos Sexos";"Exito"
"2019-2020";"..";"Turismo y Hostelería";"Ambos Sexos";"Exito"
"2018-2019";"..";"Turismo y Hostelería";"Ambos Sexos";"Exito"
"2017-2018";"..";"Turismo y Hostelería";"Ambos Sexos";"Exito"
"2016-2017";"..";"Turismo y Hostelería";"Ambos Sexos";"Exito"
"2015-2016";"..";"Turismo y Hostelería";"Ambos Sexos";"Exito"
"2022-2023";"..";"Otros Servicios";"Ambos Sexos";"Exito"
"2021-2022";"..";"Otros Servicios";"Ambos Sexos";"Exito"
"2020-2021";"..";"Otros Servicios";"Ambos Sexos";"Exito"
"2019-2020";"..";"Otros Servicios";"Ambos Sexos";"Exito"
"2018-2019";"..";"Otros Servicios";"Ambos Sexos";"Exito"
"2017-2018";"..";"Otros Servicios";"Ambos Sexos";"Exito"
"2016-2017";"..";"Otros Servicios";"Ambos Sexos";"Exito"
"2015-2016";"..";"Otros Servicios";"Ambos Sexos";"Exito"
"2022-2023";"???";"Europea Miguel de Cervantes";"Ambos Sexos";"Evaluacion"
"2021-2022";"???";"Europea Miguel de Cervantes";"Ambos Sexos";"Evaluacion"
"2020-2021";"???";"Europea Miguel de Cervantes";"Ambos Sexos";"Evaluacion"
"2019-2020";"???";"Europea Miguel de Cervantes";"Ambos Sexos";"Evaluacion"
"2018-2019";"???";"Europea Miguel de Cervantes";"Ambos Sexos";"Evaluacion"
"2017-2018";"???";"Europea Miguel de Cervantes";"Ambos Sexos";"Evaluacion"
"2016-2017";"???";"Europea Miguel de Cervantes";"Ambos Sexos";"Evaluacion"
"2015-2016";"???";"Europea Miguel de Cervantes";"Ambos Sexos";"Evaluacion"
"2022-2023";"91.58";"Todos los ámbitos";"Ambos Sexos";"Evaluacion"
"2021-2022";"89.58";"Todos los ámbitos";"Ambos Sexos";"Evaluacion"
"2020-2021";"91.89";"Todos los ámbitos";"Ambos Sexos";"Evaluacion"
"2019-2020";"92.36";"Todos los ámbitos";"Ambos Sexos";"Evaluacion"
"2018-2019";"91.75";"Todos los ámbitos";"Ambos Sexos";"Evaluacion"
"2017-2018";"92.24";"Todos los ámbitos";"Ambos Sexos";"Evaluacion"
"2016-2017";"93.69";"Todos los ámbitos";"Ambos Sexos";"Evaluacion"
"2015-2016";"93.3";"Todos los ámbitos";"Ambos Sexos";"Evaluacion"
"2022-2023";"..";"Total Educación";"Ambos Sexos";"Evaluacion"
"2021-2022";"..";"Total Educación";"Ambos Sexos";"Evaluacion"
"2020-2021";"..";"Total Educación";"Ambos Sexos";"Evaluacion"
"2019-2020";"..";"Total Educación";"Ambos Sexos";"Evaluacion"
"2018-2019";"..";"Total Educación";"Ambos Sexos";"Evaluacion"
"2017-2018";"..";"Total Educación";"Ambos Sexos";"Evaluacion"
"2016-2017";"..";"Total Educación";"Ambos Sexos";"Evaluacion"
"2015-2016";"..";"Total Educación";"Ambos Sexos";"Evaluacion"
"2022-2023";"..";"Formación de docentes de enseñanza infantil";"Ambos Sexos";"Evaluacion"
"2021-2022";"..";"Formación de docentes de enseñanza infantil";"Ambos Sexos";"Evaluacion"
"2020-2021";"..";"Formación de docentes de enseñanza infantil";"Ambos Sexos";"Evaluacion"
"2019-2020";"..";"Formación de docentes de enseñanza infantil";"Ambos Sexos";"Evaluacion"
"2018-2019";"..";"Formación de docentes de enseñanza infantil";"Ambos Sexos";"Evaluacion"
"2017-2018";"..";"Formación de docentes de enseñanza infantil";"Ambos Sexos";"Evaluacion"
"2016-2017";"..";"Formación de docentes de enseñanza infantil";"Ambos Sexos";"Evaluacion"
"2015-2016";"..";"Formación de docentes de enseñanza infantil";"Ambos Sexos";"Evaluacion"
"2022-2023";"..";"Formación de docentes de enseñanza primaria";"Ambos Sexos";"Evaluacion"
"2021-2022";"..";"Formación de docentes de enseñanza primaria";"Ambos Sexos";"Evaluacion"
"2020-2021";"..";"Formación de docentes de enseñanza primaria";"Ambos Sexos";"Evaluacion"
"2019-2020";"..";"Formación de docentes de enseñanza primaria";"Ambos Sexos";"Evaluacion"
"2018-2019";"..";"Formación de docentes de enseñanza primaria";"Ambos Sexos";"Evaluacion"
"2017-2018";"..";"Formación de docentes de enseñanza primaria";"Ambos Sexos";"Evaluacion"
"2016-2017";"..";"Formación de docentes de enseñanza primaria";"Ambos Sexos";"Evaluacion"
"2015-2016";"..";"Formación de docentes de enseñanza primaria";"Ambos Sexos";"Evaluacion"
"2022-2023";"..";"Otra Formación de personal docente y ciencias de la educación";"Ambos Sexos";"Evaluacion"
"2021-2022";"..";"Otra Formación de personal docente y ciencias de la educación";"Ambos Sexos";"Evaluacion"
"2020-2021";"..";"Otra Formación de personal docente y ciencias de la educación";"Ambos Sexos";"Evaluacion"
"2019-2020";"..";"Otra Formación de personal docente y ciencias de la educación";"Ambos Sexos";"Evaluacion"
"2018-2019";"..";"Otra Formación de personal docente y ciencias de la educación";"Ambos Sexos";"Evaluacion"
"2017-2018";"..";"Otra Formación de personal docente y ciencias de la educación";"Ambos Sexos";"Evaluacion"
"2016-2017";"..";"Otra Formación de personal docente y ciencias de la educación";"Ambos Sexos";"Evaluacion"
"2015-2016";"..";"Otra Formación de personal docente y ciencias de la educación";"Ambos Sexos";"Evaluacion"
"2022-2023";"91.82";"Total Artes y humanidades";"Ambos Sexos";"Evaluacion"
"2021-2022";"92.57";"Total Artes y humanidades";"Ambos Sexos";"Evaluacion"
"2020-2021";"91.81";"Total Artes y humanidades";"Ambos Sexos";"Evaluacion"
"2019-2020";"85.77";"Total Artes y humanidades";"Ambos Sexos";"Evaluacion"
"2018-2019";"92.44";"Total Artes y humanidades";"Ambos Sexos";"Evaluacion"
"2017-2018";"92.28";"Total Artes y humanidades";"Ambos Sexos";"Evaluacion"
"2016-2017";"94.55";"Total Artes y humanidades";"Ambos Sexos";"Evaluacion"
"2015-2016";"90.12";"Total Artes y humanidades";"Ambos Sexos";"Evaluacion"
"2022-2023";"91.82";"Técnicas audiovisuales y medios de comunicación";"Ambos Sexos";"Evaluacion"
"2021-2022";"92.57";"Técnicas audiovisuales y medios de comunicación";"Ambos Sexos";"Evaluacion"
"2020-2021";"91.81";"Técnicas audiovisuales y medios de comunicación";"Ambos Sexos";"Evaluacion"
"2019-2020";"85.77";"Técnicas audiovisuales y medios de comunicación";"Ambos Sexos";"Evaluacion"
"2018-2019";"92.44";"Técnicas audiovisuales y medios de comunicación";"Ambos Sexos";"Evaluacion"
"2017-2018";"92.28";"Técnicas audiovisuales y medios de comunicación";"Ambos Sexos";"Evaluacion"
"2016-2017";"94.55";"Técnicas audiovisuales y medios de comunicación";"Ambos Sexos";"Evaluacion"
"2015-2016";"90.12";"Técnicas audiovisuales y medios de comunicación";"Ambos Sexos";"Evaluacion"
"2022-2023";"..";"Artes";"Ambos Sexos";"Evaluacion"
"2021-2022";"..";"Artes";"Ambos Sexos";"Evaluacion"
"2020-2021";"..";"Artes";"Ambos Sexos";"Evaluacion"
"2019-2020";"..";"Artes";"Ambos Sexos";"Evaluacion"
"2018-2019";"..";"Artes";"Ambos Sexos";"Evaluacion"
"2017-2018";"..";"Artes";"Ambos Sexos";"Evaluacion"
"2016-2017";"..";"Artes";"Ambos Sexos";"Evaluacion"
"2015-2016";"..";"Artes";"Ambos Sexos";"Evaluacion"
"2022-2023";"..";"Lenguas";"Ambos Sexos";"Evaluacion"
"2021-2022";"..";"Lenguas";"Ambos Sexos";"Evaluacion"
"2020-2021";"..";"Lenguas";"Ambos Sexos";"Evaluacion"
"2019-2020";"..";"Lenguas";"Ambos Sexos";"Evaluacion"
"2018-2019";"..";"Lenguas";"Ambos Sexos";"Evaluacion"
"2017-2018";"..";"Lenguas";"Ambos Sexos";"Evaluacion"
"2016-2017";"..";"Lenguas";"Ambos Sexos";"Evaluacion"
"2015-2016";"..";"Lenguas";"Ambos Sexos";"Evaluacion"
"2022-2023";"..";"Humanidades";"Ambos Sexos";"Evaluacion"
"2021-2022";"..";"Humanidades";"Ambos Sexos";"Evaluacion"
"2020-2021";"..";"Humanidades";"Ambos Sexos";"Evaluacion"
"2019-2020";"..";"Humanidades";"Ambos Sexos";"Evaluacion"
"2018-2019";"..";"Humanidades";"Ambos Sexos";"Evaluacion"
"2017-2018";"..";"Humanidades";"Ambos Sexos";"Evaluacion"
"2016-2017";"..";"Humanidades";"Ambos Sexos";"Evaluacion"
"2015-2016";"..";"Humanidades";"Ambos Sexos";"Evaluacion"
"2022-2023";"93.52";"Total Ciencias sociales, periodismo y documentación";"Ambos Sexos";"Evaluacion"
"2021-2022";"91.92";"Total Ciencias sociales, periodismo y documentación";"Ambos Sexos";"Evaluacion"
"2020-2021";"93.14";"Total Ciencias sociales, periodismo y documentación";"Ambos Sexos";"Evaluacion"
"2019-2020";"94.15";"Total Ciencias sociales, periodismo y documentación";"Ambos Sexos";"Evaluacion"
"2018-2019";"92.45";"Total Ciencias sociales, periodismo y documentación";"Ambos Sexos";"Evaluacion"
"2017-2018";"94.12";"Total Ciencias sociales, periodismo y documentación";"Ambos Sexos";"Evaluacion"
"2016-2017";"94.23";"Total Ciencias sociales, periodismo y documentación";"Ambos Sexos";"Evaluacion"
"2015-2016";"79.6";"Total Ciencias sociales, periodismo y documentación";"Ambos Sexos";"Evaluacion"
"2022-2023";"93.79";"Psicología";"Ambos Sexos";"Evaluacion"
"2021-2022";"92.22";"Psicología";"Ambos Sexos";"Evaluacion"
"2020-2021";"94.28";"Psicología";"Ambos Sexos";"Evaluacion"
"2019-2020";"96.57";"Psicología";"Ambos Sexos";"Evaluacion"
"2018-2019";"93.94";"Psicología";"Ambos Sexos";"Evaluacion"
"2017-2018";"95.25";"Psicología";"Ambos Sexos";"Evaluacion"
"2016-2017";"..";"Psicología";"Ambos Sexos";"Evaluacion"
"2015-2016";"..";"Psicología";"Ambos Sexos";"Evaluacion"
"2022-2023";"..";"Economía";"Ambos Sexos";"Evaluacion"
"2021-2022";"..";"Economía";"Ambos Sexos";"Evaluacion"
"2020-2021";"..";"Economía";"Ambos Sexos";"Evaluacion"
"2019-2020";"..";"Economía";"Ambos Sexos";"Evaluacion"
"2018-2019";"..";"Economía";"Ambos Sexos";"Evaluacion"
"2017-2018";"..";"Economía";"Ambos Sexos";"Evaluacion"
"2016-2017";"..";"Economía";"Ambos Sexos";"Evaluacion"
"2015-2016";"..";"Economía";"Ambos Sexos";"Evaluacion"
"2022-2023";"95.79";"Otras Ciencias sociales y del comportamiento";"Ambos Sexos";"Evaluacion"
"2021-2022";"95.73";"Otras Ciencias sociales y del comportamiento";"Ambos Sexos";"Evaluacion"
"2020-2021";"94.79";"Otras Ciencias sociales y del comportamiento";"Ambos Sexos";"Evaluacion"
"2019-2020";"93.69";"Otras Ciencias sociales y del comportamiento";"Ambos Sexos";"Evaluacion"
"2018-2019";"94.58";"Otras Ciencias sociales y del comportamiento";"Ambos Sexos";"Evaluacion"
"2017-2018";"95.7";"Otras Ciencias sociales y del comportamiento";"Ambos Sexos";"Evaluacion"
"2016-2017";"..";"Otras Ciencias sociales y del comportamiento";"Ambos Sexos";"Evaluacion"
"2015-2016";"..";"Otras Ciencias sociales y del comportamiento";"Ambos Sexos";"Evaluacion"
"2022-2023";"82.86";"Periodismo e información";"Ambos Sexos";"Evaluacion"
"2021-2022";"78.54";"Periodismo e información";"Ambos Sexos";"Evaluacion"
"2020-2021";"86.76";"Periodismo e información";"Ambos Sexos";"Evaluacion"
"2019-2020";"91.1";"Periodismo e información";"Ambos Sexos";"Evaluacion"
"2018-2019";"87.49";"Periodismo e información";"Ambos Sexos";"Evaluacion"
"2017-2018";"91.17";"Periodismo e información";"Ambos Sexos";"Evaluacion"
"2016-2017";"92.9";"Periodismo e información";"Ambos Sexos";"Evaluacion"
"2015-2016";"79.6";"Periodismo e información";"Ambos Sexos";"Evaluacion"
"2022-2023";"84.95";"Total Negocios, administración y derecho";"Ambos Sexos";"Evaluacion"
"2021-2022";"82.08";"Total Negocios, administración y derecho";"Ambos Sexos";"Evaluacion"
"2020-2021";"88.16";"Total Negocios, administración y derecho";"Ambos Sexos";"Evaluacion"
"2019-2020";"90.74";"Total Negocios, administración y derecho";"Ambos Sexos";"Evaluacion"
"2018-2019";"86.37";"Total Negocios, administración y derecho";"Ambos Sexos";"Evaluacion"
"2017-2018";"91.7";"Total Negocios, administración y derecho";"Ambos Sexos";"Evaluacion"
"2016-2017";"88.48";"Total Negocios, administración y derecho";"Ambos Sexos";"Evaluacion"
"2015-2016";"89.43";"Total Negocios, administración y derecho";"Ambos Sexos";"Evaluacion"
"2022-2023";"85.06";"Administración y gestión de empresas";"Ambos Sexos";"Evaluacion"
"2021-2022";"80.29";"Administración y gestión de empresas";"Ambos Sexos";"Evaluacion"
"2020-2021";"86.86";"Administración y gestión de empresas";"Ambos Sexos";"Evaluacion"
"2019-2020";"90.46";"Administración y gestión de empresas";"Ambos Sexos";"Evaluacion"
"2018-2019";"82.69";"Administración y gestión de empresas";"Ambos Sexos";"Evaluacion"
"2017-2018";"89.15";"Administración y gestión de empresas";"Ambos Sexos";"Evaluacion"
"2016-2017";"85.07";"Administración y gestión de empresas";"Ambos Sexos";"Evaluacion"
"2015-2016";"88.57";"Administración y gestión de empresas";"Ambos Sexos";"Evaluacion"
"2022-2023";"84.83";"Otra Educación comercial y empresarial";"Ambos Sexos";"Evaluacion"
"2021-2022";"84.03";"Otra Educación comercial y empresarial";"Ambos Sexos";"Evaluacion"
"2020-2021";"89.5";"Otra Educación comercial y empresarial";"Ambos Sexos";"Evaluacion"
"2019-2020";"91.0";"Otra Educación comercial y empresarial";"Ambos Sexos";"Evaluacion"
"2018-2019";"89.87";"Otra Educación comercial y empresarial";"Ambos Sexos";"Evaluacion"
"2017-2018";"93.87";"Otra Educación comercial y empresarial";"Ambos Sexos";"Evaluacion"
"2016-2017";"91.0";"Otra Educación comercial y empresarial";"Ambos Sexos";"Evaluacion"
"2015-2016";"90.13";"Otra Educación comercial y empresarial";"Ambos Sexos";"Evaluacion"
"2022-2023";"..";"Derecho";"Ambos Sexos";"Evaluacion"
"2021-2022";"..";"Derecho";"Ambos Sexos";"Evaluacion"
"2020-2021";"..";"Derecho";"Ambos Sexos";"Evaluacion"
"2019-2020";"..";"Derecho";"Ambos Sexos";"Evaluacion"
"2018-2019";"..";"Derecho";"Ambos Sexos";"Evaluacion"
"2017-2018";"..";"Derecho";"Ambos Sexos";"Evaluacion"
"2016-2017";"..";"Derecho";"Ambos Sexos";"Evaluacion"
"2015-2016";"..";"Derecho";"Ambos Sexos";"Evaluacion"
"2022-2023";"..";"Total Ciencias";"Ambos Sexos";"Evaluacion"
"2021-2022";"..";"Total Ciencias";"Ambos Sexos";"Evaluacion"
"2020-2021";"..";"Total Ciencias";"Ambos Sexos";"Evaluacion"
"2019-2020";"..";"Total Ciencias";"Ambos Sexos";"Evaluacion"
"2018-2019";"..";"Total Ciencias";"Ambos Sexos";"Evaluacion"
"2017-2018";"..";"Total Ciencias";"Ambos Sexos";"Evaluacion"
"2016-2017";"..";"Total Ciencias";"Ambos Sexos";"Evaluacion"
"2015-2016";"..";"Total Ciencias";"Ambos Sexos";"Evaluacion"
"2022-2023";"..";"Ciencias de la vida";"Ambos Sexos";"Evaluacion"
"2021-2022";"..";"Ciencias de la vida";"Ambos Sexos";"Evaluacion"
"2020-2021";"..";"Ciencias de la vida";"Ambos Sexos";"Evaluacion"
"2019-2020";"..";"Ciencias de la vida";"Ambos Sexos";"Evaluacion"
"2018-2019";"..";"Ciencias de la vida";"Ambos Sexos";"Evaluacion"
"2017-2018";"..";"Ciencias de la vida";"Ambos Sexos";"Evaluacion"
"2016-2017";"..";"Ciencias de la vida";"Ambos Sexos";"Evaluacion"
"2015-2016";"..";"Ciencias de la vida";"Ambos Sexos";"Evaluacion"
"2022-2023";"..";"Ciencias Físicas, químicas, geológicas";"Ambos Sexos";"Evaluacion"
"2021-2022";"..";"Ciencias Físicas, químicas, geológicas";"Ambos Sexos";"Evaluacion"
"2020-2021";"..";"Ciencias Físicas, químicas, geológicas";"Ambos Sexos";"Evaluacion"
"2019-2020";"..";"Ciencias Físicas, químicas, geológicas";"Ambos Sexos";"Evaluacion"
"2018-2019";"..";"Ciencias Físicas, químicas, geológicas";"Ambos Sexos";"Evaluacion"
"2017-2018";"..";"Ciencias Físicas, químicas, geológicas";"Ambos Sexos";"Evaluacion"
"2016-2017";"..";"Ciencias Físicas, químicas, geológicas";"Ambos Sexos";"Evaluacion"
"2015-2016";"..";"Ciencias Físicas, químicas, geológicas";"Ambos Sexos";"Evaluacion"
"2022-2023";"..";"Matemáticas y Estadística";"Ambos Sexos";"Evaluacion"
"2021-2022";"..";"Matemáticas y Estadística";"Ambos Sexos";"Evaluacion"
"2020-2021";"..";"Matemáticas y Estadística";"Ambos Sexos";"Evaluacion"
"2019-2020";"..";"Matemáticas y Estadística";"Ambos Sexos";"Evaluacion"
"2018-2019";"..";"Matemáticas y Estadística";"Ambos Sexos";"Evaluacion"
"2017-2018";"..";"Matemáticas y Estadística";"Ambos Sexos";"Evaluacion"
"2016-2017";"..";"Matemáticas y Estadística";"Ambos Sexos";"Evaluacion"
"2015-2016";"..";"Matemáticas y Estadística";"Ambos Sexos";"Evaluacion"
"2022-2023";"93.29";"Total Informática";"Ambos Sexos";"Evaluacion"
"2021-2022";"85.46";"Total Informática";"Ambos Sexos";"Evaluacion"
"2020-2021";"85.63";"Total Informática";"Ambos Sexos";"Evaluacion"
"2019-2020";"92.26";"Total Informática";"Ambos Sexos";"Evaluacion"
"2018-2019";"93.55";"Total Informática";"Ambos Sexos";"Evaluacion"
"2017-2018";"89.82";"Total Informática";"Ambos Sexos";"Evaluacion"
"2016-2017";"94.92";"Total Informática";"Ambos Sexos";"Evaluacion"
"2015-2016";"92.31";"Total Informática";"Ambos Sexos";"Evaluacion"
"2022-2023";"93.29";"Informática";"Ambos Sexos";"Evaluacion"
"2021-2022";"85.46";"Informática";"Ambos Sexos";"Evaluacion"
"2020-2021";"85.63";"Informática";"Ambos Sexos";"Evaluacion"
"2019-2020";"92.26";"Informática";"Ambos Sexos";"Evaluacion"
"2018-2019";"93.55";"Informática";"Ambos Sexos";"Evaluacion"
"2017-2018";"89.82";"Informática";"Ambos Sexos";"Evaluacion"
"2016-2017";"94.92";"Informática";"Ambos Sexos";"Evaluacion"
"2015-2016";"92.31";"Informática";"Ambos Sexos";"Evaluacion"
"2022-2023";"81.05";"Total Ingeniería, industria y construcción";"Ambos Sexos";"Evaluacion"
"2021-2022";"71.69";"Total Ingeniería, industria y construcción";"Ambos Sexos";"Evaluacion"
"2020-2021";"84.09";"Total Ingeniería, industria y construcción";"Ambos Sexos";"Evaluacion"
"2019-2020";"91.11";"Total Ingeniería, industria y construcción";"Ambos Sexos";"Evaluacion"
"2018-2019";"87.76";"Total Ingeniería, industria y construcción";"Ambos Sexos";"Evaluacion"
"2017-2018";"82.88";"Total Ingeniería, industria y construcción";"Ambos Sexos";"Evaluacion"
"2016-2017";"88.16";"Total Ingeniería, industria y construcción";"Ambos Sexos";"Evaluacion"
"2015-2016";"86.39";"Total Ingeniería, industria y construcción";"Ambos Sexos";"Evaluacion"
"2022-2023";"81.42";"Ingenierías";"Ambos Sexos";"Evaluacion"
"2021-2022";"72.12";"Ingenierías";"Ambos Sexos";"Evaluacion"
"2020-2021";"85.04";"Ingenierías";"Ambos Sexos";"Evaluacion"
"2019-2020";"93.01";"Ingenierías";"Ambos Sexos";"Evaluacion"
"2018-2019";"94.97";"Ingenierías";"Ambos Sexos";"Evaluacion"
"2017-2018";"84.62";"Ingenierías";"Ambos Sexos";"Evaluacion"
"2016-2017";"..";"Ingenierías";"Ambos Sexos";"Evaluacion"
"2015-2016";"..";"Ingenierías";"Ambos Sexos";"Evaluacion"
"2022-2023";"..";"Arquitectura y construcción";"Ambos Sexos";"Evaluacion"
"2021-2022";"..";"Arquitectura y construcción";"Ambos Sexos";"Evaluacion"
"2020-2021";"..";"Arquitectura y construcción";"Ambos Sexos";"Evaluacion"
"2019-2020";"..";"Arquitectura y construcción";"Ambos Sexos";"Evaluacion"
"2018-2019";"73.41";"Arquitectura y construcción";"Ambos Sexos";"Evaluacion"
"2017-2018";"76.4";"Arquitectura y construcción";"Ambos Sexos";"Evaluacion"
"2016-2017";"81.6";"Arquitectura y construcción";"Ambos Sexos";"Evaluacion"
"2015-2016";"84.0";"Arquitectura y construcción";"Ambos Sexos";"Evaluacion"
"2022-2023";"..";"Total Agricultura, ganadería,  silvicultura, pesca, y veterinaria";"Ambos Sexos";"Evaluacion"
"2021-2022";"..";"Total Agricultura, ganadería,  silvicultura, pesca, y veterinaria";"Ambos Sexos";"Evaluacion"
"2020-2021";"..";"Total Agricultura, ganadería,  silvicultura, pesca, y veterinaria";"Ambos Sexos";"Evaluacion"
"2019-2020";"..";"Total Agricultura, ganadería,  silvicultura, pesca, y veterinaria";"Ambos Sexos";"Evaluacion"
"2018-2019";"..";"Total Agricultura, ganadería,  silvicultura, pesca, y veterinaria";"Ambos Sexos";"Evaluacion"
"2017-2018";"..";"Total Agricultura, ganadería,  silvicultura, pesca, y veterinaria";"Ambos Sexos";"Evaluacion"
"2016-2017";"..";"Total Agricultura, ganadería,  silvicultura, pesca, y veterinaria";"Ambos Sexos";"Evaluacion"
"2015-2016";"..";"Total Agricultura, ganadería,  silvicultura, pesca, y veterinaria";"Ambos Sexos";"Evaluacion"
"2022-2023";"..";"Agricultura, ganadería y pesca";"Ambos Sexos";"Evaluacion"
"2021-2022";"..";"Agricultura, ganadería y pesca";"Ambos Sexos";"Evaluacion"
"2020-2021";"..";"Agricultura, ganadería y pesca";"Ambos Sexos";"Evaluacion"
"2019-2020";"..";"Agricultura, ganadería y pesca";"Ambos Sexos";"Evaluacion"
"2018-2019";"..";"Agricultura, ganadería y pesca";"Ambos Sexos";"Evaluacion"
"2017-2018";"..";"Agricultura, ganadería y pesca";"Ambos Sexos";"Evaluacion"
"2016-2017";"..";"Agricultura, ganadería y pesca";"Ambos Sexos";"Evaluacion"
"2015-2016";"..";"Agricultura, ganadería y pesca";"Ambos Sexos";"Evaluacion"
"2022-2023";"..";"Veterinaria";"Ambos Sexos";"Evaluacion"
"2021-2022";"..";"Veterinaria";"Ambos Sexos";"Evaluacion"
"2020-2021";"..";"Veterinaria";"Ambos Sexos";"Evaluacion"
"2019-2020";"..";"Veterinaria";"Ambos Sexos";"Evaluacion"
"2018-2019";"..";"Veterinaria";"Ambos Sexos";"Evaluacion"
"2017-2018";"..";"Veterinaria";"Ambos Sexos";"Evaluacion"
"2016-2017";"..";"Veterinaria";"Ambos Sexos";"Evaluacion"
"2015-2016";"..";"Veterinaria";"Ambos Sexos";"Evaluacion"
"2022-2023";"92.4";"Total Salud y servicios sociales";"Ambos Sexos";"Evaluacion"
"2021-2022";"91.95";"Total Salud y servicios sociales";"Ambos Sexos";"Evaluacion"
"2020-2021";"94.08";"Total Salud y servicios sociales";"Ambos Sexos";"Evaluacion"
"2019-2020";"92.96";"Total Salud y servicios sociales";"Ambos Sexos";"Evaluacion"
"2018-2019";"93.67";"Total Salud y servicios sociales";"Ambos Sexos";"Evaluacion"
"2017-2018";"93.57";"Total Salud y servicios sociales";"Ambos Sexos";"Evaluacion"
"2016-2017";"95.13";"Total Salud y servicios sociales";"Ambos Sexos";"Evaluacion"
"2015-2016";"96.59";"Total Salud y servicios sociales";"Ambos Sexos";"Evaluacion"
"2022-2023";"..";"Medicina";"Ambos Sexos";"Evaluacion"
"2021-2022";"..";"Medicina";"Ambos Sexos";"Evaluacion"
"2020-2021";"..";"Medicina";"Ambos Sexos";"Evaluacion"
"2019-2020";"..";"Medicina";"Ambos Sexos";"Evaluacion"
"2018-2019";"..";"Medicina";"Ambos Sexos";"Evaluacion"
"2017-2018";"..";"Medicina";"Ambos Sexos";"Evaluacion"
"2016-2017";"..";"Medicina";"Ambos Sexos";"Evaluacion"
"2015-2016";"..";"Medicina";"Ambos Sexos";"Evaluacion"
"2022-2023";"..";"Enfermería y atención a enfermos";"Ambos Sexos";"Evaluacion"
"2021-2022";"..";"Enfermería y atención a enfermos";"Ambos Sexos";"Evaluacion"
"2020-2021";"..";"Enfermería y atención a enfermos";"Ambos Sexos";"Evaluacion"
"2019-2020";"..";"Enfermería y atención a enfermos";"Ambos Sexos";"Evaluacion"
"2018-2019";"..";"Enfermería y atención a enfermos";"Ambos Sexos";"Evaluacion"
"2017-2018";"..";"Enfermería y atención a enfermos";"Ambos Sexos";"Evaluacion"
"2016-2017";"..";"Enfermería y atención a enfermos";"Ambos Sexos";"Evaluacion"
"2015-2016";"..";"Enfermería y atención a enfermos";"Ambos Sexos";"Evaluacion"
"2022-2023";"92.4";"Otras ciencias de la Salud";"Ambos Sexos";"Evaluacion"
"2021-2022";"91.95";"Otras ciencias de la Salud";"Ambos Sexos";"Evaluacion"
"2020-2021";"94.08";"Otras ciencias de la Salud";"Ambos Sexos";"Evaluacion"
"2019-2020";"92.96";"Otras ciencias de la Salud";"Ambos Sexos";"Evaluacion"
"2018-2019";"93.67";"Otras ciencias de la Salud";"Ambos Sexos";"Evaluacion"
"2017-2018";"93.57";"Otras ciencias de la Salud";"Ambos Sexos";"Evaluacion"
"2016-2017";"95.13";"Otras ciencias de la Salud";"Ambos Sexos";"Evaluacion"
"2015-2016";"96.59";"Otras ciencias de la Salud";"Ambos Sexos";"Evaluacion"
"2022-2023";"..";"Trabajo social y orientación";"Ambos Sexos";"Evaluacion"
"2021-2022";"..";"Trabajo social y orientación";"Ambos Sexos";"Evaluacion"
"2020-2021";"..";"Trabajo social y orientación";"Ambos Sexos";"Evaluacion"
"2019-2020";"..";"Trabajo social y orientación";"Ambos Sexos";"Evaluacion"
"2018-2019";"..";"Trabajo social y orientación";"Ambos Sexos";"Evaluacion"
"2017-2018";"..";"Trabajo social y orientación";"Ambos Sexos";"Evaluacion"
"2016-2017";"..";"Trabajo social y orientación";"Ambos Sexos";"Evaluacion"
"2015-2016";"..";"Trabajo social y orientación";"Ambos Sexos";"Evaluacion"
"2022-2023";"93.51";"Total Servicios";"Ambos Sexos";"Evaluacion"
"2021-2022";"93.48";"Total Servicios";"Ambos Sexos";"Evaluacion"
"2020-2021";"92.66";"Total Servicios";"Ambos Sexos";"Evaluacion"
"2019-2020";"90.87";"Total Servicios";"Ambos Sexos";"Evaluacion"
"2018-2019";"92.37";"Total Servicios";"Ambos Sexos";"Evaluacion"
"2017-2018";"92.82";"Total Servicios";"Ambos Sexos";"Evaluacion"
"2016-2017";"94.5";"Total Servicios";"Ambos Sexos";"Evaluacion"
"2015-2016";"94.59";"Total Servicios";"Ambos Sexos";"Evaluacion"
"2022-2023";"93.51";"Deportes";"Ambos Sexos";"Evaluacion"
"2021-2022";"93.51";"Deportes";"Ambos Sexos";"Evaluacion"
"2020-2021";"92.69";"Deportes";"Ambos Sexos";"Evaluacion"
"2019-2020";"90.9";"Deportes";"Ambos Sexos";"Evaluacion"
"2018-2019";"92.36";"Deportes";"Ambos Sexos";"Evaluacion"
"2017-2018";"92.96";"Deportes";"Ambos Sexos";"Evaluacion"
"2016-2017";"94.44";"Deportes";"Ambos Sexos";"Evaluacion"
"2015-2016";"94.73";"Deportes";"Ambos Sexos";"Evaluacion"
"2022-2023";"..";"Turismo y Hostelería";"Ambos Sexos";"Evaluacion"
"2021-2022";"..";"Turismo y Hostelería";"Ambos Sexos";"Evaluacion"
"2020-2021";"..";"Turismo y Hostelería";"Ambos Sexos";"Evaluacion"
"2019-2020";"..";"Turismo y Hostelería";"Ambos Sexos";"Evaluacion"
"2018-2019";"..";"Turismo y Hostelería";"Ambos Sexos";"Evaluacion"
"2017-2018";"..";"Turismo y Hostelería";"Ambos Sexos";"Evaluacion"
"2016-2017";"..";"Turismo y Hostelería";"Ambos Sexos";"Evaluacion"
"2015-2016";"..";"Turismo y Hostelería";"Ambos Sexos";"Evaluacion"
"2022-2023";"..";"Otros Servicios";"Ambos Sexos";"Evaluacion"
"2021-2022";"..";"Otros Servicios";"Ambos Sexos";"Evaluacion"
"2020-2021";"..";"Otros Servicios";"Ambos Sexos";"Evaluacion"
"2019-2020";"..";"Otros Servicios";"Ambos Sexos";"Evaluacion"
"2018-2019";"..";"Otros Servicios";"Ambos Sexos";"Evaluacion"
"2017-2018";"..";"Otros Servicios";"Ambos Sexos";"Evaluacion"
"2016-2017";"..";"Otros Servicios";"Ambos Sexos";"Evaluacion"
"2015-2016";"..";"Otros Servicios";"Ambos Sexos";"Evaluacion"
"2022-2023";"???";"Europea Miguel de Cervantes";"Hombres";"Rendimiento"
"2021-2022";"???";"Europea Miguel de Cervantes";"Hombres";"Rendimiento"
"2020-2021";"???";"Europea Miguel de Cervantes";"Hombres";"Rendimiento"
"2019-2020";"???";"Europea Miguel de Cervantes";"Hombres";"Rendimiento"
"2018-2019";"???";"Europea Miguel de Cervantes";"Hombres";"Rendimiento"
"2017-2018";"???";"Europea Miguel de Cervantes";"Hombres";"Rendimiento"
"2016-2017";"???";"Europea Miguel de Cervantes";"Hombres";"Rendimiento"
"2015-2016";"???";"Europea Miguel de Cervantes";"Hombres";"Rendimiento"
"2022-2023";"81.64";"Todos los ámbitos";"Hombres";"Rendimiento"
"2021-2022";"79.83";"Todos los ámbitos";"Hombres";"Rendimiento"
"2020-2021";"82.84";"Todos los ámbitos";"Hombres";"Rendimiento"
"2019-2020";"82.85";"Todos los ámbitos";"Hombres";"Rendimiento"
"2018-2019";"79.25";"Todos los ámbitos";"Hombres";"Rendimiento"
"2017-2018";"77.91";"Todos los ámbitos";"Hombres";"Rendimiento"
"2016-2017";"80.9";"Todos los ámbitos";"Hombres";"Rendimiento"
"2015-2016";"81.71";"Todos los ámbitos";"Hombres";"Rendimiento"
"2022-2023";"..";"Total Educación";"Hombres";"Rendimiento"
"2021-2022";"..";"Total Educación";"Hombres";"Rendimiento"
"2020-2021";"..";"Total Educación";"Hombres";"Rendimiento"
"2019-2020";"..";"Total Educación";"Hombres";"Rendimiento"
"2018-2019";"..";"Total Educación";"Hombres";"Rendimiento"
"2017-2018";"..";"Total Educación";"Hombres";"Rendimiento"
"2016-2017";"..";"Total Educación";"Hombres";"Rendimiento"
"2015-2016";"..";"Total Educación";"Hombres";"Rendimiento"
"2022-2023";"..";"Formación de docentes de enseñanza infantil";"Hombres";"Rendimiento"
"2021-2022";"..";"Formación de docentes de enseñanza infantil";"Hombres";"Rendimiento"
"2020-2021";"..";"Formación de docentes de enseñanza infantil";"Hombres";"Rendimiento"
"2019-2020";"..";"Formación de docentes de enseñanza infantil";"Hombres";"Rendimiento"
"2018-2019";"..";"Formación de docentes de enseñanza infantil";"Hombres";"Rendimiento"
"2017-2018";"..";"Formación de docentes de enseñanza infantil";"Hombres";"Rendimiento"
"2016-2017";"..";"Formación de docentes de enseñanza infantil";"Hombres";"Rendimiento"
"2015-2016";"..";"Formación de docentes de enseñanza infantil";"Hombres";"Rendimiento"
"2022-2023";"..";"Formación de docentes de enseñanza primaria";"Hombres";"Rendimiento"
"2021-2022";"..";"Formación de docentes de enseñanza primaria";"Hombres";"Rendimiento"
"2020-2021";"..";"Formación de docentes de enseñanza primaria";"Hombres";"Rendimiento"
"2019-2020";"..";"Formación de docentes de enseñanza primaria";"Hombres";"Rendimiento"
"2018-2019";"..";"Formación de docentes de enseñanza primaria";"Hombres";"Rendimiento"
"2017-2018";"..";"Formación de docentes de enseñanza primaria";"Hombres";"Rendimiento"
"2016-2017";"..";"Formación de docentes de enseñanza primaria";"Hombres";"Rendimiento"
"2015-2016";"..";"Formación de docentes de enseñanza primaria";"Hombres";"Rendimiento"
"2022-2023";"..";"Otra Formación de personal docente y ciencias de la educación";"Hombres";"Rendimiento"
"2021-2022";"..";"Otra Formación de personal docente y ciencias de la educación";"Hombres";"Rendimiento"
"2020-2021";"..";"Otra Formación de personal docente y ciencias de la educación";"Hombres";"Rendimiento"
"2019-2020";"..";"Otra Formación de personal docente y ciencias de la educación";"Hombres";"Rendimiento"
"2018-2019";"..";"Otra Formación de personal docente y ciencias de la educación";"Hombres";"Rendimiento"
"2017-2018";"..";"Otra Formación de personal docente y ciencias de la educación";"Hombres";"Rendimiento"
"2016-2017";"..";"Otra Formación de personal docente y ciencias de la educación";"Hombres";"Rendimiento"
"2015-2016";"..";"Otra Formación de personal docente y ciencias de la educación";"Hombres";"Rendimiento"
"2022-2023";"83.03";"Total Artes y humanidades";"Hombres";"Rendimiento"
"2021-2022";"89.89";"Total Artes y humanidades";"Hombres";"Rendimiento"
"2020-2021";"89.04";"Total Artes y humanidades";"Hombres";"Rendimiento"
"2019-2020";"83.72";"Total Artes y humanidades";"Hombres";"Rendimiento"
"2018-2019";"87.13";"Total Artes y humanidades";"Hombres";"Rendimiento"
"2017-2018";"82.95";"Total Artes y humanidades";"Hombres";"Rendimiento"
"2016-2017";"..";"Total Artes y humanidades";"Hombres";"Rendimiento"
"2015-2016";"..";"Total Artes y humanidades";"Hombres";"Rendimiento"
"2022-2023";"83.03";"Técnicas audiovisuales y medios de comunicación";"Hombres";"Rendimiento"
"2021-2022";"89.89";"Técnicas audiovisuales y medios de comunicación";"Hombres";"Rendimiento"
"2020-2021";"89.04";"Técnicas audiovisuales y medios de comunicación";"Hombres";"Rendimiento"
"2019-2020";"83.72";"Técnicas audiovisuales y medios de comunicación";"Hombres";"Rendimiento"
"2018-2019";"87.13";"Técnicas audiovisuales y medios de comunicación";"Hombres";"Rendimiento"
"2017-2018";"82.95";"Técnicas audiovisuales y medios de comunicación";"Hombres";"Rendimiento"
"2016-2017";"..";"Técnicas audiovisuales y medios de comunicación";"Hombres";"Rendimiento"
"2015-2016";"..";"Técnicas audiovisuales y medios de comunicación";"Hombres";"Rendimiento"
"2022-2023";"..";"Artes";"Hombres";"Rendimiento"
"2021-2022";"..";"Artes";"Hombres";"Rendimiento"
"2020-2021";"..";"Artes";"Hombres";"Rendimiento"
"2019-2020";"..";"Artes";"Hombres";"Rendimiento"
"2018-2019";"..";"Artes";"Hombres";"Rendimiento"
"2017-2018";"..";"Artes";"Hombres";"Rendimiento"
"2016-2017";"..";"Artes";"Hombres";"Rendimiento"
"2015-2016";"..";"Artes";"Hombres";"Rendimiento"
"2022-2023";"..";"Lenguas";"Hombres";"Rendimiento"
"2021-2022";"..";"Lenguas";"Hombres";"Rendimiento"
"2020-2021";"..";"Lenguas";"Hombres";"Rendimiento"
"2019-2020";"..";"Lenguas";"Hombres";"Rendimiento"
"2018-2019";"..";"Lenguas";"Hombres";"Rendimiento"
"2017-2018";"..";"Lenguas";"Hombres";"Rendimiento"
"2016-2017";"..";"Lenguas";"Hombres";"Rendimiento"
"2015-2016";"..";"Lenguas";"Hombres";"Rendimiento"
"2022-2023";"..";"Humanidades";"Hombres";"Rendimiento"
"2021-2022";"..";"Humanidades";"Hombres";"Rendimiento"
"2020-2021";"..";"Humanidades";"Hombres";"Rendimiento"
"2019-2020";"..";"Humanidades";"Hombres";"Rendimiento"
"2018-2019";"..";"Humanidades";"Hombres";"Rendimiento"
"2017-2018";"..";"Humanidades";"Hombres";"Rendimiento"
"2016-2017";"..";"Humanidades";"Hombres";"Rendimiento"
"2015-2016";"..";"Humanidades";"Hombres";"Rendimiento"
"2022-2023";"89.51";"Total Ciencias sociales, periodismo y documentación";"Hombres";"Rendimiento"
"2021-2022";"89.2";"Total Ciencias sociales, periodismo y documentación";"Hombres";"Rendimiento"
"2020-2021";"89.89";"Total Ciencias sociales, periodismo y documentación";"Hombres";"Rendimiento"
"2019-2020";"88.87";"Total Ciencias sociales, periodismo y documentación";"Hombres";"Rendimiento"
"2018-2019";"84.14";"Total Ciencias sociales, periodismo y documentación";"Hombres";"Rendimiento"
"2017-2018";"85.9";"Total Ciencias sociales, periodismo y documentación";"Hombres";"Rendimiento"
"2016-2017";"85.96";"Total Ciencias sociales, periodismo y documentación";"Hombres";"Rendimiento"
"2015-2016";"69.68";"Total Ciencias sociales, periodismo y documentación";"Hombres";"Rendimiento"
"2022-2023";"89.06";"Psicología";"Hombres";"Rendimiento"
"2021-2022";"88.92";"Psicología";"Hombres";"Rendimiento"
"2020-2021";"89.37";"Psicología";"Hombres";"Rendimiento"
"2019-2020";"90.08";"Psicología";"Hombres";"Rendimiento"
"2018-2019";"83.91";"Psicología";"Hombres";"Rendimiento"
"2017-2018";"88.08";"Psicología";"Hombres";"Rendimiento"
"2016-2017";"..";"Psicología";"Hombres";"Rendimiento"
"2015-2016";"..";"Psicología";"Hombres";"Rendimiento"
"2022-2023";"..";"Economía";"Hombres";"Rendimiento"
"2021-2022";"..";"Economía";"Hombres";"Rendimiento"
"2020-2021";"..";"Economía";"Hombres";"Rendimiento"
"2019-2020";"..";"Economía";"Hombres";"Rendimiento"
"2018-2019";"..";"Economía";"Hombres";"Rendimiento"
"2017-2018";"..";"Economía";"Hombres";"Rendimiento"
"2016-2017";"..";"Economía";"Hombres";"Rendimiento"
"2015-2016";"..";"Economía";"Hombres";"Rendimiento"
"2022-2023";"92.62";"Otras Ciencias sociales y del comportamiento";"Hombres";"Rendimiento"
"2021-2022";"93.25";"Otras Ciencias sociales y del comportamiento";"Hombres";"Rendimiento"
"2020-2021";"92.2";"Otras Ciencias sociales y del comportamiento";"Hombres";"Rendimiento"
"2019-2020";"90.66";"Otras Ciencias sociales y del comportamiento";"Hombres";"Rendimiento"
"2018-2019";"86.99";"Otras Ciencias sociales y del comportamiento";"Hombres";"Rendimiento"
"2017-2018";"88.65";"Otras Ciencias sociales y del comportamiento";"Hombres";"Rendimiento"
"2016-2017";"..";"Otras Ciencias sociales y del comportamiento";"Hombres";"Rendimiento"
"2015-2016";"..";"Otras Ciencias sociales y del comportamiento";"Hombres";"Rendimiento"
"2022-2023";"72.61";"Periodismo e información";"Hombres";"Rendimiento"
"2021-2022";"71.67";"Periodismo e información";"Hombres";"Rendimiento"
"2020-2021";"83.7";"Periodismo e información";"Hombres";"Rendimiento"
"2019-2020";"84.58";"Periodismo e información";"Hombres";"Rendimiento"
"2018-2019";"79.22";"Periodismo e información";"Hombres";"Rendimiento"
"2017-2018";"81.22";"Periodismo e información";"Hombres";"Rendimiento"
"2016-2017";"82.06";"Periodismo e información";"Hombres";"Rendimiento"
"2015-2016";"69.68";"Periodismo e información";"Hombres";"Rendimiento"
"2022-2023";"73.09";"Total Negocios, administración y derecho";"Hombres";"Rendimiento"
"2021-2022";"73.35";"Total Negocios, administración y derecho";"Hombres";"Rendimiento"
"2020-2021";"78.98";"Total Negocios, administración y derecho";"Hombres";"Rendimiento"
"2019-2020";"81.57";"Total Negocios, administración y derecho";"Hombres";"Rendimiento"
"2018-2019";"74.55";"Total Negocios, administración y derecho";"Hombres";"Rendimiento"
"2017-2018";"77.38";"Total Negocios, administración y derecho";"Hombres";"Rendimiento"
"2016-2017";"76.04";"Total Negocios, administración y derecho";"Hombres";"Rendimiento"
"2015-2016";"80.86";"Total Negocios, administración y derecho";"Hombres";"Rendimiento"
"2022-2023";"74.45";"Administración y gestión de empresas";"Hombres";"Rendimiento"
"2021-2022";"75.84";"Administración y gestión de empresas";"Hombres";"Rendimiento"
"2020-2021";"77.51";"Administración y gestión de empresas";"Hombres";"Rendimiento"
"2019-2020";"81.74";"Administración y gestión de empresas";"Hombres";"Rendimiento"
"2018-2019";"71.56";"Administración y gestión de empresas";"Hombres";"Rendimiento"
"2017-2018";"76.49";"Administración y gestión de empresas";"Hombres";"Rendimiento"
"2016-2017";"76.65";"Administración y gestión de empresas";"Hombres";"Rendimiento"
"2015-2016";"80.2";"Administración y gestión de empresas";"Hombres";"Rendimiento"
"2022-2023";"68.4";"Otra Educación comercial y empresarial";"Hombres";"Rendimiento"
"2021-2022";"65.42";"Otra Educación comercial y empresarial";"Hombres";"Rendimiento"
"2020-2021";"83.09";"Otra Educación comercial y empresarial";"Hombres";"Rendimiento"
"2019-2020";"81.19";"Otra Educación comercial y empresarial";"Hombres";"Rendimiento"
"2018-2019";"81.59";"Otra Educación comercial y empresarial";"Hombres";"Rendimiento"
"2017-2018";"79.05";"Otra Educación comercial y empresarial";"Hombres";"Rendimiento"
"2016-2017";"75.24";"Otra Educación comercial y empresarial";"Hombres";"Rendimiento"
"2015-2016";"..";"Otra Educación comercial y empresarial";"Hombres";"Rendimiento"
"2022-2023";"..";"Derecho";"Hombres";"Rendimiento"
"2021-2022";"..";"Derecho";"Hombres";"Rendimiento"
"2020-2021";"..";"Derecho";"Hombres";"Rendimiento"
"2019-2020";"..";"Derecho";"Hombres";"Rendimiento"
"2018-2019";"..";"Derecho";"Hombres";"Rendimiento"
"2017-2018";"..";"Derecho";"Hombres";"Rendimiento"
"2016-2017";"..";"Derecho";"Hombres";"Rendimiento"
"2015-2016";"..";"Derecho";"Hombres";"Rendimiento"
"2022-2023";"..";"Total Ciencias";"Hombres";"Rendimiento"
"2021-2022";"..";"Total Ciencias";"Hombres";"Rendimiento"
"2020-2021";"..";"Total Ciencias";"Hombres";"Rendimiento"
"2019-2020";"..";"Total Ciencias";"Hombres";"Rendimiento"
"2018-2019";"..";"Total Ciencias";"Hombres";"Rendimiento"
"2017-2018";"..";"Total Ciencias";"Hombres";"Rendimiento"
"2016-2017";"..";"Total Ciencias";"Hombres";"Rendimiento"
"2015-2016";"..";"Total Ciencias";"Hombres";"Rendimiento"
"2022-2023";"..";"Ciencias de la vida";"Hombres";"Rendimiento"
"2021-2022";"..";"Ciencias de la vida";"Hombres";"Rendimiento"
"2020-2021";"..";"Ciencias de la vida";"Hombres";"Rendimiento"
"2019-2020";"..";"Ciencias de la vida";"Hombres";"Rendimiento"
"2018-2019";"..";"Ciencias de la vida";"Hombres";"Rendimiento"
"2017-2018";"..";"Ciencias de la vida";"Hombres";"Rendimiento"
"2016-2017";"..";"Ciencias de la vida";"Hombres";"Rendimiento"
"2015-2016";"..";"Ciencias de la vida";"Hombres";"Rendimiento"
"2022-2023";"..";"Ciencias Físicas, químicas, geológicas";"Hombres";"Rendimiento"
"2021-2022";"..";"Ciencias Físicas, químicas, geológicas";"Hombres";"Rendimiento"
"2020-2021";"..";"Ciencias Físicas, químicas, geológicas";"Hombres";"Rendimiento"
"2019-2020";"..";"Ciencias Físicas, químicas, geológicas";"Hombres";"Rendimiento"
"2018-2019";"..";"Ciencias Físicas, químicas, geológicas";"Hombres";"Rendimiento"
"2017-2018";"..";"Ciencias Físicas, químicas, geológicas";"Hombres";"Rendimiento"
"2016-2017";"..";"Ciencias Físicas, químicas, geológicas";"Hombres";"Rendimiento"
"2015-2016";"..";"Ciencias Físicas, químicas, geológicas";"Hombres";"Rendimiento"
"2022-2023";"..";"Matemáticas y Estadística";"Hombres";"Rendimiento"
"2021-2022";"..";"Matemáticas y Estadística";"Hombres";"Rendimiento"
"2020-2021";"..";"Matemáticas y Estadística";"Hombres";"Rendimiento"
"2019-2020";"..";"Matemáticas y Estadística";"Hombres";"Rendimiento"
"2018-2019";"..";"Matemáticas y Estadística";"Hombres";"Rendimiento"
"2017-2018";"..";"Matemáticas y Estadística";"Hombres";"Rendimiento"
"2016-2017";"..";"Matemáticas y Estadística";"Hombres";"Rendimiento"
"2015-2016";"..";"Matemáticas y Estadística";"Hombres";"Rendimiento"
"2022-2023";"77.51";"Total Informática";"Hombres";"Rendimiento"
"2021-2022";"66.23";"Total Informática";"Hombres";"Rendimiento"
"2020-2021";"73.49";"Total Informática";"Hombres";"Rendimiento"
"2019-2020";"81.92";"Total Informática";"Hombres";"Rendimiento"
"2018-2019";"80.79";"Total Informática";"Hombres";"Rendimiento"
"2017-2018";"78.42";"Total Informática";"Hombres";"Rendimiento"
"2016-2017";"87.56";"Total Informática";"Hombres";"Rendimiento"
"2015-2016";"86.17";"Total Informática";"Hombres";"Rendimiento"
"2022-2023";"77.51";"Informática";"Hombres";"Rendimiento"
"2021-2022";"66.23";"Informática";"Hombres";"Rendimiento"
"2020-2021";"73.49";"Informática";"Hombres";"Rendimiento"
"2019-2020";"81.92";"Informática";"Hombres";"Rendimiento"
"2018-2019";"80.79";"Informática";"Hombres";"Rendimiento"
"2017-2018";"78.42";"Informática";"Hombres";"Rendimiento"
"2016-2017";"87.56";"Informática";"Hombres";"Rendimiento"
"2015-2016";"86.17";"Informática";"Hombres";"Rendimiento"
"2022-2023";"74.99";"Total Ingeniería, industria y construcción";"Hombres";"Rendimiento"
"2021-2022";"66.36";"Total Ingeniería, industria y construcción";"Hombres";"Rendimiento"
"2020-2021";"81.67";"Total Ingeniería, industria y construcción";"Hombres";"Rendimiento"
"2019-2020";"85.9";"Total Ingeniería, industria y construcción";"Hombres";"Rendimiento"
"2018-2019";"78.38";"Total Ingeniería, industria y construcción";"Hombres";"Rendimiento"
"2017-2018";"69.25";"Total Ingeniería, industria y construcción";"Hombres";"Rendimiento"
"2016-2017";"73.37";"Total Ingeniería, industria y construcción";"Hombres";"Rendimiento"
"2015-2016";"75.14";"Total Ingeniería, industria y construcción";"Hombres";"Rendimiento"
"2022-2023";"75.55";"Ingenierías";"Hombres";"Rendimiento"
"2021-2022";"66.83";"Ingenierías";"Hombres";"Rendimiento"
"2020-2021";"83.05";"Ingenierías";"Hombres";"Rendimiento"
"2019-2020";"88.77";"Ingenierías";"Hombres";"Rendimiento"
"2018-2019";"..";"Ingenierías";"Hombres";"Rendimiento"
"2017-2018";"70.37";"Ingenierías";"Hombres";"Rendimiento"
"2016-2017";"..";"Ingenierías";"Hombres";"Rendimiento"
"2015-2016";"..";"Ingenierías";"Hombres";"Rendimiento"
"2022-2023";"..";"Arquitectura y construcción";"Hombres";"Rendimiento"
"2021-2022";"..";"Arquitectura y construcción";"Hombres";"Rendimiento"
"2020-2021";"..";"Arquitectura y construcción";"Hombres";"Rendimiento"
"2019-2020";"..";"Arquitectura y construcción";"Hombres";"Rendimiento"
"2018-2019";"..";"Arquitectura y construcción";"Hombres";"Rendimiento"
"2017-2018";"..";"Arquitectura y construcción";"Hombres";"Rendimiento"
"2016-2017";"68.36";"Arquitectura y construcción";"Hombres";"Rendimiento"
"2015-2016";"71.33";"Arquitectura y construcción";"Hombres";"Rendimiento"
"2022-2023";"..";"Total Agricultura, ganadería,  silvicultura, pesca, y veterinaria";"Hombres";"Rendimiento"
"2021-2022";"..";"Total Agricultura, ganadería,  silvicultura, pesca, y veterinaria";"Hombres";"Rendimiento"
"2020-2021";"..";"Total Agricultura, ganadería,  silvicultura, pesca, y veterinaria";"Hombres";"Rendimiento"
"2019-2020";"..";"Total Agricultura, ganadería,  silvicultura, pesca, y veterinaria";"Hombres";"Rendimiento"
"2018-2019";"..";"Total Agricultura, ganadería,  silvicultura, pesca, y veterinaria";"Hombres";"Rendimiento"
"2017-2018";"..";"Total Agricultura, ganadería,  silvicultura, pesca, y veterinaria";"Hombres";"Rendimiento"
"2016-2017";"..";"Total Agricultura, ganadería,  silvicultura, pesca, y veterinaria";"Hombres";"Rendimiento"
"2015-2016";"..";"Total Agricultura, ganadería,  silvicultura, pesca, y veterinaria";"Hombres";"Rendimiento"
"2022-2023";"..";"Agricultura, ganadería y pesca";"Hombres";"Rendimiento"
"2021-2022";"..";"Agricultura, ganadería y pesca";"Hombres";"Rendimiento"
"2020-2021";"..";"Agricultura, ganadería y pesca";"Hombres";"Rendimiento"
"2019-2020";"..";"Agricultura, ganadería y pesca";"Hombres";"Rendimiento"
"2018-2019";"..";"Agricultura, ganadería y pesca";"Hombres";"Rendimiento"
"2017-2018";"..";"Agricultura, ganadería y pesca";"Hombres";"Rendimiento"
"2016-2017";"..";"Agricultura, ganadería y pesca";"Hombres";"Rendimiento"
"2015-2016";"..";"Agricultura, ganadería y pesca";"Hombres";"Rendimiento"
"2022-2023";"..";"Veterinaria";"Hombres";"Rendimiento"
"2021-2022";"..";"Veterinaria";"Hombres";"Rendimiento"
"2020-2021";"..";"Veterinaria";"Hombres";"Rendimiento"
"2019-2020";"..";"Veterinaria";"Hombres";"Rendimiento"
"2018-2019";"..";"Veterinaria";"Hombres";"Rendimiento"
"2017-2018";"..";"Veterinaria";"Hombres";"Rendimiento"
"2016-2017";"..";"Veterinaria";"Hombres";"Rendimiento"
"2015-2016";"..";"Veterinaria";"Hombres";"Rendimiento"
"2022-2023";"78.1";"Total Salud y servicios sociales";"Hombres";"Rendimiento"
"2021-2022";"76.58";"Total Salud y servicios sociales";"Hombres";"Rendimiento"
"2020-2021";"80.71";"Total Salud y servicios sociales";"Hombres";"Rendimiento"
"2019-2020";"79.98";"Total Salud y servicios sociales";"Hombres";"Rendimiento"
"2018-2019";"77.68";"Total Salud y servicios sociales";"Hombres";"Rendimiento"
"2017-2018";"76.64";"Total Salud y servicios sociales";"Hombres";"Rendimiento"
"2016-2017";"79.85";"Total Salud y servicios sociales";"Hombres";"Rendimiento"
"2015-2016";"81.84";"Total Salud y servicios sociales";"Hombres";"Rendimiento"
"2022-2023";"..";"Medicina";"Hombres";"Rendimiento"
"2021-2022";"..";"Medicina";"Hombres";"Rendimiento"
"2020-2021";"..";"Medicina";"Hombres";"Rendimiento"
"2019-2020";"..";"Medicina";"Hombres";"Rendimiento"
"2018-2019";"..";"Medicina";"Hombres";"Rendimiento"
"2017-2018";"..";"Medicina";"Hombres";"Rendimiento"
"2016-2017";"..";"Medicina";"Hombres";"Rendimiento"
"2015-2016";"..";"Medicina";"Hombres";"Rendimiento"
"2022-2023";"..";"Enfermería y atención a enfermos";"Hombres";"Rendimiento"
"2021-2022";"..";"Enfermería y atención a enfermos";"Hombres";"Rendimiento"
"2020-2021";"..";"Enfermería y atención a enfermos";"Hombres";"Rendimiento"
"2019-2020";"..";"Enfermería y atención a enfermos";"Hombres";"Rendimiento"
"2018-2019";"..";"Enfermería y atención a enfermos";"Hombres";"Rendimiento"
"2017-2018";"..";"Enfermería y atención a enfermos";"Hombres";"Rendimiento"
"2016-2017";"..";"Enfermería y atención a enfermos";"Hombres";"Rendimiento"
"2015-2016";"..";"Enfermería y atención a enfermos";"Hombres";"Rendimiento"
"2022-2023";"78.1";"Otras ciencias de la Salud";"Hombres";"Rendimiento"
"2021-2022";"76.58";"Otras ciencias de la Salud";"Hombres";"Rendimiento"
"2020-2021";"80.71";"Otras ciencias de la Salud";"Hombres";"Rendimiento"
"2019-2020";"79.98";"Otras ciencias de la Salud";"Hombres";"Rendimiento"
"2018-2019";"77.68";"Otras ciencias de la Salud";"Hombres";"Rendimiento"
"2017-2018";"76.64";"Otras ciencias de la Salud";"Hombres";"Rendimiento"
"2016-2017";"79.85";"Otras ciencias de la Salud";"Hombres";"Rendimiento"
"2015-2016";"81.84";"Otras ciencias de la Salud";"Hombres";"Rendimiento"
"2022-2023";"..";"Trabajo social y orientación";"Hombres";"Rendimiento"
"2021-2022";"..";"Trabajo social y orientación";"Hombres";"Rendimiento"
"2020-2021";"..";"Trabajo social y orientación";"Hombres";"Rendimiento"
"2019-2020";"..";"Trabajo social y orientación";"Hombres";"Rendimiento"
"2018-2019";"..";"Trabajo social y orientación";"Hombres";"Rendimiento"
"2017-2018";"..";"Trabajo social y orientación";"Hombres";"Rendimiento"
"2016-2017";"..";"Trabajo social y orientación";"Hombres";"Rendimiento"
"2015-2016";"..";"Trabajo social y orientación";"Hombres";"Rendimiento"
"2022-2023";"74.11";"Total Servicios";"Hombres";"Rendimiento"
"2021-2022";"77.6";"Total Servicios";"Hombres";"Rendimiento"
"2020-2021";"78.43";"Total Servicios";"Hombres";"Rendimiento"
"2019-2020";"78.55";"Total Servicios";"Hombres";"Rendimiento"
"2018-2019";"78.25";"Total Servicios";"Hombres";"Rendimiento"
"2017-2018";"76.75";"Total Servicios";"Hombres";"Rendimiento"
"2016-2017";"81.74";"Total Servicios";"Hombres";"Rendimiento"
"2015-2016";"82.79";"Total Servicios";"Hombres";"Rendimiento"
"2022-2023";"74.11";"Deportes";"Hombres";"Rendimiento"
"2021-2022";"77.6";"Deportes";"Hombres";"Rendimiento"
"2020-2021";"78.43";"Deportes";"Hombres";"Rendimiento"
"2019-2020";"78.54";"Deportes";"Hombres";"Rendimiento"
"2018-2019";"78.22";"Deportes";"Hombres";"Rendimiento"
"2017-2018";"76.77";"Deportes";"Hombres";"Rendimiento"
"2016-2017";"81.61";"Deportes";"Hombres";"Rendimiento"
"2015-2016";"82.72";"Deportes";"Hombres";"Rendimiento"
"2022-2023";"..";"Turismo y Hostelería";"Hombres";"Rendimiento"
"2021-2022";"..";"Turismo y Hostelería";"Hombres";"Rendimiento"
"2020-2021";"..";"Turismo y Hostelería";"Hombres";"Rendimiento"
"2019-2020";"..";"Turismo y Hostelería";"Hombres";"Rendimiento"
"2018-2019";"..";"Turismo y Hostelería";"Hombres";"Rendimiento"
"2017-2018";"..";"Turismo y Hostelería";"Hombres";"Rendimiento"
"2016-2017";"..";"Turismo y Hostelería";"Hombres";"Rendimiento"
"2015-2016";"..";"Turismo y Hostelería";"Hombres";"Rendimiento"
"2022-2023";"..";"Otros Servicios";"Hombres";"Rendimiento"
"2021-2022";"..";"Otros Servicios";"Hombres";"Rendimiento"
"2020-2021";"..";"Otros Servicios";"Hombres";"Rendimiento"
"2019-2020";"..";"Otros Servicios";"Hombres";"Rendimiento"
"2018-2019";"..";"Otros Servicios";"Hombres";"Rendimiento"
"2017-2018";"..";"Otros Servicios";"Hombres";"Rendimiento"
"2016-2017";"..";"Otros Servicios";"Hombres";"Rendimiento"
"2015-2016";"..";"Otros Servicios";"Hombres";"Rendimiento"
"2022-2023";"???";"Europea Miguel de Cervantes";"Hombres";"Exito"
"2021-2022";"???";"Europea Miguel de Cervantes";"Hombres";"Exito"
"2020-2021";"???";"Europea Miguel de Cervantes";"Hombres";"Exito"
"2019-2020";"???";"Europea Miguel de Cervantes";"Hombres";"Exito"
"2018-2019";"???";"Europea Miguel de Cervantes";"Hombres";"Exito"
"2017-2018";"???";"Europea Miguel de Cervantes";"Hombres";"Exito"
"2016-2017";"???";"Europea Miguel de Cervantes";"Hombres";"Exito"
"2015-2016";"???";"Europea Miguel de Cervantes";"Hombres";"Exito"
"2022-2023";"89.85";"Todos los ámbitos";"Hombres";"Exito"
"2021-2022";"89.85";"Todos los ámbitos";"Hombres";"Exito"
"2020-2021";"91.55";"Todos los ámbitos";"Hombres";"Exito"
"2019-2020";"91.37";"Todos los ámbitos";"Hombres";"Exito"
"2018-2019";"87.58";"Todos los ámbitos";"Hombres";"Exito"
"2017-2018";"85.49";"Todos los ámbitos";"Hombres";"Exito"
"2016-2017";"87.24";"Todos los ámbitos";"Hombres";"Exito"
"2015-2016";"87.87";"Todos los ámbitos";"Hombres";"Exito"
"2022-2023";"..";"Total Educación";"Hombres";"Exito"
"2021-2022";"..";"Total Educación";"Hombres";"Exito"
"2020-2021";"..";"Total Educación";"Hombres";"Exito"
"2019-2020";"..";"Total Educación";"Hombres";"Exito"
"2018-2019";"..";"Total Educación";"Hombres";"Exito"
"2017-2018";"..";"Total Educación";"Hombres";"Exito"
"2016-2017";"..";"Total Educación";"Hombres";"Exito"
"2015-2016";"..";"Total Educación";"Hombres";"Exito"
"2022-2023";"..";"Formación de docentes de enseñanza infantil";"Hombres";"Exito"
"2021-2022";"..";"Formación de docentes de enseñanza infantil";"Hombres";"Exito"
"2020-2021";"..";"Formación de docentes de enseñanza infantil";"Hombres";"Exito"
"2019-2020";"..";"Formación de docentes de enseñanza infantil";"Hombres";"Exito"
"2018-2019";"..";"Formación de docentes de enseñanza infantil";"Hombres";"Exito"
"2017-2018";"..";"Formación de docentes de enseñanza infantil";"Hombres";"Exito"
"2016-2017";"..";"Formación de docentes de enseñanza infantil";"Hombres";"Exito"
"2015-2016";"..";"Formación de docentes de enseñanza infantil";"Hombres";"Exito"
"2022-2023";"..";"Formación de docentes de enseñanza primaria";"Hombres";"Exito"
"2021-2022";"..";"Formación de docentes de enseñanza primaria";"Hombres";"Exito"
"2020-2021";"..";"Formación de docentes de enseñanza primaria";"Hombres";"Exito"
"2019-2020";"..";"Formación de docentes de enseñanza primaria";"Hombres";"Exito"
"2018-2019";"..";"Formación de docentes de enseñanza primaria";"Hombres";"Exito"
"2017-2018";"..";"Formación de docentes de enseñanza primaria";"Hombres";"Exito"
"2016-2017";"..";"Formación de docentes de enseñanza primaria";"Hombres";"Exito"
"2015-2016";"..";"Formación de docentes de enseñanza primaria";"Hombres";"Exito"
"2022-2023";"..";"Otra Formación de personal docente y ciencias de la educación";"Hombres";"Exito"
"2021-2022";"..";"Otra Formación de personal docente y ciencias de la educación";"Hombres";"Exito"
"2020-2021";"..";"Otra Formación de personal docente y ciencias de la educación";"Hombres";"Exito"
"2019-2020";"..";"Otra Formación de personal docente y ciencias de la educación";"Hombres";"Exito"
"2018-2019";"..";"Otra Formación de personal docente y ciencias de la educación";"Hombres";"Exito"
"2017-2018";"..";"Otra Formación de personal docente y ciencias de la educación";"Hombres";"Exito"
"2016-2017";"..";"Otra Formación de personal docente y ciencias de la educación";"Hombres";"Exito"
"2015-2016";"..";"Otra Formación de personal docente y ciencias de la educación";"Hombres";"Exito"
"2022-2023";"91.63";"Total Artes y humanidades";"Hombres";"Exito"
"2021-2022";"96.77";"Total Artes y humanidades";"Hombres";"Exito"
"2020-2021";"96.06";"Total Artes y humanidades";"Hombres";"Exito"
"2019-2020";"96.18";"Total Artes y humanidades";"Hombres";"Exito"
"2018-2019";"94.8";"Total Artes y humanidades";"Hombres";"Exito"
"2017-2018";"91.25";"Total Artes y humanidades";"Hombres";"Exito"
"2016-2017";"..";"Total Artes y humanidades";"Hombres";"Exito"
"2015-2016";"..";"Total Artes y humanidades";"Hombres";"Exito"
"2022-2023";"91.63";"Técnicas audiovisuales y medios de comunicación";"Hombres";"Exito"
"2021-2022";"96.77";"Técnicas audiovisuales y medios de comunicación";"Hombres";"Exito"
"2020-2021";"96.06";"Técnicas audiovisuales y medios de comunicación";"Hombres";"Exito"
"2019-2020";"96.18";"Técnicas audiovisuales y medios de comunicación";"Hombres";"Exito"
"2018-2019";"94.8";"Técnicas audiovisuales y medios de comunicación";"Hombres";"Exito"
"2017-2018";"91.25";"Técnicas audiovisuales y medios de comunicación";"Hombres";"Exito"
"2016-2017";"..";"Técnicas audiovisuales y medios de comunicación";"Hombres";"Exito"
"2015-2016";"..";"Técnicas audiovisuales y medios de comunicación";"Hombres";"Exito"
"2022-2023";"..";"Artes";"Hombres";"Exito"
"2021-2022";"..";"Artes";"Hombres";"Exito"
"2020-2021";"..";"Artes";"Hombres";"Exito"
"2019-2020";"..";"Artes";"Hombres";"Exito"
"2018-2019";"..";"Artes";"Hombres";"Exito"
"2017-2018";"..";"Artes";"Hombres";"Exito"
"2016-2017";"..";"Artes";"Hombres";"Exito"
"2015-2016";"..";"Artes";"Hombres";"Exito"
"2022-2023";"..";"Lenguas";"Hombres";"Exito"
"2021-2022";"..";"Lenguas";"Hombres";"Exito"
"2020-2021";"..";"Lenguas";"Hombres";"Exito"
"2019-2020";"..";"Lenguas";"Hombres";"Exito"
"2018-2019";"..";"Lenguas";"Hombres";"Exito"
"2017-2018";"..";"Lenguas";"Hombres";"Exito"
"2016-2017";"..";"Lenguas";"Hombres";"Exito"
"2015-2016";"..";"Lenguas";"Hombres";"Exito"
"2022-2023";"..";"Humanidades";"Hombres";"Exito"
"2021-2022";"..";"Humanidades";"Hombres";"Exito"
"2020-2021";"..";"Humanidades";"Hombres";"Exito"
"2019-2020";"..";"Humanidades";"Hombres";"Exito"
"2018-2019";"..";"Humanidades";"Hombres";"Exito"
"2017-2018";"..";"Humanidades";"Hombres";"Exito"
"2016-2017";"..";"Humanidades";"Hombres";"Exito"
"2015-2016";"..";"Humanidades";"Hombres";"Exito"
"2022-2023";"95.79";"Total Ciencias sociales, periodismo y documentación";"Hombres";"Exito"
"2021-2022";"95.69";"Total Ciencias sociales, periodismo y documentación";"Hombres";"Exito"
"2020-2021";"96.56";"Total Ciencias sociales, periodismo y documentación";"Hombres";"Exito"
"2019-2020";"94.77";"Total Ciencias sociales, periodismo y documentación";"Hombres";"Exito"
"2018-2019";"92.17";"Total Ciencias sociales, periodismo y documentación";"Hombres";"Exito"
"2017-2018";"91.28";"Total Ciencias sociales, periodismo y documentación";"Hombres";"Exito"
"2016-2017";"94.07";"Total Ciencias sociales, periodismo y documentación";"Hombres";"Exito"
"2015-2016";"85.4";"Total Ciencias sociales, periodismo y documentación";"Hombres";"Exito"
"2022-2023";"95.08";"Psicología";"Hombres";"Exito"
"2021-2022";"96.49";"Psicología";"Hombres";"Exito"
"2020-2021";"96.01";"Psicología";"Hombres";"Exito"
"2019-2020";"93.54";"Psicología";"Hombres";"Exito"
"2018-2019";"92.37";"Psicología";"Hombres";"Exito"
"2017-2018";"88.08";"Psicología";"Hombres";"Exito"
"2016-2017";"..";"Psicología";"Hombres";"Exito"
"2015-2016";"..";"Psicología";"Hombres";"Exito"
"2022-2023";"..";"Economía";"Hombres";"Exito"
"2021-2022";"..";"Economía";"Hombres";"Exito"
"2020-2021";"..";"Economía";"Hombres";"Exito"
"2019-2020";"..";"Economía";"Hombres";"Exito"
"2018-2019";"..";"Economía";"Hombres";"Exito"
"2017-2018";"..";"Economía";"Hombres";"Exito"
"2016-2017";"..";"Economía";"Hombres";"Exito"
"2015-2016";"..";"Economía";"Hombres";"Exito"
"2022-2023";"97.0";"Otras Ciencias sociales y del comportamiento";"Hombres";"Exito"
"2021-2022";"96.49";"Otras Ciencias sociales y del comportamiento";"Hombres";"Exito"
"2020-2021";"97.34";"Otras Ciencias sociales y del comportamiento";"Hombres";"Exito"
"2019-2020";"95.76";"Otras Ciencias sociales y del comportamiento";"Hombres";"Exito"
"2018-2019";"92.61";"Otras Ciencias sociales y del comportamiento";"Hombres";"Exito"
"2017-2018";"94.11";"Otras Ciencias sociales y del comportamiento";"Hombres";"Exito"
"2016-2017";"..";"Otras Ciencias sociales y del comportamiento";"Hombres";"Exito"
"2015-2016";"..";"Otras Ciencias sociales y del comportamiento";"Hombres";"Exito"
"2022-2023";"88.74";"Periodismo e información";"Hombres";"Exito"
"2021-2022";"90.53";"Periodismo e información";"Hombres";"Exito"
"2020-2021";"94.68";"Periodismo e información";"Hombres";"Exito"
"2019-2020";"93.6";"Periodismo e información";"Hombres";"Exito"
"2018-2019";"91.19";"Periodismo e información";"Hombres";"Exito"
"2017-2018";"88.38";"Periodismo e información";"Hombres";"Exito"
"2016-2017";"92.86";"Periodismo e información";"Hombres";"Exito"
"2015-2016";"85.4";"Periodismo e información";"Hombres";"Exito"
"2022-2023";"90.01";"Total Negocios, administración y derecho";"Hombres";"Exito"
"2021-2022";"90.1";"Total Negocios, administración y derecho";"Hombres";"Exito"
"2020-2021";"92.12";"Total Negocios, administración y derecho";"Hombres";"Exito"
"2019-2020";"92.37";"Total Negocios, administración y derecho";"Hombres";"Exito"
"2018-2019";"88.86";"Total Negocios, administración y derecho";"Hombres";"Exito"
"2017-2018";"86.16";"Total Negocios, administración y derecho";"Hombres";"Exito"
"2016-2017";"89.26";"Total Negocios, administración y derecho";"Hombres";"Exito"
"2015-2016";"92.98";"Total Negocios, administración y derecho";"Hombres";"Exito"
"2022-2023";"90.13";"Administración y gestión de empresas";"Hombres";"Exito"
"2021-2022";"91.19";"Administración y gestión de empresas";"Hombres";"Exito"
"2020-2021";"90.41";"Administración y gestión de empresas";"Hombres";"Exito"
"2019-2020";"91.91";"Administración y gestión de empresas";"Hombres";"Exito"
"2018-2019";"87.47";"Administración y gestión de empresas";"Hombres";"Exito"
"2017-2018";"85.39";"Administración y gestión de empresas";"Hombres";"Exito"
"2016-2017";"91.55";"Administración y gestión de empresas";"Hombres";"Exito"
"2015-2016";"92.94";"Administración y gestión de empresas";"Hombres";"Exito"
"2022-2023";"89.55";"Otra Educación comercial y empresarial";"Hombres";"Exito"
"2021-2022";"86.31";"Otra Educación comercial y empresarial";"Hombres";"Exito"
"2020-2021";"96.9";"Otra Educación comercial y empresarial";"Hombres";"Exito"
"2019-2020";"93.45";"Otra Educación comercial y empresarial";"Hombres";"Exito"
"2018-2019";"91.88";"Otra Educación comercial y empresarial";"Hombres";"Exito"
"2017-2018";"87.6";"Otra Educación comercial y empresarial";"Hombres";"Exito"
"2016-2017";"86.33";"Otra Educación comercial y empresarial";"Hombres";"Exito"
"2015-2016";"..";"Otra Educación comercial y empresarial";"Hombres";"Exito"
"2022-2023";"..";"Derecho";"Hombres";"Exito"
"2021-2022";"..";"Derecho";"Hombres";"Exito"
"2020-2021";"..";"Derecho";"Hombres";"Exito"
"2019-2020";"..";"Derecho";"Hombres";"Exito"
"2018-2019";"..";"Derecho";"Hombres";"Exito"
"2017-2018";"..";"Derecho";"Hombres";"Exito"
"2016-2017";"..";"Derecho";"Hombres";"Exito"
"2015-2016";"..";"Derecho";"Hombres";"Exito"
"2022-2023";"..";"Total Ciencias";"Hombres";"Exito"
"2021-2022";"..";"Total Ciencias";"Hombres";"Exito"
"2020-2021";"..";"Total Ciencias";"Hombres";"Exito"
"2019-2020";"..";"Total Ciencias";"Hombres";"Exito"
"2018-2019";"..";"Total Ciencias";"Hombres";"Exito"
"2017-2018";"..";"Total Ciencias";"Hombres";"Exito"
"2016-2017";"..";"Total Ciencias";"Hombres";"Exito"
"2015-2016";"..";"Total Ciencias";"Hombres";"Exito"
"2022-2023";"..";"Ciencias de la vida";"Hombres";"Exito"
"2021-2022";"..";"Ciencias de la vida";"Hombres";"Exito"
"2020-2021";"..";"Ciencias de la vida";"Hombres";"Exito"
"2019-2020";"..";"Ciencias de la vida";"Hombres";"Exito"
"2018-2019";"..";"Ciencias de la vida";"Hombres";"Exito"
"2017-2018";"..";"Ciencias de la vida";"Hombres";"Exito"
"2016-2017";"..";"Ciencias de la vida";"Hombres";"Exito"
"2015-2016";"..";"Ciencias de la vida";"Hombres";"Exito"
"2022-2023";"..";"Ciencias Físicas, químicas, geológicas";"Hombres";"Exito"
"2021-2022";"..";"Ciencias Físicas, químicas, geológicas";"Hombres";"Exito"
"2020-2021";"..";"Ciencias Físicas, químicas, geológicas";"Hombres";"Exito"
"2019-2020";"..";"Ciencias Físicas, químicas, geológicas";"Hombres";"Exito"
"2018-2019";"..";"Ciencias Físicas, químicas, geológicas";"Hombres";"Exito"
"2017-2018";"..";"Ciencias Físicas, químicas, geológicas";"Hombres";"Exito"
"2016-2017";"..";"Ciencias Físicas, químicas, geológicas";"Hombres";"Exito"
"2015-2016";"..";"Ciencias Físicas, químicas, geológicas";"Hombres";"Exito"
"2022-2023";"..";"Matemáticas y Estadística";"Hombres";"Exito"
"2021-2022";"..";"Matemáticas y Estadística";"Hombres";"Exito"
"2020-2021";"..";"Matemáticas y Estadística";"Hombres";"Exito"
"2019-2020";"..";"Matemáticas y Estadística";"Hombres";"Exito"
"2018-2019";"..";"Matemáticas y Estadística";"Hombres";"Exito"
"2017-2018";"..";"Matemáticas y Estadística";"Hombres";"Exito"
"2016-2017";"..";"Matemáticas y Estadística";"Hombres";"Exito"
"2015-2016";"..";"Matemáticas y Estadística";"Hombres";"Exito"
"2022-2023";"83.75";"Total Informática";"Hombres";"Exito"
"2021-2022";"78.69";"Total Informática";"Hombres";"Exito"
"2020-2021";"86.34";"Total Informática";"Hombres";"Exito"
"2019-2020";"88.89";"Total Informática";"Hombres";"Exito"
"2018-2019";"86.58";"Total Informática";"Hombres";"Exito"
"2017-2018";"87.43";"Total Informática";"Hombres";"Exito"
"2016-2017";"92.74";"Total Informática";"Hombres";"Exito"
"2015-2016";"94.19";"Total Informática";"Hombres";"Exito"
"2022-2023";"83.75";"Informática";"Hombres";"Exito"
"2021-2022";"78.69";"Informática";"Hombres";"Exito"
"2020-2021";"86.34";"Informática";"Hombres";"Exito"
"2019-2020";"88.89";"Informática";"Hombres";"Exito"
"2018-2019";"86.58";"Informática";"Hombres";"Exito"
"2017-2018";"87.43";"Informática";"Hombres";"Exito"
"2016-2017";"92.74";"Informática";"Hombres";"Exito"
"2015-2016";"94.19";"Informática";"Hombres";"Exito"
"2022-2023";"90.22";"Total Ingeniería, industria y construcción";"Hombres";"Exito"
"2021-2022";"91.65";"Total Ingeniería, industria y construcción";"Hombres";"Exito"
"2020-2021";"95.77";"Total Ingeniería, industria y construcción";"Hombres";"Exito"
"2019-2020";"95.52";"Total Ingeniería, industria y construcción";"Hombres";"Exito"
"2018-2019";"92.31";"Total Ingeniería, industria y construcción";"Hombres";"Exito"
"2017-2018";"84.95";"Total Ingeniería, industria y construcción";"Hombres";"Exito"
"2016-2017";"85.02";"Total Ingeniería, industria y construcción";"Hombres";"Exito"
"2015-2016";"85.81";"Total Ingeniería, industria y construcción";"Hombres";"Exito"
"2022-2023";"90.49";"Ingenierías";"Hombres";"Exito"
"2021-2022";"91.77";"Ingenierías";"Hombres";"Exito"
"2020-2021";"96.38";"Ingenierías";"Hombres";"Exito"
"2019-2020";"96.4";"Ingenierías";"Hombres";"Exito"
"2018-2019";"..";"Ingenierías";"Hombres";"Exito"
"2017-2018";"85.19";"Ingenierías";"Hombres";"Exito"
"2016-2017";"..";"Ingenierías";"Hombres";"Exito"
"2015-2016";"..";"Ingenierías";"Hombres";"Exito"
"2022-2023";"..";"Arquitectura y construcción";"Hombres";"Exito"
"2021-2022";"..";"Arquitectura y construcción";"Hombres";"Exito"
"2020-2021";"..";"Arquitectura y construcción";"Hombres";"Exito"
"2019-2020";"..";"Arquitectura y construcción";"Hombres";"Exito"
"2018-2019";"..";"Arquitectura y construcción";"Hombres";"Exito"
"2017-2018";"..";"Arquitectura y construcción";"Hombres";"Exito"
"2016-2017";"84.36";"Arquitectura y construcción";"Hombres";"Exito"
"2015-2016";"83.71";"Arquitectura y construcción";"Hombres";"Exito"
"2022-2023";"..";"Total Agricultura, ganadería,  silvicultura, pesca, y veterinaria";"Hombres";"Exito"
"2021-2022";"..";"Total Agricultura, ganadería,  silvicultura, pesca, y veterinaria";"Hombres";"Exito"
"2020-2021";"..";"Total Agricultura, ganadería,  silvicultura, pesca, y veterinaria";"Hombres";"Exito"
"2019-2020";"..";"Total Agricultura, ganadería,  silvicultura, pesca, y veterinaria";"Hombres";"Exito"
"2018-2019";"..";"Total Agricultura, ganadería,  silvicultura, pesca, y veterinaria";"Hombres";"Exito"
"2017-2018";"..";"Total Agricultura, ganadería,  silvicultura, pesca, y veterinaria";"Hombres";"Exito"
"2016-2017";"..";"Total Agricultura, ganadería,  silvicultura, pesca, y veterinaria";"Hombres";"Exito"
"2015-2016";"..";"Total Agricultura, ganadería,  silvicultura, pesca, y veterinaria";"Hombres";"Exito"
"2022-2023";"..";"Agricultura, ganadería y pesca";"Hombres";"Exito"
"2021-2022";"..";"Agricultura, ganadería y pesca";"Hombres";"Exito"
"2020-2021";"..";"Agricultura, ganadería y pesca";"Hombres";"Exito"
"2019-2020";"..";"Agricultura, ganadería y pesca";"Hombres";"Exito"
"2018-2019";"..";"Agricultura, ganadería y pesca";"Hombres";"Exito"
"2017-2018";"..";"Agricultura, ganadería y pesca";"Hombres";"Exito"
"2016-2017";"..";"Agricultura, ganadería y pesca";"Hombres";"Exito"
"2015-2016";"..";"Agricultura, ganadería y pesca";"Hombres";"Exito"
"2022-2023";"..";"Veterinaria";"Hombres";"Exito"
"2021-2022";"..";"Veterinaria";"Hombres";"Exito"
"2020-2021";"..";"Veterinaria";"Hombres";"Exito"
"2019-2020";"..";"Veterinaria";"Hombres";"Exito"
"2018-2019";"..";"Veterinaria";"Hombres";"Exito"
"2017-2018";"..";"Veterinaria";"Hombres";"Exito"
"2016-2017";"..";"Veterinaria";"Hombres";"Exito"
"2015-2016";"..";"Veterinaria";"Hombres";"Exito"
"2022-2023";"85.76";"Total Salud y servicios sociales";"Hombres";"Exito"
"2021-2022";"85.64";"Total Salud y servicios sociales";"Hombres";"Exito"
"2020-2021";"87.96";"Total Salud y servicios sociales";"Hombres";"Exito"
"2019-2020";"88.77";"Total Salud y servicios sociales";"Hombres";"Exito"
"2018-2019";"84.39";"Total Salud y servicios sociales";"Hombres";"Exito"
"2017-2018";"82.83";"Total Salud y servicios sociales";"Hombres";"Exito"
"2016-2017";"84.47";"Total Salud y servicios sociales";"Hombres";"Exito"
"2015-2016";"85.3";"Total Salud y servicios sociales";"Hombres";"Exito"
"2022-2023";"..";"Medicina";"Hombres";"Exito"
"2021-2022";"..";"Medicina";"Hombres";"Exito"
"2020-2021";"..";"Medicina";"Hombres";"Exito"
"2019-2020";"..";"Medicina";"Hombres";"Exito"
"2018-2019";"..";"Medicina";"Hombres";"Exito"
"2017-2018";"..";"Medicina";"Hombres";"Exito"
"2016-2017";"..";"Medicina";"Hombres";"Exito"
"2015-2016";"..";"Medicina";"Hombres";"Exito"
"2022-2023";"..";"Enfermería y atención a enfermos";"Hombres";"Exito"
"2021-2022";"..";"Enfermería y atención a enfermos";"Hombres";"Exito"
"2020-2021";"..";"Enfermería y atención a enfermos";"Hombres";"Exito"
"2019-2020";"..";"Enfermería y atención a enfermos";"Hombres";"Exito"
"2018-2019";"..";"Enfermería y atención a enfermos";"Hombres";"Exito"
"2017-2018";"..";"Enfermería y atención a enfermos";"Hombres";"Exito"
"2016-2017";"..";"Enfermería y atención a enfermos";"Hombres";"Exito"
"2015-2016";"..";"Enfermería y atención a enfermos";"Hombres";"Exito"
"2022-2023";"85.76";"Otras ciencias de la Salud";"Hombres";"Exito"
"2021-2022";"85.64";"Otras ciencias de la Salud";"Hombres";"Exito"
"2020-2021";"87.96";"Otras ciencias de la Salud";"Hombres";"Exito"
"2019-2020";"88.77";"Otras ciencias de la Salud";"Hombres";"Exito"
"2018-2019";"84.39";"Otras ciencias de la Salud";"Hombres";"Exito"
"2017-2018";"82.83";"Otras ciencias de la Salud";"Hombres";"Exito"
"2016-2017";"84.47";"Otras ciencias de la Salud";"Hombres";"Exito"
"2015-2016";"85.3";"Otras ciencias de la Salud";"Hombres";"Exito"
"2022-2023";"..";"Trabajo social y orientación";"Hombres";"Exito"
"2021-2022";"..";"Trabajo social y orientación";"Hombres";"Exito"
"2020-2021";"..";"Trabajo social y orientación";"Hombres";"Exito"
"2019-2020";"..";"Trabajo social y orientación";"Hombres";"Exito"
"2018-2019";"..";"Trabajo social y orientación";"Hombres";"Exito"
"2017-2018";"..";"Trabajo social y orientación";"Hombres";"Exito"
"2016-2017";"..";"Trabajo social y orientación";"Hombres";"Exito"
"2015-2016";"..";"Trabajo social y orientación";"Hombres";"Exito"
"2022-2023";"80.36";"Total Servicios";"Hombres";"Exito"
"2021-2022";"83.68";"Total Servicios";"Hombres";"Exito"
"2020-2021";"85.62";"Total Servicios";"Hombres";"Exito"
"2019-2020";"87.63";"Total Servicios";"Hombres";"Exito"
"2018-2019";"85.26";"Total Servicios";"Hombres";"Exito"
"2017-2018";"83.22";"Total Servicios";"Hombres";"Exito"
"2016-2017";"87.17";"Total Servicios";"Hombres";"Exito"
"2015-2016";"87.87";"Total Servicios";"Hombres";"Exito"
"2022-2023";"80.36";"Deportes";"Hombres";"Exito"
"2021-2022";"83.68";"Deportes";"Hombres";"Exito"
"2020-2021";"85.62";"Deportes";"Hombres";"Exito"
"2019-2020";"87.62";"Deportes";"Hombres";"Exito"
"2018-2019";"85.23";"Deportes";"Hombres";"Exito"
"2017-2018";"83.13";"Deportes";"Hombres";"Exito"
"2016-2017";"87.09";"Deportes";"Hombres";"Exito"
"2015-2016";"87.85";"Deportes";"Hombres";"Exito"
"2022-2023";"..";"Turismo y Hostelería";"Hombres";"Exito"
"2021-2022";"..";"Turismo y Hostelería";"Hombres";"Exito"
"2020-2021";"..";"Turismo y Hostelería";"Hombres";"Exito"
"2019-2020";"..";"Turismo y Hostelería";"Hombres";"Exito"
"2018-2019";"..";"Turismo y Hostelería";"Hombres";"Exito"
"2017-2018";"..";"Turismo y Hostelería";"Hombres";"Exito"
"2016-2017";"..";"Turismo y Hostelería";"Hombres";"Exito"
"2015-2016";"..";"Turismo y Hostelería";"Hombres";"Exito"
"2022-2023";"..";"Otros Servicios";"Hombres";"Exito"
"2021-2022";"..";"Otros Servicios";"Hombres";"Exito"
"2020-2021";"..";"Otros Servicios";"Hombres";"Exito"
"2019-2020";"..";"Otros Servicios";"Hombres";"Exito"
"2018-2019";"..";"Otros Servicios";"Hombres";"Exito"
"2017-2018";"..";"Otros Servicios";"Hombres";"Exito"
"2016-2017";"..";"Otros Servicios";"Hombres";"Exito"
"2015-2016";"..";"Otros Servicios";"Hombres";"Exito"
"2022-2023";"???";"Europea Miguel de Cervantes";"Hombres";"Evaluacion"
"2021-2022";"???";"Europea Miguel de Cervantes";"Hombres";"Evaluacion"
"2020-2021";"???";"Europea Miguel de Cervantes";"Hombres";"Evaluacion"
"2019-2020";"???";"Europea Miguel de Cervantes";"Hombres";"Evaluacion"
"2018-2019";"???";"Europea Miguel de Cervantes";"Hombres";"Evaluacion"
"2017-2018";"???";"Europea Miguel de Cervantes";"Hombres";"Evaluacion"
"2016-2017";"???";"Europea Miguel de Cervantes";"Hombres";"Evaluacion"
"2015-2016";"???";"Europea Miguel de Cervantes";"Hombres";"Evaluacion"
"2022-2023";"90.87";"Todos los ámbitos";"Hombres";"Evaluacion"
"2021-2022";"88.85";"Todos los ámbitos";"Hombres";"Evaluacion"
"2020-2021";"90.49";"Todos los ámbitos";"Hombres";"Evaluacion"
"2019-2020";"90.68";"Todos los ámbitos";"Hombres";"Evaluacion"
"2018-2019";"90.49";"Todos los ámbitos";"Hombres";"Evaluacion"
"2017-2018";"91.13";"Todos los ámbitos";"Hombres";"Evaluacion"
"2016-2017";"92.74";"Todos los ámbitos";"Hombres";"Evaluacion"
"2015-2016";"92.99";"Todos los ámbitos";"Hombres";"Evaluacion"
"2022-2023";"..";"Total Educación";"Hombres";"Evaluacion"
"2021-2022";"..";"Total Educación";"Hombres";"Evaluacion"
"2020-2021";"..";"Total Educación";"Hombres";"Evaluacion"
"2019-2020";"..";"Total Educación";"Hombres";"Evaluacion"
"2018-2019";"..";"Total Educación";"Hombres";"Evaluacion"
"2017-2018";"..";"Total Educación";"Hombres";"Evaluacion"
"2016-2017";"..";"Total Educación";"Hombres";"Evaluacion"
"2015-2016";"..";"Total Educación";"Hombres";"Evaluacion"
"2022-2023";"..";"Formación de docentes de enseñanza infantil";"Hombres";"Evaluacion"
"2021-2022";"..";"Formación de docentes de enseñanza infantil";"Hombres";"Evaluacion"
"2020-2021";"..";"Formación de docentes de enseñanza infantil";"Hombres";"Evaluacion"
"2019-2020";"..";"Formación de docentes de enseñanza infantil";"Hombres";"Evaluacion"
"2018-2019";"..";"Formación de docentes de enseñanza infantil";"Hombres";"Evaluacion"
"2017-2018";"..";"Formación de docentes de enseñanza infantil";"Hombres";"Evaluacion"
"2016-2017";"..";"Formación de docentes de enseñanza infantil";"Hombres";"Evaluacion"
"2015-2016";"..";"Formación de docentes de enseñanza infantil";"Hombres";"Evaluacion"
"2022-2023";"..";"Formación de docentes de enseñanza primaria";"Hombres";"Evaluacion"
"2021-2022";"..";"Formación de docentes de enseñanza primaria";"Hombres";"Evaluacion"
"2020-2021";"..";"Formación de docentes de enseñanza primaria";"Hombres";"Evaluacion"
"2019-2020";"..";"Formación de docentes de enseñanza primaria";"Hombres";"Evaluacion"
"2018-2019";"..";"Formación de docentes de enseñanza primaria";"Hombres";"Evaluacion"
"2017-2018";"..";"Formación de docentes de enseñanza primaria";"Hombres";"Evaluacion"
"2016-2017";"..";"Formación de docentes de enseñanza primaria";"Hombres";"Evaluacion"
"2015-2016";"..";"Formación de docentes de enseñanza primaria";"Hombres";"Evaluacion"
"2022-2023";"..";"Otra Formación de personal docente y ciencias de la educación";"Hombres";"Evaluacion"
"2021-2022";"..";"Otra Formación de personal docente y ciencias de la educación";"Hombres";"Evaluacion"
"2020-2021";"..";"Otra Formación de personal docente y ciencias de la educación";"Hombres";"Evaluacion"
"2019-2020";"..";"Otra Formación de personal docente y ciencias de la educación";"Hombres";"Evaluacion"
"2018-2019";"..";"Otra Formación de personal docente y ciencias de la educación";"Hombres";"Evaluacion"
"2017-2018";"..";"Otra Formación de personal docente y ciencias de la educación";"Hombres";"Evaluacion"
"2016-2017";"..";"Otra Formación de personal docente y ciencias de la educación";"Hombres";"Evaluacion"
"2015-2016";"..";"Otra Formación de personal docente y ciencias de la educación";"Hombres";"Evaluacion"
"2022-2023";"90.61";"Total Artes y humanidades";"Hombres";"Evaluacion"
"2021-2022";"92.88";"Total Artes y humanidades";"Hombres";"Evaluacion"
"2020-2021";"92.69";"Total Artes y humanidades";"Hombres";"Evaluacion"
"2019-2020";"87.04";"Total Artes y humanidades";"Hombres";"Evaluacion"
"2018-2019";"91.91";"Total Artes y humanidades";"Hombres";"Evaluacion"
"2017-2018";"90.91";"Total Artes y humanidades";"Hombres";"Evaluacion"
"2016-2017";"..";"Total Artes y humanidades";"Hombres";"Evaluacion"
"2015-2016";"..";"Total Artes y humanidades";"Hombres";"Evaluacion"
"2022-2023";"90.61";"Técnicas audiovisuales y medios de comunicación";"Hombres";"Evaluacion"
"2021-2022";"92.88";"Técnicas audiovisuales y medios de comunicación";"Hombres";"Evaluacion"
"2020-2021";"92.69";"Técnicas audiovisuales y medios de comunicación";"Hombres";"Evaluacion"
"2019-2020";"87.04";"Técnicas audiovisuales y medios de comunicación";"Hombres";"Evaluacion"
"2018-2019";"91.91";"Técnicas audiovisuales y medios de comunicación";"Hombres";"Evaluacion"
"2017-2018";"90.91";"Técnicas audiovisuales y medios de comunicación";"Hombres";"Evaluacion"
"2016-2017";"..";"Técnicas audiovisuales y medios de comunicación";"Hombres";"Evaluacion"
"2015-2016";"..";"Técnicas audiovisuales y medios de comunicación";"Hombres";"Evaluacion"
"2022-2023";"..";"Artes";"Hombres";"Evaluacion"
"2021-2022";"..";"Artes";"Hombres";"Evaluacion"
"2020-2021";"..";"Artes";"Hombres";"Evaluacion"
"2019-2020";"..";"Artes";"Hombres";"Evaluacion"
"2018-2019";"..";"Artes";"Hombres";"Evaluacion"
"2017-2018";"..";"Artes";"Hombres";"Evaluacion"
"2016-2017";"..";"Artes";"Hombres";"Evaluacion"
"2015-2016";"..";"Artes";"Hombres";"Evaluacion"
"2022-2023";"..";"Lenguas";"Hombres";"Evaluacion"
"2021-2022";"..";"Lenguas";"Hombres";"Evaluacion"
"2020-2021";"..";"Lenguas";"Hombres";"Evaluacion"
"2019-2020";"..";"Lenguas";"Hombres";"Evaluacion"
"2018-2019";"..";"Lenguas";"Hombres";"Evaluacion"
"2017-2018";"..";"Lenguas";"Hombres";"Evaluacion"
"2016-2017";"..";"Lenguas";"Hombres";"Evaluacion"
"2015-2016";"..";"Lenguas";"Hombres";"Evaluacion"
"2022-2023";"..";"Humanidades";"Hombres";"Evaluacion"
"2021-2022";"..";"Humanidades";"Hombres";"Evaluacion"
"2020-2021";"..";"Humanidades";"Hombres";"Evaluacion"
"2019-2020";"..";"Humanidades";"Hombres";"Evaluacion"
"2018-2019";"..";"Humanidades";"Hombres";"Evaluacion"
"2017-2018";"..";"Humanidades";"Hombres";"Evaluacion"
"2016-2017";"..";"Humanidades";"Hombres";"Evaluacion"
"2015-2016";"..";"Humanidades";"Hombres";"Evaluacion"
"2022-2023";"93.44";"Total Ciencias sociales, periodismo y documentación";"Hombres";"Evaluacion"
"2021-2022";"93.21";"Total Ciencias sociales, periodismo y documentación";"Hombres";"Evaluacion"
"2020-2021";"93.09";"Total Ciencias sociales, periodismo y documentación";"Hombres";"Evaluacion"
"2019-2020";"93.78";"Total Ciencias sociales, periodismo y documentación";"Hombres";"Evaluacion"
"2018-2019";"91.29";"Total Ciencias sociales, periodismo y documentación";"Hombres";"Evaluacion"
"2017-2018";"94.11";"Total Ciencias sociales, periodismo y documentación";"Hombres";"Evaluacion"
"2016-2017";"91.38";"Total Ciencias sociales, periodismo y documentación";"Hombres";"Evaluacion"
"2015-2016";"81.59";"Total Ciencias sociales, periodismo y documentación";"Hombres";"Evaluacion"
"2022-2023";"93.66";"Psicología";"Hombres";"Evaluacion"
"2021-2022";"92.15";"Psicología";"Hombres";"Evaluacion"
"2020-2021";"93.09";"Psicología";"Hombres";"Evaluacion"
"2019-2020";"96.3";"Psicología";"Hombres";"Evaluacion"
"2018-2019";"90.84";"Psicología";"Hombres";"Evaluacion"
"2017-2018";"100.0";"Psicología";"Hombres";"Evaluacion"
"2016-2017";"..";"Psicología";"Hombres";"Evaluacion"
"2015-2016";"..";"Psicología";"Hombres";"Evaluacion"
"2022-2023";"..";"Economía";"Hombres";"Evaluacion"
"2021-2022";"..";"Economía";"Hombres";"Evaluacion"
"2020-2021";"..";"Economía";"Hombres";"Evaluacion"
"2019-2020";"..";"Economía";"Hombres";"Evaluacion"
"2018-2019";"..";"Economía";"Hombres";"Evaluacion"
"2017-2018";"..";"Economía";"Hombres";"Evaluacion"
"2016-2017";"..";"Economía";"Hombres";"Evaluacion"
"2015-2016";"..";"Economía";"Hombres";"Evaluacion"
"2022-2023";"95.48";"Otras Ciencias sociales y del comportamiento";"Hombres";"Evaluacion"
"2021-2022";"96.64";"Otras Ciencias sociales y del comportamiento";"Hombres";"Evaluacion"
"2020-2021";"94.72";"Otras Ciencias sociales y del comportamiento";"Hombres";"Evaluacion"
"2019-2020";"94.67";"Otras Ciencias sociales y del comportamiento";"Hombres";"Evaluacion"
"2018-2019";"93.94";"Otras Ciencias sociales y del comportamiento";"Hombres";"Evaluacion"
"2017-2018";"94.19";"Otras Ciencias sociales y del comportamiento";"Hombres";"Evaluacion"
"2016-2017";"..";"Otras Ciencias sociales y del comportamiento";"Hombres";"Evaluacion"
"2015-2016";"..";"Otras Ciencias sociales y del comportamiento";"Hombres";"Evaluacion"
"2022-2023";"81.82";"Periodismo e información";"Hombres";"Evaluacion"
"2021-2022";"79.17";"Periodismo e información";"Hombres";"Evaluacion"
"2020-2021";"88.4";"Periodismo e información";"Hombres";"Evaluacion"
"2019-2020";"90.36";"Periodismo e información";"Hombres";"Evaluacion"
"2018-2019";"86.88";"Periodismo e información";"Hombres";"Evaluacion"
"2017-2018";"91.9";"Periodismo e información";"Hombres";"Evaluacion"
"2016-2017";"88.37";"Periodismo e información";"Hombres";"Evaluacion"
"2015-2016";"81.59";"Periodismo e información";"Hombres";"Evaluacion"
"2022-2023";"81.2";"Total Negocios, administración y derecho";"Hombres";"Evaluacion"
"2021-2022";"81.4";"Total Negocios, administración y derecho";"Hombres";"Evaluacion"
"2020-2021";"85.73";"Total Negocios, administración y derecho";"Hombres";"Evaluacion"
"2019-2020";"88.31";"Total Negocios, administración y derecho";"Hombres";"Evaluacion"
"2018-2019";"83.9";"Total Negocios, administración y derecho";"Hombres";"Evaluacion"
"2017-2018";"89.81";"Total Negocios, administración y derecho";"Hombres";"Evaluacion"
"2016-2017";"85.2";"Total Negocios, administración y derecho";"Hombres";"Evaluacion"
"2015-2016";"86.96";"Total Negocios, administración y derecho";"Hombres";"Evaluacion"
"2022-2023";"82.6";"Administración y gestión de empresas";"Hombres";"Evaluacion"
"2021-2022";"83.17";"Administración y gestión de empresas";"Hombres";"Evaluacion"
"2020-2021";"85.73";"Administración y gestión de empresas";"Hombres";"Evaluacion"
"2019-2020";"88.94";"Administración y gestión de empresas";"Hombres";"Evaluacion"
"2018-2019";"81.82";"Administración y gestión de empresas";"Hombres";"Evaluacion"
"2017-2018";"89.58";"Administración y gestión de empresas";"Hombres";"Evaluacion"
"2016-2017";"83.73";"Administración y gestión de empresas";"Hombres";"Evaluacion"
"2015-2016";"86.29";"Administración y gestión de empresas";"Hombres";"Evaluacion"
"2022-2023";"76.39";"Otra Educación comercial y empresarial";"Hombres";"Evaluacion"
"2021-2022";"75.79";"Otra Educación comercial y empresarial";"Hombres";"Evaluacion"
"2020-2021";"85.75";"Otra Educación comercial y empresarial";"Hombres";"Evaluacion"
"2019-2020";"86.88";"Otra Educación comercial y empresarial";"Hombres";"Evaluacion"
"2018-2019";"88.81";"Otra Educación comercial y empresarial";"Hombres";"Evaluacion"
"2017-2018";"90.24";"Otra Educación comercial y empresarial";"Hombres";"Evaluacion"
"2016-2017";"87.15";"Otra Educación comercial y empresarial";"Hombres";"Evaluacion"
"2015-2016";"..";"Otra Educación comercial y empresarial";"Hombres";"Evaluacion"
"2022-2023";"..";"Derecho";"Hombres";"Evaluacion"
"2021-2022";"..";"Derecho";"Hombres";"Evaluacion"
"2020-2021";"..";"Derecho";"Hombres";"Evaluacion"
"2019-2020";"..";"Derecho";"Hombres";"Evaluacion"
"2018-2019";"..";"Derecho";"Hombres";"Evaluacion"
"2017-2018";"..";"Derecho";"Hombres";"Evaluacion"
"2016-2017";"..";"Derecho";"Hombres";"Evaluacion"
"2015-2016";"..";"Derecho";"Hombres";"Evaluacion"
"2022-2023";"..";"Total Ciencias";"Hombres";"Evaluacion"
"2021-2022";"..";"Total Ciencias";"Hombres";"Evaluacion"
"2020-2021";"..";"Total Ciencias";"Hombres";"Evaluacion"
"2019-2020";"..";"Total Ciencias";"Hombres";"Evaluacion"
"2018-2019";"..";"Total Ciencias";"Hombres";"Evaluacion"
"2017-2018";"..";"Total Ciencias";"Hombres";"Evaluacion"
"2016-2017";"..";"Total Ciencias";"Hombres";"Evaluacion"
"2015-2016";"..";"Total Ciencias";"Hombres";"Evaluacion"
"2022-2023";"..";"Ciencias de la vida";"Hombres";"Evaluacion"
"2021-2022";"..";"Ciencias de la vida";"Hombres";"Evaluacion"
"2020-2021";"..";"Ciencias de la vida";"Hombres";"Evaluacion"
"2019-2020";"..";"Ciencias de la vida";"Hombres";"Evaluacion"
"2018-2019";"..";"Ciencias de la vida";"Hombres";"Evaluacion"
"2017-2018";"..";"Ciencias de la vida";"Hombres";"Evaluacion"
"2016-2017";"..";"Ciencias de la vida";"Hombres";"Evaluacion"
"2015-2016";"..";"Ciencias de la vida";"Hombres";"Evaluacion"
"2022-2023";"..";"Ciencias Físicas, químicas, geológicas";"Hombres";"Evaluacion"
"2021-2022";"..";"Ciencias Físicas, químicas, geológicas";"Hombres";"Evaluacion"
"2020-2021";"..";"Ciencias Físicas, químicas, geológicas";"Hombres";"Evaluacion"
"2019-2020";"..";"Ciencias Físicas, químicas, geológicas";"Hombres";"Evaluacion"
"2018-2019";"..";"Ciencias Físicas, químicas, geológicas";"Hombres";"Evaluacion"
"2017-2018";"..";"Ciencias Físicas, químicas, geológicas";"Hombres";"Evaluacion"
"2016-2017";"..";"Ciencias Físicas, químicas, geológicas";"Hombres";"Evaluacion"
"2015-2016";"..";"Ciencias Físicas, químicas, geológicas";"Hombres";"Evaluacion"
"2022-2023";"..";"Matemáticas y Estadística";"Hombres";"Evaluacion"
"2021-2022";"..";"Matemáticas y Estadística";"Hombres";"Evaluacion"
"2020-2021";"..";"Matemáticas y Estadística";"Hombres";"Evaluacion"
"2019-2020";"..";"Matemáticas y Estadística";"Hombres";"Evaluacion"
"2018-2019";"..";"Matemáticas y Estadística";"Hombres";"Evaluacion"
"2017-2018";"..";"Matemáticas y Estadística";"Hombres";"Evaluacion"
"2016-2017";"..";"Matemáticas y Estadística";"Hombres";"Evaluacion"
"2015-2016";"..";"Matemáticas y Estadística";"Hombres";"Evaluacion"
"2022-2023";"92.55";"Total Informática";"Hombres";"Evaluacion"
"2021-2022";"84.16";"Total Informática";"Hombres";"Evaluacion"
"2020-2021";"85.12";"Total Informática";"Hombres";"Evaluacion"
"2019-2020";"92.16";"Total Informática";"Hombres";"Evaluacion"
"2018-2019";"93.31";"Total Informática";"Hombres";"Evaluacion"
"2017-2018";"89.69";"Total Informática";"Hombres";"Evaluacion"
"2016-2017";"94.42";"Total Informática";"Hombres";"Evaluacion"
"2015-2016";"91.49";"Total Informática";"Hombres";"Evaluacion"
"2022-2023";"92.55";"Informática";"Hombres";"Evaluacion"
"2021-2022";"84.16";"Informática";"Hombres";"Evaluacion"
"2020-2021";"85.12";"Informática";"Hombres";"Evaluacion"
"2019-2020";"92.16";"Informática";"Hombres";"Evaluacion"
"2018-2019";"93.31";"Informática";"Hombres";"Evaluacion"
"2017-2018";"89.69";"Informática";"Hombres";"Evaluacion"
"2016-2017";"94.42";"Informática";"Hombres";"Evaluacion"
"2015-2016";"91.49";"Informática";"Hombres";"Evaluacion"
"2022-2023";"83.13";"Total Ingeniería, industria y construcción";"Hombres";"Evaluacion"
"2021-2022";"72.41";"Total Ingeniería, industria y construcción";"Hombres";"Evaluacion"
"2020-2021";"85.29";"Total Ingeniería, industria y construcción";"Hombres";"Evaluacion"
"2019-2020";"89.93";"Total Ingeniería, industria y construcción";"Hombres";"Evaluacion"
"2018-2019";"84.91";"Total Ingeniería, industria y construcción";"Hombres";"Evaluacion"
"2017-2018";"81.53";"Total Ingeniería, industria y construcción";"Hombres";"Evaluacion"
"2016-2017";"86.3";"Total Ingeniería, industria y construcción";"Hombres";"Evaluacion"
"2015-2016";"87.57";"Total Ingeniería, industria y construcción";"Hombres";"Evaluacion"
"2022-2023";"83.5";"Ingenierías";"Hombres";"Evaluacion"
"2021-2022";"72.82";"Ingenierías";"Hombres";"Evaluacion"
"2020-2021";"86.17";"Ingenierías";"Hombres";"Evaluacion"
"2019-2020";"92.09";"Ingenierías";"Hombres";"Evaluacion"
"2018-2019";"..";"Ingenierías";"Hombres";"Evaluacion"
"2017-2018";"82.61";"Ingenierías";"Hombres";"Evaluacion"
"2016-2017";"..";"Ingenierías";"Hombres";"Evaluacion"
"2015-2016";"..";"Ingenierías";"Hombres";"Evaluacion"
"2022-2023";"..";"Arquitectura y construcción";"Hombres";"Evaluacion"
"2021-2022";"..";"Arquitectura y construcción";"Hombres";"Evaluacion"
"2020-2021";"..";"Arquitectura y construcción";"Hombres";"Evaluacion"
"2019-2020";"..";"Arquitectura y construcción";"Hombres";"Evaluacion"
"2018-2019";"..";"Arquitectura y construcción";"Hombres";"Evaluacion"
"2017-2018";"..";"Arquitectura y construcción";"Hombres";"Evaluacion"
"2016-2017";"81.04";"Arquitectura y construcción";"Hombres";"Evaluacion"
"2015-2016";"85.21";"Arquitectura y construcción";"Hombres";"Evaluacion"
"2022-2023";"..";"Total Agricultura, ganadería,  silvicultura, pesca, y veterinaria";"Hombres";"Evaluacion"
"2021-2022";"..";"Total Agricultura, ganadería,  silvicultura, pesca, y veterinaria";"Hombres";"Evaluacion"
"2020-2021";"..";"Total Agricultura, ganadería,  silvicultura, pesca, y veterinaria";"Hombres";"Evaluacion"
"2019-2020";"..";"Total Agricultura, ganadería,  silvicultura, pesca, y veterinaria";"Hombres";"Evaluacion"
"2018-2019";"..";"Total Agricultura, ganadería,  silvicultura, pesca, y veterinaria";"Hombres";"Evaluacion"
"2017-2018";"..";"Total Agricultura, ganadería,  silvicultura, pesca, y veterinaria";"Hombres";"Evaluacion"
"2016-2017";"..";"Total Agricultura, ganadería,  silvicultura, pesca, y veterinaria";"Hombres";"Evaluacion"
"2015-2016";"..";"Total Agricultura, ganadería,  silvicultura, pesca, y veterinaria";"Hombres";"Evaluacion"
"2022-2023";"..";"Agricultura, ganadería y pesca";"Hombres";"Evaluacion"
"2021-2022";"..";"Agricultura, ganadería y pesca";"Hombres";"Evaluacion"
"2020-2021";"..";"Agricultura, ganadería y pesca";"Hombres";"Evaluacion"
"2019-2020";"..";"Agricultura, ganadería y pesca";"Hombres";"Evaluacion"
"2018-2019";"..";"Agricultura, ganadería y pesca";"Hombres";"Evaluacion"
"2017-2018";"..";"Agricultura, ganadería y pesca";"Hombres";"Evaluacion"
"2016-2017";"..";"Agricultura, ganadería y pesca";"Hombres";"Evaluacion"
"2015-2016";"..";"Agricultura, ganadería y pesca";"Hombres";"Evaluacion"
"2022-2023";"..";"Veterinaria";"Hombres";"Evaluacion"
"2021-2022";"..";"Veterinaria";"Hombres";"Evaluacion"
"2020-2021";"..";"Veterinaria";"Hombres";"Evaluacion"
"2019-2020";"..";"Veterinaria";"Hombres";"Evaluacion"
"2018-2019";"..";"Veterinaria";"Hombres";"Evaluacion"
"2017-2018";"..";"Veterinaria";"Hombres";"Evaluacion"
"2016-2017";"..";"Veterinaria";"Hombres";"Evaluacion"
"2015-2016";"..";"Veterinaria";"Hombres";"Evaluacion"
"2022-2023";"91.07";"Total Salud y servicios sociales";"Hombres";"Evaluacion"
"2021-2022";"89.42";"Total Salud y servicios sociales";"Hombres";"Evaluacion"
"2020-2021";"91.75";"Total Salud y servicios sociales";"Hombres";"Evaluacion"
"2019-2020";"90.1";"Total Salud y servicios sociales";"Hombres";"Evaluacion"
"2018-2019";"92.06";"Total Salud y servicios sociales";"Hombres";"Evaluacion"
"2017-2018";"92.53";"Total Salud y servicios sociales";"Hombres";"Evaluacion"
"2016-2017";"94.54";"Total Salud y servicios sociales";"Hombres";"Evaluacion"
"2015-2016";"95.94";"Total Salud y servicios sociales";"Hombres";"Evaluacion"
"2022-2023";"..";"Medicina";"Hombres";"Evaluacion"
"2021-2022";"..";"Medicina";"Hombres";"Evaluacion"
"2020-2021";"..";"Medicina";"Hombres";"Evaluacion"
"2019-2020";"..";"Medicina";"Hombres";"Evaluacion"
"2018-2019";"..";"Medicina";"Hombres";"Evaluacion"
"2017-2018";"..";"Medicina";"Hombres";"Evaluacion"
"2016-2017";"..";"Medicina";"Hombres";"Evaluacion"
"2015-2016";"..";"Medicina";"Hombres";"Evaluacion"
"2022-2023";"..";"Enfermería y atención a enfermos";"Hombres";"Evaluacion"
"2021-2022";"..";"Enfermería y atención a enfermos";"Hombres";"Evaluacion"
"2020-2021";"..";"Enfermería y atención a enfermos";"Hombres";"Evaluacion"
"2019-2020";"..";"Enfermería y atención a enfermos";"Hombres";"Evaluacion"
"2018-2019";"..";"Enfermería y atención a enfermos";"Hombres";"Evaluacion"
"2017-2018";"..";"Enfermería y atención a enfermos";"Hombres";"Evaluacion"
"2016-2017";"..";"Enfermería y atención a enfermos";"Hombres";"Evaluacion"
"2015-2016";"..";"Enfermería y atención a enfermos";"Hombres";"Evaluacion"
"2022-2023";"91.07";"Otras ciencias de la Salud";"Hombres";"Evaluacion"
"2021-2022";"89.42";"Otras ciencias de la Salud";"Hombres";"Evaluacion"
"2020-2021";"91.75";"Otras ciencias de la Salud";"Hombres";"Evaluacion"
"2019-2020";"90.1";"Otras ciencias de la Salud";"Hombres";"Evaluacion"
"2018-2019";"92.06";"Otras ciencias de la Salud";"Hombres";"Evaluacion"
"2017-2018";"92.53";"Otras ciencias de la Salud";"Hombres";"Evaluacion"
"2016-2017";"94.54";"Otras ciencias de la Salud";"Hombres";"Evaluacion"
"2015-2016";"95.94";"Otras ciencias de la Salud";"Hombres";"Evaluacion"
"2022-2023";"..";"Trabajo social y orientación";"Hombres";"Evaluacion"
"2021-2022";"..";"Trabajo social y orientación";"Hombres";"Evaluacion"
"2020-2021";"..";"Trabajo social y orientación";"Hombres";"Evaluacion"
"2019-2020";"..";"Trabajo social y orientación";"Hombres";"Evaluacion"
"2018-2019";"..";"Trabajo social y orientación";"Hombres";"Evaluacion"
"2017-2018";"..";"Trabajo social y orientación";"Hombres";"Evaluacion"
"2016-2017";"..";"Trabajo social y orientación";"Hombres";"Evaluacion"
"2015-2016";"..";"Trabajo social y orientación";"Hombres";"Evaluacion"
"2022-2023";"92.22";"Total Servicios";"Hombres";"Evaluacion"
"2021-2022";"92.73";"Total Servicios";"Hombres";"Evaluacion"
"2020-2021";"91.6";"Total Servicios";"Hombres";"Evaluacion"
"2019-2020";"89.64";"Total Servicios";"Hombres";"Evaluacion"
"2018-2019";"91.78";"Total Servicios";"Hombres";"Evaluacion"
"2017-2018";"92.22";"Total Servicios";"Hombres";"Evaluacion"
"2016-2017";"93.77";"Total Servicios";"Hombres";"Evaluacion"
"2015-2016";"94.21";"Total Servicios";"Hombres";"Evaluacion"
"2022-2023";"92.22";"Deportes";"Hombres";"Evaluacion"
"2021-2022";"92.73";"Deportes";"Hombres";"Evaluacion"
"2020-2021";"91.6";"Deportes";"Hombres";"Evaluacion"
"2019-2020";"89.64";"Deportes";"Hombres";"Evaluacion"
"2018-2019";"91.77";"Deportes";"Hombres";"Evaluacion"
"2017-2018";"92.35";"Deportes";"Hombres";"Evaluacion"
"2016-2017";"93.71";"Deportes";"Hombres";"Evaluacion"
"2015-2016";"94.15";"Deportes";"Hombres";"Evaluacion"
"2022-2023";"..";"Turismo y Hostelería";"Hombres";"Evaluacion"
"2021-2022";"..";"Turismo y Hostelería";"Hombres";"Evaluacion"
"2020-2021";"..";"Turismo y Hostelería";"Hombres";"Evaluacion"
"2019-2020";"..";"Turismo y Hostelería";"Hombres";"Evaluacion"
"2018-2019";"..";"Turismo y Hostelería";"Hombres";"Evaluacion"
"2017-2018";"..";"Turismo y Hostelería";"Hombres";"Evaluacion"
"2016-2017";"..";"Turismo y Hostelería";"Hombres";"Evaluacion"
"2015-2016";"..";"Turismo y Hostelería";"Hombres";"Evaluacion"
"2022-2023";"..";"Otros Servicios";"Hombres";"Evaluacion"
"2021-2022";"..";"Otros Servicios";"Hombres";"Evaluacion"
"2020-2021";"..";"Otros Servicios";"Hombres";"Evaluacion"
"2019-2020";"..";"Otros Servicios";"Hombres";"Evaluacion"
"2018-2019";"..";"Otros Servicios";"Hombres";"Evaluacion"
"2017-2018";"..";"Otros Servicios";"Hombres";"Evaluacion"
"2016-2017";"..";"Otros Servicios";"Hombres";"Evaluacion"
"2015-2016";"..";"Otros Servicios";"Hombres";"Evaluacion"
"2022-2023";"???";"Europea Miguel de Cervantes";"Mujeres";"Rendimiento"
"2021-2022";"???";"Europea Miguel de Cervantes";"Mujeres";"Rendimiento"
"2020-2021";"???";"Europea Miguel de Cervantes";"Mujeres";"Rendimiento"
"2019-2020";"???";"Europea Miguel de Cervantes";"Mujeres";"Rendimiento"
"2018-2019";"???";"Europea Miguel de Cervantes";"Mujeres";"Rendimiento"
"2017-2018";"???";"Europea Miguel de Cervantes";"Mujeres";"Rendimiento"
"2016-2017";"???";"Europea Miguel de Cervantes";"Mujeres";"Rendimiento"
"2015-2016";"???";"Europea Miguel de Cervantes";"Mujeres";"Rendimiento"
"2022-2023";"85.44";"Todos los ámbitos";"Mujeres";"Rendimiento"
"2021-2022";"82.98";"Todos los ámbitos";"Mujeres";"Rendimiento"
"2020-2021";"87.6";"Todos los ámbitos";"Mujeres";"Rendimiento"
"2019-2020";"88.46";"Todos los ámbitos";"Mujeres";"Rendimiento"
"2018-2019";"83.74";"Todos los ámbitos";"Mujeres";"Rendimiento"
"2017-2018";"83.41";"Todos los ámbitos";"Mujeres";"Rendimiento"
"2016-2017";"86.44";"Todos los ámbitos";"Mujeres";"Rendimiento"
"2015-2016";"85.28";"Todos los ámbitos";"Mujeres";"Rendimiento"
"2022-2023";"..";"Total Educación";"Mujeres";"Rendimiento"
"2021-2022";"..";"Total Educación";"Mujeres";"Rendimiento"
"2020-2021";"..";"Total Educación";"Mujeres";"Rendimiento"
"2019-2020";"..";"Total Educación";"Mujeres";"Rendimiento"
"2018-2019";"..";"Total Educación";"Mujeres";"Rendimiento"
"2017-2018";"..";"Total Educación";"Mujeres";"Rendimiento"
"2016-2017";"..";"Total Educación";"Mujeres";"Rendimiento"
"2015-2016";"..";"Total Educación";"Mujeres";"Rendimiento"
"2022-2023";"..";"Formación de docentes de enseñanza infantil";"Mujeres";"Rendimiento"
"2021-2022";"..";"Formación de docentes de enseñanza infantil";"Mujeres";"Rendimiento"
"2020-2021";"..";"Formación de docentes de enseñanza infantil";"Mujeres";"Rendimiento"
"2019-2020";"..";"Formación de docentes de enseñanza infantil";"Mujeres";"Rendimiento"
"2018-2019";"..";"Formación de docentes de enseñanza infantil";"Mujeres";"Rendimiento"
"2017-2018";"..";"Formación de docentes de enseñanza infantil";"Mujeres";"Rendimiento"
"2016-2017";"..";"Formación de docentes de enseñanza infantil";"Mujeres";"Rendimiento"
"2015-2016";"..";"Formación de docentes de enseñanza infantil";"Mujeres";"Rendimiento"
"2022-2023";"..";"Formación de docentes de enseñanza primaria";"Mujeres";"Rendimiento"
"2021-2022";"..";"Formación de docentes de enseñanza primaria";"Mujeres";"Rendimiento"
"2020-2021";"..";"Formación de docentes de enseñanza primaria";"Mujeres";"Rendimiento"
"2019-2020";"..";"Formación de docentes de enseñanza primaria";"Mujeres";"Rendimiento"
"2018-2019";"..";"Formación de docentes de enseñanza primaria";"Mujeres";"Rendimiento"
"2017-2018";"..";"Formación de docentes de enseñanza primaria";"Mujeres";"Rendimiento"
"2016-2017";"..";"Formación de docentes de enseñanza primaria";"Mujeres";"Rendimiento"
"2015-2016";"..";"Formación de docentes de enseñanza primaria";"Mujeres";"Rendimiento"
"2022-2023";"..";"Otra Formación de personal docente y ciencias de la educación";"Mujeres";"Rendimiento"
"2021-2022";"..";"Otra Formación de personal docente y ciencias de la educación";"Mujeres";"Rendimiento"
"2020-2021";"..";"Otra Formación de personal docente y ciencias de la educación";"Mujeres";"Rendimiento"
"2019-2020";"..";"Otra Formación de personal docente y ciencias de la educación";"Mujeres";"Rendimiento"
"2018-2019";"..";"Otra Formación de personal docente y ciencias de la educación";"Mujeres";"Rendimiento"
"2017-2018";"..";"Otra Formación de personal docente y ciencias de la educación";"Mujeres";"Rendimiento"
"2016-2017";"..";"Otra Formación de personal docente y ciencias de la educación";"Mujeres";"Rendimiento"
"2015-2016";"..";"Otra Formación de personal docente y ciencias de la educación";"Mujeres";"Rendimiento"
"2022-2023";"87.74";"Total Artes y humanidades";"Mujeres";"Rendimiento"
"2021-2022";"87.45";"Total Artes y humanidades";"Mujeres";"Rendimiento"
"2020-2021";"87.05";"Total Artes y humanidades";"Mujeres";"Rendimiento"
"2019-2020";"75.83";"Total Artes y humanidades";"Mujeres";"Rendimiento"
"2018-2019";"86.48";"Total Artes y humanidades";"Mujeres";"Rendimiento"
"2017-2018";"88.38";"Total Artes y humanidades";"Mujeres";"Rendimiento"
"2016-2017";"..";"Total Artes y humanidades";"Mujeres";"Rendimiento"
"2015-2016";"..";"Total Artes y humanidades";"Mujeres";"Rendimiento"
"2022-2023";"87.74";"Técnicas audiovisuales y medios de comunicación";"Mujeres";"Rendimiento"
"2021-2022";"87.45";"Técnicas audiovisuales y medios de comunicación";"Mujeres";"Rendimiento"
"2020-2021";"87.05";"Técnicas audiovisuales y medios de comunicación";"Mujeres";"Rendimiento"
"2019-2020";"75.83";"Técnicas audiovisuales y medios de comunicación";"Mujeres";"Rendimiento"
"2018-2019";"86.48";"Técnicas audiovisuales y medios de comunicación";"Mujeres";"Rendimiento"
"2017-2018";"88.38";"Técnicas audiovisuales y medios de comunicación";"Mujeres";"Rendimiento"
"2016-2017";"..";"Técnicas audiovisuales y medios de comunicación";"Mujeres";"Rendimiento"
"2015-2016";"..";"Técnicas audiovisuales y medios de comunicación";"Mujeres";"Rendimiento"
"2022-2023";"..";"Artes";"Mujeres";"Rendimiento"
"2021-2022";"..";"Artes";"Mujeres";"Rendimiento"
"2020-2021";"..";"Artes";"Mujeres";"Rendimiento"
"2019-2020";"..";"Artes";"Mujeres";"Rendimiento"
"2018-2019";"..";"Artes";"Mujeres";"Rendimiento"
"2017-2018";"..";"Artes";"Mujeres";"Rendimiento"
"2016-2017";"..";"Artes";"Mujeres";"Rendimiento"
"2015-2016";"..";"Artes";"Mujeres";"Rendimiento"
"2022-2023";"..";"Lenguas";"Mujeres";"Rendimiento"
"2021-2022";"..";"Lenguas";"Mujeres";"Rendimiento"
"2020-2021";"..";"Lenguas";"Mujeres";"Rendimiento"
"2019-2020";"..";"Lenguas";"Mujeres";"Rendimiento"
"2018-2019";"..";"Lenguas";"Mujeres";"Rendimiento"
"2017-2018";"..";"Lenguas";"Mujeres";"Rendimiento"
"2016-2017";"..";"Lenguas";"Mujeres";"Rendimiento"
"2015-2016";"..";"Lenguas";"Mujeres";"Rendimiento"
"2022-2023";"..";"Humanidades";"Mujeres";"Rendimiento"
"2021-2022";"..";"Humanidades";"Mujeres";"Rendimiento"
"2020-2021";"..";"Humanidades";"Mujeres";"Rendimiento"
"2019-2020";"..";"Humanidades";"Mujeres";"Rendimiento"
"2018-2019";"..";"Humanidades";"Mujeres";"Rendimiento"
"2017-2018";"..";"Humanidades";"Mujeres";"Rendimiento"
"2016-2017";"..";"Humanidades";"Mujeres";"Rendimiento"
"2015-2016";"..";"Humanidades";"Mujeres";"Rendimiento"
"2022-2023";"88.8";"Total Ciencias sociales, periodismo y documentación";"Mujeres";"Rendimiento"
"2021-2022";"86.13";"Total Ciencias sociales, periodismo y documentación";"Mujeres";"Rendimiento"
"2020-2021";"88.83";"Total Ciencias sociales, periodismo y documentación";"Mujeres";"Rendimiento"
"2019-2020";"88.77";"Total Ciencias sociales, periodismo y documentación";"Mujeres";"Rendimiento"
"2018-2019";"84.27";"Total Ciencias sociales, periodismo y documentación";"Mujeres";"Rendimiento"
"2017-2018";"84.67";"Total Ciencias sociales, periodismo y documentación";"Mujeres";"Rendimiento"
"2016-2017";"91.82";"Total Ciencias sociales, periodismo y documentación";"Mujeres";"Rendimiento"
"2015-2016";"68.99";"Total Ciencias sociales, periodismo y documentación";"Mujeres";"Rendimiento"
"2022-2023";"90.21";"Psicología";"Mujeres";"Rendimiento"
"2021-2022";"88.58";"Psicología";"Mujeres";"Rendimiento"
"2020-2021";"90.67";"Psicología";"Mujeres";"Rendimiento"
"2019-2020";"91.55";"Psicología";"Mujeres";"Rendimiento"
"2018-2019";"86.51";"Psicología";"Mujeres";"Rendimiento"
"2017-2018";"80.35";"Psicología";"Mujeres";"Rendimiento"
"2016-2017";"..";"Psicología";"Mujeres";"Rendimiento"
"2015-2016";"..";"Psicología";"Mujeres";"Rendimiento"
"2022-2023";"..";"Economía";"Mujeres";"Rendimiento"
"2021-2022";"..";"Economía";"Mujeres";"Rendimiento"
"2020-2021";"..";"Economía";"Mujeres";"Rendimiento"
"2019-2020";"..";"Economía";"Mujeres";"Rendimiento"
"2018-2019";"..";"Economía";"Mujeres";"Rendimiento"
"2017-2018";"..";"Economía";"Mujeres";"Rendimiento"
"2016-2017";"..";"Economía";"Mujeres";"Rendimiento"
"2015-2016";"..";"Economía";"Mujeres";"Rendimiento"
"2022-2023";"89.74";"Otras Ciencias sociales y del comportamiento";"Mujeres";"Rendimiento"
"2021-2022";"88.54";"Otras Ciencias sociales y del comportamiento";"Mujeres";"Rendimiento"
"2020-2021";"89.25";"Otras Ciencias sociales y del comportamiento";"Mujeres";"Rendimiento"
"2019-2020";"86.16";"Otras Ciencias sociales y del comportamiento";"Mujeres";"Rendimiento"
"2018-2019";"85.34";"Otras Ciencias sociales y del comportamiento";"Mujeres";"Rendimiento"
"2017-2018";"90.79";"Otras Ciencias sociales y del comportamiento";"Mujeres";"Rendimiento"
"2016-2017";"..";"Otras Ciencias sociales y del comportamiento";"Mujeres";"Rendimiento"
"2015-2016";"..";"Otras Ciencias sociales y del comportamiento";"Mujeres";"Rendimiento"
"2022-2023";"79.13";"Periodismo e información";"Mujeres";"Rendimiento"
"2021-2022";"71.7";"Periodismo e información";"Mujeres";"Rendimiento"
"2020-2021";"81.34";"Periodismo e información";"Mujeres";"Rendimiento"
"2019-2020";"85.45";"Periodismo e información";"Mujeres";"Rendimiento"
"2018-2019";"79.08";"Periodismo e información";"Mujeres";"Rendimiento"
"2017-2018";"82.17";"Periodismo e información";"Mujeres";"Rendimiento"
"2016-2017";"91.29";"Periodismo e información";"Mujeres";"Rendimiento"
"2015-2016";"68.99";"Periodismo e información";"Mujeres";"Rendimiento"
"2022-2023";"81.69";"Total Negocios, administración y derecho";"Mujeres";"Rendimiento"
"2021-2022";"74.21";"Total Negocios, administración y derecho";"Mujeres";"Rendimiento"
"2020-2021";"86.03";"Total Negocios, administración y derecho";"Mujeres";"Rendimiento"
"2019-2020";"87.7";"Total Negocios, administración y derecho";"Mujeres";"Rendimiento"
"2018-2019";"80.12";"Total Negocios, administración y derecho";"Mujeres";"Rendimiento"
"2017-2018";"83.36";"Total Negocios, administración y derecho";"Mujeres";"Rendimiento"
"2016-2017";"83.75";"Total Negocios, administración y derecho";"Mujeres";"Rendimiento"
"2015-2016";"82.24";"Total Negocios, administración y derecho";"Mujeres";"Rendimiento"
"2022-2023";"82.18";"Administración y gestión de empresas";"Mujeres";"Rendimiento"
"2021-2022";"64.71";"Administración y gestión de empresas";"Mujeres";"Rendimiento"
"2020-2021";"82.12";"Administración y gestión de empresas";"Mujeres";"Rendimiento"
"2019-2020";"86.59";"Administración y gestión de empresas";"Mujeres";"Rendimiento"
"2018-2019";"72.98";"Administración y gestión de empresas";"Mujeres";"Rendimiento"
"2017-2018";"74.88";"Administración y gestión de empresas";"Mujeres";"Rendimiento"
"2016-2017";"76.32";"Administración y gestión de empresas";"Mujeres";"Rendimiento"
"2015-2016";"84.75";"Administración y gestión de empresas";"Mujeres";"Rendimiento"
"2022-2023";"81.45";"Otra Educación comercial y empresarial";"Mujeres";"Rendimiento"
"2021-2022";"78.92";"Otra Educación comercial y empresarial";"Mujeres";"Rendimiento"
"2020-2021";"87.89";"Otra Educación comercial y empresarial";"Mujeres";"Rendimiento"
"2019-2020";"88.21";"Otra Educación comercial y empresarial";"Mujeres";"Rendimiento"
"2018-2019";"83.41";"Otra Educación comercial y empresarial";"Mujeres";"Rendimiento"
"2017-2018";"87.0";"Otra Educación comercial y empresarial";"Mujeres";"Rendimiento"
"2016-2017";"86.97";"Otra Educación comercial y empresarial";"Mujeres";"Rendimiento"
"2015-2016";"81.18";"Otra Educación comercial y empresarial";"Mujeres";"Rendimiento"
"2022-2023";"..";"Derecho";"Mujeres";"Rendimiento"
"2021-2022";"..";"Derecho";"Mujeres";"Rendimiento"
"2020-2021";"..";"Derecho";"Mujeres";"Rendimiento"
"2019-2020";"..";"Derecho";"Mujeres";"Rendimiento"
"2018-2019";"..";"Derecho";"Mujeres";"Rendimiento"
"2017-2018";"..";"Derecho";"Mujeres";"Rendimiento"
"2016-2017";"..";"Derecho";"Mujeres";"Rendimiento"
"2015-2016";"..";"Derecho";"Mujeres";"Rendimiento"
"2022-2023";"..";"Total Ciencias";"Mujeres";"Rendimiento"
"2021-2022";"..";"Total Ciencias";"Mujeres";"Rendimiento"
"2020-2021";"..";"Total Ciencias";"Mujeres";"Rendimiento"
"2019-2020";"..";"Total Ciencias";"Mujeres";"Rendimiento"
"2018-2019";"..";"Total Ciencias";"Mujeres";"Rendimiento"
"2017-2018";"..";"Total Ciencias";"Mujeres";"Rendimiento"
"2016-2017";"..";"Total Ciencias";"Mujeres";"Rendimiento"
"2015-2016";"..";"Total Ciencias";"Mujeres";"Rendimiento"
"2022-2023";"..";"Ciencias de la vida";"Mujeres";"Rendimiento"
"2021-2022";"..";"Ciencias de la vida";"Mujeres";"Rendimiento"
"2020-2021";"..";"Ciencias de la vida";"Mujeres";"Rendimiento"
"2019-2020";"..";"Ciencias de la vida";"Mujeres";"Rendimiento"
"2018-2019";"..";"Ciencias de la vida";"Mujeres";"Rendimiento"
"2017-2018";"..";"Ciencias de la vida";"Mujeres";"Rendimiento"
"2016-2017";"..";"Ciencias de la vida";"Mujeres";"Rendimiento"
"2015-2016";"..";"Ciencias de la vida";"Mujeres";"Rendimiento"
"2022-2023";"..";"Ciencias Físicas, químicas, geológicas";"Mujeres";"Rendimiento"
"2021-2022";"..";"Ciencias Físicas, químicas, geológicas";"Mujeres";"Rendimiento"
"2020-2021";"..";"Ciencias Físicas, químicas, geológicas";"Mujeres";"Rendimiento"
"2019-2020";"..";"Ciencias Físicas, químicas, geológicas";"Mujeres";"Rendimiento"
"2018-2019";"..";"Ciencias Físicas, químicas, geológicas";"Mujeres";"Rendimiento"
"2017-2018";"..";"Ciencias Físicas, químicas, geológicas";"Mujeres";"Rendimiento"
"2016-2017";"..";"Ciencias Físicas, químicas, geológicas";"Mujeres";"Rendimiento"
"2015-2016";"..";"Ciencias Físicas, químicas, geológicas";"Mujeres";"Rendimiento"
"2022-2023";"..";"Matemáticas y Estadística";"Mujeres";"Rendimiento"
"2021-2022";"..";"Matemáticas y Estadística";"Mujeres";"Rendimiento"
"2020-2021";"..";"Matemáticas y Estadística";"Mujeres";"Rendimiento"
"2019-2020";"..";"Matemáticas y Estadística";"Mujeres";"Rendimiento"
"2018-2019";"..";"Matemáticas y Estadística";"Mujeres";"Rendimiento"
"2017-2018";"..";"Matemáticas y Estadística";"Mujeres";"Rendimiento"
"2016-2017";"..";"Matemáticas y Estadística";"Mujeres";"Rendimiento"
"2015-2016";"..";"Matemáticas y Estadística";"Mujeres";"Rendimiento"
"2022-2023";"..";"Total Informática";"Mujeres";"Rendimiento"
"2021-2022";"..";"Total Informática";"Mujeres";"Rendimiento"
"2020-2021";"..";"Total Informática";"Mujeres";"Rendimiento"
"2019-2020";"..";"Total Informática";"Mujeres";"Rendimiento"
"2018-2019";"..";"Total Informática";"Mujeres";"Rendimiento"
"2017-2018";"..";"Total Informática";"Mujeres";"Rendimiento"
"2016-2017";"..";"Total Informática";"Mujeres";"Rendimiento"
"2015-2016";"..";"Total Informática";"Mujeres";"Rendimiento"
"2022-2023";"..";"Informática";"Mujeres";"Rendimiento"
"2021-2022";"..";"Informática";"Mujeres";"Rendimiento"
"2020-2021";"..";"Informática";"Mujeres";"Rendimiento"
"2019-2020";"..";"Informática";"Mujeres";"Rendimiento"
"2018-2019";"..";"Informática";"Mujeres";"Rendimiento"
"2017-2018";"..";"Informática";"Mujeres";"Rendimiento"
"2016-2017";"..";"Informática";"Mujeres";"Rendimiento"
"2015-2016";"..";"Informática";"Mujeres";"Rendimiento"
"2022-2023";"68.51";"Total Ingeniería, industria y construcción";"Mujeres";"Rendimiento"
"2021-2022";"66.47";"Total Ingeniería, industria y construcción";"Mujeres";"Rendimiento"
"2020-2021";"79.12";"Total Ingeniería, industria y construcción";"Mujeres";"Rendimiento"
"2019-2020";"91.39";"Total Ingeniería, industria y construcción";"Mujeres";"Rendimiento"
"2018-2019";"87.85";"Total Ingeniería, industria y construcción";"Mujeres";"Rendimiento"
"2017-2018";"74.09";"Total Ingeniería, industria y construcción";"Mujeres";"Rendimiento"
"2016-2017";"..";"Total Ingeniería, industria y construcción";"Mujeres";"Rendimiento"
"2015-2016";"..";"Total Ingeniería, industria y construcción";"Mujeres";"Rendimiento"
"2022-2023";"68.7";"Ingenierías";"Mujeres";"Rendimiento"
"2021-2022";"67.01";"Ingenierías";"Mujeres";"Rendimiento"
"2020-2021";"80.38";"Ingenierías";"Mujeres";"Rendimiento"
"2019-2020";"93.61";"Ingenierías";"Mujeres";"Rendimiento"
"2018-2019";"..";"Ingenierías";"Mujeres";"Rendimiento"
"2017-2018";"80.57";"Ingenierías";"Mujeres";"Rendimiento"
"2016-2017";"..";"Ingenierías";"Mujeres";"Rendimiento"
"2015-2016";"..";"Ingenierías";"Mujeres";"Rendimiento"
"2022-2023";"..";"Arquitectura y construcción";"Mujeres";"Rendimiento"
"2021-2022";"..";"Arquitectura y construcción";"Mujeres";"Rendimiento"
"2020-2021";"..";"Arquitectura y construcción";"Mujeres";"Rendimiento"
"2019-2020";"..";"Arquitectura y construcción";"Mujeres";"Rendimiento"
"2018-2019";"..";"Arquitectura y construcción";"Mujeres";"Rendimiento"
"2017-2018";"..";"Arquitectura y construcción";"Mujeres";"Rendimiento"
"2016-2017";"..";"Arquitectura y construcción";"Mujeres";"Rendimiento"
"2015-2016";"..";"Arquitectura y construcción";"Mujeres";"Rendimiento"
"2022-2023";"..";"Total Agricultura, ganadería,  silvicultura, pesca, y veterinaria";"Mujeres";"Rendimiento"
"2021-2022";"..";"Total Agricultura, ganadería,  silvicultura, pesca, y veterinaria";"Mujeres";"Rendimiento"
"2020-2021";"..";"Total Agricultura, ganadería,  silvicultura, pesca, y veterinaria";"Mujeres";"Rendimiento"
"2019-2020";"..";"Total Agricultura, ganadería,  silvicultura, pesca, y veterinaria";"Mujeres";"Rendimiento"
"2018-2019";"..";"Total Agricultura, ganadería,  silvicultura, pesca, y veterinaria";"Mujeres";"Rendimiento"
"2017-2018";"..";"Total Agricultura, ganadería,  silvicultura, pesca, y veterinaria";"Mujeres";"Rendimiento"
"2016-2017";"..";"Total Agricultura, ganadería,  silvicultura, pesca, y veterinaria";"Mujeres";"Rendimiento"
"2015-2016";"..";"Total Agricultura, ganadería,  silvicultura, pesca, y veterinaria";"Mujeres";"Rendimiento"
"2022-2023";"..";"Agricultura, ganadería y pesca";"Mujeres";"Rendimiento"
"2021-2022";"..";"Agricultura, ganadería y pesca";"Mujeres";"Rendimiento"
"2020-2021";"..";"Agricultura, ganadería y pesca";"Mujeres";"Rendimiento"
"2019-2020";"..";"Agricultura, ganadería y pesca";"Mujeres";"Rendimiento"
"2018-2019";"..";"Agricultura, ganadería y pesca";"Mujeres";"Rendimiento"
"2017-2018";"..";"Agricultura, ganadería y pesca";"Mujeres";"Rendimiento"
"2016-2017";"..";"Agricultura, ganadería y pesca";"Mujeres";"Rendimiento"
"2015-2016";"..";"Agricultura, ganadería y pesca";"Mujeres";"Rendimiento"
"2022-2023";"..";"Veterinaria";"Mujeres";"Rendimiento"
"2021-2022";"..";"Veterinaria";"Mujeres";"Rendimiento"
"2020-2021";"..";"Veterinaria";"Mujeres";"Rendimiento"
"2019-2020";"..";"Veterinaria";"Mujeres";"Rendimiento"
"2018-2019";"..";"Veterinaria";"Mujeres";"Rendimiento"
"2017-2018";"..";"Veterinaria";"Mujeres";"Rendimiento"
"2016-2017";"..";"Veterinaria";"Mujeres";"Rendimiento"
"2015-2016";"..";"Veterinaria";"Mujeres";"Rendimiento"
"2022-2023";"84.53";"Total Salud y servicios sociales";"Mujeres";"Rendimiento"
"2021-2022";"83.6";"Total Salud y servicios sociales";"Mujeres";"Rendimiento"
"2020-2021";"87.65";"Total Salud y servicios sociales";"Mujeres";"Rendimiento"
"2019-2020";"88.59";"Total Salud y servicios sociales";"Mujeres";"Rendimiento"
"2018-2019";"84.2";"Total Salud y servicios sociales";"Mujeres";"Rendimiento"
"2017-2018";"82.33";"Total Salud y servicios sociales";"Mujeres";"Rendimiento"
"2016-2017";"85.67";"Total Salud y servicios sociales";"Mujeres";"Rendimiento"
"2015-2016";"88.07";"Total Salud y servicios sociales";"Mujeres";"Rendimiento"
"2022-2023";"..";"Medicina";"Mujeres";"Rendimiento"
"2021-2022";"..";"Medicina";"Mujeres";"Rendimiento"
"2020-2021";"..";"Medicina";"Mujeres";"Rendimiento"
"2019-2020";"..";"Medicina";"Mujeres";"Rendimiento"
"2018-2019";"..";"Medicina";"Mujeres";"Rendimiento"
"2017-2018";"..";"Medicina";"Mujeres";"Rendimiento"
"2016-2017";"..";"Medicina";"Mujeres";"Rendimiento"
"2015-2016";"..";"Medicina";"Mujeres";"Rendimiento"
"2022-2023";"..";"Enfermería y atención a enfermos";"Mujeres";"Rendimiento"
"2021-2022";"..";"Enfermería y atención a enfermos";"Mujeres";"Rendimiento"
"2020-2021";"..";"Enfermería y atención a enfermos";"Mujeres";"Rendimiento"
"2019-2020";"..";"Enfermería y atención a enfermos";"Mujeres";"Rendimiento"
"2018-2019";"..";"Enfermería y atención a enfermos";"Mujeres";"Rendimiento"
"2017-2018";"..";"Enfermería y atención a enfermos";"Mujeres";"Rendimiento"
"2016-2017";"..";"Enfermería y atención a enfermos";"Mujeres";"Rendimiento"
"2015-2016";"..";"Enfermería y atención a enfermos";"Mujeres";"Rendimiento"
"2022-2023";"84.53";"Otras ciencias de la Salud";"Mujeres";"Rendimiento"
"2021-2022";"83.6";"Otras ciencias de la Salud";"Mujeres";"Rendimiento"
"2020-2021";"87.65";"Otras ciencias de la Salud";"Mujeres";"Rendimiento"
"2019-2020";"88.59";"Otras ciencias de la Salud";"Mujeres";"Rendimiento"
"2018-2019";"84.2";"Otras ciencias de la Salud";"Mujeres";"Rendimiento"
"2017-2018";"82.33";"Otras ciencias de la Salud";"Mujeres";"Rendimiento"
"2016-2017";"85.67";"Otras ciencias de la Salud";"Mujeres";"Rendimiento"
"2015-2016";"88.07";"Otras ciencias de la Salud";"Mujeres";"Rendimiento"
"2022-2023";"..";"Trabajo social y orientación";"Mujeres";"Rendimiento"
"2021-2022";"..";"Trabajo social y orientación";"Mujeres";"Rendimiento"
"2020-2021";"..";"Trabajo social y orientación";"Mujeres";"Rendimiento"
"2019-2020";"..";"Trabajo social y orientación";"Mujeres";"Rendimiento"
"2018-2019";"..";"Trabajo social y orientación";"Mujeres";"Rendimiento"
"2017-2018";"..";"Trabajo social y orientación";"Mujeres";"Rendimiento"
"2016-2017";"..";"Trabajo social y orientación";"Mujeres";"Rendimiento"
"2015-2016";"..";"Trabajo social y orientación";"Mujeres";"Rendimiento"
"2022-2023";"85.93";"Total Servicios";"Mujeres";"Rendimiento"
"2021-2022";"86.57";"Total Servicios";"Mujeres";"Rendimiento"
"2020-2021";"90.38";"Total Servicios";"Mujeres";"Rendimiento"
"2019-2020";"90.18";"Total Servicios";"Mujeres";"Rendimiento"
"2018-2019";"85.19";"Total Servicios";"Mujeres";"Rendimiento"
"2017-2018";"88.15";"Total Servicios";"Mujeres";"Rendimiento"
"2016-2017";"89.04";"Total Servicios";"Mujeres";"Rendimiento"
"2015-2016";"89.01";"Total Servicios";"Mujeres";"Rendimiento"
"2022-2023";"85.93";"Deportes";"Mujeres";"Rendimiento"
"2021-2022";"86.67";"Deportes";"Mujeres";"Rendimiento"
"2020-2021";"90.52";"Deportes";"Mujeres";"Rendimiento"
"2019-2020";"90.33";"Deportes";"Mujeres";"Rendimiento"
"2018-2019";"85.19";"Deportes";"Mujeres";"Rendimiento"
"2017-2018";"88.13";"Deportes";"Mujeres";"Rendimiento"
"2016-2017";"89.32";"Deportes";"Mujeres";"Rendimiento"
"2015-2016";"89.44";"Deportes";"Mujeres";"Rendimiento"
"2022-2023";"..";"Turismo y Hostelería";"Mujeres";"Rendimiento"
"2021-2022";"..";"Turismo y Hostelería";"Mujeres";"Rendimiento"
"2020-2021";"..";"Turismo y Hostelería";"Mujeres";"Rendimiento"
"2019-2020";"..";"Turismo y Hostelería";"Mujeres";"Rendimiento"
"2018-2019";"..";"Turismo y Hostelería";"Mujeres";"Rendimiento"
"2017-2018";"..";"Turismo y Hostelería";"Mujeres";"Rendimiento"
"2016-2017";"..";"Turismo y Hostelería";"Mujeres";"Rendimiento"
"2015-2016";"..";"Turismo y Hostelería";"Mujeres";"Rendimiento"
"2022-2023";"..";"Otros Servicios";"Mujeres";"Rendimiento"
"2021-2022";"..";"Otros Servicios";"Mujeres";"Rendimiento"
"2020-2021";"..";"Otros Servicios";"Mujeres";"Rendimiento"
"2019-2020";"..";"Otros Servicios";"Mujeres";"Rendimiento"
"2018-2019";"..";"Otros Servicios";"Mujeres";"Rendimiento"
"2017-2018";"..";"Otros Servicios";"Mujeres";"Rendimiento"
"2016-2017";"..";"Otros Servicios";"Mujeres";"Rendimiento"
"2015-2016";"..";"Otros Servicios";"Mujeres";"Rendimiento"
"2022-2023";"???";"Europea Miguel de Cervantes";"Mujeres";"Exito"
"2021-2022";"???";"Europea Miguel de Cervantes";"Mujeres";"Exito"
"2020-2021";"???";"Europea Miguel de Cervantes";"Mujeres";"Exito"
"2019-2020";"???";"Europea Miguel de Cervantes";"Mujeres";"Exito"
"2018-2019";"???";"Europea Miguel de Cervantes";"Mujeres";"Exito"
"2017-2018";"???";"Europea Miguel de Cervantes";"Mujeres";"Exito"
"2016-2017";"???";"Europea Miguel de Cervantes";"Mujeres";"Exito"
"2015-2016";"???";"Europea Miguel de Cervantes";"Mujeres";"Exito"
"2022-2023";"92.52";"Todos los ámbitos";"Mujeres";"Exito"
"2021-2022";"91.86";"Todos los ámbitos";"Mujeres";"Exito"
"2020-2021";"93.92";"Todos los ámbitos";"Mujeres";"Exito"
"2019-2020";"94.01";"Todos los ámbitos";"Mujeres";"Exito"
"2018-2019";"89.92";"Todos los ámbitos";"Mujeres";"Exito"
"2017-2018";"89.0";"Todos los ámbitos";"Mujeres";"Exito"
"2016-2017";"90.89";"Todos los ámbitos";"Mujeres";"Exito"
"2015-2016";"90.95";"Todos los ámbitos";"Mujeres";"Exito"
"2022-2023";"..";"Total Educación";"Mujeres";"Exito"
"2021-2022";"..";"Total Educación";"Mujeres";"Exito"
"2020-2021";"..";"Total Educación";"Mujeres";"Exito"
"2019-2020";"..";"Total Educación";"Mujeres";"Exito"
"2018-2019";"..";"Total Educación";"Mujeres";"Exito"
"2017-2018";"..";"Total Educación";"Mujeres";"Exito"
"2016-2017";"..";"Total Educación";"Mujeres";"Exito"
"2015-2016";"..";"Total Educación";"Mujeres";"Exito"
"2022-2023";"..";"Formación de docentes de enseñanza infantil";"Mujeres";"Exito"
"2021-2022";"..";"Formación de docentes de enseñanza infantil";"Mujeres";"Exito"
"2020-2021";"..";"Formación de docentes de enseñanza infantil";"Mujeres";"Exito"
"2019-2020";"..";"Formación de docentes de enseñanza infantil";"Mujeres";"Exito"
"2018-2019";"..";"Formación de docentes de enseñanza infantil";"Mujeres";"Exito"
"2017-2018";"..";"Formación de docentes de enseñanza infantil";"Mujeres";"Exito"
"2016-2017";"..";"Formación de docentes de enseñanza infantil";"Mujeres";"Exito"
"2015-2016";"..";"Formación de docentes de enseñanza infantil";"Mujeres";"Exito"
"2022-2023";"..";"Formación de docentes de enseñanza primaria";"Mujeres";"Exito"
"2021-2022";"..";"Formación de docentes de enseñanza primaria";"Mujeres";"Exito"
"2020-2021";"..";"Formación de docentes de enseñanza primaria";"Mujeres";"Exito"
"2019-2020";"..";"Formación de docentes de enseñanza primaria";"Mujeres";"Exito"
"2018-2019";"..";"Formación de docentes de enseñanza primaria";"Mujeres";"Exito"
"2017-2018";"..";"Formación de docentes de enseñanza primaria";"Mujeres";"Exito"
"2016-2017";"..";"Formación de docentes de enseñanza primaria";"Mujeres";"Exito"
"2015-2016";"..";"Formación de docentes de enseñanza primaria";"Mujeres";"Exito"
"2022-2023";"..";"Otra Formación de personal docente y ciencias de la educación";"Mujeres";"Exito"
"2021-2022";"..";"Otra Formación de personal docente y ciencias de la educación";"Mujeres";"Exito"
"2020-2021";"..";"Otra Formación de personal docente y ciencias de la educación";"Mujeres";"Exito"
"2019-2020";"..";"Otra Formación de personal docente y ciencias de la educación";"Mujeres";"Exito"
"2018-2019";"..";"Otra Formación de personal docente y ciencias de la educación";"Mujeres";"Exito"
"2017-2018";"..";"Otra Formación de personal docente y ciencias de la educación";"Mujeres";"Exito"
"2016-2017";"..";"Otra Formación de personal docente y ciencias de la educación";"Mujeres";"Exito"
"2015-2016";"..";"Otra Formación de personal docente y ciencias de la educación";"Mujeres";"Exito"
"2022-2023";"94.24";"Total Artes y humanidades";"Mujeres";"Exito"
"2021-2022";"94.84";"Total Artes y humanidades";"Mujeres";"Exito"
"2020-2021";"96.06";"Total Artes y humanidades";"Mujeres";"Exito"
"2019-2020";"90.1";"Total Artes y humanidades";"Mujeres";"Exito"
"2018-2019";"92.95";"Total Artes y humanidades";"Mujeres";"Exito"
"2017-2018";"94.25";"Total Artes y humanidades";"Mujeres";"Exito"
"2016-2017";"..";"Total Artes y humanidades";"Mujeres";"Exito"
"2015-2016";"..";"Total Artes y humanidades";"Mujeres";"Exito"
"2022-2023";"94.24";"Técnicas audiovisuales y medios de comunicación";"Mujeres";"Exito"
"2021-2022";"94.84";"Técnicas audiovisuales y medios de comunicación";"Mujeres";"Exito"
"2020-2021";"96.06";"Técnicas audiovisuales y medios de comunicación";"Mujeres";"Exito"
"2019-2020";"90.1";"Técnicas audiovisuales y medios de comunicación";"Mujeres";"Exito"
"2018-2019";"92.95";"Técnicas audiovisuales y medios de comunicación";"Mujeres";"Exito"
"2017-2018";"94.25";"Técnicas audiovisuales y medios de comunicación";"Mujeres";"Exito"
"2016-2017";"..";"Técnicas audiovisuales y medios de comunicación";"Mujeres";"Exito"
"2015-2016";"..";"Técnicas audiovisuales y medios de comunicación";"Mujeres";"Exito"
"2022-2023";"..";"Artes";"Mujeres";"Exito"
"2021-2022";"..";"Artes";"Mujeres";"Exito"
"2020-2021";"..";"Artes";"Mujeres";"Exito"
"2019-2020";"..";"Artes";"Mujeres";"Exito"
"2018-2019";"..";"Artes";"Mujeres";"Exito"
"2017-2018";"..";"Artes";"Mujeres";"Exito"
"2016-2017";"..";"Artes";"Mujeres";"Exito"
"2015-2016";"..";"Artes";"Mujeres";"Exito"
"2022-2023";"..";"Lenguas";"Mujeres";"Exito"
"2021-2022";"..";"Lenguas";"Mujeres";"Exito"
"2020-2021";"..";"Lenguas";"Mujeres";"Exito"
"2019-2020";"..";"Lenguas";"Mujeres";"Exito"
"2018-2019";"..";"Lenguas";"Mujeres";"Exito"
"2017-2018";"..";"Lenguas";"Mujeres";"Exito"
"2016-2017";"..";"Lenguas";"Mujeres";"Exito"
"2015-2016";"..";"Lenguas";"Mujeres";"Exito"
"2022-2023";"..";"Humanidades";"Mujeres";"Exito"
"2021-2022";"..";"Humanidades";"Mujeres";"Exito"
"2020-2021";"..";"Humanidades";"Mujeres";"Exito"
"2019-2020";"..";"Humanidades";"Mujeres";"Exito"
"2018-2019";"..";"Humanidades";"Mujeres";"Exito"
"2017-2018";"..";"Humanidades";"Mujeres";"Exito"
"2016-2017";"..";"Humanidades";"Mujeres";"Exito"
"2015-2016";"..";"Humanidades";"Mujeres";"Exito"
"2022-2023";"94.87";"Total Ciencias sociales, periodismo y documentación";"Mujeres";"Exito"
"2021-2022";"95.07";"Total Ciencias sociales, periodismo y documentación";"Mujeres";"Exito"
"2020-2021";"95.32";"Total Ciencias sociales, periodismo y documentación";"Mujeres";"Exito"
"2019-2020";"93.99";"Total Ciencias sociales, periodismo y documentación";"Mujeres";"Exito"
"2018-2019";"90.17";"Total Ciencias sociales, periodismo y documentación";"Mujeres";"Exito"
"2017-2018";"89.95";"Total Ciencias sociales, periodismo y documentación";"Mujeres";"Exito"
"2016-2017";"94.47";"Total Ciencias sociales, periodismo y documentación";"Mujeres";"Exito"
"2015-2016";"88.62";"Total Ciencias sociales, periodismo y documentación";"Mujeres";"Exito"
"2022-2023";"96.15";"Psicología";"Mujeres";"Exito"
"2021-2022";"96.02";"Psicología";"Mujeres";"Exito"
"2020-2021";"95.83";"Psicología";"Mujeres";"Exito"
"2019-2020";"94.73";"Psicología";"Mujeres";"Exito"
"2018-2019";"90.99";"Psicología";"Mujeres";"Exito"
"2017-2018";"85.82";"Psicología";"Mujeres";"Exito"
"2016-2017";"..";"Psicología";"Mujeres";"Exito"
"2015-2016";"..";"Psicología";"Mujeres";"Exito"
"2022-2023";"..";"Economía";"Mujeres";"Exito"
"2021-2022";"..";"Economía";"Mujeres";"Exito"
"2020-2021";"..";"Economía";"Mujeres";"Exito"
"2019-2020";"..";"Economía";"Mujeres";"Exito"
"2018-2019";"..";"Economía";"Mujeres";"Exito"
"2017-2018";"..";"Economía";"Mujeres";"Exito"
"2016-2017";"..";"Economía";"Mujeres";"Exito"
"2015-2016";"..";"Economía";"Mujeres";"Exito"
"2022-2023";"92.86";"Otras Ciencias sociales y del comportamiento";"Mujeres";"Exito"
"2021-2022";"94.54";"Otras Ciencias sociales y del comportamiento";"Mujeres";"Exito"
"2020-2021";"94.02";"Otras Ciencias sociales y del comportamiento";"Mujeres";"Exito"
"2019-2020";"93.37";"Otras Ciencias sociales y del comportamiento";"Mujeres";"Exito"
"2018-2019";"89.32";"Otras Ciencias sociales y del comportamiento";"Mujeres";"Exito"
"2017-2018";"92.97";"Otras Ciencias sociales y del comportamiento";"Mujeres";"Exito"
"2016-2017";"..";"Otras Ciencias sociales y del comportamiento";"Mujeres";"Exito"
"2015-2016";"..";"Otras Ciencias sociales y del comportamiento";"Mujeres";"Exito"
"2022-2023";"93.9";"Periodismo e información";"Mujeres";"Exito"
"2021-2022";"92.11";"Periodismo e información";"Mujeres";"Exito"
"2020-2021";"95.89";"Periodismo e información";"Mujeres";"Exito"
"2019-2020";"92.92";"Periodismo e información";"Mujeres";"Exito"
"2018-2019";"89.75";"Periodismo e información";"Mujeres";"Exito"
"2017-2018";"90.93";"Periodismo e información";"Mujeres";"Exito"
"2016-2017";"94.12";"Periodismo e información";"Mujeres";"Exito"
"2015-2016";"88.62";"Periodismo e información";"Mujeres";"Exito"
"2022-2023";"93.24";"Total Negocios, administración y derecho";"Mujeres";"Exito"
"2021-2022";"89.82";"Total Negocios, administración y derecho";"Mujeres";"Exito"
"2020-2021";"95.47";"Total Negocios, administración y derecho";"Mujeres";"Exito"
"2019-2020";"94.66";"Total Negocios, administración y derecho";"Mujeres";"Exito"
"2018-2019";"90.69";"Total Negocios, administración y derecho";"Mujeres";"Exito"
"2017-2018";"89.36";"Total Negocios, administración y derecho";"Mujeres";"Exito"
"2016-2017";"91.78";"Total Negocios, administración y derecho";"Mujeres";"Exito"
"2015-2016";"90.07";"Total Negocios, administración y derecho";"Mujeres";"Exito"
"2022-2023";"92.22";"Administración y gestión de empresas";"Mujeres";"Exito"
"2021-2022";"86.32";"Administración y gestión de empresas";"Mujeres";"Exito"
"2020-2021";"92.35";"Administración y gestión de empresas";"Mujeres";"Exito"
"2019-2020";"93.0";"Administración y gestión de empresas";"Mujeres";"Exito"
"2018-2019";"86.64";"Administración y gestión de empresas";"Mujeres";"Exito"
"2017-2018";"84.74";"Administración y gestión de empresas";"Mujeres";"Exito"
"2016-2017";"87.5";"Administración y gestión de empresas";"Mujeres";"Exito"
"2015-2016";"91.74";"Administración y gestión de empresas";"Mujeres";"Exito"
"2022-2023";"93.77";"Otra Educación comercial y empresarial";"Mujeres";"Exito"
"2021-2022";"91.32";"Otra Educación comercial y empresarial";"Mujeres";"Exito"
"2020-2021";"96.93";"Otra Educación comercial y empresarial";"Mujeres";"Exito"
"2019-2020";"95.44";"Otra Educación comercial y empresarial";"Mujeres";"Exito"
"2018-2019";"92.43";"Otra Educación comercial y empresarial";"Mujeres";"Exito"
"2017-2018";"91.19";"Otra Educación comercial y empresarial";"Mujeres";"Exito"
"2016-2017";"93.52";"Otra Educación comercial y empresarial";"Mujeres";"Exito"
"2015-2016";"89.35";"Otra Educación comercial y empresarial";"Mujeres";"Exito"
"2022-2023";"..";"Derecho";"Mujeres";"Exito"
"2021-2022";"..";"Derecho";"Mujeres";"Exito"
"2020-2021";"..";"Derecho";"Mujeres";"Exito"
"2019-2020";"..";"Derecho";"Mujeres";"Exito"
"2018-2019";"..";"Derecho";"Mujeres";"Exito"
"2017-2018";"..";"Derecho";"Mujeres";"Exito"
"2016-2017";"..";"Derecho";"Mujeres";"Exito"
"2015-2016";"..";"Derecho";"Mujeres";"Exito"
"2022-2023";"..";"Total Ciencias";"Mujeres";"Exito"
"2021-2022";"..";"Total Ciencias";"Mujeres";"Exito"
"2020-2021";"..";"Total Ciencias";"Mujeres";"Exito"
"2019-2020";"..";"Total Ciencias";"Mujeres";"Exito"
"2018-2019";"..";"Total Ciencias";"Mujeres";"Exito"
"2017-2018";"..";"Total Ciencias";"Mujeres";"Exito"
"2016-2017";"..";"Total Ciencias";"Mujeres";"Exito"
"2015-2016";"..";"Total Ciencias";"Mujeres";"Exito"
"2022-2023";"..";"Ciencias de la vida";"Mujeres";"Exito"
"2021-2022";"..";"Ciencias de la vida";"Mujeres";"Exito"
"2020-2021";"..";"Ciencias de la vida";"Mujeres";"Exito"
"2019-2020";"..";"Ciencias de la vida";"Mujeres";"Exito"
"2018-2019";"..";"Ciencias de la vida";"Mujeres";"Exito"
"2017-2018";"..";"Ciencias de la vida";"Mujeres";"Exito"
"2016-2017";"..";"Ciencias de la vida";"Mujeres";"Exito"
"2015-2016";"..";"Ciencias de la vida";"Mujeres";"Exito"
"2022-2023";"..";"Ciencias Físicas, químicas, geológicas";"Mujeres";"Exito"
"2021-2022";"..";"Ciencias Físicas, químicas, geológicas";"Mujeres";"Exito"
"2020-2021";"..";"Ciencias Físicas, químicas, geológicas";"Mujeres";"Exito"
"2019-2020";"..";"Ciencias Físicas, químicas, geológicas";"Mujeres";"Exito"
"2018-2019";"..";"Ciencias Físicas, químicas, geológicas";"Mujeres";"Exito"
"2017-2018";"..";"Ciencias Físicas, químicas, geológicas";"Mujeres";"Exito"
"2016-2017";"..";"Ciencias Físicas, químicas, geológicas";"Mujeres";"Exito"
"2015-2016";"..";"Ciencias Físicas, químicas, geológicas";"Mujeres";"Exito"
"2022-2023";"..";"Matemáticas y Estadística";"Mujeres";"Exito"
"2021-2022";"..";"Matemáticas y Estadística";"Mujeres";"Exito"
"2020-2021";"..";"Matemáticas y Estadística";"Mujeres";"Exito"
"2019-2020";"..";"Matemáticas y Estadística";"Mujeres";"Exito"
"2018-2019";"..";"Matemáticas y Estadística";"Mujeres";"Exito"
"2017-2018";"..";"Matemáticas y Estadística";"Mujeres";"Exito"
"2016-2017";"..";"Matemáticas y Estadística";"Mujeres";"Exito"
"2015-2016";"..";"Matemáticas y Estadística";"Mujeres";"Exito"
"2022-2023";"..";"Total Informática";"Mujeres";"Exito"
"2021-2022";"..";"Total Informática";"Mujeres";"Exito"
"2020-2021";"..";"Total Informática";"Mujeres";"Exito"
"2019-2020";"..";"Total Informática";"Mujeres";"Exito"
"2018-2019";"..";"Total Informática";"Mujeres";"Exito"
"2017-2018";"..";"Total Informática";"Mujeres";"Exito"
"2016-2017";"..";"Total Informática";"Mujeres";"Exito"
"2015-2016";"..";"Total Informática";"Mujeres";"Exito"
"2022-2023";"..";"Informática";"Mujeres";"Exito"
"2021-2022";"..";"Informática";"Mujeres";"Exito"
"2020-2021";"..";"Informática";"Mujeres";"Exito"
"2019-2020";"..";"Informática";"Mujeres";"Exito"
"2018-2019";"..";"Informática";"Mujeres";"Exito"
"2017-2018";"..";"Informática";"Mujeres";"Exito"
"2016-2017";"..";"Informática";"Mujeres";"Exito"
"2015-2016";"..";"Informática";"Mujeres";"Exito"
"2022-2023";"90.2";"Total Ingeniería, industria y construcción";"Mujeres";"Exito"
"2021-2022";"95.11";"Total Ingeniería, industria y construcción";"Mujeres";"Exito"
"2020-2021";"97.06";"Total Ingeniería, industria y construcción";"Mujeres";"Exito"
"2019-2020";"97.28";"Total Ingeniería, industria y construcción";"Mujeres";"Exito"
"2018-2019";"95.18";"Total Ingeniería, industria y construcción";"Mujeres";"Exito"
"2017-2018";"85.35";"Total Ingeniería, industria y construcción";"Mujeres";"Exito"
"2016-2017";"..";"Total Ingeniería, industria y construcción";"Mujeres";"Exito"
"2015-2016";"..";"Total Ingeniería, industria y construcción";"Mujeres";"Exito"
"2022-2023";"90.03";"Ingenierías";"Mujeres";"Exito"
"2021-2022";"95.28";"Ingenierías";"Mujeres";"Exito"
"2020-2021";"97.29";"Ingenierías";"Mujeres";"Exito"
"2019-2020";"98.27";"Ingenierías";"Mujeres";"Exito"
"2018-2019";"..";"Ingenierías";"Mujeres";"Exito"
"2017-2018";"89.01";"Ingenierías";"Mujeres";"Exito"
"2016-2017";"..";"Ingenierías";"Mujeres";"Exito"
"2015-2016";"..";"Ingenierías";"Mujeres";"Exito"
"2022-2023";"..";"Arquitectura y construcción";"Mujeres";"Exito"
"2021-2022";"..";"Arquitectura y construcción";"Mujeres";"Exito"
"2020-2021";"..";"Arquitectura y construcción";"Mujeres";"Exito"
"2019-2020";"..";"Arquitectura y construcción";"Mujeres";"Exito"
"2018-2019";"..";"Arquitectura y construcción";"Mujeres";"Exito"
"2017-2018";"..";"Arquitectura y construcción";"Mujeres";"Exito"
"2016-2017";"..";"Arquitectura y construcción";"Mujeres";"Exito"
"2015-2016";"..";"Arquitectura y construcción";"Mujeres";"Exito"
"2022-2023";"..";"Total Agricultura, ganadería,  silvicultura, pesca, y veterinaria";"Mujeres";"Exito"
"2021-2022";"..";"Total Agricultura, ganadería,  silvicultura, pesca, y veterinaria";"Mujeres";"Exito"
"2020-2021";"..";"Total Agricultura, ganadería,  silvicultura, pesca, y veterinaria";"Mujeres";"Exito"
"2019-2020";"..";"Total Agricultura, ganadería,  silvicultura, pesca, y veterinaria";"Mujeres";"Exito"
"2018-2019";"..";"Total Agricultura, ganadería,  silvicultura, pesca, y veterinaria";"Mujeres";"Exito"
"2017-2018";"..";"Total Agricultura, ganadería,  silvicultura, pesca, y veterinaria";"Mujeres";"Exito"
"2016-2017";"..";"Total Agricultura, ganadería,  silvicultura, pesca, y veterinaria";"Mujeres";"Exito"
"2015-2016";"..";"Total Agricultura, ganadería,  silvicultura, pesca, y veterinaria";"Mujeres";"Exito"
"2022-2023";"..";"Agricultura, ganadería y pesca";"Mujeres";"Exito"
"2021-2022";"..";"Agricultura, ganadería y pesca";"Mujeres";"Exito"
"2020-2021";"..";"Agricultura, ganadería y pesca";"Mujeres";"Exito"
"2019-2020";"..";"Agricultura, ganadería y pesca";"Mujeres";"Exito"
"2018-2019";"..";"Agricultura, ganadería y pesca";"Mujeres";"Exito"
"2017-2018";"..";"Agricultura, ganadería y pesca";"Mujeres";"Exito"
"2016-2017";"..";"Agricultura, ganadería y pesca";"Mujeres";"Exito"
"2015-2016";"..";"Agricultura, ganadería y pesca";"Mujeres";"Exito"
"2022-2023";"..";"Veterinaria";"Mujeres";"Exito"
"2021-2022";"..";"Veterinaria";"Mujeres";"Exito"
"2020-2021";"..";"Veterinaria";"Mujeres";"Exito"
"2019-2020";"..";"Veterinaria";"Mujeres";"Exito"
"2018-2019";"..";"Veterinaria";"Mujeres";"Exito"
"2017-2018";"..";"Veterinaria";"Mujeres";"Exito"
"2016-2017";"..";"Veterinaria";"Mujeres";"Exito"
"2015-2016";"..";"Veterinaria";"Mujeres";"Exito"
"2022-2023";"90.7";"Total Salud y servicios sociales";"Mujeres";"Exito"
"2021-2022";"89.55";"Total Salud y servicios sociales";"Mujeres";"Exito"
"2020-2021";"91.83";"Total Salud y servicios sociales";"Mujeres";"Exito"
"2019-2020";"93.47";"Total Salud y servicios sociales";"Mujeres";"Exito"
"2018-2019";"88.79";"Total Salud y servicios sociales";"Mujeres";"Exito"
"2017-2018";"87.13";"Total Salud y servicios sociales";"Mujeres";"Exito"
"2016-2017";"89.55";"Total Salud y servicios sociales";"Mujeres";"Exito"
"2015-2016";"90.63";"Total Salud y servicios sociales";"Mujeres";"Exito"
"2022-2023";"..";"Medicina";"Mujeres";"Exito"
"2021-2022";"..";"Medicina";"Mujeres";"Exito"
"2020-2021";"..";"Medicina";"Mujeres";"Exito"
"2019-2020";"..";"Medicina";"Mujeres";"Exito"
"2018-2019";"..";"Medicina";"Mujeres";"Exito"
"2017-2018";"..";"Medicina";"Mujeres";"Exito"
"2016-2017";"..";"Medicina";"Mujeres";"Exito"
"2015-2016";"..";"Medicina";"Mujeres";"Exito"
"2022-2023";"..";"Enfermería y atención a enfermos";"Mujeres";"Exito"
"2021-2022";"..";"Enfermería y atención a enfermos";"Mujeres";"Exito"
"2020-2021";"..";"Enfermería y atención a enfermos";"Mujeres";"Exito"
"2019-2020";"..";"Enfermería y atención a enfermos";"Mujeres";"Exito"
"2018-2019";"..";"Enfermería y atención a enfermos";"Mujeres";"Exito"
"2017-2018";"..";"Enfermería y atención a enfermos";"Mujeres";"Exito"
"2016-2017";"..";"Enfermería y atención a enfermos";"Mujeres";"Exito"
"2015-2016";"..";"Enfermería y atención a enfermos";"Mujeres";"Exito"
"2022-2023";"90.7";"Otras ciencias de la Salud";"Mujeres";"Exito"
"2021-2022";"89.55";"Otras ciencias de la Salud";"Mujeres";"Exito"
"2020-2021";"91.83";"Otras ciencias de la Salud";"Mujeres";"Exito"
"2019-2020";"93.47";"Otras ciencias de la Salud";"Mujeres";"Exito"
"2018-2019";"88.79";"Otras ciencias de la Salud";"Mujeres";"Exito"
"2017-2018";"87.13";"Otras ciencias de la Salud";"Mujeres";"Exito"
"2016-2017";"89.55";"Otras ciencias de la Salud";"Mujeres";"Exito"
"2015-2016";"90.63";"Otras ciencias de la Salud";"Mujeres";"Exito"
"2022-2023";"..";"Trabajo social y orientación";"Mujeres";"Exito"
"2021-2022";"..";"Trabajo social y orientación";"Mujeres";"Exito"
"2020-2021";"..";"Trabajo social y orientación";"Mujeres";"Exito"
"2019-2020";"..";"Trabajo social y orientación";"Mujeres";"Exito"
"2018-2019";"..";"Trabajo social y orientación";"Mujeres";"Exito"
"2017-2018";"..";"Trabajo social y orientación";"Mujeres";"Exito"
"2016-2017";"..";"Trabajo social y orientación";"Mujeres";"Exito"
"2015-2016";"..";"Trabajo social y orientación";"Mujeres";"Exito"
"2022-2023";"88.61";"Total Servicios";"Mujeres";"Exito"
"2021-2022";"90.55";"Total Servicios";"Mujeres";"Exito"
"2020-2021";"93.78";"Total Servicios";"Mujeres";"Exito"
"2019-2020";"94.67";"Total Servicios";"Mujeres";"Exito"
"2018-2019";"89.68";"Total Servicios";"Mujeres";"Exito"
"2017-2018";"92.03";"Total Servicios";"Mujeres";"Exito"
"2016-2017";"90.78";"Total Servicios";"Mujeres";"Exito"
"2015-2016";"92.54";"Total Servicios";"Mujeres";"Exito"
"2022-2023";"88.61";"Deportes";"Mujeres";"Exito"
"2021-2022";"90.55";"Deportes";"Mujeres";"Exito"
"2020-2021";"93.78";"Deportes";"Mujeres";"Exito"
"2019-2020";"94.67";"Deportes";"Mujeres";"Exito"
"2018-2019";"89.68";"Deportes";"Mujeres";"Exito"
"2017-2018";"91.76";"Deportes";"Mujeres";"Exito"
"2016-2017";"91.0";"Deportes";"Mujeres";"Exito"
"2015-2016";"91.78";"Deportes";"Mujeres";"Exito"
"2022-2023";"..";"Turismo y Hostelería";"Mujeres";"Exito"
"2021-2022";"..";"Turismo y Hostelería";"Mujeres";"Exito"
"2020-2021";"..";"Turismo y Hostelería";"Mujeres";"Exito"
"2019-2020";"..";"Turismo y Hostelería";"Mujeres";"Exito"
"2018-2019";"..";"Turismo y Hostelería";"Mujeres";"Exito"
"2017-2018";"..";"Turismo y Hostelería";"Mujeres";"Exito"
"2016-2017";"..";"Turismo y Hostelería";"Mujeres";"Exito"
"2015-2016";"..";"Turismo y Hostelería";"Mujeres";"Exito"
"2022-2023";"..";"Otros Servicios";"Mujeres";"Exito"
"2021-2022";"..";"Otros Servicios";"Mujeres";"Exito"
"2020-2021";"..";"Otros Servicios";"Mujeres";"Exito"
"2019-2020";"..";"Otros Servicios";"Mujeres";"Exito"
"2018-2019";"..";"Otros Servicios";"Mujeres";"Exito"
"2017-2018";"..";"Otros Servicios";"Mujeres";"Exito"
"2016-2017";"..";"Otros Servicios";"Mujeres";"Exito"
"2015-2016";"..";"Otros Servicios";"Mujeres";"Exito"
"2022-2023";"???";"Europea Miguel de Cervantes";"Mujeres";"Evaluacion"
"2021-2022";"???";"Europea Miguel de Cervantes";"Mujeres";"Evaluacion"
"2020-2021";"???";"Europea Miguel de Cervantes";"Mujeres";"Evaluacion"
"2019-2020";"???";"Europea Miguel de Cervantes";"Mujeres";"Evaluacion"
"2018-2019";"???";"Europea Miguel de Cervantes";"Mujeres";"Evaluacion"
"2017-2018";"???";"Europea Miguel de Cervantes";"Mujeres";"Evaluacion"
"2016-2017";"???";"Europea Miguel de Cervantes";"Mujeres";"Evaluacion"
"2015-2016";"???";"Europea Miguel de Cervantes";"Mujeres";"Evaluacion"
"2022-2023";"92.35";"Todos los ámbitos";"Mujeres";"Evaluacion"
"2021-2022";"90.33";"Todos los ámbitos";"Mujeres";"Evaluacion"
"2020-2021";"93.26";"Todos los ámbitos";"Mujeres";"Evaluacion"
"2019-2020";"94.1";"Todos los ámbitos";"Mujeres";"Evaluacion"
"2018-2019";"93.13";"Todos los ámbitos";"Mujeres";"Evaluacion"
"2017-2018";"93.71";"Todos los ámbitos";"Mujeres";"Evaluacion"
"2016-2017";"95.1";"Todos los ámbitos";"Mujeres";"Evaluacion"
"2015-2016";"93.77";"Todos los ámbitos";"Mujeres";"Evaluacion"
"2022-2023";"..";"Total Educación";"Mujeres";"Evaluacion"
"2021-2022";"..";"Total Educación";"Mujeres";"Evaluacion"
"2020-2021";"..";"Total Educación";"Mujeres";"Evaluacion"
"2019-2020";"..";"Total Educación";"Mujeres";"Evaluacion"
"2018-2019";"..";"Total Educación";"Mujeres";"Evaluacion"
"2017-2018";"..";"Total Educación";"Mujeres";"Evaluacion"
"2016-2017";"..";"Total Educación";"Mujeres";"Evaluacion"
"2015-2016";"..";"Total Educación";"Mujeres";"Evaluacion"
"2022-2023";"..";"Formación de docentes de enseñanza infantil";"Mujeres";"Evaluacion"
"2021-2022";"..";"Formación de docentes de enseñanza infantil";"Mujeres";"Evaluacion"
"2020-2021";"..";"Formación de docentes de enseñanza infantil";"Mujeres";"Evaluacion"
"2019-2020";"..";"Formación de docentes de enseñanza infantil";"Mujeres";"Evaluacion"
"2018-2019";"..";"Formación de docentes de enseñanza infantil";"Mujeres";"Evaluacion"
"2017-2018";"..";"Formación de docentes de enseñanza infantil";"Mujeres";"Evaluacion"
"2016-2017";"..";"Formación de docentes de enseñanza infantil";"Mujeres";"Evaluacion"
"2015-2016";"..";"Formación de docentes de enseñanza infantil";"Mujeres";"Evaluacion"
"2022-2023";"..";"Formación de docentes de enseñanza primaria";"Mujeres";"Evaluacion"
"2021-2022";"..";"Formación de docentes de enseñanza primaria";"Mujeres";"Evaluacion"
"2020-2021";"..";"Formación de docentes de enseñanza primaria";"Mujeres";"Evaluacion"
"2019-2020";"..";"Formación de docentes de enseñanza primaria";"Mujeres";"Evaluacion"
"2018-2019";"..";"Formación de docentes de enseñanza primaria";"Mujeres";"Evaluacion"
"2017-2018";"..";"Formación de docentes de enseñanza primaria";"Mujeres";"Evaluacion"
"2016-2017";"..";"Formación de docentes de enseñanza primaria";"Mujeres";"Evaluacion"
"2015-2016";"..";"Formación de docentes de enseñanza primaria";"Mujeres";"Evaluacion"
"2022-2023";"..";"Otra Formación de personal docente y ciencias de la educación";"Mujeres";"Evaluacion"
"2021-2022";"..";"Otra Formación de personal docente y ciencias de la educación";"Mujeres";"Evaluacion"
"2020-2021";"..";"Otra Formación de personal docente y ciencias de la educación";"Mujeres";"Evaluacion"
"2019-2020";"..";"Otra Formación de personal docente y ciencias de la educación";"Mujeres";"Evaluacion"
"2018-2019";"..";"Otra Formación de personal docente y ciencias de la educación";"Mujeres";"Evaluacion"
"2017-2018";"..";"Otra Formación de personal docente y ciencias de la educación";"Mujeres";"Evaluacion"
"2016-2017";"..";"Otra Formación de personal docente y ciencias de la educación";"Mujeres";"Evaluacion"
"2015-2016";"..";"Otra Formación de personal docente y ciencias de la educación";"Mujeres";"Evaluacion"
"2022-2023";"93.1";"Total Artes y humanidades";"Mujeres";"Evaluacion"
"2021-2022";"92.21";"Total Artes y humanidades";"Mujeres";"Evaluacion"
"2020-2021";"90.63";"Total Artes y humanidades";"Mujeres";"Evaluacion"
"2019-2020";"84.17";"Total Artes y humanidades";"Mujeres";"Evaluacion"
"2018-2019";"93.03";"Total Artes y humanidades";"Mujeres";"Evaluacion"
"2017-2018";"93.78";"Total Artes y humanidades";"Mujeres";"Evaluacion"
"2016-2017";"..";"Total Artes y humanidades";"Mujeres";"Evaluacion"
"2015-2016";"..";"Total Artes y humanidades";"Mujeres";"Evaluacion"
"2022-2023";"93.1";"Técnicas audiovisuales y medios de comunicación";"Mujeres";"Evaluacion"
"2021-2022";"92.21";"Técnicas audiovisuales y medios de comunicación";"Mujeres";"Evaluacion"
"2020-2021";"90.63";"Técnicas audiovisuales y medios de comunicación";"Mujeres";"Evaluacion"
"2019-2020";"84.17";"Técnicas audiovisuales y medios de comunicación";"Mujeres";"Evaluacion"
"2018-2019";"93.03";"Técnicas audiovisuales y medios de comunicación";"Mujeres";"Evaluacion"
"2017-2018";"93.78";"Técnicas audiovisuales y medios de comunicación";"Mujeres";"Evaluacion"
"2016-2017";"..";"Técnicas audiovisuales y medios de comunicación";"Mujeres";"Evaluacion"
"2015-2016";"..";"Técnicas audiovisuales y medios de comunicación";"Mujeres";"Evaluacion"
"2022-2023";"..";"Artes";"Mujeres";"Evaluacion"
"2021-2022";"..";"Artes";"Mujeres";"Evaluacion"
"2020-2021";"..";"Artes";"Mujeres";"Evaluacion"
"2019-2020";"..";"Artes";"Mujeres";"Evaluacion"
"2018-2019";"..";"Artes";"Mujeres";"Evaluacion"
"2017-2018";"..";"Artes";"Mujeres";"Evaluacion"
"2016-2017";"..";"Artes";"Mujeres";"Evaluacion"
"2015-2016";"..";"Artes";"Mujeres";"Evaluacion"
"2022-2023";"..";"Lenguas";"Mujeres";"Evaluacion"
"2021-2022";"..";"Lenguas";"Mujeres";"Evaluacion"
"2020-2021";"..";"Lenguas";"Mujeres";"Evaluacion"
"2019-2020";"..";"Lenguas";"Mujeres";"Evaluacion"
"2018-2019";"..";"Lenguas";"Mujeres";"Evaluacion"
"2017-2018";"..";"Lenguas";"Mujeres";"Evaluacion"
"2016-2017";"..";"Lenguas";"Mujeres";"Evaluacion"
"2015-2016";"..";"Lenguas";"Mujeres";"Evaluacion"
"2022-2023";"..";"Humanidades";"Mujeres";"Evaluacion"
"2021-2022";"..";"Humanidades";"Mujeres";"Evaluacion"
"2020-2021";"..";"Humanidades";"Mujeres";"Evaluacion"
"2019-2020";"..";"Humanidades";"Mujeres";"Evaluacion"
"2018-2019";"..";"Humanidades";"Mujeres";"Evaluacion"
"2017-2018";"..";"Humanidades";"Mujeres";"Evaluacion"
"2016-2017";"..";"Humanidades";"Mujeres";"Evaluacion"
"2015-2016";"..";"Humanidades";"Mujeres";"Evaluacion"
"2022-2023";"93.61";"Total Ciencias sociales, periodismo y documentación";"Mujeres";"Evaluacion"
"2021-2022";"90.6";"Total Ciencias sociales, periodismo y documentación";"Mujeres";"Evaluacion"
"2020-2021";"93.19";"Total Ciencias sociales, periodismo y documentación";"Mujeres";"Evaluacion"
"2019-2020";"94.44";"Total Ciencias sociales, periodismo y documentación";"Mujeres";"Evaluacion"
"2018-2019";"93.46";"Total Ciencias sociales, periodismo y documentación";"Mujeres";"Evaluacion"
"2017-2018";"94.12";"Total Ciencias sociales, periodismo y documentación";"Mujeres";"Evaluacion"
"2016-2017";"97.19";"Total Ciencias sociales, periodismo y documentación";"Mujeres";"Evaluacion"
"2015-2016";"77.85";"Total Ciencias sociales, periodismo y documentación";"Mujeres";"Evaluacion"
"2022-2023";"93.82";"Psicología";"Mujeres";"Evaluacion"
"2021-2022";"92.24";"Psicología";"Mujeres";"Evaluacion"
"2020-2021";"94.62";"Psicología";"Mujeres";"Evaluacion"
"2019-2020";"96.64";"Psicología";"Mujeres";"Evaluacion"
"2018-2019";"95.08";"Psicología";"Mujeres";"Evaluacion"
"2017-2018";"93.63";"Psicología";"Mujeres";"Evaluacion"
"2016-2017";"..";"Psicología";"Mujeres";"Evaluacion"
"2015-2016";"..";"Psicología";"Mujeres";"Evaluacion"
"2022-2023";"..";"Economía";"Mujeres";"Evaluacion"
"2021-2022";"..";"Economía";"Mujeres";"Evaluacion"
"2020-2021";"..";"Economía";"Mujeres";"Evaluacion"
"2019-2020";"..";"Economía";"Mujeres";"Evaluacion"
"2018-2019";"..";"Economía";"Mujeres";"Evaluacion"
"2017-2018";"..";"Economía";"Mujeres";"Evaluacion"
"2016-2017";"..";"Economía";"Mujeres";"Evaluacion"
"2015-2016";"..";"Economía";"Mujeres";"Evaluacion"
"2022-2023";"96.64";"Otras Ciencias sociales y del comportamiento";"Mujeres";"Evaluacion"
"2021-2022";"93.64";"Otras Ciencias sociales y del comportamiento";"Mujeres";"Evaluacion"
"2020-2021";"94.92";"Otras Ciencias sociales y del comportamiento";"Mujeres";"Evaluacion"
"2019-2020";"92.28";"Otras Ciencias sociales y del comportamiento";"Mujeres";"Evaluacion"
"2018-2019";"95.55";"Otras Ciencias sociales y del comportamiento";"Mujeres";"Evaluacion"
"2017-2018";"97.65";"Otras Ciencias sociales y del comportamiento";"Mujeres";"Evaluacion"
"2016-2017";"..";"Otras Ciencias sociales y del comportamiento";"Mujeres";"Evaluacion"
"2015-2016";"..";"Otras Ciencias sociales y del comportamiento";"Mujeres";"Evaluacion"
"2022-2023";"84.27";"Periodismo e información";"Mujeres";"Evaluacion"
"2021-2022";"77.84";"Periodismo e información";"Mujeres";"Evaluacion"
"2020-2021";"84.83";"Periodismo e información";"Mujeres";"Evaluacion"
"2019-2020";"91.97";"Periodismo e información";"Mujeres";"Evaluacion"
"2018-2019";"88.11";"Periodismo e información";"Mujeres";"Evaluacion"
"2017-2018";"90.37";"Periodismo e información";"Mujeres";"Evaluacion"
"2016-2017";"97.0";"Periodismo e información";"Mujeres";"Evaluacion"
"2015-2016";"77.85";"Periodismo e información";"Mujeres";"Evaluacion"
"2022-2023";"87.61";"Total Negocios, administración y derecho";"Mujeres";"Evaluacion"
"2021-2022";"82.62";"Total Negocios, administración y derecho";"Mujeres";"Evaluacion"
"2020-2021";"90.11";"Total Negocios, administración y derecho";"Mujeres";"Evaluacion"
"2019-2020";"92.64";"Total Negocios, administración y derecho";"Mujeres";"Evaluacion"
"2018-2019";"88.34";"Total Negocios, administración y derecho";"Mujeres";"Evaluacion"
"2017-2018";"93.29";"Total Negocios, administración y derecho";"Mujeres";"Evaluacion"
"2016-2017";"91.25";"Total Negocios, administración y derecho";"Mujeres";"Evaluacion"
"2015-2016";"91.31";"Total Negocios, administración y derecho";"Mujeres";"Evaluacion"
"2022-2023";"89.11";"Administración y gestión de empresas";"Mujeres";"Evaluacion"
"2021-2022";"74.96";"Administración y gestión de empresas";"Mujeres";"Evaluacion"
"2020-2021";"88.92";"Administración y gestión de empresas";"Mujeres";"Evaluacion"
"2019-2020";"93.11";"Administración y gestión de empresas";"Mujeres";"Evaluacion"
"2018-2019";"84.24";"Administración y gestión de empresas";"Mujeres";"Evaluacion"
"2017-2018";"88.37";"Administración y gestión de empresas";"Mujeres";"Evaluacion"
"2016-2017";"87.22";"Administración y gestión de empresas";"Mujeres";"Evaluacion"
"2015-2016";"92.37";"Administración y gestión de empresas";"Mujeres";"Evaluacion"
"2022-2023";"86.86";"Otra Educación comercial y empresarial";"Mujeres";"Evaluacion"
"2021-2022";"86.42";"Otra Educación comercial y empresarial";"Mujeres";"Evaluacion"
"2020-2021";"90.67";"Otra Educación comercial y empresarial";"Mujeres";"Evaluacion"
"2019-2020";"92.43";"Otra Educación comercial y empresarial";"Mujeres";"Evaluacion"
"2018-2019";"90.23";"Otra Educación comercial y empresarial";"Mujeres";"Evaluacion"
"2017-2018";"95.4";"Otra Educación comercial y empresarial";"Mujeres";"Evaluacion"
"2016-2017";"93.0";"Otra Educación comercial y empresarial";"Mujeres";"Evaluacion"
"2015-2016";"90.86";"Otra Educación comercial y empresarial";"Mujeres";"Evaluacion"
"2022-2023";"..";"Derecho";"Mujeres";"Evaluacion"
"2021-2022";"..";"Derecho";"Mujeres";"Evaluacion"
"2020-2021";"..";"Derecho";"Mujeres";"Evaluacion"
"2019-2020";"..";"Derecho";"Mujeres";"Evaluacion"
"2018-2019";"..";"Derecho";"Mujeres";"Evaluacion"
"2017-2018";"..";"Derecho";"Mujeres";"Evaluacion"
"2016-2017";"..";"Derecho";"Mujeres";"Evaluacion"
"2015-2016";"..";"Derecho";"Mujeres";"Evaluacion"
"2022-2023";"..";"Total Ciencias";"Mujeres";"Evaluacion"
"2021-2022";"..";"Total Ciencias";"Mujeres";"Evaluacion"
"2020-2021";"..";"Total Ciencias";"Mujeres";"Evaluacion"
"2019-2020";"..";"Total Ciencias";"Mujeres";"Evaluacion"
"2018-2019";"..";"Total Ciencias";"Mujeres";"Evaluacion"
"2017-2018";"..";"Total Ciencias";"Mujeres";"Evaluacion"
"2016-2017";"..";"Total Ciencias";"Mujeres";"Evaluacion"
"2015-2016";"..";"Total Ciencias";"Mujeres";"Evaluacion"
"2022-2023";"..";"Ciencias de la vida";"Mujeres";"Evaluacion"
"2021-2022";"..";"Ciencias de la vida";"Mujeres";"Evaluacion"
"2020-2021";"..";"Ciencias de la vida";"Mujeres";"Evaluacion"
"2019-2020";"..";"Ciencias de la vida";"Mujeres";"Evaluacion"
"2018-2019";"..";"Ciencias de la vida";"Mujeres";"Evaluacion"
"2017-2018";"..";"Ciencias de la vida";"Mujeres";"Evaluacion"
"2016-2017";"..";"Ciencias de la vida";"Mujeres";"Evaluacion"
"2015-2016";"..";"Ciencias de la vida";"Mujeres";"Evaluacion"
"2022-2023";"..";"Ciencias Físicas, químicas, geológicas";"Mujeres";"Evaluacion"
"2021-2022";"..";"Ciencias Físicas, químicas, geológicas";"Mujeres";"Evaluacion"
"2020-2021";"..";"Ciencias Físicas, químicas, geológicas";"Mujeres";"Evaluacion"
"2019-2020";"..";"Ciencias Físicas, químicas, geológicas";"Mujeres";"Evaluacion"
"2018-2019";"..";"Ciencias Físicas, químicas, geológicas";"Mujeres";"Evaluacion"
"2017-2018";"..";"Ciencias Físicas, químicas, geológicas";"Mujeres";"Evaluacion"
"2016-2017";"..";"Ciencias Físicas, químicas, geológicas";"Mujeres";"Evaluacion"
"2015-2016";"..";"Ciencias Físicas, químicas, geológicas";"Mujeres";"Evaluacion"
"2022-2023";"..";"Matemáticas y Estadística";"Mujeres";"Evaluacion"
"2021-2022";"..";"Matemáticas y Estadística";"Mujeres";"Evaluacion"
"2020-2021";"..";"Matemáticas y Estadística";"Mujeres";"Evaluacion"
"2019-2020";"..";"Matemáticas y Estadística";"Mujeres";"Evaluacion"
"2018-2019";"..";"Matemáticas y Estadística";"Mujeres";"Evaluacion"
"2017-2018";"..";"Matemáticas y Estadística";"Mujeres";"Evaluacion"
"2016-2017";"..";"Matemáticas y Estadística";"Mujeres";"Evaluacion"
"2015-2016";"..";"Matemáticas y Estadística";"Mujeres";"Evaluacion"
"2022-2023";"..";"Total Informática";"Mujeres";"Evaluacion"
"2021-2022";"..";"Total Informática";"Mujeres";"Evaluacion"
"2020-2021";"..";"Total Informática";"Mujeres";"Evaluacion"
"2019-2020";"..";"Total Informática";"Mujeres";"Evaluacion"
"2018-2019";"..";"Total Informática";"Mujeres";"Evaluacion"
"2017-2018";"..";"Total Informática";"Mujeres";"Evaluacion"
"2016-2017";"..";"Total Informática";"Mujeres";"Evaluacion"
"2015-2016";"..";"Total Informática";"Mujeres";"Evaluacion"
"2022-2023";"..";"Informática";"Mujeres";"Evaluacion"
"2021-2022";"..";"Informática";"Mujeres";"Evaluacion"
"2020-2021";"..";"Informática";"Mujeres";"Evaluacion"
"2019-2020";"..";"Informática";"Mujeres";"Evaluacion"
"2018-2019";"..";"Informática";"Mujeres";"Evaluacion"
"2017-2018";"..";"Informática";"Mujeres";"Evaluacion"
"2016-2017";"..";"Informática";"Mujeres";"Evaluacion"
"2015-2016";"..";"Informática";"Mujeres";"Evaluacion"
"2022-2023";"75.96";"Total Ingeniería, industria y construcción";"Mujeres";"Evaluacion"
"2021-2022";"69.88";"Total Ingeniería, industria y construcción";"Mujeres";"Evaluacion"
"2020-2021";"81.51";"Total Ingeniería, industria y construcción";"Mujeres";"Evaluacion"
"2019-2020";"93.95";"Total Ingeniería, industria y construcción";"Mujeres";"Evaluacion"
"2018-2019";"92.3";"Total Ingeniería, industria y construcción";"Mujeres";"Evaluacion"
"2017-2018";"86.82";"Total Ingeniería, industria y construcción";"Mujeres";"Evaluacion"
"2016-2017";"..";"Total Ingeniería, industria y construcción";"Mujeres";"Evaluacion"
"2015-2016";"..";"Total Ingeniería, industria y construcción";"Mujeres";"Evaluacion"
"2022-2023";"76.3";"Ingenierías";"Mujeres";"Evaluacion"
"2021-2022";"70.33";"Ingenierías";"Mujeres";"Evaluacion"
"2020-2021";"82.62";"Ingenierías";"Mujeres";"Evaluacion"
"2019-2020";"95.26";"Ingenierías";"Mujeres";"Evaluacion"
"2018-2019";"..";"Ingenierías";"Mujeres";"Evaluacion"
"2017-2018";"90.52";"Ingenierías";"Mujeres";"Evaluacion"
"2016-2017";"..";"Ingenierías";"Mujeres";"Evaluacion"
"2015-2016";"..";"Ingenierías";"Mujeres";"Evaluacion"
"2022-2023";"..";"Arquitectura y construcción";"Mujeres";"Evaluacion"
"2021-2022";"..";"Arquitectura y construcción";"Mujeres";"Evaluacion"
"2020-2021";"..";"Arquitectura y construcción";"Mujeres";"Evaluacion"
"2019-2020";"..";"Arquitectura y construcción";"Mujeres";"Evaluacion"
"2018-2019";"..";"Arquitectura y construcción";"Mujeres";"Evaluacion"
"2017-2018";"..";"Arquitectura y construcción";"Mujeres";"Evaluacion"
"2016-2017";"..";"Arquitectura y construcción";"Mujeres";"Evaluacion"
"2015-2016";"..";"Arquitectura y construcción";"Mujeres";"Evaluacion"
"2022-2023";"..";"Total Agricultura, ganadería,  silvicultura, pesca, y veterinaria";"Mujeres";"Evaluacion"
"2021-2022";"..";"Total Agricultura, ganadería,  silvicultura, pesca, y veterinaria";"Mujeres";"Evaluacion"
"2020-2021";"..";"Total Agricultura, ganadería,  silvicultura, pesca, y veterinaria";"Mujeres";"Evaluacion"
"2019-2020";"..";"Total Agricultura, ganadería,  silvicultura, pesca, y veterinaria";"Mujeres";"Evaluacion"
"2018-2019";"..";"Total Agricultura, ganadería,  silvicultura, pesca, y veterinaria";"Mujeres";"Evaluacion"
"2017-2018";"..";"Total Agricultura, ganadería,  silvicultura, pesca, y veterinaria";"Mujeres";"Evaluacion"
"2016-2017";"..";"Total Agricultura, ganadería,  silvicultura, pesca, y veterinaria";"Mujeres";"Evaluacion"
"2015-2016";"..";"Total Agricultura, ganadería,  silvicultura, pesca, y veterinaria";"Mujeres";"Evaluacion"
"2022-2023";"..";"Agricultura, ganadería y pesca";"Mujeres";"Evaluacion"
"2021-2022";"..";"Agricultura, ganadería y pesca";"Mujeres";"Evaluacion"
"2020-2021";"..";"Agricultura, ganadería y pesca";"Mujeres";"Evaluacion"
"2019-2020";"..";"Agricultura, ganadería y pesca";"Mujeres";"Evaluacion"
"2018-2019";"..";"Agricultura, ganadería y pesca";"Mujeres";"Evaluacion"
"2017-2018";"..";"Agricultura, ganadería y pesca";"Mujeres";"Evaluacion"
"2016-2017";"..";"Agricultura, ganadería y pesca";"Mujeres";"Evaluacion"
"2015-2016";"..";"Agricultura, ganadería y pesca";"Mujeres";"Evaluacion"
"2022-2023";"..";"Veterinaria";"Mujeres";"Evaluacion"
"2021-2022";"..";"Veterinaria";"Mujeres";"Evaluacion"
"2020-2021";"..";"Veterinaria";"Mujeres";"Evaluacion"
"2019-2020";"..";"Veterinaria";"Mujeres";"Evaluacion"
"2018-2019";"..";"Veterinaria";"Mujeres";"Evaluacion"
"2017-2018";"..";"Veterinaria";"Mujeres";"Evaluacion"
"2016-2017";"..";"Veterinaria";"Mujeres";"Evaluacion"
"2015-2016";"..";"Veterinaria";"Mujeres";"Evaluacion"
"2022-2023";"93.2";"Total Salud y servicios sociales";"Mujeres";"Evaluacion"
"2021-2022";"93.36";"Total Salud y servicios sociales";"Mujeres";"Evaluacion"
"2020-2021";"95.45";"Total Salud y servicios sociales";"Mujeres";"Evaluacion"
"2019-2020";"94.78";"Total Salud y servicios sociales";"Mujeres";"Evaluacion"
"2018-2019";"94.83";"Total Salud y servicios sociales";"Mujeres";"Evaluacion"
"2017-2018";"94.49";"Total Salud y servicios sociales";"Mujeres";"Evaluacion"
"2016-2017";"95.67";"Total Salud y servicios sociales";"Mujeres";"Evaluacion"
"2015-2016";"97.18";"Total Salud y servicios sociales";"Mujeres";"Evaluacion"
"2022-2023";"..";"Medicina";"Mujeres";"Evaluacion"
"2021-2022";"..";"Medicina";"Mujeres";"Evaluacion"
"2020-2021";"..";"Medicina";"Mujeres";"Evaluacion"
"2019-2020";"..";"Medicina";"Mujeres";"Evaluacion"
"2018-2019";"..";"Medicina";"Mujeres";"Evaluacion"
"2017-2018";"..";"Medicina";"Mujeres";"Evaluacion"
"2016-2017";"..";"Medicina";"Mujeres";"Evaluacion"
"2015-2016";"..";"Medicina";"Mujeres";"Evaluacion"
"2022-2023";"..";"Enfermería y atención a enfermos";"Mujeres";"Evaluacion"
"2021-2022";"..";"Enfermería y atención a enfermos";"Mujeres";"Evaluacion"
"2020-2021";"..";"Enfermería y atención a enfermos";"Mujeres";"Evaluacion"
"2019-2020";"..";"Enfermería y atención a enfermos";"Mujeres";"Evaluacion"
"2018-2019";"..";"Enfermería y atención a enfermos";"Mujeres";"Evaluacion"
"2017-2018";"..";"Enfermería y atención a enfermos";"Mujeres";"Evaluacion"
"2016-2017";"..";"Enfermería y atención a enfermos";"Mujeres";"Evaluacion"
"2015-2016";"..";"Enfermería y atención a enfermos";"Mujeres";"Evaluacion"
"2022-2023";"93.2";"Otras ciencias de la Salud";"Mujeres";"Evaluacion"
"2021-2022";"93.36";"Otras ciencias de la Salud";"Mujeres";"Evaluacion"
"2020-2021";"95.45";"Otras ciencias de la Salud";"Mujeres";"Evaluacion"
"2019-2020";"94.78";"Otras ciencias de la Salud";"Mujeres";"Evaluacion"
"2018-2019";"94.83";"Otras ciencias de la Salud";"Mujeres";"Evaluacion"
"2017-2018";"94.49";"Otras ciencias de la Salud";"Mujeres";"Evaluacion"
"2016-2017";"95.67";"Otras ciencias de la Salud";"Mujeres";"Evaluacion"
"2015-2016";"97.18";"Otras ciencias de la Salud";"Mujeres";"Evaluacion"
"2022-2023";"..";"Trabajo social y orientación";"Mujeres";"Evaluacion"
"2021-2022";"..";"Trabajo social y orientación";"Mujeres";"Evaluacion"
"2020-2021";"..";"Trabajo social y orientación";"Mujeres";"Evaluacion"
"2019-2020";"..";"Trabajo social y orientación";"Mujeres";"Evaluacion"
"2018-2019";"..";"Trabajo social y orientación";"Mujeres";"Evaluacion"
"2017-2018";"..";"Trabajo social y orientación";"Mujeres";"Evaluacion"
"2016-2017";"..";"Trabajo social y orientación";"Mujeres";"Evaluacion"
"2015-2016";"..";"Trabajo social y orientación";"Mujeres";"Evaluacion"
"2022-2023";"96.98";"Total Servicios";"Mujeres";"Evaluacion"
"2021-2022";"95.6";"Total Servicios";"Mujeres";"Evaluacion"
"2020-2021";"96.37";"Total Servicios";"Mujeres";"Evaluacion"
"2019-2020";"95.25";"Total Servicios";"Mujeres";"Evaluacion"
"2018-2019";"95.0";"Total Servicios";"Mujeres";"Evaluacion"
"2017-2018";"95.78";"Total Servicios";"Mujeres";"Evaluacion"
"2016-2017";"98.08";"Total Servicios";"Mujeres";"Evaluacion"
"2015-2016";"96.18";"Total Servicios";"Mujeres";"Evaluacion"
"2022-2023";"96.98";"Deportes";"Mujeres";"Evaluacion"
"2021-2022";"95.72";"Deportes";"Mujeres";"Evaluacion"
"2020-2021";"96.52";"Deportes";"Mujeres";"Evaluacion"
"2019-2020";"95.41";"Deportes";"Mujeres";"Evaluacion"
"2018-2019";"95.0";"Deportes";"Mujeres";"Evaluacion"
"2017-2018";"96.04";"Deportes";"Mujeres";"Evaluacion"
"2016-2017";"98.15";"Deportes";"Mujeres";"Evaluacion"
"2015-2016";"97.44";"Deportes";"Mujeres";"Evaluacion"
"2022-2023";"..";"Turismo y Hostelería";"Mujeres";"Evaluacion"
"2021-2022";"..";"Turismo y Hostelería";"Mujeres";"Evaluacion"
"2020-2021";"..";"Turismo y Hostelería";"Mujeres";"Evaluacion"
"2019-2020";"..";"Turismo y Hostelería";"Mujeres";"Evaluacion"
"2018-2019";"..";"Turismo y Hostelería";"Mujeres";"Evaluacion"
"2017-2018";"..";"Turismo y Hostelería";"Mujeres";"Evaluacion"
"2016-2017";"..";"Turismo y Hostelería";"Mujeres";"Evaluacion"
"2015-2016";"..";"Turismo y Hostelería";"Mujeres";"Evaluacion"
"2022-2023";"..";"Otros Servicios";"Mujeres";"Evaluacion"
"2021-2022";"..";"Otros Servicios";"Mujeres";"Evaluacion"
"2020-2021";"..";"Otros Servicios";"Mujeres";"Evaluacion"
"2019-2020";"..";"Otros Servicios";"Mujeres";"Evaluacion"
"2018-2019";"..";"Otros Servicios";"Mujeres";"Evaluacion"
"2017-2018";"..";"Otros Servicios";"Mujeres";"Evaluacion"
"2016-2017";"..";"Otros Servicios";"Mujeres";"Evaluacion"
"2015-2016";"..";"Otros Servicios";"Mujeres";"Evaluacion"
