"Anio";"Valor";"Carrera";"Genero";"Tasa"
"2022-2023";"???";"A Coruña";"Ambos Sexos";"Rendimiento"
"2021-2022";"???";"A Coruña";"Ambos Sexos";"Rendimiento"
"2020-2021";"???";"A Coruña";"Ambos Sexos";"Rendimiento"
"2019-2020";"???";"A Coruña";"Ambos Sexos";"Rendimiento"
"2018-2019";"???";"A Coruña";"Ambos Sexos";"Rendimiento"
"2017-2018";"???";"A Coruña";"Ambos Sexos";"Rendimiento"
"2016-2017";"???";"A Coruña";"Ambos Sexos";"Rendimiento"
"2015-2016";"???";"A Coruña";"Ambos Sexos";"Rendimiento"
"2022-2023";"74.63";"Todos los ámbitos";"Ambos Sexos";"Rendimiento"
"2021-2022";"73.08";"Todos los ámbitos";"Ambos Sexos";"Rendimiento"
"2020-2021";"75.51";"Todos los ámbitos";"Ambos Sexos";"Rendimiento"
"2019-2020";"81.35";"Todos los ámbitos";"Ambos Sexos";"Rendimiento"
"2018-2019";"72.34";"Todos los ámbitos";"Ambos Sexos";"Rendimiento"
"2017-2018";"71.42";"Todos los ámbitos";"Ambos Sexos";"Rendimiento"
"2016-2017";"71.05";"Todos los ámbitos";"Ambos Sexos";"Rendimiento"
"2015-2016";"71.52";"Todos los ámbitos";"Ambos Sexos";"Rendimiento"
"2022-2023";"92.07";"Total Educación";"Ambos Sexos";"Rendimiento"
"2021-2022";"91.63";"Total Educación";"Ambos Sexos";"Rendimiento"
"2020-2021";"93.52";"Total Educación";"Ambos Sexos";"Rendimiento"
"2019-2020";"93.66";"Total Educación";"Ambos Sexos";"Rendimiento"
"2018-2019";"89.47";"Total Educación";"Ambos Sexos";"Rendimiento"
"2017-2018";"89.13";"Total Educación";"Ambos Sexos";"Rendimiento"
"2016-2017";"89.38";"Total Educación";"Ambos Sexos";"Rendimiento"
"2015-2016";"89.51";"Total Educación";"Ambos Sexos";"Rendimiento"
"2022-2023";"95.18";"Formación de docentes de enseñanza infantil";"Ambos Sexos";"Rendimiento"
"2021-2022";"94.53";"Formación de docentes de enseñanza infantil";"Ambos Sexos";"Rendimiento"
"2020-2021";"96.11";"Formación de docentes de enseñanza infantil";"Ambos Sexos";"Rendimiento"
"2019-2020";"95.8";"Formación de docentes de enseñanza infantil";"Ambos Sexos";"Rendimiento"
"2018-2019";"91.99";"Formación de docentes de enseñanza infantil";"Ambos Sexos";"Rendimiento"
"2017-2018";"92.21";"Formación de docentes de enseñanza infantil";"Ambos Sexos";"Rendimiento"
"2016-2017";"93.49";"Formación de docentes de enseñanza infantil";"Ambos Sexos";"Rendimiento"
"2015-2016";"93.54";"Formación de docentes de enseñanza infantil";"Ambos Sexos";"Rendimiento"
"2022-2023";"91.28";"Formación de docentes de enseñanza primaria";"Ambos Sexos";"Rendimiento"
"2021-2022";"91.73";"Formación de docentes de enseñanza primaria";"Ambos Sexos";"Rendimiento"
"2020-2021";"92.54";"Formación de docentes de enseñanza primaria";"Ambos Sexos";"Rendimiento"
"2019-2020";"91.75";"Formación de docentes de enseñanza primaria";"Ambos Sexos";"Rendimiento"
"2018-2019";"87.33";"Formación de docentes de enseñanza primaria";"Ambos Sexos";"Rendimiento"
"2017-2018";"87.07";"Formación de docentes de enseñanza primaria";"Ambos Sexos";"Rendimiento"
"2016-2017";"87.81";"Formación de docentes de enseñanza primaria";"Ambos Sexos";"Rendimiento"
"2015-2016";"89.24";"Formación de docentes de enseñanza primaria";"Ambos Sexos";"Rendimiento"
"2022-2023";"88.49";"Otra Formación de personal docente y ciencias de la educación";"Ambos Sexos";"Rendimiento"
"2021-2022";"86.95";"Otra Formación de personal docente y ciencias de la educación";"Ambos Sexos";"Rendimiento"
"2020-2021";"90.93";"Otra Formación de personal docente y ciencias de la educación";"Ambos Sexos";"Rendimiento"
"2019-2020";"93.5";"Otra Formación de personal docente y ciencias de la educación";"Ambos Sexos";"Rendimiento"
"2018-2019";"89.16";"Otra Formación de personal docente y ciencias de la educación";"Ambos Sexos";"Rendimiento"
"2017-2018";"88.07";"Otra Formación de personal docente y ciencias de la educación";"Ambos Sexos";"Rendimiento"
"2016-2017";"86.02";"Otra Formación de personal docente y ciencias de la educación";"Ambos Sexos";"Rendimiento"
"2015-2016";"83.86";"Otra Formación de personal docente y ciencias de la educación";"Ambos Sexos";"Rendimiento"
"2022-2023";"77.95";"Total Artes y humanidades";"Ambos Sexos";"Rendimiento"
"2021-2022";"75.54";"Total Artes y humanidades";"Ambos Sexos";"Rendimiento"
"2020-2021";"79.26";"Total Artes y humanidades";"Ambos Sexos";"Rendimiento"
"2019-2020";"84.38";"Total Artes y humanidades";"Ambos Sexos";"Rendimiento"
"2018-2019";"76.4";"Total Artes y humanidades";"Ambos Sexos";"Rendimiento"
"2017-2018";"72.37";"Total Artes y humanidades";"Ambos Sexos";"Rendimiento"
"2016-2017";"72.81";"Total Artes y humanidades";"Ambos Sexos";"Rendimiento"
"2015-2016";"73.2";"Total Artes y humanidades";"Ambos Sexos";"Rendimiento"
"2022-2023";"87.42";"Técnicas audiovisuales y medios de comunicación";"Ambos Sexos";"Rendimiento"
"2021-2022";"88.99";"Técnicas audiovisuales y medios de comunicación";"Ambos Sexos";"Rendimiento"
"2020-2021";"90.32";"Técnicas audiovisuales y medios de comunicación";"Ambos Sexos";"Rendimiento"
"2019-2020";"91.13";"Técnicas audiovisuales y medios de comunicación";"Ambos Sexos";"Rendimiento"
"2018-2019";"87.77";"Técnicas audiovisuales y medios de comunicación";"Ambos Sexos";"Rendimiento"
"2017-2018";"83.21";"Técnicas audiovisuales y medios de comunicación";"Ambos Sexos";"Rendimiento"
"2016-2017";"81.39";"Técnicas audiovisuales y medios de comunicación";"Ambos Sexos";"Rendimiento"
"2015-2016";"81.34";"Técnicas audiovisuales y medios de comunicación";"Ambos Sexos";"Rendimiento"
"2022-2023";"..";"Artes";"Ambos Sexos";"Rendimiento"
"2021-2022";"..";"Artes";"Ambos Sexos";"Rendimiento"
"2020-2021";"..";"Artes";"Ambos Sexos";"Rendimiento"
"2019-2020";"..";"Artes";"Ambos Sexos";"Rendimiento"
"2018-2019";"..";"Artes";"Ambos Sexos";"Rendimiento"
"2017-2018";"..";"Artes";"Ambos Sexos";"Rendimiento"
"2016-2017";"..";"Artes";"Ambos Sexos";"Rendimiento"
"2015-2016";"..";"Artes";"Ambos Sexos";"Rendimiento"
"2022-2023";"69.14";"Lenguas";"Ambos Sexos";"Rendimiento"
"2021-2022";"64.09";"Lenguas";"Ambos Sexos";"Rendimiento"
"2020-2021";"70.74";"Lenguas";"Ambos Sexos";"Rendimiento"
"2019-2020";"79.52";"Lenguas";"Ambos Sexos";"Rendimiento"
"2018-2019";"69.96";"Lenguas";"Ambos Sexos";"Rendimiento"
"2017-2018";"65.53";"Lenguas";"Ambos Sexos";"Rendimiento"
"2016-2017";"66.37";"Lenguas";"Ambos Sexos";"Rendimiento"
"2015-2016";"66.68";"Lenguas";"Ambos Sexos";"Rendimiento"
"2022-2023";"..";"Humanidades";"Ambos Sexos";"Rendimiento"
"2021-2022";"..";"Humanidades";"Ambos Sexos";"Rendimiento"
"2020-2021";"..";"Humanidades";"Ambos Sexos";"Rendimiento"
"2019-2020";"85.96";"Humanidades";"Ambos Sexos";"Rendimiento"
"2018-2019";"77.14";"Humanidades";"Ambos Sexos";"Rendimiento"
"2017-2018";"79.92";"Humanidades";"Ambos Sexos";"Rendimiento"
"2016-2017";"85.62";"Humanidades";"Ambos Sexos";"Rendimiento"
"2015-2016";"88.08";"Humanidades";"Ambos Sexos";"Rendimiento"
"2022-2023";"69.69";"Total Ciencias sociales, periodismo y documentación";"Ambos Sexos";"Rendimiento"
"2021-2022";"70.01";"Total Ciencias sociales, periodismo y documentación";"Ambos Sexos";"Rendimiento"
"2020-2021";"72.14";"Total Ciencias sociales, periodismo y documentación";"Ambos Sexos";"Rendimiento"
"2019-2020";"80.18";"Total Ciencias sociales, periodismo y documentación";"Ambos Sexos";"Rendimiento"
"2018-2019";"65.2";"Total Ciencias sociales, periodismo y documentación";"Ambos Sexos";"Rendimiento"
"2017-2018";"66.22";"Total Ciencias sociales, periodismo y documentación";"Ambos Sexos";"Rendimiento"
"2016-2017";"67.54";"Total Ciencias sociales, periodismo y documentación";"Ambos Sexos";"Rendimiento"
"2015-2016";"66.7";"Total Ciencias sociales, periodismo y documentación";"Ambos Sexos";"Rendimiento"
"2022-2023";"..";"Psicología";"Ambos Sexos";"Rendimiento"
"2021-2022";"..";"Psicología";"Ambos Sexos";"Rendimiento"
"2020-2021";"..";"Psicología";"Ambos Sexos";"Rendimiento"
"2019-2020";"..";"Psicología";"Ambos Sexos";"Rendimiento"
"2018-2019";"..";"Psicología";"Ambos Sexos";"Rendimiento"
"2017-2018";"..";"Psicología";"Ambos Sexos";"Rendimiento"
"2016-2017";"..";"Psicología";"Ambos Sexos";"Rendimiento"
"2015-2016";"..";"Psicología";"Ambos Sexos";"Rendimiento"
"2022-2023";"60.67";"Economía";"Ambos Sexos";"Rendimiento"
"2021-2022";"60.95";"Economía";"Ambos Sexos";"Rendimiento"
"2020-2021";"65.58";"Economía";"Ambos Sexos";"Rendimiento"
"2019-2020";"77.31";"Economía";"Ambos Sexos";"Rendimiento"
"2018-2019";"60.82";"Economía";"Ambos Sexos";"Rendimiento"
"2017-2018";"62.04";"Economía";"Ambos Sexos";"Rendimiento"
"2016-2017";"60.36";"Economía";"Ambos Sexos";"Rendimiento"
"2015-2016";"63.63";"Economía";"Ambos Sexos";"Rendimiento"
"2022-2023";"76.47";"Otras Ciencias sociales y del comportamiento";"Ambos Sexos";"Rendimiento"
"2021-2022";"77.84";"Otras Ciencias sociales y del comportamiento";"Ambos Sexos";"Rendimiento"
"2020-2021";"79.99";"Otras Ciencias sociales y del comportamiento";"Ambos Sexos";"Rendimiento"
"2019-2020";"82.9";"Otras Ciencias sociales y del comportamiento";"Ambos Sexos";"Rendimiento"
"2018-2019";"69.94";"Otras Ciencias sociales y del comportamiento";"Ambos Sexos";"Rendimiento"
"2017-2018";"71.24";"Otras Ciencias sociales y del comportamiento";"Ambos Sexos";"Rendimiento"
"2016-2017";"77.09";"Otras Ciencias sociales y del comportamiento";"Ambos Sexos";"Rendimiento"
"2015-2016";"70.29";"Otras Ciencias sociales y del comportamiento";"Ambos Sexos";"Rendimiento"
"2022-2023";"78.62";"Periodismo e información";"Ambos Sexos";"Rendimiento"
"2021-2022";"77.09";"Periodismo e información";"Ambos Sexos";"Rendimiento"
"2020-2021";"63.55";"Periodismo e información";"Ambos Sexos";"Rendimiento"
"2019-2020";"83.0";"Periodismo e información";"Ambos Sexos";"Rendimiento"
"2018-2019";"..";"Periodismo e información";"Ambos Sexos";"Rendimiento"
"2017-2018";"..";"Periodismo e información";"Ambos Sexos";"Rendimiento"
"2016-2017";"63.37";"Periodismo e información";"Ambos Sexos";"Rendimiento"
"2015-2016";"71.65";"Periodismo e información";"Ambos Sexos";"Rendimiento"
"2022-2023";"70.98";"Total Negocios, administración y derecho";"Ambos Sexos";"Rendimiento"
"2021-2022";"70.43";"Total Negocios, administración y derecho";"Ambos Sexos";"Rendimiento"
"2020-2021";"74.47";"Total Negocios, administración y derecho";"Ambos Sexos";"Rendimiento"
"2019-2020";"80.77";"Total Negocios, administración y derecho";"Ambos Sexos";"Rendimiento"
"2018-2019";"70.89";"Total Negocios, administración y derecho";"Ambos Sexos";"Rendimiento"
"2017-2018";"70.82";"Total Negocios, administración y derecho";"Ambos Sexos";"Rendimiento"
"2016-2017";"72.69";"Total Negocios, administración y derecho";"Ambos Sexos";"Rendimiento"
"2015-2016";"71.75";"Total Negocios, administración y derecho";"Ambos Sexos";"Rendimiento"
"2022-2023";"70.12";"Administración y gestión de empresas";"Ambos Sexos";"Rendimiento"
"2021-2022";"69.09";"Administración y gestión de empresas";"Ambos Sexos";"Rendimiento"
"2020-2021";"73.56";"Administración y gestión de empresas";"Ambos Sexos";"Rendimiento"
"2019-2020";"79.29";"Administración y gestión de empresas";"Ambos Sexos";"Rendimiento"
"2018-2019";"64.26";"Administración y gestión de empresas";"Ambos Sexos";"Rendimiento"
"2017-2018";"64.98";"Administración y gestión de empresas";"Ambos Sexos";"Rendimiento"
"2016-2017";"68.14";"Administración y gestión de empresas";"Ambos Sexos";"Rendimiento"
"2015-2016";"67.34";"Administración y gestión de empresas";"Ambos Sexos";"Rendimiento"
"2022-2023";"..";"Otra Educación comercial y empresarial";"Ambos Sexos";"Rendimiento"
"2021-2022";"..";"Otra Educación comercial y empresarial";"Ambos Sexos";"Rendimiento"
"2020-2021";"..";"Otra Educación comercial y empresarial";"Ambos Sexos";"Rendimiento"
"2019-2020";"..";"Otra Educación comercial y empresarial";"Ambos Sexos";"Rendimiento"
"2018-2019";"..";"Otra Educación comercial y empresarial";"Ambos Sexos";"Rendimiento"
"2017-2018";"..";"Otra Educación comercial y empresarial";"Ambos Sexos";"Rendimiento"
"2016-2017";"..";"Otra Educación comercial y empresarial";"Ambos Sexos";"Rendimiento"
"2015-2016";"..";"Otra Educación comercial y empresarial";"Ambos Sexos";"Rendimiento"
"2022-2023";"73.58";"Derecho";"Ambos Sexos";"Rendimiento"
"2021-2022";"74.79";"Derecho";"Ambos Sexos";"Rendimiento"
"2020-2021";"77.31";"Derecho";"Ambos Sexos";"Rendimiento"
"2019-2020";"85.42";"Derecho";"Ambos Sexos";"Rendimiento"
"2018-2019";"81.28";"Derecho";"Ambos Sexos";"Rendimiento"
"2017-2018";"80.51";"Derecho";"Ambos Sexos";"Rendimiento"
"2016-2017";"80.44";"Derecho";"Ambos Sexos";"Rendimiento"
"2015-2016";"79.39";"Derecho";"Ambos Sexos";"Rendimiento"
"2022-2023";"70.64";"Total Ciencias";"Ambos Sexos";"Rendimiento"
"2021-2022";"68.45";"Total Ciencias";"Ambos Sexos";"Rendimiento"
"2020-2021";"67.4";"Total Ciencias";"Ambos Sexos";"Rendimiento"
"2019-2020";"81.66";"Total Ciencias";"Ambos Sexos";"Rendimiento"
"2018-2019";"69.08";"Total Ciencias";"Ambos Sexos";"Rendimiento"
"2017-2018";"67.35";"Total Ciencias";"Ambos Sexos";"Rendimiento"
"2016-2017";"66.16";"Total Ciencias";"Ambos Sexos";"Rendimiento"
"2015-2016";"69.13";"Total Ciencias";"Ambos Sexos";"Rendimiento"
"2022-2023";"72.42";"Ciencias de la vida";"Ambos Sexos";"Rendimiento"
"2021-2022";"70.43";"Ciencias de la vida";"Ambos Sexos";"Rendimiento"
"2020-2021";"73.94";"Ciencias de la vida";"Ambos Sexos";"Rendimiento"
"2019-2020";"88.31";"Ciencias de la vida";"Ambos Sexos";"Rendimiento"
"2018-2019";"76.83";"Ciencias de la vida";"Ambos Sexos";"Rendimiento"
"2017-2018";"74.36";"Ciencias de la vida";"Ambos Sexos";"Rendimiento"
"2016-2017";"72.62";"Ciencias de la vida";"Ambos Sexos";"Rendimiento"
"2015-2016";"73.34";"Ciencias de la vida";"Ambos Sexos";"Rendimiento"
"2022-2023";"55.97";"Ciencias Físicas, químicas, geológicas";"Ambos Sexos";"Rendimiento"
"2021-2022";"58.15";"Ciencias Físicas, químicas, geológicas";"Ambos Sexos";"Rendimiento"
"2020-2021";"52.77";"Ciencias Físicas, químicas, geológicas";"Ambos Sexos";"Rendimiento"
"2019-2020";"70.6";"Ciencias Físicas, químicas, geológicas";"Ambos Sexos";"Rendimiento"
"2018-2019";"56.35";"Ciencias Físicas, químicas, geológicas";"Ambos Sexos";"Rendimiento"
"2017-2018";"56.14";"Ciencias Físicas, químicas, geológicas";"Ambos Sexos";"Rendimiento"
"2016-2017";"56.41";"Ciencias Físicas, químicas, geológicas";"Ambos Sexos";"Rendimiento"
"2015-2016";"61.76";"Ciencias Físicas, químicas, geológicas";"Ambos Sexos";"Rendimiento"
"2022-2023";"82.66";"Matemáticas y Estadística";"Ambos Sexos";"Rendimiento"
"2021-2022";"78.1";"Matemáticas y Estadística";"Ambos Sexos";"Rendimiento"
"2020-2021";"73.98";"Matemáticas y Estadística";"Ambos Sexos";"Rendimiento"
"2019-2020";"81.22";"Matemáticas y Estadística";"Ambos Sexos";"Rendimiento"
"2018-2019";"..";"Matemáticas y Estadística";"Ambos Sexos";"Rendimiento"
"2017-2018";"..";"Matemáticas y Estadística";"Ambos Sexos";"Rendimiento"
"2016-2017";"..";"Matemáticas y Estadística";"Ambos Sexos";"Rendimiento"
"2015-2016";"..";"Matemáticas y Estadística";"Ambos Sexos";"Rendimiento"
"2022-2023";"68.41";"Total Informática";"Ambos Sexos";"Rendimiento"
"2021-2022";"66.78";"Total Informática";"Ambos Sexos";"Rendimiento"
"2020-2021";"67.51";"Total Informática";"Ambos Sexos";"Rendimiento"
"2019-2020";"74.58";"Total Informática";"Ambos Sexos";"Rendimiento"
"2018-2019";"64.15";"Total Informática";"Ambos Sexos";"Rendimiento"
"2017-2018";"61.98";"Total Informática";"Ambos Sexos";"Rendimiento"
"2016-2017";"58.3";"Total Informática";"Ambos Sexos";"Rendimiento"
"2015-2016";"56.96";"Total Informática";"Ambos Sexos";"Rendimiento"
"2022-2023";"68.41";"Informática";"Ambos Sexos";"Rendimiento"
"2021-2022";"66.78";"Informática";"Ambos Sexos";"Rendimiento"
"2020-2021";"67.51";"Informática";"Ambos Sexos";"Rendimiento"
"2019-2020";"74.58";"Informática";"Ambos Sexos";"Rendimiento"
"2018-2019";"64.15";"Informática";"Ambos Sexos";"Rendimiento"
"2017-2018";"61.98";"Informática";"Ambos Sexos";"Rendimiento"
"2016-2017";"58.3";"Informática";"Ambos Sexos";"Rendimiento"
"2015-2016";"56.96";"Informática";"Ambos Sexos";"Rendimiento"
"2022-2023";"63.02";"Total Ingeniería, industria y construcción";"Ambos Sexos";"Rendimiento"
"2021-2022";"60.12";"Total Ingeniería, industria y construcción";"Ambos Sexos";"Rendimiento"
"2020-2021";"61.16";"Total Ingeniería, industria y construcción";"Ambos Sexos";"Rendimiento"
"2019-2020";"67.94";"Total Ingeniería, industria y construcción";"Ambos Sexos";"Rendimiento"
"2018-2019";"58.3";"Total Ingeniería, industria y construcción";"Ambos Sexos";"Rendimiento"
"2017-2018";"57.49";"Total Ingeniería, industria y construcción";"Ambos Sexos";"Rendimiento"
"2016-2017";"56.71";"Total Ingeniería, industria y construcción";"Ambos Sexos";"Rendimiento"
"2015-2016";"60.17";"Total Ingeniería, industria y construcción";"Ambos Sexos";"Rendimiento"
"2022-2023";"68.24";"Ingenierías";"Ambos Sexos";"Rendimiento"
"2021-2022";"65.67";"Ingenierías";"Ambos Sexos";"Rendimiento"
"2020-2021";"67.42";"Ingenierías";"Ambos Sexos";"Rendimiento"
"2019-2020";"73.49";"Ingenierías";"Ambos Sexos";"Rendimiento"
"2018-2019";"61.89";"Ingenierías";"Ambos Sexos";"Rendimiento"
"2017-2018";"59.68";"Ingenierías";"Ambos Sexos";"Rendimiento"
"2016-2017";"56.56";"Ingenierías";"Ambos Sexos";"Rendimiento"
"2015-2016";"60.14";"Ingenierías";"Ambos Sexos";"Rendimiento"
"2022-2023";"55.24";"Arquitectura y construcción";"Ambos Sexos";"Rendimiento"
"2021-2022";"51.85";"Arquitectura y construcción";"Ambos Sexos";"Rendimiento"
"2020-2021";"52.74";"Arquitectura y construcción";"Ambos Sexos";"Rendimiento"
"2019-2020";"61.7";"Arquitectura y construcción";"Ambos Sexos";"Rendimiento"
"2018-2019";"54.75";"Arquitectura y construcción";"Ambos Sexos";"Rendimiento"
"2017-2018";"55.72";"Arquitectura y construcción";"Ambos Sexos";"Rendimiento"
"2016-2017";"56.83";"Arquitectura y construcción";"Ambos Sexos";"Rendimiento"
"2015-2016";"60.18";"Arquitectura y construcción";"Ambos Sexos";"Rendimiento"
"2022-2023";"..";"Total Agricultura, ganadería,  silvicultura, pesca, y veterinaria";"Ambos Sexos";"Rendimiento"
"2021-2022";"..";"Total Agricultura, ganadería,  silvicultura, pesca, y veterinaria";"Ambos Sexos";"Rendimiento"
"2020-2021";"..";"Total Agricultura, ganadería,  silvicultura, pesca, y veterinaria";"Ambos Sexos";"Rendimiento"
"2019-2020";"..";"Total Agricultura, ganadería,  silvicultura, pesca, y veterinaria";"Ambos Sexos";"Rendimiento"
"2018-2019";"..";"Total Agricultura, ganadería,  silvicultura, pesca, y veterinaria";"Ambos Sexos";"Rendimiento"
"2017-2018";"..";"Total Agricultura, ganadería,  silvicultura, pesca, y veterinaria";"Ambos Sexos";"Rendimiento"
"2016-2017";"..";"Total Agricultura, ganadería,  silvicultura, pesca, y veterinaria";"Ambos Sexos";"Rendimiento"
"2015-2016";"..";"Total Agricultura, ganadería,  silvicultura, pesca, y veterinaria";"Ambos Sexos";"Rendimiento"
"2022-2023";"..";"Agricultura, ganadería y pesca";"Ambos Sexos";"Rendimiento"
"2021-2022";"..";"Agricultura, ganadería y pesca";"Ambos Sexos";"Rendimiento"
"2020-2021";"..";"Agricultura, ganadería y pesca";"Ambos Sexos";"Rendimiento"
"2019-2020";"..";"Agricultura, ganadería y pesca";"Ambos Sexos";"Rendimiento"
"2018-2019";"..";"Agricultura, ganadería y pesca";"Ambos Sexos";"Rendimiento"
"2017-2018";"..";"Agricultura, ganadería y pesca";"Ambos Sexos";"Rendimiento"
"2016-2017";"..";"Agricultura, ganadería y pesca";"Ambos Sexos";"Rendimiento"
"2015-2016";"..";"Agricultura, ganadería y pesca";"Ambos Sexos";"Rendimiento"
"2022-2023";"..";"Veterinaria";"Ambos Sexos";"Rendimiento"
"2021-2022";"..";"Veterinaria";"Ambos Sexos";"Rendimiento"
"2020-2021";"..";"Veterinaria";"Ambos Sexos";"Rendimiento"
"2019-2020";"..";"Veterinaria";"Ambos Sexos";"Rendimiento"
"2018-2019";"..";"Veterinaria";"Ambos Sexos";"Rendimiento"
"2017-2018";"..";"Veterinaria";"Ambos Sexos";"Rendimiento"
"2016-2017";"..";"Veterinaria";"Ambos Sexos";"Rendimiento"
"2015-2016";"..";"Veterinaria";"Ambos Sexos";"Rendimiento"
"2022-2023";"91.08";"Total Salud y servicios sociales";"Ambos Sexos";"Rendimiento"
"2021-2022";"89.57";"Total Salud y servicios sociales";"Ambos Sexos";"Rendimiento"
"2020-2021";"91.79";"Total Salud y servicios sociales";"Ambos Sexos";"Rendimiento"
"2019-2020";"94.95";"Total Salud y servicios sociales";"Ambos Sexos";"Rendimiento"
"2018-2019";"90.98";"Total Salud y servicios sociales";"Ambos Sexos";"Rendimiento"
"2017-2018";"91.62";"Total Salud y servicios sociales";"Ambos Sexos";"Rendimiento"
"2016-2017";"91.7";"Total Salud y servicios sociales";"Ambos Sexos";"Rendimiento"
"2015-2016";"90.98";"Total Salud y servicios sociales";"Ambos Sexos";"Rendimiento"
"2022-2023";"..";"Medicina";"Ambos Sexos";"Rendimiento"
"2021-2022";"..";"Medicina";"Ambos Sexos";"Rendimiento"
"2020-2021";"..";"Medicina";"Ambos Sexos";"Rendimiento"
"2019-2020";"..";"Medicina";"Ambos Sexos";"Rendimiento"
"2018-2019";"..";"Medicina";"Ambos Sexos";"Rendimiento"
"2017-2018";"..";"Medicina";"Ambos Sexos";"Rendimiento"
"2016-2017";"..";"Medicina";"Ambos Sexos";"Rendimiento"
"2015-2016";"..";"Medicina";"Ambos Sexos";"Rendimiento"
"2022-2023";"93.86";"Enfermería y atención a enfermos";"Ambos Sexos";"Rendimiento"
"2021-2022";"91.03";"Enfermería y atención a enfermos";"Ambos Sexos";"Rendimiento"
"2020-2021";"93.01";"Enfermería y atención a enfermos";"Ambos Sexos";"Rendimiento"
"2019-2020";"95.32";"Enfermería y atención a enfermos";"Ambos Sexos";"Rendimiento"
"2018-2019";"92.16";"Enfermería y atención a enfermos";"Ambos Sexos";"Rendimiento"
"2017-2018";"92.82";"Enfermería y atención a enfermos";"Ambos Sexos";"Rendimiento"
"2016-2017";"93.7";"Enfermería y atención a enfermos";"Ambos Sexos";"Rendimiento"
"2015-2016";"93.45";"Enfermería y atención a enfermos";"Ambos Sexos";"Rendimiento"
"2022-2023";"89.5";"Otras ciencias de la Salud";"Ambos Sexos";"Rendimiento"
"2021-2022";"88.75";"Otras ciencias de la Salud";"Ambos Sexos";"Rendimiento"
"2020-2021";"91.13";"Otras ciencias de la Salud";"Ambos Sexos";"Rendimiento"
"2019-2020";"94.76";"Otras ciencias de la Salud";"Ambos Sexos";"Rendimiento"
"2018-2019";"90.36";"Otras ciencias de la Salud";"Ambos Sexos";"Rendimiento"
"2017-2018";"90.99";"Otras ciencias de la Salud";"Ambos Sexos";"Rendimiento"
"2016-2017";"90.63";"Otras ciencias de la Salud";"Ambos Sexos";"Rendimiento"
"2015-2016";"89.58";"Otras ciencias de la Salud";"Ambos Sexos";"Rendimiento"
"2022-2023";"..";"Trabajo social y orientación";"Ambos Sexos";"Rendimiento"
"2021-2022";"..";"Trabajo social y orientación";"Ambos Sexos";"Rendimiento"
"2020-2021";"..";"Trabajo social y orientación";"Ambos Sexos";"Rendimiento"
"2019-2020";"..";"Trabajo social y orientación";"Ambos Sexos";"Rendimiento"
"2018-2019";"..";"Trabajo social y orientación";"Ambos Sexos";"Rendimiento"
"2017-2018";"..";"Trabajo social y orientación";"Ambos Sexos";"Rendimiento"
"2016-2017";"..";"Trabajo social y orientación";"Ambos Sexos";"Rendimiento"
"2015-2016";"..";"Trabajo social y orientación";"Ambos Sexos";"Rendimiento"
"2022-2023";"76.07";"Total Servicios";"Ambos Sexos";"Rendimiento"
"2021-2022";"74.5";"Total Servicios";"Ambos Sexos";"Rendimiento"
"2020-2021";"80.07";"Total Servicios";"Ambos Sexos";"Rendimiento"
"2019-2020";"84.03";"Total Servicios";"Ambos Sexos";"Rendimiento"
"2018-2019";"73.26";"Total Servicios";"Ambos Sexos";"Rendimiento"
"2017-2018";"70.91";"Total Servicios";"Ambos Sexos";"Rendimiento"
"2016-2017";"70.37";"Total Servicios";"Ambos Sexos";"Rendimiento"
"2015-2016";"71.78";"Total Servicios";"Ambos Sexos";"Rendimiento"
"2022-2023";"82.71";"Deportes";"Ambos Sexos";"Rendimiento"
"2021-2022";"82.93";"Deportes";"Ambos Sexos";"Rendimiento"
"2020-2021";"87.7";"Deportes";"Ambos Sexos";"Rendimiento"
"2019-2020";"88.62";"Deportes";"Ambos Sexos";"Rendimiento"
"2018-2019";"78.1";"Deportes";"Ambos Sexos";"Rendimiento"
"2017-2018";"74.74";"Deportes";"Ambos Sexos";"Rendimiento"
"2016-2017";"72.5";"Deportes";"Ambos Sexos";"Rendimiento"
"2015-2016";"73.41";"Deportes";"Ambos Sexos";"Rendimiento"
"2022-2023";"74.14";"Turismo y Hostelería";"Ambos Sexos";"Rendimiento"
"2021-2022";"70.48";"Turismo y Hostelería";"Ambos Sexos";"Rendimiento"
"2020-2021";"78.26";"Turismo y Hostelería";"Ambos Sexos";"Rendimiento"
"2019-2020";"91.45";"Turismo y Hostelería";"Ambos Sexos";"Rendimiento"
"2018-2019";"79.99";"Turismo y Hostelería";"Ambos Sexos";"Rendimiento"
"2017-2018";"73.77";"Turismo y Hostelería";"Ambos Sexos";"Rendimiento"
"2016-2017";"75.0";"Turismo y Hostelería";"Ambos Sexos";"Rendimiento"
"2015-2016";"73.17";"Turismo y Hostelería";"Ambos Sexos";"Rendimiento"
"2022-2023";"61.75";"Otros Servicios";"Ambos Sexos";"Rendimiento"
"2021-2022";"57.99";"Otros Servicios";"Ambos Sexos";"Rendimiento"
"2020-2021";"61.55";"Otros Servicios";"Ambos Sexos";"Rendimiento"
"2019-2020";"66.53";"Otros Servicios";"Ambos Sexos";"Rendimiento"
"2018-2019";"56.27";"Otros Servicios";"Ambos Sexos";"Rendimiento"
"2017-2018";"58.97";"Otros Servicios";"Ambos Sexos";"Rendimiento"
"2016-2017";"61.04";"Otros Servicios";"Ambos Sexos";"Rendimiento"
"2015-2016";"65.97";"Otros Servicios";"Ambos Sexos";"Rendimiento"
"2022-2023";"???";"A Coruña";"Ambos Sexos";"Exito"
"2021-2022";"???";"A Coruña";"Ambos Sexos";"Exito"
"2020-2021";"???";"A Coruña";"Ambos Sexos";"Exito"
"2019-2020";"???";"A Coruña";"Ambos Sexos";"Exito"
"2018-2019";"???";"A Coruña";"Ambos Sexos";"Exito"
"2017-2018";"???";"A Coruña";"Ambos Sexos";"Exito"
"2016-2017";"???";"A Coruña";"Ambos Sexos";"Exito"
"2015-2016";"???";"A Coruña";"Ambos Sexos";"Exito"
"2022-2023";"84.5";"Todos los ámbitos";"Ambos Sexos";"Exito"
"2021-2022";"84.02";"Todos los ámbitos";"Ambos Sexos";"Exito"
"2020-2021";"86.17";"Todos los ámbitos";"Ambos Sexos";"Exito"
"2019-2020";"91.1";"Todos los ámbitos";"Ambos Sexos";"Exito"
"2018-2019";"84.73";"Todos los ámbitos";"Ambos Sexos";"Exito"
"2017-2018";"84.24";"Todos los ámbitos";"Ambos Sexos";"Exito"
"2016-2017";"83.94";"Todos los ámbitos";"Ambos Sexos";"Exito"
"2015-2016";"84.01";"Todos los ámbitos";"Ambos Sexos";"Exito"
"2022-2023";"95.76";"Total Educación";"Ambos Sexos";"Exito"
"2021-2022";"95.26";"Total Educación";"Ambos Sexos";"Exito"
"2020-2021";"97.18";"Total Educación";"Ambos Sexos";"Exito"
"2019-2020";"97.57";"Total Educación";"Ambos Sexos";"Exito"
"2018-2019";"94.86";"Total Educación";"Ambos Sexos";"Exito"
"2017-2018";"94.42";"Total Educación";"Ambos Sexos";"Exito"
"2016-2017";"95.11";"Total Educación";"Ambos Sexos";"Exito"
"2015-2016";"94.32";"Total Educación";"Ambos Sexos";"Exito"
"2022-2023";"97.63";"Formación de docentes de enseñanza infantil";"Ambos Sexos";"Exito"
"2021-2022";"97.05";"Formación de docentes de enseñanza infantil";"Ambos Sexos";"Exito"
"2020-2021";"98.51";"Formación de docentes de enseñanza infantil";"Ambos Sexos";"Exito"
"2019-2020";"98.33";"Formación de docentes de enseñanza infantil";"Ambos Sexos";"Exito"
"2018-2019";"96.56";"Formación de docentes de enseñanza infantil";"Ambos Sexos";"Exito"
"2017-2018";"96.28";"Formación de docentes de enseñanza infantil";"Ambos Sexos";"Exito"
"2016-2017";"97.2";"Formación de docentes de enseñanza infantil";"Ambos Sexos";"Exito"
"2015-2016";"96.85";"Formación de docentes de enseñanza infantil";"Ambos Sexos";"Exito"
"2022-2023";"95.0";"Formación de docentes de enseñanza primaria";"Ambos Sexos";"Exito"
"2021-2022";"95.24";"Formación de docentes de enseñanza primaria";"Ambos Sexos";"Exito"
"2020-2021";"96.74";"Formación de docentes de enseñanza primaria";"Ambos Sexos";"Exito"
"2019-2020";"96.74";"Formación de docentes de enseñanza primaria";"Ambos Sexos";"Exito"
"2018-2019";"93.32";"Formación de docentes de enseñanza primaria";"Ambos Sexos";"Exito"
"2017-2018";"92.59";"Formación de docentes de enseñanza primaria";"Ambos Sexos";"Exito"
"2016-2017";"93.8";"Formación de docentes de enseñanza primaria";"Ambos Sexos";"Exito"
"2015-2016";"93.69";"Formación de docentes de enseñanza primaria";"Ambos Sexos";"Exito"
"2022-2023";"94.01";"Otra Formación de personal docente y ciencias de la educación";"Ambos Sexos";"Exito"
"2021-2022";"92.38";"Otra Formación de personal docente y ciencias de la educación";"Ambos Sexos";"Exito"
"2020-2021";"95.71";"Otra Formación de personal docente y ciencias de la educación";"Ambos Sexos";"Exito"
"2019-2020";"97.73";"Otra Formación de personal docente y ciencias de la educación";"Ambos Sexos";"Exito"
"2018-2019";"94.74";"Otra Formación de personal docente y ciencias de la educación";"Ambos Sexos";"Exito"
"2017-2018";"94.69";"Otra Formación de personal docente y ciencias de la educación";"Ambos Sexos";"Exito"
"2016-2017";"94.13";"Otra Formación de personal docente y ciencias de la educación";"Ambos Sexos";"Exito"
"2015-2016";"91.34";"Otra Formación de personal docente y ciencias de la educación";"Ambos Sexos";"Exito"
"2022-2023";"86.91";"Total Artes y humanidades";"Ambos Sexos";"Exito"
"2021-2022";"86.17";"Total Artes y humanidades";"Ambos Sexos";"Exito"
"2020-2021";"88.37";"Total Artes y humanidades";"Ambos Sexos";"Exito"
"2019-2020";"92.52";"Total Artes y humanidades";"Ambos Sexos";"Exito"
"2018-2019";"87.42";"Total Artes y humanidades";"Ambos Sexos";"Exito"
"2017-2018";"85.04";"Total Artes y humanidades";"Ambos Sexos";"Exito"
"2016-2017";"86.52";"Total Artes y humanidades";"Ambos Sexos";"Exito"
"2015-2016";"85.53";"Total Artes y humanidades";"Ambos Sexos";"Exito"
"2022-2023";"93.86";"Técnicas audiovisuales y medios de comunicación";"Ambos Sexos";"Exito"
"2021-2022";"95.76";"Técnicas audiovisuales y medios de comunicación";"Ambos Sexos";"Exito"
"2020-2021";"96.37";"Técnicas audiovisuales y medios de comunicación";"Ambos Sexos";"Exito"
"2019-2020";"96.58";"Técnicas audiovisuales y medios de comunicación";"Ambos Sexos";"Exito"
"2018-2019";"95.59";"Técnicas audiovisuales y medios de comunicación";"Ambos Sexos";"Exito"
"2017-2018";"94.27";"Técnicas audiovisuales y medios de comunicación";"Ambos Sexos";"Exito"
"2016-2017";"94.47";"Técnicas audiovisuales y medios de comunicación";"Ambos Sexos";"Exito"
"2015-2016";"92.63";"Técnicas audiovisuales y medios de comunicación";"Ambos Sexos";"Exito"
"2022-2023";"..";"Artes";"Ambos Sexos";"Exito"
"2021-2022";"..";"Artes";"Ambos Sexos";"Exito"
"2020-2021";"..";"Artes";"Ambos Sexos";"Exito"
"2019-2020";"..";"Artes";"Ambos Sexos";"Exito"
"2018-2019";"..";"Artes";"Ambos Sexos";"Exito"
"2017-2018";"..";"Artes";"Ambos Sexos";"Exito"
"2016-2017";"..";"Artes";"Ambos Sexos";"Exito"
"2015-2016";"..";"Artes";"Ambos Sexos";"Exito"
"2022-2023";"79.78";"Lenguas";"Ambos Sexos";"Exito"
"2021-2022";"76.89";"Lenguas";"Ambos Sexos";"Exito"
"2020-2021";"81.42";"Lenguas";"Ambos Sexos";"Exito"
"2019-2020";"89.12";"Lenguas";"Ambos Sexos";"Exito"
"2018-2019";"81.96";"Lenguas";"Ambos Sexos";"Exito"
"2017-2018";"78.59";"Lenguas";"Ambos Sexos";"Exito"
"2016-2017";"80.87";"Lenguas";"Ambos Sexos";"Exito"
"2015-2016";"79.69";"Lenguas";"Ambos Sexos";"Exito"
"2022-2023";"..";"Humanidades";"Ambos Sexos";"Exito"
"2021-2022";"..";"Humanidades";"Ambos Sexos";"Exito"
"2020-2021";"..";"Humanidades";"Ambos Sexos";"Exito"
"2019-2020";"100.0";"Humanidades";"Ambos Sexos";"Exito"
"2018-2019";"94.53";"Humanidades";"Ambos Sexos";"Exito"
"2017-2018";"94.88";"Humanidades";"Ambos Sexos";"Exito"
"2016-2017";"92.14";"Humanidades";"Ambos Sexos";"Exito"
"2015-2016";"97.23";"Humanidades";"Ambos Sexos";"Exito"
"2022-2023";"81.65";"Total Ciencias sociales, periodismo y documentación";"Ambos Sexos";"Exito"
"2021-2022";"81.82";"Total Ciencias sociales, periodismo y documentación";"Ambos Sexos";"Exito"
"2020-2021";"83.32";"Total Ciencias sociales, periodismo y documentación";"Ambos Sexos";"Exito"
"2019-2020";"89.43";"Total Ciencias sociales, periodismo y documentación";"Ambos Sexos";"Exito"
"2018-2019";"79.78";"Total Ciencias sociales, periodismo y documentación";"Ambos Sexos";"Exito"
"2017-2018";"80.25";"Total Ciencias sociales, periodismo y documentación";"Ambos Sexos";"Exito"
"2016-2017";"81.53";"Total Ciencias sociales, periodismo y documentación";"Ambos Sexos";"Exito"
"2015-2016";"80.44";"Total Ciencias sociales, periodismo y documentación";"Ambos Sexos";"Exito"
"2022-2023";"..";"Psicología";"Ambos Sexos";"Exito"
"2021-2022";"..";"Psicología";"Ambos Sexos";"Exito"
"2020-2021";"..";"Psicología";"Ambos Sexos";"Exito"
"2019-2020";"..";"Psicología";"Ambos Sexos";"Exito"
"2018-2019";"..";"Psicología";"Ambos Sexos";"Exito"
"2017-2018";"..";"Psicología";"Ambos Sexos";"Exito"
"2016-2017";"..";"Psicología";"Ambos Sexos";"Exito"
"2015-2016";"..";"Psicología";"Ambos Sexos";"Exito"
"2022-2023";"72.2";"Economía";"Ambos Sexos";"Exito"
"2021-2022";"72.87";"Economía";"Ambos Sexos";"Exito"
"2020-2021";"75.79";"Economía";"Ambos Sexos";"Exito"
"2019-2020";"86.07";"Economía";"Ambos Sexos";"Exito"
"2018-2019";"73.4";"Economía";"Ambos Sexos";"Exito"
"2017-2018";"74.02";"Economía";"Ambos Sexos";"Exito"
"2016-2017";"74.38";"Economía";"Ambos Sexos";"Exito"
"2015-2016";"75.55";"Economía";"Ambos Sexos";"Exito"
"2022-2023";"88.06";"Otras Ciencias sociales y del comportamiento";"Ambos Sexos";"Exito"
"2021-2022";"88.77";"Otras Ciencias sociales y del comportamiento";"Ambos Sexos";"Exito"
"2020-2021";"90.08";"Otras Ciencias sociales y del comportamiento";"Ambos Sexos";"Exito"
"2019-2020";"92.27";"Otras Ciencias sociales y del comportamiento";"Ambos Sexos";"Exito"
"2018-2019";"86.4";"Otras Ciencias sociales y del comportamiento";"Ambos Sexos";"Exito"
"2017-2018";"87.34";"Otras Ciencias sociales y del comportamiento";"Ambos Sexos";"Exito"
"2016-2017";"89.4";"Otras Ciencias sociales y del comportamiento";"Ambos Sexos";"Exito"
"2015-2016";"86.13";"Otras Ciencias sociales y del comportamiento";"Ambos Sexos";"Exito"
"2022-2023";"94.91";"Periodismo e información";"Ambos Sexos";"Exito"
"2021-2022";"92.27";"Periodismo e información";"Ambos Sexos";"Exito"
"2020-2021";"89.22";"Periodismo e información";"Ambos Sexos";"Exito"
"2019-2020";"96.38";"Periodismo e información";"Ambos Sexos";"Exito"
"2018-2019";"..";"Periodismo e información";"Ambos Sexos";"Exito"
"2017-2018";"..";"Periodismo e información";"Ambos Sexos";"Exito"
"2016-2017";"93.9";"Periodismo e información";"Ambos Sexos";"Exito"
"2015-2016";"91.67";"Periodismo e información";"Ambos Sexos";"Exito"
"2022-2023";"80.08";"Total Negocios, administración y derecho";"Ambos Sexos";"Exito"
"2021-2022";"79.84";"Total Negocios, administración y derecho";"Ambos Sexos";"Exito"
"2020-2021";"83.79";"Total Negocios, administración y derecho";"Ambos Sexos";"Exito"
"2019-2020";"89.37";"Total Negocios, administración y derecho";"Ambos Sexos";"Exito"
"2018-2019";"81.44";"Total Negocios, administración y derecho";"Ambos Sexos";"Exito"
"2017-2018";"81.52";"Total Negocios, administración y derecho";"Ambos Sexos";"Exito"
"2016-2017";"82.6";"Total Negocios, administración y derecho";"Ambos Sexos";"Exito"
"2015-2016";"82.45";"Total Negocios, administración y derecho";"Ambos Sexos";"Exito"
"2022-2023";"79.29";"Administración y gestión de empresas";"Ambos Sexos";"Exito"
"2021-2022";"78.86";"Administración y gestión de empresas";"Ambos Sexos";"Exito"
"2020-2021";"82.79";"Administración y gestión de empresas";"Ambos Sexos";"Exito"
"2019-2020";"88.46";"Administración y gestión de empresas";"Ambos Sexos";"Exito"
"2018-2019";"76.09";"Administración y gestión de empresas";"Ambos Sexos";"Exito"
"2017-2018";"76.91";"Administración y gestión de empresas";"Ambos Sexos";"Exito"
"2016-2017";"78.72";"Administración y gestión de empresas";"Ambos Sexos";"Exito"
"2015-2016";"79.11";"Administración y gestión de empresas";"Ambos Sexos";"Exito"
"2022-2023";"..";"Otra Educación comercial y empresarial";"Ambos Sexos";"Exito"
"2021-2022";"..";"Otra Educación comercial y empresarial";"Ambos Sexos";"Exito"
"2020-2021";"..";"Otra Educación comercial y empresarial";"Ambos Sexos";"Exito"
"2019-2020";"..";"Otra Educación comercial y empresarial";"Ambos Sexos";"Exito"
"2018-2019";"..";"Otra Educación comercial y empresarial";"Ambos Sexos";"Exito"
"2017-2018";"..";"Otra Educación comercial y empresarial";"Ambos Sexos";"Exito"
"2016-2017";"..";"Otra Educación comercial y empresarial";"Ambos Sexos";"Exito"
"2015-2016";"..";"Otra Educación comercial y empresarial";"Ambos Sexos";"Exito"
"2022-2023";"82.43";"Derecho";"Ambos Sexos";"Exito"
"2021-2022";"82.95";"Derecho";"Ambos Sexos";"Exito"
"2020-2021";"86.95";"Derecho";"Ambos Sexos";"Exito"
"2019-2020";"92.12";"Derecho";"Ambos Sexos";"Exito"
"2018-2019";"89.21";"Derecho";"Ambos Sexos";"Exito"
"2017-2018";"88.62";"Derecho";"Ambos Sexos";"Exito"
"2016-2017";"88.92";"Derecho";"Ambos Sexos";"Exito"
"2015-2016";"87.92";"Derecho";"Ambos Sexos";"Exito"
"2022-2023";"78.1";"Total Ciencias";"Ambos Sexos";"Exito"
"2021-2022";"77.11";"Total Ciencias";"Ambos Sexos";"Exito"
"2020-2021";"74.65";"Total Ciencias";"Ambos Sexos";"Exito"
"2019-2020";"87.78";"Total Ciencias";"Ambos Sexos";"Exito"
"2018-2019";"76.53";"Total Ciencias";"Ambos Sexos";"Exito"
"2017-2018";"76.27";"Total Ciencias";"Ambos Sexos";"Exito"
"2016-2017";"73.81";"Total Ciencias";"Ambos Sexos";"Exito"
"2015-2016";"77.0";"Total Ciencias";"Ambos Sexos";"Exito"
"2022-2023";"79.57";"Ciencias de la vida";"Ambos Sexos";"Exito"
"2021-2022";"79.81";"Ciencias de la vida";"Ambos Sexos";"Exito"
"2020-2021";"80.98";"Ciencias de la vida";"Ambos Sexos";"Exito"
"2019-2020";"92.79";"Ciencias de la vida";"Ambos Sexos";"Exito"
"2018-2019";"83.02";"Ciencias de la vida";"Ambos Sexos";"Exito"
"2017-2018";"81.68";"Ciencias de la vida";"Ambos Sexos";"Exito"
"2016-2017";"79.83";"Ciencias de la vida";"Ambos Sexos";"Exito"
"2015-2016";"79.53";"Ciencias de la vida";"Ambos Sexos";"Exito"
"2022-2023";"65.15";"Ciencias Físicas, químicas, geológicas";"Ambos Sexos";"Exito"
"2021-2022";"66.74";"Ciencias Físicas, químicas, geológicas";"Ambos Sexos";"Exito"
"2020-2021";"60.75";"Ciencias Físicas, químicas, geológicas";"Ambos Sexos";"Exito"
"2019-2020";"78.92";"Ciencias Físicas, químicas, geológicas";"Ambos Sexos";"Exito"
"2018-2019";"65.11";"Ciencias Físicas, químicas, geológicas";"Ambos Sexos";"Exito"
"2017-2018";"66.89";"Ciencias Físicas, químicas, geológicas";"Ambos Sexos";"Exito"
"2016-2017";"64.37";"Ciencias Físicas, químicas, geológicas";"Ambos Sexos";"Exito"
"2015-2016";"72.25";"Ciencias Físicas, químicas, geológicas";"Ambos Sexos";"Exito"
"2022-2023";"87.79";"Matemáticas y Estadística";"Ambos Sexos";"Exito"
"2021-2022";"84.64";"Matemáticas y Estadística";"Ambos Sexos";"Exito"
"2020-2021";"79.11";"Matemáticas y Estadística";"Ambos Sexos";"Exito"
"2019-2020";"87.5";"Matemáticas y Estadística";"Ambos Sexos";"Exito"
"2018-2019";"..";"Matemáticas y Estadística";"Ambos Sexos";"Exito"
"2017-2018";"..";"Matemáticas y Estadística";"Ambos Sexos";"Exito"
"2016-2017";"..";"Matemáticas y Estadística";"Ambos Sexos";"Exito"
"2015-2016";"..";"Matemáticas y Estadística";"Ambos Sexos";"Exito"
"2022-2023";"79.31";"Total Informática";"Ambos Sexos";"Exito"
"2021-2022";"79.13";"Total Informática";"Ambos Sexos";"Exito"
"2020-2021";"80.34";"Total Informática";"Ambos Sexos";"Exito"
"2019-2020";"86.27";"Total Informática";"Ambos Sexos";"Exito"
"2018-2019";"78.68";"Total Informática";"Ambos Sexos";"Exito"
"2017-2018";"77.09";"Total Informática";"Ambos Sexos";"Exito"
"2016-2017";"75.46";"Total Informática";"Ambos Sexos";"Exito"
"2015-2016";"75.21";"Total Informática";"Ambos Sexos";"Exito"
"2022-2023";"79.31";"Informática";"Ambos Sexos";"Exito"
"2021-2022";"79.13";"Informática";"Ambos Sexos";"Exito"
"2020-2021";"80.34";"Informática";"Ambos Sexos";"Exito"
"2019-2020";"86.27";"Informática";"Ambos Sexos";"Exito"
"2018-2019";"78.68";"Informática";"Ambos Sexos";"Exito"
"2017-2018";"77.09";"Informática";"Ambos Sexos";"Exito"
"2016-2017";"75.46";"Informática";"Ambos Sexos";"Exito"
"2015-2016";"75.21";"Informática";"Ambos Sexos";"Exito"
"2022-2023";"79.1";"Total Ingeniería, industria y construcción";"Ambos Sexos";"Exito"
"2021-2022";"78.58";"Total Ingeniería, industria y construcción";"Ambos Sexos";"Exito"
"2020-2021";"80.46";"Total Ingeniería, industria y construcción";"Ambos Sexos";"Exito"
"2019-2020";"86.25";"Total Ingeniería, industria y construcción";"Ambos Sexos";"Exito"
"2018-2019";"78.97";"Total Ingeniería, industria y construcción";"Ambos Sexos";"Exito"
"2017-2018";"78.78";"Total Ingeniería, industria y construcción";"Ambos Sexos";"Exito"
"2016-2017";"77.29";"Total Ingeniería, industria y construcción";"Ambos Sexos";"Exito"
"2015-2016";"78.51";"Total Ingeniería, industria y construcción";"Ambos Sexos";"Exito"
"2022-2023";"81.59";"Ingenierías";"Ambos Sexos";"Exito"
"2021-2022";"81.18";"Ingenierías";"Ambos Sexos";"Exito"
"2020-2021";"83.02";"Ingenierías";"Ambos Sexos";"Exito"
"2019-2020";"88.36";"Ingenierías";"Ambos Sexos";"Exito"
"2018-2019";"80.43";"Ingenierías";"Ambos Sexos";"Exito"
"2017-2018";"80.53";"Ingenierías";"Ambos Sexos";"Exito"
"2016-2017";"77.21";"Ingenierías";"Ambos Sexos";"Exito"
"2015-2016";"80.07";"Ingenierías";"Ambos Sexos";"Exito"
"2022-2023";"74.9";"Arquitectura y construcción";"Ambos Sexos";"Exito"
"2021-2022";"74.11";"Arquitectura y construcción";"Ambos Sexos";"Exito"
"2020-2021";"76.41";"Arquitectura y construcción";"Ambos Sexos";"Exito"
"2019-2020";"83.58";"Arquitectura y construcción";"Ambos Sexos";"Exito"
"2018-2019";"77.39";"Arquitectura y construcción";"Ambos Sexos";"Exito"
"2017-2018";"77.33";"Arquitectura y construcción";"Ambos Sexos";"Exito"
"2016-2017";"77.34";"Arquitectura y construcción";"Ambos Sexos";"Exito"
"2015-2016";"77.49";"Arquitectura y construcción";"Ambos Sexos";"Exito"
"2022-2023";"..";"Total Agricultura, ganadería,  silvicultura, pesca, y veterinaria";"Ambos Sexos";"Exito"
"2021-2022";"..";"Total Agricultura, ganadería,  silvicultura, pesca, y veterinaria";"Ambos Sexos";"Exito"
"2020-2021";"..";"Total Agricultura, ganadería,  silvicultura, pesca, y veterinaria";"Ambos Sexos";"Exito"
"2019-2020";"..";"Total Agricultura, ganadería,  silvicultura, pesca, y veterinaria";"Ambos Sexos";"Exito"
"2018-2019";"..";"Total Agricultura, ganadería,  silvicultura, pesca, y veterinaria";"Ambos Sexos";"Exito"
"2017-2018";"..";"Total Agricultura, ganadería,  silvicultura, pesca, y veterinaria";"Ambos Sexos";"Exito"
"2016-2017";"..";"Total Agricultura, ganadería,  silvicultura, pesca, y veterinaria";"Ambos Sexos";"Exito"
"2015-2016";"..";"Total Agricultura, ganadería,  silvicultura, pesca, y veterinaria";"Ambos Sexos";"Exito"
"2022-2023";"..";"Agricultura, ganadería y pesca";"Ambos Sexos";"Exito"
"2021-2022";"..";"Agricultura, ganadería y pesca";"Ambos Sexos";"Exito"
"2020-2021";"..";"Agricultura, ganadería y pesca";"Ambos Sexos";"Exito"
"2019-2020";"..";"Agricultura, ganadería y pesca";"Ambos Sexos";"Exito"
"2018-2019";"..";"Agricultura, ganadería y pesca";"Ambos Sexos";"Exito"
"2017-2018";"..";"Agricultura, ganadería y pesca";"Ambos Sexos";"Exito"
"2016-2017";"..";"Agricultura, ganadería y pesca";"Ambos Sexos";"Exito"
"2015-2016";"..";"Agricultura, ganadería y pesca";"Ambos Sexos";"Exito"
"2022-2023";"..";"Veterinaria";"Ambos Sexos";"Exito"
"2021-2022";"..";"Veterinaria";"Ambos Sexos";"Exito"
"2020-2021";"..";"Veterinaria";"Ambos Sexos";"Exito"
"2019-2020";"..";"Veterinaria";"Ambos Sexos";"Exito"
"2018-2019";"..";"Veterinaria";"Ambos Sexos";"Exito"
"2017-2018";"..";"Veterinaria";"Ambos Sexos";"Exito"
"2016-2017";"..";"Veterinaria";"Ambos Sexos";"Exito"
"2015-2016";"..";"Veterinaria";"Ambos Sexos";"Exito"
"2022-2023";"94.73";"Total Salud y servicios sociales";"Ambos Sexos";"Exito"
"2021-2022";"93.77";"Total Salud y servicios sociales";"Ambos Sexos";"Exito"
"2020-2021";"95.12";"Total Salud y servicios sociales";"Ambos Sexos";"Exito"
"2019-2020";"98.13";"Total Salud y servicios sociales";"Ambos Sexos";"Exito"
"2018-2019";"95.5";"Total Salud y servicios sociales";"Ambos Sexos";"Exito"
"2017-2018";"95.7";"Total Salud y servicios sociales";"Ambos Sexos";"Exito"
"2016-2017";"95.79";"Total Salud y servicios sociales";"Ambos Sexos";"Exito"
"2015-2016";"95.46";"Total Salud y servicios sociales";"Ambos Sexos";"Exito"
"2022-2023";"..";"Medicina";"Ambos Sexos";"Exito"
"2021-2022";"..";"Medicina";"Ambos Sexos";"Exito"
"2020-2021";"..";"Medicina";"Ambos Sexos";"Exito"
"2019-2020";"..";"Medicina";"Ambos Sexos";"Exito"
"2018-2019";"..";"Medicina";"Ambos Sexos";"Exito"
"2017-2018";"..";"Medicina";"Ambos Sexos";"Exito"
"2016-2017";"..";"Medicina";"Ambos Sexos";"Exito"
"2015-2016";"..";"Medicina";"Ambos Sexos";"Exito"
"2022-2023";"95.81";"Enfermería y atención a enfermos";"Ambos Sexos";"Exito"
"2021-2022";"94.2";"Enfermería y atención a enfermos";"Ambos Sexos";"Exito"
"2020-2021";"95.75";"Enfermería y atención a enfermos";"Ambos Sexos";"Exito"
"2019-2020";"97.78";"Enfermería y atención a enfermos";"Ambos Sexos";"Exito"
"2018-2019";"95.4";"Enfermería y atención a enfermos";"Ambos Sexos";"Exito"
"2017-2018";"95.71";"Enfermería y atención a enfermos";"Ambos Sexos";"Exito"
"2016-2017";"96.58";"Enfermería y atención a enfermos";"Ambos Sexos";"Exito"
"2015-2016";"96.42";"Enfermería y atención a enfermos";"Ambos Sexos";"Exito"
"2022-2023";"94.09";"Otras ciencias de la Salud";"Ambos Sexos";"Exito"
"2021-2022";"93.53";"Otras ciencias de la Salud";"Ambos Sexos";"Exito"
"2020-2021";"94.77";"Otras ciencias de la Salud";"Ambos Sexos";"Exito"
"2019-2020";"98.32";"Otras ciencias de la Salud";"Ambos Sexos";"Exito"
"2018-2019";"95.55";"Otras ciencias de la Salud";"Ambos Sexos";"Exito"
"2017-2018";"95.7";"Otras ciencias de la Salud";"Ambos Sexos";"Exito"
"2016-2017";"95.36";"Otras ciencias de la Salud";"Ambos Sexos";"Exito"
"2015-2016";"94.9";"Otras ciencias de la Salud";"Ambos Sexos";"Exito"
"2022-2023";"..";"Trabajo social y orientación";"Ambos Sexos";"Exito"
"2021-2022";"..";"Trabajo social y orientación";"Ambos Sexos";"Exito"
"2020-2021";"..";"Trabajo social y orientación";"Ambos Sexos";"Exito"
"2019-2020";"..";"Trabajo social y orientación";"Ambos Sexos";"Exito"
"2018-2019";"..";"Trabajo social y orientación";"Ambos Sexos";"Exito"
"2017-2018";"..";"Trabajo social y orientación";"Ambos Sexos";"Exito"
"2016-2017";"..";"Trabajo social y orientación";"Ambos Sexos";"Exito"
"2015-2016";"..";"Trabajo social y orientación";"Ambos Sexos";"Exito"
"2022-2023";"86.0";"Total Servicios";"Ambos Sexos";"Exito"
"2021-2022";"85.45";"Total Servicios";"Ambos Sexos";"Exito"
"2020-2021";"89.85";"Total Servicios";"Ambos Sexos";"Exito"
"2019-2020";"93.25";"Total Servicios";"Ambos Sexos";"Exito"
"2018-2019";"86.42";"Total Servicios";"Ambos Sexos";"Exito"
"2017-2018";"84.5";"Total Servicios";"Ambos Sexos";"Exito"
"2016-2017";"83.11";"Total Servicios";"Ambos Sexos";"Exito"
"2015-2016";"83.85";"Total Servicios";"Ambos Sexos";"Exito"
"2022-2023";"88.99";"Deportes";"Ambos Sexos";"Exito"
"2021-2022";"88.52";"Deportes";"Ambos Sexos";"Exito"
"2020-2021";"93.39";"Deportes";"Ambos Sexos";"Exito"
"2019-2020";"95.07";"Deportes";"Ambos Sexos";"Exito"
"2018-2019";"88.33";"Deportes";"Ambos Sexos";"Exito"
"2017-2018";"85.86";"Deportes";"Ambos Sexos";"Exito"
"2016-2017";"82.95";"Deportes";"Ambos Sexos";"Exito"
"2015-2016";"84.16";"Deportes";"Ambos Sexos";"Exito"
"2022-2023";"83.93";"Turismo y Hostelería";"Ambos Sexos";"Exito"
"2021-2022";"80.81";"Turismo y Hostelería";"Ambos Sexos";"Exito"
"2020-2021";"85.81";"Turismo y Hostelería";"Ambos Sexos";"Exito"
"2019-2020";"96.43";"Turismo y Hostelería";"Ambos Sexos";"Exito"
"2018-2019";"87.73";"Turismo y Hostelería";"Ambos Sexos";"Exito"
"2017-2018";"83.56";"Turismo y Hostelería";"Ambos Sexos";"Exito"
"2016-2017";"85.26";"Turismo y Hostelería";"Ambos Sexos";"Exito"
"2015-2016";"84.74";"Turismo y Hostelería";"Ambos Sexos";"Exito"
"2022-2023";"79.51";"Otros Servicios";"Ambos Sexos";"Exito"
"2021-2022";"80.94";"Otros Servicios";"Ambos Sexos";"Exito"
"2020-2021";"82.16";"Otros Servicios";"Ambos Sexos";"Exito"
"2019-2020";"84.78";"Otros Servicios";"Ambos Sexos";"Exito"
"2018-2019";"79.07";"Otros Servicios";"Ambos Sexos";"Exito"
"2017-2018";"80.9";"Otros Servicios";"Ambos Sexos";"Exito"
"2016-2017";"81.79";"Otros Servicios";"Ambos Sexos";"Exito"
"2015-2016";"82.17";"Otros Servicios";"Ambos Sexos";"Exito"
"2022-2023";"???";"A Coruña";"Ambos Sexos";"Evaluacion"
"2021-2022";"???";"A Coruña";"Ambos Sexos";"Evaluacion"
"2020-2021";"???";"A Coruña";"Ambos Sexos";"Evaluacion"
"2019-2020";"???";"A Coruña";"Ambos Sexos";"Evaluacion"
"2018-2019";"???";"A Coruña";"Ambos Sexos";"Evaluacion"
"2017-2018";"???";"A Coruña";"Ambos Sexos";"Evaluacion"
"2016-2017";"???";"A Coruña";"Ambos Sexos";"Evaluacion"
"2015-2016";"???";"A Coruña";"Ambos Sexos";"Evaluacion"
"2022-2023";"88.32";"Todos los ámbitos";"Ambos Sexos";"Evaluacion"
"2021-2022";"86.98";"Todos los ámbitos";"Ambos Sexos";"Evaluacion"
"2020-2021";"87.63";"Todos los ámbitos";"Ambos Sexos";"Evaluacion"
"2019-2020";"89.3";"Todos los ámbitos";"Ambos Sexos";"Evaluacion"
"2018-2019";"85.39";"Todos los ámbitos";"Ambos Sexos";"Evaluacion"
"2017-2018";"84.78";"Todos los ámbitos";"Ambos Sexos";"Evaluacion"
"2016-2017";"84.64";"Todos los ámbitos";"Ambos Sexos";"Evaluacion"
"2015-2016";"85.14";"Todos los ámbitos";"Ambos Sexos";"Evaluacion"
"2022-2023";"96.15";"Total Educación";"Ambos Sexos";"Evaluacion"
"2021-2022";"96.2";"Total Educación";"Ambos Sexos";"Evaluacion"
"2020-2021";"96.23";"Total Educación";"Ambos Sexos";"Evaluacion"
"2019-2020";"96.0";"Total Educación";"Ambos Sexos";"Evaluacion"
"2018-2019";"94.32";"Total Educación";"Ambos Sexos";"Evaluacion"
"2017-2018";"94.4";"Total Educación";"Ambos Sexos";"Evaluacion"
"2016-2017";"93.97";"Total Educación";"Ambos Sexos";"Evaluacion"
"2015-2016";"94.91";"Total Educación";"Ambos Sexos";"Evaluacion"
"2022-2023";"97.5";"Formación de docentes de enseñanza infantil";"Ambos Sexos";"Evaluacion"
"2021-2022";"97.41";"Formación de docentes de enseñanza infantil";"Ambos Sexos";"Evaluacion"
"2020-2021";"97.56";"Formación de docentes de enseñanza infantil";"Ambos Sexos";"Evaluacion"
"2019-2020";"97.43";"Formación de docentes de enseñanza infantil";"Ambos Sexos";"Evaluacion"
"2018-2019";"95.27";"Formación de docentes de enseñanza infantil";"Ambos Sexos";"Evaluacion"
"2017-2018";"95.78";"Formación de docentes de enseñanza infantil";"Ambos Sexos";"Evaluacion"
"2016-2017";"96.18";"Formación de docentes de enseñanza infantil";"Ambos Sexos";"Evaluacion"
"2015-2016";"96.59";"Formación de docentes de enseñanza infantil";"Ambos Sexos";"Evaluacion"
"2022-2023";"96.08";"Formación de docentes de enseñanza primaria";"Ambos Sexos";"Evaluacion"
"2021-2022";"96.31";"Formación de docentes de enseñanza primaria";"Ambos Sexos";"Evaluacion"
"2020-2021";"95.66";"Formación de docentes de enseñanza primaria";"Ambos Sexos";"Evaluacion"
"2019-2020";"94.85";"Formación de docentes de enseñanza primaria";"Ambos Sexos";"Evaluacion"
"2018-2019";"93.58";"Formación de docentes de enseñanza primaria";"Ambos Sexos";"Evaluacion"
"2017-2018";"94.04";"Formación de docentes de enseñanza primaria";"Ambos Sexos";"Evaluacion"
"2016-2017";"93.61";"Formación de docentes de enseñanza primaria";"Ambos Sexos";"Evaluacion"
"2015-2016";"95.25";"Formación de docentes de enseñanza primaria";"Ambos Sexos";"Evaluacion"
"2022-2023";"94.14";"Otra Formación de personal docente y ciencias de la educación";"Ambos Sexos";"Evaluacion"
"2021-2022";"94.12";"Otra Formación de personal docente y ciencias de la educación";"Ambos Sexos";"Evaluacion"
"2020-2021";"95.01";"Otra Formación de personal docente y ciencias de la educación";"Ambos Sexos";"Evaluacion"
"2019-2020";"95.66";"Otra Formación de personal docente y ciencias de la educación";"Ambos Sexos";"Evaluacion"
"2018-2019";"94.11";"Otra Formación de personal docente y ciencias de la educación";"Ambos Sexos";"Evaluacion"
"2017-2018";"93.02";"Otra Formación de personal docente y ciencias de la educación";"Ambos Sexos";"Evaluacion"
"2016-2017";"91.39";"Otra Formación de personal docente y ciencias de la educación";"Ambos Sexos";"Evaluacion"
"2015-2016";"91.81";"Otra Formación de personal docente y ciencias de la educación";"Ambos Sexos";"Evaluacion"
"2022-2023";"89.7";"Total Artes y humanidades";"Ambos Sexos";"Evaluacion"
"2021-2022";"87.66";"Total Artes y humanidades";"Ambos Sexos";"Evaluacion"
"2020-2021";"89.69";"Total Artes y humanidades";"Ambos Sexos";"Evaluacion"
"2019-2020";"91.2";"Total Artes y humanidades";"Ambos Sexos";"Evaluacion"
"2018-2019";"87.39";"Total Artes y humanidades";"Ambos Sexos";"Evaluacion"
"2017-2018";"85.09";"Total Artes y humanidades";"Ambos Sexos";"Evaluacion"
"2016-2017";"84.16";"Total Artes y humanidades";"Ambos Sexos";"Evaluacion"
"2015-2016";"85.58";"Total Artes y humanidades";"Ambos Sexos";"Evaluacion"
"2022-2023";"93.15";"Técnicas audiovisuales y medios de comunicación";"Ambos Sexos";"Evaluacion"
"2021-2022";"92.93";"Técnicas audiovisuales y medios de comunicación";"Ambos Sexos";"Evaluacion"
"2020-2021";"93.72";"Técnicas audiovisuales y medios de comunicación";"Ambos Sexos";"Evaluacion"
"2019-2020";"94.35";"Técnicas audiovisuales y medios de comunicación";"Ambos Sexos";"Evaluacion"
"2018-2019";"91.82";"Técnicas audiovisuales y medios de comunicación";"Ambos Sexos";"Evaluacion"
"2017-2018";"88.26";"Técnicas audiovisuales y medios de comunicación";"Ambos Sexos";"Evaluacion"
"2016-2017";"86.15";"Técnicas audiovisuales y medios de comunicación";"Ambos Sexos";"Evaluacion"
"2015-2016";"87.81";"Técnicas audiovisuales y medios de comunicación";"Ambos Sexos";"Evaluacion"
"2022-2023";"..";"Artes";"Ambos Sexos";"Evaluacion"
"2021-2022";"..";"Artes";"Ambos Sexos";"Evaluacion"
"2020-2021";"..";"Artes";"Ambos Sexos";"Evaluacion"
"2019-2020";"..";"Artes";"Ambos Sexos";"Evaluacion"
"2018-2019";"..";"Artes";"Ambos Sexos";"Evaluacion"
"2017-2018";"..";"Artes";"Ambos Sexos";"Evaluacion"
"2016-2017";"..";"Artes";"Ambos Sexos";"Evaluacion"
"2015-2016";"..";"Artes";"Ambos Sexos";"Evaluacion"
"2022-2023";"86.67";"Lenguas";"Ambos Sexos";"Evaluacion"
"2021-2022";"83.36";"Lenguas";"Ambos Sexos";"Evaluacion"
"2020-2021";"86.88";"Lenguas";"Ambos Sexos";"Evaluacion"
"2019-2020";"89.22";"Lenguas";"Ambos Sexos";"Evaluacion"
"2018-2019";"85.36";"Lenguas";"Ambos Sexos";"Evaluacion"
"2017-2018";"83.38";"Lenguas";"Ambos Sexos";"Evaluacion"
"2016-2017";"82.06";"Lenguas";"Ambos Sexos";"Evaluacion"
"2015-2016";"83.68";"Lenguas";"Ambos Sexos";"Evaluacion"
"2022-2023";"..";"Humanidades";"Ambos Sexos";"Evaluacion"
"2021-2022";"..";"Humanidades";"Ambos Sexos";"Evaluacion"
"2020-2021";"..";"Humanidades";"Ambos Sexos";"Evaluacion"
"2019-2020";"85.96";"Humanidades";"Ambos Sexos";"Evaluacion"
"2018-2019";"81.6";"Humanidades";"Ambos Sexos";"Evaluacion"
"2017-2018";"84.22";"Humanidades";"Ambos Sexos";"Evaluacion"
"2016-2017";"92.92";"Humanidades";"Ambos Sexos";"Evaluacion"
"2015-2016";"90.59";"Humanidades";"Ambos Sexos";"Evaluacion"
"2022-2023";"85.35";"Total Ciencias sociales, periodismo y documentación";"Ambos Sexos";"Evaluacion"
"2021-2022";"85.56";"Total Ciencias sociales, periodismo y documentación";"Ambos Sexos";"Evaluacion"
"2020-2021";"86.58";"Total Ciencias sociales, periodismo y documentación";"Ambos Sexos";"Evaluacion"
"2019-2020";"89.66";"Total Ciencias sociales, periodismo y documentación";"Ambos Sexos";"Evaluacion"
"2018-2019";"81.73";"Total Ciencias sociales, periodismo y documentación";"Ambos Sexos";"Evaluacion"
"2017-2018";"82.52";"Total Ciencias sociales, periodismo y documentación";"Ambos Sexos";"Evaluacion"
"2016-2017";"82.84";"Total Ciencias sociales, periodismo y documentación";"Ambos Sexos";"Evaluacion"
"2015-2016";"82.91";"Total Ciencias sociales, periodismo y documentación";"Ambos Sexos";"Evaluacion"
"2022-2023";"..";"Psicología";"Ambos Sexos";"Evaluacion"
"2021-2022";"..";"Psicología";"Ambos Sexos";"Evaluacion"
"2020-2021";"..";"Psicología";"Ambos Sexos";"Evaluacion"
"2019-2020";"..";"Psicología";"Ambos Sexos";"Evaluacion"
"2018-2019";"..";"Psicología";"Ambos Sexos";"Evaluacion"
"2017-2018";"..";"Psicología";"Ambos Sexos";"Evaluacion"
"2016-2017";"..";"Psicología";"Ambos Sexos";"Evaluacion"
"2015-2016";"..";"Psicología";"Ambos Sexos";"Evaluacion"
"2022-2023";"84.03";"Economía";"Ambos Sexos";"Evaluacion"
"2021-2022";"83.64";"Economía";"Ambos Sexos";"Evaluacion"
"2020-2021";"86.53";"Economía";"Ambos Sexos";"Evaluacion"
"2019-2020";"89.82";"Economía";"Ambos Sexos";"Evaluacion"
"2018-2019";"82.87";"Economía";"Ambos Sexos";"Evaluacion"
"2017-2018";"83.82";"Economía";"Ambos Sexos";"Evaluacion"
"2016-2017";"81.14";"Economía";"Ambos Sexos";"Evaluacion"
"2015-2016";"84.22";"Economía";"Ambos Sexos";"Evaluacion"
"2022-2023";"86.84";"Otras Ciencias sociales y del comportamiento";"Ambos Sexos";"Evaluacion"
"2021-2022";"87.69";"Otras Ciencias sociales y del comportamiento";"Ambos Sexos";"Evaluacion"
"2020-2021";"88.8";"Otras Ciencias sociales y del comportamiento";"Ambos Sexos";"Evaluacion"
"2019-2020";"89.84";"Otras Ciencias sociales y del comportamiento";"Ambos Sexos";"Evaluacion"
"2018-2019";"80.95";"Otras Ciencias sociales y del comportamiento";"Ambos Sexos";"Evaluacion"
"2017-2018";"81.57";"Otras Ciencias sociales y del comportamiento";"Ambos Sexos";"Evaluacion"
"2016-2017";"86.23";"Otras Ciencias sociales y del comportamiento";"Ambos Sexos";"Evaluacion"
"2015-2016";"81.61";"Otras Ciencias sociales y del comportamiento";"Ambos Sexos";"Evaluacion"
"2022-2023";"82.84";"Periodismo e información";"Ambos Sexos";"Evaluacion"
"2021-2022";"83.55";"Periodismo e información";"Ambos Sexos";"Evaluacion"
"2020-2021";"71.23";"Periodismo e información";"Ambos Sexos";"Evaluacion"
"2019-2020";"86.12";"Periodismo e información";"Ambos Sexos";"Evaluacion"
"2018-2019";"..";"Periodismo e información";"Ambos Sexos";"Evaluacion"
"2017-2018";"..";"Periodismo e información";"Ambos Sexos";"Evaluacion"
"2016-2017";"67.49";"Periodismo e información";"Ambos Sexos";"Evaluacion"
"2015-2016";"78.16";"Periodismo e información";"Ambos Sexos";"Evaluacion"
"2022-2023";"88.64";"Total Negocios, administración y derecho";"Ambos Sexos";"Evaluacion"
"2021-2022";"88.21";"Total Negocios, administración y derecho";"Ambos Sexos";"Evaluacion"
"2020-2021";"88.87";"Total Negocios, administración y derecho";"Ambos Sexos";"Evaluacion"
"2019-2020";"90.38";"Total Negocios, administración y derecho";"Ambos Sexos";"Evaluacion"
"2018-2019";"87.05";"Total Negocios, administración y derecho";"Ambos Sexos";"Evaluacion"
"2017-2018";"86.88";"Total Negocios, administración y derecho";"Ambos Sexos";"Evaluacion"
"2016-2017";"88.01";"Total Negocios, administración y derecho";"Ambos Sexos";"Evaluacion"
"2015-2016";"87.01";"Total Negocios, administración y derecho";"Ambos Sexos";"Evaluacion"
"2022-2023";"88.43";"Administración y gestión de empresas";"Ambos Sexos";"Evaluacion"
"2021-2022";"87.61";"Administración y gestión de empresas";"Ambos Sexos";"Evaluacion"
"2020-2021";"88.86";"Administración y gestión de empresas";"Ambos Sexos";"Evaluacion"
"2019-2020";"89.63";"Administración y gestión de empresas";"Ambos Sexos";"Evaluacion"
"2018-2019";"84.46";"Administración y gestión de empresas";"Ambos Sexos";"Evaluacion"
"2017-2018";"84.49";"Administración y gestión de empresas";"Ambos Sexos";"Evaluacion"
"2016-2017";"86.56";"Administración y gestión de empresas";"Ambos Sexos";"Evaluacion"
"2015-2016";"85.12";"Administración y gestión de empresas";"Ambos Sexos";"Evaluacion"
"2022-2023";"..";"Otra Educación comercial y empresarial";"Ambos Sexos";"Evaluacion"
"2021-2022";"..";"Otra Educación comercial y empresarial";"Ambos Sexos";"Evaluacion"
"2020-2021";"..";"Otra Educación comercial y empresarial";"Ambos Sexos";"Evaluacion"
"2019-2020";"..";"Otra Educación comercial y empresarial";"Ambos Sexos";"Evaluacion"
"2018-2019";"..";"Otra Educación comercial y empresarial";"Ambos Sexos";"Evaluacion"
"2017-2018";"..";"Otra Educación comercial y empresarial";"Ambos Sexos";"Evaluacion"
"2016-2017";"..";"Otra Educación comercial y empresarial";"Ambos Sexos";"Evaluacion"
"2015-2016";"..";"Otra Educación comercial y empresarial";"Ambos Sexos";"Evaluacion"
"2022-2023";"89.26";"Derecho";"Ambos Sexos";"Evaluacion"
"2021-2022";"90.17";"Derecho";"Ambos Sexos";"Evaluacion"
"2020-2021";"88.91";"Derecho";"Ambos Sexos";"Evaluacion"
"2019-2020";"92.72";"Derecho";"Ambos Sexos";"Evaluacion"
"2018-2019";"91.1";"Derecho";"Ambos Sexos";"Evaluacion"
"2017-2018";"90.85";"Derecho";"Ambos Sexos";"Evaluacion"
"2016-2017";"90.46";"Derecho";"Ambos Sexos";"Evaluacion"
"2015-2016";"90.3";"Derecho";"Ambos Sexos";"Evaluacion"
"2022-2023";"90.45";"Total Ciencias";"Ambos Sexos";"Evaluacion"
"2021-2022";"88.78";"Total Ciencias";"Ambos Sexos";"Evaluacion"
"2020-2021";"90.29";"Total Ciencias";"Ambos Sexos";"Evaluacion"
"2019-2020";"93.02";"Total Ciencias";"Ambos Sexos";"Evaluacion"
"2018-2019";"90.27";"Total Ciencias";"Ambos Sexos";"Evaluacion"
"2017-2018";"88.31";"Total Ciencias";"Ambos Sexos";"Evaluacion"
"2016-2017";"89.64";"Total Ciencias";"Ambos Sexos";"Evaluacion"
"2015-2016";"89.77";"Total Ciencias";"Ambos Sexos";"Evaluacion"
"2022-2023";"91.01";"Ciencias de la vida";"Ambos Sexos";"Evaluacion"
"2021-2022";"88.25";"Ciencias de la vida";"Ambos Sexos";"Evaluacion"
"2020-2021";"91.31";"Ciencias de la vida";"Ambos Sexos";"Evaluacion"
"2019-2020";"95.18";"Ciencias de la vida";"Ambos Sexos";"Evaluacion"
"2018-2019";"92.54";"Ciencias de la vida";"Ambos Sexos";"Evaluacion"
"2017-2018";"91.04";"Ciencias de la vida";"Ambos Sexos";"Evaluacion"
"2016-2017";"90.97";"Ciencias de la vida";"Ambos Sexos";"Evaluacion"
"2015-2016";"92.22";"Ciencias de la vida";"Ambos Sexos";"Evaluacion"
"2022-2023";"85.91";"Ciencias Físicas, químicas, geológicas";"Ambos Sexos";"Evaluacion"
"2021-2022";"87.14";"Ciencias Físicas, químicas, geológicas";"Ambos Sexos";"Evaluacion"
"2020-2021";"86.87";"Ciencias Físicas, químicas, geológicas";"Ambos Sexos";"Evaluacion"
"2019-2020";"89.46";"Ciencias Físicas, químicas, geológicas";"Ambos Sexos";"Evaluacion"
"2018-2019";"86.55";"Ciencias Físicas, químicas, geológicas";"Ambos Sexos";"Evaluacion"
"2017-2018";"83.93";"Ciencias Físicas, químicas, geológicas";"Ambos Sexos";"Evaluacion"
"2016-2017";"87.63";"Ciencias Físicas, químicas, geológicas";"Ambos Sexos";"Evaluacion"
"2015-2016";"85.49";"Ciencias Físicas, químicas, geológicas";"Ambos Sexos";"Evaluacion"
"2022-2023";"94.16";"Matemáticas y Estadística";"Ambos Sexos";"Evaluacion"
"2021-2022";"92.27";"Matemáticas y Estadística";"Ambos Sexos";"Evaluacion"
"2020-2021";"93.52";"Matemáticas y Estadística";"Ambos Sexos";"Evaluacion"
"2019-2020";"92.82";"Matemáticas y Estadística";"Ambos Sexos";"Evaluacion"
"2018-2019";"..";"Matemáticas y Estadística";"Ambos Sexos";"Evaluacion"
"2017-2018";"..";"Matemáticas y Estadística";"Ambos Sexos";"Evaluacion"
"2016-2017";"..";"Matemáticas y Estadística";"Ambos Sexos";"Evaluacion"
"2015-2016";"..";"Matemáticas y Estadística";"Ambos Sexos";"Evaluacion"
"2022-2023";"86.26";"Total Informática";"Ambos Sexos";"Evaluacion"
"2021-2022";"84.4";"Total Informática";"Ambos Sexos";"Evaluacion"
"2020-2021";"84.03";"Total Informática";"Ambos Sexos";"Evaluacion"
"2019-2020";"86.45";"Total Informática";"Ambos Sexos";"Evaluacion"
"2018-2019";"81.53";"Total Informática";"Ambos Sexos";"Evaluacion"
"2017-2018";"80.4";"Total Informática";"Ambos Sexos";"Evaluacion"
"2016-2017";"77.27";"Total Informática";"Ambos Sexos";"Evaluacion"
"2015-2016";"75.73";"Total Informática";"Ambos Sexos";"Evaluacion"
"2022-2023";"86.26";"Informática";"Ambos Sexos";"Evaluacion"
"2021-2022";"84.4";"Informática";"Ambos Sexos";"Evaluacion"
"2020-2021";"84.03";"Informática";"Ambos Sexos";"Evaluacion"
"2019-2020";"86.45";"Informática";"Ambos Sexos";"Evaluacion"
"2018-2019";"81.53";"Informática";"Ambos Sexos";"Evaluacion"
"2017-2018";"80.4";"Informática";"Ambos Sexos";"Evaluacion"
"2016-2017";"77.27";"Informática";"Ambos Sexos";"Evaluacion"
"2015-2016";"75.73";"Informática";"Ambos Sexos";"Evaluacion"
"2022-2023";"79.67";"Total Ingeniería, industria y construcción";"Ambos Sexos";"Evaluacion"
"2021-2022";"76.51";"Total Ingeniería, industria y construcción";"Ambos Sexos";"Evaluacion"
"2020-2021";"76.01";"Total Ingeniería, industria y construcción";"Ambos Sexos";"Evaluacion"
"2019-2020";"78.77";"Total Ingeniería, industria y construcción";"Ambos Sexos";"Evaluacion"
"2018-2019";"73.83";"Total Ingeniería, industria y construcción";"Ambos Sexos";"Evaluacion"
"2017-2018";"72.97";"Total Ingeniería, industria y construcción";"Ambos Sexos";"Evaluacion"
"2016-2017";"73.38";"Total Ingeniería, industria y construcción";"Ambos Sexos";"Evaluacion"
"2015-2016";"76.64";"Total Ingeniería, industria y construcción";"Ambos Sexos";"Evaluacion"
"2022-2023";"83.64";"Ingenierías";"Ambos Sexos";"Evaluacion"
"2021-2022";"80.9";"Ingenierías";"Ambos Sexos";"Evaluacion"
"2020-2021";"81.22";"Ingenierías";"Ambos Sexos";"Evaluacion"
"2019-2020";"83.17";"Ingenierías";"Ambos Sexos";"Evaluacion"
"2018-2019";"76.95";"Ingenierías";"Ambos Sexos";"Evaluacion"
"2017-2018";"74.12";"Ingenierías";"Ambos Sexos";"Evaluacion"
"2016-2017";"73.25";"Ingenierías";"Ambos Sexos";"Evaluacion"
"2015-2016";"75.11";"Ingenierías";"Ambos Sexos";"Evaluacion"
"2022-2023";"73.75";"Arquitectura y construcción";"Ambos Sexos";"Evaluacion"
"2021-2022";"69.97";"Arquitectura y construcción";"Ambos Sexos";"Evaluacion"
"2020-2021";"69.02";"Arquitectura y construcción";"Ambos Sexos";"Evaluacion"
"2019-2020";"73.82";"Arquitectura y construcción";"Ambos Sexos";"Evaluacion"
"2018-2019";"70.74";"Arquitectura y construcción";"Ambos Sexos";"Evaluacion"
"2017-2018";"72.06";"Arquitectura y construcción";"Ambos Sexos";"Evaluacion"
"2016-2017";"73.48";"Arquitectura y construcción";"Ambos Sexos";"Evaluacion"
"2015-2016";"77.66";"Arquitectura y construcción";"Ambos Sexos";"Evaluacion"
"2022-2023";"..";"Total Agricultura, ganadería,  silvicultura, pesca, y veterinaria";"Ambos Sexos";"Evaluacion"
"2021-2022";"..";"Total Agricultura, ganadería,  silvicultura, pesca, y veterinaria";"Ambos Sexos";"Evaluacion"
"2020-2021";"..";"Total Agricultura, ganadería,  silvicultura, pesca, y veterinaria";"Ambos Sexos";"Evaluacion"
"2019-2020";"..";"Total Agricultura, ganadería,  silvicultura, pesca, y veterinaria";"Ambos Sexos";"Evaluacion"
"2018-2019";"..";"Total Agricultura, ganadería,  silvicultura, pesca, y veterinaria";"Ambos Sexos";"Evaluacion"
"2017-2018";"..";"Total Agricultura, ganadería,  silvicultura, pesca, y veterinaria";"Ambos Sexos";"Evaluacion"
"2016-2017";"..";"Total Agricultura, ganadería,  silvicultura, pesca, y veterinaria";"Ambos Sexos";"Evaluacion"
"2015-2016";"..";"Total Agricultura, ganadería,  silvicultura, pesca, y veterinaria";"Ambos Sexos";"Evaluacion"
"2022-2023";"..";"Agricultura, ganadería y pesca";"Ambos Sexos";"Evaluacion"
"2021-2022";"..";"Agricultura, ganadería y pesca";"Ambos Sexos";"Evaluacion"
"2020-2021";"..";"Agricultura, ganadería y pesca";"Ambos Sexos";"Evaluacion"
"2019-2020";"..";"Agricultura, ganadería y pesca";"Ambos Sexos";"Evaluacion"
"2018-2019";"..";"Agricultura, ganadería y pesca";"Ambos Sexos";"Evaluacion"
"2017-2018";"..";"Agricultura, ganadería y pesca";"Ambos Sexos";"Evaluacion"
"2016-2017";"..";"Agricultura, ganadería y pesca";"Ambos Sexos";"Evaluacion"
"2015-2016";"..";"Agricultura, ganadería y pesca";"Ambos Sexos";"Evaluacion"
"2022-2023";"..";"Veterinaria";"Ambos Sexos";"Evaluacion"
"2021-2022";"..";"Veterinaria";"Ambos Sexos";"Evaluacion"
"2020-2021";"..";"Veterinaria";"Ambos Sexos";"Evaluacion"
"2019-2020";"..";"Veterinaria";"Ambos Sexos";"Evaluacion"
"2018-2019";"..";"Veterinaria";"Ambos Sexos";"Evaluacion"
"2017-2018";"..";"Veterinaria";"Ambos Sexos";"Evaluacion"
"2016-2017";"..";"Veterinaria";"Ambos Sexos";"Evaluacion"
"2015-2016";"..";"Veterinaria";"Ambos Sexos";"Evaluacion"
"2022-2023";"96.15";"Total Salud y servicios sociales";"Ambos Sexos";"Evaluacion"
"2021-2022";"95.51";"Total Salud y servicios sociales";"Ambos Sexos";"Evaluacion"
"2020-2021";"96.5";"Total Salud y servicios sociales";"Ambos Sexos";"Evaluacion"
"2019-2020";"96.76";"Total Salud y servicios sociales";"Ambos Sexos";"Evaluacion"
"2018-2019";"95.27";"Total Salud y servicios sociales";"Ambos Sexos";"Evaluacion"
"2017-2018";"95.73";"Total Salud y servicios sociales";"Ambos Sexos";"Evaluacion"
"2016-2017";"95.73";"Total Salud y servicios sociales";"Ambos Sexos";"Evaluacion"
"2015-2016";"95.31";"Total Salud y servicios sociales";"Ambos Sexos";"Evaluacion"
"2022-2023";"..";"Medicina";"Ambos Sexos";"Evaluacion"
"2021-2022";"..";"Medicina";"Ambos Sexos";"Evaluacion"
"2020-2021";"..";"Medicina";"Ambos Sexos";"Evaluacion"
"2019-2020";"..";"Medicina";"Ambos Sexos";"Evaluacion"
"2018-2019";"..";"Medicina";"Ambos Sexos";"Evaluacion"
"2017-2018";"..";"Medicina";"Ambos Sexos";"Evaluacion"
"2016-2017";"..";"Medicina";"Ambos Sexos";"Evaluacion"
"2015-2016";"..";"Medicina";"Ambos Sexos";"Evaluacion"
"2022-2023";"97.97";"Enfermería y atención a enfermos";"Ambos Sexos";"Evaluacion"
"2021-2022";"96.63";"Enfermería y atención a enfermos";"Ambos Sexos";"Evaluacion"
"2020-2021";"97.13";"Enfermería y atención a enfermos";"Ambos Sexos";"Evaluacion"
"2019-2020";"97.48";"Enfermería y atención a enfermos";"Ambos Sexos";"Evaluacion"
"2018-2019";"96.6";"Enfermería y atención a enfermos";"Ambos Sexos";"Evaluacion"
"2017-2018";"96.98";"Enfermería y atención a enfermos";"Ambos Sexos";"Evaluacion"
"2016-2017";"97.01";"Enfermería y atención a enfermos";"Ambos Sexos";"Evaluacion"
"2015-2016";"96.92";"Enfermería y atención a enfermos";"Ambos Sexos";"Evaluacion"
"2022-2023";"95.12";"Otras ciencias de la Salud";"Ambos Sexos";"Evaluacion"
"2021-2022";"94.89";"Otras ciencias de la Salud";"Ambos Sexos";"Evaluacion"
"2020-2021";"96.16";"Otras ciencias de la Salud";"Ambos Sexos";"Evaluacion"
"2019-2020";"96.38";"Otras ciencias de la Salud";"Ambos Sexos";"Evaluacion"
"2018-2019";"94.57";"Otras ciencias de la Salud";"Ambos Sexos";"Evaluacion"
"2017-2018";"95.07";"Otras ciencias de la Salud";"Ambos Sexos";"Evaluacion"
"2016-2017";"95.04";"Otras ciencias de la Salud";"Ambos Sexos";"Evaluacion"
"2015-2016";"94.4";"Otras ciencias de la Salud";"Ambos Sexos";"Evaluacion"
"2022-2023";"..";"Trabajo social y orientación";"Ambos Sexos";"Evaluacion"
"2021-2022";"..";"Trabajo social y orientación";"Ambos Sexos";"Evaluacion"
"2020-2021";"..";"Trabajo social y orientación";"Ambos Sexos";"Evaluacion"
"2019-2020";"..";"Trabajo social y orientación";"Ambos Sexos";"Evaluacion"
"2018-2019";"..";"Trabajo social y orientación";"Ambos Sexos";"Evaluacion"
"2017-2018";"..";"Trabajo social y orientación";"Ambos Sexos";"Evaluacion"
"2016-2017";"..";"Trabajo social y orientación";"Ambos Sexos";"Evaluacion"
"2015-2016";"..";"Trabajo social y orientación";"Ambos Sexos";"Evaluacion"
"2022-2023";"88.46";"Total Servicios";"Ambos Sexos";"Evaluacion"
"2021-2022";"87.19";"Total Servicios";"Ambos Sexos";"Evaluacion"
"2020-2021";"89.11";"Total Servicios";"Ambos Sexos";"Evaluacion"
"2019-2020";"90.11";"Total Servicios";"Ambos Sexos";"Evaluacion"
"2018-2019";"84.77";"Total Servicios";"Ambos Sexos";"Evaluacion"
"2017-2018";"83.92";"Total Servicios";"Ambos Sexos";"Evaluacion"
"2016-2017";"84.68";"Total Servicios";"Ambos Sexos";"Evaluacion"
"2015-2016";"85.6";"Total Servicios";"Ambos Sexos";"Evaluacion"
"2022-2023";"92.94";"Deportes";"Ambos Sexos";"Evaluacion"
"2021-2022";"93.69";"Deportes";"Ambos Sexos";"Evaluacion"
"2020-2021";"93.9";"Deportes";"Ambos Sexos";"Evaluacion"
"2019-2020";"93.21";"Deportes";"Ambos Sexos";"Evaluacion"
"2018-2019";"88.42";"Deportes";"Ambos Sexos";"Evaluacion"
"2017-2018";"87.04";"Deportes";"Ambos Sexos";"Evaluacion"
"2016-2017";"87.41";"Deportes";"Ambos Sexos";"Evaluacion"
"2015-2016";"87.22";"Deportes";"Ambos Sexos";"Evaluacion"
"2022-2023";"88.34";"Turismo y Hostelería";"Ambos Sexos";"Evaluacion"
"2021-2022";"87.21";"Turismo y Hostelería";"Ambos Sexos";"Evaluacion"
"2020-2021";"91.2";"Turismo y Hostelería";"Ambos Sexos";"Evaluacion"
"2019-2020";"94.84";"Turismo y Hostelería";"Ambos Sexos";"Evaluacion"
"2018-2019";"91.18";"Turismo y Hostelería";"Ambos Sexos";"Evaluacion"
"2017-2018";"88.28";"Turismo y Hostelería";"Ambos Sexos";"Evaluacion"
"2016-2017";"87.97";"Turismo y Hostelería";"Ambos Sexos";"Evaluacion"
"2015-2016";"86.35";"Turismo y Hostelería";"Ambos Sexos";"Evaluacion"
"2022-2023";"77.66";"Otros Servicios";"Ambos Sexos";"Evaluacion"
"2021-2022";"71.65";"Otros Servicios";"Ambos Sexos";"Evaluacion"
"2020-2021";"74.91";"Otros Servicios";"Ambos Sexos";"Evaluacion"
"2019-2020";"78.47";"Otros Servicios";"Ambos Sexos";"Evaluacion"
"2018-2019";"71.16";"Otros Servicios";"Ambos Sexos";"Evaluacion"
"2017-2018";"72.89";"Otros Servicios";"Ambos Sexos";"Evaluacion"
"2016-2017";"74.62";"Otros Servicios";"Ambos Sexos";"Evaluacion"
"2015-2016";"80.29";"Otros Servicios";"Ambos Sexos";"Evaluacion"
"2022-2023";"???";"A Coruña";"Hombres";"Rendimiento"
"2021-2022";"???";"A Coruña";"Hombres";"Rendimiento"
"2020-2021";"???";"A Coruña";"Hombres";"Rendimiento"
"2019-2020";"???";"A Coruña";"Hombres";"Rendimiento"
"2018-2019";"???";"A Coruña";"Hombres";"Rendimiento"
"2017-2018";"???";"A Coruña";"Hombres";"Rendimiento"
"2016-2017";"???";"A Coruña";"Hombres";"Rendimiento"
"2015-2016";"???";"A Coruña";"Hombres";"Rendimiento"
"2022-2023";"68.28";"Todos los ámbitos";"Hombres";"Rendimiento"
"2021-2022";"66.13";"Todos los ámbitos";"Hombres";"Rendimiento"
"2020-2021";"68.86";"Todos los ámbitos";"Hombres";"Rendimiento"
"2019-2020";"75.85";"Todos los ámbitos";"Hombres";"Rendimiento"
"2018-2019";"64.88";"Todos los ámbitos";"Hombres";"Rendimiento"
"2017-2018";"63.94";"Todos los ámbitos";"Hombres";"Rendimiento"
"2016-2017";"63.37";"Todos los ámbitos";"Hombres";"Rendimiento"
"2015-2016";"63.82";"Todos los ámbitos";"Hombres";"Rendimiento"
"2022-2023";"88.11";"Total Educación";"Hombres";"Rendimiento"
"2021-2022";"85.83";"Total Educación";"Hombres";"Rendimiento"
"2020-2021";"88.17";"Total Educación";"Hombres";"Rendimiento"
"2019-2020";"90.38";"Total Educación";"Hombres";"Rendimiento"
"2018-2019";"82.06";"Total Educación";"Hombres";"Rendimiento"
"2017-2018";"81.01";"Total Educación";"Hombres";"Rendimiento"
"2016-2017";"81.86";"Total Educación";"Hombres";"Rendimiento"
"2015-2016";"83.17";"Total Educación";"Hombres";"Rendimiento"
"2022-2023";"92.25";"Formación de docentes de enseñanza infantil";"Hombres";"Rendimiento"
"2021-2022";"90.33";"Formación de docentes de enseñanza infantil";"Hombres";"Rendimiento"
"2020-2021";"93.0";"Formación de docentes de enseñanza infantil";"Hombres";"Rendimiento"
"2019-2020";"95.67";"Formación de docentes de enseñanza infantil";"Hombres";"Rendimiento"
"2018-2019";"84.42";"Formación de docentes de enseñanza infantil";"Hombres";"Rendimiento"
"2017-2018";"83.92";"Formación de docentes de enseñanza infantil";"Hombres";"Rendimiento"
"2016-2017";"85.25";"Formación de docentes de enseñanza infantil";"Hombres";"Rendimiento"
"2015-2016";"84.69";"Formación de docentes de enseñanza infantil";"Hombres";"Rendimiento"
"2022-2023";"86.64";"Formación de docentes de enseñanza primaria";"Hombres";"Rendimiento"
"2021-2022";"85.33";"Formación de docentes de enseñanza primaria";"Hombres";"Rendimiento"
"2020-2021";"85.82";"Formación de docentes de enseñanza primaria";"Hombres";"Rendimiento"
"2019-2020";"88.01";"Formación de docentes de enseñanza primaria";"Hombres";"Rendimiento"
"2018-2019";"80.85";"Formación de docentes de enseñanza primaria";"Hombres";"Rendimiento"
"2017-2018";"81.82";"Formación de docentes de enseñanza primaria";"Hombres";"Rendimiento"
"2016-2017";"81.86";"Formación de docentes de enseñanza primaria";"Hombres";"Rendimiento"
"2015-2016";"85.87";"Formación de docentes de enseñanza primaria";"Hombres";"Rendimiento"
"2022-2023";"85.07";"Otra Formación de personal docente y ciencias de la educación";"Hombres";"Rendimiento"
"2021-2022";"80.87";"Otra Formación de personal docente y ciencias de la educación";"Hombres";"Rendimiento"
"2020-2021";"89.86";"Otra Formación de personal docente y ciencias de la educación";"Hombres";"Rendimiento"
"2019-2020";"93.87";"Otra Formación de personal docente y ciencias de la educación";"Hombres";"Rendimiento"
"2018-2019";"84.58";"Otra Formación de personal docente y ciencias de la educación";"Hombres";"Rendimiento"
"2017-2018";"75.31";"Otra Formación de personal docente y ciencias de la educación";"Hombres";"Rendimiento"
"2016-2017";"79.45";"Otra Formación de personal docente y ciencias de la educación";"Hombres";"Rendimiento"
"2015-2016";"72.99";"Otra Formación de personal docente y ciencias de la educación";"Hombres";"Rendimiento"
"2022-2023";"74.76";"Total Artes y humanidades";"Hombres";"Rendimiento"
"2021-2022";"75.61";"Total Artes y humanidades";"Hombres";"Rendimiento"
"2020-2021";"80.12";"Total Artes y humanidades";"Hombres";"Rendimiento"
"2019-2020";"82.05";"Total Artes y humanidades";"Hombres";"Rendimiento"
"2018-2019";"68.93";"Total Artes y humanidades";"Hombres";"Rendimiento"
"2017-2018";"70.53";"Total Artes y humanidades";"Hombres";"Rendimiento"
"2016-2017";"65.24";"Total Artes y humanidades";"Hombres";"Rendimiento"
"2015-2016";"67.94";"Total Artes y humanidades";"Hombres";"Rendimiento"
"2022-2023";"84.81";"Técnicas audiovisuales y medios de comunicación";"Hombres";"Rendimiento"
"2021-2022";"88.3";"Técnicas audiovisuales y medios de comunicación";"Hombres";"Rendimiento"
"2020-2021";"89.26";"Técnicas audiovisuales y medios de comunicación";"Hombres";"Rendimiento"
"2019-2020";"91.27";"Técnicas audiovisuales y medios de comunicación";"Hombres";"Rendimiento"
"2018-2019";"81.7";"Técnicas audiovisuales y medios de comunicación";"Hombres";"Rendimiento"
"2017-2018";"81.23";"Técnicas audiovisuales y medios de comunicación";"Hombres";"Rendimiento"
"2016-2017";"74.0";"Técnicas audiovisuales y medios de comunicación";"Hombres";"Rendimiento"
"2015-2016";"72.88";"Técnicas audiovisuales y medios de comunicación";"Hombres";"Rendimiento"
"2022-2023";"..";"Artes";"Hombres";"Rendimiento"
"2021-2022";"..";"Artes";"Hombres";"Rendimiento"
"2020-2021";"..";"Artes";"Hombres";"Rendimiento"
"2019-2020";"..";"Artes";"Hombres";"Rendimiento"
"2018-2019";"..";"Artes";"Hombres";"Rendimiento"
"2017-2018";"..";"Artes";"Hombres";"Rendimiento"
"2016-2017";"..";"Artes";"Hombres";"Rendimiento"
"2015-2016";"..";"Artes";"Hombres";"Rendimiento"
"2022-2023";"58.02";"Lenguas";"Hombres";"Rendimiento"
"2021-2022";"57.55";"Lenguas";"Hombres";"Rendimiento"
"2020-2021";"68.14";"Lenguas";"Hombres";"Rendimiento"
"2019-2020";"71.23";"Lenguas";"Hombres";"Rendimiento"
"2018-2019";"59.43";"Lenguas";"Hombres";"Rendimiento"
"2017-2018";"60.11";"Lenguas";"Hombres";"Rendimiento"
"2016-2017";"55.23";"Lenguas";"Hombres";"Rendimiento"
"2015-2016";"60.96";"Lenguas";"Hombres";"Rendimiento"
"2022-2023";"..";"Humanidades";"Hombres";"Rendimiento"
"2021-2022";"..";"Humanidades";"Hombres";"Rendimiento"
"2020-2021";"..";"Humanidades";"Hombres";"Rendimiento"
"2019-2020";"..";"Humanidades";"Hombres";"Rendimiento"
"2018-2019";"..";"Humanidades";"Hombres";"Rendimiento"
"2017-2018";"..";"Humanidades";"Hombres";"Rendimiento"
"2016-2017";"..";"Humanidades";"Hombres";"Rendimiento"
"2015-2016";"..";"Humanidades";"Hombres";"Rendimiento"
"2022-2023";"63.61";"Total Ciencias sociales, periodismo y documentación";"Hombres";"Rendimiento"
"2021-2022";"63.34";"Total Ciencias sociales, periodismo y documentación";"Hombres";"Rendimiento"
"2020-2021";"67.41";"Total Ciencias sociales, periodismo y documentación";"Hombres";"Rendimiento"
"2019-2020";"78.59";"Total Ciencias sociales, periodismo y documentación";"Hombres";"Rendimiento"
"2018-2019";"61.12";"Total Ciencias sociales, periodismo y documentación";"Hombres";"Rendimiento"
"2017-2018";"62.53";"Total Ciencias sociales, periodismo y documentación";"Hombres";"Rendimiento"
"2016-2017";"63.31";"Total Ciencias sociales, periodismo y documentación";"Hombres";"Rendimiento"
"2015-2016";"61.99";"Total Ciencias sociales, periodismo y documentación";"Hombres";"Rendimiento"
"2022-2023";"..";"Psicología";"Hombres";"Rendimiento"
"2021-2022";"..";"Psicología";"Hombres";"Rendimiento"
"2020-2021";"..";"Psicología";"Hombres";"Rendimiento"
"2019-2020";"..";"Psicología";"Hombres";"Rendimiento"
"2018-2019";"..";"Psicología";"Hombres";"Rendimiento"
"2017-2018";"..";"Psicología";"Hombres";"Rendimiento"
"2016-2017";"..";"Psicología";"Hombres";"Rendimiento"
"2015-2016";"..";"Psicología";"Hombres";"Rendimiento"
"2022-2023";"57.5";"Economía";"Hombres";"Rendimiento"
"2021-2022";"59.76";"Economía";"Hombres";"Rendimiento"
"2020-2021";"64.64";"Economía";"Hombres";"Rendimiento"
"2019-2020";"78.73";"Economía";"Hombres";"Rendimiento"
"2018-2019";"59.03";"Economía";"Hombres";"Rendimiento"
"2017-2018";"60.71";"Economía";"Hombres";"Rendimiento"
"2016-2017";"57.2";"Economía";"Hombres";"Rendimiento"
"2015-2016";"59.74";"Economía";"Hombres";"Rendimiento"
"2022-2023";"71.11";"Otras Ciencias sociales y del comportamiento";"Hombres";"Rendimiento"
"2021-2022";"69.02";"Otras Ciencias sociales y del comportamiento";"Hombres";"Rendimiento"
"2020-2021";"73.12";"Otras Ciencias sociales y del comportamiento";"Hombres";"Rendimiento"
"2019-2020";"79.48";"Otras Ciencias sociales y del comportamiento";"Hombres";"Rendimiento"
"2018-2019";"64.92";"Otras Ciencias sociales y del comportamiento";"Hombres";"Rendimiento"
"2017-2018";"66.07";"Otras Ciencias sociales y del comportamiento";"Hombres";"Rendimiento"
"2016-2017";"74.89";"Otras Ciencias sociales y del comportamiento";"Hombres";"Rendimiento"
"2015-2016";"65.35";"Otras Ciencias sociales y del comportamiento";"Hombres";"Rendimiento"
"2022-2023";"..";"Periodismo e información";"Hombres";"Rendimiento"
"2021-2022";"..";"Periodismo e información";"Hombres";"Rendimiento"
"2020-2021";"..";"Periodismo e información";"Hombres";"Rendimiento"
"2019-2020";"..";"Periodismo e información";"Hombres";"Rendimiento"
"2018-2019";"..";"Periodismo e información";"Hombres";"Rendimiento"
"2017-2018";"..";"Periodismo e información";"Hombres";"Rendimiento"
"2016-2017";"..";"Periodismo e información";"Hombres";"Rendimiento"
"2015-2016";"..";"Periodismo e información";"Hombres";"Rendimiento"
"2022-2023";"65.78";"Total Negocios, administración y derecho";"Hombres";"Rendimiento"
"2021-2022";"64.95";"Total Negocios, administración y derecho";"Hombres";"Rendimiento"
"2020-2021";"69.68";"Total Negocios, administración y derecho";"Hombres";"Rendimiento"
"2019-2020";"77.1";"Total Negocios, administración y derecho";"Hombres";"Rendimiento"
"2018-2019";"65.6";"Total Negocios, administración y derecho";"Hombres";"Rendimiento"
"2017-2018";"66.26";"Total Negocios, administración y derecho";"Hombres";"Rendimiento"
"2016-2017";"68.56";"Total Negocios, administración y derecho";"Hombres";"Rendimiento"
"2015-2016";"66.98";"Total Negocios, administración y derecho";"Hombres";"Rendimiento"
"2022-2023";"64.54";"Administración y gestión de empresas";"Hombres";"Rendimiento"
"2021-2022";"63.8";"Administración y gestión de empresas";"Hombres";"Rendimiento"
"2020-2021";"68.9";"Administración y gestión de empresas";"Hombres";"Rendimiento"
"2019-2020";"75.95";"Administración y gestión de empresas";"Hombres";"Rendimiento"
"2018-2019";"59.71";"Administración y gestión de empresas";"Hombres";"Rendimiento"
"2017-2018";"60.75";"Administración y gestión de empresas";"Hombres";"Rendimiento"
"2016-2017";"64.19";"Administración y gestión de empresas";"Hombres";"Rendimiento"
"2015-2016";"62.85";"Administración y gestión de empresas";"Hombres";"Rendimiento"
"2022-2023";"..";"Otra Educación comercial y empresarial";"Hombres";"Rendimiento"
"2021-2022";"..";"Otra Educación comercial y empresarial";"Hombres";"Rendimiento"
"2020-2021";"..";"Otra Educación comercial y empresarial";"Hombres";"Rendimiento"
"2019-2020";"..";"Otra Educación comercial y empresarial";"Hombres";"Rendimiento"
"2018-2019";"..";"Otra Educación comercial y empresarial";"Hombres";"Rendimiento"
"2017-2018";"..";"Otra Educación comercial y empresarial";"Hombres";"Rendimiento"
"2016-2017";"..";"Otra Educación comercial y empresarial";"Hombres";"Rendimiento"
"2015-2016";"..";"Otra Educación comercial y empresarial";"Hombres";"Rendimiento"
"2022-2023";"71.23";"Derecho";"Hombres";"Rendimiento"
"2021-2022";"69.91";"Derecho";"Hombres";"Rendimiento"
"2020-2021";"72.89";"Derecho";"Hombres";"Rendimiento"
"2019-2020";"81.76";"Derecho";"Hombres";"Rendimiento"
"2018-2019";"78.02";"Derecho";"Hombres";"Rendimiento"
"2017-2018";"78.37";"Derecho";"Hombres";"Rendimiento"
"2016-2017";"78.86";"Derecho";"Hombres";"Rendimiento"
"2015-2016";"76.72";"Derecho";"Hombres";"Rendimiento"
"2022-2023";"71.24";"Total Ciencias";"Hombres";"Rendimiento"
"2021-2022";"65.95";"Total Ciencias";"Hombres";"Rendimiento"
"2020-2021";"64.12";"Total Ciencias";"Hombres";"Rendimiento"
"2019-2020";"78.86";"Total Ciencias";"Hombres";"Rendimiento"
"2018-2019";"67.72";"Total Ciencias";"Hombres";"Rendimiento"
"2017-2018";"63.75";"Total Ciencias";"Hombres";"Rendimiento"
"2016-2017";"63.26";"Total Ciencias";"Hombres";"Rendimiento"
"2015-2016";"65.01";"Total Ciencias";"Hombres";"Rendimiento"
"2022-2023";"71.95";"Ciencias de la vida";"Hombres";"Rendimiento"
"2021-2022";"66.6";"Ciencias de la vida";"Hombres";"Rendimiento"
"2020-2021";"68.83";"Ciencias de la vida";"Hombres";"Rendimiento"
"2019-2020";"86.6";"Ciencias de la vida";"Hombres";"Rendimiento"
"2018-2019";"76.49";"Ciencias de la vida";"Hombres";"Rendimiento"
"2017-2018";"71.79";"Ciencias de la vida";"Hombres";"Rendimiento"
"2016-2017";"71.13";"Ciencias de la vida";"Hombres";"Rendimiento"
"2015-2016";"70.33";"Ciencias de la vida";"Hombres";"Rendimiento"
"2022-2023";"56.58";"Ciencias Físicas, químicas, geológicas";"Hombres";"Rendimiento"
"2021-2022";"57.39";"Ciencias Físicas, químicas, geológicas";"Hombres";"Rendimiento"
"2020-2021";"53.18";"Ciencias Físicas, químicas, geológicas";"Hombres";"Rendimiento"
"2019-2020";"67.96";"Ciencias Físicas, químicas, geológicas";"Hombres";"Rendimiento"
"2018-2019";"55.79";"Ciencias Físicas, químicas, geológicas";"Hombres";"Rendimiento"
"2017-2018";"53.56";"Ciencias Físicas, químicas, geológicas";"Hombres";"Rendimiento"
"2016-2017";"53.4";"Ciencias Físicas, químicas, geológicas";"Hombres";"Rendimiento"
"2015-2016";"57.2";"Ciencias Físicas, químicas, geológicas";"Hombres";"Rendimiento"
"2022-2023";"81.45";"Matemáticas y Estadística";"Hombres";"Rendimiento"
"2021-2022";"73.52";"Matemáticas y Estadística";"Hombres";"Rendimiento"
"2020-2021";"68.79";"Matemáticas y Estadística";"Hombres";"Rendimiento"
"2019-2020";"78.73";"Matemáticas y Estadística";"Hombres";"Rendimiento"
"2018-2019";"..";"Matemáticas y Estadística";"Hombres";"Rendimiento"
"2017-2018";"..";"Matemáticas y Estadística";"Hombres";"Rendimiento"
"2016-2017";"..";"Matemáticas y Estadística";"Hombres";"Rendimiento"
"2015-2016";"..";"Matemáticas y Estadística";"Hombres";"Rendimiento"
"2022-2023";"68.59";"Total Informática";"Hombres";"Rendimiento"
"2021-2022";"67.38";"Total Informática";"Hombres";"Rendimiento"
"2020-2021";"67.91";"Total Informática";"Hombres";"Rendimiento"
"2019-2020";"74.01";"Total Informática";"Hombres";"Rendimiento"
"2018-2019";"64.1";"Total Informática";"Hombres";"Rendimiento"
"2017-2018";"61.38";"Total Informática";"Hombres";"Rendimiento"
"2016-2017";"57.41";"Total Informática";"Hombres";"Rendimiento"
"2015-2016";"55.98";"Total Informática";"Hombres";"Rendimiento"
"2022-2023";"68.59";"Informática";"Hombres";"Rendimiento"
"2021-2022";"67.38";"Informática";"Hombres";"Rendimiento"
"2020-2021";"67.91";"Informática";"Hombres";"Rendimiento"
"2019-2020";"74.01";"Informática";"Hombres";"Rendimiento"
"2018-2019";"64.1";"Informática";"Hombres";"Rendimiento"
"2017-2018";"61.38";"Informática";"Hombres";"Rendimiento"
"2016-2017";"57.41";"Informática";"Hombres";"Rendimiento"
"2015-2016";"55.98";"Informática";"Hombres";"Rendimiento"
"2022-2023";"57.3";"Total Ingeniería, industria y construcción";"Hombres";"Rendimiento"
"2021-2022";"53.32";"Total Ingeniería, industria y construcción";"Hombres";"Rendimiento"
"2020-2021";"55.92";"Total Ingeniería, industria y construcción";"Hombres";"Rendimiento"
"2019-2020";"63.93";"Total Ingeniería, industria y construcción";"Hombres";"Rendimiento"
"2018-2019";"54.4";"Total Ingeniería, industria y construcción";"Hombres";"Rendimiento"
"2017-2018";"53.46";"Total Ingeniería, industria y construcción";"Hombres";"Rendimiento"
"2016-2017";"53.55";"Total Ingeniería, industria y construcción";"Hombres";"Rendimiento"
"2015-2016";"56.78";"Total Ingeniería, industria y construcción";"Hombres";"Rendimiento"
"2022-2023";"60.64";"Ingenierías";"Hombres";"Rendimiento"
"2021-2022";"56.47";"Ingenierías";"Hombres";"Rendimiento"
"2020-2021";"59.68";"Ingenierías";"Hombres";"Rendimiento"
"2019-2020";"67.7";"Ingenierías";"Hombres";"Rendimiento"
"2018-2019";"56.5";"Ingenierías";"Hombres";"Rendimiento"
"2017-2018";"55.0";"Ingenierías";"Hombres";"Rendimiento"
"2016-2017";"52.8";"Ingenierías";"Hombres";"Rendimiento"
"2015-2016";"57.02";"Ingenierías";"Hombres";"Rendimiento"
"2022-2023";"51.22";"Arquitectura y construcción";"Hombres";"Rendimiento"
"2021-2022";"47.84";"Arquitectura y construcción";"Hombres";"Rendimiento"
"2020-2021";"49.91";"Arquitectura y construcción";"Hombres";"Rendimiento"
"2019-2020";"58.72";"Arquitectura y construcción";"Hombres";"Rendimiento"
"2018-2019";"51.72";"Arquitectura y construcción";"Hombres";"Rendimiento"
"2017-2018";"51.84";"Arquitectura y construcción";"Hombres";"Rendimiento"
"2016-2017";"54.32";"Arquitectura y construcción";"Hombres";"Rendimiento"
"2015-2016";"56.56";"Arquitectura y construcción";"Hombres";"Rendimiento"
"2022-2023";"..";"Total Agricultura, ganadería,  silvicultura, pesca, y veterinaria";"Hombres";"Rendimiento"
"2021-2022";"..";"Total Agricultura, ganadería,  silvicultura, pesca, y veterinaria";"Hombres";"Rendimiento"
"2020-2021";"..";"Total Agricultura, ganadería,  silvicultura, pesca, y veterinaria";"Hombres";"Rendimiento"
"2019-2020";"..";"Total Agricultura, ganadería,  silvicultura, pesca, y veterinaria";"Hombres";"Rendimiento"
"2018-2019";"..";"Total Agricultura, ganadería,  silvicultura, pesca, y veterinaria";"Hombres";"Rendimiento"
"2017-2018";"..";"Total Agricultura, ganadería,  silvicultura, pesca, y veterinaria";"Hombres";"Rendimiento"
"2016-2017";"..";"Total Agricultura, ganadería,  silvicultura, pesca, y veterinaria";"Hombres";"Rendimiento"
"2015-2016";"..";"Total Agricultura, ganadería,  silvicultura, pesca, y veterinaria";"Hombres";"Rendimiento"
"2022-2023";"..";"Agricultura, ganadería y pesca";"Hombres";"Rendimiento"
"2021-2022";"..";"Agricultura, ganadería y pesca";"Hombres";"Rendimiento"
"2020-2021";"..";"Agricultura, ganadería y pesca";"Hombres";"Rendimiento"
"2019-2020";"..";"Agricultura, ganadería y pesca";"Hombres";"Rendimiento"
"2018-2019";"..";"Agricultura, ganadería y pesca";"Hombres";"Rendimiento"
"2017-2018";"..";"Agricultura, ganadería y pesca";"Hombres";"Rendimiento"
"2016-2017";"..";"Agricultura, ganadería y pesca";"Hombres";"Rendimiento"
"2015-2016";"..";"Agricultura, ganadería y pesca";"Hombres";"Rendimiento"
"2022-2023";"..";"Veterinaria";"Hombres";"Rendimiento"
"2021-2022";"..";"Veterinaria";"Hombres";"Rendimiento"
"2020-2021";"..";"Veterinaria";"Hombres";"Rendimiento"
"2019-2020";"..";"Veterinaria";"Hombres";"Rendimiento"
"2018-2019";"..";"Veterinaria";"Hombres";"Rendimiento"
"2017-2018";"..";"Veterinaria";"Hombres";"Rendimiento"
"2016-2017";"..";"Veterinaria";"Hombres";"Rendimiento"
"2015-2016";"..";"Veterinaria";"Hombres";"Rendimiento"
"2022-2023";"88.21";"Total Salud y servicios sociales";"Hombres";"Rendimiento"
"2021-2022";"86.58";"Total Salud y servicios sociales";"Hombres";"Rendimiento"
"2020-2021";"86.49";"Total Salud y servicios sociales";"Hombres";"Rendimiento"
"2019-2020";"93.0";"Total Salud y servicios sociales";"Hombres";"Rendimiento"
"2018-2019";"85.98";"Total Salud y servicios sociales";"Hombres";"Rendimiento"
"2017-2018";"87.11";"Total Salud y servicios sociales";"Hombres";"Rendimiento"
"2016-2017";"87.13";"Total Salud y servicios sociales";"Hombres";"Rendimiento"
"2015-2016";"84.86";"Total Salud y servicios sociales";"Hombres";"Rendimiento"
"2022-2023";"..";"Medicina";"Hombres";"Rendimiento"
"2021-2022";"..";"Medicina";"Hombres";"Rendimiento"
"2020-2021";"..";"Medicina";"Hombres";"Rendimiento"
"2019-2020";"..";"Medicina";"Hombres";"Rendimiento"
"2018-2019";"..";"Medicina";"Hombres";"Rendimiento"
"2017-2018";"..";"Medicina";"Hombres";"Rendimiento"
"2016-2017";"..";"Medicina";"Hombres";"Rendimiento"
"2015-2016";"..";"Medicina";"Hombres";"Rendimiento"
"2022-2023";"90.93";"Enfermería y atención a enfermos";"Hombres";"Rendimiento"
"2021-2022";"88.07";"Enfermería y atención a enfermos";"Hombres";"Rendimiento"
"2020-2021";"86.98";"Enfermería y atención a enfermos";"Hombres";"Rendimiento"
"2019-2020";"92.27";"Enfermería y atención a enfermos";"Hombres";"Rendimiento"
"2018-2019";"84.79";"Enfermería y atención a enfermos";"Hombres";"Rendimiento"
"2017-2018";"85.09";"Enfermería y atención a enfermos";"Hombres";"Rendimiento"
"2016-2017";"88.89";"Enfermería y atención a enfermos";"Hombres";"Rendimiento"
"2015-2016";"89.88";"Enfermería y atención a enfermos";"Hombres";"Rendimiento"
"2022-2023";"87.2";"Otras ciencias de la Salud";"Hombres";"Rendimiento"
"2021-2022";"86.06";"Otras ciencias de la Salud";"Hombres";"Rendimiento"
"2020-2021";"86.35";"Otras ciencias de la Salud";"Hombres";"Rendimiento"
"2019-2020";"93.24";"Otras ciencias de la Salud";"Hombres";"Rendimiento"
"2018-2019";"86.36";"Otras ciencias de la Salud";"Hombres";"Rendimiento"
"2017-2018";"87.78";"Otras ciencias de la Salud";"Hombres";"Rendimiento"
"2016-2017";"86.53";"Otras ciencias de la Salud";"Hombres";"Rendimiento"
"2015-2016";"82.68";"Otras ciencias de la Salud";"Hombres";"Rendimiento"
"2022-2023";"..";"Trabajo social y orientación";"Hombres";"Rendimiento"
"2021-2022";"..";"Trabajo social y orientación";"Hombres";"Rendimiento"
"2020-2021";"..";"Trabajo social y orientación";"Hombres";"Rendimiento"
"2019-2020";"..";"Trabajo social y orientación";"Hombres";"Rendimiento"
"2018-2019";"..";"Trabajo social y orientación";"Hombres";"Rendimiento"
"2017-2018";"..";"Trabajo social y orientación";"Hombres";"Rendimiento"
"2016-2017";"..";"Trabajo social y orientación";"Hombres";"Rendimiento"
"2015-2016";"..";"Trabajo social y orientación";"Hombres";"Rendimiento"
"2022-2023";"73.89";"Total Servicios";"Hombres";"Rendimiento"
"2021-2022";"72.15";"Total Servicios";"Hombres";"Rendimiento"
"2020-2021";"77.57";"Total Servicios";"Hombres";"Rendimiento"
"2019-2020";"81.42";"Total Servicios";"Hombres";"Rendimiento"
"2018-2019";"70.17";"Total Servicios";"Hombres";"Rendimiento"
"2017-2018";"67.91";"Total Servicios";"Hombres";"Rendimiento"
"2016-2017";"67.83";"Total Servicios";"Hombres";"Rendimiento"
"2015-2016";"69.16";"Total Servicios";"Hombres";"Rendimiento"
"2022-2023";"80.18";"Deportes";"Hombres";"Rendimiento"
"2021-2022";"80.78";"Deportes";"Hombres";"Rendimiento"
"2020-2021";"85.87";"Deportes";"Hombres";"Rendimiento"
"2019-2020";"86.95";"Deportes";"Hombres";"Rendimiento"
"2018-2019";"75.69";"Deportes";"Hombres";"Rendimiento"
"2017-2018";"72.65";"Deportes";"Hombres";"Rendimiento"
"2016-2017";"70.71";"Deportes";"Hombres";"Rendimiento"
"2015-2016";"71.39";"Deportes";"Hombres";"Rendimiento"
"2022-2023";"68.72";"Turismo y Hostelería";"Hombres";"Rendimiento"
"2021-2022";"62.86";"Turismo y Hostelería";"Hombres";"Rendimiento"
"2020-2021";"68.63";"Turismo y Hostelería";"Hombres";"Rendimiento"
"2019-2020";"87.75";"Turismo y Hostelería";"Hombres";"Rendimiento"
"2018-2019";"75.24";"Turismo y Hostelería";"Hombres";"Rendimiento"
"2017-2018";"61.64";"Turismo y Hostelería";"Hombres";"Rendimiento"
"2016-2017";"69.08";"Turismo y Hostelería";"Hombres";"Rendimiento"
"2015-2016";"63.09";"Turismo y Hostelería";"Hombres";"Rendimiento"
"2022-2023";"61.34";"Otros Servicios";"Hombres";"Rendimiento"
"2021-2022";"56.07";"Otros Servicios";"Hombres";"Rendimiento"
"2020-2021";"59.64";"Otros Servicios";"Hombres";"Rendimiento"
"2019-2020";"64.99";"Otros Servicios";"Hombres";"Rendimiento"
"2018-2019";"54.55";"Otros Servicios";"Hombres";"Rendimiento"
"2017-2018";"56.45";"Otros Servicios";"Hombres";"Rendimiento"
"2016-2017";"59.28";"Otros Servicios";"Hombres";"Rendimiento"
"2015-2016";"64.65";"Otros Servicios";"Hombres";"Rendimiento"
"2022-2023";"???";"A Coruña";"Hombres";"Exito"
"2021-2022";"???";"A Coruña";"Hombres";"Exito"
"2020-2021";"???";"A Coruña";"Hombres";"Exito"
"2019-2020";"???";"A Coruña";"Hombres";"Exito"
"2018-2019";"???";"A Coruña";"Hombres";"Exito"
"2017-2018";"???";"A Coruña";"Hombres";"Exito"
"2016-2017";"???";"A Coruña";"Hombres";"Exito"
"2015-2016";"???";"A Coruña";"Hombres";"Exito"
"2022-2023";"80.69";"Todos los ámbitos";"Hombres";"Exito"
"2021-2022";"79.8";"Todos los ámbitos";"Hombres";"Exito"
"2020-2021";"82.27";"Todos los ámbitos";"Hombres";"Exito"
"2019-2020";"88.18";"Todos los ámbitos";"Hombres";"Exito"
"2018-2019";"80.35";"Todos los ámbitos";"Hombres";"Exito"
"2017-2018";"79.89";"Todos los ámbitos";"Hombres";"Exito"
"2016-2017";"79.71";"Todos los ámbitos";"Hombres";"Exito"
"2015-2016";"79.86";"Todos los ámbitos";"Hombres";"Exito"
"2022-2023";"93.19";"Total Educación";"Hombres";"Exito"
"2021-2022";"91.99";"Total Educación";"Hombres";"Exito"
"2020-2021";"94.68";"Total Educación";"Hombres";"Exito"
"2019-2020";"96.1";"Total Educación";"Hombres";"Exito"
"2018-2019";"90.8";"Total Educación";"Hombres";"Exito"
"2017-2018";"89.31";"Total Educación";"Hombres";"Exito"
"2016-2017";"91.63";"Total Educación";"Hombres";"Exito"
"2015-2016";"90.95";"Total Educación";"Hombres";"Exito"
"2022-2023";"95.48";"Formación de docentes de enseñanza infantil";"Hombres";"Exito"
"2021-2022";"92.69";"Formación de docentes de enseñanza infantil";"Hombres";"Exito"
"2020-2021";"97.03";"Formación de docentes de enseñanza infantil";"Hombres";"Exito"
"2019-2020";"97.33";"Formación de docentes de enseñanza infantil";"Hombres";"Exito"
"2018-2019";"93.92";"Formación de docentes de enseñanza infantil";"Hombres";"Exito"
"2017-2018";"89.67";"Formación de docentes de enseñanza infantil";"Hombres";"Exito"
"2016-2017";"94.35";"Formación de docentes de enseñanza infantil";"Hombres";"Exito"
"2015-2016";"94.78";"Formación de docentes de enseñanza infantil";"Hombres";"Exito"
"2022-2023";"92.76";"Formación de docentes de enseñanza primaria";"Hombres";"Exito"
"2021-2022";"92.42";"Formación de docentes de enseñanza primaria";"Hombres";"Exito"
"2020-2021";"93.67";"Formación de docentes de enseñanza primaria";"Hombres";"Exito"
"2019-2020";"95.59";"Formación de docentes de enseñanza primaria";"Hombres";"Exito"
"2018-2019";"89.19";"Formación de docentes de enseñanza primaria";"Hombres";"Exito"
"2017-2018";"89.29";"Formación de docentes de enseñanza primaria";"Hombres";"Exito"
"2016-2017";"90.97";"Formación de docentes de enseñanza primaria";"Hombres";"Exito"
"2015-2016";"91.63";"Formación de docentes de enseñanza primaria";"Hombres";"Exito"
"2022-2023";"89.97";"Otra Formación de personal docente y ciencias de la educación";"Hombres";"Exito"
"2021-2022";"89.52";"Otra Formación de personal docente y ciencias de la educación";"Hombres";"Exito"
"2020-2021";"94.86";"Otra Formación de personal docente y ciencias de la educación";"Hombres";"Exito"
"2019-2020";"96.63";"Otra Formación de personal docente y ciencias de la educación";"Hombres";"Exito"
"2018-2019";"94.2";"Otra Formación de personal docente y ciencias de la educación";"Hombres";"Exito"
"2017-2018";"89.01";"Otra Formación de personal docente y ciencias de la educación";"Hombres";"Exito"
"2016-2017";"92.0";"Otra Formación de personal docente y ciencias de la educación";"Hombres";"Exito"
"2015-2016";"85.71";"Otra Formación de personal docente y ciencias de la educación";"Hombres";"Exito"
"2022-2023";"86.39";"Total Artes y humanidades";"Hombres";"Exito"
"2021-2022";"87.46";"Total Artes y humanidades";"Hombres";"Exito"
"2020-2021";"88.9";"Total Artes y humanidades";"Hombres";"Exito"
"2019-2020";"91.07";"Total Artes y humanidades";"Hombres";"Exito"
"2018-2019";"83.18";"Total Artes y humanidades";"Hombres";"Exito"
"2017-2018";"83.38";"Total Artes y humanidades";"Hombres";"Exito"
"2016-2017";"84.12";"Total Artes y humanidades";"Hombres";"Exito"
"2015-2016";"84.03";"Total Artes y humanidades";"Hombres";"Exito"
"2022-2023";"92.22";"Técnicas audiovisuales y medios de comunicación";"Hombres";"Exito"
"2021-2022";"95.36";"Técnicas audiovisuales y medios de comunicación";"Hombres";"Exito"
"2020-2021";"95.88";"Técnicas audiovisuales y medios de comunicación";"Hombres";"Exito"
"2019-2020";"96.27";"Técnicas audiovisuales y medios de comunicación";"Hombres";"Exito"
"2018-2019";"93.02";"Técnicas audiovisuales y medios de comunicación";"Hombres";"Exito"
"2017-2018";"92.17";"Técnicas audiovisuales y medios de comunicación";"Hombres";"Exito"
"2016-2017";"92.07";"Técnicas audiovisuales y medios de comunicación";"Hombres";"Exito"
"2015-2016";"88.11";"Técnicas audiovisuales y medios de comunicación";"Hombres";"Exito"
"2022-2023";"..";"Artes";"Hombres";"Exito"
"2021-2022";"..";"Artes";"Hombres";"Exito"
"2020-2021";"..";"Artes";"Hombres";"Exito"
"2019-2020";"..";"Artes";"Hombres";"Exito"
"2018-2019";"..";"Artes";"Hombres";"Exito"
"2017-2018";"..";"Artes";"Hombres";"Exito"
"2016-2017";"..";"Artes";"Hombres";"Exito"
"2015-2016";"..";"Artes";"Hombres";"Exito"
"2022-2023";"74.41";"Lenguas";"Hombres";"Exito"
"2021-2022";"73.6";"Lenguas";"Hombres";"Exito"
"2020-2021";"78.53";"Lenguas";"Hombres";"Exito"
"2019-2020";"83.59";"Lenguas";"Hombres";"Exito"
"2018-2019";"74.32";"Lenguas";"Hombres";"Exito"
"2017-2018";"73.75";"Lenguas";"Hombres";"Exito"
"2016-2017";"75.46";"Lenguas";"Hombres";"Exito"
"2015-2016";"78.41";"Lenguas";"Hombres";"Exito"
"2022-2023";"..";"Humanidades";"Hombres";"Exito"
"2021-2022";"..";"Humanidades";"Hombres";"Exito"
"2020-2021";"..";"Humanidades";"Hombres";"Exito"
"2019-2020";"..";"Humanidades";"Hombres";"Exito"
"2018-2019";"..";"Humanidades";"Hombres";"Exito"
"2017-2018";"..";"Humanidades";"Hombres";"Exito"
"2016-2017";"..";"Humanidades";"Hombres";"Exito"
"2015-2016";"..";"Humanidades";"Hombres";"Exito"
"2022-2023";"76.77";"Total Ciencias sociales, periodismo y documentación";"Hombres";"Exito"
"2021-2022";"77.81";"Total Ciencias sociales, periodismo y documentación";"Hombres";"Exito"
"2020-2021";"80.53";"Total Ciencias sociales, periodismo y documentación";"Hombres";"Exito"
"2019-2020";"88.57";"Total Ciencias sociales, periodismo y documentación";"Hombres";"Exito"
"2018-2019";"76.95";"Total Ciencias sociales, periodismo y documentación";"Hombres";"Exito"
"2017-2018";"78.02";"Total Ciencias sociales, periodismo y documentación";"Hombres";"Exito"
"2016-2017";"78.22";"Total Ciencias sociales, periodismo y documentación";"Hombres";"Exito"
"2015-2016";"78.27";"Total Ciencias sociales, periodismo y documentación";"Hombres";"Exito"
"2022-2023";"..";"Psicología";"Hombres";"Exito"
"2021-2022";"..";"Psicología";"Hombres";"Exito"
"2020-2021";"..";"Psicología";"Hombres";"Exito"
"2019-2020";"..";"Psicología";"Hombres";"Exito"
"2018-2019";"..";"Psicología";"Hombres";"Exito"
"2017-2018";"..";"Psicología";"Hombres";"Exito"
"2016-2017";"..";"Psicología";"Hombres";"Exito"
"2015-2016";"..";"Psicología";"Hombres";"Exito"
"2022-2023";"69.53";"Economía";"Hombres";"Exito"
"2021-2022";"72.31";"Economía";"Hombres";"Exito"
"2020-2021";"75.77";"Economía";"Hombres";"Exito"
"2019-2020";"87.21";"Economía";"Hombres";"Exito"
"2018-2019";"72.08";"Economía";"Hombres";"Exito"
"2017-2018";"74.28";"Economía";"Hombres";"Exito"
"2016-2017";"72.58";"Economía";"Hombres";"Exito"
"2015-2016";"73.95";"Economía";"Hombres";"Exito"
"2022-2023";"84.75";"Otras Ciencias sociales y del comportamiento";"Hombres";"Exito"
"2021-2022";"85.79";"Otras Ciencias sociales y del comportamiento";"Hombres";"Exito"
"2020-2021";"87.59";"Otras Ciencias sociales y del comportamiento";"Hombres";"Exito"
"2019-2020";"90.34";"Otras Ciencias sociales y del comportamiento";"Hombres";"Exito"
"2018-2019";"84.61";"Otras Ciencias sociales y del comportamiento";"Hombres";"Exito"
"2017-2018";"83.89";"Otras Ciencias sociales y del comportamiento";"Hombres";"Exito"
"2016-2017";"87.19";"Otras Ciencias sociales y del comportamiento";"Hombres";"Exito"
"2015-2016";"85.73";"Otras Ciencias sociales y del comportamiento";"Hombres";"Exito"
"2022-2023";"..";"Periodismo e información";"Hombres";"Exito"
"2021-2022";"..";"Periodismo e información";"Hombres";"Exito"
"2020-2021";"..";"Periodismo e información";"Hombres";"Exito"
"2019-2020";"..";"Periodismo e información";"Hombres";"Exito"
"2018-2019";"..";"Periodismo e información";"Hombres";"Exito"
"2017-2018";"..";"Periodismo e información";"Hombres";"Exito"
"2016-2017";"..";"Periodismo e información";"Hombres";"Exito"
"2015-2016";"..";"Periodismo e información";"Hombres";"Exito"
"2022-2023";"76.33";"Total Negocios, administración y derecho";"Hombres";"Exito"
"2021-2022";"75.57";"Total Negocios, administración y derecho";"Hombres";"Exito"
"2020-2021";"80.29";"Total Negocios, administración y derecho";"Hombres";"Exito"
"2019-2020";"86.68";"Total Negocios, administración y derecho";"Hombres";"Exito"
"2018-2019";"77.49";"Total Negocios, administración y derecho";"Hombres";"Exito"
"2017-2018";"78.43";"Total Negocios, administración y derecho";"Hombres";"Exito"
"2016-2017";"80.04";"Total Negocios, administración y derecho";"Hombres";"Exito"
"2015-2016";"79.91";"Total Negocios, administración y derecho";"Hombres";"Exito"
"2022-2023";"74.89";"Administración y gestión de empresas";"Hombres";"Exito"
"2021-2022";"74.49";"Administración y gestión de empresas";"Hombres";"Exito"
"2020-2021";"79.0";"Administración y gestión de empresas";"Hombres";"Exito"
"2019-2020";"85.81";"Administración y gestión de empresas";"Hombres";"Exito"
"2018-2019";"72.3";"Administración y gestión de empresas";"Hombres";"Exito"
"2017-2018";"73.83";"Administración y gestión de empresas";"Hombres";"Exito"
"2016-2017";"76.32";"Administración y gestión de empresas";"Hombres";"Exito"
"2015-2016";"76.7";"Administración y gestión de empresas";"Hombres";"Exito"
"2022-2023";"..";"Otra Educación comercial y empresarial";"Hombres";"Exito"
"2021-2022";"..";"Otra Educación comercial y empresarial";"Hombres";"Exito"
"2020-2021";"..";"Otra Educación comercial y empresarial";"Hombres";"Exito"
"2019-2020";"..";"Otra Educación comercial y empresarial";"Hombres";"Exito"
"2018-2019";"..";"Otra Educación comercial y empresarial";"Hombres";"Exito"
"2017-2018";"..";"Otra Educación comercial y empresarial";"Hombres";"Exito"
"2016-2017";"..";"Otra Educación comercial y empresarial";"Hombres";"Exito"
"2015-2016";"..";"Otra Educación comercial y empresarial";"Hombres";"Exito"
"2022-2023";"82.67";"Derecho";"Hombres";"Exito"
"2021-2022";"80.13";"Derecho";"Hombres";"Exito"
"2020-2021";"85.72";"Derecho";"Hombres";"Exito"
"2019-2020";"90.11";"Derecho";"Hombres";"Exito"
"2018-2019";"87.65";"Derecho";"Hombres";"Exito"
"2017-2018";"87.76";"Derecho";"Hombres";"Exito"
"2016-2017";"88.3";"Derecho";"Hombres";"Exito"
"2015-2016";"86.92";"Derecho";"Hombres";"Exito"
"2022-2023";"78.86";"Total Ciencias";"Hombres";"Exito"
"2021-2022";"75.84";"Total Ciencias";"Hombres";"Exito"
"2020-2021";"72.08";"Total Ciencias";"Hombres";"Exito"
"2019-2020";"85.96";"Total Ciencias";"Hombres";"Exito"
"2018-2019";"75.97";"Total Ciencias";"Hombres";"Exito"
"2017-2018";"73.86";"Total Ciencias";"Hombres";"Exito"
"2016-2017";"71.83";"Total Ciencias";"Hombres";"Exito"
"2015-2016";"73.78";"Total Ciencias";"Hombres";"Exito"
"2022-2023";"79.57";"Ciencias de la vida";"Hombres";"Exito"
"2021-2022";"77.03";"Ciencias de la vida";"Hombres";"Exito"
"2020-2021";"76.7";"Ciencias de la vida";"Hombres";"Exito"
"2019-2020";"91.93";"Ciencias de la vida";"Hombres";"Exito"
"2018-2019";"82.94";"Ciencias de la vida";"Hombres";"Exito"
"2017-2018";"80.78";"Ciencias de la vida";"Hombres";"Exito"
"2016-2017";"79.71";"Ciencias de la vida";"Hombres";"Exito"
"2015-2016";"76.94";"Ciencias de la vida";"Hombres";"Exito"
"2022-2023";"65.9";"Ciencias Físicas, químicas, geológicas";"Hombres";"Exito"
"2021-2022";"66.88";"Ciencias Físicas, químicas, geológicas";"Hombres";"Exito"
"2020-2021";"61.98";"Ciencias Físicas, químicas, geológicas";"Hombres";"Exito"
"2019-2020";"76.74";"Ciencias Físicas, químicas, geológicas";"Hombres";"Exito"
"2018-2019";"65.67";"Ciencias Físicas, químicas, geológicas";"Hombres";"Exito"
"2017-2018";"64.46";"Ciencias Físicas, químicas, geológicas";"Hombres";"Exito"
"2016-2017";"61.66";"Ciencias Físicas, químicas, geológicas";"Hombres";"Exito"
"2015-2016";"68.7";"Ciencias Físicas, químicas, geológicas";"Hombres";"Exito"
"2022-2023";"87.02";"Matemáticas y Estadística";"Hombres";"Exito"
"2021-2022";"82.78";"Matemáticas y Estadística";"Hombres";"Exito"
"2020-2021";"75.29";"Matemáticas y Estadística";"Hombres";"Exito"
"2019-2020";"86.46";"Matemáticas y Estadística";"Hombres";"Exito"
"2018-2019";"..";"Matemáticas y Estadística";"Hombres";"Exito"
"2017-2018";"..";"Matemáticas y Estadística";"Hombres";"Exito"
"2016-2017";"..";"Matemáticas y Estadística";"Hombres";"Exito"
"2015-2016";"..";"Matemáticas y Estadística";"Hombres";"Exito"
"2022-2023";"79.88";"Total Informática";"Hombres";"Exito"
"2021-2022";"79.92";"Total Informática";"Hombres";"Exito"
"2020-2021";"80.52";"Total Informática";"Hombres";"Exito"
"2019-2020";"86.21";"Total Informática";"Hombres";"Exito"
"2018-2019";"78.94";"Total Informática";"Hombres";"Exito"
"2017-2018";"76.87";"Total Informática";"Hombres";"Exito"
"2016-2017";"75.15";"Total Informática";"Hombres";"Exito"
"2015-2016";"74.66";"Total Informática";"Hombres";"Exito"
"2022-2023";"79.88";"Informática";"Hombres";"Exito"
"2021-2022";"79.92";"Informática";"Hombres";"Exito"
"2020-2021";"80.52";"Informática";"Hombres";"Exito"
"2019-2020";"86.21";"Informática";"Hombres";"Exito"
"2018-2019";"78.94";"Informática";"Hombres";"Exito"
"2017-2018";"76.87";"Informática";"Hombres";"Exito"
"2016-2017";"75.15";"Informática";"Hombres";"Exito"
"2015-2016";"74.66";"Informática";"Hombres";"Exito"
"2022-2023";"75.94";"Total Ingeniería, industria y construcción";"Hombres";"Exito"
"2021-2022";"74.37";"Total Ingeniería, industria y construcción";"Hombres";"Exito"
"2020-2021";"77.72";"Total Ingeniería, industria y construcción";"Hombres";"Exito"
"2019-2020";"84.28";"Total Ingeniería, industria y construcción";"Hombres";"Exito"
"2018-2019";"76.83";"Total Ingeniería, industria y construcción";"Hombres";"Exito"
"2017-2018";"76.69";"Total Ingeniería, industria y construcción";"Hombres";"Exito"
"2016-2017";"76.34";"Total Ingeniería, industria y construcción";"Hombres";"Exito"
"2015-2016";"77.29";"Total Ingeniería, industria y construcción";"Hombres";"Exito"
"2022-2023";"76.93";"Ingenierías";"Hombres";"Exito"
"2021-2022";"75.05";"Ingenierías";"Hombres";"Exito"
"2020-2021";"78.69";"Ingenierías";"Hombres";"Exito"
"2019-2020";"85.08";"Ingenierías";"Hombres";"Exito"
"2018-2019";"76.96";"Ingenierías";"Hombres";"Exito"
"2017-2018";"77.8";"Ingenierías";"Hombres";"Exito"
"2016-2017";"75.6";"Ingenierías";"Hombres";"Exito"
"2015-2016";"78.5";"Ingenierías";"Hombres";"Exito"
"2022-2023";"73.9";"Arquitectura y construcción";"Hombres";"Exito"
"2021-2022";"73.0";"Arquitectura y construcción";"Hombres";"Exito"
"2020-2021";"75.93";"Arquitectura y construcción";"Hombres";"Exito"
"2019-2020";"83.02";"Arquitectura y construcción";"Hombres";"Exito"
"2018-2019";"76.65";"Arquitectura y construcción";"Hombres";"Exito"
"2017-2018";"75.48";"Arquitectura y construcción";"Hombres";"Exito"
"2016-2017";"77.08";"Arquitectura y construcción";"Hombres";"Exito"
"2015-2016";"76.19";"Arquitectura y construcción";"Hombres";"Exito"
"2022-2023";"..";"Total Agricultura, ganadería,  silvicultura, pesca, y veterinaria";"Hombres";"Exito"
"2021-2022";"..";"Total Agricultura, ganadería,  silvicultura, pesca, y veterinaria";"Hombres";"Exito"
"2020-2021";"..";"Total Agricultura, ganadería,  silvicultura, pesca, y veterinaria";"Hombres";"Exito"
"2019-2020";"..";"Total Agricultura, ganadería,  silvicultura, pesca, y veterinaria";"Hombres";"Exito"
"2018-2019";"..";"Total Agricultura, ganadería,  silvicultura, pesca, y veterinaria";"Hombres";"Exito"
"2017-2018";"..";"Total Agricultura, ganadería,  silvicultura, pesca, y veterinaria";"Hombres";"Exito"
"2016-2017";"..";"Total Agricultura, ganadería,  silvicultura, pesca, y veterinaria";"Hombres";"Exito"
"2015-2016";"..";"Total Agricultura, ganadería,  silvicultura, pesca, y veterinaria";"Hombres";"Exito"
"2022-2023";"..";"Agricultura, ganadería y pesca";"Hombres";"Exito"
"2021-2022";"..";"Agricultura, ganadería y pesca";"Hombres";"Exito"
"2020-2021";"..";"Agricultura, ganadería y pesca";"Hombres";"Exito"
"2019-2020";"..";"Agricultura, ganadería y pesca";"Hombres";"Exito"
"2018-2019";"..";"Agricultura, ganadería y pesca";"Hombres";"Exito"
"2017-2018";"..";"Agricultura, ganadería y pesca";"Hombres";"Exito"
"2016-2017";"..";"Agricultura, ganadería y pesca";"Hombres";"Exito"
"2015-2016";"..";"Agricultura, ganadería y pesca";"Hombres";"Exito"
"2022-2023";"..";"Veterinaria";"Hombres";"Exito"
"2021-2022";"..";"Veterinaria";"Hombres";"Exito"
"2020-2021";"..";"Veterinaria";"Hombres";"Exito"
"2019-2020";"..";"Veterinaria";"Hombres";"Exito"
"2018-2019";"..";"Veterinaria";"Hombres";"Exito"
"2017-2018";"..";"Veterinaria";"Hombres";"Exito"
"2016-2017";"..";"Veterinaria";"Hombres";"Exito"
"2015-2016";"..";"Veterinaria";"Hombres";"Exito"
"2022-2023";"93.64";"Total Salud y servicios sociales";"Hombres";"Exito"
"2021-2022";"92.46";"Total Salud y servicios sociales";"Hombres";"Exito"
"2020-2021";"92.46";"Total Salud y servicios sociales";"Hombres";"Exito"
"2019-2020";"97.65";"Total Salud y servicios sociales";"Hombres";"Exito"
"2018-2019";"94.13";"Total Salud y servicios sociales";"Hombres";"Exito"
"2017-2018";"93.95";"Total Salud y servicios sociales";"Hombres";"Exito"
"2016-2017";"93.6";"Total Salud y servicios sociales";"Hombres";"Exito"
"2015-2016";"92.4";"Total Salud y servicios sociales";"Hombres";"Exito"
"2022-2023";"..";"Medicina";"Hombres";"Exito"
"2021-2022";"..";"Medicina";"Hombres";"Exito"
"2020-2021";"..";"Medicina";"Hombres";"Exito"
"2019-2020";"..";"Medicina";"Hombres";"Exito"
"2018-2019";"..";"Medicina";"Hombres";"Exito"
"2017-2018";"..";"Medicina";"Hombres";"Exito"
"2016-2017";"..";"Medicina";"Hombres";"Exito"
"2015-2016";"..";"Medicina";"Hombres";"Exito"
"2022-2023";"93.31";"Enfermería y atención a enfermos";"Hombres";"Exito"
"2021-2022";"93.72";"Enfermería y atención a enfermos";"Hombres";"Exito"
"2020-2021";"93.68";"Enfermería y atención a enfermos";"Hombres";"Exito"
"2019-2020";"96.3";"Enfermería y atención a enfermos";"Hombres";"Exito"
"2018-2019";"91.51";"Enfermería y atención a enfermos";"Hombres";"Exito"
"2017-2018";"93.35";"Enfermería y atención a enfermos";"Hombres";"Exito"
"2016-2017";"93.21";"Enfermería y atención a enfermos";"Hombres";"Exito"
"2015-2016";"94.04";"Enfermería y atención a enfermos";"Hombres";"Exito"
"2022-2023";"93.77";"Otras ciencias de la Salud";"Hombres";"Exito"
"2021-2022";"92.01";"Otras ciencias de la Salud";"Hombres";"Exito"
"2020-2021";"92.1";"Otras ciencias de la Salud";"Hombres";"Exito"
"2019-2020";"98.09";"Otras ciencias de la Salud";"Hombres";"Exito"
"2018-2019";"94.98";"Otras ciencias de la Salud";"Hombres";"Exito"
"2017-2018";"94.14";"Otras ciencias de la Salud";"Hombres";"Exito"
"2016-2017";"93.74";"Otras ciencias de la Salud";"Hombres";"Exito"
"2015-2016";"91.64";"Otras ciencias de la Salud";"Hombres";"Exito"
"2022-2023";"..";"Trabajo social y orientación";"Hombres";"Exito"
"2021-2022";"..";"Trabajo social y orientación";"Hombres";"Exito"
"2020-2021";"..";"Trabajo social y orientación";"Hombres";"Exito"
"2019-2020";"..";"Trabajo social y orientación";"Hombres";"Exito"
"2018-2019";"..";"Trabajo social y orientación";"Hombres";"Exito"
"2017-2018";"..";"Trabajo social y orientación";"Hombres";"Exito"
"2016-2017";"..";"Trabajo social y orientación";"Hombres";"Exito"
"2015-2016";"..";"Trabajo social y orientación";"Hombres";"Exito"
"2022-2023";"85.61";"Total Servicios";"Hombres";"Exito"
"2021-2022";"84.3";"Total Servicios";"Hombres";"Exito"
"2020-2021";"89.2";"Total Servicios";"Hombres";"Exito"
"2019-2020";"92.11";"Total Servicios";"Hombres";"Exito"
"2018-2019";"85.12";"Total Servicios";"Hombres";"Exito"
"2017-2018";"83.3";"Total Servicios";"Hombres";"Exito"
"2016-2017";"82.02";"Total Servicios";"Hombres";"Exito"
"2015-2016";"82.59";"Total Servicios";"Hombres";"Exito"
"2022-2023";"87.66";"Deportes";"Hombres";"Exito"
"2021-2022";"87.1";"Deportes";"Hombres";"Exito"
"2020-2021";"92.55";"Deportes";"Hombres";"Exito"
"2019-2020";"94.44";"Deportes";"Hombres";"Exito"
"2018-2019";"87.1";"Deportes";"Hombres";"Exito"
"2017-2018";"84.74";"Deportes";"Hombres";"Exito"
"2016-2017";"82.01";"Deportes";"Hombres";"Exito"
"2015-2016";"82.87";"Deportes";"Hombres";"Exito"
"2022-2023";"84.13";"Turismo y Hostelería";"Hombres";"Exito"
"2021-2022";"75.14";"Turismo y Hostelería";"Hombres";"Exito"
"2020-2021";"78.37";"Turismo y Hostelería";"Hombres";"Exito"
"2019-2020";"94.98";"Turismo y Hostelería";"Hombres";"Exito"
"2018-2019";"88.05";"Turismo y Hostelería";"Hombres";"Exito"
"2017-2018";"79.79";"Turismo y Hostelería";"Hombres";"Exito"
"2016-2017";"83.94";"Turismo y Hostelería";"Hombres";"Exito"
"2015-2016";"81.21";"Turismo y Hostelería";"Hombres";"Exito"
"2022-2023";"80.49";"Otros Servicios";"Hombres";"Exito"
"2021-2022";"79.95";"Otros Servicios";"Hombres";"Exito"
"2020-2021";"82.33";"Otros Servicios";"Hombres";"Exito"
"2019-2020";"83.89";"Otros Servicios";"Hombres";"Exito"
"2018-2019";"77.92";"Otros Servicios";"Hombres";"Exito"
"2017-2018";"79.41";"Otros Servicios";"Hombres";"Exito"
"2016-2017";"81.49";"Otros Servicios";"Hombres";"Exito"
"2015-2016";"82.13";"Otros Servicios";"Hombres";"Exito"
"2022-2023";"???";"A Coruña";"Hombres";"Evaluacion"
"2021-2022";"???";"A Coruña";"Hombres";"Evaluacion"
"2020-2021";"???";"A Coruña";"Hombres";"Evaluacion"
"2019-2020";"???";"A Coruña";"Hombres";"Evaluacion"
"2018-2019";"???";"A Coruña";"Hombres";"Evaluacion"
"2017-2018";"???";"A Coruña";"Hombres";"Evaluacion"
"2016-2017";"???";"A Coruña";"Hombres";"Evaluacion"
"2015-2016";"???";"A Coruña";"Hombres";"Evaluacion"
"2022-2023";"84.62";"Todos los ámbitos";"Hombres";"Evaluacion"
"2021-2022";"82.87";"Todos los ámbitos";"Hombres";"Evaluacion"
"2020-2021";"83.7";"Todos los ámbitos";"Hombres";"Evaluacion"
"2019-2020";"86.01";"Todos los ámbitos";"Hombres";"Evaluacion"
"2018-2019";"80.74";"Todos los ámbitos";"Hombres";"Evaluacion"
"2017-2018";"80.04";"Todos los ámbitos";"Hombres";"Evaluacion"
"2016-2017";"79.51";"Todos los ámbitos";"Hombres";"Evaluacion"
"2015-2016";"79.92";"Todos los ámbitos";"Hombres";"Evaluacion"
"2022-2023";"94.55";"Total Educación";"Hombres";"Evaluacion"
"2021-2022";"93.3";"Total Educación";"Hombres";"Evaluacion"
"2020-2021";"93.13";"Total Educación";"Hombres";"Evaluacion"
"2019-2020";"94.05";"Total Educación";"Hombres";"Evaluacion"
"2018-2019";"90.38";"Total Educación";"Hombres";"Evaluacion"
"2017-2018";"90.71";"Total Educación";"Hombres";"Evaluacion"
"2016-2017";"89.34";"Total Educación";"Hombres";"Evaluacion"
"2015-2016";"91.44";"Total Educación";"Hombres";"Evaluacion"
"2022-2023";"96.61";"Formación de docentes de enseñanza infantil";"Hombres";"Evaluacion"
"2021-2022";"97.46";"Formación de docentes de enseñanza infantil";"Hombres";"Evaluacion"
"2020-2021";"95.85";"Formación de docentes de enseñanza infantil";"Hombres";"Evaluacion"
"2019-2020";"98.3";"Formación de docentes de enseñanza infantil";"Hombres";"Evaluacion"
"2018-2019";"89.88";"Formación de docentes de enseñanza infantil";"Hombres";"Evaluacion"
"2017-2018";"93.59";"Formación de docentes de enseñanza infantil";"Hombres";"Evaluacion"
"2016-2017";"90.35";"Formación de docentes de enseñanza infantil";"Hombres";"Evaluacion"
"2015-2016";"89.35";"Formación de docentes de enseñanza infantil";"Hombres";"Evaluacion"
"2022-2023";"93.41";"Formación de docentes de enseñanza primaria";"Hombres";"Evaluacion"
"2021-2022";"92.33";"Formación de docentes de enseñanza primaria";"Hombres";"Evaluacion"
"2020-2021";"91.62";"Formación de docentes de enseñanza primaria";"Hombres";"Evaluacion"
"2019-2020";"92.07";"Formación de docentes de enseñanza primaria";"Hombres";"Evaluacion"
"2018-2019";"90.65";"Formación de docentes de enseñanza primaria";"Hombres";"Evaluacion"
"2017-2018";"91.63";"Formación de docentes de enseñanza primaria";"Hombres";"Evaluacion"
"2016-2017";"89.99";"Formación de docentes de enseñanza primaria";"Hombres";"Evaluacion"
"2015-2016";"93.71";"Formación de docentes de enseñanza primaria";"Hombres";"Evaluacion"
"2022-2023";"94.55";"Otra Formación de personal docente y ciencias de la educación";"Hombres";"Evaluacion"
"2021-2022";"90.34";"Otra Formación de personal docente y ciencias de la educación";"Hombres";"Evaluacion"
"2020-2021";"94.74";"Otra Formación de personal docente y ciencias de la educación";"Hombres";"Evaluacion"
"2019-2020";"97.14";"Otra Formación de personal docente y ciencias de la educación";"Hombres";"Evaluacion"
"2018-2019";"89.79";"Otra Formación de personal docente y ciencias de la educación";"Hombres";"Evaluacion"
"2017-2018";"84.62";"Otra Formación de personal docente y ciencias de la educación";"Hombres";"Evaluacion"
"2016-2017";"86.36";"Otra Formación de personal docente y ciencias de la educación";"Hombres";"Evaluacion"
"2015-2016";"85.15";"Otra Formación de personal docente y ciencias de la educación";"Hombres";"Evaluacion"
"2022-2023";"86.53";"Total Artes y humanidades";"Hombres";"Evaluacion"
"2021-2022";"86.45";"Total Artes y humanidades";"Hombres";"Evaluacion"
"2020-2021";"90.12";"Total Artes y humanidades";"Hombres";"Evaluacion"
"2019-2020";"90.1";"Total Artes y humanidades";"Hombres";"Evaluacion"
"2018-2019";"82.87";"Total Artes y humanidades";"Hombres";"Evaluacion"
"2017-2018";"84.59";"Total Artes y humanidades";"Hombres";"Evaluacion"
"2016-2017";"77.56";"Total Artes y humanidades";"Hombres";"Evaluacion"
"2015-2016";"80.85";"Total Artes y humanidades";"Hombres";"Evaluacion"
"2022-2023";"91.96";"Técnicas audiovisuales y medios de comunicación";"Hombres";"Evaluacion"
"2021-2022";"92.59";"Técnicas audiovisuales y medios de comunicación";"Hombres";"Evaluacion"
"2020-2021";"93.1";"Técnicas audiovisuales y medios de comunicación";"Hombres";"Evaluacion"
"2019-2020";"94.81";"Técnicas audiovisuales y medios de comunicación";"Hombres";"Evaluacion"
"2018-2019";"87.84";"Técnicas audiovisuales y medios de comunicación";"Hombres";"Evaluacion"
"2017-2018";"88.13";"Técnicas audiovisuales y medios de comunicación";"Hombres";"Evaluacion"
"2016-2017";"80.38";"Técnicas audiovisuales y medios de comunicación";"Hombres";"Evaluacion"
"2015-2016";"82.72";"Técnicas audiovisuales y medios de comunicación";"Hombres";"Evaluacion"
"2022-2023";"..";"Artes";"Hombres";"Evaluacion"
"2021-2022";"..";"Artes";"Hombres";"Evaluacion"
"2020-2021";"..";"Artes";"Hombres";"Evaluacion"
"2019-2020";"..";"Artes";"Hombres";"Evaluacion"
"2018-2019";"..";"Artes";"Hombres";"Evaluacion"
"2017-2018";"..";"Artes";"Hombres";"Evaluacion"
"2016-2017";"..";"Artes";"Hombres";"Evaluacion"
"2015-2016";"..";"Artes";"Hombres";"Evaluacion"
"2022-2023";"77.97";"Lenguas";"Hombres";"Evaluacion"
"2021-2022";"78.2";"Lenguas";"Hombres";"Evaluacion"
"2020-2021";"86.76";"Lenguas";"Hombres";"Evaluacion"
"2019-2020";"85.21";"Lenguas";"Hombres";"Evaluacion"
"2018-2019";"79.96";"Lenguas";"Hombres";"Evaluacion"
"2017-2018";"81.5";"Lenguas";"Hombres";"Evaluacion"
"2016-2017";"73.19";"Lenguas";"Hombres";"Evaluacion"
"2015-2016";"77.74";"Lenguas";"Hombres";"Evaluacion"
"2022-2023";"..";"Humanidades";"Hombres";"Evaluacion"
"2021-2022";"..";"Humanidades";"Hombres";"Evaluacion"
"2020-2021";"..";"Humanidades";"Hombres";"Evaluacion"
"2019-2020";"..";"Humanidades";"Hombres";"Evaluacion"
"2018-2019";"..";"Humanidades";"Hombres";"Evaluacion"
"2017-2018";"..";"Humanidades";"Hombres";"Evaluacion"
"2016-2017";"..";"Humanidades";"Hombres";"Evaluacion"
"2015-2016";"..";"Humanidades";"Hombres";"Evaluacion"
"2022-2023";"82.85";"Total Ciencias sociales, periodismo y documentación";"Hombres";"Evaluacion"
"2021-2022";"81.4";"Total Ciencias sociales, periodismo y documentación";"Hombres";"Evaluacion"
"2020-2021";"83.7";"Total Ciencias sociales, periodismo y documentación";"Hombres";"Evaluacion"
"2019-2020";"88.74";"Total Ciencias sociales, periodismo y documentación";"Hombres";"Evaluacion"
"2018-2019";"79.42";"Total Ciencias sociales, periodismo y documentación";"Hombres";"Evaluacion"
"2017-2018";"80.15";"Total Ciencias sociales, periodismo y documentación";"Hombres";"Evaluacion"
"2016-2017";"80.94";"Total Ciencias sociales, periodismo y documentación";"Hombres";"Evaluacion"
"2015-2016";"79.2";"Total Ciencias sociales, periodismo y documentación";"Hombres";"Evaluacion"
"2022-2023";"..";"Psicología";"Hombres";"Evaluacion"
"2021-2022";"..";"Psicología";"Hombres";"Evaluacion"
"2020-2021";"..";"Psicología";"Hombres";"Evaluacion"
"2019-2020";"..";"Psicología";"Hombres";"Evaluacion"
"2018-2019";"..";"Psicología";"Hombres";"Evaluacion"
"2017-2018";"..";"Psicología";"Hombres";"Evaluacion"
"2016-2017";"..";"Psicología";"Hombres";"Evaluacion"
"2015-2016";"..";"Psicología";"Hombres";"Evaluacion"
"2022-2023";"82.69";"Economía";"Hombres";"Evaluacion"
"2021-2022";"82.64";"Economía";"Hombres";"Evaluacion"
"2020-2021";"85.32";"Economía";"Hombres";"Evaluacion"
"2019-2020";"90.27";"Economía";"Hombres";"Evaluacion"
"2018-2019";"81.89";"Economía";"Hombres";"Evaluacion"
"2017-2018";"81.73";"Economía";"Hombres";"Evaluacion"
"2016-2017";"78.81";"Economía";"Hombres";"Evaluacion"
"2015-2016";"80.79";"Economía";"Hombres";"Evaluacion"
"2022-2023";"83.91";"Otras Ciencias sociales y del comportamiento";"Hombres";"Evaluacion"
"2021-2022";"80.46";"Otras Ciencias sociales y del comportamiento";"Hombres";"Evaluacion"
"2020-2021";"83.48";"Otras Ciencias sociales y del comportamiento";"Hombres";"Evaluacion"
"2019-2020";"87.97";"Otras Ciencias sociales y del comportamiento";"Hombres";"Evaluacion"
"2018-2019";"76.73";"Otras Ciencias sociales y del comportamiento";"Hombres";"Evaluacion"
"2017-2018";"78.76";"Otras Ciencias sociales y del comportamiento";"Hombres";"Evaluacion"
"2016-2017";"85.89";"Otras Ciencias sociales y del comportamiento";"Hombres";"Evaluacion"
"2015-2016";"76.23";"Otras Ciencias sociales y del comportamiento";"Hombres";"Evaluacion"
"2022-2023";"..";"Periodismo e información";"Hombres";"Evaluacion"
"2021-2022";"..";"Periodismo e información";"Hombres";"Evaluacion"
"2020-2021";"..";"Periodismo e información";"Hombres";"Evaluacion"
"2019-2020";"..";"Periodismo e información";"Hombres";"Evaluacion"
"2018-2019";"..";"Periodismo e información";"Hombres";"Evaluacion"
"2017-2018";"..";"Periodismo e información";"Hombres";"Evaluacion"
"2016-2017";"..";"Periodismo e información";"Hombres";"Evaluacion"
"2015-2016";"..";"Periodismo e información";"Hombres";"Evaluacion"
"2022-2023";"86.18";"Total Negocios, administración y derecho";"Hombres";"Evaluacion"
"2021-2022";"85.95";"Total Negocios, administración y derecho";"Hombres";"Evaluacion"
"2020-2021";"86.79";"Total Negocios, administración y derecho";"Hombres";"Evaluacion"
"2019-2020";"88.95";"Total Negocios, administración y derecho";"Hombres";"Evaluacion"
"2018-2019";"84.66";"Total Negocios, administración y derecho";"Hombres";"Evaluacion"
"2017-2018";"84.48";"Total Negocios, administración y derecho";"Hombres";"Evaluacion"
"2016-2017";"85.66";"Total Negocios, administración y derecho";"Hombres";"Evaluacion"
"2015-2016";"83.82";"Total Negocios, administración y derecho";"Hombres";"Evaluacion"
"2022-2023";"86.18";"Administración y gestión de empresas";"Hombres";"Evaluacion"
"2021-2022";"85.66";"Administración y gestión de empresas";"Hombres";"Evaluacion"
"2020-2021";"87.22";"Administración y gestión de empresas";"Hombres";"Evaluacion"
"2019-2020";"88.51";"Administración y gestión de empresas";"Hombres";"Evaluacion"
"2018-2019";"82.59";"Administración y gestión de empresas";"Hombres";"Evaluacion"
"2017-2018";"82.29";"Administración y gestión de empresas";"Hombres";"Evaluacion"
"2016-2017";"84.11";"Administración y gestión de empresas";"Hombres";"Evaluacion"
"2015-2016";"81.93";"Administración y gestión de empresas";"Hombres";"Evaluacion"
"2022-2023";"..";"Otra Educación comercial y empresarial";"Hombres";"Evaluacion"
"2021-2022";"..";"Otra Educación comercial y empresarial";"Hombres";"Evaluacion"
"2020-2021";"..";"Otra Educación comercial y empresarial";"Hombres";"Evaluacion"
"2019-2020";"..";"Otra Educación comercial y empresarial";"Hombres";"Evaluacion"
"2018-2019";"..";"Otra Educación comercial y empresarial";"Hombres";"Evaluacion"
"2017-2018";"..";"Otra Educación comercial y empresarial";"Hombres";"Evaluacion"
"2016-2017";"..";"Otra Educación comercial y empresarial";"Hombres";"Evaluacion"
"2015-2016";"..";"Otra Educación comercial y empresarial";"Hombres";"Evaluacion"
"2022-2023";"86.16";"Derecho";"Hombres";"Evaluacion"
"2021-2022";"87.24";"Derecho";"Hombres";"Evaluacion"
"2020-2021";"85.04";"Derecho";"Hombres";"Evaluacion"
"2019-2020";"90.73";"Derecho";"Hombres";"Evaluacion"
"2018-2019";"89.01";"Derecho";"Hombres";"Evaluacion"
"2017-2018";"89.3";"Derecho";"Hombres";"Evaluacion"
"2016-2017";"89.31";"Derecho";"Hombres";"Evaluacion"
"2015-2016";"88.27";"Derecho";"Hombres";"Evaluacion"
"2022-2023";"90.33";"Total Ciencias";"Hombres";"Evaluacion"
"2021-2022";"86.96";"Total Ciencias";"Hombres";"Evaluacion"
"2020-2021";"88.95";"Total Ciencias";"Hombres";"Evaluacion"
"2019-2020";"91.74";"Total Ciencias";"Hombres";"Evaluacion"
"2018-2019";"89.14";"Total Ciencias";"Hombres";"Evaluacion"
"2017-2018";"86.32";"Total Ciencias";"Hombres";"Evaluacion"
"2016-2017";"88.06";"Total Ciencias";"Hombres";"Evaluacion"
"2015-2016";"88.11";"Total Ciencias";"Hombres";"Evaluacion"
"2022-2023";"90.42";"Ciencias de la vida";"Hombres";"Evaluacion"
"2021-2022";"86.46";"Ciencias de la vida";"Hombres";"Evaluacion"
"2020-2021";"89.74";"Ciencias de la vida";"Hombres";"Evaluacion"
"2019-2020";"94.2";"Ciencias de la vida";"Hombres";"Evaluacion"
"2018-2019";"92.23";"Ciencias de la vida";"Hombres";"Evaluacion"
"2017-2018";"88.87";"Ciencias de la vida";"Hombres";"Evaluacion"
"2016-2017";"89.23";"Ciencias de la vida";"Hombres";"Evaluacion"
"2015-2016";"91.4";"Ciencias de la vida";"Hombres";"Evaluacion"
"2022-2023";"85.85";"Ciencias Físicas, químicas, geológicas";"Hombres";"Evaluacion"
"2021-2022";"85.81";"Ciencias Físicas, químicas, geológicas";"Hombres";"Evaluacion"
"2020-2021";"85.8";"Ciencias Físicas, químicas, geológicas";"Hombres";"Evaluacion"
"2019-2020";"88.55";"Ciencias Físicas, químicas, geológicas";"Hombres";"Evaluacion"
"2018-2019";"84.95";"Ciencias Físicas, químicas, geológicas";"Hombres";"Evaluacion"
"2017-2018";"83.08";"Ciencias Físicas, químicas, geológicas";"Hombres";"Evaluacion"
"2016-2017";"86.6";"Ciencias Físicas, químicas, geológicas";"Hombres";"Evaluacion"
"2015-2016";"83.27";"Ciencias Físicas, químicas, geológicas";"Hombres";"Evaluacion"
"2022-2023";"93.6";"Matemáticas y Estadística";"Hombres";"Evaluacion"
"2021-2022";"88.81";"Matemáticas y Estadística";"Hombres";"Evaluacion"
"2020-2021";"91.37";"Matemáticas y Estadística";"Hombres";"Evaluacion"
"2019-2020";"91.05";"Matemáticas y Estadística";"Hombres";"Evaluacion"
"2018-2019";"..";"Matemáticas y Estadística";"Hombres";"Evaluacion"
"2017-2018";"..";"Matemáticas y Estadística";"Hombres";"Evaluacion"
"2016-2017";"..";"Matemáticas y Estadística";"Hombres";"Evaluacion"
"2015-2016";"..";"Matemáticas y Estadística";"Hombres";"Evaluacion"
"2022-2023";"85.86";"Total Informática";"Hombres";"Evaluacion"
"2021-2022";"84.3";"Total Informática";"Hombres";"Evaluacion"
"2020-2021";"84.33";"Total Informática";"Hombres";"Evaluacion"
"2019-2020";"85.85";"Total Informática";"Hombres";"Evaluacion"
"2018-2019";"81.21";"Total Informática";"Hombres";"Evaluacion"
"2017-2018";"79.85";"Total Informática";"Hombres";"Evaluacion"
"2016-2017";"76.39";"Total Informática";"Hombres";"Evaluacion"
"2015-2016";"74.98";"Total Informática";"Hombres";"Evaluacion"
"2022-2023";"85.86";"Informática";"Hombres";"Evaluacion"
"2021-2022";"84.3";"Informática";"Hombres";"Evaluacion"
"2020-2021";"84.33";"Informática";"Hombres";"Evaluacion"
"2019-2020";"85.85";"Informática";"Hombres";"Evaluacion"
"2018-2019";"81.21";"Informática";"Hombres";"Evaluacion"
"2017-2018";"79.85";"Informática";"Hombres";"Evaluacion"
"2016-2017";"76.39";"Informática";"Hombres";"Evaluacion"
"2015-2016";"74.98";"Informática";"Hombres";"Evaluacion"
"2022-2023";"75.45";"Total Ingeniería, industria y construcción";"Hombres";"Evaluacion"
"2021-2022";"71.7";"Total Ingeniería, industria y construcción";"Hombres";"Evaluacion"
"2020-2021";"71.96";"Total Ingeniería, industria y construcción";"Hombres";"Evaluacion"
"2019-2020";"75.85";"Total Ingeniería, industria y construcción";"Hombres";"Evaluacion"
"2018-2019";"70.8";"Total Ingeniería, industria y construcción";"Hombres";"Evaluacion"
"2017-2018";"69.72";"Total Ingeniería, industria y construcción";"Hombres";"Evaluacion"
"2016-2017";"70.16";"Total Ingeniería, industria y construcción";"Hombres";"Evaluacion"
"2015-2016";"73.47";"Total Ingeniería, industria y construcción";"Hombres";"Evaluacion"
"2022-2023";"78.83";"Ingenierías";"Hombres";"Evaluacion"
"2021-2022";"75.24";"Ingenierías";"Hombres";"Evaluacion"
"2020-2021";"75.85";"Ingenierías";"Hombres";"Evaluacion"
"2019-2020";"79.57";"Ingenierías";"Hombres";"Evaluacion"
"2018-2019";"73.42";"Ingenierías";"Hombres";"Evaluacion"
"2017-2018";"70.69";"Ingenierías";"Hombres";"Evaluacion"
"2016-2017";"69.84";"Ingenierías";"Hombres";"Evaluacion"
"2015-2016";"72.63";"Ingenierías";"Hombres";"Evaluacion"
"2022-2023";"69.31";"Arquitectura y construcción";"Hombres";"Evaluacion"
"2021-2022";"65.53";"Arquitectura y construcción";"Hombres";"Evaluacion"
"2020-2021";"65.74";"Arquitectura y construcción";"Hombres";"Evaluacion"
"2019-2020";"70.72";"Arquitectura y construcción";"Hombres";"Evaluacion"
"2018-2019";"67.47";"Arquitectura y construcción";"Hombres";"Evaluacion"
"2017-2018";"68.68";"Arquitectura y construcción";"Hombres";"Evaluacion"
"2016-2017";"70.47";"Arquitectura y construcción";"Hombres";"Evaluacion"
"2015-2016";"74.24";"Arquitectura y construcción";"Hombres";"Evaluacion"
"2022-2023";"..";"Total Agricultura, ganadería,  silvicultura, pesca, y veterinaria";"Hombres";"Evaluacion"
"2021-2022";"..";"Total Agricultura, ganadería,  silvicultura, pesca, y veterinaria";"Hombres";"Evaluacion"
"2020-2021";"..";"Total Agricultura, ganadería,  silvicultura, pesca, y veterinaria";"Hombres";"Evaluacion"
"2019-2020";"..";"Total Agricultura, ganadería,  silvicultura, pesca, y veterinaria";"Hombres";"Evaluacion"
"2018-2019";"..";"Total Agricultura, ganadería,  silvicultura, pesca, y veterinaria";"Hombres";"Evaluacion"
"2017-2018";"..";"Total Agricultura, ganadería,  silvicultura, pesca, y veterinaria";"Hombres";"Evaluacion"
"2016-2017";"..";"Total Agricultura, ganadería,  silvicultura, pesca, y veterinaria";"Hombres";"Evaluacion"
"2015-2016";"..";"Total Agricultura, ganadería,  silvicultura, pesca, y veterinaria";"Hombres";"Evaluacion"
"2022-2023";"..";"Agricultura, ganadería y pesca";"Hombres";"Evaluacion"
"2021-2022";"..";"Agricultura, ganadería y pesca";"Hombres";"Evaluacion"
"2020-2021";"..";"Agricultura, ganadería y pesca";"Hombres";"Evaluacion"
"2019-2020";"..";"Agricultura, ganadería y pesca";"Hombres";"Evaluacion"
"2018-2019";"..";"Agricultura, ganadería y pesca";"Hombres";"Evaluacion"
"2017-2018";"..";"Agricultura, ganadería y pesca";"Hombres";"Evaluacion"
"2016-2017";"..";"Agricultura, ganadería y pesca";"Hombres";"Evaluacion"
"2015-2016";"..";"Agricultura, ganadería y pesca";"Hombres";"Evaluacion"
"2022-2023";"..";"Veterinaria";"Hombres";"Evaluacion"
"2021-2022";"..";"Veterinaria";"Hombres";"Evaluacion"
"2020-2021";"..";"Veterinaria";"Hombres";"Evaluacion"
"2019-2020";"..";"Veterinaria";"Hombres";"Evaluacion"
"2018-2019";"..";"Veterinaria";"Hombres";"Evaluacion"
"2017-2018";"..";"Veterinaria";"Hombres";"Evaluacion"
"2016-2017";"..";"Veterinaria";"Hombres";"Evaluacion"
"2015-2016";"..";"Veterinaria";"Hombres";"Evaluacion"
"2022-2023";"94.19";"Total Salud y servicios sociales";"Hombres";"Evaluacion"
"2021-2022";"93.65";"Total Salud y servicios sociales";"Hombres";"Evaluacion"
"2020-2021";"93.55";"Total Salud y servicios sociales";"Hombres";"Evaluacion"
"2019-2020";"95.24";"Total Salud y servicios sociales";"Hombres";"Evaluacion"
"2018-2019";"91.34";"Total Salud y servicios sociales";"Hombres";"Evaluacion"
"2017-2018";"92.72";"Total Salud y servicios sociales";"Hombres";"Evaluacion"
"2016-2017";"93.09";"Total Salud y servicios sociales";"Hombres";"Evaluacion"
"2015-2016";"91.84";"Total Salud y servicios sociales";"Hombres";"Evaluacion"
"2022-2023";"..";"Medicina";"Hombres";"Evaluacion"
"2021-2022";"..";"Medicina";"Hombres";"Evaluacion"
"2020-2021";"..";"Medicina";"Hombres";"Evaluacion"
"2019-2020";"..";"Medicina";"Hombres";"Evaluacion"
"2018-2019";"..";"Medicina";"Hombres";"Evaluacion"
"2017-2018";"..";"Medicina";"Hombres";"Evaluacion"
"2016-2017";"..";"Medicina";"Hombres";"Evaluacion"
"2015-2016";"..";"Medicina";"Hombres";"Evaluacion"
"2022-2023";"97.46";"Enfermería y atención a enfermos";"Hombres";"Evaluacion"
"2021-2022";"93.98";"Enfermería y atención a enfermos";"Hombres";"Evaluacion"
"2020-2021";"92.85";"Enfermería y atención a enfermos";"Hombres";"Evaluacion"
"2019-2020";"95.81";"Enfermería y atención a enfermos";"Hombres";"Evaluacion"
"2018-2019";"92.66";"Enfermería y atención a enfermos";"Hombres";"Evaluacion"
"2017-2018";"91.16";"Enfermería y atención a enfermos";"Hombres";"Evaluacion"
"2016-2017";"95.37";"Enfermería y atención a enfermos";"Hombres";"Evaluacion"
"2015-2016";"95.57";"Enfermería y atención a enfermos";"Hombres";"Evaluacion"
"2022-2023";"93.0";"Otras ciencias de la Salud";"Hombres";"Evaluacion"
"2021-2022";"93.53";"Otras ciencias de la Salud";"Hombres";"Evaluacion"
"2020-2021";"93.76";"Otras ciencias de la Salud";"Hombres";"Evaluacion"
"2019-2020";"95.05";"Otras ciencias de la Salud";"Hombres";"Evaluacion"
"2018-2019";"90.92";"Otras ciencias de la Salud";"Hombres";"Evaluacion"
"2017-2018";"93.25";"Otras ciencias de la Salud";"Hombres";"Evaluacion"
"2016-2017";"92.31";"Otras ciencias de la Salud";"Hombres";"Evaluacion"
"2015-2016";"90.22";"Otras ciencias de la Salud";"Hombres";"Evaluacion"
"2022-2023";"..";"Trabajo social y orientación";"Hombres";"Evaluacion"
"2021-2022";"..";"Trabajo social y orientación";"Hombres";"Evaluacion"
"2020-2021";"..";"Trabajo social y orientación";"Hombres";"Evaluacion"
"2019-2020";"..";"Trabajo social y orientación";"Hombres";"Evaluacion"
"2018-2019";"..";"Trabajo social y orientación";"Hombres";"Evaluacion"
"2017-2018";"..";"Trabajo social y orientación";"Hombres";"Evaluacion"
"2016-2017";"..";"Trabajo social y orientación";"Hombres";"Evaluacion"
"2015-2016";"..";"Trabajo social y orientación";"Hombres";"Evaluacion"
"2022-2023";"86.31";"Total Servicios";"Hombres";"Evaluacion"
"2021-2022";"85.59";"Total Servicios";"Hombres";"Evaluacion"
"2020-2021";"86.96";"Total Servicios";"Hombres";"Evaluacion"
"2019-2020";"88.39";"Total Servicios";"Hombres";"Evaluacion"
"2018-2019";"82.44";"Total Servicios";"Hombres";"Evaluacion"
"2017-2018";"81.53";"Total Servicios";"Hombres";"Evaluacion"
"2016-2017";"82.69";"Total Servicios";"Hombres";"Evaluacion"
"2015-2016";"83.74";"Total Servicios";"Hombres";"Evaluacion"
"2022-2023";"91.46";"Deportes";"Hombres";"Evaluacion"
"2021-2022";"92.74";"Deportes";"Hombres";"Evaluacion"
"2020-2021";"92.78";"Deportes";"Hombres";"Evaluacion"
"2019-2020";"92.08";"Deportes";"Hombres";"Evaluacion"
"2018-2019";"86.9";"Deportes";"Hombres";"Evaluacion"
"2017-2018";"85.74";"Deportes";"Hombres";"Evaluacion"
"2016-2017";"86.22";"Deportes";"Hombres";"Evaluacion"
"2015-2016";"86.15";"Deportes";"Hombres";"Evaluacion"
"2022-2023";"81.68";"Turismo y Hostelería";"Hombres";"Evaluacion"
"2021-2022";"83.65";"Turismo y Hostelería";"Hombres";"Evaluacion"
"2020-2021";"87.58";"Turismo y Hostelería";"Hombres";"Evaluacion"
"2019-2020";"92.38";"Turismo y Hostelería";"Hombres";"Evaluacion"
"2018-2019";"85.46";"Turismo y Hostelería";"Hombres";"Evaluacion"
"2017-2018";"77.25";"Turismo y Hostelería";"Hombres";"Evaluacion"
"2016-2017";"82.3";"Turismo y Hostelería";"Hombres";"Evaluacion"
"2015-2016";"77.68";"Turismo y Hostelería";"Hombres";"Evaluacion"
"2022-2023";"76.22";"Otros Servicios";"Hombres";"Evaluacion"
"2021-2022";"70.13";"Otros Servicios";"Hombres";"Evaluacion"
"2020-2021";"72.44";"Otros Servicios";"Hombres";"Evaluacion"
"2019-2020";"77.48";"Otros Servicios";"Hombres";"Evaluacion"
"2018-2019";"70.01";"Otros Servicios";"Hombres";"Evaluacion"
"2017-2018";"71.09";"Otros Servicios";"Hombres";"Evaluacion"
"2016-2017";"72.74";"Otros Servicios";"Hombres";"Evaluacion"
"2015-2016";"78.72";"Otros Servicios";"Hombres";"Evaluacion"
"2022-2023";"???";"A Coruña";"Mujeres";"Rendimiento"
"2021-2022";"???";"A Coruña";"Mujeres";"Rendimiento"
"2020-2021";"???";"A Coruña";"Mujeres";"Rendimiento"
"2019-2020";"???";"A Coruña";"Mujeres";"Rendimiento"
"2018-2019";"???";"A Coruña";"Mujeres";"Rendimiento"
"2017-2018";"???";"A Coruña";"Mujeres";"Rendimiento"
"2016-2017";"???";"A Coruña";"Mujeres";"Rendimiento"
"2015-2016";"???";"A Coruña";"Mujeres";"Rendimiento"
"2022-2023";"80.31";"Todos los ámbitos";"Mujeres";"Rendimiento"
"2021-2022";"79.52";"Todos los ámbitos";"Mujeres";"Rendimiento"
"2020-2021";"81.81";"Todos los ámbitos";"Mujeres";"Rendimiento"
"2019-2020";"86.49";"Todos los ámbitos";"Mujeres";"Rendimiento"
"2018-2019";"79.38";"Todos los ámbitos";"Mujeres";"Rendimiento"
"2017-2018";"78.41";"Todos los ámbitos";"Mujeres";"Rendimiento"
"2016-2017";"78.29";"Todos los ámbitos";"Mujeres";"Rendimiento"
"2015-2016";"78.77";"Todos los ámbitos";"Mujeres";"Rendimiento"
"2022-2023";"93.13";"Total Educación";"Mujeres";"Rendimiento"
"2021-2022";"93.2";"Total Educación";"Mujeres";"Rendimiento"
"2020-2021";"94.97";"Total Educación";"Mujeres";"Rendimiento"
"2019-2020";"94.55";"Total Educación";"Mujeres";"Rendimiento"
"2018-2019";"91.47";"Total Educación";"Mujeres";"Rendimiento"
"2017-2018";"91.48";"Total Educación";"Mujeres";"Rendimiento"
"2016-2017";"91.44";"Total Educación";"Mujeres";"Rendimiento"
"2015-2016";"91.13";"Total Educación";"Mujeres";"Rendimiento"
"2022-2023";"95.8";"Formación de docentes de enseñanza infantil";"Mujeres";"Rendimiento"
"2021-2022";"95.26";"Formación de docentes de enseñanza infantil";"Mujeres";"Rendimiento"
"2020-2021";"96.58";"Formación de docentes de enseñanza infantil";"Mujeres";"Rendimiento"
"2019-2020";"95.82";"Formación de docentes de enseñanza infantil";"Mujeres";"Rendimiento"
"2018-2019";"92.85";"Formación de docentes de enseñanza infantil";"Mujeres";"Rendimiento"
"2017-2018";"93.17";"Formación de docentes de enseñanza infantil";"Mujeres";"Rendimiento"
"2016-2017";"94.23";"Formación de docentes de enseñanza infantil";"Mujeres";"Rendimiento"
"2015-2016";"94.25";"Formación de docentes de enseñanza infantil";"Mujeres";"Rendimiento"
"2022-2023";"93.17";"Formación de docentes de enseñanza primaria";"Mujeres";"Rendimiento"
"2021-2022";"94.54";"Formación de docentes de enseñanza primaria";"Mujeres";"Rendimiento"
"2020-2021";"95.74";"Formación de docentes de enseñanza primaria";"Mujeres";"Rendimiento"
"2019-2020";"93.76";"Formación de docentes de enseñanza primaria";"Mujeres";"Rendimiento"
"2018-2019";"90.99";"Formación de docentes de enseñanza primaria";"Mujeres";"Rendimiento"
"2017-2018";"90.18";"Formación de docentes de enseñanza primaria";"Mujeres";"Rendimiento"
"2016-2017";"91.18";"Formación de docentes de enseñanza primaria";"Mujeres";"Rendimiento"
"2015-2016";"91.04";"Formación de docentes de enseñanza primaria";"Mujeres";"Rendimiento"
"2022-2023";"89.02";"Otra Formación de personal docente y ciencias de la educación";"Mujeres";"Rendimiento"
"2021-2022";"88.1";"Otra Formación de personal docente y ciencias de la educación";"Mujeres";"Rendimiento"
"2020-2021";"91.13";"Otra Formación de personal docente y ciencias de la educación";"Mujeres";"Rendimiento"
"2019-2020";"93.43";"Otra Formación de personal docente y ciencias de la educación";"Mujeres";"Rendimiento"
"2018-2019";"89.89";"Otra Formación de personal docente y ciencias de la educación";"Mujeres";"Rendimiento"
"2017-2018";"90.48";"Otra Formación de personal docente y ciencias de la educación";"Mujeres";"Rendimiento"
"2016-2017";"87.35";"Otra Formación de personal docente y ciencias de la educación";"Mujeres";"Rendimiento"
"2015-2016";"86.01";"Otra Formación de personal docente y ciencias de la educación";"Mujeres";"Rendimiento"
"2022-2023";"79.67";"Total Artes y humanidades";"Mujeres";"Rendimiento"
"2021-2022";"75.5";"Total Artes y humanidades";"Mujeres";"Rendimiento"
"2020-2021";"78.79";"Total Artes y humanidades";"Mujeres";"Rendimiento"
"2019-2020";"85.57";"Total Artes y humanidades";"Mujeres";"Rendimiento"
"2018-2019";"79.97";"Total Artes y humanidades";"Mujeres";"Rendimiento"
"2017-2018";"73.16";"Total Artes y humanidades";"Mujeres";"Rendimiento"
"2016-2017";"76.49";"Total Artes y humanidades";"Mujeres";"Rendimiento"
"2015-2016";"75.69";"Total Artes y humanidades";"Mujeres";"Rendimiento"
"2022-2023";"89.61";"Técnicas audiovisuales y medios de comunicación";"Mujeres";"Rendimiento"
"2021-2022";"89.61";"Técnicas audiovisuales y medios de comunicación";"Mujeres";"Rendimiento"
"2020-2021";"91.23";"Técnicas audiovisuales y medios de comunicación";"Mujeres";"Rendimiento"
"2019-2020";"91.01";"Técnicas audiovisuales y medios de comunicación";"Mujeres";"Rendimiento"
"2018-2019";"91.41";"Técnicas audiovisuales y medios de comunicación";"Mujeres";"Rendimiento"
"2017-2018";"84.36";"Técnicas audiovisuales y medios de comunicación";"Mujeres";"Rendimiento"
"2016-2017";"86.22";"Técnicas audiovisuales y medios de comunicación";"Mujeres";"Rendimiento"
"2015-2016";"86.15";"Técnicas audiovisuales y medios de comunicación";"Mujeres";"Rendimiento"
"2022-2023";"..";"Artes";"Mujeres";"Rendimiento"
"2021-2022";"..";"Artes";"Mujeres";"Rendimiento"
"2020-2021";"..";"Artes";"Mujeres";"Rendimiento"
"2019-2020";"..";"Artes";"Mujeres";"Rendimiento"
"2018-2019";"..";"Artes";"Mujeres";"Rendimiento"
"2017-2018";"..";"Artes";"Mujeres";"Rendimiento"
"2016-2017";"..";"Artes";"Mujeres";"Rendimiento"
"2015-2016";"..";"Artes";"Mujeres";"Rendimiento"
"2022-2023";"72.83";"Lenguas";"Mujeres";"Rendimiento"
"2021-2022";"66.57";"Lenguas";"Mujeres";"Rendimiento"
"2020-2021";"71.71";"Lenguas";"Mujeres";"Rendimiento"
"2019-2020";"82.48";"Lenguas";"Mujeres";"Rendimiento"
"2018-2019";"74.28";"Lenguas";"Mujeres";"Rendimiento"
"2017-2018";"67.4";"Lenguas";"Mujeres";"Rendimiento"
"2016-2017";"70.54";"Lenguas";"Mujeres";"Rendimiento"
"2015-2016";"69.03";"Lenguas";"Mujeres";"Rendimiento"
"2022-2023";"..";"Humanidades";"Mujeres";"Rendimiento"
"2021-2022";"..";"Humanidades";"Mujeres";"Rendimiento"
"2020-2021";"..";"Humanidades";"Mujeres";"Rendimiento"
"2019-2020";"..";"Humanidades";"Mujeres";"Rendimiento"
"2018-2019";"..";"Humanidades";"Mujeres";"Rendimiento"
"2017-2018";"78.42";"Humanidades";"Mujeres";"Rendimiento"
"2016-2017";"91.1";"Humanidades";"Mujeres";"Rendimiento"
"2015-2016";"86.82";"Humanidades";"Mujeres";"Rendimiento"
"2022-2023";"75.31";"Total Ciencias sociales, periodismo y documentación";"Mujeres";"Rendimiento"
"2021-2022";"76.39";"Total Ciencias sociales, periodismo y documentación";"Mujeres";"Rendimiento"
"2020-2021";"76.83";"Total Ciencias sociales, periodismo y documentación";"Mujeres";"Rendimiento"
"2019-2020";"81.81";"Total Ciencias sociales, periodismo y documentación";"Mujeres";"Rendimiento"
"2018-2019";"69.72";"Total Ciencias sociales, periodismo y documentación";"Mujeres";"Rendimiento"
"2017-2018";"70.18";"Total Ciencias sociales, periodismo y documentación";"Mujeres";"Rendimiento"
"2016-2017";"72.12";"Total Ciencias sociales, periodismo y documentación";"Mujeres";"Rendimiento"
"2015-2016";"71.31";"Total Ciencias sociales, periodismo y documentación";"Mujeres";"Rendimiento"
"2022-2023";"..";"Psicología";"Mujeres";"Rendimiento"
"2021-2022";"..";"Psicología";"Mujeres";"Rendimiento"
"2020-2021";"..";"Psicología";"Mujeres";"Rendimiento"
"2019-2020";"..";"Psicología";"Mujeres";"Rendimiento"
"2018-2019";"..";"Psicología";"Mujeres";"Rendimiento"
"2017-2018";"..";"Psicología";"Mujeres";"Rendimiento"
"2016-2017";"..";"Psicología";"Mujeres";"Rendimiento"
"2015-2016";"..";"Psicología";"Mujeres";"Rendimiento"
"2022-2023";"65.51";"Economía";"Mujeres";"Rendimiento"
"2021-2022";"62.85";"Economía";"Mujeres";"Rendimiento"
"2020-2021";"67.07";"Economía";"Mujeres";"Rendimiento"
"2019-2020";"75.22";"Economía";"Mujeres";"Rendimiento"
"2018-2019";"63.5";"Economía";"Mujeres";"Rendimiento"
"2017-2018";"63.94";"Economía";"Mujeres";"Rendimiento"
"2016-2017";"65.05";"Economía";"Mujeres";"Rendimiento"
"2015-2016";"68.77";"Economía";"Mujeres";"Rendimiento"
"2022-2023";"79.69";"Otras Ciencias sociales y del comportamiento";"Mujeres";"Rendimiento"
"2021-2022";"83.31";"Otras Ciencias sociales y del comportamiento";"Mujeres";"Rendimiento"
"2020-2021";"84.68";"Otras Ciencias sociales y del comportamiento";"Mujeres";"Rendimiento"
"2019-2020";"85.43";"Otras Ciencias sociales y del comportamiento";"Mujeres";"Rendimiento"
"2018-2019";"74.27";"Otras Ciencias sociales y del comportamiento";"Mujeres";"Rendimiento"
"2017-2018";"75.43";"Otras Ciencias sociales y del comportamiento";"Mujeres";"Rendimiento"
"2016-2017";"78.85";"Otras Ciencias sociales y del comportamiento";"Mujeres";"Rendimiento"
"2015-2016";"73.96";"Otras Ciencias sociales y del comportamiento";"Mujeres";"Rendimiento"
"2022-2023";"84.8";"Periodismo e información";"Mujeres";"Rendimiento"
"2021-2022";"85.53";"Periodismo e información";"Mujeres";"Rendimiento"
"2020-2021";"67.92";"Periodismo e información";"Mujeres";"Rendimiento"
"2019-2020";"..";"Periodismo e información";"Mujeres";"Rendimiento"
"2018-2019";"..";"Periodismo e información";"Mujeres";"Rendimiento"
"2017-2018";"..";"Periodismo e información";"Mujeres";"Rendimiento"
"2016-2017";"..";"Periodismo e información";"Mujeres";"Rendimiento"
"2015-2016";"70.18";"Periodismo e información";"Mujeres";"Rendimiento"
"2022-2023";"75.54";"Total Negocios, administración y derecho";"Mujeres";"Rendimiento"
"2021-2022";"75.67";"Total Negocios, administración y derecho";"Mujeres";"Rendimiento"
"2020-2021";"79.06";"Total Negocios, administración y derecho";"Mujeres";"Rendimiento"
"2019-2020";"84.04";"Total Negocios, administración y derecho";"Mujeres";"Rendimiento"
"2018-2019";"75.59";"Total Negocios, administración y derecho";"Mujeres";"Rendimiento"
"2017-2018";"74.59";"Total Negocios, administración y derecho";"Mujeres";"Rendimiento"
"2016-2017";"75.94";"Total Negocios, administración y derecho";"Mujeres";"Rendimiento"
"2015-2016";"75.4";"Total Negocios, administración y derecho";"Mujeres";"Rendimiento"
"2022-2023";"75.84";"Administración y gestión de empresas";"Mujeres";"Rendimiento"
"2021-2022";"74.79";"Administración y gestión de empresas";"Mujeres";"Rendimiento"
"2020-2021";"78.6";"Administración y gestión de empresas";"Mujeres";"Rendimiento"
"2019-2020";"82.6";"Administración y gestión de empresas";"Mujeres";"Rendimiento"
"2018-2019";"69.24";"Administración y gestión de empresas";"Mujeres";"Rendimiento"
"2017-2018";"69.17";"Administración y gestión de empresas";"Mujeres";"Rendimiento"
"2016-2017";"71.94";"Administración y gestión de empresas";"Mujeres";"Rendimiento"
"2015-2016";"71.49";"Administración y gestión de empresas";"Mujeres";"Rendimiento"
"2022-2023";"..";"Otra Educación comercial y empresarial";"Mujeres";"Rendimiento"
"2021-2022";"..";"Otra Educación comercial y empresarial";"Mujeres";"Rendimiento"
"2020-2021";"..";"Otra Educación comercial y empresarial";"Mujeres";"Rendimiento"
"2019-2020";"..";"Otra Educación comercial y empresarial";"Mujeres";"Rendimiento"
"2018-2019";"..";"Otra Educación comercial y empresarial";"Mujeres";"Rendimiento"
"2017-2018";"..";"Otra Educación comercial y empresarial";"Mujeres";"Rendimiento"
"2016-2017";"..";"Otra Educación comercial y empresarial";"Mujeres";"Rendimiento"
"2015-2016";"..";"Otra Educación comercial y empresarial";"Mujeres";"Rendimiento"
"2022-2023";"74.83";"Derecho";"Mujeres";"Rendimiento"
"2021-2022";"77.94";"Derecho";"Mujeres";"Rendimiento"
"2020-2021";"80.21";"Derecho";"Mujeres";"Rendimiento"
"2019-2020";"87.7";"Derecho";"Mujeres";"Rendimiento"
"2018-2019";"83.35";"Derecho";"Mujeres";"Rendimiento"
"2017-2018";"81.8";"Derecho";"Mujeres";"Rendimiento"
"2016-2017";"81.3";"Derecho";"Mujeres";"Rendimiento"
"2015-2016";"80.85";"Derecho";"Mujeres";"Rendimiento"
"2022-2023";"70.1";"Total Ciencias";"Mujeres";"Rendimiento"
"2021-2022";"70.61";"Total Ciencias";"Mujeres";"Rendimiento"
"2020-2021";"70.21";"Total Ciencias";"Mujeres";"Rendimiento"
"2019-2020";"83.89";"Total Ciencias";"Mujeres";"Rendimiento"
"2018-2019";"70.04";"Total Ciencias";"Mujeres";"Rendimiento"
"2017-2018";"70.08";"Total Ciencias";"Mujeres";"Rendimiento"
"2016-2017";"68.25";"Total Ciencias";"Mujeres";"Rendimiento"
"2015-2016";"71.83";"Total Ciencias";"Mujeres";"Rendimiento"
"2022-2023";"72.72";"Ciencias de la vida";"Mujeres";"Rendimiento"
"2021-2022";"72.93";"Ciencias de la vida";"Mujeres";"Rendimiento"
"2020-2021";"77.3";"Ciencias de la vida";"Mujeres";"Rendimiento"
"2019-2020";"89.39";"Ciencias de la vida";"Mujeres";"Rendimiento"
"2018-2019";"77.04";"Ciencias de la vida";"Mujeres";"Rendimiento"
"2017-2018";"76.02";"Ciencias de la vida";"Mujeres";"Rendimiento"
"2016-2017";"73.56";"Ciencias de la vida";"Mujeres";"Rendimiento"
"2015-2016";"75.11";"Ciencias de la vida";"Mujeres";"Rendimiento"
"2022-2023";"55.44";"Ciencias Físicas, químicas, geológicas";"Mujeres";"Rendimiento"
"2021-2022";"58.79";"Ciencias Físicas, químicas, geológicas";"Mujeres";"Rendimiento"
"2020-2021";"52.44";"Ciencias Físicas, químicas, geológicas";"Mujeres";"Rendimiento"
"2019-2020";"72.82";"Ciencias Físicas, químicas, geológicas";"Mujeres";"Rendimiento"
"2018-2019";"56.83";"Ciencias Físicas, químicas, geológicas";"Mujeres";"Rendimiento"
"2017-2018";"58.66";"Ciencias Físicas, químicas, geológicas";"Mujeres";"Rendimiento"
"2016-2017";"59.04";"Ciencias Físicas, químicas, geológicas";"Mujeres";"Rendimiento"
"2015-2016";"65.36";"Ciencias Físicas, químicas, geológicas";"Mujeres";"Rendimiento"
"2022-2023";"84.78";"Matemáticas y Estadística";"Mujeres";"Rendimiento"
"2021-2022";"86.12";"Matemáticas y Estadística";"Mujeres";"Rendimiento"
"2020-2021";"86.27";"Matemáticas y Estadística";"Mujeres";"Rendimiento"
"2019-2020";"..";"Matemáticas y Estadística";"Mujeres";"Rendimiento"
"2018-2019";"..";"Matemáticas y Estadística";"Mujeres";"Rendimiento"
"2017-2018";"..";"Matemáticas y Estadística";"Mujeres";"Rendimiento"
"2016-2017";"..";"Matemáticas y Estadística";"Mujeres";"Rendimiento"
"2015-2016";"..";"Matemáticas y Estadística";"Mujeres";"Rendimiento"
"2022-2023";"67.25";"Total Informática";"Mujeres";"Rendimiento"
"2021-2022";"62.69";"Total Informática";"Mujeres";"Rendimiento"
"2020-2021";"64.6";"Total Informática";"Mujeres";"Rendimiento"
"2019-2020";"78.73";"Total Informática";"Mujeres";"Rendimiento"
"2018-2019";"64.47";"Total Informática";"Mujeres";"Rendimiento"
"2017-2018";"65.86";"Total Informática";"Mujeres";"Rendimiento"
"2016-2017";"64.07";"Total Informática";"Mujeres";"Rendimiento"
"2015-2016";"64.42";"Total Informática";"Mujeres";"Rendimiento"
"2022-2023";"67.25";"Informática";"Mujeres";"Rendimiento"
"2021-2022";"62.69";"Informática";"Mujeres";"Rendimiento"
"2020-2021";"64.6";"Informática";"Mujeres";"Rendimiento"
"2019-2020";"78.73";"Informática";"Mujeres";"Rendimiento"
"2018-2019";"64.47";"Informática";"Mujeres";"Rendimiento"
"2017-2018";"65.86";"Informática";"Mujeres";"Rendimiento"
"2016-2017";"64.07";"Informática";"Mujeres";"Rendimiento"
"2015-2016";"64.42";"Informática";"Mujeres";"Rendimiento"
"2022-2023";"69.98";"Total Ingeniería, industria y construcción";"Mujeres";"Rendimiento"
"2021-2022";"69.03";"Total Ingeniería, industria y construcción";"Mujeres";"Rendimiento"
"2020-2021";"68.59";"Total Ingeniería, industria y construcción";"Mujeres";"Rendimiento"
"2019-2020";"73.87";"Total Ingeniería, industria y construcción";"Mujeres";"Rendimiento"
"2018-2019";"64.44";"Total Ingeniería, industria y construcción";"Mujeres";"Rendimiento"
"2017-2018";"64.0";"Total Ingeniería, industria y construcción";"Mujeres";"Rendimiento"
"2016-2017";"61.95";"Total Ingeniería, industria y construcción";"Mujeres";"Rendimiento"
"2015-2016";"65.8";"Total Ingeniería, industria y construcción";"Mujeres";"Rendimiento"
"2022-2023";"79.25";"Ingenierías";"Mujeres";"Rendimiento"
"2021-2022";"79.62";"Ingenierías";"Mujeres";"Rendimiento"
"2020-2021";"80.61";"Ingenierías";"Mujeres";"Rendimiento"
"2019-2020";"84.41";"Ingenierías";"Mujeres";"Rendimiento"
"2018-2019";"73.83";"Ingenierías";"Mujeres";"Rendimiento"
"2017-2018";"71.41";"Ingenierías";"Mujeres";"Rendimiento"
"2016-2017";"66.99";"Ingenierías";"Mujeres";"Rendimiento"
"2015-2016";"69.3";"Ingenierías";"Mujeres";"Rendimiento"
"2022-2023";"59.02";"Arquitectura y construcción";"Mujeres";"Rendimiento"
"2021-2022";"56.12";"Arquitectura y construcción";"Mujeres";"Rendimiento"
"2020-2021";"55.92";"Arquitectura y construcción";"Mujeres";"Rendimiento"
"2019-2020";"65.1";"Arquitectura y construcción";"Mujeres";"Rendimiento"
"2018-2019";"58.24";"Arquitectura y construcción";"Mujeres";"Rendimiento"
"2017-2018";"60.3";"Arquitectura y construcción";"Mujeres";"Rendimiento"
"2016-2017";"59.78";"Arquitectura y construcción";"Mujeres";"Rendimiento"
"2015-2016";"64.49";"Arquitectura y construcción";"Mujeres";"Rendimiento"
"2022-2023";"..";"Total Agricultura, ganadería,  silvicultura, pesca, y veterinaria";"Mujeres";"Rendimiento"
"2021-2022";"..";"Total Agricultura, ganadería,  silvicultura, pesca, y veterinaria";"Mujeres";"Rendimiento"
"2020-2021";"..";"Total Agricultura, ganadería,  silvicultura, pesca, y veterinaria";"Mujeres";"Rendimiento"
"2019-2020";"..";"Total Agricultura, ganadería,  silvicultura, pesca, y veterinaria";"Mujeres";"Rendimiento"
"2018-2019";"..";"Total Agricultura, ganadería,  silvicultura, pesca, y veterinaria";"Mujeres";"Rendimiento"
"2017-2018";"..";"Total Agricultura, ganadería,  silvicultura, pesca, y veterinaria";"Mujeres";"Rendimiento"
"2016-2017";"..";"Total Agricultura, ganadería,  silvicultura, pesca, y veterinaria";"Mujeres";"Rendimiento"
"2015-2016";"..";"Total Agricultura, ganadería,  silvicultura, pesca, y veterinaria";"Mujeres";"Rendimiento"
"2022-2023";"..";"Agricultura, ganadería y pesca";"Mujeres";"Rendimiento"
"2021-2022";"..";"Agricultura, ganadería y pesca";"Mujeres";"Rendimiento"
"2020-2021";"..";"Agricultura, ganadería y pesca";"Mujeres";"Rendimiento"
"2019-2020";"..";"Agricultura, ganadería y pesca";"Mujeres";"Rendimiento"
"2018-2019";"..";"Agricultura, ganadería y pesca";"Mujeres";"Rendimiento"
"2017-2018";"..";"Agricultura, ganadería y pesca";"Mujeres";"Rendimiento"
"2016-2017";"..";"Agricultura, ganadería y pesca";"Mujeres";"Rendimiento"
"2015-2016";"..";"Agricultura, ganadería y pesca";"Mujeres";"Rendimiento"
"2022-2023";"..";"Veterinaria";"Mujeres";"Rendimiento"
"2021-2022";"..";"Veterinaria";"Mujeres";"Rendimiento"
"2020-2021";"..";"Veterinaria";"Mujeres";"Rendimiento"
"2019-2020";"..";"Veterinaria";"Mujeres";"Rendimiento"
"2018-2019";"..";"Veterinaria";"Mujeres";"Rendimiento"
"2017-2018";"..";"Veterinaria";"Mujeres";"Rendimiento"
"2016-2017";"..";"Veterinaria";"Mujeres";"Rendimiento"
"2015-2016";"..";"Veterinaria";"Mujeres";"Rendimiento"
"2022-2023";"91.94";"Total Salud y servicios sociales";"Mujeres";"Rendimiento"
"2021-2022";"90.46";"Total Salud y servicios sociales";"Mujeres";"Rendimiento"
"2020-2021";"93.32";"Total Salud y servicios sociales";"Mujeres";"Rendimiento"
"2019-2020";"95.51";"Total Salud y servicios sociales";"Mujeres";"Rendimiento"
"2018-2019";"92.35";"Total Salud y servicios sociales";"Mujeres";"Rendimiento"
"2017-2018";"92.85";"Total Salud y servicios sociales";"Mujeres";"Rendimiento"
"2016-2017";"92.94";"Total Salud y servicios sociales";"Mujeres";"Rendimiento"
"2015-2016";"92.6";"Total Salud y servicios sociales";"Mujeres";"Rendimiento"
"2022-2023";"..";"Medicina";"Mujeres";"Rendimiento"
"2021-2022";"..";"Medicina";"Mujeres";"Rendimiento"
"2020-2021";"..";"Medicina";"Mujeres";"Rendimiento"
"2019-2020";"..";"Medicina";"Mujeres";"Rendimiento"
"2018-2019";"..";"Medicina";"Mujeres";"Rendimiento"
"2017-2018";"..";"Medicina";"Mujeres";"Rendimiento"
"2016-2017";"..";"Medicina";"Mujeres";"Rendimiento"
"2015-2016";"..";"Medicina";"Mujeres";"Rendimiento"
"2022-2023";"94.46";"Enfermería y atención a enfermos";"Mujeres";"Rendimiento"
"2021-2022";"91.62";"Enfermería y atención a enfermos";"Mujeres";"Rendimiento"
"2020-2021";"94.01";"Enfermería y atención a enfermos";"Mujeres";"Rendimiento"
"2019-2020";"95.9";"Enfermería y atención a enfermos";"Mujeres";"Rendimiento"
"2018-2019";"93.44";"Enfermería y atención a enfermos";"Mujeres";"Rendimiento"
"2017-2018";"94.24";"Enfermería y atención a enfermos";"Mujeres";"Rendimiento"
"2016-2017";"94.59";"Enfermería y atención a enfermos";"Mujeres";"Rendimiento"
"2015-2016";"94.21";"Enfermería y atención a enfermos";"Mujeres";"Rendimiento"
"2022-2023";"90.32";"Otras ciencias de la Salud";"Mujeres";"Rendimiento"
"2021-2022";"89.73";"Otras ciencias de la Salud";"Mujeres";"Rendimiento"
"2020-2021";"92.88";"Otras ciencias de la Salud";"Mujeres";"Rendimiento"
"2019-2020";"95.29";"Otras ciencias de la Salud";"Mujeres";"Rendimiento"
"2018-2019";"91.68";"Otras ciencias de la Salud";"Mujeres";"Rendimiento"
"2017-2018";"92.03";"Otras ciencias de la Salud";"Mujeres";"Rendimiento"
"2016-2017";"91.96";"Otras ciencias de la Salud";"Mujeres";"Rendimiento"
"2015-2016";"91.62";"Otras ciencias de la Salud";"Mujeres";"Rendimiento"
"2022-2023";"..";"Trabajo social y orientación";"Mujeres";"Rendimiento"
"2021-2022";"..";"Trabajo social y orientación";"Mujeres";"Rendimiento"
"2020-2021";"..";"Trabajo social y orientación";"Mujeres";"Rendimiento"
"2019-2020";"..";"Trabajo social y orientación";"Mujeres";"Rendimiento"
"2018-2019";"..";"Trabajo social y orientación";"Mujeres";"Rendimiento"
"2017-2018";"..";"Trabajo social y orientación";"Mujeres";"Rendimiento"
"2016-2017";"..";"Trabajo social y orientación";"Mujeres";"Rendimiento"
"2015-2016";"..";"Trabajo social y orientación";"Mujeres";"Rendimiento"
"2022-2023";"80.3";"Total Servicios";"Mujeres";"Rendimiento"
"2021-2022";"78.91";"Total Servicios";"Mujeres";"Rendimiento"
"2020-2021";"85.01";"Total Servicios";"Mujeres";"Rendimiento"
"2019-2020";"90.19";"Total Servicios";"Mujeres";"Rendimiento"
"2018-2019";"81.06";"Total Servicios";"Mujeres";"Rendimiento"
"2017-2018";"78.38";"Total Servicios";"Mujeres";"Rendimiento"
"2016-2017";"76.87";"Total Servicios";"Mujeres";"Rendimiento"
"2015-2016";"78.94";"Total Servicios";"Mujeres";"Rendimiento"
"2022-2023";"89.83";"Deportes";"Mujeres";"Rendimiento"
"2021-2022";"88.75";"Deportes";"Mujeres";"Rendimiento"
"2020-2021";"92.8";"Deportes";"Mujeres";"Rendimiento"
"2019-2020";"94.28";"Deportes";"Mujeres";"Rendimiento"
"2018-2019";"87.42";"Deportes";"Mujeres";"Rendimiento"
"2017-2018";"82.73";"Deportes";"Mujeres";"Rendimiento"
"2016-2017";"80.0";"Deportes";"Mujeres";"Rendimiento"
"2015-2016";"81.57";"Deportes";"Mujeres";"Rendimiento"
"2022-2023";"77.11";"Turismo y Hostelería";"Mujeres";"Rendimiento"
"2021-2022";"73.98";"Turismo y Hostelería";"Mujeres";"Rendimiento"
"2020-2021";"81.95";"Turismo y Hostelería";"Mujeres";"Rendimiento"
"2019-2020";"92.57";"Turismo y Hostelería";"Mujeres";"Rendimiento"
"2018-2019";"81.42";"Turismo y Hostelería";"Mujeres";"Rendimiento"
"2017-2018";"77.85";"Turismo y Hostelería";"Mujeres";"Rendimiento"
"2016-2017";"77.25";"Turismo y Hostelería";"Mujeres";"Rendimiento"
"2015-2016";"78.58";"Turismo y Hostelería";"Mujeres";"Rendimiento"
"2022-2023";"63.03";"Otros Servicios";"Mujeres";"Rendimiento"
"2021-2022";"64.45";"Otros Servicios";"Mujeres";"Rendimiento"
"2020-2021";"68.38";"Otros Servicios";"Mujeres";"Rendimiento"
"2019-2020";"72.3";"Otros Servicios";"Mujeres";"Rendimiento"
"2018-2019";"63.0";"Otros Servicios";"Mujeres";"Rendimiento"
"2017-2018";"68.29";"Otros Servicios";"Mujeres";"Rendimiento"
"2016-2017";"67.77";"Otros Servicios";"Mujeres";"Rendimiento"
"2015-2016";"71.73";"Otros Servicios";"Mujeres";"Rendimiento"
"2022-2023";"???";"A Coruña";"Mujeres";"Exito"
"2021-2022";"???";"A Coruña";"Mujeres";"Exito"
"2020-2021";"???";"A Coruña";"Mujeres";"Exito"
"2019-2020";"???";"A Coruña";"Mujeres";"Exito"
"2018-2019";"???";"A Coruña";"Mujeres";"Exito"
"2017-2018";"???";"A Coruña";"Mujeres";"Exito"
"2016-2017";"???";"A Coruña";"Mujeres";"Exito"
"2015-2016";"???";"A Coruña";"Mujeres";"Exito"
"2022-2023";"87.65";"Todos los ámbitos";"Mujeres";"Exito"
"2021-2022";"87.59";"Todos los ámbitos";"Mujeres";"Exito"
"2020-2021";"89.56";"Todos los ámbitos";"Mujeres";"Exito"
"2019-2020";"93.64";"Todos los ámbitos";"Mujeres";"Exito"
"2018-2019";"88.43";"Todos los ámbitos";"Mujeres";"Exito"
"2017-2018";"87.89";"Todos los ámbitos";"Mujeres";"Exito"
"2016-2017";"87.49";"Todos los ámbitos";"Mujeres";"Exito"
"2015-2016";"87.47";"Todos los ámbitos";"Mujeres";"Exito"
"2022-2023";"96.43";"Total Educación";"Mujeres";"Exito"
"2021-2022";"96.1";"Total Educación";"Mujeres";"Exito"
"2020-2021";"97.84";"Total Educación";"Mujeres";"Exito"
"2019-2020";"97.95";"Total Educación";"Mujeres";"Exito"
"2018-2019";"95.9";"Total Educación";"Mujeres";"Exito"
"2017-2018";"95.83";"Total Educación";"Mujeres";"Exito"
"2016-2017";"96.01";"Total Educación";"Mujeres";"Exito"
"2015-2016";"95.13";"Total Educación";"Mujeres";"Exito"
"2022-2023";"98.07";"Formación de docentes de enseñanza infantil";"Mujeres";"Exito"
"2021-2022";"97.8";"Formación de docentes de enseñanza infantil";"Mujeres";"Exito"
"2020-2021";"98.73";"Formación de docentes de enseñanza infantil";"Mujeres";"Exito"
"2019-2020";"98.45";"Formación de docentes de enseñanza infantil";"Mujeres";"Exito"
"2018-2019";"96.84";"Formación de docentes de enseñanza infantil";"Mujeres";"Exito"
"2017-2018";"97.02";"Formación de docentes de enseñanza infantil";"Mujeres";"Exito"
"2016-2017";"97.44";"Formación de docentes de enseñanza infantil";"Mujeres";"Exito"
"2015-2016";"97.0";"Formación de docentes de enseñanza infantil";"Mujeres";"Exito"
"2022-2023";"95.88";"Formación de docentes de enseñanza primaria";"Mujeres";"Exito"
"2021-2022";"96.42";"Formación de docentes de enseñanza primaria";"Mujeres";"Exito"
"2020-2021";"98.11";"Formación de docentes de enseñanza primaria";"Mujeres";"Exito"
"2019-2020";"97.32";"Formación de docentes de enseñanza primaria";"Mujeres";"Exito"
"2018-2019";"95.55";"Formación de docentes de enseñanza primaria";"Mujeres";"Exito"
"2017-2018";"94.46";"Formación de docentes de enseñanza primaria";"Mujeres";"Exito"
"2016-2017";"95.31";"Formación de docentes de enseñanza primaria";"Mujeres";"Exito"
"2015-2016";"94.76";"Formación de docentes de enseñanza primaria";"Mujeres";"Exito"
"2022-2023";"94.63";"Otra Formación de personal docente y ciencias de la educación";"Mujeres";"Exito"
"2021-2022";"92.9";"Otra Formación de personal docente y ciencias de la educación";"Mujeres";"Exito"
"2020-2021";"95.87";"Otra Formación de personal docente y ciencias de la educación";"Mujeres";"Exito"
"2019-2020";"97.93";"Otra Formación de personal docente y ciencias de la educación";"Mujeres";"Exito"
"2018-2019";"94.83";"Otra Formación de personal docente y ciencias de la educación";"Mujeres";"Exito"
"2017-2018";"95.65";"Otra Formación de personal docente y ciencias de la educación";"Mujeres";"Exito"
"2016-2017";"94.53";"Otra Formación de personal docente y ciencias de la educación";"Mujeres";"Exito"
"2015-2016";"92.35";"Otra Formación de personal docente y ciencias de la educación";"Mujeres";"Exito"
"2022-2023";"87.17";"Total Artes y humanidades";"Mujeres";"Exito"
"2021-2022";"85.45";"Total Artes y humanidades";"Mujeres";"Exito"
"2020-2021";"88.07";"Total Artes y humanidades";"Mujeres";"Exito"
"2019-2020";"93.25";"Total Artes y humanidades";"Mujeres";"Exito"
"2018-2019";"89.3";"Total Artes y humanidades";"Mujeres";"Exito"
"2017-2018";"85.76";"Total Artes y humanidades";"Mujeres";"Exito"
"2016-2017";"87.55";"Total Artes y humanidades";"Mujeres";"Exito"
"2015-2016";"86.19";"Total Artes y humanidades";"Mujeres";"Exito"
"2022-2023";"95.19";"Técnicas audiovisuales y medios de comunicación";"Mujeres";"Exito"
"2021-2022";"96.12";"Técnicas audiovisuales y medios de comunicación";"Mujeres";"Exito"
"2020-2021";"96.78";"Técnicas audiovisuales y medios de comunicación";"Mujeres";"Exito"
"2019-2020";"96.83";"Técnicas audiovisuales y medios de comunicación";"Mujeres";"Exito"
"2018-2019";"97.03";"Técnicas audiovisuales y medios de comunicación";"Mujeres";"Exito"
"2017-2018";"95.5";"Técnicas audiovisuales y medios de comunicación";"Mujeres";"Exito"
"2016-2017";"95.88";"Técnicas audiovisuales y medios de comunicación";"Mujeres";"Exito"
"2015-2016";"94.98";"Técnicas audiovisuales y medios de comunicación";"Mujeres";"Exito"
"2022-2023";"..";"Artes";"Mujeres";"Exito"
"2021-2022";"..";"Artes";"Mujeres";"Exito"
"2020-2021";"..";"Artes";"Mujeres";"Exito"
"2019-2020";"..";"Artes";"Mujeres";"Exito"
"2018-2019";"..";"Artes";"Mujeres";"Exito"
"2017-2018";"..";"Artes";"Mujeres";"Exito"
"2016-2017";"..";"Artes";"Mujeres";"Exito"
"2015-2016";"..";"Artes";"Mujeres";"Exito"
"2022-2023";"81.33";"Lenguas";"Mujeres";"Exito"
"2021-2022";"78.03";"Lenguas";"Mujeres";"Exito"
"2020-2021";"82.5";"Lenguas";"Mujeres";"Exito"
"2019-2020";"90.98";"Lenguas";"Mujeres";"Exito"
"2018-2019";"84.82";"Lenguas";"Mujeres";"Exito"
"2017-2018";"80.21";"Lenguas";"Mujeres";"Exito"
"2016-2017";"82.61";"Lenguas";"Mujeres";"Exito"
"2015-2016";"80.16";"Lenguas";"Mujeres";"Exito"
"2022-2023";"..";"Humanidades";"Mujeres";"Exito"
"2021-2022";"..";"Humanidades";"Mujeres";"Exito"
"2020-2021";"..";"Humanidades";"Mujeres";"Exito"
"2019-2020";"..";"Humanidades";"Mujeres";"Exito"
"2018-2019";"..";"Humanidades";"Mujeres";"Exito"
"2017-2018";"94.5";"Humanidades";"Mujeres";"Exito"
"2016-2017";"94.3";"Humanidades";"Mujeres";"Exito"
"2015-2016";"96.98";"Humanidades";"Mujeres";"Exito"
"2022-2023";"85.9";"Total Ciencias sociales, periodismo y documentación";"Mujeres";"Exito"
"2021-2022";"85.31";"Total Ciencias sociales, periodismo y documentación";"Mujeres";"Exito"
"2020-2021";"85.91";"Total Ciencias sociales, periodismo y documentación";"Mujeres";"Exito"
"2019-2020";"90.3";"Total Ciencias sociales, periodismo y documentación";"Mujeres";"Exito"
"2018-2019";"82.72";"Total Ciencias sociales, periodismo y documentación";"Mujeres";"Exito"
"2017-2018";"82.51";"Total Ciencias sociales, periodismo y documentación";"Mujeres";"Exito"
"2016-2017";"84.94";"Total Ciencias sociales, periodismo y documentación";"Mujeres";"Exito"
"2015-2016";"82.39";"Total Ciencias sociales, periodismo y documentación";"Mujeres";"Exito"
"2022-2023";"..";"Psicología";"Mujeres";"Exito"
"2021-2022";"..";"Psicología";"Mujeres";"Exito"
"2020-2021";"..";"Psicología";"Mujeres";"Exito"
"2019-2020";"..";"Psicología";"Mujeres";"Exito"
"2018-2019";"..";"Psicología";"Mujeres";"Exito"
"2017-2018";"..";"Psicología";"Mujeres";"Exito"
"2016-2017";"..";"Psicología";"Mujeres";"Exito"
"2015-2016";"..";"Psicología";"Mujeres";"Exito"
"2022-2023";"76.12";"Economía";"Mujeres";"Exito"
"2021-2022";"73.73";"Economía";"Mujeres";"Exito"
"2020-2021";"75.82";"Economía";"Mujeres";"Exito"
"2019-2020";"84.37";"Economía";"Mujeres";"Exito"
"2018-2019";"75.31";"Economía";"Mujeres";"Exito"
"2017-2018";"73.68";"Economía";"Mujeres";"Exito"
"2016-2017";"76.88";"Economía";"Mujeres";"Exito"
"2015-2016";"77.48";"Economía";"Mujeres";"Exito"
"2022-2023";"89.95";"Otras Ciencias sociales y del comportamiento";"Mujeres";"Exito"
"2021-2022";"90.39";"Otras Ciencias sociales y del comportamiento";"Mujeres";"Exito"
"2020-2021";"91.61";"Otras Ciencias sociales y del comportamiento";"Mujeres";"Exito"
"2019-2020";"93.65";"Otras Ciencias sociales y del comportamiento";"Mujeres";"Exito"
"2018-2019";"87.81";"Otras Ciencias sociales y del comportamiento";"Mujeres";"Exito"
"2017-2018";"89.96";"Otras Ciencias sociales y del comportamiento";"Mujeres";"Exito"
"2016-2017";"91.16";"Otras Ciencias sociales y del comportamiento";"Mujeres";"Exito"
"2015-2016";"86.4";"Otras Ciencias sociales y del comportamiento";"Mujeres";"Exito"
"2022-2023";"97.2";"Periodismo e información";"Mujeres";"Exito"
"2021-2022";"95.73";"Periodismo e información";"Mujeres";"Exito"
"2020-2021";"90.65";"Periodismo e información";"Mujeres";"Exito"
"2019-2020";"..";"Periodismo e información";"Mujeres";"Exito"
"2018-2019";"..";"Periodismo e información";"Mujeres";"Exito"
"2017-2018";"..";"Periodismo e información";"Mujeres";"Exito"
"2016-2017";"..";"Periodismo e información";"Mujeres";"Exito"
"2015-2016";"91.07";"Periodismo e información";"Mujeres";"Exito"
"2022-2023";"83.19";"Total Negocios, administración y derecho";"Mujeres";"Exito"
"2021-2022";"83.73";"Total Negocios, administración y derecho";"Mujeres";"Exito"
"2020-2021";"87.01";"Total Negocios, administración y derecho";"Mujeres";"Exito"
"2019-2020";"91.69";"Total Negocios, administración y derecho";"Mujeres";"Exito"
"2018-2019";"84.77";"Total Negocios, administración y derecho";"Mujeres";"Exito"
"2017-2018";"83.94";"Total Negocios, administración y derecho";"Mujeres";"Exito"
"2016-2017";"84.52";"Total Negocios, administración y derecho";"Mujeres";"Exito"
"2015-2016";"84.28";"Total Negocios, administración y derecho";"Mujeres";"Exito"
"2022-2023";"83.58";"Administración y gestión de empresas";"Mujeres";"Exito"
"2021-2022";"83.36";"Administración y gestión de empresas";"Mujeres";"Exito"
"2020-2021";"86.72";"Administración y gestión de empresas";"Mujeres";"Exito"
"2019-2020";"91.02";"Administración y gestión de empresas";"Mujeres";"Exito"
"2018-2019";"80.05";"Administración y gestión de empresas";"Mujeres";"Exito"
"2017-2018";"79.81";"Administración y gestión de empresas";"Mujeres";"Exito"
"2016-2017";"80.9";"Administración y gestión de empresas";"Mujeres";"Exito"
"2015-2016";"81.18";"Administración y gestión de empresas";"Mujeres";"Exito"
"2022-2023";"..";"Otra Educación comercial y empresarial";"Mujeres";"Exito"
"2021-2022";"..";"Otra Educación comercial y empresarial";"Mujeres";"Exito"
"2020-2021";"..";"Otra Educación comercial y empresarial";"Mujeres";"Exito"
"2019-2020";"..";"Otra Educación comercial y empresarial";"Mujeres";"Exito"
"2018-2019";"..";"Otra Educación comercial y empresarial";"Mujeres";"Exito"
"2017-2018";"..";"Otra Educación comercial y empresarial";"Mujeres";"Exito"
"2016-2017";"..";"Otra Educación comercial y empresarial";"Mujeres";"Exito"
"2015-2016";"..";"Otra Educación comercial y empresarial";"Mujeres";"Exito"
"2022-2023";"82.3";"Derecho";"Mujeres";"Exito"
"2021-2022";"84.66";"Derecho";"Mujeres";"Exito"
"2020-2021";"87.7";"Derecho";"Mujeres";"Exito"
"2019-2020";"93.34";"Derecho";"Mujeres";"Exito"
"2018-2019";"90.17";"Derecho";"Mujeres";"Exito"
"2017-2018";"89.13";"Derecho";"Mujeres";"Exito"
"2016-2017";"89.25";"Derecho";"Mujeres";"Exito"
"2015-2016";"88.45";"Derecho";"Mujeres";"Exito"
"2022-2023";"77.4";"Total Ciencias";"Mujeres";"Exito"
"2021-2022";"78.16";"Total Ciencias";"Mujeres";"Exito"
"2020-2021";"76.79";"Total Ciencias";"Mujeres";"Exito"
"2019-2020";"89.2";"Total Ciencias";"Mujeres";"Exito"
"2018-2019";"76.91";"Total Ciencias";"Mujeres";"Exito"
"2017-2018";"78.03";"Total Ciencias";"Mujeres";"Exito"
"2016-2017";"75.19";"Total Ciencias";"Mujeres";"Exito"
"2015-2016";"79.05";"Total Ciencias";"Mujeres";"Exito"
"2022-2023";"79.57";"Ciencias de la vida";"Mujeres";"Exito"
"2021-2022";"81.56";"Ciencias de la vida";"Mujeres";"Exito"
"2020-2021";"83.72";"Ciencias de la vida";"Mujeres";"Exito"
"2019-2020";"93.32";"Ciencias de la vida";"Mujeres";"Exito"
"2018-2019";"83.08";"Ciencias de la vida";"Mujeres";"Exito"
"2017-2018";"82.23";"Ciencias de la vida";"Mujeres";"Exito"
"2016-2017";"79.9";"Ciencias de la vida";"Mujeres";"Exito"
"2015-2016";"81.02";"Ciencias de la vida";"Mujeres";"Exito"
"2022-2023";"64.49";"Ciencias Físicas, químicas, geológicas";"Mujeres";"Exito"
"2021-2022";"66.62";"Ciencias Físicas, químicas, geológicas";"Mujeres";"Exito"
"2020-2021";"59.77";"Ciencias Físicas, químicas, geológicas";"Mujeres";"Exito"
"2019-2020";"80.71";"Ciencias Físicas, químicas, geológicas";"Mujeres";"Exito"
"2018-2019";"64.64";"Ciencias Físicas, químicas, geológicas";"Mujeres";"Exito"
"2017-2018";"69.21";"Ciencias Físicas, químicas, geológicas";"Mujeres";"Exito"
"2016-2017";"66.69";"Ciencias Físicas, químicas, geológicas";"Mujeres";"Exito"
"2015-2016";"74.92";"Ciencias Físicas, químicas, geológicas";"Mujeres";"Exito"
"2022-2023";"89.11";"Matemáticas y Estadística";"Mujeres";"Exito"
"2021-2022";"87.59";"Matemáticas y Estadística";"Mujeres";"Exito"
"2020-2021";"87.5";"Matemáticas y Estadística";"Mujeres";"Exito"
"2019-2020";"..";"Matemáticas y Estadística";"Mujeres";"Exito"
"2018-2019";"..";"Matemáticas y Estadística";"Mujeres";"Exito"
"2017-2018";"..";"Matemáticas y Estadística";"Mujeres";"Exito"
"2016-2017";"..";"Matemáticas y Estadística";"Mujeres";"Exito"
"2015-2016";"..";"Matemáticas y Estadística";"Mujeres";"Exito"
"2022-2023";"75.67";"Total Informática";"Mujeres";"Exito"
"2021-2022";"73.71";"Total Informática";"Mujeres";"Exito"
"2020-2021";"78.95";"Total Informática";"Mujeres";"Exito"
"2019-2020";"86.69";"Total Informática";"Mujeres";"Exito"
"2018-2019";"77.01";"Total Informática";"Mujeres";"Exito"
"2017-2018";"78.48";"Total Informática";"Mujeres";"Exito"
"2016-2017";"77.28";"Total Informática";"Mujeres";"Exito"
"2015-2016";"79.08";"Total Informática";"Mujeres";"Exito"
"2022-2023";"75.67";"Informática";"Mujeres";"Exito"
"2021-2022";"73.71";"Informática";"Mujeres";"Exito"
"2020-2021";"78.95";"Informática";"Mujeres";"Exito"
"2019-2020";"86.69";"Informática";"Mujeres";"Exito"
"2018-2019";"77.01";"Informática";"Mujeres";"Exito"
"2017-2018";"78.48";"Informática";"Mujeres";"Exito"
"2016-2017";"77.28";"Informática";"Mujeres";"Exito"
"2015-2016";"79.08";"Informática";"Mujeres";"Exito"
"2022-2023";"82.53";"Total Ingeniería, industria y construcción";"Mujeres";"Exito"
"2021-2022";"83.36";"Total Ingeniería, industria y construcción";"Mujeres";"Exito"
"2020-2021";"83.88";"Total Ingeniería, industria y construcción";"Mujeres";"Exito"
"2019-2020";"88.92";"Total Ingeniería, industria y construcción";"Mujeres";"Exito"
"2018-2019";"82.0";"Total Ingeniería, industria y construcción";"Mujeres";"Exito"
"2017-2018";"81.79";"Total Ingeniería, industria y construcción";"Mujeres";"Exito"
"2016-2017";"78.69";"Total Ingeniería, industria y construcción";"Mujeres";"Exito"
"2015-2016";"80.33";"Total Ingeniería, industria y construcción";"Mujeres";"Exito"
"2022-2023";"87.47";"Ingenierías";"Mujeres";"Exito"
"2021-2022";"88.98";"Ingenierías";"Mujeres";"Exito"
"2020-2021";"89.21";"Ingenierías";"Mujeres";"Exito"
"2019-2020";"93.82";"Ingenierías";"Mujeres";"Exito"
"2018-2019";"87.1";"Ingenierías";"Mujeres";"Exito"
"2017-2018";"86.36";"Ingenierías";"Mujeres";"Exito"
"2016-2017";"80.99";"Ingenierías";"Mujeres";"Exito"
"2015-2016";"84.14";"Ingenierías";"Mujeres";"Exito"
"2022-2023";"75.74";"Arquitectura y construcción";"Mujeres";"Exito"
"2021-2022";"75.15";"Arquitectura y construcción";"Mujeres";"Exito"
"2020-2021";"76.91";"Arquitectura y construcción";"Mujeres";"Exito"
"2019-2020";"84.17";"Arquitectura y construcción";"Mujeres";"Exito"
"2018-2019";"78.16";"Arquitectura y construcción";"Mujeres";"Exito"
"2017-2018";"79.3";"Arquitectura y construcción";"Mujeres";"Exito"
"2016-2017";"77.63";"Arquitectura y construcción";"Mujeres";"Exito"
"2015-2016";"78.9";"Arquitectura y construcción";"Mujeres";"Exito"
"2022-2023";"..";"Total Agricultura, ganadería,  silvicultura, pesca, y veterinaria";"Mujeres";"Exito"
"2021-2022";"..";"Total Agricultura, ganadería,  silvicultura, pesca, y veterinaria";"Mujeres";"Exito"
"2020-2021";"..";"Total Agricultura, ganadería,  silvicultura, pesca, y veterinaria";"Mujeres";"Exito"
"2019-2020";"..";"Total Agricultura, ganadería,  silvicultura, pesca, y veterinaria";"Mujeres";"Exito"
"2018-2019";"..";"Total Agricultura, ganadería,  silvicultura, pesca, y veterinaria";"Mujeres";"Exito"
"2017-2018";"..";"Total Agricultura, ganadería,  silvicultura, pesca, y veterinaria";"Mujeres";"Exito"
"2016-2017";"..";"Total Agricultura, ganadería,  silvicultura, pesca, y veterinaria";"Mujeres";"Exito"
"2015-2016";"..";"Total Agricultura, ganadería,  silvicultura, pesca, y veterinaria";"Mujeres";"Exito"
"2022-2023";"..";"Agricultura, ganadería y pesca";"Mujeres";"Exito"
"2021-2022";"..";"Agricultura, ganadería y pesca";"Mujeres";"Exito"
"2020-2021";"..";"Agricultura, ganadería y pesca";"Mujeres";"Exito"
"2019-2020";"..";"Agricultura, ganadería y pesca";"Mujeres";"Exito"
"2018-2019";"..";"Agricultura, ganadería y pesca";"Mujeres";"Exito"
"2017-2018";"..";"Agricultura, ganadería y pesca";"Mujeres";"Exito"
"2016-2017";"..";"Agricultura, ganadería y pesca";"Mujeres";"Exito"
"2015-2016";"..";"Agricultura, ganadería y pesca";"Mujeres";"Exito"
"2022-2023";"..";"Veterinaria";"Mujeres";"Exito"
"2021-2022";"..";"Veterinaria";"Mujeres";"Exito"
"2020-2021";"..";"Veterinaria";"Mujeres";"Exito"
"2019-2020";"..";"Veterinaria";"Mujeres";"Exito"
"2018-2019";"..";"Veterinaria";"Mujeres";"Exito"
"2017-2018";"..";"Veterinaria";"Mujeres";"Exito"
"2016-2017";"..";"Veterinaria";"Mujeres";"Exito"
"2015-2016";"..";"Veterinaria";"Mujeres";"Exito"
"2022-2023";"95.04";"Total Salud y servicios sociales";"Mujeres";"Exito"
"2021-2022";"94.16";"Total Salud y servicios sociales";"Mujeres";"Exito"
"2020-2021";"95.86";"Total Salud y servicios sociales";"Mujeres";"Exito"
"2019-2020";"98.27";"Total Salud y servicios sociales";"Mujeres";"Exito"
"2018-2019";"95.85";"Total Salud y servicios sociales";"Mujeres";"Exito"
"2017-2018";"96.16";"Total Salud y servicios sociales";"Mujeres";"Exito"
"2016-2017";"96.37";"Total Salud y servicios sociales";"Mujeres";"Exito"
"2015-2016";"96.23";"Total Salud y servicios sociales";"Mujeres";"Exito"
"2022-2023";"..";"Medicina";"Mujeres";"Exito"
"2021-2022";"..";"Medicina";"Mujeres";"Exito"
"2020-2021";"..";"Medicina";"Mujeres";"Exito"
"2019-2020";"..";"Medicina";"Mujeres";"Exito"
"2018-2019";"..";"Medicina";"Mujeres";"Exito"
"2017-2018";"..";"Medicina";"Mujeres";"Exito"
"2016-2017";"..";"Medicina";"Mujeres";"Exito"
"2015-2016";"..";"Medicina";"Mujeres";"Exito"
"2022-2023";"96.31";"Enfermería y atención a enfermos";"Mujeres";"Exito"
"2021-2022";"94.29";"Enfermería y atención a enfermos";"Mujeres";"Exito"
"2020-2021";"96.08";"Enfermería y atención a enfermos";"Mujeres";"Exito"
"2019-2020";"98.06";"Enfermería y atención a enfermos";"Mujeres";"Exito"
"2018-2019";"96.05";"Enfermería y atención a enfermos";"Mujeres";"Exito"
"2017-2018";"96.11";"Enfermería y atención a enfermos";"Mujeres";"Exito"
"2016-2017";"97.2";"Enfermería y atención a enfermos";"Mujeres";"Exito"
"2015-2016";"96.91";"Enfermería y atención a enfermos";"Mujeres";"Exito"
"2022-2023";"94.21";"Otras ciencias de la Salud";"Mujeres";"Exito"
"2021-2022";"94.07";"Otras ciencias de la Salud";"Mujeres";"Exito"
"2020-2021";"95.71";"Otras ciencias de la Salud";"Mujeres";"Exito"
"2019-2020";"98.39";"Otras ciencias de la Salud";"Mujeres";"Exito"
"2018-2019";"95.73";"Otras ciencias de la Salud";"Mujeres";"Exito"
"2017-2018";"96.19";"Otras ciencias de la Salud";"Mujeres";"Exito"
"2016-2017";"95.87";"Otras ciencias de la Salud";"Mujeres";"Exito"
"2015-2016";"95.81";"Otras ciencias de la Salud";"Mujeres";"Exito"
"2022-2023";"..";"Trabajo social y orientación";"Mujeres";"Exito"
"2021-2022";"..";"Trabajo social y orientación";"Mujeres";"Exito"
"2020-2021";"..";"Trabajo social y orientación";"Mujeres";"Exito"
"2019-2020";"..";"Trabajo social y orientación";"Mujeres";"Exito"
"2018-2019";"..";"Trabajo social y orientación";"Mujeres";"Exito"
"2017-2018";"..";"Trabajo social y orientación";"Mujeres";"Exito"
"2016-2017";"..";"Trabajo social y orientación";"Mujeres";"Exito"
"2015-2016";"..";"Trabajo social y orientación";"Mujeres";"Exito"
"2022-2023";"86.7";"Total Servicios";"Mujeres";"Exito"
"2021-2022";"87.49";"Total Servicios";"Mujeres";"Exito"
"2020-2021";"91.05";"Total Servicios";"Mujeres";"Exito"
"2019-2020";"95.76";"Total Servicios";"Mujeres";"Exito"
"2018-2019";"89.41";"Total Servicios";"Mujeres";"Exito"
"2017-2018";"87.22";"Total Servicios";"Mujeres";"Exito"
"2016-2017";"85.67";"Total Servicios";"Mujeres";"Exito"
"2015-2016";"87.04";"Total Servicios";"Mujeres";"Exito"
"2022-2023";"92.52";"Deportes";"Mujeres";"Exito"
"2021-2022";"92.21";"Deportes";"Mujeres";"Exito"
"2020-2021";"95.63";"Deportes";"Mujeres";"Exito"
"2019-2020";"97.13";"Deportes";"Mujeres";"Exito"
"2018-2019";"92.71";"Deportes";"Mujeres";"Exito"
"2017-2018";"89.89";"Deportes";"Mujeres";"Exito"
"2016-2017";"86.6";"Deportes";"Mujeres";"Exito"
"2015-2016";"89.07";"Deportes";"Mujeres";"Exito"
"2022-2023";"83.83";"Turismo y Hostelería";"Mujeres";"Exito"
"2021-2022";"83.26";"Turismo y Hostelería";"Mujeres";"Exito"
"2020-2021";"88.51";"Turismo y Hostelería";"Mujeres";"Exito"
"2019-2020";"96.85";"Turismo y Hostelería";"Mujeres";"Exito"
"2018-2019";"87.64";"Turismo y Hostelería";"Mujeres";"Exito"
"2017-2018";"84.62";"Turismo y Hostelería";"Mujeres";"Exito"
"2016-2017";"85.71";"Turismo y Hostelería";"Mujeres";"Exito"
"2015-2016";"86.35";"Turismo y Hostelería";"Mujeres";"Exito"
"2022-2023";"76.63";"Otros Servicios";"Mujeres";"Exito"
"2021-2022";"83.97";"Otros Servicios";"Mujeres";"Exito"
"2020-2021";"81.63";"Otros Servicios";"Mujeres";"Exito"
"2019-2020";"87.95";"Otros Servicios";"Mujeres";"Exito"
"2018-2019";"83.24";"Otros Servicios";"Mujeres";"Exito"
"2017-2018";"85.82";"Otros Servicios";"Mujeres";"Exito"
"2016-2017";"82.83";"Otros Servicios";"Mujeres";"Exito"
"2015-2016";"82.31";"Otros Servicios";"Mujeres";"Exito"
"2022-2023";"???";"A Coruña";"Mujeres";"Evaluacion"
"2021-2022";"???";"A Coruña";"Mujeres";"Evaluacion"
"2020-2021";"???";"A Coruña";"Mujeres";"Evaluacion"
"2019-2020";"???";"A Coruña";"Mujeres";"Evaluacion"
"2018-2019";"???";"A Coruña";"Mujeres";"Evaluacion"
"2017-2018";"???";"A Coruña";"Mujeres";"Evaluacion"
"2016-2017";"???";"A Coruña";"Mujeres";"Evaluacion"
"2015-2016";"???";"A Coruña";"Mujeres";"Evaluacion"
"2022-2023";"91.63";"Todos los ámbitos";"Mujeres";"Evaluacion"
"2021-2022";"90.79";"Todos los ámbitos";"Mujeres";"Evaluacion"
"2020-2021";"91.35";"Todos los ámbitos";"Mujeres";"Evaluacion"
"2019-2020";"92.37";"Todos los ámbitos";"Mujeres";"Evaluacion"
"2018-2019";"89.76";"Todos los ámbitos";"Mujeres";"Evaluacion"
"2017-2018";"89.21";"Todos los ámbitos";"Mujeres";"Evaluacion"
"2016-2017";"89.49";"Todos los ámbitos";"Mujeres";"Evaluacion"
"2015-2016";"90.05";"Todos los ámbitos";"Mujeres";"Evaluacion"
"2022-2023";"96.58";"Total Educación";"Mujeres";"Evaluacion"
"2021-2022";"96.98";"Total Educación";"Mujeres";"Evaluacion"
"2020-2021";"97.07";"Total Educación";"Mujeres";"Evaluacion"
"2019-2020";"96.52";"Total Educación";"Mujeres";"Evaluacion"
"2018-2019";"95.39";"Total Educación";"Mujeres";"Evaluacion"
"2017-2018";"95.46";"Total Educación";"Mujeres";"Evaluacion"
"2016-2017";"95.25";"Total Educación";"Mujeres";"Evaluacion"
"2015-2016";"95.79";"Total Educación";"Mujeres";"Evaluacion"
"2022-2023";"97.68";"Formación de docentes de enseñanza infantil";"Mujeres";"Evaluacion"
"2021-2022";"97.4";"Formación de docentes de enseñanza infantil";"Mujeres";"Evaluacion"
"2020-2021";"97.82";"Formación de docentes de enseñanza infantil";"Mujeres";"Evaluacion"
"2019-2020";"97.33";"Formación de docentes de enseñanza infantil";"Mujeres";"Evaluacion"
"2018-2019";"95.88";"Formación de docentes de enseñanza infantil";"Mujeres";"Evaluacion"
"2017-2018";"96.03";"Formación de docentes de enseñanza infantil";"Mujeres";"Evaluacion"
"2016-2017";"96.71";"Formación de docentes de enseñanza infantil";"Mujeres";"Evaluacion"
"2015-2016";"97.16";"Formación de docentes de enseñanza infantil";"Mujeres";"Evaluacion"
"2022-2023";"97.17";"Formación de docentes de enseñanza primaria";"Mujeres";"Evaluacion"
"2021-2022";"98.06";"Formación de docentes de enseñanza primaria";"Mujeres";"Evaluacion"
"2020-2021";"97.58";"Formación de docentes de enseñanza primaria";"Mujeres";"Evaluacion"
"2019-2020";"96.34";"Formación de docentes de enseñanza primaria";"Mujeres";"Evaluacion"
"2018-2019";"95.23";"Formación de docentes de enseñanza primaria";"Mujeres";"Evaluacion"
"2017-2018";"95.47";"Formación de docentes de enseñanza primaria";"Mujeres";"Evaluacion"
"2016-2017";"95.67";"Formación de docentes de enseñanza primaria";"Mujeres";"Evaluacion"
"2015-2016";"96.07";"Formación de docentes de enseñanza primaria";"Mujeres";"Evaluacion"
"2022-2023";"94.07";"Otra Formación de personal docente y ciencias de la educación";"Mujeres";"Evaluacion"
"2021-2022";"94.83";"Otra Formación de personal docente y ciencias de la educación";"Mujeres";"Evaluacion"
"2020-2021";"95.06";"Otra Formación de personal docente y ciencias de la educación";"Mujeres";"Evaluacion"
"2019-2020";"95.41";"Otra Formación de personal docente y ciencias de la educación";"Mujeres";"Evaluacion"
"2018-2019";"94.8";"Otra Formación de personal docente y ciencias de la educación";"Mujeres";"Evaluacion"
"2017-2018";"94.6";"Otra Formación de personal docente y ciencias de la educación";"Mujeres";"Evaluacion"
"2016-2017";"92.4";"Otra Formación de personal docente y ciencias de la educación";"Mujeres";"Evaluacion"
"2015-2016";"93.13";"Otra Formación de personal docente y ciencias de la educación";"Mujeres";"Evaluacion"
"2022-2023";"91.4";"Total Artes y humanidades";"Mujeres";"Evaluacion"
"2021-2022";"88.36";"Total Artes y humanidades";"Mujeres";"Evaluacion"
"2020-2021";"89.46";"Total Artes y humanidades";"Mujeres";"Evaluacion"
"2019-2020";"91.77";"Total Artes y humanidades";"Mujeres";"Evaluacion"
"2018-2019";"89.55";"Total Artes y humanidades";"Mujeres";"Evaluacion"
"2017-2018";"85.31";"Total Artes y humanidades";"Mujeres";"Evaluacion"
"2016-2017";"87.36";"Total Artes y humanidades";"Mujeres";"Evaluacion"
"2015-2016";"87.82";"Total Artes y humanidades";"Mujeres";"Evaluacion"
"2022-2023";"94.13";"Técnicas audiovisuales y medios de comunicación";"Mujeres";"Evaluacion"
"2021-2022";"93.23";"Técnicas audiovisuales y medios de comunicación";"Mujeres";"Evaluacion"
"2020-2021";"94.27";"Técnicas audiovisuales y medios de comunicación";"Mujeres";"Evaluacion"
"2019-2020";"93.99";"Técnicas audiovisuales y medios de comunicación";"Mujeres";"Evaluacion"
"2018-2019";"94.21";"Técnicas audiovisuales y medios de comunicación";"Mujeres";"Evaluacion"
"2017-2018";"88.34";"Técnicas audiovisuales y medios de comunicación";"Mujeres";"Evaluacion"
"2016-2017";"89.92";"Técnicas audiovisuales y medios de comunicación";"Mujeres";"Evaluacion"
"2015-2016";"90.7";"Técnicas audiovisuales y medios de comunicación";"Mujeres";"Evaluacion"
"2022-2023";"..";"Artes";"Mujeres";"Evaluacion"
"2021-2022";"..";"Artes";"Mujeres";"Evaluacion"
"2020-2021";"..";"Artes";"Mujeres";"Evaluacion"
"2019-2020";"..";"Artes";"Mujeres";"Evaluacion"
"2018-2019";"..";"Artes";"Mujeres";"Evaluacion"
"2017-2018";"..";"Artes";"Mujeres";"Evaluacion"
"2016-2017";"..";"Artes";"Mujeres";"Evaluacion"
"2015-2016";"..";"Artes";"Mujeres";"Evaluacion"
"2022-2023";"89.55";"Lenguas";"Mujeres";"Evaluacion"
"2021-2022";"85.31";"Lenguas";"Mujeres";"Evaluacion"
"2020-2021";"86.92";"Lenguas";"Mujeres";"Evaluacion"
"2019-2020";"90.66";"Lenguas";"Mujeres";"Evaluacion"
"2018-2019";"87.57";"Lenguas";"Mujeres";"Evaluacion"
"2017-2018";"84.02";"Lenguas";"Mujeres";"Evaluacion"
"2016-2017";"85.39";"Lenguas";"Mujeres";"Evaluacion"
"2015-2016";"86.12";"Lenguas";"Mujeres";"Evaluacion"
"2022-2023";"..";"Humanidades";"Mujeres";"Evaluacion"
"2021-2022";"..";"Humanidades";"Mujeres";"Evaluacion"
"2020-2021";"..";"Humanidades";"Mujeres";"Evaluacion"
"2019-2020";"..";"Humanidades";"Mujeres";"Evaluacion"
"2018-2019";"..";"Humanidades";"Mujeres";"Evaluacion"
"2017-2018";"82.99";"Humanidades";"Mujeres";"Evaluacion"
"2016-2017";"96.61";"Humanidades";"Mujeres";"Evaluacion"
"2015-2016";"89.53";"Humanidades";"Mujeres";"Evaluacion"
"2022-2023";"87.66";"Total Ciencias sociales, periodismo y documentación";"Mujeres";"Evaluacion"
"2021-2022";"89.55";"Total Ciencias sociales, periodismo y documentación";"Mujeres";"Evaluacion"
"2020-2021";"89.43";"Total Ciencias sociales, periodismo y documentación";"Mujeres";"Evaluacion"
"2019-2020";"90.61";"Total Ciencias sociales, periodismo y documentación";"Mujeres";"Evaluacion"
"2018-2019";"84.28";"Total Ciencias sociales, periodismo y documentación";"Mujeres";"Evaluacion"
"2017-2018";"85.06";"Total Ciencias sociales, periodismo y documentación";"Mujeres";"Evaluacion"
"2016-2017";"84.91";"Total Ciencias sociales, periodismo y documentación";"Mujeres";"Evaluacion"
"2015-2016";"86.55";"Total Ciencias sociales, periodismo y documentación";"Mujeres";"Evaluacion"
"2022-2023";"..";"Psicología";"Mujeres";"Evaluacion"
"2021-2022";"..";"Psicología";"Mujeres";"Evaluacion"
"2020-2021";"..";"Psicología";"Mujeres";"Evaluacion"
"2019-2020";"..";"Psicología";"Mujeres";"Evaluacion"
"2018-2019";"..";"Psicología";"Mujeres";"Evaluacion"
"2017-2018";"..";"Psicología";"Mujeres";"Evaluacion"
"2016-2017";"..";"Psicología";"Mujeres";"Evaluacion"
"2015-2016";"..";"Psicología";"Mujeres";"Evaluacion"
"2022-2023";"86.07";"Economía";"Mujeres";"Evaluacion"
"2021-2022";"85.24";"Economía";"Mujeres";"Evaluacion"
"2020-2021";"88.46";"Economía";"Mujeres";"Evaluacion"
"2019-2020";"89.16";"Economía";"Mujeres";"Evaluacion"
"2018-2019";"84.32";"Economía";"Mujeres";"Evaluacion"
"2017-2018";"86.78";"Economía";"Mujeres";"Evaluacion"
"2016-2017";"84.61";"Economía";"Mujeres";"Evaluacion"
"2015-2016";"88.76";"Economía";"Mujeres";"Evaluacion"
"2022-2023";"88.59";"Otras Ciencias sociales y del comportamiento";"Mujeres";"Evaluacion"
"2021-2022";"92.17";"Otras Ciencias sociales y del comportamiento";"Mujeres";"Evaluacion"
"2020-2021";"92.44";"Otras Ciencias sociales y del comportamiento";"Mujeres";"Evaluacion"
"2019-2020";"91.22";"Otras Ciencias sociales y del comportamiento";"Mujeres";"Evaluacion"
"2018-2019";"84.59";"Otras Ciencias sociales y del comportamiento";"Mujeres";"Evaluacion"
"2017-2018";"83.85";"Otras Ciencias sociales y del comportamiento";"Mujeres";"Evaluacion"
"2016-2017";"86.49";"Otras Ciencias sociales y del comportamiento";"Mujeres";"Evaluacion"
"2015-2016";"85.61";"Otras Ciencias sociales y del comportamiento";"Mujeres";"Evaluacion"
"2022-2023";"87.24";"Periodismo e información";"Mujeres";"Evaluacion"
"2021-2022";"89.35";"Periodismo e información";"Mujeres";"Evaluacion"
"2020-2021";"74.93";"Periodismo e información";"Mujeres";"Evaluacion"
"2019-2020";"..";"Periodismo e información";"Mujeres";"Evaluacion"
"2018-2019";"..";"Periodismo e información";"Mujeres";"Evaluacion"
"2017-2018";"..";"Periodismo e información";"Mujeres";"Evaluacion"
"2016-2017";"..";"Periodismo e información";"Mujeres";"Evaluacion"
"2015-2016";"77.06";"Periodismo e información";"Mujeres";"Evaluacion"
"2022-2023";"90.8";"Total Negocios, administración y derecho";"Mujeres";"Evaluacion"
"2021-2022";"90.37";"Total Negocios, administración y derecho";"Mujeres";"Evaluacion"
"2020-2021";"90.87";"Total Negocios, administración y derecho";"Mujeres";"Evaluacion"
"2019-2020";"91.65";"Total Negocios, administración y derecho";"Mujeres";"Evaluacion"
"2018-2019";"89.17";"Total Negocios, administración y derecho";"Mujeres";"Evaluacion"
"2017-2018";"88.86";"Total Negocios, administración y derecho";"Mujeres";"Evaluacion"
"2016-2017";"89.85";"Total Negocios, administración y derecho";"Mujeres";"Evaluacion"
"2015-2016";"89.46";"Total Negocios, administración y derecho";"Mujeres";"Evaluacion"
"2022-2023";"90.74";"Administración y gestión de empresas";"Mujeres";"Evaluacion"
"2021-2022";"89.72";"Administración y gestión de empresas";"Mujeres";"Evaluacion"
"2020-2021";"90.63";"Administración y gestión de empresas";"Mujeres";"Evaluacion"
"2019-2020";"90.75";"Administración y gestión de empresas";"Mujeres";"Evaluacion"
"2018-2019";"86.5";"Administración y gestión de empresas";"Mujeres";"Evaluacion"
"2017-2018";"86.67";"Administración y gestión de empresas";"Mujeres";"Evaluacion"
"2016-2017";"88.92";"Administración y gestión de empresas";"Mujeres";"Evaluacion"
"2015-2016";"88.07";"Administración y gestión de empresas";"Mujeres";"Evaluacion"
"2022-2023";"..";"Otra Educación comercial y empresarial";"Mujeres";"Evaluacion"
"2021-2022";"..";"Otra Educación comercial y empresarial";"Mujeres";"Evaluacion"
"2020-2021";"..";"Otra Educación comercial y empresarial";"Mujeres";"Evaluacion"
"2019-2020";"..";"Otra Educación comercial y empresarial";"Mujeres";"Evaluacion"
"2018-2019";"..";"Otra Educación comercial y empresarial";"Mujeres";"Evaluacion"
"2017-2018";"..";"Otra Educación comercial y empresarial";"Mujeres";"Evaluacion"
"2016-2017";"..";"Otra Educación comercial y empresarial";"Mujeres";"Evaluacion"
"2015-2016";"..";"Otra Educación comercial y empresarial";"Mujeres";"Evaluacion"
"2022-2023";"90.92";"Derecho";"Mujeres";"Evaluacion"
"2021-2022";"92.06";"Derecho";"Mujeres";"Evaluacion"
"2020-2021";"91.45";"Derecho";"Mujeres";"Evaluacion"
"2019-2020";"93.96";"Derecho";"Mujeres";"Evaluacion"
"2018-2019";"92.44";"Derecho";"Mujeres";"Evaluacion"
"2017-2018";"91.78";"Derecho";"Mujeres";"Evaluacion"
"2016-2017";"91.09";"Derecho";"Mujeres";"Evaluacion"
"2015-2016";"91.41";"Derecho";"Mujeres";"Evaluacion"
"2022-2023";"90.56";"Total Ciencias";"Mujeres";"Evaluacion"
"2021-2022";"90.35";"Total Ciencias";"Mujeres";"Evaluacion"
"2020-2021";"91.43";"Total Ciencias";"Mujeres";"Evaluacion"
"2019-2020";"94.05";"Total Ciencias";"Mujeres";"Evaluacion"
"2018-2019";"91.07";"Total Ciencias";"Mujeres";"Evaluacion"
"2017-2018";"89.81";"Total Ciencias";"Mujeres";"Evaluacion"
"2016-2017";"90.77";"Total Ciencias";"Mujeres";"Evaluacion"
"2015-2016";"90.87";"Total Ciencias";"Mujeres";"Evaluacion"
"2022-2023";"91.39";"Ciencias de la vida";"Mujeres";"Evaluacion"
"2021-2022";"89.42";"Ciencias de la vida";"Mujeres";"Evaluacion"
"2020-2021";"92.34";"Ciencias de la vida";"Mujeres";"Evaluacion"
"2019-2020";"95.79";"Ciencias de la vida";"Mujeres";"Evaluacion"
"2018-2019";"92.74";"Ciencias de la vida";"Mujeres";"Evaluacion"
"2017-2018";"92.44";"Ciencias de la vida";"Mujeres";"Evaluacion"
"2016-2017";"92.06";"Ciencias de la vida";"Mujeres";"Evaluacion"
"2015-2016";"92.71";"Ciencias de la vida";"Mujeres";"Evaluacion"
"2022-2023";"85.97";"Ciencias Físicas, químicas, geológicas";"Mujeres";"Evaluacion"
"2021-2022";"88.25";"Ciencias Físicas, químicas, geológicas";"Mujeres";"Evaluacion"
"2020-2021";"87.74";"Ciencias Físicas, químicas, geológicas";"Mujeres";"Evaluacion"
"2019-2020";"90.22";"Ciencias Físicas, químicas, geológicas";"Mujeres";"Evaluacion"
"2018-2019";"87.92";"Ciencias Físicas, químicas, geológicas";"Mujeres";"Evaluacion"
"2017-2018";"84.76";"Ciencias Físicas, químicas, geológicas";"Mujeres";"Evaluacion"
"2016-2017";"88.53";"Ciencias Físicas, químicas, geológicas";"Mujeres";"Evaluacion"
"2015-2016";"87.25";"Ciencias Físicas, químicas, geológicas";"Mujeres";"Evaluacion"
"2022-2023";"95.14";"Matemáticas y Estadística";"Mujeres";"Evaluacion"
"2021-2022";"98.33";"Matemáticas y Estadística";"Mujeres";"Evaluacion"
"2020-2021";"98.6";"Matemáticas y Estadística";"Mujeres";"Evaluacion"
"2019-2020";"..";"Matemáticas y Estadística";"Mujeres";"Evaluacion"
"2018-2019";"..";"Matemáticas y Estadística";"Mujeres";"Evaluacion"
"2017-2018";"..";"Matemáticas y Estadística";"Mujeres";"Evaluacion"
"2016-2017";"..";"Matemáticas y Estadística";"Mujeres";"Evaluacion"
"2015-2016";"..";"Matemáticas y Estadística";"Mujeres";"Evaluacion"
"2022-2023";"88.87";"Total Informática";"Mujeres";"Evaluacion"
"2021-2022";"85.05";"Total Informática";"Mujeres";"Evaluacion"
"2020-2021";"81.82";"Total Informática";"Mujeres";"Evaluacion"
"2019-2020";"90.82";"Total Informática";"Mujeres";"Evaluacion"
"2018-2019";"83.72";"Total Informática";"Mujeres";"Evaluacion"
"2017-2018";"83.92";"Total Informática";"Mujeres";"Evaluacion"
"2016-2017";"82.91";"Total Informática";"Mujeres";"Evaluacion"
"2015-2016";"81.46";"Total Informática";"Mujeres";"Evaluacion"
"2022-2023";"88.87";"Informática";"Mujeres";"Evaluacion"
"2021-2022";"85.05";"Informática";"Mujeres";"Evaluacion"
"2020-2021";"81.82";"Informática";"Mujeres";"Evaluacion"
"2019-2020";"90.82";"Informática";"Mujeres";"Evaluacion"
"2018-2019";"83.72";"Informática";"Mujeres";"Evaluacion"
"2017-2018";"83.92";"Informática";"Mujeres";"Evaluacion"
"2016-2017";"82.91";"Informática";"Mujeres";"Evaluacion"
"2015-2016";"81.46";"Informática";"Mujeres";"Evaluacion"
"2022-2023";"84.79";"Total Ingeniería, industria y construcción";"Mujeres";"Evaluacion"
"2021-2022";"82.81";"Total Ingeniería, industria y construcción";"Mujeres";"Evaluacion"
"2020-2021";"81.77";"Total Ingeniería, industria y construcción";"Mujeres";"Evaluacion"
"2019-2020";"83.08";"Total Ingeniería, industria y construcción";"Mujeres";"Evaluacion"
"2018-2019";"78.59";"Total Ingeniería, industria y construcción";"Mujeres";"Evaluacion"
"2017-2018";"78.25";"Total Ingeniería, industria y construcción";"Mujeres";"Evaluacion"
"2016-2017";"78.73";"Total Ingeniería, industria y construcción";"Mujeres";"Evaluacion"
"2015-2016";"81.91";"Total Ingeniería, industria y construcción";"Mujeres";"Evaluacion"
"2022-2023";"90.6";"Ingenierías";"Mujeres";"Evaluacion"
"2021-2022";"89.48";"Ingenierías";"Mujeres";"Evaluacion"
"2020-2021";"90.37";"Ingenierías";"Mujeres";"Evaluacion"
"2019-2020";"89.97";"Ingenierías";"Mujeres";"Evaluacion"
"2018-2019";"84.76";"Ingenierías";"Mujeres";"Evaluacion"
"2017-2018";"82.68";"Ingenierías";"Mujeres";"Evaluacion"
"2016-2017";"82.71";"Ingenierías";"Mujeres";"Evaluacion"
"2015-2016";"82.37";"Ingenierías";"Mujeres";"Evaluacion"
"2022-2023";"77.93";"Arquitectura y construcción";"Mujeres";"Evaluacion"
"2021-2022";"74.67";"Arquitectura y construcción";"Mujeres";"Evaluacion"
"2020-2021";"72.71";"Arquitectura y construcción";"Mujeres";"Evaluacion"
"2019-2020";"77.35";"Arquitectura y construcción";"Mujeres";"Evaluacion"
"2018-2019";"74.51";"Arquitectura y construcción";"Mujeres";"Evaluacion"
"2017-2018";"76.03";"Arquitectura y construcción";"Mujeres";"Evaluacion"
"2016-2017";"77.02";"Arquitectura y construcción";"Mujeres";"Evaluacion"
"2015-2016";"81.74";"Arquitectura y construcción";"Mujeres";"Evaluacion"
"2022-2023";"..";"Total Agricultura, ganadería,  silvicultura, pesca, y veterinaria";"Mujeres";"Evaluacion"
"2021-2022";"..";"Total Agricultura, ganadería,  silvicultura, pesca, y veterinaria";"Mujeres";"Evaluacion"
"2020-2021";"..";"Total Agricultura, ganadería,  silvicultura, pesca, y veterinaria";"Mujeres";"Evaluacion"
"2019-2020";"..";"Total Agricultura, ganadería,  silvicultura, pesca, y veterinaria";"Mujeres";"Evaluacion"
"2018-2019";"..";"Total Agricultura, ganadería,  silvicultura, pesca, y veterinaria";"Mujeres";"Evaluacion"
"2017-2018";"..";"Total Agricultura, ganadería,  silvicultura, pesca, y veterinaria";"Mujeres";"Evaluacion"
"2016-2017";"..";"Total Agricultura, ganadería,  silvicultura, pesca, y veterinaria";"Mujeres";"Evaluacion"
"2015-2016";"..";"Total Agricultura, ganadería,  silvicultura, pesca, y veterinaria";"Mujeres";"Evaluacion"
"2022-2023";"..";"Agricultura, ganadería y pesca";"Mujeres";"Evaluacion"
"2021-2022";"..";"Agricultura, ganadería y pesca";"Mujeres";"Evaluacion"
"2020-2021";"..";"Agricultura, ganadería y pesca";"Mujeres";"Evaluacion"
"2019-2020";"..";"Agricultura, ganadería y pesca";"Mujeres";"Evaluacion"
"2018-2019";"..";"Agricultura, ganadería y pesca";"Mujeres";"Evaluacion"
"2017-2018";"..";"Agricultura, ganadería y pesca";"Mujeres";"Evaluacion"
"2016-2017";"..";"Agricultura, ganadería y pesca";"Mujeres";"Evaluacion"
"2015-2016";"..";"Agricultura, ganadería y pesca";"Mujeres";"Evaluacion"
"2022-2023";"..";"Veterinaria";"Mujeres";"Evaluacion"
"2021-2022";"..";"Veterinaria";"Mujeres";"Evaluacion"
"2020-2021";"..";"Veterinaria";"Mujeres";"Evaluacion"
"2019-2020";"..";"Veterinaria";"Mujeres";"Evaluacion"
"2018-2019";"..";"Veterinaria";"Mujeres";"Evaluacion"
"2017-2018";"..";"Veterinaria";"Mujeres";"Evaluacion"
"2016-2017";"..";"Veterinaria";"Mujeres";"Evaluacion"
"2015-2016";"..";"Veterinaria";"Mujeres";"Evaluacion"
"2022-2023";"96.74";"Total Salud y servicios sociales";"Mujeres";"Evaluacion"
"2021-2022";"96.07";"Total Salud y servicios sociales";"Mujeres";"Evaluacion"
"2020-2021";"97.35";"Total Salud y servicios sociales";"Mujeres";"Evaluacion"
"2019-2020";"97.2";"Total Salud y servicios sociales";"Mujeres";"Evaluacion"
"2018-2019";"96.35";"Total Salud y servicios sociales";"Mujeres";"Evaluacion"
"2017-2018";"96.55";"Total Salud y servicios sociales";"Mujeres";"Evaluacion"
"2016-2017";"96.44";"Total Salud y servicios sociales";"Mujeres";"Evaluacion"
"2015-2016";"96.23";"Total Salud y servicios sociales";"Mujeres";"Evaluacion"
"2022-2023";"..";"Medicina";"Mujeres";"Evaluacion"
"2021-2022";"..";"Medicina";"Mujeres";"Evaluacion"
"2020-2021";"..";"Medicina";"Mujeres";"Evaluacion"
"2019-2020";"..";"Medicina";"Mujeres";"Evaluacion"
"2018-2019";"..";"Medicina";"Mujeres";"Evaluacion"
"2017-2018";"..";"Medicina";"Mujeres";"Evaluacion"
"2016-2017";"..";"Medicina";"Mujeres";"Evaluacion"
"2015-2016";"..";"Medicina";"Mujeres";"Evaluacion"
"2022-2023";"98.08";"Enfermería y atención a enfermos";"Mujeres";"Evaluacion"
"2021-2022";"97.17";"Enfermería y atención a enfermos";"Mujeres";"Evaluacion"
"2020-2021";"97.84";"Enfermería y atención a enfermos";"Mujeres";"Evaluacion"
"2019-2020";"97.8";"Enfermería y atención a enfermos";"Mujeres";"Evaluacion"
"2018-2019";"97.29";"Enfermería y atención a enfermos";"Mujeres";"Evaluacion"
"2017-2018";"98.05";"Enfermería y atención a enfermos";"Mujeres";"Evaluacion"
"2016-2017";"97.32";"Enfermería y atención a enfermos";"Mujeres";"Evaluacion"
"2015-2016";"97.21";"Enfermería y atención a enfermos";"Mujeres";"Evaluacion"
"2022-2023";"95.87";"Otras ciencias de la Salud";"Mujeres";"Evaluacion"
"2021-2022";"95.38";"Otras ciencias de la Salud";"Mujeres";"Evaluacion"
"2020-2021";"97.03";"Otras ciencias de la Salud";"Mujeres";"Evaluacion"
"2019-2020";"96.84";"Otras ciencias de la Salud";"Mujeres";"Evaluacion"
"2018-2019";"95.78";"Otras ciencias de la Salud";"Mujeres";"Evaluacion"
"2017-2018";"95.67";"Otras ciencias de la Salud";"Mujeres";"Evaluacion"
"2016-2017";"95.92";"Otras ciencias de la Salud";"Mujeres";"Evaluacion"
"2015-2016";"95.63";"Otras ciencias de la Salud";"Mujeres";"Evaluacion"
"2022-2023";"..";"Trabajo social y orientación";"Mujeres";"Evaluacion"
"2021-2022";"..";"Trabajo social y orientación";"Mujeres";"Evaluacion"
"2020-2021";"..";"Trabajo social y orientación";"Mujeres";"Evaluacion"
"2019-2020";"..";"Trabajo social y orientación";"Mujeres";"Evaluacion"
"2018-2019";"..";"Trabajo social y orientación";"Mujeres";"Evaluacion"
"2017-2018";"..";"Trabajo social y orientación";"Mujeres";"Evaluacion"
"2016-2017";"..";"Trabajo social y orientación";"Mujeres";"Evaluacion"
"2015-2016";"..";"Trabajo social y orientación";"Mujeres";"Evaluacion"
"2022-2023";"92.61";"Total Servicios";"Mujeres";"Evaluacion"
"2021-2022";"90.19";"Total Servicios";"Mujeres";"Evaluacion"
"2020-2021";"93.37";"Total Servicios";"Mujeres";"Evaluacion"
"2019-2020";"94.18";"Total Servicios";"Mujeres";"Evaluacion"
"2018-2019";"90.65";"Total Servicios";"Mujeres";"Evaluacion"
"2017-2018";"89.87";"Total Servicios";"Mujeres";"Evaluacion"
"2016-2017";"89.73";"Total Servicios";"Mujeres";"Evaluacion"
"2015-2016";"90.69";"Total Servicios";"Mujeres";"Evaluacion"
"2022-2023";"97.1";"Deportes";"Mujeres";"Evaluacion"
"2021-2022";"96.25";"Deportes";"Mujeres";"Evaluacion"
"2020-2021";"97.04";"Deportes";"Mujeres";"Evaluacion"
"2019-2020";"97.07";"Deportes";"Mujeres";"Evaluacion"
"2018-2019";"94.3";"Deportes";"Mujeres";"Evaluacion"
"2017-2018";"92.04";"Deportes";"Mujeres";"Evaluacion"
"2016-2017";"92.38";"Deportes";"Mujeres";"Evaluacion"
"2015-2016";"91.57";"Deportes";"Mujeres";"Evaluacion"
"2022-2023";"91.99";"Turismo y Hostelería";"Mujeres";"Evaluacion"
"2021-2022";"88.85";"Turismo y Hostelería";"Mujeres";"Evaluacion"
"2020-2021";"92.59";"Turismo y Hostelería";"Mujeres";"Evaluacion"
"2019-2020";"95.58";"Turismo y Hostelería";"Mujeres";"Evaluacion"
"2018-2019";"92.9";"Turismo y Hostelería";"Mujeres";"Evaluacion"
"2017-2018";"91.99";"Turismo y Hostelería";"Mujeres";"Evaluacion"
"2016-2017";"90.12";"Turismo y Hostelería";"Mujeres";"Evaluacion"
"2015-2016";"91.0";"Turismo y Hostelería";"Mujeres";"Evaluacion"
"2022-2023";"82.26";"Otros Servicios";"Mujeres";"Evaluacion"
"2021-2022";"76.76";"Otros Servicios";"Mujeres";"Evaluacion"
"2020-2021";"83.76";"Otros Servicios";"Mujeres";"Evaluacion"
"2019-2020";"82.21";"Otros Servicios";"Mujeres";"Evaluacion"
"2018-2019";"75.69";"Otros Servicios";"Mujeres";"Evaluacion"
"2017-2018";"79.57";"Otros Servicios";"Mujeres";"Evaluacion"
"2016-2017";"81.82";"Otros Servicios";"Mujeres";"Evaluacion"
"2015-2016";"87.15";"Otros Servicios";"Mujeres";"Evaluacion"
