"Anio";"Valor";"Carrera";"Genero";"Tasa"
"2022-2023";"???";"Murcia";"Ambos Sexos";"Rendimiento"
"2021-2022";"???";"Murcia";"Ambos Sexos";"Rendimiento"
"2020-2021";"???";"Murcia";"Ambos Sexos";"Rendimiento"
"2019-2020";"???";"Murcia";"Ambos Sexos";"Rendimiento"
"2018-2019";"???";"Murcia";"Ambos Sexos";"Rendimiento"
"2017-2018";"???";"Murcia";"Ambos Sexos";"Rendimiento"
"2016-2017";"???";"Murcia";"Ambos Sexos";"Rendimiento"
"2015-2016";"???";"Murcia";"Ambos Sexos";"Rendimiento"
"2022-2023";"79.47";"Todos los ámbitos";"Ambos Sexos";"Rendimiento"
"2021-2022";"77.68";"Todos los ámbitos";"Ambos Sexos";"Rendimiento"
"2020-2021";"78.06";"Todos los ámbitos";"Ambos Sexos";"Rendimiento"
"2019-2020";"86.13";"Todos los ámbitos";"Ambos Sexos";"Rendimiento"
"2018-2019";"77.92";"Todos los ámbitos";"Ambos Sexos";"Rendimiento"
"2017-2018";"77.47";"Todos los ámbitos";"Ambos Sexos";"Rendimiento"
"2016-2017";"77.13";"Todos los ámbitos";"Ambos Sexos";"Rendimiento"
"2015-2016";"77.48";"Todos los ámbitos";"Ambos Sexos";"Rendimiento"
"2022-2023";"90.16";"Total Educación";"Ambos Sexos";"Rendimiento"
"2021-2022";"89.62";"Total Educación";"Ambos Sexos";"Rendimiento"
"2020-2021";"89.12";"Total Educación";"Ambos Sexos";"Rendimiento"
"2019-2020";"93.21";"Total Educación";"Ambos Sexos";"Rendimiento"
"2018-2019";"87.14";"Total Educación";"Ambos Sexos";"Rendimiento"
"2017-2018";"87.46";"Total Educación";"Ambos Sexos";"Rendimiento"
"2016-2017";"87.71";"Total Educación";"Ambos Sexos";"Rendimiento"
"2015-2016";"88.16";"Total Educación";"Ambos Sexos";"Rendimiento"
"2022-2023";"93.15";"Formación de docentes de enseñanza infantil";"Ambos Sexos";"Rendimiento"
"2021-2022";"92.51";"Formación de docentes de enseñanza infantil";"Ambos Sexos";"Rendimiento"
"2020-2021";"93.83";"Formación de docentes de enseñanza infantil";"Ambos Sexos";"Rendimiento"
"2019-2020";"95.01";"Formación de docentes de enseñanza infantil";"Ambos Sexos";"Rendimiento"
"2018-2019";"91.18";"Formación de docentes de enseñanza infantil";"Ambos Sexos";"Rendimiento"
"2017-2018";"90.94";"Formación de docentes de enseñanza infantil";"Ambos Sexos";"Rendimiento"
"2016-2017";"92.14";"Formación de docentes de enseñanza infantil";"Ambos Sexos";"Rendimiento"
"2015-2016";"93.15";"Formación de docentes de enseñanza infantil";"Ambos Sexos";"Rendimiento"
"2022-2023";"88.71";"Formación de docentes de enseñanza primaria";"Ambos Sexos";"Rendimiento"
"2021-2022";"88.8";"Formación de docentes de enseñanza primaria";"Ambos Sexos";"Rendimiento"
"2020-2021";"87.27";"Formación de docentes de enseñanza primaria";"Ambos Sexos";"Rendimiento"
"2019-2020";"92.45";"Formación de docentes de enseñanza primaria";"Ambos Sexos";"Rendimiento"
"2018-2019";"85.71";"Formación de docentes de enseñanza primaria";"Ambos Sexos";"Rendimiento"
"2017-2018";"86.23";"Formación de docentes de enseñanza primaria";"Ambos Sexos";"Rendimiento"
"2016-2017";"85.77";"Formación de docentes de enseñanza primaria";"Ambos Sexos";"Rendimiento"
"2015-2016";"86.21";"Formación de docentes de enseñanza primaria";"Ambos Sexos";"Rendimiento"
"2022-2023";"89.71";"Otra Formación de personal docente y ciencias de la educación";"Ambos Sexos";"Rendimiento"
"2021-2022";"88.1";"Otra Formación de personal docente y ciencias de la educación";"Ambos Sexos";"Rendimiento"
"2020-2021";"88.34";"Otra Formación de personal docente y ciencias de la educación";"Ambos Sexos";"Rendimiento"
"2019-2020";"93.16";"Otra Formación de personal docente y ciencias de la educación";"Ambos Sexos";"Rendimiento"
"2018-2019";"86.42";"Otra Formación de personal docente y ciencias de la educación";"Ambos Sexos";"Rendimiento"
"2017-2018";"86.83";"Otra Formación de personal docente y ciencias de la educación";"Ambos Sexos";"Rendimiento"
"2016-2017";"87.68";"Otra Formación de personal docente y ciencias de la educación";"Ambos Sexos";"Rendimiento"
"2015-2016";"87.54";"Otra Formación de personal docente y ciencias de la educación";"Ambos Sexos";"Rendimiento"
"2022-2023";"80.45";"Total Artes y humanidades";"Ambos Sexos";"Rendimiento"
"2021-2022";"78.87";"Total Artes y humanidades";"Ambos Sexos";"Rendimiento"
"2020-2021";"78.96";"Total Artes y humanidades";"Ambos Sexos";"Rendimiento"
"2019-2020";"85.62";"Total Artes y humanidades";"Ambos Sexos";"Rendimiento"
"2018-2019";"78.74";"Total Artes y humanidades";"Ambos Sexos";"Rendimiento"
"2017-2018";"78.76";"Total Artes y humanidades";"Ambos Sexos";"Rendimiento"
"2016-2017";"79.94";"Total Artes y humanidades";"Ambos Sexos";"Rendimiento"
"2015-2016";"78.72";"Total Artes y humanidades";"Ambos Sexos";"Rendimiento"
"2022-2023";"89.25";"Técnicas audiovisuales y medios de comunicación";"Ambos Sexos";"Rendimiento"
"2021-2022";"87.11";"Técnicas audiovisuales y medios de comunicación";"Ambos Sexos";"Rendimiento"
"2020-2021";"89.7";"Técnicas audiovisuales y medios de comunicación";"Ambos Sexos";"Rendimiento"
"2019-2020";"93.6";"Técnicas audiovisuales y medios de comunicación";"Ambos Sexos";"Rendimiento"
"2018-2019";"90.27";"Técnicas audiovisuales y medios de comunicación";"Ambos Sexos";"Rendimiento"
"2017-2018";"87.35";"Técnicas audiovisuales y medios de comunicación";"Ambos Sexos";"Rendimiento"
"2016-2017";"86.14";"Técnicas audiovisuales y medios de comunicación";"Ambos Sexos";"Rendimiento"
"2015-2016";"85.7";"Técnicas audiovisuales y medios de comunicación";"Ambos Sexos";"Rendimiento"
"2022-2023";"82.97";"Artes";"Ambos Sexos";"Rendimiento"
"2021-2022";"83.09";"Artes";"Ambos Sexos";"Rendimiento"
"2020-2021";"81.74";"Artes";"Ambos Sexos";"Rendimiento"
"2019-2020";"85.48";"Artes";"Ambos Sexos";"Rendimiento"
"2018-2019";"80.99";"Artes";"Ambos Sexos";"Rendimiento"
"2017-2018";"81.31";"Artes";"Ambos Sexos";"Rendimiento"
"2016-2017";"83.6";"Artes";"Ambos Sexos";"Rendimiento"
"2015-2016";"82.63";"Artes";"Ambos Sexos";"Rendimiento"
"2022-2023";"80.0";"Lenguas";"Ambos Sexos";"Rendimiento"
"2021-2022";"77.64";"Lenguas";"Ambos Sexos";"Rendimiento"
"2020-2021";"77.6";"Lenguas";"Ambos Sexos";"Rendimiento"
"2019-2020";"86.44";"Lenguas";"Ambos Sexos";"Rendimiento"
"2018-2019";"77.59";"Lenguas";"Ambos Sexos";"Rendimiento"
"2017-2018";"78.17";"Lenguas";"Ambos Sexos";"Rendimiento"
"2016-2017";"79.95";"Lenguas";"Ambos Sexos";"Rendimiento"
"2015-2016";"78.58";"Lenguas";"Ambos Sexos";"Rendimiento"
"2022-2023";"75.9";"Humanidades";"Ambos Sexos";"Rendimiento"
"2021-2022";"74.79";"Humanidades";"Ambos Sexos";"Rendimiento"
"2020-2021";"75.58";"Humanidades";"Ambos Sexos";"Rendimiento"
"2019-2020";"80.34";"Humanidades";"Ambos Sexos";"Rendimiento"
"2018-2019";"74.28";"Humanidades";"Ambos Sexos";"Rendimiento"
"2017-2018";"73.89";"Humanidades";"Ambos Sexos";"Rendimiento"
"2016-2017";"73.17";"Humanidades";"Ambos Sexos";"Rendimiento"
"2015-2016";"71.6";"Humanidades";"Ambos Sexos";"Rendimiento"
"2022-2023";"79.97";"Total Ciencias sociales, periodismo y documentación";"Ambos Sexos";"Rendimiento"
"2021-2022";"77.76";"Total Ciencias sociales, periodismo y documentación";"Ambos Sexos";"Rendimiento"
"2020-2021";"77.05";"Total Ciencias sociales, periodismo y documentación";"Ambos Sexos";"Rendimiento"
"2019-2020";"84.7";"Total Ciencias sociales, periodismo y documentación";"Ambos Sexos";"Rendimiento"
"2018-2019";"76.11";"Total Ciencias sociales, periodismo y documentación";"Ambos Sexos";"Rendimiento"
"2017-2018";"75.77";"Total Ciencias sociales, periodismo y documentación";"Ambos Sexos";"Rendimiento"
"2016-2017";"76.73";"Total Ciencias sociales, periodismo y documentación";"Ambos Sexos";"Rendimiento"
"2015-2016";"77.09";"Total Ciencias sociales, periodismo y documentación";"Ambos Sexos";"Rendimiento"
"2022-2023";"87.3";"Psicología";"Ambos Sexos";"Rendimiento"
"2021-2022";"85.54";"Psicología";"Ambos Sexos";"Rendimiento"
"2020-2021";"84.03";"Psicología";"Ambos Sexos";"Rendimiento"
"2019-2020";"90.02";"Psicología";"Ambos Sexos";"Rendimiento"
"2018-2019";"82.3";"Psicología";"Ambos Sexos";"Rendimiento"
"2017-2018";"81.04";"Psicología";"Ambos Sexos";"Rendimiento"
"2016-2017";"81.81";"Psicología";"Ambos Sexos";"Rendimiento"
"2015-2016";"81.47";"Psicología";"Ambos Sexos";"Rendimiento"
"2022-2023";"65.3";"Economía";"Ambos Sexos";"Rendimiento"
"2021-2022";"61.17";"Economía";"Ambos Sexos";"Rendimiento"
"2020-2021";"60.28";"Economía";"Ambos Sexos";"Rendimiento"
"2019-2020";"74.38";"Economía";"Ambos Sexos";"Rendimiento"
"2018-2019";"62.38";"Economía";"Ambos Sexos";"Rendimiento"
"2017-2018";"65.58";"Economía";"Ambos Sexos";"Rendimiento"
"2016-2017";"67.28";"Economía";"Ambos Sexos";"Rendimiento"
"2015-2016";"64.98";"Economía";"Ambos Sexos";"Rendimiento"
"2022-2023";"79.1";"Otras Ciencias sociales y del comportamiento";"Ambos Sexos";"Rendimiento"
"2021-2022";"76.66";"Otras Ciencias sociales y del comportamiento";"Ambos Sexos";"Rendimiento"
"2020-2021";"76.96";"Otras Ciencias sociales y del comportamiento";"Ambos Sexos";"Rendimiento"
"2019-2020";"83.38";"Otras Ciencias sociales y del comportamiento";"Ambos Sexos";"Rendimiento"
"2018-2019";"73.81";"Otras Ciencias sociales y del comportamiento";"Ambos Sexos";"Rendimiento"
"2017-2018";"70.98";"Otras Ciencias sociales y del comportamiento";"Ambos Sexos";"Rendimiento"
"2016-2017";"72.1";"Otras Ciencias sociales y del comportamiento";"Ambos Sexos";"Rendimiento"
"2015-2016";"75.27";"Otras Ciencias sociales y del comportamiento";"Ambos Sexos";"Rendimiento"
"2022-2023";"86.7";"Periodismo e información";"Ambos Sexos";"Rendimiento"
"2021-2022";"86.55";"Periodismo e información";"Ambos Sexos";"Rendimiento"
"2020-2021";"85.69";"Periodismo e información";"Ambos Sexos";"Rendimiento"
"2019-2020";"90.57";"Periodismo e información";"Ambos Sexos";"Rendimiento"
"2018-2019";"86.79";"Periodismo e información";"Ambos Sexos";"Rendimiento"
"2017-2018";"86.04";"Periodismo e información";"Ambos Sexos";"Rendimiento"
"2016-2017";"85.7";"Periodismo e información";"Ambos Sexos";"Rendimiento"
"2015-2016";"86.25";"Periodismo e información";"Ambos Sexos";"Rendimiento"
"2022-2023";"67.47";"Total Negocios, administración y derecho";"Ambos Sexos";"Rendimiento"
"2021-2022";"64.31";"Total Negocios, administración y derecho";"Ambos Sexos";"Rendimiento"
"2020-2021";"67.75";"Total Negocios, administración y derecho";"Ambos Sexos";"Rendimiento"
"2019-2020";"79.43";"Total Negocios, administración y derecho";"Ambos Sexos";"Rendimiento"
"2018-2019";"68.02";"Total Negocios, administración y derecho";"Ambos Sexos";"Rendimiento"
"2017-2018";"65.98";"Total Negocios, administración y derecho";"Ambos Sexos";"Rendimiento"
"2016-2017";"65.08";"Total Negocios, administración y derecho";"Ambos Sexos";"Rendimiento"
"2015-2016";"66.3";"Total Negocios, administración y derecho";"Ambos Sexos";"Rendimiento"
"2022-2023";"62.81";"Administración y gestión de empresas";"Ambos Sexos";"Rendimiento"
"2021-2022";"60.36";"Administración y gestión de empresas";"Ambos Sexos";"Rendimiento"
"2020-2021";"60.11";"Administración y gestión de empresas";"Ambos Sexos";"Rendimiento"
"2019-2020";"73.56";"Administración y gestión de empresas";"Ambos Sexos";"Rendimiento"
"2018-2019";"63.52";"Administración y gestión de empresas";"Ambos Sexos";"Rendimiento"
"2017-2018";"61.91";"Administración y gestión de empresas";"Ambos Sexos";"Rendimiento"
"2016-2017";"59.5";"Administración y gestión de empresas";"Ambos Sexos";"Rendimiento"
"2015-2016";"63.06";"Administración y gestión de empresas";"Ambos Sexos";"Rendimiento"
"2022-2023";"83.46";"Otra Educación comercial y empresarial";"Ambos Sexos";"Rendimiento"
"2021-2022";"82.1";"Otra Educación comercial y empresarial";"Ambos Sexos";"Rendimiento"
"2020-2021";"81.13";"Otra Educación comercial y empresarial";"Ambos Sexos";"Rendimiento"
"2019-2020";"90.3";"Otra Educación comercial y empresarial";"Ambos Sexos";"Rendimiento"
"2018-2019";"81.31";"Otra Educación comercial y empresarial";"Ambos Sexos";"Rendimiento"
"2017-2018";"80.72";"Otra Educación comercial y empresarial";"Ambos Sexos";"Rendimiento"
"2016-2017";"79.15";"Otra Educación comercial y empresarial";"Ambos Sexos";"Rendimiento"
"2015-2016";"76.73";"Otra Educación comercial y empresarial";"Ambos Sexos";"Rendimiento"
"2022-2023";"66.97";"Derecho";"Ambos Sexos";"Rendimiento"
"2021-2022";"62.58";"Derecho";"Ambos Sexos";"Rendimiento"
"2020-2021";"71.02";"Derecho";"Ambos Sexos";"Rendimiento"
"2019-2020";"81.92";"Derecho";"Ambos Sexos";"Rendimiento"
"2018-2019";"68.95";"Derecho";"Ambos Sexos";"Rendimiento"
"2017-2018";"66.42";"Derecho";"Ambos Sexos";"Rendimiento"
"2016-2017";"67.69";"Derecho";"Ambos Sexos";"Rendimiento"
"2015-2016";"67.39";"Derecho";"Ambos Sexos";"Rendimiento"
"2022-2023";"74.89";"Total Ciencias";"Ambos Sexos";"Rendimiento"
"2021-2022";"72.04";"Total Ciencias";"Ambos Sexos";"Rendimiento"
"2020-2021";"71.69";"Total Ciencias";"Ambos Sexos";"Rendimiento"
"2019-2020";"81.24";"Total Ciencias";"Ambos Sexos";"Rendimiento"
"2018-2019";"73.43";"Total Ciencias";"Ambos Sexos";"Rendimiento"
"2017-2018";"72.61";"Total Ciencias";"Ambos Sexos";"Rendimiento"
"2016-2017";"71.45";"Total Ciencias";"Ambos Sexos";"Rendimiento"
"2015-2016";"71.56";"Total Ciencias";"Ambos Sexos";"Rendimiento"
"2022-2023";"77.28";"Ciencias de la vida";"Ambos Sexos";"Rendimiento"
"2021-2022";"74.05";"Ciencias de la vida";"Ambos Sexos";"Rendimiento"
"2020-2021";"75.84";"Ciencias de la vida";"Ambos Sexos";"Rendimiento"
"2019-2020";"86.58";"Ciencias de la vida";"Ambos Sexos";"Rendimiento"
"2018-2019";"76.73";"Ciencias de la vida";"Ambos Sexos";"Rendimiento"
"2017-2018";"75.88";"Ciencias de la vida";"Ambos Sexos";"Rendimiento"
"2016-2017";"75.53";"Ciencias de la vida";"Ambos Sexos";"Rendimiento"
"2015-2016";"76.62";"Ciencias de la vida";"Ambos Sexos";"Rendimiento"
"2022-2023";"70.33";"Ciencias Físicas, químicas, geológicas";"Ambos Sexos";"Rendimiento"
"2021-2022";"69.44";"Ciencias Físicas, químicas, geológicas";"Ambos Sexos";"Rendimiento"
"2020-2021";"65.71";"Ciencias Físicas, químicas, geológicas";"Ambos Sexos";"Rendimiento"
"2019-2020";"75.08";"Ciencias Físicas, químicas, geológicas";"Ambos Sexos";"Rendimiento"
"2018-2019";"69.99";"Ciencias Físicas, químicas, geológicas";"Ambos Sexos";"Rendimiento"
"2017-2018";"68.9";"Ciencias Físicas, químicas, geológicas";"Ambos Sexos";"Rendimiento"
"2016-2017";"67.67";"Ciencias Físicas, químicas, geológicas";"Ambos Sexos";"Rendimiento"
"2015-2016";"66.87";"Ciencias Físicas, químicas, geológicas";"Ambos Sexos";"Rendimiento"
"2022-2023";"75.54";"Matemáticas y Estadística";"Ambos Sexos";"Rendimiento"
"2021-2022";"70.47";"Matemáticas y Estadística";"Ambos Sexos";"Rendimiento"
"2020-2021";"69.31";"Matemáticas y Estadística";"Ambos Sexos";"Rendimiento"
"2019-2020";"73.54";"Matemáticas y Estadística";"Ambos Sexos";"Rendimiento"
"2018-2019";"67.86";"Matemáticas y Estadística";"Ambos Sexos";"Rendimiento"
"2017-2018";"67.0";"Matemáticas y Estadística";"Ambos Sexos";"Rendimiento"
"2016-2017";"61.72";"Matemáticas y Estadística";"Ambos Sexos";"Rendimiento"
"2015-2016";"58.76";"Matemáticas y Estadística";"Ambos Sexos";"Rendimiento"
"2022-2023";"69.07";"Total Informática";"Ambos Sexos";"Rendimiento"
"2021-2022";"65.82";"Total Informática";"Ambos Sexos";"Rendimiento"
"2020-2021";"64.44";"Total Informática";"Ambos Sexos";"Rendimiento"
"2019-2020";"70.51";"Total Informática";"Ambos Sexos";"Rendimiento"
"2018-2019";"64.27";"Total Informática";"Ambos Sexos";"Rendimiento"
"2017-2018";"63.34";"Total Informática";"Ambos Sexos";"Rendimiento"
"2016-2017";"55.47";"Total Informática";"Ambos Sexos";"Rendimiento"
"2015-2016";"54.39";"Total Informática";"Ambos Sexos";"Rendimiento"
"2022-2023";"69.07";"Informática";"Ambos Sexos";"Rendimiento"
"2021-2022";"65.82";"Informática";"Ambos Sexos";"Rendimiento"
"2020-2021";"64.44";"Informática";"Ambos Sexos";"Rendimiento"
"2019-2020";"70.51";"Informática";"Ambos Sexos";"Rendimiento"
"2018-2019";"64.27";"Informática";"Ambos Sexos";"Rendimiento"
"2017-2018";"63.34";"Informática";"Ambos Sexos";"Rendimiento"
"2016-2017";"55.47";"Informática";"Ambos Sexos";"Rendimiento"
"2015-2016";"54.39";"Informática";"Ambos Sexos";"Rendimiento"
"2022-2023";"68.85";"Total Ingeniería, industria y construcción";"Ambos Sexos";"Rendimiento"
"2021-2022";"67.71";"Total Ingeniería, industria y construcción";"Ambos Sexos";"Rendimiento"
"2020-2021";"70.46";"Total Ingeniería, industria y construcción";"Ambos Sexos";"Rendimiento"
"2019-2020";"84.06";"Total Ingeniería, industria y construcción";"Ambos Sexos";"Rendimiento"
"2018-2019";"70.12";"Total Ingeniería, industria y construcción";"Ambos Sexos";"Rendimiento"
"2017-2018";"73.42";"Total Ingeniería, industria y construcción";"Ambos Sexos";"Rendimiento"
"2016-2017";"72.16";"Total Ingeniería, industria y construcción";"Ambos Sexos";"Rendimiento"
"2015-2016";"70.73";"Total Ingeniería, industria y construcción";"Ambos Sexos";"Rendimiento"
"2022-2023";"68.85";"Ingenierías";"Ambos Sexos";"Rendimiento"
"2021-2022";"67.71";"Ingenierías";"Ambos Sexos";"Rendimiento"
"2020-2021";"70.46";"Ingenierías";"Ambos Sexos";"Rendimiento"
"2019-2020";"84.06";"Ingenierías";"Ambos Sexos";"Rendimiento"
"2018-2019";"70.12";"Ingenierías";"Ambos Sexos";"Rendimiento"
"2017-2018";"73.42";"Ingenierías";"Ambos Sexos";"Rendimiento"
"2016-2017";"72.16";"Ingenierías";"Ambos Sexos";"Rendimiento"
"2015-2016";"70.73";"Ingenierías";"Ambos Sexos";"Rendimiento"
"2022-2023";"..";"Arquitectura y construcción";"Ambos Sexos";"Rendimiento"
"2021-2022";"..";"Arquitectura y construcción";"Ambos Sexos";"Rendimiento"
"2020-2021";"..";"Arquitectura y construcción";"Ambos Sexos";"Rendimiento"
"2019-2020";"..";"Arquitectura y construcción";"Ambos Sexos";"Rendimiento"
"2018-2019";"..";"Arquitectura y construcción";"Ambos Sexos";"Rendimiento"
"2017-2018";"..";"Arquitectura y construcción";"Ambos Sexos";"Rendimiento"
"2016-2017";"..";"Arquitectura y construcción";"Ambos Sexos";"Rendimiento"
"2015-2016";"..";"Arquitectura y construcción";"Ambos Sexos";"Rendimiento"
"2022-2023";"81.08";"Total Agricultura, ganadería,  silvicultura, pesca, y veterinaria";"Ambos Sexos";"Rendimiento"
"2021-2022";"80.67";"Total Agricultura, ganadería,  silvicultura, pesca, y veterinaria";"Ambos Sexos";"Rendimiento"
"2020-2021";"78.92";"Total Agricultura, ganadería,  silvicultura, pesca, y veterinaria";"Ambos Sexos";"Rendimiento"
"2019-2020";"93.59";"Total Agricultura, ganadería,  silvicultura, pesca, y veterinaria";"Ambos Sexos";"Rendimiento"
"2018-2019";"80.82";"Total Agricultura, ganadería,  silvicultura, pesca, y veterinaria";"Ambos Sexos";"Rendimiento"
"2017-2018";"80.22";"Total Agricultura, ganadería,  silvicultura, pesca, y veterinaria";"Ambos Sexos";"Rendimiento"
"2016-2017";"78.97";"Total Agricultura, ganadería,  silvicultura, pesca, y veterinaria";"Ambos Sexos";"Rendimiento"
"2015-2016";"80.11";"Total Agricultura, ganadería,  silvicultura, pesca, y veterinaria";"Ambos Sexos";"Rendimiento"
"2022-2023";"..";"Agricultura, ganadería y pesca";"Ambos Sexos";"Rendimiento"
"2021-2022";"..";"Agricultura, ganadería y pesca";"Ambos Sexos";"Rendimiento"
"2020-2021";"..";"Agricultura, ganadería y pesca";"Ambos Sexos";"Rendimiento"
"2019-2020";"..";"Agricultura, ganadería y pesca";"Ambos Sexos";"Rendimiento"
"2018-2019";"..";"Agricultura, ganadería y pesca";"Ambos Sexos";"Rendimiento"
"2017-2018";"..";"Agricultura, ganadería y pesca";"Ambos Sexos";"Rendimiento"
"2016-2017";"..";"Agricultura, ganadería y pesca";"Ambos Sexos";"Rendimiento"
"2015-2016";"..";"Agricultura, ganadería y pesca";"Ambos Sexos";"Rendimiento"
"2022-2023";"81.08";"Veterinaria";"Ambos Sexos";"Rendimiento"
"2021-2022";"80.67";"Veterinaria";"Ambos Sexos";"Rendimiento"
"2020-2021";"78.92";"Veterinaria";"Ambos Sexos";"Rendimiento"
"2019-2020";"93.59";"Veterinaria";"Ambos Sexos";"Rendimiento"
"2018-2019";"80.82";"Veterinaria";"Ambos Sexos";"Rendimiento"
"2017-2018";"80.22";"Veterinaria";"Ambos Sexos";"Rendimiento"
"2016-2017";"78.97";"Veterinaria";"Ambos Sexos";"Rendimiento"
"2015-2016";"80.11";"Veterinaria";"Ambos Sexos";"Rendimiento"
"2022-2023";"86.29";"Total Salud y servicios sociales";"Ambos Sexos";"Rendimiento"
"2021-2022";"86.03";"Total Salud y servicios sociales";"Ambos Sexos";"Rendimiento"
"2020-2021";"85.86";"Total Salud y servicios sociales";"Ambos Sexos";"Rendimiento"
"2019-2020";"92.66";"Total Salud y servicios sociales";"Ambos Sexos";"Rendimiento"
"2018-2019";"86.09";"Total Salud y servicios sociales";"Ambos Sexos";"Rendimiento"
"2017-2018";"86.17";"Total Salud y servicios sociales";"Ambos Sexos";"Rendimiento"
"2016-2017";"86.29";"Total Salud y servicios sociales";"Ambos Sexos";"Rendimiento"
"2015-2016";"86.4";"Total Salud y servicios sociales";"Ambos Sexos";"Rendimiento"
"2022-2023";"86.28";"Medicina";"Ambos Sexos";"Rendimiento"
"2021-2022";"85.93";"Medicina";"Ambos Sexos";"Rendimiento"
"2020-2021";"86.07";"Medicina";"Ambos Sexos";"Rendimiento"
"2019-2020";"94.74";"Medicina";"Ambos Sexos";"Rendimiento"
"2018-2019";"88.02";"Medicina";"Ambos Sexos";"Rendimiento"
"2017-2018";"87.79";"Medicina";"Ambos Sexos";"Rendimiento"
"2016-2017";"87.75";"Medicina";"Ambos Sexos";"Rendimiento"
"2015-2016";"87.3";"Medicina";"Ambos Sexos";"Rendimiento"
"2022-2023";"92.02";"Enfermería y atención a enfermos";"Ambos Sexos";"Rendimiento"
"2021-2022";"91.67";"Enfermería y atención a enfermos";"Ambos Sexos";"Rendimiento"
"2020-2021";"90.7";"Enfermería y atención a enfermos";"Ambos Sexos";"Rendimiento"
"2019-2020";"93.99";"Enfermería y atención a enfermos";"Ambos Sexos";"Rendimiento"
"2018-2019";"89.79";"Enfermería y atención a enfermos";"Ambos Sexos";"Rendimiento"
"2017-2018";"89.22";"Enfermería y atención a enfermos";"Ambos Sexos";"Rendimiento"
"2016-2017";"90.62";"Enfermería y atención a enfermos";"Ambos Sexos";"Rendimiento"
"2015-2016";"89.93";"Enfermería y atención a enfermos";"Ambos Sexos";"Rendimiento"
"2022-2023";"83.15";"Otras ciencias de la Salud";"Ambos Sexos";"Rendimiento"
"2021-2022";"82.33";"Otras ciencias de la Salud";"Ambos Sexos";"Rendimiento"
"2020-2021";"82.08";"Otras ciencias de la Salud";"Ambos Sexos";"Rendimiento"
"2019-2020";"89.63";"Otras ciencias de la Salud";"Ambos Sexos";"Rendimiento"
"2018-2019";"81.58";"Otras ciencias de la Salud";"Ambos Sexos";"Rendimiento"
"2017-2018";"83.07";"Otras ciencias de la Salud";"Ambos Sexos";"Rendimiento"
"2016-2017";"82.77";"Otras ciencias de la Salud";"Ambos Sexos";"Rendimiento"
"2015-2016";"82.39";"Otras ciencias de la Salud";"Ambos Sexos";"Rendimiento"
"2022-2023";"82.61";"Trabajo social y orientación";"Ambos Sexos";"Rendimiento"
"2021-2022";"83.86";"Trabajo social y orientación";"Ambos Sexos";"Rendimiento"
"2020-2021";"85.14";"Trabajo social y orientación";"Ambos Sexos";"Rendimiento"
"2019-2020";"93.43";"Trabajo social y orientación";"Ambos Sexos";"Rendimiento"
"2018-2019";"86.25";"Trabajo social y orientación";"Ambos Sexos";"Rendimiento"
"2017-2018";"84.52";"Trabajo social y orientación";"Ambos Sexos";"Rendimiento"
"2016-2017";"83.06";"Trabajo social y orientación";"Ambos Sexos";"Rendimiento"
"2015-2016";"87.52";"Trabajo social y orientación";"Ambos Sexos";"Rendimiento"
"2022-2023";"84.42";"Total Servicios";"Ambos Sexos";"Rendimiento"
"2021-2022";"81.09";"Total Servicios";"Ambos Sexos";"Rendimiento"
"2020-2021";"81.5";"Total Servicios";"Ambos Sexos";"Rendimiento"
"2019-2020";"87.62";"Total Servicios";"Ambos Sexos";"Rendimiento"
"2018-2019";"79.88";"Total Servicios";"Ambos Sexos";"Rendimiento"
"2017-2018";"79.89";"Total Servicios";"Ambos Sexos";"Rendimiento"
"2016-2017";"78.36";"Total Servicios";"Ambos Sexos";"Rendimiento"
"2015-2016";"81.12";"Total Servicios";"Ambos Sexos";"Rendimiento"
"2022-2023";"85.89";"Deportes";"Ambos Sexos";"Rendimiento"
"2021-2022";"85.47";"Deportes";"Ambos Sexos";"Rendimiento"
"2020-2021";"85.79";"Deportes";"Ambos Sexos";"Rendimiento"
"2019-2020";"92.08";"Deportes";"Ambos Sexos";"Rendimiento"
"2018-2019";"83.19";"Deportes";"Ambos Sexos";"Rendimiento"
"2017-2018";"86.48";"Deportes";"Ambos Sexos";"Rendimiento"
"2016-2017";"86.82";"Deportes";"Ambos Sexos";"Rendimiento"
"2015-2016";"88.56";"Deportes";"Ambos Sexos";"Rendimiento"
"2022-2023";"72.67";"Turismo y Hostelería";"Ambos Sexos";"Rendimiento"
"2021-2022";"70.36";"Turismo y Hostelería";"Ambos Sexos";"Rendimiento"
"2020-2021";"71.88";"Turismo y Hostelería";"Ambos Sexos";"Rendimiento"
"2019-2020";"80.8";"Turismo y Hostelería";"Ambos Sexos";"Rendimiento"
"2018-2019";"74.8";"Turismo y Hostelería";"Ambos Sexos";"Rendimiento"
"2017-2018";"72.14";"Turismo y Hostelería";"Ambos Sexos";"Rendimiento"
"2016-2017";"68.72";"Turismo y Hostelería";"Ambos Sexos";"Rendimiento"
"2015-2016";"72.16";"Turismo y Hostelería";"Ambos Sexos";"Rendimiento"
"2022-2023";"92.72";"Otros Servicios";"Ambos Sexos";"Rendimiento"
"2021-2022";"84.71";"Otros Servicios";"Ambos Sexos";"Rendimiento"
"2020-2021";"86.93";"Otros Servicios";"Ambos Sexos";"Rendimiento"
"2019-2020";"87.6";"Otros Servicios";"Ambos Sexos";"Rendimiento"
"2018-2019";"85.89";"Otros Servicios";"Ambos Sexos";"Rendimiento"
"2017-2018";"..";"Otros Servicios";"Ambos Sexos";"Rendimiento"
"2016-2017";"..";"Otros Servicios";"Ambos Sexos";"Rendimiento"
"2015-2016";"..";"Otros Servicios";"Ambos Sexos";"Rendimiento"
"2022-2023";"???";"Murcia";"Ambos Sexos";"Exito"
"2021-2022";"???";"Murcia";"Ambos Sexos";"Exito"
"2020-2021";"???";"Murcia";"Ambos Sexos";"Exito"
"2019-2020";"???";"Murcia";"Ambos Sexos";"Exito"
"2018-2019";"???";"Murcia";"Ambos Sexos";"Exito"
"2017-2018";"???";"Murcia";"Ambos Sexos";"Exito"
"2016-2017";"???";"Murcia";"Ambos Sexos";"Exito"
"2015-2016";"???";"Murcia";"Ambos Sexos";"Exito"
"2022-2023";"89.58";"Todos los ámbitos";"Ambos Sexos";"Exito"
"2021-2022";"88.71";"Todos los ámbitos";"Ambos Sexos";"Exito"
"2020-2021";"88.5";"Todos los ámbitos";"Ambos Sexos";"Exito"
"2019-2020";"93.54";"Todos los ámbitos";"Ambos Sexos";"Exito"
"2018-2019";"88.48";"Todos los ámbitos";"Ambos Sexos";"Exito"
"2017-2018";"88.43";"Todos los ámbitos";"Ambos Sexos";"Exito"
"2016-2017";"88.24";"Todos los ámbitos";"Ambos Sexos";"Exito"
"2015-2016";"88.48";"Todos los ámbitos";"Ambos Sexos";"Exito"
"2022-2023";"94.77";"Total Educación";"Ambos Sexos";"Exito"
"2021-2022";"94.25";"Total Educación";"Ambos Sexos";"Exito"
"2020-2021";"93.66";"Total Educación";"Ambos Sexos";"Exito"
"2019-2020";"96.44";"Total Educación";"Ambos Sexos";"Exito"
"2018-2019";"92.59";"Total Educación";"Ambos Sexos";"Exito"
"2017-2018";"92.89";"Total Educación";"Ambos Sexos";"Exito"
"2016-2017";"93.17";"Total Educación";"Ambos Sexos";"Exito"
"2015-2016";"93.21";"Total Educación";"Ambos Sexos";"Exito"
"2022-2023";"96.11";"Formación de docentes de enseñanza infantil";"Ambos Sexos";"Exito"
"2021-2022";"96.42";"Formación de docentes de enseñanza infantil";"Ambos Sexos";"Exito"
"2020-2021";"96.4";"Formación de docentes de enseñanza infantil";"Ambos Sexos";"Exito"
"2019-2020";"97.26";"Formación de docentes de enseñanza infantil";"Ambos Sexos";"Exito"
"2018-2019";"94.4";"Formación de docentes de enseñanza infantil";"Ambos Sexos";"Exito"
"2017-2018";"95.18";"Formación de docentes de enseñanza infantil";"Ambos Sexos";"Exito"
"2016-2017";"95.77";"Formación de docentes de enseñanza infantil";"Ambos Sexos";"Exito"
"2015-2016";"96.12";"Formación de docentes de enseñanza infantil";"Ambos Sexos";"Exito"
"2022-2023";"93.73";"Formación de docentes de enseñanza primaria";"Ambos Sexos";"Exito"
"2021-2022";"93.32";"Formación de docentes de enseñanza primaria";"Ambos Sexos";"Exito"
"2020-2021";"92.17";"Formación de docentes de enseñanza primaria";"Ambos Sexos";"Exito"
"2019-2020";"95.84";"Formación de docentes de enseñanza primaria";"Ambos Sexos";"Exito"
"2018-2019";"91.71";"Formación de docentes de enseñanza primaria";"Ambos Sexos";"Exito"
"2017-2018";"91.82";"Formación de docentes de enseñanza primaria";"Ambos Sexos";"Exito"
"2016-2017";"91.8";"Formación de docentes de enseñanza primaria";"Ambos Sexos";"Exito"
"2015-2016";"91.78";"Formación de docentes de enseñanza primaria";"Ambos Sexos";"Exito"
"2022-2023";"95.37";"Otra Formación de personal docente y ciencias de la educación";"Ambos Sexos";"Exito"
"2021-2022";"93.73";"Otra Formación de personal docente y ciencias de la educación";"Ambos Sexos";"Exito"
"2020-2021";"93.98";"Otra Formación de personal docente y ciencias de la educación";"Ambos Sexos";"Exito"
"2019-2020";"96.94";"Otra Formación de personal docente y ciencias de la educación";"Ambos Sexos";"Exito"
"2018-2019";"92.69";"Otra Formación de personal docente y ciencias de la educación";"Ambos Sexos";"Exito"
"2017-2018";"93.02";"Otra Formación de personal docente y ciencias de la educación";"Ambos Sexos";"Exito"
"2016-2017";"93.61";"Otra Formación de personal docente y ciencias de la educación";"Ambos Sexos";"Exito"
"2015-2016";"93.43";"Otra Formación de personal docente y ciencias de la educación";"Ambos Sexos";"Exito"
"2022-2023";"91.3";"Total Artes y humanidades";"Ambos Sexos";"Exito"
"2021-2022";"90.63";"Total Artes y humanidades";"Ambos Sexos";"Exito"
"2020-2021";"90.72";"Total Artes y humanidades";"Ambos Sexos";"Exito"
"2019-2020";"94.42";"Total Artes y humanidades";"Ambos Sexos";"Exito"
"2018-2019";"91.01";"Total Artes y humanidades";"Ambos Sexos";"Exito"
"2017-2018";"91.15";"Total Artes y humanidades";"Ambos Sexos";"Exito"
"2016-2017";"92.04";"Total Artes y humanidades";"Ambos Sexos";"Exito"
"2015-2016";"91.12";"Total Artes y humanidades";"Ambos Sexos";"Exito"
"2022-2023";"94.4";"Técnicas audiovisuales y medios de comunicación";"Ambos Sexos";"Exito"
"2021-2022";"93.82";"Técnicas audiovisuales y medios de comunicación";"Ambos Sexos";"Exito"
"2020-2021";"94.84";"Técnicas audiovisuales y medios de comunicación";"Ambos Sexos";"Exito"
"2019-2020";"98.09";"Técnicas audiovisuales y medios de comunicación";"Ambos Sexos";"Exito"
"2018-2019";"95.88";"Técnicas audiovisuales y medios de comunicación";"Ambos Sexos";"Exito"
"2017-2018";"94.79";"Técnicas audiovisuales y medios de comunicación";"Ambos Sexos";"Exito"
"2016-2017";"93.27";"Técnicas audiovisuales y medios de comunicación";"Ambos Sexos";"Exito"
"2015-2016";"92.2";"Técnicas audiovisuales y medios de comunicación";"Ambos Sexos";"Exito"
"2022-2023";"94.94";"Artes";"Ambos Sexos";"Exito"
"2021-2022";"95.09";"Artes";"Ambos Sexos";"Exito"
"2020-2021";"94.56";"Artes";"Ambos Sexos";"Exito"
"2019-2020";"96.88";"Artes";"Ambos Sexos";"Exito"
"2018-2019";"95.58";"Artes";"Ambos Sexos";"Exito"
"2017-2018";"94.4";"Artes";"Ambos Sexos";"Exito"
"2016-2017";"96.13";"Artes";"Ambos Sexos";"Exito"
"2015-2016";"95.24";"Artes";"Ambos Sexos";"Exito"
"2022-2023";"89.71";"Lenguas";"Ambos Sexos";"Exito"
"2021-2022";"88.64";"Lenguas";"Ambos Sexos";"Exito"
"2020-2021";"88.68";"Lenguas";"Ambos Sexos";"Exito"
"2019-2020";"93.52";"Lenguas";"Ambos Sexos";"Exito"
"2018-2019";"88.71";"Lenguas";"Ambos Sexos";"Exito"
"2017-2018";"89.55";"Lenguas";"Ambos Sexos";"Exito"
"2016-2017";"90.72";"Lenguas";"Ambos Sexos";"Exito"
"2015-2016";"90.05";"Lenguas";"Ambos Sexos";"Exito"
"2022-2023";"90.28";"Humanidades";"Ambos Sexos";"Exito"
"2021-2022";"89.79";"Humanidades";"Ambos Sexos";"Exito"
"2020-2021";"90.25";"Humanidades";"Ambos Sexos";"Exito"
"2019-2020";"92.61";"Humanidades";"Ambos Sexos";"Exito"
"2018-2019";"89.88";"Humanidades";"Ambos Sexos";"Exito"
"2017-2018";"90.25";"Humanidades";"Ambos Sexos";"Exito"
"2016-2017";"90.53";"Humanidades";"Ambos Sexos";"Exito"
"2015-2016";"88.75";"Humanidades";"Ambos Sexos";"Exito"
"2022-2023";"89.03";"Total Ciencias sociales, periodismo y documentación";"Ambos Sexos";"Exito"
"2021-2022";"87.6";"Total Ciencias sociales, periodismo y documentación";"Ambos Sexos";"Exito"
"2020-2021";"86.91";"Total Ciencias sociales, periodismo y documentación";"Ambos Sexos";"Exito"
"2019-2020";"92.47";"Total Ciencias sociales, periodismo y documentación";"Ambos Sexos";"Exito"
"2018-2019";"86.43";"Total Ciencias sociales, periodismo y documentación";"Ambos Sexos";"Exito"
"2017-2018";"86.8";"Total Ciencias sociales, periodismo y documentación";"Ambos Sexos";"Exito"
"2016-2017";"87.83";"Total Ciencias sociales, periodismo y documentación";"Ambos Sexos";"Exito"
"2015-2016";"87.19";"Total Ciencias sociales, periodismo y documentación";"Ambos Sexos";"Exito"
"2022-2023";"91.37";"Psicología";"Ambos Sexos";"Exito"
"2021-2022";"91.08";"Psicología";"Ambos Sexos";"Exito"
"2020-2021";"90.64";"Psicología";"Ambos Sexos";"Exito"
"2019-2020";"95.26";"Psicología";"Ambos Sexos";"Exito"
"2018-2019";"89.4";"Psicología";"Ambos Sexos";"Exito"
"2017-2018";"89.32";"Psicología";"Ambos Sexos";"Exito"
"2016-2017";"89.5";"Psicología";"Ambos Sexos";"Exito"
"2015-2016";"88.86";"Psicología";"Ambos Sexos";"Exito"
"2022-2023";"79.85";"Economía";"Ambos Sexos";"Exito"
"2021-2022";"76.28";"Economía";"Ambos Sexos";"Exito"
"2020-2021";"75.51";"Economía";"Ambos Sexos";"Exito"
"2019-2020";"85.01";"Economía";"Ambos Sexos";"Exito"
"2018-2019";"75.69";"Economía";"Ambos Sexos";"Exito"
"2017-2018";"79.13";"Economía";"Ambos Sexos";"Exito"
"2016-2017";"79.7";"Economía";"Ambos Sexos";"Exito"
"2015-2016";"77.3";"Economía";"Ambos Sexos";"Exito"
"2022-2023";"89.33";"Otras Ciencias sociales y del comportamiento";"Ambos Sexos";"Exito"
"2021-2022";"87.54";"Otras Ciencias sociales y del comportamiento";"Ambos Sexos";"Exito"
"2020-2021";"86.46";"Otras Ciencias sociales y del comportamiento";"Ambos Sexos";"Exito"
"2019-2020";"91.98";"Otras Ciencias sociales y del comportamiento";"Ambos Sexos";"Exito"
"2018-2019";"86.41";"Otras Ciencias sociales y del comportamiento";"Ambos Sexos";"Exito"
"2017-2018";"85.19";"Otras Ciencias sociales y del comportamiento";"Ambos Sexos";"Exito"
"2016-2017";"88.44";"Otras Ciencias sociales y del comportamiento";"Ambos Sexos";"Exito"
"2015-2016";"88.27";"Otras Ciencias sociales y del comportamiento";"Ambos Sexos";"Exito"
"2022-2023";"93.83";"Periodismo e información";"Ambos Sexos";"Exito"
"2021-2022";"93.34";"Periodismo e información";"Ambos Sexos";"Exito"
"2020-2021";"93.31";"Periodismo e información";"Ambos Sexos";"Exito"
"2019-2020";"96.96";"Periodismo e información";"Ambos Sexos";"Exito"
"2018-2019";"93.66";"Periodismo e información";"Ambos Sexos";"Exito"
"2017-2018";"93.3";"Periodismo e información";"Ambos Sexos";"Exito"
"2016-2017";"93.59";"Periodismo e información";"Ambos Sexos";"Exito"
"2015-2016";"94.01";"Periodismo e información";"Ambos Sexos";"Exito"
"2022-2023";"82.83";"Total Negocios, administración y derecho";"Ambos Sexos";"Exito"
"2021-2022";"81.33";"Total Negocios, administración y derecho";"Ambos Sexos";"Exito"
"2020-2021";"82.29";"Total Negocios, administración y derecho";"Ambos Sexos";"Exito"
"2019-2020";"89.49";"Total Negocios, administración y derecho";"Ambos Sexos";"Exito"
"2018-2019";"82.97";"Total Negocios, administración y derecho";"Ambos Sexos";"Exito"
"2017-2018";"81.54";"Total Negocios, administración y derecho";"Ambos Sexos";"Exito"
"2016-2017";"80.45";"Total Negocios, administración y derecho";"Ambos Sexos";"Exito"
"2015-2016";"81.82";"Total Negocios, administración y derecho";"Ambos Sexos";"Exito"
"2022-2023";"78.4";"Administración y gestión de empresas";"Ambos Sexos";"Exito"
"2021-2022";"76.18";"Administración y gestión de empresas";"Ambos Sexos";"Exito"
"2020-2021";"75.87";"Administración y gestión de empresas";"Ambos Sexos";"Exito"
"2019-2020";"85.07";"Administración y gestión de empresas";"Ambos Sexos";"Exito"
"2018-2019";"78.45";"Administración y gestión de empresas";"Ambos Sexos";"Exito"
"2017-2018";"76.94";"Administración y gestión de empresas";"Ambos Sexos";"Exito"
"2016-2017";"74.58";"Administración y gestión de empresas";"Ambos Sexos";"Exito"
"2015-2016";"77.33";"Administración y gestión de empresas";"Ambos Sexos";"Exito"
"2022-2023";"90.69";"Otra Educación comercial y empresarial";"Ambos Sexos";"Exito"
"2021-2022";"89.44";"Otra Educación comercial y empresarial";"Ambos Sexos";"Exito"
"2020-2021";"88.14";"Otra Educación comercial y empresarial";"Ambos Sexos";"Exito"
"2019-2020";"95.17";"Otra Educación comercial y empresarial";"Ambos Sexos";"Exito"
"2018-2019";"88.9";"Otra Educación comercial y empresarial";"Ambos Sexos";"Exito"
"2017-2018";"88.06";"Otra Educación comercial y empresarial";"Ambos Sexos";"Exito"
"2016-2017";"88.51";"Otra Educación comercial y empresarial";"Ambos Sexos";"Exito"
"2015-2016";"86.38";"Otra Educación comercial y empresarial";"Ambos Sexos";"Exito"
"2022-2023";"84.12";"Derecho";"Ambos Sexos";"Exito"
"2021-2022";"83.21";"Derecho";"Ambos Sexos";"Exito"
"2020-2021";"86.13";"Derecho";"Ambos Sexos";"Exito"
"2019-2020";"91.87";"Derecho";"Ambos Sexos";"Exito"
"2018-2019";"85.78";"Derecho";"Ambos Sexos";"Exito"
"2017-2018";"84.64";"Derecho";"Ambos Sexos";"Exito"
"2016-2017";"84.73";"Derecho";"Ambos Sexos";"Exito"
"2015-2016";"86.0";"Derecho";"Ambos Sexos";"Exito"
"2022-2023";"87.14";"Total Ciencias";"Ambos Sexos";"Exito"
"2021-2022";"85.65";"Total Ciencias";"Ambos Sexos";"Exito"
"2020-2021";"85.34";"Total Ciencias";"Ambos Sexos";"Exito"
"2019-2020";"91.11";"Total Ciencias";"Ambos Sexos";"Exito"
"2018-2019";"85.42";"Total Ciencias";"Ambos Sexos";"Exito"
"2017-2018";"85.17";"Total Ciencias";"Ambos Sexos";"Exito"
"2016-2017";"84.56";"Total Ciencias";"Ambos Sexos";"Exito"
"2015-2016";"85.11";"Total Ciencias";"Ambos Sexos";"Exito"
"2022-2023";"87.93";"Ciencias de la vida";"Ambos Sexos";"Exito"
"2021-2022";"85.76";"Ciencias de la vida";"Ambos Sexos";"Exito"
"2020-2021";"86.24";"Ciencias de la vida";"Ambos Sexos";"Exito"
"2019-2020";"93.36";"Ciencias de la vida";"Ambos Sexos";"Exito"
"2018-2019";"86.79";"Ciencias de la vida";"Ambos Sexos";"Exito"
"2017-2018";"86.75";"Ciencias de la vida";"Ambos Sexos";"Exito"
"2016-2017";"86.33";"Ciencias de la vida";"Ambos Sexos";"Exito"
"2015-2016";"87.22";"Ciencias de la vida";"Ambos Sexos";"Exito"
"2022-2023";"83.96";"Ciencias Físicas, químicas, geológicas";"Ambos Sexos";"Exito"
"2021-2022";"84.44";"Ciencias Físicas, químicas, geológicas";"Ambos Sexos";"Exito"
"2020-2021";"82.54";"Ciencias Físicas, químicas, geológicas";"Ambos Sexos";"Exito"
"2019-2020";"87.69";"Ciencias Físicas, químicas, geológicas";"Ambos Sexos";"Exito"
"2018-2019";"83.87";"Ciencias Físicas, químicas, geológicas";"Ambos Sexos";"Exito"
"2017-2018";"82.8";"Ciencias Físicas, químicas, geológicas";"Ambos Sexos";"Exito"
"2016-2017";"82.62";"Ciencias Físicas, químicas, geológicas";"Ambos Sexos";"Exito"
"2015-2016";"83.38";"Ciencias Físicas, químicas, geológicas";"Ambos Sexos";"Exito"
"2022-2023";"89.77";"Matemáticas y Estadística";"Ambos Sexos";"Exito"
"2021-2022";"87.35";"Matemáticas y Estadística";"Ambos Sexos";"Exito"
"2020-2021";"87.34";"Matemáticas y Estadística";"Ambos Sexos";"Exito"
"2019-2020";"88.77";"Matemáticas y Estadística";"Ambos Sexos";"Exito"
"2018-2019";"83.01";"Matemáticas y Estadística";"Ambos Sexos";"Exito"
"2017-2018";"83.46";"Matemáticas y Estadística";"Ambos Sexos";"Exito"
"2016-2017";"80.25";"Matemáticas y Estadística";"Ambos Sexos";"Exito"
"2015-2016";"77.79";"Matemáticas y Estadística";"Ambos Sexos";"Exito"
"2022-2023";"86.25";"Total Informática";"Ambos Sexos";"Exito"
"2021-2022";"85.29";"Total Informática";"Ambos Sexos";"Exito"
"2020-2021";"83.13";"Total Informática";"Ambos Sexos";"Exito"
"2019-2020";"88.5";"Total Informática";"Ambos Sexos";"Exito"
"2018-2019";"82.03";"Total Informática";"Ambos Sexos";"Exito"
"2017-2018";"82.69";"Total Informática";"Ambos Sexos";"Exito"
"2016-2017";"79.15";"Total Informática";"Ambos Sexos";"Exito"
"2015-2016";"77.4";"Total Informática";"Ambos Sexos";"Exito"
"2022-2023";"86.25";"Informática";"Ambos Sexos";"Exito"
"2021-2022";"85.29";"Informática";"Ambos Sexos";"Exito"
"2020-2021";"83.13";"Informática";"Ambos Sexos";"Exito"
"2019-2020";"88.5";"Informática";"Ambos Sexos";"Exito"
"2018-2019";"82.03";"Informática";"Ambos Sexos";"Exito"
"2017-2018";"82.69";"Informática";"Ambos Sexos";"Exito"
"2016-2017";"79.15";"Informática";"Ambos Sexos";"Exito"
"2015-2016";"77.4";"Informática";"Ambos Sexos";"Exito"
"2022-2023";"82.49";"Total Ingeniería, industria y construcción";"Ambos Sexos";"Exito"
"2021-2022";"79.64";"Total Ingeniería, industria y construcción";"Ambos Sexos";"Exito"
"2020-2021";"83.06";"Total Ingeniería, industria y construcción";"Ambos Sexos";"Exito"
"2019-2020";"92.16";"Total Ingeniería, industria y construcción";"Ambos Sexos";"Exito"
"2018-2019";"84.14";"Total Ingeniería, industria y construcción";"Ambos Sexos";"Exito"
"2017-2018";"86.47";"Total Ingeniería, industria y construcción";"Ambos Sexos";"Exito"
"2016-2017";"85.66";"Total Ingeniería, industria y construcción";"Ambos Sexos";"Exito"
"2015-2016";"83.61";"Total Ingeniería, industria y construcción";"Ambos Sexos";"Exito"
"2022-2023";"82.49";"Ingenierías";"Ambos Sexos";"Exito"
"2021-2022";"79.64";"Ingenierías";"Ambos Sexos";"Exito"
"2020-2021";"83.06";"Ingenierías";"Ambos Sexos";"Exito"
"2019-2020";"92.16";"Ingenierías";"Ambos Sexos";"Exito"
"2018-2019";"84.14";"Ingenierías";"Ambos Sexos";"Exito"
"2017-2018";"86.47";"Ingenierías";"Ambos Sexos";"Exito"
"2016-2017";"85.66";"Ingenierías";"Ambos Sexos";"Exito"
"2015-2016";"83.61";"Ingenierías";"Ambos Sexos";"Exito"
"2022-2023";"..";"Arquitectura y construcción";"Ambos Sexos";"Exito"
"2021-2022";"..";"Arquitectura y construcción";"Ambos Sexos";"Exito"
"2020-2021";"..";"Arquitectura y construcción";"Ambos Sexos";"Exito"
"2019-2020";"..";"Arquitectura y construcción";"Ambos Sexos";"Exito"
"2018-2019";"..";"Arquitectura y construcción";"Ambos Sexos";"Exito"
"2017-2018";"..";"Arquitectura y construcción";"Ambos Sexos";"Exito"
"2016-2017";"..";"Arquitectura y construcción";"Ambos Sexos";"Exito"
"2015-2016";"..";"Arquitectura y construcción";"Ambos Sexos";"Exito"
"2022-2023";"89.76";"Total Agricultura, ganadería,  silvicultura, pesca, y veterinaria";"Ambos Sexos";"Exito"
"2021-2022";"88.66";"Total Agricultura, ganadería,  silvicultura, pesca, y veterinaria";"Ambos Sexos";"Exito"
"2020-2021";"87.25";"Total Agricultura, ganadería,  silvicultura, pesca, y veterinaria";"Ambos Sexos";"Exito"
"2019-2020";"96.62";"Total Agricultura, ganadería,  silvicultura, pesca, y veterinaria";"Ambos Sexos";"Exito"
"2018-2019";"88.99";"Total Agricultura, ganadería,  silvicultura, pesca, y veterinaria";"Ambos Sexos";"Exito"
"2017-2018";"88.29";"Total Agricultura, ganadería,  silvicultura, pesca, y veterinaria";"Ambos Sexos";"Exito"
"2016-2017";"88.46";"Total Agricultura, ganadería,  silvicultura, pesca, y veterinaria";"Ambos Sexos";"Exito"
"2015-2016";"88.55";"Total Agricultura, ganadería,  silvicultura, pesca, y veterinaria";"Ambos Sexos";"Exito"
"2022-2023";"..";"Agricultura, ganadería y pesca";"Ambos Sexos";"Exito"
"2021-2022";"..";"Agricultura, ganadería y pesca";"Ambos Sexos";"Exito"
"2020-2021";"..";"Agricultura, ganadería y pesca";"Ambos Sexos";"Exito"
"2019-2020";"..";"Agricultura, ganadería y pesca";"Ambos Sexos";"Exito"
"2018-2019";"..";"Agricultura, ganadería y pesca";"Ambos Sexos";"Exito"
"2017-2018";"..";"Agricultura, ganadería y pesca";"Ambos Sexos";"Exito"
"2016-2017";"..";"Agricultura, ganadería y pesca";"Ambos Sexos";"Exito"
"2015-2016";"..";"Agricultura, ganadería y pesca";"Ambos Sexos";"Exito"
"2022-2023";"89.76";"Veterinaria";"Ambos Sexos";"Exito"
"2021-2022";"88.66";"Veterinaria";"Ambos Sexos";"Exito"
"2020-2021";"87.25";"Veterinaria";"Ambos Sexos";"Exito"
"2019-2020";"96.62";"Veterinaria";"Ambos Sexos";"Exito"
"2018-2019";"88.99";"Veterinaria";"Ambos Sexos";"Exito"
"2017-2018";"88.29";"Veterinaria";"Ambos Sexos";"Exito"
"2016-2017";"88.46";"Veterinaria";"Ambos Sexos";"Exito"
"2015-2016";"88.55";"Veterinaria";"Ambos Sexos";"Exito"
"2022-2023";"92.47";"Total Salud y servicios sociales";"Ambos Sexos";"Exito"
"2021-2022";"92.5";"Total Salud y servicios sociales";"Ambos Sexos";"Exito"
"2020-2021";"92.22";"Total Salud y servicios sociales";"Ambos Sexos";"Exito"
"2019-2020";"96.54";"Total Salud y servicios sociales";"Ambos Sexos";"Exito"
"2018-2019";"92.39";"Total Salud y servicios sociales";"Ambos Sexos";"Exito"
"2017-2018";"92.56";"Total Salud y servicios sociales";"Ambos Sexos";"Exito"
"2016-2017";"92.35";"Total Salud y servicios sociales";"Ambos Sexos";"Exito"
"2015-2016";"92.77";"Total Salud y servicios sociales";"Ambos Sexos";"Exito"
"2022-2023";"94.06";"Medicina";"Ambos Sexos";"Exito"
"2021-2022";"93.31";"Medicina";"Ambos Sexos";"Exito"
"2020-2021";"93.34";"Medicina";"Ambos Sexos";"Exito"
"2019-2020";"97.87";"Medicina";"Ambos Sexos";"Exito"
"2018-2019";"94.78";"Medicina";"Ambos Sexos";"Exito"
"2017-2018";"94.82";"Medicina";"Ambos Sexos";"Exito"
"2016-2017";"94.89";"Medicina";"Ambos Sexos";"Exito"
"2015-2016";"94.42";"Medicina";"Ambos Sexos";"Exito"
"2022-2023";"96.07";"Enfermería y atención a enfermos";"Ambos Sexos";"Exito"
"2021-2022";"95.76";"Enfermería y atención a enfermos";"Ambos Sexos";"Exito"
"2020-2021";"94.94";"Enfermería y atención a enfermos";"Ambos Sexos";"Exito"
"2019-2020";"97.39";"Enfermería y atención a enfermos";"Ambos Sexos";"Exito"
"2018-2019";"94.54";"Enfermería y atención a enfermos";"Ambos Sexos";"Exito"
"2017-2018";"93.55";"Enfermería y atención a enfermos";"Ambos Sexos";"Exito"
"2016-2017";"94.96";"Enfermería y atención a enfermos";"Ambos Sexos";"Exito"
"2015-2016";"95.08";"Enfermería y atención a enfermos";"Ambos Sexos";"Exito"
"2022-2023";"89.47";"Otras ciencias de la Salud";"Ambos Sexos";"Exito"
"2021-2022";"89.95";"Otras ciencias de la Salud";"Ambos Sexos";"Exito"
"2020-2021";"89.16";"Otras ciencias de la Salud";"Ambos Sexos";"Exito"
"2019-2020";"94.35";"Otras ciencias de la Salud";"Ambos Sexos";"Exito"
"2018-2019";"88.7";"Otras ciencias de la Salud";"Ambos Sexos";"Exito"
"2017-2018";"90.19";"Otras ciencias de la Salud";"Ambos Sexos";"Exito"
"2016-2017";"89.17";"Otras ciencias de la Salud";"Ambos Sexos";"Exito"
"2015-2016";"89.17";"Otras ciencias de la Salud";"Ambos Sexos";"Exito"
"2022-2023";"89.02";"Trabajo social y orientación";"Ambos Sexos";"Exito"
"2021-2022";"90.05";"Trabajo social y orientación";"Ambos Sexos";"Exito"
"2020-2021";"92.02";"Trabajo social y orientación";"Ambos Sexos";"Exito"
"2019-2020";"97.68";"Trabajo social y orientación";"Ambos Sexos";"Exito"
"2018-2019";"92.39";"Trabajo social y orientación";"Ambos Sexos";"Exito"
"2017-2018";"91.8";"Trabajo social y orientación";"Ambos Sexos";"Exito"
"2016-2017";"89.38";"Trabajo social y orientación";"Ambos Sexos";"Exito"
"2015-2016";"93.76";"Trabajo social y orientación";"Ambos Sexos";"Exito"
"2022-2023";"91.65";"Total Servicios";"Ambos Sexos";"Exito"
"2021-2022";"90.86";"Total Servicios";"Ambos Sexos";"Exito"
"2020-2021";"90.14";"Total Servicios";"Ambos Sexos";"Exito"
"2019-2020";"94.45";"Total Servicios";"Ambos Sexos";"Exito"
"2018-2019";"88.06";"Total Servicios";"Ambos Sexos";"Exito"
"2017-2018";"89.38";"Total Servicios";"Ambos Sexos";"Exito"
"2016-2017";"87.71";"Total Servicios";"Ambos Sexos";"Exito"
"2015-2016";"89.5";"Total Servicios";"Ambos Sexos";"Exito"
"2022-2023";"90.47";"Deportes";"Ambos Sexos";"Exito"
"2021-2022";"90.69";"Deportes";"Ambos Sexos";"Exito"
"2020-2021";"91.26";"Deportes";"Ambos Sexos";"Exito"
"2019-2020";"95.69";"Deportes";"Ambos Sexos";"Exito"
"2018-2019";"88.76";"Deportes";"Ambos Sexos";"Exito"
"2017-2018";"91.77";"Deportes";"Ambos Sexos";"Exito"
"2016-2017";"90.91";"Deportes";"Ambos Sexos";"Exito"
"2015-2016";"91.85";"Deportes";"Ambos Sexos";"Exito"
"2022-2023";"90.85";"Turismo y Hostelería";"Ambos Sexos";"Exito"
"2021-2022";"88.78";"Turismo y Hostelería";"Ambos Sexos";"Exito"
"2020-2021";"86.1";"Turismo y Hostelería";"Ambos Sexos";"Exito"
"2019-2020";"91.67";"Turismo y Hostelería";"Ambos Sexos";"Exito"
"2018-2019";"86.77";"Turismo y Hostelería";"Ambos Sexos";"Exito"
"2017-2018";"85.98";"Turismo y Hostelería";"Ambos Sexos";"Exito"
"2016-2017";"83.48";"Turismo y Hostelería";"Ambos Sexos";"Exito"
"2015-2016";"86.24";"Turismo y Hostelería";"Ambos Sexos";"Exito"
"2022-2023";"96.09";"Otros Servicios";"Ambos Sexos";"Exito"
"2021-2022";"94.0";"Otros Servicios";"Ambos Sexos";"Exito"
"2020-2021";"93.91";"Otros Servicios";"Ambos Sexos";"Exito"
"2019-2020";"96.88";"Otros Servicios";"Ambos Sexos";"Exito"
"2018-2019";"90.21";"Otros Servicios";"Ambos Sexos";"Exito"
"2017-2018";"..";"Otros Servicios";"Ambos Sexos";"Exito"
"2016-2017";"..";"Otros Servicios";"Ambos Sexos";"Exito"
"2015-2016";"..";"Otros Servicios";"Ambos Sexos";"Exito"
"2022-2023";"???";"Murcia";"Ambos Sexos";"Evaluacion"
"2021-2022";"???";"Murcia";"Ambos Sexos";"Evaluacion"
"2020-2021";"???";"Murcia";"Ambos Sexos";"Evaluacion"
"2019-2020";"???";"Murcia";"Ambos Sexos";"Evaluacion"
"2018-2019";"???";"Murcia";"Ambos Sexos";"Evaluacion"
"2017-2018";"???";"Murcia";"Ambos Sexos";"Evaluacion"
"2016-2017";"???";"Murcia";"Ambos Sexos";"Evaluacion"
"2015-2016";"???";"Murcia";"Ambos Sexos";"Evaluacion"
"2022-2023";"88.71";"Todos los ámbitos";"Ambos Sexos";"Evaluacion"
"2021-2022";"87.56";"Todos los ámbitos";"Ambos Sexos";"Evaluacion"
"2020-2021";"88.2";"Todos los ámbitos";"Ambos Sexos";"Evaluacion"
"2019-2020";"92.07";"Todos los ámbitos";"Ambos Sexos";"Evaluacion"
"2018-2019";"88.07";"Todos los ámbitos";"Ambos Sexos";"Evaluacion"
"2017-2018";"87.61";"Todos los ámbitos";"Ambos Sexos";"Evaluacion"
"2016-2017";"87.4";"Todos los ámbitos";"Ambos Sexos";"Evaluacion"
"2015-2016";"87.57";"Todos los ámbitos";"Ambos Sexos";"Evaluacion"
"2022-2023";"95.13";"Total Educación";"Ambos Sexos";"Evaluacion"
"2021-2022";"95.09";"Total Educación";"Ambos Sexos";"Evaluacion"
"2020-2021";"95.16";"Total Educación";"Ambos Sexos";"Evaluacion"
"2019-2020";"96.65";"Total Educación";"Ambos Sexos";"Evaluacion"
"2018-2019";"94.12";"Total Educación";"Ambos Sexos";"Evaluacion"
"2017-2018";"94.15";"Total Educación";"Ambos Sexos";"Evaluacion"
"2016-2017";"94.14";"Total Educación";"Ambos Sexos";"Evaluacion"
"2015-2016";"94.58";"Total Educación";"Ambos Sexos";"Evaluacion"
"2022-2023";"96.92";"Formación de docentes de enseñanza infantil";"Ambos Sexos";"Evaluacion"
"2021-2022";"95.95";"Formación de docentes de enseñanza infantil";"Ambos Sexos";"Evaluacion"
"2020-2021";"97.33";"Formación de docentes de enseñanza infantil";"Ambos Sexos";"Evaluacion"
"2019-2020";"97.68";"Formación de docentes de enseñanza infantil";"Ambos Sexos";"Evaluacion"
"2018-2019";"96.59";"Formación de docentes de enseñanza infantil";"Ambos Sexos";"Evaluacion"
"2017-2018";"95.54";"Formación de docentes de enseñanza infantil";"Ambos Sexos";"Evaluacion"
"2016-2017";"96.2";"Formación de docentes de enseñanza infantil";"Ambos Sexos";"Evaluacion"
"2015-2016";"96.91";"Formación de docentes de enseñanza infantil";"Ambos Sexos";"Evaluacion"
"2022-2023";"94.64";"Formación de docentes de enseñanza primaria";"Ambos Sexos";"Evaluacion"
"2021-2022";"95.16";"Formación de docentes de enseñanza primaria";"Ambos Sexos";"Evaluacion"
"2020-2021";"94.69";"Formación de docentes de enseñanza primaria";"Ambos Sexos";"Evaluacion"
"2019-2020";"96.46";"Formación de docentes de enseñanza primaria";"Ambos Sexos";"Evaluacion"
"2018-2019";"93.45";"Formación de docentes de enseñanza primaria";"Ambos Sexos";"Evaluacion"
"2017-2018";"93.91";"Formación de docentes de enseñanza primaria";"Ambos Sexos";"Evaluacion"
"2016-2017";"93.43";"Formación de docentes de enseñanza primaria";"Ambos Sexos";"Evaluacion"
"2015-2016";"93.93";"Formación de docentes de enseñanza primaria";"Ambos Sexos";"Evaluacion"
"2022-2023";"94.07";"Otra Formación de personal docente y ciencias de la educación";"Ambos Sexos";"Evaluacion"
"2021-2022";"93.99";"Otra Formación de personal docente y ciencias de la educación";"Ambos Sexos";"Evaluacion"
"2020-2021";"94.0";"Otra Formación de personal docente y ciencias de la educación";"Ambos Sexos";"Evaluacion"
"2019-2020";"96.1";"Otra Formación de personal docente y ciencias de la educación";"Ambos Sexos";"Evaluacion"
"2018-2019";"93.23";"Otra Formación de personal docente y ciencias de la educación";"Ambos Sexos";"Evaluacion"
"2017-2018";"93.35";"Otra Formación de personal docente y ciencias de la educación";"Ambos Sexos";"Evaluacion"
"2016-2017";"93.67";"Otra Formación de personal docente y ciencias de la educación";"Ambos Sexos";"Evaluacion"
"2015-2016";"93.7";"Otra Formación de personal docente y ciencias de la educación";"Ambos Sexos";"Evaluacion"
"2022-2023";"88.11";"Total Artes y humanidades";"Ambos Sexos";"Evaluacion"
"2021-2022";"87.03";"Total Artes y humanidades";"Ambos Sexos";"Evaluacion"
"2020-2021";"87.04";"Total Artes y humanidades";"Ambos Sexos";"Evaluacion"
"2019-2020";"90.67";"Total Artes y humanidades";"Ambos Sexos";"Evaluacion"
"2018-2019";"86.51";"Total Artes y humanidades";"Ambos Sexos";"Evaluacion"
"2017-2018";"86.41";"Total Artes y humanidades";"Ambos Sexos";"Evaluacion"
"2016-2017";"86.85";"Total Artes y humanidades";"Ambos Sexos";"Evaluacion"
"2015-2016";"86.39";"Total Artes y humanidades";"Ambos Sexos";"Evaluacion"
"2022-2023";"94.55";"Técnicas audiovisuales y medios de comunicación";"Ambos Sexos";"Evaluacion"
"2021-2022";"92.85";"Técnicas audiovisuales y medios de comunicación";"Ambos Sexos";"Evaluacion"
"2020-2021";"94.58";"Técnicas audiovisuales y medios de comunicación";"Ambos Sexos";"Evaluacion"
"2019-2020";"95.42";"Técnicas audiovisuales y medios de comunicación";"Ambos Sexos";"Evaluacion"
"2018-2019";"94.15";"Técnicas audiovisuales y medios de comunicación";"Ambos Sexos";"Evaluacion"
"2017-2018";"92.15";"Técnicas audiovisuales y medios de comunicación";"Ambos Sexos";"Evaluacion"
"2016-2017";"92.36";"Técnicas audiovisuales y medios de comunicación";"Ambos Sexos";"Evaluacion"
"2015-2016";"92.95";"Técnicas audiovisuales y medios de comunicación";"Ambos Sexos";"Evaluacion"
"2022-2023";"87.4";"Artes";"Ambos Sexos";"Evaluacion"
"2021-2022";"87.38";"Artes";"Ambos Sexos";"Evaluacion"
"2020-2021";"86.44";"Artes";"Ambos Sexos";"Evaluacion"
"2019-2020";"88.23";"Artes";"Ambos Sexos";"Evaluacion"
"2018-2019";"84.73";"Artes";"Ambos Sexos";"Evaluacion"
"2017-2018";"86.13";"Artes";"Ambos Sexos";"Evaluacion"
"2016-2017";"86.96";"Artes";"Ambos Sexos";"Evaluacion"
"2015-2016";"86.76";"Artes";"Ambos Sexos";"Evaluacion"
"2022-2023";"89.17";"Lenguas";"Ambos Sexos";"Evaluacion"
"2021-2022";"87.58";"Lenguas";"Ambos Sexos";"Evaluacion"
"2020-2021";"87.51";"Lenguas";"Ambos Sexos";"Evaluacion"
"2019-2020";"92.43";"Lenguas";"Ambos Sexos";"Evaluacion"
"2018-2019";"87.47";"Lenguas";"Ambos Sexos";"Evaluacion"
"2017-2018";"87.29";"Lenguas";"Ambos Sexos";"Evaluacion"
"2016-2017";"88.13";"Lenguas";"Ambos Sexos";"Evaluacion"
"2015-2016";"87.26";"Lenguas";"Ambos Sexos";"Evaluacion"
"2022-2023";"84.07";"Humanidades";"Ambos Sexos";"Evaluacion"
"2021-2022";"83.3";"Humanidades";"Ambos Sexos";"Evaluacion"
"2020-2021";"83.74";"Humanidades";"Ambos Sexos";"Evaluacion"
"2019-2020";"86.75";"Humanidades";"Ambos Sexos";"Evaluacion"
"2018-2019";"82.64";"Humanidades";"Ambos Sexos";"Evaluacion"
"2017-2018";"81.87";"Humanidades";"Ambos Sexos";"Evaluacion"
"2016-2017";"80.82";"Humanidades";"Ambos Sexos";"Evaluacion"
"2015-2016";"80.68";"Humanidades";"Ambos Sexos";"Evaluacion"
"2022-2023";"89.82";"Total Ciencias sociales, periodismo y documentación";"Ambos Sexos";"Evaluacion"
"2021-2022";"88.77";"Total Ciencias sociales, periodismo y documentación";"Ambos Sexos";"Evaluacion"
"2020-2021";"88.66";"Total Ciencias sociales, periodismo y documentación";"Ambos Sexos";"Evaluacion"
"2019-2020";"91.6";"Total Ciencias sociales, periodismo y documentación";"Ambos Sexos";"Evaluacion"
"2018-2019";"88.06";"Total Ciencias sociales, periodismo y documentación";"Ambos Sexos";"Evaluacion"
"2017-2018";"87.29";"Total Ciencias sociales, periodismo y documentación";"Ambos Sexos";"Evaluacion"
"2016-2017";"87.37";"Total Ciencias sociales, periodismo y documentación";"Ambos Sexos";"Evaluacion"
"2015-2016";"88.41";"Total Ciencias sociales, periodismo y documentación";"Ambos Sexos";"Evaluacion"
"2022-2023";"95.55";"Psicología";"Ambos Sexos";"Evaluacion"
"2021-2022";"93.92";"Psicología";"Ambos Sexos";"Evaluacion"
"2020-2021";"92.7";"Psicología";"Ambos Sexos";"Evaluacion"
"2019-2020";"94.49";"Psicología";"Ambos Sexos";"Evaluacion"
"2018-2019";"92.07";"Psicología";"Ambos Sexos";"Evaluacion"
"2017-2018";"90.73";"Psicología";"Ambos Sexos";"Evaluacion"
"2016-2017";"91.41";"Psicología";"Ambos Sexos";"Evaluacion"
"2015-2016";"91.68";"Psicología";"Ambos Sexos";"Evaluacion"
"2022-2023";"81.78";"Economía";"Ambos Sexos";"Evaluacion"
"2021-2022";"80.19";"Economía";"Ambos Sexos";"Evaluacion"
"2020-2021";"79.82";"Economía";"Ambos Sexos";"Evaluacion"
"2019-2020";"87.49";"Economía";"Ambos Sexos";"Evaluacion"
"2018-2019";"82.41";"Economía";"Ambos Sexos";"Evaluacion"
"2017-2018";"82.88";"Economía";"Ambos Sexos";"Evaluacion"
"2016-2017";"84.42";"Economía";"Ambos Sexos";"Evaluacion"
"2015-2016";"84.07";"Economía";"Ambos Sexos";"Evaluacion"
"2022-2023";"88.55";"Otras Ciencias sociales y del comportamiento";"Ambos Sexos";"Evaluacion"
"2021-2022";"87.58";"Otras Ciencias sociales y del comportamiento";"Ambos Sexos";"Evaluacion"
"2020-2021";"89.01";"Otras Ciencias sociales y del comportamiento";"Ambos Sexos";"Evaluacion"
"2019-2020";"90.65";"Otras Ciencias sociales y del comportamiento";"Ambos Sexos";"Evaluacion"
"2018-2019";"85.41";"Otras Ciencias sociales y del comportamiento";"Ambos Sexos";"Evaluacion"
"2017-2018";"83.32";"Otras Ciencias sociales y del comportamiento";"Ambos Sexos";"Evaluacion"
"2016-2017";"81.53";"Otras Ciencias sociales y del comportamiento";"Ambos Sexos";"Evaluacion"
"2015-2016";"85.26";"Otras Ciencias sociales y del comportamiento";"Ambos Sexos";"Evaluacion"
"2022-2023";"92.4";"Periodismo e información";"Ambos Sexos";"Evaluacion"
"2021-2022";"92.73";"Periodismo e información";"Ambos Sexos";"Evaluacion"
"2020-2021";"91.83";"Periodismo e información";"Ambos Sexos";"Evaluacion"
"2019-2020";"93.41";"Periodismo e información";"Ambos Sexos";"Evaluacion"
"2018-2019";"92.67";"Periodismo e información";"Ambos Sexos";"Evaluacion"
"2017-2018";"92.22";"Periodismo e información";"Ambos Sexos";"Evaluacion"
"2016-2017";"91.57";"Periodismo e información";"Ambos Sexos";"Evaluacion"
"2015-2016";"91.75";"Periodismo e información";"Ambos Sexos";"Evaluacion"
"2022-2023";"81.47";"Total Negocios, administración y derecho";"Ambos Sexos";"Evaluacion"
"2021-2022";"79.07";"Total Negocios, administración y derecho";"Ambos Sexos";"Evaluacion"
"2020-2021";"82.33";"Total Negocios, administración y derecho";"Ambos Sexos";"Evaluacion"
"2019-2020";"88.75";"Total Negocios, administración y derecho";"Ambos Sexos";"Evaluacion"
"2018-2019";"81.98";"Total Negocios, administración y derecho";"Ambos Sexos";"Evaluacion"
"2017-2018";"80.92";"Total Negocios, administración y derecho";"Ambos Sexos";"Evaluacion"
"2016-2017";"80.89";"Total Negocios, administración y derecho";"Ambos Sexos";"Evaluacion"
"2015-2016";"81.04";"Total Negocios, administración y derecho";"Ambos Sexos";"Evaluacion"
"2022-2023";"80.12";"Administración y gestión de empresas";"Ambos Sexos";"Evaluacion"
"2021-2022";"79.23";"Administración y gestión de empresas";"Ambos Sexos";"Evaluacion"
"2020-2021";"79.22";"Administración y gestión de empresas";"Ambos Sexos";"Evaluacion"
"2019-2020";"86.46";"Administración y gestión de empresas";"Ambos Sexos";"Evaluacion"
"2018-2019";"80.97";"Administración y gestión de empresas";"Ambos Sexos";"Evaluacion"
"2017-2018";"80.46";"Administración y gestión de empresas";"Ambos Sexos";"Evaluacion"
"2016-2017";"79.79";"Administración y gestión de empresas";"Ambos Sexos";"Evaluacion"
"2015-2016";"81.55";"Administración y gestión de empresas";"Ambos Sexos";"Evaluacion"
"2022-2023";"92.02";"Otra Educación comercial y empresarial";"Ambos Sexos";"Evaluacion"
"2021-2022";"91.8";"Otra Educación comercial y empresarial";"Ambos Sexos";"Evaluacion"
"2020-2021";"92.04";"Otra Educación comercial y empresarial";"Ambos Sexos";"Evaluacion"
"2019-2020";"94.88";"Otra Educación comercial y empresarial";"Ambos Sexos";"Evaluacion"
"2018-2019";"91.47";"Otra Educación comercial y empresarial";"Ambos Sexos";"Evaluacion"
"2017-2018";"91.67";"Otra Educación comercial y empresarial";"Ambos Sexos";"Evaluacion"
"2016-2017";"89.42";"Otra Educación comercial y empresarial";"Ambos Sexos";"Evaluacion"
"2015-2016";"88.83";"Otra Educación comercial y empresarial";"Ambos Sexos";"Evaluacion"
"2022-2023";"79.62";"Derecho";"Ambos Sexos";"Evaluacion"
"2021-2022";"75.21";"Derecho";"Ambos Sexos";"Evaluacion"
"2020-2021";"82.47";"Derecho";"Ambos Sexos";"Evaluacion"
"2019-2020";"89.17";"Derecho";"Ambos Sexos";"Evaluacion"
"2018-2019";"80.38";"Derecho";"Ambos Sexos";"Evaluacion"
"2017-2018";"78.48";"Derecho";"Ambos Sexos";"Evaluacion"
"2016-2017";"79.88";"Derecho";"Ambos Sexos";"Evaluacion"
"2015-2016";"78.36";"Derecho";"Ambos Sexos";"Evaluacion"
"2022-2023";"85.94";"Total Ciencias";"Ambos Sexos";"Evaluacion"
"2021-2022";"84.12";"Total Ciencias";"Ambos Sexos";"Evaluacion"
"2020-2021";"84.01";"Total Ciencias";"Ambos Sexos";"Evaluacion"
"2019-2020";"89.17";"Total Ciencias";"Ambos Sexos";"Evaluacion"
"2018-2019";"85.96";"Total Ciencias";"Ambos Sexos";"Evaluacion"
"2017-2018";"85.25";"Total Ciencias";"Ambos Sexos";"Evaluacion"
"2016-2017";"84.5";"Total Ciencias";"Ambos Sexos";"Evaluacion"
"2015-2016";"84.08";"Total Ciencias";"Ambos Sexos";"Evaluacion"
"2022-2023";"87.9";"Ciencias de la vida";"Ambos Sexos";"Evaluacion"
"2021-2022";"86.35";"Ciencias de la vida";"Ambos Sexos";"Evaluacion"
"2020-2021";"87.94";"Ciencias de la vida";"Ambos Sexos";"Evaluacion"
"2019-2020";"92.74";"Ciencias de la vida";"Ambos Sexos";"Evaluacion"
"2018-2019";"88.41";"Ciencias de la vida";"Ambos Sexos";"Evaluacion"
"2017-2018";"87.47";"Ciencias de la vida";"Ambos Sexos";"Evaluacion"
"2016-2017";"87.49";"Ciencias de la vida";"Ambos Sexos";"Evaluacion"
"2015-2016";"87.85";"Ciencias de la vida";"Ambos Sexos";"Evaluacion"
"2022-2023";"83.76";"Ciencias Físicas, químicas, geológicas";"Ambos Sexos";"Evaluacion"
"2021-2022";"82.24";"Ciencias Físicas, químicas, geológicas";"Ambos Sexos";"Evaluacion"
"2020-2021";"79.6";"Ciencias Físicas, químicas, geológicas";"Ambos Sexos";"Evaluacion"
"2019-2020";"85.63";"Ciencias Físicas, químicas, geológicas";"Ambos Sexos";"Evaluacion"
"2018-2019";"83.45";"Ciencias Físicas, químicas, geológicas";"Ambos Sexos";"Evaluacion"
"2017-2018";"83.21";"Ciencias Físicas, químicas, geológicas";"Ambos Sexos";"Evaluacion"
"2016-2017";"81.9";"Ciencias Físicas, químicas, geológicas";"Ambos Sexos";"Evaluacion"
"2015-2016";"80.2";"Ciencias Físicas, químicas, geológicas";"Ambos Sexos";"Evaluacion"
"2022-2023";"84.15";"Matemáticas y Estadística";"Ambos Sexos";"Evaluacion"
"2021-2022";"80.67";"Matemáticas y Estadística";"Ambos Sexos";"Evaluacion"
"2020-2021";"79.35";"Matemáticas y Estadística";"Ambos Sexos";"Evaluacion"
"2019-2020";"82.84";"Matemáticas y Estadística";"Ambos Sexos";"Evaluacion"
"2018-2019";"81.75";"Matemáticas y Estadística";"Ambos Sexos";"Evaluacion"
"2017-2018";"80.28";"Matemáticas y Estadística";"Ambos Sexos";"Evaluacion"
"2016-2017";"76.91";"Matemáticas y Estadística";"Ambos Sexos";"Evaluacion"
"2015-2016";"75.54";"Matemáticas y Estadística";"Ambos Sexos";"Evaluacion"
"2022-2023";"80.08";"Total Informática";"Ambos Sexos";"Evaluacion"
"2021-2022";"77.17";"Total Informática";"Ambos Sexos";"Evaluacion"
"2020-2021";"77.52";"Total Informática";"Ambos Sexos";"Evaluacion"
"2019-2020";"79.66";"Total Informática";"Ambos Sexos";"Evaluacion"
"2018-2019";"78.34";"Total Informática";"Ambos Sexos";"Evaluacion"
"2017-2018";"76.61";"Total Informática";"Ambos Sexos";"Evaluacion"
"2016-2017";"70.09";"Total Informática";"Ambos Sexos";"Evaluacion"
"2015-2016";"70.27";"Total Informática";"Ambos Sexos";"Evaluacion"
"2022-2023";"80.08";"Informática";"Ambos Sexos";"Evaluacion"
"2021-2022";"77.17";"Informática";"Ambos Sexos";"Evaluacion"
"2020-2021";"77.52";"Informática";"Ambos Sexos";"Evaluacion"
"2019-2020";"79.66";"Informática";"Ambos Sexos";"Evaluacion"
"2018-2019";"78.34";"Informática";"Ambos Sexos";"Evaluacion"
"2017-2018";"76.61";"Informática";"Ambos Sexos";"Evaluacion"
"2016-2017";"70.09";"Informática";"Ambos Sexos";"Evaluacion"
"2015-2016";"70.27";"Informática";"Ambos Sexos";"Evaluacion"
"2022-2023";"83.47";"Total Ingeniería, industria y construcción";"Ambos Sexos";"Evaluacion"
"2021-2022";"85.03";"Total Ingeniería, industria y construcción";"Ambos Sexos";"Evaluacion"
"2020-2021";"84.82";"Total Ingeniería, industria y construcción";"Ambos Sexos";"Evaluacion"
"2019-2020";"91.2";"Total Ingeniería, industria y construcción";"Ambos Sexos";"Evaluacion"
"2018-2019";"83.33";"Total Ingeniería, industria y construcción";"Ambos Sexos";"Evaluacion"
"2017-2018";"84.91";"Total Ingeniería, industria y construcción";"Ambos Sexos";"Evaluacion"
"2016-2017";"84.24";"Total Ingeniería, industria y construcción";"Ambos Sexos";"Evaluacion"
"2015-2016";"84.6";"Total Ingeniería, industria y construcción";"Ambos Sexos";"Evaluacion"
"2022-2023";"83.47";"Ingenierías";"Ambos Sexos";"Evaluacion"
"2021-2022";"85.03";"Ingenierías";"Ambos Sexos";"Evaluacion"
"2020-2021";"84.82";"Ingenierías";"Ambos Sexos";"Evaluacion"
"2019-2020";"91.2";"Ingenierías";"Ambos Sexos";"Evaluacion"
"2018-2019";"83.33";"Ingenierías";"Ambos Sexos";"Evaluacion"
"2017-2018";"84.91";"Ingenierías";"Ambos Sexos";"Evaluacion"
"2016-2017";"84.24";"Ingenierías";"Ambos Sexos";"Evaluacion"
"2015-2016";"84.6";"Ingenierías";"Ambos Sexos";"Evaluacion"
"2022-2023";"..";"Arquitectura y construcción";"Ambos Sexos";"Evaluacion"
"2021-2022";"..";"Arquitectura y construcción";"Ambos Sexos";"Evaluacion"
"2020-2021";"..";"Arquitectura y construcción";"Ambos Sexos";"Evaluacion"
"2019-2020";"..";"Arquitectura y construcción";"Ambos Sexos";"Evaluacion"
"2018-2019";"..";"Arquitectura y construcción";"Ambos Sexos";"Evaluacion"
"2017-2018";"..";"Arquitectura y construcción";"Ambos Sexos";"Evaluacion"
"2016-2017";"..";"Arquitectura y construcción";"Ambos Sexos";"Evaluacion"
"2015-2016";"..";"Arquitectura y construcción";"Ambos Sexos";"Evaluacion"
"2022-2023";"90.33";"Total Agricultura, ganadería,  silvicultura, pesca, y veterinaria";"Ambos Sexos";"Evaluacion"
"2021-2022";"90.99";"Total Agricultura, ganadería,  silvicultura, pesca, y veterinaria";"Ambos Sexos";"Evaluacion"
"2020-2021";"90.45";"Total Agricultura, ganadería,  silvicultura, pesca, y veterinaria";"Ambos Sexos";"Evaluacion"
"2019-2020";"96.86";"Total Agricultura, ganadería,  silvicultura, pesca, y veterinaria";"Ambos Sexos";"Evaluacion"
"2018-2019";"90.82";"Total Agricultura, ganadería,  silvicultura, pesca, y veterinaria";"Ambos Sexos";"Evaluacion"
"2017-2018";"90.86";"Total Agricultura, ganadería,  silvicultura, pesca, y veterinaria";"Ambos Sexos";"Evaluacion"
"2016-2017";"89.27";"Total Agricultura, ganadería,  silvicultura, pesca, y veterinaria";"Ambos Sexos";"Evaluacion"
"2015-2016";"90.47";"Total Agricultura, ganadería,  silvicultura, pesca, y veterinaria";"Ambos Sexos";"Evaluacion"
"2022-2023";"..";"Agricultura, ganadería y pesca";"Ambos Sexos";"Evaluacion"
"2021-2022";"..";"Agricultura, ganadería y pesca";"Ambos Sexos";"Evaluacion"
"2020-2021";"..";"Agricultura, ganadería y pesca";"Ambos Sexos";"Evaluacion"
"2019-2020";"..";"Agricultura, ganadería y pesca";"Ambos Sexos";"Evaluacion"
"2018-2019";"..";"Agricultura, ganadería y pesca";"Ambos Sexos";"Evaluacion"
"2017-2018";"..";"Agricultura, ganadería y pesca";"Ambos Sexos";"Evaluacion"
"2016-2017";"..";"Agricultura, ganadería y pesca";"Ambos Sexos";"Evaluacion"
"2015-2016";"..";"Agricultura, ganadería y pesca";"Ambos Sexos";"Evaluacion"
"2022-2023";"90.33";"Veterinaria";"Ambos Sexos";"Evaluacion"
"2021-2022";"90.99";"Veterinaria";"Ambos Sexos";"Evaluacion"
"2020-2021";"90.45";"Veterinaria";"Ambos Sexos";"Evaluacion"
"2019-2020";"96.86";"Veterinaria";"Ambos Sexos";"Evaluacion"
"2018-2019";"90.82";"Veterinaria";"Ambos Sexos";"Evaluacion"
"2017-2018";"90.86";"Veterinaria";"Ambos Sexos";"Evaluacion"
"2016-2017";"89.27";"Veterinaria";"Ambos Sexos";"Evaluacion"
"2015-2016";"90.47";"Veterinaria";"Ambos Sexos";"Evaluacion"
"2022-2023";"93.32";"Total Salud y servicios sociales";"Ambos Sexos";"Evaluacion"
"2021-2022";"93.0";"Total Salud y servicios sociales";"Ambos Sexos";"Evaluacion"
"2020-2021";"93.09";"Total Salud y servicios sociales";"Ambos Sexos";"Evaluacion"
"2019-2020";"95.98";"Total Salud y servicios sociales";"Ambos Sexos";"Evaluacion"
"2018-2019";"93.17";"Total Salud y servicios sociales";"Ambos Sexos";"Evaluacion"
"2017-2018";"93.1";"Total Salud y servicios sociales";"Ambos Sexos";"Evaluacion"
"2016-2017";"93.44";"Total Salud y servicios sociales";"Ambos Sexos";"Evaluacion"
"2015-2016";"93.13";"Total Salud y servicios sociales";"Ambos Sexos";"Evaluacion"
"2022-2023";"91.73";"Medicina";"Ambos Sexos";"Evaluacion"
"2021-2022";"92.08";"Medicina";"Ambos Sexos";"Evaluacion"
"2020-2021";"92.21";"Medicina";"Ambos Sexos";"Evaluacion"
"2019-2020";"96.8";"Medicina";"Ambos Sexos";"Evaluacion"
"2018-2019";"92.86";"Medicina";"Ambos Sexos";"Evaluacion"
"2017-2018";"92.59";"Medicina";"Ambos Sexos";"Evaluacion"
"2016-2017";"92.47";"Medicina";"Ambos Sexos";"Evaluacion"
"2015-2016";"92.47";"Medicina";"Ambos Sexos";"Evaluacion"
"2022-2023";"95.78";"Enfermería y atención a enfermos";"Ambos Sexos";"Evaluacion"
"2021-2022";"95.72";"Enfermería y atención a enfermos";"Ambos Sexos";"Evaluacion"
"2020-2021";"95.54";"Enfermería y atención a enfermos";"Ambos Sexos";"Evaluacion"
"2019-2020";"96.5";"Enfermería y atención a enfermos";"Ambos Sexos";"Evaluacion"
"2018-2019";"94.97";"Enfermería y atención a enfermos";"Ambos Sexos";"Evaluacion"
"2017-2018";"95.37";"Enfermería y atención a enfermos";"Ambos Sexos";"Evaluacion"
"2016-2017";"95.42";"Enfermería y atención a enfermos";"Ambos Sexos";"Evaluacion"
"2015-2016";"94.58";"Enfermería y atención a enfermos";"Ambos Sexos";"Evaluacion"
"2022-2023";"92.94";"Otras ciencias de la Salud";"Ambos Sexos";"Evaluacion"
"2021-2022";"91.53";"Otras ciencias de la Salud";"Ambos Sexos";"Evaluacion"
"2020-2021";"92.06";"Otras ciencias de la Salud";"Ambos Sexos";"Evaluacion"
"2019-2020";"94.99";"Otras ciencias de la Salud";"Ambos Sexos";"Evaluacion"
"2018-2019";"91.97";"Otras ciencias de la Salud";"Ambos Sexos";"Evaluacion"
"2017-2018";"92.1";"Otras ciencias de la Salud";"Ambos Sexos";"Evaluacion"
"2016-2017";"92.82";"Otras ciencias de la Salud";"Ambos Sexos";"Evaluacion"
"2015-2016";"92.4";"Otras ciencias de la Salud";"Ambos Sexos";"Evaluacion"
"2022-2023";"92.81";"Trabajo social y orientación";"Ambos Sexos";"Evaluacion"
"2021-2022";"93.13";"Trabajo social y orientación";"Ambos Sexos";"Evaluacion"
"2020-2021";"92.52";"Trabajo social y orientación";"Ambos Sexos";"Evaluacion"
"2019-2020";"95.66";"Trabajo social y orientación";"Ambos Sexos";"Evaluacion"
"2018-2019";"93.36";"Trabajo social y orientación";"Ambos Sexos";"Evaluacion"
"2017-2018";"92.08";"Trabajo social y orientación";"Ambos Sexos";"Evaluacion"
"2016-2017";"92.93";"Trabajo social y orientación";"Ambos Sexos";"Evaluacion"
"2015-2016";"93.35";"Trabajo social y orientación";"Ambos Sexos";"Evaluacion"
"2022-2023";"92.12";"Total Servicios";"Ambos Sexos";"Evaluacion"
"2021-2022";"89.25";"Total Servicios";"Ambos Sexos";"Evaluacion"
"2020-2021";"90.42";"Total Servicios";"Ambos Sexos";"Evaluacion"
"2019-2020";"92.78";"Total Servicios";"Ambos Sexos";"Evaluacion"
"2018-2019";"90.71";"Total Servicios";"Ambos Sexos";"Evaluacion"
"2017-2018";"89.39";"Total Servicios";"Ambos Sexos";"Evaluacion"
"2016-2017";"89.35";"Total Servicios";"Ambos Sexos";"Evaluacion"
"2015-2016";"90.64";"Total Servicios";"Ambos Sexos";"Evaluacion"
"2022-2023";"94.94";"Deportes";"Ambos Sexos";"Evaluacion"
"2021-2022";"94.25";"Deportes";"Ambos Sexos";"Evaluacion"
"2020-2021";"94.0";"Deportes";"Ambos Sexos";"Evaluacion"
"2019-2020";"96.23";"Deportes";"Ambos Sexos";"Evaluacion"
"2018-2019";"93.72";"Deportes";"Ambos Sexos";"Evaluacion"
"2017-2018";"94.24";"Deportes";"Ambos Sexos";"Evaluacion"
"2016-2017";"95.51";"Deportes";"Ambos Sexos";"Evaluacion"
"2015-2016";"96.42";"Deportes";"Ambos Sexos";"Evaluacion"
"2022-2023";"79.99";"Turismo y Hostelería";"Ambos Sexos";"Evaluacion"
"2021-2022";"79.25";"Turismo y Hostelería";"Ambos Sexos";"Evaluacion"
"2020-2021";"83.48";"Turismo y Hostelería";"Ambos Sexos";"Evaluacion"
"2019-2020";"88.14";"Turismo y Hostelería";"Ambos Sexos";"Evaluacion"
"2018-2019";"86.21";"Turismo y Hostelería";"Ambos Sexos";"Evaluacion"
"2017-2018";"83.9";"Turismo y Hostelería";"Ambos Sexos";"Evaluacion"
"2016-2017";"82.32";"Turismo y Hostelería";"Ambos Sexos";"Evaluacion"
"2015-2016";"83.67";"Turismo y Hostelería";"Ambos Sexos";"Evaluacion"
"2022-2023";"96.49";"Otros Servicios";"Ambos Sexos";"Evaluacion"
"2021-2022";"90.11";"Otros Servicios";"Ambos Sexos";"Evaluacion"
"2020-2021";"92.56";"Otros Servicios";"Ambos Sexos";"Evaluacion"
"2019-2020";"90.42";"Otros Servicios";"Ambos Sexos";"Evaluacion"
"2018-2019";"95.2";"Otros Servicios";"Ambos Sexos";"Evaluacion"
"2017-2018";"..";"Otros Servicios";"Ambos Sexos";"Evaluacion"
"2016-2017";"..";"Otros Servicios";"Ambos Sexos";"Evaluacion"
"2015-2016";"..";"Otros Servicios";"Ambos Sexos";"Evaluacion"
"2022-2023";"???";"Murcia";"Hombres";"Rendimiento"
"2021-2022";"???";"Murcia";"Hombres";"Rendimiento"
"2020-2021";"???";"Murcia";"Hombres";"Rendimiento"
"2019-2020";"???";"Murcia";"Hombres";"Rendimiento"
"2018-2019";"???";"Murcia";"Hombres";"Rendimiento"
"2017-2018";"???";"Murcia";"Hombres";"Rendimiento"
"2016-2017";"???";"Murcia";"Hombres";"Rendimiento"
"2015-2016";"???";"Murcia";"Hombres";"Rendimiento"
"2022-2023";"75.0";"Todos los ámbitos";"Hombres";"Rendimiento"
"2021-2022";"72.85";"Todos los ámbitos";"Hombres";"Rendimiento"
"2020-2021";"72.42";"Todos los ámbitos";"Hombres";"Rendimiento"
"2019-2020";"81.52";"Todos los ámbitos";"Hombres";"Rendimiento"
"2018-2019";"73.37";"Todos los ámbitos";"Hombres";"Rendimiento"
"2017-2018";"72.33";"Todos los ámbitos";"Hombres";"Rendimiento"
"2016-2017";"71.81";"Todos los ámbitos";"Hombres";"Rendimiento"
"2015-2016";"71.98";"Todos los ámbitos";"Hombres";"Rendimiento"
"2022-2023";"85.8";"Total Educación";"Hombres";"Rendimiento"
"2021-2022";"84.52";"Total Educación";"Hombres";"Rendimiento"
"2020-2021";"83.26";"Total Educación";"Hombres";"Rendimiento"
"2019-2020";"90.48";"Total Educación";"Hombres";"Rendimiento"
"2018-2019";"81.97";"Total Educación";"Hombres";"Rendimiento"
"2017-2018";"80.82";"Total Educación";"Hombres";"Rendimiento"
"2016-2017";"82.0";"Total Educación";"Hombres";"Rendimiento"
"2015-2016";"83.54";"Total Educación";"Hombres";"Rendimiento"
"2022-2023";"89.9";"Formación de docentes de enseñanza infantil";"Hombres";"Rendimiento"
"2021-2022";"81.95";"Formación de docentes de enseñanza infantil";"Hombres";"Rendimiento"
"2020-2021";"82.43";"Formación de docentes de enseñanza infantil";"Hombres";"Rendimiento"
"2019-2020";"91.57";"Formación de docentes de enseñanza infantil";"Hombres";"Rendimiento"
"2018-2019";"85.04";"Formación de docentes de enseñanza infantil";"Hombres";"Rendimiento"
"2017-2018";"74.86";"Formación de docentes de enseñanza infantil";"Hombres";"Rendimiento"
"2016-2017";"91.48";"Formación de docentes de enseñanza infantil";"Hombres";"Rendimiento"
"2015-2016";"89.63";"Formación de docentes de enseñanza infantil";"Hombres";"Rendimiento"
"2022-2023";"85.44";"Formación de docentes de enseñanza primaria";"Hombres";"Rendimiento"
"2021-2022";"85.48";"Formación de docentes de enseñanza primaria";"Hombres";"Rendimiento"
"2020-2021";"83.49";"Formación de docentes de enseñanza primaria";"Hombres";"Rendimiento"
"2019-2020";"90.44";"Formación de docentes de enseñanza primaria";"Hombres";"Rendimiento"
"2018-2019";"81.38";"Formación de docentes de enseñanza primaria";"Hombres";"Rendimiento"
"2017-2018";"81.2";"Formación de docentes de enseñanza primaria";"Hombres";"Rendimiento"
"2016-2017";"81.33";"Formación de docentes de enseñanza primaria";"Hombres";"Rendimiento"
"2015-2016";"82.64";"Formación de docentes de enseñanza primaria";"Hombres";"Rendimiento"
"2022-2023";"85.54";"Otra Formación de personal docente y ciencias de la educación";"Hombres";"Rendimiento"
"2021-2022";"81.74";"Otra Formación de personal docente y ciencias de la educación";"Hombres";"Rendimiento"
"2020-2021";"82.67";"Otra Formación de personal docente y ciencias de la educación";"Hombres";"Rendimiento"
"2019-2020";"90.38";"Otra Formación de personal docente y ciencias de la educación";"Hombres";"Rendimiento"
"2018-2019";"83.27";"Otra Formación de personal docente y ciencias de la educación";"Hombres";"Rendimiento"
"2017-2018";"80.63";"Otra Formación de personal docente y ciencias de la educación";"Hombres";"Rendimiento"
"2016-2017";"82.84";"Otra Formación de personal docente y ciencias de la educación";"Hombres";"Rendimiento"
"2015-2016";"85.51";"Otra Formación de personal docente y ciencias de la educación";"Hombres";"Rendimiento"
"2022-2023";"77.62";"Total Artes y humanidades";"Hombres";"Rendimiento"
"2021-2022";"76.64";"Total Artes y humanidades";"Hombres";"Rendimiento"
"2020-2021";"76.33";"Total Artes y humanidades";"Hombres";"Rendimiento"
"2019-2020";"81.93";"Total Artes y humanidades";"Hombres";"Rendimiento"
"2018-2019";"75.77";"Total Artes y humanidades";"Hombres";"Rendimiento"
"2017-2018";"74.87";"Total Artes y humanidades";"Hombres";"Rendimiento"
"2016-2017";"77.93";"Total Artes y humanidades";"Hombres";"Rendimiento"
"2015-2016";"75.4";"Total Artes y humanidades";"Hombres";"Rendimiento"
"2022-2023";"88.25";"Técnicas audiovisuales y medios de comunicación";"Hombres";"Rendimiento"
"2021-2022";"85.89";"Técnicas audiovisuales y medios de comunicación";"Hombres";"Rendimiento"
"2020-2021";"89.04";"Técnicas audiovisuales y medios de comunicación";"Hombres";"Rendimiento"
"2019-2020";"94.11";"Técnicas audiovisuales y medios de comunicación";"Hombres";"Rendimiento"
"2018-2019";"91.26";"Técnicas audiovisuales y medios de comunicación";"Hombres";"Rendimiento"
"2017-2018";"85.26";"Técnicas audiovisuales y medios de comunicación";"Hombres";"Rendimiento"
"2016-2017";"85.3";"Técnicas audiovisuales y medios de comunicación";"Hombres";"Rendimiento"
"2015-2016";"85.01";"Técnicas audiovisuales y medios de comunicación";"Hombres";"Rendimiento"
"2022-2023";"78.11";"Artes";"Hombres";"Rendimiento"
"2021-2022";"80.5";"Artes";"Hombres";"Rendimiento"
"2020-2021";"77.9";"Artes";"Hombres";"Rendimiento"
"2019-2020";"81.28";"Artes";"Hombres";"Rendimiento"
"2018-2019";"76.43";"Artes";"Hombres";"Rendimiento"
"2017-2018";"78.18";"Artes";"Hombres";"Rendimiento"
"2016-2017";"82.13";"Artes";"Hombres";"Rendimiento"
"2015-2016";"80.24";"Artes";"Hombres";"Rendimiento"
"2022-2023";"76.59";"Lenguas";"Hombres";"Rendimiento"
"2021-2022";"75.02";"Lenguas";"Hombres";"Rendimiento"
"2020-2021";"73.71";"Lenguas";"Hombres";"Rendimiento"
"2019-2020";"82.35";"Lenguas";"Hombres";"Rendimiento"
"2018-2019";"72.55";"Lenguas";"Hombres";"Rendimiento"
"2017-2018";"71.77";"Lenguas";"Hombres";"Rendimiento"
"2016-2017";"77.04";"Lenguas";"Hombres";"Rendimiento"
"2015-2016";"75.37";"Lenguas";"Hombres";"Rendimiento"
"2022-2023";"75.38";"Humanidades";"Hombres";"Rendimiento"
"2021-2022";"73.56";"Humanidades";"Hombres";"Rendimiento"
"2020-2021";"74.1";"Humanidades";"Hombres";"Rendimiento"
"2019-2020";"77.75";"Humanidades";"Hombres";"Rendimiento"
"2018-2019";"72.62";"Humanidades";"Hombres";"Rendimiento"
"2017-2018";"72.43";"Humanidades";"Hombres";"Rendimiento"
"2016-2017";"73.88";"Humanidades";"Hombres";"Rendimiento"
"2015-2016";"68.8";"Humanidades";"Hombres";"Rendimiento"
"2022-2023";"75.1";"Total Ciencias sociales, periodismo y documentación";"Hombres";"Rendimiento"
"2021-2022";"71.99";"Total Ciencias sociales, periodismo y documentación";"Hombres";"Rendimiento"
"2020-2021";"71.3";"Total Ciencias sociales, periodismo y documentación";"Hombres";"Rendimiento"
"2019-2020";"80.32";"Total Ciencias sociales, periodismo y documentación";"Hombres";"Rendimiento"
"2018-2019";"72.16";"Total Ciencias sociales, periodismo y documentación";"Hombres";"Rendimiento"
"2017-2018";"71.38";"Total Ciencias sociales, periodismo y documentación";"Hombres";"Rendimiento"
"2016-2017";"72.41";"Total Ciencias sociales, periodismo y documentación";"Hombres";"Rendimiento"
"2015-2016";"72.52";"Total Ciencias sociales, periodismo y documentación";"Hombres";"Rendimiento"
"2022-2023";"84.52";"Psicología";"Hombres";"Rendimiento"
"2021-2022";"81.51";"Psicología";"Hombres";"Rendimiento"
"2020-2021";"80.79";"Psicología";"Hombres";"Rendimiento"
"2019-2020";"87.01";"Psicología";"Hombres";"Rendimiento"
"2018-2019";"77.51";"Psicología";"Hombres";"Rendimiento"
"2017-2018";"74.95";"Psicología";"Hombres";"Rendimiento"
"2016-2017";"76.11";"Psicología";"Hombres";"Rendimiento"
"2015-2016";"76.72";"Psicología";"Hombres";"Rendimiento"
"2022-2023";"65.06";"Economía";"Hombres";"Rendimiento"
"2021-2022";"58.32";"Economía";"Hombres";"Rendimiento"
"2020-2021";"57.42";"Economía";"Hombres";"Rendimiento"
"2019-2020";"72.94";"Economía";"Hombres";"Rendimiento"
"2018-2019";"61.44";"Economía";"Hombres";"Rendimiento"
"2017-2018";"63.6";"Economía";"Hombres";"Rendimiento"
"2016-2017";"66.06";"Economía";"Hombres";"Rendimiento"
"2015-2016";"63.02";"Economía";"Hombres";"Rendimiento"
"2022-2023";"73.84";"Otras Ciencias sociales y del comportamiento";"Hombres";"Rendimiento"
"2021-2022";"71.96";"Otras Ciencias sociales y del comportamiento";"Hombres";"Rendimiento"
"2020-2021";"72.34";"Otras Ciencias sociales y del comportamiento";"Hombres";"Rendimiento"
"2019-2020";"79.69";"Otras Ciencias sociales y del comportamiento";"Hombres";"Rendimiento"
"2018-2019";"71.72";"Otras Ciencias sociales y del comportamiento";"Hombres";"Rendimiento"
"2017-2018";"70.42";"Otras Ciencias sociales y del comportamiento";"Hombres";"Rendimiento"
"2016-2017";"70.15";"Otras Ciencias sociales y del comportamiento";"Hombres";"Rendimiento"
"2015-2016";"73.7";"Otras Ciencias sociales y del comportamiento";"Hombres";"Rendimiento"
"2022-2023";"83.91";"Periodismo e información";"Hombres";"Rendimiento"
"2021-2022";"84.16";"Periodismo e información";"Hombres";"Rendimiento"
"2020-2021";"83.18";"Periodismo e información";"Hombres";"Rendimiento"
"2019-2020";"86.95";"Periodismo e información";"Hombres";"Rendimiento"
"2018-2019";"84.99";"Periodismo e información";"Hombres";"Rendimiento"
"2017-2018";"83.09";"Periodismo e información";"Hombres";"Rendimiento"
"2016-2017";"83.3";"Periodismo e información";"Hombres";"Rendimiento"
"2015-2016";"82.43";"Periodismo e información";"Hombres";"Rendimiento"
"2022-2023";"64.2";"Total Negocios, administración y derecho";"Hombres";"Rendimiento"
"2021-2022";"61.09";"Total Negocios, administración y derecho";"Hombres";"Rendimiento"
"2020-2021";"63.18";"Total Negocios, administración y derecho";"Hombres";"Rendimiento"
"2019-2020";"76.36";"Total Negocios, administración y derecho";"Hombres";"Rendimiento"
"2018-2019";"66.46";"Total Negocios, administración y derecho";"Hombres";"Rendimiento"
"2017-2018";"63.57";"Total Negocios, administración y derecho";"Hombres";"Rendimiento"
"2016-2017";"62.06";"Total Negocios, administración y derecho";"Hombres";"Rendimiento"
"2015-2016";"63.07";"Total Negocios, administración y derecho";"Hombres";"Rendimiento"
"2022-2023";"59.53";"Administración y gestión de empresas";"Hombres";"Rendimiento"
"2021-2022";"56.89";"Administración y gestión de empresas";"Hombres";"Rendimiento"
"2020-2021";"55.75";"Administración y gestión de empresas";"Hombres";"Rendimiento"
"2019-2020";"70.26";"Administración y gestión de empresas";"Hombres";"Rendimiento"
"2018-2019";"61.29";"Administración y gestión de empresas";"Hombres";"Rendimiento"
"2017-2018";"58.73";"Administración y gestión de empresas";"Hombres";"Rendimiento"
"2016-2017";"56.22";"Administración y gestión de empresas";"Hombres";"Rendimiento"
"2015-2016";"59.59";"Administración y gestión de empresas";"Hombres";"Rendimiento"
"2022-2023";"76.02";"Otra Educación comercial y empresarial";"Hombres";"Rendimiento"
"2021-2022";"76.63";"Otra Educación comercial y empresarial";"Hombres";"Rendimiento"
"2020-2021";"76.21";"Otra Educación comercial y empresarial";"Hombres";"Rendimiento"
"2019-2020";"85.99";"Otra Educación comercial y empresarial";"Hombres";"Rendimiento"
"2018-2019";"76.85";"Otra Educación comercial y empresarial";"Hombres";"Rendimiento"
"2017-2018";"76.41";"Otra Educación comercial y empresarial";"Hombres";"Rendimiento"
"2016-2017";"74.46";"Otra Educación comercial y empresarial";"Hombres";"Rendimiento"
"2015-2016";"70.76";"Otra Educación comercial y empresarial";"Hombres";"Rendimiento"
"2022-2023";"66.85";"Derecho";"Hombres";"Rendimiento"
"2021-2022";"62.03";"Derecho";"Hombres";"Rendimiento"
"2020-2021";"69.3";"Derecho";"Hombres";"Rendimiento"
"2019-2020";"81.69";"Derecho";"Hombres";"Rendimiento"
"2018-2019";"70.51";"Derecho";"Hombres";"Rendimiento"
"2017-2018";"66.96";"Derecho";"Hombres";"Rendimiento"
"2016-2017";"67.33";"Derecho";"Hombres";"Rendimiento"
"2015-2016";"66.3";"Derecho";"Hombres";"Rendimiento"
"2022-2023";"74.77";"Total Ciencias";"Hombres";"Rendimiento"
"2021-2022";"72.1";"Total Ciencias";"Hombres";"Rendimiento"
"2020-2021";"69.47";"Total Ciencias";"Hombres";"Rendimiento"
"2019-2020";"79.17";"Total Ciencias";"Hombres";"Rendimiento"
"2018-2019";"72.23";"Total Ciencias";"Hombres";"Rendimiento"
"2017-2018";"70.89";"Total Ciencias";"Hombres";"Rendimiento"
"2016-2017";"69.78";"Total Ciencias";"Hombres";"Rendimiento"
"2015-2016";"68.13";"Total Ciencias";"Hombres";"Rendimiento"
"2022-2023";"77.38";"Ciencias de la vida";"Hombres";"Rendimiento"
"2021-2022";"73.33";"Ciencias de la vida";"Hombres";"Rendimiento"
"2020-2021";"72.72";"Ciencias de la vida";"Hombres";"Rendimiento"
"2019-2020";"85.29";"Ciencias de la vida";"Hombres";"Rendimiento"
"2018-2019";"75.73";"Ciencias de la vida";"Hombres";"Rendimiento"
"2017-2018";"74.22";"Ciencias de la vida";"Hombres";"Rendimiento"
"2016-2017";"73.61";"Ciencias de la vida";"Hombres";"Rendimiento"
"2015-2016";"73.2";"Ciencias de la vida";"Hombres";"Rendimiento"
"2022-2023";"70.2";"Ciencias Físicas, químicas, geológicas";"Hombres";"Rendimiento"
"2021-2022";"70.03";"Ciencias Físicas, químicas, geológicas";"Hombres";"Rendimiento"
"2020-2021";"64.25";"Ciencias Físicas, químicas, geológicas";"Hombres";"Rendimiento"
"2019-2020";"73.85";"Ciencias Físicas, químicas, geológicas";"Hombres";"Rendimiento"
"2018-2019";"69.16";"Ciencias Físicas, químicas, geológicas";"Hombres";"Rendimiento"
"2017-2018";"68.17";"Ciencias Físicas, químicas, geológicas";"Hombres";"Rendimiento"
"2016-2017";"68.25";"Ciencias Físicas, químicas, geológicas";"Hombres";"Rendimiento"
"2015-2016";"64.91";"Ciencias Físicas, químicas, geológicas";"Hombres";"Rendimiento"
"2022-2023";"76.66";"Matemáticas y Estadística";"Hombres";"Rendimiento"
"2021-2022";"72.96";"Matemáticas y Estadística";"Hombres";"Rendimiento"
"2020-2021";"71.73";"Matemáticas y Estadística";"Hombres";"Rendimiento"
"2019-2020";"73.85";"Matemáticas y Estadística";"Hombres";"Rendimiento"
"2018-2019";"69.41";"Matemáticas y Estadística";"Hombres";"Rendimiento"
"2017-2018";"67.55";"Matemáticas y Estadística";"Hombres";"Rendimiento"
"2016-2017";"61.55";"Matemáticas y Estadística";"Hombres";"Rendimiento"
"2015-2016";"59.25";"Matemáticas y Estadística";"Hombres";"Rendimiento"
"2022-2023";"68.95";"Total Informática";"Hombres";"Rendimiento"
"2021-2022";"65.97";"Total Informática";"Hombres";"Rendimiento"
"2020-2021";"64.77";"Total Informática";"Hombres";"Rendimiento"
"2019-2020";"69.94";"Total Informática";"Hombres";"Rendimiento"
"2018-2019";"63.57";"Total Informática";"Hombres";"Rendimiento"
"2017-2018";"63.43";"Total Informática";"Hombres";"Rendimiento"
"2016-2017";"55.15";"Total Informática";"Hombres";"Rendimiento"
"2015-2016";"54.11";"Total Informática";"Hombres";"Rendimiento"
"2022-2023";"68.95";"Informática";"Hombres";"Rendimiento"
"2021-2022";"65.97";"Informática";"Hombres";"Rendimiento"
"2020-2021";"64.77";"Informática";"Hombres";"Rendimiento"
"2019-2020";"69.94";"Informática";"Hombres";"Rendimiento"
"2018-2019";"63.57";"Informática";"Hombres";"Rendimiento"
"2017-2018";"63.43";"Informática";"Hombres";"Rendimiento"
"2016-2017";"55.15";"Informática";"Hombres";"Rendimiento"
"2015-2016";"54.11";"Informática";"Hombres";"Rendimiento"
"2022-2023";"66.19";"Total Ingeniería, industria y construcción";"Hombres";"Rendimiento"
"2021-2022";"65.8";"Total Ingeniería, industria y construcción";"Hombres";"Rendimiento"
"2020-2021";"67.3";"Total Ingeniería, industria y construcción";"Hombres";"Rendimiento"
"2019-2020";"82.42";"Total Ingeniería, industria y construcción";"Hombres";"Rendimiento"
"2018-2019";"68.48";"Total Ingeniería, industria y construcción";"Hombres";"Rendimiento"
"2017-2018";"70.41";"Total Ingeniería, industria y construcción";"Hombres";"Rendimiento"
"2016-2017";"68.33";"Total Ingeniería, industria y construcción";"Hombres";"Rendimiento"
"2015-2016";"68.08";"Total Ingeniería, industria y construcción";"Hombres";"Rendimiento"
"2022-2023";"66.19";"Ingenierías";"Hombres";"Rendimiento"
"2021-2022";"65.8";"Ingenierías";"Hombres";"Rendimiento"
"2020-2021";"67.3";"Ingenierías";"Hombres";"Rendimiento"
"2019-2020";"82.42";"Ingenierías";"Hombres";"Rendimiento"
"2018-2019";"68.48";"Ingenierías";"Hombres";"Rendimiento"
"2017-2018";"70.41";"Ingenierías";"Hombres";"Rendimiento"
"2016-2017";"68.33";"Ingenierías";"Hombres";"Rendimiento"
"2015-2016";"68.08";"Ingenierías";"Hombres";"Rendimiento"
"2022-2023";"..";"Arquitectura y construcción";"Hombres";"Rendimiento"
"2021-2022";"..";"Arquitectura y construcción";"Hombres";"Rendimiento"
"2020-2021";"..";"Arquitectura y construcción";"Hombres";"Rendimiento"
"2019-2020";"..";"Arquitectura y construcción";"Hombres";"Rendimiento"
"2018-2019";"..";"Arquitectura y construcción";"Hombres";"Rendimiento"
"2017-2018";"..";"Arquitectura y construcción";"Hombres";"Rendimiento"
"2016-2017";"..";"Arquitectura y construcción";"Hombres";"Rendimiento"
"2015-2016";"..";"Arquitectura y construcción";"Hombres";"Rendimiento"
"2022-2023";"78.43";"Total Agricultura, ganadería,  silvicultura, pesca, y veterinaria";"Hombres";"Rendimiento"
"2021-2022";"78.05";"Total Agricultura, ganadería,  silvicultura, pesca, y veterinaria";"Hombres";"Rendimiento"
"2020-2021";"75.72";"Total Agricultura, ganadería,  silvicultura, pesca, y veterinaria";"Hombres";"Rendimiento"
"2019-2020";"90.82";"Total Agricultura, ganadería,  silvicultura, pesca, y veterinaria";"Hombres";"Rendimiento"
"2018-2019";"81.09";"Total Agricultura, ganadería,  silvicultura, pesca, y veterinaria";"Hombres";"Rendimiento"
"2017-2018";"78.6";"Total Agricultura, ganadería,  silvicultura, pesca, y veterinaria";"Hombres";"Rendimiento"
"2016-2017";"72.3";"Total Agricultura, ganadería,  silvicultura, pesca, y veterinaria";"Hombres";"Rendimiento"
"2015-2016";"75.03";"Total Agricultura, ganadería,  silvicultura, pesca, y veterinaria";"Hombres";"Rendimiento"
"2022-2023";"..";"Agricultura, ganadería y pesca";"Hombres";"Rendimiento"
"2021-2022";"..";"Agricultura, ganadería y pesca";"Hombres";"Rendimiento"
"2020-2021";"..";"Agricultura, ganadería y pesca";"Hombres";"Rendimiento"
"2019-2020";"..";"Agricultura, ganadería y pesca";"Hombres";"Rendimiento"
"2018-2019";"..";"Agricultura, ganadería y pesca";"Hombres";"Rendimiento"
"2017-2018";"..";"Agricultura, ganadería y pesca";"Hombres";"Rendimiento"
"2016-2017";"..";"Agricultura, ganadería y pesca";"Hombres";"Rendimiento"
"2015-2016";"..";"Agricultura, ganadería y pesca";"Hombres";"Rendimiento"
"2022-2023";"78.43";"Veterinaria";"Hombres";"Rendimiento"
"2021-2022";"78.05";"Veterinaria";"Hombres";"Rendimiento"
"2020-2021";"75.72";"Veterinaria";"Hombres";"Rendimiento"
"2019-2020";"90.82";"Veterinaria";"Hombres";"Rendimiento"
"2018-2019";"81.09";"Veterinaria";"Hombres";"Rendimiento"
"2017-2018";"78.6";"Veterinaria";"Hombres";"Rendimiento"
"2016-2017";"72.3";"Veterinaria";"Hombres";"Rendimiento"
"2015-2016";"75.03";"Veterinaria";"Hombres";"Rendimiento"
"2022-2023";"84.55";"Total Salud y servicios sociales";"Hombres";"Rendimiento"
"2021-2022";"85.02";"Total Salud y servicios sociales";"Hombres";"Rendimiento"
"2020-2021";"83.85";"Total Salud y servicios sociales";"Hombres";"Rendimiento"
"2019-2020";"91.05";"Total Salud y servicios sociales";"Hombres";"Rendimiento"
"2018-2019";"83.38";"Total Salud y servicios sociales";"Hombres";"Rendimiento"
"2017-2018";"84.0";"Total Salud y servicios sociales";"Hombres";"Rendimiento"
"2016-2017";"84.6";"Total Salud y servicios sociales";"Hombres";"Rendimiento"
"2015-2016";"84.5";"Total Salud y servicios sociales";"Hombres";"Rendimiento"
"2022-2023";"84.7";"Medicina";"Hombres";"Rendimiento"
"2021-2022";"85.77";"Medicina";"Hombres";"Rendimiento"
"2020-2021";"85.14";"Medicina";"Hombres";"Rendimiento"
"2019-2020";"92.91";"Medicina";"Hombres";"Rendimiento"
"2018-2019";"86.44";"Medicina";"Hombres";"Rendimiento"
"2017-2018";"86.32";"Medicina";"Hombres";"Rendimiento"
"2016-2017";"87.5";"Medicina";"Hombres";"Rendimiento"
"2015-2016";"87.21";"Medicina";"Hombres";"Rendimiento"
"2022-2023";"90.23";"Enfermería y atención a enfermos";"Hombres";"Rendimiento"
"2021-2022";"89.64";"Enfermería y atención a enfermos";"Hombres";"Rendimiento"
"2020-2021";"87.22";"Enfermería y atención a enfermos";"Hombres";"Rendimiento"
"2019-2020";"93.5";"Enfermería y atención a enfermos";"Hombres";"Rendimiento"
"2018-2019";"86.85";"Enfermería y atención a enfermos";"Hombres";"Rendimiento"
"2017-2018";"86.7";"Enfermería y atención a enfermos";"Hombres";"Rendimiento"
"2016-2017";"87.46";"Enfermería y atención a enfermos";"Hombres";"Rendimiento"
"2015-2016";"87.18";"Enfermería y atención a enfermos";"Hombres";"Rendimiento"
"2022-2023";"82.16";"Otras ciencias de la Salud";"Hombres";"Rendimiento"
"2021-2022";"82.56";"Otras ciencias de la Salud";"Hombres";"Rendimiento"
"2020-2021";"82.62";"Otras ciencias de la Salud";"Hombres";"Rendimiento"
"2019-2020";"88.69";"Otras ciencias de la Salud";"Hombres";"Rendimiento"
"2018-2019";"79.23";"Otras ciencias de la Salud";"Hombres";"Rendimiento"
"2017-2018";"81.16";"Otras ciencias de la Salud";"Hombres";"Rendimiento"
"2016-2017";"81.09";"Otras ciencias de la Salud";"Hombres";"Rendimiento"
"2015-2016";"80.71";"Otras ciencias de la Salud";"Hombres";"Rendimiento"
"2022-2023";"76.41";"Trabajo social y orientación";"Hombres";"Rendimiento"
"2021-2022";"77.96";"Trabajo social y orientación";"Hombres";"Rendimiento"
"2020-2021";"73.97";"Trabajo social y orientación";"Hombres";"Rendimiento"
"2019-2020";"86.14";"Trabajo social y orientación";"Hombres";"Rendimiento"
"2018-2019";"79.95";"Trabajo social y orientación";"Hombres";"Rendimiento"
"2017-2018";"80.37";"Trabajo social y orientación";"Hombres";"Rendimiento"
"2016-2017";"79.73";"Trabajo social y orientación";"Hombres";"Rendimiento"
"2015-2016";"81.07";"Trabajo social y orientación";"Hombres";"Rendimiento"
"2022-2023";"84.22";"Total Servicios";"Hombres";"Rendimiento"
"2021-2022";"80.64";"Total Servicios";"Hombres";"Rendimiento"
"2020-2021";"80.95";"Total Servicios";"Hombres";"Rendimiento"
"2019-2020";"87.04";"Total Servicios";"Hombres";"Rendimiento"
"2018-2019";"79.11";"Total Servicios";"Hombres";"Rendimiento"
"2017-2018";"80.24";"Total Servicios";"Hombres";"Rendimiento"
"2016-2017";"79.84";"Total Servicios";"Hombres";"Rendimiento"
"2015-2016";"83.42";"Total Servicios";"Hombres";"Rendimiento"
"2022-2023";"84.62";"Deportes";"Hombres";"Rendimiento"
"2021-2022";"84.08";"Deportes";"Hombres";"Rendimiento"
"2020-2021";"85.3";"Deportes";"Hombres";"Rendimiento"
"2019-2020";"91.05";"Deportes";"Hombres";"Rendimiento"
"2018-2019";"81.47";"Deportes";"Hombres";"Rendimiento"
"2017-2018";"85.17";"Deportes";"Hombres";"Rendimiento"
"2016-2017";"86.32";"Deportes";"Hombres";"Rendimiento"
"2015-2016";"87.82";"Deportes";"Hombres";"Rendimiento"
"2022-2023";"64.54";"Turismo y Hostelería";"Hombres";"Rendimiento"
"2021-2022";"59.49";"Turismo y Hostelería";"Hombres";"Rendimiento"
"2020-2021";"60.69";"Turismo y Hostelería";"Hombres";"Rendimiento"
"2019-2020";"75.23";"Turismo y Hostelería";"Hombres";"Rendimiento"
"2018-2019";"70.44";"Turismo y Hostelería";"Hombres";"Rendimiento"
"2017-2018";"66.41";"Turismo y Hostelería";"Hombres";"Rendimiento"
"2016-2017";"60.83";"Turismo y Hostelería";"Hombres";"Rendimiento"
"2015-2016";"70.08";"Turismo y Hostelería";"Hombres";"Rendimiento"
"2022-2023";"92.08";"Otros Servicios";"Hombres";"Rendimiento"
"2021-2022";"82.14";"Otros Servicios";"Hombres";"Rendimiento"
"2020-2021";"84.73";"Otros Servicios";"Hombres";"Rendimiento"
"2019-2020";"84.44";"Otros Servicios";"Hombres";"Rendimiento"
"2018-2019";"83.66";"Otros Servicios";"Hombres";"Rendimiento"
"2017-2018";"..";"Otros Servicios";"Hombres";"Rendimiento"
"2016-2017";"..";"Otros Servicios";"Hombres";"Rendimiento"
"2015-2016";"..";"Otros Servicios";"Hombres";"Rendimiento"
"2022-2023";"???";"Murcia";"Hombres";"Exito"
"2021-2022";"???";"Murcia";"Hombres";"Exito"
"2020-2021";"???";"Murcia";"Hombres";"Exito"
"2019-2020";"???";"Murcia";"Hombres";"Exito"
"2018-2019";"???";"Murcia";"Hombres";"Exito"
"2017-2018";"???";"Murcia";"Hombres";"Exito"
"2016-2017";"???";"Murcia";"Hombres";"Exito"
"2015-2016";"???";"Murcia";"Hombres";"Exito"
"2022-2023";"87.95";"Todos los ámbitos";"Hombres";"Exito"
"2021-2022";"86.83";"Todos los ámbitos";"Hombres";"Exito"
"2020-2021";"86.15";"Todos los ámbitos";"Hombres";"Exito"
"2019-2020";"91.82";"Todos los ámbitos";"Hombres";"Exito"
"2018-2019";"86.75";"Todos los ámbitos";"Hombres";"Exito"
"2017-2018";"86.51";"Todos los ámbitos";"Hombres";"Exito"
"2016-2017";"86.08";"Todos los ámbitos";"Hombres";"Exito"
"2015-2016";"86.06";"Todos los ámbitos";"Hombres";"Exito"
"2022-2023";"92.75";"Total Educación";"Hombres";"Exito"
"2021-2022";"91.11";"Total Educación";"Hombres";"Exito"
"2020-2021";"90.86";"Total Educación";"Hombres";"Exito"
"2019-2020";"95.3";"Total Educación";"Hombres";"Exito"
"2018-2019";"90.33";"Total Educación";"Hombres";"Exito"
"2017-2018";"89.86";"Total Educación";"Hombres";"Exito"
"2016-2017";"90.47";"Total Educación";"Hombres";"Exito"
"2015-2016";"91.0";"Total Educación";"Hombres";"Exito"
"2022-2023";"94.02";"Formación de docentes de enseñanza infantil";"Hombres";"Exito"
"2021-2022";"92.55";"Formación de docentes de enseñanza infantil";"Hombres";"Exito"
"2020-2021";"91.13";"Formación de docentes de enseñanza infantil";"Hombres";"Exito"
"2019-2020";"95.0";"Formación de docentes de enseñanza infantil";"Hombres";"Exito"
"2018-2019";"90.17";"Formación de docentes de enseñanza infantil";"Hombres";"Exito"
"2017-2018";"91.61";"Formación de docentes de enseñanza infantil";"Hombres";"Exito"
"2016-2017";"94.42";"Formación de docentes de enseñanza infantil";"Hombres";"Exito"
"2015-2016";"94.46";"Formación de docentes de enseñanza infantil";"Hombres";"Exito"
"2022-2023";"92.4";"Formación de docentes de enseñanza primaria";"Hombres";"Exito"
"2021-2022";"90.97";"Formación de docentes de enseñanza primaria";"Hombres";"Exito"
"2020-2021";"90.2";"Formación de docentes de enseñanza primaria";"Hombres";"Exito"
"2019-2020";"95.18";"Formación de docentes de enseñanza primaria";"Hombres";"Exito"
"2018-2019";"89.83";"Formación de docentes de enseñanza primaria";"Hombres";"Exito"
"2017-2018";"89.38";"Formación de docentes de enseñanza primaria";"Hombres";"Exito"
"2016-2017";"89.82";"Formación de docentes de enseñanza primaria";"Hombres";"Exito"
"2015-2016";"90.26";"Formación de docentes de enseñanza primaria";"Hombres";"Exito"
"2022-2023";"93.73";"Otra Formación de personal docente y ciencias de la educación";"Hombres";"Exito"
"2021-2022";"91.05";"Otra Formación de personal docente y ciencias de la educación";"Hombres";"Exito"
"2020-2021";"93.37";"Otra Formación de personal docente y ciencias de la educación";"Hombres";"Exito"
"2019-2020";"95.83";"Otra Formación de personal docente y ciencias de la educación";"Hombres";"Exito"
"2018-2019";"92.08";"Otra Formación de personal docente y ciencias de la educación";"Hombres";"Exito"
"2017-2018";"91.25";"Otra Formación de personal docente y ciencias de la educación";"Hombres";"Exito"
"2016-2017";"92.14";"Otra Formación de personal docente y ciencias de la educación";"Hombres";"Exito"
"2015-2016";"92.86";"Otra Formación de personal docente y ciencias de la educación";"Hombres";"Exito"
"2022-2023";"90.51";"Total Artes y humanidades";"Hombres";"Exito"
"2021-2022";"90.7";"Total Artes y humanidades";"Hombres";"Exito"
"2020-2021";"90.68";"Total Artes y humanidades";"Hombres";"Exito"
"2019-2020";"93.56";"Total Artes y humanidades";"Hombres";"Exito"
"2018-2019";"90.95";"Total Artes y humanidades";"Hombres";"Exito"
"2017-2018";"90.81";"Total Artes y humanidades";"Hombres";"Exito"
"2016-2017";"92.43";"Total Artes y humanidades";"Hombres";"Exito"
"2015-2016";"90.43";"Total Artes y humanidades";"Hombres";"Exito"
"2022-2023";"94.06";"Técnicas audiovisuales y medios de comunicación";"Hombres";"Exito"
"2021-2022";"93.65";"Técnicas audiovisuales y medios de comunicación";"Hombres";"Exito"
"2020-2021";"94.44";"Técnicas audiovisuales y medios de comunicación";"Hombres";"Exito"
"2019-2020";"98.33";"Técnicas audiovisuales y medios de comunicación";"Hombres";"Exito"
"2018-2019";"96.48";"Técnicas audiovisuales y medios de comunicación";"Hombres";"Exito"
"2017-2018";"94.86";"Técnicas audiovisuales y medios de comunicación";"Hombres";"Exito"
"2016-2017";"94.25";"Técnicas audiovisuales y medios de comunicación";"Hombres";"Exito"
"2015-2016";"92.54";"Técnicas audiovisuales y medios de comunicación";"Hombres";"Exito"
"2022-2023";"94.26";"Artes";"Hombres";"Exito"
"2021-2022";"95.08";"Artes";"Hombres";"Exito"
"2020-2021";"94.13";"Artes";"Hombres";"Exito"
"2019-2020";"95.98";"Artes";"Hombres";"Exito"
"2018-2019";"94.91";"Artes";"Hombres";"Exito"
"2017-2018";"94.29";"Artes";"Hombres";"Exito"
"2016-2017";"96.91";"Artes";"Hombres";"Exito"
"2015-2016";"94.96";"Artes";"Hombres";"Exito"
"2022-2023";"88.11";"Lenguas";"Hombres";"Exito"
"2021-2022";"87.95";"Lenguas";"Hombres";"Exito"
"2020-2021";"87.71";"Lenguas";"Hombres";"Exito"
"2019-2020";"92.4";"Lenguas";"Hombres";"Exito"
"2018-2019";"87.76";"Lenguas";"Hombres";"Exito"
"2017-2018";"88.31";"Lenguas";"Hombres";"Exito"
"2016-2017";"90.78";"Lenguas";"Hombres";"Exito"
"2015-2016";"89.14";"Lenguas";"Hombres";"Exito"
"2022-2023";"90.05";"Humanidades";"Hombres";"Exito"
"2021-2022";"90.13";"Humanidades";"Hombres";"Exito"
"2020-2021";"90.52";"Humanidades";"Hombres";"Exito"
"2019-2020";"91.66";"Humanidades";"Hombres";"Exito"
"2018-2019";"89.5";"Humanidades";"Hombres";"Exito"
"2017-2018";"89.69";"Humanidades";"Hombres";"Exito"
"2016-2017";"90.94";"Humanidades";"Hombres";"Exito"
"2015-2016";"87.96";"Humanidades";"Hombres";"Exito"
"2022-2023";"87.75";"Total Ciencias sociales, periodismo y documentación";"Hombres";"Exito"
"2021-2022";"85.34";"Total Ciencias sociales, periodismo y documentación";"Hombres";"Exito"
"2020-2021";"84.14";"Total Ciencias sociales, periodismo y documentación";"Hombres";"Exito"
"2019-2020";"90.82";"Total Ciencias sociales, periodismo y documentación";"Hombres";"Exito"
"2018-2019";"84.98";"Total Ciencias sociales, periodismo y documentación";"Hombres";"Exito"
"2017-2018";"84.78";"Total Ciencias sociales, periodismo y documentación";"Hombres";"Exito"
"2016-2017";"85.84";"Total Ciencias sociales, periodismo y documentación";"Hombres";"Exito"
"2015-2016";"84.93";"Total Ciencias sociales, periodismo y documentación";"Hombres";"Exito"
"2022-2023";"90.19";"Psicología";"Hombres";"Exito"
"2021-2022";"89.37";"Psicología";"Hombres";"Exito"
"2020-2021";"90.75";"Psicología";"Hombres";"Exito"
"2019-2020";"95.32";"Psicología";"Hombres";"Exito"
"2018-2019";"88.5";"Psicología";"Hombres";"Exito"
"2017-2018";"87.45";"Psicología";"Hombres";"Exito"
"2016-2017";"87.33";"Psicología";"Hombres";"Exito"
"2015-2016";"86.88";"Psicología";"Hombres";"Exito"
"2022-2023";"81.56";"Economía";"Hombres";"Exito"
"2021-2022";"76.16";"Economía";"Hombres";"Exito"
"2020-2021";"74.26";"Economía";"Hombres";"Exito"
"2019-2020";"84.45";"Economía";"Hombres";"Exito"
"2018-2019";"76.17";"Economía";"Hombres";"Exito"
"2017-2018";"78.53";"Economía";"Hombres";"Exito"
"2016-2017";"79.83";"Economía";"Hombres";"Exito"
"2015-2016";"76.46";"Economía";"Hombres";"Exito"
"2022-2023";"87.7";"Otras Ciencias sociales y del comportamiento";"Hombres";"Exito"
"2021-2022";"86.27";"Otras Ciencias sociales y del comportamiento";"Hombres";"Exito"
"2020-2021";"83.86";"Otras Ciencias sociales y del comportamiento";"Hombres";"Exito"
"2019-2020";"91.26";"Otras Ciencias sociales y del comportamiento";"Hombres";"Exito"
"2018-2019";"85.99";"Otras Ciencias sociales y del comportamiento";"Hombres";"Exito"
"2017-2018";"85.6";"Otras Ciencias sociales y del comportamiento";"Hombres";"Exito"
"2016-2017";"87.08";"Otras Ciencias sociales y del comportamiento";"Hombres";"Exito"
"2015-2016";"87.43";"Otras Ciencias sociales y del comportamiento";"Hombres";"Exito"
"2022-2023";"93.14";"Periodismo e información";"Hombres";"Exito"
"2021-2022";"91.73";"Periodismo e información";"Hombres";"Exito"
"2020-2021";"92.25";"Periodismo e información";"Hombres";"Exito"
"2019-2020";"95.66";"Periodismo e información";"Hombres";"Exito"
"2018-2019";"93.02";"Periodismo e información";"Hombres";"Exito"
"2017-2018";"91.2";"Periodismo e información";"Hombres";"Exito"
"2016-2017";"92.8";"Periodismo e información";"Hombres";"Exito"
"2015-2016";"92.98";"Periodismo e información";"Hombres";"Exito"
"2022-2023";"81.39";"Total Negocios, administración y derecho";"Hombres";"Exito"
"2021-2022";"79.64";"Total Negocios, administración y derecho";"Hombres";"Exito"
"2020-2021";"79.88";"Total Negocios, administración y derecho";"Hombres";"Exito"
"2019-2020";"87.96";"Total Negocios, administración y derecho";"Hombres";"Exito"
"2018-2019";"82.71";"Total Negocios, administración y derecho";"Hombres";"Exito"
"2017-2018";"80.95";"Total Negocios, administración y derecho";"Hombres";"Exito"
"2016-2017";"78.92";"Total Negocios, administración y derecho";"Hombres";"Exito"
"2015-2016";"79.9";"Total Negocios, administración y derecho";"Hombres";"Exito"
"2022-2023";"77.15";"Administración y gestión de empresas";"Hombres";"Exito"
"2021-2022";"74.86";"Administración y gestión de empresas";"Hombres";"Exito"
"2020-2021";"73.76";"Administración y gestión de empresas";"Hombres";"Exito"
"2019-2020";"83.45";"Administración y gestión de empresas";"Hombres";"Exito"
"2018-2019";"78.16";"Administración y gestión de empresas";"Hombres";"Exito"
"2017-2018";"76.38";"Administración y gestión de empresas";"Hombres";"Exito"
"2016-2017";"73.17";"Administración y gestión de empresas";"Hombres";"Exito"
"2015-2016";"75.3";"Administración y gestión de empresas";"Hombres";"Exito"
"2022-2023";"88.01";"Otra Educación comercial y empresarial";"Hombres";"Exito"
"2021-2022";"86.98";"Otra Educación comercial y empresarial";"Hombres";"Exito"
"2020-2021";"85.88";"Otra Educación comercial y empresarial";"Hombres";"Exito"
"2019-2020";"93.55";"Otra Educación comercial y empresarial";"Hombres";"Exito"
"2018-2019";"86.6";"Otra Educación comercial y empresarial";"Hombres";"Exito"
"2017-2018";"85.96";"Otra Educación comercial y empresarial";"Hombres";"Exito"
"2016-2017";"86.03";"Otra Educación comercial y empresarial";"Hombres";"Exito"
"2015-2016";"83.63";"Otra Educación comercial y empresarial";"Hombres";"Exito"
"2022-2023";"84.7";"Derecho";"Hombres";"Exito"
"2021-2022";"83.57";"Derecho";"Hombres";"Exito"
"2020-2021";"85.56";"Derecho";"Hombres";"Exito"
"2019-2020";"91.97";"Derecho";"Hombres";"Exito"
"2018-2019";"87.45";"Derecho";"Hombres";"Exito"
"2017-2018";"85.71";"Derecho";"Hombres";"Exito"
"2016-2017";"85.04";"Derecho";"Hombres";"Exito"
"2015-2016";"86.14";"Derecho";"Hombres";"Exito"
"2022-2023";"87.88";"Total Ciencias";"Hombres";"Exito"
"2021-2022";"86.71";"Total Ciencias";"Hombres";"Exito"
"2020-2021";"85.28";"Total Ciencias";"Hombres";"Exito"
"2019-2020";"90.58";"Total Ciencias";"Hombres";"Exito"
"2018-2019";"85.85";"Total Ciencias";"Hombres";"Exito"
"2017-2018";"85.12";"Total Ciencias";"Hombres";"Exito"
"2016-2017";"84.7";"Total Ciencias";"Hombres";"Exito"
"2015-2016";"84.11";"Total Ciencias";"Hombres";"Exito"
"2022-2023";"88.65";"Ciencias de la vida";"Hombres";"Exito"
"2021-2022";"85.97";"Ciencias de la vida";"Hombres";"Exito"
"2020-2021";"85.58";"Ciencias de la vida";"Hombres";"Exito"
"2019-2020";"93.4";"Ciencias de la vida";"Hombres";"Exito"
"2018-2019";"87.61";"Ciencias de la vida";"Hombres";"Exito"
"2017-2018";"86.38";"Ciencias de la vida";"Hombres";"Exito"
"2016-2017";"86.64";"Ciencias de la vida";"Hombres";"Exito"
"2015-2016";"85.82";"Ciencias de la vida";"Hombres";"Exito"
"2022-2023";"84.48";"Ciencias Físicas, químicas, geológicas";"Hombres";"Exito"
"2021-2022";"85.39";"Ciencias Físicas, químicas, geológicas";"Hombres";"Exito"
"2020-2021";"82.25";"Ciencias Físicas, químicas, geológicas";"Hombres";"Exito"
"2019-2020";"87.1";"Ciencias Físicas, químicas, geológicas";"Hombres";"Exito"
"2018-2019";"84.1";"Ciencias Físicas, químicas, geológicas";"Hombres";"Exito"
"2017-2018";"83.36";"Ciencias Físicas, químicas, geológicas";"Hombres";"Exito"
"2016-2017";"83.56";"Ciencias Físicas, químicas, geológicas";"Hombres";"Exito"
"2015-2016";"83.42";"Ciencias Físicas, químicas, geológicas";"Hombres";"Exito"
"2022-2023";"91.0";"Matemáticas y Estadística";"Hombres";"Exito"
"2021-2022";"90.11";"Matemáticas y Estadística";"Hombres";"Exito"
"2020-2021";"89.91";"Matemáticas y Estadística";"Hombres";"Exito"
"2019-2020";"89.53";"Matemáticas y Estadística";"Hombres";"Exito"
"2018-2019";"84.65";"Matemáticas y Estadística";"Hombres";"Exito"
"2017-2018";"85.26";"Matemáticas y Estadística";"Hombres";"Exito"
"2016-2017";"80.81";"Matemáticas y Estadística";"Hombres";"Exito"
"2015-2016";"79.37";"Matemáticas y Estadística";"Hombres";"Exito"
"2022-2023";"86.44";"Total Informática";"Hombres";"Exito"
"2021-2022";"86.01";"Total Informática";"Hombres";"Exito"
"2020-2021";"83.67";"Total Informática";"Hombres";"Exito"
"2019-2020";"88.42";"Total Informática";"Hombres";"Exito"
"2018-2019";"81.83";"Total Informática";"Hombres";"Exito"
"2017-2018";"82.99";"Total Informática";"Hombres";"Exito"
"2016-2017";"79.38";"Total Informática";"Hombres";"Exito"
"2015-2016";"77.58";"Total Informática";"Hombres";"Exito"
"2022-2023";"86.44";"Informática";"Hombres";"Exito"
"2021-2022";"86.01";"Informática";"Hombres";"Exito"
"2020-2021";"83.67";"Informática";"Hombres";"Exito"
"2019-2020";"88.42";"Informática";"Hombres";"Exito"
"2018-2019";"81.83";"Informática";"Hombres";"Exito"
"2017-2018";"82.99";"Informática";"Hombres";"Exito"
"2016-2017";"79.38";"Informática";"Hombres";"Exito"
"2015-2016";"77.58";"Informática";"Hombres";"Exito"
"2022-2023";"80.95";"Total Ingeniería, industria y construcción";"Hombres";"Exito"
"2021-2022";"79.41";"Total Ingeniería, industria y construcción";"Hombres";"Exito"
"2020-2021";"81.54";"Total Ingeniería, industria y construcción";"Hombres";"Exito"
"2019-2020";"91.76";"Total Ingeniería, industria y construcción";"Hombres";"Exito"
"2018-2019";"83.92";"Total Ingeniería, industria y construcción";"Hombres";"Exito"
"2017-2018";"85.79";"Total Ingeniería, industria y construcción";"Hombres";"Exito"
"2016-2017";"85.53";"Total Ingeniería, industria y construcción";"Hombres";"Exito"
"2015-2016";"83.2";"Total Ingeniería, industria y construcción";"Hombres";"Exito"
"2022-2023";"80.95";"Ingenierías";"Hombres";"Exito"
"2021-2022";"79.41";"Ingenierías";"Hombres";"Exito"
"2020-2021";"81.54";"Ingenierías";"Hombres";"Exito"
"2019-2020";"91.76";"Ingenierías";"Hombres";"Exito"
"2018-2019";"83.92";"Ingenierías";"Hombres";"Exito"
"2017-2018";"85.79";"Ingenierías";"Hombres";"Exito"
"2016-2017";"85.53";"Ingenierías";"Hombres";"Exito"
"2015-2016";"83.2";"Ingenierías";"Hombres";"Exito"
"2022-2023";"..";"Arquitectura y construcción";"Hombres";"Exito"
"2021-2022";"..";"Arquitectura y construcción";"Hombres";"Exito"
"2020-2021";"..";"Arquitectura y construcción";"Hombres";"Exito"
"2019-2020";"..";"Arquitectura y construcción";"Hombres";"Exito"
"2018-2019";"..";"Arquitectura y construcción";"Hombres";"Exito"
"2017-2018";"..";"Arquitectura y construcción";"Hombres";"Exito"
"2016-2017";"..";"Arquitectura y construcción";"Hombres";"Exito"
"2015-2016";"..";"Arquitectura y construcción";"Hombres";"Exito"
"2022-2023";"90.07";"Total Agricultura, ganadería,  silvicultura, pesca, y veterinaria";"Hombres";"Exito"
"2021-2022";"89.56";"Total Agricultura, ganadería,  silvicultura, pesca, y veterinaria";"Hombres";"Exito"
"2020-2021";"86.92";"Total Agricultura, ganadería,  silvicultura, pesca, y veterinaria";"Hombres";"Exito"
"2019-2020";"95.86";"Total Agricultura, ganadería,  silvicultura, pesca, y veterinaria";"Hombres";"Exito"
"2018-2019";"90.2";"Total Agricultura, ganadería,  silvicultura, pesca, y veterinaria";"Hombres";"Exito"
"2017-2018";"88.8";"Total Agricultura, ganadería,  silvicultura, pesca, y veterinaria";"Hombres";"Exito"
"2016-2017";"86.48";"Total Agricultura, ganadería,  silvicultura, pesca, y veterinaria";"Hombres";"Exito"
"2015-2016";"86.07";"Total Agricultura, ganadería,  silvicultura, pesca, y veterinaria";"Hombres";"Exito"
"2022-2023";"..";"Agricultura, ganadería y pesca";"Hombres";"Exito"
"2021-2022";"..";"Agricultura, ganadería y pesca";"Hombres";"Exito"
"2020-2021";"..";"Agricultura, ganadería y pesca";"Hombres";"Exito"
"2019-2020";"..";"Agricultura, ganadería y pesca";"Hombres";"Exito"
"2018-2019";"..";"Agricultura, ganadería y pesca";"Hombres";"Exito"
"2017-2018";"..";"Agricultura, ganadería y pesca";"Hombres";"Exito"
"2016-2017";"..";"Agricultura, ganadería y pesca";"Hombres";"Exito"
"2015-2016";"..";"Agricultura, ganadería y pesca";"Hombres";"Exito"
"2022-2023";"90.07";"Veterinaria";"Hombres";"Exito"
"2021-2022";"89.56";"Veterinaria";"Hombres";"Exito"
"2020-2021";"86.92";"Veterinaria";"Hombres";"Exito"
"2019-2020";"95.86";"Veterinaria";"Hombres";"Exito"
"2018-2019";"90.2";"Veterinaria";"Hombres";"Exito"
"2017-2018";"88.8";"Veterinaria";"Hombres";"Exito"
"2016-2017";"86.48";"Veterinaria";"Hombres";"Exito"
"2015-2016";"86.07";"Veterinaria";"Hombres";"Exito"
"2022-2023";"92.62";"Total Salud y servicios sociales";"Hombres";"Exito"
"2021-2022";"92.45";"Total Salud y servicios sociales";"Hombres";"Exito"
"2020-2021";"91.85";"Total Salud y servicios sociales";"Hombres";"Exito"
"2019-2020";"96.47";"Total Salud y servicios sociales";"Hombres";"Exito"
"2018-2019";"91.66";"Total Salud y servicios sociales";"Hombres";"Exito"
"2017-2018";"92.38";"Total Salud y servicios sociales";"Hombres";"Exito"
"2016-2017";"92.07";"Total Salud y servicios sociales";"Hombres";"Exito"
"2015-2016";"92.75";"Total Salud y servicios sociales";"Hombres";"Exito"
"2022-2023";"94.1";"Medicina";"Hombres";"Exito"
"2021-2022";"93.47";"Medicina";"Hombres";"Exito"
"2020-2021";"93.35";"Medicina";"Hombres";"Exito"
"2019-2020";"97.91";"Medicina";"Hombres";"Exito"
"2018-2019";"94.42";"Medicina";"Hombres";"Exito"
"2017-2018";"94.99";"Medicina";"Hombres";"Exito"
"2016-2017";"95.02";"Medicina";"Hombres";"Exito"
"2015-2016";"95.24";"Medicina";"Hombres";"Exito"
"2022-2023";"95.4";"Enfermería y atención a enfermos";"Hombres";"Exito"
"2021-2022";"93.89";"Enfermería y atención a enfermos";"Hombres";"Exito"
"2020-2021";"93.24";"Enfermería y atención a enfermos";"Hombres";"Exito"
"2019-2020";"96.86";"Enfermería y atención a enfermos";"Hombres";"Exito"
"2018-2019";"93.55";"Enfermería y atención a enfermos";"Hombres";"Exito"
"2017-2018";"92.49";"Enfermería y atención a enfermos";"Hombres";"Exito"
"2016-2017";"93.9";"Enfermería y atención a enfermos";"Hombres";"Exito"
"2015-2016";"94.18";"Enfermería y atención a enfermos";"Hombres";"Exito"
"2022-2023";"90.34";"Otras ciencias de la Salud";"Hombres";"Exito"
"2021-2022";"91.21";"Otras ciencias de la Salud";"Hombres";"Exito"
"2020-2021";"90.22";"Otras ciencias de la Salud";"Hombres";"Exito"
"2019-2020";"94.85";"Otras ciencias de la Salud";"Hombres";"Exito"
"2018-2019";"88.12";"Otras ciencias de la Salud";"Hombres";"Exito"
"2017-2018";"90.09";"Otras ciencias de la Salud";"Hombres";"Exito"
"2016-2017";"88.8";"Otras ciencias de la Salud";"Hombres";"Exito"
"2015-2016";"89.37";"Otras ciencias de la Salud";"Hombres";"Exito"
"2022-2023";"86.44";"Trabajo social y orientación";"Hombres";"Exito"
"2021-2022";"88.24";"Trabajo social y orientación";"Hombres";"Exito"
"2020-2021";"88.34";"Trabajo social y orientación";"Hombres";"Exito"
"2019-2020";"95.77";"Trabajo social y orientación";"Hombres";"Exito"
"2018-2019";"90.29";"Trabajo social y orientación";"Hombres";"Exito"
"2017-2018";"91.29";"Trabajo social y orientación";"Hombres";"Exito"
"2016-2017";"88.53";"Trabajo social y orientación";"Hombres";"Exito"
"2015-2016";"92.03";"Trabajo social y orientación";"Hombres";"Exito"
"2022-2023";"90.88";"Total Servicios";"Hombres";"Exito"
"2021-2022";"89.93";"Total Servicios";"Hombres";"Exito"
"2020-2021";"90.01";"Total Servicios";"Hombres";"Exito"
"2019-2020";"94.29";"Total Servicios";"Hombres";"Exito"
"2018-2019";"87.24";"Total Servicios";"Hombres";"Exito"
"2017-2018";"89.19";"Total Servicios";"Hombres";"Exito"
"2016-2017";"88.04";"Total Servicios";"Hombres";"Exito"
"2015-2016";"89.83";"Total Servicios";"Hombres";"Exito"
"2022-2023";"89.81";"Deportes";"Hombres";"Exito"
"2021-2022";"89.76";"Deportes";"Hombres";"Exito"
"2020-2021";"91.29";"Deportes";"Hombres";"Exito"
"2019-2020";"95.22";"Deportes";"Hombres";"Exito"
"2018-2019";"88.31";"Deportes";"Hombres";"Exito"
"2017-2018";"91.05";"Deportes";"Hombres";"Exito"
"2016-2017";"90.83";"Deportes";"Hombres";"Exito"
"2015-2016";"91.64";"Deportes";"Hombres";"Exito"
"2022-2023";"87.2";"Turismo y Hostelería";"Hombres";"Exito"
"2021-2022";"84.14";"Turismo y Hostelería";"Hombres";"Exito"
"2020-2021";"80.36";"Turismo y Hostelería";"Hombres";"Exito"
"2019-2020";"89.21";"Turismo y Hostelería";"Hombres";"Exito"
"2018-2019";"82.87";"Turismo y Hostelería";"Hombres";"Exito"
"2017-2018";"82.32";"Turismo y Hostelería";"Hombres";"Exito"
"2016-2017";"78.05";"Turismo y Hostelería";"Hombres";"Exito"
"2015-2016";"83.54";"Turismo y Hostelería";"Hombres";"Exito"
"2022-2023";"95.79";"Otros Servicios";"Hombres";"Exito"
"2021-2022";"92.95";"Otros Servicios";"Hombres";"Exito"
"2020-2021";"93.02";"Otros Servicios";"Hombres";"Exito"
"2019-2020";"96.73";"Otros Servicios";"Hombres";"Exito"
"2018-2019";"89.58";"Otros Servicios";"Hombres";"Exito"
"2017-2018";"..";"Otros Servicios";"Hombres";"Exito"
"2016-2017";"..";"Otros Servicios";"Hombres";"Exito"
"2015-2016";"..";"Otros Servicios";"Hombres";"Exito"
"2022-2023";"???";"Murcia";"Hombres";"Evaluacion"
"2021-2022";"???";"Murcia";"Hombres";"Evaluacion"
"2020-2021";"???";"Murcia";"Hombres";"Evaluacion"
"2019-2020";"???";"Murcia";"Hombres";"Evaluacion"
"2018-2019";"???";"Murcia";"Hombres";"Evaluacion"
"2017-2018";"???";"Murcia";"Hombres";"Evaluacion"
"2016-2017";"???";"Murcia";"Hombres";"Evaluacion"
"2015-2016";"???";"Murcia";"Hombres";"Evaluacion"
"2022-2023";"85.28";"Todos los ámbitos";"Hombres";"Evaluacion"
"2021-2022";"83.91";"Todos los ámbitos";"Hombres";"Evaluacion"
"2020-2021";"84.06";"Todos los ámbitos";"Hombres";"Evaluacion"
"2019-2020";"88.78";"Todos los ámbitos";"Hombres";"Evaluacion"
"2018-2019";"84.58";"Todos los ámbitos";"Hombres";"Evaluacion"
"2017-2018";"83.61";"Todos los ámbitos";"Hombres";"Evaluacion"
"2016-2017";"83.43";"Todos los ámbitos";"Hombres";"Evaluacion"
"2015-2016";"83.64";"Todos los ámbitos";"Hombres";"Evaluacion"
"2022-2023";"92.5";"Total Educación";"Hombres";"Evaluacion"
"2021-2022";"92.76";"Total Educación";"Hombres";"Evaluacion"
"2020-2021";"91.64";"Total Educación";"Hombres";"Evaluacion"
"2019-2020";"94.95";"Total Educación";"Hombres";"Evaluacion"
"2018-2019";"90.75";"Total Educación";"Hombres";"Evaluacion"
"2017-2018";"89.94";"Total Educación";"Hombres";"Evaluacion"
"2016-2017";"90.64";"Total Educación";"Hombres";"Evaluacion"
"2015-2016";"91.81";"Total Educación";"Hombres";"Evaluacion"
"2022-2023";"95.61";"Formación de docentes de enseñanza infantil";"Hombres";"Evaluacion"
"2021-2022";"88.55";"Formación de docentes de enseñanza infantil";"Hombres";"Evaluacion"
"2020-2021";"90.45";"Formación de docentes de enseñanza infantil";"Hombres";"Evaluacion"
"2019-2020";"96.39";"Formación de docentes de enseñanza infantil";"Hombres";"Evaluacion"
"2018-2019";"94.31";"Formación de docentes de enseñanza infantil";"Hombres";"Evaluacion"
"2017-2018";"81.72";"Formación de docentes de enseñanza infantil";"Hombres";"Evaluacion"
"2016-2017";"96.89";"Formación de docentes de enseñanza infantil";"Hombres";"Evaluacion"
"2015-2016";"94.89";"Formación de docentes de enseñanza infantil";"Hombres";"Evaluacion"
"2022-2023";"92.47";"Formación de docentes de enseñanza primaria";"Hombres";"Evaluacion"
"2021-2022";"93.96";"Formación de docentes de enseñanza primaria";"Hombres";"Evaluacion"
"2020-2021";"92.55";"Formación de docentes de enseñanza primaria";"Hombres";"Evaluacion"
"2019-2020";"95.02";"Formación de docentes de enseñanza primaria";"Hombres";"Evaluacion"
"2018-2019";"90.59";"Formación de docentes de enseñanza primaria";"Hombres";"Evaluacion"
"2017-2018";"90.84";"Formación de docentes de enseñanza primaria";"Hombres";"Evaluacion"
"2016-2017";"90.55";"Formación de docentes de enseñanza primaria";"Hombres";"Evaluacion"
"2015-2016";"91.56";"Formación de docentes de enseñanza primaria";"Hombres";"Evaluacion"
"2022-2023";"91.26";"Otra Formación de personal docente y ciencias de la educación";"Hombres";"Evaluacion"
"2021-2022";"89.77";"Otra Formación de personal docente y ciencias de la educación";"Hombres";"Evaluacion"
"2020-2021";"88.54";"Otra Formación de personal docente y ciencias de la educación";"Hombres";"Evaluacion"
"2019-2020";"94.31";"Otra Formación de personal docente y ciencias de la educación";"Hombres";"Evaluacion"
"2018-2019";"90.44";"Otra Formación de personal docente y ciencias de la educación";"Hombres";"Evaluacion"
"2017-2018";"88.36";"Otra Formación de personal docente y ciencias de la educación";"Hombres";"Evaluacion"
"2016-2017";"89.91";"Otra Formación de personal docente y ciencias de la educación";"Hombres";"Evaluacion"
"2015-2016";"92.08";"Otra Formación de personal docente y ciencias de la educación";"Hombres";"Evaluacion"
"2022-2023";"85.76";"Total Artes y humanidades";"Hombres";"Evaluacion"
"2021-2022";"84.5";"Total Artes y humanidades";"Hombres";"Evaluacion"
"2020-2021";"84.18";"Total Artes y humanidades";"Hombres";"Evaluacion"
"2019-2020";"87.57";"Total Artes y humanidades";"Hombres";"Evaluacion"
"2018-2019";"83.31";"Total Artes y humanidades";"Hombres";"Evaluacion"
"2017-2018";"82.44";"Total Artes y humanidades";"Hombres";"Evaluacion"
"2016-2017";"84.31";"Total Artes y humanidades";"Hombres";"Evaluacion"
"2015-2016";"83.38";"Total Artes y humanidades";"Hombres";"Evaluacion"
"2022-2023";"93.82";"Técnicas audiovisuales y medios de comunicación";"Hombres";"Evaluacion"
"2021-2022";"91.71";"Técnicas audiovisuales y medios de comunicación";"Hombres";"Evaluacion"
"2020-2021";"94.28";"Técnicas audiovisuales y medios de comunicación";"Hombres";"Evaluacion"
"2019-2020";"95.71";"Técnicas audiovisuales y medios de comunicación";"Hombres";"Evaluacion"
"2018-2019";"94.6";"Técnicas audiovisuales y medios de comunicación";"Hombres";"Evaluacion"
"2017-2018";"89.88";"Técnicas audiovisuales y medios de comunicación";"Hombres";"Evaluacion"
"2016-2017";"90.5";"Técnicas audiovisuales y medios de comunicación";"Hombres";"Evaluacion"
"2015-2016";"91.86";"Técnicas audiovisuales y medios de comunicación";"Hombres";"Evaluacion"
"2022-2023";"82.87";"Artes";"Hombres";"Evaluacion"
"2021-2022";"84.66";"Artes";"Hombres";"Evaluacion"
"2020-2021";"82.76";"Artes";"Hombres";"Evaluacion"
"2019-2020";"84.69";"Artes";"Hombres";"Evaluacion"
"2018-2019";"80.53";"Artes";"Hombres";"Evaluacion"
"2017-2018";"82.92";"Artes";"Hombres";"Evaluacion"
"2016-2017";"84.75";"Artes";"Hombres";"Evaluacion"
"2015-2016";"84.5";"Artes";"Hombres";"Evaluacion"
"2022-2023";"86.93";"Lenguas";"Hombres";"Evaluacion"
"2021-2022";"85.3";"Lenguas";"Hombres";"Evaluacion"
"2020-2021";"84.04";"Lenguas";"Hombres";"Evaluacion"
"2019-2020";"89.13";"Lenguas";"Hombres";"Evaluacion"
"2018-2019";"82.66";"Lenguas";"Hombres";"Evaluacion"
"2017-2018";"81.28";"Lenguas";"Hombres";"Evaluacion"
"2016-2017";"84.86";"Lenguas";"Hombres";"Evaluacion"
"2015-2016";"84.55";"Lenguas";"Hombres";"Evaluacion"
"2022-2023";"83.71";"Humanidades";"Hombres";"Evaluacion"
"2021-2022";"81.61";"Humanidades";"Hombres";"Evaluacion"
"2020-2021";"81.86";"Humanidades";"Hombres";"Evaluacion"
"2019-2020";"84.82";"Humanidades";"Hombres";"Evaluacion"
"2018-2019";"81.15";"Humanidades";"Hombres";"Evaluacion"
"2017-2018";"80.76";"Humanidades";"Hombres";"Evaluacion"
"2016-2017";"81.25";"Humanidades";"Hombres";"Evaluacion"
"2015-2016";"78.22";"Humanidades";"Hombres";"Evaluacion"
"2022-2023";"85.59";"Total Ciencias sociales, periodismo y documentación";"Hombres";"Evaluacion"
"2021-2022";"84.35";"Total Ciencias sociales, periodismo y documentación";"Hombres";"Evaluacion"
"2020-2021";"84.74";"Total Ciencias sociales, periodismo y documentación";"Hombres";"Evaluacion"
"2019-2020";"88.44";"Total Ciencias sociales, periodismo y documentación";"Hombres";"Evaluacion"
"2018-2019";"84.91";"Total Ciencias sociales, periodismo y documentación";"Hombres";"Evaluacion"
"2017-2018";"84.2";"Total Ciencias sociales, periodismo y documentación";"Hombres";"Evaluacion"
"2016-2017";"84.35";"Total Ciencias sociales, periodismo y documentación";"Hombres";"Evaluacion"
"2015-2016";"85.4";"Total Ciencias sociales, periodismo y documentación";"Hombres";"Evaluacion"
"2022-2023";"93.72";"Psicología";"Hombres";"Evaluacion"
"2021-2022";"91.21";"Psicología";"Hombres";"Evaluacion"
"2020-2021";"89.02";"Psicología";"Hombres";"Evaluacion"
"2019-2020";"91.28";"Psicología";"Hombres";"Evaluacion"
"2018-2019";"87.59";"Psicología";"Hombres";"Evaluacion"
"2017-2018";"85.71";"Psicología";"Hombres";"Evaluacion"
"2016-2017";"87.15";"Psicología";"Hombres";"Evaluacion"
"2015-2016";"88.31";"Psicología";"Hombres";"Evaluacion"
"2022-2023";"79.77";"Economía";"Hombres";"Evaluacion"
"2021-2022";"76.57";"Economía";"Hombres";"Evaluacion"
"2020-2021";"77.32";"Economía";"Hombres";"Evaluacion"
"2019-2020";"86.37";"Economía";"Hombres";"Evaluacion"
"2018-2019";"80.66";"Economía";"Hombres";"Evaluacion"
"2017-2018";"80.99";"Economía";"Hombres";"Evaluacion"
"2016-2017";"82.76";"Economía";"Hombres";"Evaluacion"
"2015-2016";"82.42";"Economía";"Hombres";"Evaluacion"
"2022-2023";"84.2";"Otras Ciencias sociales y del comportamiento";"Hombres";"Evaluacion"
"2021-2022";"83.42";"Otras Ciencias sociales y del comportamiento";"Hombres";"Evaluacion"
"2020-2021";"86.27";"Otras Ciencias sociales y del comportamiento";"Hombres";"Evaluacion"
"2019-2020";"87.32";"Otras Ciencias sociales y del comportamiento";"Hombres";"Evaluacion"
"2018-2019";"83.41";"Otras Ciencias sociales y del comportamiento";"Hombres";"Evaluacion"
"2017-2018";"82.27";"Otras Ciencias sociales y del comportamiento";"Hombres";"Evaluacion"
"2016-2017";"80.56";"Otras Ciencias sociales y del comportamiento";"Hombres";"Evaluacion"
"2015-2016";"84.29";"Otras Ciencias sociales y del comportamiento";"Hombres";"Evaluacion"
"2022-2023";"90.09";"Periodismo e información";"Hombres";"Evaluacion"
"2021-2022";"91.76";"Periodismo e información";"Hombres";"Evaluacion"
"2020-2021";"90.16";"Periodismo e información";"Hombres";"Evaluacion"
"2019-2020";"90.9";"Periodismo e información";"Hombres";"Evaluacion"
"2018-2019";"91.37";"Periodismo e información";"Hombres";"Evaluacion"
"2017-2018";"91.11";"Periodismo e información";"Hombres";"Evaluacion"
"2016-2017";"89.77";"Periodismo e información";"Hombres";"Evaluacion"
"2015-2016";"88.65";"Periodismo e información";"Hombres";"Evaluacion"
"2022-2023";"78.88";"Total Negocios, administración y derecho";"Hombres";"Evaluacion"
"2021-2022";"76.7";"Total Negocios, administración y derecho";"Hombres";"Evaluacion"
"2020-2021";"79.1";"Total Negocios, administración y derecho";"Hombres";"Evaluacion"
"2019-2020";"86.82";"Total Negocios, administración y derecho";"Hombres";"Evaluacion"
"2018-2019";"80.35";"Total Negocios, administración y derecho";"Hombres";"Evaluacion"
"2017-2018";"78.52";"Total Negocios, administración y derecho";"Hombres";"Evaluacion"
"2016-2017";"78.64";"Total Negocios, administración y derecho";"Hombres";"Evaluacion"
"2015-2016";"78.93";"Total Negocios, administración y derecho";"Hombres";"Evaluacion"
"2022-2023";"77.16";"Administración y gestión de empresas";"Hombres";"Evaluacion"
"2021-2022";"75.99";"Administración y gestión de empresas";"Hombres";"Evaluacion"
"2020-2021";"75.58";"Administración y gestión de empresas";"Hombres";"Evaluacion"
"2019-2020";"84.2";"Administración y gestión de empresas";"Hombres";"Evaluacion"
"2018-2019";"78.42";"Administración y gestión de empresas";"Hombres";"Evaluacion"
"2017-2018";"76.89";"Administración y gestión de empresas";"Hombres";"Evaluacion"
"2016-2017";"76.83";"Administración y gestión de empresas";"Hombres";"Evaluacion"
"2015-2016";"79.14";"Administración y gestión de empresas";"Hombres";"Evaluacion"
"2022-2023";"86.38";"Otra Educación comercial y empresarial";"Hombres";"Evaluacion"
"2021-2022";"88.1";"Otra Educación comercial y empresarial";"Hombres";"Evaluacion"
"2020-2021";"88.73";"Otra Educación comercial y empresarial";"Hombres";"Evaluacion"
"2019-2020";"91.92";"Otra Educación comercial y empresarial";"Hombres";"Evaluacion"
"2018-2019";"88.74";"Otra Educación comercial y empresarial";"Hombres";"Evaluacion"
"2017-2018";"88.89";"Otra Educación comercial y empresarial";"Hombres";"Evaluacion"
"2016-2017";"86.55";"Otra Educación comercial y empresarial";"Hombres";"Evaluacion"
"2015-2016";"84.61";"Otra Educación comercial y empresarial";"Hombres";"Evaluacion"
"2022-2023";"78.93";"Derecho";"Hombres";"Evaluacion"
"2021-2022";"74.23";"Derecho";"Hombres";"Evaluacion"
"2020-2021";"81.0";"Derecho";"Hombres";"Evaluacion"
"2019-2020";"88.82";"Derecho";"Hombres";"Evaluacion"
"2018-2019";"80.63";"Derecho";"Hombres";"Evaluacion"
"2017-2018";"78.11";"Derecho";"Hombres";"Evaluacion"
"2016-2017";"79.17";"Derecho";"Hombres";"Evaluacion"
"2015-2016";"76.97";"Derecho";"Hombres";"Evaluacion"
"2022-2023";"85.09";"Total Ciencias";"Hombres";"Evaluacion"
"2021-2022";"83.15";"Total Ciencias";"Hombres";"Evaluacion"
"2020-2021";"81.46";"Total Ciencias";"Hombres";"Evaluacion"
"2019-2020";"87.4";"Total Ciencias";"Hombres";"Evaluacion"
"2018-2019";"84.13";"Total Ciencias";"Hombres";"Evaluacion"
"2017-2018";"83.28";"Total Ciencias";"Hombres";"Evaluacion"
"2016-2017";"82.39";"Total Ciencias";"Hombres";"Evaluacion"
"2015-2016";"81.01";"Total Ciencias";"Hombres";"Evaluacion"
"2022-2023";"87.29";"Ciencias de la vida";"Hombres";"Evaluacion"
"2021-2022";"85.29";"Ciencias de la vida";"Hombres";"Evaluacion"
"2020-2021";"84.98";"Ciencias de la vida";"Hombres";"Evaluacion"
"2019-2020";"91.32";"Ciencias de la vida";"Hombres";"Evaluacion"
"2018-2019";"86.44";"Ciencias de la vida";"Hombres";"Evaluacion"
"2017-2018";"85.92";"Ciencias de la vida";"Hombres";"Evaluacion"
"2016-2017";"84.96";"Ciencias de la vida";"Hombres";"Evaluacion"
"2015-2016";"85.29";"Ciencias de la vida";"Hombres";"Evaluacion"
"2022-2023";"83.09";"Ciencias Físicas, químicas, geológicas";"Hombres";"Evaluacion"
"2021-2022";"82.01";"Ciencias Físicas, químicas, geológicas";"Hombres";"Evaluacion"
"2020-2021";"78.12";"Ciencias Físicas, químicas, geológicas";"Hombres";"Evaluacion"
"2019-2020";"84.79";"Ciencias Físicas, químicas, geológicas";"Hombres";"Evaluacion"
"2018-2019";"82.24";"Ciencias Físicas, químicas, geológicas";"Hombres";"Evaluacion"
"2017-2018";"81.78";"Ciencias Físicas, químicas, geológicas";"Hombres";"Evaluacion"
"2016-2017";"81.67";"Ciencias Físicas, químicas, geológicas";"Hombres";"Evaluacion"
"2015-2016";"77.81";"Ciencias Físicas, químicas, geológicas";"Hombres";"Evaluacion"
"2022-2023";"84.24";"Matemáticas y Estadística";"Hombres";"Evaluacion"
"2021-2022";"80.97";"Matemáticas y Estadística";"Hombres";"Evaluacion"
"2020-2021";"79.78";"Matemáticas y Estadística";"Hombres";"Evaluacion"
"2019-2020";"82.49";"Matemáticas y Estadística";"Hombres";"Evaluacion"
"2018-2019";"81.99";"Matemáticas y Estadística";"Hombres";"Evaluacion"
"2017-2018";"79.23";"Matemáticas y Estadística";"Hombres";"Evaluacion"
"2016-2017";"76.17";"Matemáticas y Estadística";"Hombres";"Evaluacion"
"2015-2016";"74.66";"Matemáticas y Estadística";"Hombres";"Evaluacion"
"2022-2023";"79.76";"Total Informática";"Hombres";"Evaluacion"
"2021-2022";"76.7";"Total Informática";"Hombres";"Evaluacion"
"2020-2021";"77.41";"Total Informática";"Hombres";"Evaluacion"
"2019-2020";"79.09";"Total Informática";"Hombres";"Evaluacion"
"2018-2019";"77.69";"Total Informática";"Hombres";"Evaluacion"
"2017-2018";"76.43";"Total Informática";"Hombres";"Evaluacion"
"2016-2017";"69.48";"Total Informática";"Hombres";"Evaluacion"
"2015-2016";"69.74";"Total Informática";"Hombres";"Evaluacion"
"2022-2023";"79.76";"Informática";"Hombres";"Evaluacion"
"2021-2022";"76.7";"Informática";"Hombres";"Evaluacion"
"2020-2021";"77.41";"Informática";"Hombres";"Evaluacion"
"2019-2020";"79.09";"Informática";"Hombres";"Evaluacion"
"2018-2019";"77.69";"Informática";"Hombres";"Evaluacion"
"2017-2018";"76.43";"Informática";"Hombres";"Evaluacion"
"2016-2017";"69.48";"Informática";"Hombres";"Evaluacion"
"2015-2016";"69.74";"Informática";"Hombres";"Evaluacion"
"2022-2023";"81.77";"Total Ingeniería, industria y construcción";"Hombres";"Evaluacion"
"2021-2022";"82.87";"Total Ingeniería, industria y construcción";"Hombres";"Evaluacion"
"2020-2021";"82.53";"Total Ingeniería, industria y construcción";"Hombres";"Evaluacion"
"2019-2020";"89.83";"Total Ingeniería, industria y construcción";"Hombres";"Evaluacion"
"2018-2019";"81.6";"Total Ingeniería, industria y construcción";"Hombres";"Evaluacion"
"2017-2018";"82.07";"Total Ingeniería, industria y construcción";"Hombres";"Evaluacion"
"2016-2017";"79.89";"Total Ingeniería, industria y construcción";"Hombres";"Evaluacion"
"2015-2016";"81.83";"Total Ingeniería, industria y construcción";"Hombres";"Evaluacion"
"2022-2023";"81.77";"Ingenierías";"Hombres";"Evaluacion"
"2021-2022";"82.87";"Ingenierías";"Hombres";"Evaluacion"
"2020-2021";"82.53";"Ingenierías";"Hombres";"Evaluacion"
"2019-2020";"89.83";"Ingenierías";"Hombres";"Evaluacion"
"2018-2019";"81.6";"Ingenierías";"Hombres";"Evaluacion"
"2017-2018";"82.07";"Ingenierías";"Hombres";"Evaluacion"
"2016-2017";"79.89";"Ingenierías";"Hombres";"Evaluacion"
"2015-2016";"81.83";"Ingenierías";"Hombres";"Evaluacion"
"2022-2023";"..";"Arquitectura y construcción";"Hombres";"Evaluacion"
"2021-2022";"..";"Arquitectura y construcción";"Hombres";"Evaluacion"
"2020-2021";"..";"Arquitectura y construcción";"Hombres";"Evaluacion"
"2019-2020";"..";"Arquitectura y construcción";"Hombres";"Evaluacion"
"2018-2019";"..";"Arquitectura y construcción";"Hombres";"Evaluacion"
"2017-2018";"..";"Arquitectura y construcción";"Hombres";"Evaluacion"
"2016-2017";"..";"Arquitectura y construcción";"Hombres";"Evaluacion"
"2015-2016";"..";"Arquitectura y construcción";"Hombres";"Evaluacion"
"2022-2023";"87.08";"Total Agricultura, ganadería,  silvicultura, pesca, y veterinaria";"Hombres";"Evaluacion"
"2021-2022";"87.15";"Total Agricultura, ganadería,  silvicultura, pesca, y veterinaria";"Hombres";"Evaluacion"
"2020-2021";"87.11";"Total Agricultura, ganadería,  silvicultura, pesca, y veterinaria";"Hombres";"Evaluacion"
"2019-2020";"94.74";"Total Agricultura, ganadería,  silvicultura, pesca, y veterinaria";"Hombres";"Evaluacion"
"2018-2019";"89.89";"Total Agricultura, ganadería,  silvicultura, pesca, y veterinaria";"Hombres";"Evaluacion"
"2017-2018";"88.51";"Total Agricultura, ganadería,  silvicultura, pesca, y veterinaria";"Hombres";"Evaluacion"
"2016-2017";"83.6";"Total Agricultura, ganadería,  silvicultura, pesca, y veterinaria";"Hombres";"Evaluacion"
"2015-2016";"87.17";"Total Agricultura, ganadería,  silvicultura, pesca, y veterinaria";"Hombres";"Evaluacion"
"2022-2023";"..";"Agricultura, ganadería y pesca";"Hombres";"Evaluacion"
"2021-2022";"..";"Agricultura, ganadería y pesca";"Hombres";"Evaluacion"
"2020-2021";"..";"Agricultura, ganadería y pesca";"Hombres";"Evaluacion"
"2019-2020";"..";"Agricultura, ganadería y pesca";"Hombres";"Evaluacion"
"2018-2019";"..";"Agricultura, ganadería y pesca";"Hombres";"Evaluacion"
"2017-2018";"..";"Agricultura, ganadería y pesca";"Hombres";"Evaluacion"
"2016-2017";"..";"Agricultura, ganadería y pesca";"Hombres";"Evaluacion"
"2015-2016";"..";"Agricultura, ganadería y pesca";"Hombres";"Evaluacion"
"2022-2023";"87.08";"Veterinaria";"Hombres";"Evaluacion"
"2021-2022";"87.15";"Veterinaria";"Hombres";"Evaluacion"
"2020-2021";"87.11";"Veterinaria";"Hombres";"Evaluacion"
"2019-2020";"94.74";"Veterinaria";"Hombres";"Evaluacion"
"2018-2019";"89.89";"Veterinaria";"Hombres";"Evaluacion"
"2017-2018";"88.51";"Veterinaria";"Hombres";"Evaluacion"
"2016-2017";"83.6";"Veterinaria";"Hombres";"Evaluacion"
"2015-2016";"87.17";"Veterinaria";"Hombres";"Evaluacion"
"2022-2023";"91.29";"Total Salud y servicios sociales";"Hombres";"Evaluacion"
"2021-2022";"91.96";"Total Salud y servicios sociales";"Hombres";"Evaluacion"
"2020-2021";"91.29";"Total Salud y servicios sociales";"Hombres";"Evaluacion"
"2019-2020";"94.39";"Total Salud y servicios sociales";"Hombres";"Evaluacion"
"2018-2019";"90.97";"Total Salud y servicios sociales";"Hombres";"Evaluacion"
"2017-2018";"90.92";"Total Salud y servicios sociales";"Hombres";"Evaluacion"
"2016-2017";"91.89";"Total Salud y servicios sociales";"Hombres";"Evaluacion"
"2015-2016";"91.11";"Total Salud y servicios sociales";"Hombres";"Evaluacion"
"2022-2023";"90.01";"Medicina";"Hombres";"Evaluacion"
"2021-2022";"91.76";"Medicina";"Hombres";"Evaluacion"
"2020-2021";"91.2";"Medicina";"Hombres";"Evaluacion"
"2019-2020";"94.9";"Medicina";"Hombres";"Evaluacion"
"2018-2019";"91.56";"Medicina";"Hombres";"Evaluacion"
"2017-2018";"90.87";"Medicina";"Hombres";"Evaluacion"
"2016-2017";"92.09";"Medicina";"Hombres";"Evaluacion"
"2015-2016";"91.57";"Medicina";"Hombres";"Evaluacion"
"2022-2023";"94.58";"Enfermería y atención a enfermos";"Hombres";"Evaluacion"
"2021-2022";"95.47";"Enfermería y atención a enfermos";"Hombres";"Evaluacion"
"2020-2021";"93.54";"Enfermería y atención a enfermos";"Hombres";"Evaluacion"
"2019-2020";"96.52";"Enfermería y atención a enfermos";"Hombres";"Evaluacion"
"2018-2019";"92.84";"Enfermería y atención a enfermos";"Hombres";"Evaluacion"
"2017-2018";"93.75";"Enfermería y atención a enfermos";"Hombres";"Evaluacion"
"2016-2017";"93.14";"Enfermería y atención a enfermos";"Hombres";"Evaluacion"
"2015-2016";"92.56";"Enfermería y atención a enfermos";"Hombres";"Evaluacion"
"2022-2023";"90.94";"Otras ciencias de la Salud";"Hombres";"Evaluacion"
"2021-2022";"90.52";"Otras ciencias de la Salud";"Hombres";"Evaluacion"
"2020-2021";"91.58";"Otras ciencias de la Salud";"Hombres";"Evaluacion"
"2019-2020";"93.51";"Otras ciencias de la Salud";"Hombres";"Evaluacion"
"2018-2019";"89.91";"Otras ciencias de la Salud";"Hombres";"Evaluacion"
"2017-2018";"90.09";"Otras ciencias de la Salud";"Hombres";"Evaluacion"
"2016-2017";"91.33";"Otras ciencias de la Salud";"Hombres";"Evaluacion"
"2015-2016";"90.31";"Otras ciencias de la Salud";"Hombres";"Evaluacion"
"2022-2023";"88.4";"Trabajo social y orientación";"Hombres";"Evaluacion"
"2021-2022";"88.34";"Trabajo social y orientación";"Hombres";"Evaluacion"
"2020-2021";"83.74";"Trabajo social y orientación";"Hombres";"Evaluacion"
"2019-2020";"89.94";"Trabajo social y orientación";"Hombres";"Evaluacion"
"2018-2019";"88.55";"Trabajo social y orientación";"Hombres";"Evaluacion"
"2017-2018";"88.05";"Trabajo social y orientación";"Hombres";"Evaluacion"
"2016-2017";"90.05";"Trabajo social y orientación";"Hombres";"Evaluacion"
"2015-2016";"88.08";"Trabajo social y orientación";"Hombres";"Evaluacion"
"2022-2023";"92.67";"Total Servicios";"Hombres";"Evaluacion"
"2021-2022";"89.68";"Total Servicios";"Hombres";"Evaluacion"
"2020-2021";"89.93";"Total Servicios";"Hombres";"Evaluacion"
"2019-2020";"92.31";"Total Servicios";"Hombres";"Evaluacion"
"2018-2019";"90.68";"Total Servicios";"Hombres";"Evaluacion"
"2017-2018";"89.96";"Total Servicios";"Hombres";"Evaluacion"
"2016-2017";"90.68";"Total Servicios";"Hombres";"Evaluacion"
"2015-2016";"92.86";"Total Servicios";"Hombres";"Evaluacion"
"2022-2023";"94.22";"Deportes";"Hombres";"Evaluacion"
"2021-2022";"93.67";"Deportes";"Hombres";"Evaluacion"
"2020-2021";"93.44";"Deportes";"Hombres";"Evaluacion"
"2019-2020";"95.62";"Deportes";"Hombres";"Evaluacion"
"2018-2019";"92.25";"Deportes";"Hombres";"Evaluacion"
"2017-2018";"93.54";"Deportes";"Hombres";"Evaluacion"
"2016-2017";"95.03";"Deportes";"Hombres";"Evaluacion"
"2015-2016";"95.83";"Deportes";"Hombres";"Evaluacion"
"2022-2023";"74.01";"Turismo y Hostelería";"Hombres";"Evaluacion"
"2021-2022";"70.71";"Turismo y Hostelería";"Hombres";"Evaluacion"
"2020-2021";"75.53";"Turismo y Hostelería";"Hombres";"Evaluacion"
"2019-2020";"84.33";"Turismo y Hostelería";"Hombres";"Evaluacion"
"2018-2019";"85.01";"Turismo y Hostelería";"Hombres";"Evaluacion"
"2017-2018";"80.66";"Turismo y Hostelería";"Hombres";"Evaluacion"
"2016-2017";"77.94";"Turismo y Hostelería";"Hombres";"Evaluacion"
"2015-2016";"83.89";"Turismo y Hostelería";"Hombres";"Evaluacion"
"2022-2023";"96.13";"Otros Servicios";"Hombres";"Evaluacion"
"2021-2022";"88.37";"Otros Servicios";"Hombres";"Evaluacion"
"2020-2021";"91.09";"Otros Servicios";"Hombres";"Evaluacion"
"2019-2020";"87.3";"Otros Servicios";"Hombres";"Evaluacion"
"2018-2019";"93.39";"Otros Servicios";"Hombres";"Evaluacion"
"2017-2018";"..";"Otros Servicios";"Hombres";"Evaluacion"
"2016-2017";"..";"Otros Servicios";"Hombres";"Evaluacion"
"2015-2016";"..";"Otros Servicios";"Hombres";"Evaluacion"
"2022-2023";"???";"Murcia";"Mujeres";"Rendimiento"
"2021-2022";"???";"Murcia";"Mujeres";"Rendimiento"
"2020-2021";"???";"Murcia";"Mujeres";"Rendimiento"
"2019-2020";"???";"Murcia";"Mujeres";"Rendimiento"
"2018-2019";"???";"Murcia";"Mujeres";"Rendimiento"
"2017-2018";"???";"Murcia";"Mujeres";"Rendimiento"
"2016-2017";"???";"Murcia";"Mujeres";"Rendimiento"
"2015-2016";"???";"Murcia";"Mujeres";"Rendimiento"
"2022-2023";"81.99";"Todos los ámbitos";"Mujeres";"Rendimiento"
"2021-2022";"80.42";"Todos los ámbitos";"Mujeres";"Rendimiento"
"2020-2021";"81.38";"Todos los ámbitos";"Mujeres";"Rendimiento"
"2019-2020";"88.85";"Todos los ámbitos";"Mujeres";"Rendimiento"
"2018-2019";"80.66";"Todos los ámbitos";"Mujeres";"Rendimiento"
"2017-2018";"80.59";"Todos los ámbitos";"Mujeres";"Rendimiento"
"2016-2017";"80.43";"Todos los ámbitos";"Mujeres";"Rendimiento"
"2015-2016";"80.91";"Todos los ámbitos";"Mujeres";"Rendimiento"
"2022-2023";"91.25";"Total Educación";"Mujeres";"Rendimiento"
"2021-2022";"90.82";"Total Educación";"Mujeres";"Rendimiento"
"2020-2021";"90.51";"Total Educación";"Mujeres";"Rendimiento"
"2019-2020";"93.89";"Total Educación";"Mujeres";"Rendimiento"
"2018-2019";"88.46";"Total Educación";"Mujeres";"Rendimiento"
"2017-2018";"89.18";"Total Educación";"Mujeres";"Rendimiento"
"2016-2017";"89.28";"Total Educación";"Mujeres";"Rendimiento"
"2015-2016";"89.41";"Total Educación";"Mujeres";"Rendimiento"
"2022-2023";"93.34";"Formación de docentes de enseñanza infantil";"Mujeres";"Rendimiento"
"2021-2022";"93.2";"Formación de docentes de enseñanza infantil";"Mujeres";"Rendimiento"
"2020-2021";"94.47";"Formación de docentes de enseñanza infantil";"Mujeres";"Rendimiento"
"2019-2020";"95.17";"Formación de docentes de enseñanza infantil";"Mujeres";"Rendimiento"
"2018-2019";"91.46";"Formación de docentes de enseñanza infantil";"Mujeres";"Rendimiento"
"2017-2018";"91.53";"Formación de docentes de enseñanza infantil";"Mujeres";"Rendimiento"
"2016-2017";"92.16";"Formación de docentes de enseñanza infantil";"Mujeres";"Rendimiento"
"2015-2016";"93.28";"Formación de docentes de enseñanza infantil";"Mujeres";"Rendimiento"
"2022-2023";"90.16";"Formación de docentes de enseñanza primaria";"Mujeres";"Rendimiento"
"2021-2022";"90.13";"Formación de docentes de enseñanza primaria";"Mujeres";"Rendimiento"
"2020-2021";"88.71";"Formación de docentes de enseñanza primaria";"Mujeres";"Rendimiento"
"2019-2020";"93.25";"Formación de docentes de enseñanza primaria";"Mujeres";"Rendimiento"
"2018-2019";"87.44";"Formación de docentes de enseñanza primaria";"Mujeres";"Rendimiento"
"2017-2018";"88.3";"Formación de docentes de enseñanza primaria";"Mujeres";"Rendimiento"
"2016-2017";"87.74";"Formación de docentes de enseñanza primaria";"Mujeres";"Rendimiento"
"2015-2016";"87.72";"Formación de docentes de enseñanza primaria";"Mujeres";"Rendimiento"
"2022-2023";"90.4";"Otra Formación de personal docente y ciencias de la educación";"Mujeres";"Rendimiento"
"2021-2022";"89.14";"Otra Formación de personal docente y ciencias de la educación";"Mujeres";"Rendimiento"
"2020-2021";"89.35";"Otra Formación de personal docente y ciencias de la educación";"Mujeres";"Rendimiento"
"2019-2020";"93.69";"Otra Formación de personal docente y ciencias de la educación";"Mujeres";"Rendimiento"
"2018-2019";"87.09";"Otra Formación de personal docente y ciencias de la educación";"Mujeres";"Rendimiento"
"2017-2018";"88.22";"Otra Formación de personal docente y ciencias de la educación";"Mujeres";"Rendimiento"
"2016-2017";"88.82";"Otra Formación de personal docente y ciencias de la educación";"Mujeres";"Rendimiento"
"2015-2016";"88.05";"Otra Formación de personal docente y ciencias de la educación";"Mujeres";"Rendimiento"
"2022-2023";"81.85";"Total Artes y humanidades";"Mujeres";"Rendimiento"
"2021-2022";"80.01";"Total Artes y humanidades";"Mujeres";"Rendimiento"
"2020-2021";"80.34";"Total Artes y humanidades";"Mujeres";"Rendimiento"
"2019-2020";"87.48";"Total Artes y humanidades";"Mujeres";"Rendimiento"
"2018-2019";"80.26";"Total Artes y humanidades";"Mujeres";"Rendimiento"
"2017-2018";"80.83";"Total Artes y humanidades";"Mujeres";"Rendimiento"
"2016-2017";"81.05";"Total Artes y humanidades";"Mujeres";"Rendimiento"
"2015-2016";"80.69";"Total Artes y humanidades";"Mujeres";"Rendimiento"
"2022-2023";"90.16";"Técnicas audiovisuales y medios de comunicación";"Mujeres";"Rendimiento"
"2021-2022";"88.38";"Técnicas audiovisuales y medios de comunicación";"Mujeres";"Rendimiento"
"2020-2021";"90.44";"Técnicas audiovisuales y medios de comunicación";"Mujeres";"Rendimiento"
"2019-2020";"93.01";"Técnicas audiovisuales y medios de comunicación";"Mujeres";"Rendimiento"
"2018-2019";"89.05";"Técnicas audiovisuales y medios de comunicación";"Mujeres";"Rendimiento"
"2017-2018";"89.73";"Técnicas audiovisuales y medios de comunicación";"Mujeres";"Rendimiento"
"2016-2017";"87.21";"Técnicas audiovisuales y medios de comunicación";"Mujeres";"Rendimiento"
"2015-2016";"86.57";"Técnicas audiovisuales y medios de comunicación";"Mujeres";"Rendimiento"
"2022-2023";"84.62";"Artes";"Mujeres";"Rendimiento"
"2021-2022";"84.11";"Artes";"Mujeres";"Rendimiento"
"2020-2021";"83.26";"Artes";"Mujeres";"Rendimiento"
"2019-2020";"87.12";"Artes";"Mujeres";"Rendimiento"
"2018-2019";"82.87";"Artes";"Mujeres";"Rendimiento"
"2017-2018";"82.75";"Artes";"Mujeres";"Rendimiento"
"2016-2017";"84.26";"Artes";"Mujeres";"Rendimiento"
"2015-2016";"83.95";"Artes";"Mujeres";"Rendimiento"
"2022-2023";"80.99";"Lenguas";"Mujeres";"Rendimiento"
"2021-2022";"78.38";"Lenguas";"Mujeres";"Rendimiento"
"2020-2021";"78.75";"Lenguas";"Mujeres";"Rendimiento"
"2019-2020";"87.54";"Lenguas";"Mujeres";"Rendimiento"
"2018-2019";"79.0";"Lenguas";"Mujeres";"Rendimiento"
"2017-2018";"80.01";"Lenguas";"Mujeres";"Rendimiento"
"2016-2017";"80.87";"Lenguas";"Mujeres";"Rendimiento"
"2015-2016";"79.66";"Lenguas";"Mujeres";"Rendimiento"
"2022-2023";"76.69";"Humanidades";"Mujeres";"Rendimiento"
"2021-2022";"76.72";"Humanidades";"Mujeres";"Rendimiento"
"2020-2021";"78.03";"Humanidades";"Mujeres";"Rendimiento"
"2019-2020";"84.98";"Humanidades";"Mujeres";"Rendimiento"
"2018-2019";"77.13";"Humanidades";"Mujeres";"Rendimiento"
"2017-2018";"76.59";"Humanidades";"Mujeres";"Rendimiento"
"2016-2017";"71.86";"Humanidades";"Mujeres";"Rendimiento"
"2015-2016";"76.74";"Humanidades";"Mujeres";"Rendimiento"
"2022-2023";"83.05";"Total Ciencias sociales, periodismo y documentación";"Mujeres";"Rendimiento"
"2021-2022";"81.51";"Total Ciencias sociales, periodismo y documentación";"Mujeres";"Rendimiento"
"2020-2021";"81.09";"Total Ciencias sociales, periodismo y documentación";"Mujeres";"Rendimiento"
"2019-2020";"87.79";"Total Ciencias sociales, periodismo y documentación";"Mujeres";"Rendimiento"
"2018-2019";"79.0";"Total Ciencias sociales, periodismo y documentación";"Mujeres";"Rendimiento"
"2017-2018";"78.99";"Total Ciencias sociales, periodismo y documentación";"Mujeres";"Rendimiento"
"2016-2017";"79.86";"Total Ciencias sociales, periodismo y documentación";"Mujeres";"Rendimiento"
"2015-2016";"80.32";"Total Ciencias sociales, periodismo y documentación";"Mujeres";"Rendimiento"
"2022-2023";"87.95";"Psicología";"Mujeres";"Rendimiento"
"2021-2022";"86.49";"Psicología";"Mujeres";"Rendimiento"
"2020-2021";"84.89";"Psicología";"Mujeres";"Rendimiento"
"2019-2020";"90.89";"Psicología";"Mujeres";"Rendimiento"
"2018-2019";"83.96";"Psicología";"Mujeres";"Rendimiento"
"2017-2018";"83.28";"Psicología";"Mujeres";"Rendimiento"
"2016-2017";"83.89";"Psicología";"Mujeres";"Rendimiento"
"2015-2016";"83.32";"Psicología";"Mujeres";"Rendimiento"
"2022-2023";"65.63";"Economía";"Mujeres";"Rendimiento"
"2021-2022";"65.27";"Economía";"Mujeres";"Rendimiento"
"2020-2021";"64.87";"Economía";"Mujeres";"Rendimiento"
"2019-2020";"76.52";"Economía";"Mujeres";"Rendimiento"
"2018-2019";"63.7";"Economía";"Mujeres";"Rendimiento"
"2017-2018";"68.61";"Economía";"Mujeres";"Rendimiento"
"2016-2017";"69.11";"Economía";"Mujeres";"Rendimiento"
"2015-2016";"67.67";"Economía";"Mujeres";"Rendimiento"
"2022-2023";"82.21";"Otras Ciencias sociales y del comportamiento";"Mujeres";"Rendimiento"
"2021-2022";"79.54";"Otras Ciencias sociales y del comportamiento";"Mujeres";"Rendimiento"
"2020-2021";"80.14";"Otras Ciencias sociales y del comportamiento";"Mujeres";"Rendimiento"
"2019-2020";"86.01";"Otras Ciencias sociales y del comportamiento";"Mujeres";"Rendimiento"
"2018-2019";"75.42";"Otras Ciencias sociales y del comportamiento";"Mujeres";"Rendimiento"
"2017-2018";"71.44";"Otras Ciencias sociales y del comportamiento";"Mujeres";"Rendimiento"
"2016-2017";"73.8";"Otras Ciencias sociales y del comportamiento";"Mujeres";"Rendimiento"
"2015-2016";"76.67";"Otras Ciencias sociales y del comportamiento";"Mujeres";"Rendimiento"
"2022-2023";"89.78";"Periodismo e información";"Mujeres";"Rendimiento"
"2021-2022";"89.27";"Periodismo e información";"Mujeres";"Rendimiento"
"2020-2021";"88.34";"Periodismo e información";"Mujeres";"Rendimiento"
"2019-2020";"93.95";"Periodismo e información";"Mujeres";"Rendimiento"
"2018-2019";"88.33";"Periodismo e información";"Mujeres";"Rendimiento"
"2017-2018";"88.21";"Periodismo e información";"Mujeres";"Rendimiento"
"2016-2017";"87.35";"Periodismo e información";"Mujeres";"Rendimiento"
"2015-2016";"88.72";"Periodismo e información";"Mujeres";"Rendimiento"
"2022-2023";"69.56";"Total Negocios, administración y derecho";"Mujeres";"Rendimiento"
"2021-2022";"66.44";"Total Negocios, administración y derecho";"Mujeres";"Rendimiento"
"2020-2021";"70.99";"Total Negocios, administración y derecho";"Mujeres";"Rendimiento"
"2019-2020";"81.71";"Total Negocios, administración y derecho";"Mujeres";"Rendimiento"
"2018-2019";"69.21";"Total Negocios, administración y derecho";"Mujeres";"Rendimiento"
"2017-2018";"67.9";"Total Negocios, administración y derecho";"Mujeres";"Rendimiento"
"2016-2017";"67.56";"Total Negocios, administración y derecho";"Mujeres";"Rendimiento"
"2015-2016";"68.92";"Total Negocios, administración y derecho";"Mujeres";"Rendimiento"
"2022-2023";"65.88";"Administración y gestión de empresas";"Mujeres";"Rendimiento"
"2021-2022";"63.8";"Administración y gestión de empresas";"Mujeres";"Rendimiento"
"2020-2021";"64.55";"Administración y gestión de empresas";"Mujeres";"Rendimiento"
"2019-2020";"76.94";"Administración y gestión de empresas";"Mujeres";"Rendimiento"
"2018-2019";"65.71";"Administración y gestión de empresas";"Mujeres";"Rendimiento"
"2017-2018";"65.09";"Administración y gestión de empresas";"Mujeres";"Rendimiento"
"2016-2017";"62.95";"Administración y gestión de empresas";"Mujeres";"Rendimiento"
"2015-2016";"66.62";"Administración y gestión de empresas";"Mujeres";"Rendimiento"
"2022-2023";"87.13";"Otra Educación comercial y empresarial";"Mujeres";"Rendimiento"
"2021-2022";"84.87";"Otra Educación comercial y empresarial";"Mujeres";"Rendimiento"
"2020-2021";"83.9";"Otra Educación comercial y empresarial";"Mujeres";"Rendimiento"
"2019-2020";"92.78";"Otra Educación comercial y empresarial";"Mujeres";"Rendimiento"
"2018-2019";"83.98";"Otra Educación comercial y empresarial";"Mujeres";"Rendimiento"
"2017-2018";"83.28";"Otra Educación comercial y empresarial";"Mujeres";"Rendimiento"
"2016-2017";"82.26";"Otra Educación comercial y empresarial";"Mujeres";"Rendimiento"
"2015-2016";"81.04";"Otra Educación comercial y empresarial";"Mujeres";"Rendimiento"
"2022-2023";"67.03";"Derecho";"Mujeres";"Rendimiento"
"2021-2022";"62.85";"Derecho";"Mujeres";"Rendimiento"
"2020-2021";"71.94";"Derecho";"Mujeres";"Rendimiento"
"2019-2020";"82.06";"Derecho";"Mujeres";"Rendimiento"
"2018-2019";"67.98";"Derecho";"Mujeres";"Rendimiento"
"2017-2018";"66.07";"Derecho";"Mujeres";"Rendimiento"
"2016-2017";"67.92";"Derecho";"Mujeres";"Rendimiento"
"2015-2016";"68.07";"Derecho";"Mujeres";"Rendimiento"
"2022-2023";"75.01";"Total Ciencias";"Mujeres";"Rendimiento"
"2021-2022";"71.99";"Total Ciencias";"Mujeres";"Rendimiento"
"2020-2021";"73.9";"Total Ciencias";"Mujeres";"Rendimiento"
"2019-2020";"83.34";"Total Ciencias";"Mujeres";"Rendimiento"
"2018-2019";"74.68";"Total Ciencias";"Mujeres";"Rendimiento"
"2017-2018";"74.36";"Total Ciencias";"Mujeres";"Rendimiento"
"2016-2017";"73.17";"Total Ciencias";"Mujeres";"Rendimiento"
"2015-2016";"75.18";"Total Ciencias";"Mujeres";"Rendimiento"
"2022-2023";"77.21";"Ciencias de la vida";"Mujeres";"Rendimiento"
"2021-2022";"74.55";"Ciencias de la vida";"Mujeres";"Rendimiento"
"2020-2021";"78.01";"Ciencias de la vida";"Mujeres";"Rendimiento"
"2019-2020";"87.51";"Ciencias de la vida";"Mujeres";"Rendimiento"
"2018-2019";"77.46";"Ciencias de la vida";"Mujeres";"Rendimiento"
"2017-2018";"77.06";"Ciencias de la vida";"Mujeres";"Rendimiento"
"2016-2017";"76.97";"Ciencias de la vida";"Mujeres";"Rendimiento"
"2015-2016";"79.24";"Ciencias de la vida";"Mujeres";"Rendimiento"
"2022-2023";"70.53";"Ciencias Físicas, químicas, geológicas";"Mujeres";"Rendimiento"
"2021-2022";"68.58";"Ciencias Físicas, químicas, geológicas";"Mujeres";"Rendimiento"
"2020-2021";"67.78";"Ciencias Físicas, químicas, geológicas";"Mujeres";"Rendimiento"
"2019-2020";"76.91";"Ciencias Físicas, químicas, geológicas";"Mujeres";"Rendimiento"
"2018-2019";"71.26";"Ciencias Físicas, químicas, geológicas";"Mujeres";"Rendimiento"
"2017-2018";"70.0";"Ciencias Físicas, químicas, geológicas";"Mujeres";"Rendimiento"
"2016-2017";"66.85";"Ciencias Físicas, químicas, geológicas";"Mujeres";"Rendimiento"
"2015-2016";"69.96";"Ciencias Físicas, químicas, geológicas";"Mujeres";"Rendimiento"
"2022-2023";"73.09";"Matemáticas y Estadística";"Mujeres";"Rendimiento"
"2021-2022";"65.55";"Matemáticas y Estadística";"Mujeres";"Rendimiento"
"2020-2021";"65.28";"Matemáticas y Estadística";"Mujeres";"Rendimiento"
"2019-2020";"73.01";"Matemáticas y Estadística";"Mujeres";"Rendimiento"
"2018-2019";"64.94";"Matemáticas y Estadística";"Mujeres";"Rendimiento"
"2017-2018";"65.88";"Matemáticas y Estadística";"Mujeres";"Rendimiento"
"2016-2017";"62.07";"Matemáticas y Estadística";"Mujeres";"Rendimiento"
"2015-2016";"57.86";"Matemáticas y Estadística";"Mujeres";"Rendimiento"
"2022-2023";"69.89";"Total Informática";"Mujeres";"Rendimiento"
"2021-2022";"64.6";"Total Informática";"Mujeres";"Rendimiento"
"2020-2021";"61.87";"Total Informática";"Mujeres";"Rendimiento"
"2019-2020";"75.73";"Total Informática";"Mujeres";"Rendimiento"
"2018-2019";"71.21";"Total Informática";"Mujeres";"Rendimiento"
"2017-2018";"62.52";"Total Informática";"Mujeres";"Rendimiento"
"2016-2017";"58.49";"Total Informática";"Mujeres";"Rendimiento"
"2015-2016";"57.14";"Total Informática";"Mujeres";"Rendimiento"
"2022-2023";"69.89";"Informática";"Mujeres";"Rendimiento"
"2021-2022";"64.6";"Informática";"Mujeres";"Rendimiento"
"2020-2021";"61.87";"Informática";"Mujeres";"Rendimiento"
"2019-2020";"75.73";"Informática";"Mujeres";"Rendimiento"
"2018-2019";"71.21";"Informática";"Mujeres";"Rendimiento"
"2017-2018";"62.52";"Informática";"Mujeres";"Rendimiento"
"2016-2017";"58.49";"Informática";"Mujeres";"Rendimiento"
"2015-2016";"57.14";"Informática";"Mujeres";"Rendimiento"
"2022-2023";"71.28";"Total Ingeniería, industria y construcción";"Mujeres";"Rendimiento"
"2021-2022";"69.46";"Total Ingeniería, industria y construcción";"Mujeres";"Rendimiento"
"2020-2021";"73.4";"Total Ingeniería, industria y construcción";"Mujeres";"Rendimiento"
"2019-2020";"85.52";"Total Ingeniería, industria y construcción";"Mujeres";"Rendimiento"
"2018-2019";"71.45";"Total Ingeniería, industria y construcción";"Mujeres";"Rendimiento"
"2017-2018";"76.23";"Total Ingeniería, industria y construcción";"Mujeres";"Rendimiento"
"2016-2017";"75.87";"Total Ingeniería, industria y construcción";"Mujeres";"Rendimiento"
"2015-2016";"73.23";"Total Ingeniería, industria y construcción";"Mujeres";"Rendimiento"
"2022-2023";"71.28";"Ingenierías";"Mujeres";"Rendimiento"
"2021-2022";"69.46";"Ingenierías";"Mujeres";"Rendimiento"
"2020-2021";"73.4";"Ingenierías";"Mujeres";"Rendimiento"
"2019-2020";"85.52";"Ingenierías";"Mujeres";"Rendimiento"
"2018-2019";"71.45";"Ingenierías";"Mujeres";"Rendimiento"
"2017-2018";"76.23";"Ingenierías";"Mujeres";"Rendimiento"
"2016-2017";"75.87";"Ingenierías";"Mujeres";"Rendimiento"
"2015-2016";"73.23";"Ingenierías";"Mujeres";"Rendimiento"
"2022-2023";"..";"Arquitectura y construcción";"Mujeres";"Rendimiento"
"2021-2022";"..";"Arquitectura y construcción";"Mujeres";"Rendimiento"
"2020-2021";"..";"Arquitectura y construcción";"Mujeres";"Rendimiento"
"2019-2020";"..";"Arquitectura y construcción";"Mujeres";"Rendimiento"
"2018-2019";"..";"Arquitectura y construcción";"Mujeres";"Rendimiento"
"2017-2018";"..";"Arquitectura y construcción";"Mujeres";"Rendimiento"
"2016-2017";"..";"Arquitectura y construcción";"Mujeres";"Rendimiento"
"2015-2016";"..";"Arquitectura y construcción";"Mujeres";"Rendimiento"
"2022-2023";"81.92";"Total Agricultura, ganadería,  silvicultura, pesca, y veterinaria";"Mujeres";"Rendimiento"
"2021-2022";"81.45";"Total Agricultura, ganadería,  silvicultura, pesca, y veterinaria";"Mujeres";"Rendimiento"
"2020-2021";"79.9";"Total Agricultura, ganadería,  silvicultura, pesca, y veterinaria";"Mujeres";"Rendimiento"
"2019-2020";"94.43";"Total Agricultura, ganadería,  silvicultura, pesca, y veterinaria";"Mujeres";"Rendimiento"
"2018-2019";"80.74";"Total Agricultura, ganadería,  silvicultura, pesca, y veterinaria";"Mujeres";"Rendimiento"
"2017-2018";"80.72";"Total Agricultura, ganadería,  silvicultura, pesca, y veterinaria";"Mujeres";"Rendimiento"
"2016-2017";"81.25";"Total Agricultura, ganadería,  silvicultura, pesca, y veterinaria";"Mujeres";"Rendimiento"
"2015-2016";"81.86";"Total Agricultura, ganadería,  silvicultura, pesca, y veterinaria";"Mujeres";"Rendimiento"
"2022-2023";"..";"Agricultura, ganadería y pesca";"Mujeres";"Rendimiento"
"2021-2022";"..";"Agricultura, ganadería y pesca";"Mujeres";"Rendimiento"
"2020-2021";"..";"Agricultura, ganadería y pesca";"Mujeres";"Rendimiento"
"2019-2020";"..";"Agricultura, ganadería y pesca";"Mujeres";"Rendimiento"
"2018-2019";"..";"Agricultura, ganadería y pesca";"Mujeres";"Rendimiento"
"2017-2018";"..";"Agricultura, ganadería y pesca";"Mujeres";"Rendimiento"
"2016-2017";"..";"Agricultura, ganadería y pesca";"Mujeres";"Rendimiento"
"2015-2016";"..";"Agricultura, ganadería y pesca";"Mujeres";"Rendimiento"
"2022-2023";"81.92";"Veterinaria";"Mujeres";"Rendimiento"
"2021-2022";"81.45";"Veterinaria";"Mujeres";"Rendimiento"
"2020-2021";"79.9";"Veterinaria";"Mujeres";"Rendimiento"
"2019-2020";"94.43";"Veterinaria";"Mujeres";"Rendimiento"
"2018-2019";"80.74";"Veterinaria";"Mujeres";"Rendimiento"
"2017-2018";"80.72";"Veterinaria";"Mujeres";"Rendimiento"
"2016-2017";"81.25";"Veterinaria";"Mujeres";"Rendimiento"
"2015-2016";"81.86";"Veterinaria";"Mujeres";"Rendimiento"
"2022-2023";"86.88";"Total Salud y servicios sociales";"Mujeres";"Rendimiento"
"2021-2022";"86.39";"Total Salud y servicios sociales";"Mujeres";"Rendimiento"
"2020-2021";"86.59";"Total Salud y servicios sociales";"Mujeres";"Rendimiento"
"2019-2020";"93.26";"Total Salud y servicios sociales";"Mujeres";"Rendimiento"
"2018-2019";"87.14";"Total Salud y servicios sociales";"Mujeres";"Rendimiento"
"2017-2018";"87.02";"Total Salud y servicios sociales";"Mujeres";"Rendimiento"
"2016-2017";"86.98";"Total Salud y servicios sociales";"Mujeres";"Rendimiento"
"2015-2016";"87.2";"Total Salud y servicios sociales";"Mujeres";"Rendimiento"
"2022-2023";"87.0";"Medicina";"Mujeres";"Rendimiento"
"2021-2022";"86.0";"Medicina";"Mujeres";"Rendimiento"
"2020-2021";"86.54";"Medicina";"Mujeres";"Rendimiento"
"2019-2020";"95.75";"Medicina";"Mujeres";"Rendimiento"
"2018-2019";"88.89";"Medicina";"Mujeres";"Rendimiento"
"2017-2018";"88.61";"Medicina";"Mujeres";"Rendimiento"
"2016-2017";"87.89";"Medicina";"Mujeres";"Rendimiento"
"2015-2016";"87.36";"Medicina";"Mujeres";"Rendimiento"
"2022-2023";"92.56";"Enfermería y atención a enfermos";"Mujeres";"Rendimiento"
"2021-2022";"92.28";"Enfermería y atención a enfermos";"Mujeres";"Rendimiento"
"2020-2021";"91.68";"Enfermería y atención a enfermos";"Mujeres";"Rendimiento"
"2019-2020";"94.12";"Enfermería y atención a enfermos";"Mujeres";"Rendimiento"
"2018-2019";"90.56";"Enfermería y atención a enfermos";"Mujeres";"Rendimiento"
"2017-2018";"89.89";"Enfermería y atención a enfermos";"Mujeres";"Rendimiento"
"2016-2017";"91.55";"Enfermería y atención a enfermos";"Mujeres";"Rendimiento"
"2015-2016";"90.81";"Enfermería y atención a enfermos";"Mujeres";"Rendimiento"
"2022-2023";"83.48";"Otras ciencias de la Salud";"Mujeres";"Rendimiento"
"2021-2022";"82.25";"Otras ciencias de la Salud";"Mujeres";"Rendimiento"
"2020-2021";"81.86";"Otras ciencias de la Salud";"Mujeres";"Rendimiento"
"2019-2020";"90.0";"Otras ciencias de la Salud";"Mujeres";"Rendimiento"
"2018-2019";"82.56";"Otras ciencias de la Salud";"Mujeres";"Rendimiento"
"2017-2018";"83.89";"Otras ciencias de la Salud";"Mujeres";"Rendimiento"
"2016-2017";"83.51";"Otras ciencias de la Salud";"Mujeres";"Rendimiento"
"2015-2016";"83.14";"Otras ciencias de la Salud";"Mujeres";"Rendimiento"
"2022-2023";"83.82";"Trabajo social y orientación";"Mujeres";"Rendimiento"
"2021-2022";"84.97";"Trabajo social y orientación";"Mujeres";"Rendimiento"
"2020-2021";"87.56";"Trabajo social y orientación";"Mujeres";"Rendimiento"
"2019-2020";"94.99";"Trabajo social y orientación";"Mujeres";"Rendimiento"
"2018-2019";"87.93";"Trabajo social y orientación";"Mujeres";"Rendimiento"
"2017-2018";"85.58";"Trabajo social y orientación";"Mujeres";"Rendimiento"
"2016-2017";"83.83";"Trabajo social y orientación";"Mujeres";"Rendimiento"
"2015-2016";"89.01";"Trabajo social y orientación";"Mujeres";"Rendimiento"
"2022-2023";"84.79";"Total Servicios";"Mujeres";"Rendimiento"
"2021-2022";"81.78";"Total Servicios";"Mujeres";"Rendimiento"
"2020-2021";"82.35";"Total Servicios";"Mujeres";"Rendimiento"
"2019-2020";"88.47";"Total Servicios";"Mujeres";"Rendimiento"
"2018-2019";"80.86";"Total Servicios";"Mujeres";"Rendimiento"
"2017-2018";"79.46";"Total Servicios";"Mujeres";"Rendimiento"
"2016-2017";"76.61";"Total Servicios";"Mujeres";"Rendimiento"
"2015-2016";"78.24";"Total Servicios";"Mujeres";"Rendimiento"
"2022-2023";"89.55";"Deportes";"Mujeres";"Rendimiento"
"2021-2022";"89.68";"Deportes";"Mujeres";"Rendimiento"
"2020-2021";"87.19";"Deportes";"Mujeres";"Rendimiento"
"2019-2020";"94.89";"Deportes";"Mujeres";"Rendimiento"
"2018-2019";"88.02";"Deportes";"Mujeres";"Rendimiento"
"2017-2018";"90.4";"Deportes";"Mujeres";"Rendimiento"
"2016-2017";"88.43";"Deportes";"Mujeres";"Rendimiento"
"2015-2016";"90.99";"Deportes";"Mujeres";"Rendimiento"
"2022-2023";"76.06";"Turismo y Hostelería";"Mujeres";"Rendimiento"
"2021-2022";"74.27";"Turismo y Hostelería";"Mujeres";"Rendimiento"
"2020-2021";"77.29";"Turismo y Hostelería";"Mujeres";"Rendimiento"
"2019-2020";"83.6";"Turismo y Hostelería";"Mujeres";"Rendimiento"
"2018-2019";"76.77";"Turismo y Hostelería";"Mujeres";"Rendimiento"
"2017-2018";"74.74";"Turismo y Hostelería";"Mujeres";"Rendimiento"
"2016-2017";"72.04";"Turismo y Hostelería";"Mujeres";"Rendimiento"
"2015-2016";"73.07";"Turismo y Hostelería";"Mujeres";"Rendimiento"
"2022-2023";"94.16";"Otros Servicios";"Mujeres";"Rendimiento"
"2021-2022";"90.87";"Otros Servicios";"Mujeres";"Rendimiento"
"2020-2021";"92.38";"Otros Servicios";"Mujeres";"Rendimiento"
"2019-2020";"96.75";"Otros Servicios";"Mujeres";"Rendimiento"
"2018-2019";"..";"Otros Servicios";"Mujeres";"Rendimiento"
"2017-2018";"..";"Otros Servicios";"Mujeres";"Rendimiento"
"2016-2017";"..";"Otros Servicios";"Mujeres";"Rendimiento"
"2015-2016";"..";"Otros Servicios";"Mujeres";"Rendimiento"
"2022-2023";"???";"Murcia";"Mujeres";"Exito"
"2021-2022";"???";"Murcia";"Mujeres";"Exito"
"2020-2021";"???";"Murcia";"Mujeres";"Exito"
"2019-2020";"???";"Murcia";"Mujeres";"Exito"
"2018-2019";"???";"Murcia";"Mujeres";"Exito"
"2017-2018";"???";"Murcia";"Mujeres";"Exito"
"2016-2017";"???";"Murcia";"Mujeres";"Exito"
"2015-2016";"???";"Murcia";"Mujeres";"Exito"
"2022-2023";"90.45";"Todos los ámbitos";"Mujeres";"Exito"
"2021-2022";"89.71";"Todos los ámbitos";"Mujeres";"Exito"
"2020-2021";"89.78";"Todos los ámbitos";"Mujeres";"Exito"
"2019-2020";"94.5";"Todos los ámbitos";"Mujeres";"Exito"
"2018-2019";"89.45";"Todos los ámbitos";"Mujeres";"Exito"
"2017-2018";"89.51";"Todos los ámbitos";"Mujeres";"Exito"
"2016-2017";"89.49";"Todos los ámbitos";"Mujeres";"Exito"
"2015-2016";"89.88";"Todos los ámbitos";"Mujeres";"Exito"
"2022-2023";"95.26";"Total Educación";"Mujeres";"Exito"
"2021-2022";"94.97";"Total Educación";"Mujeres";"Exito"
"2020-2021";"94.29";"Total Educación";"Mujeres";"Exito"
"2019-2020";"96.72";"Total Educación";"Mujeres";"Exito"
"2018-2019";"93.14";"Total Educación";"Mujeres";"Exito"
"2017-2018";"93.64";"Total Educación";"Mujeres";"Exito"
"2016-2017";"93.88";"Total Educación";"Mujeres";"Exito"
"2015-2016";"93.78";"Total Educación";"Mujeres";"Exito"
"2022-2023";"96.23";"Formación de docentes de enseñanza infantil";"Mujeres";"Exito"
"2021-2022";"96.65";"Formación de docentes de enseñanza infantil";"Mujeres";"Exito"
"2020-2021";"96.67";"Formación de docentes de enseñanza infantil";"Mujeres";"Exito"
"2019-2020";"97.37";"Formación de docentes de enseñanza infantil";"Mujeres";"Exito"
"2018-2019";"94.59";"Formación de docentes de enseñanza infantil";"Mujeres";"Exito"
"2017-2018";"95.29";"Formación de docentes de enseñanza infantil";"Mujeres";"Exito"
"2016-2017";"95.82";"Formación de docentes de enseñanza infantil";"Mujeres";"Exito"
"2015-2016";"96.18";"Formación de docentes de enseñanza infantil";"Mujeres";"Exito"
"2022-2023";"94.3";"Formación de docentes de enseñanza primaria";"Mujeres";"Exito"
"2021-2022";"94.24";"Formación de docentes de enseñanza primaria";"Mujeres";"Exito"
"2020-2021";"92.9";"Formación de docentes de enseñanza primaria";"Mujeres";"Exito"
"2019-2020";"96.1";"Formación de docentes de enseñanza primaria";"Mujeres";"Exito"
"2018-2019";"92.43";"Formación de docentes de enseñanza primaria";"Mujeres";"Exito"
"2017-2018";"92.78";"Formación de docentes de enseñanza primaria";"Mujeres";"Exito"
"2016-2017";"92.64";"Formación de docentes de enseñanza primaria";"Mujeres";"Exito"
"2015-2016";"92.4";"Formación de docentes de enseñanza primaria";"Mujeres";"Exito"
"2022-2023";"95.63";"Otra Formación de personal docente y ciencias de la educación";"Mujeres";"Exito"
"2021-2022";"94.15";"Otra Formación de personal docente y ciencias de la educación";"Mujeres";"Exito"
"2020-2021";"94.08";"Otra Formación de personal docente y ciencias de la educación";"Mujeres";"Exito"
"2019-2020";"97.14";"Otra Formación de personal docente y ciencias de la educación";"Mujeres";"Exito"
"2018-2019";"92.82";"Otra Formación de personal docente y ciencias de la educación";"Mujeres";"Exito"
"2017-2018";"93.39";"Otra Formación de personal docente y ciencias de la educación";"Mujeres";"Exito"
"2016-2017";"93.94";"Otra Formación de personal docente y ciencias de la educación";"Mujeres";"Exito"
"2015-2016";"93.56";"Otra Formación de personal docente y ciencias de la educación";"Mujeres";"Exito"
"2022-2023";"91.68";"Total Artes y humanidades";"Mujeres";"Exito"
"2021-2022";"90.6";"Total Artes y humanidades";"Mujeres";"Exito"
"2020-2021";"90.74";"Total Artes y humanidades";"Mujeres";"Exito"
"2019-2020";"94.84";"Total Artes y humanidades";"Mujeres";"Exito"
"2018-2019";"91.04";"Total Artes y humanidades";"Mujeres";"Exito"
"2017-2018";"91.32";"Total Artes y humanidades";"Mujeres";"Exito"
"2016-2017";"91.84";"Total Artes y humanidades";"Mujeres";"Exito"
"2015-2016";"91.51";"Total Artes y humanidades";"Mujeres";"Exito"
"2022-2023";"94.7";"Técnicas audiovisuales y medios de comunicación";"Mujeres";"Exito"
"2021-2022";"93.98";"Técnicas audiovisuales y medios de comunicación";"Mujeres";"Exito"
"2020-2021";"95.28";"Técnicas audiovisuales y medios de comunicación";"Mujeres";"Exito"
"2019-2020";"97.81";"Técnicas audiovisuales y medios de comunicación";"Mujeres";"Exito"
"2018-2019";"95.15";"Técnicas audiovisuales y medios de comunicación";"Mujeres";"Exito"
"2017-2018";"94.71";"Técnicas audiovisuales y medios de comunicación";"Mujeres";"Exito"
"2016-2017";"92.07";"Técnicas audiovisuales y medios de comunicación";"Mujeres";"Exito"
"2015-2016";"91.79";"Técnicas audiovisuales y medios de comunicación";"Mujeres";"Exito"
"2022-2023";"95.15";"Artes";"Mujeres";"Exito"
"2021-2022";"95.09";"Artes";"Mujeres";"Exito"
"2020-2021";"94.72";"Artes";"Mujeres";"Exito"
"2019-2020";"97.22";"Artes";"Mujeres";"Exito"
"2018-2019";"95.83";"Artes";"Mujeres";"Exito"
"2017-2018";"94.45";"Artes";"Mujeres";"Exito"
"2016-2017";"95.79";"Artes";"Mujeres";"Exito"
"2015-2016";"95.39";"Artes";"Mujeres";"Exito"
"2022-2023";"90.16";"Lenguas";"Mujeres";"Exito"
"2021-2022";"88.84";"Lenguas";"Mujeres";"Exito"
"2020-2021";"88.95";"Lenguas";"Mujeres";"Exito"
"2019-2020";"93.81";"Lenguas";"Mujeres";"Exito"
"2018-2019";"88.96";"Lenguas";"Mujeres";"Exito"
"2017-2018";"89.88";"Lenguas";"Mujeres";"Exito"
"2016-2017";"90.7";"Lenguas";"Mujeres";"Exito"
"2015-2016";"90.35";"Lenguas";"Mujeres";"Exito"
"2022-2023";"90.63";"Humanidades";"Mujeres";"Exito"
"2021-2022";"89.27";"Humanidades";"Mujeres";"Exito"
"2020-2021";"89.83";"Humanidades";"Mujeres";"Exito"
"2019-2020";"94.21";"Humanidades";"Mujeres";"Exito"
"2018-2019";"90.51";"Humanidades";"Mujeres";"Exito"
"2017-2018";"91.26";"Humanidades";"Mujeres";"Exito"
"2016-2017";"89.78";"Humanidades";"Mujeres";"Exito"
"2015-2016";"90.08";"Humanidades";"Mujeres";"Exito"
"2022-2023";"89.78";"Total Ciencias sociales, periodismo y documentación";"Mujeres";"Exito"
"2021-2022";"88.94";"Total Ciencias sociales, periodismo y documentación";"Mujeres";"Exito"
"2020-2021";"88.71";"Total Ciencias sociales, periodismo y documentación";"Mujeres";"Exito"
"2019-2020";"93.57";"Total Ciencias sociales, periodismo y documentación";"Mujeres";"Exito"
"2018-2019";"87.42";"Total Ciencias sociales, periodismo y documentación";"Mujeres";"Exito"
"2017-2018";"88.2";"Total Ciencias sociales, periodismo y documentación";"Mujeres";"Exito"
"2016-2017";"89.18";"Total Ciencias sociales, periodismo y documentación";"Mujeres";"Exito"
"2015-2016";"88.71";"Total Ciencias sociales, periodismo y documentación";"Mujeres";"Exito"
"2022-2023";"91.63";"Psicología";"Mujeres";"Exito"
"2021-2022";"91.47";"Psicología";"Mujeres";"Exito"
"2020-2021";"90.62";"Psicología";"Mujeres";"Exito"
"2019-2020";"95.25";"Psicología";"Mujeres";"Exito"
"2018-2019";"89.69";"Psicología";"Mujeres";"Exito"
"2017-2018";"89.96";"Psicología";"Mujeres";"Exito"
"2016-2017";"90.24";"Psicología";"Mujeres";"Exito"
"2015-2016";"89.6";"Psicología";"Mujeres";"Exito"
"2022-2023";"77.71";"Economía";"Mujeres";"Exito"
"2021-2022";"76.45";"Economía";"Mujeres";"Exito"
"2020-2021";"77.37";"Economía";"Mujeres";"Exito"
"2019-2020";"85.82";"Economía";"Mujeres";"Exito"
"2018-2019";"75.07";"Economía";"Mujeres";"Exito"
"2017-2018";"79.99";"Economía";"Mujeres";"Exito"
"2016-2017";"79.52";"Economía";"Mujeres";"Exito"
"2015-2016";"78.39";"Economía";"Mujeres";"Exito"
"2022-2023";"90.22";"Otras Ciencias sociales y del comportamiento";"Mujeres";"Exito"
"2021-2022";"88.26";"Otras Ciencias sociales y del comportamiento";"Mujeres";"Exito"
"2020-2021";"88.16";"Otras Ciencias sociales y del comportamiento";"Mujeres";"Exito"
"2019-2020";"92.46";"Otras Ciencias sociales y del comportamiento";"Mujeres";"Exito"
"2018-2019";"86.73";"Otras Ciencias sociales y del comportamiento";"Mujeres";"Exito"
"2017-2018";"84.86";"Otras Ciencias sociales y del comportamiento";"Mujeres";"Exito"
"2016-2017";"89.59";"Otras Ciencias sociales y del comportamiento";"Mujeres";"Exito"
"2015-2016";"89.01";"Otras Ciencias sociales y del comportamiento";"Mujeres";"Exito"
"2022-2023";"94.55";"Periodismo e información";"Mujeres";"Exito"
"2021-2022";"95.13";"Periodismo e información";"Mujeres";"Exito"
"2020-2021";"94.39";"Periodismo e información";"Mujeres";"Exito"
"2019-2020";"98.12";"Periodismo e información";"Mujeres";"Exito"
"2018-2019";"94.18";"Periodismo e información";"Mujeres";"Exito"
"2017-2018";"94.82";"Periodismo e información";"Mujeres";"Exito"
"2016-2017";"94.12";"Periodismo e información";"Mujeres";"Exito"
"2015-2016";"94.64";"Periodismo e información";"Mujeres";"Exito"
"2022-2023";"83.69";"Total Negocios, administración y derecho";"Mujeres";"Exito"
"2021-2022";"82.39";"Total Negocios, administración y derecho";"Mujeres";"Exito"
"2020-2021";"83.89";"Total Negocios, administración y derecho";"Mujeres";"Exito"
"2019-2020";"90.6";"Total Negocios, administración y derecho";"Mujeres";"Exito"
"2018-2019";"83.16";"Total Negocios, administración y derecho";"Mujeres";"Exito"
"2017-2018";"81.99";"Total Negocios, administración y derecho";"Mujeres";"Exito"
"2016-2017";"81.65";"Total Negocios, administración y derecho";"Mujeres";"Exito"
"2015-2016";"83.3";"Total Negocios, administración y derecho";"Mujeres";"Exito"
"2022-2023";"79.5";"Administración y gestión de empresas";"Mujeres";"Exito"
"2021-2022";"77.39";"Administración y gestión de empresas";"Mujeres";"Exito"
"2020-2021";"77.82";"Administración y gestión de empresas";"Mujeres";"Exito"
"2019-2020";"86.66";"Administración y gestión de empresas";"Mujeres";"Exito"
"2018-2019";"78.72";"Administración y gestión de empresas";"Mujeres";"Exito"
"2017-2018";"77.46";"Administración y gestión de empresas";"Mujeres";"Exito"
"2016-2017";"75.95";"Administración y gestión de empresas";"Mujeres";"Exito"
"2015-2016";"79.29";"Administración y gestión de empresas";"Mujeres";"Exito"
"2022-2023";"91.9";"Otra Educación comercial y empresarial";"Mujeres";"Exito"
"2021-2022";"90.61";"Otra Educación comercial y empresarial";"Mujeres";"Exito"
"2020-2021";"89.35";"Otra Educación comercial y empresarial";"Mujeres";"Exito"
"2019-2020";"96.06";"Otra Educación comercial y empresarial";"Mujeres";"Exito"
"2018-2019";"90.21";"Otra Educación comercial y empresarial";"Mujeres";"Exito"
"2017-2018";"89.24";"Otra Educación comercial y empresarial";"Mujeres";"Exito"
"2016-2017";"90.06";"Otra Educación comercial y empresarial";"Mujeres";"Exito"
"2015-2016";"88.21";"Otra Educación comercial y empresarial";"Mujeres";"Exito"
"2022-2023";"83.85";"Derecho";"Mujeres";"Exito"
"2021-2022";"83.03";"Derecho";"Mujeres";"Exito"
"2020-2021";"86.42";"Derecho";"Mujeres";"Exito"
"2019-2020";"91.82";"Derecho";"Mujeres";"Exito"
"2018-2019";"84.74";"Derecho";"Mujeres";"Exito"
"2017-2018";"83.93";"Derecho";"Mujeres";"Exito"
"2016-2017";"84.53";"Derecho";"Mujeres";"Exito"
"2015-2016";"85.92";"Derecho";"Mujeres";"Exito"
"2022-2023";"86.35";"Total Ciencias";"Mujeres";"Exito"
"2021-2022";"84.57";"Total Ciencias";"Mujeres";"Exito"
"2020-2021";"85.39";"Total Ciencias";"Mujeres";"Exito"
"2019-2020";"91.63";"Total Ciencias";"Mujeres";"Exito"
"2018-2019";"84.98";"Total Ciencias";"Mujeres";"Exito"
"2017-2018";"85.22";"Total Ciencias";"Mujeres";"Exito"
"2016-2017";"84.42";"Total Ciencias";"Mujeres";"Exito"
"2015-2016";"86.09";"Total Ciencias";"Mujeres";"Exito"
"2022-2023";"87.42";"Ciencias de la vida";"Mujeres";"Exito"
"2021-2022";"85.61";"Ciencias de la vida";"Mujeres";"Exito"
"2020-2021";"86.68";"Ciencias de la vida";"Mujeres";"Exito"
"2019-2020";"93.33";"Ciencias de la vida";"Mujeres";"Exito"
"2018-2019";"86.2";"Ciencias de la vida";"Mujeres";"Exito"
"2017-2018";"87.0";"Ciencias de la vida";"Mujeres";"Exito"
"2016-2017";"86.1";"Ciencias de la vida";"Mujeres";"Exito"
"2015-2016";"88.23";"Ciencias de la vida";"Mujeres";"Exito"
"2022-2023";"83.23";"Ciencias Físicas, químicas, geológicas";"Mujeres";"Exito"
"2021-2022";"83.06";"Ciencias Físicas, químicas, geológicas";"Mujeres";"Exito"
"2020-2021";"82.93";"Ciencias Físicas, químicas, geológicas";"Mujeres";"Exito"
"2019-2020";"88.53";"Ciencias Físicas, químicas, geológicas";"Mujeres";"Exito"
"2018-2019";"83.54";"Ciencias Físicas, químicas, geológicas";"Mujeres";"Exito"
"2017-2018";"81.99";"Ciencias Físicas, químicas, geológicas";"Mujeres";"Exito"
"2016-2017";"81.31";"Ciencias Físicas, químicas, geológicas";"Mujeres";"Exito"
"2015-2016";"83.31";"Ciencias Físicas, químicas, geológicas";"Mujeres";"Exito"
"2022-2023";"87.07";"Matemáticas y Estadística";"Mujeres";"Exito"
"2021-2022";"81.84";"Matemáticas y Estadística";"Mujeres";"Exito"
"2020-2021";"83.0";"Matemáticas y Estadística";"Mujeres";"Exito"
"2019-2020";"87.52";"Matemáticas y Estadística";"Mujeres";"Exito"
"2018-2019";"79.89";"Matemáticas y Estadística";"Mujeres";"Exito"
"2017-2018";"79.93";"Matemáticas y Estadística";"Mujeres";"Exito"
"2016-2017";"79.12";"Matemáticas y Estadística";"Mujeres";"Exito"
"2015-2016";"74.97";"Matemáticas y Estadística";"Mujeres";"Exito"
"2022-2023";"84.97";"Total Informática";"Mujeres";"Exito"
"2021-2022";"79.65";"Total Informática";"Mujeres";"Exito"
"2020-2021";"78.91";"Total Informática";"Mujeres";"Exito"
"2019-2020";"89.22";"Total Informática";"Mujeres";"Exito"
"2018-2019";"83.92";"Total Informática";"Mujeres";"Exito"
"2017-2018";"79.69";"Total Informática";"Mujeres";"Exito"
"2016-2017";"77.2";"Total Informática";"Mujeres";"Exito"
"2015-2016";"75.72";"Total Informática";"Mujeres";"Exito"
"2022-2023";"84.97";"Informática";"Mujeres";"Exito"
"2021-2022";"79.65";"Informática";"Mujeres";"Exito"
"2020-2021";"78.91";"Informática";"Mujeres";"Exito"
"2019-2020";"89.22";"Informática";"Mujeres";"Exito"
"2018-2019";"83.92";"Informática";"Mujeres";"Exito"
"2017-2018";"79.69";"Informática";"Mujeres";"Exito"
"2016-2017";"77.2";"Informática";"Mujeres";"Exito"
"2015-2016";"75.72";"Informática";"Mujeres";"Exito"
"2022-2023";"83.84";"Total Ingeniería, industria y construcción";"Mujeres";"Exito"
"2021-2022";"79.84";"Total Ingeniería, industria y construcción";"Mujeres";"Exito"
"2020-2021";"84.41";"Total Ingeniería, industria y construcción";"Mujeres";"Exito"
"2019-2020";"92.52";"Total Ingeniería, industria y construcción";"Mujeres";"Exito"
"2018-2019";"84.31";"Total Ingeniería, industria y construcción";"Mujeres";"Exito"
"2017-2018";"87.07";"Total Ingeniería, industria y construcción";"Mujeres";"Exito"
"2016-2017";"85.77";"Total Ingeniería, industria y construcción";"Mujeres";"Exito"
"2015-2016";"83.98";"Total Ingeniería, industria y construcción";"Mujeres";"Exito"
"2022-2023";"83.84";"Ingenierías";"Mujeres";"Exito"
"2021-2022";"79.84";"Ingenierías";"Mujeres";"Exito"
"2020-2021";"84.41";"Ingenierías";"Mujeres";"Exito"
"2019-2020";"92.52";"Ingenierías";"Mujeres";"Exito"
"2018-2019";"84.31";"Ingenierías";"Mujeres";"Exito"
"2017-2018";"87.07";"Ingenierías";"Mujeres";"Exito"
"2016-2017";"85.77";"Ingenierías";"Mujeres";"Exito"
"2015-2016";"83.98";"Ingenierías";"Mujeres";"Exito"
"2022-2023";"..";"Arquitectura y construcción";"Mujeres";"Exito"
"2021-2022";"..";"Arquitectura y construcción";"Mujeres";"Exito"
"2020-2021";"..";"Arquitectura y construcción";"Mujeres";"Exito"
"2019-2020";"..";"Arquitectura y construcción";"Mujeres";"Exito"
"2018-2019";"..";"Arquitectura y construcción";"Mujeres";"Exito"
"2017-2018";"..";"Arquitectura y construcción";"Mujeres";"Exito"
"2016-2017";"..";"Arquitectura y construcción";"Mujeres";"Exito"
"2015-2016";"..";"Arquitectura y construcción";"Mujeres";"Exito"
"2022-2023";"89.67";"Total Agricultura, ganadería,  silvicultura, pesca, y veterinaria";"Mujeres";"Exito"
"2021-2022";"88.41";"Total Agricultura, ganadería,  silvicultura, pesca, y veterinaria";"Mujeres";"Exito"
"2020-2021";"87.35";"Total Agricultura, ganadería,  silvicultura, pesca, y veterinaria";"Mujeres";"Exito"
"2019-2020";"96.85";"Total Agricultura, ganadería,  silvicultura, pesca, y veterinaria";"Mujeres";"Exito"
"2018-2019";"88.63";"Total Agricultura, ganadería,  silvicultura, pesca, y veterinaria";"Mujeres";"Exito"
"2017-2018";"88.14";"Total Agricultura, ganadería,  silvicultura, pesca, y veterinaria";"Mujeres";"Exito"
"2016-2017";"89.09";"Total Agricultura, ganadería,  silvicultura, pesca, y veterinaria";"Mujeres";"Exito"
"2015-2016";"89.37";"Total Agricultura, ganadería,  silvicultura, pesca, y veterinaria";"Mujeres";"Exito"
"2022-2023";"..";"Agricultura, ganadería y pesca";"Mujeres";"Exito"
"2021-2022";"..";"Agricultura, ganadería y pesca";"Mujeres";"Exito"
"2020-2021";"..";"Agricultura, ganadería y pesca";"Mujeres";"Exito"
"2019-2020";"..";"Agricultura, ganadería y pesca";"Mujeres";"Exito"
"2018-2019";"..";"Agricultura, ganadería y pesca";"Mujeres";"Exito"
"2017-2018";"..";"Agricultura, ganadería y pesca";"Mujeres";"Exito"
"2016-2017";"..";"Agricultura, ganadería y pesca";"Mujeres";"Exito"
"2015-2016";"..";"Agricultura, ganadería y pesca";"Mujeres";"Exito"
"2022-2023";"89.67";"Veterinaria";"Mujeres";"Exito"
"2021-2022";"88.41";"Veterinaria";"Mujeres";"Exito"
"2020-2021";"87.35";"Veterinaria";"Mujeres";"Exito"
"2019-2020";"96.85";"Veterinaria";"Mujeres";"Exito"
"2018-2019";"88.63";"Veterinaria";"Mujeres";"Exito"
"2017-2018";"88.14";"Veterinaria";"Mujeres";"Exito"
"2016-2017";"89.09";"Veterinaria";"Mujeres";"Exito"
"2015-2016";"89.37";"Veterinaria";"Mujeres";"Exito"
"2022-2023";"92.42";"Total Salud y servicios sociales";"Mujeres";"Exito"
"2021-2022";"92.52";"Total Salud y servicios sociales";"Mujeres";"Exito"
"2020-2021";"92.36";"Total Salud y servicios sociales";"Mujeres";"Exito"
"2019-2020";"96.57";"Total Salud y servicios sociales";"Mujeres";"Exito"
"2018-2019";"92.67";"Total Salud y servicios sociales";"Mujeres";"Exito"
"2017-2018";"92.62";"Total Salud y servicios sociales";"Mujeres";"Exito"
"2016-2017";"92.46";"Total Salud y servicios sociales";"Mujeres";"Exito"
"2015-2016";"92.78";"Total Salud y servicios sociales";"Mujeres";"Exito"
"2022-2023";"94.04";"Medicina";"Mujeres";"Exito"
"2021-2022";"93.24";"Medicina";"Mujeres";"Exito"
"2020-2021";"93.33";"Medicina";"Mujeres";"Exito"
"2019-2020";"97.85";"Medicina";"Mujeres";"Exito"
"2018-2019";"94.98";"Medicina";"Mujeres";"Exito"
"2017-2018";"94.73";"Medicina";"Mujeres";"Exito"
"2016-2017";"94.82";"Medicina";"Mujeres";"Exito"
"2015-2016";"93.9";"Medicina";"Mujeres";"Exito"
"2022-2023";"96.27";"Enfermería y atención a enfermos";"Mujeres";"Exito"
"2021-2022";"96.32";"Enfermería y atención a enfermos";"Mujeres";"Exito"
"2020-2021";"95.4";"Enfermería y atención a enfermos";"Mujeres";"Exito"
"2019-2020";"97.53";"Enfermería y atención a enfermos";"Mujeres";"Exito"
"2018-2019";"94.8";"Enfermería y atención a enfermos";"Mujeres";"Exito"
"2017-2018";"93.83";"Enfermería y atención a enfermos";"Mujeres";"Exito"
"2016-2017";"95.27";"Enfermería y atención a enfermos";"Mujeres";"Exito"
"2015-2016";"95.36";"Enfermería y atención a enfermos";"Mujeres";"Exito"
"2022-2023";"89.18";"Otras ciencias de la Salud";"Mujeres";"Exito"
"2021-2022";"89.49";"Otras ciencias de la Salud";"Mujeres";"Exito"
"2020-2021";"88.74";"Otras ciencias de la Salud";"Mujeres";"Exito"
"2019-2020";"94.16";"Otras ciencias de la Salud";"Mujeres";"Exito"
"2018-2019";"88.94";"Otras ciencias de la Salud";"Mujeres";"Exito"
"2017-2018";"90.23";"Otras ciencias de la Salud";"Mujeres";"Exito"
"2016-2017";"89.33";"Otras ciencias de la Salud";"Mujeres";"Exito"
"2015-2016";"89.09";"Otras ciencias de la Salud";"Mujeres";"Exito"
"2022-2023";"89.49";"Trabajo social y orientación";"Mujeres";"Exito"
"2021-2022";"90.37";"Trabajo social y orientación";"Mujeres";"Exito"
"2020-2021";"92.72";"Trabajo social y orientación";"Mujeres";"Exito"
"2019-2020";"98.06";"Trabajo social y orientación";"Mujeres";"Exito"
"2018-2019";"92.91";"Trabajo social y orientación";"Mujeres";"Exito"
"2017-2018";"91.92";"Trabajo social y orientación";"Mujeres";"Exito"
"2016-2017";"89.56";"Trabajo social y orientación";"Mujeres";"Exito"
"2015-2016";"94.13";"Trabajo social y orientación";"Mujeres";"Exito"
"2022-2023";"93.04";"Total Servicios";"Mujeres";"Exito"
"2021-2022";"92.31";"Total Servicios";"Mujeres";"Exito"
"2020-2021";"90.33";"Total Servicios";"Mujeres";"Exito"
"2019-2020";"94.67";"Total Servicios";"Mujeres";"Exito"
"2018-2019";"89.11";"Total Servicios";"Mujeres";"Exito"
"2017-2018";"89.61";"Total Servicios";"Mujeres";"Exito"
"2016-2017";"87.3";"Total Servicios";"Mujeres";"Exito"
"2015-2016";"89.07";"Total Servicios";"Mujeres";"Exito"
"2022-2023";"92.31";"Deportes";"Mujeres";"Exito"
"2021-2022";"93.42";"Deportes";"Mujeres";"Exito"
"2020-2021";"91.18";"Deportes";"Mujeres";"Exito"
"2019-2020";"96.93";"Deportes";"Mujeres";"Exito"
"2018-2019";"89.95";"Deportes";"Mujeres";"Exito"
"2017-2018";"93.84";"Deportes";"Mujeres";"Exito"
"2016-2017";"91.14";"Deportes";"Mujeres";"Exito"
"2015-2016";"92.51";"Deportes";"Mujeres";"Exito"
"2022-2023";"92.21";"Turismo y Hostelería";"Mujeres";"Exito"
"2021-2022";"90.21";"Turismo y Hostelería";"Mujeres";"Exito"
"2020-2021";"88.5";"Turismo y Hostelería";"Mujeres";"Exito"
"2019-2020";"92.83";"Turismo y Hostelería";"Mujeres";"Exito"
"2018-2019";"88.49";"Turismo y Hostelería";"Mujeres";"Exito"
"2017-2018";"87.55";"Turismo y Hostelería";"Mujeres";"Exito"
"2016-2017";"85.59";"Turismo y Hostelería";"Mujeres";"Exito"
"2015-2016";"87.43";"Turismo y Hostelería";"Mujeres";"Exito"
"2022-2023";"96.76";"Otros Servicios";"Mujeres";"Exito"
"2021-2022";"96.38";"Otros Servicios";"Mujeres";"Exito"
"2020-2021";"96.0";"Otros Servicios";"Mujeres";"Exito"
"2019-2020";"97.28";"Otros Servicios";"Mujeres";"Exito"
"2018-2019";"..";"Otros Servicios";"Mujeres";"Exito"
"2017-2018";"..";"Otros Servicios";"Mujeres";"Exito"
"2016-2017";"..";"Otros Servicios";"Mujeres";"Exito"
"2015-2016";"..";"Otros Servicios";"Mujeres";"Exito"
"2022-2023";"???";"Murcia";"Mujeres";"Evaluacion"
"2021-2022";"???";"Murcia";"Mujeres";"Evaluacion"
"2020-2021";"???";"Murcia";"Mujeres";"Evaluacion"
"2019-2020";"???";"Murcia";"Mujeres";"Evaluacion"
"2018-2019";"???";"Murcia";"Mujeres";"Evaluacion"
"2017-2018";"???";"Murcia";"Mujeres";"Evaluacion"
"2016-2017";"???";"Murcia";"Mujeres";"Evaluacion"
"2015-2016";"???";"Murcia";"Mujeres";"Evaluacion"
"2022-2023";"90.65";"Todos los ámbitos";"Mujeres";"Evaluacion"
"2021-2022";"89.64";"Todos los ámbitos";"Mujeres";"Evaluacion"
"2020-2021";"90.65";"Todos los ámbitos";"Mujeres";"Evaluacion"
"2019-2020";"94.02";"Todos los ámbitos";"Mujeres";"Evaluacion"
"2018-2019";"90.18";"Todos los ámbitos";"Mujeres";"Evaluacion"
"2017-2018";"90.04";"Todos los ámbitos";"Mujeres";"Evaluacion"
"2016-2017";"89.87";"Todos los ámbitos";"Mujeres";"Evaluacion"
"2015-2016";"90.02";"Todos los ámbitos";"Mujeres";"Evaluacion"
"2022-2023";"95.79";"Total Educación";"Mujeres";"Evaluacion"
"2021-2022";"95.64";"Total Educación";"Mujeres";"Evaluacion"
"2020-2021";"95.99";"Total Educación";"Mujeres";"Evaluacion"
"2019-2020";"97.08";"Total Educación";"Mujeres";"Evaluacion"
"2018-2019";"94.98";"Total Educación";"Mujeres";"Evaluacion"
"2017-2018";"95.24";"Total Educación";"Mujeres";"Evaluacion"
"2016-2017";"95.1";"Total Educación";"Mujeres";"Evaluacion"
"2015-2016";"95.33";"Total Educación";"Mujeres";"Evaluacion"
"2022-2023";"96.99";"Formación de docentes de enseñanza infantil";"Mujeres";"Evaluacion"
"2021-2022";"96.43";"Formación de docentes de enseñanza infantil";"Mujeres";"Evaluacion"
"2020-2021";"97.72";"Formación de docentes de enseñanza infantil";"Mujeres";"Evaluacion"
"2019-2020";"97.74";"Formación de docentes de enseñanza infantil";"Mujeres";"Evaluacion"
"2018-2019";"96.69";"Formación de docentes de enseñanza infantil";"Mujeres";"Evaluacion"
"2017-2018";"96.06";"Formación de docentes de enseñanza infantil";"Mujeres";"Evaluacion"
"2016-2017";"96.18";"Formación de docentes de enseñanza infantil";"Mujeres";"Evaluacion"
"2015-2016";"96.99";"Formación de docentes de enseñanza infantil";"Mujeres";"Evaluacion"
"2022-2023";"95.6";"Formación de docentes de enseñanza primaria";"Mujeres";"Evaluacion"
"2021-2022";"95.64";"Formación de docentes de enseñanza primaria";"Mujeres";"Evaluacion"
"2020-2021";"95.5";"Formación de docentes de enseñanza primaria";"Mujeres";"Evaluacion"
"2019-2020";"97.04";"Formación de docentes de enseñanza primaria";"Mujeres";"Evaluacion"
"2018-2019";"94.6";"Formación de docentes de enseñanza primaria";"Mujeres";"Evaluacion"
"2017-2018";"95.17";"Formación de docentes de enseñanza primaria";"Mujeres";"Evaluacion"
"2016-2017";"94.71";"Formación de docentes de enseñanza primaria";"Mujeres";"Evaluacion"
"2015-2016";"94.94";"Formación de docentes de enseñanza primaria";"Mujeres";"Evaluacion"
"2022-2023";"94.54";"Otra Formación de personal docente y ciencias de la educación";"Mujeres";"Evaluacion"
"2021-2022";"94.69";"Otra Formación de personal docente y ciencias de la educación";"Mujeres";"Evaluacion"
"2020-2021";"94.97";"Otra Formación de personal docente y ciencias de la educación";"Mujeres";"Evaluacion"
"2019-2020";"96.44";"Otra Formación de personal docente y ciencias de la educación";"Mujeres";"Evaluacion"
"2018-2019";"93.83";"Otra Formación de personal docente y ciencias de la educación";"Mujeres";"Evaluacion"
"2017-2018";"94.46";"Otra Formación de personal docente y ciencias de la educación";"Mujeres";"Evaluacion"
"2016-2017";"94.56";"Otra Formación de personal docente y ciencias de la educación";"Mujeres";"Evaluacion"
"2015-2016";"94.1";"Otra Formación de personal docente y ciencias de la educación";"Mujeres";"Evaluacion"
"2022-2023";"89.28";"Total Artes y humanidades";"Mujeres";"Evaluacion"
"2021-2022";"88.31";"Total Artes y humanidades";"Mujeres";"Evaluacion"
"2020-2021";"88.54";"Total Artes y humanidades";"Mujeres";"Evaluacion"
"2019-2020";"92.24";"Total Artes y humanidades";"Mujeres";"Evaluacion"
"2018-2019";"88.16";"Total Artes y humanidades";"Mujeres";"Evaluacion"
"2017-2018";"88.51";"Total Artes y humanidades";"Mujeres";"Evaluacion"
"2016-2017";"88.25";"Total Artes y humanidades";"Mujeres";"Evaluacion"
"2015-2016";"88.18";"Total Artes y humanidades";"Mujeres";"Evaluacion"
"2022-2023";"95.21";"Técnicas audiovisuales y medios de comunicación";"Mujeres";"Evaluacion"
"2021-2022";"94.03";"Técnicas audiovisuales y medios de comunicación";"Mujeres";"Evaluacion"
"2020-2021";"94.92";"Técnicas audiovisuales y medios de comunicación";"Mujeres";"Evaluacion"
"2019-2020";"95.09";"Técnicas audiovisuales y medios de comunicación";"Mujeres";"Evaluacion"
"2018-2019";"93.6";"Técnicas audiovisuales y medios de comunicación";"Mujeres";"Evaluacion"
"2017-2018";"94.75";"Técnicas audiovisuales y medios de comunicación";"Mujeres";"Evaluacion"
"2016-2017";"94.73";"Técnicas audiovisuales y medios de comunicación";"Mujeres";"Evaluacion"
"2015-2016";"94.32";"Técnicas audiovisuales y medios de comunicación";"Mujeres";"Evaluacion"
"2022-2023";"88.93";"Artes";"Mujeres";"Evaluacion"
"2021-2022";"88.46";"Artes";"Mujeres";"Evaluacion"
"2020-2021";"87.9";"Artes";"Mujeres";"Evaluacion"
"2019-2020";"89.62";"Artes";"Mujeres";"Evaluacion"
"2018-2019";"86.48";"Artes";"Mujeres";"Evaluacion"
"2017-2018";"87.62";"Artes";"Mujeres";"Evaluacion"
"2016-2017";"87.97";"Artes";"Mujeres";"Evaluacion"
"2015-2016";"88.0";"Artes";"Mujeres";"Evaluacion"
"2022-2023";"89.83";"Lenguas";"Mujeres";"Evaluacion"
"2021-2022";"88.23";"Lenguas";"Mujeres";"Evaluacion"
"2020-2021";"88.54";"Lenguas";"Mujeres";"Evaluacion"
"2019-2020";"93.32";"Lenguas";"Mujeres";"Evaluacion"
"2018-2019";"88.81";"Lenguas";"Mujeres";"Evaluacion"
"2017-2018";"89.02";"Lenguas";"Mujeres";"Evaluacion"
"2016-2017";"89.16";"Lenguas";"Mujeres";"Evaluacion"
"2015-2016";"88.17";"Lenguas";"Mujeres";"Evaluacion"
"2022-2023";"84.63";"Humanidades";"Mujeres";"Evaluacion"
"2021-2022";"85.94";"Humanidades";"Mujeres";"Evaluacion"
"2020-2021";"86.86";"Humanidades";"Mujeres";"Evaluacion"
"2019-2020";"90.2";"Humanidades";"Mujeres";"Evaluacion"
"2018-2019";"85.22";"Humanidades";"Mujeres";"Evaluacion"
"2017-2018";"83.93";"Humanidades";"Mujeres";"Evaluacion"
"2016-2017";"80.04";"Humanidades";"Mujeres";"Evaluacion"
"2015-2016";"85.19";"Humanidades";"Mujeres";"Evaluacion"
"2022-2023";"92.5";"Total Ciencias sociales, periodismo y documentación";"Mujeres";"Evaluacion"
"2021-2022";"91.65";"Total Ciencias sociales, periodismo y documentación";"Mujeres";"Evaluacion"
"2020-2021";"91.41";"Total Ciencias sociales, periodismo y documentación";"Mujeres";"Evaluacion"
"2019-2020";"93.82";"Total Ciencias sociales, periodismo y documentación";"Mujeres";"Evaluacion"
"2018-2019";"90.37";"Total Ciencias sociales, periodismo y documentación";"Mujeres";"Evaluacion"
"2017-2018";"89.56";"Total Ciencias sociales, periodismo y documentación";"Mujeres";"Evaluacion"
"2016-2017";"89.55";"Total Ciencias sociales, periodismo y documentación";"Mujeres";"Evaluacion"
"2015-2016";"90.55";"Total Ciencias sociales, periodismo y documentación";"Mujeres";"Evaluacion"
"2022-2023";"95.97";"Psicología";"Mujeres";"Evaluacion"
"2021-2022";"94.56";"Psicología";"Mujeres";"Evaluacion"
"2020-2021";"93.68";"Psicología";"Mujeres";"Evaluacion"
"2019-2020";"95.42";"Psicología";"Mujeres";"Evaluacion"
"2018-2019";"93.61";"Psicología";"Mujeres";"Evaluacion"
"2017-2018";"92.58";"Psicología";"Mujeres";"Evaluacion"
"2016-2017";"92.96";"Psicología";"Mujeres";"Evaluacion"
"2015-2016";"93.0";"Psicología";"Mujeres";"Evaluacion"
"2022-2023";"84.45";"Economía";"Mujeres";"Evaluacion"
"2021-2022";"85.38";"Economía";"Mujeres";"Evaluacion"
"2020-2021";"83.85";"Economía";"Mujeres";"Evaluacion"
"2019-2020";"89.16";"Economía";"Mujeres";"Evaluacion"
"2018-2019";"84.86";"Economía";"Mujeres";"Evaluacion"
"2017-2018";"85.78";"Economía";"Mujeres";"Evaluacion"
"2016-2017";"86.92";"Economía";"Mujeres";"Evaluacion"
"2015-2016";"86.32";"Economía";"Mujeres";"Evaluacion"
"2022-2023";"91.12";"Otras Ciencias sociales y del comportamiento";"Mujeres";"Evaluacion"
"2021-2022";"90.12";"Otras Ciencias sociales y del comportamiento";"Mujeres";"Evaluacion"
"2020-2021";"90.9";"Otras Ciencias sociales y del comportamiento";"Mujeres";"Evaluacion"
"2019-2020";"93.03";"Otras Ciencias sociales y del comportamiento";"Mujeres";"Evaluacion"
"2018-2019";"86.96";"Otras Ciencias sociales y del comportamiento";"Mujeres";"Evaluacion"
"2017-2018";"84.19";"Otras Ciencias sociales y del comportamiento";"Mujeres";"Evaluacion"
"2016-2017";"82.37";"Otras Ciencias sociales y del comportamiento";"Mujeres";"Evaluacion"
"2015-2016";"86.13";"Otras Ciencias sociales y del comportamiento";"Mujeres";"Evaluacion"
"2022-2023";"94.95";"Periodismo e información";"Mujeres";"Evaluacion"
"2021-2022";"93.84";"Periodismo e información";"Mujeres";"Evaluacion"
"2020-2021";"93.59";"Periodismo e información";"Mujeres";"Evaluacion"
"2019-2020";"95.76";"Periodismo e información";"Mujeres";"Evaluacion"
"2018-2019";"93.79";"Periodismo e información";"Mujeres";"Evaluacion"
"2017-2018";"93.03";"Periodismo e información";"Mujeres";"Evaluacion"
"2016-2017";"92.81";"Periodismo e información";"Mujeres";"Evaluacion"
"2015-2016";"93.75";"Periodismo e información";"Mujeres";"Evaluacion"
"2022-2023";"83.12";"Total Negocios, administración y derecho";"Mujeres";"Evaluacion"
"2021-2022";"80.63";"Total Negocios, administración y derecho";"Mujeres";"Evaluacion"
"2020-2021";"84.62";"Total Negocios, administración y derecho";"Mujeres";"Evaluacion"
"2019-2020";"90.2";"Total Negocios, administración y derecho";"Mujeres";"Evaluacion"
"2018-2019";"83.23";"Total Negocios, administración y derecho";"Mujeres";"Evaluacion"
"2017-2018";"82.82";"Total Negocios, administración y derecho";"Mujeres";"Evaluacion"
"2016-2017";"82.75";"Total Negocios, administración y derecho";"Mujeres";"Evaluacion"
"2015-2016";"82.74";"Total Negocios, administración y derecho";"Mujeres";"Evaluacion"
"2022-2023";"82.88";"Administración y gestión de empresas";"Mujeres";"Evaluacion"
"2021-2022";"82.44";"Administración y gestión de empresas";"Mujeres";"Evaluacion"
"2020-2021";"82.94";"Administración y gestión de empresas";"Mujeres";"Evaluacion"
"2019-2020";"88.78";"Administración y gestión de empresas";"Mujeres";"Evaluacion"
"2018-2019";"83.48";"Administración y gestión de empresas";"Mujeres";"Evaluacion"
"2017-2018";"84.03";"Administración y gestión de empresas";"Mujeres";"Evaluacion"
"2016-2017";"82.89";"Administración y gestión de empresas";"Mujeres";"Evaluacion"
"2015-2016";"84.02";"Administración y gestión de empresas";"Mujeres";"Evaluacion"
"2022-2023";"94.81";"Otra Educación comercial y empresarial";"Mujeres";"Evaluacion"
"2021-2022";"93.67";"Otra Educación comercial y empresarial";"Mujeres";"Evaluacion"
"2020-2021";"93.91";"Otra Educación comercial y empresarial";"Mujeres";"Evaluacion"
"2019-2020";"96.58";"Otra Educación comercial y empresarial";"Mujeres";"Evaluacion"
"2018-2019";"93.09";"Otra Educación comercial y empresarial";"Mujeres";"Evaluacion"
"2017-2018";"93.32";"Otra Educación comercial y empresarial";"Mujeres";"Evaluacion"
"2016-2017";"91.33";"Otra Educación comercial y empresarial";"Mujeres";"Evaluacion"
"2015-2016";"91.87";"Otra Educación comercial y empresarial";"Mujeres";"Evaluacion"
"2022-2023";"79.95";"Derecho";"Mujeres";"Evaluacion"
"2021-2022";"75.69";"Derecho";"Mujeres";"Evaluacion"
"2020-2021";"83.25";"Derecho";"Mujeres";"Evaluacion"
"2019-2020";"89.37";"Derecho";"Mujeres";"Evaluacion"
"2018-2019";"80.22";"Derecho";"Mujeres";"Evaluacion"
"2017-2018";"78.72";"Derecho";"Mujeres";"Evaluacion"
"2016-2017";"80.35";"Derecho";"Mujeres";"Evaluacion"
"2015-2016";"79.22";"Derecho";"Mujeres";"Evaluacion"
"2022-2023";"86.86";"Total Ciencias";"Mujeres";"Evaluacion"
"2021-2022";"85.12";"Total Ciencias";"Mujeres";"Evaluacion"
"2020-2021";"86.55";"Total Ciencias";"Mujeres";"Evaluacion"
"2019-2020";"90.95";"Total Ciencias";"Mujeres";"Evaluacion"
"2018-2019";"87.88";"Total Ciencias";"Mujeres";"Evaluacion"
"2017-2018";"87.26";"Total Ciencias";"Mujeres";"Evaluacion"
"2016-2017";"86.67";"Total Ciencias";"Mujeres";"Evaluacion"
"2015-2016";"87.33";"Total Ciencias";"Mujeres";"Evaluacion"
"2022-2023";"88.32";"Ciencias de la vida";"Mujeres";"Evaluacion"
"2021-2022";"87.08";"Ciencias de la vida";"Mujeres";"Evaluacion"
"2020-2021";"90.0";"Ciencias de la vida";"Mujeres";"Evaluacion"
"2019-2020";"93.77";"Ciencias de la vida";"Mujeres";"Evaluacion"
"2018-2019";"89.86";"Ciencias de la vida";"Mujeres";"Evaluacion"
"2017-2018";"88.57";"Ciencias de la vida";"Mujeres";"Evaluacion"
"2016-2017";"89.4";"Ciencias de la vida";"Mujeres";"Evaluacion"
"2015-2016";"89.81";"Ciencias de la vida";"Mujeres";"Evaluacion"
"2022-2023";"84.73";"Ciencias Físicas, químicas, geológicas";"Mujeres";"Evaluacion"
"2021-2022";"82.56";"Ciencias Físicas, químicas, geológicas";"Mujeres";"Evaluacion"
"2020-2021";"81.72";"Ciencias Físicas, químicas, geológicas";"Mujeres";"Evaluacion"
"2019-2020";"86.88";"Ciencias Físicas, químicas, geológicas";"Mujeres";"Evaluacion"
"2018-2019";"85.29";"Ciencias Físicas, químicas, geológicas";"Mujeres";"Evaluacion"
"2017-2018";"85.38";"Ciencias Físicas, químicas, geológicas";"Mujeres";"Evaluacion"
"2016-2017";"82.21";"Ciencias Físicas, químicas, geológicas";"Mujeres";"Evaluacion"
"2015-2016";"83.97";"Ciencias Físicas, químicas, geológicas";"Mujeres";"Evaluacion"
"2022-2023";"83.94";"Matemáticas y Estadística";"Mujeres";"Evaluacion"
"2021-2022";"80.09";"Matemáticas y Estadística";"Mujeres";"Evaluacion"
"2020-2021";"78.64";"Matemáticas y Estadística";"Mujeres";"Evaluacion"
"2019-2020";"83.42";"Matemáticas y Estadística";"Mujeres";"Evaluacion"
"2018-2019";"81.28";"Matemáticas y Estadística";"Mujeres";"Evaluacion"
"2017-2018";"82.43";"Matemáticas y Estadística";"Mujeres";"Evaluacion"
"2016-2017";"78.45";"Matemáticas y Estadística";"Mujeres";"Evaluacion"
"2015-2016";"77.18";"Matemáticas y Estadística";"Mujeres";"Evaluacion"
"2022-2023";"82.25";"Total Informática";"Mujeres";"Evaluacion"
"2021-2022";"81.11";"Total Informática";"Mujeres";"Evaluacion"
"2020-2021";"78.4";"Total Informática";"Mujeres";"Evaluacion"
"2019-2020";"84.88";"Total Informática";"Mujeres";"Evaluacion"
"2018-2019";"84.86";"Total Informática";"Mujeres";"Evaluacion"
"2017-2018";"78.45";"Total Informática";"Mujeres";"Evaluacion"
"2016-2017";"75.76";"Total Informática";"Mujeres";"Evaluacion"
"2015-2016";"75.46";"Total Informática";"Mujeres";"Evaluacion"
"2022-2023";"82.25";"Informática";"Mujeres";"Evaluacion"
"2021-2022";"81.11";"Informática";"Mujeres";"Evaluacion"
"2020-2021";"78.4";"Informática";"Mujeres";"Evaluacion"
"2019-2020";"84.88";"Informática";"Mujeres";"Evaluacion"
"2018-2019";"84.86";"Informática";"Mujeres";"Evaluacion"
"2017-2018";"78.45";"Informática";"Mujeres";"Evaluacion"
"2016-2017";"75.76";"Informática";"Mujeres";"Evaluacion"
"2015-2016";"75.46";"Informática";"Mujeres";"Evaluacion"
"2022-2023";"85.01";"Total Ingeniería, industria y construcción";"Mujeres";"Evaluacion"
"2021-2022";"87.0";"Total Ingeniería, industria y construcción";"Mujeres";"Evaluacion"
"2020-2021";"86.96";"Total Ingeniería, industria y construcción";"Mujeres";"Evaluacion"
"2019-2020";"92.44";"Total Ingeniería, industria y construcción";"Mujeres";"Evaluacion"
"2018-2019";"84.75";"Total Ingeniería, industria y construcción";"Mujeres";"Evaluacion"
"2017-2018";"87.55";"Total Ingeniería, industria y construcción";"Mujeres";"Evaluacion"
"2016-2017";"88.45";"Total Ingeniería, industria y construcción";"Mujeres";"Evaluacion"
"2015-2016";"87.2";"Total Ingeniería, industria y construcción";"Mujeres";"Evaluacion"
"2022-2023";"85.01";"Ingenierías";"Mujeres";"Evaluacion"
"2021-2022";"87.0";"Ingenierías";"Mujeres";"Evaluacion"
"2020-2021";"86.96";"Ingenierías";"Mujeres";"Evaluacion"
"2019-2020";"92.44";"Ingenierías";"Mujeres";"Evaluacion"
"2018-2019";"84.75";"Ingenierías";"Mujeres";"Evaluacion"
"2017-2018";"87.55";"Ingenierías";"Mujeres";"Evaluacion"
"2016-2017";"88.45";"Ingenierías";"Mujeres";"Evaluacion"
"2015-2016";"87.2";"Ingenierías";"Mujeres";"Evaluacion"
"2022-2023";"..";"Arquitectura y construcción";"Mujeres";"Evaluacion"
"2021-2022";"..";"Arquitectura y construcción";"Mujeres";"Evaluacion"
"2020-2021";"..";"Arquitectura y construcción";"Mujeres";"Evaluacion"
"2019-2020";"..";"Arquitectura y construcción";"Mujeres";"Evaluacion"
"2018-2019";"..";"Arquitectura y construcción";"Mujeres";"Evaluacion"
"2017-2018";"..";"Arquitectura y construcción";"Mujeres";"Evaluacion"
"2016-2017";"..";"Arquitectura y construcción";"Mujeres";"Evaluacion"
"2015-2016";"..";"Arquitectura y construcción";"Mujeres";"Evaluacion"
"2022-2023";"91.35";"Total Agricultura, ganadería,  silvicultura, pesca, y veterinaria";"Mujeres";"Evaluacion"
"2021-2022";"92.13";"Total Agricultura, ganadería,  silvicultura, pesca, y veterinaria";"Mujeres";"Evaluacion"
"2020-2021";"91.47";"Total Agricultura, ganadería,  silvicultura, pesca, y veterinaria";"Mujeres";"Evaluacion"
"2019-2020";"97.5";"Total Agricultura, ganadería,  silvicultura, pesca, y veterinaria";"Mujeres";"Evaluacion"
"2018-2019";"91.1";"Total Agricultura, ganadería,  silvicultura, pesca, y veterinaria";"Mujeres";"Evaluacion"
"2017-2018";"91.59";"Total Agricultura, ganadería,  silvicultura, pesca, y veterinaria";"Mujeres";"Evaluacion"
"2016-2017";"91.2";"Total Agricultura, ganadería,  silvicultura, pesca, y veterinaria";"Mujeres";"Evaluacion"
"2015-2016";"91.6";"Total Agricultura, ganadería,  silvicultura, pesca, y veterinaria";"Mujeres";"Evaluacion"
"2022-2023";"..";"Agricultura, ganadería y pesca";"Mujeres";"Evaluacion"
"2021-2022";"..";"Agricultura, ganadería y pesca";"Mujeres";"Evaluacion"
"2020-2021";"..";"Agricultura, ganadería y pesca";"Mujeres";"Evaluacion"
"2019-2020";"..";"Agricultura, ganadería y pesca";"Mujeres";"Evaluacion"
"2018-2019";"..";"Agricultura, ganadería y pesca";"Mujeres";"Evaluacion"
"2017-2018";"..";"Agricultura, ganadería y pesca";"Mujeres";"Evaluacion"
"2016-2017";"..";"Agricultura, ganadería y pesca";"Mujeres";"Evaluacion"
"2015-2016";"..";"Agricultura, ganadería y pesca";"Mujeres";"Evaluacion"
"2022-2023";"91.35";"Veterinaria";"Mujeres";"Evaluacion"
"2021-2022";"92.13";"Veterinaria";"Mujeres";"Evaluacion"
"2020-2021";"91.47";"Veterinaria";"Mujeres";"Evaluacion"
"2019-2020";"97.5";"Veterinaria";"Mujeres";"Evaluacion"
"2018-2019";"91.1";"Veterinaria";"Mujeres";"Evaluacion"
"2017-2018";"91.59";"Veterinaria";"Mujeres";"Evaluacion"
"2016-2017";"91.2";"Veterinaria";"Mujeres";"Evaluacion"
"2015-2016";"91.6";"Veterinaria";"Mujeres";"Evaluacion"
"2022-2023";"94.01";"Total Salud y servicios sociales";"Mujeres";"Evaluacion"
"2021-2022";"93.37";"Total Salud y servicios sociales";"Mujeres";"Evaluacion"
"2020-2021";"93.76";"Total Salud y servicios sociales";"Mujeres";"Evaluacion"
"2019-2020";"96.57";"Total Salud y servicios sociales";"Mujeres";"Evaluacion"
"2018-2019";"94.03";"Total Salud y servicios sociales";"Mujeres";"Evaluacion"
"2017-2018";"93.95";"Total Salud y servicios sociales";"Mujeres";"Evaluacion"
"2016-2017";"94.07";"Total Salud y servicios sociales";"Mujeres";"Evaluacion"
"2015-2016";"93.99";"Total Salud y servicios sociales";"Mujeres";"Evaluacion"
"2022-2023";"92.52";"Medicina";"Mujeres";"Evaluacion"
"2021-2022";"92.24";"Medicina";"Mujeres";"Evaluacion"
"2020-2021";"92.73";"Medicina";"Mujeres";"Evaluacion"
"2019-2020";"97.85";"Medicina";"Mujeres";"Evaluacion"
"2018-2019";"93.59";"Medicina";"Mujeres";"Evaluacion"
"2017-2018";"93.54";"Medicina";"Mujeres";"Evaluacion"
"2016-2017";"92.69";"Medicina";"Mujeres";"Evaluacion"
"2015-2016";"93.03";"Medicina";"Mujeres";"Evaluacion"
"2022-2023";"96.15";"Enfermería y atención a enfermos";"Mujeres";"Evaluacion"
"2021-2022";"95.8";"Enfermería y atención a enfermos";"Mujeres";"Evaluacion"
"2020-2021";"96.1";"Enfermería y atención a enfermos";"Mujeres";"Evaluacion"
"2019-2020";"96.5";"Enfermería y atención a enfermos";"Mujeres";"Evaluacion"
"2018-2019";"95.53";"Enfermería y atención a enfermos";"Mujeres";"Evaluacion"
"2017-2018";"95.8";"Enfermería y atención a enfermos";"Mujeres";"Evaluacion"
"2016-2017";"96.1";"Enfermería y atención a enfermos";"Mujeres";"Evaluacion"
"2015-2016";"95.23";"Enfermería y atención a enfermos";"Mujeres";"Evaluacion"
"2022-2023";"93.61";"Otras ciencias de la Salud";"Mujeres";"Evaluacion"
"2021-2022";"91.91";"Otras ciencias de la Salud";"Mujeres";"Evaluacion"
"2020-2021";"92.24";"Otras ciencias de la Salud";"Mujeres";"Evaluacion"
"2019-2020";"95.58";"Otras ciencias de la Salud";"Mujeres";"Evaluacion"
"2018-2019";"92.82";"Otras ciencias de la Salud";"Mujeres";"Evaluacion"
"2017-2018";"92.97";"Otras ciencias de la Salud";"Mujeres";"Evaluacion"
"2016-2017";"93.49";"Otras ciencias de la Salud";"Mujeres";"Evaluacion"
"2015-2016";"93.33";"Otras ciencias de la Salud";"Mujeres";"Evaluacion"
"2022-2023";"93.66";"Trabajo social y orientación";"Mujeres";"Evaluacion"
"2021-2022";"94.03";"Trabajo social y orientación";"Mujeres";"Evaluacion"
"2020-2021";"94.43";"Trabajo social y orientación";"Mujeres";"Evaluacion"
"2019-2020";"96.88";"Trabajo social y orientación";"Mujeres";"Evaluacion"
"2018-2019";"94.64";"Trabajo social y orientación";"Mujeres";"Evaluacion"
"2017-2018";"93.1";"Trabajo social y orientación";"Mujeres";"Evaluacion"
"2016-2017";"93.59";"Trabajo social y orientación";"Mujeres";"Evaluacion"
"2015-2016";"94.55";"Trabajo social y orientación";"Mujeres";"Evaluacion"
"2022-2023";"91.13";"Total Servicios";"Mujeres";"Evaluacion"
"2021-2022";"88.59";"Total Servicios";"Mujeres";"Evaluacion"
"2020-2021";"91.16";"Total Servicios";"Mujeres";"Evaluacion"
"2019-2020";"93.45";"Total Servicios";"Mujeres";"Evaluacion"
"2018-2019";"90.75";"Total Servicios";"Mujeres";"Evaluacion"
"2017-2018";"88.67";"Total Servicios";"Mujeres";"Evaluacion"
"2016-2017";"87.75";"Total Servicios";"Mujeres";"Evaluacion"
"2015-2016";"87.84";"Total Servicios";"Mujeres";"Evaluacion"
"2022-2023";"97.01";"Deportes";"Mujeres";"Evaluacion"
"2021-2022";"96.0";"Deportes";"Mujeres";"Evaluacion"
"2020-2021";"95.62";"Deportes";"Mujeres";"Evaluacion"
"2019-2020";"97.89";"Deportes";"Mujeres";"Evaluacion"
"2018-2019";"97.86";"Deportes";"Mujeres";"Evaluacion"
"2017-2018";"96.34";"Deportes";"Mujeres";"Evaluacion"
"2016-2017";"97.02";"Deportes";"Mujeres";"Evaluacion"
"2015-2016";"98.36";"Deportes";"Mujeres";"Evaluacion"
"2022-2023";"82.48";"Turismo y Hostelería";"Mujeres";"Evaluacion"
"2021-2022";"82.33";"Turismo y Hostelería";"Mujeres";"Evaluacion"
"2020-2021";"87.33";"Turismo y Hostelería";"Mujeres";"Evaluacion"
"2019-2020";"90.06";"Turismo y Hostelería";"Mujeres";"Evaluacion"
"2018-2019";"86.75";"Turismo y Hostelería";"Mujeres";"Evaluacion"
"2017-2018";"85.37";"Turismo y Hostelería";"Mujeres";"Evaluacion"
"2016-2017";"84.17";"Turismo y Hostelería";"Mujeres";"Evaluacion"
"2015-2016";"83.58";"Turismo y Hostelería";"Mujeres";"Evaluacion"
"2022-2023";"97.31";"Otros Servicios";"Mujeres";"Evaluacion"
"2021-2022";"94.29";"Otros Servicios";"Mujeres";"Evaluacion"
"2020-2021";"96.23";"Otros Servicios";"Mujeres";"Evaluacion"
"2019-2020";"99.46";"Otros Servicios";"Mujeres";"Evaluacion"
"2018-2019";"..";"Otros Servicios";"Mujeres";"Evaluacion"
"2017-2018";"..";"Otros Servicios";"Mujeres";"Evaluacion"
"2016-2017";"..";"Otros Servicios";"Mujeres";"Evaluacion"
"2015-2016";"..";"Otros Servicios";"Mujeres";"Evaluacion"
