"Anio";"Valor";"Carrera";"Genero";"Tasa"
"2022-2023";"???";"Carlos III de Madrid";"Ambos Sexos";"Rendimiento"
"2021-2022";"???";"Carlos III de Madrid";"Ambos Sexos";"Rendimiento"
"2020-2021";"???";"Carlos III de Madrid";"Ambos Sexos";"Rendimiento"
"2019-2020";"???";"Carlos III de Madrid";"Ambos Sexos";"Rendimiento"
"2018-2019";"???";"Carlos III de Madrid";"Ambos Sexos";"Rendimiento"
"2017-2018";"???";"Carlos III de Madrid";"Ambos Sexos";"Rendimiento"
"2016-2017";"???";"Carlos III de Madrid";"Ambos Sexos";"Rendimiento"
"2015-2016";"???";"Carlos III de Madrid";"Ambos Sexos";"Rendimiento"
"2022-2023";"89.1";"Todos los ámbitos";"Ambos Sexos";"Rendimiento"
"2021-2022";"88.09";"Todos los ámbitos";"Ambos Sexos";"Rendimiento"
"2020-2021";"88.38";"Todos los ámbitos";"Ambos Sexos";"Rendimiento"
"2019-2020";"91.16";"Todos los ámbitos";"Ambos Sexos";"Rendimiento"
"2018-2019";"86.81";"Todos los ámbitos";"Ambos Sexos";"Rendimiento"
"2017-2018";"85.44";"Todos los ámbitos";"Ambos Sexos";"Rendimiento"
"2016-2017";"84.3";"Todos los ámbitos";"Ambos Sexos";"Rendimiento"
"2015-2016";"83.45";"Todos los ámbitos";"Ambos Sexos";"Rendimiento"
"2022-2023";"..";"Total Educación";"Ambos Sexos";"Rendimiento"
"2021-2022";"..";"Total Educación";"Ambos Sexos";"Rendimiento"
"2020-2021";"..";"Total Educación";"Ambos Sexos";"Rendimiento"
"2019-2020";"..";"Total Educación";"Ambos Sexos";"Rendimiento"
"2018-2019";"..";"Total Educación";"Ambos Sexos";"Rendimiento"
"2017-2018";"..";"Total Educación";"Ambos Sexos";"Rendimiento"
"2016-2017";"..";"Total Educación";"Ambos Sexos";"Rendimiento"
"2015-2016";"..";"Total Educación";"Ambos Sexos";"Rendimiento"
"2022-2023";"..";"Formación de docentes de enseñanza infantil";"Ambos Sexos";"Rendimiento"
"2021-2022";"..";"Formación de docentes de enseñanza infantil";"Ambos Sexos";"Rendimiento"
"2020-2021";"..";"Formación de docentes de enseñanza infantil";"Ambos Sexos";"Rendimiento"
"2019-2020";"..";"Formación de docentes de enseñanza infantil";"Ambos Sexos";"Rendimiento"
"2018-2019";"..";"Formación de docentes de enseñanza infantil";"Ambos Sexos";"Rendimiento"
"2017-2018";"..";"Formación de docentes de enseñanza infantil";"Ambos Sexos";"Rendimiento"
"2016-2017";"..";"Formación de docentes de enseñanza infantil";"Ambos Sexos";"Rendimiento"
"2015-2016";"..";"Formación de docentes de enseñanza infantil";"Ambos Sexos";"Rendimiento"
"2022-2023";"..";"Formación de docentes de enseñanza primaria";"Ambos Sexos";"Rendimiento"
"2021-2022";"..";"Formación de docentes de enseñanza primaria";"Ambos Sexos";"Rendimiento"
"2020-2021";"..";"Formación de docentes de enseñanza primaria";"Ambos Sexos";"Rendimiento"
"2019-2020";"..";"Formación de docentes de enseñanza primaria";"Ambos Sexos";"Rendimiento"
"2018-2019";"..";"Formación de docentes de enseñanza primaria";"Ambos Sexos";"Rendimiento"
"2017-2018";"..";"Formación de docentes de enseñanza primaria";"Ambos Sexos";"Rendimiento"
"2016-2017";"..";"Formación de docentes de enseñanza primaria";"Ambos Sexos";"Rendimiento"
"2015-2016";"..";"Formación de docentes de enseñanza primaria";"Ambos Sexos";"Rendimiento"
"2022-2023";"..";"Otra Formación de personal docente y ciencias de la educación";"Ambos Sexos";"Rendimiento"
"2021-2022";"..";"Otra Formación de personal docente y ciencias de la educación";"Ambos Sexos";"Rendimiento"
"2020-2021";"..";"Otra Formación de personal docente y ciencias de la educación";"Ambos Sexos";"Rendimiento"
"2019-2020";"..";"Otra Formación de personal docente y ciencias de la educación";"Ambos Sexos";"Rendimiento"
"2018-2019";"..";"Otra Formación de personal docente y ciencias de la educación";"Ambos Sexos";"Rendimiento"
"2017-2018";"..";"Otra Formación de personal docente y ciencias de la educación";"Ambos Sexos";"Rendimiento"
"2016-2017";"..";"Otra Formación de personal docente y ciencias de la educación";"Ambos Sexos";"Rendimiento"
"2015-2016";"..";"Otra Formación de personal docente y ciencias de la educación";"Ambos Sexos";"Rendimiento"
"2022-2023";"93.11";"Total Artes y humanidades";"Ambos Sexos";"Rendimiento"
"2021-2022";"91.91";"Total Artes y humanidades";"Ambos Sexos";"Rendimiento"
"2020-2021";"93.56";"Total Artes y humanidades";"Ambos Sexos";"Rendimiento"
"2019-2020";"95.45";"Total Artes y humanidades";"Ambos Sexos";"Rendimiento"
"2018-2019";"92.71";"Total Artes y humanidades";"Ambos Sexos";"Rendimiento"
"2017-2018";"92.65";"Total Artes y humanidades";"Ambos Sexos";"Rendimiento"
"2016-2017";"91.4";"Total Artes y humanidades";"Ambos Sexos";"Rendimiento"
"2015-2016";"90.53";"Total Artes y humanidades";"Ambos Sexos";"Rendimiento"
"2022-2023";"95.38";"Técnicas audiovisuales y medios de comunicación";"Ambos Sexos";"Rendimiento"
"2021-2022";"93.54";"Técnicas audiovisuales y medios de comunicación";"Ambos Sexos";"Rendimiento"
"2020-2021";"96.11";"Técnicas audiovisuales y medios de comunicación";"Ambos Sexos";"Rendimiento"
"2019-2020";"96.61";"Técnicas audiovisuales y medios de comunicación";"Ambos Sexos";"Rendimiento"
"2018-2019";"94.56";"Técnicas audiovisuales y medios de comunicación";"Ambos Sexos";"Rendimiento"
"2017-2018";"94.75";"Técnicas audiovisuales y medios de comunicación";"Ambos Sexos";"Rendimiento"
"2016-2017";"93.23";"Técnicas audiovisuales y medios de comunicación";"Ambos Sexos";"Rendimiento"
"2015-2016";"93.92";"Técnicas audiovisuales y medios de comunicación";"Ambos Sexos";"Rendimiento"
"2022-2023";"..";"Artes";"Ambos Sexos";"Rendimiento"
"2021-2022";"..";"Artes";"Ambos Sexos";"Rendimiento"
"2020-2021";"..";"Artes";"Ambos Sexos";"Rendimiento"
"2019-2020";"..";"Artes";"Ambos Sexos";"Rendimiento"
"2018-2019";"..";"Artes";"Ambos Sexos";"Rendimiento"
"2017-2018";"..";"Artes";"Ambos Sexos";"Rendimiento"
"2016-2017";"..";"Artes";"Ambos Sexos";"Rendimiento"
"2015-2016";"..";"Artes";"Ambos Sexos";"Rendimiento"
"2022-2023";"..";"Lenguas";"Ambos Sexos";"Rendimiento"
"2021-2022";"..";"Lenguas";"Ambos Sexos";"Rendimiento"
"2020-2021";"..";"Lenguas";"Ambos Sexos";"Rendimiento"
"2019-2020";"..";"Lenguas";"Ambos Sexos";"Rendimiento"
"2018-2019";"..";"Lenguas";"Ambos Sexos";"Rendimiento"
"2017-2018";"..";"Lenguas";"Ambos Sexos";"Rendimiento"
"2016-2017";"..";"Lenguas";"Ambos Sexos";"Rendimiento"
"2015-2016";"..";"Lenguas";"Ambos Sexos";"Rendimiento"
"2022-2023";"89.38";"Humanidades";"Ambos Sexos";"Rendimiento"
"2021-2022";"88.83";"Humanidades";"Ambos Sexos";"Rendimiento"
"2020-2021";"87.47";"Humanidades";"Ambos Sexos";"Rendimiento"
"2019-2020";"91.58";"Humanidades";"Ambos Sexos";"Rendimiento"
"2018-2019";"82.76";"Humanidades";"Ambos Sexos";"Rendimiento"
"2017-2018";"78.73";"Humanidades";"Ambos Sexos";"Rendimiento"
"2016-2017";"81.19";"Humanidades";"Ambos Sexos";"Rendimiento"
"2015-2016";"74.43";"Humanidades";"Ambos Sexos";"Rendimiento"
"2022-2023";"93.57";"Total Ciencias sociales, periodismo y documentación";"Ambos Sexos";"Rendimiento"
"2021-2022";"93.24";"Total Ciencias sociales, periodismo y documentación";"Ambos Sexos";"Rendimiento"
"2020-2021";"94.73";"Total Ciencias sociales, periodismo y documentación";"Ambos Sexos";"Rendimiento"
"2019-2020";"95.78";"Total Ciencias sociales, periodismo y documentación";"Ambos Sexos";"Rendimiento"
"2018-2019";"91.78";"Total Ciencias sociales, periodismo y documentación";"Ambos Sexos";"Rendimiento"
"2017-2018";"90.57";"Total Ciencias sociales, periodismo y documentación";"Ambos Sexos";"Rendimiento"
"2016-2017";"89.61";"Total Ciencias sociales, periodismo y documentación";"Ambos Sexos";"Rendimiento"
"2015-2016";"88.97";"Total Ciencias sociales, periodismo y documentación";"Ambos Sexos";"Rendimiento"
"2022-2023";"..";"Psicología";"Ambos Sexos";"Rendimiento"
"2021-2022";"..";"Psicología";"Ambos Sexos";"Rendimiento"
"2020-2021";"..";"Psicología";"Ambos Sexos";"Rendimiento"
"2019-2020";"..";"Psicología";"Ambos Sexos";"Rendimiento"
"2018-2019";"..";"Psicología";"Ambos Sexos";"Rendimiento"
"2017-2018";"..";"Psicología";"Ambos Sexos";"Rendimiento"
"2016-2017";"..";"Psicología";"Ambos Sexos";"Rendimiento"
"2015-2016";"..";"Psicología";"Ambos Sexos";"Rendimiento"
"2022-2023";"87.41";"Economía";"Ambos Sexos";"Rendimiento"
"2021-2022";"87.62";"Economía";"Ambos Sexos";"Rendimiento"
"2020-2021";"90.32";"Economía";"Ambos Sexos";"Rendimiento"
"2019-2020";"92.6";"Economía";"Ambos Sexos";"Rendimiento"
"2018-2019";"89.13";"Economía";"Ambos Sexos";"Rendimiento"
"2017-2018";"86.32";"Economía";"Ambos Sexos";"Rendimiento"
"2016-2017";"85.91";"Economía";"Ambos Sexos";"Rendimiento"
"2015-2016";"84.17";"Economía";"Ambos Sexos";"Rendimiento"
"2022-2023";"94.82";"Otras Ciencias sociales y del comportamiento";"Ambos Sexos";"Rendimiento"
"2021-2022";"93.76";"Otras Ciencias sociales y del comportamiento";"Ambos Sexos";"Rendimiento"
"2020-2021";"95.46";"Otras Ciencias sociales y del comportamiento";"Ambos Sexos";"Rendimiento"
"2019-2020";"95.53";"Otras Ciencias sociales y del comportamiento";"Ambos Sexos";"Rendimiento"
"2018-2019";"91.67";"Otras Ciencias sociales y del comportamiento";"Ambos Sexos";"Rendimiento"
"2017-2018";"89.81";"Otras Ciencias sociales y del comportamiento";"Ambos Sexos";"Rendimiento"
"2016-2017";"87.37";"Otras Ciencias sociales y del comportamiento";"Ambos Sexos";"Rendimiento"
"2015-2016";"86.86";"Otras Ciencias sociales y del comportamiento";"Ambos Sexos";"Rendimiento"
"2022-2023";"94.95";"Periodismo e información";"Ambos Sexos";"Rendimiento"
"2021-2022";"95.17";"Periodismo e información";"Ambos Sexos";"Rendimiento"
"2020-2021";"95.8";"Periodismo e información";"Ambos Sexos";"Rendimiento"
"2019-2020";"97.59";"Periodismo e información";"Ambos Sexos";"Rendimiento"
"2018-2019";"93.12";"Periodismo e información";"Ambos Sexos";"Rendimiento"
"2017-2018";"93.35";"Periodismo e información";"Ambos Sexos";"Rendimiento"
"2016-2017";"92.99";"Periodismo e información";"Ambos Sexos";"Rendimiento"
"2015-2016";"92.75";"Periodismo e información";"Ambos Sexos";"Rendimiento"
"2022-2023";"91.61";"Total Negocios, administración y derecho";"Ambos Sexos";"Rendimiento"
"2021-2022";"90.81";"Total Negocios, administración y derecho";"Ambos Sexos";"Rendimiento"
"2020-2021";"92.05";"Total Negocios, administración y derecho";"Ambos Sexos";"Rendimiento"
"2019-2020";"94.54";"Total Negocios, administración y derecho";"Ambos Sexos";"Rendimiento"
"2018-2019";"90.79";"Total Negocios, administración y derecho";"Ambos Sexos";"Rendimiento"
"2017-2018";"89.37";"Total Negocios, administración y derecho";"Ambos Sexos";"Rendimiento"
"2016-2017";"88.75";"Total Negocios, administración y derecho";"Ambos Sexos";"Rendimiento"
"2015-2016";"88.29";"Total Negocios, administración y derecho";"Ambos Sexos";"Rendimiento"
"2022-2023";"89.54";"Administración y gestión de empresas";"Ambos Sexos";"Rendimiento"
"2021-2022";"88.94";"Administración y gestión de empresas";"Ambos Sexos";"Rendimiento"
"2020-2021";"90.84";"Administración y gestión de empresas";"Ambos Sexos";"Rendimiento"
"2019-2020";"92.76";"Administración y gestión de empresas";"Ambos Sexos";"Rendimiento"
"2018-2019";"90.22";"Administración y gestión de empresas";"Ambos Sexos";"Rendimiento"
"2017-2018";"87.76";"Administración y gestión de empresas";"Ambos Sexos";"Rendimiento"
"2016-2017";"87.07";"Administración y gestión de empresas";"Ambos Sexos";"Rendimiento"
"2015-2016";"87.17";"Administración y gestión de empresas";"Ambos Sexos";"Rendimiento"
"2022-2023";"89.46";"Otra Educación comercial y empresarial";"Ambos Sexos";"Rendimiento"
"2021-2022";"88.08";"Otra Educación comercial y empresarial";"Ambos Sexos";"Rendimiento"
"2020-2021";"86.84";"Otra Educación comercial y empresarial";"Ambos Sexos";"Rendimiento"
"2019-2020";"89.26";"Otra Educación comercial y empresarial";"Ambos Sexos";"Rendimiento"
"2018-2019";"83.53";"Otra Educación comercial y empresarial";"Ambos Sexos";"Rendimiento"
"2017-2018";"81.12";"Otra Educación comercial y empresarial";"Ambos Sexos";"Rendimiento"
"2016-2017";"82.65";"Otra Educación comercial y empresarial";"Ambos Sexos";"Rendimiento"
"2015-2016";"84.0";"Otra Educación comercial y empresarial";"Ambos Sexos";"Rendimiento"
"2022-2023";"92.86";"Derecho";"Ambos Sexos";"Rendimiento"
"2021-2022";"92.02";"Derecho";"Ambos Sexos";"Rendimiento"
"2020-2021";"93.23";"Derecho";"Ambos Sexos";"Rendimiento"
"2019-2020";"95.98";"Derecho";"Ambos Sexos";"Rendimiento"
"2018-2019";"91.97";"Derecho";"Ambos Sexos";"Rendimiento"
"2017-2018";"91.37";"Derecho";"Ambos Sexos";"Rendimiento"
"2016-2017";"90.59";"Derecho";"Ambos Sexos";"Rendimiento"
"2015-2016";"89.54";"Derecho";"Ambos Sexos";"Rendimiento"
"2022-2023";"92.6";"Total Ciencias";"Ambos Sexos";"Rendimiento"
"2021-2022";"92.73";"Total Ciencias";"Ambos Sexos";"Rendimiento"
"2020-2021";"88.98";"Total Ciencias";"Ambos Sexos";"Rendimiento"
"2019-2020";"89.29";"Total Ciencias";"Ambos Sexos";"Rendimiento"
"2018-2019";"86.35";"Total Ciencias";"Ambos Sexos";"Rendimiento"
"2017-2018";"86.67";"Total Ciencias";"Ambos Sexos";"Rendimiento"
"2016-2017";"86.55";"Total Ciencias";"Ambos Sexos";"Rendimiento"
"2015-2016";"84.09";"Total Ciencias";"Ambos Sexos";"Rendimiento"
"2022-2023";"..";"Ciencias de la vida";"Ambos Sexos";"Rendimiento"
"2021-2022";"..";"Ciencias de la vida";"Ambos Sexos";"Rendimiento"
"2020-2021";"..";"Ciencias de la vida";"Ambos Sexos";"Rendimiento"
"2019-2020";"..";"Ciencias de la vida";"Ambos Sexos";"Rendimiento"
"2018-2019";"..";"Ciencias de la vida";"Ambos Sexos";"Rendimiento"
"2017-2018";"..";"Ciencias de la vida";"Ambos Sexos";"Rendimiento"
"2016-2017";"..";"Ciencias de la vida";"Ambos Sexos";"Rendimiento"
"2015-2016";"..";"Ciencias de la vida";"Ambos Sexos";"Rendimiento"
"2022-2023";"95.11";"Ciencias Físicas, químicas, geológicas";"Ambos Sexos";"Rendimiento"
"2021-2022";"92.0";"Ciencias Físicas, químicas, geológicas";"Ambos Sexos";"Rendimiento"
"2020-2021";"84.58";"Ciencias Físicas, químicas, geológicas";"Ambos Sexos";"Rendimiento"
"2019-2020";"91.05";"Ciencias Físicas, químicas, geológicas";"Ambos Sexos";"Rendimiento"
"2018-2019";"..";"Ciencias Físicas, químicas, geológicas";"Ambos Sexos";"Rendimiento"
"2017-2018";"..";"Ciencias Físicas, químicas, geológicas";"Ambos Sexos";"Rendimiento"
"2016-2017";"..";"Ciencias Físicas, químicas, geológicas";"Ambos Sexos";"Rendimiento"
"2015-2016";"..";"Ciencias Físicas, químicas, geológicas";"Ambos Sexos";"Rendimiento"
"2022-2023";"91.69";"Matemáticas y Estadística";"Ambos Sexos";"Rendimiento"
"2021-2022";"92.96";"Matemáticas y Estadística";"Ambos Sexos";"Rendimiento"
"2020-2021";"90.14";"Matemáticas y Estadística";"Ambos Sexos";"Rendimiento"
"2019-2020";"89.05";"Matemáticas y Estadística";"Ambos Sexos";"Rendimiento"
"2018-2019";"86.35";"Matemáticas y Estadística";"Ambos Sexos";"Rendimiento"
"2017-2018";"86.67";"Matemáticas y Estadística";"Ambos Sexos";"Rendimiento"
"2016-2017";"86.55";"Matemáticas y Estadística";"Ambos Sexos";"Rendimiento"
"2015-2016";"84.09";"Matemáticas y Estadística";"Ambos Sexos";"Rendimiento"
"2022-2023";"87.24";"Total Informática";"Ambos Sexos";"Rendimiento"
"2021-2022";"85.91";"Total Informática";"Ambos Sexos";"Rendimiento"
"2020-2021";"85.24";"Total Informática";"Ambos Sexos";"Rendimiento"
"2019-2020";"86.85";"Total Informática";"Ambos Sexos";"Rendimiento"
"2018-2019";"81.4";"Total Informática";"Ambos Sexos";"Rendimiento"
"2017-2018";"79.8";"Total Informática";"Ambos Sexos";"Rendimiento"
"2016-2017";"75.31";"Total Informática";"Ambos Sexos";"Rendimiento"
"2015-2016";"72.95";"Total Informática";"Ambos Sexos";"Rendimiento"
"2022-2023";"87.24";"Informática";"Ambos Sexos";"Rendimiento"
"2021-2022";"85.91";"Informática";"Ambos Sexos";"Rendimiento"
"2020-2021";"85.24";"Informática";"Ambos Sexos";"Rendimiento"
"2019-2020";"86.85";"Informática";"Ambos Sexos";"Rendimiento"
"2018-2019";"81.4";"Informática";"Ambos Sexos";"Rendimiento"
"2017-2018";"79.8";"Informática";"Ambos Sexos";"Rendimiento"
"2016-2017";"75.31";"Informática";"Ambos Sexos";"Rendimiento"
"2015-2016";"72.95";"Informática";"Ambos Sexos";"Rendimiento"
"2022-2023";"78.38";"Total Ingeniería, industria y construcción";"Ambos Sexos";"Rendimiento"
"2021-2022";"76.54";"Total Ingeniería, industria y construcción";"Ambos Sexos";"Rendimiento"
"2020-2021";"75.0";"Total Ingeniería, industria y construcción";"Ambos Sexos";"Rendimiento"
"2019-2020";"81.07";"Total Ingeniería, industria y construcción";"Ambos Sexos";"Rendimiento"
"2018-2019";"75.77";"Total Ingeniería, industria y construcción";"Ambos Sexos";"Rendimiento"
"2017-2018";"74.45";"Total Ingeniería, industria y construcción";"Ambos Sexos";"Rendimiento"
"2016-2017";"73.7";"Total Ingeniería, industria y construcción";"Ambos Sexos";"Rendimiento"
"2015-2016";"72.4";"Total Ingeniería, industria y construcción";"Ambos Sexos";"Rendimiento"
"2022-2023";"78.38";"Ingenierías";"Ambos Sexos";"Rendimiento"
"2021-2022";"76.54";"Ingenierías";"Ambos Sexos";"Rendimiento"
"2020-2021";"75.0";"Ingenierías";"Ambos Sexos";"Rendimiento"
"2019-2020";"81.07";"Ingenierías";"Ambos Sexos";"Rendimiento"
"2018-2019";"75.77";"Ingenierías";"Ambos Sexos";"Rendimiento"
"2017-2018";"74.45";"Ingenierías";"Ambos Sexos";"Rendimiento"
"2016-2017";"73.7";"Ingenierías";"Ambos Sexos";"Rendimiento"
"2015-2016";"72.4";"Ingenierías";"Ambos Sexos";"Rendimiento"
"2022-2023";"..";"Arquitectura y construcción";"Ambos Sexos";"Rendimiento"
"2021-2022";"..";"Arquitectura y construcción";"Ambos Sexos";"Rendimiento"
"2020-2021";"..";"Arquitectura y construcción";"Ambos Sexos";"Rendimiento"
"2019-2020";"..";"Arquitectura y construcción";"Ambos Sexos";"Rendimiento"
"2018-2019";"..";"Arquitectura y construcción";"Ambos Sexos";"Rendimiento"
"2017-2018";"..";"Arquitectura y construcción";"Ambos Sexos";"Rendimiento"
"2016-2017";"..";"Arquitectura y construcción";"Ambos Sexos";"Rendimiento"
"2015-2016";"..";"Arquitectura y construcción";"Ambos Sexos";"Rendimiento"
"2022-2023";"..";"Total Agricultura, ganadería,  silvicultura, pesca, y veterinaria";"Ambos Sexos";"Rendimiento"
"2021-2022";"..";"Total Agricultura, ganadería,  silvicultura, pesca, y veterinaria";"Ambos Sexos";"Rendimiento"
"2020-2021";"..";"Total Agricultura, ganadería,  silvicultura, pesca, y veterinaria";"Ambos Sexos";"Rendimiento"
"2019-2020";"..";"Total Agricultura, ganadería,  silvicultura, pesca, y veterinaria";"Ambos Sexos";"Rendimiento"
"2018-2019";"..";"Total Agricultura, ganadería,  silvicultura, pesca, y veterinaria";"Ambos Sexos";"Rendimiento"
"2017-2018";"..";"Total Agricultura, ganadería,  silvicultura, pesca, y veterinaria";"Ambos Sexos";"Rendimiento"
"2016-2017";"..";"Total Agricultura, ganadería,  silvicultura, pesca, y veterinaria";"Ambos Sexos";"Rendimiento"
"2015-2016";"..";"Total Agricultura, ganadería,  silvicultura, pesca, y veterinaria";"Ambos Sexos";"Rendimiento"
"2022-2023";"..";"Agricultura, ganadería y pesca";"Ambos Sexos";"Rendimiento"
"2021-2022";"..";"Agricultura, ganadería y pesca";"Ambos Sexos";"Rendimiento"
"2020-2021";"..";"Agricultura, ganadería y pesca";"Ambos Sexos";"Rendimiento"
"2019-2020";"..";"Agricultura, ganadería y pesca";"Ambos Sexos";"Rendimiento"
"2018-2019";"..";"Agricultura, ganadería y pesca";"Ambos Sexos";"Rendimiento"
"2017-2018";"..";"Agricultura, ganadería y pesca";"Ambos Sexos";"Rendimiento"
"2016-2017";"..";"Agricultura, ganadería y pesca";"Ambos Sexos";"Rendimiento"
"2015-2016";"..";"Agricultura, ganadería y pesca";"Ambos Sexos";"Rendimiento"
"2022-2023";"..";"Veterinaria";"Ambos Sexos";"Rendimiento"
"2021-2022";"..";"Veterinaria";"Ambos Sexos";"Rendimiento"
"2020-2021";"..";"Veterinaria";"Ambos Sexos";"Rendimiento"
"2019-2020";"..";"Veterinaria";"Ambos Sexos";"Rendimiento"
"2018-2019";"..";"Veterinaria";"Ambos Sexos";"Rendimiento"
"2017-2018";"..";"Veterinaria";"Ambos Sexos";"Rendimiento"
"2016-2017";"..";"Veterinaria";"Ambos Sexos";"Rendimiento"
"2015-2016";"..";"Veterinaria";"Ambos Sexos";"Rendimiento"
"2022-2023";"94.11";"Total Salud y servicios sociales";"Ambos Sexos";"Rendimiento"
"2021-2022";"92.06";"Total Salud y servicios sociales";"Ambos Sexos";"Rendimiento"
"2020-2021";"93.78";"Total Salud y servicios sociales";"Ambos Sexos";"Rendimiento"
"2019-2020";"96.5";"Total Salud y servicios sociales";"Ambos Sexos";"Rendimiento"
"2018-2019";"95.34";"Total Salud y servicios sociales";"Ambos Sexos";"Rendimiento"
"2017-2018";"93.76";"Total Salud y servicios sociales";"Ambos Sexos";"Rendimiento"
"2016-2017";"91.99";"Total Salud y servicios sociales";"Ambos Sexos";"Rendimiento"
"2015-2016";"92.99";"Total Salud y servicios sociales";"Ambos Sexos";"Rendimiento"
"2022-2023";"..";"Medicina";"Ambos Sexos";"Rendimiento"
"2021-2022";"..";"Medicina";"Ambos Sexos";"Rendimiento"
"2020-2021";"..";"Medicina";"Ambos Sexos";"Rendimiento"
"2019-2020";"..";"Medicina";"Ambos Sexos";"Rendimiento"
"2018-2019";"..";"Medicina";"Ambos Sexos";"Rendimiento"
"2017-2018";"..";"Medicina";"Ambos Sexos";"Rendimiento"
"2016-2017";"..";"Medicina";"Ambos Sexos";"Rendimiento"
"2015-2016";"..";"Medicina";"Ambos Sexos";"Rendimiento"
"2022-2023";"..";"Enfermería y atención a enfermos";"Ambos Sexos";"Rendimiento"
"2021-2022";"..";"Enfermería y atención a enfermos";"Ambos Sexos";"Rendimiento"
"2020-2021";"..";"Enfermería y atención a enfermos";"Ambos Sexos";"Rendimiento"
"2019-2020";"..";"Enfermería y atención a enfermos";"Ambos Sexos";"Rendimiento"
"2018-2019";"..";"Enfermería y atención a enfermos";"Ambos Sexos";"Rendimiento"
"2017-2018";"..";"Enfermería y atención a enfermos";"Ambos Sexos";"Rendimiento"
"2016-2017";"..";"Enfermería y atención a enfermos";"Ambos Sexos";"Rendimiento"
"2015-2016";"..";"Enfermería y atención a enfermos";"Ambos Sexos";"Rendimiento"
"2022-2023";"94.11";"Otras ciencias de la Salud";"Ambos Sexos";"Rendimiento"
"2021-2022";"92.06";"Otras ciencias de la Salud";"Ambos Sexos";"Rendimiento"
"2020-2021";"93.78";"Otras ciencias de la Salud";"Ambos Sexos";"Rendimiento"
"2019-2020";"96.5";"Otras ciencias de la Salud";"Ambos Sexos";"Rendimiento"
"2018-2019";"95.34";"Otras ciencias de la Salud";"Ambos Sexos";"Rendimiento"
"2017-2018";"93.76";"Otras ciencias de la Salud";"Ambos Sexos";"Rendimiento"
"2016-2017";"91.99";"Otras ciencias de la Salud";"Ambos Sexos";"Rendimiento"
"2015-2016";"92.99";"Otras ciencias de la Salud";"Ambos Sexos";"Rendimiento"
"2022-2023";"..";"Trabajo social y orientación";"Ambos Sexos";"Rendimiento"
"2021-2022";"..";"Trabajo social y orientación";"Ambos Sexos";"Rendimiento"
"2020-2021";"..";"Trabajo social y orientación";"Ambos Sexos";"Rendimiento"
"2019-2020";"..";"Trabajo social y orientación";"Ambos Sexos";"Rendimiento"
"2018-2019";"..";"Trabajo social y orientación";"Ambos Sexos";"Rendimiento"
"2017-2018";"..";"Trabajo social y orientación";"Ambos Sexos";"Rendimiento"
"2016-2017";"..";"Trabajo social y orientación";"Ambos Sexos";"Rendimiento"
"2015-2016";"..";"Trabajo social y orientación";"Ambos Sexos";"Rendimiento"
"2022-2023";"95.37";"Total Servicios";"Ambos Sexos";"Rendimiento"
"2021-2022";"95.58";"Total Servicios";"Ambos Sexos";"Rendimiento"
"2020-2021";"96.18";"Total Servicios";"Ambos Sexos";"Rendimiento"
"2019-2020";"97.63";"Total Servicios";"Ambos Sexos";"Rendimiento"
"2018-2019";"94.66";"Total Servicios";"Ambos Sexos";"Rendimiento"
"2017-2018";"93.23";"Total Servicios";"Ambos Sexos";"Rendimiento"
"2016-2017";"89.25";"Total Servicios";"Ambos Sexos";"Rendimiento"
"2015-2016";"88.98";"Total Servicios";"Ambos Sexos";"Rendimiento"
"2022-2023";"..";"Deportes";"Ambos Sexos";"Rendimiento"
"2021-2022";"..";"Deportes";"Ambos Sexos";"Rendimiento"
"2020-2021";"..";"Deportes";"Ambos Sexos";"Rendimiento"
"2019-2020";"..";"Deportes";"Ambos Sexos";"Rendimiento"
"2018-2019";"..";"Deportes";"Ambos Sexos";"Rendimiento"
"2017-2018";"..";"Deportes";"Ambos Sexos";"Rendimiento"
"2016-2017";"..";"Deportes";"Ambos Sexos";"Rendimiento"
"2015-2016";"..";"Deportes";"Ambos Sexos";"Rendimiento"
"2022-2023";"84.81";"Turismo y Hostelería";"Ambos Sexos";"Rendimiento"
"2021-2022";"86.43";"Turismo y Hostelería";"Ambos Sexos";"Rendimiento"
"2020-2021";"90.22";"Turismo y Hostelería";"Ambos Sexos";"Rendimiento"
"2019-2020";"92.76";"Turismo y Hostelería";"Ambos Sexos";"Rendimiento"
"2018-2019";"83.62";"Turismo y Hostelería";"Ambos Sexos";"Rendimiento"
"2017-2018";"81.75";"Turismo y Hostelería";"Ambos Sexos";"Rendimiento"
"2016-2017";"79.4";"Turismo y Hostelería";"Ambos Sexos";"Rendimiento"
"2015-2016";"80.24";"Turismo y Hostelería";"Ambos Sexos";"Rendimiento"
"2022-2023";"99.63";"Otros Servicios";"Ambos Sexos";"Rendimiento"
"2021-2022";"99.66";"Otros Servicios";"Ambos Sexos";"Rendimiento"
"2020-2021";"99.34";"Otros Servicios";"Ambos Sexos";"Rendimiento"
"2019-2020";"99.92";"Otros Servicios";"Ambos Sexos";"Rendimiento"
"2018-2019";"99.65";"Otros Servicios";"Ambos Sexos";"Rendimiento"
"2017-2018";"99.65";"Otros Servicios";"Ambos Sexos";"Rendimiento"
"2016-2017";"99.16";"Otros Servicios";"Ambos Sexos";"Rendimiento"
"2015-2016";"98.64";"Otros Servicios";"Ambos Sexos";"Rendimiento"
"2022-2023";"???";"Carlos III de Madrid";"Ambos Sexos";"Exito"
"2021-2022";"???";"Carlos III de Madrid";"Ambos Sexos";"Exito"
"2020-2021";"???";"Carlos III de Madrid";"Ambos Sexos";"Exito"
"2019-2020";"???";"Carlos III de Madrid";"Ambos Sexos";"Exito"
"2018-2019";"???";"Carlos III de Madrid";"Ambos Sexos";"Exito"
"2017-2018";"???";"Carlos III de Madrid";"Ambos Sexos";"Exito"
"2016-2017";"???";"Carlos III de Madrid";"Ambos Sexos";"Exito"
"2015-2016";"???";"Carlos III de Madrid";"Ambos Sexos";"Exito"
"2022-2023";"93.69";"Todos los ámbitos";"Ambos Sexos";"Exito"
"2021-2022";"93.25";"Todos los ámbitos";"Ambos Sexos";"Exito"
"2020-2021";"93.08";"Todos los ámbitos";"Ambos Sexos";"Exito"
"2019-2020";"94.78";"Todos los ámbitos";"Ambos Sexos";"Exito"
"2018-2019";"92.08";"Todos los ámbitos";"Ambos Sexos";"Exito"
"2017-2018";"91.43";"Todos los ámbitos";"Ambos Sexos";"Exito"
"2016-2017";"90.44";"Todos los ámbitos";"Ambos Sexos";"Exito"
"2015-2016";"90.02";"Todos los ámbitos";"Ambos Sexos";"Exito"
"2022-2023";"..";"Total Educación";"Ambos Sexos";"Exito"
"2021-2022";"..";"Total Educación";"Ambos Sexos";"Exito"
"2020-2021";"..";"Total Educación";"Ambos Sexos";"Exito"
"2019-2020";"..";"Total Educación";"Ambos Sexos";"Exito"
"2018-2019";"..";"Total Educación";"Ambos Sexos";"Exito"
"2017-2018";"..";"Total Educación";"Ambos Sexos";"Exito"
"2016-2017";"..";"Total Educación";"Ambos Sexos";"Exito"
"2015-2016";"..";"Total Educación";"Ambos Sexos";"Exito"
"2022-2023";"..";"Formación de docentes de enseñanza infantil";"Ambos Sexos";"Exito"
"2021-2022";"..";"Formación de docentes de enseñanza infantil";"Ambos Sexos";"Exito"
"2020-2021";"..";"Formación de docentes de enseñanza infantil";"Ambos Sexos";"Exito"
"2019-2020";"..";"Formación de docentes de enseñanza infantil";"Ambos Sexos";"Exito"
"2018-2019";"..";"Formación de docentes de enseñanza infantil";"Ambos Sexos";"Exito"
"2017-2018";"..";"Formación de docentes de enseñanza infantil";"Ambos Sexos";"Exito"
"2016-2017";"..";"Formación de docentes de enseñanza infantil";"Ambos Sexos";"Exito"
"2015-2016";"..";"Formación de docentes de enseñanza infantil";"Ambos Sexos";"Exito"
"2022-2023";"..";"Formación de docentes de enseñanza primaria";"Ambos Sexos";"Exito"
"2021-2022";"..";"Formación de docentes de enseñanza primaria";"Ambos Sexos";"Exito"
"2020-2021";"..";"Formación de docentes de enseñanza primaria";"Ambos Sexos";"Exito"
"2019-2020";"..";"Formación de docentes de enseñanza primaria";"Ambos Sexos";"Exito"
"2018-2019";"..";"Formación de docentes de enseñanza primaria";"Ambos Sexos";"Exito"
"2017-2018";"..";"Formación de docentes de enseñanza primaria";"Ambos Sexos";"Exito"
"2016-2017";"..";"Formación de docentes de enseñanza primaria";"Ambos Sexos";"Exito"
"2015-2016";"..";"Formación de docentes de enseñanza primaria";"Ambos Sexos";"Exito"
"2022-2023";"..";"Otra Formación de personal docente y ciencias de la educación";"Ambos Sexos";"Exito"
"2021-2022";"..";"Otra Formación de personal docente y ciencias de la educación";"Ambos Sexos";"Exito"
"2020-2021";"..";"Otra Formación de personal docente y ciencias de la educación";"Ambos Sexos";"Exito"
"2019-2020";"..";"Otra Formación de personal docente y ciencias de la educación";"Ambos Sexos";"Exito"
"2018-2019";"..";"Otra Formación de personal docente y ciencias de la educación";"Ambos Sexos";"Exito"
"2017-2018";"..";"Otra Formación de personal docente y ciencias de la educación";"Ambos Sexos";"Exito"
"2016-2017";"..";"Otra Formación de personal docente y ciencias de la educación";"Ambos Sexos";"Exito"
"2015-2016";"..";"Otra Formación de personal docente y ciencias de la educación";"Ambos Sexos";"Exito"
"2022-2023";"96.89";"Total Artes y humanidades";"Ambos Sexos";"Exito"
"2021-2022";"97.03";"Total Artes y humanidades";"Ambos Sexos";"Exito"
"2020-2021";"97.78";"Total Artes y humanidades";"Ambos Sexos";"Exito"
"2019-2020";"98.77";"Total Artes y humanidades";"Ambos Sexos";"Exito"
"2018-2019";"97.11";"Total Artes y humanidades";"Ambos Sexos";"Exito"
"2017-2018";"97.63";"Total Artes y humanidades";"Ambos Sexos";"Exito"
"2016-2017";"97.05";"Total Artes y humanidades";"Ambos Sexos";"Exito"
"2015-2016";"97.01";"Total Artes y humanidades";"Ambos Sexos";"Exito"
"2022-2023";"98.38";"Técnicas audiovisuales y medios de comunicación";"Ambos Sexos";"Exito"
"2021-2022";"97.72";"Técnicas audiovisuales y medios de comunicación";"Ambos Sexos";"Exito"
"2020-2021";"98.76";"Técnicas audiovisuales y medios de comunicación";"Ambos Sexos";"Exito"
"2019-2020";"99.13";"Técnicas audiovisuales y medios de comunicación";"Ambos Sexos";"Exito"
"2018-2019";"97.59";"Técnicas audiovisuales y medios de comunicación";"Ambos Sexos";"Exito"
"2017-2018";"98.39";"Técnicas audiovisuales y medios de comunicación";"Ambos Sexos";"Exito"
"2016-2017";"97.41";"Técnicas audiovisuales y medios de comunicación";"Ambos Sexos";"Exito"
"2015-2016";"97.66";"Técnicas audiovisuales y medios de comunicación";"Ambos Sexos";"Exito"
"2022-2023";"..";"Artes";"Ambos Sexos";"Exito"
"2021-2022";"..";"Artes";"Ambos Sexos";"Exito"
"2020-2021";"..";"Artes";"Ambos Sexos";"Exito"
"2019-2020";"..";"Artes";"Ambos Sexos";"Exito"
"2018-2019";"..";"Artes";"Ambos Sexos";"Exito"
"2017-2018";"..";"Artes";"Ambos Sexos";"Exito"
"2016-2017";"..";"Artes";"Ambos Sexos";"Exito"
"2015-2016";"..";"Artes";"Ambos Sexos";"Exito"
"2022-2023";"..";"Lenguas";"Ambos Sexos";"Exito"
"2021-2022";"..";"Lenguas";"Ambos Sexos";"Exito"
"2020-2021";"..";"Lenguas";"Ambos Sexos";"Exito"
"2019-2020";"..";"Lenguas";"Ambos Sexos";"Exito"
"2018-2019";"..";"Lenguas";"Ambos Sexos";"Exito"
"2017-2018";"..";"Lenguas";"Ambos Sexos";"Exito"
"2016-2017";"..";"Lenguas";"Ambos Sexos";"Exito"
"2015-2016";"..";"Lenguas";"Ambos Sexos";"Exito"
"2022-2023";"94.39";"Humanidades";"Ambos Sexos";"Exito"
"2021-2022";"95.69";"Humanidades";"Ambos Sexos";"Exito"
"2020-2021";"95.3";"Humanidades";"Ambos Sexos";"Exito"
"2019-2020";"97.55";"Humanidades";"Ambos Sexos";"Exito"
"2018-2019";"94.26";"Humanidades";"Ambos Sexos";"Exito"
"2017-2018";"91.97";"Humanidades";"Ambos Sexos";"Exito"
"2016-2017";"94.8";"Humanidades";"Ambos Sexos";"Exito"
"2015-2016";"93.33";"Humanidades";"Ambos Sexos";"Exito"
"2022-2023";"97.28";"Total Ciencias sociales, periodismo y documentación";"Ambos Sexos";"Exito"
"2021-2022";"97.13";"Total Ciencias sociales, periodismo y documentación";"Ambos Sexos";"Exito"
"2020-2021";"97.66";"Total Ciencias sociales, periodismo y documentación";"Ambos Sexos";"Exito"
"2019-2020";"98.37";"Total Ciencias sociales, periodismo y documentación";"Ambos Sexos";"Exito"
"2018-2019";"96.48";"Total Ciencias sociales, periodismo y documentación";"Ambos Sexos";"Exito"
"2017-2018";"96.2";"Total Ciencias sociales, periodismo y documentación";"Ambos Sexos";"Exito"
"2016-2017";"95.77";"Total Ciencias sociales, periodismo y documentación";"Ambos Sexos";"Exito"
"2015-2016";"95.38";"Total Ciencias sociales, periodismo y documentación";"Ambos Sexos";"Exito"
"2022-2023";"..";"Psicología";"Ambos Sexos";"Exito"
"2021-2022";"..";"Psicología";"Ambos Sexos";"Exito"
"2020-2021";"..";"Psicología";"Ambos Sexos";"Exito"
"2019-2020";"..";"Psicología";"Ambos Sexos";"Exito"
"2018-2019";"..";"Psicología";"Ambos Sexos";"Exito"
"2017-2018";"..";"Psicología";"Ambos Sexos";"Exito"
"2016-2017";"..";"Psicología";"Ambos Sexos";"Exito"
"2015-2016";"..";"Psicología";"Ambos Sexos";"Exito"
"2022-2023";"93.09";"Economía";"Ambos Sexos";"Exito"
"2021-2022";"92.77";"Economía";"Ambos Sexos";"Exito"
"2020-2021";"94.07";"Economía";"Ambos Sexos";"Exito"
"2019-2020";"95.95";"Economía";"Ambos Sexos";"Exito"
"2018-2019";"94.45";"Economía";"Ambos Sexos";"Exito"
"2017-2018";"93.09";"Economía";"Ambos Sexos";"Exito"
"2016-2017";"93.1";"Economía";"Ambos Sexos";"Exito"
"2015-2016";"92.32";"Economía";"Ambos Sexos";"Exito"
"2022-2023";"98.14";"Otras Ciencias sociales y del comportamiento";"Ambos Sexos";"Exito"
"2021-2022";"97.75";"Otras Ciencias sociales y del comportamiento";"Ambos Sexos";"Exito"
"2020-2021";"98.13";"Otras Ciencias sociales y del comportamiento";"Ambos Sexos";"Exito"
"2019-2020";"98.65";"Otras Ciencias sociales y del comportamiento";"Ambos Sexos";"Exito"
"2018-2019";"96.42";"Otras Ciencias sociales y del comportamiento";"Ambos Sexos";"Exito"
"2017-2018";"96.11";"Otras Ciencias sociales y del comportamiento";"Ambos Sexos";"Exito"
"2016-2017";"94.91";"Otras Ciencias sociales y del comportamiento";"Ambos Sexos";"Exito"
"2015-2016";"94.36";"Otras Ciencias sociales y del comportamiento";"Ambos Sexos";"Exito"
"2022-2023";"98.13";"Periodismo e información";"Ambos Sexos";"Exito"
"2021-2022";"98.32";"Periodismo e información";"Ambos Sexos";"Exito"
"2020-2021";"98.68";"Periodismo e información";"Ambos Sexos";"Exito"
"2019-2020";"99.14";"Periodismo e información";"Ambos Sexos";"Exito"
"2018-2019";"97.48";"Periodismo e información";"Ambos Sexos";"Exito"
"2017-2018";"97.86";"Periodismo e información";"Ambos Sexos";"Exito"
"2016-2017";"97.68";"Periodismo e información";"Ambos Sexos";"Exito"
"2015-2016";"97.54";"Periodismo e información";"Ambos Sexos";"Exito"
"2022-2023";"95.48";"Total Negocios, administración y derecho";"Ambos Sexos";"Exito"
"2021-2022";"95.14";"Total Negocios, administración y derecho";"Ambos Sexos";"Exito"
"2020-2021";"95.29";"Total Negocios, administración y derecho";"Ambos Sexos";"Exito"
"2019-2020";"97.24";"Total Negocios, administración y derecho";"Ambos Sexos";"Exito"
"2018-2019";"94.92";"Total Negocios, administración y derecho";"Ambos Sexos";"Exito"
"2017-2018";"94.48";"Total Negocios, administración y derecho";"Ambos Sexos";"Exito"
"2016-2017";"93.81";"Total Negocios, administración y derecho";"Ambos Sexos";"Exito"
"2015-2016";"93.66";"Total Negocios, administración y derecho";"Ambos Sexos";"Exito"
"2022-2023";"94.08";"Administración y gestión de empresas";"Ambos Sexos";"Exito"
"2021-2022";"93.77";"Administración y gestión de empresas";"Ambos Sexos";"Exito"
"2020-2021";"94.32";"Administración y gestión de empresas";"Ambos Sexos";"Exito"
"2019-2020";"96.39";"Administración y gestión de empresas";"Ambos Sexos";"Exito"
"2018-2019";"94.74";"Administración y gestión de empresas";"Ambos Sexos";"Exito"
"2017-2018";"93.2";"Administración y gestión de empresas";"Ambos Sexos";"Exito"
"2016-2017";"92.44";"Administración y gestión de empresas";"Ambos Sexos";"Exito"
"2015-2016";"92.49";"Administración y gestión de empresas";"Ambos Sexos";"Exito"
"2022-2023";"93.49";"Otra Educación comercial y empresarial";"Ambos Sexos";"Exito"
"2021-2022";"92.96";"Otra Educación comercial y empresarial";"Ambos Sexos";"Exito"
"2020-2021";"92.37";"Otra Educación comercial y empresarial";"Ambos Sexos";"Exito"
"2019-2020";"94.03";"Otra Educación comercial y empresarial";"Ambos Sexos";"Exito"
"2018-2019";"90.4";"Otra Educación comercial y empresarial";"Ambos Sexos";"Exito"
"2017-2018";"90.23";"Otra Educación comercial y empresarial";"Ambos Sexos";"Exito"
"2016-2017";"89.78";"Otra Educación comercial y empresarial";"Ambos Sexos";"Exito"
"2015-2016";"91.01";"Otra Educación comercial y empresarial";"Ambos Sexos";"Exito"
"2022-2023";"96.38";"Derecho";"Ambos Sexos";"Exito"
"2021-2022";"96.03";"Derecho";"Ambos Sexos";"Exito"
"2020-2021";"96.07";"Derecho";"Ambos Sexos";"Exito"
"2019-2020";"97.99";"Derecho";"Ambos Sexos";"Exito"
"2018-2019";"95.53";"Derecho";"Ambos Sexos";"Exito"
"2017-2018";"95.73";"Derecho";"Ambos Sexos";"Exito"
"2016-2017";"95.17";"Derecho";"Ambos Sexos";"Exito"
"2015-2016";"94.72";"Derecho";"Ambos Sexos";"Exito"
"2022-2023";"95.98";"Total Ciencias";"Ambos Sexos";"Exito"
"2021-2022";"95.94";"Total Ciencias";"Ambos Sexos";"Exito"
"2020-2021";"93.21";"Total Ciencias";"Ambos Sexos";"Exito"
"2019-2020";"93.81";"Total Ciencias";"Ambos Sexos";"Exito"
"2018-2019";"90.63";"Total Ciencias";"Ambos Sexos";"Exito"
"2017-2018";"92.75";"Total Ciencias";"Ambos Sexos";"Exito"
"2016-2017";"92.13";"Total Ciencias";"Ambos Sexos";"Exito"
"2015-2016";"91.0";"Total Ciencias";"Ambos Sexos";"Exito"
"2022-2023";"..";"Ciencias de la vida";"Ambos Sexos";"Exito"
"2021-2022";"..";"Ciencias de la vida";"Ambos Sexos";"Exito"
"2020-2021";"..";"Ciencias de la vida";"Ambos Sexos";"Exito"
"2019-2020";"..";"Ciencias de la vida";"Ambos Sexos";"Exito"
"2018-2019";"..";"Ciencias de la vida";"Ambos Sexos";"Exito"
"2017-2018";"..";"Ciencias de la vida";"Ambos Sexos";"Exito"
"2016-2017";"..";"Ciencias de la vida";"Ambos Sexos";"Exito"
"2015-2016";"..";"Ciencias de la vida";"Ambos Sexos";"Exito"
"2022-2023";"97.26";"Ciencias Físicas, químicas, geológicas";"Ambos Sexos";"Exito"
"2021-2022";"95.11";"Ciencias Físicas, químicas, geológicas";"Ambos Sexos";"Exito"
"2020-2021";"90.01";"Ciencias Físicas, químicas, geológicas";"Ambos Sexos";"Exito"
"2019-2020";"94.7";"Ciencias Físicas, químicas, geológicas";"Ambos Sexos";"Exito"
"2018-2019";"..";"Ciencias Físicas, químicas, geológicas";"Ambos Sexos";"Exito"
"2017-2018";"..";"Ciencias Físicas, químicas, geológicas";"Ambos Sexos";"Exito"
"2016-2017";"..";"Ciencias Físicas, químicas, geológicas";"Ambos Sexos";"Exito"
"2015-2016";"..";"Ciencias Físicas, químicas, geológicas";"Ambos Sexos";"Exito"
"2022-2023";"95.52";"Matemáticas y Estadística";"Ambos Sexos";"Exito"
"2021-2022";"96.19";"Matemáticas y Estadística";"Ambos Sexos";"Exito"
"2020-2021";"94.04";"Matemáticas y Estadística";"Ambos Sexos";"Exito"
"2019-2020";"93.69";"Matemáticas y Estadística";"Ambos Sexos";"Exito"
"2018-2019";"90.63";"Matemáticas y Estadística";"Ambos Sexos";"Exito"
"2017-2018";"92.75";"Matemáticas y Estadística";"Ambos Sexos";"Exito"
"2016-2017";"92.13";"Matemáticas y Estadística";"Ambos Sexos";"Exito"
"2015-2016";"91.0";"Matemáticas y Estadística";"Ambos Sexos";"Exito"
"2022-2023";"91.95";"Total Informática";"Ambos Sexos";"Exito"
"2021-2022";"91.58";"Total Informática";"Ambos Sexos";"Exito"
"2020-2021";"90.79";"Total Informática";"Ambos Sexos";"Exito"
"2019-2020";"91.9";"Total Informática";"Ambos Sexos";"Exito"
"2018-2019";"87.89";"Total Informática";"Ambos Sexos";"Exito"
"2017-2018";"86.9";"Total Informática";"Ambos Sexos";"Exito"
"2016-2017";"82.91";"Total Informática";"Ambos Sexos";"Exito"
"2015-2016";"81.05";"Total Informática";"Ambos Sexos";"Exito"
"2022-2023";"91.95";"Informática";"Ambos Sexos";"Exito"
"2021-2022";"91.58";"Informática";"Ambos Sexos";"Exito"
"2020-2021";"90.79";"Informática";"Ambos Sexos";"Exito"
"2019-2020";"91.9";"Informática";"Ambos Sexos";"Exito"
"2018-2019";"87.89";"Informática";"Ambos Sexos";"Exito"
"2017-2018";"86.9";"Informática";"Ambos Sexos";"Exito"
"2016-2017";"82.91";"Informática";"Ambos Sexos";"Exito"
"2015-2016";"81.05";"Informática";"Ambos Sexos";"Exito"
"2022-2023";"85.52";"Total Ingeniería, industria y construcción";"Ambos Sexos";"Exito"
"2021-2022";"84.46";"Total Ingeniería, industria y construcción";"Ambos Sexos";"Exito"
"2020-2021";"83.44";"Total Ingeniería, industria y construcción";"Ambos Sexos";"Exito"
"2019-2020";"86.71";"Total Ingeniería, industria y construcción";"Ambos Sexos";"Exito"
"2018-2019";"83.28";"Total Ingeniería, industria y construcción";"Ambos Sexos";"Exito"
"2017-2018";"82.02";"Total Ingeniería, industria y construcción";"Ambos Sexos";"Exito"
"2016-2017";"81.21";"Total Ingeniería, industria y construcción";"Ambos Sexos";"Exito"
"2015-2016";"80.45";"Total Ingeniería, industria y construcción";"Ambos Sexos";"Exito"
"2022-2023";"85.52";"Ingenierías";"Ambos Sexos";"Exito"
"2021-2022";"84.46";"Ingenierías";"Ambos Sexos";"Exito"
"2020-2021";"83.44";"Ingenierías";"Ambos Sexos";"Exito"
"2019-2020";"86.71";"Ingenierías";"Ambos Sexos";"Exito"
"2018-2019";"83.28";"Ingenierías";"Ambos Sexos";"Exito"
"2017-2018";"82.02";"Ingenierías";"Ambos Sexos";"Exito"
"2016-2017";"81.21";"Ingenierías";"Ambos Sexos";"Exito"
"2015-2016";"80.45";"Ingenierías";"Ambos Sexos";"Exito"
"2022-2023";"..";"Arquitectura y construcción";"Ambos Sexos";"Exito"
"2021-2022";"..";"Arquitectura y construcción";"Ambos Sexos";"Exito"
"2020-2021";"..";"Arquitectura y construcción";"Ambos Sexos";"Exito"
"2019-2020";"..";"Arquitectura y construcción";"Ambos Sexos";"Exito"
"2018-2019";"..";"Arquitectura y construcción";"Ambos Sexos";"Exito"
"2017-2018";"..";"Arquitectura y construcción";"Ambos Sexos";"Exito"
"2016-2017";"..";"Arquitectura y construcción";"Ambos Sexos";"Exito"
"2015-2016";"..";"Arquitectura y construcción";"Ambos Sexos";"Exito"
"2022-2023";"..";"Total Agricultura, ganadería,  silvicultura, pesca, y veterinaria";"Ambos Sexos";"Exito"
"2021-2022";"..";"Total Agricultura, ganadería,  silvicultura, pesca, y veterinaria";"Ambos Sexos";"Exito"
"2020-2021";"..";"Total Agricultura, ganadería,  silvicultura, pesca, y veterinaria";"Ambos Sexos";"Exito"
"2019-2020";"..";"Total Agricultura, ganadería,  silvicultura, pesca, y veterinaria";"Ambos Sexos";"Exito"
"2018-2019";"..";"Total Agricultura, ganadería,  silvicultura, pesca, y veterinaria";"Ambos Sexos";"Exito"
"2017-2018";"..";"Total Agricultura, ganadería,  silvicultura, pesca, y veterinaria";"Ambos Sexos";"Exito"
"2016-2017";"..";"Total Agricultura, ganadería,  silvicultura, pesca, y veterinaria";"Ambos Sexos";"Exito"
"2015-2016";"..";"Total Agricultura, ganadería,  silvicultura, pesca, y veterinaria";"Ambos Sexos";"Exito"
"2022-2023";"..";"Agricultura, ganadería y pesca";"Ambos Sexos";"Exito"
"2021-2022";"..";"Agricultura, ganadería y pesca";"Ambos Sexos";"Exito"
"2020-2021";"..";"Agricultura, ganadería y pesca";"Ambos Sexos";"Exito"
"2019-2020";"..";"Agricultura, ganadería y pesca";"Ambos Sexos";"Exito"
"2018-2019";"..";"Agricultura, ganadería y pesca";"Ambos Sexos";"Exito"
"2017-2018";"..";"Agricultura, ganadería y pesca";"Ambos Sexos";"Exito"
"2016-2017";"..";"Agricultura, ganadería y pesca";"Ambos Sexos";"Exito"
"2015-2016";"..";"Agricultura, ganadería y pesca";"Ambos Sexos";"Exito"
"2022-2023";"..";"Veterinaria";"Ambos Sexos";"Exito"
"2021-2022";"..";"Veterinaria";"Ambos Sexos";"Exito"
"2020-2021";"..";"Veterinaria";"Ambos Sexos";"Exito"
"2019-2020";"..";"Veterinaria";"Ambos Sexos";"Exito"
"2018-2019";"..";"Veterinaria";"Ambos Sexos";"Exito"
"2017-2018";"..";"Veterinaria";"Ambos Sexos";"Exito"
"2016-2017";"..";"Veterinaria";"Ambos Sexos";"Exito"
"2015-2016";"..";"Veterinaria";"Ambos Sexos";"Exito"
"2022-2023";"96.26";"Total Salud y servicios sociales";"Ambos Sexos";"Exito"
"2021-2022";"95.55";"Total Salud y servicios sociales";"Ambos Sexos";"Exito"
"2020-2021";"96.41";"Total Salud y servicios sociales";"Ambos Sexos";"Exito"
"2019-2020";"98.38";"Total Salud y servicios sociales";"Ambos Sexos";"Exito"
"2018-2019";"96.77";"Total Salud y servicios sociales";"Ambos Sexos";"Exito"
"2017-2018";"96.32";"Total Salud y servicios sociales";"Ambos Sexos";"Exito"
"2016-2017";"95.18";"Total Salud y servicios sociales";"Ambos Sexos";"Exito"
"2015-2016";"95.97";"Total Salud y servicios sociales";"Ambos Sexos";"Exito"
"2022-2023";"..";"Medicina";"Ambos Sexos";"Exito"
"2021-2022";"..";"Medicina";"Ambos Sexos";"Exito"
"2020-2021";"..";"Medicina";"Ambos Sexos";"Exito"
"2019-2020";"..";"Medicina";"Ambos Sexos";"Exito"
"2018-2019";"..";"Medicina";"Ambos Sexos";"Exito"
"2017-2018";"..";"Medicina";"Ambos Sexos";"Exito"
"2016-2017";"..";"Medicina";"Ambos Sexos";"Exito"
"2015-2016";"..";"Medicina";"Ambos Sexos";"Exito"
"2022-2023";"..";"Enfermería y atención a enfermos";"Ambos Sexos";"Exito"
"2021-2022";"..";"Enfermería y atención a enfermos";"Ambos Sexos";"Exito"
"2020-2021";"..";"Enfermería y atención a enfermos";"Ambos Sexos";"Exito"
"2019-2020";"..";"Enfermería y atención a enfermos";"Ambos Sexos";"Exito"
"2018-2019";"..";"Enfermería y atención a enfermos";"Ambos Sexos";"Exito"
"2017-2018";"..";"Enfermería y atención a enfermos";"Ambos Sexos";"Exito"
"2016-2017";"..";"Enfermería y atención a enfermos";"Ambos Sexos";"Exito"
"2015-2016";"..";"Enfermería y atención a enfermos";"Ambos Sexos";"Exito"
"2022-2023";"96.26";"Otras ciencias de la Salud";"Ambos Sexos";"Exito"
"2021-2022";"95.55";"Otras ciencias de la Salud";"Ambos Sexos";"Exito"
"2020-2021";"96.41";"Otras ciencias de la Salud";"Ambos Sexos";"Exito"
"2019-2020";"98.38";"Otras ciencias de la Salud";"Ambos Sexos";"Exito"
"2018-2019";"96.77";"Otras ciencias de la Salud";"Ambos Sexos";"Exito"
"2017-2018";"96.32";"Otras ciencias de la Salud";"Ambos Sexos";"Exito"
"2016-2017";"95.18";"Otras ciencias de la Salud";"Ambos Sexos";"Exito"
"2015-2016";"95.97";"Otras ciencias de la Salud";"Ambos Sexos";"Exito"
"2022-2023";"..";"Trabajo social y orientación";"Ambos Sexos";"Exito"
"2021-2022";"..";"Trabajo social y orientación";"Ambos Sexos";"Exito"
"2020-2021";"..";"Trabajo social y orientación";"Ambos Sexos";"Exito"
"2019-2020";"..";"Trabajo social y orientación";"Ambos Sexos";"Exito"
"2018-2019";"..";"Trabajo social y orientación";"Ambos Sexos";"Exito"
"2017-2018";"..";"Trabajo social y orientación";"Ambos Sexos";"Exito"
"2016-2017";"..";"Trabajo social y orientación";"Ambos Sexos";"Exito"
"2015-2016";"..";"Trabajo social y orientación";"Ambos Sexos";"Exito"
"2022-2023";"97.01";"Total Servicios";"Ambos Sexos";"Exito"
"2021-2022";"97.67";"Total Servicios";"Ambos Sexos";"Exito"
"2020-2021";"97.33";"Total Servicios";"Ambos Sexos";"Exito"
"2019-2020";"98.89";"Total Servicios";"Ambos Sexos";"Exito"
"2018-2019";"96.76";"Total Servicios";"Ambos Sexos";"Exito"
"2017-2018";"96.34";"Total Servicios";"Ambos Sexos";"Exito"
"2016-2017";"92.9";"Total Servicios";"Ambos Sexos";"Exito"
"2015-2016";"93.88";"Total Servicios";"Ambos Sexos";"Exito"
"2022-2023";"..";"Deportes";"Ambos Sexos";"Exito"
"2021-2022";"..";"Deportes";"Ambos Sexos";"Exito"
"2020-2021";"..";"Deportes";"Ambos Sexos";"Exito"
"2019-2020";"..";"Deportes";"Ambos Sexos";"Exito"
"2018-2019";"..";"Deportes";"Ambos Sexos";"Exito"
"2017-2018";"..";"Deportes";"Ambos Sexos";"Exito"
"2016-2017";"..";"Deportes";"Ambos Sexos";"Exito"
"2015-2016";"..";"Deportes";"Ambos Sexos";"Exito"
"2022-2023";"89.96";"Turismo y Hostelería";"Ambos Sexos";"Exito"
"2021-2022";"92.48";"Turismo y Hostelería";"Ambos Sexos";"Exito"
"2020-2021";"93.28";"Turismo y Hostelería";"Ambos Sexos";"Exito"
"2019-2020";"96.61";"Turismo y Hostelería";"Ambos Sexos";"Exito"
"2018-2019";"89.89";"Turismo y Hostelería";"Ambos Sexos";"Exito"
"2017-2018";"89.83";"Turismo y Hostelería";"Ambos Sexos";"Exito"
"2016-2017";"86.15";"Turismo y Hostelería";"Ambos Sexos";"Exito"
"2015-2016";"89.1";"Turismo y Hostelería";"Ambos Sexos";"Exito"
"2022-2023";"99.7";"Otros Servicios";"Ambos Sexos";"Exito"
"2021-2022";"99.84";"Otros Servicios";"Ambos Sexos";"Exito"
"2020-2021";"99.4";"Otros Servicios";"Ambos Sexos";"Exito"
"2019-2020";"99.92";"Otros Servicios";"Ambos Sexos";"Exito"
"2018-2019";"99.65";"Otros Servicios";"Ambos Sexos";"Exito"
"2017-2018";"99.65";"Otros Servicios";"Ambos Sexos";"Exito"
"2016-2017";"99.16";"Otros Servicios";"Ambos Sexos";"Exito"
"2015-2016";"98.64";"Otros Servicios";"Ambos Sexos";"Exito"
"2022-2023";"???";"Carlos III de Madrid";"Ambos Sexos";"Evaluacion"
"2021-2022";"???";"Carlos III de Madrid";"Ambos Sexos";"Evaluacion"
"2020-2021";"???";"Carlos III de Madrid";"Ambos Sexos";"Evaluacion"
"2019-2020";"???";"Carlos III de Madrid";"Ambos Sexos";"Evaluacion"
"2018-2019";"???";"Carlos III de Madrid";"Ambos Sexos";"Evaluacion"
"2017-2018";"???";"Carlos III de Madrid";"Ambos Sexos";"Evaluacion"
"2016-2017";"???";"Carlos III de Madrid";"Ambos Sexos";"Evaluacion"
"2015-2016";"???";"Carlos III de Madrid";"Ambos Sexos";"Evaluacion"
"2022-2023";"95.1";"Todos los ámbitos";"Ambos Sexos";"Evaluacion"
"2021-2022";"94.46";"Todos los ámbitos";"Ambos Sexos";"Evaluacion"
"2020-2021";"94.95";"Todos los ámbitos";"Ambos Sexos";"Evaluacion"
"2019-2020";"96.18";"Todos los ámbitos";"Ambos Sexos";"Evaluacion"
"2018-2019";"94.27";"Todos los ámbitos";"Ambos Sexos";"Evaluacion"
"2017-2018";"93.45";"Todos los ámbitos";"Ambos Sexos";"Evaluacion"
"2016-2017";"93.21";"Todos los ámbitos";"Ambos Sexos";"Evaluacion"
"2015-2016";"92.7";"Todos los ámbitos";"Ambos Sexos";"Evaluacion"
"2022-2023";"..";"Total Educación";"Ambos Sexos";"Evaluacion"
"2021-2022";"..";"Total Educación";"Ambos Sexos";"Evaluacion"
"2020-2021";"..";"Total Educación";"Ambos Sexos";"Evaluacion"
"2019-2020";"..";"Total Educación";"Ambos Sexos";"Evaluacion"
"2018-2019";"..";"Total Educación";"Ambos Sexos";"Evaluacion"
"2017-2018";"..";"Total Educación";"Ambos Sexos";"Evaluacion"
"2016-2017";"..";"Total Educación";"Ambos Sexos";"Evaluacion"
"2015-2016";"..";"Total Educación";"Ambos Sexos";"Evaluacion"
"2022-2023";"..";"Formación de docentes de enseñanza infantil";"Ambos Sexos";"Evaluacion"
"2021-2022";"..";"Formación de docentes de enseñanza infantil";"Ambos Sexos";"Evaluacion"
"2020-2021";"..";"Formación de docentes de enseñanza infantil";"Ambos Sexos";"Evaluacion"
"2019-2020";"..";"Formación de docentes de enseñanza infantil";"Ambos Sexos";"Evaluacion"
"2018-2019";"..";"Formación de docentes de enseñanza infantil";"Ambos Sexos";"Evaluacion"
"2017-2018";"..";"Formación de docentes de enseñanza infantil";"Ambos Sexos";"Evaluacion"
"2016-2017";"..";"Formación de docentes de enseñanza infantil";"Ambos Sexos";"Evaluacion"
"2015-2016";"..";"Formación de docentes de enseñanza infantil";"Ambos Sexos";"Evaluacion"
"2022-2023";"..";"Formación de docentes de enseñanza primaria";"Ambos Sexos";"Evaluacion"
"2021-2022";"..";"Formación de docentes de enseñanza primaria";"Ambos Sexos";"Evaluacion"
"2020-2021";"..";"Formación de docentes de enseñanza primaria";"Ambos Sexos";"Evaluacion"
"2019-2020";"..";"Formación de docentes de enseñanza primaria";"Ambos Sexos";"Evaluacion"
"2018-2019";"..";"Formación de docentes de enseñanza primaria";"Ambos Sexos";"Evaluacion"
"2017-2018";"..";"Formación de docentes de enseñanza primaria";"Ambos Sexos";"Evaluacion"
"2016-2017";"..";"Formación de docentes de enseñanza primaria";"Ambos Sexos";"Evaluacion"
"2015-2016";"..";"Formación de docentes de enseñanza primaria";"Ambos Sexos";"Evaluacion"
"2022-2023";"..";"Otra Formación de personal docente y ciencias de la educación";"Ambos Sexos";"Evaluacion"
"2021-2022";"..";"Otra Formación de personal docente y ciencias de la educación";"Ambos Sexos";"Evaluacion"
"2020-2021";"..";"Otra Formación de personal docente y ciencias de la educación";"Ambos Sexos";"Evaluacion"
"2019-2020";"..";"Otra Formación de personal docente y ciencias de la educación";"Ambos Sexos";"Evaluacion"
"2018-2019";"..";"Otra Formación de personal docente y ciencias de la educación";"Ambos Sexos";"Evaluacion"
"2017-2018";"..";"Otra Formación de personal docente y ciencias de la educación";"Ambos Sexos";"Evaluacion"
"2016-2017";"..";"Otra Formación de personal docente y ciencias de la educación";"Ambos Sexos";"Evaluacion"
"2015-2016";"..";"Otra Formación de personal docente y ciencias de la educación";"Ambos Sexos";"Evaluacion"
"2022-2023";"96.1";"Total Artes y humanidades";"Ambos Sexos";"Evaluacion"
"2021-2022";"94.72";"Total Artes y humanidades";"Ambos Sexos";"Evaluacion"
"2020-2021";"95.68";"Total Artes y humanidades";"Ambos Sexos";"Evaluacion"
"2019-2020";"96.64";"Total Artes y humanidades";"Ambos Sexos";"Evaluacion"
"2018-2019";"95.47";"Total Artes y humanidades";"Ambos Sexos";"Evaluacion"
"2017-2018";"94.9";"Total Artes y humanidades";"Ambos Sexos";"Evaluacion"
"2016-2017";"94.18";"Total Artes y humanidades";"Ambos Sexos";"Evaluacion"
"2015-2016";"93.31";"Total Artes y humanidades";"Ambos Sexos";"Evaluacion"
"2022-2023";"96.95";"Técnicas audiovisuales y medios de comunicación";"Ambos Sexos";"Evaluacion"
"2021-2022";"95.72";"Técnicas audiovisuales y medios de comunicación";"Ambos Sexos";"Evaluacion"
"2020-2021";"97.31";"Técnicas audiovisuales y medios de comunicación";"Ambos Sexos";"Evaluacion"
"2019-2020";"97.46";"Técnicas audiovisuales y medios de comunicación";"Ambos Sexos";"Evaluacion"
"2018-2019";"96.89";"Técnicas audiovisuales y medios de comunicación";"Ambos Sexos";"Evaluacion"
"2017-2018";"96.3";"Técnicas audiovisuales y medios de comunicación";"Ambos Sexos";"Evaluacion"
"2016-2017";"95.71";"Técnicas audiovisuales y medios de comunicación";"Ambos Sexos";"Evaluacion"
"2015-2016";"96.17";"Técnicas audiovisuales y medios de comunicación";"Ambos Sexos";"Evaluacion"
"2022-2023";"..";"Artes";"Ambos Sexos";"Evaluacion"
"2021-2022";"..";"Artes";"Ambos Sexos";"Evaluacion"
"2020-2021";"..";"Artes";"Ambos Sexos";"Evaluacion"
"2019-2020";"..";"Artes";"Ambos Sexos";"Evaluacion"
"2018-2019";"..";"Artes";"Ambos Sexos";"Evaluacion"
"2017-2018";"..";"Artes";"Ambos Sexos";"Evaluacion"
"2016-2017";"..";"Artes";"Ambos Sexos";"Evaluacion"
"2015-2016";"..";"Artes";"Ambos Sexos";"Evaluacion"
"2022-2023";"..";"Lenguas";"Ambos Sexos";"Evaluacion"
"2021-2022";"..";"Lenguas";"Ambos Sexos";"Evaluacion"
"2020-2021";"..";"Lenguas";"Ambos Sexos";"Evaluacion"
"2019-2020";"..";"Lenguas";"Ambos Sexos";"Evaluacion"
"2018-2019";"..";"Lenguas";"Ambos Sexos";"Evaluacion"
"2017-2018";"..";"Lenguas";"Ambos Sexos";"Evaluacion"
"2016-2017";"..";"Lenguas";"Ambos Sexos";"Evaluacion"
"2015-2016";"..";"Lenguas";"Ambos Sexos";"Evaluacion"
"2022-2023";"94.69";"Humanidades";"Ambos Sexos";"Evaluacion"
"2021-2022";"92.83";"Humanidades";"Ambos Sexos";"Evaluacion"
"2020-2021";"91.79";"Humanidades";"Ambos Sexos";"Evaluacion"
"2019-2020";"93.89";"Humanidades";"Ambos Sexos";"Evaluacion"
"2018-2019";"87.8";"Humanidades";"Ambos Sexos";"Evaluacion"
"2017-2018";"85.6";"Humanidades";"Ambos Sexos";"Evaluacion"
"2016-2017";"85.64";"Humanidades";"Ambos Sexos";"Evaluacion"
"2015-2016";"79.75";"Humanidades";"Ambos Sexos";"Evaluacion"
"2022-2023";"96.19";"Total Ciencias sociales, periodismo y documentación";"Ambos Sexos";"Evaluacion"
"2021-2022";"95.99";"Total Ciencias sociales, periodismo y documentación";"Ambos Sexos";"Evaluacion"
"2020-2021";"97.0";"Total Ciencias sociales, periodismo y documentación";"Ambos Sexos";"Evaluacion"
"2019-2020";"97.37";"Total Ciencias sociales, periodismo y documentación";"Ambos Sexos";"Evaluacion"
"2018-2019";"95.13";"Total Ciencias sociales, periodismo y documentación";"Ambos Sexos";"Evaluacion"
"2017-2018";"94.15";"Total Ciencias sociales, periodismo y documentación";"Ambos Sexos";"Evaluacion"
"2016-2017";"93.58";"Total Ciencias sociales, periodismo y documentación";"Ambos Sexos";"Evaluacion"
"2015-2016";"93.28";"Total Ciencias sociales, periodismo y documentación";"Ambos Sexos";"Evaluacion"
"2022-2023";"..";"Psicología";"Ambos Sexos";"Evaluacion"
"2021-2022";"..";"Psicología";"Ambos Sexos";"Evaluacion"
"2020-2021";"..";"Psicología";"Ambos Sexos";"Evaluacion"
"2019-2020";"..";"Psicología";"Ambos Sexos";"Evaluacion"
"2018-2019";"..";"Psicología";"Ambos Sexos";"Evaluacion"
"2017-2018";"..";"Psicología";"Ambos Sexos";"Evaluacion"
"2016-2017";"..";"Psicología";"Ambos Sexos";"Evaluacion"
"2015-2016";"..";"Psicología";"Ambos Sexos";"Evaluacion"
"2022-2023";"93.89";"Economía";"Ambos Sexos";"Evaluacion"
"2021-2022";"94.45";"Economía";"Ambos Sexos";"Evaluacion"
"2020-2021";"96.02";"Economía";"Ambos Sexos";"Evaluacion"
"2019-2020";"96.51";"Economía";"Ambos Sexos";"Evaluacion"
"2018-2019";"94.36";"Economía";"Ambos Sexos";"Evaluacion"
"2017-2018";"92.73";"Economía";"Ambos Sexos";"Evaluacion"
"2016-2017";"92.28";"Economía";"Ambos Sexos";"Evaluacion"
"2015-2016";"91.17";"Economía";"Ambos Sexos";"Evaluacion"
"2022-2023";"96.61";"Otras Ciencias sociales y del comportamiento";"Ambos Sexos";"Evaluacion"
"2021-2022";"95.93";"Otras Ciencias sociales y del comportamiento";"Ambos Sexos";"Evaluacion"
"2020-2021";"97.28";"Otras Ciencias sociales y del comportamiento";"Ambos Sexos";"Evaluacion"
"2019-2020";"96.84";"Otras Ciencias sociales y del comportamiento";"Ambos Sexos";"Evaluacion"
"2018-2019";"95.08";"Otras Ciencias sociales y del comportamiento";"Ambos Sexos";"Evaluacion"
"2017-2018";"93.44";"Otras Ciencias sociales y del comportamiento";"Ambos Sexos";"Evaluacion"
"2016-2017";"92.07";"Otras Ciencias sociales y del comportamiento";"Ambos Sexos";"Evaluacion"
"2015-2016";"92.05";"Otras Ciencias sociales y del comportamiento";"Ambos Sexos";"Evaluacion"
"2022-2023";"96.76";"Periodismo e información";"Ambos Sexos";"Evaluacion"
"2021-2022";"96.8";"Periodismo e información";"Ambos Sexos";"Evaluacion"
"2020-2021";"97.09";"Periodismo e información";"Ambos Sexos";"Evaluacion"
"2019-2020";"98.43";"Periodismo e información";"Ambos Sexos";"Evaluacion"
"2018-2019";"95.53";"Periodismo e información";"Ambos Sexos";"Evaluacion"
"2017-2018";"95.4";"Periodismo e información";"Ambos Sexos";"Evaluacion"
"2016-2017";"95.2";"Periodismo e información";"Ambos Sexos";"Evaluacion"
"2015-2016";"95.09";"Periodismo e información";"Ambos Sexos";"Evaluacion"
"2022-2023";"95.95";"Total Negocios, administración y derecho";"Ambos Sexos";"Evaluacion"
"2021-2022";"95.46";"Total Negocios, administración y derecho";"Ambos Sexos";"Evaluacion"
"2020-2021";"96.61";"Total Negocios, administración y derecho";"Ambos Sexos";"Evaluacion"
"2019-2020";"97.22";"Total Negocios, administración y derecho";"Ambos Sexos";"Evaluacion"
"2018-2019";"95.65";"Total Negocios, administración y derecho";"Ambos Sexos";"Evaluacion"
"2017-2018";"94.6";"Total Negocios, administración y derecho";"Ambos Sexos";"Evaluacion"
"2016-2017";"94.61";"Total Negocios, administración y derecho";"Ambos Sexos";"Evaluacion"
"2015-2016";"94.26";"Total Negocios, administración y derecho";"Ambos Sexos";"Evaluacion"
"2022-2023";"95.18";"Administración y gestión de empresas";"Ambos Sexos";"Evaluacion"
"2021-2022";"94.85";"Administración y gestión de empresas";"Ambos Sexos";"Evaluacion"
"2020-2021";"96.32";"Administración y gestión de empresas";"Ambos Sexos";"Evaluacion"
"2019-2020";"96.23";"Administración y gestión de empresas";"Ambos Sexos";"Evaluacion"
"2018-2019";"95.23";"Administración y gestión de empresas";"Ambos Sexos";"Evaluacion"
"2017-2018";"94.16";"Administración y gestión de empresas";"Ambos Sexos";"Evaluacion"
"2016-2017";"94.2";"Administración y gestión de empresas";"Ambos Sexos";"Evaluacion"
"2015-2016";"94.26";"Administración y gestión de empresas";"Ambos Sexos";"Evaluacion"
"2022-2023";"95.69";"Otra Educación comercial y empresarial";"Ambos Sexos";"Evaluacion"
"2021-2022";"94.75";"Otra Educación comercial y empresarial";"Ambos Sexos";"Evaluacion"
"2020-2021";"94.01";"Otra Educación comercial y empresarial";"Ambos Sexos";"Evaluacion"
"2019-2020";"94.93";"Otra Educación comercial y empresarial";"Ambos Sexos";"Evaluacion"
"2018-2019";"92.4";"Otra Educación comercial y empresarial";"Ambos Sexos";"Evaluacion"
"2017-2018";"89.91";"Otra Educación comercial y empresarial";"Ambos Sexos";"Evaluacion"
"2016-2017";"92.06";"Otra Educación comercial y empresarial";"Ambos Sexos";"Evaluacion"
"2015-2016";"92.3";"Otra Educación comercial y empresarial";"Ambos Sexos";"Evaluacion"
"2022-2023";"96.35";"Derecho";"Ambos Sexos";"Evaluacion"
"2021-2022";"95.83";"Derecho";"Ambos Sexos";"Evaluacion"
"2020-2021";"97.04";"Derecho";"Ambos Sexos";"Evaluacion"
"2019-2020";"97.94";"Derecho";"Ambos Sexos";"Evaluacion"
"2018-2019";"96.28";"Derecho";"Ambos Sexos";"Evaluacion"
"2017-2018";"95.44";"Derecho";"Ambos Sexos";"Evaluacion"
"2016-2017";"95.19";"Derecho";"Ambos Sexos";"Evaluacion"
"2015-2016";"94.53";"Derecho";"Ambos Sexos";"Evaluacion"
"2022-2023";"96.47";"Total Ciencias";"Ambos Sexos";"Evaluacion"
"2021-2022";"96.66";"Total Ciencias";"Ambos Sexos";"Evaluacion"
"2020-2021";"95.46";"Total Ciencias";"Ambos Sexos";"Evaluacion"
"2019-2020";"95.19";"Total Ciencias";"Ambos Sexos";"Evaluacion"
"2018-2019";"95.28";"Total Ciencias";"Ambos Sexos";"Evaluacion"
"2017-2018";"93.44";"Total Ciencias";"Ambos Sexos";"Evaluacion"
"2016-2017";"93.94";"Total Ciencias";"Ambos Sexos";"Evaluacion"
"2015-2016";"92.41";"Total Ciencias";"Ambos Sexos";"Evaluacion"
"2022-2023";"..";"Ciencias de la vida";"Ambos Sexos";"Evaluacion"
"2021-2022";"..";"Ciencias de la vida";"Ambos Sexos";"Evaluacion"
"2020-2021";"..";"Ciencias de la vida";"Ambos Sexos";"Evaluacion"
"2019-2020";"..";"Ciencias de la vida";"Ambos Sexos";"Evaluacion"
"2018-2019";"..";"Ciencias de la vida";"Ambos Sexos";"Evaluacion"
"2017-2018";"..";"Ciencias de la vida";"Ambos Sexos";"Evaluacion"
"2016-2017";"..";"Ciencias de la vida";"Ambos Sexos";"Evaluacion"
"2015-2016";"..";"Ciencias de la vida";"Ambos Sexos";"Evaluacion"
"2022-2023";"97.79";"Ciencias Físicas, químicas, geológicas";"Ambos Sexos";"Evaluacion"
"2021-2022";"96.73";"Ciencias Físicas, químicas, geológicas";"Ambos Sexos";"Evaluacion"
"2020-2021";"93.97";"Ciencias Físicas, químicas, geológicas";"Ambos Sexos";"Evaluacion"
"2019-2020";"96.14";"Ciencias Físicas, químicas, geológicas";"Ambos Sexos";"Evaluacion"
"2018-2019";"..";"Ciencias Físicas, químicas, geológicas";"Ambos Sexos";"Evaluacion"
"2017-2018";"..";"Ciencias Físicas, químicas, geológicas";"Ambos Sexos";"Evaluacion"
"2016-2017";"..";"Ciencias Físicas, químicas, geológicas";"Ambos Sexos";"Evaluacion"
"2015-2016";"..";"Ciencias Físicas, químicas, geológicas";"Ambos Sexos";"Evaluacion"
"2022-2023";"96.0";"Matemáticas y Estadística";"Ambos Sexos";"Evaluacion"
"2021-2022";"96.63";"Matemáticas y Estadística";"Ambos Sexos";"Evaluacion"
"2020-2021";"95.85";"Matemáticas y Estadística";"Ambos Sexos";"Evaluacion"
"2019-2020";"95.05";"Matemáticas y Estadística";"Ambos Sexos";"Evaluacion"
"2018-2019";"95.28";"Matemáticas y Estadística";"Ambos Sexos";"Evaluacion"
"2017-2018";"93.44";"Matemáticas y Estadística";"Ambos Sexos";"Evaluacion"
"2016-2017";"93.94";"Matemáticas y Estadística";"Ambos Sexos";"Evaluacion"
"2015-2016";"92.41";"Matemáticas y Estadística";"Ambos Sexos";"Evaluacion"
"2022-2023";"94.88";"Total Informática";"Ambos Sexos";"Evaluacion"
"2021-2022";"93.82";"Total Informática";"Ambos Sexos";"Evaluacion"
"2020-2021";"93.89";"Total Informática";"Ambos Sexos";"Evaluacion"
"2019-2020";"94.51";"Total Informática";"Ambos Sexos";"Evaluacion"
"2018-2019";"92.62";"Total Informática";"Ambos Sexos";"Evaluacion"
"2017-2018";"91.84";"Total Informática";"Ambos Sexos";"Evaluacion"
"2016-2017";"90.83";"Total Informática";"Ambos Sexos";"Evaluacion"
"2015-2016";"90.01";"Total Informática";"Ambos Sexos";"Evaluacion"
"2022-2023";"94.88";"Informática";"Ambos Sexos";"Evaluacion"
"2021-2022";"93.82";"Informática";"Ambos Sexos";"Evaluacion"
"2020-2021";"93.89";"Informática";"Ambos Sexos";"Evaluacion"
"2019-2020";"94.51";"Informática";"Ambos Sexos";"Evaluacion"
"2018-2019";"92.62";"Informática";"Ambos Sexos";"Evaluacion"
"2017-2018";"91.84";"Informática";"Ambos Sexos";"Evaluacion"
"2016-2017";"90.83";"Informática";"Ambos Sexos";"Evaluacion"
"2015-2016";"90.01";"Informática";"Ambos Sexos";"Evaluacion"
"2022-2023";"91.65";"Total Ingeniería, industria y construcción";"Ambos Sexos";"Evaluacion"
"2021-2022";"90.62";"Total Ingeniería, industria y construcción";"Ambos Sexos";"Evaluacion"
"2020-2021";"89.89";"Total Ingeniería, industria y construcción";"Ambos Sexos";"Evaluacion"
"2019-2020";"93.5";"Total Ingeniería, industria y construcción";"Ambos Sexos";"Evaluacion"
"2018-2019";"90.98";"Total Ingeniería, industria y construcción";"Ambos Sexos";"Evaluacion"
"2017-2018";"90.77";"Total Ingeniería, industria y construcción";"Ambos Sexos";"Evaluacion"
"2016-2017";"90.75";"Total Ingeniería, industria y construcción";"Ambos Sexos";"Evaluacion"
"2015-2016";"90.0";"Total Ingeniería, industria y construcción";"Ambos Sexos";"Evaluacion"
"2022-2023";"91.65";"Ingenierías";"Ambos Sexos";"Evaluacion"
"2021-2022";"90.62";"Ingenierías";"Ambos Sexos";"Evaluacion"
"2020-2021";"89.89";"Ingenierías";"Ambos Sexos";"Evaluacion"
"2019-2020";"93.5";"Ingenierías";"Ambos Sexos";"Evaluacion"
"2018-2019";"90.98";"Ingenierías";"Ambos Sexos";"Evaluacion"
"2017-2018";"90.77";"Ingenierías";"Ambos Sexos";"Evaluacion"
"2016-2017";"90.75";"Ingenierías";"Ambos Sexos";"Evaluacion"
"2015-2016";"90.0";"Ingenierías";"Ambos Sexos";"Evaluacion"
"2022-2023";"..";"Arquitectura y construcción";"Ambos Sexos";"Evaluacion"
"2021-2022";"..";"Arquitectura y construcción";"Ambos Sexos";"Evaluacion"
"2020-2021";"..";"Arquitectura y construcción";"Ambos Sexos";"Evaluacion"
"2019-2020";"..";"Arquitectura y construcción";"Ambos Sexos";"Evaluacion"
"2018-2019";"..";"Arquitectura y construcción";"Ambos Sexos";"Evaluacion"
"2017-2018";"..";"Arquitectura y construcción";"Ambos Sexos";"Evaluacion"
"2016-2017";"..";"Arquitectura y construcción";"Ambos Sexos";"Evaluacion"
"2015-2016";"..";"Arquitectura y construcción";"Ambos Sexos";"Evaluacion"
"2022-2023";"..";"Total Agricultura, ganadería,  silvicultura, pesca, y veterinaria";"Ambos Sexos";"Evaluacion"
"2021-2022";"..";"Total Agricultura, ganadería,  silvicultura, pesca, y veterinaria";"Ambos Sexos";"Evaluacion"
"2020-2021";"..";"Total Agricultura, ganadería,  silvicultura, pesca, y veterinaria";"Ambos Sexos";"Evaluacion"
"2019-2020";"..";"Total Agricultura, ganadería,  silvicultura, pesca, y veterinaria";"Ambos Sexos";"Evaluacion"
"2018-2019";"..";"Total Agricultura, ganadería,  silvicultura, pesca, y veterinaria";"Ambos Sexos";"Evaluacion"
"2017-2018";"..";"Total Agricultura, ganadería,  silvicultura, pesca, y veterinaria";"Ambos Sexos";"Evaluacion"
"2016-2017";"..";"Total Agricultura, ganadería,  silvicultura, pesca, y veterinaria";"Ambos Sexos";"Evaluacion"
"2015-2016";"..";"Total Agricultura, ganadería,  silvicultura, pesca, y veterinaria";"Ambos Sexos";"Evaluacion"
"2022-2023";"..";"Agricultura, ganadería y pesca";"Ambos Sexos";"Evaluacion"
"2021-2022";"..";"Agricultura, ganadería y pesca";"Ambos Sexos";"Evaluacion"
"2020-2021";"..";"Agricultura, ganadería y pesca";"Ambos Sexos";"Evaluacion"
"2019-2020";"..";"Agricultura, ganadería y pesca";"Ambos Sexos";"Evaluacion"
"2018-2019";"..";"Agricultura, ganadería y pesca";"Ambos Sexos";"Evaluacion"
"2017-2018";"..";"Agricultura, ganadería y pesca";"Ambos Sexos";"Evaluacion"
"2016-2017";"..";"Agricultura, ganadería y pesca";"Ambos Sexos";"Evaluacion"
"2015-2016";"..";"Agricultura, ganadería y pesca";"Ambos Sexos";"Evaluacion"
"2022-2023";"..";"Veterinaria";"Ambos Sexos";"Evaluacion"
"2021-2022";"..";"Veterinaria";"Ambos Sexos";"Evaluacion"
"2020-2021";"..";"Veterinaria";"Ambos Sexos";"Evaluacion"
"2019-2020";"..";"Veterinaria";"Ambos Sexos";"Evaluacion"
"2018-2019";"..";"Veterinaria";"Ambos Sexos";"Evaluacion"
"2017-2018";"..";"Veterinaria";"Ambos Sexos";"Evaluacion"
"2016-2017";"..";"Veterinaria";"Ambos Sexos";"Evaluacion"
"2015-2016";"..";"Veterinaria";"Ambos Sexos";"Evaluacion"
"2022-2023";"97.76";"Total Salud y servicios sociales";"Ambos Sexos";"Evaluacion"
"2021-2022";"96.35";"Total Salud y servicios sociales";"Ambos Sexos";"Evaluacion"
"2020-2021";"97.28";"Total Salud y servicios sociales";"Ambos Sexos";"Evaluacion"
"2019-2020";"98.08";"Total Salud y servicios sociales";"Ambos Sexos";"Evaluacion"
"2018-2019";"98.52";"Total Salud y servicios sociales";"Ambos Sexos";"Evaluacion"
"2017-2018";"97.34";"Total Salud y servicios sociales";"Ambos Sexos";"Evaluacion"
"2016-2017";"96.65";"Total Salud y servicios sociales";"Ambos Sexos";"Evaluacion"
"2015-2016";"96.89";"Total Salud y servicios sociales";"Ambos Sexos";"Evaluacion"
"2022-2023";"..";"Medicina";"Ambos Sexos";"Evaluacion"
"2021-2022";"..";"Medicina";"Ambos Sexos";"Evaluacion"
"2020-2021";"..";"Medicina";"Ambos Sexos";"Evaluacion"
"2019-2020";"..";"Medicina";"Ambos Sexos";"Evaluacion"
"2018-2019";"..";"Medicina";"Ambos Sexos";"Evaluacion"
"2017-2018";"..";"Medicina";"Ambos Sexos";"Evaluacion"
"2016-2017";"..";"Medicina";"Ambos Sexos";"Evaluacion"
"2015-2016";"..";"Medicina";"Ambos Sexos";"Evaluacion"
"2022-2023";"..";"Enfermería y atención a enfermos";"Ambos Sexos";"Evaluacion"
"2021-2022";"..";"Enfermería y atención a enfermos";"Ambos Sexos";"Evaluacion"
"2020-2021";"..";"Enfermería y atención a enfermos";"Ambos Sexos";"Evaluacion"
"2019-2020";"..";"Enfermería y atención a enfermos";"Ambos Sexos";"Evaluacion"
"2018-2019";"..";"Enfermería y atención a enfermos";"Ambos Sexos";"Evaluacion"
"2017-2018";"..";"Enfermería y atención a enfermos";"Ambos Sexos";"Evaluacion"
"2016-2017";"..";"Enfermería y atención a enfermos";"Ambos Sexos";"Evaluacion"
"2015-2016";"..";"Enfermería y atención a enfermos";"Ambos Sexos";"Evaluacion"
"2022-2023";"97.76";"Otras ciencias de la Salud";"Ambos Sexos";"Evaluacion"
"2021-2022";"96.35";"Otras ciencias de la Salud";"Ambos Sexos";"Evaluacion"
"2020-2021";"97.28";"Otras ciencias de la Salud";"Ambos Sexos";"Evaluacion"
"2019-2020";"98.08";"Otras ciencias de la Salud";"Ambos Sexos";"Evaluacion"
"2018-2019";"98.52";"Otras ciencias de la Salud";"Ambos Sexos";"Evaluacion"
"2017-2018";"97.34";"Otras ciencias de la Salud";"Ambos Sexos";"Evaluacion"
"2016-2017";"96.65";"Otras ciencias de la Salud";"Ambos Sexos";"Evaluacion"
"2015-2016";"96.89";"Otras ciencias de la Salud";"Ambos Sexos";"Evaluacion"
"2022-2023";"..";"Trabajo social y orientación";"Ambos Sexos";"Evaluacion"
"2021-2022";"..";"Trabajo social y orientación";"Ambos Sexos";"Evaluacion"
"2020-2021";"..";"Trabajo social y orientación";"Ambos Sexos";"Evaluacion"
"2019-2020";"..";"Trabajo social y orientación";"Ambos Sexos";"Evaluacion"
"2018-2019";"..";"Trabajo social y orientación";"Ambos Sexos";"Evaluacion"
"2017-2018";"..";"Trabajo social y orientación";"Ambos Sexos";"Evaluacion"
"2016-2017";"..";"Trabajo social y orientación";"Ambos Sexos";"Evaluacion"
"2015-2016";"..";"Trabajo social y orientación";"Ambos Sexos";"Evaluacion"
"2022-2023";"98.31";"Total Servicios";"Ambos Sexos";"Evaluacion"
"2021-2022";"97.86";"Total Servicios";"Ambos Sexos";"Evaluacion"
"2020-2021";"98.82";"Total Servicios";"Ambos Sexos";"Evaluacion"
"2019-2020";"98.73";"Total Servicios";"Ambos Sexos";"Evaluacion"
"2018-2019";"97.83";"Total Servicios";"Ambos Sexos";"Evaluacion"
"2017-2018";"96.77";"Total Servicios";"Ambos Sexos";"Evaluacion"
"2016-2017";"96.07";"Total Servicios";"Ambos Sexos";"Evaluacion"
"2015-2016";"94.78";"Total Servicios";"Ambos Sexos";"Evaluacion"
"2022-2023";"..";"Deportes";"Ambos Sexos";"Evaluacion"
"2021-2022";"..";"Deportes";"Ambos Sexos";"Evaluacion"
"2020-2021";"..";"Deportes";"Ambos Sexos";"Evaluacion"
"2019-2020";"..";"Deportes";"Ambos Sexos";"Evaluacion"
"2018-2019";"..";"Deportes";"Ambos Sexos";"Evaluacion"
"2017-2018";"..";"Deportes";"Ambos Sexos";"Evaluacion"
"2016-2017";"..";"Deportes";"Ambos Sexos";"Evaluacion"
"2015-2016";"..";"Deportes";"Ambos Sexos";"Evaluacion"
"2022-2023";"94.28";"Turismo y Hostelería";"Ambos Sexos";"Evaluacion"
"2021-2022";"93.45";"Turismo y Hostelería";"Ambos Sexos";"Evaluacion"
"2020-2021";"96.72";"Turismo y Hostelería";"Ambos Sexos";"Evaluacion"
"2019-2020";"96.02";"Turismo y Hostelería";"Ambos Sexos";"Evaluacion"
"2018-2019";"93.02";"Turismo y Hostelería";"Ambos Sexos";"Evaluacion"
"2017-2018";"91.01";"Turismo y Hostelería";"Ambos Sexos";"Evaluacion"
"2016-2017";"92.17";"Turismo y Hostelería";"Ambos Sexos";"Evaluacion"
"2015-2016";"90.06";"Turismo y Hostelería";"Ambos Sexos";"Evaluacion"
"2022-2023";"99.93";"Otros Servicios";"Ambos Sexos";"Evaluacion"
"2021-2022";"99.82";"Otros Servicios";"Ambos Sexos";"Evaluacion"
"2020-2021";"99.93";"Otros Servicios";"Ambos Sexos";"Evaluacion"
"2019-2020";"100.0";"Otros Servicios";"Ambos Sexos";"Evaluacion"
"2018-2019";"100.0";"Otros Servicios";"Ambos Sexos";"Evaluacion"
"2017-2018";"100.0";"Otros Servicios";"Ambos Sexos";"Evaluacion"
"2016-2017";"100.0";"Otros Servicios";"Ambos Sexos";"Evaluacion"
"2015-2016";"100.0";"Otros Servicios";"Ambos Sexos";"Evaluacion"
"2022-2023";"???";"Carlos III de Madrid";"Hombres";"Rendimiento"
"2021-2022";"???";"Carlos III de Madrid";"Hombres";"Rendimiento"
"2020-2021";"???";"Carlos III de Madrid";"Hombres";"Rendimiento"
"2019-2020";"???";"Carlos III de Madrid";"Hombres";"Rendimiento"
"2018-2019";"???";"Carlos III de Madrid";"Hombres";"Rendimiento"
"2017-2018";"???";"Carlos III de Madrid";"Hombres";"Rendimiento"
"2016-2017";"???";"Carlos III de Madrid";"Hombres";"Rendimiento"
"2015-2016";"???";"Carlos III de Madrid";"Hombres";"Rendimiento"
"2022-2023";"86.37";"Todos los ámbitos";"Hombres";"Rendimiento"
"2021-2022";"85.05";"Todos los ámbitos";"Hombres";"Rendimiento"
"2020-2021";"84.87";"Todos los ámbitos";"Hombres";"Rendimiento"
"2019-2020";"88.24";"Todos los ámbitos";"Hombres";"Rendimiento"
"2018-2019";"83.49";"Todos los ámbitos";"Hombres";"Rendimiento"
"2017-2018";"82.0";"Todos los ámbitos";"Hombres";"Rendimiento"
"2016-2017";"80.73";"Todos los ámbitos";"Hombres";"Rendimiento"
"2015-2016";"79.69";"Todos los ámbitos";"Hombres";"Rendimiento"
"2022-2023";"..";"Total Educación";"Hombres";"Rendimiento"
"2021-2022";"..";"Total Educación";"Hombres";"Rendimiento"
"2020-2021";"..";"Total Educación";"Hombres";"Rendimiento"
"2019-2020";"..";"Total Educación";"Hombres";"Rendimiento"
"2018-2019";"..";"Total Educación";"Hombres";"Rendimiento"
"2017-2018";"..";"Total Educación";"Hombres";"Rendimiento"
"2016-2017";"..";"Total Educación";"Hombres";"Rendimiento"
"2015-2016";"..";"Total Educación";"Hombres";"Rendimiento"
"2022-2023";"..";"Formación de docentes de enseñanza infantil";"Hombres";"Rendimiento"
"2021-2022";"..";"Formación de docentes de enseñanza infantil";"Hombres";"Rendimiento"
"2020-2021";"..";"Formación de docentes de enseñanza infantil";"Hombres";"Rendimiento"
"2019-2020";"..";"Formación de docentes de enseñanza infantil";"Hombres";"Rendimiento"
"2018-2019";"..";"Formación de docentes de enseñanza infantil";"Hombres";"Rendimiento"
"2017-2018";"..";"Formación de docentes de enseñanza infantil";"Hombres";"Rendimiento"
"2016-2017";"..";"Formación de docentes de enseñanza infantil";"Hombres";"Rendimiento"
"2015-2016";"..";"Formación de docentes de enseñanza infantil";"Hombres";"Rendimiento"
"2022-2023";"..";"Formación de docentes de enseñanza primaria";"Hombres";"Rendimiento"
"2021-2022";"..";"Formación de docentes de enseñanza primaria";"Hombres";"Rendimiento"
"2020-2021";"..";"Formación de docentes de enseñanza primaria";"Hombres";"Rendimiento"
"2019-2020";"..";"Formación de docentes de enseñanza primaria";"Hombres";"Rendimiento"
"2018-2019";"..";"Formación de docentes de enseñanza primaria";"Hombres";"Rendimiento"
"2017-2018";"..";"Formación de docentes de enseñanza primaria";"Hombres";"Rendimiento"
"2016-2017";"..";"Formación de docentes de enseñanza primaria";"Hombres";"Rendimiento"
"2015-2016";"..";"Formación de docentes de enseñanza primaria";"Hombres";"Rendimiento"
"2022-2023";"..";"Otra Formación de personal docente y ciencias de la educación";"Hombres";"Rendimiento"
"2021-2022";"..";"Otra Formación de personal docente y ciencias de la educación";"Hombres";"Rendimiento"
"2020-2021";"..";"Otra Formación de personal docente y ciencias de la educación";"Hombres";"Rendimiento"
"2019-2020";"..";"Otra Formación de personal docente y ciencias de la educación";"Hombres";"Rendimiento"
"2018-2019";"..";"Otra Formación de personal docente y ciencias de la educación";"Hombres";"Rendimiento"
"2017-2018";"..";"Otra Formación de personal docente y ciencias de la educación";"Hombres";"Rendimiento"
"2016-2017";"..";"Otra Formación de personal docente y ciencias de la educación";"Hombres";"Rendimiento"
"2015-2016";"..";"Otra Formación de personal docente y ciencias de la educación";"Hombres";"Rendimiento"
"2022-2023";"89.41";"Total Artes y humanidades";"Hombres";"Rendimiento"
"2021-2022";"89.39";"Total Artes y humanidades";"Hombres";"Rendimiento"
"2020-2021";"92.75";"Total Artes y humanidades";"Hombres";"Rendimiento"
"2019-2020";"94.31";"Total Artes y humanidades";"Hombres";"Rendimiento"
"2018-2019";"90.63";"Total Artes y humanidades";"Hombres";"Rendimiento"
"2017-2018";"92.55";"Total Artes y humanidades";"Hombres";"Rendimiento"
"2016-2017";"88.69";"Total Artes y humanidades";"Hombres";"Rendimiento"
"2015-2016";"86.8";"Total Artes y humanidades";"Hombres";"Rendimiento"
"2022-2023";"92.85";"Técnicas audiovisuales y medios de comunicación";"Hombres";"Rendimiento"
"2021-2022";"90.33";"Técnicas audiovisuales y medios de comunicación";"Hombres";"Rendimiento"
"2020-2021";"95.45";"Técnicas audiovisuales y medios de comunicación";"Hombres";"Rendimiento"
"2019-2020";"96.14";"Técnicas audiovisuales y medios de comunicación";"Hombres";"Rendimiento"
"2018-2019";"93.46";"Técnicas audiovisuales y medios de comunicación";"Hombres";"Rendimiento"
"2017-2018";"93.93";"Técnicas audiovisuales y medios de comunicación";"Hombres";"Rendimiento"
"2016-2017";"90.49";"Técnicas audiovisuales y medios de comunicación";"Hombres";"Rendimiento"
"2015-2016";"91.31";"Técnicas audiovisuales y medios de comunicación";"Hombres";"Rendimiento"
"2022-2023";"..";"Artes";"Hombres";"Rendimiento"
"2021-2022";"..";"Artes";"Hombres";"Rendimiento"
"2020-2021";"..";"Artes";"Hombres";"Rendimiento"
"2019-2020";"..";"Artes";"Hombres";"Rendimiento"
"2018-2019";"..";"Artes";"Hombres";"Rendimiento"
"2017-2018";"..";"Artes";"Hombres";"Rendimiento"
"2016-2017";"..";"Artes";"Hombres";"Rendimiento"
"2015-2016";"..";"Artes";"Hombres";"Rendimiento"
"2022-2023";"..";"Lenguas";"Hombres";"Rendimiento"
"2021-2022";"..";"Lenguas";"Hombres";"Rendimiento"
"2020-2021";"..";"Lenguas";"Hombres";"Rendimiento"
"2019-2020";"..";"Lenguas";"Hombres";"Rendimiento"
"2018-2019";"..";"Lenguas";"Hombres";"Rendimiento"
"2017-2018";"..";"Lenguas";"Hombres";"Rendimiento"
"2016-2017";"..";"Lenguas";"Hombres";"Rendimiento"
"2015-2016";"..";"Lenguas";"Hombres";"Rendimiento"
"2022-2023";"85.09";"Humanidades";"Hombres";"Rendimiento"
"2021-2022";"87.93";"Humanidades";"Hombres";"Rendimiento"
"2020-2021";"87.39";"Humanidades";"Hombres";"Rendimiento"
"2019-2020";"89.31";"Humanidades";"Hombres";"Rendimiento"
"2018-2019";"77.49";"Humanidades";"Hombres";"Rendimiento"
"2017-2018";"81.11";"Humanidades";"Hombres";"Rendimiento"
"2016-2017";"79.31";"Humanidades";"Hombres";"Rendimiento"
"2015-2016";"70.7";"Humanidades";"Hombres";"Rendimiento"
"2022-2023";"92.03";"Total Ciencias sociales, periodismo y documentación";"Hombres";"Rendimiento"
"2021-2022";"91.78";"Total Ciencias sociales, periodismo y documentación";"Hombres";"Rendimiento"
"2020-2021";"93.48";"Total Ciencias sociales, periodismo y documentación";"Hombres";"Rendimiento"
"2019-2020";"94.37";"Total Ciencias sociales, periodismo y documentación";"Hombres";"Rendimiento"
"2018-2019";"89.3";"Total Ciencias sociales, periodismo y documentación";"Hombres";"Rendimiento"
"2017-2018";"88.09";"Total Ciencias sociales, periodismo y documentación";"Hombres";"Rendimiento"
"2016-2017";"86.82";"Total Ciencias sociales, periodismo y documentación";"Hombres";"Rendimiento"
"2015-2016";"85.89";"Total Ciencias sociales, periodismo y documentación";"Hombres";"Rendimiento"
"2022-2023";"..";"Psicología";"Hombres";"Rendimiento"
"2021-2022";"..";"Psicología";"Hombres";"Rendimiento"
"2020-2021";"..";"Psicología";"Hombres";"Rendimiento"
"2019-2020";"..";"Psicología";"Hombres";"Rendimiento"
"2018-2019";"..";"Psicología";"Hombres";"Rendimiento"
"2017-2018";"..";"Psicología";"Hombres";"Rendimiento"
"2016-2017";"..";"Psicología";"Hombres";"Rendimiento"
"2015-2016";"..";"Psicología";"Hombres";"Rendimiento"
"2022-2023";"87.65";"Economía";"Hombres";"Rendimiento"
"2021-2022";"86.83";"Economía";"Hombres";"Rendimiento"
"2020-2021";"89.55";"Economía";"Hombres";"Rendimiento"
"2019-2020";"92.22";"Economía";"Hombres";"Rendimiento"
"2018-2019";"87.07";"Economía";"Hombres";"Rendimiento"
"2017-2018";"85.41";"Economía";"Hombres";"Rendimiento"
"2016-2017";"85.17";"Economía";"Hombres";"Rendimiento"
"2015-2016";"82.39";"Economía";"Hombres";"Rendimiento"
"2022-2023";"92.73";"Otras Ciencias sociales y del comportamiento";"Hombres";"Rendimiento"
"2021-2022";"92.4";"Otras Ciencias sociales y del comportamiento";"Hombres";"Rendimiento"
"2020-2021";"94.7";"Otras Ciencias sociales y del comportamiento";"Hombres";"Rendimiento"
"2019-2020";"94.24";"Otras Ciencias sociales y del comportamiento";"Hombres";"Rendimiento"
"2018-2019";"89.64";"Otras Ciencias sociales y del comportamiento";"Hombres";"Rendimiento"
"2017-2018";"87.26";"Otras Ciencias sociales y del comportamiento";"Hombres";"Rendimiento"
"2016-2017";"83.19";"Otras Ciencias sociales y del comportamiento";"Hombres";"Rendimiento"
"2015-2016";"82.64";"Otras Ciencias sociales y del comportamiento";"Hombres";"Rendimiento"
"2022-2023";"94.26";"Periodismo e información";"Hombres";"Rendimiento"
"2021-2022";"94.48";"Periodismo e información";"Hombres";"Rendimiento"
"2020-2021";"94.84";"Periodismo e información";"Hombres";"Rendimiento"
"2019-2020";"96.35";"Periodismo e información";"Hombres";"Rendimiento"
"2018-2019";"90.92";"Periodismo e información";"Hombres";"Rendimiento"
"2017-2018";"91.46";"Periodismo e información";"Hombres";"Rendimiento"
"2016-2017";"91.57";"Periodismo e información";"Hombres";"Rendimiento"
"2015-2016";"92.06";"Periodismo e información";"Hombres";"Rendimiento"
"2022-2023";"90.11";"Total Negocios, administración y derecho";"Hombres";"Rendimiento"
"2021-2022";"88.73";"Total Negocios, administración y derecho";"Hombres";"Rendimiento"
"2020-2021";"90.1";"Total Negocios, administración y derecho";"Hombres";"Rendimiento"
"2019-2020";"93.09";"Total Negocios, administración y derecho";"Hombres";"Rendimiento"
"2018-2019";"88.65";"Total Negocios, administración y derecho";"Hombres";"Rendimiento"
"2017-2018";"87.1";"Total Negocios, administración y derecho";"Hombres";"Rendimiento"
"2016-2017";"86.28";"Total Negocios, administración y derecho";"Hombres";"Rendimiento"
"2015-2016";"85.91";"Total Negocios, administración y derecho";"Hombres";"Rendimiento"
"2022-2023";"87.74";"Administración y gestión de empresas";"Hombres";"Rendimiento"
"2021-2022";"86.66";"Administración y gestión de empresas";"Hombres";"Rendimiento"
"2020-2021";"88.07";"Administración y gestión de empresas";"Hombres";"Rendimiento"
"2019-2020";"91.06";"Administración y gestión de empresas";"Hombres";"Rendimiento"
"2018-2019";"87.77";"Administración y gestión de empresas";"Hombres";"Rendimiento"
"2017-2018";"84.72";"Administración y gestión de empresas";"Hombres";"Rendimiento"
"2016-2017";"83.81";"Administración y gestión de empresas";"Hombres";"Rendimiento"
"2015-2016";"84.12";"Administración y gestión de empresas";"Hombres";"Rendimiento"
"2022-2023";"88.32";"Otra Educación comercial y empresarial";"Hombres";"Rendimiento"
"2021-2022";"84.99";"Otra Educación comercial y empresarial";"Hombres";"Rendimiento"
"2020-2021";"84.63";"Otra Educación comercial y empresarial";"Hombres";"Rendimiento"
"2019-2020";"88.0";"Otra Educación comercial y empresarial";"Hombres";"Rendimiento"
"2018-2019";"80.25";"Otra Educación comercial y empresarial";"Hombres";"Rendimiento"
"2017-2018";"80.82";"Otra Educación comercial y empresarial";"Hombres";"Rendimiento"
"2016-2017";"82.83";"Otra Educación comercial y empresarial";"Hombres";"Rendimiento"
"2015-2016";"81.61";"Otra Educación comercial y empresarial";"Hombres";"Rendimiento"
"2022-2023";"91.94";"Derecho";"Hombres";"Rendimiento"
"2021-2022";"90.66";"Derecho";"Hombres";"Rendimiento"
"2020-2021";"92.2";"Derecho";"Hombres";"Rendimiento"
"2019-2020";"95.09";"Derecho";"Hombres";"Rendimiento"
"2018-2019";"90.55";"Derecho";"Hombres";"Rendimiento"
"2017-2018";"89.82";"Derecho";"Hombres";"Rendimiento"
"2016-2017";"88.71";"Derecho";"Hombres";"Rendimiento"
"2015-2016";"87.92";"Derecho";"Hombres";"Rendimiento"
"2022-2023";"92.7";"Total Ciencias";"Hombres";"Rendimiento"
"2021-2022";"93.48";"Total Ciencias";"Hombres";"Rendimiento"
"2020-2021";"87.93";"Total Ciencias";"Hombres";"Rendimiento"
"2019-2020";"86.29";"Total Ciencias";"Hombres";"Rendimiento"
"2018-2019";"85.06";"Total Ciencias";"Hombres";"Rendimiento"
"2017-2018";"85.54";"Total Ciencias";"Hombres";"Rendimiento"
"2016-2017";"82.54";"Total Ciencias";"Hombres";"Rendimiento"
"2015-2016";"81.3";"Total Ciencias";"Hombres";"Rendimiento"
"2022-2023";"..";"Ciencias de la vida";"Hombres";"Rendimiento"
"2021-2022";"..";"Ciencias de la vida";"Hombres";"Rendimiento"
"2020-2021";"..";"Ciencias de la vida";"Hombres";"Rendimiento"
"2019-2020";"..";"Ciencias de la vida";"Hombres";"Rendimiento"
"2018-2019";"..";"Ciencias de la vida";"Hombres";"Rendimiento"
"2017-2018";"..";"Ciencias de la vida";"Hombres";"Rendimiento"
"2016-2017";"..";"Ciencias de la vida";"Hombres";"Rendimiento"
"2015-2016";"..";"Ciencias de la vida";"Hombres";"Rendimiento"
"2022-2023";"97.32";"Ciencias Físicas, químicas, geológicas";"Hombres";"Rendimiento"
"2021-2022";"94.15";"Ciencias Físicas, químicas, geológicas";"Hombres";"Rendimiento"
"2020-2021";"86.13";"Ciencias Físicas, químicas, geológicas";"Hombres";"Rendimiento"
"2019-2020";"..";"Ciencias Físicas, químicas, geológicas";"Hombres";"Rendimiento"
"2018-2019";"..";"Ciencias Físicas, químicas, geológicas";"Hombres";"Rendimiento"
"2017-2018";"..";"Ciencias Físicas, químicas, geológicas";"Hombres";"Rendimiento"
"2016-2017";"..";"Ciencias Físicas, químicas, geológicas";"Hombres";"Rendimiento"
"2015-2016";"..";"Ciencias Físicas, químicas, geológicas";"Hombres";"Rendimiento"
"2022-2023";"90.65";"Matemáticas y Estadística";"Hombres";"Rendimiento"
"2021-2022";"93.23";"Matemáticas y Estadística";"Hombres";"Rendimiento"
"2020-2021";"88.52";"Matemáticas y Estadística";"Hombres";"Rendimiento"
"2019-2020";"85.89";"Matemáticas y Estadística";"Hombres";"Rendimiento"
"2018-2019";"85.06";"Matemáticas y Estadística";"Hombres";"Rendimiento"
"2017-2018";"85.54";"Matemáticas y Estadística";"Hombres";"Rendimiento"
"2016-2017";"82.54";"Matemáticas y Estadística";"Hombres";"Rendimiento"
"2015-2016";"81.3";"Matemáticas y Estadística";"Hombres";"Rendimiento"
"2022-2023";"87.15";"Total Informática";"Hombres";"Rendimiento"
"2021-2022";"85.84";"Total Informática";"Hombres";"Rendimiento"
"2020-2021";"85.23";"Total Informática";"Hombres";"Rendimiento"
"2019-2020";"86.21";"Total Informática";"Hombres";"Rendimiento"
"2018-2019";"81.08";"Total Informática";"Hombres";"Rendimiento"
"2017-2018";"79.26";"Total Informática";"Hombres";"Rendimiento"
"2016-2017";"75.16";"Total Informática";"Hombres";"Rendimiento"
"2015-2016";"72.06";"Total Informática";"Hombres";"Rendimiento"
"2022-2023";"87.15";"Informática";"Hombres";"Rendimiento"
"2021-2022";"85.84";"Informática";"Hombres";"Rendimiento"
"2020-2021";"85.23";"Informática";"Hombres";"Rendimiento"
"2019-2020";"86.21";"Informática";"Hombres";"Rendimiento"
"2018-2019";"81.08";"Informática";"Hombres";"Rendimiento"
"2017-2018";"79.26";"Informática";"Hombres";"Rendimiento"
"2016-2017";"75.16";"Informática";"Hombres";"Rendimiento"
"2015-2016";"72.06";"Informática";"Hombres";"Rendimiento"
"2022-2023";"77.54";"Total Ingeniería, industria y construcción";"Hombres";"Rendimiento"
"2021-2022";"75.46";"Total Ingeniería, industria y construcción";"Hombres";"Rendimiento"
"2020-2021";"73.77";"Total Ingeniería, industria y construcción";"Hombres";"Rendimiento"
"2019-2020";"79.99";"Total Ingeniería, industria y construcción";"Hombres";"Rendimiento"
"2018-2019";"74.88";"Total Ingeniería, industria y construcción";"Hombres";"Rendimiento"
"2017-2018";"73.4";"Total Ingeniería, industria y construcción";"Hombres";"Rendimiento"
"2016-2017";"72.97";"Total Ingeniería, industria y construcción";"Hombres";"Rendimiento"
"2015-2016";"71.77";"Total Ingeniería, industria y construcción";"Hombres";"Rendimiento"
"2022-2023";"77.54";"Ingenierías";"Hombres";"Rendimiento"
"2021-2022";"75.46";"Ingenierías";"Hombres";"Rendimiento"
"2020-2021";"73.77";"Ingenierías";"Hombres";"Rendimiento"
"2019-2020";"79.99";"Ingenierías";"Hombres";"Rendimiento"
"2018-2019";"74.88";"Ingenierías";"Hombres";"Rendimiento"
"2017-2018";"73.4";"Ingenierías";"Hombres";"Rendimiento"
"2016-2017";"72.97";"Ingenierías";"Hombres";"Rendimiento"
"2015-2016";"71.77";"Ingenierías";"Hombres";"Rendimiento"
"2022-2023";"..";"Arquitectura y construcción";"Hombres";"Rendimiento"
"2021-2022";"..";"Arquitectura y construcción";"Hombres";"Rendimiento"
"2020-2021";"..";"Arquitectura y construcción";"Hombres";"Rendimiento"
"2019-2020";"..";"Arquitectura y construcción";"Hombres";"Rendimiento"
"2018-2019";"..";"Arquitectura y construcción";"Hombres";"Rendimiento"
"2017-2018";"..";"Arquitectura y construcción";"Hombres";"Rendimiento"
"2016-2017";"..";"Arquitectura y construcción";"Hombres";"Rendimiento"
"2015-2016";"..";"Arquitectura y construcción";"Hombres";"Rendimiento"
"2022-2023";"..";"Total Agricultura, ganadería,  silvicultura, pesca, y veterinaria";"Hombres";"Rendimiento"
"2021-2022";"..";"Total Agricultura, ganadería,  silvicultura, pesca, y veterinaria";"Hombres";"Rendimiento"
"2020-2021";"..";"Total Agricultura, ganadería,  silvicultura, pesca, y veterinaria";"Hombres";"Rendimiento"
"2019-2020";"..";"Total Agricultura, ganadería,  silvicultura, pesca, y veterinaria";"Hombres";"Rendimiento"
"2018-2019";"..";"Total Agricultura, ganadería,  silvicultura, pesca, y veterinaria";"Hombres";"Rendimiento"
"2017-2018";"..";"Total Agricultura, ganadería,  silvicultura, pesca, y veterinaria";"Hombres";"Rendimiento"
"2016-2017";"..";"Total Agricultura, ganadería,  silvicultura, pesca, y veterinaria";"Hombres";"Rendimiento"
"2015-2016";"..";"Total Agricultura, ganadería,  silvicultura, pesca, y veterinaria";"Hombres";"Rendimiento"
"2022-2023";"..";"Agricultura, ganadería y pesca";"Hombres";"Rendimiento"
"2021-2022";"..";"Agricultura, ganadería y pesca";"Hombres";"Rendimiento"
"2020-2021";"..";"Agricultura, ganadería y pesca";"Hombres";"Rendimiento"
"2019-2020";"..";"Agricultura, ganadería y pesca";"Hombres";"Rendimiento"
"2018-2019";"..";"Agricultura, ganadería y pesca";"Hombres";"Rendimiento"
"2017-2018";"..";"Agricultura, ganadería y pesca";"Hombres";"Rendimiento"
"2016-2017";"..";"Agricultura, ganadería y pesca";"Hombres";"Rendimiento"
"2015-2016";"..";"Agricultura, ganadería y pesca";"Hombres";"Rendimiento"
"2022-2023";"..";"Veterinaria";"Hombres";"Rendimiento"
"2021-2022";"..";"Veterinaria";"Hombres";"Rendimiento"
"2020-2021";"..";"Veterinaria";"Hombres";"Rendimiento"
"2019-2020";"..";"Veterinaria";"Hombres";"Rendimiento"
"2018-2019";"..";"Veterinaria";"Hombres";"Rendimiento"
"2017-2018";"..";"Veterinaria";"Hombres";"Rendimiento"
"2016-2017";"..";"Veterinaria";"Hombres";"Rendimiento"
"2015-2016";"..";"Veterinaria";"Hombres";"Rendimiento"
"2022-2023";"93.72";"Total Salud y servicios sociales";"Hombres";"Rendimiento"
"2021-2022";"92.07";"Total Salud y servicios sociales";"Hombres";"Rendimiento"
"2020-2021";"93.44";"Total Salud y servicios sociales";"Hombres";"Rendimiento"
"2019-2020";"96.23";"Total Salud y servicios sociales";"Hombres";"Rendimiento"
"2018-2019";"96.08";"Total Salud y servicios sociales";"Hombres";"Rendimiento"
"2017-2018";"92.73";"Total Salud y servicios sociales";"Hombres";"Rendimiento"
"2016-2017";"93.07";"Total Salud y servicios sociales";"Hombres";"Rendimiento"
"2015-2016";"92.82";"Total Salud y servicios sociales";"Hombres";"Rendimiento"
"2022-2023";"..";"Medicina";"Hombres";"Rendimiento"
"2021-2022";"..";"Medicina";"Hombres";"Rendimiento"
"2020-2021";"..";"Medicina";"Hombres";"Rendimiento"
"2019-2020";"..";"Medicina";"Hombres";"Rendimiento"
"2018-2019";"..";"Medicina";"Hombres";"Rendimiento"
"2017-2018";"..";"Medicina";"Hombres";"Rendimiento"
"2016-2017";"..";"Medicina";"Hombres";"Rendimiento"
"2015-2016";"..";"Medicina";"Hombres";"Rendimiento"
"2022-2023";"..";"Enfermería y atención a enfermos";"Hombres";"Rendimiento"
"2021-2022";"..";"Enfermería y atención a enfermos";"Hombres";"Rendimiento"
"2020-2021";"..";"Enfermería y atención a enfermos";"Hombres";"Rendimiento"
"2019-2020";"..";"Enfermería y atención a enfermos";"Hombres";"Rendimiento"
"2018-2019";"..";"Enfermería y atención a enfermos";"Hombres";"Rendimiento"
"2017-2018";"..";"Enfermería y atención a enfermos";"Hombres";"Rendimiento"
"2016-2017";"..";"Enfermería y atención a enfermos";"Hombres";"Rendimiento"
"2015-2016";"..";"Enfermería y atención a enfermos";"Hombres";"Rendimiento"
"2022-2023";"93.72";"Otras ciencias de la Salud";"Hombres";"Rendimiento"
"2021-2022";"92.07";"Otras ciencias de la Salud";"Hombres";"Rendimiento"
"2020-2021";"93.44";"Otras ciencias de la Salud";"Hombres";"Rendimiento"
"2019-2020";"96.23";"Otras ciencias de la Salud";"Hombres";"Rendimiento"
"2018-2019";"96.08";"Otras ciencias de la Salud";"Hombres";"Rendimiento"
"2017-2018";"92.73";"Otras ciencias de la Salud";"Hombres";"Rendimiento"
"2016-2017";"93.07";"Otras ciencias de la Salud";"Hombres";"Rendimiento"
"2015-2016";"92.82";"Otras ciencias de la Salud";"Hombres";"Rendimiento"
"2022-2023";"..";"Trabajo social y orientación";"Hombres";"Rendimiento"
"2021-2022";"..";"Trabajo social y orientación";"Hombres";"Rendimiento"
"2020-2021";"..";"Trabajo social y orientación";"Hombres";"Rendimiento"
"2019-2020";"..";"Trabajo social y orientación";"Hombres";"Rendimiento"
"2018-2019";"..";"Trabajo social y orientación";"Hombres";"Rendimiento"
"2017-2018";"..";"Trabajo social y orientación";"Hombres";"Rendimiento"
"2016-2017";"..";"Trabajo social y orientación";"Hombres";"Rendimiento"
"2015-2016";"..";"Trabajo social y orientación";"Hombres";"Rendimiento"
"2022-2023";"97.07";"Total Servicios";"Hombres";"Rendimiento"
"2021-2022";"97.14";"Total Servicios";"Hombres";"Rendimiento"
"2020-2021";"97.93";"Total Servicios";"Hombres";"Rendimiento"
"2019-2020";"98.52";"Total Servicios";"Hombres";"Rendimiento"
"2018-2019";"96.11";"Total Servicios";"Hombres";"Rendimiento"
"2017-2018";"95.4";"Total Servicios";"Hombres";"Rendimiento"
"2016-2017";"92.38";"Total Servicios";"Hombres";"Rendimiento"
"2015-2016";"91.78";"Total Servicios";"Hombres";"Rendimiento"
"2022-2023";"..";"Deportes";"Hombres";"Rendimiento"
"2021-2022";"..";"Deportes";"Hombres";"Rendimiento"
"2020-2021";"..";"Deportes";"Hombres";"Rendimiento"
"2019-2020";"..";"Deportes";"Hombres";"Rendimiento"
"2018-2019";"..";"Deportes";"Hombres";"Rendimiento"
"2017-2018";"..";"Deportes";"Hombres";"Rendimiento"
"2016-2017";"..";"Deportes";"Hombres";"Rendimiento"
"2015-2016";"..";"Deportes";"Hombres";"Rendimiento"
"2022-2023";"76.52";"Turismo y Hostelería";"Hombres";"Rendimiento"
"2021-2022";"77.01";"Turismo y Hostelería";"Hombres";"Rendimiento"
"2020-2021";"89.27";"Turismo y Hostelería";"Hombres";"Rendimiento"
"2019-2020";"89.78";"Turismo y Hostelería";"Hombres";"Rendimiento"
"2018-2019";"75.88";"Turismo y Hostelería";"Hombres";"Rendimiento"
"2017-2018";"76.47";"Turismo y Hostelería";"Hombres";"Rendimiento"
"2016-2017";"74.17";"Turismo y Hostelería";"Hombres";"Rendimiento"
"2015-2016";"75.4";"Turismo y Hostelería";"Hombres";"Rendimiento"
"2022-2023";"99.79";"Otros Servicios";"Hombres";"Rendimiento"
"2021-2022";"99.67";"Otros Servicios";"Hombres";"Rendimiento"
"2020-2021";"99.31";"Otros Servicios";"Hombres";"Rendimiento"
"2019-2020";"99.91";"Otros Servicios";"Hombres";"Rendimiento"
"2018-2019";"99.66";"Otros Servicios";"Hombres";"Rendimiento"
"2017-2018";"99.61";"Otros Servicios";"Hombres";"Rendimiento"
"2016-2017";"99.05";"Otros Servicios";"Hombres";"Rendimiento"
"2015-2016";"98.5";"Otros Servicios";"Hombres";"Rendimiento"
"2022-2023";"???";"Carlos III de Madrid";"Hombres";"Exito"
"2021-2022";"???";"Carlos III de Madrid";"Hombres";"Exito"
"2020-2021";"???";"Carlos III de Madrid";"Hombres";"Exito"
"2019-2020";"???";"Carlos III de Madrid";"Hombres";"Exito"
"2018-2019";"???";"Carlos III de Madrid";"Hombres";"Exito"
"2017-2018";"???";"Carlos III de Madrid";"Hombres";"Exito"
"2016-2017";"???";"Carlos III de Madrid";"Hombres";"Exito"
"2015-2016";"???";"Carlos III de Madrid";"Hombres";"Exito"
"2022-2023";"92.04";"Todos los ámbitos";"Hombres";"Exito"
"2021-2022";"91.4";"Todos los ámbitos";"Hombres";"Exito"
"2020-2021";"90.87";"Todos los ámbitos";"Hombres";"Exito"
"2019-2020";"92.9";"Todos los ámbitos";"Hombres";"Exito"
"2018-2019";"90.03";"Todos los ámbitos";"Hombres";"Exito"
"2017-2018";"89.02";"Todos los ámbitos";"Hombres";"Exito"
"2016-2017";"87.94";"Todos los ámbitos";"Hombres";"Exito"
"2015-2016";"87.31";"Todos los ámbitos";"Hombres";"Exito"
"2022-2023";"..";"Total Educación";"Hombres";"Exito"
"2021-2022";"..";"Total Educación";"Hombres";"Exito"
"2020-2021";"..";"Total Educación";"Hombres";"Exito"
"2019-2020";"..";"Total Educación";"Hombres";"Exito"
"2018-2019";"..";"Total Educación";"Hombres";"Exito"
"2017-2018";"..";"Total Educación";"Hombres";"Exito"
"2016-2017";"..";"Total Educación";"Hombres";"Exito"
"2015-2016";"..";"Total Educación";"Hombres";"Exito"
"2022-2023";"..";"Formación de docentes de enseñanza infantil";"Hombres";"Exito"
"2021-2022";"..";"Formación de docentes de enseñanza infantil";"Hombres";"Exito"
"2020-2021";"..";"Formación de docentes de enseñanza infantil";"Hombres";"Exito"
"2019-2020";"..";"Formación de docentes de enseñanza infantil";"Hombres";"Exito"
"2018-2019";"..";"Formación de docentes de enseñanza infantil";"Hombres";"Exito"
"2017-2018";"..";"Formación de docentes de enseñanza infantil";"Hombres";"Exito"
"2016-2017";"..";"Formación de docentes de enseñanza infantil";"Hombres";"Exito"
"2015-2016";"..";"Formación de docentes de enseñanza infantil";"Hombres";"Exito"
"2022-2023";"..";"Formación de docentes de enseñanza primaria";"Hombres";"Exito"
"2021-2022";"..";"Formación de docentes de enseñanza primaria";"Hombres";"Exito"
"2020-2021";"..";"Formación de docentes de enseñanza primaria";"Hombres";"Exito"
"2019-2020";"..";"Formación de docentes de enseñanza primaria";"Hombres";"Exito"
"2018-2019";"..";"Formación de docentes de enseñanza primaria";"Hombres";"Exito"
"2017-2018";"..";"Formación de docentes de enseñanza primaria";"Hombres";"Exito"
"2016-2017";"..";"Formación de docentes de enseñanza primaria";"Hombres";"Exito"
"2015-2016";"..";"Formación de docentes de enseñanza primaria";"Hombres";"Exito"
"2022-2023";"..";"Otra Formación de personal docente y ciencias de la educación";"Hombres";"Exito"
"2021-2022";"..";"Otra Formación de personal docente y ciencias de la educación";"Hombres";"Exito"
"2020-2021";"..";"Otra Formación de personal docente y ciencias de la educación";"Hombres";"Exito"
"2019-2020";"..";"Otra Formación de personal docente y ciencias de la educación";"Hombres";"Exito"
"2018-2019";"..";"Otra Formación de personal docente y ciencias de la educación";"Hombres";"Exito"
"2017-2018";"..";"Otra Formación de personal docente y ciencias de la educación";"Hombres";"Exito"
"2016-2017";"..";"Otra Formación de personal docente y ciencias de la educación";"Hombres";"Exito"
"2015-2016";"..";"Otra Formación de personal docente y ciencias de la educación";"Hombres";"Exito"
"2022-2023";"95.03";"Total Artes y humanidades";"Hombres";"Exito"
"2021-2022";"95.52";"Total Artes y humanidades";"Hombres";"Exito"
"2020-2021";"97.07";"Total Artes y humanidades";"Hombres";"Exito"
"2019-2020";"98.2";"Total Artes y humanidades";"Hombres";"Exito"
"2018-2019";"96.66";"Total Artes y humanidades";"Hombres";"Exito"
"2017-2018";"97.72";"Total Artes y humanidades";"Hombres";"Exito"
"2016-2017";"96.09";"Total Artes y humanidades";"Hombres";"Exito"
"2015-2016";"95.61";"Total Artes y humanidades";"Hombres";"Exito"
"2022-2023";"97.27";"Técnicas audiovisuales y medios de comunicación";"Hombres";"Exito"
"2021-2022";"96.52";"Técnicas audiovisuales y medios de comunicación";"Hombres";"Exito"
"2020-2021";"98.31";"Técnicas audiovisuales y medios de comunicación";"Hombres";"Exito"
"2019-2020";"98.6";"Técnicas audiovisuales y medios de comunicación";"Hombres";"Exito"
"2018-2019";"97.37";"Técnicas audiovisuales y medios de comunicación";"Hombres";"Exito"
"2017-2018";"97.93";"Técnicas audiovisuales y medios de comunicación";"Hombres";"Exito"
"2016-2017";"96.13";"Técnicas audiovisuales y medios de comunicación";"Hombres";"Exito"
"2015-2016";"96.94";"Técnicas audiovisuales y medios de comunicación";"Hombres";"Exito"
"2022-2023";"..";"Artes";"Hombres";"Exito"
"2021-2022";"..";"Artes";"Hombres";"Exito"
"2020-2021";"..";"Artes";"Hombres";"Exito"
"2019-2020";"..";"Artes";"Hombres";"Exito"
"2018-2019";"..";"Artes";"Hombres";"Exito"
"2017-2018";"..";"Artes";"Hombres";"Exito"
"2016-2017";"..";"Artes";"Hombres";"Exito"
"2015-2016";"..";"Artes";"Hombres";"Exito"
"2022-2023";"..";"Lenguas";"Hombres";"Exito"
"2021-2022";"..";"Lenguas";"Hombres";"Exito"
"2020-2021";"..";"Lenguas";"Hombres";"Exito"
"2019-2020";"..";"Lenguas";"Hombres";"Exito"
"2018-2019";"..";"Lenguas";"Hombres";"Exito"
"2017-2018";"..";"Lenguas";"Hombres";"Exito"
"2016-2017";"..";"Lenguas";"Hombres";"Exito"
"2015-2016";"..";"Lenguas";"Hombres";"Exito"
"2022-2023";"92.11";"Humanidades";"Hombres";"Exito"
"2021-2022";"93.97";"Humanidades";"Hombres";"Exito"
"2020-2021";"94.49";"Humanidades";"Hombres";"Exito"
"2019-2020";"97.04";"Humanidades";"Hombres";"Exito"
"2018-2019";"92.87";"Humanidades";"Hombres";"Exito"
"2017-2018";"95.77";"Humanidades";"Hombres";"Exito"
"2016-2017";"95.83";"Humanidades";"Hombres";"Exito"
"2015-2016";"89.91";"Humanidades";"Hombres";"Exito"
"2022-2023";"96.45";"Total Ciencias sociales, periodismo y documentación";"Hombres";"Exito"
"2021-2022";"96.31";"Total Ciencias sociales, periodismo y documentación";"Hombres";"Exito"
"2020-2021";"97.2";"Total Ciencias sociales, periodismo y documentación";"Hombres";"Exito"
"2019-2020";"97.92";"Total Ciencias sociales, periodismo y documentación";"Hombres";"Exito"
"2018-2019";"95.61";"Total Ciencias sociales, periodismo y documentación";"Hombres";"Exito"
"2017-2018";"95.08";"Total Ciencias sociales, periodismo y documentación";"Hombres";"Exito"
"2016-2017";"94.6";"Total Ciencias sociales, periodismo y documentación";"Hombres";"Exito"
"2015-2016";"93.85";"Total Ciencias sociales, periodismo y documentación";"Hombres";"Exito"
"2022-2023";"..";"Psicología";"Hombres";"Exito"
"2021-2022";"..";"Psicología";"Hombres";"Exito"
"2020-2021";"..";"Psicología";"Hombres";"Exito"
"2019-2020";"..";"Psicología";"Hombres";"Exito"
"2018-2019";"..";"Psicología";"Hombres";"Exito"
"2017-2018";"..";"Psicología";"Hombres";"Exito"
"2016-2017";"..";"Psicología";"Hombres";"Exito"
"2015-2016";"..";"Psicología";"Hombres";"Exito"
"2022-2023";"93.03";"Economía";"Hombres";"Exito"
"2021-2022";"92.16";"Economía";"Hombres";"Exito"
"2020-2021";"93.66";"Economía";"Hombres";"Exito"
"2019-2020";"95.86";"Economía";"Hombres";"Exito"
"2018-2019";"93.78";"Economía";"Hombres";"Exito"
"2017-2018";"92.53";"Economía";"Hombres";"Exito"
"2016-2017";"93.23";"Economía";"Hombres";"Exito"
"2015-2016";"91.93";"Economía";"Hombres";"Exito"
"2022-2023";"97.54";"Otras Ciencias sociales y del comportamiento";"Hombres";"Exito"
"2021-2022";"97.27";"Otras Ciencias sociales y del comportamiento";"Hombres";"Exito"
"2020-2021";"98.23";"Otras Ciencias sociales y del comportamiento";"Hombres";"Exito"
"2019-2020";"98.44";"Otras Ciencias sociales y del comportamiento";"Hombres";"Exito"
"2018-2019";"95.88";"Otras Ciencias sociales y del comportamiento";"Hombres";"Exito"
"2017-2018";"95.54";"Otras Ciencias sociales y del comportamiento";"Hombres";"Exito"
"2016-2017";"93.61";"Otras Ciencias sociales y del comportamiento";"Hombres";"Exito"
"2015-2016";"92.37";"Otras Ciencias sociales y del comportamiento";"Hombres";"Exito"
"2022-2023";"97.57";"Periodismo e información";"Hombres";"Exito"
"2021-2022";"97.96";"Periodismo e información";"Hombres";"Exito"
"2020-2021";"98.5";"Periodismo e información";"Hombres";"Exito"
"2019-2020";"98.96";"Periodismo e información";"Hombres";"Exito"
"2018-2019";"96.92";"Periodismo e información";"Hombres";"Exito"
"2017-2018";"97.08";"Periodismo e información";"Hombres";"Exito"
"2016-2017";"96.78";"Periodismo e información";"Hombres";"Exito"
"2015-2016";"96.84";"Periodismo e información";"Hombres";"Exito"
"2022-2023";"94.98";"Total Negocios, administración y derecho";"Hombres";"Exito"
"2021-2022";"94.37";"Total Negocios, administración y derecho";"Hombres";"Exito"
"2020-2021";"94.4";"Total Negocios, administración y derecho";"Hombres";"Exito"
"2019-2020";"96.51";"Total Negocios, administración y derecho";"Hombres";"Exito"
"2018-2019";"94.07";"Total Negocios, administración y derecho";"Hombres";"Exito"
"2017-2018";"93.28";"Total Negocios, administración y derecho";"Hombres";"Exito"
"2016-2017";"92.45";"Total Negocios, administración y derecho";"Hombres";"Exito"
"2015-2016";"92.35";"Total Negocios, administración y derecho";"Hombres";"Exito"
"2022-2023";"93.51";"Administración y gestión de empresas";"Hombres";"Exito"
"2021-2022";"92.95";"Administración y gestión de empresas";"Hombres";"Exito"
"2020-2021";"93.2";"Administración y gestión de empresas";"Hombres";"Exito"
"2019-2020";"95.57";"Administración y gestión de empresas";"Hombres";"Exito"
"2018-2019";"93.74";"Administración y gestión de empresas";"Hombres";"Exito"
"2017-2018";"91.33";"Administración y gestión de empresas";"Hombres";"Exito"
"2016-2017";"90.38";"Administración y gestión de empresas";"Hombres";"Exito"
"2015-2016";"90.86";"Administración y gestión de empresas";"Hombres";"Exito"
"2022-2023";"93.23";"Otra Educación comercial y empresarial";"Hombres";"Exito"
"2021-2022";"91.49";"Otra Educación comercial y empresarial";"Hombres";"Exito"
"2020-2021";"90.95";"Otra Educación comercial y empresarial";"Hombres";"Exito"
"2019-2020";"92.87";"Otra Educación comercial y empresarial";"Hombres";"Exito"
"2018-2019";"88.5";"Otra Educación comercial y empresarial";"Hombres";"Exito"
"2017-2018";"90.62";"Otra Educación comercial y empresarial";"Hombres";"Exito"
"2016-2017";"89.44";"Otra Educación comercial y empresarial";"Hombres";"Exito"
"2015-2016";"89.27";"Otra Educación comercial y empresarial";"Hombres";"Exito"
"2022-2023";"96.2";"Derecho";"Hombres";"Exito"
"2021-2022";"95.72";"Derecho";"Hombres";"Exito"
"2020-2021";"95.64";"Derecho";"Hombres";"Exito"
"2019-2020";"97.62";"Derecho";"Hombres";"Exito"
"2018-2019";"95.11";"Derecho";"Hombres";"Exito"
"2017-2018";"95.05";"Derecho";"Hombres";"Exito"
"2016-2017";"94.48";"Derecho";"Hombres";"Exito"
"2015-2016";"93.93";"Derecho";"Hombres";"Exito"
"2022-2023";"96.06";"Total Ciencias";"Hombres";"Exito"
"2021-2022";"96.37";"Total Ciencias";"Hombres";"Exito"
"2020-2021";"92.32";"Total Ciencias";"Hombres";"Exito"
"2019-2020";"92.38";"Total Ciencias";"Hombres";"Exito"
"2018-2019";"88.76";"Total Ciencias";"Hombres";"Exito"
"2017-2018";"92.5";"Total Ciencias";"Hombres";"Exito"
"2016-2017";"89.28";"Total Ciencias";"Hombres";"Exito"
"2015-2016";"90.44";"Total Ciencias";"Hombres";"Exito"
"2022-2023";"..";"Ciencias de la vida";"Hombres";"Exito"
"2021-2022";"..";"Ciencias de la vida";"Hombres";"Exito"
"2020-2021";"..";"Ciencias de la vida";"Hombres";"Exito"
"2019-2020";"..";"Ciencias de la vida";"Hombres";"Exito"
"2018-2019";"..";"Ciencias de la vida";"Hombres";"Exito"
"2017-2018";"..";"Ciencias de la vida";"Hombres";"Exito"
"2016-2017";"..";"Ciencias de la vida";"Hombres";"Exito"
"2015-2016";"..";"Ciencias de la vida";"Hombres";"Exito"
"2022-2023";"98.31";"Ciencias Físicas, químicas, geológicas";"Hombres";"Exito"
"2021-2022";"96.28";"Ciencias Físicas, químicas, geológicas";"Hombres";"Exito"
"2020-2021";"90.61";"Ciencias Físicas, químicas, geológicas";"Hombres";"Exito"
"2019-2020";"..";"Ciencias Físicas, químicas, geológicas";"Hombres";"Exito"
"2018-2019";"..";"Ciencias Físicas, químicas, geológicas";"Hombres";"Exito"
"2017-2018";"..";"Ciencias Físicas, químicas, geológicas";"Hombres";"Exito"
"2016-2017";"..";"Ciencias Físicas, químicas, geológicas";"Hombres";"Exito"
"2015-2016";"..";"Ciencias Físicas, químicas, geológicas";"Hombres";"Exito"
"2022-2023";"95.03";"Matemáticas y Estadística";"Hombres";"Exito"
"2021-2022";"96.41";"Matemáticas y Estadística";"Hombres";"Exito"
"2020-2021";"92.88";"Matemáticas y Estadística";"Hombres";"Exito"
"2019-2020";"92.36";"Matemáticas y Estadística";"Hombres";"Exito"
"2018-2019";"88.76";"Matemáticas y Estadística";"Hombres";"Exito"
"2017-2018";"92.5";"Matemáticas y Estadística";"Hombres";"Exito"
"2016-2017";"89.28";"Matemáticas y Estadística";"Hombres";"Exito"
"2015-2016";"90.44";"Matemáticas y Estadística";"Hombres";"Exito"
"2022-2023";"92.11";"Total Informática";"Hombres";"Exito"
"2021-2022";"91.84";"Total Informática";"Hombres";"Exito"
"2020-2021";"91.0";"Total Informática";"Hombres";"Exito"
"2019-2020";"91.83";"Total Informática";"Hombres";"Exito"
"2018-2019";"87.95";"Total Informática";"Hombres";"Exito"
"2017-2018";"86.6";"Total Informática";"Hombres";"Exito"
"2016-2017";"82.93";"Total Informática";"Hombres";"Exito"
"2015-2016";"80.3";"Total Informática";"Hombres";"Exito"
"2022-2023";"92.11";"Informática";"Hombres";"Exito"
"2021-2022";"91.84";"Informática";"Hombres";"Exito"
"2020-2021";"91.0";"Informática";"Hombres";"Exito"
"2019-2020";"91.83";"Informática";"Hombres";"Exito"
"2018-2019";"87.95";"Informática";"Hombres";"Exito"
"2017-2018";"86.6";"Informática";"Hombres";"Exito"
"2016-2017";"82.93";"Informática";"Hombres";"Exito"
"2015-2016";"80.3";"Informática";"Hombres";"Exito"
"2022-2023";"85.27";"Total Ingeniería, industria y construcción";"Hombres";"Exito"
"2021-2022";"83.96";"Total Ingeniería, industria y construcción";"Hombres";"Exito"
"2020-2021";"82.67";"Total Ingeniería, industria y construcción";"Hombres";"Exito"
"2019-2020";"86.18";"Total Ingeniería, industria y construcción";"Hombres";"Exito"
"2018-2019";"82.91";"Total Ingeniería, industria y construcción";"Hombres";"Exito"
"2017-2018";"81.49";"Total Ingeniería, industria y construcción";"Hombres";"Exito"
"2016-2017";"80.93";"Total Ingeniería, industria y construcción";"Hombres";"Exito"
"2015-2016";"80.17";"Total Ingeniería, industria y construcción";"Hombres";"Exito"
"2022-2023";"85.27";"Ingenierías";"Hombres";"Exito"
"2021-2022";"83.96";"Ingenierías";"Hombres";"Exito"
"2020-2021";"82.67";"Ingenierías";"Hombres";"Exito"
"2019-2020";"86.18";"Ingenierías";"Hombres";"Exito"
"2018-2019";"82.91";"Ingenierías";"Hombres";"Exito"
"2017-2018";"81.49";"Ingenierías";"Hombres";"Exito"
"2016-2017";"80.93";"Ingenierías";"Hombres";"Exito"
"2015-2016";"80.17";"Ingenierías";"Hombres";"Exito"
"2022-2023";"..";"Arquitectura y construcción";"Hombres";"Exito"
"2021-2022";"..";"Arquitectura y construcción";"Hombres";"Exito"
"2020-2021";"..";"Arquitectura y construcción";"Hombres";"Exito"
"2019-2020";"..";"Arquitectura y construcción";"Hombres";"Exito"
"2018-2019";"..";"Arquitectura y construcción";"Hombres";"Exito"
"2017-2018";"..";"Arquitectura y construcción";"Hombres";"Exito"
"2016-2017";"..";"Arquitectura y construcción";"Hombres";"Exito"
"2015-2016";"..";"Arquitectura y construcción";"Hombres";"Exito"
"2022-2023";"..";"Total Agricultura, ganadería,  silvicultura, pesca, y veterinaria";"Hombres";"Exito"
"2021-2022";"..";"Total Agricultura, ganadería,  silvicultura, pesca, y veterinaria";"Hombres";"Exito"
"2020-2021";"..";"Total Agricultura, ganadería,  silvicultura, pesca, y veterinaria";"Hombres";"Exito"
"2019-2020";"..";"Total Agricultura, ganadería,  silvicultura, pesca, y veterinaria";"Hombres";"Exito"
"2018-2019";"..";"Total Agricultura, ganadería,  silvicultura, pesca, y veterinaria";"Hombres";"Exito"
"2017-2018";"..";"Total Agricultura, ganadería,  silvicultura, pesca, y veterinaria";"Hombres";"Exito"
"2016-2017";"..";"Total Agricultura, ganadería,  silvicultura, pesca, y veterinaria";"Hombres";"Exito"
"2015-2016";"..";"Total Agricultura, ganadería,  silvicultura, pesca, y veterinaria";"Hombres";"Exito"
"2022-2023";"..";"Agricultura, ganadería y pesca";"Hombres";"Exito"
"2021-2022";"..";"Agricultura, ganadería y pesca";"Hombres";"Exito"
"2020-2021";"..";"Agricultura, ganadería y pesca";"Hombres";"Exito"
"2019-2020";"..";"Agricultura, ganadería y pesca";"Hombres";"Exito"
"2018-2019";"..";"Agricultura, ganadería y pesca";"Hombres";"Exito"
"2017-2018";"..";"Agricultura, ganadería y pesca";"Hombres";"Exito"
"2016-2017";"..";"Agricultura, ganadería y pesca";"Hombres";"Exito"
"2015-2016";"..";"Agricultura, ganadería y pesca";"Hombres";"Exito"
"2022-2023";"..";"Veterinaria";"Hombres";"Exito"
"2021-2022";"..";"Veterinaria";"Hombres";"Exito"
"2020-2021";"..";"Veterinaria";"Hombres";"Exito"
"2019-2020";"..";"Veterinaria";"Hombres";"Exito"
"2018-2019";"..";"Veterinaria";"Hombres";"Exito"
"2017-2018";"..";"Veterinaria";"Hombres";"Exito"
"2016-2017";"..";"Veterinaria";"Hombres";"Exito"
"2015-2016";"..";"Veterinaria";"Hombres";"Exito"
"2022-2023";"96.62";"Total Salud y servicios sociales";"Hombres";"Exito"
"2021-2022";"95.37";"Total Salud y servicios sociales";"Hombres";"Exito"
"2020-2021";"95.86";"Total Salud y servicios sociales";"Hombres";"Exito"
"2019-2020";"98.2";"Total Salud y servicios sociales";"Hombres";"Exito"
"2018-2019";"97.19";"Total Salud y servicios sociales";"Hombres";"Exito"
"2017-2018";"96.06";"Total Salud y servicios sociales";"Hombres";"Exito"
"2016-2017";"95.71";"Total Salud y servicios sociales";"Hombres";"Exito"
"2015-2016";"96.21";"Total Salud y servicios sociales";"Hombres";"Exito"
"2022-2023";"..";"Medicina";"Hombres";"Exito"
"2021-2022";"..";"Medicina";"Hombres";"Exito"
"2020-2021";"..";"Medicina";"Hombres";"Exito"
"2019-2020";"..";"Medicina";"Hombres";"Exito"
"2018-2019";"..";"Medicina";"Hombres";"Exito"
"2017-2018";"..";"Medicina";"Hombres";"Exito"
"2016-2017";"..";"Medicina";"Hombres";"Exito"
"2015-2016";"..";"Medicina";"Hombres";"Exito"
"2022-2023";"..";"Enfermería y atención a enfermos";"Hombres";"Exito"
"2021-2022";"..";"Enfermería y atención a enfermos";"Hombres";"Exito"
"2020-2021";"..";"Enfermería y atención a enfermos";"Hombres";"Exito"
"2019-2020";"..";"Enfermería y atención a enfermos";"Hombres";"Exito"
"2018-2019";"..";"Enfermería y atención a enfermos";"Hombres";"Exito"
"2017-2018";"..";"Enfermería y atención a enfermos";"Hombres";"Exito"
"2016-2017";"..";"Enfermería y atención a enfermos";"Hombres";"Exito"
"2015-2016";"..";"Enfermería y atención a enfermos";"Hombres";"Exito"
"2022-2023";"96.62";"Otras ciencias de la Salud";"Hombres";"Exito"
"2021-2022";"95.37";"Otras ciencias de la Salud";"Hombres";"Exito"
"2020-2021";"95.86";"Otras ciencias de la Salud";"Hombres";"Exito"
"2019-2020";"98.2";"Otras ciencias de la Salud";"Hombres";"Exito"
"2018-2019";"97.19";"Otras ciencias de la Salud";"Hombres";"Exito"
"2017-2018";"96.06";"Otras ciencias de la Salud";"Hombres";"Exito"
"2016-2017";"95.71";"Otras ciencias de la Salud";"Hombres";"Exito"
"2015-2016";"96.21";"Otras ciencias de la Salud";"Hombres";"Exito"
"2022-2023";"..";"Trabajo social y orientación";"Hombres";"Exito"
"2021-2022";"..";"Trabajo social y orientación";"Hombres";"Exito"
"2020-2021";"..";"Trabajo social y orientación";"Hombres";"Exito"
"2019-2020";"..";"Trabajo social y orientación";"Hombres";"Exito"
"2018-2019";"..";"Trabajo social y orientación";"Hombres";"Exito"
"2017-2018";"..";"Trabajo social y orientación";"Hombres";"Exito"
"2016-2017";"..";"Trabajo social y orientación";"Hombres";"Exito"
"2015-2016";"..";"Trabajo social y orientación";"Hombres";"Exito"
"2022-2023";"98.42";"Total Servicios";"Hombres";"Exito"
"2021-2022";"99.09";"Total Servicios";"Hombres";"Exito"
"2020-2021";"98.72";"Total Servicios";"Hombres";"Exito"
"2019-2020";"99.3";"Total Servicios";"Hombres";"Exito"
"2018-2019";"97.8";"Total Servicios";"Hombres";"Exito"
"2017-2018";"97.44";"Total Servicios";"Hombres";"Exito"
"2016-2017";"95.61";"Total Servicios";"Hombres";"Exito"
"2015-2016";"95.29";"Total Servicios";"Hombres";"Exito"
"2022-2023";"..";"Deportes";"Hombres";"Exito"
"2021-2022";"..";"Deportes";"Hombres";"Exito"
"2020-2021";"..";"Deportes";"Hombres";"Exito"
"2019-2020";"..";"Deportes";"Hombres";"Exito"
"2018-2019";"..";"Deportes";"Hombres";"Exito"
"2017-2018";"..";"Deportes";"Hombres";"Exito"
"2016-2017";"..";"Deportes";"Hombres";"Exito"
"2015-2016";"..";"Deportes";"Hombres";"Exito"
"2022-2023";"86.01";"Turismo y Hostelería";"Hombres";"Exito"
"2021-2022";"91.56";"Turismo y Hostelería";"Hombres";"Exito"
"2020-2021";"94.33";"Turismo y Hostelería";"Hombres";"Exito"
"2019-2020";"95.25";"Turismo y Hostelería";"Hombres";"Exito"
"2018-2019";"85.81";"Turismo y Hostelería";"Hombres";"Exito"
"2017-2018";"86.4";"Turismo y Hostelería";"Hombres";"Exito"
"2016-2017";"84.88";"Turismo y Hostelería";"Hombres";"Exito"
"2015-2016";"86.36";"Turismo y Hostelería";"Hombres";"Exito"
"2022-2023";"99.88";"Otros Servicios";"Hombres";"Exito"
"2021-2022";"99.88";"Otros Servicios";"Hombres";"Exito"
"2020-2021";"99.39";"Otros Servicios";"Hombres";"Exito"
"2019-2020";"99.91";"Otros Servicios";"Hombres";"Exito"
"2018-2019";"99.66";"Otros Servicios";"Hombres";"Exito"
"2017-2018";"99.61";"Otros Servicios";"Hombres";"Exito"
"2016-2017";"99.05";"Otros Servicios";"Hombres";"Exito"
"2015-2016";"98.5";"Otros Servicios";"Hombres";"Exito"
"2022-2023";"???";"Carlos III de Madrid";"Hombres";"Evaluacion"
"2021-2022";"???";"Carlos III de Madrid";"Hombres";"Evaluacion"
"2020-2021";"???";"Carlos III de Madrid";"Hombres";"Evaluacion"
"2019-2020";"???";"Carlos III de Madrid";"Hombres";"Evaluacion"
"2018-2019";"???";"Carlos III de Madrid";"Hombres";"Evaluacion"
"2017-2018";"???";"Carlos III de Madrid";"Hombres";"Evaluacion"
"2016-2017";"???";"Carlos III de Madrid";"Hombres";"Evaluacion"
"2015-2016";"???";"Carlos III de Madrid";"Hombres";"Evaluacion"
"2022-2023";"93.84";"Todos los ámbitos";"Hombres";"Evaluacion"
"2021-2022";"93.05";"Todos los ámbitos";"Hombres";"Evaluacion"
"2020-2021";"93.4";"Todos los ámbitos";"Hombres";"Evaluacion"
"2019-2020";"94.98";"Todos los ámbitos";"Hombres";"Evaluacion"
"2018-2019";"92.73";"Todos los ámbitos";"Hombres";"Evaluacion"
"2017-2018";"92.12";"Todos los ámbitos";"Hombres";"Evaluacion"
"2016-2017";"91.79";"Todos los ámbitos";"Hombres";"Evaluacion"
"2015-2016";"91.27";"Todos los ámbitos";"Hombres";"Evaluacion"
"2022-2023";"..";"Total Educación";"Hombres";"Evaluacion"
"2021-2022";"..";"Total Educación";"Hombres";"Evaluacion"
"2020-2021";"..";"Total Educación";"Hombres";"Evaluacion"
"2019-2020";"..";"Total Educación";"Hombres";"Evaluacion"
"2018-2019";"..";"Total Educación";"Hombres";"Evaluacion"
"2017-2018";"..";"Total Educación";"Hombres";"Evaluacion"
"2016-2017";"..";"Total Educación";"Hombres";"Evaluacion"
"2015-2016";"..";"Total Educación";"Hombres";"Evaluacion"
"2022-2023";"..";"Formación de docentes de enseñanza infantil";"Hombres";"Evaluacion"
"2021-2022";"..";"Formación de docentes de enseñanza infantil";"Hombres";"Evaluacion"
"2020-2021";"..";"Formación de docentes de enseñanza infantil";"Hombres";"Evaluacion"
"2019-2020";"..";"Formación de docentes de enseñanza infantil";"Hombres";"Evaluacion"
"2018-2019";"..";"Formación de docentes de enseñanza infantil";"Hombres";"Evaluacion"
"2017-2018";"..";"Formación de docentes de enseñanza infantil";"Hombres";"Evaluacion"
"2016-2017";"..";"Formación de docentes de enseñanza infantil";"Hombres";"Evaluacion"
"2015-2016";"..";"Formación de docentes de enseñanza infantil";"Hombres";"Evaluacion"
"2022-2023";"..";"Formación de docentes de enseñanza primaria";"Hombres";"Evaluacion"
"2021-2022";"..";"Formación de docentes de enseñanza primaria";"Hombres";"Evaluacion"
"2020-2021";"..";"Formación de docentes de enseñanza primaria";"Hombres";"Evaluacion"
"2019-2020";"..";"Formación de docentes de enseñanza primaria";"Hombres";"Evaluacion"
"2018-2019";"..";"Formación de docentes de enseñanza primaria";"Hombres";"Evaluacion"
"2017-2018";"..";"Formación de docentes de enseñanza primaria";"Hombres";"Evaluacion"
"2016-2017";"..";"Formación de docentes de enseñanza primaria";"Hombres";"Evaluacion"
"2015-2016";"..";"Formación de docentes de enseñanza primaria";"Hombres";"Evaluacion"
"2022-2023";"..";"Otra Formación de personal docente y ciencias de la educación";"Hombres";"Evaluacion"
"2021-2022";"..";"Otra Formación de personal docente y ciencias de la educación";"Hombres";"Evaluacion"
"2020-2021";"..";"Otra Formación de personal docente y ciencias de la educación";"Hombres";"Evaluacion"
"2019-2020";"..";"Otra Formación de personal docente y ciencias de la educación";"Hombres";"Evaluacion"
"2018-2019";"..";"Otra Formación de personal docente y ciencias de la educación";"Hombres";"Evaluacion"
"2017-2018";"..";"Otra Formación de personal docente y ciencias de la educación";"Hombres";"Evaluacion"
"2016-2017";"..";"Otra Formación de personal docente y ciencias de la educación";"Hombres";"Evaluacion"
"2015-2016";"..";"Otra Formación de personal docente y ciencias de la educación";"Hombres";"Evaluacion"
"2022-2023";"94.09";"Total Artes y humanidades";"Hombres";"Evaluacion"
"2021-2022";"93.58";"Total Artes y humanidades";"Hombres";"Evaluacion"
"2020-2021";"95.55";"Total Artes y humanidades";"Hombres";"Evaluacion"
"2019-2020";"96.03";"Total Artes y humanidades";"Hombres";"Evaluacion"
"2018-2019";"93.76";"Total Artes y humanidades";"Hombres";"Evaluacion"
"2017-2018";"94.71";"Total Artes y humanidades";"Hombres";"Evaluacion"
"2016-2017";"92.3";"Total Artes y humanidades";"Hombres";"Evaluacion"
"2015-2016";"90.79";"Total Artes y humanidades";"Hombres";"Evaluacion"
"2022-2023";"95.45";"Técnicas audiovisuales y medios de comunicación";"Hombres";"Evaluacion"
"2021-2022";"93.59";"Técnicas audiovisuales y medios de comunicación";"Hombres";"Evaluacion"
"2020-2021";"97.09";"Técnicas audiovisuales y medios de comunicación";"Hombres";"Evaluacion"
"2019-2020";"97.5";"Técnicas audiovisuales y medios de comunicación";"Hombres";"Evaluacion"
"2018-2019";"95.98";"Técnicas audiovisuales y medios de comunicación";"Hombres";"Evaluacion"
"2017-2018";"95.91";"Técnicas audiovisuales y medios de comunicación";"Hombres";"Evaluacion"
"2016-2017";"94.13";"Técnicas audiovisuales y medios de comunicación";"Hombres";"Evaluacion"
"2015-2016";"94.2";"Técnicas audiovisuales y medios de comunicación";"Hombres";"Evaluacion"
"2022-2023";"..";"Artes";"Hombres";"Evaluacion"
"2021-2022";"..";"Artes";"Hombres";"Evaluacion"
"2020-2021";"..";"Artes";"Hombres";"Evaluacion"
"2019-2020";"..";"Artes";"Hombres";"Evaluacion"
"2018-2019";"..";"Artes";"Hombres";"Evaluacion"
"2017-2018";"..";"Artes";"Hombres";"Evaluacion"
"2016-2017";"..";"Artes";"Hombres";"Evaluacion"
"2015-2016";"..";"Artes";"Hombres";"Evaluacion"
"2022-2023";"..";"Lenguas";"Hombres";"Evaluacion"
"2021-2022";"..";"Lenguas";"Hombres";"Evaluacion"
"2020-2021";"..";"Lenguas";"Hombres";"Evaluacion"
"2019-2020";"..";"Lenguas";"Hombres";"Evaluacion"
"2018-2019";"..";"Lenguas";"Hombres";"Evaluacion"
"2017-2018";"..";"Lenguas";"Hombres";"Evaluacion"
"2016-2017";"..";"Lenguas";"Hombres";"Evaluacion"
"2015-2016";"..";"Lenguas";"Hombres";"Evaluacion"
"2022-2023";"92.38";"Humanidades";"Hombres";"Evaluacion"
"2021-2022";"93.57";"Humanidades";"Hombres";"Evaluacion"
"2020-2021";"92.49";"Humanidades";"Hombres";"Evaluacion"
"2019-2020";"92.03";"Humanidades";"Hombres";"Evaluacion"
"2018-2019";"83.44";"Humanidades";"Hombres";"Evaluacion"
"2017-2018";"84.69";"Humanidades";"Hombres";"Evaluacion"
"2016-2017";"82.76";"Humanidades";"Hombres";"Evaluacion"
"2015-2016";"78.63";"Humanidades";"Hombres";"Evaluacion"
"2022-2023";"95.41";"Total Ciencias sociales, periodismo y documentación";"Hombres";"Evaluacion"
"2021-2022";"95.3";"Total Ciencias sociales, periodismo y documentación";"Hombres";"Evaluacion"
"2020-2021";"96.17";"Total Ciencias sociales, periodismo y documentación";"Hombres";"Evaluacion"
"2019-2020";"96.38";"Total Ciencias sociales, periodismo y documentación";"Hombres";"Evaluacion"
"2018-2019";"93.41";"Total Ciencias sociales, periodismo y documentación";"Hombres";"Evaluacion"
"2017-2018";"92.66";"Total Ciencias sociales, periodismo y documentación";"Hombres";"Evaluacion"
"2016-2017";"91.77";"Total Ciencias sociales, periodismo y documentación";"Hombres";"Evaluacion"
"2015-2016";"91.52";"Total Ciencias sociales, periodismo y documentación";"Hombres";"Evaluacion"
"2022-2023";"..";"Psicología";"Hombres";"Evaluacion"
"2021-2022";"..";"Psicología";"Hombres";"Evaluacion"
"2020-2021";"..";"Psicología";"Hombres";"Evaluacion"
"2019-2020";"..";"Psicología";"Hombres";"Evaluacion"
"2018-2019";"..";"Psicología";"Hombres";"Evaluacion"
"2017-2018";"..";"Psicología";"Hombres";"Evaluacion"
"2016-2017";"..";"Psicología";"Hombres";"Evaluacion"
"2015-2016";"..";"Psicología";"Hombres";"Evaluacion"
"2022-2023";"94.22";"Economía";"Hombres";"Evaluacion"
"2021-2022";"94.21";"Economía";"Hombres";"Evaluacion"
"2020-2021";"95.61";"Economía";"Hombres";"Evaluacion"
"2019-2020";"96.2";"Economía";"Hombres";"Evaluacion"
"2018-2019";"92.84";"Economía";"Hombres";"Evaluacion"
"2017-2018";"92.31";"Economía";"Hombres";"Evaluacion"
"2016-2017";"91.35";"Economía";"Hombres";"Evaluacion"
"2015-2016";"89.62";"Economía";"Hombres";"Evaluacion"
"2022-2023";"95.07";"Otras Ciencias sociales y del comportamiento";"Hombres";"Evaluacion"
"2021-2022";"94.99";"Otras Ciencias sociales y del comportamiento";"Hombres";"Evaluacion"
"2020-2021";"96.41";"Otras Ciencias sociales y del comportamiento";"Hombres";"Evaluacion"
"2019-2020";"95.74";"Otras Ciencias sociales y del comportamiento";"Hombres";"Evaluacion"
"2018-2019";"93.49";"Otras Ciencias sociales y del comportamiento";"Hombres";"Evaluacion"
"2017-2018";"91.33";"Otras Ciencias sociales y del comportamiento";"Hombres";"Evaluacion"
"2016-2017";"88.87";"Otras Ciencias sociales y del comportamiento";"Hombres";"Evaluacion"
"2015-2016";"89.46";"Otras Ciencias sociales y del comportamiento";"Hombres";"Evaluacion"
"2022-2023";"96.6";"Periodismo e información";"Hombres";"Evaluacion"
"2021-2022";"96.45";"Periodismo e información";"Hombres";"Evaluacion"
"2020-2021";"96.28";"Periodismo e información";"Hombres";"Evaluacion"
"2019-2020";"97.36";"Periodismo e información";"Hombres";"Evaluacion"
"2018-2019";"93.82";"Periodismo e información";"Hombres";"Evaluacion"
"2017-2018";"94.2";"Periodismo e información";"Hombres";"Evaluacion"
"2016-2017";"94.62";"Periodismo e información";"Hombres";"Evaluacion"
"2015-2016";"95.07";"Periodismo e información";"Hombres";"Evaluacion"
"2022-2023";"94.88";"Total Negocios, administración y derecho";"Hombres";"Evaluacion"
"2021-2022";"94.03";"Total Negocios, administración y derecho";"Hombres";"Evaluacion"
"2020-2021";"95.45";"Total Negocios, administración y derecho";"Hombres";"Evaluacion"
"2019-2020";"96.45";"Total Negocios, administración y derecho";"Hombres";"Evaluacion"
"2018-2019";"94.24";"Total Negocios, administración y derecho";"Hombres";"Evaluacion"
"2017-2018";"93.37";"Total Negocios, administración y derecho";"Hombres";"Evaluacion"
"2016-2017";"93.33";"Total Negocios, administración y derecho";"Hombres";"Evaluacion"
"2015-2016";"93.03";"Total Negocios, administración y derecho";"Hombres";"Evaluacion"
"2022-2023";"93.84";"Administración y gestión de empresas";"Hombres";"Evaluacion"
"2021-2022";"93.23";"Administración y gestión de empresas";"Hombres";"Evaluacion"
"2020-2021";"94.5";"Administración y gestión de empresas";"Hombres";"Evaluacion"
"2019-2020";"95.28";"Administración y gestión de empresas";"Hombres";"Evaluacion"
"2018-2019";"93.63";"Administración y gestión de empresas";"Hombres";"Evaluacion"
"2017-2018";"92.77";"Administración y gestión de empresas";"Hombres";"Evaluacion"
"2016-2017";"92.73";"Administración y gestión de empresas";"Hombres";"Evaluacion"
"2015-2016";"92.59";"Administración y gestión de empresas";"Hombres";"Evaluacion"
"2022-2023";"94.73";"Otra Educación comercial y empresarial";"Hombres";"Evaluacion"
"2021-2022";"92.9";"Otra Educación comercial y empresarial";"Hombres";"Evaluacion"
"2020-2021";"93.05";"Otra Educación comercial y empresarial";"Hombres";"Evaluacion"
"2019-2020";"94.76";"Otra Educación comercial y empresarial";"Hombres";"Evaluacion"
"2018-2019";"90.67";"Otra Educación comercial y empresarial";"Hombres";"Evaluacion"
"2017-2018";"89.18";"Otra Educación comercial y empresarial";"Hombres";"Evaluacion"
"2016-2017";"92.61";"Otra Educación comercial y empresarial";"Hombres";"Evaluacion"
"2015-2016";"91.41";"Otra Educación comercial y empresarial";"Hombres";"Evaluacion"
"2022-2023";"95.57";"Derecho";"Hombres";"Evaluacion"
"2021-2022";"94.72";"Derecho";"Hombres";"Evaluacion"
"2020-2021";"96.4";"Derecho";"Hombres";"Evaluacion"
"2019-2020";"97.42";"Derecho";"Hombres";"Evaluacion"
"2018-2019";"95.2";"Derecho";"Hombres";"Evaluacion"
"2017-2018";"94.5";"Derecho";"Hombres";"Evaluacion"
"2016-2017";"93.9";"Derecho";"Hombres";"Evaluacion"
"2015-2016";"93.61";"Derecho";"Hombres";"Evaluacion"
"2022-2023";"96.5";"Total Ciencias";"Hombres";"Evaluacion"
"2021-2022";"97.0";"Total Ciencias";"Hombres";"Evaluacion"
"2020-2021";"95.25";"Total Ciencias";"Hombres";"Evaluacion"
"2019-2020";"93.4";"Total Ciencias";"Hombres";"Evaluacion"
"2018-2019";"95.83";"Total Ciencias";"Hombres";"Evaluacion"
"2017-2018";"92.48";"Total Ciencias";"Hombres";"Evaluacion"
"2016-2017";"92.46";"Total Ciencias";"Hombres";"Evaluacion"
"2015-2016";"89.89";"Total Ciencias";"Hombres";"Evaluacion"
"2022-2023";"..";"Ciencias de la vida";"Hombres";"Evaluacion"
"2021-2022";"..";"Ciencias de la vida";"Hombres";"Evaluacion"
"2020-2021";"..";"Ciencias de la vida";"Hombres";"Evaluacion"
"2019-2020";"..";"Ciencias de la vida";"Hombres";"Evaluacion"
"2018-2019";"..";"Ciencias de la vida";"Hombres";"Evaluacion"
"2017-2018";"..";"Ciencias de la vida";"Hombres";"Evaluacion"
"2016-2017";"..";"Ciencias de la vida";"Hombres";"Evaluacion"
"2015-2016";"..";"Ciencias de la vida";"Hombres";"Evaluacion"
"2022-2023";"99.0";"Ciencias Físicas, químicas, geológicas";"Hombres";"Evaluacion"
"2021-2022";"97.79";"Ciencias Físicas, químicas, geológicas";"Hombres";"Evaluacion"
"2020-2021";"95.06";"Ciencias Físicas, químicas, geológicas";"Hombres";"Evaluacion"
"2019-2020";"..";"Ciencias Físicas, químicas, geológicas";"Hombres";"Evaluacion"
"2018-2019";"..";"Ciencias Físicas, químicas, geológicas";"Hombres";"Evaluacion"
"2017-2018";"..";"Ciencias Físicas, químicas, geológicas";"Hombres";"Evaluacion"
"2016-2017";"..";"Ciencias Físicas, químicas, geológicas";"Hombres";"Evaluacion"
"2015-2016";"..";"Ciencias Físicas, químicas, geológicas";"Hombres";"Evaluacion"
"2022-2023";"95.39";"Matemáticas y Estadística";"Hombres";"Evaluacion"
"2021-2022";"96.7";"Matemáticas y Estadística";"Hombres";"Evaluacion"
"2020-2021";"95.31";"Matemáticas y Estadística";"Hombres";"Evaluacion"
"2019-2020";"93.0";"Matemáticas y Estadística";"Hombres";"Evaluacion"
"2018-2019";"95.83";"Matemáticas y Estadística";"Hombres";"Evaluacion"
"2017-2018";"92.48";"Matemáticas y Estadística";"Hombres";"Evaluacion"
"2016-2017";"92.46";"Matemáticas y Estadística";"Hombres";"Evaluacion"
"2015-2016";"89.89";"Matemáticas y Estadística";"Hombres";"Evaluacion"
"2022-2023";"94.61";"Total Informática";"Hombres";"Evaluacion"
"2021-2022";"93.47";"Total Informática";"Hombres";"Evaluacion"
"2020-2021";"93.65";"Total Informática";"Hombres";"Evaluacion"
"2019-2020";"93.89";"Total Informática";"Hombres";"Evaluacion"
"2018-2019";"92.18";"Total Informática";"Hombres";"Evaluacion"
"2017-2018";"91.53";"Total Informática";"Hombres";"Evaluacion"
"2016-2017";"90.63";"Total Informática";"Hombres";"Evaluacion"
"2015-2016";"89.75";"Total Informática";"Hombres";"Evaluacion"
"2022-2023";"94.61";"Informática";"Hombres";"Evaluacion"
"2021-2022";"93.47";"Informática";"Hombres";"Evaluacion"
"2020-2021";"93.65";"Informática";"Hombres";"Evaluacion"
"2019-2020";"93.89";"Informática";"Hombres";"Evaluacion"
"2018-2019";"92.18";"Informática";"Hombres";"Evaluacion"
"2017-2018";"91.53";"Informática";"Hombres";"Evaluacion"
"2016-2017";"90.63";"Informática";"Hombres";"Evaluacion"
"2015-2016";"89.75";"Informática";"Hombres";"Evaluacion"
"2022-2023";"90.94";"Total Ingeniería, industria y construcción";"Hombres";"Evaluacion"
"2021-2022";"89.88";"Total Ingeniería, industria y construcción";"Hombres";"Evaluacion"
"2020-2021";"89.24";"Total Ingeniería, industria y construcción";"Hombres";"Evaluacion"
"2019-2020";"92.82";"Total Ingeniería, industria y construcción";"Hombres";"Evaluacion"
"2018-2019";"90.31";"Total Ingeniería, industria y construcción";"Hombres";"Evaluacion"
"2017-2018";"90.08";"Total Ingeniería, industria y construcción";"Hombres";"Evaluacion"
"2016-2017";"90.16";"Total Ingeniería, industria y construcción";"Hombres";"Evaluacion"
"2015-2016";"89.52";"Total Ingeniería, industria y construcción";"Hombres";"Evaluacion"
"2022-2023";"90.94";"Ingenierías";"Hombres";"Evaluacion"
"2021-2022";"89.88";"Ingenierías";"Hombres";"Evaluacion"
"2020-2021";"89.24";"Ingenierías";"Hombres";"Evaluacion"
"2019-2020";"92.82";"Ingenierías";"Hombres";"Evaluacion"
"2018-2019";"90.31";"Ingenierías";"Hombres";"Evaluacion"
"2017-2018";"90.08";"Ingenierías";"Hombres";"Evaluacion"
"2016-2017";"90.16";"Ingenierías";"Hombres";"Evaluacion"
"2015-2016";"89.52";"Ingenierías";"Hombres";"Evaluacion"
"2022-2023";"..";"Arquitectura y construcción";"Hombres";"Evaluacion"
"2021-2022";"..";"Arquitectura y construcción";"Hombres";"Evaluacion"
"2020-2021";"..";"Arquitectura y construcción";"Hombres";"Evaluacion"
"2019-2020";"..";"Arquitectura y construcción";"Hombres";"Evaluacion"
"2018-2019";"..";"Arquitectura y construcción";"Hombres";"Evaluacion"
"2017-2018";"..";"Arquitectura y construcción";"Hombres";"Evaluacion"
"2016-2017";"..";"Arquitectura y construcción";"Hombres";"Evaluacion"
"2015-2016";"..";"Arquitectura y construcción";"Hombres";"Evaluacion"
"2022-2023";"..";"Total Agricultura, ganadería,  silvicultura, pesca, y veterinaria";"Hombres";"Evaluacion"
"2021-2022";"..";"Total Agricultura, ganadería,  silvicultura, pesca, y veterinaria";"Hombres";"Evaluacion"
"2020-2021";"..";"Total Agricultura, ganadería,  silvicultura, pesca, y veterinaria";"Hombres";"Evaluacion"
"2019-2020";"..";"Total Agricultura, ganadería,  silvicultura, pesca, y veterinaria";"Hombres";"Evaluacion"
"2018-2019";"..";"Total Agricultura, ganadería,  silvicultura, pesca, y veterinaria";"Hombres";"Evaluacion"
"2017-2018";"..";"Total Agricultura, ganadería,  silvicultura, pesca, y veterinaria";"Hombres";"Evaluacion"
"2016-2017";"..";"Total Agricultura, ganadería,  silvicultura, pesca, y veterinaria";"Hombres";"Evaluacion"
"2015-2016";"..";"Total Agricultura, ganadería,  silvicultura, pesca, y veterinaria";"Hombres";"Evaluacion"
"2022-2023";"..";"Agricultura, ganadería y pesca";"Hombres";"Evaluacion"
"2021-2022";"..";"Agricultura, ganadería y pesca";"Hombres";"Evaluacion"
"2020-2021";"..";"Agricultura, ganadería y pesca";"Hombres";"Evaluacion"
"2019-2020";"..";"Agricultura, ganadería y pesca";"Hombres";"Evaluacion"
"2018-2019";"..";"Agricultura, ganadería y pesca";"Hombres";"Evaluacion"
"2017-2018";"..";"Agricultura, ganadería y pesca";"Hombres";"Evaluacion"
"2016-2017";"..";"Agricultura, ganadería y pesca";"Hombres";"Evaluacion"
"2015-2016";"..";"Agricultura, ganadería y pesca";"Hombres";"Evaluacion"
"2022-2023";"..";"Veterinaria";"Hombres";"Evaluacion"
"2021-2022";"..";"Veterinaria";"Hombres";"Evaluacion"
"2020-2021";"..";"Veterinaria";"Hombres";"Evaluacion"
"2019-2020";"..";"Veterinaria";"Hombres";"Evaluacion"
"2018-2019";"..";"Veterinaria";"Hombres";"Evaluacion"
"2017-2018";"..";"Veterinaria";"Hombres";"Evaluacion"
"2016-2017";"..";"Veterinaria";"Hombres";"Evaluacion"
"2015-2016";"..";"Veterinaria";"Hombres";"Evaluacion"
"2022-2023";"97.0";"Total Salud y servicios sociales";"Hombres";"Evaluacion"
"2021-2022";"96.54";"Total Salud y servicios sociales";"Hombres";"Evaluacion"
"2020-2021";"97.48";"Total Salud y servicios sociales";"Hombres";"Evaluacion"
"2019-2020";"97.99";"Total Salud y servicios sociales";"Hombres";"Evaluacion"
"2018-2019";"98.86";"Total Salud y servicios sociales";"Hombres";"Evaluacion"
"2017-2018";"96.54";"Total Salud y servicios sociales";"Hombres";"Evaluacion"
"2016-2017";"97.24";"Total Salud y servicios sociales";"Hombres";"Evaluacion"
"2015-2016";"96.48";"Total Salud y servicios sociales";"Hombres";"Evaluacion"
"2022-2023";"..";"Medicina";"Hombres";"Evaluacion"
"2021-2022";"..";"Medicina";"Hombres";"Evaluacion"
"2020-2021";"..";"Medicina";"Hombres";"Evaluacion"
"2019-2020";"..";"Medicina";"Hombres";"Evaluacion"
"2018-2019";"..";"Medicina";"Hombres";"Evaluacion"
"2017-2018";"..";"Medicina";"Hombres";"Evaluacion"
"2016-2017";"..";"Medicina";"Hombres";"Evaluacion"
"2015-2016";"..";"Medicina";"Hombres";"Evaluacion"
"2022-2023";"..";"Enfermería y atención a enfermos";"Hombres";"Evaluacion"
"2021-2022";"..";"Enfermería y atención a enfermos";"Hombres";"Evaluacion"
"2020-2021";"..";"Enfermería y atención a enfermos";"Hombres";"Evaluacion"
"2019-2020";"..";"Enfermería y atención a enfermos";"Hombres";"Evaluacion"
"2018-2019";"..";"Enfermería y atención a enfermos";"Hombres";"Evaluacion"
"2017-2018";"..";"Enfermería y atención a enfermos";"Hombres";"Evaluacion"
"2016-2017";"..";"Enfermería y atención a enfermos";"Hombres";"Evaluacion"
"2015-2016";"..";"Enfermería y atención a enfermos";"Hombres";"Evaluacion"
"2022-2023";"97.0";"Otras ciencias de la Salud";"Hombres";"Evaluacion"
"2021-2022";"96.54";"Otras ciencias de la Salud";"Hombres";"Evaluacion"
"2020-2021";"97.48";"Otras ciencias de la Salud";"Hombres";"Evaluacion"
"2019-2020";"97.99";"Otras ciencias de la Salud";"Hombres";"Evaluacion"
"2018-2019";"98.86";"Otras ciencias de la Salud";"Hombres";"Evaluacion"
"2017-2018";"96.54";"Otras ciencias de la Salud";"Hombres";"Evaluacion"
"2016-2017";"97.24";"Otras ciencias de la Salud";"Hombres";"Evaluacion"
"2015-2016";"96.48";"Otras ciencias de la Salud";"Hombres";"Evaluacion"
"2022-2023";"..";"Trabajo social y orientación";"Hombres";"Evaluacion"
"2021-2022";"..";"Trabajo social y orientación";"Hombres";"Evaluacion"
"2020-2021";"..";"Trabajo social y orientación";"Hombres";"Evaluacion"
"2019-2020";"..";"Trabajo social y orientación";"Hombres";"Evaluacion"
"2018-2019";"..";"Trabajo social y orientación";"Hombres";"Evaluacion"
"2017-2018";"..";"Trabajo social y orientación";"Hombres";"Evaluacion"
"2016-2017";"..";"Trabajo social y orientación";"Hombres";"Evaluacion"
"2015-2016";"..";"Trabajo social y orientación";"Hombres";"Evaluacion"
"2022-2023";"98.64";"Total Servicios";"Hombres";"Evaluacion"
"2021-2022";"98.03";"Total Servicios";"Hombres";"Evaluacion"
"2020-2021";"99.19";"Total Servicios";"Hombres";"Evaluacion"
"2019-2020";"99.21";"Total Servicios";"Hombres";"Evaluacion"
"2018-2019";"98.27";"Total Servicios";"Hombres";"Evaluacion"
"2017-2018";"97.91";"Total Servicios";"Hombres";"Evaluacion"
"2016-2017";"96.62";"Total Servicios";"Hombres";"Evaluacion"
"2015-2016";"96.31";"Total Servicios";"Hombres";"Evaluacion"
"2022-2023";"..";"Deportes";"Hombres";"Evaluacion"
"2021-2022";"..";"Deportes";"Hombres";"Evaluacion"
"2020-2021";"..";"Deportes";"Hombres";"Evaluacion"
"2019-2020";"..";"Deportes";"Hombres";"Evaluacion"
"2018-2019";"..";"Deportes";"Hombres";"Evaluacion"
"2017-2018";"..";"Deportes";"Hombres";"Evaluacion"
"2016-2017";"..";"Deportes";"Hombres";"Evaluacion"
"2015-2016";"..";"Deportes";"Hombres";"Evaluacion"
"2022-2023";"88.96";"Turismo y Hostelería";"Hombres";"Evaluacion"
"2021-2022";"84.1";"Turismo y Hostelería";"Hombres";"Evaluacion"
"2020-2021";"94.64";"Turismo y Hostelería";"Hombres";"Evaluacion"
"2019-2020";"94.26";"Turismo y Hostelería";"Hombres";"Evaluacion"
"2018-2019";"88.42";"Turismo y Hostelería";"Hombres";"Evaluacion"
"2017-2018";"88.51";"Turismo y Hostelería";"Hombres";"Evaluacion"
"2016-2017";"87.38";"Turismo y Hostelería";"Hombres";"Evaluacion"
"2015-2016";"87.31";"Turismo y Hostelería";"Hombres";"Evaluacion"
"2022-2023";"99.92";"Otros Servicios";"Hombres";"Evaluacion"
"2021-2022";"99.79";"Otros Servicios";"Hombres";"Evaluacion"
"2020-2021";"99.92";"Otros Servicios";"Hombres";"Evaluacion"
"2019-2020";"100.0";"Otros Servicios";"Hombres";"Evaluacion"
"2018-2019";"100.0";"Otros Servicios";"Hombres";"Evaluacion"
"2017-2018";"100.0";"Otros Servicios";"Hombres";"Evaluacion"
"2016-2017";"100.0";"Otros Servicios";"Hombres";"Evaluacion"
"2015-2016";"100.0";"Otros Servicios";"Hombres";"Evaluacion"
"2022-2023";"???";"Carlos III de Madrid";"Mujeres";"Rendimiento"
"2021-2022";"???";"Carlos III de Madrid";"Mujeres";"Rendimiento"
"2020-2021";"???";"Carlos III de Madrid";"Mujeres";"Rendimiento"
"2019-2020";"???";"Carlos III de Madrid";"Mujeres";"Rendimiento"
"2018-2019";"???";"Carlos III de Madrid";"Mujeres";"Rendimiento"
"2017-2018";"???";"Carlos III de Madrid";"Mujeres";"Rendimiento"
"2016-2017";"???";"Carlos III de Madrid";"Mujeres";"Rendimiento"
"2015-2016";"???";"Carlos III de Madrid";"Mujeres";"Rendimiento"
"2022-2023";"91.89";"Todos los ámbitos";"Mujeres";"Rendimiento"
"2021-2022";"91.36";"Todos los ámbitos";"Mujeres";"Rendimiento"
"2020-2021";"92.27";"Todos los ámbitos";"Mujeres";"Rendimiento"
"2019-2020";"94.55";"Todos los ámbitos";"Mujeres";"Rendimiento"
"2018-2019";"90.85";"Todos los ámbitos";"Mujeres";"Rendimiento"
"2017-2018";"89.69";"Todos los ámbitos";"Mujeres";"Rendimiento"
"2016-2017";"88.81";"Todos los ámbitos";"Mujeres";"Rendimiento"
"2015-2016";"88.31";"Todos los ámbitos";"Mujeres";"Rendimiento"
"2022-2023";"..";"Total Educación";"Mujeres";"Rendimiento"
"2021-2022";"..";"Total Educación";"Mujeres";"Rendimiento"
"2020-2021";"..";"Total Educación";"Mujeres";"Rendimiento"
"2019-2020";"..";"Total Educación";"Mujeres";"Rendimiento"
"2018-2019";"..";"Total Educación";"Mujeres";"Rendimiento"
"2017-2018";"..";"Total Educación";"Mujeres";"Rendimiento"
"2016-2017";"..";"Total Educación";"Mujeres";"Rendimiento"
"2015-2016";"..";"Total Educación";"Mujeres";"Rendimiento"
"2022-2023";"..";"Formación de docentes de enseñanza infantil";"Mujeres";"Rendimiento"
"2021-2022";"..";"Formación de docentes de enseñanza infantil";"Mujeres";"Rendimiento"
"2020-2021";"..";"Formación de docentes de enseñanza infantil";"Mujeres";"Rendimiento"
"2019-2020";"..";"Formación de docentes de enseñanza infantil";"Mujeres";"Rendimiento"
"2018-2019";"..";"Formación de docentes de enseñanza infantil";"Mujeres";"Rendimiento"
"2017-2018";"..";"Formación de docentes de enseñanza infantil";"Mujeres";"Rendimiento"
"2016-2017";"..";"Formación de docentes de enseñanza infantil";"Mujeres";"Rendimiento"
"2015-2016";"..";"Formación de docentes de enseñanza infantil";"Mujeres";"Rendimiento"
"2022-2023";"..";"Formación de docentes de enseñanza primaria";"Mujeres";"Rendimiento"
"2021-2022";"..";"Formación de docentes de enseñanza primaria";"Mujeres";"Rendimiento"
"2020-2021";"..";"Formación de docentes de enseñanza primaria";"Mujeres";"Rendimiento"
"2019-2020";"..";"Formación de docentes de enseñanza primaria";"Mujeres";"Rendimiento"
"2018-2019";"..";"Formación de docentes de enseñanza primaria";"Mujeres";"Rendimiento"
"2017-2018";"..";"Formación de docentes de enseñanza primaria";"Mujeres";"Rendimiento"
"2016-2017";"..";"Formación de docentes de enseñanza primaria";"Mujeres";"Rendimiento"
"2015-2016";"..";"Formación de docentes de enseñanza primaria";"Mujeres";"Rendimiento"
"2022-2023";"..";"Otra Formación de personal docente y ciencias de la educación";"Mujeres";"Rendimiento"
"2021-2022";"..";"Otra Formación de personal docente y ciencias de la educación";"Mujeres";"Rendimiento"
"2020-2021";"..";"Otra Formación de personal docente y ciencias de la educación";"Mujeres";"Rendimiento"
"2019-2020";"..";"Otra Formación de personal docente y ciencias de la educación";"Mujeres";"Rendimiento"
"2018-2019";"..";"Otra Formación de personal docente y ciencias de la educación";"Mujeres";"Rendimiento"
"2017-2018";"..";"Otra Formación de personal docente y ciencias de la educación";"Mujeres";"Rendimiento"
"2016-2017";"..";"Otra Formación de personal docente y ciencias de la educación";"Mujeres";"Rendimiento"
"2015-2016";"..";"Otra Formación de personal docente y ciencias de la educación";"Mujeres";"Rendimiento"
"2022-2023";"94.98";"Total Artes y humanidades";"Mujeres";"Rendimiento"
"2021-2022";"93.44";"Total Artes y humanidades";"Mujeres";"Rendimiento"
"2020-2021";"94.06";"Total Artes y humanidades";"Mujeres";"Rendimiento"
"2019-2020";"96.21";"Total Artes y humanidades";"Mujeres";"Rendimiento"
"2018-2019";"94.07";"Total Artes y humanidades";"Mujeres";"Rendimiento"
"2017-2018";"92.7";"Total Artes y humanidades";"Mujeres";"Rendimiento"
"2016-2017";"93.04";"Total Artes y humanidades";"Mujeres";"Rendimiento"
"2015-2016";"92.85";"Total Artes y humanidades";"Mujeres";"Rendimiento"
"2022-2023";"96.46";"Técnicas audiovisuales y medios de comunicación";"Mujeres";"Rendimiento"
"2021-2022";"95.27";"Técnicas audiovisuales y medios de comunicación";"Mujeres";"Rendimiento"
"2020-2021";"96.48";"Técnicas audiovisuales y medios de comunicación";"Mujeres";"Rendimiento"
"2019-2020";"96.91";"Técnicas audiovisuales y medios de comunicación";"Mujeres";"Rendimiento"
"2018-2019";"95.24";"Técnicas audiovisuales y medios de comunicación";"Mujeres";"Rendimiento"
"2017-2018";"95.24";"Técnicas audiovisuales y medios de comunicación";"Mujeres";"Rendimiento"
"2016-2017";"94.86";"Técnicas audiovisuales y medios de comunicación";"Mujeres";"Rendimiento"
"2015-2016";"95.41";"Técnicas audiovisuales y medios de comunicación";"Mujeres";"Rendimiento"
"2022-2023";"..";"Artes";"Mujeres";"Rendimiento"
"2021-2022";"..";"Artes";"Mujeres";"Rendimiento"
"2020-2021";"..";"Artes";"Mujeres";"Rendimiento"
"2019-2020";"..";"Artes";"Mujeres";"Rendimiento"
"2018-2019";"..";"Artes";"Mujeres";"Rendimiento"
"2017-2018";"..";"Artes";"Mujeres";"Rendimiento"
"2016-2017";"..";"Artes";"Mujeres";"Rendimiento"
"2015-2016";"..";"Artes";"Mujeres";"Rendimiento"
"2022-2023";"..";"Lenguas";"Mujeres";"Rendimiento"
"2021-2022";"..";"Lenguas";"Mujeres";"Rendimiento"
"2020-2021";"..";"Lenguas";"Mujeres";"Rendimiento"
"2019-2020";"..";"Lenguas";"Mujeres";"Rendimiento"
"2018-2019";"..";"Lenguas";"Mujeres";"Rendimiento"
"2017-2018";"..";"Lenguas";"Mujeres";"Rendimiento"
"2016-2017";"..";"Lenguas";"Mujeres";"Rendimiento"
"2015-2016";"..";"Lenguas";"Mujeres";"Rendimiento"
"2022-2023";"92.17";"Humanidades";"Mujeres";"Rendimiento"
"2021-2022";"89.51";"Humanidades";"Mujeres";"Rendimiento"
"2020-2021";"87.53";"Humanidades";"Mujeres";"Rendimiento"
"2019-2020";"93.54";"Humanidades";"Mujeres";"Rendimiento"
"2018-2019";"87.03";"Humanidades";"Mujeres";"Rendimiento"
"2017-2018";"77.72";"Humanidades";"Mujeres";"Rendimiento"
"2016-2017";"82.44";"Humanidades";"Mujeres";"Rendimiento"
"2015-2016";"77.91";"Humanidades";"Mujeres";"Rendimiento"
"2022-2023";"94.43";"Total Ciencias sociales, periodismo y documentación";"Mujeres";"Rendimiento"
"2021-2022";"94.06";"Total Ciencias sociales, periodismo y documentación";"Mujeres";"Rendimiento"
"2020-2021";"95.41";"Total Ciencias sociales, periodismo y documentación";"Mujeres";"Rendimiento"
"2019-2020";"96.59";"Total Ciencias sociales, periodismo y documentación";"Mujeres";"Rendimiento"
"2018-2019";"93.41";"Total Ciencias sociales, periodismo y documentación";"Mujeres";"Rendimiento"
"2017-2018";"92.19";"Total Ciencias sociales, periodismo y documentación";"Mujeres";"Rendimiento"
"2016-2017";"91.52";"Total Ciencias sociales, periodismo y documentación";"Mujeres";"Rendimiento"
"2015-2016";"91.14";"Total Ciencias sociales, periodismo y documentación";"Mujeres";"Rendimiento"
"2022-2023";"..";"Psicología";"Mujeres";"Rendimiento"
"2021-2022";"..";"Psicología";"Mujeres";"Rendimiento"
"2020-2021";"..";"Psicología";"Mujeres";"Rendimiento"
"2019-2020";"..";"Psicología";"Mujeres";"Rendimiento"
"2018-2019";"..";"Psicología";"Mujeres";"Rendimiento"
"2017-2018";"..";"Psicología";"Mujeres";"Rendimiento"
"2016-2017";"..";"Psicología";"Mujeres";"Rendimiento"
"2015-2016";"..";"Psicología";"Mujeres";"Rendimiento"
"2022-2023";"87.16";"Economía";"Mujeres";"Rendimiento"
"2021-2022";"88.45";"Economía";"Mujeres";"Rendimiento"
"2020-2021";"91.17";"Economía";"Mujeres";"Rendimiento"
"2019-2020";"93.08";"Economía";"Mujeres";"Rendimiento"
"2018-2019";"92.0";"Economía";"Mujeres";"Rendimiento"
"2017-2018";"87.49";"Economía";"Mujeres";"Rendimiento"
"2016-2017";"86.95";"Economía";"Mujeres";"Rendimiento"
"2015-2016";"86.59";"Economía";"Mujeres";"Rendimiento"
"2022-2023";"95.7";"Otras Ciencias sociales y del comportamiento";"Mujeres";"Rendimiento"
"2021-2022";"94.42";"Otras Ciencias sociales y del comportamiento";"Mujeres";"Rendimiento"
"2020-2021";"95.8";"Otras Ciencias sociales y del comportamiento";"Mujeres";"Rendimiento"
"2019-2020";"96.17";"Otras Ciencias sociales y del comportamiento";"Mujeres";"Rendimiento"
"2018-2019";"93.0";"Otras Ciencias sociales y del comportamiento";"Mujeres";"Rendimiento"
"2017-2018";"91.48";"Otras Ciencias sociales y del comportamiento";"Mujeres";"Rendimiento"
"2016-2017";"90.32";"Otras Ciencias sociales y del comportamiento";"Mujeres";"Rendimiento"
"2015-2016";"90.3";"Otras Ciencias sociales y del comportamiento";"Mujeres";"Rendimiento"
"2022-2023";"95.34";"Periodismo e información";"Mujeres";"Rendimiento"
"2021-2022";"95.52";"Periodismo e información";"Mujeres";"Rendimiento"
"2020-2021";"96.27";"Periodismo e información";"Mujeres";"Rendimiento"
"2019-2020";"98.15";"Periodismo e información";"Mujeres";"Rendimiento"
"2018-2019";"94.11";"Periodismo e información";"Mujeres";"Rendimiento"
"2017-2018";"94.19";"Periodismo e información";"Mujeres";"Rendimiento"
"2016-2017";"93.61";"Periodismo e información";"Mujeres";"Rendimiento"
"2015-2016";"93.05";"Periodismo e información";"Mujeres";"Rendimiento"
"2022-2023";"92.7";"Total Negocios, administración y derecho";"Mujeres";"Rendimiento"
"2021-2022";"92.41";"Total Negocios, administración y derecho";"Mujeres";"Rendimiento"
"2020-2021";"93.6";"Total Negocios, administración y derecho";"Mujeres";"Rendimiento"
"2019-2020";"95.75";"Total Negocios, administración y derecho";"Mujeres";"Rendimiento"
"2018-2019";"92.5";"Total Negocios, administración y derecho";"Mujeres";"Rendimiento"
"2017-2018";"91.31";"Total Negocios, administración y derecho";"Mujeres";"Rendimiento"
"2016-2017";"90.93";"Total Negocios, administración y derecho";"Mujeres";"Rendimiento"
"2015-2016";"90.4";"Total Negocios, administración y derecho";"Mujeres";"Rendimiento"
"2022-2023";"91.25";"Administración y gestión de empresas";"Mujeres";"Rendimiento"
"2021-2022";"91.25";"Administración y gestión de empresas";"Mujeres";"Rendimiento"
"2020-2021";"93.66";"Administración y gestión de empresas";"Mujeres";"Rendimiento"
"2019-2020";"94.62";"Administración y gestión de empresas";"Mujeres";"Rendimiento"
"2018-2019";"92.47";"Administración y gestión de empresas";"Mujeres";"Rendimiento"
"2017-2018";"90.76";"Administración y gestión de empresas";"Mujeres";"Rendimiento"
"2016-2017";"90.57";"Administración y gestión de empresas";"Mujeres";"Rendimiento"
"2015-2016";"90.53";"Administración y gestión de empresas";"Mujeres";"Rendimiento"
"2022-2023";"91.06";"Otra Educación comercial y empresarial";"Mujeres";"Rendimiento"
"2021-2022";"92.33";"Otra Educación comercial y empresarial";"Mujeres";"Rendimiento"
"2020-2021";"89.67";"Otra Educación comercial y empresarial";"Mujeres";"Rendimiento"
"2019-2020";"90.88";"Otra Educación comercial y empresarial";"Mujeres";"Rendimiento"
"2018-2019";"87.49";"Otra Educación comercial y empresarial";"Mujeres";"Rendimiento"
"2017-2018";"81.53";"Otra Educación comercial y empresarial";"Mujeres";"Rendimiento"
"2016-2017";"82.43";"Otra Educación comercial y empresarial";"Mujeres";"Rendimiento"
"2015-2016";"86.59";"Otra Educación comercial y empresarial";"Mujeres";"Rendimiento"
"2022-2023";"93.39";"Derecho";"Mujeres";"Rendimiento"
"2021-2022";"92.87";"Derecho";"Mujeres";"Rendimiento"
"2020-2021";"93.91";"Derecho";"Mujeres";"Rendimiento"
"2019-2020";"96.59";"Derecho";"Mujeres";"Rendimiento"
"2018-2019";"92.97";"Derecho";"Mujeres";"Rendimiento"
"2017-2018";"92.5";"Derecho";"Mujeres";"Rendimiento"
"2016-2017";"92.0";"Derecho";"Mujeres";"Rendimiento"
"2015-2016";"90.76";"Derecho";"Mujeres";"Rendimiento"
"2022-2023";"92.47";"Total Ciencias";"Mujeres";"Rendimiento"
"2021-2022";"91.74";"Total Ciencias";"Mujeres";"Rendimiento"
"2020-2021";"90.21";"Total Ciencias";"Mujeres";"Rendimiento"
"2019-2020";"92.52";"Total Ciencias";"Mujeres";"Rendimiento"
"2018-2019";"87.53";"Total Ciencias";"Mujeres";"Rendimiento"
"2017-2018";"87.67";"Total Ciencias";"Mujeres";"Rendimiento"
"2016-2017";"90.76";"Total Ciencias";"Mujeres";"Rendimiento"
"2015-2016";"86.83";"Total Ciencias";"Mujeres";"Rendimiento"
"2022-2023";"..";"Ciencias de la vida";"Mujeres";"Rendimiento"
"2021-2022";"..";"Ciencias de la vida";"Mujeres";"Rendimiento"
"2020-2021";"..";"Ciencias de la vida";"Mujeres";"Rendimiento"
"2019-2020";"..";"Ciencias de la vida";"Mujeres";"Rendimiento"
"2018-2019";"..";"Ciencias de la vida";"Mujeres";"Rendimiento"
"2017-2018";"..";"Ciencias de la vida";"Mujeres";"Rendimiento"
"2016-2017";"..";"Ciencias de la vida";"Mujeres";"Rendimiento"
"2015-2016";"..";"Ciencias de la vida";"Mujeres";"Rendimiento"
"2022-2023";"90.78";"Ciencias Físicas, químicas, geológicas";"Mujeres";"Rendimiento"
"2021-2022";"87.65";"Ciencias Físicas, químicas, geológicas";"Mujeres";"Rendimiento"
"2020-2021";"81.8";"Ciencias Físicas, químicas, geológicas";"Mujeres";"Rendimiento"
"2019-2020";"..";"Ciencias Físicas, químicas, geológicas";"Mujeres";"Rendimiento"
"2018-2019";"..";"Ciencias Físicas, químicas, geológicas";"Mujeres";"Rendimiento"
"2017-2018";"..";"Ciencias Físicas, químicas, geológicas";"Mujeres";"Rendimiento"
"2016-2017";"..";"Ciencias Físicas, químicas, geológicas";"Mujeres";"Rendimiento"
"2015-2016";"..";"Ciencias Físicas, químicas, geológicas";"Mujeres";"Rendimiento"
"2022-2023";"92.92";"Matemáticas y Estadística";"Mujeres";"Rendimiento"
"2021-2022";"92.64";"Matemáticas y Estadística";"Mujeres";"Rendimiento"
"2020-2021";"91.85";"Matemáticas y Estadística";"Mujeres";"Rendimiento"
"2019-2020";"92.37";"Matemáticas y Estadística";"Mujeres";"Rendimiento"
"2018-2019";"87.53";"Matemáticas y Estadística";"Mujeres";"Rendimiento"
"2017-2018";"87.67";"Matemáticas y Estadística";"Mujeres";"Rendimiento"
"2016-2017";"90.76";"Matemáticas y Estadística";"Mujeres";"Rendimiento"
"2015-2016";"86.83";"Matemáticas y Estadística";"Mujeres";"Rendimiento"
"2022-2023";"87.53";"Total Informática";"Mujeres";"Rendimiento"
"2021-2022";"86.16";"Total Informática";"Mujeres";"Rendimiento"
"2020-2021";"85.28";"Total Informática";"Mujeres";"Rendimiento"
"2019-2020";"89.89";"Total Informática";"Mujeres";"Rendimiento"
"2018-2019";"83.16";"Total Informática";"Mujeres";"Rendimiento"
"2017-2018";"83.15";"Total Informática";"Mujeres";"Rendimiento"
"2016-2017";"76.26";"Total Informática";"Mujeres";"Rendimiento"
"2015-2016";"78.38";"Total Informática";"Mujeres";"Rendimiento"
"2022-2023";"87.53";"Informática";"Mujeres";"Rendimiento"
"2021-2022";"86.16";"Informática";"Mujeres";"Rendimiento"
"2020-2021";"85.28";"Informática";"Mujeres";"Rendimiento"
"2019-2020";"89.89";"Informática";"Mujeres";"Rendimiento"
"2018-2019";"83.16";"Informática";"Mujeres";"Rendimiento"
"2017-2018";"83.15";"Informática";"Mujeres";"Rendimiento"
"2016-2017";"76.26";"Informática";"Mujeres";"Rendimiento"
"2015-2016";"78.38";"Informática";"Mujeres";"Rendimiento"
"2022-2023";"80.87";"Total Ingeniería, industria y construcción";"Mujeres";"Rendimiento"
"2021-2022";"79.97";"Total Ingeniería, industria y construcción";"Mujeres";"Rendimiento"
"2020-2021";"79.17";"Total Ingeniería, industria y construcción";"Mujeres";"Rendimiento"
"2019-2020";"84.75";"Total Ingeniería, industria y construcción";"Mujeres";"Rendimiento"
"2018-2019";"78.85";"Total Ingeniería, industria y construcción";"Mujeres";"Rendimiento"
"2017-2018";"78.04";"Total Ingeniería, industria y construcción";"Mujeres";"Rendimiento"
"2016-2017";"76.23";"Total Ingeniería, industria y construcción";"Mujeres";"Rendimiento"
"2015-2016";"74.69";"Total Ingeniería, industria y construcción";"Mujeres";"Rendimiento"
"2022-2023";"80.87";"Ingenierías";"Mujeres";"Rendimiento"
"2021-2022";"79.97";"Ingenierías";"Mujeres";"Rendimiento"
"2020-2021";"79.17";"Ingenierías";"Mujeres";"Rendimiento"
"2019-2020";"84.75";"Ingenierías";"Mujeres";"Rendimiento"
"2018-2019";"78.85";"Ingenierías";"Mujeres";"Rendimiento"
"2017-2018";"78.04";"Ingenierías";"Mujeres";"Rendimiento"
"2016-2017";"76.23";"Ingenierías";"Mujeres";"Rendimiento"
"2015-2016";"74.69";"Ingenierías";"Mujeres";"Rendimiento"
"2022-2023";"..";"Arquitectura y construcción";"Mujeres";"Rendimiento"
"2021-2022";"..";"Arquitectura y construcción";"Mujeres";"Rendimiento"
"2020-2021";"..";"Arquitectura y construcción";"Mujeres";"Rendimiento"
"2019-2020";"..";"Arquitectura y construcción";"Mujeres";"Rendimiento"
"2018-2019";"..";"Arquitectura y construcción";"Mujeres";"Rendimiento"
"2017-2018";"..";"Arquitectura y construcción";"Mujeres";"Rendimiento"
"2016-2017";"..";"Arquitectura y construcción";"Mujeres";"Rendimiento"
"2015-2016";"..";"Arquitectura y construcción";"Mujeres";"Rendimiento"
"2022-2023";"..";"Total Agricultura, ganadería,  silvicultura, pesca, y veterinaria";"Mujeres";"Rendimiento"
"2021-2022";"..";"Total Agricultura, ganadería,  silvicultura, pesca, y veterinaria";"Mujeres";"Rendimiento"
"2020-2021";"..";"Total Agricultura, ganadería,  silvicultura, pesca, y veterinaria";"Mujeres";"Rendimiento"
"2019-2020";"..";"Total Agricultura, ganadería,  silvicultura, pesca, y veterinaria";"Mujeres";"Rendimiento"
"2018-2019";"..";"Total Agricultura, ganadería,  silvicultura, pesca, y veterinaria";"Mujeres";"Rendimiento"
"2017-2018";"..";"Total Agricultura, ganadería,  silvicultura, pesca, y veterinaria";"Mujeres";"Rendimiento"
"2016-2017";"..";"Total Agricultura, ganadería,  silvicultura, pesca, y veterinaria";"Mujeres";"Rendimiento"
"2015-2016";"..";"Total Agricultura, ganadería,  silvicultura, pesca, y veterinaria";"Mujeres";"Rendimiento"
"2022-2023";"..";"Agricultura, ganadería y pesca";"Mujeres";"Rendimiento"
"2021-2022";"..";"Agricultura, ganadería y pesca";"Mujeres";"Rendimiento"
"2020-2021";"..";"Agricultura, ganadería y pesca";"Mujeres";"Rendimiento"
"2019-2020";"..";"Agricultura, ganadería y pesca";"Mujeres";"Rendimiento"
"2018-2019";"..";"Agricultura, ganadería y pesca";"Mujeres";"Rendimiento"
"2017-2018";"..";"Agricultura, ganadería y pesca";"Mujeres";"Rendimiento"
"2016-2017";"..";"Agricultura, ganadería y pesca";"Mujeres";"Rendimiento"
"2015-2016";"..";"Agricultura, ganadería y pesca";"Mujeres";"Rendimiento"
"2022-2023";"..";"Veterinaria";"Mujeres";"Rendimiento"
"2021-2022";"..";"Veterinaria";"Mujeres";"Rendimiento"
"2020-2021";"..";"Veterinaria";"Mujeres";"Rendimiento"
"2019-2020";"..";"Veterinaria";"Mujeres";"Rendimiento"
"2018-2019";"..";"Veterinaria";"Mujeres";"Rendimiento"
"2017-2018";"..";"Veterinaria";"Mujeres";"Rendimiento"
"2016-2017";"..";"Veterinaria";"Mujeres";"Rendimiento"
"2015-2016";"..";"Veterinaria";"Mujeres";"Rendimiento"
"2022-2023";"94.28";"Total Salud y servicios sociales";"Mujeres";"Rendimiento"
"2021-2022";"92.06";"Total Salud y servicios sociales";"Mujeres";"Rendimiento"
"2020-2021";"93.97";"Total Salud y servicios sociales";"Mujeres";"Rendimiento"
"2019-2020";"96.65";"Total Salud y servicios sociales";"Mujeres";"Rendimiento"
"2018-2019";"94.86";"Total Salud y servicios sociales";"Mujeres";"Rendimiento"
"2017-2018";"94.45";"Total Salud y servicios sociales";"Mujeres";"Rendimiento"
"2016-2017";"91.3";"Total Salud y servicios sociales";"Mujeres";"Rendimiento"
"2015-2016";"93.1";"Total Salud y servicios sociales";"Mujeres";"Rendimiento"
"2022-2023";"..";"Medicina";"Mujeres";"Rendimiento"
"2021-2022";"..";"Medicina";"Mujeres";"Rendimiento"
"2020-2021";"..";"Medicina";"Mujeres";"Rendimiento"
"2019-2020";"..";"Medicina";"Mujeres";"Rendimiento"
"2018-2019";"..";"Medicina";"Mujeres";"Rendimiento"
"2017-2018";"..";"Medicina";"Mujeres";"Rendimiento"
"2016-2017";"..";"Medicina";"Mujeres";"Rendimiento"
"2015-2016";"..";"Medicina";"Mujeres";"Rendimiento"
"2022-2023";"..";"Enfermería y atención a enfermos";"Mujeres";"Rendimiento"
"2021-2022";"..";"Enfermería y atención a enfermos";"Mujeres";"Rendimiento"
"2020-2021";"..";"Enfermería y atención a enfermos";"Mujeres";"Rendimiento"
"2019-2020";"..";"Enfermería y atención a enfermos";"Mujeres";"Rendimiento"
"2018-2019";"..";"Enfermería y atención a enfermos";"Mujeres";"Rendimiento"
"2017-2018";"..";"Enfermería y atención a enfermos";"Mujeres";"Rendimiento"
"2016-2017";"..";"Enfermería y atención a enfermos";"Mujeres";"Rendimiento"
"2015-2016";"..";"Enfermería y atención a enfermos";"Mujeres";"Rendimiento"
"2022-2023";"94.28";"Otras ciencias de la Salud";"Mujeres";"Rendimiento"
"2021-2022";"92.06";"Otras ciencias de la Salud";"Mujeres";"Rendimiento"
"2020-2021";"93.97";"Otras ciencias de la Salud";"Mujeres";"Rendimiento"
"2019-2020";"96.65";"Otras ciencias de la Salud";"Mujeres";"Rendimiento"
"2018-2019";"94.86";"Otras ciencias de la Salud";"Mujeres";"Rendimiento"
"2017-2018";"94.45";"Otras ciencias de la Salud";"Mujeres";"Rendimiento"
"2016-2017";"91.3";"Otras ciencias de la Salud";"Mujeres";"Rendimiento"
"2015-2016";"93.1";"Otras ciencias de la Salud";"Mujeres";"Rendimiento"
"2022-2023";"..";"Trabajo social y orientación";"Mujeres";"Rendimiento"
"2021-2022";"..";"Trabajo social y orientación";"Mujeres";"Rendimiento"
"2020-2021";"..";"Trabajo social y orientación";"Mujeres";"Rendimiento"
"2019-2020";"..";"Trabajo social y orientación";"Mujeres";"Rendimiento"
"2018-2019";"..";"Trabajo social y orientación";"Mujeres";"Rendimiento"
"2017-2018";"..";"Trabajo social y orientación";"Mujeres";"Rendimiento"
"2016-2017";"..";"Trabajo social y orientación";"Mujeres";"Rendimiento"
"2015-2016";"..";"Trabajo social y orientación";"Mujeres";"Rendimiento"
"2022-2023";"92.07";"Total Servicios";"Mujeres";"Rendimiento"
"2021-2022";"92.66";"Total Servicios";"Mujeres";"Rendimiento"
"2020-2021";"92.84";"Total Servicios";"Mujeres";"Rendimiento"
"2019-2020";"95.47";"Total Servicios";"Mujeres";"Rendimiento"
"2018-2019";"90.45";"Total Servicios";"Mujeres";"Rendimiento"
"2017-2018";"87.89";"Total Servicios";"Mujeres";"Rendimiento"
"2016-2017";"84.55";"Total Servicios";"Mujeres";"Rendimiento"
"2015-2016";"84.7";"Total Servicios";"Mujeres";"Rendimiento"
"2022-2023";"..";"Deportes";"Mujeres";"Rendimiento"
"2021-2022";"..";"Deportes";"Mujeres";"Rendimiento"
"2020-2021";"..";"Deportes";"Mujeres";"Rendimiento"
"2019-2020";"..";"Deportes";"Mujeres";"Rendimiento"
"2018-2019";"..";"Deportes";"Mujeres";"Rendimiento"
"2017-2018";"..";"Deportes";"Mujeres";"Rendimiento"
"2016-2017";"..";"Deportes";"Mujeres";"Rendimiento"
"2015-2016";"..";"Deportes";"Mujeres";"Rendimiento"
"2022-2023";"87.86";"Turismo y Hostelería";"Mujeres";"Rendimiento"
"2021-2022";"89.33";"Turismo y Hostelería";"Mujeres";"Rendimiento"
"2020-2021";"90.55";"Turismo y Hostelería";"Mujeres";"Rendimiento"
"2019-2020";"94.07";"Turismo y Hostelería";"Mujeres";"Rendimiento"
"2018-2019";"87.91";"Turismo y Hostelería";"Mujeres";"Rendimiento"
"2017-2018";"84.74";"Turismo y Hostelería";"Mujeres";"Rendimiento"
"2016-2017";"81.87";"Turismo y Hostelería";"Mujeres";"Rendimiento"
"2015-2016";"82.68";"Turismo y Hostelería";"Mujeres";"Rendimiento"
"2022-2023";"98.89";"Otros Servicios";"Mujeres";"Rendimiento"
"2021-2022";"99.6";"Otros Servicios";"Mujeres";"Rendimiento"
"2020-2021";"99.51";"Otros Servicios";"Mujeres";"Rendimiento"
"2019-2020";"100.0";"Otros Servicios";"Mujeres";"Rendimiento"
"2018-2019";"..";"Otros Servicios";"Mujeres";"Rendimiento"
"2017-2018";"..";"Otros Servicios";"Mujeres";"Rendimiento"
"2016-2017";"..";"Otros Servicios";"Mujeres";"Rendimiento"
"2015-2016";"..";"Otros Servicios";"Mujeres";"Rendimiento"
"2022-2023";"???";"Carlos III de Madrid";"Mujeres";"Exito"
"2021-2022";"???";"Carlos III de Madrid";"Mujeres";"Exito"
"2020-2021";"???";"Carlos III de Madrid";"Mujeres";"Exito"
"2019-2020";"???";"Carlos III de Madrid";"Mujeres";"Exito"
"2018-2019";"???";"Carlos III de Madrid";"Mujeres";"Exito"
"2017-2018";"???";"Carlos III de Madrid";"Mujeres";"Exito"
"2016-2017";"???";"Carlos III de Madrid";"Mujeres";"Exito"
"2015-2016";"???";"Carlos III de Madrid";"Mujeres";"Exito"
"2022-2023";"95.33";"Todos los ámbitos";"Mujeres";"Exito"
"2021-2022";"95.19";"Todos los ámbitos";"Mujeres";"Exito"
"2020-2021";"95.45";"Todos los ámbitos";"Mujeres";"Exito"
"2019-2020";"96.91";"Todos los ámbitos";"Mujeres";"Exito"
"2018-2019";"94.49";"Todos los ámbitos";"Mujeres";"Exito"
"2017-2018";"94.31";"Todos los ámbitos";"Mujeres";"Exito"
"2016-2017";"93.49";"Todos los ámbitos";"Mujeres";"Exito"
"2015-2016";"93.41";"Todos los ámbitos";"Mujeres";"Exito"
"2022-2023";"..";"Total Educación";"Mujeres";"Exito"
"2021-2022";"..";"Total Educación";"Mujeres";"Exito"
"2020-2021";"..";"Total Educación";"Mujeres";"Exito"
"2019-2020";"..";"Total Educación";"Mujeres";"Exito"
"2018-2019";"..";"Total Educación";"Mujeres";"Exito"
"2017-2018";"..";"Total Educación";"Mujeres";"Exito"
"2016-2017";"..";"Total Educación";"Mujeres";"Exito"
"2015-2016";"..";"Total Educación";"Mujeres";"Exito"
"2022-2023";"..";"Formación de docentes de enseñanza infantil";"Mujeres";"Exito"
"2021-2022";"..";"Formación de docentes de enseñanza infantil";"Mujeres";"Exito"
"2020-2021";"..";"Formación de docentes de enseñanza infantil";"Mujeres";"Exito"
"2019-2020";"..";"Formación de docentes de enseñanza infantil";"Mujeres";"Exito"
"2018-2019";"..";"Formación de docentes de enseñanza infantil";"Mujeres";"Exito"
"2017-2018";"..";"Formación de docentes de enseñanza infantil";"Mujeres";"Exito"
"2016-2017";"..";"Formación de docentes de enseñanza infantil";"Mujeres";"Exito"
"2015-2016";"..";"Formación de docentes de enseñanza infantil";"Mujeres";"Exito"
"2022-2023";"..";"Formación de docentes de enseñanza primaria";"Mujeres";"Exito"
"2021-2022";"..";"Formación de docentes de enseñanza primaria";"Mujeres";"Exito"
"2020-2021";"..";"Formación de docentes de enseñanza primaria";"Mujeres";"Exito"
"2019-2020";"..";"Formación de docentes de enseñanza primaria";"Mujeres";"Exito"
"2018-2019";"..";"Formación de docentes de enseñanza primaria";"Mujeres";"Exito"
"2017-2018";"..";"Formación de docentes de enseñanza primaria";"Mujeres";"Exito"
"2016-2017";"..";"Formación de docentes de enseñanza primaria";"Mujeres";"Exito"
"2015-2016";"..";"Formación de docentes de enseñanza primaria";"Mujeres";"Exito"
"2022-2023";"..";"Otra Formación de personal docente y ciencias de la educación";"Mujeres";"Exito"
"2021-2022";"..";"Otra Formación de personal docente y ciencias de la educación";"Mujeres";"Exito"
"2020-2021";"..";"Otra Formación de personal docente y ciencias de la educación";"Mujeres";"Exito"
"2019-2020";"..";"Otra Formación de personal docente y ciencias de la educación";"Mujeres";"Exito"
"2018-2019";"..";"Otra Formación de personal docente y ciencias de la educación";"Mujeres";"Exito"
"2017-2018";"..";"Otra Formación de personal docente y ciencias de la educación";"Mujeres";"Exito"
"2016-2017";"..";"Otra Formación de personal docente y ciencias de la educación";"Mujeres";"Exito"
"2015-2016";"..";"Otra Formación de personal docente y ciencias de la educación";"Mujeres";"Exito"
"2022-2023";"97.81";"Total Artes y humanidades";"Mujeres";"Exito"
"2021-2022";"97.94";"Total Artes y humanidades";"Mujeres";"Exito"
"2020-2021";"98.22";"Total Artes y humanidades";"Mujeres";"Exito"
"2019-2020";"99.15";"Total Artes y humanidades";"Mujeres";"Exito"
"2018-2019";"97.4";"Total Artes y humanidades";"Mujeres";"Exito"
"2017-2018";"97.57";"Total Artes y humanidades";"Mujeres";"Exito"
"2016-2017";"97.61";"Total Artes y humanidades";"Mujeres";"Exito"
"2015-2016";"97.85";"Total Artes y humanidades";"Mujeres";"Exito"
"2022-2023";"98.84";"Técnicas audiovisuales y medios de comunicación";"Mujeres";"Exito"
"2021-2022";"98.35";"Técnicas audiovisuales y medios de comunicación";"Mujeres";"Exito"
"2020-2021";"99.01";"Técnicas audiovisuales y medios de comunicación";"Mujeres";"Exito"
"2019-2020";"99.45";"Técnicas audiovisuales y medios de comunicación";"Mujeres";"Exito"
"2018-2019";"97.72";"Técnicas audiovisuales y medios de comunicación";"Mujeres";"Exito"
"2017-2018";"98.66";"Técnicas audiovisuales y medios de comunicación";"Mujeres";"Exito"
"2016-2017";"98.15";"Técnicas audiovisuales y medios de comunicación";"Mujeres";"Exito"
"2015-2016";"98.05";"Técnicas audiovisuales y medios de comunicación";"Mujeres";"Exito"
"2022-2023";"..";"Artes";"Mujeres";"Exito"
"2021-2022";"..";"Artes";"Mujeres";"Exito"
"2020-2021";"..";"Artes";"Mujeres";"Exito"
"2019-2020";"..";"Artes";"Mujeres";"Exito"
"2018-2019";"..";"Artes";"Mujeres";"Exito"
"2017-2018";"..";"Artes";"Mujeres";"Exito"
"2016-2017";"..";"Artes";"Mujeres";"Exito"
"2015-2016";"..";"Artes";"Mujeres";"Exito"
"2022-2023";"..";"Lenguas";"Mujeres";"Exito"
"2021-2022";"..";"Lenguas";"Mujeres";"Exito"
"2020-2021";"..";"Lenguas";"Mujeres";"Exito"
"2019-2020";"..";"Lenguas";"Mujeres";"Exito"
"2018-2019";"..";"Lenguas";"Mujeres";"Exito"
"2017-2018";"..";"Lenguas";"Mujeres";"Exito"
"2016-2017";"..";"Lenguas";"Mujeres";"Exito"
"2015-2016";"..";"Lenguas";"Mujeres";"Exito"
"2022-2023";"95.82";"Humanidades";"Mujeres";"Exito"
"2021-2022";"97.0";"Humanidades";"Mujeres";"Exito"
"2020-2021";"95.93";"Humanidades";"Mujeres";"Exito"
"2019-2020";"97.96";"Humanidades";"Mujeres";"Exito"
"2018-2019";"95.3";"Humanidades";"Mujeres";"Exito"
"2017-2018";"90.38";"Humanidades";"Mujeres";"Exito"
"2016-2017";"94.15";"Humanidades";"Mujeres";"Exito"
"2015-2016";"96.43";"Humanidades";"Mujeres";"Exito"
"2022-2023";"97.73";"Total Ciencias sociales, periodismo y documentación";"Mujeres";"Exito"
"2021-2022";"97.59";"Total Ciencias sociales, periodismo y documentación";"Mujeres";"Exito"
"2020-2021";"97.91";"Total Ciencias sociales, periodismo y documentación";"Mujeres";"Exito"
"2019-2020";"98.62";"Total Ciencias sociales, periodismo y documentación";"Mujeres";"Exito"
"2018-2019";"97.04";"Total Ciencias sociales, periodismo y documentación";"Mujeres";"Exito"
"2017-2018";"96.91";"Total Ciencias sociales, periodismo y documentación";"Mujeres";"Exito"
"2016-2017";"96.53";"Total Ciencias sociales, periodismo y documentación";"Mujeres";"Exito"
"2015-2016";"96.42";"Total Ciencias sociales, periodismo y documentación";"Mujeres";"Exito"
"2022-2023";"..";"Psicología";"Mujeres";"Exito"
"2021-2022";"..";"Psicología";"Mujeres";"Exito"
"2020-2021";"..";"Psicología";"Mujeres";"Exito"
"2019-2020";"..";"Psicología";"Mujeres";"Exito"
"2018-2019";"..";"Psicología";"Mujeres";"Exito"
"2017-2018";"..";"Psicología";"Mujeres";"Exito"
"2016-2017";"..";"Psicología";"Mujeres";"Exito"
"2015-2016";"..";"Psicología";"Mujeres";"Exito"
"2022-2023";"93.15";"Economía";"Mujeres";"Exito"
"2021-2022";"93.41";"Economía";"Mujeres";"Exito"
"2020-2021";"94.52";"Economía";"Mujeres";"Exito"
"2019-2020";"96.06";"Economía";"Mujeres";"Exito"
"2018-2019";"95.34";"Economía";"Mujeres";"Exito"
"2017-2018";"93.81";"Economía";"Mujeres";"Exito"
"2016-2017";"92.91";"Economía";"Mujeres";"Exito"
"2015-2016";"92.84";"Economía";"Mujeres";"Exito"
"2022-2023";"98.4";"Otras Ciencias sociales y del comportamiento";"Mujeres";"Exito"
"2021-2022";"97.97";"Otras Ciencias sociales y del comportamiento";"Mujeres";"Exito"
"2020-2021";"98.08";"Otras Ciencias sociales y del comportamiento";"Mujeres";"Exito"
"2019-2020";"98.75";"Otras Ciencias sociales y del comportamiento";"Mujeres";"Exito"
"2018-2019";"96.76";"Otras Ciencias sociales y del comportamiento";"Mujeres";"Exito"
"2017-2018";"96.48";"Otras Ciencias sociales y del comportamiento";"Mujeres";"Exito"
"2016-2017";"95.76";"Otras Ciencias sociales y del comportamiento";"Mujeres";"Exito"
"2015-2016";"95.9";"Otras Ciencias sociales y del comportamiento";"Mujeres";"Exito"
"2022-2023";"98.44";"Periodismo e información";"Mujeres";"Exito"
"2021-2022";"98.5";"Periodismo e información";"Mujeres";"Exito"
"2020-2021";"98.76";"Periodismo e información";"Mujeres";"Exito"
"2019-2020";"99.22";"Periodismo e información";"Mujeres";"Exito"
"2018-2019";"97.72";"Periodismo e información";"Mujeres";"Exito"
"2017-2018";"98.19";"Periodismo e información";"Mujeres";"Exito"
"2016-2017";"98.07";"Periodismo e información";"Mujeres";"Exito"
"2015-2016";"97.84";"Periodismo e información";"Mujeres";"Exito"
"2022-2023";"95.84";"Total Negocios, administración y derecho";"Mujeres";"Exito"
"2021-2022";"95.71";"Total Negocios, administración y derecho";"Mujeres";"Exito"
"2020-2021";"95.98";"Total Negocios, administración y derecho";"Mujeres";"Exito"
"2019-2020";"97.84";"Total Negocios, administración y derecho";"Mujeres";"Exito"
"2018-2019";"95.58";"Total Negocios, administración y derecho";"Mujeres";"Exito"
"2017-2018";"95.47";"Total Negocios, administración y derecho";"Mujeres";"Exito"
"2016-2017";"94.98";"Total Negocios, administración y derecho";"Mujeres";"Exito"
"2015-2016";"94.8";"Total Negocios, administración y derecho";"Mujeres";"Exito"
"2022-2023";"94.61";"Administración y gestión de empresas";"Mujeres";"Exito"
"2021-2022";"94.57";"Administración y gestión de empresas";"Mujeres";"Exito"
"2020-2021";"95.41";"Administración y gestión de empresas";"Mujeres";"Exito"
"2019-2020";"97.27";"Administración y gestión de empresas";"Mujeres";"Exito"
"2018-2019";"95.63";"Administración y gestión de empresas";"Mujeres";"Exito"
"2017-2018";"95.0";"Administración y gestión de empresas";"Mujeres";"Exito"
"2016-2017";"94.57";"Administración y gestión de empresas";"Mujeres";"Exito"
"2015-2016";"94.21";"Administración y gestión de empresas";"Mujeres";"Exito"
"2022-2023";"93.85";"Otra Educación comercial y empresarial";"Mujeres";"Exito"
"2021-2022";"94.89";"Otra Educación comercial y empresarial";"Mujeres";"Exito"
"2020-2021";"94.15";"Otra Educación comercial y empresarial";"Mujeres";"Exito"
"2019-2020";"95.52";"Otra Educación comercial y empresarial";"Mujeres";"Exito"
"2018-2019";"92.59";"Otra Educación comercial y empresarial";"Mujeres";"Exito"
"2017-2018";"89.72";"Otra Educación comercial y empresarial";"Mujeres";"Exito"
"2016-2017";"90.2";"Otra Educación comercial y empresarial";"Mujeres";"Exito"
"2015-2016";"92.84";"Otra Educación comercial y empresarial";"Mujeres";"Exito"
"2022-2023";"96.48";"Derecho";"Mujeres";"Exito"
"2021-2022";"96.22";"Derecho";"Mujeres";"Exito"
"2020-2021";"96.35";"Derecho";"Mujeres";"Exito"
"2019-2020";"98.25";"Derecho";"Mujeres";"Exito"
"2018-2019";"95.81";"Derecho";"Mujeres";"Exito"
"2017-2018";"96.22";"Derecho";"Mujeres";"Exito"
"2016-2017";"95.67";"Derecho";"Mujeres";"Exito"
"2015-2016";"95.31";"Derecho";"Mujeres";"Exito"
"2022-2023";"95.88";"Total Ciencias";"Mujeres";"Exito"
"2021-2022";"95.36";"Total Ciencias";"Mujeres";"Exito"
"2020-2021";"94.26";"Total Ciencias";"Mujeres";"Exito"
"2019-2020";"95.28";"Total Ciencias";"Mujeres";"Exito"
"2018-2019";"92.35";"Total Ciencias";"Mujeres";"Exito"
"2017-2018";"92.98";"Total Ciencias";"Mujeres";"Exito"
"2016-2017";"95.04";"Total Ciencias";"Mujeres";"Exito"
"2015-2016";"91.51";"Total Ciencias";"Mujeres";"Exito"
"2022-2023";"..";"Ciencias de la vida";"Mujeres";"Exito"
"2021-2022";"..";"Ciencias de la vida";"Mujeres";"Exito"
"2020-2021";"..";"Ciencias de la vida";"Mujeres";"Exito"
"2019-2020";"..";"Ciencias de la vida";"Mujeres";"Exito"
"2018-2019";"..";"Ciencias de la vida";"Mujeres";"Exito"
"2017-2018";"..";"Ciencias de la vida";"Mujeres";"Exito"
"2016-2017";"..";"Ciencias de la vida";"Mujeres";"Exito"
"2015-2016";"..";"Ciencias de la vida";"Mujeres";"Exito"
"2022-2023";"95.12";"Ciencias Físicas, químicas, geológicas";"Mujeres";"Exito"
"2021-2022";"92.67";"Ciencias Físicas, químicas, geológicas";"Mujeres";"Exito"
"2020-2021";"88.91";"Ciencias Físicas, químicas, geológicas";"Mujeres";"Exito"
"2019-2020";"..";"Ciencias Físicas, químicas, geológicas";"Mujeres";"Exito"
"2018-2019";"..";"Ciencias Físicas, químicas, geológicas";"Mujeres";"Exito"
"2017-2018";"..";"Ciencias Físicas, químicas, geológicas";"Mujeres";"Exito"
"2016-2017";"..";"Ciencias Físicas, químicas, geológicas";"Mujeres";"Exito"
"2015-2016";"..";"Ciencias Físicas, químicas, geológicas";"Mujeres";"Exito"
"2022-2023";"96.08";"Matemáticas y Estadística";"Mujeres";"Exito"
"2021-2022";"95.94";"Matemáticas y Estadística";"Mujeres";"Exito"
"2020-2021";"95.26";"Matemáticas y Estadística";"Mujeres";"Exito"
"2019-2020";"95.02";"Matemáticas y Estadística";"Mujeres";"Exito"
"2018-2019";"92.35";"Matemáticas y Estadística";"Mujeres";"Exito"
"2017-2018";"92.98";"Matemáticas y Estadística";"Mujeres";"Exito"
"2016-2017";"95.04";"Matemáticas y Estadística";"Mujeres";"Exito"
"2015-2016";"91.51";"Matemáticas y Estadística";"Mujeres";"Exito"
"2022-2023";"91.46";"Total Informática";"Mujeres";"Exito"
"2021-2022";"90.68";"Total Informática";"Mujeres";"Exito"
"2020-2021";"89.99";"Total Informática";"Mujeres";"Exito"
"2019-2020";"92.24";"Total Informática";"Mujeres";"Exito"
"2018-2019";"87.52";"Total Informática";"Mujeres";"Exito"
"2017-2018";"88.71";"Total Informática";"Mujeres";"Exito"
"2016-2017";"82.8";"Total Informática";"Mujeres";"Exito"
"2015-2016";"85.54";"Total Informática";"Mujeres";"Exito"
"2022-2023";"91.46";"Informática";"Mujeres";"Exito"
"2021-2022";"90.68";"Informática";"Mujeres";"Exito"
"2020-2021";"89.99";"Informática";"Mujeres";"Exito"
"2019-2020";"92.24";"Informática";"Mujeres";"Exito"
"2018-2019";"87.52";"Informática";"Mujeres";"Exito"
"2017-2018";"88.71";"Informática";"Mujeres";"Exito"
"2016-2017";"82.8";"Informática";"Mujeres";"Exito"
"2015-2016";"85.54";"Informática";"Mujeres";"Exito"
"2022-2023";"86.25";"Total Ingeniería, industria y construcción";"Mujeres";"Exito"
"2021-2022";"86.0";"Total Ingeniería, industria y construcción";"Mujeres";"Exito"
"2020-2021";"85.97";"Total Ingeniería, industria y construcción";"Mujeres";"Exito"
"2019-2020";"88.45";"Total Ingeniería, industria y construcción";"Mujeres";"Exito"
"2018-2019";"84.54";"Total Ingeniería, industria y construcción";"Mujeres";"Exito"
"2017-2018";"83.79";"Total Ingeniería, industria y construcción";"Mujeres";"Exito"
"2016-2017";"82.15";"Total Ingeniería, industria y construcción";"Mujeres";"Exito"
"2015-2016";"81.43";"Total Ingeniería, industria y construcción";"Mujeres";"Exito"
"2022-2023";"86.25";"Ingenierías";"Mujeres";"Exito"
"2021-2022";"86.0";"Ingenierías";"Mujeres";"Exito"
"2020-2021";"85.97";"Ingenierías";"Mujeres";"Exito"
"2019-2020";"88.45";"Ingenierías";"Mujeres";"Exito"
"2018-2019";"84.54";"Ingenierías";"Mujeres";"Exito"
"2017-2018";"83.79";"Ingenierías";"Mujeres";"Exito"
"2016-2017";"82.15";"Ingenierías";"Mujeres";"Exito"
"2015-2016";"81.43";"Ingenierías";"Mujeres";"Exito"
"2022-2023";"..";"Arquitectura y construcción";"Mujeres";"Exito"
"2021-2022";"..";"Arquitectura y construcción";"Mujeres";"Exito"
"2020-2021";"..";"Arquitectura y construcción";"Mujeres";"Exito"
"2019-2020";"..";"Arquitectura y construcción";"Mujeres";"Exito"
"2018-2019";"..";"Arquitectura y construcción";"Mujeres";"Exito"
"2017-2018";"..";"Arquitectura y construcción";"Mujeres";"Exito"
"2016-2017";"..";"Arquitectura y construcción";"Mujeres";"Exito"
"2015-2016";"..";"Arquitectura y construcción";"Mujeres";"Exito"
"2022-2023";"..";"Total Agricultura, ganadería,  silvicultura, pesca, y veterinaria";"Mujeres";"Exito"
"2021-2022";"..";"Total Agricultura, ganadería,  silvicultura, pesca, y veterinaria";"Mujeres";"Exito"
"2020-2021";"..";"Total Agricultura, ganadería,  silvicultura, pesca, y veterinaria";"Mujeres";"Exito"
"2019-2020";"..";"Total Agricultura, ganadería,  silvicultura, pesca, y veterinaria";"Mujeres";"Exito"
"2018-2019";"..";"Total Agricultura, ganadería,  silvicultura, pesca, y veterinaria";"Mujeres";"Exito"
"2017-2018";"..";"Total Agricultura, ganadería,  silvicultura, pesca, y veterinaria";"Mujeres";"Exito"
"2016-2017";"..";"Total Agricultura, ganadería,  silvicultura, pesca, y veterinaria";"Mujeres";"Exito"
"2015-2016";"..";"Total Agricultura, ganadería,  silvicultura, pesca, y veterinaria";"Mujeres";"Exito"
"2022-2023";"..";"Agricultura, ganadería y pesca";"Mujeres";"Exito"
"2021-2022";"..";"Agricultura, ganadería y pesca";"Mujeres";"Exito"
"2020-2021";"..";"Agricultura, ganadería y pesca";"Mujeres";"Exito"
"2019-2020";"..";"Agricultura, ganadería y pesca";"Mujeres";"Exito"
"2018-2019";"..";"Agricultura, ganadería y pesca";"Mujeres";"Exito"
"2017-2018";"..";"Agricultura, ganadería y pesca";"Mujeres";"Exito"
"2016-2017";"..";"Agricultura, ganadería y pesca";"Mujeres";"Exito"
"2015-2016";"..";"Agricultura, ganadería y pesca";"Mujeres";"Exito"
"2022-2023";"..";"Veterinaria";"Mujeres";"Exito"
"2021-2022";"..";"Veterinaria";"Mujeres";"Exito"
"2020-2021";"..";"Veterinaria";"Mujeres";"Exito"
"2019-2020";"..";"Veterinaria";"Mujeres";"Exito"
"2018-2019";"..";"Veterinaria";"Mujeres";"Exito"
"2017-2018";"..";"Veterinaria";"Mujeres";"Exito"
"2016-2017";"..";"Veterinaria";"Mujeres";"Exito"
"2015-2016";"..";"Veterinaria";"Mujeres";"Exito"
"2022-2023";"96.11";"Total Salud y servicios sociales";"Mujeres";"Exito"
"2021-2022";"95.63";"Total Salud y servicios sociales";"Mujeres";"Exito"
"2020-2021";"96.71";"Total Salud y servicios sociales";"Mujeres";"Exito"
"2019-2020";"98.49";"Total Salud y servicios sociales";"Mujeres";"Exito"
"2018-2019";"96.49";"Total Salud y servicios sociales";"Mujeres";"Exito"
"2017-2018";"96.5";"Total Salud y servicios sociales";"Mujeres";"Exito"
"2016-2017";"94.83";"Total Salud y servicios sociales";"Mujeres";"Exito"
"2015-2016";"95.8";"Total Salud y servicios sociales";"Mujeres";"Exito"
"2022-2023";"..";"Medicina";"Mujeres";"Exito"
"2021-2022";"..";"Medicina";"Mujeres";"Exito"
"2020-2021";"..";"Medicina";"Mujeres";"Exito"
"2019-2020";"..";"Medicina";"Mujeres";"Exito"
"2018-2019";"..";"Medicina";"Mujeres";"Exito"
"2017-2018";"..";"Medicina";"Mujeres";"Exito"
"2016-2017";"..";"Medicina";"Mujeres";"Exito"
"2015-2016";"..";"Medicina";"Mujeres";"Exito"
"2022-2023";"..";"Enfermería y atención a enfermos";"Mujeres";"Exito"
"2021-2022";"..";"Enfermería y atención a enfermos";"Mujeres";"Exito"
"2020-2021";"..";"Enfermería y atención a enfermos";"Mujeres";"Exito"
"2019-2020";"..";"Enfermería y atención a enfermos";"Mujeres";"Exito"
"2018-2019";"..";"Enfermería y atención a enfermos";"Mujeres";"Exito"
"2017-2018";"..";"Enfermería y atención a enfermos";"Mujeres";"Exito"
"2016-2017";"..";"Enfermería y atención a enfermos";"Mujeres";"Exito"
"2015-2016";"..";"Enfermería y atención a enfermos";"Mujeres";"Exito"
"2022-2023";"96.11";"Otras ciencias de la Salud";"Mujeres";"Exito"
"2021-2022";"95.63";"Otras ciencias de la Salud";"Mujeres";"Exito"
"2020-2021";"96.71";"Otras ciencias de la Salud";"Mujeres";"Exito"
"2019-2020";"98.49";"Otras ciencias de la Salud";"Mujeres";"Exito"
"2018-2019";"96.49";"Otras ciencias de la Salud";"Mujeres";"Exito"
"2017-2018";"96.5";"Otras ciencias de la Salud";"Mujeres";"Exito"
"2016-2017";"94.83";"Otras ciencias de la Salud";"Mujeres";"Exito"
"2015-2016";"95.8";"Otras ciencias de la Salud";"Mujeres";"Exito"
"2022-2023";"..";"Trabajo social y orientación";"Mujeres";"Exito"
"2021-2022";"..";"Trabajo social y orientación";"Mujeres";"Exito"
"2020-2021";"..";"Trabajo social y orientación";"Mujeres";"Exito"
"2019-2020";"..";"Trabajo social y orientación";"Mujeres";"Exito"
"2018-2019";"..";"Trabajo social y orientación";"Mujeres";"Exito"
"2017-2018";"..";"Trabajo social y orientación";"Mujeres";"Exito"
"2016-2017";"..";"Trabajo social y orientación";"Mujeres";"Exito"
"2015-2016";"..";"Trabajo social y orientación";"Mujeres";"Exito"
"2022-2023";"94.26";"Total Servicios";"Mujeres";"Exito"
"2021-2022";"95.02";"Total Servicios";"Mujeres";"Exito"
"2020-2021";"94.63";"Total Servicios";"Mujeres";"Exito"
"2019-2020";"97.87";"Total Servicios";"Mujeres";"Exito"
"2018-2019";"93.7";"Total Servicios";"Mujeres";"Exito"
"2017-2018";"93.51";"Total Servicios";"Mujeres";"Exito"
"2016-2017";"88.76";"Total Servicios";"Mujeres";"Exito"
"2015-2016";"91.62";"Total Servicios";"Mujeres";"Exito"
"2022-2023";"..";"Deportes";"Mujeres";"Exito"
"2021-2022";"..";"Deportes";"Mujeres";"Exito"
"2020-2021";"..";"Deportes";"Mujeres";"Exito"
"2019-2020";"..";"Deportes";"Mujeres";"Exito"
"2018-2019";"..";"Deportes";"Mujeres";"Exito"
"2017-2018";"..";"Deportes";"Mujeres";"Exito"
"2016-2017";"..";"Deportes";"Mujeres";"Exito"
"2015-2016";"..";"Deportes";"Mujeres";"Exito"
"2022-2023";"91.29";"Turismo y Hostelería";"Mujeres";"Exito"
"2021-2022";"92.73";"Turismo y Hostelería";"Mujeres";"Exito"
"2020-2021";"92.91";"Turismo y Hostelería";"Mujeres";"Exito"
"2019-2020";"97.2";"Turismo y Hostelería";"Mujeres";"Exito"
"2018-2019";"91.98";"Turismo y Hostelería";"Mujeres";"Exito"
"2017-2018";"91.68";"Turismo y Hostelería";"Mujeres";"Exito"
"2016-2017";"86.7";"Turismo y Hostelería";"Mujeres";"Exito"
"2015-2016";"90.41";"Turismo y Hostelería";"Mujeres";"Exito"
"2022-2023";"98.89";"Otros Servicios";"Mujeres";"Exito"
"2021-2022";"99.6";"Otros Servicios";"Mujeres";"Exito"
"2020-2021";"99.51";"Otros Servicios";"Mujeres";"Exito"
"2019-2020";"100.0";"Otros Servicios";"Mujeres";"Exito"
"2018-2019";"..";"Otros Servicios";"Mujeres";"Exito"
"2017-2018";"..";"Otros Servicios";"Mujeres";"Exito"
"2016-2017";"..";"Otros Servicios";"Mujeres";"Exito"
"2015-2016";"..";"Otros Servicios";"Mujeres";"Exito"
"2022-2023";"???";"Carlos III de Madrid";"Mujeres";"Evaluacion"
"2021-2022";"???";"Carlos III de Madrid";"Mujeres";"Evaluacion"
"2020-2021";"???";"Carlos III de Madrid";"Mujeres";"Evaluacion"
"2019-2020";"???";"Carlos III de Madrid";"Mujeres";"Evaluacion"
"2018-2019";"???";"Carlos III de Madrid";"Mujeres";"Evaluacion"
"2017-2018";"???";"Carlos III de Madrid";"Mujeres";"Evaluacion"
"2016-2017";"???";"Carlos III de Madrid";"Mujeres";"Evaluacion"
"2015-2016";"???";"Carlos III de Madrid";"Mujeres";"Evaluacion"
"2022-2023";"96.39";"Todos los ámbitos";"Mujeres";"Evaluacion"
"2021-2022";"95.98";"Todos los ámbitos";"Mujeres";"Evaluacion"
"2020-2021";"96.67";"Todos los ámbitos";"Mujeres";"Evaluacion"
"2019-2020";"97.57";"Todos los ámbitos";"Mujeres";"Evaluacion"
"2018-2019";"96.15";"Todos los ámbitos";"Mujeres";"Evaluacion"
"2017-2018";"95.1";"Todos los ámbitos";"Mujeres";"Evaluacion"
"2016-2017";"95.0";"Todos los ámbitos";"Mujeres";"Evaluacion"
"2015-2016";"94.54";"Todos los ámbitos";"Mujeres";"Evaluacion"
"2022-2023";"..";"Total Educación";"Mujeres";"Evaluacion"
"2021-2022";"..";"Total Educación";"Mujeres";"Evaluacion"
"2020-2021";"..";"Total Educación";"Mujeres";"Evaluacion"
"2019-2020";"..";"Total Educación";"Mujeres";"Evaluacion"
"2018-2019";"..";"Total Educación";"Mujeres";"Evaluacion"
"2017-2018";"..";"Total Educación";"Mujeres";"Evaluacion"
"2016-2017";"..";"Total Educación";"Mujeres";"Evaluacion"
"2015-2016";"..";"Total Educación";"Mujeres";"Evaluacion"
"2022-2023";"..";"Formación de docentes de enseñanza infantil";"Mujeres";"Evaluacion"
"2021-2022";"..";"Formación de docentes de enseñanza infantil";"Mujeres";"Evaluacion"
"2020-2021";"..";"Formación de docentes de enseñanza infantil";"Mujeres";"Evaluacion"
"2019-2020";"..";"Formación de docentes de enseñanza infantil";"Mujeres";"Evaluacion"
"2018-2019";"..";"Formación de docentes de enseñanza infantil";"Mujeres";"Evaluacion"
"2017-2018";"..";"Formación de docentes de enseñanza infantil";"Mujeres";"Evaluacion"
"2016-2017";"..";"Formación de docentes de enseñanza infantil";"Mujeres";"Evaluacion"
"2015-2016";"..";"Formación de docentes de enseñanza infantil";"Mujeres";"Evaluacion"
"2022-2023";"..";"Formación de docentes de enseñanza primaria";"Mujeres";"Evaluacion"
"2021-2022";"..";"Formación de docentes de enseñanza primaria";"Mujeres";"Evaluacion"
"2020-2021";"..";"Formación de docentes de enseñanza primaria";"Mujeres";"Evaluacion"
"2019-2020";"..";"Formación de docentes de enseñanza primaria";"Mujeres";"Evaluacion"
"2018-2019";"..";"Formación de docentes de enseñanza primaria";"Mujeres";"Evaluacion"
"2017-2018";"..";"Formación de docentes de enseñanza primaria";"Mujeres";"Evaluacion"
"2016-2017";"..";"Formación de docentes de enseñanza primaria";"Mujeres";"Evaluacion"
"2015-2016";"..";"Formación de docentes de enseñanza primaria";"Mujeres";"Evaluacion"
"2022-2023";"..";"Otra Formación de personal docente y ciencias de la educación";"Mujeres";"Evaluacion"
"2021-2022";"..";"Otra Formación de personal docente y ciencias de la educación";"Mujeres";"Evaluacion"
"2020-2021";"..";"Otra Formación de personal docente y ciencias de la educación";"Mujeres";"Evaluacion"
"2019-2020";"..";"Otra Formación de personal docente y ciencias de la educación";"Mujeres";"Evaluacion"
"2018-2019";"..";"Otra Formación de personal docente y ciencias de la educación";"Mujeres";"Evaluacion"
"2017-2018";"..";"Otra Formación de personal docente y ciencias de la educación";"Mujeres";"Evaluacion"
"2016-2017";"..";"Otra Formación de personal docente y ciencias de la educación";"Mujeres";"Evaluacion"
"2015-2016";"..";"Otra Formación de personal docente y ciencias de la educación";"Mujeres";"Evaluacion"
"2022-2023";"97.11";"Total Artes y humanidades";"Mujeres";"Evaluacion"
"2021-2022";"95.41";"Total Artes y humanidades";"Mujeres";"Evaluacion"
"2020-2021";"95.77";"Total Artes y humanidades";"Mujeres";"Evaluacion"
"2019-2020";"97.04";"Total Artes y humanidades";"Mujeres";"Evaluacion"
"2018-2019";"96.59";"Total Artes y humanidades";"Mujeres";"Evaluacion"
"2017-2018";"95.01";"Total Artes y humanidades";"Mujeres";"Evaluacion"
"2016-2017";"95.32";"Total Artes y humanidades";"Mujeres";"Evaluacion"
"2015-2016";"94.89";"Total Artes y humanidades";"Mujeres";"Evaluacion"
"2022-2023";"97.59";"Técnicas audiovisuales y medios de comunicación";"Mujeres";"Evaluacion"
"2021-2022";"96.87";"Técnicas audiovisuales y medios de comunicación";"Mujeres";"Evaluacion"
"2020-2021";"97.44";"Técnicas audiovisuales y medios de comunicación";"Mujeres";"Evaluacion"
"2019-2020";"97.44";"Técnicas audiovisuales y medios de comunicación";"Mujeres";"Evaluacion"
"2018-2019";"97.46";"Técnicas audiovisuales y medios de comunicación";"Mujeres";"Evaluacion"
"2017-2018";"96.53";"Técnicas audiovisuales y medios de comunicación";"Mujeres";"Evaluacion"
"2016-2017";"96.65";"Técnicas audiovisuales y medios de comunicación";"Mujeres";"Evaluacion"
"2015-2016";"97.3";"Técnicas audiovisuales y medios de comunicación";"Mujeres";"Evaluacion"
"2022-2023";"..";"Artes";"Mujeres";"Evaluacion"
"2021-2022";"..";"Artes";"Mujeres";"Evaluacion"
"2020-2021";"..";"Artes";"Mujeres";"Evaluacion"
"2019-2020";"..";"Artes";"Mujeres";"Evaluacion"
"2018-2019";"..";"Artes";"Mujeres";"Evaluacion"
"2017-2018";"..";"Artes";"Mujeres";"Evaluacion"
"2016-2017";"..";"Artes";"Mujeres";"Evaluacion"
"2015-2016";"..";"Artes";"Mujeres";"Evaluacion"
"2022-2023";"..";"Lenguas";"Mujeres";"Evaluacion"
"2021-2022";"..";"Lenguas";"Mujeres";"Evaluacion"
"2020-2021";"..";"Lenguas";"Mujeres";"Evaluacion"
"2019-2020";"..";"Lenguas";"Mujeres";"Evaluacion"
"2018-2019";"..";"Lenguas";"Mujeres";"Evaluacion"
"2017-2018";"..";"Lenguas";"Mujeres";"Evaluacion"
"2016-2017";"..";"Lenguas";"Mujeres";"Evaluacion"
"2015-2016";"..";"Lenguas";"Mujeres";"Evaluacion"
"2022-2023";"96.19";"Humanidades";"Mujeres";"Evaluacion"
"2021-2022";"92.28";"Humanidades";"Mujeres";"Evaluacion"
"2020-2021";"91.25";"Humanidades";"Mujeres";"Evaluacion"
"2019-2020";"95.48";"Humanidades";"Mujeres";"Evaluacion"
"2018-2019";"91.32";"Humanidades";"Mujeres";"Evaluacion"
"2017-2018";"85.99";"Humanidades";"Mujeres";"Evaluacion"
"2016-2017";"87.56";"Humanidades";"Mujeres";"Evaluacion"
"2015-2016";"80.79";"Humanidades";"Mujeres";"Evaluacion"
"2022-2023";"96.62";"Total Ciencias sociales, periodismo y documentación";"Mujeres";"Evaluacion"
"2021-2022";"96.38";"Total Ciencias sociales, periodismo y documentación";"Mujeres";"Evaluacion"
"2020-2021";"97.45";"Total Ciencias sociales, periodismo y documentación";"Mujeres";"Evaluacion"
"2019-2020";"97.94";"Total Ciencias sociales, periodismo y documentación";"Mujeres";"Evaluacion"
"2018-2019";"96.27";"Total Ciencias sociales, periodismo y documentación";"Mujeres";"Evaluacion"
"2017-2018";"95.12";"Total Ciencias sociales, periodismo y documentación";"Mujeres";"Evaluacion"
"2016-2017";"94.81";"Total Ciencias sociales, periodismo y documentación";"Mujeres";"Evaluacion"
"2015-2016";"94.52";"Total Ciencias sociales, periodismo y documentación";"Mujeres";"Evaluacion"
"2022-2023";"..";"Psicología";"Mujeres";"Evaluacion"
"2021-2022";"..";"Psicología";"Mujeres";"Evaluacion"
"2020-2021";"..";"Psicología";"Mujeres";"Evaluacion"
"2019-2020";"..";"Psicología";"Mujeres";"Evaluacion"
"2018-2019";"..";"Psicología";"Mujeres";"Evaluacion"
"2017-2018";"..";"Psicología";"Mujeres";"Evaluacion"
"2016-2017";"..";"Psicología";"Mujeres";"Evaluacion"
"2015-2016";"..";"Psicología";"Mujeres";"Evaluacion"
"2022-2023";"93.56";"Economía";"Mujeres";"Evaluacion"
"2021-2022";"94.69";"Economía";"Mujeres";"Evaluacion"
"2020-2021";"96.46";"Economía";"Mujeres";"Evaluacion"
"2019-2020";"96.9";"Economía";"Mujeres";"Evaluacion"
"2018-2019";"96.49";"Economía";"Mujeres";"Evaluacion"
"2017-2018";"93.27";"Economía";"Mujeres";"Evaluacion"
"2016-2017";"93.59";"Economía";"Mujeres";"Evaluacion"
"2015-2016";"93.27";"Economía";"Mujeres";"Evaluacion"
"2022-2023";"97.26";"Otras Ciencias sociales y del comportamiento";"Mujeres";"Evaluacion"
"2021-2022";"96.37";"Otras Ciencias sociales y del comportamiento";"Mujeres";"Evaluacion"
"2020-2021";"97.68";"Otras Ciencias sociales y del comportamiento";"Mujeres";"Evaluacion"
"2019-2020";"97.39";"Otras Ciencias sociales y del comportamiento";"Mujeres";"Evaluacion"
"2018-2019";"96.12";"Otras Ciencias sociales y del comportamiento";"Mujeres";"Evaluacion"
"2017-2018";"94.82";"Otras Ciencias sociales y del comportamiento";"Mujeres";"Evaluacion"
"2016-2017";"94.32";"Otras Ciencias sociales y del comportamiento";"Mujeres";"Evaluacion"
"2015-2016";"94.16";"Otras Ciencias sociales y del comportamiento";"Mujeres";"Evaluacion"
"2022-2023";"96.85";"Periodismo e información";"Mujeres";"Evaluacion"
"2021-2022";"96.97";"Periodismo e información";"Mujeres";"Evaluacion"
"2020-2021";"97.48";"Periodismo e información";"Mujeres";"Evaluacion"
"2019-2020";"98.92";"Periodismo e información";"Mujeres";"Evaluacion"
"2018-2019";"96.31";"Periodismo e información";"Mujeres";"Evaluacion"
"2017-2018";"95.92";"Periodismo e información";"Mujeres";"Evaluacion"
"2016-2017";"95.45";"Periodismo e información";"Mujeres";"Evaluacion"
"2015-2016";"95.1";"Periodismo e información";"Mujeres";"Evaluacion"
"2022-2023";"96.72";"Total Negocios, administración y derecho";"Mujeres";"Evaluacion"
"2021-2022";"96.55";"Total Negocios, administración y derecho";"Mujeres";"Evaluacion"
"2020-2021";"97.53";"Total Negocios, administración y derecho";"Mujeres";"Evaluacion"
"2019-2020";"97.86";"Total Negocios, administración y derecho";"Mujeres";"Evaluacion"
"2018-2019";"96.78";"Total Negocios, administración y derecho";"Mujeres";"Evaluacion"
"2017-2018";"95.64";"Total Negocios, administración y derecho";"Mujeres";"Evaluacion"
"2016-2017";"95.73";"Total Negocios, administración y derecho";"Mujeres";"Evaluacion"
"2015-2016";"95.36";"Total Negocios, administración y derecho";"Mujeres";"Evaluacion"
"2022-2023";"96.46";"Administración y gestión de empresas";"Mujeres";"Evaluacion"
"2021-2022";"96.49";"Administración y gestión de empresas";"Mujeres";"Evaluacion"
"2020-2021";"98.17";"Administración y gestión de empresas";"Mujeres";"Evaluacion"
"2019-2020";"97.28";"Administración y gestión de empresas";"Mujeres";"Evaluacion"
"2018-2019";"96.7";"Administración y gestión de empresas";"Mujeres";"Evaluacion"
"2017-2018";"95.54";"Administración y gestión de empresas";"Mujeres";"Evaluacion"
"2016-2017";"95.77";"Administración y gestión de empresas";"Mujeres";"Evaluacion"
"2015-2016";"96.09";"Administración y gestión de empresas";"Mujeres";"Evaluacion"
"2022-2023";"97.03";"Otra Educación comercial y empresarial";"Mujeres";"Evaluacion"
"2021-2022";"97.3";"Otra Educación comercial y empresarial";"Mujeres";"Evaluacion"
"2020-2021";"95.24";"Otra Educación comercial y empresarial";"Mujeres";"Evaluacion"
"2019-2020";"95.14";"Otra Educación comercial y empresarial";"Mujeres";"Evaluacion"
"2018-2019";"94.49";"Otra Educación comercial y empresarial";"Mujeres";"Evaluacion"
"2017-2018";"90.87";"Otra Educación comercial y empresarial";"Mujeres";"Evaluacion"
"2016-2017";"91.38";"Otra Educación comercial y empresarial";"Mujeres";"Evaluacion"
"2015-2016";"93.27";"Otra Educación comercial y empresarial";"Mujeres";"Evaluacion"
"2022-2023";"96.8";"Derecho";"Mujeres";"Evaluacion"
"2021-2022";"96.52";"Derecho";"Mujeres";"Evaluacion"
"2020-2021";"97.47";"Derecho";"Mujeres";"Evaluacion"
"2019-2020";"98.31";"Derecho";"Mujeres";"Evaluacion"
"2018-2019";"97.03";"Derecho";"Mujeres";"Evaluacion"
"2017-2018";"96.13";"Derecho";"Mujeres";"Evaluacion"
"2016-2017";"96.16";"Derecho";"Mujeres";"Evaluacion"
"2015-2016";"95.23";"Derecho";"Mujeres";"Evaluacion"
"2022-2023";"96.44";"Total Ciencias";"Mujeres";"Evaluacion"
"2021-2022";"96.2";"Total Ciencias";"Mujeres";"Evaluacion"
"2020-2021";"95.7";"Total Ciencias";"Mujeres";"Evaluacion"
"2019-2020";"97.11";"Total Ciencias";"Mujeres";"Evaluacion"
"2018-2019";"94.78";"Total Ciencias";"Mujeres";"Evaluacion"
"2017-2018";"94.3";"Total Ciencias";"Mujeres";"Evaluacion"
"2016-2017";"95.5";"Total Ciencias";"Mujeres";"Evaluacion"
"2015-2016";"94.88";"Total Ciencias";"Mujeres";"Evaluacion"
"2022-2023";"..";"Ciencias de la vida";"Mujeres";"Evaluacion"
"2021-2022";"..";"Ciencias de la vida";"Mujeres";"Evaluacion"
"2020-2021";"..";"Ciencias de la vida";"Mujeres";"Evaluacion"
"2019-2020";"..";"Ciencias de la vida";"Mujeres";"Evaluacion"
"2018-2019";"..";"Ciencias de la vida";"Mujeres";"Evaluacion"
"2017-2018";"..";"Ciencias de la vida";"Mujeres";"Evaluacion"
"2016-2017";"..";"Ciencias de la vida";"Mujeres";"Evaluacion"
"2015-2016";"..";"Ciencias de la vida";"Mujeres";"Evaluacion"
"2022-2023";"95.43";"Ciencias Físicas, químicas, geológicas";"Mujeres";"Evaluacion"
"2021-2022";"94.58";"Ciencias Físicas, químicas, geológicas";"Mujeres";"Evaluacion"
"2020-2021";"92.01";"Ciencias Físicas, químicas, geológicas";"Mujeres";"Evaluacion"
"2019-2020";"..";"Ciencias Físicas, químicas, geológicas";"Mujeres";"Evaluacion"
"2018-2019";"..";"Ciencias Físicas, químicas, geológicas";"Mujeres";"Evaluacion"
"2017-2018";"..";"Ciencias Físicas, químicas, geológicas";"Mujeres";"Evaluacion"
"2016-2017";"..";"Ciencias Físicas, químicas, geológicas";"Mujeres";"Evaluacion"
"2015-2016";"..";"Ciencias Físicas, químicas, geológicas";"Mujeres";"Evaluacion"
"2022-2023";"96.71";"Matemáticas y Estadística";"Mujeres";"Evaluacion"
"2021-2022";"96.56";"Matemáticas y Estadística";"Mujeres";"Evaluacion"
"2020-2021";"96.42";"Matemáticas y Estadística";"Mujeres";"Evaluacion"
"2019-2020";"97.21";"Matemáticas y Estadística";"Mujeres";"Evaluacion"
"2018-2019";"94.78";"Matemáticas y Estadística";"Mujeres";"Evaluacion"
"2017-2018";"94.3";"Matemáticas y Estadística";"Mujeres";"Evaluacion"
"2016-2017";"95.5";"Matemáticas y Estadística";"Mujeres";"Evaluacion"
"2015-2016";"94.88";"Matemáticas y Estadística";"Mujeres";"Evaluacion"
"2022-2023";"95.7";"Total Informática";"Mujeres";"Evaluacion"
"2021-2022";"95.01";"Total Informática";"Mujeres";"Evaluacion"
"2020-2021";"94.77";"Total Informática";"Mujeres";"Evaluacion"
"2019-2020";"97.45";"Total Informática";"Mujeres";"Evaluacion"
"2018-2019";"95.02";"Total Informática";"Mujeres";"Evaluacion"
"2017-2018";"93.73";"Total Informática";"Mujeres";"Evaluacion"
"2016-2017";"92.1";"Total Informática";"Mujeres";"Evaluacion"
"2015-2016";"91.63";"Total Informática";"Mujeres";"Evaluacion"
"2022-2023";"95.7";"Informática";"Mujeres";"Evaluacion"
"2021-2022";"95.01";"Informática";"Mujeres";"Evaluacion"
"2020-2021";"94.77";"Informática";"Mujeres";"Evaluacion"
"2019-2020";"97.45";"Informática";"Mujeres";"Evaluacion"
"2018-2019";"95.02";"Informática";"Mujeres";"Evaluacion"
"2017-2018";"93.73";"Informática";"Mujeres";"Evaluacion"
"2016-2017";"92.1";"Informática";"Mujeres";"Evaluacion"
"2015-2016";"91.63";"Informática";"Mujeres";"Evaluacion"
"2022-2023";"93.76";"Total Ingeniería, industria y construcción";"Mujeres";"Evaluacion"
"2021-2022";"92.98";"Total Ingeniería, industria y construcción";"Mujeres";"Evaluacion"
"2020-2021";"92.1";"Total Ingeniería, industria y construcción";"Mujeres";"Evaluacion"
"2019-2020";"95.81";"Total Ingeniería, industria y construcción";"Mujeres";"Evaluacion"
"2018-2019";"93.27";"Total Ingeniería, industria y construcción";"Mujeres";"Evaluacion"
"2017-2018";"93.14";"Total Ingeniería, industria y construcción";"Mujeres";"Evaluacion"
"2016-2017";"92.79";"Total Ingeniería, industria y construcción";"Mujeres";"Evaluacion"
"2015-2016";"91.72";"Total Ingeniería, industria y construcción";"Mujeres";"Evaluacion"
"2022-2023";"93.76";"Ingenierías";"Mujeres";"Evaluacion"
"2021-2022";"92.98";"Ingenierías";"Mujeres";"Evaluacion"
"2020-2021";"92.1";"Ingenierías";"Mujeres";"Evaluacion"
"2019-2020";"95.81";"Ingenierías";"Mujeres";"Evaluacion"
"2018-2019";"93.27";"Ingenierías";"Mujeres";"Evaluacion"
"2017-2018";"93.14";"Ingenierías";"Mujeres";"Evaluacion"
"2016-2017";"92.79";"Ingenierías";"Mujeres";"Evaluacion"
"2015-2016";"91.72";"Ingenierías";"Mujeres";"Evaluacion"
"2022-2023";"..";"Arquitectura y construcción";"Mujeres";"Evaluacion"
"2021-2022";"..";"Arquitectura y construcción";"Mujeres";"Evaluacion"
"2020-2021";"..";"Arquitectura y construcción";"Mujeres";"Evaluacion"
"2019-2020";"..";"Arquitectura y construcción";"Mujeres";"Evaluacion"
"2018-2019";"..";"Arquitectura y construcción";"Mujeres";"Evaluacion"
"2017-2018";"..";"Arquitectura y construcción";"Mujeres";"Evaluacion"
"2016-2017";"..";"Arquitectura y construcción";"Mujeres";"Evaluacion"
"2015-2016";"..";"Arquitectura y construcción";"Mujeres";"Evaluacion"
"2022-2023";"..";"Total Agricultura, ganadería,  silvicultura, pesca, y veterinaria";"Mujeres";"Evaluacion"
"2021-2022";"..";"Total Agricultura, ganadería,  silvicultura, pesca, y veterinaria";"Mujeres";"Evaluacion"
"2020-2021";"..";"Total Agricultura, ganadería,  silvicultura, pesca, y veterinaria";"Mujeres";"Evaluacion"
"2019-2020";"..";"Total Agricultura, ganadería,  silvicultura, pesca, y veterinaria";"Mujeres";"Evaluacion"
"2018-2019";"..";"Total Agricultura, ganadería,  silvicultura, pesca, y veterinaria";"Mujeres";"Evaluacion"
"2017-2018";"..";"Total Agricultura, ganadería,  silvicultura, pesca, y veterinaria";"Mujeres";"Evaluacion"
"2016-2017";"..";"Total Agricultura, ganadería,  silvicultura, pesca, y veterinaria";"Mujeres";"Evaluacion"
"2015-2016";"..";"Total Agricultura, ganadería,  silvicultura, pesca, y veterinaria";"Mujeres";"Evaluacion"
"2022-2023";"..";"Agricultura, ganadería y pesca";"Mujeres";"Evaluacion"
"2021-2022";"..";"Agricultura, ganadería y pesca";"Mujeres";"Evaluacion"
"2020-2021";"..";"Agricultura, ganadería y pesca";"Mujeres";"Evaluacion"
"2019-2020";"..";"Agricultura, ganadería y pesca";"Mujeres";"Evaluacion"
"2018-2019";"..";"Agricultura, ganadería y pesca";"Mujeres";"Evaluacion"
"2017-2018";"..";"Agricultura, ganadería y pesca";"Mujeres";"Evaluacion"
"2016-2017";"..";"Agricultura, ganadería y pesca";"Mujeres";"Evaluacion"
"2015-2016";"..";"Agricultura, ganadería y pesca";"Mujeres";"Evaluacion"
"2022-2023";"..";"Veterinaria";"Mujeres";"Evaluacion"
"2021-2022";"..";"Veterinaria";"Mujeres";"Evaluacion"
"2020-2021";"..";"Veterinaria";"Mujeres";"Evaluacion"
"2019-2020";"..";"Veterinaria";"Mujeres";"Evaluacion"
"2018-2019";"..";"Veterinaria";"Mujeres";"Evaluacion"
"2017-2018";"..";"Veterinaria";"Mujeres";"Evaluacion"
"2016-2017";"..";"Veterinaria";"Mujeres";"Evaluacion"
"2015-2016";"..";"Veterinaria";"Mujeres";"Evaluacion"
"2022-2023";"98.1";"Total Salud y servicios sociales";"Mujeres";"Evaluacion"
"2021-2022";"96.26";"Total Salud y servicios sociales";"Mujeres";"Evaluacion"
"2020-2021";"97.17";"Total Salud y servicios sociales";"Mujeres";"Evaluacion"
"2019-2020";"98.13";"Total Salud y servicios sociales";"Mujeres";"Evaluacion"
"2018-2019";"98.31";"Total Salud y servicios sociales";"Mujeres";"Evaluacion"
"2017-2018";"97.88";"Total Salud y servicios sociales";"Mujeres";"Evaluacion"
"2016-2017";"96.28";"Total Salud y servicios sociales";"Mujeres";"Evaluacion"
"2015-2016";"97.18";"Total Salud y servicios sociales";"Mujeres";"Evaluacion"
"2022-2023";"..";"Medicina";"Mujeres";"Evaluacion"
"2021-2022";"..";"Medicina";"Mujeres";"Evaluacion"
"2020-2021";"..";"Medicina";"Mujeres";"Evaluacion"
"2019-2020";"..";"Medicina";"Mujeres";"Evaluacion"
"2018-2019";"..";"Medicina";"Mujeres";"Evaluacion"
"2017-2018";"..";"Medicina";"Mujeres";"Evaluacion"
"2016-2017";"..";"Medicina";"Mujeres";"Evaluacion"
"2015-2016";"..";"Medicina";"Mujeres";"Evaluacion"
"2022-2023";"..";"Enfermería y atención a enfermos";"Mujeres";"Evaluacion"
"2021-2022";"..";"Enfermería y atención a enfermos";"Mujeres";"Evaluacion"
"2020-2021";"..";"Enfermería y atención a enfermos";"Mujeres";"Evaluacion"
"2019-2020";"..";"Enfermería y atención a enfermos";"Mujeres";"Evaluacion"
"2018-2019";"..";"Enfermería y atención a enfermos";"Mujeres";"Evaluacion"
"2017-2018";"..";"Enfermería y atención a enfermos";"Mujeres";"Evaluacion"
"2016-2017";"..";"Enfermería y atención a enfermos";"Mujeres";"Evaluacion"
"2015-2016";"..";"Enfermería y atención a enfermos";"Mujeres";"Evaluacion"
"2022-2023";"98.1";"Otras ciencias de la Salud";"Mujeres";"Evaluacion"
"2021-2022";"96.26";"Otras ciencias de la Salud";"Mujeres";"Evaluacion"
"2020-2021";"97.17";"Otras ciencias de la Salud";"Mujeres";"Evaluacion"
"2019-2020";"98.13";"Otras ciencias de la Salud";"Mujeres";"Evaluacion"
"2018-2019";"98.31";"Otras ciencias de la Salud";"Mujeres";"Evaluacion"
"2017-2018";"97.88";"Otras ciencias de la Salud";"Mujeres";"Evaluacion"
"2016-2017";"96.28";"Otras ciencias de la Salud";"Mujeres";"Evaluacion"
"2015-2016";"97.18";"Otras ciencias de la Salud";"Mujeres";"Evaluacion"
"2022-2023";"..";"Trabajo social y orientación";"Mujeres";"Evaluacion"
"2021-2022";"..";"Trabajo social y orientación";"Mujeres";"Evaluacion"
"2020-2021";"..";"Trabajo social y orientación";"Mujeres";"Evaluacion"
"2019-2020";"..";"Trabajo social y orientación";"Mujeres";"Evaluacion"
"2018-2019";"..";"Trabajo social y orientación";"Mujeres";"Evaluacion"
"2017-2018";"..";"Trabajo social y orientación";"Mujeres";"Evaluacion"
"2016-2017";"..";"Trabajo social y orientación";"Mujeres";"Evaluacion"
"2015-2016";"..";"Trabajo social y orientación";"Mujeres";"Evaluacion"
"2022-2023";"97.67";"Total Servicios";"Mujeres";"Evaluacion"
"2021-2022";"97.52";"Total Servicios";"Mujeres";"Evaluacion"
"2020-2021";"98.11";"Total Servicios";"Mujeres";"Evaluacion"
"2019-2020";"97.54";"Total Servicios";"Mujeres";"Evaluacion"
"2018-2019";"96.53";"Total Servicios";"Mujeres";"Evaluacion"
"2017-2018";"93.99";"Total Servicios";"Mujeres";"Evaluacion"
"2016-2017";"95.26";"Total Servicios";"Mujeres";"Evaluacion"
"2015-2016";"92.44";"Total Servicios";"Mujeres";"Evaluacion"
"2022-2023";"..";"Deportes";"Mujeres";"Evaluacion"
"2021-2022";"..";"Deportes";"Mujeres";"Evaluacion"
"2020-2021";"..";"Deportes";"Mujeres";"Evaluacion"
"2019-2020";"..";"Deportes";"Mujeres";"Evaluacion"
"2018-2019";"..";"Deportes";"Mujeres";"Evaluacion"
"2017-2018";"..";"Deportes";"Mujeres";"Evaluacion"
"2016-2017";"..";"Deportes";"Mujeres";"Evaluacion"
"2015-2016";"..";"Deportes";"Mujeres";"Evaluacion"
"2022-2023";"96.24";"Turismo y Hostelería";"Mujeres";"Evaluacion"
"2021-2022";"96.33";"Turismo y Hostelería";"Mujeres";"Evaluacion"
"2020-2021";"97.46";"Turismo y Hostelería";"Mujeres";"Evaluacion"
"2019-2020";"96.78";"Turismo y Hostelería";"Mujeres";"Evaluacion"
"2018-2019";"95.57";"Turismo y Hostelería";"Mujeres";"Evaluacion"
"2017-2018";"92.42";"Turismo y Hostelería";"Mujeres";"Evaluacion"
"2016-2017";"94.43";"Turismo y Hostelería";"Mujeres";"Evaluacion"
"2015-2016";"91.44";"Turismo y Hostelería";"Mujeres";"Evaluacion"
"2022-2023";"100.0";"Otros Servicios";"Mujeres";"Evaluacion"
"2021-2022";"100.0";"Otros Servicios";"Mujeres";"Evaluacion"
"2020-2021";"100.0";"Otros Servicios";"Mujeres";"Evaluacion"
"2019-2020";"100.0";"Otros Servicios";"Mujeres";"Evaluacion"
"2018-2019";"..";"Otros Servicios";"Mujeres";"Evaluacion"
"2017-2018";"..";"Otros Servicios";"Mujeres";"Evaluacion"
"2016-2017";"..";"Otros Servicios";"Mujeres";"Evaluacion"
"2015-2016";"..";"Otros Servicios";"Mujeres";"Evaluacion"
