"Anio";"Valor";"Carrera";"Genero";"Tasa"
"2022-2023";"???";"Internacional Villanueva";"Ambos Sexos";"Rendimiento"
"2021-2022";"???";"Internacional Villanueva";"Ambos Sexos";"Rendimiento"
"2020-2021";"???";"Internacional Villanueva";"Ambos Sexos";"Rendimiento"
"2019-2020";"???";"Internacional Villanueva";"Ambos Sexos";"Rendimiento"
"2018-2019";"???";"Internacional Villanueva";"Ambos Sexos";"Rendimiento"
"2017-2018";"???";"Internacional Villanueva";"Ambos Sexos";"Rendimiento"
"2016-2017";"???";"Internacional Villanueva";"Ambos Sexos";"Rendimiento"
"2015-2016";"???";"Internacional Villanueva";"Ambos Sexos";"Rendimiento"
"2022-2023";"90.17";"Todos los ámbitos";"Ambos Sexos";"Rendimiento"
"2021-2022";"88.04";"Todos los ámbitos";"Ambos Sexos";"Rendimiento"
"2020-2021";"87.56";"Todos los ámbitos";"Ambos Sexos";"Rendimiento"
"2019-2020";"..";"Todos los ámbitos";"Ambos Sexos";"Rendimiento"
"2018-2019";"..";"Todos los ámbitos";"Ambos Sexos";"Rendimiento"
"2017-2018";"..";"Todos los ámbitos";"Ambos Sexos";"Rendimiento"
"2016-2017";"..";"Todos los ámbitos";"Ambos Sexos";"Rendimiento"
"2015-2016";"..";"Todos los ámbitos";"Ambos Sexos";"Rendimiento"
"2022-2023";"95.82";"Total Educación";"Ambos Sexos";"Rendimiento"
"2021-2022";"93.19";"Total Educación";"Ambos Sexos";"Rendimiento"
"2020-2021";"90.99";"Total Educación";"Ambos Sexos";"Rendimiento"
"2019-2020";"..";"Total Educación";"Ambos Sexos";"Rendimiento"
"2018-2019";"..";"Total Educación";"Ambos Sexos";"Rendimiento"
"2017-2018";"..";"Total Educación";"Ambos Sexos";"Rendimiento"
"2016-2017";"..";"Total Educación";"Ambos Sexos";"Rendimiento"
"2015-2016";"..";"Total Educación";"Ambos Sexos";"Rendimiento"
"2022-2023";"90.67";"Formación de docentes de enseñanza infantil";"Ambos Sexos";"Rendimiento"
"2021-2022";"..";"Formación de docentes de enseñanza infantil";"Ambos Sexos";"Rendimiento"
"2020-2021";"..";"Formación de docentes de enseñanza infantil";"Ambos Sexos";"Rendimiento"
"2019-2020";"..";"Formación de docentes de enseñanza infantil";"Ambos Sexos";"Rendimiento"
"2018-2019";"..";"Formación de docentes de enseñanza infantil";"Ambos Sexos";"Rendimiento"
"2017-2018";"..";"Formación de docentes de enseñanza infantil";"Ambos Sexos";"Rendimiento"
"2016-2017";"..";"Formación de docentes de enseñanza infantil";"Ambos Sexos";"Rendimiento"
"2015-2016";"..";"Formación de docentes de enseñanza infantil";"Ambos Sexos";"Rendimiento"
"2022-2023";"96.55";"Formación de docentes de enseñanza primaria";"Ambos Sexos";"Rendimiento"
"2021-2022";"93.07";"Formación de docentes de enseñanza primaria";"Ambos Sexos";"Rendimiento"
"2020-2021";"92.68";"Formación de docentes de enseñanza primaria";"Ambos Sexos";"Rendimiento"
"2019-2020";"..";"Formación de docentes de enseñanza primaria";"Ambos Sexos";"Rendimiento"
"2018-2019";"..";"Formación de docentes de enseñanza primaria";"Ambos Sexos";"Rendimiento"
"2017-2018";"..";"Formación de docentes de enseñanza primaria";"Ambos Sexos";"Rendimiento"
"2016-2017";"..";"Formación de docentes de enseñanza primaria";"Ambos Sexos";"Rendimiento"
"2015-2016";"..";"Formación de docentes de enseñanza primaria";"Ambos Sexos";"Rendimiento"
"2022-2023";"..";"Otra Formación de personal docente y ciencias de la educación";"Ambos Sexos";"Rendimiento"
"2021-2022";"..";"Otra Formación de personal docente y ciencias de la educación";"Ambos Sexos";"Rendimiento"
"2020-2021";"..";"Otra Formación de personal docente y ciencias de la educación";"Ambos Sexos";"Rendimiento"
"2019-2020";"..";"Otra Formación de personal docente y ciencias de la educación";"Ambos Sexos";"Rendimiento"
"2018-2019";"..";"Otra Formación de personal docente y ciencias de la educación";"Ambos Sexos";"Rendimiento"
"2017-2018";"..";"Otra Formación de personal docente y ciencias de la educación";"Ambos Sexos";"Rendimiento"
"2016-2017";"..";"Otra Formación de personal docente y ciencias de la educación";"Ambos Sexos";"Rendimiento"
"2015-2016";"..";"Otra Formación de personal docente y ciencias de la educación";"Ambos Sexos";"Rendimiento"
"2022-2023";"94.12";"Total Artes y humanidades";"Ambos Sexos";"Rendimiento"
"2021-2022";"89.29";"Total Artes y humanidades";"Ambos Sexos";"Rendimiento"
"2020-2021";"..";"Total Artes y humanidades";"Ambos Sexos";"Rendimiento"
"2019-2020";"..";"Total Artes y humanidades";"Ambos Sexos";"Rendimiento"
"2018-2019";"..";"Total Artes y humanidades";"Ambos Sexos";"Rendimiento"
"2017-2018";"..";"Total Artes y humanidades";"Ambos Sexos";"Rendimiento"
"2016-2017";"..";"Total Artes y humanidades";"Ambos Sexos";"Rendimiento"
"2015-2016";"..";"Total Artes y humanidades";"Ambos Sexos";"Rendimiento"
"2022-2023";"94.12";"Técnicas audiovisuales y medios de comunicación";"Ambos Sexos";"Rendimiento"
"2021-2022";"89.29";"Técnicas audiovisuales y medios de comunicación";"Ambos Sexos";"Rendimiento"
"2020-2021";"..";"Técnicas audiovisuales y medios de comunicación";"Ambos Sexos";"Rendimiento"
"2019-2020";"..";"Técnicas audiovisuales y medios de comunicación";"Ambos Sexos";"Rendimiento"
"2018-2019";"..";"Técnicas audiovisuales y medios de comunicación";"Ambos Sexos";"Rendimiento"
"2017-2018";"..";"Técnicas audiovisuales y medios de comunicación";"Ambos Sexos";"Rendimiento"
"2016-2017";"..";"Técnicas audiovisuales y medios de comunicación";"Ambos Sexos";"Rendimiento"
"2015-2016";"..";"Técnicas audiovisuales y medios de comunicación";"Ambos Sexos";"Rendimiento"
"2022-2023";"..";"Artes";"Ambos Sexos";"Rendimiento"
"2021-2022";"..";"Artes";"Ambos Sexos";"Rendimiento"
"2020-2021";"..";"Artes";"Ambos Sexos";"Rendimiento"
"2019-2020";"..";"Artes";"Ambos Sexos";"Rendimiento"
"2018-2019";"..";"Artes";"Ambos Sexos";"Rendimiento"
"2017-2018";"..";"Artes";"Ambos Sexos";"Rendimiento"
"2016-2017";"..";"Artes";"Ambos Sexos";"Rendimiento"
"2015-2016";"..";"Artes";"Ambos Sexos";"Rendimiento"
"2022-2023";"..";"Lenguas";"Ambos Sexos";"Rendimiento"
"2021-2022";"..";"Lenguas";"Ambos Sexos";"Rendimiento"
"2020-2021";"..";"Lenguas";"Ambos Sexos";"Rendimiento"
"2019-2020";"..";"Lenguas";"Ambos Sexos";"Rendimiento"
"2018-2019";"..";"Lenguas";"Ambos Sexos";"Rendimiento"
"2017-2018";"..";"Lenguas";"Ambos Sexos";"Rendimiento"
"2016-2017";"..";"Lenguas";"Ambos Sexos";"Rendimiento"
"2015-2016";"..";"Lenguas";"Ambos Sexos";"Rendimiento"
"2022-2023";"..";"Humanidades";"Ambos Sexos";"Rendimiento"
"2021-2022";"..";"Humanidades";"Ambos Sexos";"Rendimiento"
"2020-2021";"..";"Humanidades";"Ambos Sexos";"Rendimiento"
"2019-2020";"..";"Humanidades";"Ambos Sexos";"Rendimiento"
"2018-2019";"..";"Humanidades";"Ambos Sexos";"Rendimiento"
"2017-2018";"..";"Humanidades";"Ambos Sexos";"Rendimiento"
"2016-2017";"..";"Humanidades";"Ambos Sexos";"Rendimiento"
"2015-2016";"..";"Humanidades";"Ambos Sexos";"Rendimiento"
"2022-2023";"89.02";"Total Ciencias sociales, periodismo y documentación";"Ambos Sexos";"Rendimiento"
"2021-2022";"89.07";"Total Ciencias sociales, periodismo y documentación";"Ambos Sexos";"Rendimiento"
"2020-2021";"84.44";"Total Ciencias sociales, periodismo y documentación";"Ambos Sexos";"Rendimiento"
"2019-2020";"..";"Total Ciencias sociales, periodismo y documentación";"Ambos Sexos";"Rendimiento"
"2018-2019";"..";"Total Ciencias sociales, periodismo y documentación";"Ambos Sexos";"Rendimiento"
"2017-2018";"..";"Total Ciencias sociales, periodismo y documentación";"Ambos Sexos";"Rendimiento"
"2016-2017";"..";"Total Ciencias sociales, periodismo y documentación";"Ambos Sexos";"Rendimiento"
"2015-2016";"..";"Total Ciencias sociales, periodismo y documentación";"Ambos Sexos";"Rendimiento"
"2022-2023";"88.95";"Psicología";"Ambos Sexos";"Rendimiento"
"2021-2022";"89.52";"Psicología";"Ambos Sexos";"Rendimiento"
"2020-2021";"84.26";"Psicología";"Ambos Sexos";"Rendimiento"
"2019-2020";"..";"Psicología";"Ambos Sexos";"Rendimiento"
"2018-2019";"..";"Psicología";"Ambos Sexos";"Rendimiento"
"2017-2018";"..";"Psicología";"Ambos Sexos";"Rendimiento"
"2016-2017";"..";"Psicología";"Ambos Sexos";"Rendimiento"
"2015-2016";"..";"Psicología";"Ambos Sexos";"Rendimiento"
"2022-2023";"..";"Economía";"Ambos Sexos";"Rendimiento"
"2021-2022";"..";"Economía";"Ambos Sexos";"Rendimiento"
"2020-2021";"..";"Economía";"Ambos Sexos";"Rendimiento"
"2019-2020";"..";"Economía";"Ambos Sexos";"Rendimiento"
"2018-2019";"..";"Economía";"Ambos Sexos";"Rendimiento"
"2017-2018";"..";"Economía";"Ambos Sexos";"Rendimiento"
"2016-2017";"..";"Economía";"Ambos Sexos";"Rendimiento"
"2015-2016";"..";"Economía";"Ambos Sexos";"Rendimiento"
"2022-2023";"..";"Otras Ciencias sociales y del comportamiento";"Ambos Sexos";"Rendimiento"
"2021-2022";"..";"Otras Ciencias sociales y del comportamiento";"Ambos Sexos";"Rendimiento"
"2020-2021";"..";"Otras Ciencias sociales y del comportamiento";"Ambos Sexos";"Rendimiento"
"2019-2020";"..";"Otras Ciencias sociales y del comportamiento";"Ambos Sexos";"Rendimiento"
"2018-2019";"..";"Otras Ciencias sociales y del comportamiento";"Ambos Sexos";"Rendimiento"
"2017-2018";"..";"Otras Ciencias sociales y del comportamiento";"Ambos Sexos";"Rendimiento"
"2016-2017";"..";"Otras Ciencias sociales y del comportamiento";"Ambos Sexos";"Rendimiento"
"2015-2016";"..";"Otras Ciencias sociales y del comportamiento";"Ambos Sexos";"Rendimiento"
"2022-2023";"89.48";"Periodismo e información";"Ambos Sexos";"Rendimiento"
"2021-2022";"86.8";"Periodismo e información";"Ambos Sexos";"Rendimiento"
"2020-2021";"..";"Periodismo e información";"Ambos Sexos";"Rendimiento"
"2019-2020";"..";"Periodismo e información";"Ambos Sexos";"Rendimiento"
"2018-2019";"..";"Periodismo e información";"Ambos Sexos";"Rendimiento"
"2017-2018";"..";"Periodismo e información";"Ambos Sexos";"Rendimiento"
"2016-2017";"..";"Periodismo e información";"Ambos Sexos";"Rendimiento"
"2015-2016";"..";"Periodismo e información";"Ambos Sexos";"Rendimiento"
"2022-2023";"87.66";"Total Negocios, administración y derecho";"Ambos Sexos";"Rendimiento"
"2021-2022";"83.57";"Total Negocios, administración y derecho";"Ambos Sexos";"Rendimiento"
"2020-2021";"86.74";"Total Negocios, administración y derecho";"Ambos Sexos";"Rendimiento"
"2019-2020";"..";"Total Negocios, administración y derecho";"Ambos Sexos";"Rendimiento"
"2018-2019";"..";"Total Negocios, administración y derecho";"Ambos Sexos";"Rendimiento"
"2017-2018";"..";"Total Negocios, administración y derecho";"Ambos Sexos";"Rendimiento"
"2016-2017";"..";"Total Negocios, administración y derecho";"Ambos Sexos";"Rendimiento"
"2015-2016";"..";"Total Negocios, administración y derecho";"Ambos Sexos";"Rendimiento"
"2022-2023";"83.71";"Administración y gestión de empresas";"Ambos Sexos";"Rendimiento"
"2021-2022";"78.85";"Administración y gestión de empresas";"Ambos Sexos";"Rendimiento"
"2020-2021";"85.76";"Administración y gestión de empresas";"Ambos Sexos";"Rendimiento"
"2019-2020";"..";"Administración y gestión de empresas";"Ambos Sexos";"Rendimiento"
"2018-2019";"..";"Administración y gestión de empresas";"Ambos Sexos";"Rendimiento"
"2017-2018";"..";"Administración y gestión de empresas";"Ambos Sexos";"Rendimiento"
"2016-2017";"..";"Administración y gestión de empresas";"Ambos Sexos";"Rendimiento"
"2015-2016";"..";"Administración y gestión de empresas";"Ambos Sexos";"Rendimiento"
"2022-2023";"95.41";"Otra Educación comercial y empresarial";"Ambos Sexos";"Rendimiento"
"2021-2022";"96.71";"Otra Educación comercial y empresarial";"Ambos Sexos";"Rendimiento"
"2020-2021";"..";"Otra Educación comercial y empresarial";"Ambos Sexos";"Rendimiento"
"2019-2020";"..";"Otra Educación comercial y empresarial";"Ambos Sexos";"Rendimiento"
"2018-2019";"..";"Otra Educación comercial y empresarial";"Ambos Sexos";"Rendimiento"
"2017-2018";"..";"Otra Educación comercial y empresarial";"Ambos Sexos";"Rendimiento"
"2016-2017";"..";"Otra Educación comercial y empresarial";"Ambos Sexos";"Rendimiento"
"2015-2016";"..";"Otra Educación comercial y empresarial";"Ambos Sexos";"Rendimiento"
"2022-2023";"90.46";"Derecho";"Ambos Sexos";"Rendimiento"
"2021-2022";"85.45";"Derecho";"Ambos Sexos";"Rendimiento"
"2020-2021";"..";"Derecho";"Ambos Sexos";"Rendimiento"
"2019-2020";"..";"Derecho";"Ambos Sexos";"Rendimiento"
"2018-2019";"..";"Derecho";"Ambos Sexos";"Rendimiento"
"2017-2018";"..";"Derecho";"Ambos Sexos";"Rendimiento"
"2016-2017";"..";"Derecho";"Ambos Sexos";"Rendimiento"
"2015-2016";"..";"Derecho";"Ambos Sexos";"Rendimiento"
"2022-2023";"..";"Total Ciencias";"Ambos Sexos";"Rendimiento"
"2021-2022";"..";"Total Ciencias";"Ambos Sexos";"Rendimiento"
"2020-2021";"..";"Total Ciencias";"Ambos Sexos";"Rendimiento"
"2019-2020";"..";"Total Ciencias";"Ambos Sexos";"Rendimiento"
"2018-2019";"..";"Total Ciencias";"Ambos Sexos";"Rendimiento"
"2017-2018";"..";"Total Ciencias";"Ambos Sexos";"Rendimiento"
"2016-2017";"..";"Total Ciencias";"Ambos Sexos";"Rendimiento"
"2015-2016";"..";"Total Ciencias";"Ambos Sexos";"Rendimiento"
"2022-2023";"..";"Ciencias de la vida";"Ambos Sexos";"Rendimiento"
"2021-2022";"..";"Ciencias de la vida";"Ambos Sexos";"Rendimiento"
"2020-2021";"..";"Ciencias de la vida";"Ambos Sexos";"Rendimiento"
"2019-2020";"..";"Ciencias de la vida";"Ambos Sexos";"Rendimiento"
"2018-2019";"..";"Ciencias de la vida";"Ambos Sexos";"Rendimiento"
"2017-2018";"..";"Ciencias de la vida";"Ambos Sexos";"Rendimiento"
"2016-2017";"..";"Ciencias de la vida";"Ambos Sexos";"Rendimiento"
"2015-2016";"..";"Ciencias de la vida";"Ambos Sexos";"Rendimiento"
"2022-2023";"..";"Ciencias Físicas, químicas, geológicas";"Ambos Sexos";"Rendimiento"
"2021-2022";"..";"Ciencias Físicas, químicas, geológicas";"Ambos Sexos";"Rendimiento"
"2020-2021";"..";"Ciencias Físicas, químicas, geológicas";"Ambos Sexos";"Rendimiento"
"2019-2020";"..";"Ciencias Físicas, químicas, geológicas";"Ambos Sexos";"Rendimiento"
"2018-2019";"..";"Ciencias Físicas, químicas, geológicas";"Ambos Sexos";"Rendimiento"
"2017-2018";"..";"Ciencias Físicas, químicas, geológicas";"Ambos Sexos";"Rendimiento"
"2016-2017";"..";"Ciencias Físicas, químicas, geológicas";"Ambos Sexos";"Rendimiento"
"2015-2016";"..";"Ciencias Físicas, químicas, geológicas";"Ambos Sexos";"Rendimiento"
"2022-2023";"..";"Matemáticas y Estadística";"Ambos Sexos";"Rendimiento"
"2021-2022";"..";"Matemáticas y Estadística";"Ambos Sexos";"Rendimiento"
"2020-2021";"..";"Matemáticas y Estadística";"Ambos Sexos";"Rendimiento"
"2019-2020";"..";"Matemáticas y Estadística";"Ambos Sexos";"Rendimiento"
"2018-2019";"..";"Matemáticas y Estadística";"Ambos Sexos";"Rendimiento"
"2017-2018";"..";"Matemáticas y Estadística";"Ambos Sexos";"Rendimiento"
"2016-2017";"..";"Matemáticas y Estadística";"Ambos Sexos";"Rendimiento"
"2015-2016";"..";"Matemáticas y Estadística";"Ambos Sexos";"Rendimiento"
"2022-2023";"..";"Total Informática";"Ambos Sexos";"Rendimiento"
"2021-2022";"..";"Total Informática";"Ambos Sexos";"Rendimiento"
"2020-2021";"..";"Total Informática";"Ambos Sexos";"Rendimiento"
"2019-2020";"..";"Total Informática";"Ambos Sexos";"Rendimiento"
"2018-2019";"..";"Total Informática";"Ambos Sexos";"Rendimiento"
"2017-2018";"..";"Total Informática";"Ambos Sexos";"Rendimiento"
"2016-2017";"..";"Total Informática";"Ambos Sexos";"Rendimiento"
"2015-2016";"..";"Total Informática";"Ambos Sexos";"Rendimiento"
"2022-2023";"..";"Informática";"Ambos Sexos";"Rendimiento"
"2021-2022";"..";"Informática";"Ambos Sexos";"Rendimiento"
"2020-2021";"..";"Informática";"Ambos Sexos";"Rendimiento"
"2019-2020";"..";"Informática";"Ambos Sexos";"Rendimiento"
"2018-2019";"..";"Informática";"Ambos Sexos";"Rendimiento"
"2017-2018";"..";"Informática";"Ambos Sexos";"Rendimiento"
"2016-2017";"..";"Informática";"Ambos Sexos";"Rendimiento"
"2015-2016";"..";"Informática";"Ambos Sexos";"Rendimiento"
"2022-2023";"..";"Total Ingeniería, industria y construcción";"Ambos Sexos";"Rendimiento"
"2021-2022";"..";"Total Ingeniería, industria y construcción";"Ambos Sexos";"Rendimiento"
"2020-2021";"..";"Total Ingeniería, industria y construcción";"Ambos Sexos";"Rendimiento"
"2019-2020";"..";"Total Ingeniería, industria y construcción";"Ambos Sexos";"Rendimiento"
"2018-2019";"..";"Total Ingeniería, industria y construcción";"Ambos Sexos";"Rendimiento"
"2017-2018";"..";"Total Ingeniería, industria y construcción";"Ambos Sexos";"Rendimiento"
"2016-2017";"..";"Total Ingeniería, industria y construcción";"Ambos Sexos";"Rendimiento"
"2015-2016";"..";"Total Ingeniería, industria y construcción";"Ambos Sexos";"Rendimiento"
"2022-2023";"..";"Ingenierías";"Ambos Sexos";"Rendimiento"
"2021-2022";"..";"Ingenierías";"Ambos Sexos";"Rendimiento"
"2020-2021";"..";"Ingenierías";"Ambos Sexos";"Rendimiento"
"2019-2020";"..";"Ingenierías";"Ambos Sexos";"Rendimiento"
"2018-2019";"..";"Ingenierías";"Ambos Sexos";"Rendimiento"
"2017-2018";"..";"Ingenierías";"Ambos Sexos";"Rendimiento"
"2016-2017";"..";"Ingenierías";"Ambos Sexos";"Rendimiento"
"2015-2016";"..";"Ingenierías";"Ambos Sexos";"Rendimiento"
"2022-2023";"..";"Arquitectura y construcción";"Ambos Sexos";"Rendimiento"
"2021-2022";"..";"Arquitectura y construcción";"Ambos Sexos";"Rendimiento"
"2020-2021";"..";"Arquitectura y construcción";"Ambos Sexos";"Rendimiento"
"2019-2020";"..";"Arquitectura y construcción";"Ambos Sexos";"Rendimiento"
"2018-2019";"..";"Arquitectura y construcción";"Ambos Sexos";"Rendimiento"
"2017-2018";"..";"Arquitectura y construcción";"Ambos Sexos";"Rendimiento"
"2016-2017";"..";"Arquitectura y construcción";"Ambos Sexos";"Rendimiento"
"2015-2016";"..";"Arquitectura y construcción";"Ambos Sexos";"Rendimiento"
"2022-2023";"..";"Total Agricultura, ganadería,  silvicultura, pesca, y veterinaria";"Ambos Sexos";"Rendimiento"
"2021-2022";"..";"Total Agricultura, ganadería,  silvicultura, pesca, y veterinaria";"Ambos Sexos";"Rendimiento"
"2020-2021";"..";"Total Agricultura, ganadería,  silvicultura, pesca, y veterinaria";"Ambos Sexos";"Rendimiento"
"2019-2020";"..";"Total Agricultura, ganadería,  silvicultura, pesca, y veterinaria";"Ambos Sexos";"Rendimiento"
"2018-2019";"..";"Total Agricultura, ganadería,  silvicultura, pesca, y veterinaria";"Ambos Sexos";"Rendimiento"
"2017-2018";"..";"Total Agricultura, ganadería,  silvicultura, pesca, y veterinaria";"Ambos Sexos";"Rendimiento"
"2016-2017";"..";"Total Agricultura, ganadería,  silvicultura, pesca, y veterinaria";"Ambos Sexos";"Rendimiento"
"2015-2016";"..";"Total Agricultura, ganadería,  silvicultura, pesca, y veterinaria";"Ambos Sexos";"Rendimiento"
"2022-2023";"..";"Agricultura, ganadería y pesca";"Ambos Sexos";"Rendimiento"
"2021-2022";"..";"Agricultura, ganadería y pesca";"Ambos Sexos";"Rendimiento"
"2020-2021";"..";"Agricultura, ganadería y pesca";"Ambos Sexos";"Rendimiento"
"2019-2020";"..";"Agricultura, ganadería y pesca";"Ambos Sexos";"Rendimiento"
"2018-2019";"..";"Agricultura, ganadería y pesca";"Ambos Sexos";"Rendimiento"
"2017-2018";"..";"Agricultura, ganadería y pesca";"Ambos Sexos";"Rendimiento"
"2016-2017";"..";"Agricultura, ganadería y pesca";"Ambos Sexos";"Rendimiento"
"2015-2016";"..";"Agricultura, ganadería y pesca";"Ambos Sexos";"Rendimiento"
"2022-2023";"..";"Veterinaria";"Ambos Sexos";"Rendimiento"
"2021-2022";"..";"Veterinaria";"Ambos Sexos";"Rendimiento"
"2020-2021";"..";"Veterinaria";"Ambos Sexos";"Rendimiento"
"2019-2020";"..";"Veterinaria";"Ambos Sexos";"Rendimiento"
"2018-2019";"..";"Veterinaria";"Ambos Sexos";"Rendimiento"
"2017-2018";"..";"Veterinaria";"Ambos Sexos";"Rendimiento"
"2016-2017";"..";"Veterinaria";"Ambos Sexos";"Rendimiento"
"2015-2016";"..";"Veterinaria";"Ambos Sexos";"Rendimiento"
"2022-2023";"..";"Total Salud y servicios sociales";"Ambos Sexos";"Rendimiento"
"2021-2022";"..";"Total Salud y servicios sociales";"Ambos Sexos";"Rendimiento"
"2020-2021";"..";"Total Salud y servicios sociales";"Ambos Sexos";"Rendimiento"
"2019-2020";"..";"Total Salud y servicios sociales";"Ambos Sexos";"Rendimiento"
"2018-2019";"..";"Total Salud y servicios sociales";"Ambos Sexos";"Rendimiento"
"2017-2018";"..";"Total Salud y servicios sociales";"Ambos Sexos";"Rendimiento"
"2016-2017";"..";"Total Salud y servicios sociales";"Ambos Sexos";"Rendimiento"
"2015-2016";"..";"Total Salud y servicios sociales";"Ambos Sexos";"Rendimiento"
"2022-2023";"..";"Medicina";"Ambos Sexos";"Rendimiento"
"2021-2022";"..";"Medicina";"Ambos Sexos";"Rendimiento"
"2020-2021";"..";"Medicina";"Ambos Sexos";"Rendimiento"
"2019-2020";"..";"Medicina";"Ambos Sexos";"Rendimiento"
"2018-2019";"..";"Medicina";"Ambos Sexos";"Rendimiento"
"2017-2018";"..";"Medicina";"Ambos Sexos";"Rendimiento"
"2016-2017";"..";"Medicina";"Ambos Sexos";"Rendimiento"
"2015-2016";"..";"Medicina";"Ambos Sexos";"Rendimiento"
"2022-2023";"..";"Enfermería y atención a enfermos";"Ambos Sexos";"Rendimiento"
"2021-2022";"..";"Enfermería y atención a enfermos";"Ambos Sexos";"Rendimiento"
"2020-2021";"..";"Enfermería y atención a enfermos";"Ambos Sexos";"Rendimiento"
"2019-2020";"..";"Enfermería y atención a enfermos";"Ambos Sexos";"Rendimiento"
"2018-2019";"..";"Enfermería y atención a enfermos";"Ambos Sexos";"Rendimiento"
"2017-2018";"..";"Enfermería y atención a enfermos";"Ambos Sexos";"Rendimiento"
"2016-2017";"..";"Enfermería y atención a enfermos";"Ambos Sexos";"Rendimiento"
"2015-2016";"..";"Enfermería y atención a enfermos";"Ambos Sexos";"Rendimiento"
"2022-2023";"..";"Otras ciencias de la Salud";"Ambos Sexos";"Rendimiento"
"2021-2022";"..";"Otras ciencias de la Salud";"Ambos Sexos";"Rendimiento"
"2020-2021";"..";"Otras ciencias de la Salud";"Ambos Sexos";"Rendimiento"
"2019-2020";"..";"Otras ciencias de la Salud";"Ambos Sexos";"Rendimiento"
"2018-2019";"..";"Otras ciencias de la Salud";"Ambos Sexos";"Rendimiento"
"2017-2018";"..";"Otras ciencias de la Salud";"Ambos Sexos";"Rendimiento"
"2016-2017";"..";"Otras ciencias de la Salud";"Ambos Sexos";"Rendimiento"
"2015-2016";"..";"Otras ciencias de la Salud";"Ambos Sexos";"Rendimiento"
"2022-2023";"..";"Trabajo social y orientación";"Ambos Sexos";"Rendimiento"
"2021-2022";"..";"Trabajo social y orientación";"Ambos Sexos";"Rendimiento"
"2020-2021";"..";"Trabajo social y orientación";"Ambos Sexos";"Rendimiento"
"2019-2020";"..";"Trabajo social y orientación";"Ambos Sexos";"Rendimiento"
"2018-2019";"..";"Trabajo social y orientación";"Ambos Sexos";"Rendimiento"
"2017-2018";"..";"Trabajo social y orientación";"Ambos Sexos";"Rendimiento"
"2016-2017";"..";"Trabajo social y orientación";"Ambos Sexos";"Rendimiento"
"2015-2016";"..";"Trabajo social y orientación";"Ambos Sexos";"Rendimiento"
"2022-2023";"..";"Total Servicios";"Ambos Sexos";"Rendimiento"
"2021-2022";"..";"Total Servicios";"Ambos Sexos";"Rendimiento"
"2020-2021";"..";"Total Servicios";"Ambos Sexos";"Rendimiento"
"2019-2020";"..";"Total Servicios";"Ambos Sexos";"Rendimiento"
"2018-2019";"..";"Total Servicios";"Ambos Sexos";"Rendimiento"
"2017-2018";"..";"Total Servicios";"Ambos Sexos";"Rendimiento"
"2016-2017";"..";"Total Servicios";"Ambos Sexos";"Rendimiento"
"2015-2016";"..";"Total Servicios";"Ambos Sexos";"Rendimiento"
"2022-2023";"..";"Deportes";"Ambos Sexos";"Rendimiento"
"2021-2022";"..";"Deportes";"Ambos Sexos";"Rendimiento"
"2020-2021";"..";"Deportes";"Ambos Sexos";"Rendimiento"
"2019-2020";"..";"Deportes";"Ambos Sexos";"Rendimiento"
"2018-2019";"..";"Deportes";"Ambos Sexos";"Rendimiento"
"2017-2018";"..";"Deportes";"Ambos Sexos";"Rendimiento"
"2016-2017";"..";"Deportes";"Ambos Sexos";"Rendimiento"
"2015-2016";"..";"Deportes";"Ambos Sexos";"Rendimiento"
"2022-2023";"..";"Turismo y Hostelería";"Ambos Sexos";"Rendimiento"
"2021-2022";"..";"Turismo y Hostelería";"Ambos Sexos";"Rendimiento"
"2020-2021";"..";"Turismo y Hostelería";"Ambos Sexos";"Rendimiento"
"2019-2020";"..";"Turismo y Hostelería";"Ambos Sexos";"Rendimiento"
"2018-2019";"..";"Turismo y Hostelería";"Ambos Sexos";"Rendimiento"
"2017-2018";"..";"Turismo y Hostelería";"Ambos Sexos";"Rendimiento"
"2016-2017";"..";"Turismo y Hostelería";"Ambos Sexos";"Rendimiento"
"2015-2016";"..";"Turismo y Hostelería";"Ambos Sexos";"Rendimiento"
"2022-2023";"..";"Otros Servicios";"Ambos Sexos";"Rendimiento"
"2021-2022";"..";"Otros Servicios";"Ambos Sexos";"Rendimiento"
"2020-2021";"..";"Otros Servicios";"Ambos Sexos";"Rendimiento"
"2019-2020";"..";"Otros Servicios";"Ambos Sexos";"Rendimiento"
"2018-2019";"..";"Otros Servicios";"Ambos Sexos";"Rendimiento"
"2017-2018";"..";"Otros Servicios";"Ambos Sexos";"Rendimiento"
"2016-2017";"..";"Otros Servicios";"Ambos Sexos";"Rendimiento"
"2015-2016";"..";"Otros Servicios";"Ambos Sexos";"Rendimiento"
"2022-2023";"???";"Internacional Villanueva";"Ambos Sexos";"Exito"
"2021-2022";"???";"Internacional Villanueva";"Ambos Sexos";"Exito"
"2020-2021";"???";"Internacional Villanueva";"Ambos Sexos";"Exito"
"2019-2020";"???";"Internacional Villanueva";"Ambos Sexos";"Exito"
"2018-2019";"???";"Internacional Villanueva";"Ambos Sexos";"Exito"
"2017-2018";"???";"Internacional Villanueva";"Ambos Sexos";"Exito"
"2016-2017";"???";"Internacional Villanueva";"Ambos Sexos";"Exito"
"2015-2016";"???";"Internacional Villanueva";"Ambos Sexos";"Exito"
"2022-2023";"91.89";"Todos los ámbitos";"Ambos Sexos";"Exito"
"2021-2022";"90.46";"Todos los ámbitos";"Ambos Sexos";"Exito"
"2020-2021";"90.74";"Todos los ámbitos";"Ambos Sexos";"Exito"
"2019-2020";"..";"Todos los ámbitos";"Ambos Sexos";"Exito"
"2018-2019";"..";"Todos los ámbitos";"Ambos Sexos";"Exito"
"2017-2018";"..";"Todos los ámbitos";"Ambos Sexos";"Exito"
"2016-2017";"..";"Todos los ámbitos";"Ambos Sexos";"Exito"
"2015-2016";"..";"Todos los ámbitos";"Ambos Sexos";"Exito"
"2022-2023";"97.08";"Total Educación";"Ambos Sexos";"Exito"
"2021-2022";"94.62";"Total Educación";"Ambos Sexos";"Exito"
"2020-2021";"93.97";"Total Educación";"Ambos Sexos";"Exito"
"2019-2020";"..";"Total Educación";"Ambos Sexos";"Exito"
"2018-2019";"..";"Total Educación";"Ambos Sexos";"Exito"
"2017-2018";"..";"Total Educación";"Ambos Sexos";"Exito"
"2016-2017";"..";"Total Educación";"Ambos Sexos";"Exito"
"2015-2016";"..";"Total Educación";"Ambos Sexos";"Exito"
"2022-2023";"93.45";"Formación de docentes de enseñanza infantil";"Ambos Sexos";"Exito"
"2021-2022";"..";"Formación de docentes de enseñanza infantil";"Ambos Sexos";"Exito"
"2020-2021";"..";"Formación de docentes de enseñanza infantil";"Ambos Sexos";"Exito"
"2019-2020";"..";"Formación de docentes de enseñanza infantil";"Ambos Sexos";"Exito"
"2018-2019";"..";"Formación de docentes de enseñanza infantil";"Ambos Sexos";"Exito"
"2017-2018";"..";"Formación de docentes de enseñanza infantil";"Ambos Sexos";"Exito"
"2016-2017";"..";"Formación de docentes de enseñanza infantil";"Ambos Sexos";"Exito"
"2015-2016";"..";"Formación de docentes de enseñanza infantil";"Ambos Sexos";"Exito"
"2022-2023";"97.59";"Formación de docentes de enseñanza primaria";"Ambos Sexos";"Exito"
"2021-2022";"94.7";"Formación de docentes de enseñanza primaria";"Ambos Sexos";"Exito"
"2020-2021";"94.7";"Formación de docentes de enseñanza primaria";"Ambos Sexos";"Exito"
"2019-2020";"..";"Formación de docentes de enseñanza primaria";"Ambos Sexos";"Exito"
"2018-2019";"..";"Formación de docentes de enseñanza primaria";"Ambos Sexos";"Exito"
"2017-2018";"..";"Formación de docentes de enseñanza primaria";"Ambos Sexos";"Exito"
"2016-2017";"..";"Formación de docentes de enseñanza primaria";"Ambos Sexos";"Exito"
"2015-2016";"..";"Formación de docentes de enseñanza primaria";"Ambos Sexos";"Exito"
"2022-2023";"..";"Otra Formación de personal docente y ciencias de la educación";"Ambos Sexos";"Exito"
"2021-2022";"..";"Otra Formación de personal docente y ciencias de la educación";"Ambos Sexos";"Exito"
"2020-2021";"..";"Otra Formación de personal docente y ciencias de la educación";"Ambos Sexos";"Exito"
"2019-2020";"..";"Otra Formación de personal docente y ciencias de la educación";"Ambos Sexos";"Exito"
"2018-2019";"..";"Otra Formación de personal docente y ciencias de la educación";"Ambos Sexos";"Exito"
"2017-2018";"..";"Otra Formación de personal docente y ciencias de la educación";"Ambos Sexos";"Exito"
"2016-2017";"..";"Otra Formación de personal docente y ciencias de la educación";"Ambos Sexos";"Exito"
"2015-2016";"..";"Otra Formación de personal docente y ciencias de la educación";"Ambos Sexos";"Exito"
"2022-2023";"94.58";"Total Artes y humanidades";"Ambos Sexos";"Exito"
"2021-2022";"90.58";"Total Artes y humanidades";"Ambos Sexos";"Exito"
"2020-2021";"..";"Total Artes y humanidades";"Ambos Sexos";"Exito"
"2019-2020";"..";"Total Artes y humanidades";"Ambos Sexos";"Exito"
"2018-2019";"..";"Total Artes y humanidades";"Ambos Sexos";"Exito"
"2017-2018";"..";"Total Artes y humanidades";"Ambos Sexos";"Exito"
"2016-2017";"..";"Total Artes y humanidades";"Ambos Sexos";"Exito"
"2015-2016";"..";"Total Artes y humanidades";"Ambos Sexos";"Exito"
"2022-2023";"94.58";"Técnicas audiovisuales y medios de comunicación";"Ambos Sexos";"Exito"
"2021-2022";"90.58";"Técnicas audiovisuales y medios de comunicación";"Ambos Sexos";"Exito"
"2020-2021";"..";"Técnicas audiovisuales y medios de comunicación";"Ambos Sexos";"Exito"
"2019-2020";"..";"Técnicas audiovisuales y medios de comunicación";"Ambos Sexos";"Exito"
"2018-2019";"..";"Técnicas audiovisuales y medios de comunicación";"Ambos Sexos";"Exito"
"2017-2018";"..";"Técnicas audiovisuales y medios de comunicación";"Ambos Sexos";"Exito"
"2016-2017";"..";"Técnicas audiovisuales y medios de comunicación";"Ambos Sexos";"Exito"
"2015-2016";"..";"Técnicas audiovisuales y medios de comunicación";"Ambos Sexos";"Exito"
"2022-2023";"..";"Artes";"Ambos Sexos";"Exito"
"2021-2022";"..";"Artes";"Ambos Sexos";"Exito"
"2020-2021";"..";"Artes";"Ambos Sexos";"Exito"
"2019-2020";"..";"Artes";"Ambos Sexos";"Exito"
"2018-2019";"..";"Artes";"Ambos Sexos";"Exito"
"2017-2018";"..";"Artes";"Ambos Sexos";"Exito"
"2016-2017";"..";"Artes";"Ambos Sexos";"Exito"
"2015-2016";"..";"Artes";"Ambos Sexos";"Exito"
"2022-2023";"..";"Lenguas";"Ambos Sexos";"Exito"
"2021-2022";"..";"Lenguas";"Ambos Sexos";"Exito"
"2020-2021";"..";"Lenguas";"Ambos Sexos";"Exito"
"2019-2020";"..";"Lenguas";"Ambos Sexos";"Exito"
"2018-2019";"..";"Lenguas";"Ambos Sexos";"Exito"
"2017-2018";"..";"Lenguas";"Ambos Sexos";"Exito"
"2016-2017";"..";"Lenguas";"Ambos Sexos";"Exito"
"2015-2016";"..";"Lenguas";"Ambos Sexos";"Exito"
"2022-2023";"..";"Humanidades";"Ambos Sexos";"Exito"
"2021-2022";"..";"Humanidades";"Ambos Sexos";"Exito"
"2020-2021";"..";"Humanidades";"Ambos Sexos";"Exito"
"2019-2020";"..";"Humanidades";"Ambos Sexos";"Exito"
"2018-2019";"..";"Humanidades";"Ambos Sexos";"Exito"
"2017-2018";"..";"Humanidades";"Ambos Sexos";"Exito"
"2016-2017";"..";"Humanidades";"Ambos Sexos";"Exito"
"2015-2016";"..";"Humanidades";"Ambos Sexos";"Exito"
"2022-2023";"90.63";"Total Ciencias sociales, periodismo y documentación";"Ambos Sexos";"Exito"
"2021-2022";"91.29";"Total Ciencias sociales, periodismo y documentación";"Ambos Sexos";"Exito"
"2020-2021";"87.42";"Total Ciencias sociales, periodismo y documentación";"Ambos Sexos";"Exito"
"2019-2020";"..";"Total Ciencias sociales, periodismo y documentación";"Ambos Sexos";"Exito"
"2018-2019";"..";"Total Ciencias sociales, periodismo y documentación";"Ambos Sexos";"Exito"
"2017-2018";"..";"Total Ciencias sociales, periodismo y documentación";"Ambos Sexos";"Exito"
"2016-2017";"..";"Total Ciencias sociales, periodismo y documentación";"Ambos Sexos";"Exito"
"2015-2016";"..";"Total Ciencias sociales, periodismo y documentación";"Ambos Sexos";"Exito"
"2022-2023";"90.63";"Psicología";"Ambos Sexos";"Exito"
"2021-2022";"91.42";"Psicología";"Ambos Sexos";"Exito"
"2020-2021";"87.68";"Psicología";"Ambos Sexos";"Exito"
"2019-2020";"..";"Psicología";"Ambos Sexos";"Exito"
"2018-2019";"..";"Psicología";"Ambos Sexos";"Exito"
"2017-2018";"..";"Psicología";"Ambos Sexos";"Exito"
"2016-2017";"..";"Psicología";"Ambos Sexos";"Exito"
"2015-2016";"..";"Psicología";"Ambos Sexos";"Exito"
"2022-2023";"..";"Economía";"Ambos Sexos";"Exito"
"2021-2022";"..";"Economía";"Ambos Sexos";"Exito"
"2020-2021";"..";"Economía";"Ambos Sexos";"Exito"
"2019-2020";"..";"Economía";"Ambos Sexos";"Exito"
"2018-2019";"..";"Economía";"Ambos Sexos";"Exito"
"2017-2018";"..";"Economía";"Ambos Sexos";"Exito"
"2016-2017";"..";"Economía";"Ambos Sexos";"Exito"
"2015-2016";"..";"Economía";"Ambos Sexos";"Exito"
"2022-2023";"..";"Otras Ciencias sociales y del comportamiento";"Ambos Sexos";"Exito"
"2021-2022";"..";"Otras Ciencias sociales y del comportamiento";"Ambos Sexos";"Exito"
"2020-2021";"..";"Otras Ciencias sociales y del comportamiento";"Ambos Sexos";"Exito"
"2019-2020";"..";"Otras Ciencias sociales y del comportamiento";"Ambos Sexos";"Exito"
"2018-2019";"..";"Otras Ciencias sociales y del comportamiento";"Ambos Sexos";"Exito"
"2017-2018";"..";"Otras Ciencias sociales y del comportamiento";"Ambos Sexos";"Exito"
"2016-2017";"..";"Otras Ciencias sociales y del comportamiento";"Ambos Sexos";"Exito"
"2015-2016";"..";"Otras Ciencias sociales y del comportamiento";"Ambos Sexos";"Exito"
"2022-2023";"90.63";"Periodismo e información";"Ambos Sexos";"Exito"
"2021-2022";"91.18";"Periodismo e información";"Ambos Sexos";"Exito"
"2020-2021";"..";"Periodismo e información";"Ambos Sexos";"Exito"
"2019-2020";"..";"Periodismo e información";"Ambos Sexos";"Exito"
"2018-2019";"..";"Periodismo e información";"Ambos Sexos";"Exito"
"2017-2018";"..";"Periodismo e información";"Ambos Sexos";"Exito"
"2016-2017";"..";"Periodismo e información";"Ambos Sexos";"Exito"
"2015-2016";"..";"Periodismo e información";"Ambos Sexos";"Exito"
"2022-2023";"89.83";"Total Negocios, administración y derecho";"Ambos Sexos";"Exito"
"2021-2022";"86.88";"Total Negocios, administración y derecho";"Ambos Sexos";"Exito"
"2020-2021";"90.07";"Total Negocios, administración y derecho";"Ambos Sexos";"Exito"
"2019-2020";"..";"Total Negocios, administración y derecho";"Ambos Sexos";"Exito"
"2018-2019";"..";"Total Negocios, administración y derecho";"Ambos Sexos";"Exito"
"2017-2018";"..";"Total Negocios, administración y derecho";"Ambos Sexos";"Exito"
"2016-2017";"..";"Total Negocios, administración y derecho";"Ambos Sexos";"Exito"
"2015-2016";"..";"Total Negocios, administración y derecho";"Ambos Sexos";"Exito"
"2022-2023";"86.74";"Administración y gestión de empresas";"Ambos Sexos";"Exito"
"2021-2022";"82.65";"Administración y gestión de empresas";"Ambos Sexos";"Exito"
"2020-2021";"90.05";"Administración y gestión de empresas";"Ambos Sexos";"Exito"
"2019-2020";"..";"Administración y gestión de empresas";"Ambos Sexos";"Exito"
"2018-2019";"..";"Administración y gestión de empresas";"Ambos Sexos";"Exito"
"2017-2018";"..";"Administración y gestión de empresas";"Ambos Sexos";"Exito"
"2016-2017";"..";"Administración y gestión de empresas";"Ambos Sexos";"Exito"
"2015-2016";"..";"Administración y gestión de empresas";"Ambos Sexos";"Exito"
"2022-2023";"95.75";"Otra Educación comercial y empresarial";"Ambos Sexos";"Exito"
"2021-2022";"96.92";"Otra Educación comercial y empresarial";"Ambos Sexos";"Exito"
"2020-2021";"..";"Otra Educación comercial y empresarial";"Ambos Sexos";"Exito"
"2019-2020";"..";"Otra Educación comercial y empresarial";"Ambos Sexos";"Exito"
"2018-2019";"..";"Otra Educación comercial y empresarial";"Ambos Sexos";"Exito"
"2017-2018";"..";"Otra Educación comercial y empresarial";"Ambos Sexos";"Exito"
"2016-2017";"..";"Otra Educación comercial y empresarial";"Ambos Sexos";"Exito"
"2015-2016";"..";"Otra Educación comercial y empresarial";"Ambos Sexos";"Exito"
"2022-2023";"91.92";"Derecho";"Ambos Sexos";"Exito"
"2021-2022";"89.83";"Derecho";"Ambos Sexos";"Exito"
"2020-2021";"..";"Derecho";"Ambos Sexos";"Exito"
"2019-2020";"..";"Derecho";"Ambos Sexos";"Exito"
"2018-2019";"..";"Derecho";"Ambos Sexos";"Exito"
"2017-2018";"..";"Derecho";"Ambos Sexos";"Exito"
"2016-2017";"..";"Derecho";"Ambos Sexos";"Exito"
"2015-2016";"..";"Derecho";"Ambos Sexos";"Exito"
"2022-2023";"..";"Total Ciencias";"Ambos Sexos";"Exito"
"2021-2022";"..";"Total Ciencias";"Ambos Sexos";"Exito"
"2020-2021";"..";"Total Ciencias";"Ambos Sexos";"Exito"
"2019-2020";"..";"Total Ciencias";"Ambos Sexos";"Exito"
"2018-2019";"..";"Total Ciencias";"Ambos Sexos";"Exito"
"2017-2018";"..";"Total Ciencias";"Ambos Sexos";"Exito"
"2016-2017";"..";"Total Ciencias";"Ambos Sexos";"Exito"
"2015-2016";"..";"Total Ciencias";"Ambos Sexos";"Exito"
"2022-2023";"..";"Ciencias de la vida";"Ambos Sexos";"Exito"
"2021-2022";"..";"Ciencias de la vida";"Ambos Sexos";"Exito"
"2020-2021";"..";"Ciencias de la vida";"Ambos Sexos";"Exito"
"2019-2020";"..";"Ciencias de la vida";"Ambos Sexos";"Exito"
"2018-2019";"..";"Ciencias de la vida";"Ambos Sexos";"Exito"
"2017-2018";"..";"Ciencias de la vida";"Ambos Sexos";"Exito"
"2016-2017";"..";"Ciencias de la vida";"Ambos Sexos";"Exito"
"2015-2016";"..";"Ciencias de la vida";"Ambos Sexos";"Exito"
"2022-2023";"..";"Ciencias Físicas, químicas, geológicas";"Ambos Sexos";"Exito"
"2021-2022";"..";"Ciencias Físicas, químicas, geológicas";"Ambos Sexos";"Exito"
"2020-2021";"..";"Ciencias Físicas, químicas, geológicas";"Ambos Sexos";"Exito"
"2019-2020";"..";"Ciencias Físicas, químicas, geológicas";"Ambos Sexos";"Exito"
"2018-2019";"..";"Ciencias Físicas, químicas, geológicas";"Ambos Sexos";"Exito"
"2017-2018";"..";"Ciencias Físicas, químicas, geológicas";"Ambos Sexos";"Exito"
"2016-2017";"..";"Ciencias Físicas, químicas, geológicas";"Ambos Sexos";"Exito"
"2015-2016";"..";"Ciencias Físicas, químicas, geológicas";"Ambos Sexos";"Exito"
"2022-2023";"..";"Matemáticas y Estadística";"Ambos Sexos";"Exito"
"2021-2022";"..";"Matemáticas y Estadística";"Ambos Sexos";"Exito"
"2020-2021";"..";"Matemáticas y Estadística";"Ambos Sexos";"Exito"
"2019-2020";"..";"Matemáticas y Estadística";"Ambos Sexos";"Exito"
"2018-2019";"..";"Matemáticas y Estadística";"Ambos Sexos";"Exito"
"2017-2018";"..";"Matemáticas y Estadística";"Ambos Sexos";"Exito"
"2016-2017";"..";"Matemáticas y Estadística";"Ambos Sexos";"Exito"
"2015-2016";"..";"Matemáticas y Estadística";"Ambos Sexos";"Exito"
"2022-2023";"..";"Total Informática";"Ambos Sexos";"Exito"
"2021-2022";"..";"Total Informática";"Ambos Sexos";"Exito"
"2020-2021";"..";"Total Informática";"Ambos Sexos";"Exito"
"2019-2020";"..";"Total Informática";"Ambos Sexos";"Exito"
"2018-2019";"..";"Total Informática";"Ambos Sexos";"Exito"
"2017-2018";"..";"Total Informática";"Ambos Sexos";"Exito"
"2016-2017";"..";"Total Informática";"Ambos Sexos";"Exito"
"2015-2016";"..";"Total Informática";"Ambos Sexos";"Exito"
"2022-2023";"..";"Informática";"Ambos Sexos";"Exito"
"2021-2022";"..";"Informática";"Ambos Sexos";"Exito"
"2020-2021";"..";"Informática";"Ambos Sexos";"Exito"
"2019-2020";"..";"Informática";"Ambos Sexos";"Exito"
"2018-2019";"..";"Informática";"Ambos Sexos";"Exito"
"2017-2018";"..";"Informática";"Ambos Sexos";"Exito"
"2016-2017";"..";"Informática";"Ambos Sexos";"Exito"
"2015-2016";"..";"Informática";"Ambos Sexos";"Exito"
"2022-2023";"..";"Total Ingeniería, industria y construcción";"Ambos Sexos";"Exito"
"2021-2022";"..";"Total Ingeniería, industria y construcción";"Ambos Sexos";"Exito"
"2020-2021";"..";"Total Ingeniería, industria y construcción";"Ambos Sexos";"Exito"
"2019-2020";"..";"Total Ingeniería, industria y construcción";"Ambos Sexos";"Exito"
"2018-2019";"..";"Total Ingeniería, industria y construcción";"Ambos Sexos";"Exito"
"2017-2018";"..";"Total Ingeniería, industria y construcción";"Ambos Sexos";"Exito"
"2016-2017";"..";"Total Ingeniería, industria y construcción";"Ambos Sexos";"Exito"
"2015-2016";"..";"Total Ingeniería, industria y construcción";"Ambos Sexos";"Exito"
"2022-2023";"..";"Ingenierías";"Ambos Sexos";"Exito"
"2021-2022";"..";"Ingenierías";"Ambos Sexos";"Exito"
"2020-2021";"..";"Ingenierías";"Ambos Sexos";"Exito"
"2019-2020";"..";"Ingenierías";"Ambos Sexos";"Exito"
"2018-2019";"..";"Ingenierías";"Ambos Sexos";"Exito"
"2017-2018";"..";"Ingenierías";"Ambos Sexos";"Exito"
"2016-2017";"..";"Ingenierías";"Ambos Sexos";"Exito"
"2015-2016";"..";"Ingenierías";"Ambos Sexos";"Exito"
"2022-2023";"..";"Arquitectura y construcción";"Ambos Sexos";"Exito"
"2021-2022";"..";"Arquitectura y construcción";"Ambos Sexos";"Exito"
"2020-2021";"..";"Arquitectura y construcción";"Ambos Sexos";"Exito"
"2019-2020";"..";"Arquitectura y construcción";"Ambos Sexos";"Exito"
"2018-2019";"..";"Arquitectura y construcción";"Ambos Sexos";"Exito"
"2017-2018";"..";"Arquitectura y construcción";"Ambos Sexos";"Exito"
"2016-2017";"..";"Arquitectura y construcción";"Ambos Sexos";"Exito"
"2015-2016";"..";"Arquitectura y construcción";"Ambos Sexos";"Exito"
"2022-2023";"..";"Total Agricultura, ganadería,  silvicultura, pesca, y veterinaria";"Ambos Sexos";"Exito"
"2021-2022";"..";"Total Agricultura, ganadería,  silvicultura, pesca, y veterinaria";"Ambos Sexos";"Exito"
"2020-2021";"..";"Total Agricultura, ganadería,  silvicultura, pesca, y veterinaria";"Ambos Sexos";"Exito"
"2019-2020";"..";"Total Agricultura, ganadería,  silvicultura, pesca, y veterinaria";"Ambos Sexos";"Exito"
"2018-2019";"..";"Total Agricultura, ganadería,  silvicultura, pesca, y veterinaria";"Ambos Sexos";"Exito"
"2017-2018";"..";"Total Agricultura, ganadería,  silvicultura, pesca, y veterinaria";"Ambos Sexos";"Exito"
"2016-2017";"..";"Total Agricultura, ganadería,  silvicultura, pesca, y veterinaria";"Ambos Sexos";"Exito"
"2015-2016";"..";"Total Agricultura, ganadería,  silvicultura, pesca, y veterinaria";"Ambos Sexos";"Exito"
"2022-2023";"..";"Agricultura, ganadería y pesca";"Ambos Sexos";"Exito"
"2021-2022";"..";"Agricultura, ganadería y pesca";"Ambos Sexos";"Exito"
"2020-2021";"..";"Agricultura, ganadería y pesca";"Ambos Sexos";"Exito"
"2019-2020";"..";"Agricultura, ganadería y pesca";"Ambos Sexos";"Exito"
"2018-2019";"..";"Agricultura, ganadería y pesca";"Ambos Sexos";"Exito"
"2017-2018";"..";"Agricultura, ganadería y pesca";"Ambos Sexos";"Exito"
"2016-2017";"..";"Agricultura, ganadería y pesca";"Ambos Sexos";"Exito"
"2015-2016";"..";"Agricultura, ganadería y pesca";"Ambos Sexos";"Exito"
"2022-2023";"..";"Veterinaria";"Ambos Sexos";"Exito"
"2021-2022";"..";"Veterinaria";"Ambos Sexos";"Exito"
"2020-2021";"..";"Veterinaria";"Ambos Sexos";"Exito"
"2019-2020";"..";"Veterinaria";"Ambos Sexos";"Exito"
"2018-2019";"..";"Veterinaria";"Ambos Sexos";"Exito"
"2017-2018";"..";"Veterinaria";"Ambos Sexos";"Exito"
"2016-2017";"..";"Veterinaria";"Ambos Sexos";"Exito"
"2015-2016";"..";"Veterinaria";"Ambos Sexos";"Exito"
"2022-2023";"..";"Total Salud y servicios sociales";"Ambos Sexos";"Exito"
"2021-2022";"..";"Total Salud y servicios sociales";"Ambos Sexos";"Exito"
"2020-2021";"..";"Total Salud y servicios sociales";"Ambos Sexos";"Exito"
"2019-2020";"..";"Total Salud y servicios sociales";"Ambos Sexos";"Exito"
"2018-2019";"..";"Total Salud y servicios sociales";"Ambos Sexos";"Exito"
"2017-2018";"..";"Total Salud y servicios sociales";"Ambos Sexos";"Exito"
"2016-2017";"..";"Total Salud y servicios sociales";"Ambos Sexos";"Exito"
"2015-2016";"..";"Total Salud y servicios sociales";"Ambos Sexos";"Exito"
"2022-2023";"..";"Medicina";"Ambos Sexos";"Exito"
"2021-2022";"..";"Medicina";"Ambos Sexos";"Exito"
"2020-2021";"..";"Medicina";"Ambos Sexos";"Exito"
"2019-2020";"..";"Medicina";"Ambos Sexos";"Exito"
"2018-2019";"..";"Medicina";"Ambos Sexos";"Exito"
"2017-2018";"..";"Medicina";"Ambos Sexos";"Exito"
"2016-2017";"..";"Medicina";"Ambos Sexos";"Exito"
"2015-2016";"..";"Medicina";"Ambos Sexos";"Exito"
"2022-2023";"..";"Enfermería y atención a enfermos";"Ambos Sexos";"Exito"
"2021-2022";"..";"Enfermería y atención a enfermos";"Ambos Sexos";"Exito"
"2020-2021";"..";"Enfermería y atención a enfermos";"Ambos Sexos";"Exito"
"2019-2020";"..";"Enfermería y atención a enfermos";"Ambos Sexos";"Exito"
"2018-2019";"..";"Enfermería y atención a enfermos";"Ambos Sexos";"Exito"
"2017-2018";"..";"Enfermería y atención a enfermos";"Ambos Sexos";"Exito"
"2016-2017";"..";"Enfermería y atención a enfermos";"Ambos Sexos";"Exito"
"2015-2016";"..";"Enfermería y atención a enfermos";"Ambos Sexos";"Exito"
"2022-2023";"..";"Otras ciencias de la Salud";"Ambos Sexos";"Exito"
"2021-2022";"..";"Otras ciencias de la Salud";"Ambos Sexos";"Exito"
"2020-2021";"..";"Otras ciencias de la Salud";"Ambos Sexos";"Exito"
"2019-2020";"..";"Otras ciencias de la Salud";"Ambos Sexos";"Exito"
"2018-2019";"..";"Otras ciencias de la Salud";"Ambos Sexos";"Exito"
"2017-2018";"..";"Otras ciencias de la Salud";"Ambos Sexos";"Exito"
"2016-2017";"..";"Otras ciencias de la Salud";"Ambos Sexos";"Exito"
"2015-2016";"..";"Otras ciencias de la Salud";"Ambos Sexos";"Exito"
"2022-2023";"..";"Trabajo social y orientación";"Ambos Sexos";"Exito"
"2021-2022";"..";"Trabajo social y orientación";"Ambos Sexos";"Exito"
"2020-2021";"..";"Trabajo social y orientación";"Ambos Sexos";"Exito"
"2019-2020";"..";"Trabajo social y orientación";"Ambos Sexos";"Exito"
"2018-2019";"..";"Trabajo social y orientación";"Ambos Sexos";"Exito"
"2017-2018";"..";"Trabajo social y orientación";"Ambos Sexos";"Exito"
"2016-2017";"..";"Trabajo social y orientación";"Ambos Sexos";"Exito"
"2015-2016";"..";"Trabajo social y orientación";"Ambos Sexos";"Exito"
"2022-2023";"..";"Total Servicios";"Ambos Sexos";"Exito"
"2021-2022";"..";"Total Servicios";"Ambos Sexos";"Exito"
"2020-2021";"..";"Total Servicios";"Ambos Sexos";"Exito"
"2019-2020";"..";"Total Servicios";"Ambos Sexos";"Exito"
"2018-2019";"..";"Total Servicios";"Ambos Sexos";"Exito"
"2017-2018";"..";"Total Servicios";"Ambos Sexos";"Exito"
"2016-2017";"..";"Total Servicios";"Ambos Sexos";"Exito"
"2015-2016";"..";"Total Servicios";"Ambos Sexos";"Exito"
"2022-2023";"..";"Deportes";"Ambos Sexos";"Exito"
"2021-2022";"..";"Deportes";"Ambos Sexos";"Exito"
"2020-2021";"..";"Deportes";"Ambos Sexos";"Exito"
"2019-2020";"..";"Deportes";"Ambos Sexos";"Exito"
"2018-2019";"..";"Deportes";"Ambos Sexos";"Exito"
"2017-2018";"..";"Deportes";"Ambos Sexos";"Exito"
"2016-2017";"..";"Deportes";"Ambos Sexos";"Exito"
"2015-2016";"..";"Deportes";"Ambos Sexos";"Exito"
"2022-2023";"..";"Turismo y Hostelería";"Ambos Sexos";"Exito"
"2021-2022";"..";"Turismo y Hostelería";"Ambos Sexos";"Exito"
"2020-2021";"..";"Turismo y Hostelería";"Ambos Sexos";"Exito"
"2019-2020";"..";"Turismo y Hostelería";"Ambos Sexos";"Exito"
"2018-2019";"..";"Turismo y Hostelería";"Ambos Sexos";"Exito"
"2017-2018";"..";"Turismo y Hostelería";"Ambos Sexos";"Exito"
"2016-2017";"..";"Turismo y Hostelería";"Ambos Sexos";"Exito"
"2015-2016";"..";"Turismo y Hostelería";"Ambos Sexos";"Exito"
"2022-2023";"..";"Otros Servicios";"Ambos Sexos";"Exito"
"2021-2022";"..";"Otros Servicios";"Ambos Sexos";"Exito"
"2020-2021";"..";"Otros Servicios";"Ambos Sexos";"Exito"
"2019-2020";"..";"Otros Servicios";"Ambos Sexos";"Exito"
"2018-2019";"..";"Otros Servicios";"Ambos Sexos";"Exito"
"2017-2018";"..";"Otros Servicios";"Ambos Sexos";"Exito"
"2016-2017";"..";"Otros Servicios";"Ambos Sexos";"Exito"
"2015-2016";"..";"Otros Servicios";"Ambos Sexos";"Exito"
"2022-2023";"???";"Internacional Villanueva";"Ambos Sexos";"Evaluacion"
"2021-2022";"???";"Internacional Villanueva";"Ambos Sexos";"Evaluacion"
"2020-2021";"???";"Internacional Villanueva";"Ambos Sexos";"Evaluacion"
"2019-2020";"???";"Internacional Villanueva";"Ambos Sexos";"Evaluacion"
"2018-2019";"???";"Internacional Villanueva";"Ambos Sexos";"Evaluacion"
"2017-2018";"???";"Internacional Villanueva";"Ambos Sexos";"Evaluacion"
"2016-2017";"???";"Internacional Villanueva";"Ambos Sexos";"Evaluacion"
"2015-2016";"???";"Internacional Villanueva";"Ambos Sexos";"Evaluacion"
"2022-2023";"98.13";"Todos los ámbitos";"Ambos Sexos";"Evaluacion"
"2021-2022";"97.32";"Todos los ámbitos";"Ambos Sexos";"Evaluacion"
"2020-2021";"96.5";"Todos los ámbitos";"Ambos Sexos";"Evaluacion"
"2019-2020";"..";"Todos los ámbitos";"Ambos Sexos";"Evaluacion"
"2018-2019";"..";"Todos los ámbitos";"Ambos Sexos";"Evaluacion"
"2017-2018";"..";"Todos los ámbitos";"Ambos Sexos";"Evaluacion"
"2016-2017";"..";"Todos los ámbitos";"Ambos Sexos";"Evaluacion"
"2015-2016";"..";"Todos los ámbitos";"Ambos Sexos";"Evaluacion"
"2022-2023";"98.7";"Total Educación";"Ambos Sexos";"Evaluacion"
"2021-2022";"98.49";"Total Educación";"Ambos Sexos";"Evaluacion"
"2020-2021";"96.83";"Total Educación";"Ambos Sexos";"Evaluacion"
"2019-2020";"..";"Total Educación";"Ambos Sexos";"Evaluacion"
"2018-2019";"..";"Total Educación";"Ambos Sexos";"Evaluacion"
"2017-2018";"..";"Total Educación";"Ambos Sexos";"Evaluacion"
"2016-2017";"..";"Total Educación";"Ambos Sexos";"Evaluacion"
"2015-2016";"..";"Total Educación";"Ambos Sexos";"Evaluacion"
"2022-2023";"97.02";"Formación de docentes de enseñanza infantil";"Ambos Sexos";"Evaluacion"
"2021-2022";"..";"Formación de docentes de enseñanza infantil";"Ambos Sexos";"Evaluacion"
"2020-2021";"..";"Formación de docentes de enseñanza infantil";"Ambos Sexos";"Evaluacion"
"2019-2020";"..";"Formación de docentes de enseñanza infantil";"Ambos Sexos";"Evaluacion"
"2018-2019";"..";"Formación de docentes de enseñanza infantil";"Ambos Sexos";"Evaluacion"
"2017-2018";"..";"Formación de docentes de enseñanza infantil";"Ambos Sexos";"Evaluacion"
"2016-2017";"..";"Formación de docentes de enseñanza infantil";"Ambos Sexos";"Evaluacion"
"2015-2016";"..";"Formación de docentes de enseñanza infantil";"Ambos Sexos";"Evaluacion"
"2022-2023";"98.94";"Formación de docentes de enseñanza primaria";"Ambos Sexos";"Evaluacion"
"2021-2022";"98.28";"Formación de docentes de enseñanza primaria";"Ambos Sexos";"Evaluacion"
"2020-2021";"97.87";"Formación de docentes de enseñanza primaria";"Ambos Sexos";"Evaluacion"
"2019-2020";"..";"Formación de docentes de enseñanza primaria";"Ambos Sexos";"Evaluacion"
"2018-2019";"..";"Formación de docentes de enseñanza primaria";"Ambos Sexos";"Evaluacion"
"2017-2018";"..";"Formación de docentes de enseñanza primaria";"Ambos Sexos";"Evaluacion"
"2016-2017";"..";"Formación de docentes de enseñanza primaria";"Ambos Sexos";"Evaluacion"
"2015-2016";"..";"Formación de docentes de enseñanza primaria";"Ambos Sexos";"Evaluacion"
"2022-2023";"..";"Otra Formación de personal docente y ciencias de la educación";"Ambos Sexos";"Evaluacion"
"2021-2022";"..";"Otra Formación de personal docente y ciencias de la educación";"Ambos Sexos";"Evaluacion"
"2020-2021";"..";"Otra Formación de personal docente y ciencias de la educación";"Ambos Sexos";"Evaluacion"
"2019-2020";"..";"Otra Formación de personal docente y ciencias de la educación";"Ambos Sexos";"Evaluacion"
"2018-2019";"..";"Otra Formación de personal docente y ciencias de la educación";"Ambos Sexos";"Evaluacion"
"2017-2018";"..";"Otra Formación de personal docente y ciencias de la educación";"Ambos Sexos";"Evaluacion"
"2016-2017";"..";"Otra Formación de personal docente y ciencias de la educación";"Ambos Sexos";"Evaluacion"
"2015-2016";"..";"Otra Formación de personal docente y ciencias de la educación";"Ambos Sexos";"Evaluacion"
"2022-2023";"99.52";"Total Artes y humanidades";"Ambos Sexos";"Evaluacion"
"2021-2022";"98.57";"Total Artes y humanidades";"Ambos Sexos";"Evaluacion"
"2020-2021";"..";"Total Artes y humanidades";"Ambos Sexos";"Evaluacion"
"2019-2020";"..";"Total Artes y humanidades";"Ambos Sexos";"Evaluacion"
"2018-2019";"..";"Total Artes y humanidades";"Ambos Sexos";"Evaluacion"
"2017-2018";"..";"Total Artes y humanidades";"Ambos Sexos";"Evaluacion"
"2016-2017";"..";"Total Artes y humanidades";"Ambos Sexos";"Evaluacion"
"2015-2016";"..";"Total Artes y humanidades";"Ambos Sexos";"Evaluacion"
"2022-2023";"99.52";"Técnicas audiovisuales y medios de comunicación";"Ambos Sexos";"Evaluacion"
"2021-2022";"98.57";"Técnicas audiovisuales y medios de comunicación";"Ambos Sexos";"Evaluacion"
"2020-2021";"..";"Técnicas audiovisuales y medios de comunicación";"Ambos Sexos";"Evaluacion"
"2019-2020";"..";"Técnicas audiovisuales y medios de comunicación";"Ambos Sexos";"Evaluacion"
"2018-2019";"..";"Técnicas audiovisuales y medios de comunicación";"Ambos Sexos";"Evaluacion"
"2017-2018";"..";"Técnicas audiovisuales y medios de comunicación";"Ambos Sexos";"Evaluacion"
"2016-2017";"..";"Técnicas audiovisuales y medios de comunicación";"Ambos Sexos";"Evaluacion"
"2015-2016";"..";"Técnicas audiovisuales y medios de comunicación";"Ambos Sexos";"Evaluacion"
"2022-2023";"..";"Artes";"Ambos Sexos";"Evaluacion"
"2021-2022";"..";"Artes";"Ambos Sexos";"Evaluacion"
"2020-2021";"..";"Artes";"Ambos Sexos";"Evaluacion"
"2019-2020";"..";"Artes";"Ambos Sexos";"Evaluacion"
"2018-2019";"..";"Artes";"Ambos Sexos";"Evaluacion"
"2017-2018";"..";"Artes";"Ambos Sexos";"Evaluacion"
"2016-2017";"..";"Artes";"Ambos Sexos";"Evaluacion"
"2015-2016";"..";"Artes";"Ambos Sexos";"Evaluacion"
"2022-2023";"..";"Lenguas";"Ambos Sexos";"Evaluacion"
"2021-2022";"..";"Lenguas";"Ambos Sexos";"Evaluacion"
"2020-2021";"..";"Lenguas";"Ambos Sexos";"Evaluacion"
"2019-2020";"..";"Lenguas";"Ambos Sexos";"Evaluacion"
"2018-2019";"..";"Lenguas";"Ambos Sexos";"Evaluacion"
"2017-2018";"..";"Lenguas";"Ambos Sexos";"Evaluacion"
"2016-2017";"..";"Lenguas";"Ambos Sexos";"Evaluacion"
"2015-2016";"..";"Lenguas";"Ambos Sexos";"Evaluacion"
"2022-2023";"..";"Humanidades";"Ambos Sexos";"Evaluacion"
"2021-2022";"..";"Humanidades";"Ambos Sexos";"Evaluacion"
"2020-2021";"..";"Humanidades";"Ambos Sexos";"Evaluacion"
"2019-2020";"..";"Humanidades";"Ambos Sexos";"Evaluacion"
"2018-2019";"..";"Humanidades";"Ambos Sexos";"Evaluacion"
"2017-2018";"..";"Humanidades";"Ambos Sexos";"Evaluacion"
"2016-2017";"..";"Humanidades";"Ambos Sexos";"Evaluacion"
"2015-2016";"..";"Humanidades";"Ambos Sexos";"Evaluacion"
"2022-2023";"98.23";"Total Ciencias sociales, periodismo y documentación";"Ambos Sexos";"Evaluacion"
"2021-2022";"97.57";"Total Ciencias sociales, periodismo y documentación";"Ambos Sexos";"Evaluacion"
"2020-2021";"96.6";"Total Ciencias sociales, periodismo y documentación";"Ambos Sexos";"Evaluacion"
"2019-2020";"..";"Total Ciencias sociales, periodismo y documentación";"Ambos Sexos";"Evaluacion"
"2018-2019";"..";"Total Ciencias sociales, periodismo y documentación";"Ambos Sexos";"Evaluacion"
"2017-2018";"..";"Total Ciencias sociales, periodismo y documentación";"Ambos Sexos";"Evaluacion"
"2016-2017";"..";"Total Ciencias sociales, periodismo y documentación";"Ambos Sexos";"Evaluacion"
"2015-2016";"..";"Total Ciencias sociales, periodismo y documentación";"Ambos Sexos";"Evaluacion"
"2022-2023";"98.16";"Psicología";"Ambos Sexos";"Evaluacion"
"2021-2022";"97.92";"Psicología";"Ambos Sexos";"Evaluacion"
"2020-2021";"96.1";"Psicología";"Ambos Sexos";"Evaluacion"
"2019-2020";"..";"Psicología";"Ambos Sexos";"Evaluacion"
"2018-2019";"..";"Psicología";"Ambos Sexos";"Evaluacion"
"2017-2018";"..";"Psicología";"Ambos Sexos";"Evaluacion"
"2016-2017";"..";"Psicología";"Ambos Sexos";"Evaluacion"
"2015-2016";"..";"Psicología";"Ambos Sexos";"Evaluacion"
"2022-2023";"..";"Economía";"Ambos Sexos";"Evaluacion"
"2021-2022";"..";"Economía";"Ambos Sexos";"Evaluacion"
"2020-2021";"..";"Economía";"Ambos Sexos";"Evaluacion"
"2019-2020";"..";"Economía";"Ambos Sexos";"Evaluacion"
"2018-2019";"..";"Economía";"Ambos Sexos";"Evaluacion"
"2017-2018";"..";"Economía";"Ambos Sexos";"Evaluacion"
"2016-2017";"..";"Economía";"Ambos Sexos";"Evaluacion"
"2015-2016";"..";"Economía";"Ambos Sexos";"Evaluacion"
"2022-2023";"..";"Otras Ciencias sociales y del comportamiento";"Ambos Sexos";"Evaluacion"
"2021-2022";"..";"Otras Ciencias sociales y del comportamiento";"Ambos Sexos";"Evaluacion"
"2020-2021";"..";"Otras Ciencias sociales y del comportamiento";"Ambos Sexos";"Evaluacion"
"2019-2020";"..";"Otras Ciencias sociales y del comportamiento";"Ambos Sexos";"Evaluacion"
"2018-2019";"..";"Otras Ciencias sociales y del comportamiento";"Ambos Sexos";"Evaluacion"
"2017-2018";"..";"Otras Ciencias sociales y del comportamiento";"Ambos Sexos";"Evaluacion"
"2016-2017";"..";"Otras Ciencias sociales y del comportamiento";"Ambos Sexos";"Evaluacion"
"2015-2016";"..";"Otras Ciencias sociales y del comportamiento";"Ambos Sexos";"Evaluacion"
"2022-2023";"98.74";"Periodismo e información";"Ambos Sexos";"Evaluacion"
"2021-2022";"95.2";"Periodismo e información";"Ambos Sexos";"Evaluacion"
"2020-2021";"..";"Periodismo e información";"Ambos Sexos";"Evaluacion"
"2019-2020";"..";"Periodismo e información";"Ambos Sexos";"Evaluacion"
"2018-2019";"..";"Periodismo e información";"Ambos Sexos";"Evaluacion"
"2017-2018";"..";"Periodismo e información";"Ambos Sexos";"Evaluacion"
"2016-2017";"..";"Periodismo e información";"Ambos Sexos";"Evaluacion"
"2015-2016";"..";"Periodismo e información";"Ambos Sexos";"Evaluacion"
"2022-2023";"97.59";"Total Negocios, administración y derecho";"Ambos Sexos";"Evaluacion"
"2021-2022";"96.19";"Total Negocios, administración y derecho";"Ambos Sexos";"Evaluacion"
"2020-2021";"96.3";"Total Negocios, administración y derecho";"Ambos Sexos";"Evaluacion"
"2019-2020";"..";"Total Negocios, administración y derecho";"Ambos Sexos";"Evaluacion"
"2018-2019";"..";"Total Negocios, administración y derecho";"Ambos Sexos";"Evaluacion"
"2017-2018";"..";"Total Negocios, administración y derecho";"Ambos Sexos";"Evaluacion"
"2016-2017";"..";"Total Negocios, administración y derecho";"Ambos Sexos";"Evaluacion"
"2015-2016";"..";"Total Negocios, administración y derecho";"Ambos Sexos";"Evaluacion"
"2022-2023";"96.51";"Administración y gestión de empresas";"Ambos Sexos";"Evaluacion"
"2021-2022";"95.41";"Administración y gestión de empresas";"Ambos Sexos";"Evaluacion"
"2020-2021";"95.23";"Administración y gestión de empresas";"Ambos Sexos";"Evaluacion"
"2019-2020";"..";"Administración y gestión de empresas";"Ambos Sexos";"Evaluacion"
"2018-2019";"..";"Administración y gestión de empresas";"Ambos Sexos";"Evaluacion"
"2017-2018";"..";"Administración y gestión de empresas";"Ambos Sexos";"Evaluacion"
"2016-2017";"..";"Administración y gestión de empresas";"Ambos Sexos";"Evaluacion"
"2015-2016";"..";"Administración y gestión de empresas";"Ambos Sexos";"Evaluacion"
"2022-2023";"99.64";"Otra Educación comercial y empresarial";"Ambos Sexos";"Evaluacion"
"2021-2022";"99.78";"Otra Educación comercial y empresarial";"Ambos Sexos";"Evaluacion"
"2020-2021";"..";"Otra Educación comercial y empresarial";"Ambos Sexos";"Evaluacion"
"2019-2020";"..";"Otra Educación comercial y empresarial";"Ambos Sexos";"Evaluacion"
"2018-2019";"..";"Otra Educación comercial y empresarial";"Ambos Sexos";"Evaluacion"
"2017-2018";"..";"Otra Educación comercial y empresarial";"Ambos Sexos";"Evaluacion"
"2016-2017";"..";"Otra Educación comercial y empresarial";"Ambos Sexos";"Evaluacion"
"2015-2016";"..";"Otra Educación comercial y empresarial";"Ambos Sexos";"Evaluacion"
"2022-2023";"98.42";"Derecho";"Ambos Sexos";"Evaluacion"
"2021-2022";"95.13";"Derecho";"Ambos Sexos";"Evaluacion"
"2020-2021";"..";"Derecho";"Ambos Sexos";"Evaluacion"
"2019-2020";"..";"Derecho";"Ambos Sexos";"Evaluacion"
"2018-2019";"..";"Derecho";"Ambos Sexos";"Evaluacion"
"2017-2018";"..";"Derecho";"Ambos Sexos";"Evaluacion"
"2016-2017";"..";"Derecho";"Ambos Sexos";"Evaluacion"
"2015-2016";"..";"Derecho";"Ambos Sexos";"Evaluacion"
"2022-2023";"..";"Total Ciencias";"Ambos Sexos";"Evaluacion"
"2021-2022";"..";"Total Ciencias";"Ambos Sexos";"Evaluacion"
"2020-2021";"..";"Total Ciencias";"Ambos Sexos";"Evaluacion"
"2019-2020";"..";"Total Ciencias";"Ambos Sexos";"Evaluacion"
"2018-2019";"..";"Total Ciencias";"Ambos Sexos";"Evaluacion"
"2017-2018";"..";"Total Ciencias";"Ambos Sexos";"Evaluacion"
"2016-2017";"..";"Total Ciencias";"Ambos Sexos";"Evaluacion"
"2015-2016";"..";"Total Ciencias";"Ambos Sexos";"Evaluacion"
"2022-2023";"..";"Ciencias de la vida";"Ambos Sexos";"Evaluacion"
"2021-2022";"..";"Ciencias de la vida";"Ambos Sexos";"Evaluacion"
"2020-2021";"..";"Ciencias de la vida";"Ambos Sexos";"Evaluacion"
"2019-2020";"..";"Ciencias de la vida";"Ambos Sexos";"Evaluacion"
"2018-2019";"..";"Ciencias de la vida";"Ambos Sexos";"Evaluacion"
"2017-2018";"..";"Ciencias de la vida";"Ambos Sexos";"Evaluacion"
"2016-2017";"..";"Ciencias de la vida";"Ambos Sexos";"Evaluacion"
"2015-2016";"..";"Ciencias de la vida";"Ambos Sexos";"Evaluacion"
"2022-2023";"..";"Ciencias Físicas, químicas, geológicas";"Ambos Sexos";"Evaluacion"
"2021-2022";"..";"Ciencias Físicas, químicas, geológicas";"Ambos Sexos";"Evaluacion"
"2020-2021";"..";"Ciencias Físicas, químicas, geológicas";"Ambos Sexos";"Evaluacion"
"2019-2020";"..";"Ciencias Físicas, químicas, geológicas";"Ambos Sexos";"Evaluacion"
"2018-2019";"..";"Ciencias Físicas, químicas, geológicas";"Ambos Sexos";"Evaluacion"
"2017-2018";"..";"Ciencias Físicas, químicas, geológicas";"Ambos Sexos";"Evaluacion"
"2016-2017";"..";"Ciencias Físicas, químicas, geológicas";"Ambos Sexos";"Evaluacion"
"2015-2016";"..";"Ciencias Físicas, químicas, geológicas";"Ambos Sexos";"Evaluacion"
"2022-2023";"..";"Matemáticas y Estadística";"Ambos Sexos";"Evaluacion"
"2021-2022";"..";"Matemáticas y Estadística";"Ambos Sexos";"Evaluacion"
"2020-2021";"..";"Matemáticas y Estadística";"Ambos Sexos";"Evaluacion"
"2019-2020";"..";"Matemáticas y Estadística";"Ambos Sexos";"Evaluacion"
"2018-2019";"..";"Matemáticas y Estadística";"Ambos Sexos";"Evaluacion"
"2017-2018";"..";"Matemáticas y Estadística";"Ambos Sexos";"Evaluacion"
"2016-2017";"..";"Matemáticas y Estadística";"Ambos Sexos";"Evaluacion"
"2015-2016";"..";"Matemáticas y Estadística";"Ambos Sexos";"Evaluacion"
"2022-2023";"..";"Total Informática";"Ambos Sexos";"Evaluacion"
"2021-2022";"..";"Total Informática";"Ambos Sexos";"Evaluacion"
"2020-2021";"..";"Total Informática";"Ambos Sexos";"Evaluacion"
"2019-2020";"..";"Total Informática";"Ambos Sexos";"Evaluacion"
"2018-2019";"..";"Total Informática";"Ambos Sexos";"Evaluacion"
"2017-2018";"..";"Total Informática";"Ambos Sexos";"Evaluacion"
"2016-2017";"..";"Total Informática";"Ambos Sexos";"Evaluacion"
"2015-2016";"..";"Total Informática";"Ambos Sexos";"Evaluacion"
"2022-2023";"..";"Informática";"Ambos Sexos";"Evaluacion"
"2021-2022";"..";"Informática";"Ambos Sexos";"Evaluacion"
"2020-2021";"..";"Informática";"Ambos Sexos";"Evaluacion"
"2019-2020";"..";"Informática";"Ambos Sexos";"Evaluacion"
"2018-2019";"..";"Informática";"Ambos Sexos";"Evaluacion"
"2017-2018";"..";"Informática";"Ambos Sexos";"Evaluacion"
"2016-2017";"..";"Informática";"Ambos Sexos";"Evaluacion"
"2015-2016";"..";"Informática";"Ambos Sexos";"Evaluacion"
"2022-2023";"..";"Total Ingeniería, industria y construcción";"Ambos Sexos";"Evaluacion"
"2021-2022";"..";"Total Ingeniería, industria y construcción";"Ambos Sexos";"Evaluacion"
"2020-2021";"..";"Total Ingeniería, industria y construcción";"Ambos Sexos";"Evaluacion"
"2019-2020";"..";"Total Ingeniería, industria y construcción";"Ambos Sexos";"Evaluacion"
"2018-2019";"..";"Total Ingeniería, industria y construcción";"Ambos Sexos";"Evaluacion"
"2017-2018";"..";"Total Ingeniería, industria y construcción";"Ambos Sexos";"Evaluacion"
"2016-2017";"..";"Total Ingeniería, industria y construcción";"Ambos Sexos";"Evaluacion"
"2015-2016";"..";"Total Ingeniería, industria y construcción";"Ambos Sexos";"Evaluacion"
"2022-2023";"..";"Ingenierías";"Ambos Sexos";"Evaluacion"
"2021-2022";"..";"Ingenierías";"Ambos Sexos";"Evaluacion"
"2020-2021";"..";"Ingenierías";"Ambos Sexos";"Evaluacion"
"2019-2020";"..";"Ingenierías";"Ambos Sexos";"Evaluacion"
"2018-2019";"..";"Ingenierías";"Ambos Sexos";"Evaluacion"
"2017-2018";"..";"Ingenierías";"Ambos Sexos";"Evaluacion"
"2016-2017";"..";"Ingenierías";"Ambos Sexos";"Evaluacion"
"2015-2016";"..";"Ingenierías";"Ambos Sexos";"Evaluacion"
"2022-2023";"..";"Arquitectura y construcción";"Ambos Sexos";"Evaluacion"
"2021-2022";"..";"Arquitectura y construcción";"Ambos Sexos";"Evaluacion"
"2020-2021";"..";"Arquitectura y construcción";"Ambos Sexos";"Evaluacion"
"2019-2020";"..";"Arquitectura y construcción";"Ambos Sexos";"Evaluacion"
"2018-2019";"..";"Arquitectura y construcción";"Ambos Sexos";"Evaluacion"
"2017-2018";"..";"Arquitectura y construcción";"Ambos Sexos";"Evaluacion"
"2016-2017";"..";"Arquitectura y construcción";"Ambos Sexos";"Evaluacion"
"2015-2016";"..";"Arquitectura y construcción";"Ambos Sexos";"Evaluacion"
"2022-2023";"..";"Total Agricultura, ganadería,  silvicultura, pesca, y veterinaria";"Ambos Sexos";"Evaluacion"
"2021-2022";"..";"Total Agricultura, ganadería,  silvicultura, pesca, y veterinaria";"Ambos Sexos";"Evaluacion"
"2020-2021";"..";"Total Agricultura, ganadería,  silvicultura, pesca, y veterinaria";"Ambos Sexos";"Evaluacion"
"2019-2020";"..";"Total Agricultura, ganadería,  silvicultura, pesca, y veterinaria";"Ambos Sexos";"Evaluacion"
"2018-2019";"..";"Total Agricultura, ganadería,  silvicultura, pesca, y veterinaria";"Ambos Sexos";"Evaluacion"
"2017-2018";"..";"Total Agricultura, ganadería,  silvicultura, pesca, y veterinaria";"Ambos Sexos";"Evaluacion"
"2016-2017";"..";"Total Agricultura, ganadería,  silvicultura, pesca, y veterinaria";"Ambos Sexos";"Evaluacion"
"2015-2016";"..";"Total Agricultura, ganadería,  silvicultura, pesca, y veterinaria";"Ambos Sexos";"Evaluacion"
"2022-2023";"..";"Agricultura, ganadería y pesca";"Ambos Sexos";"Evaluacion"
"2021-2022";"..";"Agricultura, ganadería y pesca";"Ambos Sexos";"Evaluacion"
"2020-2021";"..";"Agricultura, ganadería y pesca";"Ambos Sexos";"Evaluacion"
"2019-2020";"..";"Agricultura, ganadería y pesca";"Ambos Sexos";"Evaluacion"
"2018-2019";"..";"Agricultura, ganadería y pesca";"Ambos Sexos";"Evaluacion"
"2017-2018";"..";"Agricultura, ganadería y pesca";"Ambos Sexos";"Evaluacion"
"2016-2017";"..";"Agricultura, ganadería y pesca";"Ambos Sexos";"Evaluacion"
"2015-2016";"..";"Agricultura, ganadería y pesca";"Ambos Sexos";"Evaluacion"
"2022-2023";"..";"Veterinaria";"Ambos Sexos";"Evaluacion"
"2021-2022";"..";"Veterinaria";"Ambos Sexos";"Evaluacion"
"2020-2021";"..";"Veterinaria";"Ambos Sexos";"Evaluacion"
"2019-2020";"..";"Veterinaria";"Ambos Sexos";"Evaluacion"
"2018-2019";"..";"Veterinaria";"Ambos Sexos";"Evaluacion"
"2017-2018";"..";"Veterinaria";"Ambos Sexos";"Evaluacion"
"2016-2017";"..";"Veterinaria";"Ambos Sexos";"Evaluacion"
"2015-2016";"..";"Veterinaria";"Ambos Sexos";"Evaluacion"
"2022-2023";"..";"Total Salud y servicios sociales";"Ambos Sexos";"Evaluacion"
"2021-2022";"..";"Total Salud y servicios sociales";"Ambos Sexos";"Evaluacion"
"2020-2021";"..";"Total Salud y servicios sociales";"Ambos Sexos";"Evaluacion"
"2019-2020";"..";"Total Salud y servicios sociales";"Ambos Sexos";"Evaluacion"
"2018-2019";"..";"Total Salud y servicios sociales";"Ambos Sexos";"Evaluacion"
"2017-2018";"..";"Total Salud y servicios sociales";"Ambos Sexos";"Evaluacion"
"2016-2017";"..";"Total Salud y servicios sociales";"Ambos Sexos";"Evaluacion"
"2015-2016";"..";"Total Salud y servicios sociales";"Ambos Sexos";"Evaluacion"
"2022-2023";"..";"Medicina";"Ambos Sexos";"Evaluacion"
"2021-2022";"..";"Medicina";"Ambos Sexos";"Evaluacion"
"2020-2021";"..";"Medicina";"Ambos Sexos";"Evaluacion"
"2019-2020";"..";"Medicina";"Ambos Sexos";"Evaluacion"
"2018-2019";"..";"Medicina";"Ambos Sexos";"Evaluacion"
"2017-2018";"..";"Medicina";"Ambos Sexos";"Evaluacion"
"2016-2017";"..";"Medicina";"Ambos Sexos";"Evaluacion"
"2015-2016";"..";"Medicina";"Ambos Sexos";"Evaluacion"
"2022-2023";"..";"Enfermería y atención a enfermos";"Ambos Sexos";"Evaluacion"
"2021-2022";"..";"Enfermería y atención a enfermos";"Ambos Sexos";"Evaluacion"
"2020-2021";"..";"Enfermería y atención a enfermos";"Ambos Sexos";"Evaluacion"
"2019-2020";"..";"Enfermería y atención a enfermos";"Ambos Sexos";"Evaluacion"
"2018-2019";"..";"Enfermería y atención a enfermos";"Ambos Sexos";"Evaluacion"
"2017-2018";"..";"Enfermería y atención a enfermos";"Ambos Sexos";"Evaluacion"
"2016-2017";"..";"Enfermería y atención a enfermos";"Ambos Sexos";"Evaluacion"
"2015-2016";"..";"Enfermería y atención a enfermos";"Ambos Sexos";"Evaluacion"
"2022-2023";"..";"Otras ciencias de la Salud";"Ambos Sexos";"Evaluacion"
"2021-2022";"..";"Otras ciencias de la Salud";"Ambos Sexos";"Evaluacion"
"2020-2021";"..";"Otras ciencias de la Salud";"Ambos Sexos";"Evaluacion"
"2019-2020";"..";"Otras ciencias de la Salud";"Ambos Sexos";"Evaluacion"
"2018-2019";"..";"Otras ciencias de la Salud";"Ambos Sexos";"Evaluacion"
"2017-2018";"..";"Otras ciencias de la Salud";"Ambos Sexos";"Evaluacion"
"2016-2017";"..";"Otras ciencias de la Salud";"Ambos Sexos";"Evaluacion"
"2015-2016";"..";"Otras ciencias de la Salud";"Ambos Sexos";"Evaluacion"
"2022-2023";"..";"Trabajo social y orientación";"Ambos Sexos";"Evaluacion"
"2021-2022";"..";"Trabajo social y orientación";"Ambos Sexos";"Evaluacion"
"2020-2021";"..";"Trabajo social y orientación";"Ambos Sexos";"Evaluacion"
"2019-2020";"..";"Trabajo social y orientación";"Ambos Sexos";"Evaluacion"
"2018-2019";"..";"Trabajo social y orientación";"Ambos Sexos";"Evaluacion"
"2017-2018";"..";"Trabajo social y orientación";"Ambos Sexos";"Evaluacion"
"2016-2017";"..";"Trabajo social y orientación";"Ambos Sexos";"Evaluacion"
"2015-2016";"..";"Trabajo social y orientación";"Ambos Sexos";"Evaluacion"
"2022-2023";"..";"Total Servicios";"Ambos Sexos";"Evaluacion"
"2021-2022";"..";"Total Servicios";"Ambos Sexos";"Evaluacion"
"2020-2021";"..";"Total Servicios";"Ambos Sexos";"Evaluacion"
"2019-2020";"..";"Total Servicios";"Ambos Sexos";"Evaluacion"
"2018-2019";"..";"Total Servicios";"Ambos Sexos";"Evaluacion"
"2017-2018";"..";"Total Servicios";"Ambos Sexos";"Evaluacion"
"2016-2017";"..";"Total Servicios";"Ambos Sexos";"Evaluacion"
"2015-2016";"..";"Total Servicios";"Ambos Sexos";"Evaluacion"
"2022-2023";"..";"Deportes";"Ambos Sexos";"Evaluacion"
"2021-2022";"..";"Deportes";"Ambos Sexos";"Evaluacion"
"2020-2021";"..";"Deportes";"Ambos Sexos";"Evaluacion"
"2019-2020";"..";"Deportes";"Ambos Sexos";"Evaluacion"
"2018-2019";"..";"Deportes";"Ambos Sexos";"Evaluacion"
"2017-2018";"..";"Deportes";"Ambos Sexos";"Evaluacion"
"2016-2017";"..";"Deportes";"Ambos Sexos";"Evaluacion"
"2015-2016";"..";"Deportes";"Ambos Sexos";"Evaluacion"
"2022-2023";"..";"Turismo y Hostelería";"Ambos Sexos";"Evaluacion"
"2021-2022";"..";"Turismo y Hostelería";"Ambos Sexos";"Evaluacion"
"2020-2021";"..";"Turismo y Hostelería";"Ambos Sexos";"Evaluacion"
"2019-2020";"..";"Turismo y Hostelería";"Ambos Sexos";"Evaluacion"
"2018-2019";"..";"Turismo y Hostelería";"Ambos Sexos";"Evaluacion"
"2017-2018";"..";"Turismo y Hostelería";"Ambos Sexos";"Evaluacion"
"2016-2017";"..";"Turismo y Hostelería";"Ambos Sexos";"Evaluacion"
"2015-2016";"..";"Turismo y Hostelería";"Ambos Sexos";"Evaluacion"
"2022-2023";"..";"Otros Servicios";"Ambos Sexos";"Evaluacion"
"2021-2022";"..";"Otros Servicios";"Ambos Sexos";"Evaluacion"
"2020-2021";"..";"Otros Servicios";"Ambos Sexos";"Evaluacion"
"2019-2020";"..";"Otros Servicios";"Ambos Sexos";"Evaluacion"
"2018-2019";"..";"Otros Servicios";"Ambos Sexos";"Evaluacion"
"2017-2018";"..";"Otros Servicios";"Ambos Sexos";"Evaluacion"
"2016-2017";"..";"Otros Servicios";"Ambos Sexos";"Evaluacion"
"2015-2016";"..";"Otros Servicios";"Ambos Sexos";"Evaluacion"
"2022-2023";"???";"Internacional Villanueva";"Hombres";"Rendimiento"
"2021-2022";"???";"Internacional Villanueva";"Hombres";"Rendimiento"
"2020-2021";"???";"Internacional Villanueva";"Hombres";"Rendimiento"
"2019-2020";"???";"Internacional Villanueva";"Hombres";"Rendimiento"
"2018-2019";"???";"Internacional Villanueva";"Hombres";"Rendimiento"
"2017-2018";"???";"Internacional Villanueva";"Hombres";"Rendimiento"
"2016-2017";"???";"Internacional Villanueva";"Hombres";"Rendimiento"
"2015-2016";"???";"Internacional Villanueva";"Hombres";"Rendimiento"
"2022-2023";"85.97";"Todos los ámbitos";"Hombres";"Rendimiento"
"2021-2022";"80.8";"Todos los ámbitos";"Hombres";"Rendimiento"
"2020-2021";"82.65";"Todos los ámbitos";"Hombres";"Rendimiento"
"2019-2020";"..";"Todos los ámbitos";"Hombres";"Rendimiento"
"2018-2019";"..";"Todos los ámbitos";"Hombres";"Rendimiento"
"2017-2018";"..";"Todos los ámbitos";"Hombres";"Rendimiento"
"2016-2017";"..";"Todos los ámbitos";"Hombres";"Rendimiento"
"2015-2016";"..";"Todos los ámbitos";"Hombres";"Rendimiento"
"2022-2023";"94.28";"Total Educación";"Hombres";"Rendimiento"
"2021-2022";"84.65";"Total Educación";"Hombres";"Rendimiento"
"2020-2021";"..";"Total Educación";"Hombres";"Rendimiento"
"2019-2020";"..";"Total Educación";"Hombres";"Rendimiento"
"2018-2019";"..";"Total Educación";"Hombres";"Rendimiento"
"2017-2018";"..";"Total Educación";"Hombres";"Rendimiento"
"2016-2017";"..";"Total Educación";"Hombres";"Rendimiento"
"2015-2016";"..";"Total Educación";"Hombres";"Rendimiento"
"2022-2023";"..";"Formación de docentes de enseñanza infantil";"Hombres";"Rendimiento"
"2021-2022";"..";"Formación de docentes de enseñanza infantil";"Hombres";"Rendimiento"
"2020-2021";"..";"Formación de docentes de enseñanza infantil";"Hombres";"Rendimiento"
"2019-2020";"..";"Formación de docentes de enseñanza infantil";"Hombres";"Rendimiento"
"2018-2019";"..";"Formación de docentes de enseñanza infantil";"Hombres";"Rendimiento"
"2017-2018";"..";"Formación de docentes de enseñanza infantil";"Hombres";"Rendimiento"
"2016-2017";"..";"Formación de docentes de enseñanza infantil";"Hombres";"Rendimiento"
"2015-2016";"..";"Formación de docentes de enseñanza infantil";"Hombres";"Rendimiento"
"2022-2023";"95.1";"Formación de docentes de enseñanza primaria";"Hombres";"Rendimiento"
"2021-2022";"84.65";"Formación de docentes de enseñanza primaria";"Hombres";"Rendimiento"
"2020-2021";"..";"Formación de docentes de enseñanza primaria";"Hombres";"Rendimiento"
"2019-2020";"..";"Formación de docentes de enseñanza primaria";"Hombres";"Rendimiento"
"2018-2019";"..";"Formación de docentes de enseñanza primaria";"Hombres";"Rendimiento"
"2017-2018";"..";"Formación de docentes de enseñanza primaria";"Hombres";"Rendimiento"
"2016-2017";"..";"Formación de docentes de enseñanza primaria";"Hombres";"Rendimiento"
"2015-2016";"..";"Formación de docentes de enseñanza primaria";"Hombres";"Rendimiento"
"2022-2023";"..";"Otra Formación de personal docente y ciencias de la educación";"Hombres";"Rendimiento"
"2021-2022";"..";"Otra Formación de personal docente y ciencias de la educación";"Hombres";"Rendimiento"
"2020-2021";"..";"Otra Formación de personal docente y ciencias de la educación";"Hombres";"Rendimiento"
"2019-2020";"..";"Otra Formación de personal docente y ciencias de la educación";"Hombres";"Rendimiento"
"2018-2019";"..";"Otra Formación de personal docente y ciencias de la educación";"Hombres";"Rendimiento"
"2017-2018";"..";"Otra Formación de personal docente y ciencias de la educación";"Hombres";"Rendimiento"
"2016-2017";"..";"Otra Formación de personal docente y ciencias de la educación";"Hombres";"Rendimiento"
"2015-2016";"..";"Otra Formación de personal docente y ciencias de la educación";"Hombres";"Rendimiento"
"2022-2023";"..";"Total Artes y humanidades";"Hombres";"Rendimiento"
"2021-2022";"..";"Total Artes y humanidades";"Hombres";"Rendimiento"
"2020-2021";"..";"Total Artes y humanidades";"Hombres";"Rendimiento"
"2019-2020";"..";"Total Artes y humanidades";"Hombres";"Rendimiento"
"2018-2019";"..";"Total Artes y humanidades";"Hombres";"Rendimiento"
"2017-2018";"..";"Total Artes y humanidades";"Hombres";"Rendimiento"
"2016-2017";"..";"Total Artes y humanidades";"Hombres";"Rendimiento"
"2015-2016";"..";"Total Artes y humanidades";"Hombres";"Rendimiento"
"2022-2023";"..";"Técnicas audiovisuales y medios de comunicación";"Hombres";"Rendimiento"
"2021-2022";"..";"Técnicas audiovisuales y medios de comunicación";"Hombres";"Rendimiento"
"2020-2021";"..";"Técnicas audiovisuales y medios de comunicación";"Hombres";"Rendimiento"
"2019-2020";"..";"Técnicas audiovisuales y medios de comunicación";"Hombres";"Rendimiento"
"2018-2019";"..";"Técnicas audiovisuales y medios de comunicación";"Hombres";"Rendimiento"
"2017-2018";"..";"Técnicas audiovisuales y medios de comunicación";"Hombres";"Rendimiento"
"2016-2017";"..";"Técnicas audiovisuales y medios de comunicación";"Hombres";"Rendimiento"
"2015-2016";"..";"Técnicas audiovisuales y medios de comunicación";"Hombres";"Rendimiento"
"2022-2023";"..";"Artes";"Hombres";"Rendimiento"
"2021-2022";"..";"Artes";"Hombres";"Rendimiento"
"2020-2021";"..";"Artes";"Hombres";"Rendimiento"
"2019-2020";"..";"Artes";"Hombres";"Rendimiento"
"2018-2019";"..";"Artes";"Hombres";"Rendimiento"
"2017-2018";"..";"Artes";"Hombres";"Rendimiento"
"2016-2017";"..";"Artes";"Hombres";"Rendimiento"
"2015-2016";"..";"Artes";"Hombres";"Rendimiento"
"2022-2023";"..";"Lenguas";"Hombres";"Rendimiento"
"2021-2022";"..";"Lenguas";"Hombres";"Rendimiento"
"2020-2021";"..";"Lenguas";"Hombres";"Rendimiento"
"2019-2020";"..";"Lenguas";"Hombres";"Rendimiento"
"2018-2019";"..";"Lenguas";"Hombres";"Rendimiento"
"2017-2018";"..";"Lenguas";"Hombres";"Rendimiento"
"2016-2017";"..";"Lenguas";"Hombres";"Rendimiento"
"2015-2016";"..";"Lenguas";"Hombres";"Rendimiento"
"2022-2023";"..";"Humanidades";"Hombres";"Rendimiento"
"2021-2022";"..";"Humanidades";"Hombres";"Rendimiento"
"2020-2021";"..";"Humanidades";"Hombres";"Rendimiento"
"2019-2020";"..";"Humanidades";"Hombres";"Rendimiento"
"2018-2019";"..";"Humanidades";"Hombres";"Rendimiento"
"2017-2018";"..";"Humanidades";"Hombres";"Rendimiento"
"2016-2017";"..";"Humanidades";"Hombres";"Rendimiento"
"2015-2016";"..";"Humanidades";"Hombres";"Rendimiento"
"2022-2023";"87.3";"Total Ciencias sociales, periodismo y documentación";"Hombres";"Rendimiento"
"2021-2022";"86.01";"Total Ciencias sociales, periodismo y documentación";"Hombres";"Rendimiento"
"2020-2021";"71.38";"Total Ciencias sociales, periodismo y documentación";"Hombres";"Rendimiento"
"2019-2020";"..";"Total Ciencias sociales, periodismo y documentación";"Hombres";"Rendimiento"
"2018-2019";"..";"Total Ciencias sociales, periodismo y documentación";"Hombres";"Rendimiento"
"2017-2018";"..";"Total Ciencias sociales, periodismo y documentación";"Hombres";"Rendimiento"
"2016-2017";"..";"Total Ciencias sociales, periodismo y documentación";"Hombres";"Rendimiento"
"2015-2016";"..";"Total Ciencias sociales, periodismo y documentación";"Hombres";"Rendimiento"
"2022-2023";"87.33";"Psicología";"Hombres";"Rendimiento"
"2021-2022";"87.18";"Psicología";"Hombres";"Rendimiento"
"2020-2021";"..";"Psicología";"Hombres";"Rendimiento"
"2019-2020";"..";"Psicología";"Hombres";"Rendimiento"
"2018-2019";"..";"Psicología";"Hombres";"Rendimiento"
"2017-2018";"..";"Psicología";"Hombres";"Rendimiento"
"2016-2017";"..";"Psicología";"Hombres";"Rendimiento"
"2015-2016";"..";"Psicología";"Hombres";"Rendimiento"
"2022-2023";"..";"Economía";"Hombres";"Rendimiento"
"2021-2022";"..";"Economía";"Hombres";"Rendimiento"
"2020-2021";"..";"Economía";"Hombres";"Rendimiento"
"2019-2020";"..";"Economía";"Hombres";"Rendimiento"
"2018-2019";"..";"Economía";"Hombres";"Rendimiento"
"2017-2018";"..";"Economía";"Hombres";"Rendimiento"
"2016-2017";"..";"Economía";"Hombres";"Rendimiento"
"2015-2016";"..";"Economía";"Hombres";"Rendimiento"
"2022-2023";"..";"Otras Ciencias sociales y del comportamiento";"Hombres";"Rendimiento"
"2021-2022";"..";"Otras Ciencias sociales y del comportamiento";"Hombres";"Rendimiento"
"2020-2021";"..";"Otras Ciencias sociales y del comportamiento";"Hombres";"Rendimiento"
"2019-2020";"..";"Otras Ciencias sociales y del comportamiento";"Hombres";"Rendimiento"
"2018-2019";"..";"Otras Ciencias sociales y del comportamiento";"Hombres";"Rendimiento"
"2017-2018";"..";"Otras Ciencias sociales y del comportamiento";"Hombres";"Rendimiento"
"2016-2017";"..";"Otras Ciencias sociales y del comportamiento";"Hombres";"Rendimiento"
"2015-2016";"..";"Otras Ciencias sociales y del comportamiento";"Hombres";"Rendimiento"
"2022-2023";"87.21";"Periodismo e información";"Hombres";"Rendimiento"
"2021-2022";"..";"Periodismo e información";"Hombres";"Rendimiento"
"2020-2021";"..";"Periodismo e información";"Hombres";"Rendimiento"
"2019-2020";"..";"Periodismo e información";"Hombres";"Rendimiento"
"2018-2019";"..";"Periodismo e información";"Hombres";"Rendimiento"
"2017-2018";"..";"Periodismo e información";"Hombres";"Rendimiento"
"2016-2017";"..";"Periodismo e información";"Hombres";"Rendimiento"
"2015-2016";"..";"Periodismo e información";"Hombres";"Rendimiento"
"2022-2023";"82.92";"Total Negocios, administración y derecho";"Hombres";"Rendimiento"
"2021-2022";"76.5";"Total Negocios, administración y derecho";"Hombres";"Rendimiento"
"2020-2021";"86.5";"Total Negocios, administración y derecho";"Hombres";"Rendimiento"
"2019-2020";"..";"Total Negocios, administración y derecho";"Hombres";"Rendimiento"
"2018-2019";"..";"Total Negocios, administración y derecho";"Hombres";"Rendimiento"
"2017-2018";"..";"Total Negocios, administración y derecho";"Hombres";"Rendimiento"
"2016-2017";"..";"Total Negocios, administración y derecho";"Hombres";"Rendimiento"
"2015-2016";"..";"Total Negocios, administración y derecho";"Hombres";"Rendimiento"
"2022-2023";"81.16";"Administración y gestión de empresas";"Hombres";"Rendimiento"
"2021-2022";"75.26";"Administración y gestión de empresas";"Hombres";"Rendimiento"
"2020-2021";"84.83";"Administración y gestión de empresas";"Hombres";"Rendimiento"
"2019-2020";"..";"Administración y gestión de empresas";"Hombres";"Rendimiento"
"2018-2019";"..";"Administración y gestión de empresas";"Hombres";"Rendimiento"
"2017-2018";"..";"Administración y gestión de empresas";"Hombres";"Rendimiento"
"2016-2017";"..";"Administración y gestión de empresas";"Hombres";"Rendimiento"
"2015-2016";"..";"Administración y gestión de empresas";"Hombres";"Rendimiento"
"2022-2023";"..";"Otra Educación comercial y empresarial";"Hombres";"Rendimiento"
"2021-2022";"..";"Otra Educación comercial y empresarial";"Hombres";"Rendimiento"
"2020-2021";"..";"Otra Educación comercial y empresarial";"Hombres";"Rendimiento"
"2019-2020";"..";"Otra Educación comercial y empresarial";"Hombres";"Rendimiento"
"2018-2019";"..";"Otra Educación comercial y empresarial";"Hombres";"Rendimiento"
"2017-2018";"..";"Otra Educación comercial y empresarial";"Hombres";"Rendimiento"
"2016-2017";"..";"Otra Educación comercial y empresarial";"Hombres";"Rendimiento"
"2015-2016";"..";"Otra Educación comercial y empresarial";"Hombres";"Rendimiento"
"2022-2023";"84.67";"Derecho";"Hombres";"Rendimiento"
"2021-2022";"77.46";"Derecho";"Hombres";"Rendimiento"
"2020-2021";"..";"Derecho";"Hombres";"Rendimiento"
"2019-2020";"..";"Derecho";"Hombres";"Rendimiento"
"2018-2019";"..";"Derecho";"Hombres";"Rendimiento"
"2017-2018";"..";"Derecho";"Hombres";"Rendimiento"
"2016-2017";"..";"Derecho";"Hombres";"Rendimiento"
"2015-2016";"..";"Derecho";"Hombres";"Rendimiento"
"2022-2023";"..";"Total Ciencias";"Hombres";"Rendimiento"
"2021-2022";"..";"Total Ciencias";"Hombres";"Rendimiento"
"2020-2021";"..";"Total Ciencias";"Hombres";"Rendimiento"
"2019-2020";"..";"Total Ciencias";"Hombres";"Rendimiento"
"2018-2019";"..";"Total Ciencias";"Hombres";"Rendimiento"
"2017-2018";"..";"Total Ciencias";"Hombres";"Rendimiento"
"2016-2017";"..";"Total Ciencias";"Hombres";"Rendimiento"
"2015-2016";"..";"Total Ciencias";"Hombres";"Rendimiento"
"2022-2023";"..";"Ciencias de la vida";"Hombres";"Rendimiento"
"2021-2022";"..";"Ciencias de la vida";"Hombres";"Rendimiento"
"2020-2021";"..";"Ciencias de la vida";"Hombres";"Rendimiento"
"2019-2020";"..";"Ciencias de la vida";"Hombres";"Rendimiento"
"2018-2019";"..";"Ciencias de la vida";"Hombres";"Rendimiento"
"2017-2018";"..";"Ciencias de la vida";"Hombres";"Rendimiento"
"2016-2017";"..";"Ciencias de la vida";"Hombres";"Rendimiento"
"2015-2016";"..";"Ciencias de la vida";"Hombres";"Rendimiento"
"2022-2023";"..";"Ciencias Físicas, químicas, geológicas";"Hombres";"Rendimiento"
"2021-2022";"..";"Ciencias Físicas, químicas, geológicas";"Hombres";"Rendimiento"
"2020-2021";"..";"Ciencias Físicas, químicas, geológicas";"Hombres";"Rendimiento"
"2019-2020";"..";"Ciencias Físicas, químicas, geológicas";"Hombres";"Rendimiento"
"2018-2019";"..";"Ciencias Físicas, químicas, geológicas";"Hombres";"Rendimiento"
"2017-2018";"..";"Ciencias Físicas, químicas, geológicas";"Hombres";"Rendimiento"
"2016-2017";"..";"Ciencias Físicas, químicas, geológicas";"Hombres";"Rendimiento"
"2015-2016";"..";"Ciencias Físicas, químicas, geológicas";"Hombres";"Rendimiento"
"2022-2023";"..";"Matemáticas y Estadística";"Hombres";"Rendimiento"
"2021-2022";"..";"Matemáticas y Estadística";"Hombres";"Rendimiento"
"2020-2021";"..";"Matemáticas y Estadística";"Hombres";"Rendimiento"
"2019-2020";"..";"Matemáticas y Estadística";"Hombres";"Rendimiento"
"2018-2019";"..";"Matemáticas y Estadística";"Hombres";"Rendimiento"
"2017-2018";"..";"Matemáticas y Estadística";"Hombres";"Rendimiento"
"2016-2017";"..";"Matemáticas y Estadística";"Hombres";"Rendimiento"
"2015-2016";"..";"Matemáticas y Estadística";"Hombres";"Rendimiento"
"2022-2023";"..";"Total Informática";"Hombres";"Rendimiento"
"2021-2022";"..";"Total Informática";"Hombres";"Rendimiento"
"2020-2021";"..";"Total Informática";"Hombres";"Rendimiento"
"2019-2020";"..";"Total Informática";"Hombres";"Rendimiento"
"2018-2019";"..";"Total Informática";"Hombres";"Rendimiento"
"2017-2018";"..";"Total Informática";"Hombres";"Rendimiento"
"2016-2017";"..";"Total Informática";"Hombres";"Rendimiento"
"2015-2016";"..";"Total Informática";"Hombres";"Rendimiento"
"2022-2023";"..";"Informática";"Hombres";"Rendimiento"
"2021-2022";"..";"Informática";"Hombres";"Rendimiento"
"2020-2021";"..";"Informática";"Hombres";"Rendimiento"
"2019-2020";"..";"Informática";"Hombres";"Rendimiento"
"2018-2019";"..";"Informática";"Hombres";"Rendimiento"
"2017-2018";"..";"Informática";"Hombres";"Rendimiento"
"2016-2017";"..";"Informática";"Hombres";"Rendimiento"
"2015-2016";"..";"Informática";"Hombres";"Rendimiento"
"2022-2023";"..";"Total Ingeniería, industria y construcción";"Hombres";"Rendimiento"
"2021-2022";"..";"Total Ingeniería, industria y construcción";"Hombres";"Rendimiento"
"2020-2021";"..";"Total Ingeniería, industria y construcción";"Hombres";"Rendimiento"
"2019-2020";"..";"Total Ingeniería, industria y construcción";"Hombres";"Rendimiento"
"2018-2019";"..";"Total Ingeniería, industria y construcción";"Hombres";"Rendimiento"
"2017-2018";"..";"Total Ingeniería, industria y construcción";"Hombres";"Rendimiento"
"2016-2017";"..";"Total Ingeniería, industria y construcción";"Hombres";"Rendimiento"
"2015-2016";"..";"Total Ingeniería, industria y construcción";"Hombres";"Rendimiento"
"2022-2023";"..";"Ingenierías";"Hombres";"Rendimiento"
"2021-2022";"..";"Ingenierías";"Hombres";"Rendimiento"
"2020-2021";"..";"Ingenierías";"Hombres";"Rendimiento"
"2019-2020";"..";"Ingenierías";"Hombres";"Rendimiento"
"2018-2019";"..";"Ingenierías";"Hombres";"Rendimiento"
"2017-2018";"..";"Ingenierías";"Hombres";"Rendimiento"
"2016-2017";"..";"Ingenierías";"Hombres";"Rendimiento"
"2015-2016";"..";"Ingenierías";"Hombres";"Rendimiento"
"2022-2023";"..";"Arquitectura y construcción";"Hombres";"Rendimiento"
"2021-2022";"..";"Arquitectura y construcción";"Hombres";"Rendimiento"
"2020-2021";"..";"Arquitectura y construcción";"Hombres";"Rendimiento"
"2019-2020";"..";"Arquitectura y construcción";"Hombres";"Rendimiento"
"2018-2019";"..";"Arquitectura y construcción";"Hombres";"Rendimiento"
"2017-2018";"..";"Arquitectura y construcción";"Hombres";"Rendimiento"
"2016-2017";"..";"Arquitectura y construcción";"Hombres";"Rendimiento"
"2015-2016";"..";"Arquitectura y construcción";"Hombres";"Rendimiento"
"2022-2023";"..";"Total Agricultura, ganadería,  silvicultura, pesca, y veterinaria";"Hombres";"Rendimiento"
"2021-2022";"..";"Total Agricultura, ganadería,  silvicultura, pesca, y veterinaria";"Hombres";"Rendimiento"
"2020-2021";"..";"Total Agricultura, ganadería,  silvicultura, pesca, y veterinaria";"Hombres";"Rendimiento"
"2019-2020";"..";"Total Agricultura, ganadería,  silvicultura, pesca, y veterinaria";"Hombres";"Rendimiento"
"2018-2019";"..";"Total Agricultura, ganadería,  silvicultura, pesca, y veterinaria";"Hombres";"Rendimiento"
"2017-2018";"..";"Total Agricultura, ganadería,  silvicultura, pesca, y veterinaria";"Hombres";"Rendimiento"
"2016-2017";"..";"Total Agricultura, ganadería,  silvicultura, pesca, y veterinaria";"Hombres";"Rendimiento"
"2015-2016";"..";"Total Agricultura, ganadería,  silvicultura, pesca, y veterinaria";"Hombres";"Rendimiento"
"2022-2023";"..";"Agricultura, ganadería y pesca";"Hombres";"Rendimiento"
"2021-2022";"..";"Agricultura, ganadería y pesca";"Hombres";"Rendimiento"
"2020-2021";"..";"Agricultura, ganadería y pesca";"Hombres";"Rendimiento"
"2019-2020";"..";"Agricultura, ganadería y pesca";"Hombres";"Rendimiento"
"2018-2019";"..";"Agricultura, ganadería y pesca";"Hombres";"Rendimiento"
"2017-2018";"..";"Agricultura, ganadería y pesca";"Hombres";"Rendimiento"
"2016-2017";"..";"Agricultura, ganadería y pesca";"Hombres";"Rendimiento"
"2015-2016";"..";"Agricultura, ganadería y pesca";"Hombres";"Rendimiento"
"2022-2023";"..";"Veterinaria";"Hombres";"Rendimiento"
"2021-2022";"..";"Veterinaria";"Hombres";"Rendimiento"
"2020-2021";"..";"Veterinaria";"Hombres";"Rendimiento"
"2019-2020";"..";"Veterinaria";"Hombres";"Rendimiento"
"2018-2019";"..";"Veterinaria";"Hombres";"Rendimiento"
"2017-2018";"..";"Veterinaria";"Hombres";"Rendimiento"
"2016-2017";"..";"Veterinaria";"Hombres";"Rendimiento"
"2015-2016";"..";"Veterinaria";"Hombres";"Rendimiento"
"2022-2023";"..";"Total Salud y servicios sociales";"Hombres";"Rendimiento"
"2021-2022";"..";"Total Salud y servicios sociales";"Hombres";"Rendimiento"
"2020-2021";"..";"Total Salud y servicios sociales";"Hombres";"Rendimiento"
"2019-2020";"..";"Total Salud y servicios sociales";"Hombres";"Rendimiento"
"2018-2019";"..";"Total Salud y servicios sociales";"Hombres";"Rendimiento"
"2017-2018";"..";"Total Salud y servicios sociales";"Hombres";"Rendimiento"
"2016-2017";"..";"Total Salud y servicios sociales";"Hombres";"Rendimiento"
"2015-2016";"..";"Total Salud y servicios sociales";"Hombres";"Rendimiento"
"2022-2023";"..";"Medicina";"Hombres";"Rendimiento"
"2021-2022";"..";"Medicina";"Hombres";"Rendimiento"
"2020-2021";"..";"Medicina";"Hombres";"Rendimiento"
"2019-2020";"..";"Medicina";"Hombres";"Rendimiento"
"2018-2019";"..";"Medicina";"Hombres";"Rendimiento"
"2017-2018";"..";"Medicina";"Hombres";"Rendimiento"
"2016-2017";"..";"Medicina";"Hombres";"Rendimiento"
"2015-2016";"..";"Medicina";"Hombres";"Rendimiento"
"2022-2023";"..";"Enfermería y atención a enfermos";"Hombres";"Rendimiento"
"2021-2022";"..";"Enfermería y atención a enfermos";"Hombres";"Rendimiento"
"2020-2021";"..";"Enfermería y atención a enfermos";"Hombres";"Rendimiento"
"2019-2020";"..";"Enfermería y atención a enfermos";"Hombres";"Rendimiento"
"2018-2019";"..";"Enfermería y atención a enfermos";"Hombres";"Rendimiento"
"2017-2018";"..";"Enfermería y atención a enfermos";"Hombres";"Rendimiento"
"2016-2017";"..";"Enfermería y atención a enfermos";"Hombres";"Rendimiento"
"2015-2016";"..";"Enfermería y atención a enfermos";"Hombres";"Rendimiento"
"2022-2023";"..";"Otras ciencias de la Salud";"Hombres";"Rendimiento"
"2021-2022";"..";"Otras ciencias de la Salud";"Hombres";"Rendimiento"
"2020-2021";"..";"Otras ciencias de la Salud";"Hombres";"Rendimiento"
"2019-2020";"..";"Otras ciencias de la Salud";"Hombres";"Rendimiento"
"2018-2019";"..";"Otras ciencias de la Salud";"Hombres";"Rendimiento"
"2017-2018";"..";"Otras ciencias de la Salud";"Hombres";"Rendimiento"
"2016-2017";"..";"Otras ciencias de la Salud";"Hombres";"Rendimiento"
"2015-2016";"..";"Otras ciencias de la Salud";"Hombres";"Rendimiento"
"2022-2023";"..";"Trabajo social y orientación";"Hombres";"Rendimiento"
"2021-2022";"..";"Trabajo social y orientación";"Hombres";"Rendimiento"
"2020-2021";"..";"Trabajo social y orientación";"Hombres";"Rendimiento"
"2019-2020";"..";"Trabajo social y orientación";"Hombres";"Rendimiento"
"2018-2019";"..";"Trabajo social y orientación";"Hombres";"Rendimiento"
"2017-2018";"..";"Trabajo social y orientación";"Hombres";"Rendimiento"
"2016-2017";"..";"Trabajo social y orientación";"Hombres";"Rendimiento"
"2015-2016";"..";"Trabajo social y orientación";"Hombres";"Rendimiento"
"2022-2023";"..";"Total Servicios";"Hombres";"Rendimiento"
"2021-2022";"..";"Total Servicios";"Hombres";"Rendimiento"
"2020-2021";"..";"Total Servicios";"Hombres";"Rendimiento"
"2019-2020";"..";"Total Servicios";"Hombres";"Rendimiento"
"2018-2019";"..";"Total Servicios";"Hombres";"Rendimiento"
"2017-2018";"..";"Total Servicios";"Hombres";"Rendimiento"
"2016-2017";"..";"Total Servicios";"Hombres";"Rendimiento"
"2015-2016";"..";"Total Servicios";"Hombres";"Rendimiento"
"2022-2023";"..";"Deportes";"Hombres";"Rendimiento"
"2021-2022";"..";"Deportes";"Hombres";"Rendimiento"
"2020-2021";"..";"Deportes";"Hombres";"Rendimiento"
"2019-2020";"..";"Deportes";"Hombres";"Rendimiento"
"2018-2019";"..";"Deportes";"Hombres";"Rendimiento"
"2017-2018";"..";"Deportes";"Hombres";"Rendimiento"
"2016-2017";"..";"Deportes";"Hombres";"Rendimiento"
"2015-2016";"..";"Deportes";"Hombres";"Rendimiento"
"2022-2023";"..";"Turismo y Hostelería";"Hombres";"Rendimiento"
"2021-2022";"..";"Turismo y Hostelería";"Hombres";"Rendimiento"
"2020-2021";"..";"Turismo y Hostelería";"Hombres";"Rendimiento"
"2019-2020";"..";"Turismo y Hostelería";"Hombres";"Rendimiento"
"2018-2019";"..";"Turismo y Hostelería";"Hombres";"Rendimiento"
"2017-2018";"..";"Turismo y Hostelería";"Hombres";"Rendimiento"
"2016-2017";"..";"Turismo y Hostelería";"Hombres";"Rendimiento"
"2015-2016";"..";"Turismo y Hostelería";"Hombres";"Rendimiento"
"2022-2023";"..";"Otros Servicios";"Hombres";"Rendimiento"
"2021-2022";"..";"Otros Servicios";"Hombres";"Rendimiento"
"2020-2021";"..";"Otros Servicios";"Hombres";"Rendimiento"
"2019-2020";"..";"Otros Servicios";"Hombres";"Rendimiento"
"2018-2019";"..";"Otros Servicios";"Hombres";"Rendimiento"
"2017-2018";"..";"Otros Servicios";"Hombres";"Rendimiento"
"2016-2017";"..";"Otros Servicios";"Hombres";"Rendimiento"
"2015-2016";"..";"Otros Servicios";"Hombres";"Rendimiento"
"2022-2023";"???";"Internacional Villanueva";"Hombres";"Exito"
"2021-2022";"???";"Internacional Villanueva";"Hombres";"Exito"
"2020-2021";"???";"Internacional Villanueva";"Hombres";"Exito"
"2019-2020";"???";"Internacional Villanueva";"Hombres";"Exito"
"2018-2019";"???";"Internacional Villanueva";"Hombres";"Exito"
"2017-2018";"???";"Internacional Villanueva";"Hombres";"Exito"
"2016-2017";"???";"Internacional Villanueva";"Hombres";"Exito"
"2015-2016";"???";"Internacional Villanueva";"Hombres";"Exito"
"2022-2023";"88.41";"Todos los ámbitos";"Hombres";"Exito"
"2021-2022";"85.16";"Todos los ámbitos";"Hombres";"Exito"
"2020-2021";"87.3";"Todos los ámbitos";"Hombres";"Exito"
"2019-2020";"..";"Todos los ámbitos";"Hombres";"Exito"
"2018-2019";"..";"Todos los ámbitos";"Hombres";"Exito"
"2017-2018";"..";"Todos los ámbitos";"Hombres";"Exito"
"2016-2017";"..";"Todos los ámbitos";"Hombres";"Exito"
"2015-2016";"..";"Todos los ámbitos";"Hombres";"Exito"
"2022-2023";"95.35";"Total Educación";"Hombres";"Exito"
"2021-2022";"88.41";"Total Educación";"Hombres";"Exito"
"2020-2021";"..";"Total Educación";"Hombres";"Exito"
"2019-2020";"..";"Total Educación";"Hombres";"Exito"
"2018-2019";"..";"Total Educación";"Hombres";"Exito"
"2017-2018";"..";"Total Educación";"Hombres";"Exito"
"2016-2017";"..";"Total Educación";"Hombres";"Exito"
"2015-2016";"..";"Total Educación";"Hombres";"Exito"
"2022-2023";"..";"Formación de docentes de enseñanza infantil";"Hombres";"Exito"
"2021-2022";"..";"Formación de docentes de enseñanza infantil";"Hombres";"Exito"
"2020-2021";"..";"Formación de docentes de enseñanza infantil";"Hombres";"Exito"
"2019-2020";"..";"Formación de docentes de enseñanza infantil";"Hombres";"Exito"
"2018-2019";"..";"Formación de docentes de enseñanza infantil";"Hombres";"Exito"
"2017-2018";"..";"Formación de docentes de enseñanza infantil";"Hombres";"Exito"
"2016-2017";"..";"Formación de docentes de enseñanza infantil";"Hombres";"Exito"
"2015-2016";"..";"Formación de docentes de enseñanza infantil";"Hombres";"Exito"
"2022-2023";"96.22";"Formación de docentes de enseñanza primaria";"Hombres";"Exito"
"2021-2022";"88.41";"Formación de docentes de enseñanza primaria";"Hombres";"Exito"
"2020-2021";"..";"Formación de docentes de enseñanza primaria";"Hombres";"Exito"
"2019-2020";"..";"Formación de docentes de enseñanza primaria";"Hombres";"Exito"
"2018-2019";"..";"Formación de docentes de enseñanza primaria";"Hombres";"Exito"
"2017-2018";"..";"Formación de docentes de enseñanza primaria";"Hombres";"Exito"
"2016-2017";"..";"Formación de docentes de enseñanza primaria";"Hombres";"Exito"
"2015-2016";"..";"Formación de docentes de enseñanza primaria";"Hombres";"Exito"
"2022-2023";"..";"Otra Formación de personal docente y ciencias de la educación";"Hombres";"Exito"
"2021-2022";"..";"Otra Formación de personal docente y ciencias de la educación";"Hombres";"Exito"
"2020-2021";"..";"Otra Formación de personal docente y ciencias de la educación";"Hombres";"Exito"
"2019-2020";"..";"Otra Formación de personal docente y ciencias de la educación";"Hombres";"Exito"
"2018-2019";"..";"Otra Formación de personal docente y ciencias de la educación";"Hombres";"Exito"
"2017-2018";"..";"Otra Formación de personal docente y ciencias de la educación";"Hombres";"Exito"
"2016-2017";"..";"Otra Formación de personal docente y ciencias de la educación";"Hombres";"Exito"
"2015-2016";"..";"Otra Formación de personal docente y ciencias de la educación";"Hombres";"Exito"
"2022-2023";"..";"Total Artes y humanidades";"Hombres";"Exito"
"2021-2022";"..";"Total Artes y humanidades";"Hombres";"Exito"
"2020-2021";"..";"Total Artes y humanidades";"Hombres";"Exito"
"2019-2020";"..";"Total Artes y humanidades";"Hombres";"Exito"
"2018-2019";"..";"Total Artes y humanidades";"Hombres";"Exito"
"2017-2018";"..";"Total Artes y humanidades";"Hombres";"Exito"
"2016-2017";"..";"Total Artes y humanidades";"Hombres";"Exito"
"2015-2016";"..";"Total Artes y humanidades";"Hombres";"Exito"
"2022-2023";"..";"Técnicas audiovisuales y medios de comunicación";"Hombres";"Exito"
"2021-2022";"..";"Técnicas audiovisuales y medios de comunicación";"Hombres";"Exito"
"2020-2021";"..";"Técnicas audiovisuales y medios de comunicación";"Hombres";"Exito"
"2019-2020";"..";"Técnicas audiovisuales y medios de comunicación";"Hombres";"Exito"
"2018-2019";"..";"Técnicas audiovisuales y medios de comunicación";"Hombres";"Exito"
"2017-2018";"..";"Técnicas audiovisuales y medios de comunicación";"Hombres";"Exito"
"2016-2017";"..";"Técnicas audiovisuales y medios de comunicación";"Hombres";"Exito"
"2015-2016";"..";"Técnicas audiovisuales y medios de comunicación";"Hombres";"Exito"
"2022-2023";"..";"Artes";"Hombres";"Exito"
"2021-2022";"..";"Artes";"Hombres";"Exito"
"2020-2021";"..";"Artes";"Hombres";"Exito"
"2019-2020";"..";"Artes";"Hombres";"Exito"
"2018-2019";"..";"Artes";"Hombres";"Exito"
"2017-2018";"..";"Artes";"Hombres";"Exito"
"2016-2017";"..";"Artes";"Hombres";"Exito"
"2015-2016";"..";"Artes";"Hombres";"Exito"
"2022-2023";"..";"Lenguas";"Hombres";"Exito"
"2021-2022";"..";"Lenguas";"Hombres";"Exito"
"2020-2021";"..";"Lenguas";"Hombres";"Exito"
"2019-2020";"..";"Lenguas";"Hombres";"Exito"
"2018-2019";"..";"Lenguas";"Hombres";"Exito"
"2017-2018";"..";"Lenguas";"Hombres";"Exito"
"2016-2017";"..";"Lenguas";"Hombres";"Exito"
"2015-2016";"..";"Lenguas";"Hombres";"Exito"
"2022-2023";"..";"Humanidades";"Hombres";"Exito"
"2021-2022";"..";"Humanidades";"Hombres";"Exito"
"2020-2021";"..";"Humanidades";"Hombres";"Exito"
"2019-2020";"..";"Humanidades";"Hombres";"Exito"
"2018-2019";"..";"Humanidades";"Hombres";"Exito"
"2017-2018";"..";"Humanidades";"Hombres";"Exito"
"2016-2017";"..";"Humanidades";"Hombres";"Exito"
"2015-2016";"..";"Humanidades";"Hombres";"Exito"
"2022-2023";"88.93";"Total Ciencias sociales, periodismo y documentación";"Hombres";"Exito"
"2021-2022";"89.19";"Total Ciencias sociales, periodismo y documentación";"Hombres";"Exito"
"2020-2021";"76.38";"Total Ciencias sociales, periodismo y documentación";"Hombres";"Exito"
"2019-2020";"..";"Total Ciencias sociales, periodismo y documentación";"Hombres";"Exito"
"2018-2019";"..";"Total Ciencias sociales, periodismo y documentación";"Hombres";"Exito"
"2017-2018";"..";"Total Ciencias sociales, periodismo y documentación";"Hombres";"Exito"
"2016-2017";"..";"Total Ciencias sociales, periodismo y documentación";"Hombres";"Exito"
"2015-2016";"..";"Total Ciencias sociales, periodismo y documentación";"Hombres";"Exito"
"2022-2023";"88.87";"Psicología";"Hombres";"Exito"
"2021-2022";"89.39";"Psicología";"Hombres";"Exito"
"2020-2021";"..";"Psicología";"Hombres";"Exito"
"2019-2020";"..";"Psicología";"Hombres";"Exito"
"2018-2019";"..";"Psicología";"Hombres";"Exito"
"2017-2018";"..";"Psicología";"Hombres";"Exito"
"2016-2017";"..";"Psicología";"Hombres";"Exito"
"2015-2016";"..";"Psicología";"Hombres";"Exito"
"2022-2023";"..";"Economía";"Hombres";"Exito"
"2021-2022";"..";"Economía";"Hombres";"Exito"
"2020-2021";"..";"Economía";"Hombres";"Exito"
"2019-2020";"..";"Economía";"Hombres";"Exito"
"2018-2019";"..";"Economía";"Hombres";"Exito"
"2017-2018";"..";"Economía";"Hombres";"Exito"
"2016-2017";"..";"Economía";"Hombres";"Exito"
"2015-2016";"..";"Economía";"Hombres";"Exito"
"2022-2023";"..";"Otras Ciencias sociales y del comportamiento";"Hombres";"Exito"
"2021-2022";"..";"Otras Ciencias sociales y del comportamiento";"Hombres";"Exito"
"2020-2021";"..";"Otras Ciencias sociales y del comportamiento";"Hombres";"Exito"
"2019-2020";"..";"Otras Ciencias sociales y del comportamiento";"Hombres";"Exito"
"2018-2019";"..";"Otras Ciencias sociales y del comportamiento";"Hombres";"Exito"
"2017-2018";"..";"Otras Ciencias sociales y del comportamiento";"Hombres";"Exito"
"2016-2017";"..";"Otras Ciencias sociales y del comportamiento";"Hombres";"Exito"
"2015-2016";"..";"Otras Ciencias sociales y del comportamiento";"Hombres";"Exito"
"2022-2023";"89.11";"Periodismo e información";"Hombres";"Exito"
"2021-2022";"..";"Periodismo e información";"Hombres";"Exito"
"2020-2021";"..";"Periodismo e información";"Hombres";"Exito"
"2019-2020";"..";"Periodismo e información";"Hombres";"Exito"
"2018-2019";"..";"Periodismo e información";"Hombres";"Exito"
"2017-2018";"..";"Periodismo e información";"Hombres";"Exito"
"2016-2017";"..";"Periodismo e información";"Hombres";"Exito"
"2015-2016";"..";"Periodismo e información";"Hombres";"Exito"
"2022-2023";"86.12";"Total Negocios, administración y derecho";"Hombres";"Exito"
"2021-2022";"81.86";"Total Negocios, administración y derecho";"Hombres";"Exito"
"2020-2021";"91.24";"Total Negocios, administración y derecho";"Hombres";"Exito"
"2019-2020";"..";"Total Negocios, administración y derecho";"Hombres";"Exito"
"2018-2019";"..";"Total Negocios, administración y derecho";"Hombres";"Exito"
"2017-2018";"..";"Total Negocios, administración y derecho";"Hombres";"Exito"
"2016-2017";"..";"Total Negocios, administración y derecho";"Hombres";"Exito"
"2015-2016";"..";"Total Negocios, administración y derecho";"Hombres";"Exito"
"2022-2023";"84.89";"Administración y gestión de empresas";"Hombres";"Exito"
"2021-2022";"80.4";"Administración y gestión de empresas";"Hombres";"Exito"
"2020-2021";"90.28";"Administración y gestión de empresas";"Hombres";"Exito"
"2019-2020";"..";"Administración y gestión de empresas";"Hombres";"Exito"
"2018-2019";"..";"Administración y gestión de empresas";"Hombres";"Exito"
"2017-2018";"..";"Administración y gestión de empresas";"Hombres";"Exito"
"2016-2017";"..";"Administración y gestión de empresas";"Hombres";"Exito"
"2015-2016";"..";"Administración y gestión de empresas";"Hombres";"Exito"
"2022-2023";"..";"Otra Educación comercial y empresarial";"Hombres";"Exito"
"2021-2022";"..";"Otra Educación comercial y empresarial";"Hombres";"Exito"
"2020-2021";"..";"Otra Educación comercial y empresarial";"Hombres";"Exito"
"2019-2020";"..";"Otra Educación comercial y empresarial";"Hombres";"Exito"
"2018-2019";"..";"Otra Educación comercial y empresarial";"Hombres";"Exito"
"2017-2018";"..";"Otra Educación comercial y empresarial";"Hombres";"Exito"
"2016-2017";"..";"Otra Educación comercial y empresarial";"Hombres";"Exito"
"2015-2016";"..";"Otra Educación comercial y empresarial";"Hombres";"Exito"
"2022-2023";"86.7";"Derecho";"Hombres";"Exito"
"2021-2022";"85.3";"Derecho";"Hombres";"Exito"
"2020-2021";"..";"Derecho";"Hombres";"Exito"
"2019-2020";"..";"Derecho";"Hombres";"Exito"
"2018-2019";"..";"Derecho";"Hombres";"Exito"
"2017-2018";"..";"Derecho";"Hombres";"Exito"
"2016-2017";"..";"Derecho";"Hombres";"Exito"
"2015-2016";"..";"Derecho";"Hombres";"Exito"
"2022-2023";"..";"Total Ciencias";"Hombres";"Exito"
"2021-2022";"..";"Total Ciencias";"Hombres";"Exito"
"2020-2021";"..";"Total Ciencias";"Hombres";"Exito"
"2019-2020";"..";"Total Ciencias";"Hombres";"Exito"
"2018-2019";"..";"Total Ciencias";"Hombres";"Exito"
"2017-2018";"..";"Total Ciencias";"Hombres";"Exito"
"2016-2017";"..";"Total Ciencias";"Hombres";"Exito"
"2015-2016";"..";"Total Ciencias";"Hombres";"Exito"
"2022-2023";"..";"Ciencias de la vida";"Hombres";"Exito"
"2021-2022";"..";"Ciencias de la vida";"Hombres";"Exito"
"2020-2021";"..";"Ciencias de la vida";"Hombres";"Exito"
"2019-2020";"..";"Ciencias de la vida";"Hombres";"Exito"
"2018-2019";"..";"Ciencias de la vida";"Hombres";"Exito"
"2017-2018";"..";"Ciencias de la vida";"Hombres";"Exito"
"2016-2017";"..";"Ciencias de la vida";"Hombres";"Exito"
"2015-2016";"..";"Ciencias de la vida";"Hombres";"Exito"
"2022-2023";"..";"Ciencias Físicas, químicas, geológicas";"Hombres";"Exito"
"2021-2022";"..";"Ciencias Físicas, químicas, geológicas";"Hombres";"Exito"
"2020-2021";"..";"Ciencias Físicas, químicas, geológicas";"Hombres";"Exito"
"2019-2020";"..";"Ciencias Físicas, químicas, geológicas";"Hombres";"Exito"
"2018-2019";"..";"Ciencias Físicas, químicas, geológicas";"Hombres";"Exito"
"2017-2018";"..";"Ciencias Físicas, químicas, geológicas";"Hombres";"Exito"
"2016-2017";"..";"Ciencias Físicas, químicas, geológicas";"Hombres";"Exito"
"2015-2016";"..";"Ciencias Físicas, químicas, geológicas";"Hombres";"Exito"
"2022-2023";"..";"Matemáticas y Estadística";"Hombres";"Exito"
"2021-2022";"..";"Matemáticas y Estadística";"Hombres";"Exito"
"2020-2021";"..";"Matemáticas y Estadística";"Hombres";"Exito"
"2019-2020";"..";"Matemáticas y Estadística";"Hombres";"Exito"
"2018-2019";"..";"Matemáticas y Estadística";"Hombres";"Exito"
"2017-2018";"..";"Matemáticas y Estadística";"Hombres";"Exito"
"2016-2017";"..";"Matemáticas y Estadística";"Hombres";"Exito"
"2015-2016";"..";"Matemáticas y Estadística";"Hombres";"Exito"
"2022-2023";"..";"Total Informática";"Hombres";"Exito"
"2021-2022";"..";"Total Informática";"Hombres";"Exito"
"2020-2021";"..";"Total Informática";"Hombres";"Exito"
"2019-2020";"..";"Total Informática";"Hombres";"Exito"
"2018-2019";"..";"Total Informática";"Hombres";"Exito"
"2017-2018";"..";"Total Informática";"Hombres";"Exito"
"2016-2017";"..";"Total Informática";"Hombres";"Exito"
"2015-2016";"..";"Total Informática";"Hombres";"Exito"
"2022-2023";"..";"Informática";"Hombres";"Exito"
"2021-2022";"..";"Informática";"Hombres";"Exito"
"2020-2021";"..";"Informática";"Hombres";"Exito"
"2019-2020";"..";"Informática";"Hombres";"Exito"
"2018-2019";"..";"Informática";"Hombres";"Exito"
"2017-2018";"..";"Informática";"Hombres";"Exito"
"2016-2017";"..";"Informática";"Hombres";"Exito"
"2015-2016";"..";"Informática";"Hombres";"Exito"
"2022-2023";"..";"Total Ingeniería, industria y construcción";"Hombres";"Exito"
"2021-2022";"..";"Total Ingeniería, industria y construcción";"Hombres";"Exito"
"2020-2021";"..";"Total Ingeniería, industria y construcción";"Hombres";"Exito"
"2019-2020";"..";"Total Ingeniería, industria y construcción";"Hombres";"Exito"
"2018-2019";"..";"Total Ingeniería, industria y construcción";"Hombres";"Exito"
"2017-2018";"..";"Total Ingeniería, industria y construcción";"Hombres";"Exito"
"2016-2017";"..";"Total Ingeniería, industria y construcción";"Hombres";"Exito"
"2015-2016";"..";"Total Ingeniería, industria y construcción";"Hombres";"Exito"
"2022-2023";"..";"Ingenierías";"Hombres";"Exito"
"2021-2022";"..";"Ingenierías";"Hombres";"Exito"
"2020-2021";"..";"Ingenierías";"Hombres";"Exito"
"2019-2020";"..";"Ingenierías";"Hombres";"Exito"
"2018-2019";"..";"Ingenierías";"Hombres";"Exito"
"2017-2018";"..";"Ingenierías";"Hombres";"Exito"
"2016-2017";"..";"Ingenierías";"Hombres";"Exito"
"2015-2016";"..";"Ingenierías";"Hombres";"Exito"
"2022-2023";"..";"Arquitectura y construcción";"Hombres";"Exito"
"2021-2022";"..";"Arquitectura y construcción";"Hombres";"Exito"
"2020-2021";"..";"Arquitectura y construcción";"Hombres";"Exito"
"2019-2020";"..";"Arquitectura y construcción";"Hombres";"Exito"
"2018-2019";"..";"Arquitectura y construcción";"Hombres";"Exito"
"2017-2018";"..";"Arquitectura y construcción";"Hombres";"Exito"
"2016-2017";"..";"Arquitectura y construcción";"Hombres";"Exito"
"2015-2016";"..";"Arquitectura y construcción";"Hombres";"Exito"
"2022-2023";"..";"Total Agricultura, ganadería,  silvicultura, pesca, y veterinaria";"Hombres";"Exito"
"2021-2022";"..";"Total Agricultura, ganadería,  silvicultura, pesca, y veterinaria";"Hombres";"Exito"
"2020-2021";"..";"Total Agricultura, ganadería,  silvicultura, pesca, y veterinaria";"Hombres";"Exito"
"2019-2020";"..";"Total Agricultura, ganadería,  silvicultura, pesca, y veterinaria";"Hombres";"Exito"
"2018-2019";"..";"Total Agricultura, ganadería,  silvicultura, pesca, y veterinaria";"Hombres";"Exito"
"2017-2018";"..";"Total Agricultura, ganadería,  silvicultura, pesca, y veterinaria";"Hombres";"Exito"
"2016-2017";"..";"Total Agricultura, ganadería,  silvicultura, pesca, y veterinaria";"Hombres";"Exito"
"2015-2016";"..";"Total Agricultura, ganadería,  silvicultura, pesca, y veterinaria";"Hombres";"Exito"
"2022-2023";"..";"Agricultura, ganadería y pesca";"Hombres";"Exito"
"2021-2022";"..";"Agricultura, ganadería y pesca";"Hombres";"Exito"
"2020-2021";"..";"Agricultura, ganadería y pesca";"Hombres";"Exito"
"2019-2020";"..";"Agricultura, ganadería y pesca";"Hombres";"Exito"
"2018-2019";"..";"Agricultura, ganadería y pesca";"Hombres";"Exito"
"2017-2018";"..";"Agricultura, ganadería y pesca";"Hombres";"Exito"
"2016-2017";"..";"Agricultura, ganadería y pesca";"Hombres";"Exito"
"2015-2016";"..";"Agricultura, ganadería y pesca";"Hombres";"Exito"
"2022-2023";"..";"Veterinaria";"Hombres";"Exito"
"2021-2022";"..";"Veterinaria";"Hombres";"Exito"
"2020-2021";"..";"Veterinaria";"Hombres";"Exito"
"2019-2020";"..";"Veterinaria";"Hombres";"Exito"
"2018-2019";"..";"Veterinaria";"Hombres";"Exito"
"2017-2018";"..";"Veterinaria";"Hombres";"Exito"
"2016-2017";"..";"Veterinaria";"Hombres";"Exito"
"2015-2016";"..";"Veterinaria";"Hombres";"Exito"
"2022-2023";"..";"Total Salud y servicios sociales";"Hombres";"Exito"
"2021-2022";"..";"Total Salud y servicios sociales";"Hombres";"Exito"
"2020-2021";"..";"Total Salud y servicios sociales";"Hombres";"Exito"
"2019-2020";"..";"Total Salud y servicios sociales";"Hombres";"Exito"
"2018-2019";"..";"Total Salud y servicios sociales";"Hombres";"Exito"
"2017-2018";"..";"Total Salud y servicios sociales";"Hombres";"Exito"
"2016-2017";"..";"Total Salud y servicios sociales";"Hombres";"Exito"
"2015-2016";"..";"Total Salud y servicios sociales";"Hombres";"Exito"
"2022-2023";"..";"Medicina";"Hombres";"Exito"
"2021-2022";"..";"Medicina";"Hombres";"Exito"
"2020-2021";"..";"Medicina";"Hombres";"Exito"
"2019-2020";"..";"Medicina";"Hombres";"Exito"
"2018-2019";"..";"Medicina";"Hombres";"Exito"
"2017-2018";"..";"Medicina";"Hombres";"Exito"
"2016-2017";"..";"Medicina";"Hombres";"Exito"
"2015-2016";"..";"Medicina";"Hombres";"Exito"
"2022-2023";"..";"Enfermería y atención a enfermos";"Hombres";"Exito"
"2021-2022";"..";"Enfermería y atención a enfermos";"Hombres";"Exito"
"2020-2021";"..";"Enfermería y atención a enfermos";"Hombres";"Exito"
"2019-2020";"..";"Enfermería y atención a enfermos";"Hombres";"Exito"
"2018-2019";"..";"Enfermería y atención a enfermos";"Hombres";"Exito"
"2017-2018";"..";"Enfermería y atención a enfermos";"Hombres";"Exito"
"2016-2017";"..";"Enfermería y atención a enfermos";"Hombres";"Exito"
"2015-2016";"..";"Enfermería y atención a enfermos";"Hombres";"Exito"
"2022-2023";"..";"Otras ciencias de la Salud";"Hombres";"Exito"
"2021-2022";"..";"Otras ciencias de la Salud";"Hombres";"Exito"
"2020-2021";"..";"Otras ciencias de la Salud";"Hombres";"Exito"
"2019-2020";"..";"Otras ciencias de la Salud";"Hombres";"Exito"
"2018-2019";"..";"Otras ciencias de la Salud";"Hombres";"Exito"
"2017-2018";"..";"Otras ciencias de la Salud";"Hombres";"Exito"
"2016-2017";"..";"Otras ciencias de la Salud";"Hombres";"Exito"
"2015-2016";"..";"Otras ciencias de la Salud";"Hombres";"Exito"
"2022-2023";"..";"Trabajo social y orientación";"Hombres";"Exito"
"2021-2022";"..";"Trabajo social y orientación";"Hombres";"Exito"
"2020-2021";"..";"Trabajo social y orientación";"Hombres";"Exito"
"2019-2020";"..";"Trabajo social y orientación";"Hombres";"Exito"
"2018-2019";"..";"Trabajo social y orientación";"Hombres";"Exito"
"2017-2018";"..";"Trabajo social y orientación";"Hombres";"Exito"
"2016-2017";"..";"Trabajo social y orientación";"Hombres";"Exito"
"2015-2016";"..";"Trabajo social y orientación";"Hombres";"Exito"
"2022-2023";"..";"Total Servicios";"Hombres";"Exito"
"2021-2022";"..";"Total Servicios";"Hombres";"Exito"
"2020-2021";"..";"Total Servicios";"Hombres";"Exito"
"2019-2020";"..";"Total Servicios";"Hombres";"Exito"
"2018-2019";"..";"Total Servicios";"Hombres";"Exito"
"2017-2018";"..";"Total Servicios";"Hombres";"Exito"
"2016-2017";"..";"Total Servicios";"Hombres";"Exito"
"2015-2016";"..";"Total Servicios";"Hombres";"Exito"
"2022-2023";"..";"Deportes";"Hombres";"Exito"
"2021-2022";"..";"Deportes";"Hombres";"Exito"
"2020-2021";"..";"Deportes";"Hombres";"Exito"
"2019-2020";"..";"Deportes";"Hombres";"Exito"
"2018-2019";"..";"Deportes";"Hombres";"Exito"
"2017-2018";"..";"Deportes";"Hombres";"Exito"
"2016-2017";"..";"Deportes";"Hombres";"Exito"
"2015-2016";"..";"Deportes";"Hombres";"Exito"
"2022-2023";"..";"Turismo y Hostelería";"Hombres";"Exito"
"2021-2022";"..";"Turismo y Hostelería";"Hombres";"Exito"
"2020-2021";"..";"Turismo y Hostelería";"Hombres";"Exito"
"2019-2020";"..";"Turismo y Hostelería";"Hombres";"Exito"
"2018-2019";"..";"Turismo y Hostelería";"Hombres";"Exito"
"2017-2018";"..";"Turismo y Hostelería";"Hombres";"Exito"
"2016-2017";"..";"Turismo y Hostelería";"Hombres";"Exito"
"2015-2016";"..";"Turismo y Hostelería";"Hombres";"Exito"
"2022-2023";"..";"Otros Servicios";"Hombres";"Exito"
"2021-2022";"..";"Otros Servicios";"Hombres";"Exito"
"2020-2021";"..";"Otros Servicios";"Hombres";"Exito"
"2019-2020";"..";"Otros Servicios";"Hombres";"Exito"
"2018-2019";"..";"Otros Servicios";"Hombres";"Exito"
"2017-2018";"..";"Otros Servicios";"Hombres";"Exito"
"2016-2017";"..";"Otros Servicios";"Hombres";"Exito"
"2015-2016";"..";"Otros Servicios";"Hombres";"Exito"
"2022-2023";"???";"Internacional Villanueva";"Hombres";"Evaluacion"
"2021-2022";"???";"Internacional Villanueva";"Hombres";"Evaluacion"
"2020-2021";"???";"Internacional Villanueva";"Hombres";"Evaluacion"
"2019-2020";"???";"Internacional Villanueva";"Hombres";"Evaluacion"
"2018-2019";"???";"Internacional Villanueva";"Hombres";"Evaluacion"
"2017-2018";"???";"Internacional Villanueva";"Hombres";"Evaluacion"
"2016-2017";"???";"Internacional Villanueva";"Hombres";"Evaluacion"
"2015-2016";"???";"Internacional Villanueva";"Hombres";"Evaluacion"
"2022-2023";"97.25";"Todos los ámbitos";"Hombres";"Evaluacion"
"2021-2022";"94.89";"Todos los ámbitos";"Hombres";"Evaluacion"
"2020-2021";"94.68";"Todos los ámbitos";"Hombres";"Evaluacion"
"2019-2020";"..";"Todos los ámbitos";"Hombres";"Evaluacion"
"2018-2019";"..";"Todos los ámbitos";"Hombres";"Evaluacion"
"2017-2018";"..";"Todos los ámbitos";"Hombres";"Evaluacion"
"2016-2017";"..";"Todos los ámbitos";"Hombres";"Evaluacion"
"2015-2016";"..";"Todos los ámbitos";"Hombres";"Evaluacion"
"2022-2023";"98.87";"Total Educación";"Hombres";"Evaluacion"
"2021-2022";"95.74";"Total Educación";"Hombres";"Evaluacion"
"2020-2021";"..";"Total Educación";"Hombres";"Evaluacion"
"2019-2020";"..";"Total Educación";"Hombres";"Evaluacion"
"2018-2019";"..";"Total Educación";"Hombres";"Evaluacion"
"2017-2018";"..";"Total Educación";"Hombres";"Evaluacion"
"2016-2017";"..";"Total Educación";"Hombres";"Evaluacion"
"2015-2016";"..";"Total Educación";"Hombres";"Evaluacion"
"2022-2023";"..";"Formación de docentes de enseñanza infantil";"Hombres";"Evaluacion"
"2021-2022";"..";"Formación de docentes de enseñanza infantil";"Hombres";"Evaluacion"
"2020-2021";"..";"Formación de docentes de enseñanza infantil";"Hombres";"Evaluacion"
"2019-2020";"..";"Formación de docentes de enseñanza infantil";"Hombres";"Evaluacion"
"2018-2019";"..";"Formación de docentes de enseñanza infantil";"Hombres";"Evaluacion"
"2017-2018";"..";"Formación de docentes de enseñanza infantil";"Hombres";"Evaluacion"
"2016-2017";"..";"Formación de docentes de enseñanza infantil";"Hombres";"Evaluacion"
"2015-2016";"..";"Formación de docentes de enseñanza infantil";"Hombres";"Evaluacion"
"2022-2023";"98.83";"Formación de docentes de enseñanza primaria";"Hombres";"Evaluacion"
"2021-2022";"95.74";"Formación de docentes de enseñanza primaria";"Hombres";"Evaluacion"
"2020-2021";"..";"Formación de docentes de enseñanza primaria";"Hombres";"Evaluacion"
"2019-2020";"..";"Formación de docentes de enseñanza primaria";"Hombres";"Evaluacion"
"2018-2019";"..";"Formación de docentes de enseñanza primaria";"Hombres";"Evaluacion"
"2017-2018";"..";"Formación de docentes de enseñanza primaria";"Hombres";"Evaluacion"
"2016-2017";"..";"Formación de docentes de enseñanza primaria";"Hombres";"Evaluacion"
"2015-2016";"..";"Formación de docentes de enseñanza primaria";"Hombres";"Evaluacion"
"2022-2023";"..";"Otra Formación de personal docente y ciencias de la educación";"Hombres";"Evaluacion"
"2021-2022";"..";"Otra Formación de personal docente y ciencias de la educación";"Hombres";"Evaluacion"
"2020-2021";"..";"Otra Formación de personal docente y ciencias de la educación";"Hombres";"Evaluacion"
"2019-2020";"..";"Otra Formación de personal docente y ciencias de la educación";"Hombres";"Evaluacion"
"2018-2019";"..";"Otra Formación de personal docente y ciencias de la educación";"Hombres";"Evaluacion"
"2017-2018";"..";"Otra Formación de personal docente y ciencias de la educación";"Hombres";"Evaluacion"
"2016-2017";"..";"Otra Formación de personal docente y ciencias de la educación";"Hombres";"Evaluacion"
"2015-2016";"..";"Otra Formación de personal docente y ciencias de la educación";"Hombres";"Evaluacion"
"2022-2023";"..";"Total Artes y humanidades";"Hombres";"Evaluacion"
"2021-2022";"..";"Total Artes y humanidades";"Hombres";"Evaluacion"
"2020-2021";"..";"Total Artes y humanidades";"Hombres";"Evaluacion"
"2019-2020";"..";"Total Artes y humanidades";"Hombres";"Evaluacion"
"2018-2019";"..";"Total Artes y humanidades";"Hombres";"Evaluacion"
"2017-2018";"..";"Total Artes y humanidades";"Hombres";"Evaluacion"
"2016-2017";"..";"Total Artes y humanidades";"Hombres";"Evaluacion"
"2015-2016";"..";"Total Artes y humanidades";"Hombres";"Evaluacion"
"2022-2023";"..";"Técnicas audiovisuales y medios de comunicación";"Hombres";"Evaluacion"
"2021-2022";"..";"Técnicas audiovisuales y medios de comunicación";"Hombres";"Evaluacion"
"2020-2021";"..";"Técnicas audiovisuales y medios de comunicación";"Hombres";"Evaluacion"
"2019-2020";"..";"Técnicas audiovisuales y medios de comunicación";"Hombres";"Evaluacion"
"2018-2019";"..";"Técnicas audiovisuales y medios de comunicación";"Hombres";"Evaluacion"
"2017-2018";"..";"Técnicas audiovisuales y medios de comunicación";"Hombres";"Evaluacion"
"2016-2017";"..";"Técnicas audiovisuales y medios de comunicación";"Hombres";"Evaluacion"
"2015-2016";"..";"Técnicas audiovisuales y medios de comunicación";"Hombres";"Evaluacion"
"2022-2023";"..";"Artes";"Hombres";"Evaluacion"
"2021-2022";"..";"Artes";"Hombres";"Evaluacion"
"2020-2021";"..";"Artes";"Hombres";"Evaluacion"
"2019-2020";"..";"Artes";"Hombres";"Evaluacion"
"2018-2019";"..";"Artes";"Hombres";"Evaluacion"
"2017-2018";"..";"Artes";"Hombres";"Evaluacion"
"2016-2017";"..";"Artes";"Hombres";"Evaluacion"
"2015-2016";"..";"Artes";"Hombres";"Evaluacion"
"2022-2023";"..";"Lenguas";"Hombres";"Evaluacion"
"2021-2022";"..";"Lenguas";"Hombres";"Evaluacion"
"2020-2021";"..";"Lenguas";"Hombres";"Evaluacion"
"2019-2020";"..";"Lenguas";"Hombres";"Evaluacion"
"2018-2019";"..";"Lenguas";"Hombres";"Evaluacion"
"2017-2018";"..";"Lenguas";"Hombres";"Evaluacion"
"2016-2017";"..";"Lenguas";"Hombres";"Evaluacion"
"2015-2016";"..";"Lenguas";"Hombres";"Evaluacion"
"2022-2023";"..";"Humanidades";"Hombres";"Evaluacion"
"2021-2022";"..";"Humanidades";"Hombres";"Evaluacion"
"2020-2021";"..";"Humanidades";"Hombres";"Evaluacion"
"2019-2020";"..";"Humanidades";"Hombres";"Evaluacion"
"2018-2019";"..";"Humanidades";"Hombres";"Evaluacion"
"2017-2018";"..";"Humanidades";"Hombres";"Evaluacion"
"2016-2017";"..";"Humanidades";"Hombres";"Evaluacion"
"2015-2016";"..";"Humanidades";"Hombres";"Evaluacion"
"2022-2023";"98.17";"Total Ciencias sociales, periodismo y documentación";"Hombres";"Evaluacion"
"2021-2022";"96.43";"Total Ciencias sociales, periodismo y documentación";"Hombres";"Evaluacion"
"2020-2021";"93.45";"Total Ciencias sociales, periodismo y documentación";"Hombres";"Evaluacion"
"2019-2020";"..";"Total Ciencias sociales, periodismo y documentación";"Hombres";"Evaluacion"
"2018-2019";"..";"Total Ciencias sociales, periodismo y documentación";"Hombres";"Evaluacion"
"2017-2018";"..";"Total Ciencias sociales, periodismo y documentación";"Hombres";"Evaluacion"
"2016-2017";"..";"Total Ciencias sociales, periodismo y documentación";"Hombres";"Evaluacion"
"2015-2016";"..";"Total Ciencias sociales, periodismo y documentación";"Hombres";"Evaluacion"
"2022-2023";"98.27";"Psicología";"Hombres";"Evaluacion"
"2021-2022";"97.53";"Psicología";"Hombres";"Evaluacion"
"2020-2021";"..";"Psicología";"Hombres";"Evaluacion"
"2019-2020";"..";"Psicología";"Hombres";"Evaluacion"
"2018-2019";"..";"Psicología";"Hombres";"Evaluacion"
"2017-2018";"..";"Psicología";"Hombres";"Evaluacion"
"2016-2017";"..";"Psicología";"Hombres";"Evaluacion"
"2015-2016";"..";"Psicología";"Hombres";"Evaluacion"
"2022-2023";"..";"Economía";"Hombres";"Evaluacion"
"2021-2022";"..";"Economía";"Hombres";"Evaluacion"
"2020-2021";"..";"Economía";"Hombres";"Evaluacion"
"2019-2020";"..";"Economía";"Hombres";"Evaluacion"
"2018-2019";"..";"Economía";"Hombres";"Evaluacion"
"2017-2018";"..";"Economía";"Hombres";"Evaluacion"
"2016-2017";"..";"Economía";"Hombres";"Evaluacion"
"2015-2016";"..";"Economía";"Hombres";"Evaluacion"
"2022-2023";"..";"Otras Ciencias sociales y del comportamiento";"Hombres";"Evaluacion"
"2021-2022";"..";"Otras Ciencias sociales y del comportamiento";"Hombres";"Evaluacion"
"2020-2021";"..";"Otras Ciencias sociales y del comportamiento";"Hombres";"Evaluacion"
"2019-2020";"..";"Otras Ciencias sociales y del comportamiento";"Hombres";"Evaluacion"
"2018-2019";"..";"Otras Ciencias sociales y del comportamiento";"Hombres";"Evaluacion"
"2017-2018";"..";"Otras Ciencias sociales y del comportamiento";"Hombres";"Evaluacion"
"2016-2017";"..";"Otras Ciencias sociales y del comportamiento";"Hombres";"Evaluacion"
"2015-2016";"..";"Otras Ciencias sociales y del comportamiento";"Hombres";"Evaluacion"
"2022-2023";"97.87";"Periodismo e información";"Hombres";"Evaluacion"
"2021-2022";"..";"Periodismo e información";"Hombres";"Evaluacion"
"2020-2021";"..";"Periodismo e información";"Hombres";"Evaluacion"
"2019-2020";"..";"Periodismo e información";"Hombres";"Evaluacion"
"2018-2019";"..";"Periodismo e información";"Hombres";"Evaluacion"
"2017-2018";"..";"Periodismo e información";"Hombres";"Evaluacion"
"2016-2017";"..";"Periodismo e información";"Hombres";"Evaluacion"
"2015-2016";"..";"Periodismo e información";"Hombres";"Evaluacion"
"2022-2023";"96.28";"Total Negocios, administración y derecho";"Hombres";"Evaluacion"
"2021-2022";"93.45";"Total Negocios, administración y derecho";"Hombres";"Evaluacion"
"2020-2021";"94.8";"Total Negocios, administración y derecho";"Hombres";"Evaluacion"
"2019-2020";"..";"Total Negocios, administración y derecho";"Hombres";"Evaluacion"
"2018-2019";"..";"Total Negocios, administración y derecho";"Hombres";"Evaluacion"
"2017-2018";"..";"Total Negocios, administración y derecho";"Hombres";"Evaluacion"
"2016-2017";"..";"Total Negocios, administración y derecho";"Hombres";"Evaluacion"
"2015-2016";"..";"Total Negocios, administración y derecho";"Hombres";"Evaluacion"
"2022-2023";"95.61";"Administración y gestión de empresas";"Hombres";"Evaluacion"
"2021-2022";"93.61";"Administración y gestión de empresas";"Hombres";"Evaluacion"
"2020-2021";"93.97";"Administración y gestión de empresas";"Hombres";"Evaluacion"
"2019-2020";"..";"Administración y gestión de empresas";"Hombres";"Evaluacion"
"2018-2019";"..";"Administración y gestión de empresas";"Hombres";"Evaluacion"
"2017-2018";"..";"Administración y gestión de empresas";"Hombres";"Evaluacion"
"2016-2017";"..";"Administración y gestión de empresas";"Hombres";"Evaluacion"
"2015-2016";"..";"Administración y gestión de empresas";"Hombres";"Evaluacion"
"2022-2023";"..";"Otra Educación comercial y empresarial";"Hombres";"Evaluacion"
"2021-2022";"..";"Otra Educación comercial y empresarial";"Hombres";"Evaluacion"
"2020-2021";"..";"Otra Educación comercial y empresarial";"Hombres";"Evaluacion"
"2019-2020";"..";"Otra Educación comercial y empresarial";"Hombres";"Evaluacion"
"2018-2019";"..";"Otra Educación comercial y empresarial";"Hombres";"Evaluacion"
"2017-2018";"..";"Otra Educación comercial y empresarial";"Hombres";"Evaluacion"
"2016-2017";"..";"Otra Educación comercial y empresarial";"Hombres";"Evaluacion"
"2015-2016";"..";"Otra Educación comercial y empresarial";"Hombres";"Evaluacion"
"2022-2023";"97.66";"Derecho";"Hombres";"Evaluacion"
"2021-2022";"90.8";"Derecho";"Hombres";"Evaluacion"
"2020-2021";"..";"Derecho";"Hombres";"Evaluacion"
"2019-2020";"..";"Derecho";"Hombres";"Evaluacion"
"2018-2019";"..";"Derecho";"Hombres";"Evaluacion"
"2017-2018";"..";"Derecho";"Hombres";"Evaluacion"
"2016-2017";"..";"Derecho";"Hombres";"Evaluacion"
"2015-2016";"..";"Derecho";"Hombres";"Evaluacion"
"2022-2023";"..";"Total Ciencias";"Hombres";"Evaluacion"
"2021-2022";"..";"Total Ciencias";"Hombres";"Evaluacion"
"2020-2021";"..";"Total Ciencias";"Hombres";"Evaluacion"
"2019-2020";"..";"Total Ciencias";"Hombres";"Evaluacion"
"2018-2019";"..";"Total Ciencias";"Hombres";"Evaluacion"
"2017-2018";"..";"Total Ciencias";"Hombres";"Evaluacion"
"2016-2017";"..";"Total Ciencias";"Hombres";"Evaluacion"
"2015-2016";"..";"Total Ciencias";"Hombres";"Evaluacion"
"2022-2023";"..";"Ciencias de la vida";"Hombres";"Evaluacion"
"2021-2022";"..";"Ciencias de la vida";"Hombres";"Evaluacion"
"2020-2021";"..";"Ciencias de la vida";"Hombres";"Evaluacion"
"2019-2020";"..";"Ciencias de la vida";"Hombres";"Evaluacion"
"2018-2019";"..";"Ciencias de la vida";"Hombres";"Evaluacion"
"2017-2018";"..";"Ciencias de la vida";"Hombres";"Evaluacion"
"2016-2017";"..";"Ciencias de la vida";"Hombres";"Evaluacion"
"2015-2016";"..";"Ciencias de la vida";"Hombres";"Evaluacion"
"2022-2023";"..";"Ciencias Físicas, químicas, geológicas";"Hombres";"Evaluacion"
"2021-2022";"..";"Ciencias Físicas, químicas, geológicas";"Hombres";"Evaluacion"
"2020-2021";"..";"Ciencias Físicas, químicas, geológicas";"Hombres";"Evaluacion"
"2019-2020";"..";"Ciencias Físicas, químicas, geológicas";"Hombres";"Evaluacion"
"2018-2019";"..";"Ciencias Físicas, químicas, geológicas";"Hombres";"Evaluacion"
"2017-2018";"..";"Ciencias Físicas, químicas, geológicas";"Hombres";"Evaluacion"
"2016-2017";"..";"Ciencias Físicas, químicas, geológicas";"Hombres";"Evaluacion"
"2015-2016";"..";"Ciencias Físicas, químicas, geológicas";"Hombres";"Evaluacion"
"2022-2023";"..";"Matemáticas y Estadística";"Hombres";"Evaluacion"
"2021-2022";"..";"Matemáticas y Estadística";"Hombres";"Evaluacion"
"2020-2021";"..";"Matemáticas y Estadística";"Hombres";"Evaluacion"
"2019-2020";"..";"Matemáticas y Estadística";"Hombres";"Evaluacion"
"2018-2019";"..";"Matemáticas y Estadística";"Hombres";"Evaluacion"
"2017-2018";"..";"Matemáticas y Estadística";"Hombres";"Evaluacion"
"2016-2017";"..";"Matemáticas y Estadística";"Hombres";"Evaluacion"
"2015-2016";"..";"Matemáticas y Estadística";"Hombres";"Evaluacion"
"2022-2023";"..";"Total Informática";"Hombres";"Evaluacion"
"2021-2022";"..";"Total Informática";"Hombres";"Evaluacion"
"2020-2021";"..";"Total Informática";"Hombres";"Evaluacion"
"2019-2020";"..";"Total Informática";"Hombres";"Evaluacion"
"2018-2019";"..";"Total Informática";"Hombres";"Evaluacion"
"2017-2018";"..";"Total Informática";"Hombres";"Evaluacion"
"2016-2017";"..";"Total Informática";"Hombres";"Evaluacion"
"2015-2016";"..";"Total Informática";"Hombres";"Evaluacion"
"2022-2023";"..";"Informática";"Hombres";"Evaluacion"
"2021-2022";"..";"Informática";"Hombres";"Evaluacion"
"2020-2021";"..";"Informática";"Hombres";"Evaluacion"
"2019-2020";"..";"Informática";"Hombres";"Evaluacion"
"2018-2019";"..";"Informática";"Hombres";"Evaluacion"
"2017-2018";"..";"Informática";"Hombres";"Evaluacion"
"2016-2017";"..";"Informática";"Hombres";"Evaluacion"
"2015-2016";"..";"Informática";"Hombres";"Evaluacion"
"2022-2023";"..";"Total Ingeniería, industria y construcción";"Hombres";"Evaluacion"
"2021-2022";"..";"Total Ingeniería, industria y construcción";"Hombres";"Evaluacion"
"2020-2021";"..";"Total Ingeniería, industria y construcción";"Hombres";"Evaluacion"
"2019-2020";"..";"Total Ingeniería, industria y construcción";"Hombres";"Evaluacion"
"2018-2019";"..";"Total Ingeniería, industria y construcción";"Hombres";"Evaluacion"
"2017-2018";"..";"Total Ingeniería, industria y construcción";"Hombres";"Evaluacion"
"2016-2017";"..";"Total Ingeniería, industria y construcción";"Hombres";"Evaluacion"
"2015-2016";"..";"Total Ingeniería, industria y construcción";"Hombres";"Evaluacion"
"2022-2023";"..";"Ingenierías";"Hombres";"Evaluacion"
"2021-2022";"..";"Ingenierías";"Hombres";"Evaluacion"
"2020-2021";"..";"Ingenierías";"Hombres";"Evaluacion"
"2019-2020";"..";"Ingenierías";"Hombres";"Evaluacion"
"2018-2019";"..";"Ingenierías";"Hombres";"Evaluacion"
"2017-2018";"..";"Ingenierías";"Hombres";"Evaluacion"
"2016-2017";"..";"Ingenierías";"Hombres";"Evaluacion"
"2015-2016";"..";"Ingenierías";"Hombres";"Evaluacion"
"2022-2023";"..";"Arquitectura y construcción";"Hombres";"Evaluacion"
"2021-2022";"..";"Arquitectura y construcción";"Hombres";"Evaluacion"
"2020-2021";"..";"Arquitectura y construcción";"Hombres";"Evaluacion"
"2019-2020";"..";"Arquitectura y construcción";"Hombres";"Evaluacion"
"2018-2019";"..";"Arquitectura y construcción";"Hombres";"Evaluacion"
"2017-2018";"..";"Arquitectura y construcción";"Hombres";"Evaluacion"
"2016-2017";"..";"Arquitectura y construcción";"Hombres";"Evaluacion"
"2015-2016";"..";"Arquitectura y construcción";"Hombres";"Evaluacion"
"2022-2023";"..";"Total Agricultura, ganadería,  silvicultura, pesca, y veterinaria";"Hombres";"Evaluacion"
"2021-2022";"..";"Total Agricultura, ganadería,  silvicultura, pesca, y veterinaria";"Hombres";"Evaluacion"
"2020-2021";"..";"Total Agricultura, ganadería,  silvicultura, pesca, y veterinaria";"Hombres";"Evaluacion"
"2019-2020";"..";"Total Agricultura, ganadería,  silvicultura, pesca, y veterinaria";"Hombres";"Evaluacion"
"2018-2019";"..";"Total Agricultura, ganadería,  silvicultura, pesca, y veterinaria";"Hombres";"Evaluacion"
"2017-2018";"..";"Total Agricultura, ganadería,  silvicultura, pesca, y veterinaria";"Hombres";"Evaluacion"
"2016-2017";"..";"Total Agricultura, ganadería,  silvicultura, pesca, y veterinaria";"Hombres";"Evaluacion"
"2015-2016";"..";"Total Agricultura, ganadería,  silvicultura, pesca, y veterinaria";"Hombres";"Evaluacion"
"2022-2023";"..";"Agricultura, ganadería y pesca";"Hombres";"Evaluacion"
"2021-2022";"..";"Agricultura, ganadería y pesca";"Hombres";"Evaluacion"
"2020-2021";"..";"Agricultura, ganadería y pesca";"Hombres";"Evaluacion"
"2019-2020";"..";"Agricultura, ganadería y pesca";"Hombres";"Evaluacion"
"2018-2019";"..";"Agricultura, ganadería y pesca";"Hombres";"Evaluacion"
"2017-2018";"..";"Agricultura, ganadería y pesca";"Hombres";"Evaluacion"
"2016-2017";"..";"Agricultura, ganadería y pesca";"Hombres";"Evaluacion"
"2015-2016";"..";"Agricultura, ganadería y pesca";"Hombres";"Evaluacion"
"2022-2023";"..";"Veterinaria";"Hombres";"Evaluacion"
"2021-2022";"..";"Veterinaria";"Hombres";"Evaluacion"
"2020-2021";"..";"Veterinaria";"Hombres";"Evaluacion"
"2019-2020";"..";"Veterinaria";"Hombres";"Evaluacion"
"2018-2019";"..";"Veterinaria";"Hombres";"Evaluacion"
"2017-2018";"..";"Veterinaria";"Hombres";"Evaluacion"
"2016-2017";"..";"Veterinaria";"Hombres";"Evaluacion"
"2015-2016";"..";"Veterinaria";"Hombres";"Evaluacion"
"2022-2023";"..";"Total Salud y servicios sociales";"Hombres";"Evaluacion"
"2021-2022";"..";"Total Salud y servicios sociales";"Hombres";"Evaluacion"
"2020-2021";"..";"Total Salud y servicios sociales";"Hombres";"Evaluacion"
"2019-2020";"..";"Total Salud y servicios sociales";"Hombres";"Evaluacion"
"2018-2019";"..";"Total Salud y servicios sociales";"Hombres";"Evaluacion"
"2017-2018";"..";"Total Salud y servicios sociales";"Hombres";"Evaluacion"
"2016-2017";"..";"Total Salud y servicios sociales";"Hombres";"Evaluacion"
"2015-2016";"..";"Total Salud y servicios sociales";"Hombres";"Evaluacion"
"2022-2023";"..";"Medicina";"Hombres";"Evaluacion"
"2021-2022";"..";"Medicina";"Hombres";"Evaluacion"
"2020-2021";"..";"Medicina";"Hombres";"Evaluacion"
"2019-2020";"..";"Medicina";"Hombres";"Evaluacion"
"2018-2019";"..";"Medicina";"Hombres";"Evaluacion"
"2017-2018";"..";"Medicina";"Hombres";"Evaluacion"
"2016-2017";"..";"Medicina";"Hombres";"Evaluacion"
"2015-2016";"..";"Medicina";"Hombres";"Evaluacion"
"2022-2023";"..";"Enfermería y atención a enfermos";"Hombres";"Evaluacion"
"2021-2022";"..";"Enfermería y atención a enfermos";"Hombres";"Evaluacion"
"2020-2021";"..";"Enfermería y atención a enfermos";"Hombres";"Evaluacion"
"2019-2020";"..";"Enfermería y atención a enfermos";"Hombres";"Evaluacion"
"2018-2019";"..";"Enfermería y atención a enfermos";"Hombres";"Evaluacion"
"2017-2018";"..";"Enfermería y atención a enfermos";"Hombres";"Evaluacion"
"2016-2017";"..";"Enfermería y atención a enfermos";"Hombres";"Evaluacion"
"2015-2016";"..";"Enfermería y atención a enfermos";"Hombres";"Evaluacion"
"2022-2023";"..";"Otras ciencias de la Salud";"Hombres";"Evaluacion"
"2021-2022";"..";"Otras ciencias de la Salud";"Hombres";"Evaluacion"
"2020-2021";"..";"Otras ciencias de la Salud";"Hombres";"Evaluacion"
"2019-2020";"..";"Otras ciencias de la Salud";"Hombres";"Evaluacion"
"2018-2019";"..";"Otras ciencias de la Salud";"Hombres";"Evaluacion"
"2017-2018";"..";"Otras ciencias de la Salud";"Hombres";"Evaluacion"
"2016-2017";"..";"Otras ciencias de la Salud";"Hombres";"Evaluacion"
"2015-2016";"..";"Otras ciencias de la Salud";"Hombres";"Evaluacion"
"2022-2023";"..";"Trabajo social y orientación";"Hombres";"Evaluacion"
"2021-2022";"..";"Trabajo social y orientación";"Hombres";"Evaluacion"
"2020-2021";"..";"Trabajo social y orientación";"Hombres";"Evaluacion"
"2019-2020";"..";"Trabajo social y orientación";"Hombres";"Evaluacion"
"2018-2019";"..";"Trabajo social y orientación";"Hombres";"Evaluacion"
"2017-2018";"..";"Trabajo social y orientación";"Hombres";"Evaluacion"
"2016-2017";"..";"Trabajo social y orientación";"Hombres";"Evaluacion"
"2015-2016";"..";"Trabajo social y orientación";"Hombres";"Evaluacion"
"2022-2023";"..";"Total Servicios";"Hombres";"Evaluacion"
"2021-2022";"..";"Total Servicios";"Hombres";"Evaluacion"
"2020-2021";"..";"Total Servicios";"Hombres";"Evaluacion"
"2019-2020";"..";"Total Servicios";"Hombres";"Evaluacion"
"2018-2019";"..";"Total Servicios";"Hombres";"Evaluacion"
"2017-2018";"..";"Total Servicios";"Hombres";"Evaluacion"
"2016-2017";"..";"Total Servicios";"Hombres";"Evaluacion"
"2015-2016";"..";"Total Servicios";"Hombres";"Evaluacion"
"2022-2023";"..";"Deportes";"Hombres";"Evaluacion"
"2021-2022";"..";"Deportes";"Hombres";"Evaluacion"
"2020-2021";"..";"Deportes";"Hombres";"Evaluacion"
"2019-2020";"..";"Deportes";"Hombres";"Evaluacion"
"2018-2019";"..";"Deportes";"Hombres";"Evaluacion"
"2017-2018";"..";"Deportes";"Hombres";"Evaluacion"
"2016-2017";"..";"Deportes";"Hombres";"Evaluacion"
"2015-2016";"..";"Deportes";"Hombres";"Evaluacion"
"2022-2023";"..";"Turismo y Hostelería";"Hombres";"Evaluacion"
"2021-2022";"..";"Turismo y Hostelería";"Hombres";"Evaluacion"
"2020-2021";"..";"Turismo y Hostelería";"Hombres";"Evaluacion"
"2019-2020";"..";"Turismo y Hostelería";"Hombres";"Evaluacion"
"2018-2019";"..";"Turismo y Hostelería";"Hombres";"Evaluacion"
"2017-2018";"..";"Turismo y Hostelería";"Hombres";"Evaluacion"
"2016-2017";"..";"Turismo y Hostelería";"Hombres";"Evaluacion"
"2015-2016";"..";"Turismo y Hostelería";"Hombres";"Evaluacion"
"2022-2023";"..";"Otros Servicios";"Hombres";"Evaluacion"
"2021-2022";"..";"Otros Servicios";"Hombres";"Evaluacion"
"2020-2021";"..";"Otros Servicios";"Hombres";"Evaluacion"
"2019-2020";"..";"Otros Servicios";"Hombres";"Evaluacion"
"2018-2019";"..";"Otros Servicios";"Hombres";"Evaluacion"
"2017-2018";"..";"Otros Servicios";"Hombres";"Evaluacion"
"2016-2017";"..";"Otros Servicios";"Hombres";"Evaluacion"
"2015-2016";"..";"Otros Servicios";"Hombres";"Evaluacion"
"2022-2023";"???";"Internacional Villanueva";"Mujeres";"Rendimiento"
"2021-2022";"???";"Internacional Villanueva";"Mujeres";"Rendimiento"
"2020-2021";"???";"Internacional Villanueva";"Mujeres";"Rendimiento"
"2019-2020";"???";"Internacional Villanueva";"Mujeres";"Rendimiento"
"2018-2019";"???";"Internacional Villanueva";"Mujeres";"Rendimiento"
"2017-2018";"???";"Internacional Villanueva";"Mujeres";"Rendimiento"
"2016-2017";"???";"Internacional Villanueva";"Mujeres";"Rendimiento"
"2015-2016";"???";"Internacional Villanueva";"Mujeres";"Rendimiento"
"2022-2023";"92.65";"Todos los ámbitos";"Mujeres";"Rendimiento"
"2021-2022";"92.96";"Todos los ámbitos";"Mujeres";"Rendimiento"
"2020-2021";"90.39";"Todos los ámbitos";"Mujeres";"Rendimiento"
"2019-2020";"..";"Todos los ámbitos";"Mujeres";"Rendimiento"
"2018-2019";"..";"Todos los ámbitos";"Mujeres";"Rendimiento"
"2017-2018";"..";"Todos los ámbitos";"Mujeres";"Rendimiento"
"2016-2017";"..";"Todos los ámbitos";"Mujeres";"Rendimiento"
"2015-2016";"..";"Todos los ámbitos";"Mujeres";"Rendimiento"
"2022-2023";"96.13";"Total Educación";"Mujeres";"Rendimiento"
"2021-2022";"95.3";"Total Educación";"Mujeres";"Rendimiento"
"2020-2021";"92.26";"Total Educación";"Mujeres";"Rendimiento"
"2019-2020";"..";"Total Educación";"Mujeres";"Rendimiento"
"2018-2019";"..";"Total Educación";"Mujeres";"Rendimiento"
"2017-2018";"..";"Total Educación";"Mujeres";"Rendimiento"
"2016-2017";"..";"Total Educación";"Mujeres";"Rendimiento"
"2015-2016";"..";"Total Educación";"Mujeres";"Rendimiento"
"2022-2023";"91.61";"Formación de docentes de enseñanza infantil";"Mujeres";"Rendimiento"
"2021-2022";"..";"Formación de docentes de enseñanza infantil";"Mujeres";"Rendimiento"
"2020-2021";"..";"Formación de docentes de enseñanza infantil";"Mujeres";"Rendimiento"
"2019-2020";"..";"Formación de docentes de enseñanza infantil";"Mujeres";"Rendimiento"
"2018-2019";"..";"Formación de docentes de enseñanza infantil";"Mujeres";"Rendimiento"
"2017-2018";"..";"Formación de docentes de enseñanza infantil";"Mujeres";"Rendimiento"
"2016-2017";"..";"Formación de docentes de enseñanza infantil";"Mujeres";"Rendimiento"
"2015-2016";"..";"Formación de docentes de enseñanza infantil";"Mujeres";"Rendimiento"
"2022-2023";"96.88";"Formación de docentes de enseñanza primaria";"Mujeres";"Rendimiento"
"2021-2022";"95.53";"Formación de docentes de enseñanza primaria";"Mujeres";"Rendimiento"
"2020-2021";"93.93";"Formación de docentes de enseñanza primaria";"Mujeres";"Rendimiento"
"2019-2020";"..";"Formación de docentes de enseñanza primaria";"Mujeres";"Rendimiento"
"2018-2019";"..";"Formación de docentes de enseñanza primaria";"Mujeres";"Rendimiento"
"2017-2018";"..";"Formación de docentes de enseñanza primaria";"Mujeres";"Rendimiento"
"2016-2017";"..";"Formación de docentes de enseñanza primaria";"Mujeres";"Rendimiento"
"2015-2016";"..";"Formación de docentes de enseñanza primaria";"Mujeres";"Rendimiento"
"2022-2023";"..";"Otra Formación de personal docente y ciencias de la educación";"Mujeres";"Rendimiento"
"2021-2022";"..";"Otra Formación de personal docente y ciencias de la educación";"Mujeres";"Rendimiento"
"2020-2021";"..";"Otra Formación de personal docente y ciencias de la educación";"Mujeres";"Rendimiento"
"2019-2020";"..";"Otra Formación de personal docente y ciencias de la educación";"Mujeres";"Rendimiento"
"2018-2019";"..";"Otra Formación de personal docente y ciencias de la educación";"Mujeres";"Rendimiento"
"2017-2018";"..";"Otra Formación de personal docente y ciencias de la educación";"Mujeres";"Rendimiento"
"2016-2017";"..";"Otra Formación de personal docente y ciencias de la educación";"Mujeres";"Rendimiento"
"2015-2016";"..";"Otra Formación de personal docente y ciencias de la educación";"Mujeres";"Rendimiento"
"2022-2023";"..";"Total Artes y humanidades";"Mujeres";"Rendimiento"
"2021-2022";"..";"Total Artes y humanidades";"Mujeres";"Rendimiento"
"2020-2021";"..";"Total Artes y humanidades";"Mujeres";"Rendimiento"
"2019-2020";"..";"Total Artes y humanidades";"Mujeres";"Rendimiento"
"2018-2019";"..";"Total Artes y humanidades";"Mujeres";"Rendimiento"
"2017-2018";"..";"Total Artes y humanidades";"Mujeres";"Rendimiento"
"2016-2017";"..";"Total Artes y humanidades";"Mujeres";"Rendimiento"
"2015-2016";"..";"Total Artes y humanidades";"Mujeres";"Rendimiento"
"2022-2023";"..";"Técnicas audiovisuales y medios de comunicación";"Mujeres";"Rendimiento"
"2021-2022";"..";"Técnicas audiovisuales y medios de comunicación";"Mujeres";"Rendimiento"
"2020-2021";"..";"Técnicas audiovisuales y medios de comunicación";"Mujeres";"Rendimiento"
"2019-2020";"..";"Técnicas audiovisuales y medios de comunicación";"Mujeres";"Rendimiento"
"2018-2019";"..";"Técnicas audiovisuales y medios de comunicación";"Mujeres";"Rendimiento"
"2017-2018";"..";"Técnicas audiovisuales y medios de comunicación";"Mujeres";"Rendimiento"
"2016-2017";"..";"Técnicas audiovisuales y medios de comunicación";"Mujeres";"Rendimiento"
"2015-2016";"..";"Técnicas audiovisuales y medios de comunicación";"Mujeres";"Rendimiento"
"2022-2023";"..";"Artes";"Mujeres";"Rendimiento"
"2021-2022";"..";"Artes";"Mujeres";"Rendimiento"
"2020-2021";"..";"Artes";"Mujeres";"Rendimiento"
"2019-2020";"..";"Artes";"Mujeres";"Rendimiento"
"2018-2019";"..";"Artes";"Mujeres";"Rendimiento"
"2017-2018";"..";"Artes";"Mujeres";"Rendimiento"
"2016-2017";"..";"Artes";"Mujeres";"Rendimiento"
"2015-2016";"..";"Artes";"Mujeres";"Rendimiento"
"2022-2023";"..";"Lenguas";"Mujeres";"Rendimiento"
"2021-2022";"..";"Lenguas";"Mujeres";"Rendimiento"
"2020-2021";"..";"Lenguas";"Mujeres";"Rendimiento"
"2019-2020";"..";"Lenguas";"Mujeres";"Rendimiento"
"2018-2019";"..";"Lenguas";"Mujeres";"Rendimiento"
"2017-2018";"..";"Lenguas";"Mujeres";"Rendimiento"
"2016-2017";"..";"Lenguas";"Mujeres";"Rendimiento"
"2015-2016";"..";"Lenguas";"Mujeres";"Rendimiento"
"2022-2023";"..";"Humanidades";"Mujeres";"Rendimiento"
"2021-2022";"..";"Humanidades";"Mujeres";"Rendimiento"
"2020-2021";"..";"Humanidades";"Mujeres";"Rendimiento"
"2019-2020";"..";"Humanidades";"Mujeres";"Rendimiento"
"2018-2019";"..";"Humanidades";"Mujeres";"Rendimiento"
"2017-2018";"..";"Humanidades";"Mujeres";"Rendimiento"
"2016-2017";"..";"Humanidades";"Mujeres";"Rendimiento"
"2015-2016";"..";"Humanidades";"Mujeres";"Rendimiento"
"2022-2023";"89.72";"Total Ciencias sociales, periodismo y documentación";"Mujeres";"Rendimiento"
"2021-2022";"90.81";"Total Ciencias sociales, periodismo y documentación";"Mujeres";"Rendimiento"
"2020-2021";"92.42";"Total Ciencias sociales, periodismo y documentación";"Mujeres";"Rendimiento"
"2019-2020";"..";"Total Ciencias sociales, periodismo y documentación";"Mujeres";"Rendimiento"
"2018-2019";"..";"Total Ciencias sociales, periodismo y documentación";"Mujeres";"Rendimiento"
"2017-2018";"..";"Total Ciencias sociales, periodismo y documentación";"Mujeres";"Rendimiento"
"2016-2017";"..";"Total Ciencias sociales, periodismo y documentación";"Mujeres";"Rendimiento"
"2015-2016";"..";"Total Ciencias sociales, periodismo y documentación";"Mujeres";"Rendimiento"
"2022-2023";"89.48";"Psicología";"Mujeres";"Rendimiento"
"2021-2022";"90.62";"Psicología";"Mujeres";"Rendimiento"
"2020-2021";"91.57";"Psicología";"Mujeres";"Rendimiento"
"2019-2020";"..";"Psicología";"Mujeres";"Rendimiento"
"2018-2019";"..";"Psicología";"Mujeres";"Rendimiento"
"2017-2018";"..";"Psicología";"Mujeres";"Rendimiento"
"2016-2017";"..";"Psicología";"Mujeres";"Rendimiento"
"2015-2016";"..";"Psicología";"Mujeres";"Rendimiento"
"2022-2023";"..";"Economía";"Mujeres";"Rendimiento"
"2021-2022";"..";"Economía";"Mujeres";"Rendimiento"
"2020-2021";"..";"Economía";"Mujeres";"Rendimiento"
"2019-2020";"..";"Economía";"Mujeres";"Rendimiento"
"2018-2019";"..";"Economía";"Mujeres";"Rendimiento"
"2017-2018";"..";"Economía";"Mujeres";"Rendimiento"
"2016-2017";"..";"Economía";"Mujeres";"Rendimiento"
"2015-2016";"..";"Economía";"Mujeres";"Rendimiento"
"2022-2023";"..";"Otras Ciencias sociales y del comportamiento";"Mujeres";"Rendimiento"
"2021-2022";"..";"Otras Ciencias sociales y del comportamiento";"Mujeres";"Rendimiento"
"2020-2021";"..";"Otras Ciencias sociales y del comportamiento";"Mujeres";"Rendimiento"
"2019-2020";"..";"Otras Ciencias sociales y del comportamiento";"Mujeres";"Rendimiento"
"2018-2019";"..";"Otras Ciencias sociales y del comportamiento";"Mujeres";"Rendimiento"
"2017-2018";"..";"Otras Ciencias sociales y del comportamiento";"Mujeres";"Rendimiento"
"2016-2017";"..";"Otras Ciencias sociales y del comportamiento";"Mujeres";"Rendimiento"
"2015-2016";"..";"Otras Ciencias sociales y del comportamiento";"Mujeres";"Rendimiento"
"2022-2023";"..";"Periodismo e información";"Mujeres";"Rendimiento"
"2021-2022";"..";"Periodismo e información";"Mujeres";"Rendimiento"
"2020-2021";"..";"Periodismo e información";"Mujeres";"Rendimiento"
"2019-2020";"..";"Periodismo e información";"Mujeres";"Rendimiento"
"2018-2019";"..";"Periodismo e información";"Mujeres";"Rendimiento"
"2017-2018";"..";"Periodismo e información";"Mujeres";"Rendimiento"
"2016-2017";"..";"Periodismo e información";"Mujeres";"Rendimiento"
"2015-2016";"..";"Periodismo e información";"Mujeres";"Rendimiento"
"2022-2023";"93.07";"Total Negocios, administración y derecho";"Mujeres";"Rendimiento"
"2021-2022";"92.34";"Total Negocios, administración y derecho";"Mujeres";"Rendimiento"
"2020-2021";"86.98";"Total Negocios, administración y derecho";"Mujeres";"Rendimiento"
"2019-2020";"..";"Total Negocios, administración y derecho";"Mujeres";"Rendimiento"
"2018-2019";"..";"Total Negocios, administración y derecho";"Mujeres";"Rendimiento"
"2017-2018";"..";"Total Negocios, administración y derecho";"Mujeres";"Rendimiento"
"2016-2017";"..";"Total Negocios, administración y derecho";"Mujeres";"Rendimiento"
"2015-2016";"..";"Total Negocios, administración y derecho";"Mujeres";"Rendimiento"
"2022-2023";"89.82";"Administración y gestión de empresas";"Mujeres";"Rendimiento"
"2021-2022";"86.9";"Administración y gestión de empresas";"Mujeres";"Rendimiento"
"2020-2021";"..";"Administración y gestión de empresas";"Mujeres";"Rendimiento"
"2019-2020";"..";"Administración y gestión de empresas";"Mujeres";"Rendimiento"
"2018-2019";"..";"Administración y gestión de empresas";"Mujeres";"Rendimiento"
"2017-2018";"..";"Administración y gestión de empresas";"Mujeres";"Rendimiento"
"2016-2017";"..";"Administración y gestión de empresas";"Mujeres";"Rendimiento"
"2015-2016";"..";"Administración y gestión de empresas";"Mujeres";"Rendimiento"
"2022-2023";"95.43";"Otra Educación comercial y empresarial";"Mujeres";"Rendimiento"
"2021-2022";"97.91";"Otra Educación comercial y empresarial";"Mujeres";"Rendimiento"
"2020-2021";"..";"Otra Educación comercial y empresarial";"Mujeres";"Rendimiento"
"2019-2020";"..";"Otra Educación comercial y empresarial";"Mujeres";"Rendimiento"
"2018-2019";"..";"Otra Educación comercial y empresarial";"Mujeres";"Rendimiento"
"2017-2018";"..";"Otra Educación comercial y empresarial";"Mujeres";"Rendimiento"
"2016-2017";"..";"Otra Educación comercial y empresarial";"Mujeres";"Rendimiento"
"2015-2016";"..";"Otra Educación comercial y empresarial";"Mujeres";"Rendimiento"
"2022-2023";"94.18";"Derecho";"Mujeres";"Rendimiento"
"2021-2022";"..";"Derecho";"Mujeres";"Rendimiento"
"2020-2021";"..";"Derecho";"Mujeres";"Rendimiento"
"2019-2020";"..";"Derecho";"Mujeres";"Rendimiento"
"2018-2019";"..";"Derecho";"Mujeres";"Rendimiento"
"2017-2018";"..";"Derecho";"Mujeres";"Rendimiento"
"2016-2017";"..";"Derecho";"Mujeres";"Rendimiento"
"2015-2016";"..";"Derecho";"Mujeres";"Rendimiento"
"2022-2023";"..";"Total Ciencias";"Mujeres";"Rendimiento"
"2021-2022";"..";"Total Ciencias";"Mujeres";"Rendimiento"
"2020-2021";"..";"Total Ciencias";"Mujeres";"Rendimiento"
"2019-2020";"..";"Total Ciencias";"Mujeres";"Rendimiento"
"2018-2019";"..";"Total Ciencias";"Mujeres";"Rendimiento"
"2017-2018";"..";"Total Ciencias";"Mujeres";"Rendimiento"
"2016-2017";"..";"Total Ciencias";"Mujeres";"Rendimiento"
"2015-2016";"..";"Total Ciencias";"Mujeres";"Rendimiento"
"2022-2023";"..";"Ciencias de la vida";"Mujeres";"Rendimiento"
"2021-2022";"..";"Ciencias de la vida";"Mujeres";"Rendimiento"
"2020-2021";"..";"Ciencias de la vida";"Mujeres";"Rendimiento"
"2019-2020";"..";"Ciencias de la vida";"Mujeres";"Rendimiento"
"2018-2019";"..";"Ciencias de la vida";"Mujeres";"Rendimiento"
"2017-2018";"..";"Ciencias de la vida";"Mujeres";"Rendimiento"
"2016-2017";"..";"Ciencias de la vida";"Mujeres";"Rendimiento"
"2015-2016";"..";"Ciencias de la vida";"Mujeres";"Rendimiento"
"2022-2023";"..";"Ciencias Físicas, químicas, geológicas";"Mujeres";"Rendimiento"
"2021-2022";"..";"Ciencias Físicas, químicas, geológicas";"Mujeres";"Rendimiento"
"2020-2021";"..";"Ciencias Físicas, químicas, geológicas";"Mujeres";"Rendimiento"
"2019-2020";"..";"Ciencias Físicas, químicas, geológicas";"Mujeres";"Rendimiento"
"2018-2019";"..";"Ciencias Físicas, químicas, geológicas";"Mujeres";"Rendimiento"
"2017-2018";"..";"Ciencias Físicas, químicas, geológicas";"Mujeres";"Rendimiento"
"2016-2017";"..";"Ciencias Físicas, químicas, geológicas";"Mujeres";"Rendimiento"
"2015-2016";"..";"Ciencias Físicas, químicas, geológicas";"Mujeres";"Rendimiento"
"2022-2023";"..";"Matemáticas y Estadística";"Mujeres";"Rendimiento"
"2021-2022";"..";"Matemáticas y Estadística";"Mujeres";"Rendimiento"
"2020-2021";"..";"Matemáticas y Estadística";"Mujeres";"Rendimiento"
"2019-2020";"..";"Matemáticas y Estadística";"Mujeres";"Rendimiento"
"2018-2019";"..";"Matemáticas y Estadística";"Mujeres";"Rendimiento"
"2017-2018";"..";"Matemáticas y Estadística";"Mujeres";"Rendimiento"
"2016-2017";"..";"Matemáticas y Estadística";"Mujeres";"Rendimiento"
"2015-2016";"..";"Matemáticas y Estadística";"Mujeres";"Rendimiento"
"2022-2023";"..";"Total Informática";"Mujeres";"Rendimiento"
"2021-2022";"..";"Total Informática";"Mujeres";"Rendimiento"
"2020-2021";"..";"Total Informática";"Mujeres";"Rendimiento"
"2019-2020";"..";"Total Informática";"Mujeres";"Rendimiento"
"2018-2019";"..";"Total Informática";"Mujeres";"Rendimiento"
"2017-2018";"..";"Total Informática";"Mujeres";"Rendimiento"
"2016-2017";"..";"Total Informática";"Mujeres";"Rendimiento"
"2015-2016";"..";"Total Informática";"Mujeres";"Rendimiento"
"2022-2023";"..";"Informática";"Mujeres";"Rendimiento"
"2021-2022";"..";"Informática";"Mujeres";"Rendimiento"
"2020-2021";"..";"Informática";"Mujeres";"Rendimiento"
"2019-2020";"..";"Informática";"Mujeres";"Rendimiento"
"2018-2019";"..";"Informática";"Mujeres";"Rendimiento"
"2017-2018";"..";"Informática";"Mujeres";"Rendimiento"
"2016-2017";"..";"Informática";"Mujeres";"Rendimiento"
"2015-2016";"..";"Informática";"Mujeres";"Rendimiento"
"2022-2023";"..";"Total Ingeniería, industria y construcción";"Mujeres";"Rendimiento"
"2021-2022";"..";"Total Ingeniería, industria y construcción";"Mujeres";"Rendimiento"
"2020-2021";"..";"Total Ingeniería, industria y construcción";"Mujeres";"Rendimiento"
"2019-2020";"..";"Total Ingeniería, industria y construcción";"Mujeres";"Rendimiento"
"2018-2019";"..";"Total Ingeniería, industria y construcción";"Mujeres";"Rendimiento"
"2017-2018";"..";"Total Ingeniería, industria y construcción";"Mujeres";"Rendimiento"
"2016-2017";"..";"Total Ingeniería, industria y construcción";"Mujeres";"Rendimiento"
"2015-2016";"..";"Total Ingeniería, industria y construcción";"Mujeres";"Rendimiento"
"2022-2023";"..";"Ingenierías";"Mujeres";"Rendimiento"
"2021-2022";"..";"Ingenierías";"Mujeres";"Rendimiento"
"2020-2021";"..";"Ingenierías";"Mujeres";"Rendimiento"
"2019-2020";"..";"Ingenierías";"Mujeres";"Rendimiento"
"2018-2019";"..";"Ingenierías";"Mujeres";"Rendimiento"
"2017-2018";"..";"Ingenierías";"Mujeres";"Rendimiento"
"2016-2017";"..";"Ingenierías";"Mujeres";"Rendimiento"
"2015-2016";"..";"Ingenierías";"Mujeres";"Rendimiento"
"2022-2023";"..";"Arquitectura y construcción";"Mujeres";"Rendimiento"
"2021-2022";"..";"Arquitectura y construcción";"Mujeres";"Rendimiento"
"2020-2021";"..";"Arquitectura y construcción";"Mujeres";"Rendimiento"
"2019-2020";"..";"Arquitectura y construcción";"Mujeres";"Rendimiento"
"2018-2019";"..";"Arquitectura y construcción";"Mujeres";"Rendimiento"
"2017-2018";"..";"Arquitectura y construcción";"Mujeres";"Rendimiento"
"2016-2017";"..";"Arquitectura y construcción";"Mujeres";"Rendimiento"
"2015-2016";"..";"Arquitectura y construcción";"Mujeres";"Rendimiento"
"2022-2023";"..";"Total Agricultura, ganadería,  silvicultura, pesca, y veterinaria";"Mujeres";"Rendimiento"
"2021-2022";"..";"Total Agricultura, ganadería,  silvicultura, pesca, y veterinaria";"Mujeres";"Rendimiento"
"2020-2021";"..";"Total Agricultura, ganadería,  silvicultura, pesca, y veterinaria";"Mujeres";"Rendimiento"
"2019-2020";"..";"Total Agricultura, ganadería,  silvicultura, pesca, y veterinaria";"Mujeres";"Rendimiento"
"2018-2019";"..";"Total Agricultura, ganadería,  silvicultura, pesca, y veterinaria";"Mujeres";"Rendimiento"
"2017-2018";"..";"Total Agricultura, ganadería,  silvicultura, pesca, y veterinaria";"Mujeres";"Rendimiento"
"2016-2017";"..";"Total Agricultura, ganadería,  silvicultura, pesca, y veterinaria";"Mujeres";"Rendimiento"
"2015-2016";"..";"Total Agricultura, ganadería,  silvicultura, pesca, y veterinaria";"Mujeres";"Rendimiento"
"2022-2023";"..";"Agricultura, ganadería y pesca";"Mujeres";"Rendimiento"
"2021-2022";"..";"Agricultura, ganadería y pesca";"Mujeres";"Rendimiento"
"2020-2021";"..";"Agricultura, ganadería y pesca";"Mujeres";"Rendimiento"
"2019-2020";"..";"Agricultura, ganadería y pesca";"Mujeres";"Rendimiento"
"2018-2019";"..";"Agricultura, ganadería y pesca";"Mujeres";"Rendimiento"
"2017-2018";"..";"Agricultura, ganadería y pesca";"Mujeres";"Rendimiento"
"2016-2017";"..";"Agricultura, ganadería y pesca";"Mujeres";"Rendimiento"
"2015-2016";"..";"Agricultura, ganadería y pesca";"Mujeres";"Rendimiento"
"2022-2023";"..";"Veterinaria";"Mujeres";"Rendimiento"
"2021-2022";"..";"Veterinaria";"Mujeres";"Rendimiento"
"2020-2021";"..";"Veterinaria";"Mujeres";"Rendimiento"
"2019-2020";"..";"Veterinaria";"Mujeres";"Rendimiento"
"2018-2019";"..";"Veterinaria";"Mujeres";"Rendimiento"
"2017-2018";"..";"Veterinaria";"Mujeres";"Rendimiento"
"2016-2017";"..";"Veterinaria";"Mujeres";"Rendimiento"
"2015-2016";"..";"Veterinaria";"Mujeres";"Rendimiento"
"2022-2023";"..";"Total Salud y servicios sociales";"Mujeres";"Rendimiento"
"2021-2022";"..";"Total Salud y servicios sociales";"Mujeres";"Rendimiento"
"2020-2021";"..";"Total Salud y servicios sociales";"Mujeres";"Rendimiento"
"2019-2020";"..";"Total Salud y servicios sociales";"Mujeres";"Rendimiento"
"2018-2019";"..";"Total Salud y servicios sociales";"Mujeres";"Rendimiento"
"2017-2018";"..";"Total Salud y servicios sociales";"Mujeres";"Rendimiento"
"2016-2017";"..";"Total Salud y servicios sociales";"Mujeres";"Rendimiento"
"2015-2016";"..";"Total Salud y servicios sociales";"Mujeres";"Rendimiento"
"2022-2023";"..";"Medicina";"Mujeres";"Rendimiento"
"2021-2022";"..";"Medicina";"Mujeres";"Rendimiento"
"2020-2021";"..";"Medicina";"Mujeres";"Rendimiento"
"2019-2020";"..";"Medicina";"Mujeres";"Rendimiento"
"2018-2019";"..";"Medicina";"Mujeres";"Rendimiento"
"2017-2018";"..";"Medicina";"Mujeres";"Rendimiento"
"2016-2017";"..";"Medicina";"Mujeres";"Rendimiento"
"2015-2016";"..";"Medicina";"Mujeres";"Rendimiento"
"2022-2023";"..";"Enfermería y atención a enfermos";"Mujeres";"Rendimiento"
"2021-2022";"..";"Enfermería y atención a enfermos";"Mujeres";"Rendimiento"
"2020-2021";"..";"Enfermería y atención a enfermos";"Mujeres";"Rendimiento"
"2019-2020";"..";"Enfermería y atención a enfermos";"Mujeres";"Rendimiento"
"2018-2019";"..";"Enfermería y atención a enfermos";"Mujeres";"Rendimiento"
"2017-2018";"..";"Enfermería y atención a enfermos";"Mujeres";"Rendimiento"
"2016-2017";"..";"Enfermería y atención a enfermos";"Mujeres";"Rendimiento"
"2015-2016";"..";"Enfermería y atención a enfermos";"Mujeres";"Rendimiento"
"2022-2023";"..";"Otras ciencias de la Salud";"Mujeres";"Rendimiento"
"2021-2022";"..";"Otras ciencias de la Salud";"Mujeres";"Rendimiento"
"2020-2021";"..";"Otras ciencias de la Salud";"Mujeres";"Rendimiento"
"2019-2020";"..";"Otras ciencias de la Salud";"Mujeres";"Rendimiento"
"2018-2019";"..";"Otras ciencias de la Salud";"Mujeres";"Rendimiento"
"2017-2018";"..";"Otras ciencias de la Salud";"Mujeres";"Rendimiento"
"2016-2017";"..";"Otras ciencias de la Salud";"Mujeres";"Rendimiento"
"2015-2016";"..";"Otras ciencias de la Salud";"Mujeres";"Rendimiento"
"2022-2023";"..";"Trabajo social y orientación";"Mujeres";"Rendimiento"
"2021-2022";"..";"Trabajo social y orientación";"Mujeres";"Rendimiento"
"2020-2021";"..";"Trabajo social y orientación";"Mujeres";"Rendimiento"
"2019-2020";"..";"Trabajo social y orientación";"Mujeres";"Rendimiento"
"2018-2019";"..";"Trabajo social y orientación";"Mujeres";"Rendimiento"
"2017-2018";"..";"Trabajo social y orientación";"Mujeres";"Rendimiento"
"2016-2017";"..";"Trabajo social y orientación";"Mujeres";"Rendimiento"
"2015-2016";"..";"Trabajo social y orientación";"Mujeres";"Rendimiento"
"2022-2023";"..";"Total Servicios";"Mujeres";"Rendimiento"
"2021-2022";"..";"Total Servicios";"Mujeres";"Rendimiento"
"2020-2021";"..";"Total Servicios";"Mujeres";"Rendimiento"
"2019-2020";"..";"Total Servicios";"Mujeres";"Rendimiento"
"2018-2019";"..";"Total Servicios";"Mujeres";"Rendimiento"
"2017-2018";"..";"Total Servicios";"Mujeres";"Rendimiento"
"2016-2017";"..";"Total Servicios";"Mujeres";"Rendimiento"
"2015-2016";"..";"Total Servicios";"Mujeres";"Rendimiento"
"2022-2023";"..";"Deportes";"Mujeres";"Rendimiento"
"2021-2022";"..";"Deportes";"Mujeres";"Rendimiento"
"2020-2021";"..";"Deportes";"Mujeres";"Rendimiento"
"2019-2020";"..";"Deportes";"Mujeres";"Rendimiento"
"2018-2019";"..";"Deportes";"Mujeres";"Rendimiento"
"2017-2018";"..";"Deportes";"Mujeres";"Rendimiento"
"2016-2017";"..";"Deportes";"Mujeres";"Rendimiento"
"2015-2016";"..";"Deportes";"Mujeres";"Rendimiento"
"2022-2023";"..";"Turismo y Hostelería";"Mujeres";"Rendimiento"
"2021-2022";"..";"Turismo y Hostelería";"Mujeres";"Rendimiento"
"2020-2021";"..";"Turismo y Hostelería";"Mujeres";"Rendimiento"
"2019-2020";"..";"Turismo y Hostelería";"Mujeres";"Rendimiento"
"2018-2019";"..";"Turismo y Hostelería";"Mujeres";"Rendimiento"
"2017-2018";"..";"Turismo y Hostelería";"Mujeres";"Rendimiento"
"2016-2017";"..";"Turismo y Hostelería";"Mujeres";"Rendimiento"
"2015-2016";"..";"Turismo y Hostelería";"Mujeres";"Rendimiento"
"2022-2023";"..";"Otros Servicios";"Mujeres";"Rendimiento"
"2021-2022";"..";"Otros Servicios";"Mujeres";"Rendimiento"
"2020-2021";"..";"Otros Servicios";"Mujeres";"Rendimiento"
"2019-2020";"..";"Otros Servicios";"Mujeres";"Rendimiento"
"2018-2019";"..";"Otros Servicios";"Mujeres";"Rendimiento"
"2017-2018";"..";"Otros Servicios";"Mujeres";"Rendimiento"
"2016-2017";"..";"Otros Servicios";"Mujeres";"Rendimiento"
"2015-2016";"..";"Otros Servicios";"Mujeres";"Rendimiento"
"2022-2023";"???";"Internacional Villanueva";"Mujeres";"Exito"
"2021-2022";"???";"Internacional Villanueva";"Mujeres";"Exito"
"2020-2021";"???";"Internacional Villanueva";"Mujeres";"Exito"
"2019-2020";"???";"Internacional Villanueva";"Mujeres";"Exito"
"2018-2019";"???";"Internacional Villanueva";"Mujeres";"Exito"
"2017-2018";"???";"Internacional Villanueva";"Mujeres";"Exito"
"2016-2017";"???";"Internacional Villanueva";"Mujeres";"Exito"
"2015-2016";"???";"Internacional Villanueva";"Mujeres";"Exito"
"2022-2023";"93.91";"Todos los ámbitos";"Mujeres";"Exito"
"2021-2022";"93.92";"Todos los ámbitos";"Mujeres";"Exito"
"2020-2021";"92.66";"Todos los ámbitos";"Mujeres";"Exito"
"2019-2020";"..";"Todos los ámbitos";"Mujeres";"Exito"
"2018-2019";"..";"Todos los ámbitos";"Mujeres";"Exito"
"2017-2018";"..";"Todos los ámbitos";"Mujeres";"Exito"
"2016-2017";"..";"Todos los ámbitos";"Mujeres";"Exito"
"2015-2016";"..";"Todos los ámbitos";"Mujeres";"Exito"
"2022-2023";"97.44";"Total Educación";"Mujeres";"Exito"
"2021-2022";"96.1";"Total Educación";"Mujeres";"Exito"
"2020-2021";"94.66";"Total Educación";"Mujeres";"Exito"
"2019-2020";"..";"Total Educación";"Mujeres";"Exito"
"2018-2019";"..";"Total Educación";"Mujeres";"Exito"
"2017-2018";"..";"Total Educación";"Mujeres";"Exito"
"2016-2017";"..";"Total Educación";"Mujeres";"Exito"
"2015-2016";"..";"Total Educación";"Mujeres";"Exito"
"2022-2023";"94.58";"Formación de docentes de enseñanza infantil";"Mujeres";"Exito"
"2021-2022";"..";"Formación de docentes de enseñanza infantil";"Mujeres";"Exito"
"2020-2021";"..";"Formación de docentes de enseñanza infantil";"Mujeres";"Exito"
"2019-2020";"..";"Formación de docentes de enseñanza infantil";"Mujeres";"Exito"
"2018-2019";"..";"Formación de docentes de enseñanza infantil";"Mujeres";"Exito"
"2017-2018";"..";"Formación de docentes de enseñanza infantil";"Mujeres";"Exito"
"2016-2017";"..";"Formación de docentes de enseñanza infantil";"Mujeres";"Exito"
"2015-2016";"..";"Formación de docentes de enseñanza infantil";"Mujeres";"Exito"
"2022-2023";"97.9";"Formación de docentes de enseñanza primaria";"Mujeres";"Exito"
"2021-2022";"96.47";"Formación de docentes de enseñanza primaria";"Mujeres";"Exito"
"2020-2021";"95.69";"Formación de docentes de enseñanza primaria";"Mujeres";"Exito"
"2019-2020";"..";"Formación de docentes de enseñanza primaria";"Mujeres";"Exito"
"2018-2019";"..";"Formación de docentes de enseñanza primaria";"Mujeres";"Exito"
"2017-2018";"..";"Formación de docentes de enseñanza primaria";"Mujeres";"Exito"
"2016-2017";"..";"Formación de docentes de enseñanza primaria";"Mujeres";"Exito"
"2015-2016";"..";"Formación de docentes de enseñanza primaria";"Mujeres";"Exito"
"2022-2023";"..";"Otra Formación de personal docente y ciencias de la educación";"Mujeres";"Exito"
"2021-2022";"..";"Otra Formación de personal docente y ciencias de la educación";"Mujeres";"Exito"
"2020-2021";"..";"Otra Formación de personal docente y ciencias de la educación";"Mujeres";"Exito"
"2019-2020";"..";"Otra Formación de personal docente y ciencias de la educación";"Mujeres";"Exito"
"2018-2019";"..";"Otra Formación de personal docente y ciencias de la educación";"Mujeres";"Exito"
"2017-2018";"..";"Otra Formación de personal docente y ciencias de la educación";"Mujeres";"Exito"
"2016-2017";"..";"Otra Formación de personal docente y ciencias de la educación";"Mujeres";"Exito"
"2015-2016";"..";"Otra Formación de personal docente y ciencias de la educación";"Mujeres";"Exito"
"2022-2023";"..";"Total Artes y humanidades";"Mujeres";"Exito"
"2021-2022";"..";"Total Artes y humanidades";"Mujeres";"Exito"
"2020-2021";"..";"Total Artes y humanidades";"Mujeres";"Exito"
"2019-2020";"..";"Total Artes y humanidades";"Mujeres";"Exito"
"2018-2019";"..";"Total Artes y humanidades";"Mujeres";"Exito"
"2017-2018";"..";"Total Artes y humanidades";"Mujeres";"Exito"
"2016-2017";"..";"Total Artes y humanidades";"Mujeres";"Exito"
"2015-2016";"..";"Total Artes y humanidades";"Mujeres";"Exito"
"2022-2023";"..";"Técnicas audiovisuales y medios de comunicación";"Mujeres";"Exito"
"2021-2022";"..";"Técnicas audiovisuales y medios de comunicación";"Mujeres";"Exito"
"2020-2021";"..";"Técnicas audiovisuales y medios de comunicación";"Mujeres";"Exito"
"2019-2020";"..";"Técnicas audiovisuales y medios de comunicación";"Mujeres";"Exito"
"2018-2019";"..";"Técnicas audiovisuales y medios de comunicación";"Mujeres";"Exito"
"2017-2018";"..";"Técnicas audiovisuales y medios de comunicación";"Mujeres";"Exito"
"2016-2017";"..";"Técnicas audiovisuales y medios de comunicación";"Mujeres";"Exito"
"2015-2016";"..";"Técnicas audiovisuales y medios de comunicación";"Mujeres";"Exito"
"2022-2023";"..";"Artes";"Mujeres";"Exito"
"2021-2022";"..";"Artes";"Mujeres";"Exito"
"2020-2021";"..";"Artes";"Mujeres";"Exito"
"2019-2020";"..";"Artes";"Mujeres";"Exito"
"2018-2019";"..";"Artes";"Mujeres";"Exito"
"2017-2018";"..";"Artes";"Mujeres";"Exito"
"2016-2017";"..";"Artes";"Mujeres";"Exito"
"2015-2016";"..";"Artes";"Mujeres";"Exito"
"2022-2023";"..";"Lenguas";"Mujeres";"Exito"
"2021-2022";"..";"Lenguas";"Mujeres";"Exito"
"2020-2021";"..";"Lenguas";"Mujeres";"Exito"
"2019-2020";"..";"Lenguas";"Mujeres";"Exito"
"2018-2019";"..";"Lenguas";"Mujeres";"Exito"
"2017-2018";"..";"Lenguas";"Mujeres";"Exito"
"2016-2017";"..";"Lenguas";"Mujeres";"Exito"
"2015-2016";"..";"Lenguas";"Mujeres";"Exito"
"2022-2023";"..";"Humanidades";"Mujeres";"Exito"
"2021-2022";"..";"Humanidades";"Mujeres";"Exito"
"2020-2021";"..";"Humanidades";"Mujeres";"Exito"
"2019-2020";"..";"Humanidades";"Mujeres";"Exito"
"2018-2019";"..";"Humanidades";"Mujeres";"Exito"
"2017-2018";"..";"Humanidades";"Mujeres";"Exito"
"2016-2017";"..";"Humanidades";"Mujeres";"Exito"
"2015-2016";"..";"Humanidades";"Mujeres";"Exito"
"2022-2023";"91.31";"Total Ciencias sociales, periodismo y documentación";"Mujeres";"Exito"
"2021-2022";"92.47";"Total Ciencias sociales, periodismo y documentación";"Mujeres";"Exito"
"2020-2021";"93.8";"Total Ciencias sociales, periodismo y documentación";"Mujeres";"Exito"
"2019-2020";"..";"Total Ciencias sociales, periodismo y documentación";"Mujeres";"Exito"
"2018-2019";"..";"Total Ciencias sociales, periodismo y documentación";"Mujeres";"Exito"
"2017-2018";"..";"Total Ciencias sociales, periodismo y documentación";"Mujeres";"Exito"
"2016-2017";"..";"Total Ciencias sociales, periodismo y documentación";"Mujeres";"Exito"
"2015-2016";"..";"Total Ciencias sociales, periodismo y documentación";"Mujeres";"Exito"
"2022-2023";"91.19";"Psicología";"Mujeres";"Exito"
"2021-2022";"92.38";"Psicología";"Mujeres";"Exito"
"2020-2021";"93.1";"Psicología";"Mujeres";"Exito"
"2019-2020";"..";"Psicología";"Mujeres";"Exito"
"2018-2019";"..";"Psicología";"Mujeres";"Exito"
"2017-2018";"..";"Psicología";"Mujeres";"Exito"
"2016-2017";"..";"Psicología";"Mujeres";"Exito"
"2015-2016";"..";"Psicología";"Mujeres";"Exito"
"2022-2023";"..";"Economía";"Mujeres";"Exito"
"2021-2022";"..";"Economía";"Mujeres";"Exito"
"2020-2021";"..";"Economía";"Mujeres";"Exito"
"2019-2020";"..";"Economía";"Mujeres";"Exito"
"2018-2019";"..";"Economía";"Mujeres";"Exito"
"2017-2018";"..";"Economía";"Mujeres";"Exito"
"2016-2017";"..";"Economía";"Mujeres";"Exito"
"2015-2016";"..";"Economía";"Mujeres";"Exito"
"2022-2023";"..";"Otras Ciencias sociales y del comportamiento";"Mujeres";"Exito"
"2021-2022";"..";"Otras Ciencias sociales y del comportamiento";"Mujeres";"Exito"
"2020-2021";"..";"Otras Ciencias sociales y del comportamiento";"Mujeres";"Exito"
"2019-2020";"..";"Otras Ciencias sociales y del comportamiento";"Mujeres";"Exito"
"2018-2019";"..";"Otras Ciencias sociales y del comportamiento";"Mujeres";"Exito"
"2017-2018";"..";"Otras Ciencias sociales y del comportamiento";"Mujeres";"Exito"
"2016-2017";"..";"Otras Ciencias sociales y del comportamiento";"Mujeres";"Exito"
"2015-2016";"..";"Otras Ciencias sociales y del comportamiento";"Mujeres";"Exito"
"2022-2023";"..";"Periodismo e información";"Mujeres";"Exito"
"2021-2022";"..";"Periodismo e información";"Mujeres";"Exito"
"2020-2021";"..";"Periodismo e información";"Mujeres";"Exito"
"2019-2020";"..";"Periodismo e información";"Mujeres";"Exito"
"2018-2019";"..";"Periodismo e información";"Mujeres";"Exito"
"2017-2018";"..";"Periodismo e información";"Mujeres";"Exito"
"2016-2017";"..";"Periodismo e información";"Mujeres";"Exito"
"2015-2016";"..";"Periodismo e información";"Mujeres";"Exito"
"2022-2023";"93.93";"Total Negocios, administración y derecho";"Mujeres";"Exito"
"2021-2022";"92.73";"Total Negocios, administración y derecho";"Mujeres";"Exito"
"2020-2021";"88.95";"Total Negocios, administración y derecho";"Mujeres";"Exito"
"2019-2020";"..";"Total Negocios, administración y derecho";"Mujeres";"Exito"
"2018-2019";"..";"Total Negocios, administración y derecho";"Mujeres";"Exito"
"2017-2018";"..";"Total Negocios, administración y derecho";"Mujeres";"Exito"
"2016-2017";"..";"Total Negocios, administración y derecho";"Mujeres";"Exito"
"2015-2016";"..";"Total Negocios, administración y derecho";"Mujeres";"Exito"
"2022-2023";"91.02";"Administración y gestión de empresas";"Mujeres";"Exito"
"2021-2022";"87.38";"Administración y gestión de empresas";"Mujeres";"Exito"
"2020-2021";"..";"Administración y gestión de empresas";"Mujeres";"Exito"
"2019-2020";"..";"Administración y gestión de empresas";"Mujeres";"Exito"
"2018-2019";"..";"Administración y gestión de empresas";"Mujeres";"Exito"
"2017-2018";"..";"Administración y gestión de empresas";"Mujeres";"Exito"
"2016-2017";"..";"Administración y gestión de empresas";"Mujeres";"Exito"
"2015-2016";"..";"Administración y gestión de empresas";"Mujeres";"Exito"
"2022-2023";"95.86";"Otra Educación comercial y empresarial";"Mujeres";"Exito"
"2021-2022";"98.17";"Otra Educación comercial y empresarial";"Mujeres";"Exito"
"2020-2021";"..";"Otra Educación comercial y empresarial";"Mujeres";"Exito"
"2019-2020";"..";"Otra Educación comercial y empresarial";"Mujeres";"Exito"
"2018-2019";"..";"Otra Educación comercial y empresarial";"Mujeres";"Exito"
"2017-2018";"..";"Otra Educación comercial y empresarial";"Mujeres";"Exito"
"2016-2017";"..";"Otra Educación comercial y empresarial";"Mujeres";"Exito"
"2015-2016";"..";"Otra Educación comercial y empresarial";"Mujeres";"Exito"
"2022-2023";"95.23";"Derecho";"Mujeres";"Exito"
"2021-2022";"..";"Derecho";"Mujeres";"Exito"
"2020-2021";"..";"Derecho";"Mujeres";"Exito"
"2019-2020";"..";"Derecho";"Mujeres";"Exito"
"2018-2019";"..";"Derecho";"Mujeres";"Exito"
"2017-2018";"..";"Derecho";"Mujeres";"Exito"
"2016-2017";"..";"Derecho";"Mujeres";"Exito"
"2015-2016";"..";"Derecho";"Mujeres";"Exito"
"2022-2023";"..";"Total Ciencias";"Mujeres";"Exito"
"2021-2022";"..";"Total Ciencias";"Mujeres";"Exito"
"2020-2021";"..";"Total Ciencias";"Mujeres";"Exito"
"2019-2020";"..";"Total Ciencias";"Mujeres";"Exito"
"2018-2019";"..";"Total Ciencias";"Mujeres";"Exito"
"2017-2018";"..";"Total Ciencias";"Mujeres";"Exito"
"2016-2017";"..";"Total Ciencias";"Mujeres";"Exito"
"2015-2016";"..";"Total Ciencias";"Mujeres";"Exito"
"2022-2023";"..";"Ciencias de la vida";"Mujeres";"Exito"
"2021-2022";"..";"Ciencias de la vida";"Mujeres";"Exito"
"2020-2021";"..";"Ciencias de la vida";"Mujeres";"Exito"
"2019-2020";"..";"Ciencias de la vida";"Mujeres";"Exito"
"2018-2019";"..";"Ciencias de la vida";"Mujeres";"Exito"
"2017-2018";"..";"Ciencias de la vida";"Mujeres";"Exito"
"2016-2017";"..";"Ciencias de la vida";"Mujeres";"Exito"
"2015-2016";"..";"Ciencias de la vida";"Mujeres";"Exito"
"2022-2023";"..";"Ciencias Físicas, químicas, geológicas";"Mujeres";"Exito"
"2021-2022";"..";"Ciencias Físicas, químicas, geológicas";"Mujeres";"Exito"
"2020-2021";"..";"Ciencias Físicas, químicas, geológicas";"Mujeres";"Exito"
"2019-2020";"..";"Ciencias Físicas, químicas, geológicas";"Mujeres";"Exito"
"2018-2019";"..";"Ciencias Físicas, químicas, geológicas";"Mujeres";"Exito"
"2017-2018";"..";"Ciencias Físicas, químicas, geológicas";"Mujeres";"Exito"
"2016-2017";"..";"Ciencias Físicas, químicas, geológicas";"Mujeres";"Exito"
"2015-2016";"..";"Ciencias Físicas, químicas, geológicas";"Mujeres";"Exito"
"2022-2023";"..";"Matemáticas y Estadística";"Mujeres";"Exito"
"2021-2022";"..";"Matemáticas y Estadística";"Mujeres";"Exito"
"2020-2021";"..";"Matemáticas y Estadística";"Mujeres";"Exito"
"2019-2020";"..";"Matemáticas y Estadística";"Mujeres";"Exito"
"2018-2019";"..";"Matemáticas y Estadística";"Mujeres";"Exito"
"2017-2018";"..";"Matemáticas y Estadística";"Mujeres";"Exito"
"2016-2017";"..";"Matemáticas y Estadística";"Mujeres";"Exito"
"2015-2016";"..";"Matemáticas y Estadística";"Mujeres";"Exito"
"2022-2023";"..";"Total Informática";"Mujeres";"Exito"
"2021-2022";"..";"Total Informática";"Mujeres";"Exito"
"2020-2021";"..";"Total Informática";"Mujeres";"Exito"
"2019-2020";"..";"Total Informática";"Mujeres";"Exito"
"2018-2019";"..";"Total Informática";"Mujeres";"Exito"
"2017-2018";"..";"Total Informática";"Mujeres";"Exito"
"2016-2017";"..";"Total Informática";"Mujeres";"Exito"
"2015-2016";"..";"Total Informática";"Mujeres";"Exito"
"2022-2023";"..";"Informática";"Mujeres";"Exito"
"2021-2022";"..";"Informática";"Mujeres";"Exito"
"2020-2021";"..";"Informática";"Mujeres";"Exito"
"2019-2020";"..";"Informática";"Mujeres";"Exito"
"2018-2019";"..";"Informática";"Mujeres";"Exito"
"2017-2018";"..";"Informática";"Mujeres";"Exito"
"2016-2017";"..";"Informática";"Mujeres";"Exito"
"2015-2016";"..";"Informática";"Mujeres";"Exito"
"2022-2023";"..";"Total Ingeniería, industria y construcción";"Mujeres";"Exito"
"2021-2022";"..";"Total Ingeniería, industria y construcción";"Mujeres";"Exito"
"2020-2021";"..";"Total Ingeniería, industria y construcción";"Mujeres";"Exito"
"2019-2020";"..";"Total Ingeniería, industria y construcción";"Mujeres";"Exito"
"2018-2019";"..";"Total Ingeniería, industria y construcción";"Mujeres";"Exito"
"2017-2018";"..";"Total Ingeniería, industria y construcción";"Mujeres";"Exito"
"2016-2017";"..";"Total Ingeniería, industria y construcción";"Mujeres";"Exito"
"2015-2016";"..";"Total Ingeniería, industria y construcción";"Mujeres";"Exito"
"2022-2023";"..";"Ingenierías";"Mujeres";"Exito"
"2021-2022";"..";"Ingenierías";"Mujeres";"Exito"
"2020-2021";"..";"Ingenierías";"Mujeres";"Exito"
"2019-2020";"..";"Ingenierías";"Mujeres";"Exito"
"2018-2019";"..";"Ingenierías";"Mujeres";"Exito"
"2017-2018";"..";"Ingenierías";"Mujeres";"Exito"
"2016-2017";"..";"Ingenierías";"Mujeres";"Exito"
"2015-2016";"..";"Ingenierías";"Mujeres";"Exito"
"2022-2023";"..";"Arquitectura y construcción";"Mujeres";"Exito"
"2021-2022";"..";"Arquitectura y construcción";"Mujeres";"Exito"
"2020-2021";"..";"Arquitectura y construcción";"Mujeres";"Exito"
"2019-2020";"..";"Arquitectura y construcción";"Mujeres";"Exito"
"2018-2019";"..";"Arquitectura y construcción";"Mujeres";"Exito"
"2017-2018";"..";"Arquitectura y construcción";"Mujeres";"Exito"
"2016-2017";"..";"Arquitectura y construcción";"Mujeres";"Exito"
"2015-2016";"..";"Arquitectura y construcción";"Mujeres";"Exito"
"2022-2023";"..";"Total Agricultura, ganadería,  silvicultura, pesca, y veterinaria";"Mujeres";"Exito"
"2021-2022";"..";"Total Agricultura, ganadería,  silvicultura, pesca, y veterinaria";"Mujeres";"Exito"
"2020-2021";"..";"Total Agricultura, ganadería,  silvicultura, pesca, y veterinaria";"Mujeres";"Exito"
"2019-2020";"..";"Total Agricultura, ganadería,  silvicultura, pesca, y veterinaria";"Mujeres";"Exito"
"2018-2019";"..";"Total Agricultura, ganadería,  silvicultura, pesca, y veterinaria";"Mujeres";"Exito"
"2017-2018";"..";"Total Agricultura, ganadería,  silvicultura, pesca, y veterinaria";"Mujeres";"Exito"
"2016-2017";"..";"Total Agricultura, ganadería,  silvicultura, pesca, y veterinaria";"Mujeres";"Exito"
"2015-2016";"..";"Total Agricultura, ganadería,  silvicultura, pesca, y veterinaria";"Mujeres";"Exito"
"2022-2023";"..";"Agricultura, ganadería y pesca";"Mujeres";"Exito"
"2021-2022";"..";"Agricultura, ganadería y pesca";"Mujeres";"Exito"
"2020-2021";"..";"Agricultura, ganadería y pesca";"Mujeres";"Exito"
"2019-2020";"..";"Agricultura, ganadería y pesca";"Mujeres";"Exito"
"2018-2019";"..";"Agricultura, ganadería y pesca";"Mujeres";"Exito"
"2017-2018";"..";"Agricultura, ganadería y pesca";"Mujeres";"Exito"
"2016-2017";"..";"Agricultura, ganadería y pesca";"Mujeres";"Exito"
"2015-2016";"..";"Agricultura, ganadería y pesca";"Mujeres";"Exito"
"2022-2023";"..";"Veterinaria";"Mujeres";"Exito"
"2021-2022";"..";"Veterinaria";"Mujeres";"Exito"
"2020-2021";"..";"Veterinaria";"Mujeres";"Exito"
"2019-2020";"..";"Veterinaria";"Mujeres";"Exito"
"2018-2019";"..";"Veterinaria";"Mujeres";"Exito"
"2017-2018";"..";"Veterinaria";"Mujeres";"Exito"
"2016-2017";"..";"Veterinaria";"Mujeres";"Exito"
"2015-2016";"..";"Veterinaria";"Mujeres";"Exito"
"2022-2023";"..";"Total Salud y servicios sociales";"Mujeres";"Exito"
"2021-2022";"..";"Total Salud y servicios sociales";"Mujeres";"Exito"
"2020-2021";"..";"Total Salud y servicios sociales";"Mujeres";"Exito"
"2019-2020";"..";"Total Salud y servicios sociales";"Mujeres";"Exito"
"2018-2019";"..";"Total Salud y servicios sociales";"Mujeres";"Exito"
"2017-2018";"..";"Total Salud y servicios sociales";"Mujeres";"Exito"
"2016-2017";"..";"Total Salud y servicios sociales";"Mujeres";"Exito"
"2015-2016";"..";"Total Salud y servicios sociales";"Mujeres";"Exito"
"2022-2023";"..";"Medicina";"Mujeres";"Exito"
"2021-2022";"..";"Medicina";"Mujeres";"Exito"
"2020-2021";"..";"Medicina";"Mujeres";"Exito"
"2019-2020";"..";"Medicina";"Mujeres";"Exito"
"2018-2019";"..";"Medicina";"Mujeres";"Exito"
"2017-2018";"..";"Medicina";"Mujeres";"Exito"
"2016-2017";"..";"Medicina";"Mujeres";"Exito"
"2015-2016";"..";"Medicina";"Mujeres";"Exito"
"2022-2023";"..";"Enfermería y atención a enfermos";"Mujeres";"Exito"
"2021-2022";"..";"Enfermería y atención a enfermos";"Mujeres";"Exito"
"2020-2021";"..";"Enfermería y atención a enfermos";"Mujeres";"Exito"
"2019-2020";"..";"Enfermería y atención a enfermos";"Mujeres";"Exito"
"2018-2019";"..";"Enfermería y atención a enfermos";"Mujeres";"Exito"
"2017-2018";"..";"Enfermería y atención a enfermos";"Mujeres";"Exito"
"2016-2017";"..";"Enfermería y atención a enfermos";"Mujeres";"Exito"
"2015-2016";"..";"Enfermería y atención a enfermos";"Mujeres";"Exito"
"2022-2023";"..";"Otras ciencias de la Salud";"Mujeres";"Exito"
"2021-2022";"..";"Otras ciencias de la Salud";"Mujeres";"Exito"
"2020-2021";"..";"Otras ciencias de la Salud";"Mujeres";"Exito"
"2019-2020";"..";"Otras ciencias de la Salud";"Mujeres";"Exito"
"2018-2019";"..";"Otras ciencias de la Salud";"Mujeres";"Exito"
"2017-2018";"..";"Otras ciencias de la Salud";"Mujeres";"Exito"
"2016-2017";"..";"Otras ciencias de la Salud";"Mujeres";"Exito"
"2015-2016";"..";"Otras ciencias de la Salud";"Mujeres";"Exito"
"2022-2023";"..";"Trabajo social y orientación";"Mujeres";"Exito"
"2021-2022";"..";"Trabajo social y orientación";"Mujeres";"Exito"
"2020-2021";"..";"Trabajo social y orientación";"Mujeres";"Exito"
"2019-2020";"..";"Trabajo social y orientación";"Mujeres";"Exito"
"2018-2019";"..";"Trabajo social y orientación";"Mujeres";"Exito"
"2017-2018";"..";"Trabajo social y orientación";"Mujeres";"Exito"
"2016-2017";"..";"Trabajo social y orientación";"Mujeres";"Exito"
"2015-2016";"..";"Trabajo social y orientación";"Mujeres";"Exito"
"2022-2023";"..";"Total Servicios";"Mujeres";"Exito"
"2021-2022";"..";"Total Servicios";"Mujeres";"Exito"
"2020-2021";"..";"Total Servicios";"Mujeres";"Exito"
"2019-2020";"..";"Total Servicios";"Mujeres";"Exito"
"2018-2019";"..";"Total Servicios";"Mujeres";"Exito"
"2017-2018";"..";"Total Servicios";"Mujeres";"Exito"
"2016-2017";"..";"Total Servicios";"Mujeres";"Exito"
"2015-2016";"..";"Total Servicios";"Mujeres";"Exito"
"2022-2023";"..";"Deportes";"Mujeres";"Exito"
"2021-2022";"..";"Deportes";"Mujeres";"Exito"
"2020-2021";"..";"Deportes";"Mujeres";"Exito"
"2019-2020";"..";"Deportes";"Mujeres";"Exito"
"2018-2019";"..";"Deportes";"Mujeres";"Exito"
"2017-2018";"..";"Deportes";"Mujeres";"Exito"
"2016-2017";"..";"Deportes";"Mujeres";"Exito"
"2015-2016";"..";"Deportes";"Mujeres";"Exito"
"2022-2023";"..";"Turismo y Hostelería";"Mujeres";"Exito"
"2021-2022";"..";"Turismo y Hostelería";"Mujeres";"Exito"
"2020-2021";"..";"Turismo y Hostelería";"Mujeres";"Exito"
"2019-2020";"..";"Turismo y Hostelería";"Mujeres";"Exito"
"2018-2019";"..";"Turismo y Hostelería";"Mujeres";"Exito"
"2017-2018";"..";"Turismo y Hostelería";"Mujeres";"Exito"
"2016-2017";"..";"Turismo y Hostelería";"Mujeres";"Exito"
"2015-2016";"..";"Turismo y Hostelería";"Mujeres";"Exito"
"2022-2023";"..";"Otros Servicios";"Mujeres";"Exito"
"2021-2022";"..";"Otros Servicios";"Mujeres";"Exito"
"2020-2021";"..";"Otros Servicios";"Mujeres";"Exito"
"2019-2020";"..";"Otros Servicios";"Mujeres";"Exito"
"2018-2019";"..";"Otros Servicios";"Mujeres";"Exito"
"2017-2018";"..";"Otros Servicios";"Mujeres";"Exito"
"2016-2017";"..";"Otros Servicios";"Mujeres";"Exito"
"2015-2016";"..";"Otros Servicios";"Mujeres";"Exito"
"2022-2023";"???";"Internacional Villanueva";"Mujeres";"Evaluacion"
"2021-2022";"???";"Internacional Villanueva";"Mujeres";"Evaluacion"
"2020-2021";"???";"Internacional Villanueva";"Mujeres";"Evaluacion"
"2019-2020";"???";"Internacional Villanueva";"Mujeres";"Evaluacion"
"2018-2019";"???";"Internacional Villanueva";"Mujeres";"Evaluacion"
"2017-2018";"???";"Internacional Villanueva";"Mujeres";"Evaluacion"
"2016-2017";"???";"Internacional Villanueva";"Mujeres";"Evaluacion"
"2015-2016";"???";"Internacional Villanueva";"Mujeres";"Evaluacion"
"2022-2023";"98.65";"Todos los ámbitos";"Mujeres";"Evaluacion"
"2021-2022";"98.98";"Todos los ámbitos";"Mujeres";"Evaluacion"
"2020-2021";"97.55";"Todos los ámbitos";"Mujeres";"Evaluacion"
"2019-2020";"..";"Todos los ámbitos";"Mujeres";"Evaluacion"
"2018-2019";"..";"Todos los ámbitos";"Mujeres";"Evaluacion"
"2017-2018";"..";"Todos los ámbitos";"Mujeres";"Evaluacion"
"2016-2017";"..";"Todos los ámbitos";"Mujeres";"Evaluacion"
"2015-2016";"..";"Todos los ámbitos";"Mujeres";"Evaluacion"
"2022-2023";"98.66";"Total Educación";"Mujeres";"Evaluacion"
"2021-2022";"99.17";"Total Educación";"Mujeres";"Evaluacion"
"2020-2021";"97.47";"Total Educación";"Mujeres";"Evaluacion"
"2019-2020";"..";"Total Educación";"Mujeres";"Evaluacion"
"2018-2019";"..";"Total Educación";"Mujeres";"Evaluacion"
"2017-2018";"..";"Total Educación";"Mujeres";"Evaluacion"
"2016-2017";"..";"Total Educación";"Mujeres";"Evaluacion"
"2015-2016";"..";"Total Educación";"Mujeres";"Evaluacion"
"2022-2023";"96.86";"Formación de docentes de enseñanza infantil";"Mujeres";"Evaluacion"
"2021-2022";"..";"Formación de docentes de enseñanza infantil";"Mujeres";"Evaluacion"
"2020-2021";"..";"Formación de docentes de enseñanza infantil";"Mujeres";"Evaluacion"
"2019-2020";"..";"Formación de docentes de enseñanza infantil";"Mujeres";"Evaluacion"
"2018-2019";"..";"Formación de docentes de enseñanza infantil";"Mujeres";"Evaluacion"
"2017-2018";"..";"Formación de docentes de enseñanza infantil";"Mujeres";"Evaluacion"
"2016-2017";"..";"Formación de docentes de enseñanza infantil";"Mujeres";"Evaluacion"
"2015-2016";"..";"Formación de docentes de enseñanza infantil";"Mujeres";"Evaluacion"
"2022-2023";"98.96";"Formación de docentes de enseñanza primaria";"Mujeres";"Evaluacion"
"2021-2022";"99.02";"Formación de docentes de enseñanza primaria";"Mujeres";"Evaluacion"
"2020-2021";"98.16";"Formación de docentes de enseñanza primaria";"Mujeres";"Evaluacion"
"2019-2020";"..";"Formación de docentes de enseñanza primaria";"Mujeres";"Evaluacion"
"2018-2019";"..";"Formación de docentes de enseñanza primaria";"Mujeres";"Evaluacion"
"2017-2018";"..";"Formación de docentes de enseñanza primaria";"Mujeres";"Evaluacion"
"2016-2017";"..";"Formación de docentes de enseñanza primaria";"Mujeres";"Evaluacion"
"2015-2016";"..";"Formación de docentes de enseñanza primaria";"Mujeres";"Evaluacion"
"2022-2023";"..";"Otra Formación de personal docente y ciencias de la educación";"Mujeres";"Evaluacion"
"2021-2022";"..";"Otra Formación de personal docente y ciencias de la educación";"Mujeres";"Evaluacion"
"2020-2021";"..";"Otra Formación de personal docente y ciencias de la educación";"Mujeres";"Evaluacion"
"2019-2020";"..";"Otra Formación de personal docente y ciencias de la educación";"Mujeres";"Evaluacion"
"2018-2019";"..";"Otra Formación de personal docente y ciencias de la educación";"Mujeres";"Evaluacion"
"2017-2018";"..";"Otra Formación de personal docente y ciencias de la educación";"Mujeres";"Evaluacion"
"2016-2017";"..";"Otra Formación de personal docente y ciencias de la educación";"Mujeres";"Evaluacion"
"2015-2016";"..";"Otra Formación de personal docente y ciencias de la educación";"Mujeres";"Evaluacion"
"2022-2023";"..";"Total Artes y humanidades";"Mujeres";"Evaluacion"
"2021-2022";"..";"Total Artes y humanidades";"Mujeres";"Evaluacion"
"2020-2021";"..";"Total Artes y humanidades";"Mujeres";"Evaluacion"
"2019-2020";"..";"Total Artes y humanidades";"Mujeres";"Evaluacion"
"2018-2019";"..";"Total Artes y humanidades";"Mujeres";"Evaluacion"
"2017-2018";"..";"Total Artes y humanidades";"Mujeres";"Evaluacion"
"2016-2017";"..";"Total Artes y humanidades";"Mujeres";"Evaluacion"
"2015-2016";"..";"Total Artes y humanidades";"Mujeres";"Evaluacion"
"2022-2023";"..";"Técnicas audiovisuales y medios de comunicación";"Mujeres";"Evaluacion"
"2021-2022";"..";"Técnicas audiovisuales y medios de comunicación";"Mujeres";"Evaluacion"
"2020-2021";"..";"Técnicas audiovisuales y medios de comunicación";"Mujeres";"Evaluacion"
"2019-2020";"..";"Técnicas audiovisuales y medios de comunicación";"Mujeres";"Evaluacion"
"2018-2019";"..";"Técnicas audiovisuales y medios de comunicación";"Mujeres";"Evaluacion"
"2017-2018";"..";"Técnicas audiovisuales y medios de comunicación";"Mujeres";"Evaluacion"
"2016-2017";"..";"Técnicas audiovisuales y medios de comunicación";"Mujeres";"Evaluacion"
"2015-2016";"..";"Técnicas audiovisuales y medios de comunicación";"Mujeres";"Evaluacion"
"2022-2023";"..";"Artes";"Mujeres";"Evaluacion"
"2021-2022";"..";"Artes";"Mujeres";"Evaluacion"
"2020-2021";"..";"Artes";"Mujeres";"Evaluacion"
"2019-2020";"..";"Artes";"Mujeres";"Evaluacion"
"2018-2019";"..";"Artes";"Mujeres";"Evaluacion"
"2017-2018";"..";"Artes";"Mujeres";"Evaluacion"
"2016-2017";"..";"Artes";"Mujeres";"Evaluacion"
"2015-2016";"..";"Artes";"Mujeres";"Evaluacion"
"2022-2023";"..";"Lenguas";"Mujeres";"Evaluacion"
"2021-2022";"..";"Lenguas";"Mujeres";"Evaluacion"
"2020-2021";"..";"Lenguas";"Mujeres";"Evaluacion"
"2019-2020";"..";"Lenguas";"Mujeres";"Evaluacion"
"2018-2019";"..";"Lenguas";"Mujeres";"Evaluacion"
"2017-2018";"..";"Lenguas";"Mujeres";"Evaluacion"
"2016-2017";"..";"Lenguas";"Mujeres";"Evaluacion"
"2015-2016";"..";"Lenguas";"Mujeres";"Evaluacion"
"2022-2023";"..";"Humanidades";"Mujeres";"Evaluacion"
"2021-2022";"..";"Humanidades";"Mujeres";"Evaluacion"
"2020-2021";"..";"Humanidades";"Mujeres";"Evaluacion"
"2019-2020";"..";"Humanidades";"Mujeres";"Evaluacion"
"2018-2019";"..";"Humanidades";"Mujeres";"Evaluacion"
"2017-2018";"..";"Humanidades";"Mujeres";"Evaluacion"
"2016-2017";"..";"Humanidades";"Mujeres";"Evaluacion"
"2015-2016";"..";"Humanidades";"Mujeres";"Evaluacion"
"2022-2023";"98.26";"Total Ciencias sociales, periodismo y documentación";"Mujeres";"Evaluacion"
"2021-2022";"98.21";"Total Ciencias sociales, periodismo y documentación";"Mujeres";"Evaluacion"
"2020-2021";"98.53";"Total Ciencias sociales, periodismo y documentación";"Mujeres";"Evaluacion"
"2019-2020";"..";"Total Ciencias sociales, periodismo y documentación";"Mujeres";"Evaluacion"
"2018-2019";"..";"Total Ciencias sociales, periodismo y documentación";"Mujeres";"Evaluacion"
"2017-2018";"..";"Total Ciencias sociales, periodismo y documentación";"Mujeres";"Evaluacion"
"2016-2017";"..";"Total Ciencias sociales, periodismo y documentación";"Mujeres";"Evaluacion"
"2015-2016";"..";"Total Ciencias sociales, periodismo y documentación";"Mujeres";"Evaluacion"
"2022-2023";"98.12";"Psicología";"Mujeres";"Evaluacion"
"2021-2022";"98.1";"Psicología";"Mujeres";"Evaluacion"
"2020-2021";"98.36";"Psicología";"Mujeres";"Evaluacion"
"2019-2020";"..";"Psicología";"Mujeres";"Evaluacion"
"2018-2019";"..";"Psicología";"Mujeres";"Evaluacion"
"2017-2018";"..";"Psicología";"Mujeres";"Evaluacion"
"2016-2017";"..";"Psicología";"Mujeres";"Evaluacion"
"2015-2016";"..";"Psicología";"Mujeres";"Evaluacion"
"2022-2023";"..";"Economía";"Mujeres";"Evaluacion"
"2021-2022";"..";"Economía";"Mujeres";"Evaluacion"
"2020-2021";"..";"Economía";"Mujeres";"Evaluacion"
"2019-2020";"..";"Economía";"Mujeres";"Evaluacion"
"2018-2019";"..";"Economía";"Mujeres";"Evaluacion"
"2017-2018";"..";"Economía";"Mujeres";"Evaluacion"
"2016-2017";"..";"Economía";"Mujeres";"Evaluacion"
"2015-2016";"..";"Economía";"Mujeres";"Evaluacion"
"2022-2023";"..";"Otras Ciencias sociales y del comportamiento";"Mujeres";"Evaluacion"
"2021-2022";"..";"Otras Ciencias sociales y del comportamiento";"Mujeres";"Evaluacion"
"2020-2021";"..";"Otras Ciencias sociales y del comportamiento";"Mujeres";"Evaluacion"
"2019-2020";"..";"Otras Ciencias sociales y del comportamiento";"Mujeres";"Evaluacion"
"2018-2019";"..";"Otras Ciencias sociales y del comportamiento";"Mujeres";"Evaluacion"
"2017-2018";"..";"Otras Ciencias sociales y del comportamiento";"Mujeres";"Evaluacion"
"2016-2017";"..";"Otras Ciencias sociales y del comportamiento";"Mujeres";"Evaluacion"
"2015-2016";"..";"Otras Ciencias sociales y del comportamiento";"Mujeres";"Evaluacion"
"2022-2023";"..";"Periodismo e información";"Mujeres";"Evaluacion"
"2021-2022";"..";"Periodismo e información";"Mujeres";"Evaluacion"
"2020-2021";"..";"Periodismo e información";"Mujeres";"Evaluacion"
"2019-2020";"..";"Periodismo e información";"Mujeres";"Evaluacion"
"2018-2019";"..";"Periodismo e información";"Mujeres";"Evaluacion"
"2017-2018";"..";"Periodismo e información";"Mujeres";"Evaluacion"
"2016-2017";"..";"Periodismo e información";"Mujeres";"Evaluacion"
"2015-2016";"..";"Periodismo e información";"Mujeres";"Evaluacion"
"2022-2023";"99.08";"Total Negocios, administración y derecho";"Mujeres";"Evaluacion"
"2021-2022";"99.58";"Total Negocios, administración y derecho";"Mujeres";"Evaluacion"
"2020-2021";"97.79";"Total Negocios, administración y derecho";"Mujeres";"Evaluacion"
"2019-2020";"..";"Total Negocios, administración y derecho";"Mujeres";"Evaluacion"
"2018-2019";"..";"Total Negocios, administración y derecho";"Mujeres";"Evaluacion"
"2017-2018";"..";"Total Negocios, administración y derecho";"Mujeres";"Evaluacion"
"2016-2017";"..";"Total Negocios, administración y derecho";"Mujeres";"Evaluacion"
"2015-2016";"..";"Total Negocios, administración y derecho";"Mujeres";"Evaluacion"
"2022-2023";"98.68";"Administración y gestión de empresas";"Mujeres";"Evaluacion"
"2021-2022";"99.44";"Administración y gestión de empresas";"Mujeres";"Evaluacion"
"2020-2021";"..";"Administración y gestión de empresas";"Mujeres";"Evaluacion"
"2019-2020";"..";"Administración y gestión de empresas";"Mujeres";"Evaluacion"
"2018-2019";"..";"Administración y gestión de empresas";"Mujeres";"Evaluacion"
"2017-2018";"..";"Administración y gestión de empresas";"Mujeres";"Evaluacion"
"2016-2017";"..";"Administración y gestión de empresas";"Mujeres";"Evaluacion"
"2015-2016";"..";"Administración y gestión de empresas";"Mujeres";"Evaluacion"
"2022-2023";"99.55";"Otra Educación comercial y empresarial";"Mujeres";"Evaluacion"
"2021-2022";"99.74";"Otra Educación comercial y empresarial";"Mujeres";"Evaluacion"
"2020-2021";"..";"Otra Educación comercial y empresarial";"Mujeres";"Evaluacion"
"2019-2020";"..";"Otra Educación comercial y empresarial";"Mujeres";"Evaluacion"
"2018-2019";"..";"Otra Educación comercial y empresarial";"Mujeres";"Evaluacion"
"2017-2018";"..";"Otra Educación comercial y empresarial";"Mujeres";"Evaluacion"
"2016-2017";"..";"Otra Educación comercial y empresarial";"Mujeres";"Evaluacion"
"2015-2016";"..";"Otra Educación comercial y empresarial";"Mujeres";"Evaluacion"
"2022-2023";"98.9";"Derecho";"Mujeres";"Evaluacion"
"2021-2022";"..";"Derecho";"Mujeres";"Evaluacion"
"2020-2021";"..";"Derecho";"Mujeres";"Evaluacion"
"2019-2020";"..";"Derecho";"Mujeres";"Evaluacion"
"2018-2019";"..";"Derecho";"Mujeres";"Evaluacion"
"2017-2018";"..";"Derecho";"Mujeres";"Evaluacion"
"2016-2017";"..";"Derecho";"Mujeres";"Evaluacion"
"2015-2016";"..";"Derecho";"Mujeres";"Evaluacion"
"2022-2023";"..";"Total Ciencias";"Mujeres";"Evaluacion"
"2021-2022";"..";"Total Ciencias";"Mujeres";"Evaluacion"
"2020-2021";"..";"Total Ciencias";"Mujeres";"Evaluacion"
"2019-2020";"..";"Total Ciencias";"Mujeres";"Evaluacion"
"2018-2019";"..";"Total Ciencias";"Mujeres";"Evaluacion"
"2017-2018";"..";"Total Ciencias";"Mujeres";"Evaluacion"
"2016-2017";"..";"Total Ciencias";"Mujeres";"Evaluacion"
"2015-2016";"..";"Total Ciencias";"Mujeres";"Evaluacion"
"2022-2023";"..";"Ciencias de la vida";"Mujeres";"Evaluacion"
"2021-2022";"..";"Ciencias de la vida";"Mujeres";"Evaluacion"
"2020-2021";"..";"Ciencias de la vida";"Mujeres";"Evaluacion"
"2019-2020";"..";"Ciencias de la vida";"Mujeres";"Evaluacion"
"2018-2019";"..";"Ciencias de la vida";"Mujeres";"Evaluacion"
"2017-2018";"..";"Ciencias de la vida";"Mujeres";"Evaluacion"
"2016-2017";"..";"Ciencias de la vida";"Mujeres";"Evaluacion"
"2015-2016";"..";"Ciencias de la vida";"Mujeres";"Evaluacion"
"2022-2023";"..";"Ciencias Físicas, químicas, geológicas";"Mujeres";"Evaluacion"
"2021-2022";"..";"Ciencias Físicas, químicas, geológicas";"Mujeres";"Evaluacion"
"2020-2021";"..";"Ciencias Físicas, químicas, geológicas";"Mujeres";"Evaluacion"
"2019-2020";"..";"Ciencias Físicas, químicas, geológicas";"Mujeres";"Evaluacion"
"2018-2019";"..";"Ciencias Físicas, químicas, geológicas";"Mujeres";"Evaluacion"
"2017-2018";"..";"Ciencias Físicas, químicas, geológicas";"Mujeres";"Evaluacion"
"2016-2017";"..";"Ciencias Físicas, químicas, geológicas";"Mujeres";"Evaluacion"
"2015-2016";"..";"Ciencias Físicas, químicas, geológicas";"Mujeres";"Evaluacion"
"2022-2023";"..";"Matemáticas y Estadística";"Mujeres";"Evaluacion"
"2021-2022";"..";"Matemáticas y Estadística";"Mujeres";"Evaluacion"
"2020-2021";"..";"Matemáticas y Estadística";"Mujeres";"Evaluacion"
"2019-2020";"..";"Matemáticas y Estadística";"Mujeres";"Evaluacion"
"2018-2019";"..";"Matemáticas y Estadística";"Mujeres";"Evaluacion"
"2017-2018";"..";"Matemáticas y Estadística";"Mujeres";"Evaluacion"
"2016-2017";"..";"Matemáticas y Estadística";"Mujeres";"Evaluacion"
"2015-2016";"..";"Matemáticas y Estadística";"Mujeres";"Evaluacion"
"2022-2023";"..";"Total Informática";"Mujeres";"Evaluacion"
"2021-2022";"..";"Total Informática";"Mujeres";"Evaluacion"
"2020-2021";"..";"Total Informática";"Mujeres";"Evaluacion"
"2019-2020";"..";"Total Informática";"Mujeres";"Evaluacion"
"2018-2019";"..";"Total Informática";"Mujeres";"Evaluacion"
"2017-2018";"..";"Total Informática";"Mujeres";"Evaluacion"
"2016-2017";"..";"Total Informática";"Mujeres";"Evaluacion"
"2015-2016";"..";"Total Informática";"Mujeres";"Evaluacion"
"2022-2023";"..";"Informática";"Mujeres";"Evaluacion"
"2021-2022";"..";"Informática";"Mujeres";"Evaluacion"
"2020-2021";"..";"Informática";"Mujeres";"Evaluacion"
"2019-2020";"..";"Informática";"Mujeres";"Evaluacion"
"2018-2019";"..";"Informática";"Mujeres";"Evaluacion"
"2017-2018";"..";"Informática";"Mujeres";"Evaluacion"
"2016-2017";"..";"Informática";"Mujeres";"Evaluacion"
"2015-2016";"..";"Informática";"Mujeres";"Evaluacion"
"2022-2023";"..";"Total Ingeniería, industria y construcción";"Mujeres";"Evaluacion"
"2021-2022";"..";"Total Ingeniería, industria y construcción";"Mujeres";"Evaluacion"
"2020-2021";"..";"Total Ingeniería, industria y construcción";"Mujeres";"Evaluacion"
"2019-2020";"..";"Total Ingeniería, industria y construcción";"Mujeres";"Evaluacion"
"2018-2019";"..";"Total Ingeniería, industria y construcción";"Mujeres";"Evaluacion"
"2017-2018";"..";"Total Ingeniería, industria y construcción";"Mujeres";"Evaluacion"
"2016-2017";"..";"Total Ingeniería, industria y construcción";"Mujeres";"Evaluacion"
"2015-2016";"..";"Total Ingeniería, industria y construcción";"Mujeres";"Evaluacion"
"2022-2023";"..";"Ingenierías";"Mujeres";"Evaluacion"
"2021-2022";"..";"Ingenierías";"Mujeres";"Evaluacion"
"2020-2021";"..";"Ingenierías";"Mujeres";"Evaluacion"
"2019-2020";"..";"Ingenierías";"Mujeres";"Evaluacion"
"2018-2019";"..";"Ingenierías";"Mujeres";"Evaluacion"
"2017-2018";"..";"Ingenierías";"Mujeres";"Evaluacion"
"2016-2017";"..";"Ingenierías";"Mujeres";"Evaluacion"
"2015-2016";"..";"Ingenierías";"Mujeres";"Evaluacion"
"2022-2023";"..";"Arquitectura y construcción";"Mujeres";"Evaluacion"
"2021-2022";"..";"Arquitectura y construcción";"Mujeres";"Evaluacion"
"2020-2021";"..";"Arquitectura y construcción";"Mujeres";"Evaluacion"
"2019-2020";"..";"Arquitectura y construcción";"Mujeres";"Evaluacion"
"2018-2019";"..";"Arquitectura y construcción";"Mujeres";"Evaluacion"
"2017-2018";"..";"Arquitectura y construcción";"Mujeres";"Evaluacion"
"2016-2017";"..";"Arquitectura y construcción";"Mujeres";"Evaluacion"
"2015-2016";"..";"Arquitectura y construcción";"Mujeres";"Evaluacion"
"2022-2023";"..";"Total Agricultura, ganadería,  silvicultura, pesca, y veterinaria";"Mujeres";"Evaluacion"
"2021-2022";"..";"Total Agricultura, ganadería,  silvicultura, pesca, y veterinaria";"Mujeres";"Evaluacion"
"2020-2021";"..";"Total Agricultura, ganadería,  silvicultura, pesca, y veterinaria";"Mujeres";"Evaluacion"
"2019-2020";"..";"Total Agricultura, ganadería,  silvicultura, pesca, y veterinaria";"Mujeres";"Evaluacion"
"2018-2019";"..";"Total Agricultura, ganadería,  silvicultura, pesca, y veterinaria";"Mujeres";"Evaluacion"
"2017-2018";"..";"Total Agricultura, ganadería,  silvicultura, pesca, y veterinaria";"Mujeres";"Evaluacion"
"2016-2017";"..";"Total Agricultura, ganadería,  silvicultura, pesca, y veterinaria";"Mujeres";"Evaluacion"
"2015-2016";"..";"Total Agricultura, ganadería,  silvicultura, pesca, y veterinaria";"Mujeres";"Evaluacion"
"2022-2023";"..";"Agricultura, ganadería y pesca";"Mujeres";"Evaluacion"
"2021-2022";"..";"Agricultura, ganadería y pesca";"Mujeres";"Evaluacion"
"2020-2021";"..";"Agricultura, ganadería y pesca";"Mujeres";"Evaluacion"
"2019-2020";"..";"Agricultura, ganadería y pesca";"Mujeres";"Evaluacion"
"2018-2019";"..";"Agricultura, ganadería y pesca";"Mujeres";"Evaluacion"
"2017-2018";"..";"Agricultura, ganadería y pesca";"Mujeres";"Evaluacion"
"2016-2017";"..";"Agricultura, ganadería y pesca";"Mujeres";"Evaluacion"
"2015-2016";"..";"Agricultura, ganadería y pesca";"Mujeres";"Evaluacion"
"2022-2023";"..";"Veterinaria";"Mujeres";"Evaluacion"
"2021-2022";"..";"Veterinaria";"Mujeres";"Evaluacion"
"2020-2021";"..";"Veterinaria";"Mujeres";"Evaluacion"
"2019-2020";"..";"Veterinaria";"Mujeres";"Evaluacion"
"2018-2019";"..";"Veterinaria";"Mujeres";"Evaluacion"
"2017-2018";"..";"Veterinaria";"Mujeres";"Evaluacion"
"2016-2017";"..";"Veterinaria";"Mujeres";"Evaluacion"
"2015-2016";"..";"Veterinaria";"Mujeres";"Evaluacion"
"2022-2023";"..";"Total Salud y servicios sociales";"Mujeres";"Evaluacion"
"2021-2022";"..";"Total Salud y servicios sociales";"Mujeres";"Evaluacion"
"2020-2021";"..";"Total Salud y servicios sociales";"Mujeres";"Evaluacion"
"2019-2020";"..";"Total Salud y servicios sociales";"Mujeres";"Evaluacion"
"2018-2019";"..";"Total Salud y servicios sociales";"Mujeres";"Evaluacion"
"2017-2018";"..";"Total Salud y servicios sociales";"Mujeres";"Evaluacion"
"2016-2017";"..";"Total Salud y servicios sociales";"Mujeres";"Evaluacion"
"2015-2016";"..";"Total Salud y servicios sociales";"Mujeres";"Evaluacion"
"2022-2023";"..";"Medicina";"Mujeres";"Evaluacion"
"2021-2022";"..";"Medicina";"Mujeres";"Evaluacion"
"2020-2021";"..";"Medicina";"Mujeres";"Evaluacion"
"2019-2020";"..";"Medicina";"Mujeres";"Evaluacion"
"2018-2019";"..";"Medicina";"Mujeres";"Evaluacion"
"2017-2018";"..";"Medicina";"Mujeres";"Evaluacion"
"2016-2017";"..";"Medicina";"Mujeres";"Evaluacion"
"2015-2016";"..";"Medicina";"Mujeres";"Evaluacion"
"2022-2023";"..";"Enfermería y atención a enfermos";"Mujeres";"Evaluacion"
"2021-2022";"..";"Enfermería y atención a enfermos";"Mujeres";"Evaluacion"
"2020-2021";"..";"Enfermería y atención a enfermos";"Mujeres";"Evaluacion"
"2019-2020";"..";"Enfermería y atención a enfermos";"Mujeres";"Evaluacion"
"2018-2019";"..";"Enfermería y atención a enfermos";"Mujeres";"Evaluacion"
"2017-2018";"..";"Enfermería y atención a enfermos";"Mujeres";"Evaluacion"
"2016-2017";"..";"Enfermería y atención a enfermos";"Mujeres";"Evaluacion"
"2015-2016";"..";"Enfermería y atención a enfermos";"Mujeres";"Evaluacion"
"2022-2023";"..";"Otras ciencias de la Salud";"Mujeres";"Evaluacion"
"2021-2022";"..";"Otras ciencias de la Salud";"Mujeres";"Evaluacion"
"2020-2021";"..";"Otras ciencias de la Salud";"Mujeres";"Evaluacion"
"2019-2020";"..";"Otras ciencias de la Salud";"Mujeres";"Evaluacion"
"2018-2019";"..";"Otras ciencias de la Salud";"Mujeres";"Evaluacion"
"2017-2018";"..";"Otras ciencias de la Salud";"Mujeres";"Evaluacion"
"2016-2017";"..";"Otras ciencias de la Salud";"Mujeres";"Evaluacion"
"2015-2016";"..";"Otras ciencias de la Salud";"Mujeres";"Evaluacion"
"2022-2023";"..";"Trabajo social y orientación";"Mujeres";"Evaluacion"
"2021-2022";"..";"Trabajo social y orientación";"Mujeres";"Evaluacion"
"2020-2021";"..";"Trabajo social y orientación";"Mujeres";"Evaluacion"
"2019-2020";"..";"Trabajo social y orientación";"Mujeres";"Evaluacion"
"2018-2019";"..";"Trabajo social y orientación";"Mujeres";"Evaluacion"
"2017-2018";"..";"Trabajo social y orientación";"Mujeres";"Evaluacion"
"2016-2017";"..";"Trabajo social y orientación";"Mujeres";"Evaluacion"
"2015-2016";"..";"Trabajo social y orientación";"Mujeres";"Evaluacion"
"2022-2023";"..";"Total Servicios";"Mujeres";"Evaluacion"
"2021-2022";"..";"Total Servicios";"Mujeres";"Evaluacion"
"2020-2021";"..";"Total Servicios";"Mujeres";"Evaluacion"
"2019-2020";"..";"Total Servicios";"Mujeres";"Evaluacion"
"2018-2019";"..";"Total Servicios";"Mujeres";"Evaluacion"
"2017-2018";"..";"Total Servicios";"Mujeres";"Evaluacion"
"2016-2017";"..";"Total Servicios";"Mujeres";"Evaluacion"
"2015-2016";"..";"Total Servicios";"Mujeres";"Evaluacion"
"2022-2023";"..";"Deportes";"Mujeres";"Evaluacion"
"2021-2022";"..";"Deportes";"Mujeres";"Evaluacion"
"2020-2021";"..";"Deportes";"Mujeres";"Evaluacion"
"2019-2020";"..";"Deportes";"Mujeres";"Evaluacion"
"2018-2019";"..";"Deportes";"Mujeres";"Evaluacion"
"2017-2018";"..";"Deportes";"Mujeres";"Evaluacion"
"2016-2017";"..";"Deportes";"Mujeres";"Evaluacion"
"2015-2016";"..";"Deportes";"Mujeres";"Evaluacion"
"2022-2023";"..";"Turismo y Hostelería";"Mujeres";"Evaluacion"
"2021-2022";"..";"Turismo y Hostelería";"Mujeres";"Evaluacion"
"2020-2021";"..";"Turismo y Hostelería";"Mujeres";"Evaluacion"
"2019-2020";"..";"Turismo y Hostelería";"Mujeres";"Evaluacion"
"2018-2019";"..";"Turismo y Hostelería";"Mujeres";"Evaluacion"
"2017-2018";"..";"Turismo y Hostelería";"Mujeres";"Evaluacion"
"2016-2017";"..";"Turismo y Hostelería";"Mujeres";"Evaluacion"
"2015-2016";"..";"Turismo y Hostelería";"Mujeres";"Evaluacion"
"2022-2023";"..";"Otros Servicios";"Mujeres";"Evaluacion"
"2021-2022";"..";"Otros Servicios";"Mujeres";"Evaluacion"
"2020-2021";"..";"Otros Servicios";"Mujeres";"Evaluacion"
"2019-2020";"..";"Otros Servicios";"Mujeres";"Evaluacion"
"2018-2019";"..";"Otros Servicios";"Mujeres";"Evaluacion"
"2017-2018";"..";"Otros Servicios";"Mujeres";"Evaluacion"
"2016-2017";"..";"Otros Servicios";"Mujeres";"Evaluacion"
"2015-2016";"..";"Otros Servicios";"Mujeres";"Evaluacion"
