"Anio";"Valor";"Carrera";"Genero";"Tasa"
"2022-2023";"???";"Universidades Privadas No Presenciales";"Ambos Sexos";"Rendimiento"
"2021-2022";"???";"Universidades Privadas No Presenciales";"Ambos Sexos";"Rendimiento"
"2020-2021";"???";"Universidades Privadas No Presenciales";"Ambos Sexos";"Rendimiento"
"2019-2020";"???";"Universidades Privadas No Presenciales";"Ambos Sexos";"Rendimiento"
"2018-2019";"???";"Universidades Privadas No Presenciales";"Ambos Sexos";"Rendimiento"
"2017-2018";"???";"Universidades Privadas No Presenciales";"Ambos Sexos";"Rendimiento"
"2016-2017";"???";"Universidades Privadas No Presenciales";"Ambos Sexos";"Rendimiento"
"2015-2016";"???";"Universidades Privadas No Presenciales";"Ambos Sexos";"Rendimiento"
"2022-2023";"80.96";"Todos los ámbitos";"Ambos Sexos";"Rendimiento"
"2021-2022";"80.38";"Todos los ámbitos";"Ambos Sexos";"Rendimiento"
"2020-2021";"85.25";"Todos los ámbitos";"Ambos Sexos";"Rendimiento"
"2019-2020";"82.47";"Todos los ámbitos";"Ambos Sexos";"Rendimiento"
"2018-2019";"76.42";"Todos los ámbitos";"Ambos Sexos";"Rendimiento"
"2017-2018";"77.02";"Todos los ámbitos";"Ambos Sexos";"Rendimiento"
"2016-2017";"77.13";"Todos los ámbitos";"Ambos Sexos";"Rendimiento"
"2015-2016";"77.21";"Todos los ámbitos";"Ambos Sexos";"Rendimiento"
"2022-2023";"87.9";"Total Educación";"Ambos Sexos";"Rendimiento"
"2021-2022";"87.19";"Total Educación";"Ambos Sexos";"Rendimiento"
"2020-2021";"92.22";"Total Educación";"Ambos Sexos";"Rendimiento"
"2019-2020";"90.25";"Total Educación";"Ambos Sexos";"Rendimiento"
"2018-2019";"84.97";"Total Educación";"Ambos Sexos";"Rendimiento"
"2017-2018";"86.22";"Total Educación";"Ambos Sexos";"Rendimiento"
"2016-2017";"86.38";"Total Educación";"Ambos Sexos";"Rendimiento"
"2015-2016";"86.9";"Total Educación";"Ambos Sexos";"Rendimiento"
"2022-2023";"88.57";"Formación de docentes de enseñanza infantil";"Ambos Sexos";"Rendimiento"
"2021-2022";"88.82";"Formación de docentes de enseñanza infantil";"Ambos Sexos";"Rendimiento"
"2020-2021";"93.18";"Formación de docentes de enseñanza infantil";"Ambos Sexos";"Rendimiento"
"2019-2020";"92.62";"Formación de docentes de enseñanza infantil";"Ambos Sexos";"Rendimiento"
"2018-2019";"87.12";"Formación de docentes de enseñanza infantil";"Ambos Sexos";"Rendimiento"
"2017-2018";"88.31";"Formación de docentes de enseñanza infantil";"Ambos Sexos";"Rendimiento"
"2016-2017";"88.24";"Formación de docentes de enseñanza infantil";"Ambos Sexos";"Rendimiento"
"2015-2016";"87.99";"Formación de docentes de enseñanza infantil";"Ambos Sexos";"Rendimiento"
"2022-2023";"88.88";"Formación de docentes de enseñanza primaria";"Ambos Sexos";"Rendimiento"
"2021-2022";"87.67";"Formación de docentes de enseñanza primaria";"Ambos Sexos";"Rendimiento"
"2020-2021";"93.97";"Formación de docentes de enseñanza primaria";"Ambos Sexos";"Rendimiento"
"2019-2020";"91.14";"Formación de docentes de enseñanza primaria";"Ambos Sexos";"Rendimiento"
"2018-2019";"85.01";"Formación de docentes de enseñanza primaria";"Ambos Sexos";"Rendimiento"
"2017-2018";"87.03";"Formación de docentes de enseñanza primaria";"Ambos Sexos";"Rendimiento"
"2016-2017";"87.15";"Formación de docentes de enseñanza primaria";"Ambos Sexos";"Rendimiento"
"2015-2016";"87.83";"Formación de docentes de enseñanza primaria";"Ambos Sexos";"Rendimiento"
"2022-2023";"84.1";"Otra Formación de personal docente y ciencias de la educación";"Ambos Sexos";"Rendimiento"
"2021-2022";"83.18";"Otra Formación de personal docente y ciencias de la educación";"Ambos Sexos";"Rendimiento"
"2020-2021";"86.51";"Otra Formación de personal docente y ciencias de la educación";"Ambos Sexos";"Rendimiento"
"2019-2020";"83.6";"Otra Formación de personal docente y ciencias de la educación";"Ambos Sexos";"Rendimiento"
"2018-2019";"80.13";"Otra Formación de personal docente y ciencias de la educación";"Ambos Sexos";"Rendimiento"
"2017-2018";"78.67";"Otra Formación de personal docente y ciencias de la educación";"Ambos Sexos";"Rendimiento"
"2016-2017";"79.38";"Otra Formación de personal docente y ciencias de la educación";"Ambos Sexos";"Rendimiento"
"2015-2016";"80.91";"Otra Formación de personal docente y ciencias de la educación";"Ambos Sexos";"Rendimiento"
"2022-2023";"79.1";"Total Artes y humanidades";"Ambos Sexos";"Rendimiento"
"2021-2022";"78.93";"Total Artes y humanidades";"Ambos Sexos";"Rendimiento"
"2020-2021";"82.98";"Total Artes y humanidades";"Ambos Sexos";"Rendimiento"
"2019-2020";"81.52";"Total Artes y humanidades";"Ambos Sexos";"Rendimiento"
"2018-2019";"77.37";"Total Artes y humanidades";"Ambos Sexos";"Rendimiento"
"2017-2018";"76.3";"Total Artes y humanidades";"Ambos Sexos";"Rendimiento"
"2016-2017";"76.58";"Total Artes y humanidades";"Ambos Sexos";"Rendimiento"
"2015-2016";"75.25";"Total Artes y humanidades";"Ambos Sexos";"Rendimiento"
"2022-2023";"81.93";"Técnicas audiovisuales y medios de comunicación";"Ambos Sexos";"Rendimiento"
"2021-2022";"81.07";"Técnicas audiovisuales y medios de comunicación";"Ambos Sexos";"Rendimiento"
"2020-2021";"84.73";"Técnicas audiovisuales y medios de comunicación";"Ambos Sexos";"Rendimiento"
"2019-2020";"82.95";"Técnicas audiovisuales y medios de comunicación";"Ambos Sexos";"Rendimiento"
"2018-2019";"80.01";"Técnicas audiovisuales y medios de comunicación";"Ambos Sexos";"Rendimiento"
"2017-2018";"78.65";"Técnicas audiovisuales y medios de comunicación";"Ambos Sexos";"Rendimiento"
"2016-2017";"77.81";"Técnicas audiovisuales y medios de comunicación";"Ambos Sexos";"Rendimiento"
"2015-2016";"76.23";"Técnicas audiovisuales y medios de comunicación";"Ambos Sexos";"Rendimiento"
"2022-2023";"79.89";"Artes";"Ambos Sexos";"Rendimiento"
"2021-2022";"77.32";"Artes";"Ambos Sexos";"Rendimiento"
"2020-2021";"83.87";"Artes";"Ambos Sexos";"Rendimiento"
"2019-2020";"82.18";"Artes";"Ambos Sexos";"Rendimiento"
"2018-2019";"75.86";"Artes";"Ambos Sexos";"Rendimiento"
"2017-2018";"70.68";"Artes";"Ambos Sexos";"Rendimiento"
"2016-2017";"72.03";"Artes";"Ambos Sexos";"Rendimiento"
"2015-2016";"69.11";"Artes";"Ambos Sexos";"Rendimiento"
"2022-2023";"75.51";"Lenguas";"Ambos Sexos";"Rendimiento"
"2021-2022";"77.11";"Lenguas";"Ambos Sexos";"Rendimiento"
"2020-2021";"78.53";"Lenguas";"Ambos Sexos";"Rendimiento"
"2019-2020";"77.58";"Lenguas";"Ambos Sexos";"Rendimiento"
"2018-2019";"75.07";"Lenguas";"Ambos Sexos";"Rendimiento"
"2017-2018";"73.16";"Lenguas";"Ambos Sexos";"Rendimiento"
"2016-2017";"77.56";"Lenguas";"Ambos Sexos";"Rendimiento"
"2015-2016";"76.64";"Lenguas";"Ambos Sexos";"Rendimiento"
"2022-2023";"76.17";"Humanidades";"Ambos Sexos";"Rendimiento"
"2021-2022";"77.18";"Humanidades";"Ambos Sexos";"Rendimiento"
"2020-2021";"81.62";"Humanidades";"Ambos Sexos";"Rendimiento"
"2019-2020";"80.46";"Humanidades";"Ambos Sexos";"Rendimiento"
"2018-2019";"74.83";"Humanidades";"Ambos Sexos";"Rendimiento"
"2017-2018";"75.85";"Humanidades";"Ambos Sexos";"Rendimiento"
"2016-2017";"75.4";"Humanidades";"Ambos Sexos";"Rendimiento"
"2015-2016";"74.48";"Humanidades";"Ambos Sexos";"Rendimiento"
"2022-2023";"81.75";"Total Ciencias sociales, periodismo y documentación";"Ambos Sexos";"Rendimiento"
"2021-2022";"81.26";"Total Ciencias sociales, periodismo y documentación";"Ambos Sexos";"Rendimiento"
"2020-2021";"85.6";"Total Ciencias sociales, periodismo y documentación";"Ambos Sexos";"Rendimiento"
"2019-2020";"82.15";"Total Ciencias sociales, periodismo y documentación";"Ambos Sexos";"Rendimiento"
"2018-2019";"75.4";"Total Ciencias sociales, periodismo y documentación";"Ambos Sexos";"Rendimiento"
"2017-2018";"75.86";"Total Ciencias sociales, periodismo y documentación";"Ambos Sexos";"Rendimiento"
"2016-2017";"75.94";"Total Ciencias sociales, periodismo y documentación";"Ambos Sexos";"Rendimiento"
"2015-2016";"76.09";"Total Ciencias sociales, periodismo y documentación";"Ambos Sexos";"Rendimiento"
"2022-2023";"80.98";"Psicología";"Ambos Sexos";"Rendimiento"
"2021-2022";"80.27";"Psicología";"Ambos Sexos";"Rendimiento"
"2020-2021";"85.0";"Psicología";"Ambos Sexos";"Rendimiento"
"2019-2020";"80.93";"Psicología";"Ambos Sexos";"Rendimiento"
"2018-2019";"74.09";"Psicología";"Ambos Sexos";"Rendimiento"
"2017-2018";"74.24";"Psicología";"Ambos Sexos";"Rendimiento"
"2016-2017";"74.28";"Psicología";"Ambos Sexos";"Rendimiento"
"2015-2016";"73.99";"Psicología";"Ambos Sexos";"Rendimiento"
"2022-2023";"76.38";"Economía";"Ambos Sexos";"Rendimiento"
"2021-2022";"76.4";"Economía";"Ambos Sexos";"Rendimiento"
"2020-2021";"79.14";"Economía";"Ambos Sexos";"Rendimiento"
"2019-2020";"76.87";"Economía";"Ambos Sexos";"Rendimiento"
"2018-2019";"70.28";"Economía";"Ambos Sexos";"Rendimiento"
"2017-2018";"69.25";"Economía";"Ambos Sexos";"Rendimiento"
"2016-2017";"64.1";"Economía";"Ambos Sexos";"Rendimiento"
"2015-2016";"57.78";"Economía";"Ambos Sexos";"Rendimiento"
"2022-2023";"83.37";"Otras Ciencias sociales y del comportamiento";"Ambos Sexos";"Rendimiento"
"2021-2022";"82.6";"Otras Ciencias sociales y del comportamiento";"Ambos Sexos";"Rendimiento"
"2020-2021";"86.23";"Otras Ciencias sociales y del comportamiento";"Ambos Sexos";"Rendimiento"
"2019-2020";"84.25";"Otras Ciencias sociales y del comportamiento";"Ambos Sexos";"Rendimiento"
"2018-2019";"78.56";"Otras Ciencias sociales y del comportamiento";"Ambos Sexos";"Rendimiento"
"2017-2018";"79.36";"Otras Ciencias sociales y del comportamiento";"Ambos Sexos";"Rendimiento"
"2016-2017";"79.8";"Otras Ciencias sociales y del comportamiento";"Ambos Sexos";"Rendimiento"
"2015-2016";"80.19";"Otras Ciencias sociales y del comportamiento";"Ambos Sexos";"Rendimiento"
"2022-2023";"83.34";"Periodismo e información";"Ambos Sexos";"Rendimiento"
"2021-2022";"83.43";"Periodismo e información";"Ambos Sexos";"Rendimiento"
"2020-2021";"88.17";"Periodismo e información";"Ambos Sexos";"Rendimiento"
"2019-2020";"84.55";"Periodismo e información";"Ambos Sexos";"Rendimiento"
"2018-2019";"76.59";"Periodismo e información";"Ambos Sexos";"Rendimiento"
"2017-2018";"77.38";"Periodismo e información";"Ambos Sexos";"Rendimiento"
"2016-2017";"77.14";"Periodismo e información";"Ambos Sexos";"Rendimiento"
"2015-2016";"77.53";"Periodismo e información";"Ambos Sexos";"Rendimiento"
"2022-2023";"78.33";"Total Negocios, administración y derecho";"Ambos Sexos";"Rendimiento"
"2021-2022";"77.78";"Total Negocios, administración y derecho";"Ambos Sexos";"Rendimiento"
"2020-2021";"83.47";"Total Negocios, administración y derecho";"Ambos Sexos";"Rendimiento"
"2019-2020";"80.65";"Total Negocios, administración y derecho";"Ambos Sexos";"Rendimiento"
"2018-2019";"73.59";"Total Negocios, administración y derecho";"Ambos Sexos";"Rendimiento"
"2017-2018";"73.91";"Total Negocios, administración y derecho";"Ambos Sexos";"Rendimiento"
"2016-2017";"73.23";"Total Negocios, administración y derecho";"Ambos Sexos";"Rendimiento"
"2015-2016";"72.58";"Total Negocios, administración y derecho";"Ambos Sexos";"Rendimiento"
"2022-2023";"78.68";"Administración y gestión de empresas";"Ambos Sexos";"Rendimiento"
"2021-2022";"78.42";"Administración y gestión de empresas";"Ambos Sexos";"Rendimiento"
"2020-2021";"83.02";"Administración y gestión de empresas";"Ambos Sexos";"Rendimiento"
"2019-2020";"80.01";"Administración y gestión de empresas";"Ambos Sexos";"Rendimiento"
"2018-2019";"73.64";"Administración y gestión de empresas";"Ambos Sexos";"Rendimiento"
"2017-2018";"73.2";"Administración y gestión de empresas";"Ambos Sexos";"Rendimiento"
"2016-2017";"72.57";"Administración y gestión de empresas";"Ambos Sexos";"Rendimiento"
"2015-2016";"71.86";"Administración y gestión de empresas";"Ambos Sexos";"Rendimiento"
"2022-2023";"77.65";"Otra Educación comercial y empresarial";"Ambos Sexos";"Rendimiento"
"2021-2022";"76.52";"Otra Educación comercial y empresarial";"Ambos Sexos";"Rendimiento"
"2020-2021";"81.96";"Otra Educación comercial y empresarial";"Ambos Sexos";"Rendimiento"
"2019-2020";"81.02";"Otra Educación comercial y empresarial";"Ambos Sexos";"Rendimiento"
"2018-2019";"72.27";"Otra Educación comercial y empresarial";"Ambos Sexos";"Rendimiento"
"2017-2018";"73.16";"Otra Educación comercial y empresarial";"Ambos Sexos";"Rendimiento"
"2016-2017";"70.65";"Otra Educación comercial y empresarial";"Ambos Sexos";"Rendimiento"
"2015-2016";"70.68";"Otra Educación comercial y empresarial";"Ambos Sexos";"Rendimiento"
"2022-2023";"78.24";"Derecho";"Ambos Sexos";"Rendimiento"
"2021-2022";"77.6";"Derecho";"Ambos Sexos";"Rendimiento"
"2020-2021";"84.65";"Derecho";"Ambos Sexos";"Rendimiento"
"2019-2020";"81.28";"Derecho";"Ambos Sexos";"Rendimiento"
"2018-2019";"74.0";"Derecho";"Ambos Sexos";"Rendimiento"
"2017-2018";"75.1";"Derecho";"Ambos Sexos";"Rendimiento"
"2016-2017";"75.02";"Derecho";"Ambos Sexos";"Rendimiento"
"2015-2016";"74.26";"Derecho";"Ambos Sexos";"Rendimiento"
"2022-2023";"51.8";"Total Ciencias";"Ambos Sexos";"Rendimiento"
"2021-2022";"62.4";"Total Ciencias";"Ambos Sexos";"Rendimiento"
"2020-2021";"66.67";"Total Ciencias";"Ambos Sexos";"Rendimiento"
"2019-2020";"60.54";"Total Ciencias";"Ambos Sexos";"Rendimiento"
"2018-2019";"60.06";"Total Ciencias";"Ambos Sexos";"Rendimiento"
"2017-2018";"..";"Total Ciencias";"Ambos Sexos";"Rendimiento"
"2016-2017";"..";"Total Ciencias";"Ambos Sexos";"Rendimiento"
"2015-2016";"..";"Total Ciencias";"Ambos Sexos";"Rendimiento"
"2022-2023";"..";"Ciencias de la vida";"Ambos Sexos";"Rendimiento"
"2021-2022";"..";"Ciencias de la vida";"Ambos Sexos";"Rendimiento"
"2020-2021";"..";"Ciencias de la vida";"Ambos Sexos";"Rendimiento"
"2019-2020";"..";"Ciencias de la vida";"Ambos Sexos";"Rendimiento"
"2018-2019";"..";"Ciencias de la vida";"Ambos Sexos";"Rendimiento"
"2017-2018";"..";"Ciencias de la vida";"Ambos Sexos";"Rendimiento"
"2016-2017";"..";"Ciencias de la vida";"Ambos Sexos";"Rendimiento"
"2015-2016";"..";"Ciencias de la vida";"Ambos Sexos";"Rendimiento"
"2022-2023";"64.2";"Ciencias Físicas, químicas, geológicas";"Ambos Sexos";"Rendimiento"
"2021-2022";"64.18";"Ciencias Físicas, químicas, geológicas";"Ambos Sexos";"Rendimiento"
"2020-2021";"..";"Ciencias Físicas, químicas, geológicas";"Ambos Sexos";"Rendimiento"
"2019-2020";"..";"Ciencias Físicas, químicas, geológicas";"Ambos Sexos";"Rendimiento"
"2018-2019";"..";"Ciencias Físicas, químicas, geológicas";"Ambos Sexos";"Rendimiento"
"2017-2018";"..";"Ciencias Físicas, químicas, geológicas";"Ambos Sexos";"Rendimiento"
"2016-2017";"..";"Ciencias Físicas, químicas, geológicas";"Ambos Sexos";"Rendimiento"
"2015-2016";"..";"Ciencias Físicas, químicas, geológicas";"Ambos Sexos";"Rendimiento"
"2022-2023";"45.27";"Matemáticas y Estadística";"Ambos Sexos";"Rendimiento"
"2021-2022";"62.28";"Matemáticas y Estadística";"Ambos Sexos";"Rendimiento"
"2020-2021";"66.67";"Matemáticas y Estadística";"Ambos Sexos";"Rendimiento"
"2019-2020";"60.54";"Matemáticas y Estadística";"Ambos Sexos";"Rendimiento"
"2018-2019";"60.06";"Matemáticas y Estadística";"Ambos Sexos";"Rendimiento"
"2017-2018";"..";"Matemáticas y Estadística";"Ambos Sexos";"Rendimiento"
"2016-2017";"..";"Matemáticas y Estadística";"Ambos Sexos";"Rendimiento"
"2015-2016";"..";"Matemáticas y Estadística";"Ambos Sexos";"Rendimiento"
"2022-2023";"72.18";"Total Informática";"Ambos Sexos";"Rendimiento"
"2021-2022";"71.71";"Total Informática";"Ambos Sexos";"Rendimiento"
"2020-2021";"74.77";"Total Informática";"Ambos Sexos";"Rendimiento"
"2019-2020";"71.52";"Total Informática";"Ambos Sexos";"Rendimiento"
"2018-2019";"66.31";"Total Informática";"Ambos Sexos";"Rendimiento"
"2017-2018";"64.13";"Total Informática";"Ambos Sexos";"Rendimiento"
"2016-2017";"64.64";"Total Informática";"Ambos Sexos";"Rendimiento"
"2015-2016";"64.29";"Total Informática";"Ambos Sexos";"Rendimiento"
"2022-2023";"72.18";"Informática";"Ambos Sexos";"Rendimiento"
"2021-2022";"71.71";"Informática";"Ambos Sexos";"Rendimiento"
"2020-2021";"74.77";"Informática";"Ambos Sexos";"Rendimiento"
"2019-2020";"71.52";"Informática";"Ambos Sexos";"Rendimiento"
"2018-2019";"66.31";"Informática";"Ambos Sexos";"Rendimiento"
"2017-2018";"64.13";"Informática";"Ambos Sexos";"Rendimiento"
"2016-2017";"64.64";"Informática";"Ambos Sexos";"Rendimiento"
"2015-2016";"64.29";"Informática";"Ambos Sexos";"Rendimiento"
"2022-2023";"66.78";"Total Ingeniería, industria y construcción";"Ambos Sexos";"Rendimiento"
"2021-2022";"69.66";"Total Ingeniería, industria y construcción";"Ambos Sexos";"Rendimiento"
"2020-2021";"71.91";"Total Ingeniería, industria y construcción";"Ambos Sexos";"Rendimiento"
"2019-2020";"68.19";"Total Ingeniería, industria y construcción";"Ambos Sexos";"Rendimiento"
"2018-2019";"62.39";"Total Ingeniería, industria y construcción";"Ambos Sexos";"Rendimiento"
"2017-2018";"61.38";"Total Ingeniería, industria y construcción";"Ambos Sexos";"Rendimiento"
"2016-2017";"62.31";"Total Ingeniería, industria y construcción";"Ambos Sexos";"Rendimiento"
"2015-2016";"59.5";"Total Ingeniería, industria y construcción";"Ambos Sexos";"Rendimiento"
"2022-2023";"66.78";"Ingenierías";"Ambos Sexos";"Rendimiento"
"2021-2022";"69.66";"Ingenierías";"Ambos Sexos";"Rendimiento"
"2020-2021";"71.91";"Ingenierías";"Ambos Sexos";"Rendimiento"
"2019-2020";"68.19";"Ingenierías";"Ambos Sexos";"Rendimiento"
"2018-2019";"62.39";"Ingenierías";"Ambos Sexos";"Rendimiento"
"2017-2018";"61.38";"Ingenierías";"Ambos Sexos";"Rendimiento"
"2016-2017";"62.31";"Ingenierías";"Ambos Sexos";"Rendimiento"
"2015-2016";"59.5";"Ingenierías";"Ambos Sexos";"Rendimiento"
"2022-2023";"..";"Arquitectura y construcción";"Ambos Sexos";"Rendimiento"
"2021-2022";"..";"Arquitectura y construcción";"Ambos Sexos";"Rendimiento"
"2020-2021";"..";"Arquitectura y construcción";"Ambos Sexos";"Rendimiento"
"2019-2020";"..";"Arquitectura y construcción";"Ambos Sexos";"Rendimiento"
"2018-2019";"..";"Arquitectura y construcción";"Ambos Sexos";"Rendimiento"
"2017-2018";"..";"Arquitectura y construcción";"Ambos Sexos";"Rendimiento"
"2016-2017";"..";"Arquitectura y construcción";"Ambos Sexos";"Rendimiento"
"2015-2016";"..";"Arquitectura y construcción";"Ambos Sexos";"Rendimiento"
"2022-2023";"..";"Total Agricultura, ganadería,  silvicultura, pesca, y veterinaria";"Ambos Sexos";"Rendimiento"
"2021-2022";"..";"Total Agricultura, ganadería,  silvicultura, pesca, y veterinaria";"Ambos Sexos";"Rendimiento"
"2020-2021";"..";"Total Agricultura, ganadería,  silvicultura, pesca, y veterinaria";"Ambos Sexos";"Rendimiento"
"2019-2020";"..";"Total Agricultura, ganadería,  silvicultura, pesca, y veterinaria";"Ambos Sexos";"Rendimiento"
"2018-2019";"..";"Total Agricultura, ganadería,  silvicultura, pesca, y veterinaria";"Ambos Sexos";"Rendimiento"
"2017-2018";"..";"Total Agricultura, ganadería,  silvicultura, pesca, y veterinaria";"Ambos Sexos";"Rendimiento"
"2016-2017";"..";"Total Agricultura, ganadería,  silvicultura, pesca, y veterinaria";"Ambos Sexos";"Rendimiento"
"2015-2016";"..";"Total Agricultura, ganadería,  silvicultura, pesca, y veterinaria";"Ambos Sexos";"Rendimiento"
"2022-2023";"..";"Agricultura, ganadería y pesca";"Ambos Sexos";"Rendimiento"
"2021-2022";"..";"Agricultura, ganadería y pesca";"Ambos Sexos";"Rendimiento"
"2020-2021";"..";"Agricultura, ganadería y pesca";"Ambos Sexos";"Rendimiento"
"2019-2020";"..";"Agricultura, ganadería y pesca";"Ambos Sexos";"Rendimiento"
"2018-2019";"..";"Agricultura, ganadería y pesca";"Ambos Sexos";"Rendimiento"
"2017-2018";"..";"Agricultura, ganadería y pesca";"Ambos Sexos";"Rendimiento"
"2016-2017";"..";"Agricultura, ganadería y pesca";"Ambos Sexos";"Rendimiento"
"2015-2016";"..";"Agricultura, ganadería y pesca";"Ambos Sexos";"Rendimiento"
"2022-2023";"..";"Veterinaria";"Ambos Sexos";"Rendimiento"
"2021-2022";"..";"Veterinaria";"Ambos Sexos";"Rendimiento"
"2020-2021";"..";"Veterinaria";"Ambos Sexos";"Rendimiento"
"2019-2020";"..";"Veterinaria";"Ambos Sexos";"Rendimiento"
"2018-2019";"..";"Veterinaria";"Ambos Sexos";"Rendimiento"
"2017-2018";"..";"Veterinaria";"Ambos Sexos";"Rendimiento"
"2016-2017";"..";"Veterinaria";"Ambos Sexos";"Rendimiento"
"2015-2016";"..";"Veterinaria";"Ambos Sexos";"Rendimiento"
"2022-2023";"81.95";"Total Salud y servicios sociales";"Ambos Sexos";"Rendimiento"
"2021-2022";"81.79";"Total Salud y servicios sociales";"Ambos Sexos";"Rendimiento"
"2020-2021";"87.62";"Total Salud y servicios sociales";"Ambos Sexos";"Rendimiento"
"2019-2020";"86.12";"Total Salud y servicios sociales";"Ambos Sexos";"Rendimiento"
"2018-2019";"78.02";"Total Salud y servicios sociales";"Ambos Sexos";"Rendimiento"
"2017-2018";"77.6";"Total Salud y servicios sociales";"Ambos Sexos";"Rendimiento"
"2016-2017";"78.27";"Total Salud y servicios sociales";"Ambos Sexos";"Rendimiento"
"2015-2016";"82.97";"Total Salud y servicios sociales";"Ambos Sexos";"Rendimiento"
"2022-2023";"..";"Medicina";"Ambos Sexos";"Rendimiento"
"2021-2022";"..";"Medicina";"Ambos Sexos";"Rendimiento"
"2020-2021";"..";"Medicina";"Ambos Sexos";"Rendimiento"
"2019-2020";"..";"Medicina";"Ambos Sexos";"Rendimiento"
"2018-2019";"..";"Medicina";"Ambos Sexos";"Rendimiento"
"2017-2018";"..";"Medicina";"Ambos Sexos";"Rendimiento"
"2016-2017";"..";"Medicina";"Ambos Sexos";"Rendimiento"
"2015-2016";"..";"Medicina";"Ambos Sexos";"Rendimiento"
"2022-2023";"..";"Enfermería y atención a enfermos";"Ambos Sexos";"Rendimiento"
"2021-2022";"..";"Enfermería y atención a enfermos";"Ambos Sexos";"Rendimiento"
"2020-2021";"..";"Enfermería y atención a enfermos";"Ambos Sexos";"Rendimiento"
"2019-2020";"..";"Enfermería y atención a enfermos";"Ambos Sexos";"Rendimiento"
"2018-2019";"..";"Enfermería y atención a enfermos";"Ambos Sexos";"Rendimiento"
"2017-2018";"..";"Enfermería y atención a enfermos";"Ambos Sexos";"Rendimiento"
"2016-2017";"..";"Enfermería y atención a enfermos";"Ambos Sexos";"Rendimiento"
"2015-2016";"..";"Enfermería y atención a enfermos";"Ambos Sexos";"Rendimiento"
"2022-2023";"76.39";"Otras ciencias de la Salud";"Ambos Sexos";"Rendimiento"
"2021-2022";"74.03";"Otras ciencias de la Salud";"Ambos Sexos";"Rendimiento"
"2020-2021";"83.52";"Otras ciencias de la Salud";"Ambos Sexos";"Rendimiento"
"2019-2020";"84.08";"Otras ciencias de la Salud";"Ambos Sexos";"Rendimiento"
"2018-2019";"76.98";"Otras ciencias de la Salud";"Ambos Sexos";"Rendimiento"
"2017-2018";"76.36";"Otras ciencias de la Salud";"Ambos Sexos";"Rendimiento"
"2016-2017";"78.46";"Otras ciencias de la Salud";"Ambos Sexos";"Rendimiento"
"2015-2016";"82.68";"Otras ciencias de la Salud";"Ambos Sexos";"Rendimiento"
"2022-2023";"87.31";"Trabajo social y orientación";"Ambos Sexos";"Rendimiento"
"2021-2022";"87.83";"Trabajo social y orientación";"Ambos Sexos";"Rendimiento"
"2020-2021";"92.08";"Trabajo social y orientación";"Ambos Sexos";"Rendimiento"
"2019-2020";"90.81";"Trabajo social y orientación";"Ambos Sexos";"Rendimiento"
"2018-2019";"81.96";"Trabajo social y orientación";"Ambos Sexos";"Rendimiento"
"2017-2018";"83.16";"Trabajo social y orientación";"Ambos Sexos";"Rendimiento"
"2016-2017";"77.33";"Trabajo social y orientación";"Ambos Sexos";"Rendimiento"
"2015-2016";"83.82";"Trabajo social y orientación";"Ambos Sexos";"Rendimiento"
"2022-2023";"73.5";"Total Servicios";"Ambos Sexos";"Rendimiento"
"2021-2022";"73.67";"Total Servicios";"Ambos Sexos";"Rendimiento"
"2020-2021";"83.54";"Total Servicios";"Ambos Sexos";"Rendimiento"
"2019-2020";"78.07";"Total Servicios";"Ambos Sexos";"Rendimiento"
"2018-2019";"68.15";"Total Servicios";"Ambos Sexos";"Rendimiento"
"2017-2018";"69.78";"Total Servicios";"Ambos Sexos";"Rendimiento"
"2016-2017";"71.64";"Total Servicios";"Ambos Sexos";"Rendimiento"
"2015-2016";"74.09";"Total Servicios";"Ambos Sexos";"Rendimiento"
"2022-2023";"67.77";"Deportes";"Ambos Sexos";"Rendimiento"
"2021-2022";"63.97";"Deportes";"Ambos Sexos";"Rendimiento"
"2020-2021";"80.17";"Deportes";"Ambos Sexos";"Rendimiento"
"2019-2020";"76.36";"Deportes";"Ambos Sexos";"Rendimiento"
"2018-2019";"65.47";"Deportes";"Ambos Sexos";"Rendimiento"
"2017-2018";"67.68";"Deportes";"Ambos Sexos";"Rendimiento"
"2016-2017";"71.94";"Deportes";"Ambos Sexos";"Rendimiento"
"2015-2016";"74.7";"Deportes";"Ambos Sexos";"Rendimiento"
"2022-2023";"78.91";"Turismo y Hostelería";"Ambos Sexos";"Rendimiento"
"2021-2022";"77.14";"Turismo y Hostelería";"Ambos Sexos";"Rendimiento"
"2020-2021";"83.5";"Turismo y Hostelería";"Ambos Sexos";"Rendimiento"
"2019-2020";"78.35";"Turismo y Hostelería";"Ambos Sexos";"Rendimiento"
"2018-2019";"71.61";"Turismo y Hostelería";"Ambos Sexos";"Rendimiento"
"2017-2018";"72.18";"Turismo y Hostelería";"Ambos Sexos";"Rendimiento"
"2016-2017";"71.22";"Turismo y Hostelería";"Ambos Sexos";"Rendimiento"
"2015-2016";"73.49";"Turismo y Hostelería";"Ambos Sexos";"Rendimiento"
"2022-2023";"77.03";"Otros Servicios";"Ambos Sexos";"Rendimiento"
"2021-2022";"91.18";"Otros Servicios";"Ambos Sexos";"Rendimiento"
"2020-2021";"95.56";"Otros Servicios";"Ambos Sexos";"Rendimiento"
"2019-2020";"92.42";"Otros Servicios";"Ambos Sexos";"Rendimiento"
"2018-2019";"85.85";"Otros Servicios";"Ambos Sexos";"Rendimiento"
"2017-2018";"90.8";"Otros Servicios";"Ambos Sexos";"Rendimiento"
"2016-2017";"..";"Otros Servicios";"Ambos Sexos";"Rendimiento"
"2015-2016";"..";"Otros Servicios";"Ambos Sexos";"Rendimiento"
"2022-2023";"???";"Universidades Privadas No Presenciales";"Ambos Sexos";"Exito"
"2021-2022";"???";"Universidades Privadas No Presenciales";"Ambos Sexos";"Exito"
"2020-2021";"???";"Universidades Privadas No Presenciales";"Ambos Sexos";"Exito"
"2019-2020";"???";"Universidades Privadas No Presenciales";"Ambos Sexos";"Exito"
"2018-2019";"???";"Universidades Privadas No Presenciales";"Ambos Sexos";"Exito"
"2017-2018";"???";"Universidades Privadas No Presenciales";"Ambos Sexos";"Exito"
"2016-2017";"???";"Universidades Privadas No Presenciales";"Ambos Sexos";"Exito"
"2015-2016";"???";"Universidades Privadas No Presenciales";"Ambos Sexos";"Exito"
"2022-2023";"92.9";"Todos los ámbitos";"Ambos Sexos";"Exito"
"2021-2022";"92.62";"Todos los ámbitos";"Ambos Sexos";"Exito"
"2020-2021";"94.99";"Todos los ámbitos";"Ambos Sexos";"Exito"
"2019-2020";"94.77";"Todos los ámbitos";"Ambos Sexos";"Exito"
"2018-2019";"92.08";"Todos los ámbitos";"Ambos Sexos";"Exito"
"2017-2018";"92.59";"Todos los ámbitos";"Ambos Sexos";"Exito"
"2016-2017";"92.64";"Todos los ámbitos";"Ambos Sexos";"Exito"
"2015-2016";"93.0";"Todos los ámbitos";"Ambos Sexos";"Exito"
"2022-2023";"95.69";"Total Educación";"Ambos Sexos";"Exito"
"2021-2022";"95.53";"Total Educación";"Ambos Sexos";"Exito"
"2020-2021";"97.36";"Total Educación";"Ambos Sexos";"Exito"
"2019-2020";"96.97";"Total Educación";"Ambos Sexos";"Exito"
"2018-2019";"94.5";"Total Educación";"Ambos Sexos";"Exito"
"2017-2018";"95.5";"Total Educación";"Ambos Sexos";"Exito"
"2016-2017";"95.91";"Total Educación";"Ambos Sexos";"Exito"
"2015-2016";"96.16";"Total Educación";"Ambos Sexos";"Exito"
"2022-2023";"95.94";"Formación de docentes de enseñanza infantil";"Ambos Sexos";"Exito"
"2021-2022";"96.02";"Formación de docentes de enseñanza infantil";"Ambos Sexos";"Exito"
"2020-2021";"97.8";"Formación de docentes de enseñanza infantil";"Ambos Sexos";"Exito"
"2019-2020";"97.63";"Formación de docentes de enseñanza infantil";"Ambos Sexos";"Exito"
"2018-2019";"94.67";"Formación de docentes de enseñanza infantil";"Ambos Sexos";"Exito"
"2017-2018";"95.87";"Formación de docentes de enseñanza infantil";"Ambos Sexos";"Exito"
"2016-2017";"96.39";"Formación de docentes de enseñanza infantil";"Ambos Sexos";"Exito"
"2015-2016";"96.19";"Formación de docentes de enseñanza infantil";"Ambos Sexos";"Exito"
"2022-2023";"96.35";"Formación de docentes de enseñanza primaria";"Ambos Sexos";"Exito"
"2021-2022";"96.23";"Formación de docentes de enseñanza primaria";"Ambos Sexos";"Exito"
"2020-2021";"98.27";"Formación de docentes de enseñanza primaria";"Ambos Sexos";"Exito"
"2019-2020";"97.91";"Formación de docentes de enseñanza primaria";"Ambos Sexos";"Exito"
"2018-2019";"94.82";"Formación de docentes de enseñanza primaria";"Ambos Sexos";"Exito"
"2017-2018";"96.15";"Formación de docentes de enseñanza primaria";"Ambos Sexos";"Exito"
"2016-2017";"96.21";"Formación de docentes de enseñanza primaria";"Ambos Sexos";"Exito"
"2015-2016";"96.58";"Formación de docentes de enseñanza primaria";"Ambos Sexos";"Exito"
"2022-2023";"93.46";"Otra Formación de personal docente y ciencias de la educación";"Ambos Sexos";"Exito"
"2021-2022";"93.06";"Otra Formación de personal docente y ciencias de la educación";"Ambos Sexos";"Exito"
"2020-2021";"94.36";"Otra Formación de personal docente y ciencias de la educación";"Ambos Sexos";"Exito"
"2019-2020";"93.47";"Otra Formación de personal docente y ciencias de la educación";"Ambos Sexos";"Exito"
"2018-2019";"93.26";"Otra Formación de personal docente y ciencias de la educación";"Ambos Sexos";"Exito"
"2017-2018";"92.44";"Otra Formación de personal docente y ciencias de la educación";"Ambos Sexos";"Exito"
"2016-2017";"93.6";"Otra Formación de personal docente y ciencias de la educación";"Ambos Sexos";"Exito"
"2015-2016";"94.54";"Otra Formación de personal docente y ciencias de la educación";"Ambos Sexos";"Exito"
"2022-2023";"94.37";"Total Artes y humanidades";"Ambos Sexos";"Exito"
"2021-2022";"94.22";"Total Artes y humanidades";"Ambos Sexos";"Exito"
"2020-2021";"95.71";"Total Artes y humanidades";"Ambos Sexos";"Exito"
"2019-2020";"96.23";"Total Artes y humanidades";"Ambos Sexos";"Exito"
"2018-2019";"95.39";"Total Artes y humanidades";"Ambos Sexos";"Exito"
"2017-2018";"95.24";"Total Artes y humanidades";"Ambos Sexos";"Exito"
"2016-2017";"95.43";"Total Artes y humanidades";"Ambos Sexos";"Exito"
"2015-2016";"95.83";"Total Artes y humanidades";"Ambos Sexos";"Exito"
"2022-2023";"93.8";"Técnicas audiovisuales y medios de comunicación";"Ambos Sexos";"Exito"
"2021-2022";"93.3";"Técnicas audiovisuales y medios de comunicación";"Ambos Sexos";"Exito"
"2020-2021";"95.54";"Técnicas audiovisuales y medios de comunicación";"Ambos Sexos";"Exito"
"2019-2020";"95.98";"Técnicas audiovisuales y medios de comunicación";"Ambos Sexos";"Exito"
"2018-2019";"95.31";"Técnicas audiovisuales y medios de comunicación";"Ambos Sexos";"Exito"
"2017-2018";"95.47";"Técnicas audiovisuales y medios de comunicación";"Ambos Sexos";"Exito"
"2016-2017";"95.2";"Técnicas audiovisuales y medios de comunicación";"Ambos Sexos";"Exito"
"2015-2016";"96.32";"Técnicas audiovisuales y medios de comunicación";"Ambos Sexos";"Exito"
"2022-2023";"95.52";"Artes";"Ambos Sexos";"Exito"
"2021-2022";"95.0";"Artes";"Ambos Sexos";"Exito"
"2020-2021";"96.42";"Artes";"Ambos Sexos";"Exito"
"2019-2020";"96.69";"Artes";"Ambos Sexos";"Exito"
"2018-2019";"93.86";"Artes";"Ambos Sexos";"Exito"
"2017-2018";"91.75";"Artes";"Ambos Sexos";"Exito"
"2016-2017";"90.24";"Artes";"Ambos Sexos";"Exito"
"2015-2016";"90.32";"Artes";"Ambos Sexos";"Exito"
"2022-2023";"93.44";"Lenguas";"Ambos Sexos";"Exito"
"2021-2022";"94.56";"Lenguas";"Ambos Sexos";"Exito"
"2020-2021";"93.79";"Lenguas";"Ambos Sexos";"Exito"
"2019-2020";"95.48";"Lenguas";"Ambos Sexos";"Exito"
"2018-2019";"95.31";"Lenguas";"Ambos Sexos";"Exito"
"2017-2018";"94.01";"Lenguas";"Ambos Sexos";"Exito"
"2016-2017";"96.04";"Lenguas";"Ambos Sexos";"Exito"
"2015-2016";"95.83";"Lenguas";"Ambos Sexos";"Exito"
"2022-2023";"94.94";"Humanidades";"Ambos Sexos";"Exito"
"2021-2022";"95.25";"Humanidades";"Ambos Sexos";"Exito"
"2020-2021";"96.45";"Humanidades";"Ambos Sexos";"Exito"
"2019-2020";"96.75";"Humanidades";"Ambos Sexos";"Exito"
"2018-2019";"96.26";"Humanidades";"Ambos Sexos";"Exito"
"2017-2018";"96.51";"Humanidades";"Ambos Sexos";"Exito"
"2016-2017";"96.58";"Humanidades";"Ambos Sexos";"Exito"
"2015-2016";"96.23";"Humanidades";"Ambos Sexos";"Exito"
"2022-2023";"93.16";"Total Ciencias sociales, periodismo y documentación";"Ambos Sexos";"Exito"
"2021-2022";"92.89";"Total Ciencias sociales, periodismo y documentación";"Ambos Sexos";"Exito"
"2020-2021";"95.45";"Total Ciencias sociales, periodismo y documentación";"Ambos Sexos";"Exito"
"2019-2020";"94.69";"Total Ciencias sociales, periodismo y documentación";"Ambos Sexos";"Exito"
"2018-2019";"91.89";"Total Ciencias sociales, periodismo y documentación";"Ambos Sexos";"Exito"
"2017-2018";"92.41";"Total Ciencias sociales, periodismo y documentación";"Ambos Sexos";"Exito"
"2016-2017";"92.08";"Total Ciencias sociales, periodismo y documentación";"Ambos Sexos";"Exito"
"2015-2016";"92.38";"Total Ciencias sociales, periodismo y documentación";"Ambos Sexos";"Exito"
"2022-2023";"92.63";"Psicología";"Ambos Sexos";"Exito"
"2021-2022";"91.88";"Psicología";"Ambos Sexos";"Exito"
"2020-2021";"95.07";"Psicología";"Ambos Sexos";"Exito"
"2019-2020";"93.86";"Psicología";"Ambos Sexos";"Exito"
"2018-2019";"90.43";"Psicología";"Ambos Sexos";"Exito"
"2017-2018";"91.06";"Psicología";"Ambos Sexos";"Exito"
"2016-2017";"90.92";"Psicología";"Ambos Sexos";"Exito"
"2015-2016";"91.59";"Psicología";"Ambos Sexos";"Exito"
"2022-2023";"89.75";"Economía";"Ambos Sexos";"Exito"
"2021-2022";"91.97";"Economía";"Ambos Sexos";"Exito"
"2020-2021";"93.88";"Economía";"Ambos Sexos";"Exito"
"2019-2020";"95.14";"Economía";"Ambos Sexos";"Exito"
"2018-2019";"93.67";"Economía";"Ambos Sexos";"Exito"
"2017-2018";"92.64";"Economía";"Ambos Sexos";"Exito"
"2016-2017";"91.27";"Economía";"Ambos Sexos";"Exito"
"2015-2016";"90.73";"Economía";"Ambos Sexos";"Exito"
"2022-2023";"93.77";"Otras Ciencias sociales y del comportamiento";"Ambos Sexos";"Exito"
"2021-2022";"93.39";"Otras Ciencias sociales y del comportamiento";"Ambos Sexos";"Exito"
"2020-2021";"95.19";"Otras Ciencias sociales y del comportamiento";"Ambos Sexos";"Exito"
"2019-2020";"95.29";"Otras Ciencias sociales y del comportamiento";"Ambos Sexos";"Exito"
"2018-2019";"92.96";"Otras Ciencias sociales y del comportamiento";"Ambos Sexos";"Exito"
"2017-2018";"93.57";"Otras Ciencias sociales y del comportamiento";"Ambos Sexos";"Exito"
"2016-2017";"93.21";"Otras Ciencias sociales y del comportamiento";"Ambos Sexos";"Exito"
"2015-2016";"92.86";"Otras Ciencias sociales y del comportamiento";"Ambos Sexos";"Exito"
"2022-2023";"95.02";"Periodismo e información";"Ambos Sexos";"Exito"
"2021-2022";"95.56";"Periodismo e información";"Ambos Sexos";"Exito"
"2020-2021";"97.4";"Periodismo e información";"Ambos Sexos";"Exito"
"2019-2020";"96.52";"Periodismo e información";"Ambos Sexos";"Exito"
"2018-2019";"94.77";"Periodismo e información";"Ambos Sexos";"Exito"
"2017-2018";"94.64";"Periodismo e información";"Ambos Sexos";"Exito"
"2016-2017";"93.52";"Periodismo e información";"Ambos Sexos";"Exito"
"2015-2016";"93.43";"Periodismo e información";"Ambos Sexos";"Exito"
"2022-2023";"91.14";"Total Negocios, administración y derecho";"Ambos Sexos";"Exito"
"2021-2022";"90.82";"Total Negocios, administración y derecho";"Ambos Sexos";"Exito"
"2020-2021";"93.74";"Total Negocios, administración y derecho";"Ambos Sexos";"Exito"
"2019-2020";"94.27";"Total Negocios, administración y derecho";"Ambos Sexos";"Exito"
"2018-2019";"91.43";"Total Negocios, administración y derecho";"Ambos Sexos";"Exito"
"2017-2018";"91.72";"Total Negocios, administración y derecho";"Ambos Sexos";"Exito"
"2016-2017";"91.58";"Total Negocios, administración y derecho";"Ambos Sexos";"Exito"
"2015-2016";"91.49";"Total Negocios, administración y derecho";"Ambos Sexos";"Exito"
"2022-2023";"90.97";"Administración y gestión de empresas";"Ambos Sexos";"Exito"
"2021-2022";"91.07";"Administración y gestión de empresas";"Ambos Sexos";"Exito"
"2020-2021";"93.65";"Administración y gestión de empresas";"Ambos Sexos";"Exito"
"2019-2020";"94.27";"Administración y gestión de empresas";"Ambos Sexos";"Exito"
"2018-2019";"91.71";"Administración y gestión de empresas";"Ambos Sexos";"Exito"
"2017-2018";"92.0";"Administración y gestión de empresas";"Ambos Sexos";"Exito"
"2016-2017";"91.4";"Administración y gestión de empresas";"Ambos Sexos";"Exito"
"2015-2016";"91.37";"Administración y gestión de empresas";"Ambos Sexos";"Exito"
"2022-2023";"91.04";"Otra Educación comercial y empresarial";"Ambos Sexos";"Exito"
"2021-2022";"91.36";"Otra Educación comercial y empresarial";"Ambos Sexos";"Exito"
"2020-2021";"93.29";"Otra Educación comercial y empresarial";"Ambos Sexos";"Exito"
"2019-2020";"95.08";"Otra Educación comercial y empresarial";"Ambos Sexos";"Exito"
"2018-2019";"91.4";"Otra Educación comercial y empresarial";"Ambos Sexos";"Exito"
"2017-2018";"91.86";"Otra Educación comercial y empresarial";"Ambos Sexos";"Exito"
"2016-2017";"91.74";"Otra Educación comercial y empresarial";"Ambos Sexos";"Exito"
"2015-2016";"91.29";"Otra Educación comercial y empresarial";"Ambos Sexos";"Exito"
"2022-2023";"91.38";"Derecho";"Ambos Sexos";"Exito"
"2021-2022";"90.31";"Derecho";"Ambos Sexos";"Exito"
"2020-2021";"94.03";"Derecho";"Ambos Sexos";"Exito"
"2019-2020";"93.97";"Derecho";"Ambos Sexos";"Exito"
"2018-2019";"91.09";"Derecho";"Ambos Sexos";"Exito"
"2017-2018";"91.33";"Derecho";"Ambos Sexos";"Exito"
"2016-2017";"91.8";"Derecho";"Ambos Sexos";"Exito"
"2015-2016";"91.72";"Derecho";"Ambos Sexos";"Exito"
"2022-2023";"84.91";"Total Ciencias";"Ambos Sexos";"Exito"
"2021-2022";"84.01";"Total Ciencias";"Ambos Sexos";"Exito"
"2020-2021";"85.6";"Total Ciencias";"Ambos Sexos";"Exito"
"2019-2020";"86.19";"Total Ciencias";"Ambos Sexos";"Exito"
"2018-2019";"86.38";"Total Ciencias";"Ambos Sexos";"Exito"
"2017-2018";"..";"Total Ciencias";"Ambos Sexos";"Exito"
"2016-2017";"..";"Total Ciencias";"Ambos Sexos";"Exito"
"2015-2016";"..";"Total Ciencias";"Ambos Sexos";"Exito"
"2022-2023";"..";"Ciencias de la vida";"Ambos Sexos";"Exito"
"2021-2022";"..";"Ciencias de la vida";"Ambos Sexos";"Exito"
"2020-2021";"..";"Ciencias de la vida";"Ambos Sexos";"Exito"
"2019-2020";"..";"Ciencias de la vida";"Ambos Sexos";"Exito"
"2018-2019";"..";"Ciencias de la vida";"Ambos Sexos";"Exito"
"2017-2018";"..";"Ciencias de la vida";"Ambos Sexos";"Exito"
"2016-2017";"..";"Ciencias de la vida";"Ambos Sexos";"Exito"
"2015-2016";"..";"Ciencias de la vida";"Ambos Sexos";"Exito"
"2022-2023";"87.25";"Ciencias Físicas, químicas, geológicas";"Ambos Sexos";"Exito"
"2021-2022";"86.82";"Ciencias Físicas, químicas, geológicas";"Ambos Sexos";"Exito"
"2020-2021";"..";"Ciencias Físicas, químicas, geológicas";"Ambos Sexos";"Exito"
"2019-2020";"..";"Ciencias Físicas, químicas, geológicas";"Ambos Sexos";"Exito"
"2018-2019";"..";"Ciencias Físicas, químicas, geológicas";"Ambos Sexos";"Exito"
"2017-2018";"..";"Ciencias Físicas, químicas, geológicas";"Ambos Sexos";"Exito"
"2016-2017";"..";"Ciencias Físicas, químicas, geológicas";"Ambos Sexos";"Exito"
"2015-2016";"..";"Ciencias Físicas, químicas, geológicas";"Ambos Sexos";"Exito"
"2022-2023";"83.25";"Matemáticas y Estadística";"Ambos Sexos";"Exito"
"2021-2022";"83.83";"Matemáticas y Estadística";"Ambos Sexos";"Exito"
"2020-2021";"85.6";"Matemáticas y Estadística";"Ambos Sexos";"Exito"
"2019-2020";"86.19";"Matemáticas y Estadística";"Ambos Sexos";"Exito"
"2018-2019";"86.38";"Matemáticas y Estadística";"Ambos Sexos";"Exito"
"2017-2018";"..";"Matemáticas y Estadística";"Ambos Sexos";"Exito"
"2016-2017";"..";"Matemáticas y Estadística";"Ambos Sexos";"Exito"
"2015-2016";"..";"Matemáticas y Estadística";"Ambos Sexos";"Exito"
"2022-2023";"88.17";"Total Informática";"Ambos Sexos";"Exito"
"2021-2022";"87.68";"Total Informática";"Ambos Sexos";"Exito"
"2020-2021";"89.92";"Total Informática";"Ambos Sexos";"Exito"
"2019-2020";"89.65";"Total Informática";"Ambos Sexos";"Exito"
"2018-2019";"87.3";"Total Informática";"Ambos Sexos";"Exito"
"2017-2018";"86.37";"Total Informática";"Ambos Sexos";"Exito"
"2016-2017";"86.5";"Total Informática";"Ambos Sexos";"Exito"
"2015-2016";"87.4";"Total Informática";"Ambos Sexos";"Exito"
"2022-2023";"88.17";"Informática";"Ambos Sexos";"Exito"
"2021-2022";"87.68";"Informática";"Ambos Sexos";"Exito"
"2020-2021";"89.92";"Informática";"Ambos Sexos";"Exito"
"2019-2020";"89.65";"Informática";"Ambos Sexos";"Exito"
"2018-2019";"87.3";"Informática";"Ambos Sexos";"Exito"
"2017-2018";"86.37";"Informática";"Ambos Sexos";"Exito"
"2016-2017";"86.5";"Informática";"Ambos Sexos";"Exito"
"2015-2016";"87.4";"Informática";"Ambos Sexos";"Exito"
"2022-2023";"88.56";"Total Ingeniería, industria y construcción";"Ambos Sexos";"Exito"
"2021-2022";"88.66";"Total Ingeniería, industria y construcción";"Ambos Sexos";"Exito"
"2020-2021";"89.9";"Total Ingeniería, industria y construcción";"Ambos Sexos";"Exito"
"2019-2020";"88.1";"Total Ingeniería, industria y construcción";"Ambos Sexos";"Exito"
"2018-2019";"85.93";"Total Ingeniería, industria y construcción";"Ambos Sexos";"Exito"
"2017-2018";"84.92";"Total Ingeniería, industria y construcción";"Ambos Sexos";"Exito"
"2016-2017";"86.28";"Total Ingeniería, industria y construcción";"Ambos Sexos";"Exito"
"2015-2016";"84.8";"Total Ingeniería, industria y construcción";"Ambos Sexos";"Exito"
"2022-2023";"88.56";"Ingenierías";"Ambos Sexos";"Exito"
"2021-2022";"88.66";"Ingenierías";"Ambos Sexos";"Exito"
"2020-2021";"89.9";"Ingenierías";"Ambos Sexos";"Exito"
"2019-2020";"88.1";"Ingenierías";"Ambos Sexos";"Exito"
"2018-2019";"85.93";"Ingenierías";"Ambos Sexos";"Exito"
"2017-2018";"84.92";"Ingenierías";"Ambos Sexos";"Exito"
"2016-2017";"86.28";"Ingenierías";"Ambos Sexos";"Exito"
"2015-2016";"84.8";"Ingenierías";"Ambos Sexos";"Exito"
"2022-2023";"..";"Arquitectura y construcción";"Ambos Sexos";"Exito"
"2021-2022";"..";"Arquitectura y construcción";"Ambos Sexos";"Exito"
"2020-2021";"..";"Arquitectura y construcción";"Ambos Sexos";"Exito"
"2019-2020";"..";"Arquitectura y construcción";"Ambos Sexos";"Exito"
"2018-2019";"..";"Arquitectura y construcción";"Ambos Sexos";"Exito"
"2017-2018";"..";"Arquitectura y construcción";"Ambos Sexos";"Exito"
"2016-2017";"..";"Arquitectura y construcción";"Ambos Sexos";"Exito"
"2015-2016";"..";"Arquitectura y construcción";"Ambos Sexos";"Exito"
"2022-2023";"..";"Total Agricultura, ganadería,  silvicultura, pesca, y veterinaria";"Ambos Sexos";"Exito"
"2021-2022";"..";"Total Agricultura, ganadería,  silvicultura, pesca, y veterinaria";"Ambos Sexos";"Exito"
"2020-2021";"..";"Total Agricultura, ganadería,  silvicultura, pesca, y veterinaria";"Ambos Sexos";"Exito"
"2019-2020";"..";"Total Agricultura, ganadería,  silvicultura, pesca, y veterinaria";"Ambos Sexos";"Exito"
"2018-2019";"..";"Total Agricultura, ganadería,  silvicultura, pesca, y veterinaria";"Ambos Sexos";"Exito"
"2017-2018";"..";"Total Agricultura, ganadería,  silvicultura, pesca, y veterinaria";"Ambos Sexos";"Exito"
"2016-2017";"..";"Total Agricultura, ganadería,  silvicultura, pesca, y veterinaria";"Ambos Sexos";"Exito"
"2015-2016";"..";"Total Agricultura, ganadería,  silvicultura, pesca, y veterinaria";"Ambos Sexos";"Exito"
"2022-2023";"..";"Agricultura, ganadería y pesca";"Ambos Sexos";"Exito"
"2021-2022";"..";"Agricultura, ganadería y pesca";"Ambos Sexos";"Exito"
"2020-2021";"..";"Agricultura, ganadería y pesca";"Ambos Sexos";"Exito"
"2019-2020";"..";"Agricultura, ganadería y pesca";"Ambos Sexos";"Exito"
"2018-2019";"..";"Agricultura, ganadería y pesca";"Ambos Sexos";"Exito"
"2017-2018";"..";"Agricultura, ganadería y pesca";"Ambos Sexos";"Exito"
"2016-2017";"..";"Agricultura, ganadería y pesca";"Ambos Sexos";"Exito"
"2015-2016";"..";"Agricultura, ganadería y pesca";"Ambos Sexos";"Exito"
"2022-2023";"..";"Veterinaria";"Ambos Sexos";"Exito"
"2021-2022";"..";"Veterinaria";"Ambos Sexos";"Exito"
"2020-2021";"..";"Veterinaria";"Ambos Sexos";"Exito"
"2019-2020";"..";"Veterinaria";"Ambos Sexos";"Exito"
"2018-2019";"..";"Veterinaria";"Ambos Sexos";"Exito"
"2017-2018";"..";"Veterinaria";"Ambos Sexos";"Exito"
"2016-2017";"..";"Veterinaria";"Ambos Sexos";"Exito"
"2015-2016";"..";"Veterinaria";"Ambos Sexos";"Exito"
"2022-2023";"94.15";"Total Salud y servicios sociales";"Ambos Sexos";"Exito"
"2021-2022";"94.43";"Total Salud y servicios sociales";"Ambos Sexos";"Exito"
"2020-2021";"96.12";"Total Salud y servicios sociales";"Ambos Sexos";"Exito"
"2019-2020";"96.46";"Total Salud y servicios sociales";"Ambos Sexos";"Exito"
"2018-2019";"91.35";"Total Salud y servicios sociales";"Ambos Sexos";"Exito"
"2017-2018";"89.66";"Total Salud y servicios sociales";"Ambos Sexos";"Exito"
"2016-2017";"88.58";"Total Salud y servicios sociales";"Ambos Sexos";"Exito"
"2015-2016";"91.19";"Total Salud y servicios sociales";"Ambos Sexos";"Exito"
"2022-2023";"..";"Medicina";"Ambos Sexos";"Exito"
"2021-2022";"..";"Medicina";"Ambos Sexos";"Exito"
"2020-2021";"..";"Medicina";"Ambos Sexos";"Exito"
"2019-2020";"..";"Medicina";"Ambos Sexos";"Exito"
"2018-2019";"..";"Medicina";"Ambos Sexos";"Exito"
"2017-2018";"..";"Medicina";"Ambos Sexos";"Exito"
"2016-2017";"..";"Medicina";"Ambos Sexos";"Exito"
"2015-2016";"..";"Medicina";"Ambos Sexos";"Exito"
"2022-2023";"..";"Enfermería y atención a enfermos";"Ambos Sexos";"Exito"
"2021-2022";"..";"Enfermería y atención a enfermos";"Ambos Sexos";"Exito"
"2020-2021";"..";"Enfermería y atención a enfermos";"Ambos Sexos";"Exito"
"2019-2020";"..";"Enfermería y atención a enfermos";"Ambos Sexos";"Exito"
"2018-2019";"..";"Enfermería y atención a enfermos";"Ambos Sexos";"Exito"
"2017-2018";"..";"Enfermería y atención a enfermos";"Ambos Sexos";"Exito"
"2016-2017";"..";"Enfermería y atención a enfermos";"Ambos Sexos";"Exito"
"2015-2016";"..";"Enfermería y atención a enfermos";"Ambos Sexos";"Exito"
"2022-2023";"91.4";"Otras ciencias de la Salud";"Ambos Sexos";"Exito"
"2021-2022";"91.17";"Otras ciencias de la Salud";"Ambos Sexos";"Exito"
"2020-2021";"95.34";"Otras ciencias de la Salud";"Ambos Sexos";"Exito"
"2019-2020";"95.59";"Otras ciencias de la Salud";"Ambos Sexos";"Exito"
"2018-2019";"90.12";"Otras ciencias de la Salud";"Ambos Sexos";"Exito"
"2017-2018";"88.75";"Otras ciencias de la Salud";"Ambos Sexos";"Exito"
"2016-2017";"87.8";"Otras ciencias de la Salud";"Ambos Sexos";"Exito"
"2015-2016";"90.08";"Otras ciencias de la Salud";"Ambos Sexos";"Exito"
"2022-2023";"96.6";"Trabajo social y orientación";"Ambos Sexos";"Exito"
"2021-2022";"96.69";"Trabajo social y orientación";"Ambos Sexos";"Exito"
"2020-2021";"96.89";"Trabajo social y orientación";"Ambos Sexos";"Exito"
"2019-2020";"98.35";"Trabajo social y orientación";"Ambos Sexos";"Exito"
"2018-2019";"96.01";"Trabajo social y orientación";"Ambos Sexos";"Exito"
"2017-2018";"93.65";"Trabajo social y orientación";"Ambos Sexos";"Exito"
"2016-2017";"92.59";"Trabajo social y orientación";"Ambos Sexos";"Exito"
"2015-2016";"94.67";"Trabajo social y orientación";"Ambos Sexos";"Exito"
"2022-2023";"87.46";"Total Servicios";"Ambos Sexos";"Exito"
"2021-2022";"88.45";"Total Servicios";"Ambos Sexos";"Exito"
"2020-2021";"93.66";"Total Servicios";"Ambos Sexos";"Exito"
"2019-2020";"90.79";"Total Servicios";"Ambos Sexos";"Exito"
"2018-2019";"82.73";"Total Servicios";"Ambos Sexos";"Exito"
"2017-2018";"85.12";"Total Servicios";"Ambos Sexos";"Exito"
"2016-2017";"86.26";"Total Servicios";"Ambos Sexos";"Exito"
"2015-2016";"88.11";"Total Servicios";"Ambos Sexos";"Exito"
"2022-2023";"81.82";"Deportes";"Ambos Sexos";"Exito"
"2021-2022";"82.15";"Deportes";"Ambos Sexos";"Exito"
"2020-2021";"91.14";"Deportes";"Ambos Sexos";"Exito"
"2019-2020";"87.7";"Deportes";"Ambos Sexos";"Exito"
"2018-2019";"77.88";"Deportes";"Ambos Sexos";"Exito"
"2017-2018";"80.82";"Deportes";"Ambos Sexos";"Exito"
"2016-2017";"82.99";"Deportes";"Ambos Sexos";"Exito"
"2015-2016";"83.43";"Deportes";"Ambos Sexos";"Exito"
"2022-2023";"92.64";"Turismo y Hostelería";"Ambos Sexos";"Exito"
"2021-2022";"90.95";"Turismo y Hostelería";"Ambos Sexos";"Exito"
"2020-2021";"94.49";"Turismo y Hostelería";"Ambos Sexos";"Exito"
"2019-2020";"94.32";"Turismo y Hostelería";"Ambos Sexos";"Exito"
"2018-2019";"91.49";"Turismo y Hostelería";"Ambos Sexos";"Exito"
"2017-2018";"91.92";"Turismo y Hostelería";"Ambos Sexos";"Exito"
"2016-2017";"91.45";"Turismo y Hostelería";"Ambos Sexos";"Exito"
"2015-2016";"93.26";"Turismo y Hostelería";"Ambos Sexos";"Exito"
"2022-2023";"90.9";"Otros Servicios";"Ambos Sexos";"Exito"
"2021-2022";"96.05";"Otros Servicios";"Ambos Sexos";"Exito"
"2020-2021";"98.56";"Otros Servicios";"Ambos Sexos";"Exito"
"2019-2020";"96.42";"Otros Servicios";"Ambos Sexos";"Exito"
"2018-2019";"90.82";"Otros Servicios";"Ambos Sexos";"Exito"
"2017-2018";"93.49";"Otros Servicios";"Ambos Sexos";"Exito"
"2016-2017";"..";"Otros Servicios";"Ambos Sexos";"Exito"
"2015-2016";"..";"Otros Servicios";"Ambos Sexos";"Exito"
"2022-2023";"???";"Universidades Privadas No Presenciales";"Ambos Sexos";"Evaluacion"
"2021-2022";"???";"Universidades Privadas No Presenciales";"Ambos Sexos";"Evaluacion"
"2020-2021";"???";"Universidades Privadas No Presenciales";"Ambos Sexos";"Evaluacion"
"2019-2020";"???";"Universidades Privadas No Presenciales";"Ambos Sexos";"Evaluacion"
"2018-2019";"???";"Universidades Privadas No Presenciales";"Ambos Sexos";"Evaluacion"
"2017-2018";"???";"Universidades Privadas No Presenciales";"Ambos Sexos";"Evaluacion"
"2016-2017";"???";"Universidades Privadas No Presenciales";"Ambos Sexos";"Evaluacion"
"2015-2016";"???";"Universidades Privadas No Presenciales";"Ambos Sexos";"Evaluacion"
"2022-2023";"87.15";"Todos los ámbitos";"Ambos Sexos";"Evaluacion"
"2021-2022";"86.78";"Todos los ámbitos";"Ambos Sexos";"Evaluacion"
"2020-2021";"89.75";"Todos los ámbitos";"Ambos Sexos";"Evaluacion"
"2019-2020";"87.02";"Todos los ámbitos";"Ambos Sexos";"Evaluacion"
"2018-2019";"82.99";"Todos los ámbitos";"Ambos Sexos";"Evaluacion"
"2017-2018";"83.18";"Todos los ámbitos";"Ambos Sexos";"Evaluacion"
"2016-2017";"83.25";"Todos los ámbitos";"Ambos Sexos";"Evaluacion"
"2015-2016";"83.02";"Todos los ámbitos";"Ambos Sexos";"Evaluacion"
"2022-2023";"91.86";"Total Educación";"Ambos Sexos";"Evaluacion"
"2021-2022";"91.27";"Total Educación";"Ambos Sexos";"Evaluacion"
"2020-2021";"94.73";"Total Educación";"Ambos Sexos";"Evaluacion"
"2019-2020";"93.06";"Total Educación";"Ambos Sexos";"Evaluacion"
"2018-2019";"89.91";"Total Educación";"Ambos Sexos";"Evaluacion"
"2017-2018";"90.28";"Total Educación";"Ambos Sexos";"Evaluacion"
"2016-2017";"90.07";"Total Educación";"Ambos Sexos";"Evaluacion"
"2015-2016";"90.38";"Total Educación";"Ambos Sexos";"Evaluacion"
"2022-2023";"92.32";"Formación de docentes de enseñanza infantil";"Ambos Sexos";"Evaluacion"
"2021-2022";"92.51";"Formación de docentes de enseñanza infantil";"Ambos Sexos";"Evaluacion"
"2020-2021";"95.28";"Formación de docentes de enseñanza infantil";"Ambos Sexos";"Evaluacion"
"2019-2020";"94.87";"Formación de docentes de enseñanza infantil";"Ambos Sexos";"Evaluacion"
"2018-2019";"92.03";"Formación de docentes de enseñanza infantil";"Ambos Sexos";"Evaluacion"
"2017-2018";"92.11";"Formación de docentes de enseñanza infantil";"Ambos Sexos";"Evaluacion"
"2016-2017";"91.54";"Formación de docentes de enseñanza infantil";"Ambos Sexos";"Evaluacion"
"2015-2016";"91.47";"Formación de docentes de enseñanza infantil";"Ambos Sexos";"Evaluacion"
"2022-2023";"92.25";"Formación de docentes de enseñanza primaria";"Ambos Sexos";"Evaluacion"
"2021-2022";"91.11";"Formación de docentes de enseñanza primaria";"Ambos Sexos";"Evaluacion"
"2020-2021";"95.62";"Formación de docentes de enseñanza primaria";"Ambos Sexos";"Evaluacion"
"2019-2020";"93.08";"Formación de docentes de enseñanza primaria";"Ambos Sexos";"Evaluacion"
"2018-2019";"89.65";"Formación de docentes de enseñanza primaria";"Ambos Sexos";"Evaluacion"
"2017-2018";"90.52";"Formación de docentes de enseñanza primaria";"Ambos Sexos";"Evaluacion"
"2016-2017";"90.58";"Formación de docentes de enseñanza primaria";"Ambos Sexos";"Evaluacion"
"2015-2016";"90.94";"Formación de docentes de enseñanza primaria";"Ambos Sexos";"Evaluacion"
"2022-2023";"89.98";"Otra Formación de personal docente y ciencias de la educación";"Ambos Sexos";"Evaluacion"
"2021-2022";"89.38";"Otra Formación de personal docente y ciencias de la educación";"Ambos Sexos";"Evaluacion"
"2020-2021";"91.68";"Otra Formación de personal docente y ciencias de la educación";"Ambos Sexos";"Evaluacion"
"2019-2020";"89.44";"Otra Formación de personal docente y ciencias de la educación";"Ambos Sexos";"Evaluacion"
"2018-2019";"85.93";"Otra Formación de personal docente y ciencias de la educación";"Ambos Sexos";"Evaluacion"
"2017-2018";"85.1";"Otra Formación de personal docente y ciencias de la educación";"Ambos Sexos";"Evaluacion"
"2016-2017";"84.81";"Otra Formación de personal docente y ciencias de la educación";"Ambos Sexos";"Evaluacion"
"2015-2016";"85.59";"Otra Formación de personal docente y ciencias de la educación";"Ambos Sexos";"Evaluacion"
"2022-2023";"83.82";"Total Artes y humanidades";"Ambos Sexos";"Evaluacion"
"2021-2022";"83.77";"Total Artes y humanidades";"Ambos Sexos";"Evaluacion"
"2020-2021";"86.7";"Total Artes y humanidades";"Ambos Sexos";"Evaluacion"
"2019-2020";"84.71";"Total Artes y humanidades";"Ambos Sexos";"Evaluacion"
"2018-2019";"81.11";"Total Artes y humanidades";"Ambos Sexos";"Evaluacion"
"2017-2018";"80.11";"Total Artes y humanidades";"Ambos Sexos";"Evaluacion"
"2016-2017";"80.25";"Total Artes y humanidades";"Ambos Sexos";"Evaluacion"
"2015-2016";"78.52";"Total Artes y humanidades";"Ambos Sexos";"Evaluacion"
"2022-2023";"87.34";"Técnicas audiovisuales y medios de comunicación";"Ambos Sexos";"Evaluacion"
"2021-2022";"86.89";"Técnicas audiovisuales y medios de comunicación";"Ambos Sexos";"Evaluacion"
"2020-2021";"88.69";"Técnicas audiovisuales y medios de comunicación";"Ambos Sexos";"Evaluacion"
"2019-2020";"86.42";"Técnicas audiovisuales y medios de comunicación";"Ambos Sexos";"Evaluacion"
"2018-2019";"83.95";"Técnicas audiovisuales y medios de comunicación";"Ambos Sexos";"Evaluacion"
"2017-2018";"82.38";"Técnicas audiovisuales y medios de comunicación";"Ambos Sexos";"Evaluacion"
"2016-2017";"81.74";"Técnicas audiovisuales y medios de comunicación";"Ambos Sexos";"Evaluacion"
"2015-2016";"79.15";"Técnicas audiovisuales y medios de comunicación";"Ambos Sexos";"Evaluacion"
"2022-2023";"83.63";"Artes";"Ambos Sexos";"Evaluacion"
"2021-2022";"81.39";"Artes";"Ambos Sexos";"Evaluacion"
"2020-2021";"86.98";"Artes";"Ambos Sexos";"Evaluacion"
"2019-2020";"84.99";"Artes";"Ambos Sexos";"Evaluacion"
"2018-2019";"80.82";"Artes";"Ambos Sexos";"Evaluacion"
"2017-2018";"77.03";"Artes";"Ambos Sexos";"Evaluacion"
"2016-2017";"79.82";"Artes";"Ambos Sexos";"Evaluacion"
"2015-2016";"76.52";"Artes";"Ambos Sexos";"Evaluacion"
"2022-2023";"80.81";"Lenguas";"Ambos Sexos";"Evaluacion"
"2021-2022";"81.55";"Lenguas";"Ambos Sexos";"Evaluacion"
"2020-2021";"83.72";"Lenguas";"Ambos Sexos";"Evaluacion"
"2019-2020";"81.25";"Lenguas";"Ambos Sexos";"Evaluacion"
"2018-2019";"78.76";"Lenguas";"Ambos Sexos";"Evaluacion"
"2017-2018";"77.82";"Lenguas";"Ambos Sexos";"Evaluacion"
"2016-2017";"80.75";"Lenguas";"Ambos Sexos";"Evaluacion"
"2015-2016";"79.98";"Lenguas";"Ambos Sexos";"Evaluacion"
"2022-2023";"80.22";"Humanidades";"Ambos Sexos";"Evaluacion"
"2021-2022";"81.02";"Humanidades";"Ambos Sexos";"Evaluacion"
"2020-2021";"84.62";"Humanidades";"Ambos Sexos";"Evaluacion"
"2019-2020";"83.17";"Humanidades";"Ambos Sexos";"Evaluacion"
"2018-2019";"77.74";"Humanidades";"Ambos Sexos";"Evaluacion"
"2017-2018";"78.59";"Humanidades";"Ambos Sexos";"Evaluacion"
"2016-2017";"78.07";"Humanidades";"Ambos Sexos";"Evaluacion"
"2015-2016";"77.4";"Humanidades";"Ambos Sexos";"Evaluacion"
"2022-2023";"87.75";"Total Ciencias sociales, periodismo y documentación";"Ambos Sexos";"Evaluacion"
"2021-2022";"87.47";"Total Ciencias sociales, periodismo y documentación";"Ambos Sexos";"Evaluacion"
"2020-2021";"89.68";"Total Ciencias sociales, periodismo y documentación";"Ambos Sexos";"Evaluacion"
"2019-2020";"86.75";"Total Ciencias sociales, periodismo y documentación";"Ambos Sexos";"Evaluacion"
"2018-2019";"82.05";"Total Ciencias sociales, periodismo y documentación";"Ambos Sexos";"Evaluacion"
"2017-2018";"82.09";"Total Ciencias sociales, periodismo y documentación";"Ambos Sexos";"Evaluacion"
"2016-2017";"82.47";"Total Ciencias sociales, periodismo y documentación";"Ambos Sexos";"Evaluacion"
"2015-2016";"82.37";"Total Ciencias sociales, periodismo y documentación";"Ambos Sexos";"Evaluacion"
"2022-2023";"87.42";"Psicología";"Ambos Sexos";"Evaluacion"
"2021-2022";"87.37";"Psicología";"Ambos Sexos";"Evaluacion"
"2020-2021";"89.41";"Psicología";"Ambos Sexos";"Evaluacion"
"2019-2020";"86.23";"Psicología";"Ambos Sexos";"Evaluacion"
"2018-2019";"81.93";"Psicología";"Ambos Sexos";"Evaluacion"
"2017-2018";"81.53";"Psicología";"Ambos Sexos";"Evaluacion"
"2016-2017";"81.69";"Psicología";"Ambos Sexos";"Evaluacion"
"2015-2016";"80.78";"Psicología";"Ambos Sexos";"Evaluacion"
"2022-2023";"85.11";"Economía";"Ambos Sexos";"Evaluacion"
"2021-2022";"83.07";"Economía";"Ambos Sexos";"Evaluacion"
"2020-2021";"84.3";"Economía";"Ambos Sexos";"Evaluacion"
"2019-2020";"80.8";"Economía";"Ambos Sexos";"Evaluacion"
"2018-2019";"75.03";"Economía";"Ambos Sexos";"Evaluacion"
"2017-2018";"74.76";"Economía";"Ambos Sexos";"Evaluacion"
"2016-2017";"70.22";"Economía";"Ambos Sexos";"Evaluacion"
"2015-2016";"63.68";"Economía";"Ambos Sexos";"Evaluacion"
"2022-2023";"88.91";"Otras Ciencias sociales y del comportamiento";"Ambos Sexos";"Evaluacion"
"2021-2022";"88.45";"Otras Ciencias sociales y del comportamiento";"Ambos Sexos";"Evaluacion"
"2020-2021";"90.59";"Otras Ciencias sociales y del comportamiento";"Ambos Sexos";"Evaluacion"
"2019-2020";"88.41";"Otras Ciencias sociales y del comportamiento";"Ambos Sexos";"Evaluacion"
"2018-2019";"84.51";"Otras Ciencias sociales y del comportamiento";"Ambos Sexos";"Evaluacion"
"2017-2018";"84.82";"Otras Ciencias sociales y del comportamiento";"Ambos Sexos";"Evaluacion"
"2016-2017";"85.62";"Otras Ciencias sociales y del comportamiento";"Ambos Sexos";"Evaluacion"
"2015-2016";"86.36";"Otras Ciencias sociales y del comportamiento";"Ambos Sexos";"Evaluacion"
"2022-2023";"87.71";"Periodismo e información";"Ambos Sexos";"Evaluacion"
"2021-2022";"87.3";"Periodismo e información";"Ambos Sexos";"Evaluacion"
"2020-2021";"90.53";"Periodismo e información";"Ambos Sexos";"Evaluacion"
"2019-2020";"87.59";"Periodismo e información";"Ambos Sexos";"Evaluacion"
"2018-2019";"80.81";"Periodismo e información";"Ambos Sexos";"Evaluacion"
"2017-2018";"81.77";"Periodismo e información";"Ambos Sexos";"Evaluacion"
"2016-2017";"82.49";"Periodismo e información";"Ambos Sexos";"Evaluacion"
"2015-2016";"82.98";"Periodismo e información";"Ambos Sexos";"Evaluacion"
"2022-2023";"85.95";"Total Negocios, administración y derecho";"Ambos Sexos";"Evaluacion"
"2021-2022";"85.64";"Total Negocios, administración y derecho";"Ambos Sexos";"Evaluacion"
"2020-2021";"89.05";"Total Negocios, administración y derecho";"Ambos Sexos";"Evaluacion"
"2019-2020";"85.55";"Total Negocios, administración y derecho";"Ambos Sexos";"Evaluacion"
"2018-2019";"80.49";"Total Negocios, administración y derecho";"Ambos Sexos";"Evaluacion"
"2017-2018";"80.58";"Total Negocios, administración y derecho";"Ambos Sexos";"Evaluacion"
"2016-2017";"79.96";"Total Negocios, administración y derecho";"Ambos Sexos";"Evaluacion"
"2015-2016";"79.34";"Total Negocios, administración y derecho";"Ambos Sexos";"Evaluacion"
"2022-2023";"86.48";"Administración y gestión de empresas";"Ambos Sexos";"Evaluacion"
"2021-2022";"86.11";"Administración y gestión de empresas";"Ambos Sexos";"Evaluacion"
"2020-2021";"88.64";"Administración y gestión de empresas";"Ambos Sexos";"Evaluacion"
"2019-2020";"84.88";"Administración y gestión de empresas";"Ambos Sexos";"Evaluacion"
"2018-2019";"80.3";"Administración y gestión de empresas";"Ambos Sexos";"Evaluacion"
"2017-2018";"79.57";"Administración y gestión de empresas";"Ambos Sexos";"Evaluacion"
"2016-2017";"79.4";"Administración y gestión de empresas";"Ambos Sexos";"Evaluacion"
"2015-2016";"78.65";"Administración y gestión de empresas";"Ambos Sexos";"Evaluacion"
"2022-2023";"85.29";"Otra Educación comercial y empresarial";"Ambos Sexos";"Evaluacion"
"2021-2022";"83.76";"Otra Educación comercial y empresarial";"Ambos Sexos";"Evaluacion"
"2020-2021";"87.86";"Otra Educación comercial y empresarial";"Ambos Sexos";"Evaluacion"
"2019-2020";"85.22";"Otra Educación comercial y empresarial";"Ambos Sexos";"Evaluacion"
"2018-2019";"79.07";"Otra Educación comercial y empresarial";"Ambos Sexos";"Evaluacion"
"2017-2018";"79.64";"Otra Educación comercial y empresarial";"Ambos Sexos";"Evaluacion"
"2016-2017";"77.01";"Otra Educación comercial y empresarial";"Ambos Sexos";"Evaluacion"
"2015-2016";"77.42";"Otra Educación comercial y empresarial";"Ambos Sexos";"Evaluacion"
"2022-2023";"85.62";"Derecho";"Ambos Sexos";"Evaluacion"
"2021-2022";"85.93";"Derecho";"Ambos Sexos";"Evaluacion"
"2020-2021";"90.03";"Derecho";"Ambos Sexos";"Evaluacion"
"2019-2020";"86.5";"Derecho";"Ambos Sexos";"Evaluacion"
"2018-2019";"81.24";"Derecho";"Ambos Sexos";"Evaluacion"
"2017-2018";"82.23";"Derecho";"Ambos Sexos";"Evaluacion"
"2016-2017";"81.72";"Derecho";"Ambos Sexos";"Evaluacion"
"2015-2016";"80.96";"Derecho";"Ambos Sexos";"Evaluacion"
"2022-2023";"61.0";"Total Ciencias";"Ambos Sexos";"Evaluacion"
"2021-2022";"74.28";"Total Ciencias";"Ambos Sexos";"Evaluacion"
"2020-2021";"77.88";"Total Ciencias";"Ambos Sexos";"Evaluacion"
"2019-2020";"70.24";"Total Ciencias";"Ambos Sexos";"Evaluacion"
"2018-2019";"69.53";"Total Ciencias";"Ambos Sexos";"Evaluacion"
"2017-2018";"..";"Total Ciencias";"Ambos Sexos";"Evaluacion"
"2016-2017";"..";"Total Ciencias";"Ambos Sexos";"Evaluacion"
"2015-2016";"..";"Total Ciencias";"Ambos Sexos";"Evaluacion"
"2022-2023";"..";"Ciencias de la vida";"Ambos Sexos";"Evaluacion"
"2021-2022";"..";"Ciencias de la vida";"Ambos Sexos";"Evaluacion"
"2020-2021";"..";"Ciencias de la vida";"Ambos Sexos";"Evaluacion"
"2019-2020";"..";"Ciencias de la vida";"Ambos Sexos";"Evaluacion"
"2018-2019";"..";"Ciencias de la vida";"Ambos Sexos";"Evaluacion"
"2017-2018";"..";"Ciencias de la vida";"Ambos Sexos";"Evaluacion"
"2016-2017";"..";"Ciencias de la vida";"Ambos Sexos";"Evaluacion"
"2015-2016";"..";"Ciencias de la vida";"Ambos Sexos";"Evaluacion"
"2022-2023";"73.58";"Ciencias Físicas, químicas, geológicas";"Ambos Sexos";"Evaluacion"
"2021-2022";"73.93";"Ciencias Físicas, químicas, geológicas";"Ambos Sexos";"Evaluacion"
"2020-2021";"..";"Ciencias Físicas, químicas, geológicas";"Ambos Sexos";"Evaluacion"
"2019-2020";"..";"Ciencias Físicas, químicas, geológicas";"Ambos Sexos";"Evaluacion"
"2018-2019";"..";"Ciencias Físicas, químicas, geológicas";"Ambos Sexos";"Evaluacion"
"2017-2018";"..";"Ciencias Físicas, químicas, geológicas";"Ambos Sexos";"Evaluacion"
"2016-2017";"..";"Ciencias Físicas, químicas, geológicas";"Ambos Sexos";"Evaluacion"
"2015-2016";"..";"Ciencias Físicas, químicas, geológicas";"Ambos Sexos";"Evaluacion"
"2022-2023";"54.38";"Matemáticas y Estadística";"Ambos Sexos";"Evaluacion"
"2021-2022";"74.3";"Matemáticas y Estadística";"Ambos Sexos";"Evaluacion"
"2020-2021";"77.88";"Matemáticas y Estadística";"Ambos Sexos";"Evaluacion"
"2019-2020";"70.24";"Matemáticas y Estadística";"Ambos Sexos";"Evaluacion"
"2018-2019";"69.53";"Matemáticas y Estadística";"Ambos Sexos";"Evaluacion"
"2017-2018";"..";"Matemáticas y Estadística";"Ambos Sexos";"Evaluacion"
"2016-2017";"..";"Matemáticas y Estadística";"Ambos Sexos";"Evaluacion"
"2015-2016";"..";"Matemáticas y Estadística";"Ambos Sexos";"Evaluacion"
"2022-2023";"81.87";"Total Informática";"Ambos Sexos";"Evaluacion"
"2021-2022";"81.78";"Total Informática";"Ambos Sexos";"Evaluacion"
"2020-2021";"83.15";"Total Informática";"Ambos Sexos";"Evaluacion"
"2019-2020";"79.77";"Total Informática";"Ambos Sexos";"Evaluacion"
"2018-2019";"75.96";"Total Informática";"Ambos Sexos";"Evaluacion"
"2017-2018";"74.25";"Total Informática";"Ambos Sexos";"Evaluacion"
"2016-2017";"74.73";"Total Informática";"Ambos Sexos";"Evaluacion"
"2015-2016";"73.56";"Total Informática";"Ambos Sexos";"Evaluacion"
"2022-2023";"81.87";"Informática";"Ambos Sexos";"Evaluacion"
"2021-2022";"81.78";"Informática";"Ambos Sexos";"Evaluacion"
"2020-2021";"83.15";"Informática";"Ambos Sexos";"Evaluacion"
"2019-2020";"79.77";"Informática";"Ambos Sexos";"Evaluacion"
"2018-2019";"75.96";"Informática";"Ambos Sexos";"Evaluacion"
"2017-2018";"74.25";"Informática";"Ambos Sexos";"Evaluacion"
"2016-2017";"74.73";"Informática";"Ambos Sexos";"Evaluacion"
"2015-2016";"73.56";"Informática";"Ambos Sexos";"Evaluacion"
"2022-2023";"75.41";"Total Ingeniería, industria y construcción";"Ambos Sexos";"Evaluacion"
"2021-2022";"78.56";"Total Ingeniería, industria y construcción";"Ambos Sexos";"Evaluacion"
"2020-2021";"79.98";"Total Ingeniería, industria y construcción";"Ambos Sexos";"Evaluacion"
"2019-2020";"77.4";"Total Ingeniería, industria y construcción";"Ambos Sexos";"Evaluacion"
"2018-2019";"72.61";"Total Ingeniería, industria y construcción";"Ambos Sexos";"Evaluacion"
"2017-2018";"72.28";"Total Ingeniería, industria y construcción";"Ambos Sexos";"Evaluacion"
"2016-2017";"72.22";"Total Ingeniería, industria y construcción";"Ambos Sexos";"Evaluacion"
"2015-2016";"70.16";"Total Ingeniería, industria y construcción";"Ambos Sexos";"Evaluacion"
"2022-2023";"75.41";"Ingenierías";"Ambos Sexos";"Evaluacion"
"2021-2022";"78.56";"Ingenierías";"Ambos Sexos";"Evaluacion"
"2020-2021";"79.98";"Ingenierías";"Ambos Sexos";"Evaluacion"
"2019-2020";"77.4";"Ingenierías";"Ambos Sexos";"Evaluacion"
"2018-2019";"72.61";"Ingenierías";"Ambos Sexos";"Evaluacion"
"2017-2018";"72.28";"Ingenierías";"Ambos Sexos";"Evaluacion"
"2016-2017";"72.22";"Ingenierías";"Ambos Sexos";"Evaluacion"
"2015-2016";"70.16";"Ingenierías";"Ambos Sexos";"Evaluacion"
"2022-2023";"..";"Arquitectura y construcción";"Ambos Sexos";"Evaluacion"
"2021-2022";"..";"Arquitectura y construcción";"Ambos Sexos";"Evaluacion"
"2020-2021";"..";"Arquitectura y construcción";"Ambos Sexos";"Evaluacion"
"2019-2020";"..";"Arquitectura y construcción";"Ambos Sexos";"Evaluacion"
"2018-2019";"..";"Arquitectura y construcción";"Ambos Sexos";"Evaluacion"
"2017-2018";"..";"Arquitectura y construcción";"Ambos Sexos";"Evaluacion"
"2016-2017";"..";"Arquitectura y construcción";"Ambos Sexos";"Evaluacion"
"2015-2016";"..";"Arquitectura y construcción";"Ambos Sexos";"Evaluacion"
"2022-2023";"..";"Total Agricultura, ganadería,  silvicultura, pesca, y veterinaria";"Ambos Sexos";"Evaluacion"
"2021-2022";"..";"Total Agricultura, ganadería,  silvicultura, pesca, y veterinaria";"Ambos Sexos";"Evaluacion"
"2020-2021";"..";"Total Agricultura, ganadería,  silvicultura, pesca, y veterinaria";"Ambos Sexos";"Evaluacion"
"2019-2020";"..";"Total Agricultura, ganadería,  silvicultura, pesca, y veterinaria";"Ambos Sexos";"Evaluacion"
"2018-2019";"..";"Total Agricultura, ganadería,  silvicultura, pesca, y veterinaria";"Ambos Sexos";"Evaluacion"
"2017-2018";"..";"Total Agricultura, ganadería,  silvicultura, pesca, y veterinaria";"Ambos Sexos";"Evaluacion"
"2016-2017";"..";"Total Agricultura, ganadería,  silvicultura, pesca, y veterinaria";"Ambos Sexos";"Evaluacion"
"2015-2016";"..";"Total Agricultura, ganadería,  silvicultura, pesca, y veterinaria";"Ambos Sexos";"Evaluacion"
"2022-2023";"..";"Agricultura, ganadería y pesca";"Ambos Sexos";"Evaluacion"
"2021-2022";"..";"Agricultura, ganadería y pesca";"Ambos Sexos";"Evaluacion"
"2020-2021";"..";"Agricultura, ganadería y pesca";"Ambos Sexos";"Evaluacion"
"2019-2020";"..";"Agricultura, ganadería y pesca";"Ambos Sexos";"Evaluacion"
"2018-2019";"..";"Agricultura, ganadería y pesca";"Ambos Sexos";"Evaluacion"
"2017-2018";"..";"Agricultura, ganadería y pesca";"Ambos Sexos";"Evaluacion"
"2016-2017";"..";"Agricultura, ganadería y pesca";"Ambos Sexos";"Evaluacion"
"2015-2016";"..";"Agricultura, ganadería y pesca";"Ambos Sexos";"Evaluacion"
"2022-2023";"..";"Veterinaria";"Ambos Sexos";"Evaluacion"
"2021-2022";"..";"Veterinaria";"Ambos Sexos";"Evaluacion"
"2020-2021";"..";"Veterinaria";"Ambos Sexos";"Evaluacion"
"2019-2020";"..";"Veterinaria";"Ambos Sexos";"Evaluacion"
"2018-2019";"..";"Veterinaria";"Ambos Sexos";"Evaluacion"
"2017-2018";"..";"Veterinaria";"Ambos Sexos";"Evaluacion"
"2016-2017";"..";"Veterinaria";"Ambos Sexos";"Evaluacion"
"2015-2016";"..";"Veterinaria";"Ambos Sexos";"Evaluacion"
"2022-2023";"87.04";"Total Salud y servicios sociales";"Ambos Sexos";"Evaluacion"
"2021-2022";"86.62";"Total Salud y servicios sociales";"Ambos Sexos";"Evaluacion"
"2020-2021";"91.16";"Total Salud y servicios sociales";"Ambos Sexos";"Evaluacion"
"2019-2020";"89.28";"Total Salud y servicios sociales";"Ambos Sexos";"Evaluacion"
"2018-2019";"85.41";"Total Salud y servicios sociales";"Ambos Sexos";"Evaluacion"
"2017-2018";"86.54";"Total Salud y servicios sociales";"Ambos Sexos";"Evaluacion"
"2016-2017";"88.36";"Total Salud y servicios sociales";"Ambos Sexos";"Evaluacion"
"2015-2016";"90.98";"Total Salud y servicios sociales";"Ambos Sexos";"Evaluacion"
"2022-2023";"..";"Medicina";"Ambos Sexos";"Evaluacion"
"2021-2022";"..";"Medicina";"Ambos Sexos";"Evaluacion"
"2020-2021";"..";"Medicina";"Ambos Sexos";"Evaluacion"
"2019-2020";"..";"Medicina";"Ambos Sexos";"Evaluacion"
"2018-2019";"..";"Medicina";"Ambos Sexos";"Evaluacion"
"2017-2018";"..";"Medicina";"Ambos Sexos";"Evaluacion"
"2016-2017";"..";"Medicina";"Ambos Sexos";"Evaluacion"
"2015-2016";"..";"Medicina";"Ambos Sexos";"Evaluacion"
"2022-2023";"..";"Enfermería y atención a enfermos";"Ambos Sexos";"Evaluacion"
"2021-2022";"..";"Enfermería y atención a enfermos";"Ambos Sexos";"Evaluacion"
"2020-2021";"..";"Enfermería y atención a enfermos";"Ambos Sexos";"Evaluacion"
"2019-2020";"..";"Enfermería y atención a enfermos";"Ambos Sexos";"Evaluacion"
"2018-2019";"..";"Enfermería y atención a enfermos";"Ambos Sexos";"Evaluacion"
"2017-2018";"..";"Enfermería y atención a enfermos";"Ambos Sexos";"Evaluacion"
"2016-2017";"..";"Enfermería y atención a enfermos";"Ambos Sexos";"Evaluacion"
"2015-2016";"..";"Enfermería y atención a enfermos";"Ambos Sexos";"Evaluacion"
"2022-2023";"83.57";"Otras ciencias de la Salud";"Ambos Sexos";"Evaluacion"
"2021-2022";"81.2";"Otras ciencias de la Salud";"Ambos Sexos";"Evaluacion"
"2020-2021";"87.6";"Otras ciencias de la Salud";"Ambos Sexos";"Evaluacion"
"2019-2020";"87.95";"Otras ciencias de la Salud";"Ambos Sexos";"Evaluacion"
"2018-2019";"85.42";"Otras ciencias de la Salud";"Ambos Sexos";"Evaluacion"
"2017-2018";"86.04";"Otras ciencias de la Salud";"Ambos Sexos";"Evaluacion"
"2016-2017";"89.36";"Otras ciencias de la Salud";"Ambos Sexos";"Evaluacion"
"2015-2016";"91.79";"Otras ciencias de la Salud";"Ambos Sexos";"Evaluacion"
"2022-2023";"90.37";"Trabajo social y orientación";"Ambos Sexos";"Evaluacion"
"2021-2022";"90.83";"Trabajo social y orientación";"Ambos Sexos";"Evaluacion"
"2020-2021";"95.04";"Trabajo social y orientación";"Ambos Sexos";"Evaluacion"
"2019-2020";"92.33";"Trabajo social y orientación";"Ambos Sexos";"Evaluacion"
"2018-2019";"85.36";"Trabajo social y orientación";"Ambos Sexos";"Evaluacion"
"2017-2018";"88.79";"Trabajo social y orientación";"Ambos Sexos";"Evaluacion"
"2016-2017";"83.52";"Trabajo social y orientación";"Ambos Sexos";"Evaluacion"
"2015-2016";"88.53";"Trabajo social y orientación";"Ambos Sexos";"Evaluacion"
"2022-2023";"84.03";"Total Servicios";"Ambos Sexos";"Evaluacion"
"2021-2022";"83.28";"Total Servicios";"Ambos Sexos";"Evaluacion"
"2020-2021";"89.2";"Total Servicios";"Ambos Sexos";"Evaluacion"
"2019-2020";"85.98";"Total Servicios";"Ambos Sexos";"Evaluacion"
"2018-2019";"82.37";"Total Servicios";"Ambos Sexos";"Evaluacion"
"2017-2018";"81.98";"Total Servicios";"Ambos Sexos";"Evaluacion"
"2016-2017";"83.06";"Total Servicios";"Ambos Sexos";"Evaluacion"
"2015-2016";"84.08";"Total Servicios";"Ambos Sexos";"Evaluacion"
"2022-2023";"82.83";"Deportes";"Ambos Sexos";"Evaluacion"
"2021-2022";"77.86";"Deportes";"Ambos Sexos";"Evaluacion"
"2020-2021";"87.96";"Deportes";"Ambos Sexos";"Evaluacion"
"2019-2020";"87.07";"Deportes";"Ambos Sexos";"Evaluacion"
"2018-2019";"84.06";"Deportes";"Ambos Sexos";"Evaluacion"
"2017-2018";"83.74";"Deportes";"Ambos Sexos";"Evaluacion"
"2016-2017";"86.68";"Deportes";"Ambos Sexos";"Evaluacion"
"2015-2016";"89.54";"Deportes";"Ambos Sexos";"Evaluacion"
"2022-2023";"85.18";"Turismo y Hostelería";"Ambos Sexos";"Evaluacion"
"2021-2022";"84.81";"Turismo y Hostelería";"Ambos Sexos";"Evaluacion"
"2020-2021";"88.37";"Turismo y Hostelería";"Ambos Sexos";"Evaluacion"
"2019-2020";"83.06";"Turismo y Hostelería";"Ambos Sexos";"Evaluacion"
"2018-2019";"78.27";"Turismo y Hostelería";"Ambos Sexos";"Evaluacion"
"2017-2018";"78.52";"Turismo y Hostelería";"Ambos Sexos";"Evaluacion"
"2016-2017";"77.88";"Turismo y Hostelería";"Ambos Sexos";"Evaluacion"
"2015-2016";"78.8";"Turismo y Hostelería";"Ambos Sexos";"Evaluacion"
"2022-2023";"84.74";"Otros Servicios";"Ambos Sexos";"Evaluacion"
"2021-2022";"94.93";"Otros Servicios";"Ambos Sexos";"Evaluacion"
"2020-2021";"96.95";"Otros Servicios";"Ambos Sexos";"Evaluacion"
"2019-2020";"95.85";"Otros Servicios";"Ambos Sexos";"Evaluacion"
"2018-2019";"94.53";"Otros Servicios";"Ambos Sexos";"Evaluacion"
"2017-2018";"97.13";"Otros Servicios";"Ambos Sexos";"Evaluacion"
"2016-2017";"..";"Otros Servicios";"Ambos Sexos";"Evaluacion"
"2015-2016";"..";"Otros Servicios";"Ambos Sexos";"Evaluacion"
"2022-2023";"???";"Universidades Privadas No Presenciales";"Hombres";"Rendimiento"
"2021-2022";"???";"Universidades Privadas No Presenciales";"Hombres";"Rendimiento"
"2020-2021";"???";"Universidades Privadas No Presenciales";"Hombres";"Rendimiento"
"2019-2020";"???";"Universidades Privadas No Presenciales";"Hombres";"Rendimiento"
"2018-2019";"???";"Universidades Privadas No Presenciales";"Hombres";"Rendimiento"
"2017-2018";"???";"Universidades Privadas No Presenciales";"Hombres";"Rendimiento"
"2016-2017";"???";"Universidades Privadas No Presenciales";"Hombres";"Rendimiento"
"2015-2016";"???";"Universidades Privadas No Presenciales";"Hombres";"Rendimiento"
"2022-2023";"77.96";"Todos los ámbitos";"Hombres";"Rendimiento"
"2021-2022";"77.33";"Todos los ámbitos";"Hombres";"Rendimiento"
"2020-2021";"82.21";"Todos los ámbitos";"Hombres";"Rendimiento"
"2019-2020";"79.2";"Todos los ámbitos";"Hombres";"Rendimiento"
"2018-2019";"73.06";"Todos los ámbitos";"Hombres";"Rendimiento"
"2017-2018";"73.0";"Todos los ámbitos";"Hombres";"Rendimiento"
"2016-2017";"73.3";"Todos los ámbitos";"Hombres";"Rendimiento"
"2015-2016";"73.2";"Todos los ámbitos";"Hombres";"Rendimiento"
"2022-2023";"84.61";"Total Educación";"Hombres";"Rendimiento"
"2021-2022";"83.67";"Total Educación";"Hombres";"Rendimiento"
"2020-2021";"90.39";"Total Educación";"Hombres";"Rendimiento"
"2019-2020";"86.43";"Total Educación";"Hombres";"Rendimiento"
"2018-2019";"79.21";"Total Educación";"Hombres";"Rendimiento"
"2017-2018";"81.18";"Total Educación";"Hombres";"Rendimiento"
"2016-2017";"82.19";"Total Educación";"Hombres";"Rendimiento"
"2015-2016";"83.49";"Total Educación";"Hombres";"Rendimiento"
"2022-2023";"83.33";"Formación de docentes de enseñanza infantil";"Hombres";"Rendimiento"
"2021-2022";"84.54";"Formación de docentes de enseñanza infantil";"Hombres";"Rendimiento"
"2020-2021";"90.71";"Formación de docentes de enseñanza infantil";"Hombres";"Rendimiento"
"2019-2020";"88.2";"Formación de docentes de enseñanza infantil";"Hombres";"Rendimiento"
"2018-2019";"79.2";"Formación de docentes de enseñanza infantil";"Hombres";"Rendimiento"
"2017-2018";"83.19";"Formación de docentes de enseñanza infantil";"Hombres";"Rendimiento"
"2016-2017";"83.57";"Formación de docentes de enseñanza infantil";"Hombres";"Rendimiento"
"2015-2016";"83.58";"Formación de docentes de enseñanza infantil";"Hombres";"Rendimiento"
"2022-2023";"85.41";"Formación de docentes de enseñanza primaria";"Hombres";"Rendimiento"
"2021-2022";"84.21";"Formación de docentes de enseñanza primaria";"Hombres";"Rendimiento"
"2020-2021";"92.03";"Formación de docentes de enseñanza primaria";"Hombres";"Rendimiento"
"2019-2020";"87.4";"Formación de docentes de enseñanza primaria";"Hombres";"Rendimiento"
"2018-2019";"79.53";"Formación de docentes de enseñanza primaria";"Hombres";"Rendimiento"
"2017-2018";"82.27";"Formación de docentes de enseñanza primaria";"Hombres";"Rendimiento"
"2016-2017";"83.72";"Formación de docentes de enseñanza primaria";"Hombres";"Rendimiento"
"2015-2016";"84.35";"Formación de docentes de enseñanza primaria";"Hombres";"Rendimiento"
"2022-2023";"82.41";"Otra Formación de personal docente y ciencias de la educación";"Hombres";"Rendimiento"
"2021-2022";"81.26";"Otra Formación de personal docente y ciencias de la educación";"Hombres";"Rendimiento"
"2020-2021";"85.21";"Otra Formación de personal docente y ciencias de la educación";"Hombres";"Rendimiento"
"2019-2020";"82.58";"Otra Formación de personal docente y ciencias de la educación";"Hombres";"Rendimiento"
"2018-2019";"78.26";"Otra Formación de personal docente y ciencias de la educación";"Hombres";"Rendimiento"
"2017-2018";"76.07";"Otra Formación de personal docente y ciencias de la educación";"Hombres";"Rendimiento"
"2016-2017";"75.54";"Otra Formación de personal docente y ciencias de la educación";"Hombres";"Rendimiento"
"2015-2016";"79.83";"Otra Formación de personal docente y ciencias de la educación";"Hombres";"Rendimiento"
"2022-2023";"78.65";"Total Artes y humanidades";"Hombres";"Rendimiento"
"2021-2022";"77.45";"Total Artes y humanidades";"Hombres";"Rendimiento"
"2020-2021";"82.33";"Total Artes y humanidades";"Hombres";"Rendimiento"
"2019-2020";"80.51";"Total Artes y humanidades";"Hombres";"Rendimiento"
"2018-2019";"76.67";"Total Artes y humanidades";"Hombres";"Rendimiento"
"2017-2018";"75.71";"Total Artes y humanidades";"Hombres";"Rendimiento"
"2016-2017";"76.01";"Total Artes y humanidades";"Hombres";"Rendimiento"
"2015-2016";"74.61";"Total Artes y humanidades";"Hombres";"Rendimiento"
"2022-2023";"81.03";"Técnicas audiovisuales y medios de comunicación";"Hombres";"Rendimiento"
"2021-2022";"78.09";"Técnicas audiovisuales y medios de comunicación";"Hombres";"Rendimiento"
"2020-2021";"83.08";"Técnicas audiovisuales y medios de comunicación";"Hombres";"Rendimiento"
"2019-2020";"80.91";"Técnicas audiovisuales y medios de comunicación";"Hombres";"Rendimiento"
"2018-2019";"77.95";"Técnicas audiovisuales y medios de comunicación";"Hombres";"Rendimiento"
"2017-2018";"76.79";"Técnicas audiovisuales y medios de comunicación";"Hombres";"Rendimiento"
"2016-2017";"76.75";"Técnicas audiovisuales y medios de comunicación";"Hombres";"Rendimiento"
"2015-2016";"75.03";"Técnicas audiovisuales y medios de comunicación";"Hombres";"Rendimiento"
"2022-2023";"79.81";"Artes";"Hombres";"Rendimiento"
"2021-2022";"77.77";"Artes";"Hombres";"Rendimiento"
"2020-2021";"82.73";"Artes";"Hombres";"Rendimiento"
"2019-2020";"81.74";"Artes";"Hombres";"Rendimiento"
"2018-2019";"75.1";"Artes";"Hombres";"Rendimiento"
"2017-2018";"70.98";"Artes";"Hombres";"Rendimiento"
"2016-2017";"70.14";"Artes";"Hombres";"Rendimiento"
"2015-2016";"68.88";"Artes";"Hombres";"Rendimiento"
"2022-2023";"77.14";"Lenguas";"Hombres";"Rendimiento"
"2021-2022";"76.53";"Lenguas";"Hombres";"Rendimiento"
"2020-2021";"80.81";"Lenguas";"Hombres";"Rendimiento"
"2019-2020";"75.33";"Lenguas";"Hombres";"Rendimiento"
"2018-2019";"77.76";"Lenguas";"Hombres";"Rendimiento"
"2017-2018";"74.14";"Lenguas";"Hombres";"Rendimiento"
"2016-2017";"77.36";"Lenguas";"Hombres";"Rendimiento"
"2015-2016";"75.89";"Lenguas";"Hombres";"Rendimiento"
"2022-2023";"75.91";"Humanidades";"Hombres";"Rendimiento"
"2021-2022";"76.64";"Humanidades";"Hombres";"Rendimiento"
"2020-2021";"81.45";"Humanidades";"Hombres";"Rendimiento"
"2019-2020";"80.71";"Humanidades";"Hombres";"Rendimiento"
"2018-2019";"75.0";"Humanidades";"Hombres";"Rendimiento"
"2017-2018";"75.72";"Humanidades";"Hombres";"Rendimiento"
"2016-2017";"75.97";"Humanidades";"Hombres";"Rendimiento"
"2015-2016";"74.92";"Humanidades";"Hombres";"Rendimiento"
"2022-2023";"81.93";"Total Ciencias sociales, periodismo y documentación";"Hombres";"Rendimiento"
"2021-2022";"81.13";"Total Ciencias sociales, periodismo y documentación";"Hombres";"Rendimiento"
"2020-2021";"84.41";"Total Ciencias sociales, periodismo y documentación";"Hombres";"Rendimiento"
"2019-2020";"81.78";"Total Ciencias sociales, periodismo y documentación";"Hombres";"Rendimiento"
"2018-2019";"75.18";"Total Ciencias sociales, periodismo y documentación";"Hombres";"Rendimiento"
"2017-2018";"76.0";"Total Ciencias sociales, periodismo y documentación";"Hombres";"Rendimiento"
"2016-2017";"76.05";"Total Ciencias sociales, periodismo y documentación";"Hombres";"Rendimiento"
"2015-2016";"76.04";"Total Ciencias sociales, periodismo y documentación";"Hombres";"Rendimiento"
"2022-2023";"79.07";"Psicología";"Hombres";"Rendimiento"
"2021-2022";"77.51";"Psicología";"Hombres";"Rendimiento"
"2020-2021";"81.54";"Psicología";"Hombres";"Rendimiento"
"2019-2020";"78.69";"Psicología";"Hombres";"Rendimiento"
"2018-2019";"71.81";"Psicología";"Hombres";"Rendimiento"
"2017-2018";"71.66";"Psicología";"Hombres";"Rendimiento"
"2016-2017";"72.15";"Psicología";"Hombres";"Rendimiento"
"2015-2016";"72.43";"Psicología";"Hombres";"Rendimiento"
"2022-2023";"76.0";"Economía";"Hombres";"Rendimiento"
"2021-2022";"75.96";"Economía";"Hombres";"Rendimiento"
"2020-2021";"78.69";"Economía";"Hombres";"Rendimiento"
"2019-2020";"76.44";"Economía";"Hombres";"Rendimiento"
"2018-2019";"69.17";"Economía";"Hombres";"Rendimiento"
"2017-2018";"69.11";"Economía";"Hombres";"Rendimiento"
"2016-2017";"63.9";"Economía";"Hombres";"Rendimiento"
"2015-2016";"56.66";"Economía";"Hombres";"Rendimiento"
"2022-2023";"85.72";"Otras Ciencias sociales y del comportamiento";"Hombres";"Rendimiento"
"2021-2022";"85.26";"Otras Ciencias sociales y del comportamiento";"Hombres";"Rendimiento"
"2020-2021";"87.62";"Otras Ciencias sociales y del comportamiento";"Hombres";"Rendimiento"
"2019-2020";"85.75";"Otras Ciencias sociales y del comportamiento";"Hombres";"Rendimiento"
"2018-2019";"79.87";"Otras Ciencias sociales y del comportamiento";"Hombres";"Rendimiento"
"2017-2018";"81.84";"Otras Ciencias sociales y del comportamiento";"Hombres";"Rendimiento"
"2016-2017";"82.22";"Otras Ciencias sociales y del comportamiento";"Hombres";"Rendimiento"
"2015-2016";"81.48";"Otras Ciencias sociales y del comportamiento";"Hombres";"Rendimiento"
"2022-2023";"81.85";"Periodismo e información";"Hombres";"Rendimiento"
"2021-2022";"81.33";"Periodismo e información";"Hombres";"Rendimiento"
"2020-2021";"86.55";"Periodismo e información";"Hombres";"Rendimiento"
"2019-2020";"83.43";"Periodismo e información";"Hombres";"Rendimiento"
"2018-2019";"76.28";"Periodismo e información";"Hombres";"Rendimiento"
"2017-2018";"76.84";"Periodismo e información";"Hombres";"Rendimiento"
"2016-2017";"75.98";"Periodismo e información";"Hombres";"Rendimiento"
"2015-2016";"76.25";"Periodismo e información";"Hombres";"Rendimiento"
"2022-2023";"77.51";"Total Negocios, administración y derecho";"Hombres";"Rendimiento"
"2021-2022";"76.75";"Total Negocios, administración y derecho";"Hombres";"Rendimiento"
"2020-2021";"82.22";"Total Negocios, administración y derecho";"Hombres";"Rendimiento"
"2019-2020";"79.86";"Total Negocios, administración y derecho";"Hombres";"Rendimiento"
"2018-2019";"73.24";"Total Negocios, administración y derecho";"Hombres";"Rendimiento"
"2017-2018";"72.84";"Total Negocios, administración y derecho";"Hombres";"Rendimiento"
"2016-2017";"72.25";"Total Negocios, administración y derecho";"Hombres";"Rendimiento"
"2015-2016";"71.71";"Total Negocios, administración y derecho";"Hombres";"Rendimiento"
"2022-2023";"76.44";"Administración y gestión de empresas";"Hombres";"Rendimiento"
"2021-2022";"76.5";"Administración y gestión de empresas";"Hombres";"Rendimiento"
"2020-2021";"81.05";"Administración y gestión de empresas";"Hombres";"Rendimiento"
"2019-2020";"78.73";"Administración y gestión de empresas";"Hombres";"Rendimiento"
"2018-2019";"72.08";"Administración y gestión de empresas";"Hombres";"Rendimiento"
"2017-2018";"71.3";"Administración y gestión de empresas";"Hombres";"Rendimiento"
"2016-2017";"70.9";"Administración y gestión de empresas";"Hombres";"Rendimiento"
"2015-2016";"70.72";"Administración y gestión de empresas";"Hombres";"Rendimiento"
"2022-2023";"76.58";"Otra Educación comercial y empresarial";"Hombres";"Rendimiento"
"2021-2022";"74.97";"Otra Educación comercial y empresarial";"Hombres";"Rendimiento"
"2020-2021";"80.23";"Otra Educación comercial y empresarial";"Hombres";"Rendimiento"
"2019-2020";"78.2";"Otra Educación comercial y empresarial";"Hombres";"Rendimiento"
"2018-2019";"69.96";"Otra Educación comercial y empresarial";"Hombres";"Rendimiento"
"2017-2018";"70.0";"Otra Educación comercial y empresarial";"Hombres";"Rendimiento"
"2016-2017";"68.41";"Otra Educación comercial y empresarial";"Hombres";"Rendimiento"
"2015-2016";"68.85";"Otra Educación comercial y empresarial";"Hombres";"Rendimiento"
"2022-2023";"79.13";"Derecho";"Hombres";"Rendimiento"
"2021-2022";"77.83";"Derecho";"Hombres";"Rendimiento"
"2020-2021";"84.41";"Derecho";"Hombres";"Rendimiento"
"2019-2020";"81.8";"Derecho";"Hombres";"Rendimiento"
"2018-2019";"75.8";"Derecho";"Hombres";"Rendimiento"
"2017-2018";"75.7";"Derecho";"Hombres";"Rendimiento"
"2016-2017";"75.31";"Derecho";"Hombres";"Rendimiento"
"2015-2016";"74.04";"Derecho";"Hombres";"Rendimiento"
"2022-2023";"53.71";"Total Ciencias";"Hombres";"Rendimiento"
"2021-2022";"62.84";"Total Ciencias";"Hombres";"Rendimiento"
"2020-2021";"67.34";"Total Ciencias";"Hombres";"Rendimiento"
"2019-2020";"59.58";"Total Ciencias";"Hombres";"Rendimiento"
"2018-2019";"61.59";"Total Ciencias";"Hombres";"Rendimiento"
"2017-2018";"..";"Total Ciencias";"Hombres";"Rendimiento"
"2016-2017";"..";"Total Ciencias";"Hombres";"Rendimiento"
"2015-2016";"..";"Total Ciencias";"Hombres";"Rendimiento"
"2022-2023";"..";"Ciencias de la vida";"Hombres";"Rendimiento"
"2021-2022";"..";"Ciencias de la vida";"Hombres";"Rendimiento"
"2020-2021";"..";"Ciencias de la vida";"Hombres";"Rendimiento"
"2019-2020";"..";"Ciencias de la vida";"Hombres";"Rendimiento"
"2018-2019";"..";"Ciencias de la vida";"Hombres";"Rendimiento"
"2017-2018";"..";"Ciencias de la vida";"Hombres";"Rendimiento"
"2016-2017";"..";"Ciencias de la vida";"Hombres";"Rendimiento"
"2015-2016";"..";"Ciencias de la vida";"Hombres";"Rendimiento"
"2022-2023";"66.37";"Ciencias Físicas, químicas, geológicas";"Hombres";"Rendimiento"
"2021-2022";"66.67";"Ciencias Físicas, químicas, geológicas";"Hombres";"Rendimiento"
"2020-2021";"..";"Ciencias Físicas, químicas, geológicas";"Hombres";"Rendimiento"
"2019-2020";"..";"Ciencias Físicas, químicas, geológicas";"Hombres";"Rendimiento"
"2018-2019";"..";"Ciencias Físicas, químicas, geológicas";"Hombres";"Rendimiento"
"2017-2018";"..";"Ciencias Físicas, químicas, geológicas";"Hombres";"Rendimiento"
"2016-2017";"..";"Ciencias Físicas, químicas, geológicas";"Hombres";"Rendimiento"
"2015-2016";"..";"Ciencias Físicas, químicas, geológicas";"Hombres";"Rendimiento"
"2022-2023";"47.08";"Matemáticas y Estadística";"Hombres";"Rendimiento"
"2021-2022";"62.59";"Matemáticas y Estadística";"Hombres";"Rendimiento"
"2020-2021";"67.34";"Matemáticas y Estadística";"Hombres";"Rendimiento"
"2019-2020";"59.58";"Matemáticas y Estadística";"Hombres";"Rendimiento"
"2018-2019";"61.59";"Matemáticas y Estadística";"Hombres";"Rendimiento"
"2017-2018";"..";"Matemáticas y Estadística";"Hombres";"Rendimiento"
"2016-2017";"..";"Matemáticas y Estadística";"Hombres";"Rendimiento"
"2015-2016";"..";"Matemáticas y Estadística";"Hombres";"Rendimiento"
"2022-2023";"72.51";"Total Informática";"Hombres";"Rendimiento"
"2021-2022";"71.51";"Total Informática";"Hombres";"Rendimiento"
"2020-2021";"74.85";"Total Informática";"Hombres";"Rendimiento"
"2019-2020";"71.61";"Total Informática";"Hombres";"Rendimiento"
"2018-2019";"66.77";"Total Informática";"Hombres";"Rendimiento"
"2017-2018";"63.99";"Total Informática";"Hombres";"Rendimiento"
"2016-2017";"64.86";"Total Informática";"Hombres";"Rendimiento"
"2015-2016";"64.04";"Total Informática";"Hombres";"Rendimiento"
"2022-2023";"72.51";"Informática";"Hombres";"Rendimiento"
"2021-2022";"71.51";"Informática";"Hombres";"Rendimiento"
"2020-2021";"74.85";"Informática";"Hombres";"Rendimiento"
"2019-2020";"71.61";"Informática";"Hombres";"Rendimiento"
"2018-2019";"66.77";"Informática";"Hombres";"Rendimiento"
"2017-2018";"63.99";"Informática";"Hombres";"Rendimiento"
"2016-2017";"64.86";"Informática";"Hombres";"Rendimiento"
"2015-2016";"64.04";"Informática";"Hombres";"Rendimiento"
"2022-2023";"66.72";"Total Ingeniería, industria y construcción";"Hombres";"Rendimiento"
"2021-2022";"70.07";"Total Ingeniería, industria y construcción";"Hombres";"Rendimiento"
"2020-2021";"72.71";"Total Ingeniería, industria y construcción";"Hombres";"Rendimiento"
"2019-2020";"68.87";"Total Ingeniería, industria y construcción";"Hombres";"Rendimiento"
"2018-2019";"63.23";"Total Ingeniería, industria y construcción";"Hombres";"Rendimiento"
"2017-2018";"62.19";"Total Ingeniería, industria y construcción";"Hombres";"Rendimiento"
"2016-2017";"62.71";"Total Ingeniería, industria y construcción";"Hombres";"Rendimiento"
"2015-2016";"59.29";"Total Ingeniería, industria y construcción";"Hombres";"Rendimiento"
"2022-2023";"66.72";"Ingenierías";"Hombres";"Rendimiento"
"2021-2022";"70.07";"Ingenierías";"Hombres";"Rendimiento"
"2020-2021";"72.71";"Ingenierías";"Hombres";"Rendimiento"
"2019-2020";"68.87";"Ingenierías";"Hombres";"Rendimiento"
"2018-2019";"63.23";"Ingenierías";"Hombres";"Rendimiento"
"2017-2018";"62.19";"Ingenierías";"Hombres";"Rendimiento"
"2016-2017";"62.71";"Ingenierías";"Hombres";"Rendimiento"
"2015-2016";"59.29";"Ingenierías";"Hombres";"Rendimiento"
"2022-2023";"..";"Arquitectura y construcción";"Hombres";"Rendimiento"
"2021-2022";"..";"Arquitectura y construcción";"Hombres";"Rendimiento"
"2020-2021";"..";"Arquitectura y construcción";"Hombres";"Rendimiento"
"2019-2020";"..";"Arquitectura y construcción";"Hombres";"Rendimiento"
"2018-2019";"..";"Arquitectura y construcción";"Hombres";"Rendimiento"
"2017-2018";"..";"Arquitectura y construcción";"Hombres";"Rendimiento"
"2016-2017";"..";"Arquitectura y construcción";"Hombres";"Rendimiento"
"2015-2016";"..";"Arquitectura y construcción";"Hombres";"Rendimiento"
"2022-2023";"..";"Total Agricultura, ganadería,  silvicultura, pesca, y veterinaria";"Hombres";"Rendimiento"
"2021-2022";"..";"Total Agricultura, ganadería,  silvicultura, pesca, y veterinaria";"Hombres";"Rendimiento"
"2020-2021";"..";"Total Agricultura, ganadería,  silvicultura, pesca, y veterinaria";"Hombres";"Rendimiento"
"2019-2020";"..";"Total Agricultura, ganadería,  silvicultura, pesca, y veterinaria";"Hombres";"Rendimiento"
"2018-2019";"..";"Total Agricultura, ganadería,  silvicultura, pesca, y veterinaria";"Hombres";"Rendimiento"
"2017-2018";"..";"Total Agricultura, ganadería,  silvicultura, pesca, y veterinaria";"Hombres";"Rendimiento"
"2016-2017";"..";"Total Agricultura, ganadería,  silvicultura, pesca, y veterinaria";"Hombres";"Rendimiento"
"2015-2016";"..";"Total Agricultura, ganadería,  silvicultura, pesca, y veterinaria";"Hombres";"Rendimiento"
"2022-2023";"..";"Agricultura, ganadería y pesca";"Hombres";"Rendimiento"
"2021-2022";"..";"Agricultura, ganadería y pesca";"Hombres";"Rendimiento"
"2020-2021";"..";"Agricultura, ganadería y pesca";"Hombres";"Rendimiento"
"2019-2020";"..";"Agricultura, ganadería y pesca";"Hombres";"Rendimiento"
"2018-2019";"..";"Agricultura, ganadería y pesca";"Hombres";"Rendimiento"
"2017-2018";"..";"Agricultura, ganadería y pesca";"Hombres";"Rendimiento"
"2016-2017";"..";"Agricultura, ganadería y pesca";"Hombres";"Rendimiento"
"2015-2016";"..";"Agricultura, ganadería y pesca";"Hombres";"Rendimiento"
"2022-2023";"..";"Veterinaria";"Hombres";"Rendimiento"
"2021-2022";"..";"Veterinaria";"Hombres";"Rendimiento"
"2020-2021";"..";"Veterinaria";"Hombres";"Rendimiento"
"2019-2020";"..";"Veterinaria";"Hombres";"Rendimiento"
"2018-2019";"..";"Veterinaria";"Hombres";"Rendimiento"
"2017-2018";"..";"Veterinaria";"Hombres";"Rendimiento"
"2016-2017";"..";"Veterinaria";"Hombres";"Rendimiento"
"2015-2016";"..";"Veterinaria";"Hombres";"Rendimiento"
"2022-2023";"77.24";"Total Salud y servicios sociales";"Hombres";"Rendimiento"
"2021-2022";"77.35";"Total Salud y servicios sociales";"Hombres";"Rendimiento"
"2020-2021";"85.05";"Total Salud y servicios sociales";"Hombres";"Rendimiento"
"2019-2020";"84.31";"Total Salud y servicios sociales";"Hombres";"Rendimiento"
"2018-2019";"75.74";"Total Salud y servicios sociales";"Hombres";"Rendimiento"
"2017-2018";"73.56";"Total Salud y servicios sociales";"Hombres";"Rendimiento"
"2016-2017";"74.27";"Total Salud y servicios sociales";"Hombres";"Rendimiento"
"2015-2016";"81.25";"Total Salud y servicios sociales";"Hombres";"Rendimiento"
"2022-2023";"..";"Medicina";"Hombres";"Rendimiento"
"2021-2022";"..";"Medicina";"Hombres";"Rendimiento"
"2020-2021";"..";"Medicina";"Hombres";"Rendimiento"
"2019-2020";"..";"Medicina";"Hombres";"Rendimiento"
"2018-2019";"..";"Medicina";"Hombres";"Rendimiento"
"2017-2018";"..";"Medicina";"Hombres";"Rendimiento"
"2016-2017";"..";"Medicina";"Hombres";"Rendimiento"
"2015-2016";"..";"Medicina";"Hombres";"Rendimiento"
"2022-2023";"..";"Enfermería y atención a enfermos";"Hombres";"Rendimiento"
"2021-2022";"..";"Enfermería y atención a enfermos";"Hombres";"Rendimiento"
"2020-2021";"..";"Enfermería y atención a enfermos";"Hombres";"Rendimiento"
"2019-2020";"..";"Enfermería y atención a enfermos";"Hombres";"Rendimiento"
"2018-2019";"..";"Enfermería y atención a enfermos";"Hombres";"Rendimiento"
"2017-2018";"..";"Enfermería y atención a enfermos";"Hombres";"Rendimiento"
"2016-2017";"..";"Enfermería y atención a enfermos";"Hombres";"Rendimiento"
"2015-2016";"..";"Enfermería y atención a enfermos";"Hombres";"Rendimiento"
"2022-2023";"71.7";"Otras ciencias de la Salud";"Hombres";"Rendimiento"
"2021-2022";"68.1";"Otras ciencias de la Salud";"Hombres";"Rendimiento"
"2020-2021";"80.81";"Otras ciencias de la Salud";"Hombres";"Rendimiento"
"2019-2020";"82.58";"Otras ciencias de la Salud";"Hombres";"Rendimiento"
"2018-2019";"75.24";"Otras ciencias de la Salud";"Hombres";"Rendimiento"
"2017-2018";"74.12";"Otras ciencias de la Salud";"Hombres";"Rendimiento"
"2016-2017";"75.18";"Otras ciencias de la Salud";"Hombres";"Rendimiento"
"2015-2016";"83.07";"Otras ciencias de la Salud";"Hombres";"Rendimiento"
"2022-2023";"84.67";"Trabajo social y orientación";"Hombres";"Rendimiento"
"2021-2022";"90.27";"Trabajo social y orientación";"Hombres";"Rendimiento"
"2020-2021";"92.73";"Trabajo social y orientación";"Hombres";"Rendimiento"
"2019-2020";"91.91";"Trabajo social y orientación";"Hombres";"Rendimiento"
"2018-2019";"79.46";"Trabajo social y orientación";"Hombres";"Rendimiento"
"2017-2018";"69.32";"Trabajo social y orientación";"Hombres";"Rendimiento"
"2016-2017";"67.86";"Trabajo social y orientación";"Hombres";"Rendimiento"
"2015-2016";"72.16";"Trabajo social y orientación";"Hombres";"Rendimiento"
"2022-2023";"71.05";"Total Servicios";"Hombres";"Rendimiento"
"2021-2022";"72.27";"Total Servicios";"Hombres";"Rendimiento"
"2020-2021";"83.52";"Total Servicios";"Hombres";"Rendimiento"
"2019-2020";"77.17";"Total Servicios";"Hombres";"Rendimiento"
"2018-2019";"66.69";"Total Servicios";"Hombres";"Rendimiento"
"2017-2018";"68.86";"Total Servicios";"Hombres";"Rendimiento"
"2016-2017";"71.5";"Total Servicios";"Hombres";"Rendimiento"
"2015-2016";"73.92";"Total Servicios";"Hombres";"Rendimiento"
"2022-2023";"66.66";"Deportes";"Hombres";"Rendimiento"
"2021-2022";"63.27";"Deportes";"Hombres";"Rendimiento"
"2020-2021";"79.44";"Deportes";"Hombres";"Rendimiento"
"2019-2020";"76.16";"Deportes";"Hombres";"Rendimiento"
"2018-2019";"65.26";"Deportes";"Hombres";"Rendimiento"
"2017-2018";"67.62";"Deportes";"Hombres";"Rendimiento"
"2016-2017";"72.27";"Deportes";"Hombres";"Rendimiento"
"2015-2016";"75.4";"Deportes";"Hombres";"Rendimiento"
"2022-2023";"76.85";"Turismo y Hostelería";"Hombres";"Rendimiento"
"2021-2022";"78.01";"Turismo y Hostelería";"Hombres";"Rendimiento"
"2020-2021";"83.65";"Turismo y Hostelería";"Hombres";"Rendimiento"
"2019-2020";"74.16";"Turismo y Hostelería";"Hombres";"Rendimiento"
"2018-2019";"68.73";"Turismo y Hostelería";"Hombres";"Rendimiento"
"2017-2018";"71.19";"Turismo y Hostelería";"Hombres";"Rendimiento"
"2016-2017";"68.54";"Turismo y Hostelería";"Hombres";"Rendimiento"
"2015-2016";"70.42";"Turismo y Hostelería";"Hombres";"Rendimiento"
"2022-2023";"79.22";"Otros Servicios";"Hombres";"Rendimiento"
"2021-2022";"91.85";"Otros Servicios";"Hombres";"Rendimiento"
"2020-2021";"96.36";"Otros Servicios";"Hombres";"Rendimiento"
"2019-2020";"92.59";"Otros Servicios";"Hombres";"Rendimiento"
"2018-2019";"86.6";"Otros Servicios";"Hombres";"Rendimiento"
"2017-2018";"90.8";"Otros Servicios";"Hombres";"Rendimiento"
"2016-2017";"..";"Otros Servicios";"Hombres";"Rendimiento"
"2015-2016";"..";"Otros Servicios";"Hombres";"Rendimiento"
"2022-2023";"???";"Universidades Privadas No Presenciales";"Hombres";"Exito"
"2021-2022";"???";"Universidades Privadas No Presenciales";"Hombres";"Exito"
"2020-2021";"???";"Universidades Privadas No Presenciales";"Hombres";"Exito"
"2019-2020";"???";"Universidades Privadas No Presenciales";"Hombres";"Exito"
"2018-2019";"???";"Universidades Privadas No Presenciales";"Hombres";"Exito"
"2017-2018";"???";"Universidades Privadas No Presenciales";"Hombres";"Exito"
"2016-2017";"???";"Universidades Privadas No Presenciales";"Hombres";"Exito"
"2015-2016";"???";"Universidades Privadas No Presenciales";"Hombres";"Exito"
"2022-2023";"91.92";"Todos los ámbitos";"Hombres";"Exito"
"2021-2022";"91.81";"Todos los ámbitos";"Hombres";"Exito"
"2020-2021";"94.08";"Todos los ámbitos";"Hombres";"Exito"
"2019-2020";"93.92";"Todos los ámbitos";"Hombres";"Exito"
"2018-2019";"91.09";"Todos los ámbitos";"Hombres";"Exito"
"2017-2018";"91.44";"Todos los ámbitos";"Hombres";"Exito"
"2016-2017";"91.61";"Todos los ámbitos";"Hombres";"Exito"
"2015-2016";"92.0";"Todos los ámbitos";"Hombres";"Exito"
"2022-2023";"94.77";"Total Educación";"Hombres";"Exito"
"2021-2022";"94.59";"Total Educación";"Hombres";"Exito"
"2020-2021";"96.79";"Total Educación";"Hombres";"Exito"
"2019-2020";"95.81";"Total Educación";"Hombres";"Exito"
"2018-2019";"91.67";"Total Educación";"Hombres";"Exito"
"2017-2018";"93.41";"Total Educación";"Hombres";"Exito"
"2016-2017";"94.71";"Total Educación";"Hombres";"Exito"
"2015-2016";"94.79";"Total Educación";"Hombres";"Exito"
"2022-2023";"93.53";"Formación de docentes de enseñanza infantil";"Hombres";"Exito"
"2021-2022";"94.54";"Formación de docentes de enseñanza infantil";"Hombres";"Exito"
"2020-2021";"97.1";"Formación de docentes de enseñanza infantil";"Hombres";"Exito"
"2019-2020";"96.74";"Formación de docentes de enseñanza infantil";"Hombres";"Exito"
"2018-2019";"88.96";"Formación de docentes de enseñanza infantil";"Hombres";"Exito"
"2017-2018";"94.48";"Formación de docentes de enseñanza infantil";"Hombres";"Exito"
"2016-2017";"95.83";"Formación de docentes de enseñanza infantil";"Hombres";"Exito"
"2015-2016";"94.61";"Formación de docentes de enseñanza infantil";"Hombres";"Exito"
"2022-2023";"95.31";"Formación de docentes de enseñanza primaria";"Hombres";"Exito"
"2021-2022";"95.0";"Formación de docentes de enseñanza primaria";"Hombres";"Exito"
"2020-2021";"97.55";"Formación de docentes de enseñanza primaria";"Hombres";"Exito"
"2019-2020";"96.34";"Formación de docentes de enseñanza primaria";"Hombres";"Exito"
"2018-2019";"91.79";"Formación de docentes de enseñanza primaria";"Hombres";"Exito"
"2017-2018";"93.62";"Formación de docentes de enseñanza primaria";"Hombres";"Exito"
"2016-2017";"95.06";"Formación de docentes de enseñanza primaria";"Hombres";"Exito"
"2015-2016";"94.71";"Formación de docentes de enseñanza primaria";"Hombres";"Exito"
"2022-2023";"93.51";"Otra Formación de personal docente y ciencias de la educación";"Hombres";"Exito"
"2021-2022";"93.26";"Otra Formación de personal docente y ciencias de la educación";"Hombres";"Exito"
"2020-2021";"94.18";"Otra Formación de personal docente y ciencias de la educación";"Hombres";"Exito"
"2019-2020";"93.68";"Otra Formación de personal docente y ciencias de la educación";"Hombres";"Exito"
"2018-2019";"92.75";"Otra Formación de personal docente y ciencias de la educación";"Hombres";"Exito"
"2017-2018";"91.95";"Otra Formación de personal docente y ciencias de la educación";"Hombres";"Exito"
"2016-2017";"92.54";"Otra Formación de personal docente y ciencias de la educación";"Hombres";"Exito"
"2015-2016";"95.3";"Otra Formación de personal docente y ciencias de la educación";"Hombres";"Exito"
"2022-2023";"94.28";"Total Artes y humanidades";"Hombres";"Exito"
"2021-2022";"93.99";"Total Artes y humanidades";"Hombres";"Exito"
"2020-2021";"95.68";"Total Artes y humanidades";"Hombres";"Exito"
"2019-2020";"96.1";"Total Artes y humanidades";"Hombres";"Exito"
"2018-2019";"95.34";"Total Artes y humanidades";"Hombres";"Exito"
"2017-2018";"95.32";"Total Artes y humanidades";"Hombres";"Exito"
"2016-2017";"95.64";"Total Artes y humanidades";"Hombres";"Exito"
"2015-2016";"96.1";"Total Artes y humanidades";"Hombres";"Exito"
"2022-2023";"93.84";"Técnicas audiovisuales y medios de comunicación";"Hombres";"Exito"
"2021-2022";"92.72";"Técnicas audiovisuales y medios de comunicación";"Hombres";"Exito"
"2020-2021";"95.19";"Técnicas audiovisuales y medios de comunicación";"Hombres";"Exito"
"2019-2020";"95.67";"Técnicas audiovisuales y medios de comunicación";"Hombres";"Exito"
"2018-2019";"94.85";"Técnicas audiovisuales y medios de comunicación";"Hombres";"Exito"
"2017-2018";"95.33";"Técnicas audiovisuales y medios de comunicación";"Hombres";"Exito"
"2016-2017";"95.38";"Técnicas audiovisuales y medios de comunicación";"Hombres";"Exito"
"2015-2016";"96.35";"Técnicas audiovisuales y medios de comunicación";"Hombres";"Exito"
"2022-2023";"94.41";"Artes";"Hombres";"Exito"
"2021-2022";"94.28";"Artes";"Hombres";"Exito"
"2020-2021";"95.5";"Artes";"Hombres";"Exito"
"2019-2020";"96.17";"Artes";"Hombres";"Exito"
"2018-2019";"94.36";"Artes";"Hombres";"Exito"
"2017-2018";"91.45";"Artes";"Hombres";"Exito"
"2016-2017";"90.0";"Artes";"Hombres";"Exito"
"2015-2016";"91.2";"Artes";"Hombres";"Exito"
"2022-2023";"93.27";"Lenguas";"Hombres";"Exito"
"2021-2022";"94.58";"Lenguas";"Hombres";"Exito"
"2020-2021";"95.08";"Lenguas";"Hombres";"Exito"
"2019-2020";"95.04";"Lenguas";"Hombres";"Exito"
"2018-2019";"96.68";"Lenguas";"Hombres";"Exito"
"2017-2018";"94.59";"Lenguas";"Hombres";"Exito"
"2016-2017";"96.76";"Lenguas";"Hombres";"Exito"
"2015-2016";"95.5";"Lenguas";"Hombres";"Exito"
"2022-2023";"95.05";"Humanidades";"Hombres";"Exito"
"2021-2022";"95.59";"Humanidades";"Hombres";"Exito"
"2020-2021";"96.68";"Humanidades";"Hombres";"Exito"
"2019-2020";"97.04";"Humanidades";"Hombres";"Exito"
"2018-2019";"96.23";"Humanidades";"Hombres";"Exito"
"2017-2018";"96.63";"Humanidades";"Hombres";"Exito"
"2016-2017";"97.4";"Humanidades";"Hombres";"Exito"
"2015-2016";"97.11";"Humanidades";"Hombres";"Exito"
"2022-2023";"93.89";"Total Ciencias sociales, periodismo y documentación";"Hombres";"Exito"
"2021-2022";"93.91";"Total Ciencias sociales, periodismo y documentación";"Hombres";"Exito"
"2020-2021";"95.68";"Total Ciencias sociales, periodismo y documentación";"Hombres";"Exito"
"2019-2020";"95.17";"Total Ciencias sociales, periodismo y documentación";"Hombres";"Exito"
"2018-2019";"92.52";"Total Ciencias sociales, periodismo y documentación";"Hombres";"Exito"
"2017-2018";"93.44";"Total Ciencias sociales, periodismo y documentación";"Hombres";"Exito"
"2016-2017";"93.09";"Total Ciencias sociales, periodismo y documentación";"Hombres";"Exito"
"2015-2016";"93.34";"Total Ciencias sociales, periodismo y documentación";"Hombres";"Exito"
"2022-2023";"92.61";"Psicología";"Hombres";"Exito"
"2021-2022";"92.03";"Psicología";"Hombres";"Exito"
"2020-2021";"94.74";"Psicología";"Hombres";"Exito"
"2019-2020";"93.63";"Psicología";"Hombres";"Exito"
"2018-2019";"89.74";"Psicología";"Hombres";"Exito"
"2017-2018";"91.1";"Psicología";"Hombres";"Exito"
"2016-2017";"91.51";"Psicología";"Hombres";"Exito"
"2015-2016";"92.56";"Psicología";"Hombres";"Exito"
"2022-2023";"89.97";"Economía";"Hombres";"Exito"
"2021-2022";"92.28";"Economía";"Hombres";"Exito"
"2020-2021";"93.67";"Economía";"Hombres";"Exito"
"2019-2020";"95.44";"Economía";"Hombres";"Exito"
"2018-2019";"93.87";"Economía";"Hombres";"Exito"
"2017-2018";"93.14";"Economía";"Hombres";"Exito"
"2016-2017";"91.45";"Economía";"Hombres";"Exito"
"2015-2016";"90.3";"Economía";"Hombres";"Exito"
"2022-2023";"95.33";"Otras Ciencias sociales y del comportamiento";"Hombres";"Exito"
"2021-2022";"95.06";"Otras Ciencias sociales y del comportamiento";"Hombres";"Exito"
"2020-2021";"96.15";"Otras Ciencias sociales y del comportamiento";"Hombres";"Exito"
"2019-2020";"96.09";"Otras Ciencias sociales y del comportamiento";"Hombres";"Exito"
"2018-2019";"94.11";"Otras Ciencias sociales y del comportamiento";"Hombres";"Exito"
"2017-2018";"94.98";"Otras Ciencias sociales y del comportamiento";"Hombres";"Exito"
"2016-2017";"95.08";"Otras Ciencias sociales y del comportamiento";"Hombres";"Exito"
"2015-2016";"94.43";"Otras Ciencias sociales y del comportamiento";"Hombres";"Exito"
"2022-2023";"94.81";"Periodismo e información";"Hombres";"Exito"
"2021-2022";"95.46";"Periodismo e información";"Hombres";"Exito"
"2020-2021";"97.35";"Periodismo e información";"Hombres";"Exito"
"2019-2020";"96.53";"Periodismo e información";"Hombres";"Exito"
"2018-2019";"94.58";"Periodismo e información";"Hombres";"Exito"
"2017-2018";"94.82";"Periodismo e información";"Hombres";"Exito"
"2016-2017";"92.72";"Periodismo e información";"Hombres";"Exito"
"2015-2016";"93.15";"Periodismo e información";"Hombres";"Exito"
"2022-2023";"91.34";"Total Negocios, administración y derecho";"Hombres";"Exito"
"2021-2022";"91.04";"Total Negocios, administración y derecho";"Hombres";"Exito"
"2020-2021";"93.76";"Total Negocios, administración y derecho";"Hombres";"Exito"
"2019-2020";"94.56";"Total Negocios, administración y derecho";"Hombres";"Exito"
"2018-2019";"92.16";"Total Negocios, administración y derecho";"Hombres";"Exito"
"2017-2018";"92.23";"Total Negocios, administración y derecho";"Hombres";"Exito"
"2016-2017";"92.04";"Total Negocios, administración y derecho";"Hombres";"Exito"
"2015-2016";"91.98";"Total Negocios, administración y derecho";"Hombres";"Exito"
"2022-2023";"90.3";"Administración y gestión de empresas";"Hombres";"Exito"
"2021-2022";"90.53";"Administración y gestión de empresas";"Hombres";"Exito"
"2020-2021";"93.34";"Administración y gestión de empresas";"Hombres";"Exito"
"2019-2020";"94.09";"Administración y gestión de empresas";"Hombres";"Exito"
"2018-2019";"92.0";"Administración y gestión de empresas";"Hombres";"Exito"
"2017-2018";"92.22";"Administración y gestión de empresas";"Hombres";"Exito"
"2016-2017";"91.6";"Administración y gestión de empresas";"Hombres";"Exito"
"2015-2016";"91.69";"Administración y gestión de empresas";"Hombres";"Exito"
"2022-2023";"90.67";"Otra Educación comercial y empresarial";"Hombres";"Exito"
"2021-2022";"91.04";"Otra Educación comercial y empresarial";"Hombres";"Exito"
"2020-2021";"92.84";"Otra Educación comercial y empresarial";"Hombres";"Exito"
"2019-2020";"94.6";"Otra Educación comercial y empresarial";"Hombres";"Exito"
"2018-2019";"90.42";"Otra Educación comercial y empresarial";"Hombres";"Exito"
"2017-2018";"91.65";"Otra Educación comercial y empresarial";"Hombres";"Exito"
"2016-2017";"91.79";"Otra Educación comercial y empresarial";"Hombres";"Exito"
"2015-2016";"91.13";"Otra Educación comercial y empresarial";"Hombres";"Exito"
"2022-2023";"92.82";"Derecho";"Hombres";"Exito"
"2021-2022";"91.61";"Derecho";"Hombres";"Exito"
"2020-2021";"94.59";"Derecho";"Hombres";"Exito"
"2019-2020";"95.07";"Derecho";"Hombres";"Exito"
"2018-2019";"92.92";"Derecho";"Hombres";"Exito"
"2017-2018";"92.4";"Derecho";"Hombres";"Exito"
"2016-2017";"92.69";"Derecho";"Hombres";"Exito"
"2015-2016";"92.62";"Derecho";"Hombres";"Exito"
"2022-2023";"87.24";"Total Ciencias";"Hombres";"Exito"
"2021-2022";"84.95";"Total Ciencias";"Hombres";"Exito"
"2020-2021";"85.95";"Total Ciencias";"Hombres";"Exito"
"2019-2020";"86.73";"Total Ciencias";"Hombres";"Exito"
"2018-2019";"86.83";"Total Ciencias";"Hombres";"Exito"
"2017-2018";"..";"Total Ciencias";"Hombres";"Exito"
"2016-2017";"..";"Total Ciencias";"Hombres";"Exito"
"2015-2016";"..";"Total Ciencias";"Hombres";"Exito"
"2022-2023";"..";"Ciencias de la vida";"Hombres";"Exito"
"2021-2022";"..";"Ciencias de la vida";"Hombres";"Exito"
"2020-2021";"..";"Ciencias de la vida";"Hombres";"Exito"
"2019-2020";"..";"Ciencias de la vida";"Hombres";"Exito"
"2018-2019";"..";"Ciencias de la vida";"Hombres";"Exito"
"2017-2018";"..";"Ciencias de la vida";"Hombres";"Exito"
"2016-2017";"..";"Ciencias de la vida";"Hombres";"Exito"
"2015-2016";"..";"Ciencias de la vida";"Hombres";"Exito"
"2022-2023";"88.92";"Ciencias Físicas, químicas, geológicas";"Hombres";"Exito"
"2021-2022";"90.38";"Ciencias Físicas, químicas, geológicas";"Hombres";"Exito"
"2020-2021";"..";"Ciencias Físicas, químicas, geológicas";"Hombres";"Exito"
"2019-2020";"..";"Ciencias Físicas, químicas, geológicas";"Hombres";"Exito"
"2018-2019";"..";"Ciencias Físicas, químicas, geológicas";"Hombres";"Exito"
"2017-2018";"..";"Ciencias Físicas, químicas, geológicas";"Hombres";"Exito"
"2016-2017";"..";"Ciencias Físicas, químicas, geológicas";"Hombres";"Exito"
"2015-2016";"..";"Ciencias Físicas, químicas, geológicas";"Hombres";"Exito"
"2022-2023";"86.03";"Matemáticas y Estadística";"Hombres";"Exito"
"2021-2022";"84.58";"Matemáticas y Estadística";"Hombres";"Exito"
"2020-2021";"85.95";"Matemáticas y Estadística";"Hombres";"Exito"
"2019-2020";"86.73";"Matemáticas y Estadística";"Hombres";"Exito"
"2018-2019";"86.83";"Matemáticas y Estadística";"Hombres";"Exito"
"2017-2018";"..";"Matemáticas y Estadística";"Hombres";"Exito"
"2016-2017";"..";"Matemáticas y Estadística";"Hombres";"Exito"
"2015-2016";"..";"Matemáticas y Estadística";"Hombres";"Exito"
"2022-2023";"88.26";"Total Informática";"Hombres";"Exito"
"2021-2022";"87.67";"Total Informática";"Hombres";"Exito"
"2020-2021";"89.86";"Total Informática";"Hombres";"Exito"
"2019-2020";"89.96";"Total Informática";"Hombres";"Exito"
"2018-2019";"87.88";"Total Informática";"Hombres";"Exito"
"2017-2018";"86.5";"Total Informática";"Hombres";"Exito"
"2016-2017";"86.5";"Total Informática";"Hombres";"Exito"
"2015-2016";"87.29";"Total Informática";"Hombres";"Exito"
"2022-2023";"88.26";"Informática";"Hombres";"Exito"
"2021-2022";"87.67";"Informática";"Hombres";"Exito"
"2020-2021";"89.86";"Informática";"Hombres";"Exito"
"2019-2020";"89.96";"Informática";"Hombres";"Exito"
"2018-2019";"87.88";"Informática";"Hombres";"Exito"
"2017-2018";"86.5";"Informática";"Hombres";"Exito"
"2016-2017";"86.5";"Informática";"Hombres";"Exito"
"2015-2016";"87.29";"Informática";"Hombres";"Exito"
"2022-2023";"88.74";"Total Ingeniería, industria y construcción";"Hombres";"Exito"
"2021-2022";"89.09";"Total Ingeniería, industria y construcción";"Hombres";"Exito"
"2020-2021";"90.13";"Total Ingeniería, industria y construcción";"Hombres";"Exito"
"2019-2020";"88.47";"Total Ingeniería, industria y construcción";"Hombres";"Exito"
"2018-2019";"85.88";"Total Ingeniería, industria y construcción";"Hombres";"Exito"
"2017-2018";"84.62";"Total Ingeniería, industria y construcción";"Hombres";"Exito"
"2016-2017";"86.59";"Total Ingeniería, industria y construcción";"Hombres";"Exito"
"2015-2016";"84.38";"Total Ingeniería, industria y construcción";"Hombres";"Exito"
"2022-2023";"88.74";"Ingenierías";"Hombres";"Exito"
"2021-2022";"89.09";"Ingenierías";"Hombres";"Exito"
"2020-2021";"90.13";"Ingenierías";"Hombres";"Exito"
"2019-2020";"88.47";"Ingenierías";"Hombres";"Exito"
"2018-2019";"85.88";"Ingenierías";"Hombres";"Exito"
"2017-2018";"84.62";"Ingenierías";"Hombres";"Exito"
"2016-2017";"86.59";"Ingenierías";"Hombres";"Exito"
"2015-2016";"84.38";"Ingenierías";"Hombres";"Exito"
"2022-2023";"..";"Arquitectura y construcción";"Hombres";"Exito"
"2021-2022";"..";"Arquitectura y construcción";"Hombres";"Exito"
"2020-2021";"..";"Arquitectura y construcción";"Hombres";"Exito"
"2019-2020";"..";"Arquitectura y construcción";"Hombres";"Exito"
"2018-2019";"..";"Arquitectura y construcción";"Hombres";"Exito"
"2017-2018";"..";"Arquitectura y construcción";"Hombres";"Exito"
"2016-2017";"..";"Arquitectura y construcción";"Hombres";"Exito"
"2015-2016";"..";"Arquitectura y construcción";"Hombres";"Exito"
"2022-2023";"..";"Total Agricultura, ganadería,  silvicultura, pesca, y veterinaria";"Hombres";"Exito"
"2021-2022";"..";"Total Agricultura, ganadería,  silvicultura, pesca, y veterinaria";"Hombres";"Exito"
"2020-2021";"..";"Total Agricultura, ganadería,  silvicultura, pesca, y veterinaria";"Hombres";"Exito"
"2019-2020";"..";"Total Agricultura, ganadería,  silvicultura, pesca, y veterinaria";"Hombres";"Exito"
"2018-2019";"..";"Total Agricultura, ganadería,  silvicultura, pesca, y veterinaria";"Hombres";"Exito"
"2017-2018";"..";"Total Agricultura, ganadería,  silvicultura, pesca, y veterinaria";"Hombres";"Exito"
"2016-2017";"..";"Total Agricultura, ganadería,  silvicultura, pesca, y veterinaria";"Hombres";"Exito"
"2015-2016";"..";"Total Agricultura, ganadería,  silvicultura, pesca, y veterinaria";"Hombres";"Exito"
"2022-2023";"..";"Agricultura, ganadería y pesca";"Hombres";"Exito"
"2021-2022";"..";"Agricultura, ganadería y pesca";"Hombres";"Exito"
"2020-2021";"..";"Agricultura, ganadería y pesca";"Hombres";"Exito"
"2019-2020";"..";"Agricultura, ganadería y pesca";"Hombres";"Exito"
"2018-2019";"..";"Agricultura, ganadería y pesca";"Hombres";"Exito"
"2017-2018";"..";"Agricultura, ganadería y pesca";"Hombres";"Exito"
"2016-2017";"..";"Agricultura, ganadería y pesca";"Hombres";"Exito"
"2015-2016";"..";"Agricultura, ganadería y pesca";"Hombres";"Exito"
"2022-2023";"..";"Veterinaria";"Hombres";"Exito"
"2021-2022";"..";"Veterinaria";"Hombres";"Exito"
"2020-2021";"..";"Veterinaria";"Hombres";"Exito"
"2019-2020";"..";"Veterinaria";"Hombres";"Exito"
"2018-2019";"..";"Veterinaria";"Hombres";"Exito"
"2017-2018";"..";"Veterinaria";"Hombres";"Exito"
"2016-2017";"..";"Veterinaria";"Hombres";"Exito"
"2015-2016";"..";"Veterinaria";"Hombres";"Exito"
"2022-2023";"93.09";"Total Salud y servicios sociales";"Hombres";"Exito"
"2021-2022";"93.32";"Total Salud y servicios sociales";"Hombres";"Exito"
"2020-2021";"95.36";"Total Salud y servicios sociales";"Hombres";"Exito"
"2019-2020";"95.38";"Total Salud y servicios sociales";"Hombres";"Exito"
"2018-2019";"91.27";"Total Salud y servicios sociales";"Hombres";"Exito"
"2017-2018";"88.19";"Total Salud y servicios sociales";"Hombres";"Exito"
"2016-2017";"85.32";"Total Salud y servicios sociales";"Hombres";"Exito"
"2015-2016";"88.73";"Total Salud y servicios sociales";"Hombres";"Exito"
"2022-2023";"..";"Medicina";"Hombres";"Exito"
"2021-2022";"..";"Medicina";"Hombres";"Exito"
"2020-2021";"..";"Medicina";"Hombres";"Exito"
"2019-2020";"..";"Medicina";"Hombres";"Exito"
"2018-2019";"..";"Medicina";"Hombres";"Exito"
"2017-2018";"..";"Medicina";"Hombres";"Exito"
"2016-2017";"..";"Medicina";"Hombres";"Exito"
"2015-2016";"..";"Medicina";"Hombres";"Exito"
"2022-2023";"..";"Enfermería y atención a enfermos";"Hombres";"Exito"
"2021-2022";"..";"Enfermería y atención a enfermos";"Hombres";"Exito"
"2020-2021";"..";"Enfermería y atención a enfermos";"Hombres";"Exito"
"2019-2020";"..";"Enfermería y atención a enfermos";"Hombres";"Exito"
"2018-2019";"..";"Enfermería y atención a enfermos";"Hombres";"Exito"
"2017-2018";"..";"Enfermería y atención a enfermos";"Hombres";"Exito"
"2016-2017";"..";"Enfermería y atención a enfermos";"Hombres";"Exito"
"2015-2016";"..";"Enfermería y atención a enfermos";"Hombres";"Exito"
"2022-2023";"90.18";"Otras ciencias de la Salud";"Hombres";"Exito"
"2021-2022";"89.82";"Otras ciencias de la Salud";"Hombres";"Exito"
"2020-2021";"94.93";"Otras ciencias de la Salud";"Hombres";"Exito"
"2019-2020";"94.44";"Otras ciencias de la Salud";"Hombres";"Exito"
"2018-2019";"90.83";"Otras ciencias de la Salud";"Hombres";"Exito"
"2017-2018";"87.83";"Otras ciencias de la Salud";"Hombres";"Exito"
"2016-2017";"85.13";"Otras ciencias de la Salud";"Hombres";"Exito"
"2015-2016";"88.7";"Otras ciencias de la Salud";"Hombres";"Exito"
"2022-2023";"96.62";"Trabajo social y orientación";"Hombres";"Exito"
"2021-2022";"97.33";"Trabajo social y orientación";"Hombres";"Exito"
"2020-2021";"96.05";"Trabajo social y orientación";"Hombres";"Exito"
"2019-2020";"99.3";"Trabajo social y orientación";"Hombres";"Exito"
"2018-2019";"94.47";"Trabajo social y orientación";"Hombres";"Exito"
"2017-2018";"91.1";"Trabajo social y orientación";"Hombres";"Exito"
"2016-2017";"86.8";"Trabajo social y orientación";"Hombres";"Exito"
"2015-2016";"88.89";"Trabajo social y orientación";"Hombres";"Exito"
"2022-2023";"85.38";"Total Servicios";"Hombres";"Exito"
"2021-2022";"87.37";"Total Servicios";"Hombres";"Exito"
"2020-2021";"93.62";"Total Servicios";"Hombres";"Exito"
"2019-2020";"89.56";"Total Servicios";"Hombres";"Exito"
"2018-2019";"80.59";"Total Servicios";"Hombres";"Exito"
"2017-2018";"83.54";"Total Servicios";"Hombres";"Exito"
"2016-2017";"84.79";"Total Servicios";"Hombres";"Exito"
"2015-2016";"86.55";"Total Servicios";"Hombres";"Exito"
"2022-2023";"81.2";"Deportes";"Hombres";"Exito"
"2021-2022";"81.87";"Deportes";"Hombres";"Exito"
"2020-2021";"91.04";"Deportes";"Hombres";"Exito"
"2019-2020";"87.44";"Deportes";"Hombres";"Exito"
"2018-2019";"77.91";"Deportes";"Hombres";"Exito"
"2017-2018";"81.07";"Deportes";"Hombres";"Exito"
"2016-2017";"83.16";"Deportes";"Hombres";"Exito"
"2015-2016";"84.11";"Deportes";"Hombres";"Exito"
"2022-2023";"91.49";"Turismo y Hostelería";"Hombres";"Exito"
"2021-2022";"91.19";"Turismo y Hostelería";"Hombres";"Exito"
"2020-2021";"95.38";"Turismo y Hostelería";"Hombres";"Exito"
"2019-2020";"94.46";"Turismo y Hostelería";"Hombres";"Exito"
"2018-2019";"92.38";"Turismo y Hostelería";"Hombres";"Exito"
"2017-2018";"93.57";"Turismo y Hostelería";"Hombres";"Exito"
"2016-2017";"92.03";"Turismo y Hostelería";"Hombres";"Exito"
"2015-2016";"93.41";"Turismo y Hostelería";"Hombres";"Exito"
"2022-2023";"91.89";"Otros Servicios";"Hombres";"Exito"
"2021-2022";"96.08";"Otros Servicios";"Hombres";"Exito"
"2020-2021";"98.66";"Otros Servicios";"Hombres";"Exito"
"2019-2020";"96.82";"Otros Servicios";"Hombres";"Exito"
"2018-2019";"91.07";"Otros Servicios";"Hombres";"Exito"
"2017-2018";"93.49";"Otros Servicios";"Hombres";"Exito"
"2016-2017";"..";"Otros Servicios";"Hombres";"Exito"
"2015-2016";"..";"Otros Servicios";"Hombres";"Exito"
"2022-2023";"???";"Universidades Privadas No Presenciales";"Hombres";"Evaluacion"
"2021-2022";"???";"Universidades Privadas No Presenciales";"Hombres";"Evaluacion"
"2020-2021";"???";"Universidades Privadas No Presenciales";"Hombres";"Evaluacion"
"2019-2020";"???";"Universidades Privadas No Presenciales";"Hombres";"Evaluacion"
"2018-2019";"???";"Universidades Privadas No Presenciales";"Hombres";"Evaluacion"
"2017-2018";"???";"Universidades Privadas No Presenciales";"Hombres";"Evaluacion"
"2016-2017";"???";"Universidades Privadas No Presenciales";"Hombres";"Evaluacion"
"2015-2016";"???";"Universidades Privadas No Presenciales";"Hombres";"Evaluacion"
"2022-2023";"84.81";"Todos los ámbitos";"Hombres";"Evaluacion"
"2021-2022";"84.23";"Todos los ámbitos";"Hombres";"Evaluacion"
"2020-2021";"87.38";"Todos los ámbitos";"Hombres";"Evaluacion"
"2019-2020";"84.33";"Todos los ámbitos";"Hombres";"Evaluacion"
"2018-2019";"80.2";"Todos los ámbitos";"Hombres";"Evaluacion"
"2017-2018";"79.83";"Todos los ámbitos";"Hombres";"Evaluacion"
"2016-2017";"80.02";"Todos los ámbitos";"Hombres";"Evaluacion"
"2015-2016";"79.57";"Todos los ámbitos";"Hombres";"Evaluacion"
"2022-2023";"89.28";"Total Educación";"Hombres";"Evaluacion"
"2021-2022";"88.45";"Total Educación";"Hombres";"Evaluacion"
"2020-2021";"93.39";"Total Educación";"Hombres";"Evaluacion"
"2019-2020";"90.21";"Total Educación";"Hombres";"Evaluacion"
"2018-2019";"86.41";"Total Educación";"Hombres";"Evaluacion"
"2017-2018";"86.91";"Total Educación";"Hombres";"Evaluacion"
"2016-2017";"86.78";"Total Educación";"Hombres";"Evaluacion"
"2015-2016";"88.08";"Total Educación";"Hombres";"Evaluacion"
"2022-2023";"89.1";"Formación de docentes de enseñanza infantil";"Hombres";"Evaluacion"
"2021-2022";"89.42";"Formación de docentes de enseñanza infantil";"Hombres";"Evaluacion"
"2020-2021";"93.42";"Formación de docentes de enseñanza infantil";"Hombres";"Evaluacion"
"2019-2020";"91.17";"Formación de docentes de enseñanza infantil";"Hombres";"Evaluacion"
"2018-2019";"89.03";"Formación de docentes de enseñanza infantil";"Hombres";"Evaluacion"
"2017-2018";"88.04";"Formación de docentes de enseñanza infantil";"Hombres";"Evaluacion"
"2016-2017";"87.21";"Formación de docentes de enseñanza infantil";"Hombres";"Evaluacion"
"2015-2016";"88.34";"Formación de docentes de enseñanza infantil";"Hombres";"Evaluacion"
"2022-2023";"89.61";"Formación de docentes de enseñanza primaria";"Hombres";"Evaluacion"
"2021-2022";"88.64";"Formación de docentes de enseñanza primaria";"Hombres";"Evaluacion"
"2020-2021";"94.34";"Formación de docentes de enseñanza primaria";"Hombres";"Evaluacion"
"2019-2020";"90.72";"Formación de docentes de enseñanza primaria";"Hombres";"Evaluacion"
"2018-2019";"86.64";"Formación de docentes de enseñanza primaria";"Hombres";"Evaluacion"
"2017-2018";"87.87";"Formación de docentes de enseñanza primaria";"Hombres";"Evaluacion"
"2016-2017";"88.07";"Formación de docentes de enseñanza primaria";"Hombres";"Evaluacion"
"2015-2016";"89.06";"Formación de docentes de enseñanza primaria";"Hombres";"Evaluacion"
"2022-2023";"88.13";"Otra Formación de personal docente y ciencias de la educación";"Hombres";"Evaluacion"
"2021-2022";"87.13";"Otra Formación de personal docente y ciencias de la educación";"Hombres";"Evaluacion"
"2020-2021";"90.48";"Otra Formación de personal docente y ciencias de la educación";"Hombres";"Evaluacion"
"2019-2020";"88.15";"Otra Formación de personal docente y ciencias de la educación";"Hombres";"Evaluacion"
"2018-2019";"84.38";"Otra Formación de personal docente y ciencias de la educación";"Hombres";"Evaluacion"
"2017-2018";"82.73";"Otra Formación de personal docente y ciencias de la educación";"Hombres";"Evaluacion"
"2016-2017";"81.62";"Otra Formación de personal docente y ciencias de la educación";"Hombres";"Evaluacion"
"2015-2016";"83.77";"Otra Formación de personal docente y ciencias de la educación";"Hombres";"Evaluacion"
"2022-2023";"83.41";"Total Artes y humanidades";"Hombres";"Evaluacion"
"2021-2022";"82.41";"Total Artes y humanidades";"Hombres";"Evaluacion"
"2020-2021";"86.05";"Total Artes y humanidades";"Hombres";"Evaluacion"
"2019-2020";"83.77";"Total Artes y humanidades";"Hombres";"Evaluacion"
"2018-2019";"80.41";"Total Artes y humanidades";"Hombres";"Evaluacion"
"2017-2018";"79.43";"Total Artes y humanidades";"Hombres";"Evaluacion"
"2016-2017";"79.48";"Total Artes y humanidades";"Hombres";"Evaluacion"
"2015-2016";"77.64";"Total Artes y humanidades";"Hombres";"Evaluacion"
"2022-2023";"86.35";"Técnicas audiovisuales y medios de comunicación";"Hombres";"Evaluacion"
"2021-2022";"84.22";"Técnicas audiovisuales y medios de comunicación";"Hombres";"Evaluacion"
"2020-2021";"87.27";"Técnicas audiovisuales y medios de comunicación";"Hombres";"Evaluacion"
"2019-2020";"84.58";"Técnicas audiovisuales y medios de comunicación";"Hombres";"Evaluacion"
"2018-2019";"82.18";"Técnicas audiovisuales y medios de comunicación";"Hombres";"Evaluacion"
"2017-2018";"80.55";"Técnicas audiovisuales y medios de comunicación";"Hombres";"Evaluacion"
"2016-2017";"80.47";"Técnicas audiovisuales y medios de comunicación";"Hombres";"Evaluacion"
"2015-2016";"77.87";"Técnicas audiovisuales y medios de comunicación";"Hombres";"Evaluacion"
"2022-2023";"84.54";"Artes";"Hombres";"Evaluacion"
"2021-2022";"82.49";"Artes";"Hombres";"Evaluacion"
"2020-2021";"86.64";"Artes";"Hombres";"Evaluacion"
"2019-2020";"85.0";"Artes";"Hombres";"Evaluacion"
"2018-2019";"79.58";"Artes";"Hombres";"Evaluacion"
"2017-2018";"77.62";"Artes";"Hombres";"Evaluacion"
"2016-2017";"77.94";"Artes";"Hombres";"Evaluacion"
"2015-2016";"75.53";"Artes";"Hombres";"Evaluacion"
"2022-2023";"82.71";"Lenguas";"Hombres";"Evaluacion"
"2021-2022";"80.91";"Lenguas";"Hombres";"Evaluacion"
"2020-2021";"84.99";"Lenguas";"Hombres";"Evaluacion"
"2019-2020";"79.26";"Lenguas";"Hombres";"Evaluacion"
"2018-2019";"80.43";"Lenguas";"Hombres";"Evaluacion"
"2017-2018";"78.38";"Lenguas";"Hombres";"Evaluacion"
"2016-2017";"79.95";"Lenguas";"Hombres";"Evaluacion"
"2015-2016";"79.47";"Lenguas";"Hombres";"Evaluacion"
"2022-2023";"79.86";"Humanidades";"Hombres";"Evaluacion"
"2021-2022";"80.18";"Humanidades";"Hombres";"Evaluacion"
"2020-2021";"84.25";"Humanidades";"Hombres";"Evaluacion"
"2019-2020";"83.18";"Humanidades";"Hombres";"Evaluacion"
"2018-2019";"77.94";"Humanidades";"Hombres";"Evaluacion"
"2017-2018";"78.36";"Humanidades";"Hombres";"Evaluacion"
"2016-2017";"77.99";"Humanidades";"Hombres";"Evaluacion"
"2015-2016";"77.15";"Humanidades";"Hombres";"Evaluacion"
"2022-2023";"87.27";"Total Ciencias sociales, periodismo y documentación";"Hombres";"Evaluacion"
"2021-2022";"86.39";"Total Ciencias sociales, periodismo y documentación";"Hombres";"Evaluacion"
"2020-2021";"88.23";"Total Ciencias sociales, periodismo y documentación";"Hombres";"Evaluacion"
"2019-2020";"85.93";"Total Ciencias sociales, periodismo y documentación";"Hombres";"Evaluacion"
"2018-2019";"81.26";"Total Ciencias sociales, periodismo y documentación";"Hombres";"Evaluacion"
"2017-2018";"81.33";"Total Ciencias sociales, periodismo y documentación";"Hombres";"Evaluacion"
"2016-2017";"81.7";"Total Ciencias sociales, periodismo y documentación";"Hombres";"Evaluacion"
"2015-2016";"81.46";"Total Ciencias sociales, periodismo y documentación";"Hombres";"Evaluacion"
"2022-2023";"85.38";"Psicología";"Hombres";"Evaluacion"
"2021-2022";"84.22";"Psicología";"Hombres";"Evaluacion"
"2020-2021";"86.06";"Psicología";"Hombres";"Evaluacion"
"2019-2020";"84.05";"Psicología";"Hombres";"Evaluacion"
"2018-2019";"80.02";"Psicología";"Hombres";"Evaluacion"
"2017-2018";"78.67";"Psicología";"Hombres";"Evaluacion"
"2016-2017";"78.85";"Psicología";"Hombres";"Evaluacion"
"2015-2016";"78.26";"Psicología";"Hombres";"Evaluacion"
"2022-2023";"84.47";"Economía";"Hombres";"Evaluacion"
"2021-2022";"82.32";"Economía";"Hombres";"Evaluacion"
"2020-2021";"84.01";"Economía";"Hombres";"Evaluacion"
"2019-2020";"80.1";"Economía";"Hombres";"Evaluacion"
"2018-2019";"73.69";"Economía";"Hombres";"Evaluacion"
"2017-2018";"74.2";"Economía";"Hombres";"Evaluacion"
"2016-2017";"69.88";"Economía";"Hombres";"Evaluacion"
"2015-2016";"62.75";"Economía";"Hombres";"Evaluacion"
"2022-2023";"89.92";"Otras Ciencias sociales y del comportamiento";"Hombres";"Evaluacion"
"2021-2022";"89.69";"Otras Ciencias sociales y del comportamiento";"Hombres";"Evaluacion"
"2020-2021";"91.13";"Otras Ciencias sociales y del comportamiento";"Hombres";"Evaluacion"
"2019-2020";"89.24";"Otras Ciencias sociales y del comportamiento";"Hombres";"Evaluacion"
"2018-2019";"84.87";"Otras Ciencias sociales y del comportamiento";"Hombres";"Evaluacion"
"2017-2018";"86.16";"Otras Ciencias sociales y del comportamiento";"Hombres";"Evaluacion"
"2016-2017";"86.48";"Otras Ciencias sociales y del comportamiento";"Hombres";"Evaluacion"
"2015-2016";"86.29";"Otras Ciencias sociales y del comportamiento";"Hombres";"Evaluacion"
"2022-2023";"86.33";"Periodismo e información";"Hombres";"Evaluacion"
"2021-2022";"85.2";"Periodismo e información";"Hombres";"Evaluacion"
"2020-2021";"88.91";"Periodismo e información";"Hombres";"Evaluacion"
"2019-2020";"86.43";"Periodismo e información";"Hombres";"Evaluacion"
"2018-2019";"80.66";"Periodismo e información";"Hombres";"Evaluacion"
"2017-2018";"81.04";"Periodismo e información";"Hombres";"Evaluacion"
"2016-2017";"81.94";"Periodismo e información";"Hombres";"Evaluacion"
"2015-2016";"81.85";"Periodismo e información";"Hombres";"Evaluacion"
"2022-2023";"84.85";"Total Negocios, administración y derecho";"Hombres";"Evaluacion"
"2021-2022";"84.3";"Total Negocios, administración y derecho";"Hombres";"Evaluacion"
"2020-2021";"87.7";"Total Negocios, administración y derecho";"Hombres";"Evaluacion"
"2019-2020";"84.45";"Total Negocios, administración y derecho";"Hombres";"Evaluacion"
"2018-2019";"79.48";"Total Negocios, administración y derecho";"Hombres";"Evaluacion"
"2017-2018";"78.98";"Total Negocios, administración y derecho";"Hombres";"Evaluacion"
"2016-2017";"78.5";"Total Negocios, administración y derecho";"Hombres";"Evaluacion"
"2015-2016";"77.96";"Total Negocios, administración y derecho";"Hombres";"Evaluacion"
"2022-2023";"84.65";"Administración y gestión de empresas";"Hombres";"Evaluacion"
"2021-2022";"84.5";"Administración y gestión de empresas";"Hombres";"Evaluacion"
"2020-2021";"86.83";"Administración y gestión de empresas";"Hombres";"Evaluacion"
"2019-2020";"83.67";"Administración y gestión de empresas";"Hombres";"Evaluacion"
"2018-2019";"78.34";"Administración y gestión de empresas";"Hombres";"Evaluacion"
"2017-2018";"77.31";"Administración y gestión de empresas";"Hombres";"Evaluacion"
"2016-2017";"77.4";"Administración y gestión de empresas";"Hombres";"Evaluacion"
"2015-2016";"77.13";"Administración y gestión de empresas";"Hombres";"Evaluacion"
"2022-2023";"84.45";"Otra Educación comercial y empresarial";"Hombres";"Evaluacion"
"2021-2022";"82.34";"Otra Educación comercial y empresarial";"Hombres";"Evaluacion"
"2020-2021";"86.42";"Otra Educación comercial y empresarial";"Hombres";"Evaluacion"
"2019-2020";"82.66";"Otra Educación comercial y empresarial";"Hombres";"Evaluacion"
"2018-2019";"77.38";"Otra Educación comercial y empresarial";"Hombres";"Evaluacion"
"2017-2018";"76.37";"Otra Educación comercial y empresarial";"Hombres";"Evaluacion"
"2016-2017";"74.53";"Otra Educación comercial y empresarial";"Hombres";"Evaluacion"
"2015-2016";"75.54";"Otra Educación comercial y empresarial";"Hombres";"Evaluacion"
"2022-2023";"85.25";"Derecho";"Hombres";"Evaluacion"
"2021-2022";"84.96";"Derecho";"Hombres";"Evaluacion"
"2020-2021";"89.24";"Derecho";"Hombres";"Evaluacion"
"2019-2020";"86.04";"Derecho";"Hombres";"Evaluacion"
"2018-2019";"81.58";"Derecho";"Hombres";"Evaluacion"
"2017-2018";"81.92";"Derecho";"Hombres";"Evaluacion"
"2016-2017";"81.24";"Derecho";"Hombres";"Evaluacion"
"2015-2016";"79.93";"Derecho";"Hombres";"Evaluacion"
"2022-2023";"61.57";"Total Ciencias";"Hombres";"Evaluacion"
"2021-2022";"73.98";"Total Ciencias";"Hombres";"Evaluacion"
"2020-2021";"78.35";"Total Ciencias";"Hombres";"Evaluacion"
"2019-2020";"68.7";"Total Ciencias";"Hombres";"Evaluacion"
"2018-2019";"70.93";"Total Ciencias";"Hombres";"Evaluacion"
"2017-2018";"..";"Total Ciencias";"Hombres";"Evaluacion"
"2016-2017";"..";"Total Ciencias";"Hombres";"Evaluacion"
"2015-2016";"..";"Total Ciencias";"Hombres";"Evaluacion"
"2022-2023";"..";"Ciencias de la vida";"Hombres";"Evaluacion"
"2021-2022";"..";"Ciencias de la vida";"Hombres";"Evaluacion"
"2020-2021";"..";"Ciencias de la vida";"Hombres";"Evaluacion"
"2019-2020";"..";"Ciencias de la vida";"Hombres";"Evaluacion"
"2018-2019";"..";"Ciencias de la vida";"Hombres";"Evaluacion"
"2017-2018";"..";"Ciencias de la vida";"Hombres";"Evaluacion"
"2016-2017";"..";"Ciencias de la vida";"Hombres";"Evaluacion"
"2015-2016";"..";"Ciencias de la vida";"Hombres";"Evaluacion"
"2022-2023";"74.64";"Ciencias Físicas, químicas, geológicas";"Hombres";"Evaluacion"
"2021-2022";"73.76";"Ciencias Físicas, químicas, geológicas";"Hombres";"Evaluacion"
"2020-2021";"..";"Ciencias Físicas, químicas, geológicas";"Hombres";"Evaluacion"
"2019-2020";"..";"Ciencias Físicas, químicas, geológicas";"Hombres";"Evaluacion"
"2018-2019";"..";"Ciencias Físicas, químicas, geológicas";"Hombres";"Evaluacion"
"2017-2018";"..";"Ciencias Físicas, químicas, geológicas";"Hombres";"Evaluacion"
"2016-2017";"..";"Ciencias Físicas, químicas, geológicas";"Hombres";"Evaluacion"
"2015-2016";"..";"Ciencias Físicas, químicas, geológicas";"Hombres";"Evaluacion"
"2022-2023";"54.72";"Matemáticas y Estadística";"Hombres";"Evaluacion"
"2021-2022";"73.99";"Matemáticas y Estadística";"Hombres";"Evaluacion"
"2020-2021";"78.35";"Matemáticas y Estadística";"Hombres";"Evaluacion"
"2019-2020";"68.7";"Matemáticas y Estadística";"Hombres";"Evaluacion"
"2018-2019";"70.93";"Matemáticas y Estadística";"Hombres";"Evaluacion"
"2017-2018";"..";"Matemáticas y Estadística";"Hombres";"Evaluacion"
"2016-2017";"..";"Matemáticas y Estadística";"Hombres";"Evaluacion"
"2015-2016";"..";"Matemáticas y Estadística";"Hombres";"Evaluacion"
"2022-2023";"82.16";"Total Informática";"Hombres";"Evaluacion"
"2021-2022";"81.57";"Total Informática";"Hombres";"Evaluacion"
"2020-2021";"83.29";"Total Informática";"Hombres";"Evaluacion"
"2019-2020";"79.6";"Total Informática";"Hombres";"Evaluacion"
"2018-2019";"75.98";"Total Informática";"Hombres";"Evaluacion"
"2017-2018";"73.98";"Total Informática";"Hombres";"Evaluacion"
"2016-2017";"74.98";"Total Informática";"Hombres";"Evaluacion"
"2015-2016";"73.37";"Total Informática";"Hombres";"Evaluacion"
"2022-2023";"82.16";"Informática";"Hombres";"Evaluacion"
"2021-2022";"81.57";"Informática";"Hombres";"Evaluacion"
"2020-2021";"83.29";"Informática";"Hombres";"Evaluacion"
"2019-2020";"79.6";"Informática";"Hombres";"Evaluacion"
"2018-2019";"75.98";"Informática";"Hombres";"Evaluacion"
"2017-2018";"73.98";"Informática";"Hombres";"Evaluacion"
"2016-2017";"74.98";"Informática";"Hombres";"Evaluacion"
"2015-2016";"73.37";"Informática";"Hombres";"Evaluacion"
"2022-2023";"75.19";"Total Ingeniería, industria y construcción";"Hombres";"Evaluacion"
"2021-2022";"78.65";"Total Ingeniería, industria y construcción";"Hombres";"Evaluacion"
"2020-2021";"80.67";"Total Ingeniería, industria y construcción";"Hombres";"Evaluacion"
"2019-2020";"77.85";"Total Ingeniería, industria y construcción";"Hombres";"Evaluacion"
"2018-2019";"73.63";"Total Ingeniería, industria y construcción";"Hombres";"Evaluacion"
"2017-2018";"73.49";"Total Ingeniería, industria y construcción";"Hombres";"Evaluacion"
"2016-2017";"72.42";"Total Ingeniería, industria y construcción";"Hombres";"Evaluacion"
"2015-2016";"70.26";"Total Ingeniería, industria y construcción";"Hombres";"Evaluacion"
"2022-2023";"75.19";"Ingenierías";"Hombres";"Evaluacion"
"2021-2022";"78.65";"Ingenierías";"Hombres";"Evaluacion"
"2020-2021";"80.67";"Ingenierías";"Hombres";"Evaluacion"
"2019-2020";"77.85";"Ingenierías";"Hombres";"Evaluacion"
"2018-2019";"73.63";"Ingenierías";"Hombres";"Evaluacion"
"2017-2018";"73.49";"Ingenierías";"Hombres";"Evaluacion"
"2016-2017";"72.42";"Ingenierías";"Hombres";"Evaluacion"
"2015-2016";"70.26";"Ingenierías";"Hombres";"Evaluacion"
"2022-2023";"..";"Arquitectura y construcción";"Hombres";"Evaluacion"
"2021-2022";"..";"Arquitectura y construcción";"Hombres";"Evaluacion"
"2020-2021";"..";"Arquitectura y construcción";"Hombres";"Evaluacion"
"2019-2020";"..";"Arquitectura y construcción";"Hombres";"Evaluacion"
"2018-2019";"..";"Arquitectura y construcción";"Hombres";"Evaluacion"
"2017-2018";"..";"Arquitectura y construcción";"Hombres";"Evaluacion"
"2016-2017";"..";"Arquitectura y construcción";"Hombres";"Evaluacion"
"2015-2016";"..";"Arquitectura y construcción";"Hombres";"Evaluacion"
"2022-2023";"..";"Total Agricultura, ganadería,  silvicultura, pesca, y veterinaria";"Hombres";"Evaluacion"
"2021-2022";"..";"Total Agricultura, ganadería,  silvicultura, pesca, y veterinaria";"Hombres";"Evaluacion"
"2020-2021";"..";"Total Agricultura, ganadería,  silvicultura, pesca, y veterinaria";"Hombres";"Evaluacion"
"2019-2020";"..";"Total Agricultura, ganadería,  silvicultura, pesca, y veterinaria";"Hombres";"Evaluacion"
"2018-2019";"..";"Total Agricultura, ganadería,  silvicultura, pesca, y veterinaria";"Hombres";"Evaluacion"
"2017-2018";"..";"Total Agricultura, ganadería,  silvicultura, pesca, y veterinaria";"Hombres";"Evaluacion"
"2016-2017";"..";"Total Agricultura, ganadería,  silvicultura, pesca, y veterinaria";"Hombres";"Evaluacion"
"2015-2016";"..";"Total Agricultura, ganadería,  silvicultura, pesca, y veterinaria";"Hombres";"Evaluacion"
"2022-2023";"..";"Agricultura, ganadería y pesca";"Hombres";"Evaluacion"
"2021-2022";"..";"Agricultura, ganadería y pesca";"Hombres";"Evaluacion"
"2020-2021";"..";"Agricultura, ganadería y pesca";"Hombres";"Evaluacion"
"2019-2020";"..";"Agricultura, ganadería y pesca";"Hombres";"Evaluacion"
"2018-2019";"..";"Agricultura, ganadería y pesca";"Hombres";"Evaluacion"
"2017-2018";"..";"Agricultura, ganadería y pesca";"Hombres";"Evaluacion"
"2016-2017";"..";"Agricultura, ganadería y pesca";"Hombres";"Evaluacion"
"2015-2016";"..";"Agricultura, ganadería y pesca";"Hombres";"Evaluacion"
"2022-2023";"..";"Veterinaria";"Hombres";"Evaluacion"
"2021-2022";"..";"Veterinaria";"Hombres";"Evaluacion"
"2020-2021";"..";"Veterinaria";"Hombres";"Evaluacion"
"2019-2020";"..";"Veterinaria";"Hombres";"Evaluacion"
"2018-2019";"..";"Veterinaria";"Hombres";"Evaluacion"
"2017-2018";"..";"Veterinaria";"Hombres";"Evaluacion"
"2016-2017";"..";"Veterinaria";"Hombres";"Evaluacion"
"2015-2016";"..";"Veterinaria";"Hombres";"Evaluacion"
"2022-2023";"82.98";"Total Salud y servicios sociales";"Hombres";"Evaluacion"
"2021-2022";"82.88";"Total Salud y servicios sociales";"Hombres";"Evaluacion"
"2020-2021";"89.19";"Total Salud y servicios sociales";"Hombres";"Evaluacion"
"2019-2020";"88.39";"Total Salud y servicios sociales";"Hombres";"Evaluacion"
"2018-2019";"82.99";"Total Salud y servicios sociales";"Hombres";"Evaluacion"
"2017-2018";"83.41";"Total Salud y servicios sociales";"Hombres";"Evaluacion"
"2016-2017";"87.05";"Total Salud y servicios sociales";"Hombres";"Evaluacion"
"2015-2016";"91.57";"Total Salud y servicios sociales";"Hombres";"Evaluacion"
"2022-2023";"..";"Medicina";"Hombres";"Evaluacion"
"2021-2022";"..";"Medicina";"Hombres";"Evaluacion"
"2020-2021";"..";"Medicina";"Hombres";"Evaluacion"
"2019-2020";"..";"Medicina";"Hombres";"Evaluacion"
"2018-2019";"..";"Medicina";"Hombres";"Evaluacion"
"2017-2018";"..";"Medicina";"Hombres";"Evaluacion"
"2016-2017";"..";"Medicina";"Hombres";"Evaluacion"
"2015-2016";"..";"Medicina";"Hombres";"Evaluacion"
"2022-2023";"..";"Enfermería y atención a enfermos";"Hombres";"Evaluacion"
"2021-2022";"..";"Enfermería y atención a enfermos";"Hombres";"Evaluacion"
"2020-2021";"..";"Enfermería y atención a enfermos";"Hombres";"Evaluacion"
"2019-2020";"..";"Enfermería y atención a enfermos";"Hombres";"Evaluacion"
"2018-2019";"..";"Enfermería y atención a enfermos";"Hombres";"Evaluacion"
"2017-2018";"..";"Enfermería y atención a enfermos";"Hombres";"Evaluacion"
"2016-2017";"..";"Enfermería y atención a enfermos";"Hombres";"Evaluacion"
"2015-2016";"..";"Enfermería y atención a enfermos";"Hombres";"Evaluacion"
"2022-2023";"79.51";"Otras ciencias de la Salud";"Hombres";"Evaluacion"
"2021-2022";"75.82";"Otras ciencias de la Salud";"Hombres";"Evaluacion"
"2020-2021";"85.13";"Otras ciencias de la Salud";"Hombres";"Evaluacion"
"2019-2020";"87.44";"Otras ciencias de la Salud";"Hombres";"Evaluacion"
"2018-2019";"82.83";"Otras ciencias de la Salud";"Hombres";"Evaluacion"
"2017-2018";"84.39";"Otras ciencias de la Salud";"Hombres";"Evaluacion"
"2016-2017";"88.3";"Otras ciencias de la Salud";"Hombres";"Evaluacion"
"2015-2016";"93.65";"Otras ciencias de la Salud";"Hombres";"Evaluacion"
"2022-2023";"87.63";"Trabajo social y orientación";"Hombres";"Evaluacion"
"2021-2022";"92.75";"Trabajo social y orientación";"Hombres";"Evaluacion"
"2020-2021";"96.55";"Trabajo social y orientación";"Hombres";"Evaluacion"
"2019-2020";"92.56";"Trabajo social y orientación";"Hombres";"Evaluacion"
"2018-2019";"84.11";"Trabajo social y orientación";"Hombres";"Evaluacion"
"2017-2018";"76.1";"Trabajo social y orientación";"Hombres";"Evaluacion"
"2016-2017";"78.17";"Trabajo social y orientación";"Hombres";"Evaluacion"
"2015-2016";"81.18";"Trabajo social y orientación";"Hombres";"Evaluacion"
"2022-2023";"83.22";"Total Servicios";"Hombres";"Evaluacion"
"2021-2022";"82.72";"Total Servicios";"Hombres";"Evaluacion"
"2020-2021";"89.21";"Total Servicios";"Hombres";"Evaluacion"
"2019-2020";"86.17";"Total Servicios";"Hombres";"Evaluacion"
"2018-2019";"82.75";"Total Servicios";"Hombres";"Evaluacion"
"2017-2018";"82.42";"Total Servicios";"Hombres";"Evaluacion"
"2016-2017";"84.32";"Total Servicios";"Hombres";"Evaluacion"
"2015-2016";"85.41";"Total Servicios";"Hombres";"Evaluacion"
"2022-2023";"82.1";"Deportes";"Hombres";"Evaluacion"
"2021-2022";"77.28";"Deportes";"Hombres";"Evaluacion"
"2020-2021";"87.25";"Deportes";"Hombres";"Evaluacion"
"2019-2020";"87.1";"Deportes";"Hombres";"Evaluacion"
"2018-2019";"83.76";"Deportes";"Hombres";"Evaluacion"
"2017-2018";"83.41";"Deportes";"Hombres";"Evaluacion"
"2016-2017";"86.9";"Deportes";"Hombres";"Evaluacion"
"2015-2016";"89.64";"Deportes";"Hombres";"Evaluacion"
"2022-2023";"83.99";"Turismo y Hostelería";"Hombres";"Evaluacion"
"2021-2022";"85.55";"Turismo y Hostelería";"Hombres";"Evaluacion"
"2020-2021";"87.71";"Turismo y Hostelería";"Hombres";"Evaluacion"
"2019-2020";"78.51";"Turismo y Hostelería";"Hombres";"Evaluacion"
"2018-2019";"74.4";"Turismo y Hostelería";"Hombres";"Evaluacion"
"2017-2018";"76.08";"Turismo y Hostelería";"Hombres";"Evaluacion"
"2016-2017";"74.47";"Turismo y Hostelería";"Hombres";"Evaluacion"
"2015-2016";"75.39";"Turismo y Hostelería";"Hombres";"Evaluacion"
"2022-2023";"86.21";"Otros Servicios";"Hombres";"Evaluacion"
"2021-2022";"95.59";"Otros Servicios";"Hombres";"Evaluacion"
"2020-2021";"97.67";"Otros Servicios";"Hombres";"Evaluacion"
"2019-2020";"95.63";"Otros Servicios";"Hombres";"Evaluacion"
"2018-2019";"95.1";"Otros Servicios";"Hombres";"Evaluacion"
"2017-2018";"97.13";"Otros Servicios";"Hombres";"Evaluacion"
"2016-2017";"..";"Otros Servicios";"Hombres";"Evaluacion"
"2015-2016";"..";"Otros Servicios";"Hombres";"Evaluacion"
"2022-2023";"???";"Universidades Privadas No Presenciales";"Mujeres";"Rendimiento"
"2021-2022";"???";"Universidades Privadas No Presenciales";"Mujeres";"Rendimiento"
"2020-2021";"???";"Universidades Privadas No Presenciales";"Mujeres";"Rendimiento"
"2019-2020";"???";"Universidades Privadas No Presenciales";"Mujeres";"Rendimiento"
"2018-2019";"???";"Universidades Privadas No Presenciales";"Mujeres";"Rendimiento"
"2017-2018";"???";"Universidades Privadas No Presenciales";"Mujeres";"Rendimiento"
"2016-2017";"???";"Universidades Privadas No Presenciales";"Mujeres";"Rendimiento"
"2015-2016";"???";"Universidades Privadas No Presenciales";"Mujeres";"Rendimiento"
"2022-2023";"82.92";"Todos los ámbitos";"Mujeres";"Rendimiento"
"2021-2022";"82.53";"Todos los ámbitos";"Mujeres";"Rendimiento"
"2020-2021";"87.4";"Todos los ámbitos";"Mujeres";"Rendimiento"
"2019-2020";"84.84";"Todos los ámbitos";"Mujeres";"Rendimiento"
"2018-2019";"78.85";"Todos los ámbitos";"Mujeres";"Rendimiento"
"2017-2018";"79.87";"Todos los ámbitos";"Mujeres";"Rendimiento"
"2016-2017";"79.89";"Todos los ámbitos";"Mujeres";"Rendimiento"
"2015-2016";"80.12";"Todos los ámbitos";"Mujeres";"Rendimiento"
"2022-2023";"88.7";"Total Educación";"Mujeres";"Rendimiento"
"2021-2022";"88.12";"Total Educación";"Mujeres";"Rendimiento"
"2020-2021";"92.69";"Total Educación";"Mujeres";"Rendimiento"
"2019-2020";"91.13";"Total Educación";"Mujeres";"Rendimiento"
"2018-2019";"86.17";"Total Educación";"Mujeres";"Rendimiento"
"2017-2018";"87.26";"Total Educación";"Mujeres";"Rendimiento"
"2016-2017";"87.26";"Total Educación";"Mujeres";"Rendimiento"
"2015-2016";"87.63";"Total Educación";"Mujeres";"Rendimiento"
"2022-2023";"88.97";"Formación de docentes de enseñanza infantil";"Mujeres";"Rendimiento"
"2021-2022";"89.21";"Formación de docentes de enseñanza infantil";"Mujeres";"Rendimiento"
"2020-2021";"93.41";"Formación de docentes de enseñanza infantil";"Mujeres";"Rendimiento"
"2019-2020";"92.95";"Formación de docentes de enseñanza infantil";"Mujeres";"Rendimiento"
"2018-2019";"87.54";"Formación de docentes de enseñanza infantil";"Mujeres";"Rendimiento"
"2017-2018";"88.57";"Formación de docentes de enseñanza infantil";"Mujeres";"Rendimiento"
"2016-2017";"88.5";"Formación de docentes de enseñanza infantil";"Mujeres";"Rendimiento"
"2015-2016";"88.26";"Formación de docentes de enseñanza infantil";"Mujeres";"Rendimiento"
"2022-2023";"90.24";"Formación de docentes de enseñanza primaria";"Mujeres";"Rendimiento"
"2021-2022";"89.27";"Formación de docentes de enseñanza primaria";"Mujeres";"Rendimiento"
"2020-2021";"94.76";"Formación de docentes de enseñanza primaria";"Mujeres";"Rendimiento"
"2019-2020";"92.61";"Formación de docentes de enseñanza primaria";"Mujeres";"Rendimiento"
"2018-2019";"86.99";"Formación de docentes de enseñanza primaria";"Mujeres";"Rendimiento"
"2017-2018";"88.66";"Formación de docentes de enseñanza primaria";"Mujeres";"Rendimiento"
"2016-2017";"88.32";"Formación de docentes de enseñanza primaria";"Mujeres";"Rendimiento"
"2015-2016";"89.04";"Formación de docentes de enseñanza primaria";"Mujeres";"Rendimiento"
"2022-2023";"84.51";"Otra Formación de personal docente y ciencias de la educación";"Mujeres";"Rendimiento"
"2021-2022";"83.68";"Otra Formación de personal docente y ciencias de la educación";"Mujeres";"Rendimiento"
"2020-2021";"86.87";"Otra Formación de personal docente y ciencias de la educación";"Mujeres";"Rendimiento"
"2019-2020";"83.88";"Otra Formación de personal docente y ciencias de la educación";"Mujeres";"Rendimiento"
"2018-2019";"80.65";"Otra Formación de personal docente y ciencias de la educación";"Mujeres";"Rendimiento"
"2017-2018";"79.36";"Otra Formación de personal docente y ciencias de la educación";"Mujeres";"Rendimiento"
"2016-2017";"80.41";"Otra Formación de personal docente y ciencias de la educación";"Mujeres";"Rendimiento"
"2015-2016";"81.2";"Otra Formación de personal docente y ciencias de la educación";"Mujeres";"Rendimiento"
"2022-2023";"79.41";"Total Artes y humanidades";"Mujeres";"Rendimiento"
"2021-2022";"80.22";"Total Artes y humanidades";"Mujeres";"Rendimiento"
"2020-2021";"83.58";"Total Artes y humanidades";"Mujeres";"Rendimiento"
"2019-2020";"82.52";"Total Artes y humanidades";"Mujeres";"Rendimiento"
"2018-2019";"78.11";"Total Artes y humanidades";"Mujeres";"Rendimiento"
"2017-2018";"76.95";"Total Artes y humanidades";"Mujeres";"Rendimiento"
"2016-2017";"77.28";"Total Artes y humanidades";"Mujeres";"Rendimiento"
"2015-2016";"76.07";"Total Artes y humanidades";"Mujeres";"Rendimiento"
"2022-2023";"82.49";"Técnicas audiovisuales y medios de comunicación";"Mujeres";"Rendimiento"
"2021-2022";"83.66";"Técnicas audiovisuales y medios de comunicación";"Mujeres";"Rendimiento"
"2020-2021";"86.31";"Técnicas audiovisuales y medios de comunicación";"Mujeres";"Rendimiento"
"2019-2020";"85.13";"Técnicas audiovisuales y medios de comunicación";"Mujeres";"Rendimiento"
"2018-2019";"82.53";"Técnicas audiovisuales y medios de comunicación";"Mujeres";"Rendimiento"
"2017-2018";"81.22";"Técnicas audiovisuales y medios de comunicación";"Mujeres";"Rendimiento"
"2016-2017";"79.78";"Técnicas audiovisuales y medios de comunicación";"Mujeres";"Rendimiento"
"2015-2016";"79.32";"Técnicas audiovisuales y medios de comunicación";"Mujeres";"Rendimiento"
"2022-2023";"79.94";"Artes";"Mujeres";"Rendimiento"
"2021-2022";"76.97";"Artes";"Mujeres";"Rendimiento"
"2020-2021";"84.84";"Artes";"Mujeres";"Rendimiento"
"2019-2020";"82.56";"Artes";"Mujeres";"Rendimiento"
"2018-2019";"76.62";"Artes";"Mujeres";"Rendimiento"
"2017-2018";"70.38";"Artes";"Mujeres";"Rendimiento"
"2016-2017";"75.97";"Artes";"Mujeres";"Rendimiento"
"2015-2016";"69.57";"Artes";"Mujeres";"Rendimiento"
"2022-2023";"74.87";"Lenguas";"Mujeres";"Rendimiento"
"2021-2022";"77.39";"Lenguas";"Mujeres";"Rendimiento"
"2020-2021";"77.45";"Lenguas";"Mujeres";"Rendimiento"
"2019-2020";"78.73";"Lenguas";"Mujeres";"Rendimiento"
"2018-2019";"73.91";"Lenguas";"Mujeres";"Rendimiento"
"2017-2018";"72.71";"Lenguas";"Mujeres";"Rendimiento"
"2016-2017";"77.64";"Lenguas";"Mujeres";"Rendimiento"
"2015-2016";"77.01";"Lenguas";"Mujeres";"Rendimiento"
"2022-2023";"76.49";"Humanidades";"Mujeres";"Rendimiento"
"2021-2022";"77.87";"Humanidades";"Mujeres";"Rendimiento"
"2020-2021";"81.82";"Humanidades";"Mujeres";"Rendimiento"
"2019-2020";"80.15";"Humanidades";"Mujeres";"Rendimiento"
"2018-2019";"74.63";"Humanidades";"Mujeres";"Rendimiento"
"2017-2018";"75.99";"Humanidades";"Mujeres";"Rendimiento"
"2016-2017";"74.83";"Humanidades";"Mujeres";"Rendimiento"
"2015-2016";"74.08";"Humanidades";"Mujeres";"Rendimiento"
"2022-2023";"81.65";"Total Ciencias sociales, periodismo y documentación";"Mujeres";"Rendimiento"
"2021-2022";"81.33";"Total Ciencias sociales, periodismo y documentación";"Mujeres";"Rendimiento"
"2020-2021";"86.24";"Total Ciencias sociales, periodismo y documentación";"Mujeres";"Rendimiento"
"2019-2020";"82.35";"Total Ciencias sociales, periodismo y documentación";"Mujeres";"Rendimiento"
"2018-2019";"75.53";"Total Ciencias sociales, periodismo y documentación";"Mujeres";"Rendimiento"
"2017-2018";"75.77";"Total Ciencias sociales, periodismo y documentación";"Mujeres";"Rendimiento"
"2016-2017";"75.88";"Total Ciencias sociales, periodismo y documentación";"Mujeres";"Rendimiento"
"2015-2016";"76.12";"Total Ciencias sociales, periodismo y documentación";"Mujeres";"Rendimiento"
"2022-2023";"81.52";"Psicología";"Mujeres";"Rendimiento"
"2021-2022";"81.13";"Psicología";"Mujeres";"Rendimiento"
"2020-2021";"86.08";"Psicología";"Mujeres";"Rendimiento"
"2019-2020";"81.69";"Psicología";"Mujeres";"Rendimiento"
"2018-2019";"74.85";"Psicología";"Mujeres";"Rendimiento"
"2017-2018";"75.08";"Psicología";"Mujeres";"Rendimiento"
"2016-2017";"74.99";"Psicología";"Mujeres";"Rendimiento"
"2015-2016";"74.53";"Psicología";"Mujeres";"Rendimiento"
"2022-2023";"77.34";"Economía";"Mujeres";"Rendimiento"
"2021-2022";"77.5";"Economía";"Mujeres";"Rendimiento"
"2020-2021";"80.3";"Economía";"Mujeres";"Rendimiento"
"2019-2020";"77.94";"Economía";"Mujeres";"Rendimiento"
"2018-2019";"73.21";"Economía";"Mujeres";"Rendimiento"
"2017-2018";"69.7";"Economía";"Mujeres";"Rendimiento"
"2016-2017";"64.66";"Economía";"Mujeres";"Rendimiento"
"2015-2016";"61.01";"Economía";"Mujeres";"Rendimiento"
"2022-2023";"80.57";"Otras Ciencias sociales y del comportamiento";"Mujeres";"Rendimiento"
"2021-2022";"79.5";"Otras Ciencias sociales y del comportamiento";"Mujeres";"Rendimiento"
"2020-2021";"84.71";"Otras Ciencias sociales y del comportamiento";"Mujeres";"Rendimiento"
"2019-2020";"82.61";"Otras Ciencias sociales y del comportamiento";"Mujeres";"Rendimiento"
"2018-2019";"77.14";"Otras Ciencias sociales y del comportamiento";"Mujeres";"Rendimiento"
"2017-2018";"76.69";"Otras Ciencias sociales y del comportamiento";"Mujeres";"Rendimiento"
"2016-2017";"77.13";"Otras Ciencias sociales y del comportamiento";"Mujeres";"Rendimiento"
"2015-2016";"78.72";"Otras Ciencias sociales y del comportamiento";"Mujeres";"Rendimiento"
"2022-2023";"84.35";"Periodismo e información";"Mujeres";"Rendimiento"
"2021-2022";"84.86";"Periodismo e información";"Mujeres";"Rendimiento"
"2020-2021";"89.28";"Periodismo e información";"Mujeres";"Rendimiento"
"2019-2020";"85.33";"Periodismo e información";"Mujeres";"Rendimiento"
"2018-2019";"76.81";"Periodismo e información";"Mujeres";"Rendimiento"
"2017-2018";"77.79";"Periodismo e información";"Mujeres";"Rendimiento"
"2016-2017";"78.02";"Periodismo e información";"Mujeres";"Rendimiento"
"2015-2016";"78.5";"Periodismo e información";"Mujeres";"Rendimiento"
"2022-2023";"79.06";"Total Negocios, administración y derecho";"Mujeres";"Rendimiento"
"2021-2022";"78.73";"Total Negocios, administración y derecho";"Mujeres";"Rendimiento"
"2020-2021";"84.66";"Total Negocios, administración y derecho";"Mujeres";"Rendimiento"
"2019-2020";"81.46";"Total Negocios, administración y derecho";"Mujeres";"Rendimiento"
"2018-2019";"73.96";"Total Negocios, administración y derecho";"Mujeres";"Rendimiento"
"2017-2018";"75.09";"Total Negocios, administración y derecho";"Mujeres";"Rendimiento"
"2016-2017";"74.35";"Total Negocios, administración y derecho";"Mujeres";"Rendimiento"
"2015-2016";"73.61";"Total Negocios, administración y derecho";"Mujeres";"Rendimiento"
"2022-2023";"80.61";"Administración y gestión de empresas";"Mujeres";"Rendimiento"
"2021-2022";"80.15";"Administración y gestión de empresas";"Mujeres";"Rendimiento"
"2020-2021";"84.85";"Administración y gestión de empresas";"Mujeres";"Rendimiento"
"2019-2020";"81.27";"Administración y gestión de empresas";"Mujeres";"Rendimiento"
"2018-2019";"75.21";"Administración y gestión de empresas";"Mujeres";"Rendimiento"
"2017-2018";"75.22";"Administración y gestión de empresas";"Mujeres";"Rendimiento"
"2016-2017";"74.4";"Administración y gestión de empresas";"Mujeres";"Rendimiento"
"2015-2016";"73.17";"Administración y gestión de empresas";"Mujeres";"Rendimiento"
"2022-2023";"78.64";"Otra Educación comercial y empresarial";"Mujeres";"Rendimiento"
"2021-2022";"78.03";"Otra Educación comercial y empresarial";"Mujeres";"Rendimiento"
"2020-2021";"83.58";"Otra Educación comercial y empresarial";"Mujeres";"Rendimiento"
"2019-2020";"83.88";"Otra Educación comercial y empresarial";"Mujeres";"Rendimiento"
"2018-2019";"74.75";"Otra Educación comercial y empresarial";"Mujeres";"Rendimiento"
"2017-2018";"76.48";"Otra Educación comercial y empresarial";"Mujeres";"Rendimiento"
"2016-2017";"73.23";"Otra Educación comercial y empresarial";"Mujeres";"Rendimiento"
"2015-2016";"72.89";"Otra Educación comercial y empresarial";"Mujeres";"Rendimiento"
"2022-2023";"77.47";"Derecho";"Mujeres";"Rendimiento"
"2021-2022";"77.38";"Derecho";"Mujeres";"Rendimiento"
"2020-2021";"84.89";"Derecho";"Mujeres";"Rendimiento"
"2019-2020";"80.74";"Derecho";"Mujeres";"Rendimiento"
"2018-2019";"72.05";"Derecho";"Mujeres";"Rendimiento"
"2017-2018";"74.4";"Derecho";"Mujeres";"Rendimiento"
"2016-2017";"74.66";"Derecho";"Mujeres";"Rendimiento"
"2015-2016";"74.53";"Derecho";"Mujeres";"Rendimiento"
"2022-2023";"46.46";"Total Ciencias";"Mujeres";"Rendimiento"
"2021-2022";"60.88";"Total Ciencias";"Mujeres";"Rendimiento"
"2020-2021";"64.29";"Total Ciencias";"Mujeres";"Rendimiento"
"2019-2020";"64.43";"Total Ciencias";"Mujeres";"Rendimiento"
"2018-2019";"..";"Total Ciencias";"Mujeres";"Rendimiento"
"2017-2018";"..";"Total Ciencias";"Mujeres";"Rendimiento"
"2016-2017";"..";"Total Ciencias";"Mujeres";"Rendimiento"
"2015-2016";"..";"Total Ciencias";"Mujeres";"Rendimiento"
"2022-2023";"..";"Ciencias de la vida";"Mujeres";"Rendimiento"
"2021-2022";"..";"Ciencias de la vida";"Mujeres";"Rendimiento"
"2020-2021";"..";"Ciencias de la vida";"Mujeres";"Rendimiento"
"2019-2020";"..";"Ciencias de la vida";"Mujeres";"Rendimiento"
"2018-2019";"..";"Ciencias de la vida";"Mujeres";"Rendimiento"
"2017-2018";"..";"Ciencias de la vida";"Mujeres";"Rendimiento"
"2016-2017";"..";"Ciencias de la vida";"Mujeres";"Rendimiento"
"2015-2016";"..";"Ciencias de la vida";"Mujeres";"Rendimiento"
"2022-2023";"58.21";"Ciencias Físicas, químicas, geológicas";"Mujeres";"Rendimiento"
"2021-2022";"..";"Ciencias Físicas, químicas, geológicas";"Mujeres";"Rendimiento"
"2020-2021";"..";"Ciencias Físicas, químicas, geológicas";"Mujeres";"Rendimiento"
"2019-2020";"..";"Ciencias Físicas, químicas, geológicas";"Mujeres";"Rendimiento"
"2018-2019";"..";"Ciencias Físicas, químicas, geológicas";"Mujeres";"Rendimiento"
"2017-2018";"..";"Ciencias Físicas, químicas, geológicas";"Mujeres";"Rendimiento"
"2016-2017";"..";"Ciencias Físicas, químicas, geológicas";"Mujeres";"Rendimiento"
"2015-2016";"..";"Ciencias Físicas, químicas, geológicas";"Mujeres";"Rendimiento"
"2022-2023";"40.21";"Matemáticas y Estadística";"Mujeres";"Rendimiento"
"2021-2022";"61.26";"Matemáticas y Estadística";"Mujeres";"Rendimiento"
"2020-2021";"64.29";"Matemáticas y Estadística";"Mujeres";"Rendimiento"
"2019-2020";"64.43";"Matemáticas y Estadística";"Mujeres";"Rendimiento"
"2018-2019";"..";"Matemáticas y Estadística";"Mujeres";"Rendimiento"
"2017-2018";"..";"Matemáticas y Estadística";"Mujeres";"Rendimiento"
"2016-2017";"..";"Matemáticas y Estadística";"Mujeres";"Rendimiento"
"2015-2016";"..";"Matemáticas y Estadística";"Mujeres";"Rendimiento"
"2022-2023";"70.57";"Total Informática";"Mujeres";"Rendimiento"
"2021-2022";"73.04";"Total Informática";"Mujeres";"Rendimiento"
"2020-2021";"74.2";"Total Informática";"Mujeres";"Rendimiento"
"2019-2020";"70.84";"Total Informática";"Mujeres";"Rendimiento"
"2018-2019";"62.72";"Total Informática";"Mujeres";"Rendimiento"
"2017-2018";"65.35";"Total Informática";"Mujeres";"Rendimiento"
"2016-2017";"62.62";"Total Informática";"Mujeres";"Rendimiento"
"2015-2016";"66.45";"Total Informática";"Mujeres";"Rendimiento"
"2022-2023";"70.57";"Informática";"Mujeres";"Rendimiento"
"2021-2022";"73.04";"Informática";"Mujeres";"Rendimiento"
"2020-2021";"74.2";"Informática";"Mujeres";"Rendimiento"
"2019-2020";"70.84";"Informática";"Mujeres";"Rendimiento"
"2018-2019";"62.72";"Informática";"Mujeres";"Rendimiento"
"2017-2018";"65.35";"Informática";"Mujeres";"Rendimiento"
"2016-2017";"62.62";"Informática";"Mujeres";"Rendimiento"
"2015-2016";"66.45";"Informática";"Mujeres";"Rendimiento"
"2022-2023";"67.02";"Total Ingeniería, industria y construcción";"Mujeres";"Rendimiento"
"2021-2022";"67.98";"Total Ingeniería, industria y construcción";"Mujeres";"Rendimiento"
"2020-2021";"68.29";"Total Ingeniería, industria y construcción";"Mujeres";"Rendimiento"
"2019-2020";"64.57";"Total Ingeniería, industria y construcción";"Mujeres";"Rendimiento"
"2018-2019";"56.8";"Total Ingeniería, industria y construcción";"Mujeres";"Rendimiento"
"2017-2018";"55.94";"Total Ingeniería, industria y construcción";"Mujeres";"Rendimiento"
"2016-2017";"59.42";"Total Ingeniería, industria y construcción";"Mujeres";"Rendimiento"
"2015-2016";"60.96";"Total Ingeniería, industria y construcción";"Mujeres";"Rendimiento"
"2022-2023";"67.02";"Ingenierías";"Mujeres";"Rendimiento"
"2021-2022";"67.98";"Ingenierías";"Mujeres";"Rendimiento"
"2020-2021";"68.29";"Ingenierías";"Mujeres";"Rendimiento"
"2019-2020";"64.57";"Ingenierías";"Mujeres";"Rendimiento"
"2018-2019";"56.8";"Ingenierías";"Mujeres";"Rendimiento"
"2017-2018";"55.94";"Ingenierías";"Mujeres";"Rendimiento"
"2016-2017";"59.42";"Ingenierías";"Mujeres";"Rendimiento"
"2015-2016";"60.96";"Ingenierías";"Mujeres";"Rendimiento"
"2022-2023";"..";"Arquitectura y construcción";"Mujeres";"Rendimiento"
"2021-2022";"..";"Arquitectura y construcción";"Mujeres";"Rendimiento"
"2020-2021";"..";"Arquitectura y construcción";"Mujeres";"Rendimiento"
"2019-2020";"..";"Arquitectura y construcción";"Mujeres";"Rendimiento"
"2018-2019";"..";"Arquitectura y construcción";"Mujeres";"Rendimiento"
"2017-2018";"..";"Arquitectura y construcción";"Mujeres";"Rendimiento"
"2016-2017";"..";"Arquitectura y construcción";"Mujeres";"Rendimiento"
"2015-2016";"..";"Arquitectura y construcción";"Mujeres";"Rendimiento"
"2022-2023";"..";"Total Agricultura, ganadería,  silvicultura, pesca, y veterinaria";"Mujeres";"Rendimiento"
"2021-2022";"..";"Total Agricultura, ganadería,  silvicultura, pesca, y veterinaria";"Mujeres";"Rendimiento"
"2020-2021";"..";"Total Agricultura, ganadería,  silvicultura, pesca, y veterinaria";"Mujeres";"Rendimiento"
"2019-2020";"..";"Total Agricultura, ganadería,  silvicultura, pesca, y veterinaria";"Mujeres";"Rendimiento"
"2018-2019";"..";"Total Agricultura, ganadería,  silvicultura, pesca, y veterinaria";"Mujeres";"Rendimiento"
"2017-2018";"..";"Total Agricultura, ganadería,  silvicultura, pesca, y veterinaria";"Mujeres";"Rendimiento"
"2016-2017";"..";"Total Agricultura, ganadería,  silvicultura, pesca, y veterinaria";"Mujeres";"Rendimiento"
"2015-2016";"..";"Total Agricultura, ganadería,  silvicultura, pesca, y veterinaria";"Mujeres";"Rendimiento"
"2022-2023";"..";"Agricultura, ganadería y pesca";"Mujeres";"Rendimiento"
"2021-2022";"..";"Agricultura, ganadería y pesca";"Mujeres";"Rendimiento"
"2020-2021";"..";"Agricultura, ganadería y pesca";"Mujeres";"Rendimiento"
"2019-2020";"..";"Agricultura, ganadería y pesca";"Mujeres";"Rendimiento"
"2018-2019";"..";"Agricultura, ganadería y pesca";"Mujeres";"Rendimiento"
"2017-2018";"..";"Agricultura, ganadería y pesca";"Mujeres";"Rendimiento"
"2016-2017";"..";"Agricultura, ganadería y pesca";"Mujeres";"Rendimiento"
"2015-2016";"..";"Agricultura, ganadería y pesca";"Mujeres";"Rendimiento"
"2022-2023";"..";"Veterinaria";"Mujeres";"Rendimiento"
"2021-2022";"..";"Veterinaria";"Mujeres";"Rendimiento"
"2020-2021";"..";"Veterinaria";"Mujeres";"Rendimiento"
"2019-2020";"..";"Veterinaria";"Mujeres";"Rendimiento"
"2018-2019";"..";"Veterinaria";"Mujeres";"Rendimiento"
"2017-2018";"..";"Veterinaria";"Mujeres";"Rendimiento"
"2016-2017";"..";"Veterinaria";"Mujeres";"Rendimiento"
"2015-2016";"..";"Veterinaria";"Mujeres";"Rendimiento"
"2022-2023";"82.91";"Total Salud y servicios sociales";"Mujeres";"Rendimiento"
"2021-2022";"83.01";"Total Salud y servicios sociales";"Mujeres";"Rendimiento"
"2020-2021";"88.53";"Total Salud y servicios sociales";"Mujeres";"Rendimiento"
"2019-2020";"86.77";"Total Salud y servicios sociales";"Mujeres";"Rendimiento"
"2018-2019";"78.87";"Total Salud y servicios sociales";"Mujeres";"Rendimiento"
"2017-2018";"79.11";"Total Salud y servicios sociales";"Mujeres";"Rendimiento"
"2016-2017";"79.83";"Total Salud y servicios sociales";"Mujeres";"Rendimiento"
"2015-2016";"83.62";"Total Salud y servicios sociales";"Mujeres";"Rendimiento"
"2022-2023";"..";"Medicina";"Mujeres";"Rendimiento"
"2021-2022";"..";"Medicina";"Mujeres";"Rendimiento"
"2020-2021";"..";"Medicina";"Mujeres";"Rendimiento"
"2019-2020";"..";"Medicina";"Mujeres";"Rendimiento"
"2018-2019";"..";"Medicina";"Mujeres";"Rendimiento"
"2017-2018";"..";"Medicina";"Mujeres";"Rendimiento"
"2016-2017";"..";"Medicina";"Mujeres";"Rendimiento"
"2015-2016";"..";"Medicina";"Mujeres";"Rendimiento"
"2022-2023";"..";"Enfermería y atención a enfermos";"Mujeres";"Rendimiento"
"2021-2022";"..";"Enfermería y atención a enfermos";"Mujeres";"Rendimiento"
"2020-2021";"..";"Enfermería y atención a enfermos";"Mujeres";"Rendimiento"
"2019-2020";"..";"Enfermería y atención a enfermos";"Mujeres";"Rendimiento"
"2018-2019";"..";"Enfermería y atención a enfermos";"Mujeres";"Rendimiento"
"2017-2018";"..";"Enfermería y atención a enfermos";"Mujeres";"Rendimiento"
"2016-2017";"..";"Enfermería y atención a enfermos";"Mujeres";"Rendimiento"
"2015-2016";"..";"Enfermería y atención a enfermos";"Mujeres";"Rendimiento"
"2022-2023";"77.54";"Otras ciencias de la Salud";"Mujeres";"Rendimiento"
"2021-2022";"76.4";"Otras ciencias de la Salud";"Mujeres";"Rendimiento"
"2020-2021";"84.81";"Otras ciencias de la Salud";"Mujeres";"Rendimiento"
"2019-2020";"84.75";"Otras ciencias de la Salud";"Mujeres";"Rendimiento"
"2018-2019";"77.74";"Otras ciencias de la Salud";"Mujeres";"Rendimiento"
"2017-2018";"77.29";"Otras ciencias de la Salud";"Mujeres";"Rendimiento"
"2016-2017";"79.86";"Otras ciencias de la Salud";"Mujeres";"Rendimiento"
"2015-2016";"82.51";"Otras ciencias de la Salud";"Mujeres";"Rendimiento"
"2022-2023";"87.74";"Trabajo social y orientación";"Mujeres";"Rendimiento"
"2021-2022";"87.37";"Trabajo social y orientación";"Mujeres";"Rendimiento"
"2020-2021";"91.93";"Trabajo social y orientación";"Mujeres";"Rendimiento"
"2019-2020";"90.6";"Trabajo social y orientación";"Mujeres";"Rendimiento"
"2018-2019";"82.42";"Trabajo social y orientación";"Mujeres";"Rendimiento"
"2017-2018";"86.13";"Trabajo social y orientación";"Mujeres";"Rendimiento"
"2016-2017";"79.74";"Trabajo social y orientación";"Mujeres";"Rendimiento"
"2015-2016";"86.46";"Trabajo social y orientación";"Mujeres";"Rendimiento"
"2022-2023";"77.73";"Total Servicios";"Mujeres";"Rendimiento"
"2021-2022";"75.73";"Total Servicios";"Mujeres";"Rendimiento"
"2020-2021";"83.58";"Total Servicios";"Mujeres";"Rendimiento"
"2019-2020";"79.67";"Total Servicios";"Mujeres";"Rendimiento"
"2018-2019";"71.08";"Total Servicios";"Mujeres";"Rendimiento"
"2017-2018";"71.55";"Total Servicios";"Mujeres";"Rendimiento"
"2016-2017";"71.91";"Total Servicios";"Mujeres";"Rendimiento"
"2015-2016";"74.31";"Total Servicios";"Mujeres";"Rendimiento"
"2022-2023";"73.29";"Deportes";"Mujeres";"Rendimiento"
"2021-2022";"68.21";"Deportes";"Mujeres";"Rendimiento"
"2020-2021";"84.24";"Deportes";"Mujeres";"Rendimiento"
"2019-2020";"77.46";"Deportes";"Mujeres";"Rendimiento"
"2018-2019";"66.67";"Deportes";"Mujeres";"Rendimiento"
"2017-2018";"68.08";"Deportes";"Mujeres";"Rendimiento"
"2016-2017";"69.8";"Deportes";"Mujeres";"Rendimiento"
"2015-2016";"71.2";"Deportes";"Mujeres";"Rendimiento"
"2022-2023";"79.99";"Turismo y Hostelería";"Mujeres";"Rendimiento"
"2021-2022";"76.72";"Turismo y Hostelería";"Mujeres";"Rendimiento"
"2020-2021";"83.43";"Turismo y Hostelería";"Mujeres";"Rendimiento"
"2019-2020";"80.24";"Turismo y Hostelería";"Mujeres";"Rendimiento"
"2018-2019";"72.89";"Turismo y Hostelería";"Mujeres";"Rendimiento"
"2017-2018";"72.63";"Turismo y Hostelería";"Mujeres";"Rendimiento"
"2016-2017";"72.51";"Turismo y Hostelería";"Mujeres";"Rendimiento"
"2015-2016";"75.07";"Turismo y Hostelería";"Mujeres";"Rendimiento"
"2022-2023";"66.97";"Otros Servicios";"Mujeres";"Rendimiento"
"2021-2022";"..";"Otros Servicios";"Mujeres";"Rendimiento"
"2020-2021";"..";"Otros Servicios";"Mujeres";"Rendimiento"
"2019-2020";"..";"Otros Servicios";"Mujeres";"Rendimiento"
"2018-2019";"..";"Otros Servicios";"Mujeres";"Rendimiento"
"2017-2018";"..";"Otros Servicios";"Mujeres";"Rendimiento"
"2016-2017";"..";"Otros Servicios";"Mujeres";"Rendimiento"
"2015-2016";"..";"Otros Servicios";"Mujeres";"Rendimiento"
"2022-2023";"???";"Universidades Privadas No Presenciales";"Mujeres";"Exito"
"2021-2022";"???";"Universidades Privadas No Presenciales";"Mujeres";"Exito"
"2020-2021";"???";"Universidades Privadas No Presenciales";"Mujeres";"Exito"
"2019-2020";"???";"Universidades Privadas No Presenciales";"Mujeres";"Exito"
"2018-2019";"???";"Universidades Privadas No Presenciales";"Mujeres";"Exito"
"2017-2018";"???";"Universidades Privadas No Presenciales";"Mujeres";"Exito"
"2016-2017";"???";"Universidades Privadas No Presenciales";"Mujeres";"Exito"
"2015-2016";"???";"Universidades Privadas No Presenciales";"Mujeres";"Exito"
"2022-2023";"93.51";"Todos los ámbitos";"Mujeres";"Exito"
"2021-2022";"93.17";"Todos los ámbitos";"Mujeres";"Exito"
"2020-2021";"95.6";"Todos los ámbitos";"Mujeres";"Exito"
"2019-2020";"95.36";"Todos los ámbitos";"Mujeres";"Exito"
"2018-2019";"92.75";"Todos los ámbitos";"Mujeres";"Exito"
"2017-2018";"93.35";"Todos los ámbitos";"Mujeres";"Exito"
"2016-2017";"93.34";"Todos los ámbitos";"Mujeres";"Exito"
"2015-2016";"93.68";"Todos los ámbitos";"Mujeres";"Exito"
"2022-2023";"95.91";"Total Educación";"Mujeres";"Exito"
"2021-2022";"95.77";"Total Educación";"Mujeres";"Exito"
"2020-2021";"97.5";"Total Educación";"Mujeres";"Exito"
"2019-2020";"97.23";"Total Educación";"Mujeres";"Exito"
"2018-2019";"95.06";"Total Educación";"Mujeres";"Exito"
"2017-2018";"95.92";"Total Educación";"Mujeres";"Exito"
"2016-2017";"96.15";"Total Educación";"Mujeres";"Exito"
"2015-2016";"96.44";"Total Educación";"Mujeres";"Exito"
"2022-2023";"96.12";"Formación de docentes de enseñanza infantil";"Mujeres";"Exito"
"2021-2022";"96.15";"Formación de docentes de enseñanza infantil";"Mujeres";"Exito"
"2020-2021";"97.86";"Formación de docentes de enseñanza infantil";"Mujeres";"Exito"
"2019-2020";"97.69";"Formación de docentes de enseñanza infantil";"Mujeres";"Exito"
"2018-2019";"94.96";"Formación de docentes de enseñanza infantil";"Mujeres";"Exito"
"2017-2018";"95.94";"Formación de docentes de enseñanza infantil";"Mujeres";"Exito"
"2016-2017";"96.42";"Formación de docentes de enseñanza infantil";"Mujeres";"Exito"
"2015-2016";"96.29";"Formación de docentes de enseñanza infantil";"Mujeres";"Exito"
"2022-2023";"96.74";"Formación de docentes de enseñanza primaria";"Mujeres";"Exito"
"2021-2022";"96.77";"Formación de docentes de enseñanza primaria";"Mujeres";"Exito"
"2020-2021";"98.56";"Formación de docentes de enseñanza primaria";"Mujeres";"Exito"
"2019-2020";"98.5";"Formación de docentes de enseñanza primaria";"Mujeres";"Exito"
"2018-2019";"95.87";"Formación de docentes de enseñanza primaria";"Mujeres";"Exito"
"2017-2018";"96.98";"Formación de docentes de enseñanza primaria";"Mujeres";"Exito"
"2016-2017";"96.59";"Formación de docentes de enseñanza primaria";"Mujeres";"Exito"
"2015-2016";"97.21";"Formación de docentes de enseñanza primaria";"Mujeres";"Exito"
"2022-2023";"93.44";"Otra Formación de personal docente y ciencias de la educación";"Mujeres";"Exito"
"2021-2022";"93.01";"Otra Formación de personal docente y ciencias de la educación";"Mujeres";"Exito"
"2020-2021";"94.41";"Otra Formación de personal docente y ciencias de la educación";"Mujeres";"Exito"
"2019-2020";"93.41";"Otra Formación de personal docente y ciencias de la educación";"Mujeres";"Exito"
"2018-2019";"93.4";"Otra Formación de personal docente y ciencias de la educación";"Mujeres";"Exito"
"2017-2018";"92.57";"Otra Formación de personal docente y ciencias de la educación";"Mujeres";"Exito"
"2016-2017";"93.87";"Otra Formación de personal docente y ciencias de la educación";"Mujeres";"Exito"
"2015-2016";"94.34";"Otra Formación de personal docente y ciencias de la educación";"Mujeres";"Exito"
"2022-2023";"94.42";"Total Artes y humanidades";"Mujeres";"Exito"
"2021-2022";"94.41";"Total Artes y humanidades";"Mujeres";"Exito"
"2020-2021";"95.73";"Total Artes y humanidades";"Mujeres";"Exito"
"2019-2020";"96.36";"Total Artes y humanidades";"Mujeres";"Exito"
"2018-2019";"95.44";"Total Artes y humanidades";"Mujeres";"Exito"
"2017-2018";"95.16";"Total Artes y humanidades";"Mujeres";"Exito"
"2016-2017";"95.17";"Total Artes y humanidades";"Mujeres";"Exito"
"2015-2016";"95.49";"Total Artes y humanidades";"Mujeres";"Exito"
"2022-2023";"93.78";"Técnicas audiovisuales y medios de comunicación";"Mujeres";"Exito"
"2021-2022";"93.78";"Técnicas audiovisuales y medios de comunicación";"Mujeres";"Exito"
"2020-2021";"95.85";"Técnicas audiovisuales y medios de comunicación";"Mujeres";"Exito"
"2019-2020";"96.31";"Técnicas audiovisuales y medios de comunicación";"Mujeres";"Exito"
"2018-2019";"95.85";"Técnicas audiovisuales y medios de comunicación";"Mujeres";"Exito"
"2017-2018";"95.65";"Técnicas audiovisuales y medios de comunicación";"Mujeres";"Exito"
"2016-2017";"94.87";"Técnicas audiovisuales y medios de comunicación";"Mujeres";"Exito"
"2015-2016";"96.26";"Técnicas audiovisuales y medios de comunicación";"Mujeres";"Exito"
"2022-2023";"96.22";"Artes";"Mujeres";"Exito"
"2021-2022";"95.57";"Artes";"Mujeres";"Exito"
"2020-2021";"97.21";"Artes";"Mujeres";"Exito"
"2019-2020";"97.14";"Artes";"Mujeres";"Exito"
"2018-2019";"93.37";"Artes";"Mujeres";"Exito"
"2017-2018";"92.05";"Artes";"Mujeres";"Exito"
"2016-2017";"90.71";"Artes";"Mujeres";"Exito"
"2015-2016";"88.58";"Artes";"Mujeres";"Exito"
"2022-2023";"93.51";"Lenguas";"Mujeres";"Exito"
"2021-2022";"94.55";"Lenguas";"Mujeres";"Exito"
"2020-2021";"93.18";"Lenguas";"Mujeres";"Exito"
"2019-2020";"95.7";"Lenguas";"Mujeres";"Exito"
"2018-2019";"94.7";"Lenguas";"Mujeres";"Exito"
"2017-2018";"93.75";"Lenguas";"Mujeres";"Exito"
"2016-2017";"95.75";"Lenguas";"Mujeres";"Exito"
"2015-2016";"95.99";"Lenguas";"Mujeres";"Exito"
"2022-2023";"94.81";"Humanidades";"Mujeres";"Exito"
"2021-2022";"94.84";"Humanidades";"Mujeres";"Exito"
"2020-2021";"96.18";"Humanidades";"Mujeres";"Exito"
"2019-2020";"96.38";"Humanidades";"Mujeres";"Exito"
"2018-2019";"96.31";"Humanidades";"Mujeres";"Exito"
"2017-2018";"96.37";"Humanidades";"Mujeres";"Exito"
"2016-2017";"95.76";"Humanidades";"Mujeres";"Exito"
"2015-2016";"95.43";"Humanidades";"Mujeres";"Exito"
"2022-2023";"92.77";"Total Ciencias sociales, periodismo y documentación";"Mujeres";"Exito"
"2021-2022";"92.33";"Total Ciencias sociales, periodismo y documentación";"Mujeres";"Exito"
"2020-2021";"95.33";"Total Ciencias sociales, periodismo y documentación";"Mujeres";"Exito"
"2019-2020";"94.43";"Total Ciencias sociales, periodismo y documentación";"Mujeres";"Exito"
"2018-2019";"91.55";"Total Ciencias sociales, periodismo y documentación";"Mujeres";"Exito"
"2017-2018";"91.84";"Total Ciencias sociales, periodismo y documentación";"Mujeres";"Exito"
"2016-2017";"91.5";"Total Ciencias sociales, periodismo y documentación";"Mujeres";"Exito"
"2015-2016";"91.8";"Total Ciencias sociales, periodismo y documentación";"Mujeres";"Exito"
"2022-2023";"92.63";"Psicología";"Mujeres";"Exito"
"2021-2022";"91.83";"Psicología";"Mujeres";"Exito"
"2020-2021";"95.17";"Psicología";"Mujeres";"Exito"
"2019-2020";"93.93";"Psicología";"Mujeres";"Exito"
"2018-2019";"90.66";"Psicología";"Mujeres";"Exito"
"2017-2018";"91.05";"Psicología";"Mujeres";"Exito"
"2016-2017";"90.74";"Psicología";"Mujeres";"Exito"
"2015-2016";"91.27";"Psicología";"Mujeres";"Exito"
"2022-2023";"89.19";"Economía";"Mujeres";"Exito"
"2021-2022";"91.2";"Economía";"Mujeres";"Exito"
"2020-2021";"94.42";"Economía";"Mujeres";"Exito"
"2019-2020";"94.4";"Economía";"Mujeres";"Exito"
"2018-2019";"93.18";"Economía";"Mujeres";"Exito"
"2017-2018";"91.17";"Economía";"Mujeres";"Exito"
"2016-2017";"90.77";"Economía";"Mujeres";"Exito"
"2015-2016";"91.93";"Economía";"Mujeres";"Exito"
"2022-2023";"91.85";"Otras Ciencias sociales y del comportamiento";"Mujeres";"Exito"
"2021-2022";"91.38";"Otras Ciencias sociales y del comportamiento";"Mujeres";"Exito"
"2020-2021";"94.12";"Otras Ciencias sociales y del comportamiento";"Mujeres";"Exito"
"2019-2020";"94.4";"Otras Ciencias sociales y del comportamiento";"Mujeres";"Exito"
"2018-2019";"91.69";"Otras Ciencias sociales y del comportamiento";"Mujeres";"Exito"
"2017-2018";"91.99";"Otras Ciencias sociales y del comportamiento";"Mujeres";"Exito"
"2016-2017";"91.1";"Otras Ciencias sociales y del comportamiento";"Mujeres";"Exito"
"2015-2016";"91.08";"Otras Ciencias sociales y del comportamiento";"Mujeres";"Exito"
"2022-2023";"95.16";"Periodismo e información";"Mujeres";"Exito"
"2021-2022";"95.63";"Periodismo e información";"Mujeres";"Exito"
"2020-2021";"97.43";"Periodismo e información";"Mujeres";"Exito"
"2019-2020";"96.52";"Periodismo e información";"Mujeres";"Exito"
"2018-2019";"94.91";"Periodismo e información";"Mujeres";"Exito"
"2017-2018";"94.5";"Periodismo e información";"Mujeres";"Exito"
"2016-2017";"94.11";"Periodismo e información";"Mujeres";"Exito"
"2015-2016";"93.64";"Periodismo e información";"Mujeres";"Exito"
"2022-2023";"90.97";"Total Negocios, administración y derecho";"Mujeres";"Exito"
"2021-2022";"90.63";"Total Negocios, administración y derecho";"Mujeres";"Exito"
"2020-2021";"93.72";"Total Negocios, administración y derecho";"Mujeres";"Exito"
"2019-2020";"93.99";"Total Negocios, administración y derecho";"Mujeres";"Exito"
"2018-2019";"90.68";"Total Negocios, administración y derecho";"Mujeres";"Exito"
"2017-2018";"91.19";"Total Negocios, administración y derecho";"Mujeres";"Exito"
"2016-2017";"91.08";"Total Negocios, administración y derecho";"Mujeres";"Exito"
"2015-2016";"90.93";"Total Negocios, administración y derecho";"Mujeres";"Exito"
"2022-2023";"91.54";"Administración y gestión de empresas";"Mujeres";"Exito"
"2021-2022";"91.53";"Administración y gestión de empresas";"Mujeres";"Exito"
"2020-2021";"93.93";"Administración y gestión de empresas";"Mujeres";"Exito"
"2019-2020";"94.43";"Administración y gestión de empresas";"Mujeres";"Exito"
"2018-2019";"91.43";"Administración y gestión de empresas";"Mujeres";"Exito"
"2017-2018";"91.77";"Administración y gestión de empresas";"Mujeres";"Exito"
"2016-2017";"91.19";"Administración y gestión de empresas";"Mujeres";"Exito"
"2015-2016";"91.01";"Administración y gestión de empresas";"Mujeres";"Exito"
"2022-2023";"91.38";"Otra Educación comercial y empresarial";"Mujeres";"Exito"
"2021-2022";"91.66";"Otra Educación comercial y empresarial";"Mujeres";"Exito"
"2020-2021";"93.69";"Otra Educación comercial y empresarial";"Mujeres";"Exito"
"2019-2020";"95.53";"Otra Educación comercial y empresarial";"Mujeres";"Exito"
"2018-2019";"92.42";"Otra Educación comercial y empresarial";"Mujeres";"Exito"
"2017-2018";"92.06";"Otra Educación comercial y empresarial";"Mujeres";"Exito"
"2016-2017";"91.69";"Otra Educación comercial y empresarial";"Mujeres";"Exito"
"2015-2016";"91.47";"Otra Educación comercial y empresarial";"Mujeres";"Exito"
"2022-2023";"90.15";"Derecho";"Mujeres";"Exito"
"2021-2022";"89.13";"Derecho";"Mujeres";"Exito"
"2020-2021";"93.49";"Derecho";"Mujeres";"Exito"
"2019-2020";"92.82";"Derecho";"Mujeres";"Exito"
"2018-2019";"89.08";"Derecho";"Mujeres";"Exito"
"2017-2018";"90.08";"Derecho";"Mujeres";"Exito"
"2016-2017";"90.71";"Derecho";"Mujeres";"Exito"
"2015-2016";"90.64";"Derecho";"Mujeres";"Exito"
"2022-2023";"78.2";"Total Ciencias";"Mujeres";"Exito"
"2021-2022";"80.87";"Total Ciencias";"Mujeres";"Exito"
"2020-2021";"84.33";"Total Ciencias";"Mujeres";"Exito"
"2019-2020";"84.21";"Total Ciencias";"Mujeres";"Exito"
"2018-2019";"..";"Total Ciencias";"Mujeres";"Exito"
"2017-2018";"..";"Total Ciencias";"Mujeres";"Exito"
"2016-2017";"..";"Total Ciencias";"Mujeres";"Exito"
"2015-2016";"..";"Total Ciencias";"Mujeres";"Exito"
"2022-2023";"..";"Ciencias de la vida";"Mujeres";"Exito"
"2021-2022";"..";"Ciencias de la vida";"Mujeres";"Exito"
"2020-2021";"..";"Ciencias de la vida";"Mujeres";"Exito"
"2019-2020";"..";"Ciencias de la vida";"Mujeres";"Exito"
"2018-2019";"..";"Ciencias de la vida";"Mujeres";"Exito"
"2017-2018";"..";"Ciencias de la vida";"Mujeres";"Exito"
"2016-2017";"..";"Ciencias de la vida";"Mujeres";"Exito"
"2015-2016";"..";"Ciencias de la vida";"Mujeres";"Exito"
"2022-2023";"82.39";"Ciencias Físicas, químicas, geológicas";"Mujeres";"Exito"
"2021-2022";"..";"Ciencias Físicas, químicas, geológicas";"Mujeres";"Exito"
"2020-2021";"..";"Ciencias Físicas, químicas, geológicas";"Mujeres";"Exito"
"2019-2020";"..";"Ciencias Físicas, químicas, geológicas";"Mujeres";"Exito"
"2018-2019";"..";"Ciencias Físicas, químicas, geológicas";"Mujeres";"Exito"
"2017-2018";"..";"Ciencias Físicas, químicas, geológicas";"Mujeres";"Exito"
"2016-2017";"..";"Ciencias Físicas, químicas, geológicas";"Mujeres";"Exito"
"2015-2016";"..";"Ciencias Físicas, químicas, geológicas";"Mujeres";"Exito"
"2022-2023";"75.25";"Matemáticas y Estadística";"Mujeres";"Exito"
"2021-2022";"81.34";"Matemáticas y Estadística";"Mujeres";"Exito"
"2020-2021";"84.33";"Matemáticas y Estadística";"Mujeres";"Exito"
"2019-2020";"84.21";"Matemáticas y Estadística";"Mujeres";"Exito"
"2018-2019";"..";"Matemáticas y Estadística";"Mujeres";"Exito"
"2017-2018";"..";"Matemáticas y Estadística";"Mujeres";"Exito"
"2016-2017";"..";"Matemáticas y Estadística";"Mujeres";"Exito"
"2015-2016";"..";"Matemáticas y Estadística";"Mujeres";"Exito"
"2022-2023";"87.73";"Total Informática";"Mujeres";"Exito"
"2021-2022";"87.77";"Total Informática";"Mujeres";"Exito"
"2020-2021";"90.3";"Total Informática";"Mujeres";"Exito"
"2019-2020";"87.49";"Total Informática";"Mujeres";"Exito"
"2018-2019";"82.73";"Total Informática";"Mujeres";"Exito"
"2017-2018";"85.31";"Total Informática";"Mujeres";"Exito"
"2016-2017";"86.52";"Total Informática";"Mujeres";"Exito"
"2015-2016";"88.31";"Total Informática";"Mujeres";"Exito"
"2022-2023";"87.73";"Informática";"Mujeres";"Exito"
"2021-2022";"87.77";"Informática";"Mujeres";"Exito"
"2020-2021";"90.3";"Informática";"Mujeres";"Exito"
"2019-2020";"87.49";"Informática";"Mujeres";"Exito"
"2018-2019";"82.73";"Informática";"Mujeres";"Exito"
"2017-2018";"85.31";"Informática";"Mujeres";"Exito"
"2016-2017";"86.52";"Informática";"Mujeres";"Exito"
"2015-2016";"88.31";"Informática";"Mujeres";"Exito"
"2022-2023";"87.8";"Total Ingeniería, industria y construcción";"Mujeres";"Exito"
"2021-2022";"86.91";"Total Ingeniería, industria y construcción";"Mujeres";"Exito"
"2020-2021";"88.8";"Total Ingeniería, industria y construcción";"Mujeres";"Exito"
"2019-2020";"86.04";"Total Ingeniería, industria y construcción";"Mujeres";"Exito"
"2018-2019";"86.29";"Total Ingeniería, industria y construcción";"Mujeres";"Exito"
"2017-2018";"87.24";"Total Ingeniería, industria y construcción";"Mujeres";"Exito"
"2016-2017";"84.02";"Total Ingeniería, industria y construcción";"Mujeres";"Exito"
"2015-2016";"87.79";"Total Ingeniería, industria y construcción";"Mujeres";"Exito"
"2022-2023";"87.8";"Ingenierías";"Mujeres";"Exito"
"2021-2022";"86.91";"Ingenierías";"Mujeres";"Exito"
"2020-2021";"88.8";"Ingenierías";"Mujeres";"Exito"
"2019-2020";"86.04";"Ingenierías";"Mujeres";"Exito"
"2018-2019";"86.29";"Ingenierías";"Mujeres";"Exito"
"2017-2018";"87.24";"Ingenierías";"Mujeres";"Exito"
"2016-2017";"84.02";"Ingenierías";"Mujeres";"Exito"
"2015-2016";"87.79";"Ingenierías";"Mujeres";"Exito"
"2022-2023";"..";"Arquitectura y construcción";"Mujeres";"Exito"
"2021-2022";"..";"Arquitectura y construcción";"Mujeres";"Exito"
"2020-2021";"..";"Arquitectura y construcción";"Mujeres";"Exito"
"2019-2020";"..";"Arquitectura y construcción";"Mujeres";"Exito"
"2018-2019";"..";"Arquitectura y construcción";"Mujeres";"Exito"
"2017-2018";"..";"Arquitectura y construcción";"Mujeres";"Exito"
"2016-2017";"..";"Arquitectura y construcción";"Mujeres";"Exito"
"2015-2016";"..";"Arquitectura y construcción";"Mujeres";"Exito"
"2022-2023";"..";"Total Agricultura, ganadería,  silvicultura, pesca, y veterinaria";"Mujeres";"Exito"
"2021-2022";"..";"Total Agricultura, ganadería,  silvicultura, pesca, y veterinaria";"Mujeres";"Exito"
"2020-2021";"..";"Total Agricultura, ganadería,  silvicultura, pesca, y veterinaria";"Mujeres";"Exito"
"2019-2020";"..";"Total Agricultura, ganadería,  silvicultura, pesca, y veterinaria";"Mujeres";"Exito"
"2018-2019";"..";"Total Agricultura, ganadería,  silvicultura, pesca, y veterinaria";"Mujeres";"Exito"
"2017-2018";"..";"Total Agricultura, ganadería,  silvicultura, pesca, y veterinaria";"Mujeres";"Exito"
"2016-2017";"..";"Total Agricultura, ganadería,  silvicultura, pesca, y veterinaria";"Mujeres";"Exito"
"2015-2016";"..";"Total Agricultura, ganadería,  silvicultura, pesca, y veterinaria";"Mujeres";"Exito"
"2022-2023";"..";"Agricultura, ganadería y pesca";"Mujeres";"Exito"
"2021-2022";"..";"Agricultura, ganadería y pesca";"Mujeres";"Exito"
"2020-2021";"..";"Agricultura, ganadería y pesca";"Mujeres";"Exito"
"2019-2020";"..";"Agricultura, ganadería y pesca";"Mujeres";"Exito"
"2018-2019";"..";"Agricultura, ganadería y pesca";"Mujeres";"Exito"
"2017-2018";"..";"Agricultura, ganadería y pesca";"Mujeres";"Exito"
"2016-2017";"..";"Agricultura, ganadería y pesca";"Mujeres";"Exito"
"2015-2016";"..";"Agricultura, ganadería y pesca";"Mujeres";"Exito"
"2022-2023";"..";"Veterinaria";"Mujeres";"Exito"
"2021-2022";"..";"Veterinaria";"Mujeres";"Exito"
"2020-2021";"..";"Veterinaria";"Mujeres";"Exito"
"2019-2020";"..";"Veterinaria";"Mujeres";"Exito"
"2018-2019";"..";"Veterinaria";"Mujeres";"Exito"
"2017-2018";"..";"Veterinaria";"Mujeres";"Exito"
"2016-2017";"..";"Veterinaria";"Mujeres";"Exito"
"2015-2016";"..";"Veterinaria";"Mujeres";"Exito"
"2022-2023";"94.36";"Total Salud y servicios sociales";"Mujeres";"Exito"
"2021-2022";"94.72";"Total Salud y servicios sociales";"Mujeres";"Exito"
"2020-2021";"96.38";"Total Salud y servicios sociales";"Mujeres";"Exito"
"2019-2020";"96.84";"Total Salud y servicios sociales";"Mujeres";"Exito"
"2018-2019";"91.37";"Total Salud y servicios sociales";"Mujeres";"Exito"
"2017-2018";"90.19";"Total Salud y servicios sociales";"Mujeres";"Exito"
"2016-2017";"89.83";"Total Salud y servicios sociales";"Mujeres";"Exito"
"2015-2016";"92.15";"Total Salud y servicios sociales";"Mujeres";"Exito"
"2022-2023";"..";"Medicina";"Mujeres";"Exito"
"2021-2022";"..";"Medicina";"Mujeres";"Exito"
"2020-2021";"..";"Medicina";"Mujeres";"Exito"
"2019-2020";"..";"Medicina";"Mujeres";"Exito"
"2018-2019";"..";"Medicina";"Mujeres";"Exito"
"2017-2018";"..";"Medicina";"Mujeres";"Exito"
"2016-2017";"..";"Medicina";"Mujeres";"Exito"
"2015-2016";"..";"Medicina";"Mujeres";"Exito"
"2022-2023";"..";"Enfermería y atención a enfermos";"Mujeres";"Exito"
"2021-2022";"..";"Enfermería y atención a enfermos";"Mujeres";"Exito"
"2020-2021";"..";"Enfermería y atención a enfermos";"Mujeres";"Exito"
"2019-2020";"..";"Enfermería y atención a enfermos";"Mujeres";"Exito"
"2018-2019";"..";"Enfermería y atención a enfermos";"Mujeres";"Exito"
"2017-2018";"..";"Enfermería y atención a enfermos";"Mujeres";"Exito"
"2016-2017";"..";"Enfermería y atención a enfermos";"Mujeres";"Exito"
"2015-2016";"..";"Enfermería y atención a enfermos";"Mujeres";"Exito"
"2022-2023";"91.68";"Otras ciencias de la Salud";"Mujeres";"Exito"
"2021-2022";"91.67";"Otras ciencias de la Salud";"Mujeres";"Exito"
"2020-2021";"95.53";"Otras ciencias de la Salud";"Mujeres";"Exito"
"2019-2020";"96.11";"Otras ciencias de la Salud";"Mujeres";"Exito"
"2018-2019";"89.82";"Otras ciencias de la Salud";"Mujeres";"Exito"
"2017-2018";"89.12";"Otras ciencias de la Salud";"Mujeres";"Exito"
"2016-2017";"88.92";"Otras ciencias de la Salud";"Mujeres";"Exito"
"2015-2016";"90.71";"Otras ciencias de la Salud";"Mujeres";"Exito"
"2022-2023";"96.6";"Trabajo social y orientación";"Mujeres";"Exito"
"2021-2022";"96.57";"Trabajo social y orientación";"Mujeres";"Exito"
"2020-2021";"97.1";"Trabajo social y orientación";"Mujeres";"Exito"
"2019-2020";"98.17";"Trabajo social y orientación";"Mujeres";"Exito"
"2018-2019";"96.3";"Trabajo social y orientación";"Mujeres";"Exito"
"2017-2018";"94.11";"Trabajo social y orientación";"Mujeres";"Exito"
"2016-2017";"93.94";"Trabajo social y orientación";"Mujeres";"Exito"
"2015-2016";"95.85";"Trabajo social y orientación";"Mujeres";"Exito"
"2022-2023";"90.97";"Total Servicios";"Mujeres";"Exito"
"2021-2022";"90.03";"Total Servicios";"Mujeres";"Exito"
"2020-2021";"93.71";"Total Servicios";"Mujeres";"Exito"
"2019-2020";"93.02";"Total Servicios";"Mujeres";"Exito"
"2018-2019";"87.11";"Total Servicios";"Mujeres";"Exito"
"2017-2018";"88.2";"Total Servicios";"Mujeres";"Exito"
"2016-2017";"89.0";"Total Servicios";"Mujeres";"Exito"
"2015-2016";"90.38";"Total Servicios";"Mujeres";"Exito"
"2022-2023";"84.72";"Deportes";"Mujeres";"Exito"
"2021-2022";"83.76";"Deportes";"Mujeres";"Exito"
"2020-2021";"91.65";"Deportes";"Mujeres";"Exito"
"2019-2020";"89.17";"Deportes";"Mujeres";"Exito"
"2018-2019";"77.73";"Deportes";"Mujeres";"Exito"
"2017-2018";"79.26";"Deportes";"Mujeres";"Exito"
"2016-2017";"81.85";"Deportes";"Mujeres";"Exito"
"2015-2016";"80.0";"Deportes";"Mujeres";"Exito"
"2022-2023";"93.23";"Turismo y Hostelería";"Mujeres";"Exito"
"2021-2022";"90.84";"Turismo y Hostelería";"Mujeres";"Exito"
"2020-2021";"94.05";"Turismo y Hostelería";"Mujeres";"Exito"
"2019-2020";"94.26";"Turismo y Hostelería";"Mujeres";"Exito"
"2018-2019";"91.12";"Turismo y Hostelería";"Mujeres";"Exito"
"2017-2018";"91.2";"Turismo y Hostelería";"Mujeres";"Exito"
"2016-2017";"91.19";"Turismo y Hostelería";"Mujeres";"Exito"
"2015-2016";"93.2";"Turismo y Hostelería";"Mujeres";"Exito"
"2022-2023";"85.88";"Otros Servicios";"Mujeres";"Exito"
"2021-2022";"..";"Otros Servicios";"Mujeres";"Exito"
"2020-2021";"..";"Otros Servicios";"Mujeres";"Exito"
"2019-2020";"..";"Otros Servicios";"Mujeres";"Exito"
"2018-2019";"..";"Otros Servicios";"Mujeres";"Exito"
"2017-2018";"..";"Otros Servicios";"Mujeres";"Exito"
"2016-2017";"..";"Otros Servicios";"Mujeres";"Exito"
"2015-2016";"..";"Otros Servicios";"Mujeres";"Exito"
"2022-2023";"???";"Universidades Privadas No Presenciales";"Mujeres";"Evaluacion"
"2021-2022";"???";"Universidades Privadas No Presenciales";"Mujeres";"Evaluacion"
"2020-2021";"???";"Universidades Privadas No Presenciales";"Mujeres";"Evaluacion"
"2019-2020";"???";"Universidades Privadas No Presenciales";"Mujeres";"Evaluacion"
"2018-2019";"???";"Universidades Privadas No Presenciales";"Mujeres";"Evaluacion"
"2017-2018";"???";"Universidades Privadas No Presenciales";"Mujeres";"Evaluacion"
"2016-2017";"???";"Universidades Privadas No Presenciales";"Mujeres";"Evaluacion"
"2015-2016";"???";"Universidades Privadas No Presenciales";"Mujeres";"Evaluacion"
"2022-2023";"88.68";"Todos los ámbitos";"Mujeres";"Evaluacion"
"2021-2022";"88.57";"Todos los ámbitos";"Mujeres";"Evaluacion"
"2020-2021";"91.42";"Todos los ámbitos";"Mujeres";"Evaluacion"
"2019-2020";"88.97";"Todos los ámbitos";"Mujeres";"Evaluacion"
"2018-2019";"85.01";"Todos los ámbitos";"Mujeres";"Evaluacion"
"2017-2018";"85.56";"Todos los ámbitos";"Mujeres";"Evaluacion"
"2016-2017";"85.59";"Todos los ámbitos";"Mujeres";"Evaluacion"
"2015-2016";"85.52";"Todos los ámbitos";"Mujeres";"Evaluacion"
"2022-2023";"92.49";"Total Educación";"Mujeres";"Evaluacion"
"2021-2022";"92.01";"Total Educación";"Mujeres";"Evaluacion"
"2020-2021";"95.07";"Total Educación";"Mujeres";"Evaluacion"
"2019-2020";"93.72";"Total Educación";"Mujeres";"Evaluacion"
"2018-2019";"90.64";"Total Educación";"Mujeres";"Evaluacion"
"2017-2018";"90.97";"Total Educación";"Mujeres";"Evaluacion"
"2016-2017";"90.76";"Total Educación";"Mujeres";"Evaluacion"
"2015-2016";"90.87";"Total Educación";"Mujeres";"Evaluacion"
"2022-2023";"92.57";"Formación de docentes de enseñanza infantil";"Mujeres";"Evaluacion"
"2021-2022";"92.79";"Formación de docentes de enseñanza infantil";"Mujeres";"Evaluacion"
"2020-2021";"95.45";"Formación de docentes de enseñanza infantil";"Mujeres";"Evaluacion"
"2019-2020";"95.14";"Formación de docentes de enseñanza infantil";"Mujeres";"Evaluacion"
"2018-2019";"92.18";"Formación de docentes de enseñanza infantil";"Mujeres";"Evaluacion"
"2017-2018";"92.32";"Formación de docentes de enseñanza infantil";"Mujeres";"Evaluacion"
"2016-2017";"91.79";"Formación de docentes de enseñanza infantil";"Mujeres";"Evaluacion"
"2015-2016";"91.66";"Formación de docentes de enseñanza infantil";"Mujeres";"Evaluacion"
"2022-2023";"93.28";"Formación de docentes de enseñanza primaria";"Mujeres";"Evaluacion"
"2021-2022";"92.25";"Formación de docentes de enseñanza primaria";"Mujeres";"Evaluacion"
"2020-2021";"96.15";"Formación de docentes de enseñanza primaria";"Mujeres";"Evaluacion"
"2019-2020";"94.01";"Formación de docentes de enseñanza primaria";"Mujeres";"Evaluacion"
"2018-2019";"90.74";"Formación de docentes de enseñanza primaria";"Mujeres";"Evaluacion"
"2017-2018";"91.42";"Formación de docentes de enseñanza primaria";"Mujeres";"Evaluacion"
"2016-2017";"91.44";"Formación de docentes de enseñanza primaria";"Mujeres";"Evaluacion"
"2015-2016";"91.6";"Formación de docentes de enseñanza primaria";"Mujeres";"Evaluacion"
"2022-2023";"90.44";"Otra Formación de personal docente y ciencias de la educación";"Mujeres";"Evaluacion"
"2021-2022";"89.97";"Otra Formación de personal docente y ciencias de la educación";"Mujeres";"Evaluacion"
"2020-2021";"92.01";"Otra Formación de personal docente y ciencias de la educación";"Mujeres";"Evaluacion"
"2019-2020";"89.79";"Otra Formación de personal docente y ciencias de la educación";"Mujeres";"Evaluacion"
"2018-2019";"86.35";"Otra Formación de personal docente y ciencias de la educación";"Mujeres";"Evaluacion"
"2017-2018";"85.73";"Otra Formación de personal docente y ciencias de la educación";"Mujeres";"Evaluacion"
"2016-2017";"85.67";"Otra Formación de personal docente y ciencias de la educación";"Mujeres";"Evaluacion"
"2015-2016";"86.07";"Otra Formación de personal docente y ciencias de la educación";"Mujeres";"Evaluacion"
"2022-2023";"84.1";"Total Artes y humanidades";"Mujeres";"Evaluacion"
"2021-2022";"84.97";"Total Artes y humanidades";"Mujeres";"Evaluacion"
"2020-2021";"87.31";"Total Artes y humanidades";"Mujeres";"Evaluacion"
"2019-2020";"85.64";"Total Artes y humanidades";"Mujeres";"Evaluacion"
"2018-2019";"81.84";"Total Artes y humanidades";"Mujeres";"Evaluacion"
"2017-2018";"80.87";"Total Artes y humanidades";"Mujeres";"Evaluacion"
"2016-2017";"81.21";"Total Artes y humanidades";"Mujeres";"Evaluacion"
"2015-2016";"79.67";"Total Artes y humanidades";"Mujeres";"Evaluacion"
"2022-2023";"87.96";"Técnicas audiovisuales y medios de comunicación";"Mujeres";"Evaluacion"
"2021-2022";"89.21";"Técnicas audiovisuales y medios de comunicación";"Mujeres";"Evaluacion"
"2020-2021";"90.05";"Técnicas audiovisuales y medios de comunicación";"Mujeres";"Evaluacion"
"2019-2020";"88.39";"Técnicas audiovisuales y medios de comunicación";"Mujeres";"Evaluacion"
"2018-2019";"86.1";"Técnicas audiovisuales y medios de comunicación";"Mujeres";"Evaluacion"
"2017-2018";"84.91";"Técnicas audiovisuales y medios de comunicación";"Mujeres";"Evaluacion"
"2016-2017";"84.1";"Técnicas audiovisuales y medios de comunicación";"Mujeres";"Evaluacion"
"2015-2016";"82.4";"Técnicas audiovisuales y medios de comunicación";"Mujeres";"Evaluacion"
"2022-2023";"83.08";"Artes";"Mujeres";"Evaluacion"
"2021-2022";"80.54";"Artes";"Mujeres";"Evaluacion"
"2020-2021";"87.27";"Artes";"Mujeres";"Evaluacion"
"2019-2020";"84.99";"Artes";"Mujeres";"Evaluacion"
"2018-2019";"82.06";"Artes";"Mujeres";"Evaluacion"
"2017-2018";"76.46";"Artes";"Mujeres";"Evaluacion"
"2016-2017";"83.75";"Artes";"Mujeres";"Evaluacion"
"2015-2016";"78.53";"Artes";"Mujeres";"Evaluacion"
"2022-2023";"80.06";"Lenguas";"Mujeres";"Evaluacion"
"2021-2022";"81.85";"Lenguas";"Mujeres";"Evaluacion"
"2020-2021";"83.13";"Lenguas";"Mujeres";"Evaluacion"
"2019-2020";"82.27";"Lenguas";"Mujeres";"Evaluacion"
"2018-2019";"78.05";"Lenguas";"Mujeres";"Evaluacion"
"2017-2018";"77.56";"Lenguas";"Mujeres";"Evaluacion"
"2016-2017";"81.08";"Lenguas";"Mujeres";"Evaluacion"
"2015-2016";"80.23";"Lenguas";"Mujeres";"Evaluacion"
"2022-2023";"80.68";"Humanidades";"Mujeres";"Evaluacion"
"2021-2022";"82.11";"Humanidades";"Mujeres";"Evaluacion"
"2020-2021";"85.07";"Humanidades";"Mujeres";"Evaluacion"
"2019-2020";"83.15";"Humanidades";"Mujeres";"Evaluacion"
"2018-2019";"77.49";"Humanidades";"Mujeres";"Evaluacion"
"2017-2018";"78.85";"Humanidades";"Mujeres";"Evaluacion"
"2016-2017";"78.14";"Humanidades";"Mujeres";"Evaluacion"
"2015-2016";"77.63";"Humanidades";"Mujeres";"Evaluacion"
"2022-2023";"88.01";"Total Ciencias sociales, periodismo y documentación";"Mujeres";"Evaluacion"
"2021-2022";"88.09";"Total Ciencias sociales, periodismo y documentación";"Mujeres";"Evaluacion"
"2020-2021";"90.47";"Total Ciencias sociales, periodismo y documentación";"Mujeres";"Evaluacion"
"2019-2020";"87.21";"Total Ciencias sociales, periodismo y documentación";"Mujeres";"Evaluacion"
"2018-2019";"82.5";"Total Ciencias sociales, periodismo y documentación";"Mujeres";"Evaluacion"
"2017-2018";"82.51";"Total Ciencias sociales, periodismo y documentación";"Mujeres";"Evaluacion"
"2016-2017";"82.93";"Total Ciencias sociales, periodismo y documentación";"Mujeres";"Evaluacion"
"2015-2016";"82.92";"Total Ciencias sociales, periodismo y documentación";"Mujeres";"Evaluacion"
"2022-2023";"88.0";"Psicología";"Mujeres";"Evaluacion"
"2021-2022";"88.35";"Psicología";"Mujeres";"Evaluacion"
"2020-2021";"90.45";"Psicología";"Mujeres";"Evaluacion"
"2019-2020";"86.96";"Psicología";"Mujeres";"Evaluacion"
"2018-2019";"82.57";"Psicología";"Mujeres";"Evaluacion"
"2017-2018";"82.46";"Psicología";"Mujeres";"Evaluacion"
"2016-2017";"82.65";"Psicología";"Mujeres";"Evaluacion"
"2015-2016";"81.66";"Psicología";"Mujeres";"Evaluacion"
"2022-2023";"86.72";"Economía";"Mujeres";"Evaluacion"
"2021-2022";"84.98";"Economía";"Mujeres";"Evaluacion"
"2020-2021";"85.05";"Economía";"Mujeres";"Evaluacion"
"2019-2020";"82.56";"Economía";"Mujeres";"Evaluacion"
"2018-2019";"78.57";"Economía";"Mujeres";"Evaluacion"
"2017-2018";"76.45";"Economía";"Mujeres";"Evaluacion"
"2016-2017";"71.24";"Economía";"Mujeres";"Evaluacion"
"2015-2016";"66.37";"Economía";"Mujeres";"Evaluacion"
"2022-2023";"87.72";"Otras Ciencias sociales y del comportamiento";"Mujeres";"Evaluacion"
"2021-2022";"87.0";"Otras Ciencias sociales y del comportamiento";"Mujeres";"Evaluacion"
"2020-2021";"90.01";"Otras Ciencias sociales y del comportamiento";"Mujeres";"Evaluacion"
"2019-2020";"87.52";"Otras Ciencias sociales y del comportamiento";"Mujeres";"Evaluacion"
"2018-2019";"84.13";"Otras Ciencias sociales y del comportamiento";"Mujeres";"Evaluacion"
"2017-2018";"83.36";"Otras Ciencias sociales y del comportamiento";"Mujeres";"Evaluacion"
"2016-2017";"84.66";"Otras Ciencias sociales y del comportamiento";"Mujeres";"Evaluacion"
"2015-2016";"86.44";"Otras Ciencias sociales y del comportamiento";"Mujeres";"Evaluacion"
"2022-2023";"88.64";"Periodismo e información";"Mujeres";"Evaluacion"
"2021-2022";"88.74";"Periodismo e información";"Mujeres";"Evaluacion"
"2020-2021";"91.64";"Periodismo e información";"Mujeres";"Evaluacion"
"2019-2020";"88.41";"Periodismo e información";"Mujeres";"Evaluacion"
"2018-2019";"80.93";"Periodismo e información";"Mujeres";"Evaluacion"
"2017-2018";"82.32";"Periodismo e información";"Mujeres";"Evaluacion"
"2016-2017";"82.9";"Periodismo e información";"Mujeres";"Evaluacion"
"2015-2016";"83.84";"Periodismo e información";"Mujeres";"Evaluacion"
"2022-2023";"86.9";"Total Negocios, administración y derecho";"Mujeres";"Evaluacion"
"2021-2022";"86.87";"Total Negocios, administración y derecho";"Mujeres";"Evaluacion"
"2020-2021";"90.33";"Total Negocios, administración y derecho";"Mujeres";"Evaluacion"
"2019-2020";"86.67";"Total Negocios, administración y derecho";"Mujeres";"Evaluacion"
"2018-2019";"81.55";"Total Negocios, administración y derecho";"Mujeres";"Evaluacion"
"2017-2018";"82.34";"Total Negocios, administración y derecho";"Mujeres";"Evaluacion"
"2016-2017";"81.64";"Total Negocios, administración y derecho";"Mujeres";"Evaluacion"
"2015-2016";"80.96";"Total Negocios, administración y derecho";"Mujeres";"Evaluacion"
"2022-2023";"88.06";"Administración y gestión de empresas";"Mujeres";"Evaluacion"
"2021-2022";"87.56";"Administración y gestión de empresas";"Mujeres";"Evaluacion"
"2020-2021";"90.34";"Administración y gestión de empresas";"Mujeres";"Evaluacion"
"2019-2020";"86.06";"Administración y gestión de empresas";"Mujeres";"Evaluacion"
"2018-2019";"82.26";"Administración y gestión de empresas";"Mujeres";"Evaluacion"
"2017-2018";"81.97";"Administración y gestión de empresas";"Mujeres";"Evaluacion"
"2016-2017";"81.59";"Administración y gestión de empresas";"Mujeres";"Evaluacion"
"2015-2016";"80.4";"Administración y gestión de empresas";"Mujeres";"Evaluacion"
"2022-2023";"86.06";"Otra Educación comercial y empresarial";"Mujeres";"Evaluacion"
"2021-2022";"85.13";"Otra Educación comercial y empresarial";"Mujeres";"Evaluacion"
"2020-2021";"89.21";"Otra Educación comercial y empresarial";"Mujeres";"Evaluacion"
"2019-2020";"87.81";"Otra Educación comercial y empresarial";"Mujeres";"Evaluacion"
"2018-2019";"80.89";"Otra Educación comercial y empresarial";"Mujeres";"Evaluacion"
"2017-2018";"83.08";"Otra Educación comercial y empresarial";"Mujeres";"Evaluacion"
"2016-2017";"79.86";"Otra Educación comercial y empresarial";"Mujeres";"Evaluacion"
"2015-2016";"79.69";"Otra Educación comercial y empresarial";"Mujeres";"Evaluacion"
"2022-2023";"85.94";"Derecho";"Mujeres";"Evaluacion"
"2021-2022";"86.83";"Derecho";"Mujeres";"Evaluacion"
"2020-2021";"90.8";"Derecho";"Mujeres";"Evaluacion"
"2019-2020";"86.98";"Derecho";"Mujeres";"Evaluacion"
"2018-2019";"80.88";"Derecho";"Mujeres";"Evaluacion"
"2017-2018";"82.6";"Derecho";"Mujeres";"Evaluacion"
"2016-2017";"82.31";"Derecho";"Mujeres";"Evaluacion"
"2015-2016";"82.22";"Derecho";"Mujeres";"Evaluacion"
"2022-2023";"59.41";"Total Ciencias";"Mujeres";"Evaluacion"
"2021-2022";"75.28";"Total Ciencias";"Mujeres";"Evaluacion"
"2020-2021";"76.23";"Total Ciencias";"Mujeres";"Evaluacion"
"2019-2020";"76.51";"Total Ciencias";"Mujeres";"Evaluacion"
"2018-2019";"..";"Total Ciencias";"Mujeres";"Evaluacion"
"2017-2018";"..";"Total Ciencias";"Mujeres";"Evaluacion"
"2016-2017";"..";"Total Ciencias";"Mujeres";"Evaluacion"
"2015-2016";"..";"Total Ciencias";"Mujeres";"Evaluacion"
"2022-2023";"..";"Ciencias de la vida";"Mujeres";"Evaluacion"
"2021-2022";"..";"Ciencias de la vida";"Mujeres";"Evaluacion"
"2020-2021";"..";"Ciencias de la vida";"Mujeres";"Evaluacion"
"2019-2020";"..";"Ciencias de la vida";"Mujeres";"Evaluacion"
"2018-2019";"..";"Ciencias de la vida";"Mujeres";"Evaluacion"
"2017-2018";"..";"Ciencias de la vida";"Mujeres";"Evaluacion"
"2016-2017";"..";"Ciencias de la vida";"Mujeres";"Evaluacion"
"2015-2016";"..";"Ciencias de la vida";"Mujeres";"Evaluacion"
"2022-2023";"70.65";"Ciencias Físicas, químicas, geológicas";"Mujeres";"Evaluacion"
"2021-2022";"..";"Ciencias Físicas, químicas, geológicas";"Mujeres";"Evaluacion"
"2020-2021";"..";"Ciencias Físicas, químicas, geológicas";"Mujeres";"Evaluacion"
"2019-2020";"..";"Ciencias Físicas, químicas, geológicas";"Mujeres";"Evaluacion"
"2018-2019";"..";"Ciencias Físicas, químicas, geológicas";"Mujeres";"Evaluacion"
"2017-2018";"..";"Ciencias Físicas, químicas, geológicas";"Mujeres";"Evaluacion"
"2016-2017";"..";"Ciencias Físicas, químicas, geológicas";"Mujeres";"Evaluacion"
"2015-2016";"..";"Ciencias Físicas, químicas, geológicas";"Mujeres";"Evaluacion"
"2022-2023";"53.44";"Matemáticas y Estadística";"Mujeres";"Evaluacion"
"2021-2022";"75.32";"Matemáticas y Estadística";"Mujeres";"Evaluacion"
"2020-2021";"76.23";"Matemáticas y Estadística";"Mujeres";"Evaluacion"
"2019-2020";"76.51";"Matemáticas y Estadística";"Mujeres";"Evaluacion"
"2018-2019";"..";"Matemáticas y Estadística";"Mujeres";"Evaluacion"
"2017-2018";"..";"Matemáticas y Estadística";"Mujeres";"Evaluacion"
"2016-2017";"..";"Matemáticas y Estadística";"Mujeres";"Evaluacion"
"2015-2016";"..";"Matemáticas y Estadística";"Mujeres";"Evaluacion"
"2022-2023";"80.45";"Total Informática";"Mujeres";"Evaluacion"
"2021-2022";"83.22";"Total Informática";"Mujeres";"Evaluacion"
"2020-2021";"82.17";"Total Informática";"Mujeres";"Evaluacion"
"2019-2020";"80.97";"Total Informática";"Mujeres";"Evaluacion"
"2018-2019";"75.82";"Total Informática";"Mujeres";"Evaluacion"
"2017-2018";"76.61";"Total Informática";"Mujeres";"Evaluacion"
"2016-2017";"72.38";"Total Informática";"Mujeres";"Evaluacion"
"2015-2016";"75.25";"Total Informática";"Mujeres";"Evaluacion"
"2022-2023";"80.45";"Informática";"Mujeres";"Evaluacion"
"2021-2022";"83.22";"Informática";"Mujeres";"Evaluacion"
"2020-2021";"82.17";"Informática";"Mujeres";"Evaluacion"
"2019-2020";"80.97";"Informática";"Mujeres";"Evaluacion"
"2018-2019";"75.82";"Informática";"Mujeres";"Evaluacion"
"2017-2018";"76.61";"Informática";"Mujeres";"Evaluacion"
"2016-2017";"72.38";"Informática";"Mujeres";"Evaluacion"
"2015-2016";"75.25";"Informática";"Mujeres";"Evaluacion"
"2022-2023";"76.33";"Total Ingeniería, industria y construcción";"Mujeres";"Evaluacion"
"2021-2022";"78.22";"Total Ingeniería, industria y construcción";"Mujeres";"Evaluacion"
"2020-2021";"76.9";"Total Ingeniería, industria y construcción";"Mujeres";"Evaluacion"
"2019-2020";"75.05";"Total Ingeniería, industria y construcción";"Mujeres";"Evaluacion"
"2018-2019";"65.82";"Total Ingeniería, industria y construcción";"Mujeres";"Evaluacion"
"2017-2018";"64.12";"Total Ingeniería, industria y construcción";"Mujeres";"Evaluacion"
"2016-2017";"70.72";"Total Ingeniería, industria y construcción";"Mujeres";"Evaluacion"
"2015-2016";"69.44";"Total Ingeniería, industria y construcción";"Mujeres";"Evaluacion"
"2022-2023";"76.33";"Ingenierías";"Mujeres";"Evaluacion"
"2021-2022";"78.22";"Ingenierías";"Mujeres";"Evaluacion"
"2020-2021";"76.9";"Ingenierías";"Mujeres";"Evaluacion"
"2019-2020";"75.05";"Ingenierías";"Mujeres";"Evaluacion"
"2018-2019";"65.82";"Ingenierías";"Mujeres";"Evaluacion"
"2017-2018";"64.12";"Ingenierías";"Mujeres";"Evaluacion"
"2016-2017";"70.72";"Ingenierías";"Mujeres";"Evaluacion"
"2015-2016";"69.44";"Ingenierías";"Mujeres";"Evaluacion"
"2022-2023";"..";"Arquitectura y construcción";"Mujeres";"Evaluacion"
"2021-2022";"..";"Arquitectura y construcción";"Mujeres";"Evaluacion"
"2020-2021";"..";"Arquitectura y construcción";"Mujeres";"Evaluacion"
"2019-2020";"..";"Arquitectura y construcción";"Mujeres";"Evaluacion"
"2018-2019";"..";"Arquitectura y construcción";"Mujeres";"Evaluacion"
"2017-2018";"..";"Arquitectura y construcción";"Mujeres";"Evaluacion"
"2016-2017";"..";"Arquitectura y construcción";"Mujeres";"Evaluacion"
"2015-2016";"..";"Arquitectura y construcción";"Mujeres";"Evaluacion"
"2022-2023";"..";"Total Agricultura, ganadería,  silvicultura, pesca, y veterinaria";"Mujeres";"Evaluacion"
"2021-2022";"..";"Total Agricultura, ganadería,  silvicultura, pesca, y veterinaria";"Mujeres";"Evaluacion"
"2020-2021";"..";"Total Agricultura, ganadería,  silvicultura, pesca, y veterinaria";"Mujeres";"Evaluacion"
"2019-2020";"..";"Total Agricultura, ganadería,  silvicultura, pesca, y veterinaria";"Mujeres";"Evaluacion"
"2018-2019";"..";"Total Agricultura, ganadería,  silvicultura, pesca, y veterinaria";"Mujeres";"Evaluacion"
"2017-2018";"..";"Total Agricultura, ganadería,  silvicultura, pesca, y veterinaria";"Mujeres";"Evaluacion"
"2016-2017";"..";"Total Agricultura, ganadería,  silvicultura, pesca, y veterinaria";"Mujeres";"Evaluacion"
"2015-2016";"..";"Total Agricultura, ganadería,  silvicultura, pesca, y veterinaria";"Mujeres";"Evaluacion"
"2022-2023";"..";"Agricultura, ganadería y pesca";"Mujeres";"Evaluacion"
"2021-2022";"..";"Agricultura, ganadería y pesca";"Mujeres";"Evaluacion"
"2020-2021";"..";"Agricultura, ganadería y pesca";"Mujeres";"Evaluacion"
"2019-2020";"..";"Agricultura, ganadería y pesca";"Mujeres";"Evaluacion"
"2018-2019";"..";"Agricultura, ganadería y pesca";"Mujeres";"Evaluacion"
"2017-2018";"..";"Agricultura, ganadería y pesca";"Mujeres";"Evaluacion"
"2016-2017";"..";"Agricultura, ganadería y pesca";"Mujeres";"Evaluacion"
"2015-2016";"..";"Agricultura, ganadería y pesca";"Mujeres";"Evaluacion"
"2022-2023";"..";"Veterinaria";"Mujeres";"Evaluacion"
"2021-2022";"..";"Veterinaria";"Mujeres";"Evaluacion"
"2020-2021";"..";"Veterinaria";"Mujeres";"Evaluacion"
"2019-2020";"..";"Veterinaria";"Mujeres";"Evaluacion"
"2018-2019";"..";"Veterinaria";"Mujeres";"Evaluacion"
"2017-2018";"..";"Veterinaria";"Mujeres";"Evaluacion"
"2016-2017";"..";"Veterinaria";"Mujeres";"Evaluacion"
"2015-2016";"..";"Veterinaria";"Mujeres";"Evaluacion"
"2022-2023";"87.86";"Total Salud y servicios sociales";"Mujeres";"Evaluacion"
"2021-2022";"87.64";"Total Salud y servicios sociales";"Mujeres";"Evaluacion"
"2020-2021";"91.86";"Total Salud y servicios sociales";"Mujeres";"Evaluacion"
"2019-2020";"89.6";"Total Salud y servicios sociales";"Mujeres";"Evaluacion"
"2018-2019";"86.32";"Total Salud y servicios sociales";"Mujeres";"Evaluacion"
"2017-2018";"87.71";"Total Salud y servicios sociales";"Mujeres";"Evaluacion"
"2016-2017";"88.87";"Total Salud y servicios sociales";"Mujeres";"Evaluacion"
"2015-2016";"90.75";"Total Salud y servicios sociales";"Mujeres";"Evaluacion"
"2022-2023";"..";"Medicina";"Mujeres";"Evaluacion"
"2021-2022";"..";"Medicina";"Mujeres";"Evaluacion"
"2020-2021";"..";"Medicina";"Mujeres";"Evaluacion"
"2019-2020";"..";"Medicina";"Mujeres";"Evaluacion"
"2018-2019";"..";"Medicina";"Mujeres";"Evaluacion"
"2017-2018";"..";"Medicina";"Mujeres";"Evaluacion"
"2016-2017";"..";"Medicina";"Mujeres";"Evaluacion"
"2015-2016";"..";"Medicina";"Mujeres";"Evaluacion"
"2022-2023";"..";"Enfermería y atención a enfermos";"Mujeres";"Evaluacion"
"2021-2022";"..";"Enfermería y atención a enfermos";"Mujeres";"Evaluacion"
"2020-2021";"..";"Enfermería y atención a enfermos";"Mujeres";"Evaluacion"
"2019-2020";"..";"Enfermería y atención a enfermos";"Mujeres";"Evaluacion"
"2018-2019";"..";"Enfermería y atención a enfermos";"Mujeres";"Evaluacion"
"2017-2018";"..";"Enfermería y atención a enfermos";"Mujeres";"Evaluacion"
"2016-2017";"..";"Enfermería y atención a enfermos";"Mujeres";"Evaluacion"
"2015-2016";"..";"Enfermería y atención a enfermos";"Mujeres";"Evaluacion"
"2022-2023";"84.57";"Otras ciencias de la Salud";"Mujeres";"Evaluacion"
"2021-2022";"83.35";"Otras ciencias de la Salud";"Mujeres";"Evaluacion"
"2020-2021";"88.77";"Otras ciencias de la Salud";"Mujeres";"Evaluacion"
"2019-2020";"88.18";"Otras ciencias de la Salud";"Mujeres";"Evaluacion"
"2018-2019";"86.55";"Otras ciencias de la Salud";"Mujeres";"Evaluacion"
"2017-2018";"86.73";"Otras ciencias de la Salud";"Mujeres";"Evaluacion"
"2016-2017";"89.81";"Otras ciencias de la Salud";"Mujeres";"Evaluacion"
"2015-2016";"90.96";"Otras ciencias de la Salud";"Mujeres";"Evaluacion"
"2022-2023";"90.83";"Trabajo social y orientación";"Mujeres";"Evaluacion"
"2021-2022";"90.47";"Trabajo social y orientación";"Mujeres";"Evaluacion"
"2020-2021";"94.68";"Trabajo social y orientación";"Mujeres";"Evaluacion"
"2019-2020";"92.29";"Trabajo social y orientación";"Mujeres";"Evaluacion"
"2018-2019";"85.59";"Trabajo social y orientación";"Mujeres";"Evaluacion"
"2017-2018";"91.52";"Trabajo social y orientación";"Mujeres";"Evaluacion"
"2016-2017";"84.88";"Trabajo social y orientación";"Mujeres";"Evaluacion"
"2015-2016";"90.2";"Trabajo social y orientación";"Mujeres";"Evaluacion"
"2022-2023";"85.45";"Total Servicios";"Mujeres";"Evaluacion"
"2021-2022";"84.11";"Total Servicios";"Mujeres";"Evaluacion"
"2020-2021";"89.19";"Total Servicios";"Mujeres";"Evaluacion"
"2019-2020";"85.65";"Total Servicios";"Mujeres";"Evaluacion"
"2018-2019";"81.6";"Total Servicios";"Mujeres";"Evaluacion"
"2017-2018";"81.12";"Total Servicios";"Mujeres";"Evaluacion"
"2016-2017";"80.8";"Total Servicios";"Mujeres";"Evaluacion"
"2015-2016";"82.22";"Total Servicios";"Mujeres";"Evaluacion"
"2022-2023";"86.5";"Deportes";"Mujeres";"Evaluacion"
"2021-2022";"81.43";"Deportes";"Mujeres";"Evaluacion"
"2020-2021";"91.92";"Deportes";"Mujeres";"Evaluacion"
"2019-2020";"86.87";"Deportes";"Mujeres";"Evaluacion"
"2018-2019";"85.77";"Deportes";"Mujeres";"Evaluacion"
"2017-2018";"85.9";"Deportes";"Mujeres";"Evaluacion"
"2016-2017";"85.28";"Deportes";"Mujeres";"Evaluacion"
"2015-2016";"89.01";"Deportes";"Mujeres";"Evaluacion"
"2022-2023";"85.8";"Turismo y Hostelería";"Mujeres";"Evaluacion"
"2021-2022";"84.46";"Turismo y Hostelería";"Mujeres";"Evaluacion"
"2020-2021";"88.71";"Turismo y Hostelería";"Mujeres";"Evaluacion"
"2019-2020";"85.12";"Turismo y Hostelería";"Mujeres";"Evaluacion"
"2018-2019";"79.99";"Turismo y Hostelería";"Mujeres";"Evaluacion"
"2017-2018";"79.64";"Turismo y Hostelería";"Mujeres";"Evaluacion"
"2016-2017";"79.52";"Turismo y Hostelería";"Mujeres";"Evaluacion"
"2015-2016";"80.56";"Turismo y Hostelería";"Mujeres";"Evaluacion"
"2022-2023";"77.98";"Otros Servicios";"Mujeres";"Evaluacion"
"2021-2022";"..";"Otros Servicios";"Mujeres";"Evaluacion"
"2020-2021";"..";"Otros Servicios";"Mujeres";"Evaluacion"
"2019-2020";"..";"Otros Servicios";"Mujeres";"Evaluacion"
"2018-2019";"..";"Otros Servicios";"Mujeres";"Evaluacion"
"2017-2018";"..";"Otros Servicios";"Mujeres";"Evaluacion"
"2016-2017";"..";"Otros Servicios";"Mujeres";"Evaluacion"
"2015-2016";"..";"Otros Servicios";"Mujeres";"Evaluacion"
