"Anio";"Valor";"Carrera";"Genero";"Tasa"
"2022-2023";"???";"Burgos";"Ambos Sexos";"Rendimiento"
"2021-2022";"???";"Burgos";"Ambos Sexos";"Rendimiento"
"2020-2021";"???";"Burgos";"Ambos Sexos";"Rendimiento"
"2019-2020";"???";"Burgos";"Ambos Sexos";"Rendimiento"
"2018-2019";"???";"Burgos";"Ambos Sexos";"Rendimiento"
"2017-2018";"???";"Burgos";"Ambos Sexos";"Rendimiento"
"2016-2017";"???";"Burgos";"Ambos Sexos";"Rendimiento"
"2015-2016";"???";"Burgos";"Ambos Sexos";"Rendimiento"
"2022-2023";"77.79";"Todos los ámbitos";"Ambos Sexos";"Rendimiento"
"2021-2022";"77.67";"Todos los ámbitos";"Ambos Sexos";"Rendimiento"
"2020-2021";"79.86";"Todos los ámbitos";"Ambos Sexos";"Rendimiento"
"2019-2020";"83.6";"Todos los ámbitos";"Ambos Sexos";"Rendimiento"
"2018-2019";"80.24";"Todos los ámbitos";"Ambos Sexos";"Rendimiento"
"2017-2018";"80.69";"Todos los ámbitos";"Ambos Sexos";"Rendimiento"
"2016-2017";"80.54";"Todos los ámbitos";"Ambos Sexos";"Rendimiento"
"2015-2016";"81.72";"Todos los ámbitos";"Ambos Sexos";"Rendimiento"
"2022-2023";"90.27";"Total Educación";"Ambos Sexos";"Rendimiento"
"2021-2022";"90.13";"Total Educación";"Ambos Sexos";"Rendimiento"
"2020-2021";"91.94";"Total Educación";"Ambos Sexos";"Rendimiento"
"2019-2020";"93.09";"Total Educación";"Ambos Sexos";"Rendimiento"
"2018-2019";"91.47";"Total Educación";"Ambos Sexos";"Rendimiento"
"2017-2018";"90.77";"Total Educación";"Ambos Sexos";"Rendimiento"
"2016-2017";"90.69";"Total Educación";"Ambos Sexos";"Rendimiento"
"2015-2016";"90.75";"Total Educación";"Ambos Sexos";"Rendimiento"
"2022-2023";"91.12";"Formación de docentes de enseñanza infantil";"Ambos Sexos";"Rendimiento"
"2021-2022";"92.93";"Formación de docentes de enseñanza infantil";"Ambos Sexos";"Rendimiento"
"2020-2021";"93.07";"Formación de docentes de enseñanza infantil";"Ambos Sexos";"Rendimiento"
"2019-2020";"94.62";"Formación de docentes de enseñanza infantil";"Ambos Sexos";"Rendimiento"
"2018-2019";"93.63";"Formación de docentes de enseñanza infantil";"Ambos Sexos";"Rendimiento"
"2017-2018";"92.36";"Formación de docentes de enseñanza infantil";"Ambos Sexos";"Rendimiento"
"2016-2017";"94.43";"Formación de docentes de enseñanza infantil";"Ambos Sexos";"Rendimiento"
"2015-2016";"91.52";"Formación de docentes de enseñanza infantil";"Ambos Sexos";"Rendimiento"
"2022-2023";"90.46";"Formación de docentes de enseñanza primaria";"Ambos Sexos";"Rendimiento"
"2021-2022";"90.04";"Formación de docentes de enseñanza primaria";"Ambos Sexos";"Rendimiento"
"2020-2021";"91.81";"Formación de docentes de enseñanza primaria";"Ambos Sexos";"Rendimiento"
"2019-2020";"92.28";"Formación de docentes de enseñanza primaria";"Ambos Sexos";"Rendimiento"
"2018-2019";"88.93";"Formación de docentes de enseñanza primaria";"Ambos Sexos";"Rendimiento"
"2017-2018";"88.89";"Formación de docentes de enseñanza primaria";"Ambos Sexos";"Rendimiento"
"2016-2017";"86.7";"Formación de docentes de enseñanza primaria";"Ambos Sexos";"Rendimiento"
"2015-2016";"87.64";"Formación de docentes de enseñanza primaria";"Ambos Sexos";"Rendimiento"
"2022-2023";"89.56";"Otra Formación de personal docente y ciencias de la educación";"Ambos Sexos";"Rendimiento"
"2021-2022";"88.81";"Otra Formación de personal docente y ciencias de la educación";"Ambos Sexos";"Rendimiento"
"2020-2021";"91.5";"Otra Formación de personal docente y ciencias de la educación";"Ambos Sexos";"Rendimiento"
"2019-2020";"93.2";"Otra Formación de personal docente y ciencias de la educación";"Ambos Sexos";"Rendimiento"
"2018-2019";"92.81";"Otra Formación de personal docente y ciencias de la educación";"Ambos Sexos";"Rendimiento"
"2017-2018";"91.68";"Otra Formación de personal docente y ciencias de la educación";"Ambos Sexos";"Rendimiento"
"2016-2017";"92.81";"Otra Formación de personal docente y ciencias de la educación";"Ambos Sexos";"Rendimiento"
"2015-2016";"93.7";"Otra Formación de personal docente y ciencias de la educación";"Ambos Sexos";"Rendimiento"
"2022-2023";"80.17";"Total Artes y humanidades";"Ambos Sexos";"Rendimiento"
"2021-2022";"80.17";"Total Artes y humanidades";"Ambos Sexos";"Rendimiento"
"2020-2021";"81.82";"Total Artes y humanidades";"Ambos Sexos";"Rendimiento"
"2019-2020";"82.62";"Total Artes y humanidades";"Ambos Sexos";"Rendimiento"
"2018-2019";"83.6";"Total Artes y humanidades";"Ambos Sexos";"Rendimiento"
"2017-2018";"81.7";"Total Artes y humanidades";"Ambos Sexos";"Rendimiento"
"2016-2017";"83.64";"Total Artes y humanidades";"Ambos Sexos";"Rendimiento"
"2015-2016";"84.86";"Total Artes y humanidades";"Ambos Sexos";"Rendimiento"
"2022-2023";"85.17";"Técnicas audiovisuales y medios de comunicación";"Ambos Sexos";"Rendimiento"
"2021-2022";"87.27";"Técnicas audiovisuales y medios de comunicación";"Ambos Sexos";"Rendimiento"
"2020-2021";"89.61";"Técnicas audiovisuales y medios de comunicación";"Ambos Sexos";"Rendimiento"
"2019-2020";"90.64";"Técnicas audiovisuales y medios de comunicación";"Ambos Sexos";"Rendimiento"
"2018-2019";"90.15";"Técnicas audiovisuales y medios de comunicación";"Ambos Sexos";"Rendimiento"
"2017-2018";"89.1";"Técnicas audiovisuales y medios de comunicación";"Ambos Sexos";"Rendimiento"
"2016-2017";"88.71";"Técnicas audiovisuales y medios de comunicación";"Ambos Sexos";"Rendimiento"
"2015-2016";"88.18";"Técnicas audiovisuales y medios de comunicación";"Ambos Sexos";"Rendimiento"
"2022-2023";"..";"Artes";"Ambos Sexos";"Rendimiento"
"2021-2022";"..";"Artes";"Ambos Sexos";"Rendimiento"
"2020-2021";"..";"Artes";"Ambos Sexos";"Rendimiento"
"2019-2020";"..";"Artes";"Ambos Sexos";"Rendimiento"
"2018-2019";"..";"Artes";"Ambos Sexos";"Rendimiento"
"2017-2018";"..";"Artes";"Ambos Sexos";"Rendimiento"
"2016-2017";"..";"Artes";"Ambos Sexos";"Rendimiento"
"2015-2016";"..";"Artes";"Ambos Sexos";"Rendimiento"
"2022-2023";"80.72";"Lenguas";"Ambos Sexos";"Rendimiento"
"2021-2022";"77.63";"Lenguas";"Ambos Sexos";"Rendimiento"
"2020-2021";"75.35";"Lenguas";"Ambos Sexos";"Rendimiento"
"2019-2020";"75.36";"Lenguas";"Ambos Sexos";"Rendimiento"
"2018-2019";"78.12";"Lenguas";"Ambos Sexos";"Rendimiento"
"2017-2018";"72.98";"Lenguas";"Ambos Sexos";"Rendimiento"
"2016-2017";"76.56";"Lenguas";"Ambos Sexos";"Rendimiento"
"2015-2016";"79.24";"Lenguas";"Ambos Sexos";"Rendimiento"
"2022-2023";"75.21";"Humanidades";"Ambos Sexos";"Rendimiento"
"2021-2022";"75.6";"Humanidades";"Ambos Sexos";"Rendimiento"
"2020-2021";"78.65";"Humanidades";"Ambos Sexos";"Rendimiento"
"2019-2020";"77.49";"Humanidades";"Ambos Sexos";"Rendimiento"
"2018-2019";"77.81";"Humanidades";"Ambos Sexos";"Rendimiento"
"2017-2018";"75.23";"Humanidades";"Ambos Sexos";"Rendimiento"
"2016-2017";"77.94";"Humanidades";"Ambos Sexos";"Rendimiento"
"2015-2016";"80.99";"Humanidades";"Ambos Sexos";"Rendimiento"
"2022-2023";"63.13";"Total Ciencias sociales, periodismo y documentación";"Ambos Sexos";"Rendimiento"
"2021-2022";"69.61";"Total Ciencias sociales, periodismo y documentación";"Ambos Sexos";"Rendimiento"
"2020-2021";"69.28";"Total Ciencias sociales, periodismo y documentación";"Ambos Sexos";"Rendimiento"
"2019-2020";"73.19";"Total Ciencias sociales, periodismo y documentación";"Ambos Sexos";"Rendimiento"
"2018-2019";"67.73";"Total Ciencias sociales, periodismo y documentación";"Ambos Sexos";"Rendimiento"
"2017-2018";"69.34";"Total Ciencias sociales, periodismo y documentación";"Ambos Sexos";"Rendimiento"
"2016-2017";"72.9";"Total Ciencias sociales, periodismo y documentación";"Ambos Sexos";"Rendimiento"
"2015-2016";"72.59";"Total Ciencias sociales, periodismo y documentación";"Ambos Sexos";"Rendimiento"
"2022-2023";"..";"Psicología";"Ambos Sexos";"Rendimiento"
"2021-2022";"..";"Psicología";"Ambos Sexos";"Rendimiento"
"2020-2021";"..";"Psicología";"Ambos Sexos";"Rendimiento"
"2019-2020";"..";"Psicología";"Ambos Sexos";"Rendimiento"
"2018-2019";"..";"Psicología";"Ambos Sexos";"Rendimiento"
"2017-2018";"..";"Psicología";"Ambos Sexos";"Rendimiento"
"2016-2017";"..";"Psicología";"Ambos Sexos";"Rendimiento"
"2015-2016";"..";"Psicología";"Ambos Sexos";"Rendimiento"
"2022-2023";"..";"Economía";"Ambos Sexos";"Rendimiento"
"2021-2022";"..";"Economía";"Ambos Sexos";"Rendimiento"
"2020-2021";"..";"Economía";"Ambos Sexos";"Rendimiento"
"2019-2020";"..";"Economía";"Ambos Sexos";"Rendimiento"
"2018-2019";"..";"Economía";"Ambos Sexos";"Rendimiento"
"2017-2018";"..";"Economía";"Ambos Sexos";"Rendimiento"
"2016-2017";"..";"Economía";"Ambos Sexos";"Rendimiento"
"2015-2016";"..";"Economía";"Ambos Sexos";"Rendimiento"
"2022-2023";"63.13";"Otras Ciencias sociales y del comportamiento";"Ambos Sexos";"Rendimiento"
"2021-2022";"69.61";"Otras Ciencias sociales y del comportamiento";"Ambos Sexos";"Rendimiento"
"2020-2021";"69.28";"Otras Ciencias sociales y del comportamiento";"Ambos Sexos";"Rendimiento"
"2019-2020";"73.19";"Otras Ciencias sociales y del comportamiento";"Ambos Sexos";"Rendimiento"
"2018-2019";"67.73";"Otras Ciencias sociales y del comportamiento";"Ambos Sexos";"Rendimiento"
"2017-2018";"69.34";"Otras Ciencias sociales y del comportamiento";"Ambos Sexos";"Rendimiento"
"2016-2017";"72.9";"Otras Ciencias sociales y del comportamiento";"Ambos Sexos";"Rendimiento"
"2015-2016";"72.59";"Otras Ciencias sociales y del comportamiento";"Ambos Sexos";"Rendimiento"
"2022-2023";"..";"Periodismo e información";"Ambos Sexos";"Rendimiento"
"2021-2022";"..";"Periodismo e información";"Ambos Sexos";"Rendimiento"
"2020-2021";"..";"Periodismo e información";"Ambos Sexos";"Rendimiento"
"2019-2020";"..";"Periodismo e información";"Ambos Sexos";"Rendimiento"
"2018-2019";"..";"Periodismo e información";"Ambos Sexos";"Rendimiento"
"2017-2018";"..";"Periodismo e información";"Ambos Sexos";"Rendimiento"
"2016-2017";"..";"Periodismo e información";"Ambos Sexos";"Rendimiento"
"2015-2016";"..";"Periodismo e información";"Ambos Sexos";"Rendimiento"
"2022-2023";"70.24";"Total Negocios, administración y derecho";"Ambos Sexos";"Rendimiento"
"2021-2022";"69.59";"Total Negocios, administración y derecho";"Ambos Sexos";"Rendimiento"
"2020-2021";"73.49";"Total Negocios, administración y derecho";"Ambos Sexos";"Rendimiento"
"2019-2020";"81.0";"Total Negocios, administración y derecho";"Ambos Sexos";"Rendimiento"
"2018-2019";"75.09";"Total Negocios, administración y derecho";"Ambos Sexos";"Rendimiento"
"2017-2018";"75.65";"Total Negocios, administración y derecho";"Ambos Sexos";"Rendimiento"
"2016-2017";"75.71";"Total Negocios, administración y derecho";"Ambos Sexos";"Rendimiento"
"2015-2016";"78.94";"Total Negocios, administración y derecho";"Ambos Sexos";"Rendimiento"
"2022-2023";"65.02";"Administración y gestión de empresas";"Ambos Sexos";"Rendimiento"
"2021-2022";"64.82";"Administración y gestión de empresas";"Ambos Sexos";"Rendimiento"
"2020-2021";"70.92";"Administración y gestión de empresas";"Ambos Sexos";"Rendimiento"
"2019-2020";"75.53";"Administración y gestión de empresas";"Ambos Sexos";"Rendimiento"
"2018-2019";"71.98";"Administración y gestión de empresas";"Ambos Sexos";"Rendimiento"
"2017-2018";"70.19";"Administración y gestión de empresas";"Ambos Sexos";"Rendimiento"
"2016-2017";"73.63";"Administración y gestión de empresas";"Ambos Sexos";"Rendimiento"
"2015-2016";"77.59";"Administración y gestión de empresas";"Ambos Sexos";"Rendimiento"
"2022-2023";"62.11";"Otra Educación comercial y empresarial";"Ambos Sexos";"Rendimiento"
"2021-2022";"58.34";"Otra Educación comercial y empresarial";"Ambos Sexos";"Rendimiento"
"2020-2021";"67.05";"Otra Educación comercial y empresarial";"Ambos Sexos";"Rendimiento"
"2019-2020";"74.56";"Otra Educación comercial y empresarial";"Ambos Sexos";"Rendimiento"
"2018-2019";"71.37";"Otra Educación comercial y empresarial";"Ambos Sexos";"Rendimiento"
"2017-2018";"77.24";"Otra Educación comercial y empresarial";"Ambos Sexos";"Rendimiento"
"2016-2017";"74.27";"Otra Educación comercial y empresarial";"Ambos Sexos";"Rendimiento"
"2015-2016";"77.66";"Otra Educación comercial y empresarial";"Ambos Sexos";"Rendimiento"
"2022-2023";"74.16";"Derecho";"Ambos Sexos";"Rendimiento"
"2021-2022";"73.74";"Derecho";"Ambos Sexos";"Rendimiento"
"2020-2021";"75.92";"Derecho";"Ambos Sexos";"Rendimiento"
"2019-2020";"84.9";"Derecho";"Ambos Sexos";"Rendimiento"
"2018-2019";"77.61";"Derecho";"Ambos Sexos";"Rendimiento"
"2017-2018";"78.82";"Derecho";"Ambos Sexos";"Rendimiento"
"2016-2017";"77.47";"Derecho";"Ambos Sexos";"Rendimiento"
"2015-2016";"80.36";"Derecho";"Ambos Sexos";"Rendimiento"
"2022-2023";"66.13";"Total Ciencias";"Ambos Sexos";"Rendimiento"
"2021-2022";"69.61";"Total Ciencias";"Ambos Sexos";"Rendimiento"
"2020-2021";"72.61";"Total Ciencias";"Ambos Sexos";"Rendimiento"
"2019-2020";"79.01";"Total Ciencias";"Ambos Sexos";"Rendimiento"
"2018-2019";"72.61";"Total Ciencias";"Ambos Sexos";"Rendimiento"
"2017-2018";"73.16";"Total Ciencias";"Ambos Sexos";"Rendimiento"
"2016-2017";"67.45";"Total Ciencias";"Ambos Sexos";"Rendimiento"
"2015-2016";"72.81";"Total Ciencias";"Ambos Sexos";"Rendimiento"
"2022-2023";"..";"Ciencias de la vida";"Ambos Sexos";"Rendimiento"
"2021-2022";"..";"Ciencias de la vida";"Ambos Sexos";"Rendimiento"
"2020-2021";"..";"Ciencias de la vida";"Ambos Sexos";"Rendimiento"
"2019-2020";"..";"Ciencias de la vida";"Ambos Sexos";"Rendimiento"
"2018-2019";"..";"Ciencias de la vida";"Ambos Sexos";"Rendimiento"
"2017-2018";"..";"Ciencias de la vida";"Ambos Sexos";"Rendimiento"
"2016-2017";"..";"Ciencias de la vida";"Ambos Sexos";"Rendimiento"
"2015-2016";"..";"Ciencias de la vida";"Ambos Sexos";"Rendimiento"
"2022-2023";"66.13";"Ciencias Físicas, químicas, geológicas";"Ambos Sexos";"Rendimiento"
"2021-2022";"69.61";"Ciencias Físicas, químicas, geológicas";"Ambos Sexos";"Rendimiento"
"2020-2021";"72.61";"Ciencias Físicas, químicas, geológicas";"Ambos Sexos";"Rendimiento"
"2019-2020";"79.01";"Ciencias Físicas, químicas, geológicas";"Ambos Sexos";"Rendimiento"
"2018-2019";"72.61";"Ciencias Físicas, químicas, geológicas";"Ambos Sexos";"Rendimiento"
"2017-2018";"73.16";"Ciencias Físicas, químicas, geológicas";"Ambos Sexos";"Rendimiento"
"2016-2017";"67.45";"Ciencias Físicas, químicas, geológicas";"Ambos Sexos";"Rendimiento"
"2015-2016";"72.81";"Ciencias Físicas, químicas, geológicas";"Ambos Sexos";"Rendimiento"
"2022-2023";"..";"Matemáticas y Estadística";"Ambos Sexos";"Rendimiento"
"2021-2022";"..";"Matemáticas y Estadística";"Ambos Sexos";"Rendimiento"
"2020-2021";"..";"Matemáticas y Estadística";"Ambos Sexos";"Rendimiento"
"2019-2020";"..";"Matemáticas y Estadística";"Ambos Sexos";"Rendimiento"
"2018-2019";"..";"Matemáticas y Estadística";"Ambos Sexos";"Rendimiento"
"2017-2018";"..";"Matemáticas y Estadística";"Ambos Sexos";"Rendimiento"
"2016-2017";"..";"Matemáticas y Estadística";"Ambos Sexos";"Rendimiento"
"2015-2016";"..";"Matemáticas y Estadística";"Ambos Sexos";"Rendimiento"
"2022-2023";"66.7";"Total Informática";"Ambos Sexos";"Rendimiento"
"2021-2022";"62.98";"Total Informática";"Ambos Sexos";"Rendimiento"
"2020-2021";"64.77";"Total Informática";"Ambos Sexos";"Rendimiento"
"2019-2020";"65.56";"Total Informática";"Ambos Sexos";"Rendimiento"
"2018-2019";"62.18";"Total Informática";"Ambos Sexos";"Rendimiento"
"2017-2018";"67.71";"Total Informática";"Ambos Sexos";"Rendimiento"
"2016-2017";"65.26";"Total Informática";"Ambos Sexos";"Rendimiento"
"2015-2016";"68.07";"Total Informática";"Ambos Sexos";"Rendimiento"
"2022-2023";"66.7";"Informática";"Ambos Sexos";"Rendimiento"
"2021-2022";"62.98";"Informática";"Ambos Sexos";"Rendimiento"
"2020-2021";"64.77";"Informática";"Ambos Sexos";"Rendimiento"
"2019-2020";"65.56";"Informática";"Ambos Sexos";"Rendimiento"
"2018-2019";"62.18";"Informática";"Ambos Sexos";"Rendimiento"
"2017-2018";"67.71";"Informática";"Ambos Sexos";"Rendimiento"
"2016-2017";"65.26";"Informática";"Ambos Sexos";"Rendimiento"
"2015-2016";"68.07";"Informática";"Ambos Sexos";"Rendimiento"
"2022-2023";"70.86";"Total Ingeniería, industria y construcción";"Ambos Sexos";"Rendimiento"
"2021-2022";"70.43";"Total Ingeniería, industria y construcción";"Ambos Sexos";"Rendimiento"
"2020-2021";"72.01";"Total Ingeniería, industria y construcción";"Ambos Sexos";"Rendimiento"
"2019-2020";"79.46";"Total Ingeniería, industria y construcción";"Ambos Sexos";"Rendimiento"
"2018-2019";"73.63";"Total Ingeniería, industria y construcción";"Ambos Sexos";"Rendimiento"
"2017-2018";"74.07";"Total Ingeniería, industria y construcción";"Ambos Sexos";"Rendimiento"
"2016-2017";"72.64";"Total Ingeniería, industria y construcción";"Ambos Sexos";"Rendimiento"
"2015-2016";"72.91";"Total Ingeniería, industria y construcción";"Ambos Sexos";"Rendimiento"
"2022-2023";"73.25";"Ingenierías";"Ambos Sexos";"Rendimiento"
"2021-2022";"73.6";"Ingenierías";"Ambos Sexos";"Rendimiento"
"2020-2021";"73.87";"Ingenierías";"Ambos Sexos";"Rendimiento"
"2019-2020";"79.8";"Ingenierías";"Ambos Sexos";"Rendimiento"
"2018-2019";"73.43";"Ingenierías";"Ambos Sexos";"Rendimiento"
"2017-2018";"73.7";"Ingenierías";"Ambos Sexos";"Rendimiento"
"2016-2017";"73.21";"Ingenierías";"Ambos Sexos";"Rendimiento"
"2015-2016";"73.32";"Ingenierías";"Ambos Sexos";"Rendimiento"
"2022-2023";"60.68";"Arquitectura y construcción";"Ambos Sexos";"Rendimiento"
"2021-2022";"56.54";"Arquitectura y construcción";"Ambos Sexos";"Rendimiento"
"2020-2021";"62.78";"Arquitectura y construcción";"Ambos Sexos";"Rendimiento"
"2019-2020";"77.56";"Arquitectura y construcción";"Ambos Sexos";"Rendimiento"
"2018-2019";"74.64";"Arquitectura y construcción";"Ambos Sexos";"Rendimiento"
"2017-2018";"75.61";"Arquitectura y construcción";"Ambos Sexos";"Rendimiento"
"2016-2017";"70.81";"Arquitectura y construcción";"Ambos Sexos";"Rendimiento"
"2015-2016";"71.86";"Arquitectura y construcción";"Ambos Sexos";"Rendimiento"
"2022-2023";"69.98";"Total Agricultura, ganadería,  silvicultura, pesca, y veterinaria";"Ambos Sexos";"Rendimiento"
"2021-2022";"72.6";"Total Agricultura, ganadería,  silvicultura, pesca, y veterinaria";"Ambos Sexos";"Rendimiento"
"2020-2021";"74.89";"Total Agricultura, ganadería,  silvicultura, pesca, y veterinaria";"Ambos Sexos";"Rendimiento"
"2019-2020";"80.83";"Total Agricultura, ganadería,  silvicultura, pesca, y veterinaria";"Ambos Sexos";"Rendimiento"
"2018-2019";"75.42";"Total Agricultura, ganadería,  silvicultura, pesca, y veterinaria";"Ambos Sexos";"Rendimiento"
"2017-2018";"76.76";"Total Agricultura, ganadería,  silvicultura, pesca, y veterinaria";"Ambos Sexos";"Rendimiento"
"2016-2017";"80.85";"Total Agricultura, ganadería,  silvicultura, pesca, y veterinaria";"Ambos Sexos";"Rendimiento"
"2015-2016";"82.78";"Total Agricultura, ganadería,  silvicultura, pesca, y veterinaria";"Ambos Sexos";"Rendimiento"
"2022-2023";"69.98";"Agricultura, ganadería y pesca";"Ambos Sexos";"Rendimiento"
"2021-2022";"72.6";"Agricultura, ganadería y pesca";"Ambos Sexos";"Rendimiento"
"2020-2021";"74.89";"Agricultura, ganadería y pesca";"Ambos Sexos";"Rendimiento"
"2019-2020";"80.83";"Agricultura, ganadería y pesca";"Ambos Sexos";"Rendimiento"
"2018-2019";"75.42";"Agricultura, ganadería y pesca";"Ambos Sexos";"Rendimiento"
"2017-2018";"76.76";"Agricultura, ganadería y pesca";"Ambos Sexos";"Rendimiento"
"2016-2017";"80.85";"Agricultura, ganadería y pesca";"Ambos Sexos";"Rendimiento"
"2015-2016";"82.78";"Agricultura, ganadería y pesca";"Ambos Sexos";"Rendimiento"
"2022-2023";"..";"Veterinaria";"Ambos Sexos";"Rendimiento"
"2021-2022";"..";"Veterinaria";"Ambos Sexos";"Rendimiento"
"2020-2021";"..";"Veterinaria";"Ambos Sexos";"Rendimiento"
"2019-2020";"..";"Veterinaria";"Ambos Sexos";"Rendimiento"
"2018-2019";"..";"Veterinaria";"Ambos Sexos";"Rendimiento"
"2017-2018";"..";"Veterinaria";"Ambos Sexos";"Rendimiento"
"2016-2017";"..";"Veterinaria";"Ambos Sexos";"Rendimiento"
"2015-2016";"..";"Veterinaria";"Ambos Sexos";"Rendimiento"
"2022-2023";"89.29";"Total Salud y servicios sociales";"Ambos Sexos";"Rendimiento"
"2021-2022";"90.38";"Total Salud y servicios sociales";"Ambos Sexos";"Rendimiento"
"2020-2021";"91.5";"Total Salud y servicios sociales";"Ambos Sexos";"Rendimiento"
"2019-2020";"91.72";"Total Salud y servicios sociales";"Ambos Sexos";"Rendimiento"
"2018-2019";"91.42";"Total Salud y servicios sociales";"Ambos Sexos";"Rendimiento"
"2017-2018";"93.11";"Total Salud y servicios sociales";"Ambos Sexos";"Rendimiento"
"2016-2017";"94.28";"Total Salud y servicios sociales";"Ambos Sexos";"Rendimiento"
"2015-2016";"95.46";"Total Salud y servicios sociales";"Ambos Sexos";"Rendimiento"
"2022-2023";"..";"Medicina";"Ambos Sexos";"Rendimiento"
"2021-2022";"..";"Medicina";"Ambos Sexos";"Rendimiento"
"2020-2021";"..";"Medicina";"Ambos Sexos";"Rendimiento"
"2019-2020";"..";"Medicina";"Ambos Sexos";"Rendimiento"
"2018-2019";"..";"Medicina";"Ambos Sexos";"Rendimiento"
"2017-2018";"..";"Medicina";"Ambos Sexos";"Rendimiento"
"2016-2017";"..";"Medicina";"Ambos Sexos";"Rendimiento"
"2015-2016";"..";"Medicina";"Ambos Sexos";"Rendimiento"
"2022-2023";"94.03";"Enfermería y atención a enfermos";"Ambos Sexos";"Rendimiento"
"2021-2022";"94.16";"Enfermería y atención a enfermos";"Ambos Sexos";"Rendimiento"
"2020-2021";"94.09";"Enfermería y atención a enfermos";"Ambos Sexos";"Rendimiento"
"2019-2020";"94.71";"Enfermería y atención a enfermos";"Ambos Sexos";"Rendimiento"
"2018-2019";"94.34";"Enfermería y atención a enfermos";"Ambos Sexos";"Rendimiento"
"2017-2018";"93.87";"Enfermería y atención a enfermos";"Ambos Sexos";"Rendimiento"
"2016-2017";"95.42";"Enfermería y atención a enfermos";"Ambos Sexos";"Rendimiento"
"2015-2016";"97.15";"Enfermería y atención a enfermos";"Ambos Sexos";"Rendimiento"
"2022-2023";"86.05";"Otras ciencias de la Salud";"Ambos Sexos";"Rendimiento"
"2021-2022";"87.74";"Otras ciencias de la Salud";"Ambos Sexos";"Rendimiento"
"2020-2021";"89.44";"Otras ciencias de la Salud";"Ambos Sexos";"Rendimiento"
"2019-2020";"89.1";"Otras ciencias de la Salud";"Ambos Sexos";"Rendimiento"
"2018-2019";"88.68";"Otras ciencias de la Salud";"Ambos Sexos";"Rendimiento"
"2017-2018";"92.45";"Otras ciencias de la Salud";"Ambos Sexos";"Rendimiento"
"2016-2017";"93.33";"Otras ciencias de la Salud";"Ambos Sexos";"Rendimiento"
"2015-2016";"94.01";"Otras ciencias de la Salud";"Ambos Sexos";"Rendimiento"
"2022-2023";"..";"Trabajo social y orientación";"Ambos Sexos";"Rendimiento"
"2021-2022";"..";"Trabajo social y orientación";"Ambos Sexos";"Rendimiento"
"2020-2021";"..";"Trabajo social y orientación";"Ambos Sexos";"Rendimiento"
"2019-2020";"..";"Trabajo social y orientación";"Ambos Sexos";"Rendimiento"
"2018-2019";"..";"Trabajo social y orientación";"Ambos Sexos";"Rendimiento"
"2017-2018";"..";"Trabajo social y orientación";"Ambos Sexos";"Rendimiento"
"2016-2017";"..";"Trabajo social y orientación";"Ambos Sexos";"Rendimiento"
"2015-2016";"..";"Trabajo social y orientación";"Ambos Sexos";"Rendimiento"
"2022-2023";"76.73";"Total Servicios";"Ambos Sexos";"Rendimiento"
"2021-2022";"78.22";"Total Servicios";"Ambos Sexos";"Rendimiento"
"2020-2021";"81.63";"Total Servicios";"Ambos Sexos";"Rendimiento"
"2019-2020";"79.11";"Total Servicios";"Ambos Sexos";"Rendimiento"
"2018-2019";"78.95";"Total Servicios";"Ambos Sexos";"Rendimiento"
"2017-2018";"81.11";"Total Servicios";"Ambos Sexos";"Rendimiento"
"2016-2017";"83.03";"Total Servicios";"Ambos Sexos";"Rendimiento"
"2015-2016";"82.8";"Total Servicios";"Ambos Sexos";"Rendimiento"
"2022-2023";"..";"Deportes";"Ambos Sexos";"Rendimiento"
"2021-2022";"..";"Deportes";"Ambos Sexos";"Rendimiento"
"2020-2021";"..";"Deportes";"Ambos Sexos";"Rendimiento"
"2019-2020";"..";"Deportes";"Ambos Sexos";"Rendimiento"
"2018-2019";"..";"Deportes";"Ambos Sexos";"Rendimiento"
"2017-2018";"..";"Deportes";"Ambos Sexos";"Rendimiento"
"2016-2017";"..";"Deportes";"Ambos Sexos";"Rendimiento"
"2015-2016";"..";"Deportes";"Ambos Sexos";"Rendimiento"
"2022-2023";"76.73";"Turismo y Hostelería";"Ambos Sexos";"Rendimiento"
"2021-2022";"78.22";"Turismo y Hostelería";"Ambos Sexos";"Rendimiento"
"2020-2021";"81.63";"Turismo y Hostelería";"Ambos Sexos";"Rendimiento"
"2019-2020";"79.11";"Turismo y Hostelería";"Ambos Sexos";"Rendimiento"
"2018-2019";"78.95";"Turismo y Hostelería";"Ambos Sexos";"Rendimiento"
"2017-2018";"81.11";"Turismo y Hostelería";"Ambos Sexos";"Rendimiento"
"2016-2017";"83.03";"Turismo y Hostelería";"Ambos Sexos";"Rendimiento"
"2015-2016";"82.8";"Turismo y Hostelería";"Ambos Sexos";"Rendimiento"
"2022-2023";"..";"Otros Servicios";"Ambos Sexos";"Rendimiento"
"2021-2022";"..";"Otros Servicios";"Ambos Sexos";"Rendimiento"
"2020-2021";"..";"Otros Servicios";"Ambos Sexos";"Rendimiento"
"2019-2020";"..";"Otros Servicios";"Ambos Sexos";"Rendimiento"
"2018-2019";"..";"Otros Servicios";"Ambos Sexos";"Rendimiento"
"2017-2018";"..";"Otros Servicios";"Ambos Sexos";"Rendimiento"
"2016-2017";"..";"Otros Servicios";"Ambos Sexos";"Rendimiento"
"2015-2016";"..";"Otros Servicios";"Ambos Sexos";"Rendimiento"
"2022-2023";"???";"Burgos";"Ambos Sexos";"Exito"
"2021-2022";"???";"Burgos";"Ambos Sexos";"Exito"
"2020-2021";"???";"Burgos";"Ambos Sexos";"Exito"
"2019-2020";"???";"Burgos";"Ambos Sexos";"Exito"
"2018-2019";"???";"Burgos";"Ambos Sexos";"Exito"
"2017-2018";"???";"Burgos";"Ambos Sexos";"Exito"
"2016-2017";"???";"Burgos";"Ambos Sexos";"Exito"
"2015-2016";"???";"Burgos";"Ambos Sexos";"Exito"
"2022-2023";"85.54";"Todos los ámbitos";"Ambos Sexos";"Exito"
"2021-2022";"86.19";"Todos los ámbitos";"Ambos Sexos";"Exito"
"2020-2021";"87.42";"Todos los ámbitos";"Ambos Sexos";"Exito"
"2019-2020";"90.0";"Todos los ámbitos";"Ambos Sexos";"Exito"
"2018-2019";"86.85";"Todos los ámbitos";"Ambos Sexos";"Exito"
"2017-2018";"86.17";"Todos los ámbitos";"Ambos Sexos";"Exito"
"2016-2017";"85.67";"Todos los ámbitos";"Ambos Sexos";"Exito"
"2015-2016";"86.76";"Todos los ámbitos";"Ambos Sexos";"Exito"
"2022-2023";"93.27";"Total Educación";"Ambos Sexos";"Exito"
"2021-2022";"93.28";"Total Educación";"Ambos Sexos";"Exito"
"2020-2021";"94.61";"Total Educación";"Ambos Sexos";"Exito"
"2019-2020";"95.67";"Total Educación";"Ambos Sexos";"Exito"
"2018-2019";"94.76";"Total Educación";"Ambos Sexos";"Exito"
"2017-2018";"93.81";"Total Educación";"Ambos Sexos";"Exito"
"2016-2017";"93.4";"Total Educación";"Ambos Sexos";"Exito"
"2015-2016";"93.77";"Total Educación";"Ambos Sexos";"Exito"
"2022-2023";"94.93";"Formación de docentes de enseñanza infantil";"Ambos Sexos";"Exito"
"2021-2022";"94.97";"Formación de docentes de enseñanza infantil";"Ambos Sexos";"Exito"
"2020-2021";"95.84";"Formación de docentes de enseñanza infantil";"Ambos Sexos";"Exito"
"2019-2020";"96.78";"Formación de docentes de enseñanza infantil";"Ambos Sexos";"Exito"
"2018-2019";"96.29";"Formación de docentes de enseñanza infantil";"Ambos Sexos";"Exito"
"2017-2018";"94.73";"Formación de docentes de enseñanza infantil";"Ambos Sexos";"Exito"
"2016-2017";"96.12";"Formación de docentes de enseñanza infantil";"Ambos Sexos";"Exito"
"2015-2016";"94.59";"Formación de docentes de enseñanza infantil";"Ambos Sexos";"Exito"
"2022-2023";"92.69";"Formación de docentes de enseñanza primaria";"Ambos Sexos";"Exito"
"2021-2022";"92.62";"Formación de docentes de enseñanza primaria";"Ambos Sexos";"Exito"
"2020-2021";"94.32";"Formación de docentes de enseñanza primaria";"Ambos Sexos";"Exito"
"2019-2020";"95.19";"Formación de docentes de enseñanza primaria";"Ambos Sexos";"Exito"
"2018-2019";"93.42";"Formación de docentes de enseñanza primaria";"Ambos Sexos";"Exito"
"2017-2018";"92.68";"Formación de docentes de enseñanza primaria";"Ambos Sexos";"Exito"
"2016-2017";"90.34";"Formación de docentes de enseñanza primaria";"Ambos Sexos";"Exito"
"2015-2016";"91.5";"Formación de docentes de enseñanza primaria";"Ambos Sexos";"Exito"
"2022-2023";"93.0";"Otra Formación de personal docente y ciencias de la educación";"Ambos Sexos";"Exito"
"2021-2022";"93.12";"Otra Formación de personal docente y ciencias de la educación";"Ambos Sexos";"Exito"
"2020-2021";"94.31";"Otra Formación de personal docente y ciencias de la educación";"Ambos Sexos";"Exito"
"2019-2020";"95.61";"Otra Formación de personal docente y ciencias de la educación";"Ambos Sexos";"Exito"
"2018-2019";"95.25";"Otra Formación de personal docente y ciencias de la educación";"Ambos Sexos";"Exito"
"2017-2018";"94.36";"Otra Formación de personal docente y ciencias de la educación";"Ambos Sexos";"Exito"
"2016-2017";"95.04";"Otra Formación de personal docente y ciencias de la educación";"Ambos Sexos";"Exito"
"2015-2016";"95.73";"Otra Formación de personal docente y ciencias de la educación";"Ambos Sexos";"Exito"
"2022-2023";"92.05";"Total Artes y humanidades";"Ambos Sexos";"Exito"
"2021-2022";"93.08";"Total Artes y humanidades";"Ambos Sexos";"Exito"
"2020-2021";"93.61";"Total Artes y humanidades";"Ambos Sexos";"Exito"
"2019-2020";"93.33";"Total Artes y humanidades";"Ambos Sexos";"Exito"
"2018-2019";"93.43";"Total Artes y humanidades";"Ambos Sexos";"Exito"
"2017-2018";"91.84";"Total Artes y humanidades";"Ambos Sexos";"Exito"
"2016-2017";"91.68";"Total Artes y humanidades";"Ambos Sexos";"Exito"
"2015-2016";"91.49";"Total Artes y humanidades";"Ambos Sexos";"Exito"
"2022-2023";"89.75";"Técnicas audiovisuales y medios de comunicación";"Ambos Sexos";"Exito"
"2021-2022";"91.5";"Técnicas audiovisuales y medios de comunicación";"Ambos Sexos";"Exito"
"2020-2021";"93.57";"Técnicas audiovisuales y medios de comunicación";"Ambos Sexos";"Exito"
"2019-2020";"93.84";"Técnicas audiovisuales y medios de comunicación";"Ambos Sexos";"Exito"
"2018-2019";"92.88";"Técnicas audiovisuales y medios de comunicación";"Ambos Sexos";"Exito"
"2017-2018";"93.16";"Técnicas audiovisuales y medios de comunicación";"Ambos Sexos";"Exito"
"2016-2017";"92.27";"Técnicas audiovisuales y medios de comunicación";"Ambos Sexos";"Exito"
"2015-2016";"92.02";"Técnicas audiovisuales y medios de comunicación";"Ambos Sexos";"Exito"
"2022-2023";"..";"Artes";"Ambos Sexos";"Exito"
"2021-2022";"..";"Artes";"Ambos Sexos";"Exito"
"2020-2021";"..";"Artes";"Ambos Sexos";"Exito"
"2019-2020";"..";"Artes";"Ambos Sexos";"Exito"
"2018-2019";"..";"Artes";"Ambos Sexos";"Exito"
"2017-2018";"..";"Artes";"Ambos Sexos";"Exito"
"2016-2017";"..";"Artes";"Ambos Sexos";"Exito"
"2015-2016";"..";"Artes";"Ambos Sexos";"Exito"
"2022-2023";"95.01";"Lenguas";"Ambos Sexos";"Exito"
"2021-2022";"95.11";"Lenguas";"Ambos Sexos";"Exito"
"2020-2021";"93.79";"Lenguas";"Ambos Sexos";"Exito"
"2019-2020";"93.16";"Lenguas";"Ambos Sexos";"Exito"
"2018-2019";"94.88";"Lenguas";"Ambos Sexos";"Exito"
"2017-2018";"91.57";"Lenguas";"Ambos Sexos";"Exito"
"2016-2017";"91.98";"Lenguas";"Ambos Sexos";"Exito"
"2015-2016";"90.54";"Lenguas";"Ambos Sexos";"Exito"
"2022-2023";"92.04";"Humanidades";"Ambos Sexos";"Exito"
"2021-2022";"93.17";"Humanidades";"Ambos Sexos";"Exito"
"2020-2021";"93.52";"Humanidades";"Ambos Sexos";"Exito"
"2019-2020";"92.65";"Humanidades";"Ambos Sexos";"Exito"
"2018-2019";"93.29";"Humanidades";"Ambos Sexos";"Exito"
"2017-2018";"89.38";"Humanidades";"Ambos Sexos";"Exito"
"2016-2017";"89.99";"Humanidades";"Ambos Sexos";"Exito"
"2015-2016";"90.79";"Humanidades";"Ambos Sexos";"Exito"
"2022-2023";"85.27";"Total Ciencias sociales, periodismo y documentación";"Ambos Sexos";"Exito"
"2021-2022";"86.7";"Total Ciencias sociales, periodismo y documentación";"Ambos Sexos";"Exito"
"2020-2021";"89.53";"Total Ciencias sociales, periodismo y documentación";"Ambos Sexos";"Exito"
"2019-2020";"90.87";"Total Ciencias sociales, periodismo y documentación";"Ambos Sexos";"Exito"
"2018-2019";"87.79";"Total Ciencias sociales, periodismo y documentación";"Ambos Sexos";"Exito"
"2017-2018";"84.52";"Total Ciencias sociales, periodismo y documentación";"Ambos Sexos";"Exito"
"2016-2017";"86.52";"Total Ciencias sociales, periodismo y documentación";"Ambos Sexos";"Exito"
"2015-2016";"87.9";"Total Ciencias sociales, periodismo y documentación";"Ambos Sexos";"Exito"
"2022-2023";"..";"Psicología";"Ambos Sexos";"Exito"
"2021-2022";"..";"Psicología";"Ambos Sexos";"Exito"
"2020-2021";"..";"Psicología";"Ambos Sexos";"Exito"
"2019-2020";"..";"Psicología";"Ambos Sexos";"Exito"
"2018-2019";"..";"Psicología";"Ambos Sexos";"Exito"
"2017-2018";"..";"Psicología";"Ambos Sexos";"Exito"
"2016-2017";"..";"Psicología";"Ambos Sexos";"Exito"
"2015-2016";"..";"Psicología";"Ambos Sexos";"Exito"
"2022-2023";"..";"Economía";"Ambos Sexos";"Exito"
"2021-2022";"..";"Economía";"Ambos Sexos";"Exito"
"2020-2021";"..";"Economía";"Ambos Sexos";"Exito"
"2019-2020";"..";"Economía";"Ambos Sexos";"Exito"
"2018-2019";"..";"Economía";"Ambos Sexos";"Exito"
"2017-2018";"..";"Economía";"Ambos Sexos";"Exito"
"2016-2017";"..";"Economía";"Ambos Sexos";"Exito"
"2015-2016";"..";"Economía";"Ambos Sexos";"Exito"
"2022-2023";"85.27";"Otras Ciencias sociales y del comportamiento";"Ambos Sexos";"Exito"
"2021-2022";"86.7";"Otras Ciencias sociales y del comportamiento";"Ambos Sexos";"Exito"
"2020-2021";"89.53";"Otras Ciencias sociales y del comportamiento";"Ambos Sexos";"Exito"
"2019-2020";"90.87";"Otras Ciencias sociales y del comportamiento";"Ambos Sexos";"Exito"
"2018-2019";"87.79";"Otras Ciencias sociales y del comportamiento";"Ambos Sexos";"Exito"
"2017-2018";"84.52";"Otras Ciencias sociales y del comportamiento";"Ambos Sexos";"Exito"
"2016-2017";"86.52";"Otras Ciencias sociales y del comportamiento";"Ambos Sexos";"Exito"
"2015-2016";"87.9";"Otras Ciencias sociales y del comportamiento";"Ambos Sexos";"Exito"
"2022-2023";"..";"Periodismo e información";"Ambos Sexos";"Exito"
"2021-2022";"..";"Periodismo e información";"Ambos Sexos";"Exito"
"2020-2021";"..";"Periodismo e información";"Ambos Sexos";"Exito"
"2019-2020";"..";"Periodismo e información";"Ambos Sexos";"Exito"
"2018-2019";"..";"Periodismo e información";"Ambos Sexos";"Exito"
"2017-2018";"..";"Periodismo e información";"Ambos Sexos";"Exito"
"2016-2017";"..";"Periodismo e información";"Ambos Sexos";"Exito"
"2015-2016";"..";"Periodismo e información";"Ambos Sexos";"Exito"
"2022-2023";"78.62";"Total Negocios, administración y derecho";"Ambos Sexos";"Exito"
"2021-2022";"79.26";"Total Negocios, administración y derecho";"Ambos Sexos";"Exito"
"2020-2021";"81.89";"Total Negocios, administración y derecho";"Ambos Sexos";"Exito"
"2019-2020";"87.37";"Total Negocios, administración y derecho";"Ambos Sexos";"Exito"
"2018-2019";"81.75";"Total Negocios, administración y derecho";"Ambos Sexos";"Exito"
"2017-2018";"81.01";"Total Negocios, administración y derecho";"Ambos Sexos";"Exito"
"2016-2017";"81.34";"Total Negocios, administración y derecho";"Ambos Sexos";"Exito"
"2015-2016";"84.07";"Total Negocios, administración y derecho";"Ambos Sexos";"Exito"
"2022-2023";"73.51";"Administración y gestión de empresas";"Ambos Sexos";"Exito"
"2021-2022";"73.71";"Administración y gestión de empresas";"Ambos Sexos";"Exito"
"2020-2021";"80.84";"Administración y gestión de empresas";"Ambos Sexos";"Exito"
"2019-2020";"83.18";"Administración y gestión de empresas";"Ambos Sexos";"Exito"
"2018-2019";"79.79";"Administración y gestión de empresas";"Ambos Sexos";"Exito"
"2017-2018";"75.86";"Administración y gestión de empresas";"Ambos Sexos";"Exito"
"2016-2017";"78.99";"Administración y gestión de empresas";"Ambos Sexos";"Exito"
"2015-2016";"82.75";"Administración y gestión de empresas";"Ambos Sexos";"Exito"
"2022-2023";"73.65";"Otra Educación comercial y empresarial";"Ambos Sexos";"Exito"
"2021-2022";"73.01";"Otra Educación comercial y empresarial";"Ambos Sexos";"Exito"
"2020-2021";"75.69";"Otra Educación comercial y empresarial";"Ambos Sexos";"Exito"
"2019-2020";"81.69";"Otra Educación comercial y empresarial";"Ambos Sexos";"Exito"
"2018-2019";"77.41";"Otra Educación comercial y empresarial";"Ambos Sexos";"Exito"
"2017-2018";"82.36";"Otra Educación comercial y empresarial";"Ambos Sexos";"Exito"
"2016-2017";"80.81";"Otra Educación comercial y empresarial";"Ambos Sexos";"Exito"
"2015-2016";"84.68";"Otra Educación comercial y empresarial";"Ambos Sexos";"Exito"
"2022-2023";"81.9";"Derecho";"Ambos Sexos";"Exito"
"2021-2022";"82.83";"Derecho";"Ambos Sexos";"Exito"
"2020-2021";"83.42";"Derecho";"Ambos Sexos";"Exito"
"2019-2020";"90.37";"Derecho";"Ambos Sexos";"Exito"
"2018-2019";"83.65";"Derecho";"Ambos Sexos";"Exito"
"2017-2018";"83.99";"Derecho";"Ambos Sexos";"Exito"
"2016-2017";"83.09";"Derecho";"Ambos Sexos";"Exito"
"2015-2016";"84.96";"Derecho";"Ambos Sexos";"Exito"
"2022-2023";"71.4";"Total Ciencias";"Ambos Sexos";"Exito"
"2021-2022";"75.12";"Total Ciencias";"Ambos Sexos";"Exito"
"2020-2021";"77.22";"Total Ciencias";"Ambos Sexos";"Exito"
"2019-2020";"84.31";"Total Ciencias";"Ambos Sexos";"Exito"
"2018-2019";"78.53";"Total Ciencias";"Ambos Sexos";"Exito"
"2017-2018";"76.18";"Total Ciencias";"Ambos Sexos";"Exito"
"2016-2017";"71.86";"Total Ciencias";"Ambos Sexos";"Exito"
"2015-2016";"76.85";"Total Ciencias";"Ambos Sexos";"Exito"
"2022-2023";"..";"Ciencias de la vida";"Ambos Sexos";"Exito"
"2021-2022";"..";"Ciencias de la vida";"Ambos Sexos";"Exito"
"2020-2021";"..";"Ciencias de la vida";"Ambos Sexos";"Exito"
"2019-2020";"..";"Ciencias de la vida";"Ambos Sexos";"Exito"
"2018-2019";"..";"Ciencias de la vida";"Ambos Sexos";"Exito"
"2017-2018";"..";"Ciencias de la vida";"Ambos Sexos";"Exito"
"2016-2017";"..";"Ciencias de la vida";"Ambos Sexos";"Exito"
"2015-2016";"..";"Ciencias de la vida";"Ambos Sexos";"Exito"
"2022-2023";"71.4";"Ciencias Físicas, químicas, geológicas";"Ambos Sexos";"Exito"
"2021-2022";"75.12";"Ciencias Físicas, químicas, geológicas";"Ambos Sexos";"Exito"
"2020-2021";"77.22";"Ciencias Físicas, químicas, geológicas";"Ambos Sexos";"Exito"
"2019-2020";"84.31";"Ciencias Físicas, químicas, geológicas";"Ambos Sexos";"Exito"
"2018-2019";"78.53";"Ciencias Físicas, químicas, geológicas";"Ambos Sexos";"Exito"
"2017-2018";"76.18";"Ciencias Físicas, químicas, geológicas";"Ambos Sexos";"Exito"
"2016-2017";"71.86";"Ciencias Físicas, químicas, geológicas";"Ambos Sexos";"Exito"
"2015-2016";"76.85";"Ciencias Físicas, químicas, geológicas";"Ambos Sexos";"Exito"
"2022-2023";"..";"Matemáticas y Estadística";"Ambos Sexos";"Exito"
"2021-2022";"..";"Matemáticas y Estadística";"Ambos Sexos";"Exito"
"2020-2021";"..";"Matemáticas y Estadística";"Ambos Sexos";"Exito"
"2019-2020";"..";"Matemáticas y Estadística";"Ambos Sexos";"Exito"
"2018-2019";"..";"Matemáticas y Estadística";"Ambos Sexos";"Exito"
"2017-2018";"..";"Matemáticas y Estadística";"Ambos Sexos";"Exito"
"2016-2017";"..";"Matemáticas y Estadística";"Ambos Sexos";"Exito"
"2015-2016";"..";"Matemáticas y Estadística";"Ambos Sexos";"Exito"
"2022-2023";"78.1";"Total Informática";"Ambos Sexos";"Exito"
"2021-2022";"76.04";"Total Informática";"Ambos Sexos";"Exito"
"2020-2021";"77.35";"Total Informática";"Ambos Sexos";"Exito"
"2019-2020";"78.97";"Total Informática";"Ambos Sexos";"Exito"
"2018-2019";"74.0";"Total Informática";"Ambos Sexos";"Exito"
"2017-2018";"76.56";"Total Informática";"Ambos Sexos";"Exito"
"2016-2017";"72.98";"Total Informática";"Ambos Sexos";"Exito"
"2015-2016";"76.09";"Total Informática";"Ambos Sexos";"Exito"
"2022-2023";"78.1";"Informática";"Ambos Sexos";"Exito"
"2021-2022";"76.04";"Informática";"Ambos Sexos";"Exito"
"2020-2021";"77.35";"Informática";"Ambos Sexos";"Exito"
"2019-2020";"78.97";"Informática";"Ambos Sexos";"Exito"
"2018-2019";"74.0";"Informática";"Ambos Sexos";"Exito"
"2017-2018";"76.56";"Informática";"Ambos Sexos";"Exito"
"2016-2017";"72.98";"Informática";"Ambos Sexos";"Exito"
"2015-2016";"76.09";"Informática";"Ambos Sexos";"Exito"
"2022-2023";"79.22";"Total Ingeniería, industria y construcción";"Ambos Sexos";"Exito"
"2021-2022";"80.36";"Total Ingeniería, industria y construcción";"Ambos Sexos";"Exito"
"2020-2021";"80.06";"Total Ingeniería, industria y construcción";"Ambos Sexos";"Exito"
"2019-2020";"84.82";"Total Ingeniería, industria y construcción";"Ambos Sexos";"Exito"
"2018-2019";"79.92";"Total Ingeniería, industria y construcción";"Ambos Sexos";"Exito"
"2017-2018";"79.04";"Total Ingeniería, industria y construcción";"Ambos Sexos";"Exito"
"2016-2017";"77.96";"Total Ingeniería, industria y construcción";"Ambos Sexos";"Exito"
"2015-2016";"78.7";"Total Ingeniería, industria y construcción";"Ambos Sexos";"Exito"
"2022-2023";"80.11";"Ingenierías";"Ambos Sexos";"Exito"
"2021-2022";"81.57";"Ingenierías";"Ambos Sexos";"Exito"
"2020-2021";"80.34";"Ingenierías";"Ambos Sexos";"Exito"
"2019-2020";"84.24";"Ingenierías";"Ambos Sexos";"Exito"
"2018-2019";"78.66";"Ingenierías";"Ambos Sexos";"Exito"
"2017-2018";"77.84";"Ingenierías";"Ambos Sexos";"Exito"
"2016-2017";"77.44";"Ingenierías";"Ambos Sexos";"Exito"
"2015-2016";"77.9";"Ingenierías";"Ambos Sexos";"Exito"
"2022-2023";"74.94";"Arquitectura y construcción";"Ambos Sexos";"Exito"
"2021-2022";"74.09";"Arquitectura y construcción";"Ambos Sexos";"Exito"
"2020-2021";"78.45";"Arquitectura y construcción";"Ambos Sexos";"Exito"
"2019-2020";"88.26";"Arquitectura y construcción";"Ambos Sexos";"Exito"
"2018-2019";"86.92";"Arquitectura y construcción";"Ambos Sexos";"Exito"
"2017-2018";"84.29";"Arquitectura y construcción";"Ambos Sexos";"Exito"
"2016-2017";"79.78";"Arquitectura y construcción";"Ambos Sexos";"Exito"
"2015-2016";"80.89";"Arquitectura y construcción";"Ambos Sexos";"Exito"
"2022-2023";"77.07";"Total Agricultura, ganadería,  silvicultura, pesca, y veterinaria";"Ambos Sexos";"Exito"
"2021-2022";"79.58";"Total Agricultura, ganadería,  silvicultura, pesca, y veterinaria";"Ambos Sexos";"Exito"
"2020-2021";"82.11";"Total Agricultura, ganadería,  silvicultura, pesca, y veterinaria";"Ambos Sexos";"Exito"
"2019-2020";"87.12";"Total Agricultura, ganadería,  silvicultura, pesca, y veterinaria";"Ambos Sexos";"Exito"
"2018-2019";"79.72";"Total Agricultura, ganadería,  silvicultura, pesca, y veterinaria";"Ambos Sexos";"Exito"
"2017-2018";"80.43";"Total Agricultura, ganadería,  silvicultura, pesca, y veterinaria";"Ambos Sexos";"Exito"
"2016-2017";"83.41";"Total Agricultura, ganadería,  silvicultura, pesca, y veterinaria";"Ambos Sexos";"Exito"
"2015-2016";"87.95";"Total Agricultura, ganadería,  silvicultura, pesca, y veterinaria";"Ambos Sexos";"Exito"
"2022-2023";"77.07";"Agricultura, ganadería y pesca";"Ambos Sexos";"Exito"
"2021-2022";"79.58";"Agricultura, ganadería y pesca";"Ambos Sexos";"Exito"
"2020-2021";"82.11";"Agricultura, ganadería y pesca";"Ambos Sexos";"Exito"
"2019-2020";"87.12";"Agricultura, ganadería y pesca";"Ambos Sexos";"Exito"
"2018-2019";"79.72";"Agricultura, ganadería y pesca";"Ambos Sexos";"Exito"
"2017-2018";"80.43";"Agricultura, ganadería y pesca";"Ambos Sexos";"Exito"
"2016-2017";"83.41";"Agricultura, ganadería y pesca";"Ambos Sexos";"Exito"
"2015-2016";"87.95";"Agricultura, ganadería y pesca";"Ambos Sexos";"Exito"
"2022-2023";"..";"Veterinaria";"Ambos Sexos";"Exito"
"2021-2022";"..";"Veterinaria";"Ambos Sexos";"Exito"
"2020-2021";"..";"Veterinaria";"Ambos Sexos";"Exito"
"2019-2020";"..";"Veterinaria";"Ambos Sexos";"Exito"
"2018-2019";"..";"Veterinaria";"Ambos Sexos";"Exito"
"2017-2018";"..";"Veterinaria";"Ambos Sexos";"Exito"
"2016-2017";"..";"Veterinaria";"Ambos Sexos";"Exito"
"2015-2016";"..";"Veterinaria";"Ambos Sexos";"Exito"
"2022-2023";"91.21";"Total Salud y servicios sociales";"Ambos Sexos";"Exito"
"2021-2022";"91.92";"Total Salud y servicios sociales";"Ambos Sexos";"Exito"
"2020-2021";"93.22";"Total Salud y servicios sociales";"Ambos Sexos";"Exito"
"2019-2020";"93.3";"Total Salud y servicios sociales";"Ambos Sexos";"Exito"
"2018-2019";"92.87";"Total Salud y servicios sociales";"Ambos Sexos";"Exito"
"2017-2018";"94.62";"Total Salud y servicios sociales";"Ambos Sexos";"Exito"
"2016-2017";"95.53";"Total Salud y servicios sociales";"Ambos Sexos";"Exito"
"2015-2016";"96.22";"Total Salud y servicios sociales";"Ambos Sexos";"Exito"
"2022-2023";"..";"Medicina";"Ambos Sexos";"Exito"
"2021-2022";"..";"Medicina";"Ambos Sexos";"Exito"
"2020-2021";"..";"Medicina";"Ambos Sexos";"Exito"
"2019-2020";"..";"Medicina";"Ambos Sexos";"Exito"
"2018-2019";"..";"Medicina";"Ambos Sexos";"Exito"
"2017-2018";"..";"Medicina";"Ambos Sexos";"Exito"
"2016-2017";"..";"Medicina";"Ambos Sexos";"Exito"
"2015-2016";"..";"Medicina";"Ambos Sexos";"Exito"
"2022-2023";"95.57";"Enfermería y atención a enfermos";"Ambos Sexos";"Exito"
"2021-2022";"95.5";"Enfermería y atención a enfermos";"Ambos Sexos";"Exito"
"2020-2021";"95.21";"Enfermería y atención a enfermos";"Ambos Sexos";"Exito"
"2019-2020";"95.99";"Enfermería y atención a enfermos";"Ambos Sexos";"Exito"
"2018-2019";"95.36";"Enfermería y atención a enfermos";"Ambos Sexos";"Exito"
"2017-2018";"95.69";"Enfermería y atención a enfermos";"Ambos Sexos";"Exito"
"2016-2017";"96.4";"Enfermería y atención a enfermos";"Ambos Sexos";"Exito"
"2015-2016";"97.6";"Enfermería y atención a enfermos";"Ambos Sexos";"Exito"
"2022-2023";"88.2";"Otras ciencias de la Salud";"Ambos Sexos";"Exito"
"2021-2022";"89.42";"Otras ciencias de la Salud";"Ambos Sexos";"Exito"
"2020-2021";"91.62";"Otras ciencias de la Salud";"Ambos Sexos";"Exito"
"2019-2020";"90.93";"Otras ciencias de la Salud";"Ambos Sexos";"Exito"
"2018-2019";"90.5";"Otras ciencias de la Salud";"Ambos Sexos";"Exito"
"2017-2018";"93.7";"Otras ciencias de la Salud";"Ambos Sexos";"Exito"
"2016-2017";"94.8";"Otras ciencias de la Salud";"Ambos Sexos";"Exito"
"2015-2016";"95.04";"Otras ciencias de la Salud";"Ambos Sexos";"Exito"
"2022-2023";"..";"Trabajo social y orientación";"Ambos Sexos";"Exito"
"2021-2022";"..";"Trabajo social y orientación";"Ambos Sexos";"Exito"
"2020-2021";"..";"Trabajo social y orientación";"Ambos Sexos";"Exito"
"2019-2020";"..";"Trabajo social y orientación";"Ambos Sexos";"Exito"
"2018-2019";"..";"Trabajo social y orientación";"Ambos Sexos";"Exito"
"2017-2018";"..";"Trabajo social y orientación";"Ambos Sexos";"Exito"
"2016-2017";"..";"Trabajo social y orientación";"Ambos Sexos";"Exito"
"2015-2016";"..";"Trabajo social y orientación";"Ambos Sexos";"Exito"
"2022-2023";"89.74";"Total Servicios";"Ambos Sexos";"Exito"
"2021-2022";"90.52";"Total Servicios";"Ambos Sexos";"Exito"
"2020-2021";"89.58";"Total Servicios";"Ambos Sexos";"Exito"
"2019-2020";"92.49";"Total Servicios";"Ambos Sexos";"Exito"
"2018-2019";"90.28";"Total Servicios";"Ambos Sexos";"Exito"
"2017-2018";"88.4";"Total Servicios";"Ambos Sexos";"Exito"
"2016-2017";"88.97";"Total Servicios";"Ambos Sexos";"Exito"
"2015-2016";"89.88";"Total Servicios";"Ambos Sexos";"Exito"
"2022-2023";"..";"Deportes";"Ambos Sexos";"Exito"
"2021-2022";"..";"Deportes";"Ambos Sexos";"Exito"
"2020-2021";"..";"Deportes";"Ambos Sexos";"Exito"
"2019-2020";"..";"Deportes";"Ambos Sexos";"Exito"
"2018-2019";"..";"Deportes";"Ambos Sexos";"Exito"
"2017-2018";"..";"Deportes";"Ambos Sexos";"Exito"
"2016-2017";"..";"Deportes";"Ambos Sexos";"Exito"
"2015-2016";"..";"Deportes";"Ambos Sexos";"Exito"
"2022-2023";"89.74";"Turismo y Hostelería";"Ambos Sexos";"Exito"
"2021-2022";"90.52";"Turismo y Hostelería";"Ambos Sexos";"Exito"
"2020-2021";"89.58";"Turismo y Hostelería";"Ambos Sexos";"Exito"
"2019-2020";"92.49";"Turismo y Hostelería";"Ambos Sexos";"Exito"
"2018-2019";"90.28";"Turismo y Hostelería";"Ambos Sexos";"Exito"
"2017-2018";"88.4";"Turismo y Hostelería";"Ambos Sexos";"Exito"
"2016-2017";"88.97";"Turismo y Hostelería";"Ambos Sexos";"Exito"
"2015-2016";"89.88";"Turismo y Hostelería";"Ambos Sexos";"Exito"
"2022-2023";"..";"Otros Servicios";"Ambos Sexos";"Exito"
"2021-2022";"..";"Otros Servicios";"Ambos Sexos";"Exito"
"2020-2021";"..";"Otros Servicios";"Ambos Sexos";"Exito"
"2019-2020";"..";"Otros Servicios";"Ambos Sexos";"Exito"
"2018-2019";"..";"Otros Servicios";"Ambos Sexos";"Exito"
"2017-2018";"..";"Otros Servicios";"Ambos Sexos";"Exito"
"2016-2017";"..";"Otros Servicios";"Ambos Sexos";"Exito"
"2015-2016";"..";"Otros Servicios";"Ambos Sexos";"Exito"
"2022-2023";"???";"Burgos";"Ambos Sexos";"Evaluacion"
"2021-2022";"???";"Burgos";"Ambos Sexos";"Evaluacion"
"2020-2021";"???";"Burgos";"Ambos Sexos";"Evaluacion"
"2019-2020";"???";"Burgos";"Ambos Sexos";"Evaluacion"
"2018-2019";"???";"Burgos";"Ambos Sexos";"Evaluacion"
"2017-2018";"???";"Burgos";"Ambos Sexos";"Evaluacion"
"2016-2017";"???";"Burgos";"Ambos Sexos";"Evaluacion"
"2015-2016";"???";"Burgos";"Ambos Sexos";"Evaluacion"
"2022-2023";"90.93";"Todos los ámbitos";"Ambos Sexos";"Evaluacion"
"2021-2022";"90.12";"Todos los ámbitos";"Ambos Sexos";"Evaluacion"
"2020-2021";"91.35";"Todos los ámbitos";"Ambos Sexos";"Evaluacion"
"2019-2020";"92.89";"Todos los ámbitos";"Ambos Sexos";"Evaluacion"
"2018-2019";"92.39";"Todos los ámbitos";"Ambos Sexos";"Evaluacion"
"2017-2018";"93.64";"Todos los ámbitos";"Ambos Sexos";"Evaluacion"
"2016-2017";"94.01";"Todos los ámbitos";"Ambos Sexos";"Evaluacion"
"2015-2016";"94.19";"Todos los ámbitos";"Ambos Sexos";"Evaluacion"
"2022-2023";"96.78";"Total Educación";"Ambos Sexos";"Evaluacion"
"2021-2022";"96.62";"Total Educación";"Ambos Sexos";"Evaluacion"
"2020-2021";"97.17";"Total Educación";"Ambos Sexos";"Evaluacion"
"2019-2020";"97.31";"Total Educación";"Ambos Sexos";"Evaluacion"
"2018-2019";"96.52";"Total Educación";"Ambos Sexos";"Evaluacion"
"2017-2018";"96.76";"Total Educación";"Ambos Sexos";"Evaluacion"
"2016-2017";"97.1";"Total Educación";"Ambos Sexos";"Evaluacion"
"2015-2016";"96.78";"Total Educación";"Ambos Sexos";"Evaluacion"
"2022-2023";"95.99";"Formación de docentes de enseñanza infantil";"Ambos Sexos";"Evaluacion"
"2021-2022";"97.85";"Formación de docentes de enseñanza infantil";"Ambos Sexos";"Evaluacion"
"2020-2021";"97.11";"Formación de docentes de enseñanza infantil";"Ambos Sexos";"Evaluacion"
"2019-2020";"97.76";"Formación de docentes de enseñanza infantil";"Ambos Sexos";"Evaluacion"
"2018-2019";"97.24";"Formación de docentes de enseñanza infantil";"Ambos Sexos";"Evaluacion"
"2017-2018";"97.5";"Formación de docentes de enseñanza infantil";"Ambos Sexos";"Evaluacion"
"2016-2017";"98.25";"Formación de docentes de enseñanza infantil";"Ambos Sexos";"Evaluacion"
"2015-2016";"96.75";"Formación de docentes de enseñanza infantil";"Ambos Sexos";"Evaluacion"
"2022-2023";"97.59";"Formación de docentes de enseñanza primaria";"Ambos Sexos";"Evaluacion"
"2021-2022";"97.22";"Formación de docentes de enseñanza primaria";"Ambos Sexos";"Evaluacion"
"2020-2021";"97.34";"Formación de docentes de enseñanza primaria";"Ambos Sexos";"Evaluacion"
"2019-2020";"96.95";"Formación de docentes de enseñanza primaria";"Ambos Sexos";"Evaluacion"
"2018-2019";"95.2";"Formación de docentes de enseñanza primaria";"Ambos Sexos";"Evaluacion"
"2017-2018";"95.91";"Formación de docentes de enseñanza primaria";"Ambos Sexos";"Evaluacion"
"2016-2017";"95.98";"Formación de docentes de enseñanza primaria";"Ambos Sexos";"Evaluacion"
"2015-2016";"95.78";"Formación de docentes de enseñanza primaria";"Ambos Sexos";"Evaluacion"
"2022-2023";"96.3";"Otra Formación de personal docente y ciencias de la educación";"Ambos Sexos";"Evaluacion"
"2021-2022";"95.37";"Otra Formación de personal docente y ciencias de la educación";"Ambos Sexos";"Evaluacion"
"2020-2021";"97.02";"Otra Formación de personal docente y ciencias de la educación";"Ambos Sexos";"Evaluacion"
"2019-2020";"97.47";"Otra Formación de personal docente y ciencias de la educación";"Ambos Sexos";"Evaluacion"
"2018-2019";"97.44";"Otra Formación de personal docente y ciencias de la educación";"Ambos Sexos";"Evaluacion"
"2017-2018";"97.16";"Otra Formación de personal docente y ciencias de la educación";"Ambos Sexos";"Evaluacion"
"2016-2017";"97.65";"Otra Formación de personal docente y ciencias de la educación";"Ambos Sexos";"Evaluacion"
"2015-2016";"97.88";"Otra Formación de personal docente y ciencias de la educación";"Ambos Sexos";"Evaluacion"
"2022-2023";"87.1";"Total Artes y humanidades";"Ambos Sexos";"Evaluacion"
"2021-2022";"86.12";"Total Artes y humanidades";"Ambos Sexos";"Evaluacion"
"2020-2021";"87.41";"Total Artes y humanidades";"Ambos Sexos";"Evaluacion"
"2019-2020";"88.53";"Total Artes y humanidades";"Ambos Sexos";"Evaluacion"
"2018-2019";"89.48";"Total Artes y humanidades";"Ambos Sexos";"Evaluacion"
"2017-2018";"88.96";"Total Artes y humanidades";"Ambos Sexos";"Evaluacion"
"2016-2017";"91.23";"Total Artes y humanidades";"Ambos Sexos";"Evaluacion"
"2015-2016";"92.76";"Total Artes y humanidades";"Ambos Sexos";"Evaluacion"
"2022-2023";"94.9";"Técnicas audiovisuales y medios de comunicación";"Ambos Sexos";"Evaluacion"
"2021-2022";"95.38";"Técnicas audiovisuales y medios de comunicación";"Ambos Sexos";"Evaluacion"
"2020-2021";"95.77";"Técnicas audiovisuales y medios de comunicación";"Ambos Sexos";"Evaluacion"
"2019-2020";"96.59";"Técnicas audiovisuales y medios de comunicación";"Ambos Sexos";"Evaluacion"
"2018-2019";"97.07";"Técnicas audiovisuales y medios de comunicación";"Ambos Sexos";"Evaluacion"
"2017-2018";"95.64";"Técnicas audiovisuales y medios de comunicación";"Ambos Sexos";"Evaluacion"
"2016-2017";"96.14";"Técnicas audiovisuales y medios de comunicación";"Ambos Sexos";"Evaluacion"
"2015-2016";"95.83";"Técnicas audiovisuales y medios de comunicación";"Ambos Sexos";"Evaluacion"
"2022-2023";"..";"Artes";"Ambos Sexos";"Evaluacion"
"2021-2022";"..";"Artes";"Ambos Sexos";"Evaluacion"
"2020-2021";"..";"Artes";"Ambos Sexos";"Evaluacion"
"2019-2020";"..";"Artes";"Ambos Sexos";"Evaluacion"
"2018-2019";"..";"Artes";"Ambos Sexos";"Evaluacion"
"2017-2018";"..";"Artes";"Ambos Sexos";"Evaluacion"
"2016-2017";"..";"Artes";"Ambos Sexos";"Evaluacion"
"2015-2016";"..";"Artes";"Ambos Sexos";"Evaluacion"
"2022-2023";"84.95";"Lenguas";"Ambos Sexos";"Evaluacion"
"2021-2022";"81.62";"Lenguas";"Ambos Sexos";"Evaluacion"
"2020-2021";"80.34";"Lenguas";"Ambos Sexos";"Evaluacion"
"2019-2020";"80.89";"Lenguas";"Ambos Sexos";"Evaluacion"
"2018-2019";"82.34";"Lenguas";"Ambos Sexos";"Evaluacion"
"2017-2018";"79.71";"Lenguas";"Ambos Sexos";"Evaluacion"
"2016-2017";"83.23";"Lenguas";"Ambos Sexos";"Evaluacion"
"2015-2016";"87.52";"Lenguas";"Ambos Sexos";"Evaluacion"
"2022-2023";"81.72";"Humanidades";"Ambos Sexos";"Evaluacion"
"2021-2022";"81.14";"Humanidades";"Ambos Sexos";"Evaluacion"
"2020-2021";"84.1";"Humanidades";"Ambos Sexos";"Evaluacion"
"2019-2020";"83.64";"Humanidades";"Ambos Sexos";"Evaluacion"
"2018-2019";"83.4";"Humanidades";"Ambos Sexos";"Evaluacion"
"2017-2018";"84.18";"Humanidades";"Ambos Sexos";"Evaluacion"
"2016-2017";"86.61";"Humanidades";"Ambos Sexos";"Evaluacion"
"2015-2016";"89.2";"Humanidades";"Ambos Sexos";"Evaluacion"
"2022-2023";"74.04";"Total Ciencias sociales, periodismo y documentación";"Ambos Sexos";"Evaluacion"
"2021-2022";"80.29";"Total Ciencias sociales, periodismo y documentación";"Ambos Sexos";"Evaluacion"
"2020-2021";"77.38";"Total Ciencias sociales, periodismo y documentación";"Ambos Sexos";"Evaluacion"
"2019-2020";"80.54";"Total Ciencias sociales, periodismo y documentación";"Ambos Sexos";"Evaluacion"
"2018-2019";"77.15";"Total Ciencias sociales, periodismo y documentación";"Ambos Sexos";"Evaluacion"
"2017-2018";"82.03";"Total Ciencias sociales, periodismo y documentación";"Ambos Sexos";"Evaluacion"
"2016-2017";"84.26";"Total Ciencias sociales, periodismo y documentación";"Ambos Sexos";"Evaluacion"
"2015-2016";"82.58";"Total Ciencias sociales, periodismo y documentación";"Ambos Sexos";"Evaluacion"
"2022-2023";"..";"Psicología";"Ambos Sexos";"Evaluacion"
"2021-2022";"..";"Psicología";"Ambos Sexos";"Evaluacion"
"2020-2021";"..";"Psicología";"Ambos Sexos";"Evaluacion"
"2019-2020";"..";"Psicología";"Ambos Sexos";"Evaluacion"
"2018-2019";"..";"Psicología";"Ambos Sexos";"Evaluacion"
"2017-2018";"..";"Psicología";"Ambos Sexos";"Evaluacion"
"2016-2017";"..";"Psicología";"Ambos Sexos";"Evaluacion"
"2015-2016";"..";"Psicología";"Ambos Sexos";"Evaluacion"
"2022-2023";"..";"Economía";"Ambos Sexos";"Evaluacion"
"2021-2022";"..";"Economía";"Ambos Sexos";"Evaluacion"
"2020-2021";"..";"Economía";"Ambos Sexos";"Evaluacion"
"2019-2020";"..";"Economía";"Ambos Sexos";"Evaluacion"
"2018-2019";"..";"Economía";"Ambos Sexos";"Evaluacion"
"2017-2018";"..";"Economía";"Ambos Sexos";"Evaluacion"
"2016-2017";"..";"Economía";"Ambos Sexos";"Evaluacion"
"2015-2016";"..";"Economía";"Ambos Sexos";"Evaluacion"
"2022-2023";"74.04";"Otras Ciencias sociales y del comportamiento";"Ambos Sexos";"Evaluacion"
"2021-2022";"80.29";"Otras Ciencias sociales y del comportamiento";"Ambos Sexos";"Evaluacion"
"2020-2021";"77.38";"Otras Ciencias sociales y del comportamiento";"Ambos Sexos";"Evaluacion"
"2019-2020";"80.54";"Otras Ciencias sociales y del comportamiento";"Ambos Sexos";"Evaluacion"
"2018-2019";"77.15";"Otras Ciencias sociales y del comportamiento";"Ambos Sexos";"Evaluacion"
"2017-2018";"82.03";"Otras Ciencias sociales y del comportamiento";"Ambos Sexos";"Evaluacion"
"2016-2017";"84.26";"Otras Ciencias sociales y del comportamiento";"Ambos Sexos";"Evaluacion"
"2015-2016";"82.58";"Otras Ciencias sociales y del comportamiento";"Ambos Sexos";"Evaluacion"
"2022-2023";"..";"Periodismo e información";"Ambos Sexos";"Evaluacion"
"2021-2022";"..";"Periodismo e información";"Ambos Sexos";"Evaluacion"
"2020-2021";"..";"Periodismo e información";"Ambos Sexos";"Evaluacion"
"2019-2020";"..";"Periodismo e información";"Ambos Sexos";"Evaluacion"
"2018-2019";"..";"Periodismo e información";"Ambos Sexos";"Evaluacion"
"2017-2018";"..";"Periodismo e información";"Ambos Sexos";"Evaluacion"
"2016-2017";"..";"Periodismo e información";"Ambos Sexos";"Evaluacion"
"2015-2016";"..";"Periodismo e información";"Ambos Sexos";"Evaluacion"
"2022-2023";"89.34";"Total Negocios, administración y derecho";"Ambos Sexos";"Evaluacion"
"2021-2022";"87.81";"Total Negocios, administración y derecho";"Ambos Sexos";"Evaluacion"
"2020-2021";"89.74";"Total Negocios, administración y derecho";"Ambos Sexos";"Evaluacion"
"2019-2020";"92.71";"Total Negocios, administración y derecho";"Ambos Sexos";"Evaluacion"
"2018-2019";"91.86";"Total Negocios, administración y derecho";"Ambos Sexos";"Evaluacion"
"2017-2018";"93.38";"Total Negocios, administración y derecho";"Ambos Sexos";"Evaluacion"
"2016-2017";"93.08";"Total Negocios, administración y derecho";"Ambos Sexos";"Evaluacion"
"2015-2016";"93.9";"Total Negocios, administración y derecho";"Ambos Sexos";"Evaluacion"
"2022-2023";"88.46";"Administración y gestión de empresas";"Ambos Sexos";"Evaluacion"
"2021-2022";"87.94";"Administración y gestión de empresas";"Ambos Sexos";"Evaluacion"
"2020-2021";"87.73";"Administración y gestión de empresas";"Ambos Sexos";"Evaluacion"
"2019-2020";"90.8";"Administración y gestión de empresas";"Ambos Sexos";"Evaluacion"
"2018-2019";"90.22";"Administración y gestión de empresas";"Ambos Sexos";"Evaluacion"
"2017-2018";"92.53";"Administración y gestión de empresas";"Ambos Sexos";"Evaluacion"
"2016-2017";"93.21";"Administración y gestión de empresas";"Ambos Sexos";"Evaluacion"
"2015-2016";"93.76";"Administración y gestión de empresas";"Ambos Sexos";"Evaluacion"
"2022-2023";"84.33";"Otra Educación comercial y empresarial";"Ambos Sexos";"Evaluacion"
"2021-2022";"79.91";"Otra Educación comercial y empresarial";"Ambos Sexos";"Evaluacion"
"2020-2021";"88.58";"Otra Educación comercial y empresarial";"Ambos Sexos";"Evaluacion"
"2019-2020";"91.28";"Otra Educación comercial y empresarial";"Ambos Sexos";"Evaluacion"
"2018-2019";"92.2";"Otra Educación comercial y empresarial";"Ambos Sexos";"Evaluacion"
"2017-2018";"93.78";"Otra Educación comercial y empresarial";"Ambos Sexos";"Evaluacion"
"2016-2017";"91.9";"Otra Educación comercial y empresarial";"Ambos Sexos";"Evaluacion"
"2015-2016";"91.71";"Otra Educación comercial y empresarial";"Ambos Sexos";"Evaluacion"
"2022-2023";"90.54";"Derecho";"Ambos Sexos";"Evaluacion"
"2021-2022";"89.03";"Derecho";"Ambos Sexos";"Evaluacion"
"2020-2021";"91.02";"Derecho";"Ambos Sexos";"Evaluacion"
"2019-2020";"93.95";"Derecho";"Ambos Sexos";"Evaluacion"
"2018-2019";"92.77";"Derecho";"Ambos Sexos";"Evaluacion"
"2017-2018";"93.84";"Derecho";"Ambos Sexos";"Evaluacion"
"2016-2017";"93.25";"Derecho";"Ambos Sexos";"Evaluacion"
"2015-2016";"94.58";"Derecho";"Ambos Sexos";"Evaluacion"
"2022-2023";"92.62";"Total Ciencias";"Ambos Sexos";"Evaluacion"
"2021-2022";"92.66";"Total Ciencias";"Ambos Sexos";"Evaluacion"
"2020-2021";"94.03";"Total Ciencias";"Ambos Sexos";"Evaluacion"
"2019-2020";"93.71";"Total Ciencias";"Ambos Sexos";"Evaluacion"
"2018-2019";"92.47";"Total Ciencias";"Ambos Sexos";"Evaluacion"
"2017-2018";"96.04";"Total Ciencias";"Ambos Sexos";"Evaluacion"
"2016-2017";"93.86";"Total Ciencias";"Ambos Sexos";"Evaluacion"
"2015-2016";"94.74";"Total Ciencias";"Ambos Sexos";"Evaluacion"
"2022-2023";"..";"Ciencias de la vida";"Ambos Sexos";"Evaluacion"
"2021-2022";"..";"Ciencias de la vida";"Ambos Sexos";"Evaluacion"
"2020-2021";"..";"Ciencias de la vida";"Ambos Sexos";"Evaluacion"
"2019-2020";"..";"Ciencias de la vida";"Ambos Sexos";"Evaluacion"
"2018-2019";"..";"Ciencias de la vida";"Ambos Sexos";"Evaluacion"
"2017-2018";"..";"Ciencias de la vida";"Ambos Sexos";"Evaluacion"
"2016-2017";"..";"Ciencias de la vida";"Ambos Sexos";"Evaluacion"
"2015-2016";"..";"Ciencias de la vida";"Ambos Sexos";"Evaluacion"
"2022-2023";"92.62";"Ciencias Físicas, químicas, geológicas";"Ambos Sexos";"Evaluacion"
"2021-2022";"92.66";"Ciencias Físicas, químicas, geológicas";"Ambos Sexos";"Evaluacion"
"2020-2021";"94.03";"Ciencias Físicas, químicas, geológicas";"Ambos Sexos";"Evaluacion"
"2019-2020";"93.71";"Ciencias Físicas, químicas, geológicas";"Ambos Sexos";"Evaluacion"
"2018-2019";"92.47";"Ciencias Físicas, químicas, geológicas";"Ambos Sexos";"Evaluacion"
"2017-2018";"96.04";"Ciencias Físicas, químicas, geológicas";"Ambos Sexos";"Evaluacion"
"2016-2017";"93.86";"Ciencias Físicas, químicas, geológicas";"Ambos Sexos";"Evaluacion"
"2015-2016";"94.74";"Ciencias Físicas, químicas, geológicas";"Ambos Sexos";"Evaluacion"
"2022-2023";"..";"Matemáticas y Estadística";"Ambos Sexos";"Evaluacion"
"2021-2022";"..";"Matemáticas y Estadística";"Ambos Sexos";"Evaluacion"
"2020-2021";"..";"Matemáticas y Estadística";"Ambos Sexos";"Evaluacion"
"2019-2020";"..";"Matemáticas y Estadística";"Ambos Sexos";"Evaluacion"
"2018-2019";"..";"Matemáticas y Estadística";"Ambos Sexos";"Evaluacion"
"2017-2018";"..";"Matemáticas y Estadística";"Ambos Sexos";"Evaluacion"
"2016-2017";"..";"Matemáticas y Estadística";"Ambos Sexos";"Evaluacion"
"2015-2016";"..";"Matemáticas y Estadística";"Ambos Sexos";"Evaluacion"
"2022-2023";"85.39";"Total Informática";"Ambos Sexos";"Evaluacion"
"2021-2022";"82.82";"Total Informática";"Ambos Sexos";"Evaluacion"
"2020-2021";"83.73";"Total Informática";"Ambos Sexos";"Evaluacion"
"2019-2020";"83.02";"Total Informática";"Ambos Sexos";"Evaluacion"
"2018-2019";"84.03";"Total Informática";"Ambos Sexos";"Evaluacion"
"2017-2018";"88.44";"Total Informática";"Ambos Sexos";"Evaluacion"
"2016-2017";"89.42";"Total Informática";"Ambos Sexos";"Evaluacion"
"2015-2016";"89.46";"Total Informática";"Ambos Sexos";"Evaluacion"
"2022-2023";"85.39";"Informática";"Ambos Sexos";"Evaluacion"
"2021-2022";"82.82";"Informática";"Ambos Sexos";"Evaluacion"
"2020-2021";"83.73";"Informática";"Ambos Sexos";"Evaluacion"
"2019-2020";"83.02";"Informática";"Ambos Sexos";"Evaluacion"
"2018-2019";"84.03";"Informática";"Ambos Sexos";"Evaluacion"
"2017-2018";"88.44";"Informática";"Ambos Sexos";"Evaluacion"
"2016-2017";"89.42";"Informática";"Ambos Sexos";"Evaluacion"
"2015-2016";"89.46";"Informática";"Ambos Sexos";"Evaluacion"
"2022-2023";"89.44";"Total Ingeniería, industria y construcción";"Ambos Sexos";"Evaluacion"
"2021-2022";"87.64";"Total Ingeniería, industria y construcción";"Ambos Sexos";"Evaluacion"
"2020-2021";"89.94";"Total Ingeniería, industria y construcción";"Ambos Sexos";"Evaluacion"
"2019-2020";"93.68";"Total Ingeniería, industria y construcción";"Ambos Sexos";"Evaluacion"
"2018-2019";"92.12";"Total Ingeniería, industria y construcción";"Ambos Sexos";"Evaluacion"
"2017-2018";"93.72";"Total Ingeniería, industria y construcción";"Ambos Sexos";"Evaluacion"
"2016-2017";"93.18";"Total Ingeniería, industria y construcción";"Ambos Sexos";"Evaluacion"
"2015-2016";"92.64";"Total Ingeniería, industria y construcción";"Ambos Sexos";"Evaluacion"
"2022-2023";"91.43";"Ingenierías";"Ambos Sexos";"Evaluacion"
"2021-2022";"90.22";"Ingenierías";"Ambos Sexos";"Evaluacion"
"2020-2021";"91.95";"Ingenierías";"Ambos Sexos";"Evaluacion"
"2019-2020";"94.73";"Ingenierías";"Ambos Sexos";"Evaluacion"
"2018-2019";"93.34";"Ingenierías";"Ambos Sexos";"Evaluacion"
"2017-2018";"94.68";"Ingenierías";"Ambos Sexos";"Evaluacion"
"2016-2017";"94.54";"Ingenierías";"Ambos Sexos";"Evaluacion"
"2015-2016";"94.12";"Ingenierías";"Ambos Sexos";"Evaluacion"
"2022-2023";"80.97";"Arquitectura y construcción";"Ambos Sexos";"Evaluacion"
"2021-2022";"76.31";"Arquitectura y construcción";"Ambos Sexos";"Evaluacion"
"2020-2021";"80.03";"Arquitectura y construcción";"Ambos Sexos";"Evaluacion"
"2019-2020";"87.87";"Arquitectura y construcción";"Ambos Sexos";"Evaluacion"
"2018-2019";"85.87";"Arquitectura y construcción";"Ambos Sexos";"Evaluacion"
"2017-2018";"89.7";"Arquitectura y construcción";"Ambos Sexos";"Evaluacion"
"2016-2017";"88.76";"Arquitectura y construcción";"Ambos Sexos";"Evaluacion"
"2015-2016";"88.83";"Arquitectura y construcción";"Ambos Sexos";"Evaluacion"
"2022-2023";"90.81";"Total Agricultura, ganadería,  silvicultura, pesca, y veterinaria";"Ambos Sexos";"Evaluacion"
"2021-2022";"91.23";"Total Agricultura, ganadería,  silvicultura, pesca, y veterinaria";"Ambos Sexos";"Evaluacion"
"2020-2021";"91.21";"Total Agricultura, ganadería,  silvicultura, pesca, y veterinaria";"Ambos Sexos";"Evaluacion"
"2019-2020";"92.78";"Total Agricultura, ganadería,  silvicultura, pesca, y veterinaria";"Ambos Sexos";"Evaluacion"
"2018-2019";"94.6";"Total Agricultura, ganadería,  silvicultura, pesca, y veterinaria";"Ambos Sexos";"Evaluacion"
"2017-2018";"95.44";"Total Agricultura, ganadería,  silvicultura, pesca, y veterinaria";"Ambos Sexos";"Evaluacion"
"2016-2017";"96.94";"Total Agricultura, ganadería,  silvicultura, pesca, y veterinaria";"Ambos Sexos";"Evaluacion"
"2015-2016";"94.12";"Total Agricultura, ganadería,  silvicultura, pesca, y veterinaria";"Ambos Sexos";"Evaluacion"
"2022-2023";"90.81";"Agricultura, ganadería y pesca";"Ambos Sexos";"Evaluacion"
"2021-2022";"91.23";"Agricultura, ganadería y pesca";"Ambos Sexos";"Evaluacion"
"2020-2021";"91.21";"Agricultura, ganadería y pesca";"Ambos Sexos";"Evaluacion"
"2019-2020";"92.78";"Agricultura, ganadería y pesca";"Ambos Sexos";"Evaluacion"
"2018-2019";"94.6";"Agricultura, ganadería y pesca";"Ambos Sexos";"Evaluacion"
"2017-2018";"95.44";"Agricultura, ganadería y pesca";"Ambos Sexos";"Evaluacion"
"2016-2017";"96.94";"Agricultura, ganadería y pesca";"Ambos Sexos";"Evaluacion"
"2015-2016";"94.12";"Agricultura, ganadería y pesca";"Ambos Sexos";"Evaluacion"
"2022-2023";"..";"Veterinaria";"Ambos Sexos";"Evaluacion"
"2021-2022";"..";"Veterinaria";"Ambos Sexos";"Evaluacion"
"2020-2021";"..";"Veterinaria";"Ambos Sexos";"Evaluacion"
"2019-2020";"..";"Veterinaria";"Ambos Sexos";"Evaluacion"
"2018-2019";"..";"Veterinaria";"Ambos Sexos";"Evaluacion"
"2017-2018";"..";"Veterinaria";"Ambos Sexos";"Evaluacion"
"2016-2017";"..";"Veterinaria";"Ambos Sexos";"Evaluacion"
"2015-2016";"..";"Veterinaria";"Ambos Sexos";"Evaluacion"
"2022-2023";"97.9";"Total Salud y servicios sociales";"Ambos Sexos";"Evaluacion"
"2021-2022";"98.32";"Total Salud y servicios sociales";"Ambos Sexos";"Evaluacion"
"2020-2021";"98.15";"Total Salud y servicios sociales";"Ambos Sexos";"Evaluacion"
"2019-2020";"98.31";"Total Salud y servicios sociales";"Ambos Sexos";"Evaluacion"
"2018-2019";"98.45";"Total Salud y servicios sociales";"Ambos Sexos";"Evaluacion"
"2017-2018";"98.4";"Total Salud y servicios sociales";"Ambos Sexos";"Evaluacion"
"2016-2017";"98.69";"Total Salud y servicios sociales";"Ambos Sexos";"Evaluacion"
"2015-2016";"99.21";"Total Salud y servicios sociales";"Ambos Sexos";"Evaluacion"
"2022-2023";"..";"Medicina";"Ambos Sexos";"Evaluacion"
"2021-2022";"..";"Medicina";"Ambos Sexos";"Evaluacion"
"2020-2021";"..";"Medicina";"Ambos Sexos";"Evaluacion"
"2019-2020";"..";"Medicina";"Ambos Sexos";"Evaluacion"
"2018-2019";"..";"Medicina";"Ambos Sexos";"Evaluacion"
"2017-2018";"..";"Medicina";"Ambos Sexos";"Evaluacion"
"2016-2017";"..";"Medicina";"Ambos Sexos";"Evaluacion"
"2015-2016";"..";"Medicina";"Ambos Sexos";"Evaluacion"
"2022-2023";"98.39";"Enfermería y atención a enfermos";"Ambos Sexos";"Evaluacion"
"2021-2022";"98.61";"Enfermería y atención a enfermos";"Ambos Sexos";"Evaluacion"
"2020-2021";"98.82";"Enfermería y atención a enfermos";"Ambos Sexos";"Evaluacion"
"2019-2020";"98.67";"Enfermería y atención a enfermos";"Ambos Sexos";"Evaluacion"
"2018-2019";"98.93";"Enfermería y atención a enfermos";"Ambos Sexos";"Evaluacion"
"2017-2018";"98.1";"Enfermería y atención a enfermos";"Ambos Sexos";"Evaluacion"
"2016-2017";"98.98";"Enfermería y atención a enfermos";"Ambos Sexos";"Evaluacion"
"2015-2016";"99.54";"Enfermería y atención a enfermos";"Ambos Sexos";"Evaluacion"
"2022-2023";"97.56";"Otras ciencias de la Salud";"Ambos Sexos";"Evaluacion"
"2021-2022";"98.12";"Otras ciencias de la Salud";"Ambos Sexos";"Evaluacion"
"2020-2021";"97.62";"Otras ciencias de la Salud";"Ambos Sexos";"Evaluacion"
"2019-2020";"97.99";"Otras ciencias de la Salud";"Ambos Sexos";"Evaluacion"
"2018-2019";"97.99";"Otras ciencias de la Salud";"Ambos Sexos";"Evaluacion"
"2017-2018";"98.66";"Otras ciencias de la Salud";"Ambos Sexos";"Evaluacion"
"2016-2017";"98.45";"Otras ciencias de la Salud";"Ambos Sexos";"Evaluacion"
"2015-2016";"98.92";"Otras ciencias de la Salud";"Ambos Sexos";"Evaluacion"
"2022-2023";"..";"Trabajo social y orientación";"Ambos Sexos";"Evaluacion"
"2021-2022";"..";"Trabajo social y orientación";"Ambos Sexos";"Evaluacion"
"2020-2021";"..";"Trabajo social y orientación";"Ambos Sexos";"Evaluacion"
"2019-2020";"..";"Trabajo social y orientación";"Ambos Sexos";"Evaluacion"
"2018-2019";"..";"Trabajo social y orientación";"Ambos Sexos";"Evaluacion"
"2017-2018";"..";"Trabajo social y orientación";"Ambos Sexos";"Evaluacion"
"2016-2017";"..";"Trabajo social y orientación";"Ambos Sexos";"Evaluacion"
"2015-2016";"..";"Trabajo social y orientación";"Ambos Sexos";"Evaluacion"
"2022-2023";"85.5";"Total Servicios";"Ambos Sexos";"Evaluacion"
"2021-2022";"86.4";"Total Servicios";"Ambos Sexos";"Evaluacion"
"2020-2021";"91.13";"Total Servicios";"Ambos Sexos";"Evaluacion"
"2019-2020";"85.53";"Total Servicios";"Ambos Sexos";"Evaluacion"
"2018-2019";"87.46";"Total Servicios";"Ambos Sexos";"Evaluacion"
"2017-2018";"91.75";"Total Servicios";"Ambos Sexos";"Evaluacion"
"2016-2017";"93.33";"Total Servicios";"Ambos Sexos";"Evaluacion"
"2015-2016";"92.12";"Total Servicios";"Ambos Sexos";"Evaluacion"
"2022-2023";"..";"Deportes";"Ambos Sexos";"Evaluacion"
"2021-2022";"..";"Deportes";"Ambos Sexos";"Evaluacion"
"2020-2021";"..";"Deportes";"Ambos Sexos";"Evaluacion"
"2019-2020";"..";"Deportes";"Ambos Sexos";"Evaluacion"
"2018-2019";"..";"Deportes";"Ambos Sexos";"Evaluacion"
"2017-2018";"..";"Deportes";"Ambos Sexos";"Evaluacion"
"2016-2017";"..";"Deportes";"Ambos Sexos";"Evaluacion"
"2015-2016";"..";"Deportes";"Ambos Sexos";"Evaluacion"
"2022-2023";"85.5";"Turismo y Hostelería";"Ambos Sexos";"Evaluacion"
"2021-2022";"86.4";"Turismo y Hostelería";"Ambos Sexos";"Evaluacion"
"2020-2021";"91.13";"Turismo y Hostelería";"Ambos Sexos";"Evaluacion"
"2019-2020";"85.53";"Turismo y Hostelería";"Ambos Sexos";"Evaluacion"
"2018-2019";"87.46";"Turismo y Hostelería";"Ambos Sexos";"Evaluacion"
"2017-2018";"91.75";"Turismo y Hostelería";"Ambos Sexos";"Evaluacion"
"2016-2017";"93.33";"Turismo y Hostelería";"Ambos Sexos";"Evaluacion"
"2015-2016";"92.12";"Turismo y Hostelería";"Ambos Sexos";"Evaluacion"
"2022-2023";"..";"Otros Servicios";"Ambos Sexos";"Evaluacion"
"2021-2022";"..";"Otros Servicios";"Ambos Sexos";"Evaluacion"
"2020-2021";"..";"Otros Servicios";"Ambos Sexos";"Evaluacion"
"2019-2020";"..";"Otros Servicios";"Ambos Sexos";"Evaluacion"
"2018-2019";"..";"Otros Servicios";"Ambos Sexos";"Evaluacion"
"2017-2018";"..";"Otros Servicios";"Ambos Sexos";"Evaluacion"
"2016-2017";"..";"Otros Servicios";"Ambos Sexos";"Evaluacion"
"2015-2016";"..";"Otros Servicios";"Ambos Sexos";"Evaluacion"
"2022-2023";"???";"Burgos";"Hombres";"Rendimiento"
"2021-2022";"???";"Burgos";"Hombres";"Rendimiento"
"2020-2021";"???";"Burgos";"Hombres";"Rendimiento"
"2019-2020";"???";"Burgos";"Hombres";"Rendimiento"
"2018-2019";"???";"Burgos";"Hombres";"Rendimiento"
"2017-2018";"???";"Burgos";"Hombres";"Rendimiento"
"2016-2017";"???";"Burgos";"Hombres";"Rendimiento"
"2015-2016";"???";"Burgos";"Hombres";"Rendimiento"
"2022-2023";"72.53";"Todos los ámbitos";"Hombres";"Rendimiento"
"2021-2022";"71.65";"Todos los ámbitos";"Hombres";"Rendimiento"
"2020-2021";"73.94";"Todos los ámbitos";"Hombres";"Rendimiento"
"2019-2020";"77.84";"Todos los ámbitos";"Hombres";"Rendimiento"
"2018-2019";"74.35";"Todos los ámbitos";"Hombres";"Rendimiento"
"2017-2018";"74.63";"Todos los ámbitos";"Hombres";"Rendimiento"
"2016-2017";"74.07";"Todos los ámbitos";"Hombres";"Rendimiento"
"2015-2016";"75.32";"Todos los ámbitos";"Hombres";"Rendimiento"
"2022-2023";"85.22";"Total Educación";"Hombres";"Rendimiento"
"2021-2022";"86.38";"Total Educación";"Hombres";"Rendimiento"
"2020-2021";"87.95";"Total Educación";"Hombres";"Rendimiento"
"2019-2020";"87.85";"Total Educación";"Hombres";"Rendimiento"
"2018-2019";"85.72";"Total Educación";"Hombres";"Rendimiento"
"2017-2018";"84.42";"Total Educación";"Hombres";"Rendimiento"
"2016-2017";"83.28";"Total Educación";"Hombres";"Rendimiento"
"2015-2016";"83.69";"Total Educación";"Hombres";"Rendimiento"
"2022-2023";"87.42";"Formación de docentes de enseñanza infantil";"Hombres";"Rendimiento"
"2021-2022";"..";"Formación de docentes de enseñanza infantil";"Hombres";"Rendimiento"
"2020-2021";"..";"Formación de docentes de enseñanza infantil";"Hombres";"Rendimiento"
"2019-2020";"85.58";"Formación de docentes de enseñanza infantil";"Hombres";"Rendimiento"
"2018-2019";"87.86";"Formación de docentes de enseñanza infantil";"Hombres";"Rendimiento"
"2017-2018";"..";"Formación de docentes de enseñanza infantil";"Hombres";"Rendimiento"
"2016-2017";"87.02";"Formación de docentes de enseñanza infantil";"Hombres";"Rendimiento"
"2015-2016";"..";"Formación de docentes de enseñanza infantil";"Hombres";"Rendimiento"
"2022-2023";"87.41";"Formación de docentes de enseñanza primaria";"Hombres";"Rendimiento"
"2021-2022";"88.54";"Formación de docentes de enseñanza primaria";"Hombres";"Rendimiento"
"2020-2021";"90.3";"Formación de docentes de enseñanza primaria";"Hombres";"Rendimiento"
"2019-2020";"89.42";"Formación de docentes de enseñanza primaria";"Hombres";"Rendimiento"
"2018-2019";"83.99";"Formación de docentes de enseñanza primaria";"Hombres";"Rendimiento"
"2017-2018";"84.21";"Formación de docentes de enseñanza primaria";"Hombres";"Rendimiento"
"2016-2017";"80.78";"Formación de docentes de enseñanza primaria";"Hombres";"Rendimiento"
"2015-2016";"80.95";"Formación de docentes de enseñanza primaria";"Hombres";"Rendimiento"
"2022-2023";"75.11";"Otra Formación de personal docente y ciencias de la educación";"Hombres";"Rendimiento"
"2021-2022";"79.04";"Otra Formación de personal docente y ciencias de la educación";"Hombres";"Rendimiento"
"2020-2021";"81.78";"Otra Formación de personal docente y ciencias de la educación";"Hombres";"Rendimiento"
"2019-2020";"84.22";"Otra Formación de personal docente y ciencias de la educación";"Hombres";"Rendimiento"
"2018-2019";"89.31";"Otra Formación de personal docente y ciencias de la educación";"Hombres";"Rendimiento"
"2017-2018";"85.53";"Otra Formación de personal docente y ciencias de la educación";"Hombres";"Rendimiento"
"2016-2017";"87.9";"Otra Formación de personal docente y ciencias de la educación";"Hombres";"Rendimiento"
"2015-2016";"90.94";"Otra Formación de personal docente y ciencias de la educación";"Hombres";"Rendimiento"
"2022-2023";"77.9";"Total Artes y humanidades";"Hombres";"Rendimiento"
"2021-2022";"77.03";"Total Artes y humanidades";"Hombres";"Rendimiento"
"2020-2021";"79.87";"Total Artes y humanidades";"Hombres";"Rendimiento"
"2019-2020";"81.47";"Total Artes y humanidades";"Hombres";"Rendimiento"
"2018-2019";"82.08";"Total Artes y humanidades";"Hombres";"Rendimiento"
"2017-2018";"78.97";"Total Artes y humanidades";"Hombres";"Rendimiento"
"2016-2017";"80.16";"Total Artes y humanidades";"Hombres";"Rendimiento"
"2015-2016";"81.68";"Total Artes y humanidades";"Hombres";"Rendimiento"
"2022-2023";"82.53";"Técnicas audiovisuales y medios de comunicación";"Hombres";"Rendimiento"
"2021-2022";"84.99";"Técnicas audiovisuales y medios de comunicación";"Hombres";"Rendimiento"
"2020-2021";"87.93";"Técnicas audiovisuales y medios de comunicación";"Hombres";"Rendimiento"
"2019-2020";"91.02";"Técnicas audiovisuales y medios de comunicación";"Hombres";"Rendimiento"
"2018-2019";"89.82";"Técnicas audiovisuales y medios de comunicación";"Hombres";"Rendimiento"
"2017-2018";"86.27";"Técnicas audiovisuales y medios de comunicación";"Hombres";"Rendimiento"
"2016-2017";"86.5";"Técnicas audiovisuales y medios de comunicación";"Hombres";"Rendimiento"
"2015-2016";"85.28";"Técnicas audiovisuales y medios de comunicación";"Hombres";"Rendimiento"
"2022-2023";"..";"Artes";"Hombres";"Rendimiento"
"2021-2022";"..";"Artes";"Hombres";"Rendimiento"
"2020-2021";"..";"Artes";"Hombres";"Rendimiento"
"2019-2020";"..";"Artes";"Hombres";"Rendimiento"
"2018-2019";"..";"Artes";"Hombres";"Rendimiento"
"2017-2018";"..";"Artes";"Hombres";"Rendimiento"
"2016-2017";"..";"Artes";"Hombres";"Rendimiento"
"2015-2016";"..";"Artes";"Hombres";"Rendimiento"
"2022-2023";"77.92";"Lenguas";"Hombres";"Rendimiento"
"2021-2022";"71.8";"Lenguas";"Hombres";"Rendimiento"
"2020-2021";"69.21";"Lenguas";"Hombres";"Rendimiento"
"2019-2020";"68.03";"Lenguas";"Hombres";"Rendimiento"
"2018-2019";"73.97";"Lenguas";"Hombres";"Rendimiento"
"2017-2018";"69.98";"Lenguas";"Hombres";"Rendimiento"
"2016-2017";"68.84";"Lenguas";"Hombres";"Rendimiento"
"2015-2016";"72.94";"Lenguas";"Hombres";"Rendimiento"
"2022-2023";"74.63";"Humanidades";"Hombres";"Rendimiento"
"2021-2022";"73.85";"Humanidades";"Hombres";"Rendimiento"
"2020-2021";"78.53";"Humanidades";"Hombres";"Rendimiento"
"2019-2020";"77.77";"Humanidades";"Hombres";"Rendimiento"
"2018-2019";"77.5";"Humanidades";"Hombres";"Rendimiento"
"2017-2018";"73.25";"Humanidades";"Hombres";"Rendimiento"
"2016-2017";"75.29";"Humanidades";"Hombres";"Rendimiento"
"2015-2016";"79.5";"Humanidades";"Hombres";"Rendimiento"
"2022-2023";"63.26";"Total Ciencias sociales, periodismo y documentación";"Hombres";"Rendimiento"
"2021-2022";"66.82";"Total Ciencias sociales, periodismo y documentación";"Hombres";"Rendimiento"
"2020-2021";"68.97";"Total Ciencias sociales, periodismo y documentación";"Hombres";"Rendimiento"
"2019-2020";"69.69";"Total Ciencias sociales, periodismo y documentación";"Hombres";"Rendimiento"
"2018-2019";"63.69";"Total Ciencias sociales, periodismo y documentación";"Hombres";"Rendimiento"
"2017-2018";"65.38";"Total Ciencias sociales, periodismo y documentación";"Hombres";"Rendimiento"
"2016-2017";"70.59";"Total Ciencias sociales, periodismo y documentación";"Hombres";"Rendimiento"
"2015-2016";"69.81";"Total Ciencias sociales, periodismo y documentación";"Hombres";"Rendimiento"
"2022-2023";"..";"Psicología";"Hombres";"Rendimiento"
"2021-2022";"..";"Psicología";"Hombres";"Rendimiento"
"2020-2021";"..";"Psicología";"Hombres";"Rendimiento"
"2019-2020";"..";"Psicología";"Hombres";"Rendimiento"
"2018-2019";"..";"Psicología";"Hombres";"Rendimiento"
"2017-2018";"..";"Psicología";"Hombres";"Rendimiento"
"2016-2017";"..";"Psicología";"Hombres";"Rendimiento"
"2015-2016";"..";"Psicología";"Hombres";"Rendimiento"
"2022-2023";"..";"Economía";"Hombres";"Rendimiento"
"2021-2022";"..";"Economía";"Hombres";"Rendimiento"
"2020-2021";"..";"Economía";"Hombres";"Rendimiento"
"2019-2020";"..";"Economía";"Hombres";"Rendimiento"
"2018-2019";"..";"Economía";"Hombres";"Rendimiento"
"2017-2018";"..";"Economía";"Hombres";"Rendimiento"
"2016-2017";"..";"Economía";"Hombres";"Rendimiento"
"2015-2016";"..";"Economía";"Hombres";"Rendimiento"
"2022-2023";"63.26";"Otras Ciencias sociales y del comportamiento";"Hombres";"Rendimiento"
"2021-2022";"66.82";"Otras Ciencias sociales y del comportamiento";"Hombres";"Rendimiento"
"2020-2021";"68.97";"Otras Ciencias sociales y del comportamiento";"Hombres";"Rendimiento"
"2019-2020";"69.69";"Otras Ciencias sociales y del comportamiento";"Hombres";"Rendimiento"
"2018-2019";"63.69";"Otras Ciencias sociales y del comportamiento";"Hombres";"Rendimiento"
"2017-2018";"65.38";"Otras Ciencias sociales y del comportamiento";"Hombres";"Rendimiento"
"2016-2017";"70.59";"Otras Ciencias sociales y del comportamiento";"Hombres";"Rendimiento"
"2015-2016";"69.81";"Otras Ciencias sociales y del comportamiento";"Hombres";"Rendimiento"
"2022-2023";"..";"Periodismo e información";"Hombres";"Rendimiento"
"2021-2022";"..";"Periodismo e información";"Hombres";"Rendimiento"
"2020-2021";"..";"Periodismo e información";"Hombres";"Rendimiento"
"2019-2020";"..";"Periodismo e información";"Hombres";"Rendimiento"
"2018-2019";"..";"Periodismo e información";"Hombres";"Rendimiento"
"2017-2018";"..";"Periodismo e información";"Hombres";"Rendimiento"
"2016-2017";"..";"Periodismo e información";"Hombres";"Rendimiento"
"2015-2016";"..";"Periodismo e información";"Hombres";"Rendimiento"
"2022-2023";"68.4";"Total Negocios, administración y derecho";"Hombres";"Rendimiento"
"2021-2022";"66.92";"Total Negocios, administración y derecho";"Hombres";"Rendimiento"
"2020-2021";"70.72";"Total Negocios, administración y derecho";"Hombres";"Rendimiento"
"2019-2020";"77.67";"Total Negocios, administración y derecho";"Hombres";"Rendimiento"
"2018-2019";"72.02";"Total Negocios, administración y derecho";"Hombres";"Rendimiento"
"2017-2018";"71.28";"Total Negocios, administración y derecho";"Hombres";"Rendimiento"
"2016-2017";"70.95";"Total Negocios, administración y derecho";"Hombres";"Rendimiento"
"2015-2016";"75.4";"Total Negocios, administración y derecho";"Hombres";"Rendimiento"
"2022-2023";"64.11";"Administración y gestión de empresas";"Hombres";"Rendimiento"
"2021-2022";"60.76";"Administración y gestión de empresas";"Hombres";"Rendimiento"
"2020-2021";"65.13";"Administración y gestión de empresas";"Hombres";"Rendimiento"
"2019-2020";"70.6";"Administración y gestión de empresas";"Hombres";"Rendimiento"
"2018-2019";"65.22";"Administración y gestión de empresas";"Hombres";"Rendimiento"
"2017-2018";"64.25";"Administración y gestión de empresas";"Hombres";"Rendimiento"
"2016-2017";"66.83";"Administración y gestión de empresas";"Hombres";"Rendimiento"
"2015-2016";"73.5";"Administración y gestión de empresas";"Hombres";"Rendimiento"
"2022-2023";"55.38";"Otra Educación comercial y empresarial";"Hombres";"Rendimiento"
"2021-2022";"54.41";"Otra Educación comercial y empresarial";"Hombres";"Rendimiento"
"2020-2021";"62.74";"Otra Educación comercial y empresarial";"Hombres";"Rendimiento"
"2019-2020";"73.22";"Otra Educación comercial y empresarial";"Hombres";"Rendimiento"
"2018-2019";"68.31";"Otra Educación comercial y empresarial";"Hombres";"Rendimiento"
"2017-2018";"68.43";"Otra Educación comercial y empresarial";"Hombres";"Rendimiento"
"2016-2017";"68.43";"Otra Educación comercial y empresarial";"Hombres";"Rendimiento"
"2015-2016";"68.87";"Otra Educación comercial y empresarial";"Hombres";"Rendimiento"
"2022-2023";"74.17";"Derecho";"Hombres";"Rendimiento"
"2021-2022";"73.7";"Derecho";"Hombres";"Rendimiento"
"2020-2021";"76.04";"Derecho";"Hombres";"Rendimiento"
"2019-2020";"82.95";"Derecho";"Hombres";"Rendimiento"
"2018-2019";"77.42";"Derecho";"Hombres";"Rendimiento"
"2017-2018";"76.7";"Derecho";"Hombres";"Rendimiento"
"2016-2017";"74.57";"Derecho";"Hombres";"Rendimiento"
"2015-2016";"78.64";"Derecho";"Hombres";"Rendimiento"
"2022-2023";"66.12";"Total Ciencias";"Hombres";"Rendimiento"
"2021-2022";"67.4";"Total Ciencias";"Hombres";"Rendimiento"
"2020-2021";"70.78";"Total Ciencias";"Hombres";"Rendimiento"
"2019-2020";"71.02";"Total Ciencias";"Hombres";"Rendimiento"
"2018-2019";"73.03";"Total Ciencias";"Hombres";"Rendimiento"
"2017-2018";"75.15";"Total Ciencias";"Hombres";"Rendimiento"
"2016-2017";"65.95";"Total Ciencias";"Hombres";"Rendimiento"
"2015-2016";"69.61";"Total Ciencias";"Hombres";"Rendimiento"
"2022-2023";"..";"Ciencias de la vida";"Hombres";"Rendimiento"
"2021-2022";"..";"Ciencias de la vida";"Hombres";"Rendimiento"
"2020-2021";"..";"Ciencias de la vida";"Hombres";"Rendimiento"
"2019-2020";"..";"Ciencias de la vida";"Hombres";"Rendimiento"
"2018-2019";"..";"Ciencias de la vida";"Hombres";"Rendimiento"
"2017-2018";"..";"Ciencias de la vida";"Hombres";"Rendimiento"
"2016-2017";"..";"Ciencias de la vida";"Hombres";"Rendimiento"
"2015-2016";"..";"Ciencias de la vida";"Hombres";"Rendimiento"
"2022-2023";"66.12";"Ciencias Físicas, químicas, geológicas";"Hombres";"Rendimiento"
"2021-2022";"67.4";"Ciencias Físicas, químicas, geológicas";"Hombres";"Rendimiento"
"2020-2021";"70.78";"Ciencias Físicas, químicas, geológicas";"Hombres";"Rendimiento"
"2019-2020";"71.02";"Ciencias Físicas, químicas, geológicas";"Hombres";"Rendimiento"
"2018-2019";"73.03";"Ciencias Físicas, químicas, geológicas";"Hombres";"Rendimiento"
"2017-2018";"75.15";"Ciencias Físicas, químicas, geológicas";"Hombres";"Rendimiento"
"2016-2017";"65.95";"Ciencias Físicas, químicas, geológicas";"Hombres";"Rendimiento"
"2015-2016";"69.61";"Ciencias Físicas, químicas, geológicas";"Hombres";"Rendimiento"
"2022-2023";"..";"Matemáticas y Estadística";"Hombres";"Rendimiento"
"2021-2022";"..";"Matemáticas y Estadística";"Hombres";"Rendimiento"
"2020-2021";"..";"Matemáticas y Estadística";"Hombres";"Rendimiento"
"2019-2020";"..";"Matemáticas y Estadística";"Hombres";"Rendimiento"
"2018-2019";"..";"Matemáticas y Estadística";"Hombres";"Rendimiento"
"2017-2018";"..";"Matemáticas y Estadística";"Hombres";"Rendimiento"
"2016-2017";"..";"Matemáticas y Estadística";"Hombres";"Rendimiento"
"2015-2016";"..";"Matemáticas y Estadística";"Hombres";"Rendimiento"
"2022-2023";"65.54";"Total Informática";"Hombres";"Rendimiento"
"2021-2022";"62.25";"Total Informática";"Hombres";"Rendimiento"
"2020-2021";"64.33";"Total Informática";"Hombres";"Rendimiento"
"2019-2020";"65.15";"Total Informática";"Hombres";"Rendimiento"
"2018-2019";"62.55";"Total Informática";"Hombres";"Rendimiento"
"2017-2018";"67.48";"Total Informática";"Hombres";"Rendimiento"
"2016-2017";"64.57";"Total Informática";"Hombres";"Rendimiento"
"2015-2016";"67.14";"Total Informática";"Hombres";"Rendimiento"
"2022-2023";"65.54";"Informática";"Hombres";"Rendimiento"
"2021-2022";"62.25";"Informática";"Hombres";"Rendimiento"
"2020-2021";"64.33";"Informática";"Hombres";"Rendimiento"
"2019-2020";"65.15";"Informática";"Hombres";"Rendimiento"
"2018-2019";"62.55";"Informática";"Hombres";"Rendimiento"
"2017-2018";"67.48";"Informática";"Hombres";"Rendimiento"
"2016-2017";"64.57";"Informática";"Hombres";"Rendimiento"
"2015-2016";"67.14";"Informática";"Hombres";"Rendimiento"
"2022-2023";"71.45";"Total Ingeniería, industria y construcción";"Hombres";"Rendimiento"
"2021-2022";"70.75";"Total Ingeniería, industria y construcción";"Hombres";"Rendimiento"
"2020-2021";"71.2";"Total Ingeniería, industria y construcción";"Hombres";"Rendimiento"
"2019-2020";"77.93";"Total Ingeniería, industria y construcción";"Hombres";"Rendimiento"
"2018-2019";"72.63";"Total Ingeniería, industria y construcción";"Hombres";"Rendimiento"
"2017-2018";"73.3";"Total Ingeniería, industria y construcción";"Hombres";"Rendimiento"
"2016-2017";"71.86";"Total Ingeniería, industria y construcción";"Hombres";"Rendimiento"
"2015-2016";"70.88";"Total Ingeniería, industria y construcción";"Hombres";"Rendimiento"
"2022-2023";"73.71";"Ingenierías";"Hombres";"Rendimiento"
"2021-2022";"73.32";"Ingenierías";"Hombres";"Rendimiento"
"2020-2021";"72.42";"Ingenierías";"Hombres";"Rendimiento"
"2019-2020";"78.26";"Ingenierías";"Hombres";"Rendimiento"
"2018-2019";"72.88";"Ingenierías";"Hombres";"Rendimiento"
"2017-2018";"72.77";"Ingenierías";"Hombres";"Rendimiento"
"2016-2017";"72.58";"Ingenierías";"Hombres";"Rendimiento"
"2015-2016";"71.42";"Ingenierías";"Hombres";"Rendimiento"
"2022-2023";"59.61";"Arquitectura y construcción";"Hombres";"Rendimiento"
"2021-2022";"57.05";"Arquitectura y construcción";"Hombres";"Rendimiento"
"2020-2021";"64.35";"Arquitectura y construcción";"Hombres";"Rendimiento"
"2019-2020";"75.84";"Arquitectura y construcción";"Hombres";"Rendimiento"
"2018-2019";"71.15";"Arquitectura y construcción";"Hombres";"Rendimiento"
"2017-2018";"75.77";"Arquitectura y construcción";"Hombres";"Rendimiento"
"2016-2017";"69.35";"Arquitectura y construcción";"Hombres";"Rendimiento"
"2015-2016";"69.38";"Arquitectura y construcción";"Hombres";"Rendimiento"
"2022-2023";"67.94";"Total Agricultura, ganadería,  silvicultura, pesca, y veterinaria";"Hombres";"Rendimiento"
"2021-2022";"71.18";"Total Agricultura, ganadería,  silvicultura, pesca, y veterinaria";"Hombres";"Rendimiento"
"2020-2021";"72.01";"Total Agricultura, ganadería,  silvicultura, pesca, y veterinaria";"Hombres";"Rendimiento"
"2019-2020";"80.16";"Total Agricultura, ganadería,  silvicultura, pesca, y veterinaria";"Hombres";"Rendimiento"
"2018-2019";"77.13";"Total Agricultura, ganadería,  silvicultura, pesca, y veterinaria";"Hombres";"Rendimiento"
"2017-2018";"77.06";"Total Agricultura, ganadería,  silvicultura, pesca, y veterinaria";"Hombres";"Rendimiento"
"2016-2017";"80.89";"Total Agricultura, ganadería,  silvicultura, pesca, y veterinaria";"Hombres";"Rendimiento"
"2015-2016";"79.64";"Total Agricultura, ganadería,  silvicultura, pesca, y veterinaria";"Hombres";"Rendimiento"
"2022-2023";"67.94";"Agricultura, ganadería y pesca";"Hombres";"Rendimiento"
"2021-2022";"71.18";"Agricultura, ganadería y pesca";"Hombres";"Rendimiento"
"2020-2021";"72.01";"Agricultura, ganadería y pesca";"Hombres";"Rendimiento"
"2019-2020";"80.16";"Agricultura, ganadería y pesca";"Hombres";"Rendimiento"
"2018-2019";"77.13";"Agricultura, ganadería y pesca";"Hombres";"Rendimiento"
"2017-2018";"77.06";"Agricultura, ganadería y pesca";"Hombres";"Rendimiento"
"2016-2017";"80.89";"Agricultura, ganadería y pesca";"Hombres";"Rendimiento"
"2015-2016";"79.64";"Agricultura, ganadería y pesca";"Hombres";"Rendimiento"
"2022-2023";"..";"Veterinaria";"Hombres";"Rendimiento"
"2021-2022";"..";"Veterinaria";"Hombres";"Rendimiento"
"2020-2021";"..";"Veterinaria";"Hombres";"Rendimiento"
"2019-2020";"..";"Veterinaria";"Hombres";"Rendimiento"
"2018-2019";"..";"Veterinaria";"Hombres";"Rendimiento"
"2017-2018";"..";"Veterinaria";"Hombres";"Rendimiento"
"2016-2017";"..";"Veterinaria";"Hombres";"Rendimiento"
"2015-2016";"..";"Veterinaria";"Hombres";"Rendimiento"
"2022-2023";"86.4";"Total Salud y servicios sociales";"Hombres";"Rendimiento"
"2021-2022";"85.56";"Total Salud y servicios sociales";"Hombres";"Rendimiento"
"2020-2021";"87.52";"Total Salud y servicios sociales";"Hombres";"Rendimiento"
"2019-2020";"88.17";"Total Salud y servicios sociales";"Hombres";"Rendimiento"
"2018-2019";"88.29";"Total Salud y servicios sociales";"Hombres";"Rendimiento"
"2017-2018";"90.92";"Total Salud y servicios sociales";"Hombres";"Rendimiento"
"2016-2017";"92.23";"Total Salud y servicios sociales";"Hombres";"Rendimiento"
"2015-2016";"95.54";"Total Salud y servicios sociales";"Hombres";"Rendimiento"
"2022-2023";"..";"Medicina";"Hombres";"Rendimiento"
"2021-2022";"..";"Medicina";"Hombres";"Rendimiento"
"2020-2021";"..";"Medicina";"Hombres";"Rendimiento"
"2019-2020";"..";"Medicina";"Hombres";"Rendimiento"
"2018-2019";"..";"Medicina";"Hombres";"Rendimiento"
"2017-2018";"..";"Medicina";"Hombres";"Rendimiento"
"2016-2017";"..";"Medicina";"Hombres";"Rendimiento"
"2015-2016";"..";"Medicina";"Hombres";"Rendimiento"
"2022-2023";"92.6";"Enfermería y atención a enfermos";"Hombres";"Rendimiento"
"2021-2022";"89.11";"Enfermería y atención a enfermos";"Hombres";"Rendimiento"
"2020-2021";"86.95";"Enfermería y atención a enfermos";"Hombres";"Rendimiento"
"2019-2020";"90.55";"Enfermería y atención a enfermos";"Hombres";"Rendimiento"
"2018-2019";"93.91";"Enfermería y atención a enfermos";"Hombres";"Rendimiento"
"2017-2018";"93.2";"Enfermería y atención a enfermos";"Hombres";"Rendimiento"
"2016-2017";"96.19";"Enfermería y atención a enfermos";"Hombres";"Rendimiento"
"2015-2016";"97.81";"Enfermería y atención a enfermos";"Hombres";"Rendimiento"
"2022-2023";"83.82";"Otras ciencias de la Salud";"Hombres";"Rendimiento"
"2021-2022";"84.22";"Otras ciencias de la Salud";"Hombres";"Rendimiento"
"2020-2021";"87.78";"Otras ciencias de la Salud";"Hombres";"Rendimiento"
"2019-2020";"86.69";"Otras ciencias de la Salud";"Hombres";"Rendimiento"
"2018-2019";"84.43";"Otras ciencias de la Salud";"Hombres";"Rendimiento"
"2017-2018";"88.93";"Otras ciencias de la Salud";"Hombres";"Rendimiento"
"2016-2017";"88.53";"Otras ciencias de la Salud";"Hombres";"Rendimiento"
"2015-2016";"93.28";"Otras ciencias de la Salud";"Hombres";"Rendimiento"
"2022-2023";"..";"Trabajo social y orientación";"Hombres";"Rendimiento"
"2021-2022";"..";"Trabajo social y orientación";"Hombres";"Rendimiento"
"2020-2021";"..";"Trabajo social y orientación";"Hombres";"Rendimiento"
"2019-2020";"..";"Trabajo social y orientación";"Hombres";"Rendimiento"
"2018-2019";"..";"Trabajo social y orientación";"Hombres";"Rendimiento"
"2017-2018";"..";"Trabajo social y orientación";"Hombres";"Rendimiento"
"2016-2017";"..";"Trabajo social y orientación";"Hombres";"Rendimiento"
"2015-2016";"..";"Trabajo social y orientación";"Hombres";"Rendimiento"
"2022-2023";"80.0";"Total Servicios";"Hombres";"Rendimiento"
"2021-2022";"75.77";"Total Servicios";"Hombres";"Rendimiento"
"2020-2021";"78.48";"Total Servicios";"Hombres";"Rendimiento"
"2019-2020";"71.18";"Total Servicios";"Hombres";"Rendimiento"
"2018-2019";"70.95";"Total Servicios";"Hombres";"Rendimiento"
"2017-2018";"74.48";"Total Servicios";"Hombres";"Rendimiento"
"2016-2017";"78.18";"Total Servicios";"Hombres";"Rendimiento"
"2015-2016";"78.17";"Total Servicios";"Hombres";"Rendimiento"
"2022-2023";"..";"Deportes";"Hombres";"Rendimiento"
"2021-2022";"..";"Deportes";"Hombres";"Rendimiento"
"2020-2021";"..";"Deportes";"Hombres";"Rendimiento"
"2019-2020";"..";"Deportes";"Hombres";"Rendimiento"
"2018-2019";"..";"Deportes";"Hombres";"Rendimiento"
"2017-2018";"..";"Deportes";"Hombres";"Rendimiento"
"2016-2017";"..";"Deportes";"Hombres";"Rendimiento"
"2015-2016";"..";"Deportes";"Hombres";"Rendimiento"
"2022-2023";"80.0";"Turismo y Hostelería";"Hombres";"Rendimiento"
"2021-2022";"75.77";"Turismo y Hostelería";"Hombres";"Rendimiento"
"2020-2021";"78.48";"Turismo y Hostelería";"Hombres";"Rendimiento"
"2019-2020";"71.18";"Turismo y Hostelería";"Hombres";"Rendimiento"
"2018-2019";"70.95";"Turismo y Hostelería";"Hombres";"Rendimiento"
"2017-2018";"74.48";"Turismo y Hostelería";"Hombres";"Rendimiento"
"2016-2017";"78.18";"Turismo y Hostelería";"Hombres";"Rendimiento"
"2015-2016";"78.17";"Turismo y Hostelería";"Hombres";"Rendimiento"
"2022-2023";"..";"Otros Servicios";"Hombres";"Rendimiento"
"2021-2022";"..";"Otros Servicios";"Hombres";"Rendimiento"
"2020-2021";"..";"Otros Servicios";"Hombres";"Rendimiento"
"2019-2020";"..";"Otros Servicios";"Hombres";"Rendimiento"
"2018-2019";"..";"Otros Servicios";"Hombres";"Rendimiento"
"2017-2018";"..";"Otros Servicios";"Hombres";"Rendimiento"
"2016-2017";"..";"Otros Servicios";"Hombres";"Rendimiento"
"2015-2016";"..";"Otros Servicios";"Hombres";"Rendimiento"
"2022-2023";"???";"Burgos";"Hombres";"Exito"
"2021-2022";"???";"Burgos";"Hombres";"Exito"
"2020-2021";"???";"Burgos";"Hombres";"Exito"
"2019-2020";"???";"Burgos";"Hombres";"Exito"
"2018-2019";"???";"Burgos";"Hombres";"Exito"
"2017-2018";"???";"Burgos";"Hombres";"Exito"
"2016-2017";"???";"Burgos";"Hombres";"Exito"
"2015-2016";"???";"Burgos";"Hombres";"Exito"
"2022-2023";"82.81";"Todos los ámbitos";"Hombres";"Exito"
"2021-2022";"83.05";"Todos los ámbitos";"Hombres";"Exito"
"2020-2021";"84.26";"Todos los ámbitos";"Hombres";"Exito"
"2019-2020";"86.78";"Todos los ámbitos";"Hombres";"Exito"
"2018-2019";"83.43";"Todos los ámbitos";"Hombres";"Exito"
"2017-2018";"82.0";"Todos los ámbitos";"Hombres";"Exito"
"2016-2017";"81.26";"Todos los ámbitos";"Hombres";"Exito"
"2015-2016";"82.35";"Todos los ámbitos";"Hombres";"Exito"
"2022-2023";"90.11";"Total Educación";"Hombres";"Exito"
"2021-2022";"91.34";"Total Educación";"Hombres";"Exito"
"2020-2021";"92.06";"Total Educación";"Hombres";"Exito"
"2019-2020";"92.85";"Total Educación";"Hombres";"Exito"
"2018-2019";"91.32";"Total Educación";"Hombres";"Exito"
"2017-2018";"89.87";"Total Educación";"Hombres";"Exito"
"2016-2017";"88.53";"Total Educación";"Hombres";"Exito"
"2015-2016";"88.57";"Total Educación";"Hombres";"Exito"
"2022-2023";"91.29";"Formación de docentes de enseñanza infantil";"Hombres";"Exito"
"2021-2022";"..";"Formación de docentes de enseñanza infantil";"Hombres";"Exito"
"2020-2021";"..";"Formación de docentes de enseñanza infantil";"Hombres";"Exito"
"2019-2020";"92.59";"Formación de docentes de enseñanza infantil";"Hombres";"Exito"
"2018-2019";"94.23";"Formación de docentes de enseñanza infantil";"Hombres";"Exito"
"2017-2018";"..";"Formación de docentes de enseñanza infantil";"Hombres";"Exito"
"2016-2017";"91.82";"Formación de docentes de enseñanza infantil";"Hombres";"Exito"
"2015-2016";"..";"Formación de docentes de enseñanza infantil";"Hombres";"Exito"
"2022-2023";"90.83";"Formación de docentes de enseñanza primaria";"Hombres";"Exito"
"2021-2022";"92.35";"Formación de docentes de enseñanza primaria";"Hombres";"Exito"
"2020-2021";"93.52";"Formación de docentes de enseñanza primaria";"Hombres";"Exito"
"2019-2020";"93.59";"Formación de docentes de enseñanza primaria";"Hombres";"Exito"
"2018-2019";"90.29";"Formación de docentes de enseñanza primaria";"Hombres";"Exito"
"2017-2018";"89.04";"Formación de docentes de enseñanza primaria";"Hombres";"Exito"
"2016-2017";"86.19";"Formación de docentes de enseñanza primaria";"Hombres";"Exito"
"2015-2016";"86.6";"Formación de docentes de enseñanza primaria";"Hombres";"Exito"
"2022-2023";"86.19";"Otra Formación de personal docente y ciencias de la educación";"Hombres";"Exito"
"2021-2022";"87.81";"Otra Formación de personal docente y ciencias de la educación";"Hombres";"Exito"
"2020-2021";"88.29";"Otra Formación de personal docente y ciencias de la educación";"Hombres";"Exito"
"2019-2020";"90.74";"Otra Formación de personal docente y ciencias de la educación";"Hombres";"Exito"
"2018-2019";"92.92";"Otra Formación de personal docente y ciencias de la educación";"Hombres";"Exito"
"2017-2018";"91.44";"Otra Formación de personal docente y ciencias de la educación";"Hombres";"Exito"
"2016-2017";"92.86";"Otra Formación de personal docente y ciencias de la educación";"Hombres";"Exito"
"2015-2016";"94.2";"Otra Formación de personal docente y ciencias de la educación";"Hombres";"Exito"
"2022-2023";"91.2";"Total Artes y humanidades";"Hombres";"Exito"
"2021-2022";"91.56";"Total Artes y humanidades";"Hombres";"Exito"
"2020-2021";"92.65";"Total Artes y humanidades";"Hombres";"Exito"
"2019-2020";"93.34";"Total Artes y humanidades";"Hombres";"Exito"
"2018-2019";"93.41";"Total Artes y humanidades";"Hombres";"Exito"
"2017-2018";"91.01";"Total Artes y humanidades";"Hombres";"Exito"
"2016-2017";"89.77";"Total Artes y humanidades";"Hombres";"Exito"
"2015-2016";"90.09";"Total Artes y humanidades";"Hombres";"Exito"
"2022-2023";"88.72";"Técnicas audiovisuales y medios de comunicación";"Hombres";"Exito"
"2021-2022";"89.45";"Técnicas audiovisuales y medios de comunicación";"Hombres";"Exito"
"2020-2021";"92.63";"Técnicas audiovisuales y medios de comunicación";"Hombres";"Exito"
"2019-2020";"94.0";"Técnicas audiovisuales y medios de comunicación";"Hombres";"Exito"
"2018-2019";"93.53";"Técnicas audiovisuales y medios de comunicación";"Hombres";"Exito"
"2017-2018";"92.66";"Técnicas audiovisuales y medios de comunicación";"Hombres";"Exito"
"2016-2017";"91.31";"Técnicas audiovisuales y medios de comunicación";"Hombres";"Exito"
"2015-2016";"90.81";"Técnicas audiovisuales y medios de comunicación";"Hombres";"Exito"
"2022-2023";"..";"Artes";"Hombres";"Exito"
"2021-2022";"..";"Artes";"Hombres";"Exito"
"2020-2021";"..";"Artes";"Hombres";"Exito"
"2019-2020";"..";"Artes";"Hombres";"Exito"
"2018-2019";"..";"Artes";"Hombres";"Exito"
"2017-2018";"..";"Artes";"Hombres";"Exito"
"2016-2017";"..";"Artes";"Hombres";"Exito"
"2015-2016";"..";"Artes";"Hombres";"Exito"
"2022-2023";"94.34";"Lenguas";"Hombres";"Exito"
"2021-2022";"93.94";"Lenguas";"Hombres";"Exito"
"2020-2021";"91.28";"Lenguas";"Hombres";"Exito"
"2019-2020";"92.53";"Lenguas";"Hombres";"Exito"
"2018-2019";"94.37";"Lenguas";"Hombres";"Exito"
"2017-2018";"90.32";"Lenguas";"Hombres";"Exito"
"2016-2017";"87.96";"Lenguas";"Hombres";"Exito"
"2015-2016";"87.85";"Lenguas";"Hombres";"Exito"
"2022-2023";"91.79";"Humanidades";"Hombres";"Exito"
"2021-2022";"92.26";"Humanidades";"Hombres";"Exito"
"2020-2021";"93.24";"Humanidades";"Hombres";"Exito"
"2019-2020";"92.89";"Humanidades";"Hombres";"Exito"
"2018-2019";"92.81";"Humanidades";"Hombres";"Exito"
"2017-2018";"88.74";"Humanidades";"Hombres";"Exito"
"2016-2017";"87.71";"Humanidades";"Hombres";"Exito"
"2015-2016";"89.72";"Humanidades";"Hombres";"Exito"
"2022-2023";"85.32";"Total Ciencias sociales, periodismo y documentación";"Hombres";"Exito"
"2021-2022";"86.59";"Total Ciencias sociales, periodismo y documentación";"Hombres";"Exito"
"2020-2021";"90.13";"Total Ciencias sociales, periodismo y documentación";"Hombres";"Exito"
"2019-2020";"90.29";"Total Ciencias sociales, periodismo y documentación";"Hombres";"Exito"
"2018-2019";"86.81";"Total Ciencias sociales, periodismo y documentación";"Hombres";"Exito"
"2017-2018";"82.15";"Total Ciencias sociales, periodismo y documentación";"Hombres";"Exito"
"2016-2017";"84.44";"Total Ciencias sociales, periodismo y documentación";"Hombres";"Exito"
"2015-2016";"87.4";"Total Ciencias sociales, periodismo y documentación";"Hombres";"Exito"
"2022-2023";"..";"Psicología";"Hombres";"Exito"
"2021-2022";"..";"Psicología";"Hombres";"Exito"
"2020-2021";"..";"Psicología";"Hombres";"Exito"
"2019-2020";"..";"Psicología";"Hombres";"Exito"
"2018-2019";"..";"Psicología";"Hombres";"Exito"
"2017-2018";"..";"Psicología";"Hombres";"Exito"
"2016-2017";"..";"Psicología";"Hombres";"Exito"
"2015-2016";"..";"Psicología";"Hombres";"Exito"
"2022-2023";"..";"Economía";"Hombres";"Exito"
"2021-2022";"..";"Economía";"Hombres";"Exito"
"2020-2021";"..";"Economía";"Hombres";"Exito"
"2019-2020";"..";"Economía";"Hombres";"Exito"
"2018-2019";"..";"Economía";"Hombres";"Exito"
"2017-2018";"..";"Economía";"Hombres";"Exito"
"2016-2017";"..";"Economía";"Hombres";"Exito"
"2015-2016";"..";"Economía";"Hombres";"Exito"
"2022-2023";"85.32";"Otras Ciencias sociales y del comportamiento";"Hombres";"Exito"
"2021-2022";"86.59";"Otras Ciencias sociales y del comportamiento";"Hombres";"Exito"
"2020-2021";"90.13";"Otras Ciencias sociales y del comportamiento";"Hombres";"Exito"
"2019-2020";"90.29";"Otras Ciencias sociales y del comportamiento";"Hombres";"Exito"
"2018-2019";"86.81";"Otras Ciencias sociales y del comportamiento";"Hombres";"Exito"
"2017-2018";"82.15";"Otras Ciencias sociales y del comportamiento";"Hombres";"Exito"
"2016-2017";"84.44";"Otras Ciencias sociales y del comportamiento";"Hombres";"Exito"
"2015-2016";"87.4";"Otras Ciencias sociales y del comportamiento";"Hombres";"Exito"
"2022-2023";"..";"Periodismo e información";"Hombres";"Exito"
"2021-2022";"..";"Periodismo e información";"Hombres";"Exito"
"2020-2021";"..";"Periodismo e información";"Hombres";"Exito"
"2019-2020";"..";"Periodismo e información";"Hombres";"Exito"
"2018-2019";"..";"Periodismo e información";"Hombres";"Exito"
"2017-2018";"..";"Periodismo e información";"Hombres";"Exito"
"2016-2017";"..";"Periodismo e información";"Hombres";"Exito"
"2015-2016";"..";"Periodismo e información";"Hombres";"Exito"
"2022-2023";"77.6";"Total Negocios, administración y derecho";"Hombres";"Exito"
"2021-2022";"78.12";"Total Negocios, administración y derecho";"Hombres";"Exito"
"2020-2021";"81.28";"Total Negocios, administración y derecho";"Hombres";"Exito"
"2019-2020";"85.31";"Total Negocios, administración y derecho";"Hombres";"Exito"
"2018-2019";"80.33";"Total Negocios, administración y derecho";"Hombres";"Exito"
"2017-2018";"77.54";"Total Negocios, administración y derecho";"Hombres";"Exito"
"2016-2017";"78.03";"Total Negocios, administración y derecho";"Hombres";"Exito"
"2015-2016";"81.92";"Total Negocios, administración y derecho";"Hombres";"Exito"
"2022-2023";"71.94";"Administración y gestión de empresas";"Hombres";"Exito"
"2021-2022";"72.07";"Administración y gestión de empresas";"Hombres";"Exito"
"2020-2021";"78.46";"Administración y gestión de empresas";"Hombres";"Exito"
"2019-2020";"79.95";"Administración y gestión de empresas";"Hombres";"Exito"
"2018-2019";"74.64";"Administración y gestión de empresas";"Hombres";"Exito"
"2017-2018";"70.87";"Administración y gestión de empresas";"Hombres";"Exito"
"2016-2017";"73.77";"Administración y gestión de empresas";"Hombres";"Exito"
"2015-2016";"80.75";"Administración y gestión de empresas";"Hombres";"Exito"
"2022-2023";"69.62";"Otra Educación comercial y empresarial";"Hombres";"Exito"
"2021-2022";"72.28";"Otra Educación comercial y empresarial";"Hombres";"Exito"
"2020-2021";"75.34";"Otra Educación comercial y empresarial";"Hombres";"Exito"
"2019-2020";"80.96";"Otra Educación comercial y empresarial";"Hombres";"Exito"
"2018-2019";"76.06";"Otra Educación comercial y empresarial";"Hombres";"Exito"
"2017-2018";"75.86";"Otra Educación comercial y empresarial";"Hombres";"Exito"
"2016-2017";"75.65";"Otra Educación comercial y empresarial";"Hombres";"Exito"
"2015-2016";"77.87";"Otra Educación comercial y empresarial";"Hombres";"Exito"
"2022-2023";"83.03";"Derecho";"Hombres";"Exito"
"2021-2022";"82.93";"Derecho";"Hombres";"Exito"
"2020-2021";"84.07";"Derecho";"Hombres";"Exito"
"2019-2020";"89.34";"Derecho";"Hombres";"Exito"
"2018-2019";"84.95";"Derecho";"Hombres";"Exito"
"2017-2018";"82.32";"Derecho";"Hombres";"Exito"
"2016-2017";"81.68";"Derecho";"Hombres";"Exito"
"2015-2016";"83.84";"Derecho";"Hombres";"Exito"
"2022-2023";"74.51";"Total Ciencias";"Hombres";"Exito"
"2021-2022";"73.89";"Total Ciencias";"Hombres";"Exito"
"2020-2021";"77.46";"Total Ciencias";"Hombres";"Exito"
"2019-2020";"80.31";"Total Ciencias";"Hombres";"Exito"
"2018-2019";"82.29";"Total Ciencias";"Hombres";"Exito"
"2017-2018";"79.29";"Total Ciencias";"Hombres";"Exito"
"2016-2017";"73.23";"Total Ciencias";"Hombres";"Exito"
"2015-2016";"76.53";"Total Ciencias";"Hombres";"Exito"
"2022-2023";"..";"Ciencias de la vida";"Hombres";"Exito"
"2021-2022";"..";"Ciencias de la vida";"Hombres";"Exito"
"2020-2021";"..";"Ciencias de la vida";"Hombres";"Exito"
"2019-2020";"..";"Ciencias de la vida";"Hombres";"Exito"
"2018-2019";"..";"Ciencias de la vida";"Hombres";"Exito"
"2017-2018";"..";"Ciencias de la vida";"Hombres";"Exito"
"2016-2017";"..";"Ciencias de la vida";"Hombres";"Exito"
"2015-2016";"..";"Ciencias de la vida";"Hombres";"Exito"
"2022-2023";"74.51";"Ciencias Físicas, químicas, geológicas";"Hombres";"Exito"
"2021-2022";"73.89";"Ciencias Físicas, químicas, geológicas";"Hombres";"Exito"
"2020-2021";"77.46";"Ciencias Físicas, químicas, geológicas";"Hombres";"Exito"
"2019-2020";"80.31";"Ciencias Físicas, químicas, geológicas";"Hombres";"Exito"
"2018-2019";"82.29";"Ciencias Físicas, químicas, geológicas";"Hombres";"Exito"
"2017-2018";"79.29";"Ciencias Físicas, químicas, geológicas";"Hombres";"Exito"
"2016-2017";"73.23";"Ciencias Físicas, químicas, geológicas";"Hombres";"Exito"
"2015-2016";"76.53";"Ciencias Físicas, químicas, geológicas";"Hombres";"Exito"
"2022-2023";"..";"Matemáticas y Estadística";"Hombres";"Exito"
"2021-2022";"..";"Matemáticas y Estadística";"Hombres";"Exito"
"2020-2021";"..";"Matemáticas y Estadística";"Hombres";"Exito"
"2019-2020";"..";"Matemáticas y Estadística";"Hombres";"Exito"
"2018-2019";"..";"Matemáticas y Estadística";"Hombres";"Exito"
"2017-2018";"..";"Matemáticas y Estadística";"Hombres";"Exito"
"2016-2017";"..";"Matemáticas y Estadística";"Hombres";"Exito"
"2015-2016";"..";"Matemáticas y Estadística";"Hombres";"Exito"
"2022-2023";"77.9";"Total Informática";"Hombres";"Exito"
"2021-2022";"76.11";"Total Informática";"Hombres";"Exito"
"2020-2021";"77.11";"Total Informática";"Hombres";"Exito"
"2019-2020";"78.59";"Total Informática";"Hombres";"Exito"
"2018-2019";"74.27";"Total Informática";"Hombres";"Exito"
"2017-2018";"76.43";"Total Informática";"Hombres";"Exito"
"2016-2017";"72.56";"Total Informática";"Hombres";"Exito"
"2015-2016";"75.65";"Total Informática";"Hombres";"Exito"
"2022-2023";"77.9";"Informática";"Hombres";"Exito"
"2021-2022";"76.11";"Informática";"Hombres";"Exito"
"2020-2021";"77.11";"Informática";"Hombres";"Exito"
"2019-2020";"78.59";"Informática";"Hombres";"Exito"
"2018-2019";"74.27";"Informática";"Hombres";"Exito"
"2017-2018";"76.43";"Informática";"Hombres";"Exito"
"2016-2017";"72.56";"Informática";"Hombres";"Exito"
"2015-2016";"75.65";"Informática";"Hombres";"Exito"
"2022-2023";"80.99";"Total Ingeniería, industria y construcción";"Hombres";"Exito"
"2021-2022";"81.12";"Total Ingeniería, industria y construcción";"Hombres";"Exito"
"2020-2021";"80.36";"Total Ingeniería, industria y construcción";"Hombres";"Exito"
"2019-2020";"84.1";"Total Ingeniería, industria y construcción";"Hombres";"Exito"
"2018-2019";"79.8";"Total Ingeniería, industria y construcción";"Hombres";"Exito"
"2017-2018";"79.13";"Total Ingeniería, industria y construcción";"Hombres";"Exito"
"2016-2017";"78.49";"Total Ingeniería, industria y construcción";"Hombres";"Exito"
"2015-2016";"77.69";"Total Ingeniería, industria y construcción";"Hombres";"Exito"
"2022-2023";"81.59";"Ingenierías";"Hombres";"Exito"
"2021-2022";"82.13";"Ingenierías";"Hombres";"Exito"
"2020-2021";"80.6";"Ingenierías";"Hombres";"Exito"
"2019-2020";"83.48";"Ingenierías";"Hombres";"Exito"
"2018-2019";"78.91";"Ingenierías";"Hombres";"Exito"
"2017-2018";"77.7";"Ingenierías";"Hombres";"Exito"
"2016-2017";"77.97";"Ingenierías";"Hombres";"Exito"
"2015-2016";"76.81";"Ingenierías";"Hombres";"Exito"
"2022-2023";"77.3";"Arquitectura y construcción";"Hombres";"Exito"
"2021-2022";"74.8";"Arquitectura y construcción";"Hombres";"Exito"
"2020-2021";"78.83";"Arquitectura y construcción";"Hombres";"Exito"
"2019-2020";"88.43";"Arquitectura y construcción";"Hombres";"Exito"
"2018-2019";"85.47";"Arquitectura y construcción";"Hombres";"Exito"
"2017-2018";"86.35";"Arquitectura y construcción";"Hombres";"Exito"
"2016-2017";"80.46";"Arquitectura y construcción";"Hombres";"Exito"
"2015-2016";"80.31";"Arquitectura y construcción";"Hombres";"Exito"
"2022-2023";"75.56";"Total Agricultura, ganadería,  silvicultura, pesca, y veterinaria";"Hombres";"Exito"
"2021-2022";"78.15";"Total Agricultura, ganadería,  silvicultura, pesca, y veterinaria";"Hombres";"Exito"
"2020-2021";"79.21";"Total Agricultura, ganadería,  silvicultura, pesca, y veterinaria";"Hombres";"Exito"
"2019-2020";"86.47";"Total Agricultura, ganadería,  silvicultura, pesca, y veterinaria";"Hombres";"Exito"
"2018-2019";"82.99";"Total Agricultura, ganadería,  silvicultura, pesca, y veterinaria";"Hombres";"Exito"
"2017-2018";"81.43";"Total Agricultura, ganadería,  silvicultura, pesca, y veterinaria";"Hombres";"Exito"
"2016-2017";"83.99";"Total Agricultura, ganadería,  silvicultura, pesca, y veterinaria";"Hombres";"Exito"
"2015-2016";"85.21";"Total Agricultura, ganadería,  silvicultura, pesca, y veterinaria";"Hombres";"Exito"
"2022-2023";"75.56";"Agricultura, ganadería y pesca";"Hombres";"Exito"
"2021-2022";"78.15";"Agricultura, ganadería y pesca";"Hombres";"Exito"
"2020-2021";"79.21";"Agricultura, ganadería y pesca";"Hombres";"Exito"
"2019-2020";"86.47";"Agricultura, ganadería y pesca";"Hombres";"Exito"
"2018-2019";"82.99";"Agricultura, ganadería y pesca";"Hombres";"Exito"
"2017-2018";"81.43";"Agricultura, ganadería y pesca";"Hombres";"Exito"
"2016-2017";"83.99";"Agricultura, ganadería y pesca";"Hombres";"Exito"
"2015-2016";"85.21";"Agricultura, ganadería y pesca";"Hombres";"Exito"
"2022-2023";"..";"Veterinaria";"Hombres";"Exito"
"2021-2022";"..";"Veterinaria";"Hombres";"Exito"
"2020-2021";"..";"Veterinaria";"Hombres";"Exito"
"2019-2020";"..";"Veterinaria";"Hombres";"Exito"
"2018-2019";"..";"Veterinaria";"Hombres";"Exito"
"2017-2018";"..";"Veterinaria";"Hombres";"Exito"
"2016-2017";"..";"Veterinaria";"Hombres";"Exito"
"2015-2016";"..";"Veterinaria";"Hombres";"Exito"
"2022-2023";"89.18";"Total Salud y servicios sociales";"Hombres";"Exito"
"2021-2022";"89.09";"Total Salud y servicios sociales";"Hombres";"Exito"
"2020-2021";"89.92";"Total Salud y servicios sociales";"Hombres";"Exito"
"2019-2020";"91.71";"Total Salud y servicios sociales";"Hombres";"Exito"
"2018-2019";"90.45";"Total Salud y servicios sociales";"Hombres";"Exito"
"2017-2018";"92.24";"Total Salud y servicios sociales";"Hombres";"Exito"
"2016-2017";"94.45";"Total Salud y servicios sociales";"Hombres";"Exito"
"2015-2016";"96.64";"Total Salud y servicios sociales";"Hombres";"Exito"
"2022-2023";"..";"Medicina";"Hombres";"Exito"
"2021-2022";"..";"Medicina";"Hombres";"Exito"
"2020-2021";"..";"Medicina";"Hombres";"Exito"
"2019-2020";"..";"Medicina";"Hombres";"Exito"
"2018-2019";"..";"Medicina";"Hombres";"Exito"
"2017-2018";"..";"Medicina";"Hombres";"Exito"
"2016-2017";"..";"Medicina";"Hombres";"Exito"
"2015-2016";"..";"Medicina";"Hombres";"Exito"
"2022-2023";"94.29";"Enfermería y atención a enfermos";"Hombres";"Exito"
"2021-2022";"93.43";"Enfermería y atención a enfermos";"Hombres";"Exito"
"2020-2021";"90.13";"Enfermería y atención a enfermos";"Hombres";"Exito"
"2019-2020";"93.29";"Enfermería y atención a enfermos";"Hombres";"Exito"
"2018-2019";"94.23";"Enfermería y atención a enfermos";"Hombres";"Exito"
"2017-2018";"93.47";"Enfermería y atención a enfermos";"Hombres";"Exito"
"2016-2017";"96.6";"Enfermería y atención a enfermos";"Hombres";"Exito"
"2015-2016";"97.81";"Enfermería y atención a enfermos";"Hombres";"Exito"
"2022-2023";"87.02";"Otras ciencias de la Salud";"Hombres";"Exito"
"2021-2022";"87.47";"Otras ciencias de la Salud";"Hombres";"Exito"
"2020-2021";"89.82";"Otras ciencias de la Salud";"Hombres";"Exito"
"2019-2020";"90.72";"Otras ciencias de la Salud";"Hombres";"Exito"
"2018-2019";"87.76";"Otras ciencias de la Salud";"Hombres";"Exito"
"2017-2018";"91.13";"Otras ciencias de la Salud";"Hombres";"Exito"
"2016-2017";"92.36";"Otras ciencias de la Salud";"Hombres";"Exito"
"2015-2016";"95.45";"Otras ciencias de la Salud";"Hombres";"Exito"
"2022-2023";"..";"Trabajo social y orientación";"Hombres";"Exito"
"2021-2022";"..";"Trabajo social y orientación";"Hombres";"Exito"
"2020-2021";"..";"Trabajo social y orientación";"Hombres";"Exito"
"2019-2020";"..";"Trabajo social y orientación";"Hombres";"Exito"
"2018-2019";"..";"Trabajo social y orientación";"Hombres";"Exito"
"2017-2018";"..";"Trabajo social y orientación";"Hombres";"Exito"
"2016-2017";"..";"Trabajo social y orientación";"Hombres";"Exito"
"2015-2016";"..";"Trabajo social y orientación";"Hombres";"Exito"
"2022-2023";"92.31";"Total Servicios";"Hombres";"Exito"
"2021-2022";"92.73";"Total Servicios";"Hombres";"Exito"
"2020-2021";"90.56";"Total Servicios";"Hombres";"Exito"
"2019-2020";"92.16";"Total Servicios";"Hombres";"Exito"
"2018-2019";"90.63";"Total Servicios";"Hombres";"Exito"
"2017-2018";"83.08";"Total Servicios";"Hombres";"Exito"
"2016-2017";"85.01";"Total Servicios";"Hombres";"Exito"
"2015-2016";"86.08";"Total Servicios";"Hombres";"Exito"
"2022-2023";"..";"Deportes";"Hombres";"Exito"
"2021-2022";"..";"Deportes";"Hombres";"Exito"
"2020-2021";"..";"Deportes";"Hombres";"Exito"
"2019-2020";"..";"Deportes";"Hombres";"Exito"
"2018-2019";"..";"Deportes";"Hombres";"Exito"
"2017-2018";"..";"Deportes";"Hombres";"Exito"
"2016-2017";"..";"Deportes";"Hombres";"Exito"
"2015-2016";"..";"Deportes";"Hombres";"Exito"
"2022-2023";"92.31";"Turismo y Hostelería";"Hombres";"Exito"
"2021-2022";"92.73";"Turismo y Hostelería";"Hombres";"Exito"
"2020-2021";"90.56";"Turismo y Hostelería";"Hombres";"Exito"
"2019-2020";"92.16";"Turismo y Hostelería";"Hombres";"Exito"
"2018-2019";"90.63";"Turismo y Hostelería";"Hombres";"Exito"
"2017-2018";"83.08";"Turismo y Hostelería";"Hombres";"Exito"
"2016-2017";"85.01";"Turismo y Hostelería";"Hombres";"Exito"
"2015-2016";"86.08";"Turismo y Hostelería";"Hombres";"Exito"
"2022-2023";"..";"Otros Servicios";"Hombres";"Exito"
"2021-2022";"..";"Otros Servicios";"Hombres";"Exito"
"2020-2021";"..";"Otros Servicios";"Hombres";"Exito"
"2019-2020";"..";"Otros Servicios";"Hombres";"Exito"
"2018-2019";"..";"Otros Servicios";"Hombres";"Exito"
"2017-2018";"..";"Otros Servicios";"Hombres";"Exito"
"2016-2017";"..";"Otros Servicios";"Hombres";"Exito"
"2015-2016";"..";"Otros Servicios";"Hombres";"Exito"
"2022-2023";"???";"Burgos";"Hombres";"Evaluacion"
"2021-2022";"???";"Burgos";"Hombres";"Evaluacion"
"2020-2021";"???";"Burgos";"Hombres";"Evaluacion"
"2019-2020";"???";"Burgos";"Hombres";"Evaluacion"
"2018-2019";"???";"Burgos";"Hombres";"Evaluacion"
"2017-2018";"???";"Burgos";"Hombres";"Evaluacion"
"2016-2017";"???";"Burgos";"Hombres";"Evaluacion"
"2015-2016";"???";"Burgos";"Hombres";"Evaluacion"
"2022-2023";"87.58";"Todos los ámbitos";"Hombres";"Evaluacion"
"2021-2022";"86.27";"Todos los ámbitos";"Hombres";"Evaluacion"
"2020-2021";"87.74";"Todos los ámbitos";"Hombres";"Evaluacion"
"2019-2020";"89.7";"Todos los ámbitos";"Hombres";"Evaluacion"
"2018-2019";"89.12";"Todos los ámbitos";"Hombres";"Evaluacion"
"2017-2018";"91.01";"Todos los ámbitos";"Hombres";"Evaluacion"
"2016-2017";"91.15";"Todos los ámbitos";"Hombres";"Evaluacion"
"2015-2016";"91.46";"Todos los ámbitos";"Hombres";"Evaluacion"
"2022-2023";"94.57";"Total Educación";"Hombres";"Evaluacion"
"2021-2022";"94.57";"Total Educación";"Hombres";"Evaluacion"
"2020-2021";"95.54";"Total Educación";"Hombres";"Evaluacion"
"2019-2020";"94.62";"Total Educación";"Hombres";"Evaluacion"
"2018-2019";"93.87";"Total Educación";"Hombres";"Evaluacion"
"2017-2018";"93.94";"Total Educación";"Hombres";"Evaluacion"
"2016-2017";"94.07";"Total Educación";"Hombres";"Evaluacion"
"2015-2016";"94.49";"Total Educación";"Hombres";"Evaluacion"
"2022-2023";"95.76";"Formación de docentes de enseñanza infantil";"Hombres";"Evaluacion"
"2021-2022";"..";"Formación de docentes de enseñanza infantil";"Hombres";"Evaluacion"
"2020-2021";"..";"Formación de docentes de enseñanza infantil";"Hombres";"Evaluacion"
"2019-2020";"92.42";"Formación de docentes de enseñanza infantil";"Hombres";"Evaluacion"
"2018-2019";"93.24";"Formación de docentes de enseñanza infantil";"Hombres";"Evaluacion"
"2017-2018";"..";"Formación de docentes de enseñanza infantil";"Hombres";"Evaluacion"
"2016-2017";"94.78";"Formación de docentes de enseñanza infantil";"Hombres";"Evaluacion"
"2015-2016";"..";"Formación de docentes de enseñanza infantil";"Hombres";"Evaluacion"
"2022-2023";"96.24";"Formación de docentes de enseñanza primaria";"Hombres";"Evaluacion"
"2021-2022";"95.87";"Formación de docentes de enseñanza primaria";"Hombres";"Evaluacion"
"2020-2021";"96.56";"Formación de docentes de enseñanza primaria";"Hombres";"Evaluacion"
"2019-2020";"95.55";"Formación de docentes de enseñanza primaria";"Hombres";"Evaluacion"
"2018-2019";"93.02";"Formación de docentes de enseñanza primaria";"Hombres";"Evaluacion"
"2017-2018";"94.58";"Formación de docentes de enseñanza primaria";"Hombres";"Evaluacion"
"2016-2017";"93.72";"Formación de docentes de enseñanza primaria";"Hombres";"Evaluacion"
"2015-2016";"93.47";"Formación de docentes de enseñanza primaria";"Hombres";"Evaluacion"
"2022-2023";"87.15";"Otra Formación de personal docente y ciencias de la educación";"Hombres";"Evaluacion"
"2021-2022";"90.01";"Otra Formación de personal docente y ciencias de la educación";"Hombres";"Evaluacion"
"2020-2021";"92.63";"Otra Formación de personal docente y ciencias de la educación";"Hombres";"Evaluacion"
"2019-2020";"92.81";"Otra Formación de personal docente y ciencias de la educación";"Hombres";"Evaluacion"
"2018-2019";"96.12";"Otra Formación de personal docente y ciencias de la educación";"Hombres";"Evaluacion"
"2017-2018";"93.54";"Otra Formación de personal docente y ciencias de la educación";"Hombres";"Evaluacion"
"2016-2017";"94.65";"Otra Formación de personal docente y ciencias de la educación";"Hombres";"Evaluacion"
"2015-2016";"96.53";"Otra Formación de personal docente y ciencias de la educación";"Hombres";"Evaluacion"
"2022-2023";"85.42";"Total Artes y humanidades";"Hombres";"Evaluacion"
"2021-2022";"84.13";"Total Artes y humanidades";"Hombres";"Evaluacion"
"2020-2021";"86.21";"Total Artes y humanidades";"Hombres";"Evaluacion"
"2019-2020";"87.28";"Total Artes y humanidades";"Hombres";"Evaluacion"
"2018-2019";"87.86";"Total Artes y humanidades";"Hombres";"Evaluacion"
"2017-2018";"86.77";"Total Artes y humanidades";"Hombres";"Evaluacion"
"2016-2017";"89.3";"Total Artes y humanidades";"Hombres";"Evaluacion"
"2015-2016";"90.67";"Total Artes y humanidades";"Hombres";"Evaluacion"
"2022-2023";"93.02";"Técnicas audiovisuales y medios de comunicación";"Hombres";"Evaluacion"
"2021-2022";"95.02";"Técnicas audiovisuales y medios de comunicación";"Hombres";"Evaluacion"
"2020-2021";"94.92";"Técnicas audiovisuales y medios de comunicación";"Hombres";"Evaluacion"
"2019-2020";"96.83";"Técnicas audiovisuales y medios de comunicación";"Hombres";"Evaluacion"
"2018-2019";"96.04";"Técnicas audiovisuales y medios de comunicación";"Hombres";"Evaluacion"
"2017-2018";"93.1";"Técnicas audiovisuales y medios de comunicación";"Hombres";"Evaluacion"
"2016-2017";"94.73";"Técnicas audiovisuales y medios de comunicación";"Hombres";"Evaluacion"
"2015-2016";"93.9";"Técnicas audiovisuales y medios de comunicación";"Hombres";"Evaluacion"
"2022-2023";"..";"Artes";"Hombres";"Evaluacion"
"2021-2022";"..";"Artes";"Hombres";"Evaluacion"
"2020-2021";"..";"Artes";"Hombres";"Evaluacion"
"2019-2020";"..";"Artes";"Hombres";"Evaluacion"
"2018-2019";"..";"Artes";"Hombres";"Evaluacion"
"2017-2018";"..";"Artes";"Hombres";"Evaluacion"
"2016-2017";"..";"Artes";"Hombres";"Evaluacion"
"2015-2016";"..";"Artes";"Hombres";"Evaluacion"
"2022-2023";"82.59";"Lenguas";"Hombres";"Evaluacion"
"2021-2022";"76.43";"Lenguas";"Hombres";"Evaluacion"
"2020-2021";"75.83";"Lenguas";"Hombres";"Evaluacion"
"2019-2020";"73.52";"Lenguas";"Hombres";"Evaluacion"
"2018-2019";"78.38";"Lenguas";"Hombres";"Evaluacion"
"2017-2018";"77.49";"Lenguas";"Hombres";"Evaluacion"
"2016-2017";"78.26";"Lenguas";"Hombres";"Evaluacion"
"2015-2016";"83.03";"Lenguas";"Hombres";"Evaluacion"
"2022-2023";"81.3";"Humanidades";"Hombres";"Evaluacion"
"2021-2022";"80.04";"Humanidades";"Hombres";"Evaluacion"
"2020-2021";"84.23";"Humanidades";"Hombres";"Evaluacion"
"2019-2020";"83.72";"Humanidades";"Hombres";"Evaluacion"
"2018-2019";"83.5";"Humanidades";"Hombres";"Evaluacion"
"2017-2018";"82.54";"Humanidades";"Hombres";"Evaluacion"
"2016-2017";"85.84";"Humanidades";"Hombres";"Evaluacion"
"2015-2016";"88.61";"Humanidades";"Hombres";"Evaluacion"
"2022-2023";"74.14";"Total Ciencias sociales, periodismo y documentación";"Hombres";"Evaluacion"
"2021-2022";"77.17";"Total Ciencias sociales, periodismo y documentación";"Hombres";"Evaluacion"
"2020-2021";"76.52";"Total Ciencias sociales, periodismo y documentación";"Hombres";"Evaluacion"
"2019-2020";"77.18";"Total Ciencias sociales, periodismo y documentación";"Hombres";"Evaluacion"
"2018-2019";"73.36";"Total Ciencias sociales, periodismo y documentación";"Hombres";"Evaluacion"
"2017-2018";"79.58";"Total Ciencias sociales, periodismo y documentación";"Hombres";"Evaluacion"
"2016-2017";"83.59";"Total Ciencias sociales, periodismo y documentación";"Hombres";"Evaluacion"
"2015-2016";"79.87";"Total Ciencias sociales, periodismo y documentación";"Hombres";"Evaluacion"
"2022-2023";"..";"Psicología";"Hombres";"Evaluacion"
"2021-2022";"..";"Psicología";"Hombres";"Evaluacion"
"2020-2021";"..";"Psicología";"Hombres";"Evaluacion"
"2019-2020";"..";"Psicología";"Hombres";"Evaluacion"
"2018-2019";"..";"Psicología";"Hombres";"Evaluacion"
"2017-2018";"..";"Psicología";"Hombres";"Evaluacion"
"2016-2017";"..";"Psicología";"Hombres";"Evaluacion"
"2015-2016";"..";"Psicología";"Hombres";"Evaluacion"
"2022-2023";"..";"Economía";"Hombres";"Evaluacion"
"2021-2022";"..";"Economía";"Hombres";"Evaluacion"
"2020-2021";"..";"Economía";"Hombres";"Evaluacion"
"2019-2020";"..";"Economía";"Hombres";"Evaluacion"
"2018-2019";"..";"Economía";"Hombres";"Evaluacion"
"2017-2018";"..";"Economía";"Hombres";"Evaluacion"
"2016-2017";"..";"Economía";"Hombres";"Evaluacion"
"2015-2016";"..";"Economía";"Hombres";"Evaluacion"
"2022-2023";"74.14";"Otras Ciencias sociales y del comportamiento";"Hombres";"Evaluacion"
"2021-2022";"77.17";"Otras Ciencias sociales y del comportamiento";"Hombres";"Evaluacion"
"2020-2021";"76.52";"Otras Ciencias sociales y del comportamiento";"Hombres";"Evaluacion"
"2019-2020";"77.18";"Otras Ciencias sociales y del comportamiento";"Hombres";"Evaluacion"
"2018-2019";"73.36";"Otras Ciencias sociales y del comportamiento";"Hombres";"Evaluacion"
"2017-2018";"79.58";"Otras Ciencias sociales y del comportamiento";"Hombres";"Evaluacion"
"2016-2017";"83.59";"Otras Ciencias sociales y del comportamiento";"Hombres";"Evaluacion"
"2015-2016";"79.87";"Otras Ciencias sociales y del comportamiento";"Hombres";"Evaluacion"
"2022-2023";"..";"Periodismo e información";"Hombres";"Evaluacion"
"2021-2022";"..";"Periodismo e información";"Hombres";"Evaluacion"
"2020-2021";"..";"Periodismo e información";"Hombres";"Evaluacion"
"2019-2020";"..";"Periodismo e información";"Hombres";"Evaluacion"
"2018-2019";"..";"Periodismo e información";"Hombres";"Evaluacion"
"2017-2018";"..";"Periodismo e información";"Hombres";"Evaluacion"
"2016-2017";"..";"Periodismo e información";"Hombres";"Evaluacion"
"2015-2016";"..";"Periodismo e información";"Hombres";"Evaluacion"
"2022-2023";"88.15";"Total Negocios, administración y derecho";"Hombres";"Evaluacion"
"2021-2022";"85.66";"Total Negocios, administración y derecho";"Hombres";"Evaluacion"
"2020-2021";"87.01";"Total Negocios, administración y derecho";"Hombres";"Evaluacion"
"2019-2020";"91.04";"Total Negocios, administración y derecho";"Hombres";"Evaluacion"
"2018-2019";"89.65";"Total Negocios, administración y derecho";"Hombres";"Evaluacion"
"2017-2018";"91.93";"Total Negocios, administración y derecho";"Hombres";"Evaluacion"
"2016-2017";"90.93";"Total Negocios, administración y derecho";"Hombres";"Evaluacion"
"2015-2016";"92.04";"Total Negocios, administración y derecho";"Hombres";"Evaluacion"
"2022-2023";"89.11";"Administración y gestión de empresas";"Hombres";"Evaluacion"
"2021-2022";"84.3";"Administración y gestión de empresas";"Hombres";"Evaluacion"
"2020-2021";"83.02";"Administración y gestión de empresas";"Hombres";"Evaluacion"
"2019-2020";"88.31";"Administración y gestión de empresas";"Hombres";"Evaluacion"
"2018-2019";"87.38";"Administración y gestión de empresas";"Hombres";"Evaluacion"
"2017-2018";"90.67";"Administración y gestión de empresas";"Hombres";"Evaluacion"
"2016-2017";"90.59";"Administración y gestión de empresas";"Hombres";"Evaluacion"
"2015-2016";"91.03";"Administración y gestión de empresas";"Hombres";"Evaluacion"
"2022-2023";"79.54";"Otra Educación comercial y empresarial";"Hombres";"Evaluacion"
"2021-2022";"75.28";"Otra Educación comercial y empresarial";"Hombres";"Evaluacion"
"2020-2021";"83.27";"Otra Educación comercial y empresarial";"Hombres";"Evaluacion"
"2019-2020";"90.43";"Otra Educación comercial y empresarial";"Hombres";"Evaluacion"
"2018-2019";"89.81";"Otra Educación comercial y empresarial";"Hombres";"Evaluacion"
"2017-2018";"90.2";"Otra Educación comercial y empresarial";"Hombres";"Evaluacion"
"2016-2017";"90.46";"Otra Educación comercial y empresarial";"Hombres";"Evaluacion"
"2015-2016";"88.45";"Otra Educación comercial y empresarial";"Hombres";"Evaluacion"
"2022-2023";"89.32";"Derecho";"Hombres";"Evaluacion"
"2021-2022";"88.87";"Derecho";"Hombres";"Evaluacion"
"2020-2021";"90.45";"Derecho";"Hombres";"Evaluacion"
"2019-2020";"92.85";"Derecho";"Hombres";"Evaluacion"
"2018-2019";"91.14";"Derecho";"Hombres";"Evaluacion"
"2017-2018";"93.17";"Derecho";"Hombres";"Evaluacion"
"2016-2017";"91.3";"Derecho";"Hombres";"Evaluacion"
"2015-2016";"93.8";"Derecho";"Hombres";"Evaluacion"
"2022-2023";"88.74";"Total Ciencias";"Hombres";"Evaluacion"
"2021-2022";"91.22";"Total Ciencias";"Hombres";"Evaluacion"
"2020-2021";"91.37";"Total Ciencias";"Hombres";"Evaluacion"
"2019-2020";"88.43";"Total Ciencias";"Hombres";"Evaluacion"
"2018-2019";"88.74";"Total Ciencias";"Hombres";"Evaluacion"
"2017-2018";"94.78";"Total Ciencias";"Hombres";"Evaluacion"
"2016-2017";"90.07";"Total Ciencias";"Hombres";"Evaluacion"
"2015-2016";"90.96";"Total Ciencias";"Hombres";"Evaluacion"
"2022-2023";"..";"Ciencias de la vida";"Hombres";"Evaluacion"
"2021-2022";"..";"Ciencias de la vida";"Hombres";"Evaluacion"
"2020-2021";"..";"Ciencias de la vida";"Hombres";"Evaluacion"
"2019-2020";"..";"Ciencias de la vida";"Hombres";"Evaluacion"
"2018-2019";"..";"Ciencias de la vida";"Hombres";"Evaluacion"
"2017-2018";"..";"Ciencias de la vida";"Hombres";"Evaluacion"
"2016-2017";"..";"Ciencias de la vida";"Hombres";"Evaluacion"
"2015-2016";"..";"Ciencias de la vida";"Hombres";"Evaluacion"
"2022-2023";"88.74";"Ciencias Físicas, químicas, geológicas";"Hombres";"Evaluacion"
"2021-2022";"91.22";"Ciencias Físicas, químicas, geológicas";"Hombres";"Evaluacion"
"2020-2021";"91.37";"Ciencias Físicas, químicas, geológicas";"Hombres";"Evaluacion"
"2019-2020";"88.43";"Ciencias Físicas, químicas, geológicas";"Hombres";"Evaluacion"
"2018-2019";"88.74";"Ciencias Físicas, químicas, geológicas";"Hombres";"Evaluacion"
"2017-2018";"94.78";"Ciencias Físicas, químicas, geológicas";"Hombres";"Evaluacion"
"2016-2017";"90.07";"Ciencias Físicas, químicas, geológicas";"Hombres";"Evaluacion"
"2015-2016";"90.96";"Ciencias Físicas, químicas, geológicas";"Hombres";"Evaluacion"
"2022-2023";"..";"Matemáticas y Estadística";"Hombres";"Evaluacion"
"2021-2022";"..";"Matemáticas y Estadística";"Hombres";"Evaluacion"
"2020-2021";"..";"Matemáticas y Estadística";"Hombres";"Evaluacion"
"2019-2020";"..";"Matemáticas y Estadística";"Hombres";"Evaluacion"
"2018-2019";"..";"Matemáticas y Estadística";"Hombres";"Evaluacion"
"2017-2018";"..";"Matemáticas y Estadística";"Hombres";"Evaluacion"
"2016-2017";"..";"Matemáticas y Estadística";"Hombres";"Evaluacion"
"2015-2016";"..";"Matemáticas y Estadística";"Hombres";"Evaluacion"
"2022-2023";"84.14";"Total Informática";"Hombres";"Evaluacion"
"2021-2022";"81.8";"Total Informática";"Hombres";"Evaluacion"
"2020-2021";"83.44";"Total Informática";"Hombres";"Evaluacion"
"2019-2020";"82.9";"Total Informática";"Hombres";"Evaluacion"
"2018-2019";"84.21";"Total Informática";"Hombres";"Evaluacion"
"2017-2018";"88.29";"Total Informática";"Hombres";"Evaluacion"
"2016-2017";"88.98";"Total Informática";"Hombres";"Evaluacion"
"2015-2016";"88.75";"Total Informática";"Hombres";"Evaluacion"
"2022-2023";"84.14";"Informática";"Hombres";"Evaluacion"
"2021-2022";"81.8";"Informática";"Hombres";"Evaluacion"
"2020-2021";"83.44";"Informática";"Hombres";"Evaluacion"
"2019-2020";"82.9";"Informática";"Hombres";"Evaluacion"
"2018-2019";"84.21";"Informática";"Hombres";"Evaluacion"
"2017-2018";"88.29";"Informática";"Hombres";"Evaluacion"
"2016-2017";"88.98";"Informática";"Hombres";"Evaluacion"
"2015-2016";"88.75";"Informática";"Hombres";"Evaluacion"
"2022-2023";"88.22";"Total Ingeniería, industria y construcción";"Hombres";"Evaluacion"
"2021-2022";"87.21";"Total Ingeniería, industria y construcción";"Hombres";"Evaluacion"
"2020-2021";"88.61";"Total Ingeniería, industria y construcción";"Hombres";"Evaluacion"
"2019-2020";"92.66";"Total Ingeniería, industria y construcción";"Hombres";"Evaluacion"
"2018-2019";"91.01";"Total Ingeniería, industria y construcción";"Hombres";"Evaluacion"
"2017-2018";"92.63";"Total Ingeniería, industria y construcción";"Hombres";"Evaluacion"
"2016-2017";"91.54";"Total Ingeniería, industria y construcción";"Hombres";"Evaluacion"
"2015-2016";"91.23";"Total Ingeniería, industria y construcción";"Hombres";"Evaluacion"
"2022-2023";"90.35";"Ingenierías";"Hombres";"Evaluacion"
"2021-2022";"89.27";"Ingenierías";"Hombres";"Evaluacion"
"2020-2021";"89.85";"Ingenierías";"Hombres";"Evaluacion"
"2019-2020";"93.75";"Ingenierías";"Hombres";"Evaluacion"
"2018-2019";"92.36";"Ingenierías";"Hombres";"Evaluacion"
"2017-2018";"93.66";"Ingenierías";"Hombres";"Evaluacion"
"2016-2017";"93.09";"Ingenierías";"Hombres";"Evaluacion"
"2015-2016";"92.99";"Ingenierías";"Hombres";"Evaluacion"
"2022-2023";"77.12";"Arquitectura y construcción";"Hombres";"Evaluacion"
"2021-2022";"76.27";"Arquitectura y construcción";"Hombres";"Evaluacion"
"2020-2021";"81.63";"Arquitectura y construcción";"Hombres";"Evaluacion"
"2019-2020";"85.76";"Arquitectura y construcción";"Hombres";"Evaluacion"
"2018-2019";"83.24";"Arquitectura y construcción";"Hombres";"Evaluacion"
"2017-2018";"87.75";"Arquitectura y construcción";"Hombres";"Evaluacion"
"2016-2017";"86.19";"Arquitectura y construcción";"Hombres";"Evaluacion"
"2015-2016";"86.39";"Arquitectura y construcción";"Hombres";"Evaluacion"
"2022-2023";"89.92";"Total Agricultura, ganadería,  silvicultura, pesca, y veterinaria";"Hombres";"Evaluacion"
"2021-2022";"91.09";"Total Agricultura, ganadería,  silvicultura, pesca, y veterinaria";"Hombres";"Evaluacion"
"2020-2021";"90.91";"Total Agricultura, ganadería,  silvicultura, pesca, y veterinaria";"Hombres";"Evaluacion"
"2019-2020";"92.7";"Total Agricultura, ganadería,  silvicultura, pesca, y veterinaria";"Hombres";"Evaluacion"
"2018-2019";"92.94";"Total Agricultura, ganadería,  silvicultura, pesca, y veterinaria";"Hombres";"Evaluacion"
"2017-2018";"94.64";"Total Agricultura, ganadería,  silvicultura, pesca, y veterinaria";"Hombres";"Evaluacion"
"2016-2017";"96.31";"Total Agricultura, ganadería,  silvicultura, pesca, y veterinaria";"Hombres";"Evaluacion"
"2015-2016";"93.47";"Total Agricultura, ganadería,  silvicultura, pesca, y veterinaria";"Hombres";"Evaluacion"
"2022-2023";"89.92";"Agricultura, ganadería y pesca";"Hombres";"Evaluacion"
"2021-2022";"91.09";"Agricultura, ganadería y pesca";"Hombres";"Evaluacion"
"2020-2021";"90.91";"Agricultura, ganadería y pesca";"Hombres";"Evaluacion"
"2019-2020";"92.7";"Agricultura, ganadería y pesca";"Hombres";"Evaluacion"
"2018-2019";"92.94";"Agricultura, ganadería y pesca";"Hombres";"Evaluacion"
"2017-2018";"94.64";"Agricultura, ganadería y pesca";"Hombres";"Evaluacion"
"2016-2017";"96.31";"Agricultura, ganadería y pesca";"Hombres";"Evaluacion"
"2015-2016";"93.47";"Agricultura, ganadería y pesca";"Hombres";"Evaluacion"
"2022-2023";"..";"Veterinaria";"Hombres";"Evaluacion"
"2021-2022";"..";"Veterinaria";"Hombres";"Evaluacion"
"2020-2021";"..";"Veterinaria";"Hombres";"Evaluacion"
"2019-2020";"..";"Veterinaria";"Hombres";"Evaluacion"
"2018-2019";"..";"Veterinaria";"Hombres";"Evaluacion"
"2017-2018";"..";"Veterinaria";"Hombres";"Evaluacion"
"2016-2017";"..";"Veterinaria";"Hombres";"Evaluacion"
"2015-2016";"..";"Veterinaria";"Hombres";"Evaluacion"
"2022-2023";"96.87";"Total Salud y servicios sociales";"Hombres";"Evaluacion"
"2021-2022";"96.04";"Total Salud y servicios sociales";"Hombres";"Evaluacion"
"2020-2021";"97.33";"Total Salud y servicios sociales";"Hombres";"Evaluacion"
"2019-2020";"96.14";"Total Salud y servicios sociales";"Hombres";"Evaluacion"
"2018-2019";"97.61";"Total Salud y servicios sociales";"Hombres";"Evaluacion"
"2017-2018";"98.57";"Total Salud y servicios sociales";"Hombres";"Evaluacion"
"2016-2017";"97.65";"Total Salud y servicios sociales";"Hombres";"Evaluacion"
"2015-2016";"98.86";"Total Salud y servicios sociales";"Hombres";"Evaluacion"
"2022-2023";"..";"Medicina";"Hombres";"Evaluacion"
"2021-2022";"..";"Medicina";"Hombres";"Evaluacion"
"2020-2021";"..";"Medicina";"Hombres";"Evaluacion"
"2019-2020";"..";"Medicina";"Hombres";"Evaluacion"
"2018-2019";"..";"Medicina";"Hombres";"Evaluacion"
"2017-2018";"..";"Medicina";"Hombres";"Evaluacion"
"2016-2017";"..";"Medicina";"Hombres";"Evaluacion"
"2015-2016";"..";"Medicina";"Hombres";"Evaluacion"
"2022-2023";"98.21";"Enfermería y atención a enfermos";"Hombres";"Evaluacion"
"2021-2022";"95.38";"Enfermería y atención a enfermos";"Hombres";"Evaluacion"
"2020-2021";"96.47";"Enfermería y atención a enfermos";"Hombres";"Evaluacion"
"2019-2020";"97.07";"Enfermería y atención a enfermos";"Hombres";"Evaluacion"
"2018-2019";"99.66";"Enfermería y atención a enfermos";"Hombres";"Evaluacion"
"2017-2018";"99.7";"Enfermería y atención a enfermos";"Hombres";"Evaluacion"
"2016-2017";"99.58";"Enfermería y atención a enfermos";"Hombres";"Evaluacion"
"2015-2016";"100.0";"Enfermería y atención a enfermos";"Hombres";"Evaluacion"
"2022-2023";"96.32";"Otras ciencias de la Salud";"Hombres";"Evaluacion"
"2021-2022";"96.28";"Otras ciencias de la Salud";"Hombres";"Evaluacion"
"2020-2021";"97.73";"Otras ciencias de la Salud";"Hombres";"Evaluacion"
"2019-2020";"95.56";"Otras ciencias de la Salud";"Hombres";"Evaluacion"
"2018-2019";"96.2";"Otras ciencias de la Salud";"Hombres";"Evaluacion"
"2017-2018";"97.58";"Otras ciencias de la Salud";"Hombres";"Evaluacion"
"2016-2017";"95.85";"Otras ciencias de la Salud";"Hombres";"Evaluacion"
"2015-2016";"97.72";"Otras ciencias de la Salud";"Hombres";"Evaluacion"
"2022-2023";"..";"Trabajo social y orientación";"Hombres";"Evaluacion"
"2021-2022";"..";"Trabajo social y orientación";"Hombres";"Evaluacion"
"2020-2021";"..";"Trabajo social y orientación";"Hombres";"Evaluacion"
"2019-2020";"..";"Trabajo social y orientación";"Hombres";"Evaluacion"
"2018-2019";"..";"Trabajo social y orientación";"Hombres";"Evaluacion"
"2017-2018";"..";"Trabajo social y orientación";"Hombres";"Evaluacion"
"2016-2017";"..";"Trabajo social y orientación";"Hombres";"Evaluacion"
"2015-2016";"..";"Trabajo social y orientación";"Hombres";"Evaluacion"
"2022-2023";"86.67";"Total Servicios";"Hombres";"Evaluacion"
"2021-2022";"81.71";"Total Servicios";"Hombres";"Evaluacion"
"2020-2021";"86.67";"Total Servicios";"Hombres";"Evaluacion"
"2019-2020";"77.23";"Total Servicios";"Hombres";"Evaluacion"
"2018-2019";"78.29";"Total Servicios";"Hombres";"Evaluacion"
"2017-2018";"89.66";"Total Servicios";"Hombres";"Evaluacion"
"2016-2017";"91.97";"Total Servicios";"Hombres";"Evaluacion"
"2015-2016";"90.82";"Total Servicios";"Hombres";"Evaluacion"
"2022-2023";"..";"Deportes";"Hombres";"Evaluacion"
"2021-2022";"..";"Deportes";"Hombres";"Evaluacion"
"2020-2021";"..";"Deportes";"Hombres";"Evaluacion"
"2019-2020";"..";"Deportes";"Hombres";"Evaluacion"
"2018-2019";"..";"Deportes";"Hombres";"Evaluacion"
"2017-2018";"..";"Deportes";"Hombres";"Evaluacion"
"2016-2017";"..";"Deportes";"Hombres";"Evaluacion"
"2015-2016";"..";"Deportes";"Hombres";"Evaluacion"
"2022-2023";"86.67";"Turismo y Hostelería";"Hombres";"Evaluacion"
"2021-2022";"81.71";"Turismo y Hostelería";"Hombres";"Evaluacion"
"2020-2021";"86.67";"Turismo y Hostelería";"Hombres";"Evaluacion"
"2019-2020";"77.23";"Turismo y Hostelería";"Hombres";"Evaluacion"
"2018-2019";"78.29";"Turismo y Hostelería";"Hombres";"Evaluacion"
"2017-2018";"89.66";"Turismo y Hostelería";"Hombres";"Evaluacion"
"2016-2017";"91.97";"Turismo y Hostelería";"Hombres";"Evaluacion"
"2015-2016";"90.82";"Turismo y Hostelería";"Hombres";"Evaluacion"
"2022-2023";"..";"Otros Servicios";"Hombres";"Evaluacion"
"2021-2022";"..";"Otros Servicios";"Hombres";"Evaluacion"
"2020-2021";"..";"Otros Servicios";"Hombres";"Evaluacion"
"2019-2020";"..";"Otros Servicios";"Hombres";"Evaluacion"
"2018-2019";"..";"Otros Servicios";"Hombres";"Evaluacion"
"2017-2018";"..";"Otros Servicios";"Hombres";"Evaluacion"
"2016-2017";"..";"Otros Servicios";"Hombres";"Evaluacion"
"2015-2016";"..";"Otros Servicios";"Hombres";"Evaluacion"
"2022-2023";"???";"Burgos";"Mujeres";"Rendimiento"
"2021-2022";"???";"Burgos";"Mujeres";"Rendimiento"
"2020-2021";"???";"Burgos";"Mujeres";"Rendimiento"
"2019-2020";"???";"Burgos";"Mujeres";"Rendimiento"
"2018-2019";"???";"Burgos";"Mujeres";"Rendimiento"
"2017-2018";"???";"Burgos";"Mujeres";"Rendimiento"
"2016-2017";"???";"Burgos";"Mujeres";"Rendimiento"
"2015-2016";"???";"Burgos";"Mujeres";"Rendimiento"
"2022-2023";"81.85";"Todos los ámbitos";"Mujeres";"Rendimiento"
"2021-2022";"82.34";"Todos los ámbitos";"Mujeres";"Rendimiento"
"2020-2021";"84.43";"Todos los ámbitos";"Mujeres";"Rendimiento"
"2019-2020";"87.96";"Todos los ámbitos";"Mujeres";"Rendimiento"
"2018-2019";"84.66";"Todos los ámbitos";"Mujeres";"Rendimiento"
"2017-2018";"85.2";"Todos los ámbitos";"Mujeres";"Rendimiento"
"2016-2017";"85.33";"Todos los ámbitos";"Mujeres";"Rendimiento"
"2015-2016";"86.38";"Todos los ámbitos";"Mujeres";"Rendimiento"
"2022-2023";"91.49";"Total Educación";"Mujeres";"Rendimiento"
"2021-2022";"91.06";"Total Educación";"Mujeres";"Rendimiento"
"2020-2021";"92.98";"Total Educación";"Mujeres";"Rendimiento"
"2019-2020";"94.58";"Total Educación";"Mujeres";"Rendimiento"
"2018-2019";"93.04";"Total Educación";"Mujeres";"Rendimiento"
"2017-2018";"92.46";"Total Educación";"Mujeres";"Rendimiento"
"2016-2017";"92.67";"Total Educación";"Mujeres";"Rendimiento"
"2015-2016";"92.67";"Total Educación";"Mujeres";"Rendimiento"
"2022-2023";"91.47";"Formación de docentes de enseñanza infantil";"Mujeres";"Rendimiento"
"2021-2022";"93.43";"Formación de docentes de enseñanza infantil";"Mujeres";"Rendimiento"
"2020-2021";"93.71";"Formación de docentes de enseñanza infantil";"Mujeres";"Rendimiento"
"2019-2020";"95.64";"Formación de docentes de enseñanza infantil";"Mujeres";"Rendimiento"
"2018-2019";"94.14";"Formación de docentes de enseñanza infantil";"Mujeres";"Rendimiento"
"2017-2018";"93.22";"Formación de docentes de enseñanza infantil";"Mujeres";"Rendimiento"
"2016-2017";"95.12";"Formación de docentes de enseñanza infantil";"Mujeres";"Rendimiento"
"2015-2016";"92.51";"Formación de docentes de enseñanza infantil";"Mujeres";"Rendimiento"
"2022-2023";"92.0";"Formación de docentes de enseñanza primaria";"Mujeres";"Rendimiento"
"2021-2022";"90.81";"Formación de docentes de enseñanza primaria";"Mujeres";"Rendimiento"
"2020-2021";"92.63";"Formación de docentes de enseñanza primaria";"Mujeres";"Rendimiento"
"2019-2020";"93.91";"Formación de docentes de enseñanza primaria";"Mujeres";"Rendimiento"
"2018-2019";"91.7";"Formación de docentes de enseñanza primaria";"Mujeres";"Rendimiento"
"2017-2018";"91.5";"Formación de docentes de enseñanza primaria";"Mujeres";"Rendimiento"
"2016-2017";"89.67";"Formación de docentes de enseñanza primaria";"Mujeres";"Rendimiento"
"2015-2016";"90.98";"Formación de docentes de enseñanza primaria";"Mujeres";"Rendimiento"
"2022-2023";"91.08";"Otra Formación de personal docente y ciencias de la educación";"Mujeres";"Rendimiento"
"2021-2022";"90.02";"Otra Formación de personal docente y ciencias de la educación";"Mujeres";"Rendimiento"
"2020-2021";"92.86";"Otra Formación de personal docente y ciencias de la educación";"Mujeres";"Rendimiento"
"2019-2020";"94.55";"Otra Formación de personal docente y ciencias de la educación";"Mujeres";"Rendimiento"
"2018-2019";"93.4";"Otra Formación de personal docente y ciencias de la educación";"Mujeres";"Rendimiento"
"2017-2018";"92.7";"Otra Formación de personal docente y ciencias de la educación";"Mujeres";"Rendimiento"
"2016-2017";"93.69";"Otra Formación de personal docente y ciencias de la educación";"Mujeres";"Rendimiento"
"2015-2016";"94.24";"Otra Formación de personal docente y ciencias de la educación";"Mujeres";"Rendimiento"
"2022-2023";"82.4";"Total Artes y humanidades";"Mujeres";"Rendimiento"
"2021-2022";"83.23";"Total Artes y humanidades";"Mujeres";"Rendimiento"
"2020-2021";"83.81";"Total Artes y humanidades";"Mujeres";"Rendimiento"
"2019-2020";"83.78";"Total Artes y humanidades";"Mujeres";"Rendimiento"
"2018-2019";"85.02";"Total Artes y humanidades";"Mujeres";"Rendimiento"
"2017-2018";"84.35";"Total Artes y humanidades";"Mujeres";"Rendimiento"
"2016-2017";"86.94";"Total Artes y humanidades";"Mujeres";"Rendimiento"
"2015-2016";"88.0";"Total Artes y humanidades";"Mujeres";"Rendimiento"
"2022-2023";"87.65";"Técnicas audiovisuales y medios de comunicación";"Mujeres";"Rendimiento"
"2021-2022";"89.33";"Técnicas audiovisuales y medios de comunicación";"Mujeres";"Rendimiento"
"2020-2021";"91.1";"Técnicas audiovisuales y medios de comunicación";"Mujeres";"Rendimiento"
"2019-2020";"90.29";"Técnicas audiovisuales y medios de comunicación";"Mujeres";"Rendimiento"
"2018-2019";"90.42";"Técnicas audiovisuales y medios de comunicación";"Mujeres";"Rendimiento"
"2017-2018";"91.65";"Técnicas audiovisuales y medios de comunicación";"Mujeres";"Rendimiento"
"2016-2017";"90.63";"Técnicas audiovisuales y medios de comunicación";"Mujeres";"Rendimiento"
"2015-2016";"90.67";"Técnicas audiovisuales y medios de comunicación";"Mujeres";"Rendimiento"
"2022-2023";"..";"Artes";"Mujeres";"Rendimiento"
"2021-2022";"..";"Artes";"Mujeres";"Rendimiento"
"2020-2021";"..";"Artes";"Mujeres";"Rendimiento"
"2019-2020";"..";"Artes";"Mujeres";"Rendimiento"
"2018-2019";"..";"Artes";"Mujeres";"Rendimiento"
"2017-2018";"..";"Artes";"Mujeres";"Rendimiento"
"2016-2017";"..";"Artes";"Mujeres";"Rendimiento"
"2015-2016";"..";"Artes";"Mujeres";"Rendimiento"
"2022-2023";"82.19";"Lenguas";"Mujeres";"Rendimiento"
"2021-2022";"81.07";"Lenguas";"Mujeres";"Rendimiento"
"2020-2021";"78.91";"Lenguas";"Mujeres";"Rendimiento"
"2019-2020";"79.44";"Lenguas";"Mujeres";"Rendimiento"
"2018-2019";"80.78";"Lenguas";"Mujeres";"Rendimiento"
"2017-2018";"74.92";"Lenguas";"Mujeres";"Rendimiento"
"2016-2017";"81.91";"Lenguas";"Mujeres";"Rendimiento"
"2015-2016";"84.1";"Lenguas";"Mujeres";"Rendimiento"
"2022-2023";"76.18";"Humanidades";"Mujeres";"Rendimiento"
"2021-2022";"78.36";"Humanidades";"Mujeres";"Rendimiento"
"2020-2021";"78.88";"Humanidades";"Mujeres";"Rendimiento"
"2019-2020";"76.98";"Humanidades";"Mujeres";"Rendimiento"
"2018-2019";"78.3";"Humanidades";"Mujeres";"Rendimiento"
"2017-2018";"78.24";"Humanidades";"Mujeres";"Rendimiento"
"2016-2017";"81.84";"Humanidades";"Mujeres";"Rendimiento"
"2015-2016";"83.31";"Humanidades";"Mujeres";"Rendimiento"
"2022-2023";"62.9";"Total Ciencias sociales, periodismo y documentación";"Mujeres";"Rendimiento"
"2021-2022";"74.73";"Total Ciencias sociales, periodismo y documentación";"Mujeres";"Rendimiento"
"2020-2021";"69.81";"Total Ciencias sociales, periodismo y documentación";"Mujeres";"Rendimiento"
"2019-2020";"78.28";"Total Ciencias sociales, periodismo y documentación";"Mujeres";"Rendimiento"
"2018-2019";"73.88";"Total Ciencias sociales, periodismo y documentación";"Mujeres";"Rendimiento"
"2017-2018";"76.7";"Total Ciencias sociales, periodismo y documentación";"Mujeres";"Rendimiento"
"2016-2017";"76.45";"Total Ciencias sociales, periodismo y documentación";"Mujeres";"Rendimiento"
"2015-2016";"76.33";"Total Ciencias sociales, periodismo y documentación";"Mujeres";"Rendimiento"
"2022-2023";"..";"Psicología";"Mujeres";"Rendimiento"
"2021-2022";"..";"Psicología";"Mujeres";"Rendimiento"
"2020-2021";"..";"Psicología";"Mujeres";"Rendimiento"
"2019-2020";"..";"Psicología";"Mujeres";"Rendimiento"
"2018-2019";"..";"Psicología";"Mujeres";"Rendimiento"
"2017-2018";"..";"Psicología";"Mujeres";"Rendimiento"
"2016-2017";"..";"Psicología";"Mujeres";"Rendimiento"
"2015-2016";"..";"Psicología";"Mujeres";"Rendimiento"
"2022-2023";"..";"Economía";"Mujeres";"Rendimiento"
"2021-2022";"..";"Economía";"Mujeres";"Rendimiento"
"2020-2021";"..";"Economía";"Mujeres";"Rendimiento"
"2019-2020";"..";"Economía";"Mujeres";"Rendimiento"
"2018-2019";"..";"Economía";"Mujeres";"Rendimiento"
"2017-2018";"..";"Economía";"Mujeres";"Rendimiento"
"2016-2017";"..";"Economía";"Mujeres";"Rendimiento"
"2015-2016";"..";"Economía";"Mujeres";"Rendimiento"
"2022-2023";"62.9";"Otras Ciencias sociales y del comportamiento";"Mujeres";"Rendimiento"
"2021-2022";"74.73";"Otras Ciencias sociales y del comportamiento";"Mujeres";"Rendimiento"
"2020-2021";"69.81";"Otras Ciencias sociales y del comportamiento";"Mujeres";"Rendimiento"
"2019-2020";"78.28";"Otras Ciencias sociales y del comportamiento";"Mujeres";"Rendimiento"
"2018-2019";"73.88";"Otras Ciencias sociales y del comportamiento";"Mujeres";"Rendimiento"
"2017-2018";"76.7";"Otras Ciencias sociales y del comportamiento";"Mujeres";"Rendimiento"
"2016-2017";"76.45";"Otras Ciencias sociales y del comportamiento";"Mujeres";"Rendimiento"
"2015-2016";"76.33";"Otras Ciencias sociales y del comportamiento";"Mujeres";"Rendimiento"
"2022-2023";"..";"Periodismo e información";"Mujeres";"Rendimiento"
"2021-2022";"..";"Periodismo e información";"Mujeres";"Rendimiento"
"2020-2021";"..";"Periodismo e información";"Mujeres";"Rendimiento"
"2019-2020";"..";"Periodismo e información";"Mujeres";"Rendimiento"
"2018-2019";"..";"Periodismo e información";"Mujeres";"Rendimiento"
"2017-2018";"..";"Periodismo e información";"Mujeres";"Rendimiento"
"2016-2017";"..";"Periodismo e información";"Mujeres";"Rendimiento"
"2015-2016";"..";"Periodismo e información";"Mujeres";"Rendimiento"
"2022-2023";"71.61";"Total Negocios, administración y derecho";"Mujeres";"Rendimiento"
"2021-2022";"71.71";"Total Negocios, administración y derecho";"Mujeres";"Rendimiento"
"2020-2021";"75.8";"Total Negocios, administración y derecho";"Mujeres";"Rendimiento"
"2019-2020";"83.62";"Total Negocios, administración y derecho";"Mujeres";"Rendimiento"
"2018-2019";"77.44";"Total Negocios, administración y derecho";"Mujeres";"Rendimiento"
"2017-2018";"79.07";"Total Negocios, administración y derecho";"Mujeres";"Rendimiento"
"2016-2017";"79.21";"Total Negocios, administración y derecho";"Mujeres";"Rendimiento"
"2015-2016";"81.44";"Total Negocios, administración y derecho";"Mujeres";"Rendimiento"
"2022-2023";"65.93";"Administración y gestión de empresas";"Mujeres";"Rendimiento"
"2021-2022";"69.11";"Administración y gestión de empresas";"Mujeres";"Rendimiento"
"2020-2021";"77.46";"Administración y gestión de empresas";"Mujeres";"Rendimiento"
"2019-2020";"80.02";"Administración y gestión de empresas";"Mujeres";"Rendimiento"
"2018-2019";"77.62";"Administración y gestión de empresas";"Mujeres";"Rendimiento"
"2017-2018";"75.06";"Administración y gestión de empresas";"Mujeres";"Rendimiento"
"2016-2017";"78.83";"Administración y gestión de empresas";"Mujeres";"Rendimiento"
"2015-2016";"80.46";"Administración y gestión de empresas";"Mujeres";"Rendimiento"
"2022-2023";"69.96";"Otra Educación comercial y empresarial";"Mujeres";"Rendimiento"
"2021-2022";"63.03";"Otra Educación comercial y empresarial";"Mujeres";"Rendimiento"
"2020-2021";"70.75";"Otra Educación comercial y empresarial";"Mujeres";"Rendimiento"
"2019-2020";"76.07";"Otra Educación comercial y empresarial";"Mujeres";"Rendimiento"
"2018-2019";"74.7";"Otra Educación comercial y empresarial";"Mujeres";"Rendimiento"
"2017-2018";"85.63";"Otra Educación comercial y empresarial";"Mujeres";"Rendimiento"
"2016-2017";"78.94";"Otra Educación comercial y empresarial";"Mujeres";"Rendimiento"
"2015-2016";"83.96";"Otra Educación comercial y empresarial";"Mujeres";"Rendimiento"
"2022-2023";"74.15";"Derecho";"Mujeres";"Rendimiento"
"2021-2022";"73.77";"Derecho";"Mujeres";"Rendimiento"
"2020-2021";"75.84";"Derecho";"Mujeres";"Rendimiento"
"2019-2020";"86.23";"Derecho";"Mujeres";"Rendimiento"
"2018-2019";"77.73";"Derecho";"Mujeres";"Rendimiento"
"2017-2018";"80.37";"Derecho";"Mujeres";"Rendimiento"
"2016-2017";"79.52";"Derecho";"Mujeres";"Rendimiento"
"2015-2016";"81.57";"Derecho";"Mujeres";"Rendimiento"
"2022-2023";"66.13";"Total Ciencias";"Mujeres";"Rendimiento"
"2021-2022";"70.99";"Total Ciencias";"Mujeres";"Rendimiento"
"2020-2021";"73.78";"Total Ciencias";"Mujeres";"Rendimiento"
"2019-2020";"83.65";"Total Ciencias";"Mujeres";"Rendimiento"
"2018-2019";"72.42";"Total Ciencias";"Mujeres";"Rendimiento"
"2017-2018";"72.21";"Total Ciencias";"Mujeres";"Rendimiento"
"2016-2017";"68.39";"Total Ciencias";"Mujeres";"Rendimiento"
"2015-2016";"74.9";"Total Ciencias";"Mujeres";"Rendimiento"
"2022-2023";"..";"Ciencias de la vida";"Mujeres";"Rendimiento"
"2021-2022";"..";"Ciencias de la vida";"Mujeres";"Rendimiento"
"2020-2021";"..";"Ciencias de la vida";"Mujeres";"Rendimiento"
"2019-2020";"..";"Ciencias de la vida";"Mujeres";"Rendimiento"
"2018-2019";"..";"Ciencias de la vida";"Mujeres";"Rendimiento"
"2017-2018";"..";"Ciencias de la vida";"Mujeres";"Rendimiento"
"2016-2017";"..";"Ciencias de la vida";"Mujeres";"Rendimiento"
"2015-2016";"..";"Ciencias de la vida";"Mujeres";"Rendimiento"
"2022-2023";"66.13";"Ciencias Físicas, químicas, geológicas";"Mujeres";"Rendimiento"
"2021-2022";"70.99";"Ciencias Físicas, químicas, geológicas";"Mujeres";"Rendimiento"
"2020-2021";"73.78";"Ciencias Físicas, químicas, geológicas";"Mujeres";"Rendimiento"
"2019-2020";"83.65";"Ciencias Físicas, químicas, geológicas";"Mujeres";"Rendimiento"
"2018-2019";"72.42";"Ciencias Físicas, químicas, geológicas";"Mujeres";"Rendimiento"
"2017-2018";"72.21";"Ciencias Físicas, químicas, geológicas";"Mujeres";"Rendimiento"
"2016-2017";"68.39";"Ciencias Físicas, químicas, geológicas";"Mujeres";"Rendimiento"
"2015-2016";"74.9";"Ciencias Físicas, químicas, geológicas";"Mujeres";"Rendimiento"
"2022-2023";"..";"Matemáticas y Estadística";"Mujeres";"Rendimiento"
"2021-2022";"..";"Matemáticas y Estadística";"Mujeres";"Rendimiento"
"2020-2021";"..";"Matemáticas y Estadística";"Mujeres";"Rendimiento"
"2019-2020";"..";"Matemáticas y Estadística";"Mujeres";"Rendimiento"
"2018-2019";"..";"Matemáticas y Estadística";"Mujeres";"Rendimiento"
"2017-2018";"..";"Matemáticas y Estadística";"Mujeres";"Rendimiento"
"2016-2017";"..";"Matemáticas y Estadística";"Mujeres";"Rendimiento"
"2015-2016";"..";"Matemáticas y Estadística";"Mujeres";"Rendimiento"
"2022-2023";"71.87";"Total Informática";"Mujeres";"Rendimiento"
"2021-2022";"66.55";"Total Informática";"Mujeres";"Rendimiento"
"2020-2021";"67.68";"Total Informática";"Mujeres";"Rendimiento"
"2019-2020";"68.06";"Total Informática";"Mujeres";"Rendimiento"
"2018-2019";"59.55";"Total Informática";"Mujeres";"Rendimiento"
"2017-2018";"69.2";"Total Informática";"Mujeres";"Rendimiento"
"2016-2017";"70.81";"Total Informática";"Mujeres";"Rendimiento"
"2015-2016";"75.6";"Total Informática";"Mujeres";"Rendimiento"
"2022-2023";"71.87";"Informática";"Mujeres";"Rendimiento"
"2021-2022";"66.55";"Informática";"Mujeres";"Rendimiento"
"2020-2021";"67.68";"Informática";"Mujeres";"Rendimiento"
"2019-2020";"68.06";"Informática";"Mujeres";"Rendimiento"
"2018-2019";"59.55";"Informática";"Mujeres";"Rendimiento"
"2017-2018";"69.2";"Informática";"Mujeres";"Rendimiento"
"2016-2017";"70.81";"Informática";"Mujeres";"Rendimiento"
"2015-2016";"75.6";"Informática";"Mujeres";"Rendimiento"
"2022-2023";"69.66";"Total Ingeniería, industria y construcción";"Mujeres";"Rendimiento"
"2021-2022";"69.82";"Total Ingeniería, industria y construcción";"Mujeres";"Rendimiento"
"2020-2021";"73.45";"Total Ingeniería, industria y construcción";"Mujeres";"Rendimiento"
"2019-2020";"82.38";"Total Ingeniería, industria y construcción";"Mujeres";"Rendimiento"
"2018-2019";"75.46";"Total Ingeniería, industria y construcción";"Mujeres";"Rendimiento"
"2017-2018";"75.37";"Total Ingeniería, industria y construcción";"Mujeres";"Rendimiento"
"2016-2017";"74.0";"Total Ingeniería, industria y construcción";"Mujeres";"Rendimiento"
"2015-2016";"76.23";"Total Ingeniería, industria y construcción";"Mujeres";"Rendimiento"
"2022-2023";"72.2";"Ingenierías";"Mujeres";"Rendimiento"
"2021-2022";"74.19";"Ingenierías";"Mujeres";"Rendimiento"
"2020-2021";"76.65";"Ingenierías";"Mujeres";"Rendimiento"
"2019-2020";"82.93";"Ingenierías";"Mujeres";"Rendimiento"
"2018-2019";"74.48";"Ingenierías";"Mujeres";"Rendimiento"
"2017-2018";"75.36";"Ingenierías";"Mujeres";"Rendimiento"
"2016-2017";"74.32";"Ingenierías";"Mujeres";"Rendimiento"
"2015-2016";"76.57";"Ingenierías";"Mujeres";"Rendimiento"
"2022-2023";"62.06";"Arquitectura y construcción";"Mujeres";"Rendimiento"
"2021-2022";"55.88";"Arquitectura y construcción";"Mujeres";"Rendimiento"
"2020-2021";"60.66";"Arquitectura y construcción";"Mujeres";"Rendimiento"
"2019-2020";"79.98";"Arquitectura y construcción";"Mujeres";"Rendimiento"
"2018-2019";"79.63";"Arquitectura y construcción";"Mujeres";"Rendimiento"
"2017-2018";"75.39";"Arquitectura y construcción";"Mujeres";"Rendimiento"
"2016-2017";"73.03";"Arquitectura y construcción";"Mujeres";"Rendimiento"
"2015-2016";"75.44";"Arquitectura y construcción";"Mujeres";"Rendimiento"
"2022-2023";"..";"Total Agricultura, ganadería,  silvicultura, pesca, y veterinaria";"Mujeres";"Rendimiento"
"2021-2022";"..";"Total Agricultura, ganadería,  silvicultura, pesca, y veterinaria";"Mujeres";"Rendimiento"
"2020-2021";"79.64";"Total Agricultura, ganadería,  silvicultura, pesca, y veterinaria";"Mujeres";"Rendimiento"
"2019-2020";"81.96";"Total Agricultura, ganadería,  silvicultura, pesca, y veterinaria";"Mujeres";"Rendimiento"
"2018-2019";"72.12";"Total Agricultura, ganadería,  silvicultura, pesca, y veterinaria";"Mujeres";"Rendimiento"
"2017-2018";"..";"Total Agricultura, ganadería,  silvicultura, pesca, y veterinaria";"Mujeres";"Rendimiento"
"2016-2017";"80.78";"Total Agricultura, ganadería,  silvicultura, pesca, y veterinaria";"Mujeres";"Rendimiento"
"2015-2016";"88.06";"Total Agricultura, ganadería,  silvicultura, pesca, y veterinaria";"Mujeres";"Rendimiento"
"2022-2023";"..";"Agricultura, ganadería y pesca";"Mujeres";"Rendimiento"
"2021-2022";"..";"Agricultura, ganadería y pesca";"Mujeres";"Rendimiento"
"2020-2021";"79.64";"Agricultura, ganadería y pesca";"Mujeres";"Rendimiento"
"2019-2020";"81.96";"Agricultura, ganadería y pesca";"Mujeres";"Rendimiento"
"2018-2019";"72.12";"Agricultura, ganadería y pesca";"Mujeres";"Rendimiento"
"2017-2018";"..";"Agricultura, ganadería y pesca";"Mujeres";"Rendimiento"
"2016-2017";"80.78";"Agricultura, ganadería y pesca";"Mujeres";"Rendimiento"
"2015-2016";"88.06";"Agricultura, ganadería y pesca";"Mujeres";"Rendimiento"
"2022-2023";"..";"Veterinaria";"Mujeres";"Rendimiento"
"2021-2022";"..";"Veterinaria";"Mujeres";"Rendimiento"
"2020-2021";"..";"Veterinaria";"Mujeres";"Rendimiento"
"2019-2020";"..";"Veterinaria";"Mujeres";"Rendimiento"
"2018-2019";"..";"Veterinaria";"Mujeres";"Rendimiento"
"2017-2018";"..";"Veterinaria";"Mujeres";"Rendimiento"
"2016-2017";"..";"Veterinaria";"Mujeres";"Rendimiento"
"2015-2016";"..";"Veterinaria";"Mujeres";"Rendimiento"
"2022-2023";"89.95";"Total Salud y servicios sociales";"Mujeres";"Rendimiento"
"2021-2022";"91.35";"Total Salud y servicios sociales";"Mujeres";"Rendimiento"
"2020-2021";"92.18";"Total Salud y servicios sociales";"Mujeres";"Rendimiento"
"2019-2020";"92.3";"Total Salud y servicios sociales";"Mujeres";"Rendimiento"
"2018-2019";"91.92";"Total Salud y servicios sociales";"Mujeres";"Rendimiento"
"2017-2018";"93.45";"Total Salud y servicios sociales";"Mujeres";"Rendimiento"
"2016-2017";"94.61";"Total Salud y servicios sociales";"Mujeres";"Rendimiento"
"2015-2016";"95.45";"Total Salud y servicios sociales";"Mujeres";"Rendimiento"
"2022-2023";"..";"Medicina";"Mujeres";"Rendimiento"
"2021-2022";"..";"Medicina";"Mujeres";"Rendimiento"
"2020-2021";"..";"Medicina";"Mujeres";"Rendimiento"
"2019-2020";"..";"Medicina";"Mujeres";"Rendimiento"
"2018-2019";"..";"Medicina";"Mujeres";"Rendimiento"
"2017-2018";"..";"Medicina";"Mujeres";"Rendimiento"
"2016-2017";"..";"Medicina";"Mujeres";"Rendimiento"
"2015-2016";"..";"Medicina";"Mujeres";"Rendimiento"
"2022-2023";"94.26";"Enfermería y atención a enfermos";"Mujeres";"Rendimiento"
"2021-2022";"94.8";"Enfermería y atención a enfermos";"Mujeres";"Rendimiento"
"2020-2021";"94.92";"Enfermería y atención a enfermos";"Mujeres";"Rendimiento"
"2019-2020";"95.26";"Enfermería y atención a enfermos";"Mujeres";"Rendimiento"
"2018-2019";"94.4";"Enfermería y atención a enfermos";"Mujeres";"Rendimiento"
"2017-2018";"93.98";"Enfermería y atención a enfermos";"Mujeres";"Rendimiento"
"2016-2017";"95.28";"Enfermería y atención a enfermos";"Mujeres";"Rendimiento"
"2015-2016";"97.05";"Enfermería y atención a enfermos";"Mujeres";"Rendimiento"
"2022-2023";"86.68";"Otras ciencias de la Salud";"Mujeres";"Rendimiento"
"2021-2022";"88.65";"Otras ciencias de la Salud";"Mujeres";"Rendimiento"
"2020-2021";"89.81";"Otras ciencias de la Salud";"Mujeres";"Rendimiento"
"2019-2020";"89.57";"Otras ciencias de la Salud";"Mujeres";"Rendimiento"
"2018-2019";"89.47";"Otras ciencias de la Salud";"Mujeres";"Rendimiento"
"2017-2018";"92.99";"Otras ciencias de la Salud";"Mujeres";"Rendimiento"
"2016-2017";"94.06";"Otras ciencias de la Salud";"Mujeres";"Rendimiento"
"2015-2016";"94.1";"Otras ciencias de la Salud";"Mujeres";"Rendimiento"
"2022-2023";"..";"Trabajo social y orientación";"Mujeres";"Rendimiento"
"2021-2022";"..";"Trabajo social y orientación";"Mujeres";"Rendimiento"
"2020-2021";"..";"Trabajo social y orientación";"Mujeres";"Rendimiento"
"2019-2020";"..";"Trabajo social y orientación";"Mujeres";"Rendimiento"
"2018-2019";"..";"Trabajo social y orientación";"Mujeres";"Rendimiento"
"2017-2018";"..";"Trabajo social y orientación";"Mujeres";"Rendimiento"
"2016-2017";"..";"Trabajo social y orientación";"Mujeres";"Rendimiento"
"2015-2016";"..";"Trabajo social y orientación";"Mujeres";"Rendimiento"
"2022-2023";"75.47";"Total Servicios";"Mujeres";"Rendimiento"
"2021-2022";"79.3";"Total Servicios";"Mujeres";"Rendimiento"
"2020-2021";"82.73";"Total Servicios";"Mujeres";"Rendimiento"
"2019-2020";"82.46";"Total Servicios";"Mujeres";"Rendimiento"
"2018-2019";"82.08";"Total Servicios";"Mujeres";"Rendimiento"
"2017-2018";"84.32";"Total Servicios";"Mujeres";"Rendimiento"
"2016-2017";"85.36";"Total Servicios";"Mujeres";"Rendimiento"
"2015-2016";"85.05";"Total Servicios";"Mujeres";"Rendimiento"
"2022-2023";"..";"Deportes";"Mujeres";"Rendimiento"
"2021-2022";"..";"Deportes";"Mujeres";"Rendimiento"
"2020-2021";"..";"Deportes";"Mujeres";"Rendimiento"
"2019-2020";"..";"Deportes";"Mujeres";"Rendimiento"
"2018-2019";"..";"Deportes";"Mujeres";"Rendimiento"
"2017-2018";"..";"Deportes";"Mujeres";"Rendimiento"
"2016-2017";"..";"Deportes";"Mujeres";"Rendimiento"
"2015-2016";"..";"Deportes";"Mujeres";"Rendimiento"
"2022-2023";"75.47";"Turismo y Hostelería";"Mujeres";"Rendimiento"
"2021-2022";"79.3";"Turismo y Hostelería";"Mujeres";"Rendimiento"
"2020-2021";"82.73";"Turismo y Hostelería";"Mujeres";"Rendimiento"
"2019-2020";"82.46";"Turismo y Hostelería";"Mujeres";"Rendimiento"
"2018-2019";"82.08";"Turismo y Hostelería";"Mujeres";"Rendimiento"
"2017-2018";"84.32";"Turismo y Hostelería";"Mujeres";"Rendimiento"
"2016-2017";"85.36";"Turismo y Hostelería";"Mujeres";"Rendimiento"
"2015-2016";"85.05";"Turismo y Hostelería";"Mujeres";"Rendimiento"
"2022-2023";"..";"Otros Servicios";"Mujeres";"Rendimiento"
"2021-2022";"..";"Otros Servicios";"Mujeres";"Rendimiento"
"2020-2021";"..";"Otros Servicios";"Mujeres";"Rendimiento"
"2019-2020";"..";"Otros Servicios";"Mujeres";"Rendimiento"
"2018-2019";"..";"Otros Servicios";"Mujeres";"Rendimiento"
"2017-2018";"..";"Otros Servicios";"Mujeres";"Rendimiento"
"2016-2017";"..";"Otros Servicios";"Mujeres";"Rendimiento"
"2015-2016";"..";"Otros Servicios";"Mujeres";"Rendimiento"
"2022-2023";"???";"Burgos";"Mujeres";"Exito"
"2021-2022";"???";"Burgos";"Mujeres";"Exito"
"2020-2021";"???";"Burgos";"Mujeres";"Exito"
"2019-2020";"???";"Burgos";"Mujeres";"Exito"
"2018-2019";"???";"Burgos";"Mujeres";"Exito"
"2017-2018";"???";"Burgos";"Mujeres";"Exito"
"2016-2017";"???";"Burgos";"Mujeres";"Exito"
"2015-2016";"???";"Burgos";"Mujeres";"Exito"
"2022-2023";"87.52";"Todos los ámbitos";"Mujeres";"Exito"
"2021-2022";"88.45";"Todos los ámbitos";"Mujeres";"Exito"
"2020-2021";"89.7";"Todos los ámbitos";"Mujeres";"Exito"
"2019-2020";"92.3";"Todos los ámbitos";"Mujeres";"Exito"
"2018-2019";"89.27";"Todos los ámbitos";"Mujeres";"Exito"
"2017-2018";"89.12";"Todos los ámbitos";"Mujeres";"Exito"
"2016-2017";"88.76";"Todos los ámbitos";"Mujeres";"Exito"
"2015-2016";"89.82";"Todos los ámbitos";"Mujeres";"Exito"
"2022-2023";"94.02";"Total Educación";"Mujeres";"Exito"
"2021-2022";"93.75";"Total Educación";"Mujeres";"Exito"
"2020-2021";"95.27";"Total Educación";"Mujeres";"Exito"
"2019-2020";"96.43";"Total Educación";"Mujeres";"Exito"
"2018-2019";"95.67";"Total Educación";"Mujeres";"Exito"
"2017-2018";"94.82";"Total Educación";"Mujeres";"Exito"
"2016-2017";"94.65";"Total Educación";"Mujeres";"Exito"
"2015-2016";"95.14";"Total Educación";"Mujeres";"Exito"
"2022-2023";"95.27";"Formación de docentes de enseñanza infantil";"Mujeres";"Exito"
"2021-2022";"95.27";"Formación de docentes de enseñanza infantil";"Mujeres";"Exito"
"2020-2021";"96.34";"Formación de docentes de enseñanza infantil";"Mujeres";"Exito"
"2019-2020";"97.23";"Formación de docentes de enseñanza infantil";"Mujeres";"Exito"
"2018-2019";"96.47";"Formación de docentes de enseñanza infantil";"Mujeres";"Exito"
"2017-2018";"95.0";"Formación de docentes de enseñanza infantil";"Mujeres";"Exito"
"2016-2017";"96.5";"Formación de docentes de enseñanza infantil";"Mujeres";"Exito"
"2015-2016";"95.49";"Formación de docentes de enseñanza infantil";"Mujeres";"Exito"
"2022-2023";"93.61";"Formación de docentes de enseñanza primaria";"Mujeres";"Exito"
"2021-2022";"92.76";"Formación de docentes de enseñanza primaria";"Mujeres";"Exito"
"2020-2021";"94.74";"Formación de docentes de enseñanza primaria";"Mujeres";"Exito"
"2019-2020";"96.08";"Formación de docentes de enseñanza primaria";"Mujeres";"Exito"
"2018-2019";"95.11";"Formación de docentes de enseñanza primaria";"Mujeres";"Exito"
"2017-2018";"94.68";"Formación de docentes de enseñanza primaria";"Mujeres";"Exito"
"2016-2017";"92.35";"Formación de docentes de enseñanza primaria";"Mujeres";"Exito"
"2015-2016";"93.86";"Formación de docentes de enseñanza primaria";"Mujeres";"Exito"
"2022-2023";"93.64";"Otra Formación de personal docente y ciencias de la educación";"Mujeres";"Exito"
"2021-2022";"93.74";"Otra Formación de personal docente y ciencias de la educación";"Mujeres";"Exito"
"2020-2021";"95.11";"Otra Formación de personal docente y ciencias de la educación";"Mujeres";"Exito"
"2019-2020";"96.31";"Otra Formación de personal docente y ciencias de la educación";"Mujeres";"Exito"
"2018-2019";"95.63";"Otra Formación de personal docente y ciencias de la educación";"Mujeres";"Exito"
"2017-2018";"94.82";"Otra Formación de personal docente y ciencias de la educación";"Mujeres";"Exito"
"2016-2017";"95.42";"Otra Formación de personal docente y ciencias de la educación";"Mujeres";"Exito"
"2015-2016";"96.02";"Otra Formación de personal docente y ciencias de la educación";"Mujeres";"Exito"
"2022-2023";"92.85";"Total Artes y humanidades";"Mujeres";"Exito"
"2021-2022";"94.5";"Total Artes y humanidades";"Mujeres";"Exito"
"2020-2021";"94.56";"Total Artes y humanidades";"Mujeres";"Exito"
"2019-2020";"93.31";"Total Artes y humanidades";"Mujeres";"Exito"
"2018-2019";"93.45";"Total Artes y humanidades";"Mujeres";"Exito"
"2017-2018";"92.61";"Total Artes y humanidades";"Mujeres";"Exito"
"2016-2017";"93.42";"Total Artes y humanidades";"Mujeres";"Exito"
"2015-2016";"92.8";"Total Artes y humanidades";"Mujeres";"Exito"
"2022-2023";"90.67";"Técnicas audiovisuales y medios de comunicación";"Mujeres";"Exito"
"2021-2022";"93.34";"Técnicas audiovisuales y medios de comunicación";"Mujeres";"Exito"
"2020-2021";"94.38";"Técnicas audiovisuales y medios de comunicación";"Mujeres";"Exito"
"2019-2020";"93.69";"Técnicas audiovisuales y medios de comunicación";"Mujeres";"Exito"
"2018-2019";"92.36";"Técnicas audiovisuales y medios de comunicación";"Mujeres";"Exito"
"2017-2018";"93.59";"Técnicas audiovisuales y medios de comunicación";"Mujeres";"Exito"
"2016-2017";"93.09";"Técnicas audiovisuales y medios de comunicación";"Mujeres";"Exito"
"2015-2016";"93.01";"Técnicas audiovisuales y medios de comunicación";"Mujeres";"Exito"
"2022-2023";"..";"Artes";"Mujeres";"Exito"
"2021-2022";"..";"Artes";"Mujeres";"Exito"
"2020-2021";"..";"Artes";"Mujeres";"Exito"
"2019-2020";"..";"Artes";"Mujeres";"Exito"
"2018-2019";"..";"Artes";"Mujeres";"Exito"
"2017-2018";"..";"Artes";"Mujeres";"Exito"
"2016-2017";"..";"Artes";"Mujeres";"Exito"
"2015-2016";"..";"Artes";"Mujeres";"Exito"
"2022-2023";"95.35";"Lenguas";"Mujeres";"Exito"
"2021-2022";"95.72";"Lenguas";"Mujeres";"Exito"
"2020-2021";"95.12";"Lenguas";"Mujeres";"Exito"
"2019-2020";"93.47";"Lenguas";"Mujeres";"Exito"
"2018-2019";"95.17";"Lenguas";"Mujeres";"Exito"
"2017-2018";"92.34";"Lenguas";"Mujeres";"Exito"
"2016-2017";"94.49";"Lenguas";"Mujeres";"Exito"
"2015-2016";"92.43";"Lenguas";"Mujeres";"Exito"
"2022-2023";"92.44";"Humanidades";"Mujeres";"Exito"
"2021-2022";"94.56";"Humanidades";"Mujeres";"Exito"
"2020-2021";"94.07";"Humanidades";"Mujeres";"Exito"
"2019-2020";"92.2";"Humanidades";"Mujeres";"Exito"
"2018-2019";"94.07";"Humanidades";"Mujeres";"Exito"
"2017-2018";"90.3";"Humanidades";"Mujeres";"Exito"
"2016-2017";"93.27";"Humanidades";"Mujeres";"Exito"
"2015-2016";"92.45";"Humanidades";"Mujeres";"Exito"
"2022-2023";"85.17";"Total Ciencias sociales, periodismo y documentación";"Mujeres";"Exito"
"2021-2022";"86.88";"Total Ciencias sociales, periodismo y documentación";"Mujeres";"Exito"
"2020-2021";"88.55";"Total Ciencias sociales, periodismo y documentación";"Mujeres";"Exito"
"2019-2020";"91.62";"Total Ciencias sociales, periodismo y documentación";"Mujeres";"Exito"
"2018-2019";"89.1";"Total Ciencias sociales, periodismo y documentación";"Mujeres";"Exito"
"2017-2018";"88.58";"Total Ciencias sociales, periodismo y documentación";"Mujeres";"Exito"
"2016-2017";"89.65";"Total Ciencias sociales, periodismo y documentación";"Mujeres";"Exito"
"2015-2016";"88.52";"Total Ciencias sociales, periodismo y documentación";"Mujeres";"Exito"
"2022-2023";"..";"Psicología";"Mujeres";"Exito"
"2021-2022";"..";"Psicología";"Mujeres";"Exito"
"2020-2021";"..";"Psicología";"Mujeres";"Exito"
"2019-2020";"..";"Psicología";"Mujeres";"Exito"
"2018-2019";"..";"Psicología";"Mujeres";"Exito"
"2017-2018";"..";"Psicología";"Mujeres";"Exito"
"2016-2017";"..";"Psicología";"Mujeres";"Exito"
"2015-2016";"..";"Psicología";"Mujeres";"Exito"
"2022-2023";"..";"Economía";"Mujeres";"Exito"
"2021-2022";"..";"Economía";"Mujeres";"Exito"
"2020-2021";"..";"Economía";"Mujeres";"Exito"
"2019-2020";"..";"Economía";"Mujeres";"Exito"
"2018-2019";"..";"Economía";"Mujeres";"Exito"
"2017-2018";"..";"Economía";"Mujeres";"Exito"
"2016-2017";"..";"Economía";"Mujeres";"Exito"
"2015-2016";"..";"Economía";"Mujeres";"Exito"
"2022-2023";"85.17";"Otras Ciencias sociales y del comportamiento";"Mujeres";"Exito"
"2021-2022";"86.88";"Otras Ciencias sociales y del comportamiento";"Mujeres";"Exito"
"2020-2021";"88.55";"Otras Ciencias sociales y del comportamiento";"Mujeres";"Exito"
"2019-2020";"91.62";"Otras Ciencias sociales y del comportamiento";"Mujeres";"Exito"
"2018-2019";"89.1";"Otras Ciencias sociales y del comportamiento";"Mujeres";"Exito"
"2017-2018";"88.58";"Otras Ciencias sociales y del comportamiento";"Mujeres";"Exito"
"2016-2017";"89.65";"Otras Ciencias sociales y del comportamiento";"Mujeres";"Exito"
"2015-2016";"88.52";"Otras Ciencias sociales y del comportamiento";"Mujeres";"Exito"
"2022-2023";"..";"Periodismo e información";"Mujeres";"Exito"
"2021-2022";"..";"Periodismo e información";"Mujeres";"Exito"
"2020-2021";"..";"Periodismo e información";"Mujeres";"Exito"
"2019-2020";"..";"Periodismo e información";"Mujeres";"Exito"
"2018-2019";"..";"Periodismo e información";"Mujeres";"Exito"
"2017-2018";"..";"Periodismo e información";"Mujeres";"Exito"
"2016-2017";"..";"Periodismo e información";"Mujeres";"Exito"
"2015-2016";"..";"Periodismo e información";"Mujeres";"Exito"
"2022-2023";"79.36";"Total Negocios, administración y derecho";"Mujeres";"Exito"
"2021-2022";"80.11";"Total Negocios, administración y derecho";"Mujeres";"Exito"
"2020-2021";"82.37";"Total Negocios, administración y derecho";"Mujeres";"Exito"
"2019-2020";"88.93";"Total Negocios, administración y derecho";"Mujeres";"Exito"
"2018-2019";"82.79";"Total Negocios, administración y derecho";"Mujeres";"Exito"
"2017-2018";"83.65";"Total Negocios, administración y derecho";"Mujeres";"Exito"
"2016-2017";"83.68";"Total Negocios, administración y derecho";"Mujeres";"Exito"
"2015-2016";"85.54";"Total Negocios, administración y derecho";"Mujeres";"Exito"
"2022-2023";"75.08";"Administración y gestión de empresas";"Mujeres";"Exito"
"2021-2022";"75.31";"Administración y gestión de empresas";"Mujeres";"Exito"
"2020-2021";"83.24";"Administración y gestión de empresas";"Mujeres";"Exito"
"2019-2020";"85.98";"Administración y gestión de empresas";"Mujeres";"Exito"
"2018-2019";"83.84";"Administración y gestión de empresas";"Mujeres";"Exito"
"2017-2018";"79.8";"Administración y gestión de empresas";"Mujeres";"Exito"
"2016-2017";"82.79";"Administración y gestión de empresas";"Mujeres";"Exito"
"2015-2016";"84.09";"Administración y gestión de empresas";"Mujeres";"Exito"
"2022-2023";"77.8";"Otra Educación comercial y empresarial";"Mujeres";"Exito"
"2021-2022";"73.77";"Otra Educación comercial y empresarial";"Mujeres";"Exito"
"2020-2021";"75.96";"Otra Educación comercial y empresarial";"Mujeres";"Exito"
"2019-2020";"82.49";"Otra Educación comercial y empresarial";"Mujeres";"Exito"
"2018-2019";"78.79";"Otra Educación comercial y empresarial";"Mujeres";"Exito"
"2017-2018";"88.11";"Otra Educación comercial y empresarial";"Mujeres";"Exito"
"2016-2017";"84.83";"Otra Educación comercial y empresarial";"Mujeres";"Exito"
"2015-2016";"89.27";"Otra Educación comercial y empresarial";"Mujeres";"Exito"
"2022-2023";"81.25";"Derecho";"Mujeres";"Exito"
"2021-2022";"82.77";"Derecho";"Mujeres";"Exito"
"2020-2021";"82.96";"Derecho";"Mujeres";"Exito"
"2019-2020";"91.07";"Derecho";"Mujeres";"Exito"
"2018-2019";"82.8";"Derecho";"Mujeres";"Exito"
"2017-2018";"85.2";"Derecho";"Mujeres";"Exito"
"2016-2017";"84.04";"Derecho";"Mujeres";"Exito"
"2015-2016";"85.75";"Derecho";"Mujeres";"Exito"
"2022-2023";"69.33";"Total Ciencias";"Mujeres";"Exito"
"2021-2022";"75.87";"Total Ciencias";"Mujeres";"Exito"
"2020-2021";"77.08";"Total Ciencias";"Mujeres";"Exito"
"2019-2020";"86.43";"Total Ciencias";"Mujeres";"Exito"
"2018-2019";"76.86";"Total Ciencias";"Mujeres";"Exito"
"2017-2018";"74.71";"Total Ciencias";"Mujeres";"Exito"
"2016-2017";"71.06";"Total Ciencias";"Mujeres";"Exito"
"2015-2016";"77.05";"Total Ciencias";"Mujeres";"Exito"
"2022-2023";"..";"Ciencias de la vida";"Mujeres";"Exito"
"2021-2022";"..";"Ciencias de la vida";"Mujeres";"Exito"
"2020-2021";"..";"Ciencias de la vida";"Mujeres";"Exito"
"2019-2020";"..";"Ciencias de la vida";"Mujeres";"Exito"
"2018-2019";"..";"Ciencias de la vida";"Mujeres";"Exito"
"2017-2018";"..";"Ciencias de la vida";"Mujeres";"Exito"
"2016-2017";"..";"Ciencias de la vida";"Mujeres";"Exito"
"2015-2016";"..";"Ciencias de la vida";"Mujeres";"Exito"
"2022-2023";"69.33";"Ciencias Físicas, químicas, geológicas";"Mujeres";"Exito"
"2021-2022";"75.87";"Ciencias Físicas, químicas, geológicas";"Mujeres";"Exito"
"2020-2021";"77.08";"Ciencias Físicas, químicas, geológicas";"Mujeres";"Exito"
"2019-2020";"86.43";"Ciencias Físicas, químicas, geológicas";"Mujeres";"Exito"
"2018-2019";"76.86";"Ciencias Físicas, químicas, geológicas";"Mujeres";"Exito"
"2017-2018";"74.71";"Ciencias Físicas, químicas, geológicas";"Mujeres";"Exito"
"2016-2017";"71.06";"Ciencias Físicas, químicas, geológicas";"Mujeres";"Exito"
"2015-2016";"77.05";"Ciencias Físicas, químicas, geológicas";"Mujeres";"Exito"
"2022-2023";"..";"Matemáticas y Estadística";"Mujeres";"Exito"
"2021-2022";"..";"Matemáticas y Estadística";"Mujeres";"Exito"
"2020-2021";"..";"Matemáticas y Estadística";"Mujeres";"Exito"
"2019-2020";"..";"Matemáticas y Estadística";"Mujeres";"Exito"
"2018-2019";"..";"Matemáticas y Estadística";"Mujeres";"Exito"
"2017-2018";"..";"Matemáticas y Estadística";"Mujeres";"Exito"
"2016-2017";"..";"Matemáticas y Estadística";"Mujeres";"Exito"
"2015-2016";"..";"Matemáticas y Estadística";"Mujeres";"Exito"
"2022-2023";"78.96";"Total Informática";"Mujeres";"Exito"
"2021-2022";"75.75";"Total Informática";"Mujeres";"Exito"
"2020-2021";"78.94";"Total Informática";"Mujeres";"Exito"
"2019-2020";"81.28";"Total Informática";"Mujeres";"Exito"
"2018-2019";"71.98";"Total Informática";"Mujeres";"Exito"
"2017-2018";"77.38";"Total Informática";"Mujeres";"Exito"
"2016-2017";"76.17";"Total Informática";"Mujeres";"Exito"
"2015-2016";"79.41";"Total Informática";"Mujeres";"Exito"
"2022-2023";"78.96";"Informática";"Mujeres";"Exito"
"2021-2022";"75.75";"Informática";"Mujeres";"Exito"
"2020-2021";"78.94";"Informática";"Mujeres";"Exito"
"2019-2020";"81.28";"Informática";"Mujeres";"Exito"
"2018-2019";"71.98";"Informática";"Mujeres";"Exito"
"2017-2018";"77.38";"Informática";"Mujeres";"Exito"
"2016-2017";"76.17";"Informática";"Mujeres";"Exito"
"2015-2016";"79.41";"Informática";"Mujeres";"Exito"
"2022-2023";"75.8";"Total Ingeniería, industria y construcción";"Mujeres";"Exito"
"2021-2022";"78.92";"Total Ingeniería, industria y construcción";"Mujeres";"Exito"
"2020-2021";"79.54";"Total Ingeniería, industria y construcción";"Mujeres";"Exito"
"2019-2020";"86.15";"Total Ingeniería, industria y construcción";"Mujeres";"Exito"
"2018-2019";"80.13";"Total Ingeniería, industria y construcción";"Mujeres";"Exito"
"2017-2018";"78.89";"Total Ingeniería, industria y construcción";"Mujeres";"Exito"
"2016-2017";"77.09";"Total Ingeniería, industria y construcción";"Mujeres";"Exito"
"2015-2016";"80.29";"Total Ingeniería, industria y construcción";"Mujeres";"Exito"
"2022-2023";"76.9";"Ingenierías";"Mujeres";"Exito"
"2021-2022";"80.4";"Ingenierías";"Mujeres";"Exito"
"2020-2021";"79.87";"Ingenierías";"Mujeres";"Exito"
"2019-2020";"85.75";"Ingenierías";"Mujeres";"Exito"
"2018-2019";"78.2";"Ingenierías";"Mujeres";"Exito"
"2017-2018";"78.09";"Ingenierías";"Mujeres";"Exito"
"2016-2017";"76.53";"Ingenierías";"Mujeres";"Exito"
"2015-2016";"79.71";"Ingenierías";"Mujeres";"Exito"
"2022-2023";"72.18";"Arquitectura y construcción";"Mujeres";"Exito"
"2021-2022";"73.18";"Arquitectura y construcción";"Mujeres";"Exito"
"2020-2021";"77.91";"Arquitectura y construcción";"Mujeres";"Exito"
"2019-2020";"88.04";"Arquitectura y construcción";"Mujeres";"Exito"
"2018-2019";"88.85";"Arquitectura y construcción";"Mujeres";"Exito"
"2017-2018";"81.73";"Arquitectura y construcción";"Mujeres";"Exito"
"2016-2017";"78.81";"Arquitectura y construcción";"Mujeres";"Exito"
"2015-2016";"81.68";"Arquitectura y construcción";"Mujeres";"Exito"
"2022-2023";"..";"Total Agricultura, ganadería,  silvicultura, pesca, y veterinaria";"Mujeres";"Exito"
"2021-2022";"..";"Total Agricultura, ganadería,  silvicultura, pesca, y veterinaria";"Mujeres";"Exito"
"2020-2021";"86.85";"Total Agricultura, ganadería,  silvicultura, pesca, y veterinaria";"Mujeres";"Exito"
"2019-2020";"88.22";"Total Agricultura, ganadería,  silvicultura, pesca, y veterinaria";"Mujeres";"Exito"
"2018-2019";"73.76";"Total Agricultura, ganadería,  silvicultura, pesca, y veterinaria";"Mujeres";"Exito"
"2017-2018";"..";"Total Agricultura, ganadería,  silvicultura, pesca, y veterinaria";"Mujeres";"Exito"
"2016-2017";"82.4";"Total Agricultura, ganadería,  silvicultura, pesca, y veterinaria";"Mujeres";"Exito"
"2015-2016";"92.47";"Total Agricultura, ganadería,  silvicultura, pesca, y veterinaria";"Mujeres";"Exito"
"2022-2023";"..";"Agricultura, ganadería y pesca";"Mujeres";"Exito"
"2021-2022";"..";"Agricultura, ganadería y pesca";"Mujeres";"Exito"
"2020-2021";"86.85";"Agricultura, ganadería y pesca";"Mujeres";"Exito"
"2019-2020";"88.22";"Agricultura, ganadería y pesca";"Mujeres";"Exito"
"2018-2019";"73.76";"Agricultura, ganadería y pesca";"Mujeres";"Exito"
"2017-2018";"..";"Agricultura, ganadería y pesca";"Mujeres";"Exito"
"2016-2017";"82.4";"Agricultura, ganadería y pesca";"Mujeres";"Exito"
"2015-2016";"92.47";"Agricultura, ganadería y pesca";"Mujeres";"Exito"
"2022-2023";"..";"Veterinaria";"Mujeres";"Exito"
"2021-2022";"..";"Veterinaria";"Mujeres";"Exito"
"2020-2021";"..";"Veterinaria";"Mujeres";"Exito"
"2019-2020";"..";"Veterinaria";"Mujeres";"Exito"
"2018-2019";"..";"Veterinaria";"Mujeres";"Exito"
"2017-2018";"..";"Veterinaria";"Mujeres";"Exito"
"2016-2017";"..";"Veterinaria";"Mujeres";"Exito"
"2015-2016";"..";"Veterinaria";"Mujeres";"Exito"
"2022-2023";"91.66";"Total Salud y servicios sociales";"Mujeres";"Exito"
"2021-2022";"92.48";"Total Salud y servicios sociales";"Mujeres";"Exito"
"2020-2021";"93.78";"Total Salud y servicios sociales";"Mujeres";"Exito"
"2019-2020";"93.55";"Total Salud y servicios sociales";"Mujeres";"Exito"
"2018-2019";"93.25";"Total Salud y servicios sociales";"Mujeres";"Exito"
"2017-2018";"94.99";"Total Salud y servicios sociales";"Mujeres";"Exito"
"2016-2017";"95.7";"Total Salud y servicios sociales";"Mujeres";"Exito"
"2015-2016";"96.17";"Total Salud y servicios sociales";"Mujeres";"Exito"
"2022-2023";"..";"Medicina";"Mujeres";"Exito"
"2021-2022";"..";"Medicina";"Mujeres";"Exito"
"2020-2021";"..";"Medicina";"Mujeres";"Exito"
"2019-2020";"..";"Medicina";"Mujeres";"Exito"
"2018-2019";"..";"Medicina";"Mujeres";"Exito"
"2017-2018";"..";"Medicina";"Mujeres";"Exito"
"2016-2017";"..";"Medicina";"Mujeres";"Exito"
"2015-2016";"..";"Medicina";"Mujeres";"Exito"
"2022-2023";"95.77";"Enfermería y atención a enfermos";"Mujeres";"Exito"
"2021-2022";"95.75";"Enfermería y atención a enfermos";"Mujeres";"Exito"
"2020-2021";"95.79";"Enfermería y atención a enfermos";"Mujeres";"Exito"
"2019-2020";"96.34";"Enfermería y atención a enfermos";"Mujeres";"Exito"
"2018-2019";"95.51";"Enfermería y atención a enfermos";"Mujeres";"Exito"
"2017-2018";"96.04";"Enfermería y atención a enfermos";"Mujeres";"Exito"
"2016-2017";"96.36";"Enfermería y atención a enfermos";"Mujeres";"Exito"
"2015-2016";"97.57";"Enfermería y atención a enfermos";"Mujeres";"Exito"
"2022-2023";"88.53";"Otras ciencias de la Salud";"Mujeres";"Exito"
"2021-2022";"89.92";"Otras ciencias de la Salud";"Mujeres";"Exito"
"2020-2021";"92.01";"Otras ciencias de la Salud";"Mujeres";"Exito"
"2019-2020";"90.97";"Otras ciencias de la Salud";"Mujeres";"Exito"
"2018-2019";"91.0";"Otras ciencias de la Salud";"Mujeres";"Exito"
"2017-2018";"94.09";"Otras ciencias de la Salud";"Mujeres";"Exito"
"2016-2017";"95.16";"Otras ciencias de la Salud";"Mujeres";"Exito"
"2015-2016";"94.98";"Otras ciencias de la Salud";"Mujeres";"Exito"
"2022-2023";"..";"Trabajo social y orientación";"Mujeres";"Exito"
"2021-2022";"..";"Trabajo social y orientación";"Mujeres";"Exito"
"2020-2021";"..";"Trabajo social y orientación";"Mujeres";"Exito"
"2019-2020";"..";"Trabajo social y orientación";"Mujeres";"Exito"
"2018-2019";"..";"Trabajo social y orientación";"Mujeres";"Exito"
"2017-2018";"..";"Trabajo social y orientación";"Mujeres";"Exito"
"2016-2017";"..";"Trabajo social y orientación";"Mujeres";"Exito"
"2015-2016";"..";"Trabajo social y orientación";"Mujeres";"Exito"
"2022-2023";"88.74";"Total Servicios";"Mujeres";"Exito"
"2021-2022";"89.62";"Total Servicios";"Mujeres";"Exito"
"2020-2021";"89.26";"Total Servicios";"Mujeres";"Exito"
"2019-2020";"92.61";"Total Servicios";"Mujeres";"Exito"
"2018-2019";"90.16";"Total Servicios";"Mujeres";"Exito"
"2017-2018";"90.89";"Total Servicios";"Mujeres";"Exito"
"2016-2017";"90.83";"Total Servicios";"Mujeres";"Exito"
"2015-2016";"91.69";"Total Servicios";"Mujeres";"Exito"
"2022-2023";"..";"Deportes";"Mujeres";"Exito"
"2021-2022";"..";"Deportes";"Mujeres";"Exito"
"2020-2021";"..";"Deportes";"Mujeres";"Exito"
"2019-2020";"..";"Deportes";"Mujeres";"Exito"
"2018-2019";"..";"Deportes";"Mujeres";"Exito"
"2017-2018";"..";"Deportes";"Mujeres";"Exito"
"2016-2017";"..";"Deportes";"Mujeres";"Exito"
"2015-2016";"..";"Deportes";"Mujeres";"Exito"
"2022-2023";"88.74";"Turismo y Hostelería";"Mujeres";"Exito"
"2021-2022";"89.62";"Turismo y Hostelería";"Mujeres";"Exito"
"2020-2021";"89.26";"Turismo y Hostelería";"Mujeres";"Exito"
"2019-2020";"92.61";"Turismo y Hostelería";"Mujeres";"Exito"
"2018-2019";"90.16";"Turismo y Hostelería";"Mujeres";"Exito"
"2017-2018";"90.89";"Turismo y Hostelería";"Mujeres";"Exito"
"2016-2017";"90.83";"Turismo y Hostelería";"Mujeres";"Exito"
"2015-2016";"91.69";"Turismo y Hostelería";"Mujeres";"Exito"
"2022-2023";"..";"Otros Servicios";"Mujeres";"Exito"
"2021-2022";"..";"Otros Servicios";"Mujeres";"Exito"
"2020-2021";"..";"Otros Servicios";"Mujeres";"Exito"
"2019-2020";"..";"Otros Servicios";"Mujeres";"Exito"
"2018-2019";"..";"Otros Servicios";"Mujeres";"Exito"
"2017-2018";"..";"Otros Servicios";"Mujeres";"Exito"
"2016-2017";"..";"Otros Servicios";"Mujeres";"Exito"
"2015-2016";"..";"Otros Servicios";"Mujeres";"Exito"
"2022-2023";"???";"Burgos";"Mujeres";"Evaluacion"
"2021-2022";"???";"Burgos";"Mujeres";"Evaluacion"
"2020-2021";"???";"Burgos";"Mujeres";"Evaluacion"
"2019-2020";"???";"Burgos";"Mujeres";"Evaluacion"
"2018-2019";"???";"Burgos";"Mujeres";"Evaluacion"
"2017-2018";"???";"Burgos";"Mujeres";"Evaluacion"
"2016-2017";"???";"Burgos";"Mujeres";"Evaluacion"
"2015-2016";"???";"Burgos";"Mujeres";"Evaluacion"
"2022-2023";"93.52";"Todos los ámbitos";"Mujeres";"Evaluacion"
"2021-2022";"93.1";"Todos los ámbitos";"Mujeres";"Evaluacion"
"2020-2021";"94.12";"Todos los ámbitos";"Mujeres";"Evaluacion"
"2019-2020";"95.3";"Todos los ámbitos";"Mujeres";"Evaluacion"
"2018-2019";"94.84";"Todos los ámbitos";"Mujeres";"Evaluacion"
"2017-2018";"95.6";"Todos los ámbitos";"Mujeres";"Evaluacion"
"2016-2017";"96.13";"Todos los ámbitos";"Mujeres";"Evaluacion"
"2015-2016";"96.17";"Todos los ámbitos";"Mujeres";"Evaluacion"
"2022-2023";"97.32";"Total Educación";"Mujeres";"Evaluacion"
"2021-2022";"97.13";"Total Educación";"Mujeres";"Evaluacion"
"2020-2021";"97.6";"Total Educación";"Mujeres";"Evaluacion"
"2019-2020";"98.07";"Total Educación";"Mujeres";"Evaluacion"
"2018-2019";"97.25";"Total Educación";"Mujeres";"Evaluacion"
"2017-2018";"97.51";"Total Educación";"Mujeres";"Evaluacion"
"2016-2017";"97.91";"Total Educación";"Mujeres";"Evaluacion"
"2015-2016";"97.4";"Total Educación";"Mujeres";"Evaluacion"
"2022-2023";"96.01";"Formación de docentes de enseñanza infantil";"Mujeres";"Evaluacion"
"2021-2022";"98.06";"Formación de docentes de enseñanza infantil";"Mujeres";"Evaluacion"
"2020-2021";"97.27";"Formación de docentes de enseñanza infantil";"Mujeres";"Evaluacion"
"2019-2020";"98.37";"Formación de docentes de enseñanza infantil";"Mujeres";"Evaluacion"
"2018-2019";"97.59";"Formación de docentes de enseñanza infantil";"Mujeres";"Evaluacion"
"2017-2018";"98.13";"Formación de docentes de enseñanza infantil";"Mujeres";"Evaluacion"
"2016-2017";"98.57";"Formación de docentes de enseñanza infantil";"Mujeres";"Evaluacion"
"2015-2016";"96.87";"Formación de docentes de enseñanza infantil";"Mujeres";"Evaluacion"
"2022-2023";"98.27";"Formación de docentes de enseñanza primaria";"Mujeres";"Evaluacion"
"2021-2022";"97.91";"Formación de docentes de enseñanza primaria";"Mujeres";"Evaluacion"
"2020-2021";"97.77";"Formación de docentes de enseñanza primaria";"Mujeres";"Evaluacion"
"2019-2020";"97.74";"Formación de docentes de enseñanza primaria";"Mujeres";"Evaluacion"
"2018-2019";"96.41";"Formación de docentes de enseñanza primaria";"Mujeres";"Evaluacion"
"2017-2018";"96.65";"Formación de docentes de enseñanza primaria";"Mujeres";"Evaluacion"
"2016-2017";"97.11";"Formación de docentes de enseñanza primaria";"Mujeres";"Evaluacion"
"2015-2016";"96.93";"Formación de docentes de enseñanza primaria";"Mujeres";"Evaluacion"
"2022-2023";"97.26";"Otra Formación de personal docente y ciencias de la educación";"Mujeres";"Evaluacion"
"2021-2022";"96.03";"Otra Formación de personal docente y ciencias de la educación";"Mujeres";"Evaluacion"
"2020-2021";"97.64";"Otra Formación de personal docente y ciencias de la educación";"Mujeres";"Evaluacion"
"2019-2020";"98.18";"Otra Formación de personal docente y ciencias de la educación";"Mujeres";"Evaluacion"
"2018-2019";"97.66";"Otra Formación de personal docente y ciencias de la educación";"Mujeres";"Evaluacion"
"2017-2018";"97.76";"Otra Formación de personal docente y ciencias de la educación";"Mujeres";"Evaluacion"
"2016-2017";"98.18";"Otra Formación de personal docente y ciencias de la educación";"Mujeres";"Evaluacion"
"2015-2016";"98.14";"Otra Formación de personal docente y ciencias de la educación";"Mujeres";"Evaluacion"
"2022-2023";"88.74";"Total Artes y humanidades";"Mujeres";"Evaluacion"
"2021-2022";"88.07";"Total Artes y humanidades";"Mujeres";"Evaluacion"
"2020-2021";"88.63";"Total Artes y humanidades";"Mujeres";"Evaluacion"
"2019-2020";"89.78";"Total Artes y humanidades";"Mujeres";"Evaluacion"
"2018-2019";"90.98";"Total Artes y humanidades";"Mujeres";"Evaluacion"
"2017-2018";"91.09";"Total Artes y humanidades";"Mujeres";"Evaluacion"
"2016-2017";"93.07";"Total Artes y humanidades";"Mujeres";"Evaluacion"
"2015-2016";"94.82";"Total Artes y humanidades";"Mujeres";"Evaluacion"
"2022-2023";"96.67";"Técnicas audiovisuales y medios de comunicación";"Mujeres";"Evaluacion"
"2021-2022";"95.7";"Técnicas audiovisuales y medios de comunicación";"Mujeres";"Evaluacion"
"2020-2021";"96.52";"Técnicas audiovisuales y medios de comunicación";"Mujeres";"Evaluacion"
"2019-2020";"96.37";"Técnicas audiovisuales y medios de comunicación";"Mujeres";"Evaluacion"
"2018-2019";"97.89";"Técnicas audiovisuales y medios de comunicación";"Mujeres";"Evaluacion"
"2017-2018";"97.93";"Técnicas audiovisuales y medios de comunicación";"Mujeres";"Evaluacion"
"2016-2017";"97.36";"Técnicas audiovisuales y medios de comunicación";"Mujeres";"Evaluacion"
"2015-2016";"97.48";"Técnicas audiovisuales y medios de comunicación";"Mujeres";"Evaluacion"
"2022-2023";"..";"Artes";"Mujeres";"Evaluacion"
"2021-2022";"..";"Artes";"Mujeres";"Evaluacion"
"2020-2021";"..";"Artes";"Mujeres";"Evaluacion"
"2019-2020";"..";"Artes";"Mujeres";"Evaluacion"
"2018-2019";"..";"Artes";"Mujeres";"Evaluacion"
"2017-2018";"..";"Artes";"Mujeres";"Evaluacion"
"2016-2017";"..";"Artes";"Mujeres";"Evaluacion"
"2015-2016";"..";"Artes";"Mujeres";"Evaluacion"
"2022-2023";"86.2";"Lenguas";"Mujeres";"Evaluacion"
"2021-2022";"84.69";"Lenguas";"Mujeres";"Evaluacion"
"2020-2021";"82.96";"Lenguas";"Mujeres";"Evaluacion"
"2019-2020";"84.99";"Lenguas";"Mujeres";"Evaluacion"
"2018-2019";"84.88";"Lenguas";"Mujeres";"Evaluacion"
"2017-2018";"81.14";"Lenguas";"Mujeres";"Evaluacion"
"2016-2017";"86.68";"Lenguas";"Mujeres";"Evaluacion"
"2015-2016";"90.99";"Lenguas";"Mujeres";"Evaluacion"
"2022-2023";"82.41";"Humanidades";"Mujeres";"Evaluacion"
"2021-2022";"82.87";"Humanidades";"Mujeres";"Evaluacion"
"2020-2021";"83.86";"Humanidades";"Mujeres";"Evaluacion"
"2019-2020";"83.49";"Humanidades";"Mujeres";"Evaluacion"
"2018-2019";"83.24";"Humanidades";"Mujeres";"Evaluacion"
"2017-2018";"86.65";"Humanidades";"Mujeres";"Evaluacion"
"2016-2017";"87.75";"Humanidades";"Mujeres";"Evaluacion"
"2015-2016";"90.11";"Humanidades";"Mujeres";"Evaluacion"
"2022-2023";"73.84";"Total Ciencias sociales, periodismo y documentación";"Mujeres";"Evaluacion"
"2021-2022";"86.02";"Total Ciencias sociales, periodismo y documentación";"Mujeres";"Evaluacion"
"2020-2021";"78.84";"Total Ciencias sociales, periodismo y documentación";"Mujeres";"Evaluacion"
"2019-2020";"85.43";"Total Ciencias sociales, periodismo y documentación";"Mujeres";"Evaluacion"
"2018-2019";"82.91";"Total Ciencias sociales, periodismo y documentación";"Mujeres";"Evaluacion"
"2017-2018";"86.59";"Total Ciencias sociales, periodismo y documentación";"Mujeres";"Evaluacion"
"2016-2017";"85.28";"Total Ciencias sociales, periodismo y documentación";"Mujeres";"Evaluacion"
"2015-2016";"86.22";"Total Ciencias sociales, periodismo y documentación";"Mujeres";"Evaluacion"
"2022-2023";"..";"Psicología";"Mujeres";"Evaluacion"
"2021-2022";"..";"Psicología";"Mujeres";"Evaluacion"
"2020-2021";"..";"Psicología";"Mujeres";"Evaluacion"
"2019-2020";"..";"Psicología";"Mujeres";"Evaluacion"
"2018-2019";"..";"Psicología";"Mujeres";"Evaluacion"
"2017-2018";"..";"Psicología";"Mujeres";"Evaluacion"
"2016-2017";"..";"Psicología";"Mujeres";"Evaluacion"
"2015-2016";"..";"Psicología";"Mujeres";"Evaluacion"
"2022-2023";"..";"Economía";"Mujeres";"Evaluacion"
"2021-2022";"..";"Economía";"Mujeres";"Evaluacion"
"2020-2021";"..";"Economía";"Mujeres";"Evaluacion"
"2019-2020";"..";"Economía";"Mujeres";"Evaluacion"
"2018-2019";"..";"Economía";"Mujeres";"Evaluacion"
"2017-2018";"..";"Economía";"Mujeres";"Evaluacion"
"2016-2017";"..";"Economía";"Mujeres";"Evaluacion"
"2015-2016";"..";"Economía";"Mujeres";"Evaluacion"
"2022-2023";"73.84";"Otras Ciencias sociales y del comportamiento";"Mujeres";"Evaluacion"
"2021-2022";"86.02";"Otras Ciencias sociales y del comportamiento";"Mujeres";"Evaluacion"
"2020-2021";"78.84";"Otras Ciencias sociales y del comportamiento";"Mujeres";"Evaluacion"
"2019-2020";"85.43";"Otras Ciencias sociales y del comportamiento";"Mujeres";"Evaluacion"
"2018-2019";"82.91";"Otras Ciencias sociales y del comportamiento";"Mujeres";"Evaluacion"
"2017-2018";"86.59";"Otras Ciencias sociales y del comportamiento";"Mujeres";"Evaluacion"
"2016-2017";"85.28";"Otras Ciencias sociales y del comportamiento";"Mujeres";"Evaluacion"
"2015-2016";"86.22";"Otras Ciencias sociales y del comportamiento";"Mujeres";"Evaluacion"
"2022-2023";"..";"Periodismo e información";"Mujeres";"Evaluacion"
"2021-2022";"..";"Periodismo e información";"Mujeres";"Evaluacion"
"2020-2021";"..";"Periodismo e información";"Mujeres";"Evaluacion"
"2019-2020";"..";"Periodismo e información";"Mujeres";"Evaluacion"
"2018-2019";"..";"Periodismo e información";"Mujeres";"Evaluacion"
"2017-2018";"..";"Periodismo e información";"Mujeres";"Evaluacion"
"2016-2017";"..";"Periodismo e información";"Mujeres";"Evaluacion"
"2015-2016";"..";"Periodismo e información";"Mujeres";"Evaluacion"
"2022-2023";"90.23";"Total Negocios, administración y derecho";"Mujeres";"Evaluacion"
"2021-2022";"89.51";"Total Negocios, administración y derecho";"Mujeres";"Evaluacion"
"2020-2021";"92.02";"Total Negocios, administración y derecho";"Mujeres";"Evaluacion"
"2019-2020";"94.02";"Total Negocios, administración y derecho";"Mujeres";"Evaluacion"
"2018-2019";"93.54";"Total Negocios, administración y derecho";"Mujeres";"Evaluacion"
"2017-2018";"94.52";"Total Negocios, administración y derecho";"Mujeres";"Evaluacion"
"2016-2017";"94.65";"Total Negocios, administración y derecho";"Mujeres";"Evaluacion"
"2015-2016";"95.21";"Total Negocios, administración y derecho";"Mujeres";"Evaluacion"
"2022-2023";"87.82";"Administración y gestión de empresas";"Mujeres";"Evaluacion"
"2021-2022";"91.77";"Administración y gestión de empresas";"Mujeres";"Evaluacion"
"2020-2021";"93.05";"Administración y gestión de empresas";"Mujeres";"Evaluacion"
"2019-2020";"93.07";"Administración y gestión de empresas";"Mujeres";"Evaluacion"
"2018-2019";"92.59";"Administración y gestión de empresas";"Mujeres";"Evaluacion"
"2017-2018";"94.06";"Administración y gestión de empresas";"Mujeres";"Evaluacion"
"2016-2017";"95.21";"Administración y gestión de empresas";"Mujeres";"Evaluacion"
"2015-2016";"95.69";"Administración y gestión de empresas";"Mujeres";"Evaluacion"
"2022-2023";"89.92";"Otra Educación comercial y empresarial";"Mujeres";"Evaluacion"
"2021-2022";"85.44";"Otra Educación comercial y empresarial";"Mujeres";"Evaluacion"
"2020-2021";"93.14";"Otra Educación comercial y empresarial";"Mujeres";"Evaluacion"
"2019-2020";"92.22";"Otra Educación comercial y empresarial";"Mujeres";"Evaluacion"
"2018-2019";"94.8";"Otra Educación comercial y empresarial";"Mujeres";"Evaluacion"
"2017-2018";"97.19";"Otra Educación comercial y empresarial";"Mujeres";"Evaluacion"
"2016-2017";"93.06";"Otra Educación comercial y empresarial";"Mujeres";"Evaluacion"
"2015-2016";"94.05";"Otra Educación comercial y empresarial";"Mujeres";"Evaluacion"
"2022-2023";"91.27";"Derecho";"Mujeres";"Evaluacion"
"2021-2022";"89.13";"Derecho";"Mujeres";"Evaluacion"
"2020-2021";"91.41";"Derecho";"Mujeres";"Evaluacion"
"2019-2020";"94.69";"Derecho";"Mujeres";"Evaluacion"
"2018-2019";"93.89";"Derecho";"Mujeres";"Evaluacion"
"2017-2018";"94.34";"Derecho";"Mujeres";"Evaluacion"
"2016-2017";"94.62";"Derecho";"Mujeres";"Evaluacion"
"2015-2016";"95.13";"Derecho";"Mujeres";"Evaluacion"
"2022-2023";"95.39";"Total Ciencias";"Mujeres";"Evaluacion"
"2021-2022";"93.57";"Total Ciencias";"Mujeres";"Evaluacion"
"2020-2021";"95.72";"Total Ciencias";"Mujeres";"Evaluacion"
"2019-2020";"96.78";"Total Ciencias";"Mujeres";"Evaluacion"
"2018-2019";"94.22";"Total Ciencias";"Mujeres";"Evaluacion"
"2017-2018";"96.64";"Total Ciencias";"Mujeres";"Evaluacion"
"2016-2017";"96.24";"Total Ciencias";"Mujeres";"Evaluacion"
"2015-2016";"97.2";"Total Ciencias";"Mujeres";"Evaluacion"
"2022-2023";"..";"Ciencias de la vida";"Mujeres";"Evaluacion"
"2021-2022";"..";"Ciencias de la vida";"Mujeres";"Evaluacion"
"2020-2021";"..";"Ciencias de la vida";"Mujeres";"Evaluacion"
"2019-2020";"..";"Ciencias de la vida";"Mujeres";"Evaluacion"
"2018-2019";"..";"Ciencias de la vida";"Mujeres";"Evaluacion"
"2017-2018";"..";"Ciencias de la vida";"Mujeres";"Evaluacion"
"2016-2017";"..";"Ciencias de la vida";"Mujeres";"Evaluacion"
"2015-2016";"..";"Ciencias de la vida";"Mujeres";"Evaluacion"
"2022-2023";"95.39";"Ciencias Físicas, químicas, geológicas";"Mujeres";"Evaluacion"
"2021-2022";"93.57";"Ciencias Físicas, químicas, geológicas";"Mujeres";"Evaluacion"
"2020-2021";"95.72";"Ciencias Físicas, químicas, geológicas";"Mujeres";"Evaluacion"
"2019-2020";"96.78";"Ciencias Físicas, químicas, geológicas";"Mujeres";"Evaluacion"
"2018-2019";"94.22";"Ciencias Físicas, químicas, geológicas";"Mujeres";"Evaluacion"
"2017-2018";"96.64";"Ciencias Físicas, químicas, geológicas";"Mujeres";"Evaluacion"
"2016-2017";"96.24";"Ciencias Físicas, químicas, geológicas";"Mujeres";"Evaluacion"
"2015-2016";"97.2";"Ciencias Físicas, químicas, geológicas";"Mujeres";"Evaluacion"
"2022-2023";"..";"Matemáticas y Estadística";"Mujeres";"Evaluacion"
"2021-2022";"..";"Matemáticas y Estadística";"Mujeres";"Evaluacion"
"2020-2021";"..";"Matemáticas y Estadística";"Mujeres";"Evaluacion"
"2019-2020";"..";"Matemáticas y Estadística";"Mujeres";"Evaluacion"
"2018-2019";"..";"Matemáticas y Estadística";"Mujeres";"Evaluacion"
"2017-2018";"..";"Matemáticas y Estadística";"Mujeres";"Evaluacion"
"2016-2017";"..";"Matemáticas y Estadística";"Mujeres";"Evaluacion"
"2015-2016";"..";"Matemáticas y Estadística";"Mujeres";"Evaluacion"
"2022-2023";"91.02";"Total Informática";"Mujeres";"Evaluacion"
"2021-2022";"87.85";"Total Informática";"Mujeres";"Evaluacion"
"2020-2021";"85.74";"Total Informática";"Mujeres";"Evaluacion"
"2019-2020";"83.73";"Total Informática";"Mujeres";"Evaluacion"
"2018-2019";"82.73";"Total Informática";"Mujeres";"Evaluacion"
"2017-2018";"89.43";"Total Informática";"Mujeres";"Evaluacion"
"2016-2017";"92.95";"Total Informática";"Mujeres";"Evaluacion"
"2015-2016";"95.2";"Total Informática";"Mujeres";"Evaluacion"
"2022-2023";"91.02";"Informática";"Mujeres";"Evaluacion"
"2021-2022";"87.85";"Informática";"Mujeres";"Evaluacion"
"2020-2021";"85.74";"Informática";"Mujeres";"Evaluacion"
"2019-2020";"83.73";"Informática";"Mujeres";"Evaluacion"
"2018-2019";"82.73";"Informática";"Mujeres";"Evaluacion"
"2017-2018";"89.43";"Informática";"Mujeres";"Evaluacion"
"2016-2017";"92.95";"Informática";"Mujeres";"Evaluacion"
"2015-2016";"95.2";"Informática";"Mujeres";"Evaluacion"
"2022-2023";"91.9";"Total Ingeniería, industria y construcción";"Mujeres";"Evaluacion"
"2021-2022";"88.48";"Total Ingeniería, industria y construcción";"Mujeres";"Evaluacion"
"2020-2021";"92.34";"Total Ingeniería, industria y construcción";"Mujeres";"Evaluacion"
"2019-2020";"95.62";"Total Ingeniería, industria y construcción";"Mujeres";"Evaluacion"
"2018-2019";"94.17";"Total Ingeniería, industria y construcción";"Mujeres";"Evaluacion"
"2017-2018";"95.54";"Total Ingeniería, industria y construcción";"Mujeres";"Evaluacion"
"2016-2017";"95.99";"Total Ingeniería, industria y construcción";"Mujeres";"Evaluacion"
"2015-2016";"94.95";"Total Ingeniería, industria y construcción";"Mujeres";"Evaluacion"
"2022-2023";"93.89";"Ingenierías";"Mujeres";"Evaluacion"
"2021-2022";"92.27";"Ingenierías";"Mujeres";"Evaluacion"
"2020-2021";"95.97";"Ingenierías";"Mujeres";"Evaluacion"
"2019-2020";"96.71";"Ingenierías";"Mujeres";"Evaluacion"
"2018-2019";"95.24";"Ingenierías";"Mujeres";"Evaluacion"
"2017-2018";"96.51";"Ingenierías";"Mujeres";"Evaluacion"
"2016-2017";"97.12";"Ingenierías";"Mujeres";"Evaluacion"
"2015-2016";"96.07";"Ingenierías";"Mujeres";"Evaluacion"
"2022-2023";"85.97";"Arquitectura y construcción";"Mujeres";"Evaluacion"
"2021-2022";"76.36";"Arquitectura y construcción";"Mujeres";"Evaluacion"
"2020-2021";"77.86";"Arquitectura y construcción";"Mujeres";"Evaluacion"
"2019-2020";"90.85";"Arquitectura y construcción";"Mujeres";"Evaluacion"
"2018-2019";"89.62";"Arquitectura y construcción";"Mujeres";"Evaluacion"
"2017-2018";"92.24";"Arquitectura y construcción";"Mujeres";"Evaluacion"
"2016-2017";"92.67";"Arquitectura y construcción";"Mujeres";"Evaluacion"
"2015-2016";"92.36";"Arquitectura y construcción";"Mujeres";"Evaluacion"
"2022-2023";"..";"Total Agricultura, ganadería,  silvicultura, pesca, y veterinaria";"Mujeres";"Evaluacion"
"2021-2022";"..";"Total Agricultura, ganadería,  silvicultura, pesca, y veterinaria";"Mujeres";"Evaluacion"
"2020-2021";"91.7";"Total Agricultura, ganadería,  silvicultura, pesca, y veterinaria";"Mujeres";"Evaluacion"
"2019-2020";"92.9";"Total Agricultura, ganadería,  silvicultura, pesca, y veterinaria";"Mujeres";"Evaluacion"
"2018-2019";"97.78";"Total Agricultura, ganadería,  silvicultura, pesca, y veterinaria";"Mujeres";"Evaluacion"
"2017-2018";"..";"Total Agricultura, ganadería,  silvicultura, pesca, y veterinaria";"Mujeres";"Evaluacion"
"2016-2017";"98.04";"Total Agricultura, ganadería,  silvicultura, pesca, y veterinaria";"Mujeres";"Evaluacion"
"2015-2016";"95.22";"Total Agricultura, ganadería,  silvicultura, pesca, y veterinaria";"Mujeres";"Evaluacion"
"2022-2023";"..";"Agricultura, ganadería y pesca";"Mujeres";"Evaluacion"
"2021-2022";"..";"Agricultura, ganadería y pesca";"Mujeres";"Evaluacion"
"2020-2021";"91.7";"Agricultura, ganadería y pesca";"Mujeres";"Evaluacion"
"2019-2020";"92.9";"Agricultura, ganadería y pesca";"Mujeres";"Evaluacion"
"2018-2019";"97.78";"Agricultura, ganadería y pesca";"Mujeres";"Evaluacion"
"2017-2018";"..";"Agricultura, ganadería y pesca";"Mujeres";"Evaluacion"
"2016-2017";"98.04";"Agricultura, ganadería y pesca";"Mujeres";"Evaluacion"
"2015-2016";"95.22";"Agricultura, ganadería y pesca";"Mujeres";"Evaluacion"
"2022-2023";"..";"Veterinaria";"Mujeres";"Evaluacion"
"2021-2022";"..";"Veterinaria";"Mujeres";"Evaluacion"
"2020-2021";"..";"Veterinaria";"Mujeres";"Evaluacion"
"2019-2020";"..";"Veterinaria";"Mujeres";"Evaluacion"
"2018-2019";"..";"Veterinaria";"Mujeres";"Evaluacion"
"2017-2018";"..";"Veterinaria";"Mujeres";"Evaluacion"
"2016-2017";"..";"Veterinaria";"Mujeres";"Evaluacion"
"2015-2016";"..";"Veterinaria";"Mujeres";"Evaluacion"
"2022-2023";"98.13";"Total Salud y servicios sociales";"Mujeres";"Evaluacion"
"2021-2022";"98.77";"Total Salud y servicios sociales";"Mujeres";"Evaluacion"
"2020-2021";"98.29";"Total Salud y servicios sociales";"Mujeres";"Evaluacion"
"2019-2020";"98.66";"Total Salud y servicios sociales";"Mujeres";"Evaluacion"
"2018-2019";"98.58";"Total Salud y servicios sociales";"Mujeres";"Evaluacion"
"2017-2018";"98.38";"Total Salud y servicios sociales";"Mujeres";"Evaluacion"
"2016-2017";"98.86";"Total Salud y servicios sociales";"Mujeres";"Evaluacion"
"2015-2016";"99.26";"Total Salud y servicios sociales";"Mujeres";"Evaluacion"
"2022-2023";"..";"Medicina";"Mujeres";"Evaluacion"
"2021-2022";"..";"Medicina";"Mujeres";"Evaluacion"
"2020-2021";"..";"Medicina";"Mujeres";"Evaluacion"
"2019-2020";"..";"Medicina";"Mujeres";"Evaluacion"
"2018-2019";"..";"Medicina";"Mujeres";"Evaluacion"
"2017-2018";"..";"Medicina";"Mujeres";"Evaluacion"
"2016-2017";"..";"Medicina";"Mujeres";"Evaluacion"
"2015-2016";"..";"Medicina";"Mujeres";"Evaluacion"
"2022-2023";"98.42";"Enfermería y atención a enfermos";"Mujeres";"Evaluacion"
"2021-2022";"99.01";"Enfermería y atención a enfermos";"Mujeres";"Evaluacion"
"2020-2021";"99.09";"Enfermería y atención a enfermos";"Mujeres";"Evaluacion"
"2019-2020";"98.88";"Enfermería y atención a enfermos";"Mujeres";"Evaluacion"
"2018-2019";"98.84";"Enfermería y atención a enfermos";"Mujeres";"Evaluacion"
"2017-2018";"97.85";"Enfermería y atención a enfermos";"Mujeres";"Evaluacion"
"2016-2017";"98.88";"Enfermería y atención a enfermos";"Mujeres";"Evaluacion"
"2015-2016";"99.47";"Enfermería y atención a enfermos";"Mujeres";"Evaluacion"
"2022-2023";"97.92";"Otras ciencias de la Salud";"Mujeres";"Evaluacion"
"2021-2022";"98.59";"Otras ciencias de la Salud";"Mujeres";"Evaluacion"
"2020-2021";"97.6";"Otras ciencias de la Salud";"Mujeres";"Evaluacion"
"2019-2020";"98.47";"Otras ciencias de la Salud";"Mujeres";"Evaluacion"
"2018-2019";"98.33";"Otras ciencias de la Salud";"Mujeres";"Evaluacion"
"2017-2018";"98.83";"Otras ciencias de la Salud";"Mujeres";"Evaluacion"
"2016-2017";"98.84";"Otras ciencias de la Salud";"Mujeres";"Evaluacion"
"2015-2016";"99.08";"Otras ciencias de la Salud";"Mujeres";"Evaluacion"
"2022-2023";"..";"Trabajo social y orientación";"Mujeres";"Evaluacion"
"2021-2022";"..";"Trabajo social y orientación";"Mujeres";"Evaluacion"
"2020-2021";"..";"Trabajo social y orientación";"Mujeres";"Evaluacion"
"2019-2020";"..";"Trabajo social y orientación";"Mujeres";"Evaluacion"
"2018-2019";"..";"Trabajo social y orientación";"Mujeres";"Evaluacion"
"2017-2018";"..";"Trabajo social y orientación";"Mujeres";"Evaluacion"
"2016-2017";"..";"Trabajo social y orientación";"Mujeres";"Evaluacion"
"2015-2016";"..";"Trabajo social y orientación";"Mujeres";"Evaluacion"
"2022-2023";"85.05";"Total Servicios";"Mujeres";"Evaluacion"
"2021-2022";"88.49";"Total Servicios";"Mujeres";"Evaluacion"
"2020-2021";"92.69";"Total Servicios";"Mujeres";"Evaluacion"
"2019-2020";"89.04";"Total Servicios";"Mujeres";"Evaluacion"
"2018-2019";"91.04";"Total Servicios";"Mujeres";"Evaluacion"
"2017-2018";"92.77";"Total Servicios";"Mujeres";"Evaluacion"
"2016-2017";"93.97";"Total Servicios";"Mujeres";"Evaluacion"
"2015-2016";"92.76";"Total Servicios";"Mujeres";"Evaluacion"
"2022-2023";"..";"Deportes";"Mujeres";"Evaluacion"
"2021-2022";"..";"Deportes";"Mujeres";"Evaluacion"
"2020-2021";"..";"Deportes";"Mujeres";"Evaluacion"
"2019-2020";"..";"Deportes";"Mujeres";"Evaluacion"
"2018-2019";"..";"Deportes";"Mujeres";"Evaluacion"
"2017-2018";"..";"Deportes";"Mujeres";"Evaluacion"
"2016-2017";"..";"Deportes";"Mujeres";"Evaluacion"
"2015-2016";"..";"Deportes";"Mujeres";"Evaluacion"
"2022-2023";"85.05";"Turismo y Hostelería";"Mujeres";"Evaluacion"
"2021-2022";"88.49";"Turismo y Hostelería";"Mujeres";"Evaluacion"
"2020-2021";"92.69";"Turismo y Hostelería";"Mujeres";"Evaluacion"
"2019-2020";"89.04";"Turismo y Hostelería";"Mujeres";"Evaluacion"
"2018-2019";"91.04";"Turismo y Hostelería";"Mujeres";"Evaluacion"
"2017-2018";"92.77";"Turismo y Hostelería";"Mujeres";"Evaluacion"
"2016-2017";"93.97";"Turismo y Hostelería";"Mujeres";"Evaluacion"
"2015-2016";"92.76";"Turismo y Hostelería";"Mujeres";"Evaluacion"
"2022-2023";"..";"Otros Servicios";"Mujeres";"Evaluacion"
"2021-2022";"..";"Otros Servicios";"Mujeres";"Evaluacion"
"2020-2021";"..";"Otros Servicios";"Mujeres";"Evaluacion"
"2019-2020";"..";"Otros Servicios";"Mujeres";"Evaluacion"
"2018-2019";"..";"Otros Servicios";"Mujeres";"Evaluacion"
"2017-2018";"..";"Otros Servicios";"Mujeres";"Evaluacion"
"2016-2017";"..";"Otros Servicios";"Mujeres";"Evaluacion"
"2015-2016";"..";"Otros Servicios";"Mujeres";"Evaluacion"
