"Anio";"Valor";"Carrera";"Genero";"Tasa"
"2022-2023";"???";"Politécnica de Catalunya";"Ambos Sexos";"Rendimiento"
"2021-2022";"???";"Politécnica de Catalunya";"Ambos Sexos";"Rendimiento"
"2020-2021";"???";"Politécnica de Catalunya";"Ambos Sexos";"Rendimiento"
"2019-2020";"???";"Politécnica de Catalunya";"Ambos Sexos";"Rendimiento"
"2018-2019";"???";"Politécnica de Catalunya";"Ambos Sexos";"Rendimiento"
"2017-2018";"???";"Politécnica de Catalunya";"Ambos Sexos";"Rendimiento"
"2016-2017";"???";"Politécnica de Catalunya";"Ambos Sexos";"Rendimiento"
"2015-2016";"???";"Politécnica de Catalunya";"Ambos Sexos";"Rendimiento"
"2022-2023";"78.09";"Todos los ámbitos";"Ambos Sexos";"Rendimiento"
"2021-2022";"76.16";"Todos los ámbitos";"Ambos Sexos";"Rendimiento"
"2020-2021";"78.89";"Todos los ámbitos";"Ambos Sexos";"Rendimiento"
"2019-2020";"82.61";"Todos los ámbitos";"Ambos Sexos";"Rendimiento"
"2018-2019";"77.88";"Todos los ámbitos";"Ambos Sexos";"Rendimiento"
"2017-2018";"76.97";"Todos los ámbitos";"Ambos Sexos";"Rendimiento"
"2016-2017";"76.6";"Todos los ámbitos";"Ambos Sexos";"Rendimiento"
"2015-2016";"77.02";"Todos los ámbitos";"Ambos Sexos";"Rendimiento"
"2022-2023";"..";"Total Educación";"Ambos Sexos";"Rendimiento"
"2021-2022";"..";"Total Educación";"Ambos Sexos";"Rendimiento"
"2020-2021";"..";"Total Educación";"Ambos Sexos";"Rendimiento"
"2019-2020";"..";"Total Educación";"Ambos Sexos";"Rendimiento"
"2018-2019";"..";"Total Educación";"Ambos Sexos";"Rendimiento"
"2017-2018";"..";"Total Educación";"Ambos Sexos";"Rendimiento"
"2016-2017";"..";"Total Educación";"Ambos Sexos";"Rendimiento"
"2015-2016";"..";"Total Educación";"Ambos Sexos";"Rendimiento"
"2022-2023";"..";"Formación de docentes de enseñanza infantil";"Ambos Sexos";"Rendimiento"
"2021-2022";"..";"Formación de docentes de enseñanza infantil";"Ambos Sexos";"Rendimiento"
"2020-2021";"..";"Formación de docentes de enseñanza infantil";"Ambos Sexos";"Rendimiento"
"2019-2020";"..";"Formación de docentes de enseñanza infantil";"Ambos Sexos";"Rendimiento"
"2018-2019";"..";"Formación de docentes de enseñanza infantil";"Ambos Sexos";"Rendimiento"
"2017-2018";"..";"Formación de docentes de enseñanza infantil";"Ambos Sexos";"Rendimiento"
"2016-2017";"..";"Formación de docentes de enseñanza infantil";"Ambos Sexos";"Rendimiento"
"2015-2016";"..";"Formación de docentes de enseñanza infantil";"Ambos Sexos";"Rendimiento"
"2022-2023";"..";"Formación de docentes de enseñanza primaria";"Ambos Sexos";"Rendimiento"
"2021-2022";"..";"Formación de docentes de enseñanza primaria";"Ambos Sexos";"Rendimiento"
"2020-2021";"..";"Formación de docentes de enseñanza primaria";"Ambos Sexos";"Rendimiento"
"2019-2020";"..";"Formación de docentes de enseñanza primaria";"Ambos Sexos";"Rendimiento"
"2018-2019";"..";"Formación de docentes de enseñanza primaria";"Ambos Sexos";"Rendimiento"
"2017-2018";"..";"Formación de docentes de enseñanza primaria";"Ambos Sexos";"Rendimiento"
"2016-2017";"..";"Formación de docentes de enseñanza primaria";"Ambos Sexos";"Rendimiento"
"2015-2016";"..";"Formación de docentes de enseñanza primaria";"Ambos Sexos";"Rendimiento"
"2022-2023";"..";"Otra Formación de personal docente y ciencias de la educación";"Ambos Sexos";"Rendimiento"
"2021-2022";"..";"Otra Formación de personal docente y ciencias de la educación";"Ambos Sexos";"Rendimiento"
"2020-2021";"..";"Otra Formación de personal docente y ciencias de la educación";"Ambos Sexos";"Rendimiento"
"2019-2020";"..";"Otra Formación de personal docente y ciencias de la educación";"Ambos Sexos";"Rendimiento"
"2018-2019";"..";"Otra Formación de personal docente y ciencias de la educación";"Ambos Sexos";"Rendimiento"
"2017-2018";"..";"Otra Formación de personal docente y ciencias de la educación";"Ambos Sexos";"Rendimiento"
"2016-2017";"..";"Otra Formación de personal docente y ciencias de la educación";"Ambos Sexos";"Rendimiento"
"2015-2016";"..";"Otra Formación de personal docente y ciencias de la educación";"Ambos Sexos";"Rendimiento"
"2022-2023";"90.36";"Total Artes y humanidades";"Ambos Sexos";"Rendimiento"
"2021-2022";"93.7";"Total Artes y humanidades";"Ambos Sexos";"Rendimiento"
"2020-2021";"94.12";"Total Artes y humanidades";"Ambos Sexos";"Rendimiento"
"2019-2020";"92.83";"Total Artes y humanidades";"Ambos Sexos";"Rendimiento"
"2018-2019";"89.98";"Total Artes y humanidades";"Ambos Sexos";"Rendimiento"
"2017-2018";"86.96";"Total Artes y humanidades";"Ambos Sexos";"Rendimiento"
"2016-2017";"86.12";"Total Artes y humanidades";"Ambos Sexos";"Rendimiento"
"2015-2016";"87.26";"Total Artes y humanidades";"Ambos Sexos";"Rendimiento"
"2022-2023";"90.36";"Técnicas audiovisuales y medios de comunicación";"Ambos Sexos";"Rendimiento"
"2021-2022";"93.7";"Técnicas audiovisuales y medios de comunicación";"Ambos Sexos";"Rendimiento"
"2020-2021";"94.12";"Técnicas audiovisuales y medios de comunicación";"Ambos Sexos";"Rendimiento"
"2019-2020";"92.83";"Técnicas audiovisuales y medios de comunicación";"Ambos Sexos";"Rendimiento"
"2018-2019";"89.98";"Técnicas audiovisuales y medios de comunicación";"Ambos Sexos";"Rendimiento"
"2017-2018";"86.96";"Técnicas audiovisuales y medios de comunicación";"Ambos Sexos";"Rendimiento"
"2016-2017";"86.12";"Técnicas audiovisuales y medios de comunicación";"Ambos Sexos";"Rendimiento"
"2015-2016";"87.26";"Técnicas audiovisuales y medios de comunicación";"Ambos Sexos";"Rendimiento"
"2022-2023";"..";"Artes";"Ambos Sexos";"Rendimiento"
"2021-2022";"..";"Artes";"Ambos Sexos";"Rendimiento"
"2020-2021";"..";"Artes";"Ambos Sexos";"Rendimiento"
"2019-2020";"..";"Artes";"Ambos Sexos";"Rendimiento"
"2018-2019";"..";"Artes";"Ambos Sexos";"Rendimiento"
"2017-2018";"..";"Artes";"Ambos Sexos";"Rendimiento"
"2016-2017";"..";"Artes";"Ambos Sexos";"Rendimiento"
"2015-2016";"..";"Artes";"Ambos Sexos";"Rendimiento"
"2022-2023";"..";"Lenguas";"Ambos Sexos";"Rendimiento"
"2021-2022";"..";"Lenguas";"Ambos Sexos";"Rendimiento"
"2020-2021";"..";"Lenguas";"Ambos Sexos";"Rendimiento"
"2019-2020";"..";"Lenguas";"Ambos Sexos";"Rendimiento"
"2018-2019";"..";"Lenguas";"Ambos Sexos";"Rendimiento"
"2017-2018";"..";"Lenguas";"Ambos Sexos";"Rendimiento"
"2016-2017";"..";"Lenguas";"Ambos Sexos";"Rendimiento"
"2015-2016";"..";"Lenguas";"Ambos Sexos";"Rendimiento"
"2022-2023";"..";"Humanidades";"Ambos Sexos";"Rendimiento"
"2021-2022";"..";"Humanidades";"Ambos Sexos";"Rendimiento"
"2020-2021";"..";"Humanidades";"Ambos Sexos";"Rendimiento"
"2019-2020";"..";"Humanidades";"Ambos Sexos";"Rendimiento"
"2018-2019";"..";"Humanidades";"Ambos Sexos";"Rendimiento"
"2017-2018";"..";"Humanidades";"Ambos Sexos";"Rendimiento"
"2016-2017";"..";"Humanidades";"Ambos Sexos";"Rendimiento"
"2015-2016";"..";"Humanidades";"Ambos Sexos";"Rendimiento"
"2022-2023";"..";"Total Ciencias sociales, periodismo y documentación";"Ambos Sexos";"Rendimiento"
"2021-2022";"..";"Total Ciencias sociales, periodismo y documentación";"Ambos Sexos";"Rendimiento"
"2020-2021";"..";"Total Ciencias sociales, periodismo y documentación";"Ambos Sexos";"Rendimiento"
"2019-2020";"..";"Total Ciencias sociales, periodismo y documentación";"Ambos Sexos";"Rendimiento"
"2018-2019";"..";"Total Ciencias sociales, periodismo y documentación";"Ambos Sexos";"Rendimiento"
"2017-2018";"..";"Total Ciencias sociales, periodismo y documentación";"Ambos Sexos";"Rendimiento"
"2016-2017";"..";"Total Ciencias sociales, periodismo y documentación";"Ambos Sexos";"Rendimiento"
"2015-2016";"..";"Total Ciencias sociales, periodismo y documentación";"Ambos Sexos";"Rendimiento"
"2022-2023";"..";"Psicología";"Ambos Sexos";"Rendimiento"
"2021-2022";"..";"Psicología";"Ambos Sexos";"Rendimiento"
"2020-2021";"..";"Psicología";"Ambos Sexos";"Rendimiento"
"2019-2020";"..";"Psicología";"Ambos Sexos";"Rendimiento"
"2018-2019";"..";"Psicología";"Ambos Sexos";"Rendimiento"
"2017-2018";"..";"Psicología";"Ambos Sexos";"Rendimiento"
"2016-2017";"..";"Psicología";"Ambos Sexos";"Rendimiento"
"2015-2016";"..";"Psicología";"Ambos Sexos";"Rendimiento"
"2022-2023";"..";"Economía";"Ambos Sexos";"Rendimiento"
"2021-2022";"..";"Economía";"Ambos Sexos";"Rendimiento"
"2020-2021";"..";"Economía";"Ambos Sexos";"Rendimiento"
"2019-2020";"..";"Economía";"Ambos Sexos";"Rendimiento"
"2018-2019";"..";"Economía";"Ambos Sexos";"Rendimiento"
"2017-2018";"..";"Economía";"Ambos Sexos";"Rendimiento"
"2016-2017";"..";"Economía";"Ambos Sexos";"Rendimiento"
"2015-2016";"..";"Economía";"Ambos Sexos";"Rendimiento"
"2022-2023";"..";"Otras Ciencias sociales y del comportamiento";"Ambos Sexos";"Rendimiento"
"2021-2022";"..";"Otras Ciencias sociales y del comportamiento";"Ambos Sexos";"Rendimiento"
"2020-2021";"..";"Otras Ciencias sociales y del comportamiento";"Ambos Sexos";"Rendimiento"
"2019-2020";"..";"Otras Ciencias sociales y del comportamiento";"Ambos Sexos";"Rendimiento"
"2018-2019";"..";"Otras Ciencias sociales y del comportamiento";"Ambos Sexos";"Rendimiento"
"2017-2018";"..";"Otras Ciencias sociales y del comportamiento";"Ambos Sexos";"Rendimiento"
"2016-2017";"..";"Otras Ciencias sociales y del comportamiento";"Ambos Sexos";"Rendimiento"
"2015-2016";"..";"Otras Ciencias sociales y del comportamiento";"Ambos Sexos";"Rendimiento"
"2022-2023";"..";"Periodismo e información";"Ambos Sexos";"Rendimiento"
"2021-2022";"..";"Periodismo e información";"Ambos Sexos";"Rendimiento"
"2020-2021";"..";"Periodismo e información";"Ambos Sexos";"Rendimiento"
"2019-2020";"..";"Periodismo e información";"Ambos Sexos";"Rendimiento"
"2018-2019";"..";"Periodismo e información";"Ambos Sexos";"Rendimiento"
"2017-2018";"..";"Periodismo e información";"Ambos Sexos";"Rendimiento"
"2016-2017";"..";"Periodismo e información";"Ambos Sexos";"Rendimiento"
"2015-2016";"..";"Periodismo e información";"Ambos Sexos";"Rendimiento"
"2022-2023";"85.63";"Total Negocios, administración y derecho";"Ambos Sexos";"Rendimiento"
"2021-2022";"70.86";"Total Negocios, administración y derecho";"Ambos Sexos";"Rendimiento"
"2020-2021";"85.48";"Total Negocios, administración y derecho";"Ambos Sexos";"Rendimiento"
"2019-2020";"87.75";"Total Negocios, administración y derecho";"Ambos Sexos";"Rendimiento"
"2018-2019";"81.84";"Total Negocios, administración y derecho";"Ambos Sexos";"Rendimiento"
"2017-2018";"81.09";"Total Negocios, administración y derecho";"Ambos Sexos";"Rendimiento"
"2016-2017";"78.22";"Total Negocios, administración y derecho";"Ambos Sexos";"Rendimiento"
"2015-2016";"81.33";"Total Negocios, administración y derecho";"Ambos Sexos";"Rendimiento"
"2022-2023";"81.01";"Administración y gestión de empresas";"Ambos Sexos";"Rendimiento"
"2021-2022";"65.26";"Administración y gestión de empresas";"Ambos Sexos";"Rendimiento"
"2020-2021";"81.39";"Administración y gestión de empresas";"Ambos Sexos";"Rendimiento"
"2019-2020";"84.89";"Administración y gestión de empresas";"Ambos Sexos";"Rendimiento"
"2018-2019";"79.53";"Administración y gestión de empresas";"Ambos Sexos";"Rendimiento"
"2017-2018";"78.58";"Administración y gestión de empresas";"Ambos Sexos";"Rendimiento"
"2016-2017";"75.63";"Administración y gestión de empresas";"Ambos Sexos";"Rendimiento"
"2015-2016";"80.09";"Administración y gestión de empresas";"Ambos Sexos";"Rendimiento"
"2022-2023";"90.12";"Otra Educación comercial y empresarial";"Ambos Sexos";"Rendimiento"
"2021-2022";"77.52";"Otra Educación comercial y empresarial";"Ambos Sexos";"Rendimiento"
"2020-2021";"90.32";"Otra Educación comercial y empresarial";"Ambos Sexos";"Rendimiento"
"2019-2020";"92.28";"Otra Educación comercial y empresarial";"Ambos Sexos";"Rendimiento"
"2018-2019";"86.36";"Otra Educación comercial y empresarial";"Ambos Sexos";"Rendimiento"
"2017-2018";"87.56";"Otra Educación comercial y empresarial";"Ambos Sexos";"Rendimiento"
"2016-2017";"87.86";"Otra Educación comercial y empresarial";"Ambos Sexos";"Rendimiento"
"2015-2016";"89.46";"Otra Educación comercial y empresarial";"Ambos Sexos";"Rendimiento"
"2022-2023";"..";"Derecho";"Ambos Sexos";"Rendimiento"
"2021-2022";"..";"Derecho";"Ambos Sexos";"Rendimiento"
"2020-2021";"..";"Derecho";"Ambos Sexos";"Rendimiento"
"2019-2020";"..";"Derecho";"Ambos Sexos";"Rendimiento"
"2018-2019";"..";"Derecho";"Ambos Sexos";"Rendimiento"
"2017-2018";"..";"Derecho";"Ambos Sexos";"Rendimiento"
"2016-2017";"..";"Derecho";"Ambos Sexos";"Rendimiento"
"2015-2016";"..";"Derecho";"Ambos Sexos";"Rendimiento"
"2022-2023";"86.11";"Total Ciencias";"Ambos Sexos";"Rendimiento"
"2021-2022";"87.37";"Total Ciencias";"Ambos Sexos";"Rendimiento"
"2020-2021";"86.13";"Total Ciencias";"Ambos Sexos";"Rendimiento"
"2019-2020";"90.01";"Total Ciencias";"Ambos Sexos";"Rendimiento"
"2018-2019";"85.09";"Total Ciencias";"Ambos Sexos";"Rendimiento"
"2017-2018";"85.02";"Total Ciencias";"Ambos Sexos";"Rendimiento"
"2016-2017";"82.71";"Total Ciencias";"Ambos Sexos";"Rendimiento"
"2015-2016";"79.39";"Total Ciencias";"Ambos Sexos";"Rendimiento"
"2022-2023";"82.54";"Ciencias de la vida";"Ambos Sexos";"Rendimiento"
"2021-2022";"79.65";"Ciencias de la vida";"Ambos Sexos";"Rendimiento"
"2020-2021";"76.35";"Ciencias de la vida";"Ambos Sexos";"Rendimiento"
"2019-2020";"86.75";"Ciencias de la vida";"Ambos Sexos";"Rendimiento"
"2018-2019";"77.39";"Ciencias de la vida";"Ambos Sexos";"Rendimiento"
"2017-2018";"76.4";"Ciencias de la vida";"Ambos Sexos";"Rendimiento"
"2016-2017";"71.96";"Ciencias de la vida";"Ambos Sexos";"Rendimiento"
"2015-2016";"69.56";"Ciencias de la vida";"Ambos Sexos";"Rendimiento"
"2022-2023";"83.17";"Ciencias Físicas, químicas, geológicas";"Ambos Sexos";"Rendimiento"
"2021-2022";"82.76";"Ciencias Físicas, químicas, geológicas";"Ambos Sexos";"Rendimiento"
"2020-2021";"82.48";"Ciencias Físicas, químicas, geológicas";"Ambos Sexos";"Rendimiento"
"2019-2020";"89.04";"Ciencias Físicas, químicas, geológicas";"Ambos Sexos";"Rendimiento"
"2018-2019";"83.32";"Ciencias Físicas, químicas, geológicas";"Ambos Sexos";"Rendimiento"
"2017-2018";"89.39";"Ciencias Físicas, químicas, geológicas";"Ambos Sexos";"Rendimiento"
"2016-2017";"84.71";"Ciencias Físicas, químicas, geológicas";"Ambos Sexos";"Rendimiento"
"2015-2016";"79.18";"Ciencias Físicas, químicas, geológicas";"Ambos Sexos";"Rendimiento"
"2022-2023";"91.54";"Matemáticas y Estadística";"Ambos Sexos";"Rendimiento"
"2021-2022";"93.09";"Matemáticas y Estadística";"Ambos Sexos";"Rendimiento"
"2020-2021";"91.9";"Matemáticas y Estadística";"Ambos Sexos";"Rendimiento"
"2019-2020";"91.73";"Matemáticas y Estadística";"Ambos Sexos";"Rendimiento"
"2018-2019";"89.29";"Matemáticas y Estadística";"Ambos Sexos";"Rendimiento"
"2017-2018";"87.33";"Matemáticas y Estadística";"Ambos Sexos";"Rendimiento"
"2016-2017";"88.73";"Matemáticas y Estadística";"Ambos Sexos";"Rendimiento"
"2015-2016";"86.89";"Matemáticas y Estadística";"Ambos Sexos";"Rendimiento"
"2022-2023";"85.7";"Total Informática";"Ambos Sexos";"Rendimiento"
"2021-2022";"82.59";"Total Informática";"Ambos Sexos";"Rendimiento"
"2020-2021";"82.01";"Total Informática";"Ambos Sexos";"Rendimiento"
"2019-2020";"82.15";"Total Informática";"Ambos Sexos";"Rendimiento"
"2018-2019";"79.5";"Total Informática";"Ambos Sexos";"Rendimiento"
"2017-2018";"78.8";"Total Informática";"Ambos Sexos";"Rendimiento"
"2016-2017";"76.79";"Total Informática";"Ambos Sexos";"Rendimiento"
"2015-2016";"76.92";"Total Informática";"Ambos Sexos";"Rendimiento"
"2022-2023";"85.7";"Informática";"Ambos Sexos";"Rendimiento"
"2021-2022";"82.59";"Informática";"Ambos Sexos";"Rendimiento"
"2020-2021";"82.01";"Informática";"Ambos Sexos";"Rendimiento"
"2019-2020";"82.15";"Informática";"Ambos Sexos";"Rendimiento"
"2018-2019";"79.5";"Informática";"Ambos Sexos";"Rendimiento"
"2017-2018";"78.8";"Informática";"Ambos Sexos";"Rendimiento"
"2016-2017";"76.79";"Informática";"Ambos Sexos";"Rendimiento"
"2015-2016";"76.92";"Informática";"Ambos Sexos";"Rendimiento"
"2022-2023";"74.83";"Total Ingeniería, industria y construcción";"Ambos Sexos";"Rendimiento"
"2021-2022";"74.09";"Total Ingeniería, industria y construcción";"Ambos Sexos";"Rendimiento"
"2020-2021";"76.45";"Total Ingeniería, industria y construcción";"Ambos Sexos";"Rendimiento"
"2019-2020";"81.11";"Total Ingeniería, industria y construcción";"Ambos Sexos";"Rendimiento"
"2018-2019";"76.13";"Total Ingeniería, industria y construcción";"Ambos Sexos";"Rendimiento"
"2017-2018";"75.39";"Total Ingeniería, industria y construcción";"Ambos Sexos";"Rendimiento"
"2016-2017";"75.58";"Total Ingeniería, industria y construcción";"Ambos Sexos";"Rendimiento"
"2015-2016";"75.95";"Total Ingeniería, industria y construcción";"Ambos Sexos";"Rendimiento"
"2022-2023";"73.73";"Ingenierías";"Ambos Sexos";"Rendimiento"
"2021-2022";"73.06";"Ingenierías";"Ambos Sexos";"Rendimiento"
"2020-2021";"75.89";"Ingenierías";"Ambos Sexos";"Rendimiento"
"2019-2020";"80.99";"Ingenierías";"Ambos Sexos";"Rendimiento"
"2018-2019";"75.79";"Ingenierías";"Ambos Sexos";"Rendimiento"
"2017-2018";"74.93";"Ingenierías";"Ambos Sexos";"Rendimiento"
"2016-2017";"75.3";"Ingenierías";"Ambos Sexos";"Rendimiento"
"2015-2016";"75.66";"Ingenierías";"Ambos Sexos";"Rendimiento"
"2022-2023";"78.47";"Arquitectura y construcción";"Ambos Sexos";"Rendimiento"
"2021-2022";"77.53";"Arquitectura y construcción";"Ambos Sexos";"Rendimiento"
"2020-2021";"78.35";"Arquitectura y construcción";"Ambos Sexos";"Rendimiento"
"2019-2020";"81.5";"Arquitectura y construcción";"Ambos Sexos";"Rendimiento"
"2018-2019";"77.23";"Arquitectura y construcción";"Ambos Sexos";"Rendimiento"
"2017-2018";"76.89";"Arquitectura y construcción";"Ambos Sexos";"Rendimiento"
"2016-2017";"76.45";"Arquitectura y construcción";"Ambos Sexos";"Rendimiento"
"2015-2016";"76.87";"Arquitectura y construcción";"Ambos Sexos";"Rendimiento"
"2022-2023";"72.57";"Total Agricultura, ganadería,  silvicultura, pesca, y veterinaria";"Ambos Sexos";"Rendimiento"
"2021-2022";"72.67";"Total Agricultura, ganadería,  silvicultura, pesca, y veterinaria";"Ambos Sexos";"Rendimiento"
"2020-2021";"79.37";"Total Agricultura, ganadería,  silvicultura, pesca, y veterinaria";"Ambos Sexos";"Rendimiento"
"2019-2020";"84.2";"Total Agricultura, ganadería,  silvicultura, pesca, y veterinaria";"Ambos Sexos";"Rendimiento"
"2018-2019";"79.33";"Total Agricultura, ganadería,  silvicultura, pesca, y veterinaria";"Ambos Sexos";"Rendimiento"
"2017-2018";"76.51";"Total Agricultura, ganadería,  silvicultura, pesca, y veterinaria";"Ambos Sexos";"Rendimiento"
"2016-2017";"72.71";"Total Agricultura, ganadería,  silvicultura, pesca, y veterinaria";"Ambos Sexos";"Rendimiento"
"2015-2016";"74.87";"Total Agricultura, ganadería,  silvicultura, pesca, y veterinaria";"Ambos Sexos";"Rendimiento"
"2022-2023";"72.57";"Agricultura, ganadería y pesca";"Ambos Sexos";"Rendimiento"
"2021-2022";"72.67";"Agricultura, ganadería y pesca";"Ambos Sexos";"Rendimiento"
"2020-2021";"79.37";"Agricultura, ganadería y pesca";"Ambos Sexos";"Rendimiento"
"2019-2020";"84.2";"Agricultura, ganadería y pesca";"Ambos Sexos";"Rendimiento"
"2018-2019";"79.33";"Agricultura, ganadería y pesca";"Ambos Sexos";"Rendimiento"
"2017-2018";"76.51";"Agricultura, ganadería y pesca";"Ambos Sexos";"Rendimiento"
"2016-2017";"72.71";"Agricultura, ganadería y pesca";"Ambos Sexos";"Rendimiento"
"2015-2016";"74.87";"Agricultura, ganadería y pesca";"Ambos Sexos";"Rendimiento"
"2022-2023";"..";"Veterinaria";"Ambos Sexos";"Rendimiento"
"2021-2022";"..";"Veterinaria";"Ambos Sexos";"Rendimiento"
"2020-2021";"..";"Veterinaria";"Ambos Sexos";"Rendimiento"
"2019-2020";"..";"Veterinaria";"Ambos Sexos";"Rendimiento"
"2018-2019";"..";"Veterinaria";"Ambos Sexos";"Rendimiento"
"2017-2018";"..";"Veterinaria";"Ambos Sexos";"Rendimiento"
"2016-2017";"..";"Veterinaria";"Ambos Sexos";"Rendimiento"
"2015-2016";"..";"Veterinaria";"Ambos Sexos";"Rendimiento"
"2022-2023";"89.85";"Total Salud y servicios sociales";"Ambos Sexos";"Rendimiento"
"2021-2022";"86.61";"Total Salud y servicios sociales";"Ambos Sexos";"Rendimiento"
"2020-2021";"87.97";"Total Salud y servicios sociales";"Ambos Sexos";"Rendimiento"
"2019-2020";"90.53";"Total Salud y servicios sociales";"Ambos Sexos";"Rendimiento"
"2018-2019";"86.49";"Total Salud y servicios sociales";"Ambos Sexos";"Rendimiento"
"2017-2018";"85.54";"Total Salud y servicios sociales";"Ambos Sexos";"Rendimiento"
"2016-2017";"83.2";"Total Salud y servicios sociales";"Ambos Sexos";"Rendimiento"
"2015-2016";"84.36";"Total Salud y servicios sociales";"Ambos Sexos";"Rendimiento"
"2022-2023";"..";"Medicina";"Ambos Sexos";"Rendimiento"
"2021-2022";"..";"Medicina";"Ambos Sexos";"Rendimiento"
"2020-2021";"..";"Medicina";"Ambos Sexos";"Rendimiento"
"2019-2020";"..";"Medicina";"Ambos Sexos";"Rendimiento"
"2018-2019";"..";"Medicina";"Ambos Sexos";"Rendimiento"
"2017-2018";"..";"Medicina";"Ambos Sexos";"Rendimiento"
"2016-2017";"..";"Medicina";"Ambos Sexos";"Rendimiento"
"2015-2016";"..";"Medicina";"Ambos Sexos";"Rendimiento"
"2022-2023";"..";"Enfermería y atención a enfermos";"Ambos Sexos";"Rendimiento"
"2021-2022";"..";"Enfermería y atención a enfermos";"Ambos Sexos";"Rendimiento"
"2020-2021";"..";"Enfermería y atención a enfermos";"Ambos Sexos";"Rendimiento"
"2019-2020";"..";"Enfermería y atención a enfermos";"Ambos Sexos";"Rendimiento"
"2018-2019";"..";"Enfermería y atención a enfermos";"Ambos Sexos";"Rendimiento"
"2017-2018";"..";"Enfermería y atención a enfermos";"Ambos Sexos";"Rendimiento"
"2016-2017";"..";"Enfermería y atención a enfermos";"Ambos Sexos";"Rendimiento"
"2015-2016";"..";"Enfermería y atención a enfermos";"Ambos Sexos";"Rendimiento"
"2022-2023";"89.85";"Otras ciencias de la Salud";"Ambos Sexos";"Rendimiento"
"2021-2022";"86.61";"Otras ciencias de la Salud";"Ambos Sexos";"Rendimiento"
"2020-2021";"87.97";"Otras ciencias de la Salud";"Ambos Sexos";"Rendimiento"
"2019-2020";"90.53";"Otras ciencias de la Salud";"Ambos Sexos";"Rendimiento"
"2018-2019";"86.49";"Otras ciencias de la Salud";"Ambos Sexos";"Rendimiento"
"2017-2018";"85.54";"Otras ciencias de la Salud";"Ambos Sexos";"Rendimiento"
"2016-2017";"83.2";"Otras ciencias de la Salud";"Ambos Sexos";"Rendimiento"
"2015-2016";"84.36";"Otras ciencias de la Salud";"Ambos Sexos";"Rendimiento"
"2022-2023";"..";"Trabajo social y orientación";"Ambos Sexos";"Rendimiento"
"2021-2022";"..";"Trabajo social y orientación";"Ambos Sexos";"Rendimiento"
"2020-2021";"..";"Trabajo social y orientación";"Ambos Sexos";"Rendimiento"
"2019-2020";"..";"Trabajo social y orientación";"Ambos Sexos";"Rendimiento"
"2018-2019";"..";"Trabajo social y orientación";"Ambos Sexos";"Rendimiento"
"2017-2018";"..";"Trabajo social y orientación";"Ambos Sexos";"Rendimiento"
"2016-2017";"..";"Trabajo social y orientación";"Ambos Sexos";"Rendimiento"
"2015-2016";"..";"Trabajo social y orientación";"Ambos Sexos";"Rendimiento"
"2022-2023";"84.19";"Total Servicios";"Ambos Sexos";"Rendimiento"
"2021-2022";"85.44";"Total Servicios";"Ambos Sexos";"Rendimiento"
"2020-2021";"86.92";"Total Servicios";"Ambos Sexos";"Rendimiento"
"2019-2020";"87.11";"Total Servicios";"Ambos Sexos";"Rendimiento"
"2018-2019";"87.18";"Total Servicios";"Ambos Sexos";"Rendimiento"
"2017-2018";"83.05";"Total Servicios";"Ambos Sexos";"Rendimiento"
"2016-2017";"87.84";"Total Servicios";"Ambos Sexos";"Rendimiento"
"2015-2016";"85.84";"Total Servicios";"Ambos Sexos";"Rendimiento"
"2022-2023";"85.8";"Deportes";"Ambos Sexos";"Rendimiento"
"2021-2022";"90.68";"Deportes";"Ambos Sexos";"Rendimiento"
"2020-2021";"87.25";"Deportes";"Ambos Sexos";"Rendimiento"
"2019-2020";"84.15";"Deportes";"Ambos Sexos";"Rendimiento"
"2018-2019";"83.06";"Deportes";"Ambos Sexos";"Rendimiento"
"2017-2018";"..";"Deportes";"Ambos Sexos";"Rendimiento"
"2016-2017";"..";"Deportes";"Ambos Sexos";"Rendimiento"
"2015-2016";"..";"Deportes";"Ambos Sexos";"Rendimiento"
"2022-2023";"..";"Turismo y Hostelería";"Ambos Sexos";"Rendimiento"
"2021-2022";"..";"Turismo y Hostelería";"Ambos Sexos";"Rendimiento"
"2020-2021";"..";"Turismo y Hostelería";"Ambos Sexos";"Rendimiento"
"2019-2020";"..";"Turismo y Hostelería";"Ambos Sexos";"Rendimiento"
"2018-2019";"..";"Turismo y Hostelería";"Ambos Sexos";"Rendimiento"
"2017-2018";"..";"Turismo y Hostelería";"Ambos Sexos";"Rendimiento"
"2016-2017";"..";"Turismo y Hostelería";"Ambos Sexos";"Rendimiento"
"2015-2016";"..";"Turismo y Hostelería";"Ambos Sexos";"Rendimiento"
"2022-2023";"82.75";"Otros Servicios";"Ambos Sexos";"Rendimiento"
"2021-2022";"80.87";"Otros Servicios";"Ambos Sexos";"Rendimiento"
"2020-2021";"86.69";"Otros Servicios";"Ambos Sexos";"Rendimiento"
"2019-2020";"88.82";"Otros Servicios";"Ambos Sexos";"Rendimiento"
"2018-2019";"88.16";"Otros Servicios";"Ambos Sexos";"Rendimiento"
"2017-2018";"83.05";"Otros Servicios";"Ambos Sexos";"Rendimiento"
"2016-2017";"87.84";"Otros Servicios";"Ambos Sexos";"Rendimiento"
"2015-2016";"85.84";"Otros Servicios";"Ambos Sexos";"Rendimiento"
"2022-2023";"???";"Politécnica de Catalunya";"Ambos Sexos";"Exito"
"2021-2022";"???";"Politécnica de Catalunya";"Ambos Sexos";"Exito"
"2020-2021";"???";"Politécnica de Catalunya";"Ambos Sexos";"Exito"
"2019-2020";"???";"Politécnica de Catalunya";"Ambos Sexos";"Exito"
"2018-2019";"???";"Politécnica de Catalunya";"Ambos Sexos";"Exito"
"2017-2018";"???";"Politécnica de Catalunya";"Ambos Sexos";"Exito"
"2016-2017";"???";"Politécnica de Catalunya";"Ambos Sexos";"Exito"
"2015-2016";"???";"Politécnica de Catalunya";"Ambos Sexos";"Exito"
"2022-2023";"82.29";"Todos los ámbitos";"Ambos Sexos";"Exito"
"2021-2022";"81.14";"Todos los ámbitos";"Ambos Sexos";"Exito"
"2020-2021";"82.57";"Todos los ámbitos";"Ambos Sexos";"Exito"
"2019-2020";"86.17";"Todos los ámbitos";"Ambos Sexos";"Exito"
"2018-2019";"81.91";"Todos los ámbitos";"Ambos Sexos";"Exito"
"2017-2018";"81.34";"Todos los ámbitos";"Ambos Sexos";"Exito"
"2016-2017";"80.93";"Todos los ámbitos";"Ambos Sexos";"Exito"
"2015-2016";"81.11";"Todos los ámbitos";"Ambos Sexos";"Exito"
"2022-2023";"..";"Total Educación";"Ambos Sexos";"Exito"
"2021-2022";"..";"Total Educación";"Ambos Sexos";"Exito"
"2020-2021";"..";"Total Educación";"Ambos Sexos";"Exito"
"2019-2020";"..";"Total Educación";"Ambos Sexos";"Exito"
"2018-2019";"..";"Total Educación";"Ambos Sexos";"Exito"
"2017-2018";"..";"Total Educación";"Ambos Sexos";"Exito"
"2016-2017";"..";"Total Educación";"Ambos Sexos";"Exito"
"2015-2016";"..";"Total Educación";"Ambos Sexos";"Exito"
"2022-2023";"..";"Formación de docentes de enseñanza infantil";"Ambos Sexos";"Exito"
"2021-2022";"..";"Formación de docentes de enseñanza infantil";"Ambos Sexos";"Exito"
"2020-2021";"..";"Formación de docentes de enseñanza infantil";"Ambos Sexos";"Exito"
"2019-2020";"..";"Formación de docentes de enseñanza infantil";"Ambos Sexos";"Exito"
"2018-2019";"..";"Formación de docentes de enseñanza infantil";"Ambos Sexos";"Exito"
"2017-2018";"..";"Formación de docentes de enseñanza infantil";"Ambos Sexos";"Exito"
"2016-2017";"..";"Formación de docentes de enseñanza infantil";"Ambos Sexos";"Exito"
"2015-2016";"..";"Formación de docentes de enseñanza infantil";"Ambos Sexos";"Exito"
"2022-2023";"..";"Formación de docentes de enseñanza primaria";"Ambos Sexos";"Exito"
"2021-2022";"..";"Formación de docentes de enseñanza primaria";"Ambos Sexos";"Exito"
"2020-2021";"..";"Formación de docentes de enseñanza primaria";"Ambos Sexos";"Exito"
"2019-2020";"..";"Formación de docentes de enseñanza primaria";"Ambos Sexos";"Exito"
"2018-2019";"..";"Formación de docentes de enseñanza primaria";"Ambos Sexos";"Exito"
"2017-2018";"..";"Formación de docentes de enseñanza primaria";"Ambos Sexos";"Exito"
"2016-2017";"..";"Formación de docentes de enseñanza primaria";"Ambos Sexos";"Exito"
"2015-2016";"..";"Formación de docentes de enseñanza primaria";"Ambos Sexos";"Exito"
"2022-2023";"..";"Otra Formación de personal docente y ciencias de la educación";"Ambos Sexos";"Exito"
"2021-2022";"..";"Otra Formación de personal docente y ciencias de la educación";"Ambos Sexos";"Exito"
"2020-2021";"..";"Otra Formación de personal docente y ciencias de la educación";"Ambos Sexos";"Exito"
"2019-2020";"..";"Otra Formación de personal docente y ciencias de la educación";"Ambos Sexos";"Exito"
"2018-2019";"..";"Otra Formación de personal docente y ciencias de la educación";"Ambos Sexos";"Exito"
"2017-2018";"..";"Otra Formación de personal docente y ciencias de la educación";"Ambos Sexos";"Exito"
"2016-2017";"..";"Otra Formación de personal docente y ciencias de la educación";"Ambos Sexos";"Exito"
"2015-2016";"..";"Otra Formación de personal docente y ciencias de la educación";"Ambos Sexos";"Exito"
"2022-2023";"93.53";"Total Artes y humanidades";"Ambos Sexos";"Exito"
"2021-2022";"96.13";"Total Artes y humanidades";"Ambos Sexos";"Exito"
"2020-2021";"95.9";"Total Artes y humanidades";"Ambos Sexos";"Exito"
"2019-2020";"95.18";"Total Artes y humanidades";"Ambos Sexos";"Exito"
"2018-2019";"93.83";"Total Artes y humanidades";"Ambos Sexos";"Exito"
"2017-2018";"90.52";"Total Artes y humanidades";"Ambos Sexos";"Exito"
"2016-2017";"90.41";"Total Artes y humanidades";"Ambos Sexos";"Exito"
"2015-2016";"89.52";"Total Artes y humanidades";"Ambos Sexos";"Exito"
"2022-2023";"93.53";"Técnicas audiovisuales y medios de comunicación";"Ambos Sexos";"Exito"
"2021-2022";"96.13";"Técnicas audiovisuales y medios de comunicación";"Ambos Sexos";"Exito"
"2020-2021";"95.9";"Técnicas audiovisuales y medios de comunicación";"Ambos Sexos";"Exito"
"2019-2020";"95.18";"Técnicas audiovisuales y medios de comunicación";"Ambos Sexos";"Exito"
"2018-2019";"93.83";"Técnicas audiovisuales y medios de comunicación";"Ambos Sexos";"Exito"
"2017-2018";"90.52";"Técnicas audiovisuales y medios de comunicación";"Ambos Sexos";"Exito"
"2016-2017";"90.41";"Técnicas audiovisuales y medios de comunicación";"Ambos Sexos";"Exito"
"2015-2016";"89.52";"Técnicas audiovisuales y medios de comunicación";"Ambos Sexos";"Exito"
"2022-2023";"..";"Artes";"Ambos Sexos";"Exito"
"2021-2022";"..";"Artes";"Ambos Sexos";"Exito"
"2020-2021";"..";"Artes";"Ambos Sexos";"Exito"
"2019-2020";"..";"Artes";"Ambos Sexos";"Exito"
"2018-2019";"..";"Artes";"Ambos Sexos";"Exito"
"2017-2018";"..";"Artes";"Ambos Sexos";"Exito"
"2016-2017";"..";"Artes";"Ambos Sexos";"Exito"
"2015-2016";"..";"Artes";"Ambos Sexos";"Exito"
"2022-2023";"..";"Lenguas";"Ambos Sexos";"Exito"
"2021-2022";"..";"Lenguas";"Ambos Sexos";"Exito"
"2020-2021";"..";"Lenguas";"Ambos Sexos";"Exito"
"2019-2020";"..";"Lenguas";"Ambos Sexos";"Exito"
"2018-2019";"..";"Lenguas";"Ambos Sexos";"Exito"
"2017-2018";"..";"Lenguas";"Ambos Sexos";"Exito"
"2016-2017";"..";"Lenguas";"Ambos Sexos";"Exito"
"2015-2016";"..";"Lenguas";"Ambos Sexos";"Exito"
"2022-2023";"..";"Humanidades";"Ambos Sexos";"Exito"
"2021-2022";"..";"Humanidades";"Ambos Sexos";"Exito"
"2020-2021";"..";"Humanidades";"Ambos Sexos";"Exito"
"2019-2020";"..";"Humanidades";"Ambos Sexos";"Exito"
"2018-2019";"..";"Humanidades";"Ambos Sexos";"Exito"
"2017-2018";"..";"Humanidades";"Ambos Sexos";"Exito"
"2016-2017";"..";"Humanidades";"Ambos Sexos";"Exito"
"2015-2016";"..";"Humanidades";"Ambos Sexos";"Exito"
"2022-2023";"..";"Total Ciencias sociales, periodismo y documentación";"Ambos Sexos";"Exito"
"2021-2022";"..";"Total Ciencias sociales, periodismo y documentación";"Ambos Sexos";"Exito"
"2020-2021";"..";"Total Ciencias sociales, periodismo y documentación";"Ambos Sexos";"Exito"
"2019-2020";"..";"Total Ciencias sociales, periodismo y documentación";"Ambos Sexos";"Exito"
"2018-2019";"..";"Total Ciencias sociales, periodismo y documentación";"Ambos Sexos";"Exito"
"2017-2018";"..";"Total Ciencias sociales, periodismo y documentación";"Ambos Sexos";"Exito"
"2016-2017";"..";"Total Ciencias sociales, periodismo y documentación";"Ambos Sexos";"Exito"
"2015-2016";"..";"Total Ciencias sociales, periodismo y documentación";"Ambos Sexos";"Exito"
"2022-2023";"..";"Psicología";"Ambos Sexos";"Exito"
"2021-2022";"..";"Psicología";"Ambos Sexos";"Exito"
"2020-2021";"..";"Psicología";"Ambos Sexos";"Exito"
"2019-2020";"..";"Psicología";"Ambos Sexos";"Exito"
"2018-2019";"..";"Psicología";"Ambos Sexos";"Exito"
"2017-2018";"..";"Psicología";"Ambos Sexos";"Exito"
"2016-2017";"..";"Psicología";"Ambos Sexos";"Exito"
"2015-2016";"..";"Psicología";"Ambos Sexos";"Exito"
"2022-2023";"..";"Economía";"Ambos Sexos";"Exito"
"2021-2022";"..";"Economía";"Ambos Sexos";"Exito"
"2020-2021";"..";"Economía";"Ambos Sexos";"Exito"
"2019-2020";"..";"Economía";"Ambos Sexos";"Exito"
"2018-2019";"..";"Economía";"Ambos Sexos";"Exito"
"2017-2018";"..";"Economía";"Ambos Sexos";"Exito"
"2016-2017";"..";"Economía";"Ambos Sexos";"Exito"
"2015-2016";"..";"Economía";"Ambos Sexos";"Exito"
"2022-2023";"..";"Otras Ciencias sociales y del comportamiento";"Ambos Sexos";"Exito"
"2021-2022";"..";"Otras Ciencias sociales y del comportamiento";"Ambos Sexos";"Exito"
"2020-2021";"..";"Otras Ciencias sociales y del comportamiento";"Ambos Sexos";"Exito"
"2019-2020";"..";"Otras Ciencias sociales y del comportamiento";"Ambos Sexos";"Exito"
"2018-2019";"..";"Otras Ciencias sociales y del comportamiento";"Ambos Sexos";"Exito"
"2017-2018";"..";"Otras Ciencias sociales y del comportamiento";"Ambos Sexos";"Exito"
"2016-2017";"..";"Otras Ciencias sociales y del comportamiento";"Ambos Sexos";"Exito"
"2015-2016";"..";"Otras Ciencias sociales y del comportamiento";"Ambos Sexos";"Exito"
"2022-2023";"..";"Periodismo e información";"Ambos Sexos";"Exito"
"2021-2022";"..";"Periodismo e información";"Ambos Sexos";"Exito"
"2020-2021";"..";"Periodismo e información";"Ambos Sexos";"Exito"
"2019-2020";"..";"Periodismo e información";"Ambos Sexos";"Exito"
"2018-2019";"..";"Periodismo e información";"Ambos Sexos";"Exito"
"2017-2018";"..";"Periodismo e información";"Ambos Sexos";"Exito"
"2016-2017";"..";"Periodismo e información";"Ambos Sexos";"Exito"
"2015-2016";"..";"Periodismo e información";"Ambos Sexos";"Exito"
"2022-2023";"90.57";"Total Negocios, administración y derecho";"Ambos Sexos";"Exito"
"2021-2022";"89.88";"Total Negocios, administración y derecho";"Ambos Sexos";"Exito"
"2020-2021";"88.91";"Total Negocios, administración y derecho";"Ambos Sexos";"Exito"
"2019-2020";"92.19";"Total Negocios, administración y derecho";"Ambos Sexos";"Exito"
"2018-2019";"88.4";"Total Negocios, administración y derecho";"Ambos Sexos";"Exito"
"2017-2018";"89.56";"Total Negocios, administración y derecho";"Ambos Sexos";"Exito"
"2016-2017";"88.09";"Total Negocios, administración y derecho";"Ambos Sexos";"Exito"
"2015-2016";"88.89";"Total Negocios, administración y derecho";"Ambos Sexos";"Exito"
"2022-2023";"86.43";"Administración y gestión de empresas";"Ambos Sexos";"Exito"
"2021-2022";"86.38";"Administración y gestión de empresas";"Ambos Sexos";"Exito"
"2020-2021";"85.59";"Administración y gestión de empresas";"Ambos Sexos";"Exito"
"2019-2020";"90.81";"Administración y gestión de empresas";"Ambos Sexos";"Exito"
"2018-2019";"87.4";"Administración y gestión de empresas";"Ambos Sexos";"Exito"
"2017-2018";"88.89";"Administración y gestión de empresas";"Ambos Sexos";"Exito"
"2016-2017";"87.26";"Administración y gestión de empresas";"Ambos Sexos";"Exito"
"2015-2016";"88.52";"Administración y gestión de empresas";"Ambos Sexos";"Exito"
"2022-2023";"94.51";"Otra Educación comercial y empresarial";"Ambos Sexos";"Exito"
"2021-2022";"93.68";"Otra Educación comercial y empresarial";"Ambos Sexos";"Exito"
"2020-2021";"92.74";"Otra Educación comercial y empresarial";"Ambos Sexos";"Exito"
"2019-2020";"94.27";"Otra Educación comercial y empresarial";"Ambos Sexos";"Exito"
"2018-2019";"90.25";"Otra Educación comercial y empresarial";"Ambos Sexos";"Exito"
"2017-2018";"91.15";"Otra Educación comercial y empresarial";"Ambos Sexos";"Exito"
"2016-2017";"90.84";"Otra Educación comercial y empresarial";"Ambos Sexos";"Exito"
"2015-2016";"91.09";"Otra Educación comercial y empresarial";"Ambos Sexos";"Exito"
"2022-2023";"..";"Derecho";"Ambos Sexos";"Exito"
"2021-2022";"..";"Derecho";"Ambos Sexos";"Exito"
"2020-2021";"..";"Derecho";"Ambos Sexos";"Exito"
"2019-2020";"..";"Derecho";"Ambos Sexos";"Exito"
"2018-2019";"..";"Derecho";"Ambos Sexos";"Exito"
"2017-2018";"..";"Derecho";"Ambos Sexos";"Exito"
"2016-2017";"..";"Derecho";"Ambos Sexos";"Exito"
"2015-2016";"..";"Derecho";"Ambos Sexos";"Exito"
"2022-2023";"89.78";"Total Ciencias";"Ambos Sexos";"Exito"
"2021-2022";"90.89";"Total Ciencias";"Ambos Sexos";"Exito"
"2020-2021";"88.9";"Total Ciencias";"Ambos Sexos";"Exito"
"2019-2020";"93.25";"Total Ciencias";"Ambos Sexos";"Exito"
"2018-2019";"88.95";"Total Ciencias";"Ambos Sexos";"Exito"
"2017-2018";"89.43";"Total Ciencias";"Ambos Sexos";"Exito"
"2016-2017";"87.63";"Total Ciencias";"Ambos Sexos";"Exito"
"2015-2016";"84.88";"Total Ciencias";"Ambos Sexos";"Exito"
"2022-2023";"87.62";"Ciencias de la vida";"Ambos Sexos";"Exito"
"2021-2022";"84.18";"Ciencias de la vida";"Ambos Sexos";"Exito"
"2020-2021";"78.9";"Ciencias de la vida";"Ambos Sexos";"Exito"
"2019-2020";"90.27";"Ciencias de la vida";"Ambos Sexos";"Exito"
"2018-2019";"80.93";"Ciencias de la vida";"Ambos Sexos";"Exito"
"2017-2018";"80.48";"Ciencias de la vida";"Ambos Sexos";"Exito"
"2016-2017";"77.13";"Ciencias de la vida";"Ambos Sexos";"Exito"
"2015-2016";"74.77";"Ciencias de la vida";"Ambos Sexos";"Exito"
"2022-2023";"86.71";"Ciencias Físicas, químicas, geológicas";"Ambos Sexos";"Exito"
"2021-2022";"87.74";"Ciencias Físicas, químicas, geológicas";"Ambos Sexos";"Exito"
"2020-2021";"86.36";"Ciencias Físicas, químicas, geológicas";"Ambos Sexos";"Exito"
"2019-2020";"92.47";"Ciencias Físicas, químicas, geológicas";"Ambos Sexos";"Exito"
"2018-2019";"87.99";"Ciencias Físicas, químicas, geológicas";"Ambos Sexos";"Exito"
"2017-2018";"93.4";"Ciencias Físicas, químicas, geológicas";"Ambos Sexos";"Exito"
"2016-2017";"91.23";"Ciencias Físicas, químicas, geológicas";"Ambos Sexos";"Exito"
"2015-2016";"85.55";"Ciencias Físicas, químicas, geológicas";"Ambos Sexos";"Exito"
"2022-2023";"94.37";"Matemáticas y Estadística";"Ambos Sexos";"Exito"
"2021-2022";"95.18";"Matemáticas y Estadística";"Ambos Sexos";"Exito"
"2020-2021";"94.0";"Matemáticas y Estadística";"Ambos Sexos";"Exito"
"2019-2020";"94.75";"Matemáticas y Estadística";"Ambos Sexos";"Exito"
"2018-2019";"92.81";"Matemáticas y Estadística";"Ambos Sexos";"Exito"
"2017-2018";"92.08";"Matemáticas y Estadística";"Ambos Sexos";"Exito"
"2016-2017";"92.21";"Matemáticas y Estadística";"Ambos Sexos";"Exito"
"2015-2016";"91.83";"Matemáticas y Estadística";"Ambos Sexos";"Exito"
"2022-2023";"89.14";"Total Informática";"Ambos Sexos";"Exito"
"2021-2022";"86.29";"Total Informática";"Ambos Sexos";"Exito"
"2020-2021";"86.56";"Total Informática";"Ambos Sexos";"Exito"
"2019-2020";"86.43";"Total Informática";"Ambos Sexos";"Exito"
"2018-2019";"84.03";"Total Informática";"Ambos Sexos";"Exito"
"2017-2018";"83.19";"Total Informática";"Ambos Sexos";"Exito"
"2016-2017";"81.41";"Total Informática";"Ambos Sexos";"Exito"
"2015-2016";"82.46";"Total Informática";"Ambos Sexos";"Exito"
"2022-2023";"89.14";"Informática";"Ambos Sexos";"Exito"
"2021-2022";"86.29";"Informática";"Ambos Sexos";"Exito"
"2020-2021";"86.56";"Informática";"Ambos Sexos";"Exito"
"2019-2020";"86.43";"Informática";"Ambos Sexos";"Exito"
"2018-2019";"84.03";"Informática";"Ambos Sexos";"Exito"
"2017-2018";"83.19";"Informática";"Ambos Sexos";"Exito"
"2016-2017";"81.41";"Informática";"Ambos Sexos";"Exito"
"2015-2016";"82.46";"Informática";"Ambos Sexos";"Exito"
"2022-2023";"79.05";"Total Ingeniería, industria y construcción";"Ambos Sexos";"Exito"
"2021-2022";"77.83";"Total Ingeniería, industria y construcción";"Ambos Sexos";"Exito"
"2020-2021";"80.13";"Total Ingeniería, industria y construcción";"Ambos Sexos";"Exito"
"2019-2020";"84.54";"Total Ingeniería, industria y construcción";"Ambos Sexos";"Exito"
"2018-2019";"79.98";"Total Ingeniería, industria y construcción";"Ambos Sexos";"Exito"
"2017-2018";"79.49";"Total Ingeniería, industria y construcción";"Ambos Sexos";"Exito"
"2016-2017";"79.57";"Total Ingeniería, industria y construcción";"Ambos Sexos";"Exito"
"2015-2016";"79.7";"Total Ingeniería, industria y construcción";"Ambos Sexos";"Exito"
"2022-2023";"77.57";"Ingenierías";"Ambos Sexos";"Exito"
"2021-2022";"76.1";"Ingenierías";"Ambos Sexos";"Exito"
"2020-2021";"78.94";"Ingenierías";"Ambos Sexos";"Exito"
"2019-2020";"83.51";"Ingenierías";"Ambos Sexos";"Exito"
"2018-2019";"78.68";"Ingenierías";"Ambos Sexos";"Exito"
"2017-2018";"78.01";"Ingenierías";"Ambos Sexos";"Exito"
"2016-2017";"78.41";"Ingenierías";"Ambos Sexos";"Exito"
"2015-2016";"78.52";"Ingenierías";"Ambos Sexos";"Exito"
"2022-2023";"84.03";"Arquitectura y construcción";"Ambos Sexos";"Exito"
"2021-2022";"83.83";"Arquitectura y construcción";"Ambos Sexos";"Exito"
"2020-2021";"84.27";"Arquitectura y construcción";"Ambos Sexos";"Exito"
"2019-2020";"88.04";"Arquitectura y construcción";"Ambos Sexos";"Exito"
"2018-2019";"84.35";"Arquitectura y construcción";"Ambos Sexos";"Exito"
"2017-2018";"84.59";"Arquitectura y construcción";"Ambos Sexos";"Exito"
"2016-2017";"83.46";"Arquitectura y construcción";"Ambos Sexos";"Exito"
"2015-2016";"83.58";"Arquitectura y construcción";"Ambos Sexos";"Exito"
"2022-2023";"75.58";"Total Agricultura, ganadería,  silvicultura, pesca, y veterinaria";"Ambos Sexos";"Exito"
"2021-2022";"78.61";"Total Agricultura, ganadería,  silvicultura, pesca, y veterinaria";"Ambos Sexos";"Exito"
"2020-2021";"84.38";"Total Agricultura, ganadería,  silvicultura, pesca, y veterinaria";"Ambos Sexos";"Exito"
"2019-2020";"88.61";"Total Agricultura, ganadería,  silvicultura, pesca, y veterinaria";"Ambos Sexos";"Exito"
"2018-2019";"84.05";"Total Agricultura, ganadería,  silvicultura, pesca, y veterinaria";"Ambos Sexos";"Exito"
"2017-2018";"83.39";"Total Agricultura, ganadería,  silvicultura, pesca, y veterinaria";"Ambos Sexos";"Exito"
"2016-2017";"77.57";"Total Agricultura, ganadería,  silvicultura, pesca, y veterinaria";"Ambos Sexos";"Exito"
"2015-2016";"79.0";"Total Agricultura, ganadería,  silvicultura, pesca, y veterinaria";"Ambos Sexos";"Exito"
"2022-2023";"75.58";"Agricultura, ganadería y pesca";"Ambos Sexos";"Exito"
"2021-2022";"78.61";"Agricultura, ganadería y pesca";"Ambos Sexos";"Exito"
"2020-2021";"84.38";"Agricultura, ganadería y pesca";"Ambos Sexos";"Exito"
"2019-2020";"88.61";"Agricultura, ganadería y pesca";"Ambos Sexos";"Exito"
"2018-2019";"84.05";"Agricultura, ganadería y pesca";"Ambos Sexos";"Exito"
"2017-2018";"83.39";"Agricultura, ganadería y pesca";"Ambos Sexos";"Exito"
"2016-2017";"77.57";"Agricultura, ganadería y pesca";"Ambos Sexos";"Exito"
"2015-2016";"79.0";"Agricultura, ganadería y pesca";"Ambos Sexos";"Exito"
"2022-2023";"..";"Veterinaria";"Ambos Sexos";"Exito"
"2021-2022";"..";"Veterinaria";"Ambos Sexos";"Exito"
"2020-2021";"..";"Veterinaria";"Ambos Sexos";"Exito"
"2019-2020";"..";"Veterinaria";"Ambos Sexos";"Exito"
"2018-2019";"..";"Veterinaria";"Ambos Sexos";"Exito"
"2017-2018";"..";"Veterinaria";"Ambos Sexos";"Exito"
"2016-2017";"..";"Veterinaria";"Ambos Sexos";"Exito"
"2015-2016";"..";"Veterinaria";"Ambos Sexos";"Exito"
"2022-2023";"92.95";"Total Salud y servicios sociales";"Ambos Sexos";"Exito"
"2021-2022";"90.71";"Total Salud y servicios sociales";"Ambos Sexos";"Exito"
"2020-2021";"90.15";"Total Salud y servicios sociales";"Ambos Sexos";"Exito"
"2019-2020";"92.6";"Total Salud y servicios sociales";"Ambos Sexos";"Exito"
"2018-2019";"88.6";"Total Salud y servicios sociales";"Ambos Sexos";"Exito"
"2017-2018";"88.65";"Total Salud y servicios sociales";"Ambos Sexos";"Exito"
"2016-2017";"86.0";"Total Salud y servicios sociales";"Ambos Sexos";"Exito"
"2015-2016";"87.28";"Total Salud y servicios sociales";"Ambos Sexos";"Exito"
"2022-2023";"..";"Medicina";"Ambos Sexos";"Exito"
"2021-2022";"..";"Medicina";"Ambos Sexos";"Exito"
"2020-2021";"..";"Medicina";"Ambos Sexos";"Exito"
"2019-2020";"..";"Medicina";"Ambos Sexos";"Exito"
"2018-2019";"..";"Medicina";"Ambos Sexos";"Exito"
"2017-2018";"..";"Medicina";"Ambos Sexos";"Exito"
"2016-2017";"..";"Medicina";"Ambos Sexos";"Exito"
"2015-2016";"..";"Medicina";"Ambos Sexos";"Exito"
"2022-2023";"..";"Enfermería y atención a enfermos";"Ambos Sexos";"Exito"
"2021-2022";"..";"Enfermería y atención a enfermos";"Ambos Sexos";"Exito"
"2020-2021";"..";"Enfermería y atención a enfermos";"Ambos Sexos";"Exito"
"2019-2020";"..";"Enfermería y atención a enfermos";"Ambos Sexos";"Exito"
"2018-2019";"..";"Enfermería y atención a enfermos";"Ambos Sexos";"Exito"
"2017-2018";"..";"Enfermería y atención a enfermos";"Ambos Sexos";"Exito"
"2016-2017";"..";"Enfermería y atención a enfermos";"Ambos Sexos";"Exito"
"2015-2016";"..";"Enfermería y atención a enfermos";"Ambos Sexos";"Exito"
"2022-2023";"92.95";"Otras ciencias de la Salud";"Ambos Sexos";"Exito"
"2021-2022";"90.71";"Otras ciencias de la Salud";"Ambos Sexos";"Exito"
"2020-2021";"90.15";"Otras ciencias de la Salud";"Ambos Sexos";"Exito"
"2019-2020";"92.6";"Otras ciencias de la Salud";"Ambos Sexos";"Exito"
"2018-2019";"88.6";"Otras ciencias de la Salud";"Ambos Sexos";"Exito"
"2017-2018";"88.65";"Otras ciencias de la Salud";"Ambos Sexos";"Exito"
"2016-2017";"86.0";"Otras ciencias de la Salud";"Ambos Sexos";"Exito"
"2015-2016";"87.28";"Otras ciencias de la Salud";"Ambos Sexos";"Exito"
"2022-2023";"..";"Trabajo social y orientación";"Ambos Sexos";"Exito"
"2021-2022";"..";"Trabajo social y orientación";"Ambos Sexos";"Exito"
"2020-2021";"..";"Trabajo social y orientación";"Ambos Sexos";"Exito"
"2019-2020";"..";"Trabajo social y orientación";"Ambos Sexos";"Exito"
"2018-2019";"..";"Trabajo social y orientación";"Ambos Sexos";"Exito"
"2017-2018";"..";"Trabajo social y orientación";"Ambos Sexos";"Exito"
"2016-2017";"..";"Trabajo social y orientación";"Ambos Sexos";"Exito"
"2015-2016";"..";"Trabajo social y orientación";"Ambos Sexos";"Exito"
"2022-2023";"92.27";"Total Servicios";"Ambos Sexos";"Exito"
"2021-2022";"90.95";"Total Servicios";"Ambos Sexos";"Exito"
"2020-2021";"91.35";"Total Servicios";"Ambos Sexos";"Exito"
"2019-2020";"92.29";"Total Servicios";"Ambos Sexos";"Exito"
"2018-2019";"90.74";"Total Servicios";"Ambos Sexos";"Exito"
"2017-2018";"88.98";"Total Servicios";"Ambos Sexos";"Exito"
"2016-2017";"92.1";"Total Servicios";"Ambos Sexos";"Exito"
"2015-2016";"90.33";"Total Servicios";"Ambos Sexos";"Exito"
"2022-2023";"94.17";"Deportes";"Ambos Sexos";"Exito"
"2021-2022";"92.21";"Deportes";"Ambos Sexos";"Exito"
"2020-2021";"89.93";"Deportes";"Ambos Sexos";"Exito"
"2019-2020";"89.5";"Deportes";"Ambos Sexos";"Exito"
"2018-2019";"85.15";"Deportes";"Ambos Sexos";"Exito"
"2017-2018";"..";"Deportes";"Ambos Sexos";"Exito"
"2016-2017";"..";"Deportes";"Ambos Sexos";"Exito"
"2015-2016";"..";"Deportes";"Ambos Sexos";"Exito"
"2022-2023";"..";"Turismo y Hostelería";"Ambos Sexos";"Exito"
"2021-2022";"..";"Turismo y Hostelería";"Ambos Sexos";"Exito"
"2020-2021";"..";"Turismo y Hostelería";"Ambos Sexos";"Exito"
"2019-2020";"..";"Turismo y Hostelería";"Ambos Sexos";"Exito"
"2018-2019";"..";"Turismo y Hostelería";"Ambos Sexos";"Exito"
"2017-2018";"..";"Turismo y Hostelería";"Ambos Sexos";"Exito"
"2016-2017";"..";"Turismo y Hostelería";"Ambos Sexos";"Exito"
"2015-2016";"..";"Turismo y Hostelería";"Ambos Sexos";"Exito"
"2022-2023";"90.58";"Otros Servicios";"Ambos Sexos";"Exito"
"2021-2022";"89.75";"Otros Servicios";"Ambos Sexos";"Exito"
"2020-2021";"92.37";"Otros Servicios";"Ambos Sexos";"Exito"
"2019-2020";"93.9";"Otros Servicios";"Ambos Sexos";"Exito"
"2018-2019";"92.1";"Otros Servicios";"Ambos Sexos";"Exito"
"2017-2018";"88.98";"Otros Servicios";"Ambos Sexos";"Exito"
"2016-2017";"92.1";"Otros Servicios";"Ambos Sexos";"Exito"
"2015-2016";"90.33";"Otros Servicios";"Ambos Sexos";"Exito"
"2022-2023";"???";"Politécnica de Catalunya";"Ambos Sexos";"Evaluacion"
"2021-2022";"???";"Politécnica de Catalunya";"Ambos Sexos";"Evaluacion"
"2020-2021";"???";"Politécnica de Catalunya";"Ambos Sexos";"Evaluacion"
"2019-2020";"???";"Politécnica de Catalunya";"Ambos Sexos";"Evaluacion"
"2018-2019";"???";"Politécnica de Catalunya";"Ambos Sexos";"Evaluacion"
"2017-2018";"???";"Politécnica de Catalunya";"Ambos Sexos";"Evaluacion"
"2016-2017";"???";"Politécnica de Catalunya";"Ambos Sexos";"Evaluacion"
"2015-2016";"???";"Politécnica de Catalunya";"Ambos Sexos";"Evaluacion"
"2022-2023";"94.9";"Todos los ámbitos";"Ambos Sexos";"Evaluacion"
"2021-2022";"93.87";"Todos los ámbitos";"Ambos Sexos";"Evaluacion"
"2020-2021";"95.54";"Todos los ámbitos";"Ambos Sexos";"Evaluacion"
"2019-2020";"95.87";"Todos los ámbitos";"Ambos Sexos";"Evaluacion"
"2018-2019";"95.08";"Todos los ámbitos";"Ambos Sexos";"Evaluacion"
"2017-2018";"94.63";"Todos los ámbitos";"Ambos Sexos";"Evaluacion"
"2016-2017";"94.65";"Todos los ámbitos";"Ambos Sexos";"Evaluacion"
"2015-2016";"94.97";"Todos los ámbitos";"Ambos Sexos";"Evaluacion"
"2022-2023";"..";"Total Educación";"Ambos Sexos";"Evaluacion"
"2021-2022";"..";"Total Educación";"Ambos Sexos";"Evaluacion"
"2020-2021";"..";"Total Educación";"Ambos Sexos";"Evaluacion"
"2019-2020";"..";"Total Educación";"Ambos Sexos";"Evaluacion"
"2018-2019";"..";"Total Educación";"Ambos Sexos";"Evaluacion"
"2017-2018";"..";"Total Educación";"Ambos Sexos";"Evaluacion"
"2016-2017";"..";"Total Educación";"Ambos Sexos";"Evaluacion"
"2015-2016";"..";"Total Educación";"Ambos Sexos";"Evaluacion"
"2022-2023";"..";"Formación de docentes de enseñanza infantil";"Ambos Sexos";"Evaluacion"
"2021-2022";"..";"Formación de docentes de enseñanza infantil";"Ambos Sexos";"Evaluacion"
"2020-2021";"..";"Formación de docentes de enseñanza infantil";"Ambos Sexos";"Evaluacion"
"2019-2020";"..";"Formación de docentes de enseñanza infantil";"Ambos Sexos";"Evaluacion"
"2018-2019";"..";"Formación de docentes de enseñanza infantil";"Ambos Sexos";"Evaluacion"
"2017-2018";"..";"Formación de docentes de enseñanza infantil";"Ambos Sexos";"Evaluacion"
"2016-2017";"..";"Formación de docentes de enseñanza infantil";"Ambos Sexos";"Evaluacion"
"2015-2016";"..";"Formación de docentes de enseñanza infantil";"Ambos Sexos";"Evaluacion"
"2022-2023";"..";"Formación de docentes de enseñanza primaria";"Ambos Sexos";"Evaluacion"
"2021-2022";"..";"Formación de docentes de enseñanza primaria";"Ambos Sexos";"Evaluacion"
"2020-2021";"..";"Formación de docentes de enseñanza primaria";"Ambos Sexos";"Evaluacion"
"2019-2020";"..";"Formación de docentes de enseñanza primaria";"Ambos Sexos";"Evaluacion"
"2018-2019";"..";"Formación de docentes de enseñanza primaria";"Ambos Sexos";"Evaluacion"
"2017-2018";"..";"Formación de docentes de enseñanza primaria";"Ambos Sexos";"Evaluacion"
"2016-2017";"..";"Formación de docentes de enseñanza primaria";"Ambos Sexos";"Evaluacion"
"2015-2016";"..";"Formación de docentes de enseñanza primaria";"Ambos Sexos";"Evaluacion"
"2022-2023";"..";"Otra Formación de personal docente y ciencias de la educación";"Ambos Sexos";"Evaluacion"
"2021-2022";"..";"Otra Formación de personal docente y ciencias de la educación";"Ambos Sexos";"Evaluacion"
"2020-2021";"..";"Otra Formación de personal docente y ciencias de la educación";"Ambos Sexos";"Evaluacion"
"2019-2020";"..";"Otra Formación de personal docente y ciencias de la educación";"Ambos Sexos";"Evaluacion"
"2018-2019";"..";"Otra Formación de personal docente y ciencias de la educación";"Ambos Sexos";"Evaluacion"
"2017-2018";"..";"Otra Formación de personal docente y ciencias de la educación";"Ambos Sexos";"Evaluacion"
"2016-2017";"..";"Otra Formación de personal docente y ciencias de la educación";"Ambos Sexos";"Evaluacion"
"2015-2016";"..";"Otra Formación de personal docente y ciencias de la educación";"Ambos Sexos";"Evaluacion"
"2022-2023";"96.62";"Total Artes y humanidades";"Ambos Sexos";"Evaluacion"
"2021-2022";"97.47";"Total Artes y humanidades";"Ambos Sexos";"Evaluacion"
"2020-2021";"98.15";"Total Artes y humanidades";"Ambos Sexos";"Evaluacion"
"2019-2020";"97.53";"Total Artes y humanidades";"Ambos Sexos";"Evaluacion"
"2018-2019";"95.9";"Total Artes y humanidades";"Ambos Sexos";"Evaluacion"
"2017-2018";"96.06";"Total Artes y humanidades";"Ambos Sexos";"Evaluacion"
"2016-2017";"95.25";"Total Artes y humanidades";"Ambos Sexos";"Evaluacion"
"2015-2016";"97.48";"Total Artes y humanidades";"Ambos Sexos";"Evaluacion"
"2022-2023";"96.62";"Técnicas audiovisuales y medios de comunicación";"Ambos Sexos";"Evaluacion"
"2021-2022";"97.47";"Técnicas audiovisuales y medios de comunicación";"Ambos Sexos";"Evaluacion"
"2020-2021";"98.15";"Técnicas audiovisuales y medios de comunicación";"Ambos Sexos";"Evaluacion"
"2019-2020";"97.53";"Técnicas audiovisuales y medios de comunicación";"Ambos Sexos";"Evaluacion"
"2018-2019";"95.9";"Técnicas audiovisuales y medios de comunicación";"Ambos Sexos";"Evaluacion"
"2017-2018";"96.06";"Técnicas audiovisuales y medios de comunicación";"Ambos Sexos";"Evaluacion"
"2016-2017";"95.25";"Técnicas audiovisuales y medios de comunicación";"Ambos Sexos";"Evaluacion"
"2015-2016";"97.48";"Técnicas audiovisuales y medios de comunicación";"Ambos Sexos";"Evaluacion"
"2022-2023";"..";"Artes";"Ambos Sexos";"Evaluacion"
"2021-2022";"..";"Artes";"Ambos Sexos";"Evaluacion"
"2020-2021";"..";"Artes";"Ambos Sexos";"Evaluacion"
"2019-2020";"..";"Artes";"Ambos Sexos";"Evaluacion"
"2018-2019";"..";"Artes";"Ambos Sexos";"Evaluacion"
"2017-2018";"..";"Artes";"Ambos Sexos";"Evaluacion"
"2016-2017";"..";"Artes";"Ambos Sexos";"Evaluacion"
"2015-2016";"..";"Artes";"Ambos Sexos";"Evaluacion"
"2022-2023";"..";"Lenguas";"Ambos Sexos";"Evaluacion"
"2021-2022";"..";"Lenguas";"Ambos Sexos";"Evaluacion"
"2020-2021";"..";"Lenguas";"Ambos Sexos";"Evaluacion"
"2019-2020";"..";"Lenguas";"Ambos Sexos";"Evaluacion"
"2018-2019";"..";"Lenguas";"Ambos Sexos";"Evaluacion"
"2017-2018";"..";"Lenguas";"Ambos Sexos";"Evaluacion"
"2016-2017";"..";"Lenguas";"Ambos Sexos";"Evaluacion"
"2015-2016";"..";"Lenguas";"Ambos Sexos";"Evaluacion"
"2022-2023";"..";"Humanidades";"Ambos Sexos";"Evaluacion"
"2021-2022";"..";"Humanidades";"Ambos Sexos";"Evaluacion"
"2020-2021";"..";"Humanidades";"Ambos Sexos";"Evaluacion"
"2019-2020";"..";"Humanidades";"Ambos Sexos";"Evaluacion"
"2018-2019";"..";"Humanidades";"Ambos Sexos";"Evaluacion"
"2017-2018";"..";"Humanidades";"Ambos Sexos";"Evaluacion"
"2016-2017";"..";"Humanidades";"Ambos Sexos";"Evaluacion"
"2015-2016";"..";"Humanidades";"Ambos Sexos";"Evaluacion"
"2022-2023";"..";"Total Ciencias sociales, periodismo y documentación";"Ambos Sexos";"Evaluacion"
"2021-2022";"..";"Total Ciencias sociales, periodismo y documentación";"Ambos Sexos";"Evaluacion"
"2020-2021";"..";"Total Ciencias sociales, periodismo y documentación";"Ambos Sexos";"Evaluacion"
"2019-2020";"..";"Total Ciencias sociales, periodismo y documentación";"Ambos Sexos";"Evaluacion"
"2018-2019";"..";"Total Ciencias sociales, periodismo y documentación";"Ambos Sexos";"Evaluacion"
"2017-2018";"..";"Total Ciencias sociales, periodismo y documentación";"Ambos Sexos";"Evaluacion"
"2016-2017";"..";"Total Ciencias sociales, periodismo y documentación";"Ambos Sexos";"Evaluacion"
"2015-2016";"..";"Total Ciencias sociales, periodismo y documentación";"Ambos Sexos";"Evaluacion"
"2022-2023";"..";"Psicología";"Ambos Sexos";"Evaluacion"
"2021-2022";"..";"Psicología";"Ambos Sexos";"Evaluacion"
"2020-2021";"..";"Psicología";"Ambos Sexos";"Evaluacion"
"2019-2020";"..";"Psicología";"Ambos Sexos";"Evaluacion"
"2018-2019";"..";"Psicología";"Ambos Sexos";"Evaluacion"
"2017-2018";"..";"Psicología";"Ambos Sexos";"Evaluacion"
"2016-2017";"..";"Psicología";"Ambos Sexos";"Evaluacion"
"2015-2016";"..";"Psicología";"Ambos Sexos";"Evaluacion"
"2022-2023";"..";"Economía";"Ambos Sexos";"Evaluacion"
"2021-2022";"..";"Economía";"Ambos Sexos";"Evaluacion"
"2020-2021";"..";"Economía";"Ambos Sexos";"Evaluacion"
"2019-2020";"..";"Economía";"Ambos Sexos";"Evaluacion"
"2018-2019";"..";"Economía";"Ambos Sexos";"Evaluacion"
"2017-2018";"..";"Economía";"Ambos Sexos";"Evaluacion"
"2016-2017";"..";"Economía";"Ambos Sexos";"Evaluacion"
"2015-2016";"..";"Economía";"Ambos Sexos";"Evaluacion"
"2022-2023";"..";"Otras Ciencias sociales y del comportamiento";"Ambos Sexos";"Evaluacion"
"2021-2022";"..";"Otras Ciencias sociales y del comportamiento";"Ambos Sexos";"Evaluacion"
"2020-2021";"..";"Otras Ciencias sociales y del comportamiento";"Ambos Sexos";"Evaluacion"
"2019-2020";"..";"Otras Ciencias sociales y del comportamiento";"Ambos Sexos";"Evaluacion"
"2018-2019";"..";"Otras Ciencias sociales y del comportamiento";"Ambos Sexos";"Evaluacion"
"2017-2018";"..";"Otras Ciencias sociales y del comportamiento";"Ambos Sexos";"Evaluacion"
"2016-2017";"..";"Otras Ciencias sociales y del comportamiento";"Ambos Sexos";"Evaluacion"
"2015-2016";"..";"Otras Ciencias sociales y del comportamiento";"Ambos Sexos";"Evaluacion"
"2022-2023";"..";"Periodismo e información";"Ambos Sexos";"Evaluacion"
"2021-2022";"..";"Periodismo e información";"Ambos Sexos";"Evaluacion"
"2020-2021";"..";"Periodismo e información";"Ambos Sexos";"Evaluacion"
"2019-2020";"..";"Periodismo e información";"Ambos Sexos";"Evaluacion"
"2018-2019";"..";"Periodismo e información";"Ambos Sexos";"Evaluacion"
"2017-2018";"..";"Periodismo e información";"Ambos Sexos";"Evaluacion"
"2016-2017";"..";"Periodismo e información";"Ambos Sexos";"Evaluacion"
"2015-2016";"..";"Periodismo e información";"Ambos Sexos";"Evaluacion"
"2022-2023";"94.55";"Total Negocios, administración y derecho";"Ambos Sexos";"Evaluacion"
"2021-2022";"78.85";"Total Negocios, administración y derecho";"Ambos Sexos";"Evaluacion"
"2020-2021";"96.14";"Total Negocios, administración y derecho";"Ambos Sexos";"Evaluacion"
"2019-2020";"95.19";"Total Negocios, administración y derecho";"Ambos Sexos";"Evaluacion"
"2018-2019";"92.59";"Total Negocios, administración y derecho";"Ambos Sexos";"Evaluacion"
"2017-2018";"90.54";"Total Negocios, administración y derecho";"Ambos Sexos";"Evaluacion"
"2016-2017";"88.79";"Total Negocios, administración y derecho";"Ambos Sexos";"Evaluacion"
"2015-2016";"91.5";"Total Negocios, administración y derecho";"Ambos Sexos";"Evaluacion"
"2022-2023";"93.72";"Administración y gestión de empresas";"Ambos Sexos";"Evaluacion"
"2021-2022";"75.55";"Administración y gestión de empresas";"Ambos Sexos";"Evaluacion"
"2020-2021";"95.09";"Administración y gestión de empresas";"Ambos Sexos";"Evaluacion"
"2019-2020";"93.48";"Administración y gestión de empresas";"Ambos Sexos";"Evaluacion"
"2018-2019";"91.0";"Administración y gestión de empresas";"Ambos Sexos";"Evaluacion"
"2017-2018";"88.41";"Administración y gestión de empresas";"Ambos Sexos";"Evaluacion"
"2016-2017";"86.66";"Administración y gestión de empresas";"Ambos Sexos";"Evaluacion"
"2015-2016";"90.48";"Administración y gestión de empresas";"Ambos Sexos";"Evaluacion"
"2022-2023";"95.35";"Otra Educación comercial y empresarial";"Ambos Sexos";"Evaluacion"
"2021-2022";"82.76";"Otra Educación comercial y empresarial";"Ambos Sexos";"Evaluacion"
"2020-2021";"97.39";"Otra Educación comercial y empresarial";"Ambos Sexos";"Evaluacion"
"2019-2020";"97.89";"Otra Educación comercial y empresarial";"Ambos Sexos";"Evaluacion"
"2018-2019";"95.69";"Otra Educación comercial y empresarial";"Ambos Sexos";"Evaluacion"
"2017-2018";"96.06";"Otra Educación comercial y empresarial";"Ambos Sexos";"Evaluacion"
"2016-2017";"96.72";"Otra Educación comercial y empresarial";"Ambos Sexos";"Evaluacion"
"2015-2016";"98.22";"Otra Educación comercial y empresarial";"Ambos Sexos";"Evaluacion"
"2022-2023";"..";"Derecho";"Ambos Sexos";"Evaluacion"
"2021-2022";"..";"Derecho";"Ambos Sexos";"Evaluacion"
"2020-2021";"..";"Derecho";"Ambos Sexos";"Evaluacion"
"2019-2020";"..";"Derecho";"Ambos Sexos";"Evaluacion"
"2018-2019";"..";"Derecho";"Ambos Sexos";"Evaluacion"
"2017-2018";"..";"Derecho";"Ambos Sexos";"Evaluacion"
"2016-2017";"..";"Derecho";"Ambos Sexos";"Evaluacion"
"2015-2016";"..";"Derecho";"Ambos Sexos";"Evaluacion"
"2022-2023";"95.91";"Total Ciencias";"Ambos Sexos";"Evaluacion"
"2021-2022";"96.12";"Total Ciencias";"Ambos Sexos";"Evaluacion"
"2020-2021";"96.89";"Total Ciencias";"Ambos Sexos";"Evaluacion"
"2019-2020";"96.52";"Total Ciencias";"Ambos Sexos";"Evaluacion"
"2018-2019";"95.66";"Total Ciencias";"Ambos Sexos";"Evaluacion"
"2017-2018";"95.07";"Total Ciencias";"Ambos Sexos";"Evaluacion"
"2016-2017";"94.39";"Total Ciencias";"Ambos Sexos";"Evaluacion"
"2015-2016";"93.53";"Total Ciencias";"Ambos Sexos";"Evaluacion"
"2022-2023";"94.2";"Ciencias de la vida";"Ambos Sexos";"Evaluacion"
"2021-2022";"94.62";"Ciencias de la vida";"Ambos Sexos";"Evaluacion"
"2020-2021";"96.77";"Ciencias de la vida";"Ambos Sexos";"Evaluacion"
"2019-2020";"96.09";"Ciencias de la vida";"Ambos Sexos";"Evaluacion"
"2018-2019";"95.62";"Ciencias de la vida";"Ambos Sexos";"Evaluacion"
"2017-2018";"94.93";"Ciencias de la vida";"Ambos Sexos";"Evaluacion"
"2016-2017";"93.29";"Ciencias de la vida";"Ambos Sexos";"Evaluacion"
"2015-2016";"93.03";"Ciencias de la vida";"Ambos Sexos";"Evaluacion"
"2022-2023";"95.92";"Ciencias Físicas, químicas, geológicas";"Ambos Sexos";"Evaluacion"
"2021-2022";"94.32";"Ciencias Físicas, químicas, geológicas";"Ambos Sexos";"Evaluacion"
"2020-2021";"95.51";"Ciencias Físicas, químicas, geológicas";"Ambos Sexos";"Evaluacion"
"2019-2020";"96.29";"Ciencias Físicas, químicas, geológicas";"Ambos Sexos";"Evaluacion"
"2018-2019";"94.7";"Ciencias Físicas, químicas, geológicas";"Ambos Sexos";"Evaluacion"
"2017-2018";"95.71";"Ciencias Físicas, químicas, geológicas";"Ambos Sexos";"Evaluacion"
"2016-2017";"92.84";"Ciencias Físicas, químicas, geológicas";"Ambos Sexos";"Evaluacion"
"2015-2016";"92.56";"Ciencias Físicas, químicas, geológicas";"Ambos Sexos";"Evaluacion"
"2022-2023";"97.0";"Matemáticas y Estadística";"Ambos Sexos";"Evaluacion"
"2021-2022";"97.81";"Matemáticas y Estadística";"Ambos Sexos";"Evaluacion"
"2020-2021";"97.77";"Matemáticas y Estadística";"Ambos Sexos";"Evaluacion"
"2019-2020";"96.8";"Matemáticas y Estadística";"Ambos Sexos";"Evaluacion"
"2018-2019";"96.2";"Matemáticas y Estadística";"Ambos Sexos";"Evaluacion"
"2017-2018";"94.84";"Matemáticas y Estadística";"Ambos Sexos";"Evaluacion"
"2016-2017";"96.23";"Matemáticas y Estadística";"Ambos Sexos";"Evaluacion"
"2015-2016";"94.62";"Matemáticas y Estadística";"Ambos Sexos";"Evaluacion"
"2022-2023";"96.14";"Total Informática";"Ambos Sexos";"Evaluacion"
"2021-2022";"95.71";"Total Informática";"Ambos Sexos";"Evaluacion"
"2020-2021";"94.75";"Total Informática";"Ambos Sexos";"Evaluacion"
"2019-2020";"95.05";"Total Informática";"Ambos Sexos";"Evaluacion"
"2018-2019";"94.61";"Total Informática";"Ambos Sexos";"Evaluacion"
"2017-2018";"94.72";"Total Informática";"Ambos Sexos";"Evaluacion"
"2016-2017";"94.32";"Total Informática";"Ambos Sexos";"Evaluacion"
"2015-2016";"93.29";"Total Informática";"Ambos Sexos";"Evaluacion"
"2022-2023";"96.14";"Informática";"Ambos Sexos";"Evaluacion"
"2021-2022";"95.71";"Informática";"Ambos Sexos";"Evaluacion"
"2020-2021";"94.75";"Informática";"Ambos Sexos";"Evaluacion"
"2019-2020";"95.05";"Informática";"Ambos Sexos";"Evaluacion"
"2018-2019";"94.61";"Informática";"Ambos Sexos";"Evaluacion"
"2017-2018";"94.72";"Informática";"Ambos Sexos";"Evaluacion"
"2016-2017";"94.32";"Informática";"Ambos Sexos";"Evaluacion"
"2015-2016";"93.29";"Informática";"Ambos Sexos";"Evaluacion"
"2022-2023";"94.66";"Total Ingeniería, industria y construcción";"Ambos Sexos";"Evaluacion"
"2021-2022";"95.19";"Total Ingeniería, industria y construcción";"Ambos Sexos";"Evaluacion"
"2020-2021";"95.41";"Total Ingeniería, industria y construcción";"Ambos Sexos";"Evaluacion"
"2019-2020";"95.94";"Total Ingeniería, industria y construcción";"Ambos Sexos";"Evaluacion"
"2018-2019";"95.19";"Total Ingeniería, industria y construcción";"Ambos Sexos";"Evaluacion"
"2017-2018";"94.84";"Total Ingeniería, industria y construcción";"Ambos Sexos";"Evaluacion"
"2016-2017";"94.98";"Total Ingeniería, industria y construcción";"Ambos Sexos";"Evaluacion"
"2015-2016";"95.29";"Total Ingeniería, industria y construcción";"Ambos Sexos";"Evaluacion"
"2022-2023";"95.05";"Ingenierías";"Ambos Sexos";"Evaluacion"
"2021-2022";"96.0";"Ingenierías";"Ambos Sexos";"Evaluacion"
"2020-2021";"96.13";"Ingenierías";"Ambos Sexos";"Evaluacion"
"2019-2020";"96.99";"Ingenierías";"Ambos Sexos";"Evaluacion"
"2018-2019";"96.33";"Ingenierías";"Ambos Sexos";"Evaluacion"
"2017-2018";"96.06";"Ingenierías";"Ambos Sexos";"Evaluacion"
"2016-2017";"96.04";"Ingenierías";"Ambos Sexos";"Evaluacion"
"2015-2016";"96.36";"Ingenierías";"Ambos Sexos";"Evaluacion"
"2022-2023";"93.38";"Arquitectura y construcción";"Ambos Sexos";"Evaluacion"
"2021-2022";"92.49";"Arquitectura y construcción";"Ambos Sexos";"Evaluacion"
"2020-2021";"92.97";"Arquitectura y construcción";"Ambos Sexos";"Evaluacion"
"2019-2020";"92.57";"Arquitectura y construcción";"Ambos Sexos";"Evaluacion"
"2018-2019";"91.56";"Arquitectura y construcción";"Ambos Sexos";"Evaluacion"
"2017-2018";"90.9";"Arquitectura y construcción";"Ambos Sexos";"Evaluacion"
"2016-2017";"91.61";"Arquitectura y construcción";"Ambos Sexos";"Evaluacion"
"2015-2016";"91.96";"Arquitectura y construcción";"Ambos Sexos";"Evaluacion"
"2022-2023";"96.02";"Total Agricultura, ganadería,  silvicultura, pesca, y veterinaria";"Ambos Sexos";"Evaluacion"
"2021-2022";"92.44";"Total Agricultura, ganadería,  silvicultura, pesca, y veterinaria";"Ambos Sexos";"Evaluacion"
"2020-2021";"94.06";"Total Agricultura, ganadería,  silvicultura, pesca, y veterinaria";"Ambos Sexos";"Evaluacion"
"2019-2020";"95.02";"Total Agricultura, ganadería,  silvicultura, pesca, y veterinaria";"Ambos Sexos";"Evaluacion"
"2018-2019";"94.38";"Total Agricultura, ganadería,  silvicultura, pesca, y veterinaria";"Ambos Sexos";"Evaluacion"
"2017-2018";"91.74";"Total Agricultura, ganadería,  silvicultura, pesca, y veterinaria";"Ambos Sexos";"Evaluacion"
"2016-2017";"93.74";"Total Agricultura, ganadería,  silvicultura, pesca, y veterinaria";"Ambos Sexos";"Evaluacion"
"2015-2016";"94.78";"Total Agricultura, ganadería,  silvicultura, pesca, y veterinaria";"Ambos Sexos";"Evaluacion"
"2022-2023";"96.02";"Agricultura, ganadería y pesca";"Ambos Sexos";"Evaluacion"
"2021-2022";"92.44";"Agricultura, ganadería y pesca";"Ambos Sexos";"Evaluacion"
"2020-2021";"94.06";"Agricultura, ganadería y pesca";"Ambos Sexos";"Evaluacion"
"2019-2020";"95.02";"Agricultura, ganadería y pesca";"Ambos Sexos";"Evaluacion"
"2018-2019";"94.38";"Agricultura, ganadería y pesca";"Ambos Sexos";"Evaluacion"
"2017-2018";"91.74";"Agricultura, ganadería y pesca";"Ambos Sexos";"Evaluacion"
"2016-2017";"93.74";"Agricultura, ganadería y pesca";"Ambos Sexos";"Evaluacion"
"2015-2016";"94.78";"Agricultura, ganadería y pesca";"Ambos Sexos";"Evaluacion"
"2022-2023";"..";"Veterinaria";"Ambos Sexos";"Evaluacion"
"2021-2022";"..";"Veterinaria";"Ambos Sexos";"Evaluacion"
"2020-2021";"..";"Veterinaria";"Ambos Sexos";"Evaluacion"
"2019-2020";"..";"Veterinaria";"Ambos Sexos";"Evaluacion"
"2018-2019";"..";"Veterinaria";"Ambos Sexos";"Evaluacion"
"2017-2018";"..";"Veterinaria";"Ambos Sexos";"Evaluacion"
"2016-2017";"..";"Veterinaria";"Ambos Sexos";"Evaluacion"
"2015-2016";"..";"Veterinaria";"Ambos Sexos";"Evaluacion"
"2022-2023";"96.66";"Total Salud y servicios sociales";"Ambos Sexos";"Evaluacion"
"2021-2022";"95.48";"Total Salud y servicios sociales";"Ambos Sexos";"Evaluacion"
"2020-2021";"97.57";"Total Salud y servicios sociales";"Ambos Sexos";"Evaluacion"
"2019-2020";"97.77";"Total Salud y servicios sociales";"Ambos Sexos";"Evaluacion"
"2018-2019";"97.62";"Total Salud y servicios sociales";"Ambos Sexos";"Evaluacion"
"2017-2018";"96.49";"Total Salud y servicios sociales";"Ambos Sexos";"Evaluacion"
"2016-2017";"96.74";"Total Salud y servicios sociales";"Ambos Sexos";"Evaluacion"
"2015-2016";"96.66";"Total Salud y servicios sociales";"Ambos Sexos";"Evaluacion"
"2022-2023";"..";"Medicina";"Ambos Sexos";"Evaluacion"
"2021-2022";"..";"Medicina";"Ambos Sexos";"Evaluacion"
"2020-2021";"..";"Medicina";"Ambos Sexos";"Evaluacion"
"2019-2020";"..";"Medicina";"Ambos Sexos";"Evaluacion"
"2018-2019";"..";"Medicina";"Ambos Sexos";"Evaluacion"
"2017-2018";"..";"Medicina";"Ambos Sexos";"Evaluacion"
"2016-2017";"..";"Medicina";"Ambos Sexos";"Evaluacion"
"2015-2016";"..";"Medicina";"Ambos Sexos";"Evaluacion"
"2022-2023";"..";"Enfermería y atención a enfermos";"Ambos Sexos";"Evaluacion"
"2021-2022";"..";"Enfermería y atención a enfermos";"Ambos Sexos";"Evaluacion"
"2020-2021";"..";"Enfermería y atención a enfermos";"Ambos Sexos";"Evaluacion"
"2019-2020";"..";"Enfermería y atención a enfermos";"Ambos Sexos";"Evaluacion"
"2018-2019";"..";"Enfermería y atención a enfermos";"Ambos Sexos";"Evaluacion"
"2017-2018";"..";"Enfermería y atención a enfermos";"Ambos Sexos";"Evaluacion"
"2016-2017";"..";"Enfermería y atención a enfermos";"Ambos Sexos";"Evaluacion"
"2015-2016";"..";"Enfermería y atención a enfermos";"Ambos Sexos";"Evaluacion"
"2022-2023";"96.66";"Otras ciencias de la Salud";"Ambos Sexos";"Evaluacion"
"2021-2022";"95.48";"Otras ciencias de la Salud";"Ambos Sexos";"Evaluacion"
"2020-2021";"97.57";"Otras ciencias de la Salud";"Ambos Sexos";"Evaluacion"
"2019-2020";"97.77";"Otras ciencias de la Salud";"Ambos Sexos";"Evaluacion"
"2018-2019";"97.62";"Otras ciencias de la Salud";"Ambos Sexos";"Evaluacion"
"2017-2018";"96.49";"Otras ciencias de la Salud";"Ambos Sexos";"Evaluacion"
"2016-2017";"96.74";"Otras ciencias de la Salud";"Ambos Sexos";"Evaluacion"
"2015-2016";"96.66";"Otras ciencias de la Salud";"Ambos Sexos";"Evaluacion"
"2022-2023";"..";"Trabajo social y orientación";"Ambos Sexos";"Evaluacion"
"2021-2022";"..";"Trabajo social y orientación";"Ambos Sexos";"Evaluacion"
"2020-2021";"..";"Trabajo social y orientación";"Ambos Sexos";"Evaluacion"
"2019-2020";"..";"Trabajo social y orientación";"Ambos Sexos";"Evaluacion"
"2018-2019";"..";"Trabajo social y orientación";"Ambos Sexos";"Evaluacion"
"2017-2018";"..";"Trabajo social y orientación";"Ambos Sexos";"Evaluacion"
"2016-2017";"..";"Trabajo social y orientación";"Ambos Sexos";"Evaluacion"
"2015-2016";"..";"Trabajo social y orientación";"Ambos Sexos";"Evaluacion"
"2022-2023";"91.24";"Total Servicios";"Ambos Sexos";"Evaluacion"
"2021-2022";"93.94";"Total Servicios";"Ambos Sexos";"Evaluacion"
"2020-2021";"95.15";"Total Servicios";"Ambos Sexos";"Evaluacion"
"2019-2020";"94.39";"Total Servicios";"Ambos Sexos";"Evaluacion"
"2018-2019";"96.07";"Total Servicios";"Ambos Sexos";"Evaluacion"
"2017-2018";"93.33";"Total Servicios";"Ambos Sexos";"Evaluacion"
"2016-2017";"95.38";"Total Servicios";"Ambos Sexos";"Evaluacion"
"2015-2016";"95.02";"Total Servicios";"Ambos Sexos";"Evaluacion"
"2022-2023";"91.11";"Deportes";"Ambos Sexos";"Evaluacion"
"2021-2022";"98.34";"Deportes";"Ambos Sexos";"Evaluacion"
"2020-2021";"97.02";"Deportes";"Ambos Sexos";"Evaluacion"
"2019-2020";"94.02";"Deportes";"Ambos Sexos";"Evaluacion"
"2018-2019";"97.55";"Deportes";"Ambos Sexos";"Evaluacion"
"2017-2018";"..";"Deportes";"Ambos Sexos";"Evaluacion"
"2016-2017";"..";"Deportes";"Ambos Sexos";"Evaluacion"
"2015-2016";"..";"Deportes";"Ambos Sexos";"Evaluacion"
"2022-2023";"..";"Turismo y Hostelería";"Ambos Sexos";"Evaluacion"
"2021-2022";"..";"Turismo y Hostelería";"Ambos Sexos";"Evaluacion"
"2020-2021";"..";"Turismo y Hostelería";"Ambos Sexos";"Evaluacion"
"2019-2020";"..";"Turismo y Hostelería";"Ambos Sexos";"Evaluacion"
"2018-2019";"..";"Turismo y Hostelería";"Ambos Sexos";"Evaluacion"
"2017-2018";"..";"Turismo y Hostelería";"Ambos Sexos";"Evaluacion"
"2016-2017";"..";"Turismo y Hostelería";"Ambos Sexos";"Evaluacion"
"2015-2016";"..";"Turismo y Hostelería";"Ambos Sexos";"Evaluacion"
"2022-2023";"91.35";"Otros Servicios";"Ambos Sexos";"Evaluacion"
"2021-2022";"90.1";"Otros Servicios";"Ambos Sexos";"Evaluacion"
"2020-2021";"93.85";"Otros Servicios";"Ambos Sexos";"Evaluacion"
"2019-2020";"94.6";"Otros Servicios";"Ambos Sexos";"Evaluacion"
"2018-2019";"95.72";"Otros Servicios";"Ambos Sexos";"Evaluacion"
"2017-2018";"93.33";"Otros Servicios";"Ambos Sexos";"Evaluacion"
"2016-2017";"95.38";"Otros Servicios";"Ambos Sexos";"Evaluacion"
"2015-2016";"95.02";"Otros Servicios";"Ambos Sexos";"Evaluacion"
"2022-2023";"???";"Politécnica de Catalunya";"Hombres";"Rendimiento"
"2021-2022";"???";"Politécnica de Catalunya";"Hombres";"Rendimiento"
"2020-2021";"???";"Politécnica de Catalunya";"Hombres";"Rendimiento"
"2019-2020";"???";"Politécnica de Catalunya";"Hombres";"Rendimiento"
"2018-2019";"???";"Politécnica de Catalunya";"Hombres";"Rendimiento"
"2017-2018";"???";"Politécnica de Catalunya";"Hombres";"Rendimiento"
"2016-2017";"???";"Politécnica de Catalunya";"Hombres";"Rendimiento"
"2015-2016";"???";"Politécnica de Catalunya";"Hombres";"Rendimiento"
"2022-2023";"76.88";"Todos los ámbitos";"Hombres";"Rendimiento"
"2021-2022";"75.02";"Todos los ámbitos";"Hombres";"Rendimiento"
"2020-2021";"77.62";"Todos los ámbitos";"Hombres";"Rendimiento"
"2019-2020";"81.39";"Todos los ámbitos";"Hombres";"Rendimiento"
"2018-2019";"76.9";"Todos los ámbitos";"Hombres";"Rendimiento"
"2017-2018";"75.77";"Todos los ámbitos";"Hombres";"Rendimiento"
"2016-2017";"75.44";"Todos los ámbitos";"Hombres";"Rendimiento"
"2015-2016";"75.94";"Todos los ámbitos";"Hombres";"Rendimiento"
"2022-2023";"..";"Total Educación";"Hombres";"Rendimiento"
"2021-2022";"..";"Total Educación";"Hombres";"Rendimiento"
"2020-2021";"..";"Total Educación";"Hombres";"Rendimiento"
"2019-2020";"..";"Total Educación";"Hombres";"Rendimiento"
"2018-2019";"..";"Total Educación";"Hombres";"Rendimiento"
"2017-2018";"..";"Total Educación";"Hombres";"Rendimiento"
"2016-2017";"..";"Total Educación";"Hombres";"Rendimiento"
"2015-2016";"..";"Total Educación";"Hombres";"Rendimiento"
"2022-2023";"..";"Formación de docentes de enseñanza infantil";"Hombres";"Rendimiento"
"2021-2022";"..";"Formación de docentes de enseñanza infantil";"Hombres";"Rendimiento"
"2020-2021";"..";"Formación de docentes de enseñanza infantil";"Hombres";"Rendimiento"
"2019-2020";"..";"Formación de docentes de enseñanza infantil";"Hombres";"Rendimiento"
"2018-2019";"..";"Formación de docentes de enseñanza infantil";"Hombres";"Rendimiento"
"2017-2018";"..";"Formación de docentes de enseñanza infantil";"Hombres";"Rendimiento"
"2016-2017";"..";"Formación de docentes de enseñanza infantil";"Hombres";"Rendimiento"
"2015-2016";"..";"Formación de docentes de enseñanza infantil";"Hombres";"Rendimiento"
"2022-2023";"..";"Formación de docentes de enseñanza primaria";"Hombres";"Rendimiento"
"2021-2022";"..";"Formación de docentes de enseñanza primaria";"Hombres";"Rendimiento"
"2020-2021";"..";"Formación de docentes de enseñanza primaria";"Hombres";"Rendimiento"
"2019-2020";"..";"Formación de docentes de enseñanza primaria";"Hombres";"Rendimiento"
"2018-2019";"..";"Formación de docentes de enseñanza primaria";"Hombres";"Rendimiento"
"2017-2018";"..";"Formación de docentes de enseñanza primaria";"Hombres";"Rendimiento"
"2016-2017";"..";"Formación de docentes de enseñanza primaria";"Hombres";"Rendimiento"
"2015-2016";"..";"Formación de docentes de enseñanza primaria";"Hombres";"Rendimiento"
"2022-2023";"..";"Otra Formación de personal docente y ciencias de la educación";"Hombres";"Rendimiento"
"2021-2022";"..";"Otra Formación de personal docente y ciencias de la educación";"Hombres";"Rendimiento"
"2020-2021";"..";"Otra Formación de personal docente y ciencias de la educación";"Hombres";"Rendimiento"
"2019-2020";"..";"Otra Formación de personal docente y ciencias de la educación";"Hombres";"Rendimiento"
"2018-2019";"..";"Otra Formación de personal docente y ciencias de la educación";"Hombres";"Rendimiento"
"2017-2018";"..";"Otra Formación de personal docente y ciencias de la educación";"Hombres";"Rendimiento"
"2016-2017";"..";"Otra Formación de personal docente y ciencias de la educación";"Hombres";"Rendimiento"
"2015-2016";"..";"Otra Formación de personal docente y ciencias de la educación";"Hombres";"Rendimiento"
"2022-2023";"86.6";"Total Artes y humanidades";"Hombres";"Rendimiento"
"2021-2022";"91.47";"Total Artes y humanidades";"Hombres";"Rendimiento"
"2020-2021";"91.03";"Total Artes y humanidades";"Hombres";"Rendimiento"
"2019-2020";"90.64";"Total Artes y humanidades";"Hombres";"Rendimiento"
"2018-2019";"86.65";"Total Artes y humanidades";"Hombres";"Rendimiento"
"2017-2018";"83.89";"Total Artes y humanidades";"Hombres";"Rendimiento"
"2016-2017";"85.08";"Total Artes y humanidades";"Hombres";"Rendimiento"
"2015-2016";"86.45";"Total Artes y humanidades";"Hombres";"Rendimiento"
"2022-2023";"86.6";"Técnicas audiovisuales y medios de comunicación";"Hombres";"Rendimiento"
"2021-2022";"91.47";"Técnicas audiovisuales y medios de comunicación";"Hombres";"Rendimiento"
"2020-2021";"91.03";"Técnicas audiovisuales y medios de comunicación";"Hombres";"Rendimiento"
"2019-2020";"90.64";"Técnicas audiovisuales y medios de comunicación";"Hombres";"Rendimiento"
"2018-2019";"86.65";"Técnicas audiovisuales y medios de comunicación";"Hombres";"Rendimiento"
"2017-2018";"83.89";"Técnicas audiovisuales y medios de comunicación";"Hombres";"Rendimiento"
"2016-2017";"85.08";"Técnicas audiovisuales y medios de comunicación";"Hombres";"Rendimiento"
"2015-2016";"86.45";"Técnicas audiovisuales y medios de comunicación";"Hombres";"Rendimiento"
"2022-2023";"..";"Artes";"Hombres";"Rendimiento"
"2021-2022";"..";"Artes";"Hombres";"Rendimiento"
"2020-2021";"..";"Artes";"Hombres";"Rendimiento"
"2019-2020";"..";"Artes";"Hombres";"Rendimiento"
"2018-2019";"..";"Artes";"Hombres";"Rendimiento"
"2017-2018";"..";"Artes";"Hombres";"Rendimiento"
"2016-2017";"..";"Artes";"Hombres";"Rendimiento"
"2015-2016";"..";"Artes";"Hombres";"Rendimiento"
"2022-2023";"..";"Lenguas";"Hombres";"Rendimiento"
"2021-2022";"..";"Lenguas";"Hombres";"Rendimiento"
"2020-2021";"..";"Lenguas";"Hombres";"Rendimiento"
"2019-2020";"..";"Lenguas";"Hombres";"Rendimiento"
"2018-2019";"..";"Lenguas";"Hombres";"Rendimiento"
"2017-2018";"..";"Lenguas";"Hombres";"Rendimiento"
"2016-2017";"..";"Lenguas";"Hombres";"Rendimiento"
"2015-2016";"..";"Lenguas";"Hombres";"Rendimiento"
"2022-2023";"..";"Humanidades";"Hombres";"Rendimiento"
"2021-2022";"..";"Humanidades";"Hombres";"Rendimiento"
"2020-2021";"..";"Humanidades";"Hombres";"Rendimiento"
"2019-2020";"..";"Humanidades";"Hombres";"Rendimiento"
"2018-2019";"..";"Humanidades";"Hombres";"Rendimiento"
"2017-2018";"..";"Humanidades";"Hombres";"Rendimiento"
"2016-2017";"..";"Humanidades";"Hombres";"Rendimiento"
"2015-2016";"..";"Humanidades";"Hombres";"Rendimiento"
"2022-2023";"..";"Total Ciencias sociales, periodismo y documentación";"Hombres";"Rendimiento"
"2021-2022";"..";"Total Ciencias sociales, periodismo y documentación";"Hombres";"Rendimiento"
"2020-2021";"..";"Total Ciencias sociales, periodismo y documentación";"Hombres";"Rendimiento"
"2019-2020";"..";"Total Ciencias sociales, periodismo y documentación";"Hombres";"Rendimiento"
"2018-2019";"..";"Total Ciencias sociales, periodismo y documentación";"Hombres";"Rendimiento"
"2017-2018";"..";"Total Ciencias sociales, periodismo y documentación";"Hombres";"Rendimiento"
"2016-2017";"..";"Total Ciencias sociales, periodismo y documentación";"Hombres";"Rendimiento"
"2015-2016";"..";"Total Ciencias sociales, periodismo y documentación";"Hombres";"Rendimiento"
"2022-2023";"..";"Psicología";"Hombres";"Rendimiento"
"2021-2022";"..";"Psicología";"Hombres";"Rendimiento"
"2020-2021";"..";"Psicología";"Hombres";"Rendimiento"
"2019-2020";"..";"Psicología";"Hombres";"Rendimiento"
"2018-2019";"..";"Psicología";"Hombres";"Rendimiento"
"2017-2018";"..";"Psicología";"Hombres";"Rendimiento"
"2016-2017";"..";"Psicología";"Hombres";"Rendimiento"
"2015-2016";"..";"Psicología";"Hombres";"Rendimiento"
"2022-2023";"..";"Economía";"Hombres";"Rendimiento"
"2021-2022";"..";"Economía";"Hombres";"Rendimiento"
"2020-2021";"..";"Economía";"Hombres";"Rendimiento"
"2019-2020";"..";"Economía";"Hombres";"Rendimiento"
"2018-2019";"..";"Economía";"Hombres";"Rendimiento"
"2017-2018";"..";"Economía";"Hombres";"Rendimiento"
"2016-2017";"..";"Economía";"Hombres";"Rendimiento"
"2015-2016";"..";"Economía";"Hombres";"Rendimiento"
"2022-2023";"..";"Otras Ciencias sociales y del comportamiento";"Hombres";"Rendimiento"
"2021-2022";"..";"Otras Ciencias sociales y del comportamiento";"Hombres";"Rendimiento"
"2020-2021";"..";"Otras Ciencias sociales y del comportamiento";"Hombres";"Rendimiento"
"2019-2020";"..";"Otras Ciencias sociales y del comportamiento";"Hombres";"Rendimiento"
"2018-2019";"..";"Otras Ciencias sociales y del comportamiento";"Hombres";"Rendimiento"
"2017-2018";"..";"Otras Ciencias sociales y del comportamiento";"Hombres";"Rendimiento"
"2016-2017";"..";"Otras Ciencias sociales y del comportamiento";"Hombres";"Rendimiento"
"2015-2016";"..";"Otras Ciencias sociales y del comportamiento";"Hombres";"Rendimiento"
"2022-2023";"..";"Periodismo e información";"Hombres";"Rendimiento"
"2021-2022";"..";"Periodismo e información";"Hombres";"Rendimiento"
"2020-2021";"..";"Periodismo e información";"Hombres";"Rendimiento"
"2019-2020";"..";"Periodismo e información";"Hombres";"Rendimiento"
"2018-2019";"..";"Periodismo e información";"Hombres";"Rendimiento"
"2017-2018";"..";"Periodismo e información";"Hombres";"Rendimiento"
"2016-2017";"..";"Periodismo e información";"Hombres";"Rendimiento"
"2015-2016";"..";"Periodismo e información";"Hombres";"Rendimiento"
"2022-2023";"83.42";"Total Negocios, administración y derecho";"Hombres";"Rendimiento"
"2021-2022";"68.61";"Total Negocios, administración y derecho";"Hombres";"Rendimiento"
"2020-2021";"83.64";"Total Negocios, administración y derecho";"Hombres";"Rendimiento"
"2019-2020";"86.64";"Total Negocios, administración y derecho";"Hombres";"Rendimiento"
"2018-2019";"79.58";"Total Negocios, administración y derecho";"Hombres";"Rendimiento"
"2017-2018";"78.8";"Total Negocios, administración y derecho";"Hombres";"Rendimiento"
"2016-2017";"75.72";"Total Negocios, administración y derecho";"Hombres";"Rendimiento"
"2015-2016";"78.88";"Total Negocios, administración y derecho";"Hombres";"Rendimiento"
"2022-2023";"79.24";"Administración y gestión de empresas";"Hombres";"Rendimiento"
"2021-2022";"63.99";"Administración y gestión de empresas";"Hombres";"Rendimiento"
"2020-2021";"80.24";"Administración y gestión de empresas";"Hombres";"Rendimiento"
"2019-2020";"84.32";"Administración y gestión de empresas";"Hombres";"Rendimiento"
"2018-2019";"78.37";"Administración y gestión de empresas";"Hombres";"Rendimiento"
"2017-2018";"77.42";"Administración y gestión de empresas";"Hombres";"Rendimiento"
"2016-2017";"73.46";"Administración y gestión de empresas";"Hombres";"Rendimiento"
"2015-2016";"78.05";"Administración y gestión de empresas";"Hombres";"Rendimiento"
"2022-2023";"88.63";"Otra Educación comercial y empresarial";"Hombres";"Rendimiento"
"2021-2022";"75.74";"Otra Educación comercial y empresarial";"Hombres";"Rendimiento"
"2020-2021";"88.89";"Otra Educación comercial y empresarial";"Hombres";"Rendimiento"
"2019-2020";"91.76";"Otra Educación comercial y empresarial";"Hombres";"Rendimiento"
"2018-2019";"82.94";"Otra Educación comercial y empresarial";"Hombres";"Rendimiento"
"2017-2018";"83.93";"Otra Educación comercial y empresarial";"Hombres";"Rendimiento"
"2016-2017";"87.27";"Otra Educación comercial y empresarial";"Hombres";"Rendimiento"
"2015-2016";"85.94";"Otra Educación comercial y empresarial";"Hombres";"Rendimiento"
"2022-2023";"..";"Derecho";"Hombres";"Rendimiento"
"2021-2022";"..";"Derecho";"Hombres";"Rendimiento"
"2020-2021";"..";"Derecho";"Hombres";"Rendimiento"
"2019-2020";"..";"Derecho";"Hombres";"Rendimiento"
"2018-2019";"..";"Derecho";"Hombres";"Rendimiento"
"2017-2018";"..";"Derecho";"Hombres";"Rendimiento"
"2016-2017";"..";"Derecho";"Hombres";"Rendimiento"
"2015-2016";"..";"Derecho";"Hombres";"Rendimiento"
"2022-2023";"86.74";"Total Ciencias";"Hombres";"Rendimiento"
"2021-2022";"88.07";"Total Ciencias";"Hombres";"Rendimiento"
"2020-2021";"86.87";"Total Ciencias";"Hombres";"Rendimiento"
"2019-2020";"89.87";"Total Ciencias";"Hombres";"Rendimiento"
"2018-2019";"86.56";"Total Ciencias";"Hombres";"Rendimiento"
"2017-2018";"86.28";"Total Ciencias";"Hombres";"Rendimiento"
"2016-2017";"85.07";"Total Ciencias";"Hombres";"Rendimiento"
"2015-2016";"82.64";"Total Ciencias";"Hombres";"Rendimiento"
"2022-2023";"82.09";"Ciencias de la vida";"Hombres";"Rendimiento"
"2021-2022";"79.38";"Ciencias de la vida";"Hombres";"Rendimiento"
"2020-2021";"75.01";"Ciencias de la vida";"Hombres";"Rendimiento"
"2019-2020";"83.69";"Ciencias de la vida";"Hombres";"Rendimiento"
"2018-2019";"79.16";"Ciencias de la vida";"Hombres";"Rendimiento"
"2017-2018";"76.78";"Ciencias de la vida";"Hombres";"Rendimiento"
"2016-2017";"69.67";"Ciencias de la vida";"Hombres";"Rendimiento"
"2015-2016";"72.74";"Ciencias de la vida";"Hombres";"Rendimiento"
"2022-2023";"83.15";"Ciencias Físicas, químicas, geológicas";"Hombres";"Rendimiento"
"2021-2022";"80.36";"Ciencias Físicas, químicas, geológicas";"Hombres";"Rendimiento"
"2020-2021";"82.07";"Ciencias Físicas, químicas, geológicas";"Hombres";"Rendimiento"
"2019-2020";"87.96";"Ciencias Físicas, químicas, geológicas";"Hombres";"Rendimiento"
"2018-2019";"83.81";"Ciencias Físicas, químicas, geológicas";"Hombres";"Rendimiento"
"2017-2018";"87.48";"Ciencias Físicas, químicas, geológicas";"Hombres";"Rendimiento"
"2016-2017";"86.59";"Ciencias Físicas, químicas, geológicas";"Hombres";"Rendimiento"
"2015-2016";"80.21";"Ciencias Físicas, químicas, geológicas";"Hombres";"Rendimiento"
"2022-2023";"91.09";"Matemáticas y Estadística";"Hombres";"Rendimiento"
"2021-2022";"93.9";"Matemáticas y Estadística";"Hombres";"Rendimiento"
"2020-2021";"91.86";"Matemáticas y Estadística";"Hombres";"Rendimiento"
"2019-2020";"92.1";"Matemáticas y Estadística";"Hombres";"Rendimiento"
"2018-2019";"90.04";"Matemáticas y Estadística";"Hombres";"Rendimiento"
"2017-2018";"88.83";"Matemáticas y Estadística";"Hombres";"Rendimiento"
"2016-2017";"90.7";"Matemáticas y Estadística";"Hombres";"Rendimiento"
"2015-2016";"89.08";"Matemáticas y Estadística";"Hombres";"Rendimiento"
"2022-2023";"85.34";"Total Informática";"Hombres";"Rendimiento"
"2021-2022";"82.97";"Total Informática";"Hombres";"Rendimiento"
"2020-2021";"81.81";"Total Informática";"Hombres";"Rendimiento"
"2019-2020";"81.98";"Total Informática";"Hombres";"Rendimiento"
"2018-2019";"79.36";"Total Informática";"Hombres";"Rendimiento"
"2017-2018";"78.43";"Total Informática";"Hombres";"Rendimiento"
"2016-2017";"76.9";"Total Informática";"Hombres";"Rendimiento"
"2015-2016";"76.94";"Total Informática";"Hombres";"Rendimiento"
"2022-2023";"85.34";"Informática";"Hombres";"Rendimiento"
"2021-2022";"82.97";"Informática";"Hombres";"Rendimiento"
"2020-2021";"81.81";"Informática";"Hombres";"Rendimiento"
"2019-2020";"81.98";"Informática";"Hombres";"Rendimiento"
"2018-2019";"79.36";"Informática";"Hombres";"Rendimiento"
"2017-2018";"78.43";"Informática";"Hombres";"Rendimiento"
"2016-2017";"76.9";"Informática";"Hombres";"Rendimiento"
"2015-2016";"76.94";"Informática";"Hombres";"Rendimiento"
"2022-2023";"73.65";"Total Ingeniería, industria y construcción";"Hombres";"Rendimiento"
"2021-2022";"72.72";"Total Ingeniería, industria y construcción";"Hombres";"Rendimiento"
"2020-2021";"75.22";"Total Ingeniería, industria y construcción";"Hombres";"Rendimiento"
"2019-2020";"79.97";"Total Ingeniería, industria y construcción";"Hombres";"Rendimiento"
"2018-2019";"75.23";"Total Ingeniería, industria y construcción";"Hombres";"Rendimiento"
"2017-2018";"74.25";"Total Ingeniería, industria y construcción";"Hombres";"Rendimiento"
"2016-2017";"74.36";"Total Ingeniería, industria y construcción";"Hombres";"Rendimiento"
"2015-2016";"74.84";"Total Ingeniería, industria y construcción";"Hombres";"Rendimiento"
"2022-2023";"73.3";"Ingenierías";"Hombres";"Rendimiento"
"2021-2022";"72.26";"Ingenierías";"Hombres";"Rendimiento"
"2020-2021";"75.15";"Ingenierías";"Hombres";"Rendimiento"
"2019-2020";"80.21";"Ingenierías";"Hombres";"Rendimiento"
"2018-2019";"75.15";"Ingenierías";"Hombres";"Rendimiento"
"2017-2018";"74.28";"Ingenierías";"Hombres";"Rendimiento"
"2016-2017";"74.51";"Ingenierías";"Hombres";"Rendimiento"
"2015-2016";"74.93";"Ingenierías";"Hombres";"Rendimiento"
"2022-2023";"75.41";"Arquitectura y construcción";"Hombres";"Rendimiento"
"2021-2022";"75.02";"Arquitectura y construcción";"Hombres";"Rendimiento"
"2020-2021";"75.55";"Arquitectura y construcción";"Hombres";"Rendimiento"
"2019-2020";"78.84";"Arquitectura y construcción";"Hombres";"Rendimiento"
"2018-2019";"75.59";"Arquitectura y construcción";"Hombres";"Rendimiento"
"2017-2018";"74.09";"Arquitectura y construcción";"Hombres";"Rendimiento"
"2016-2017";"73.7";"Arquitectura y construcción";"Hombres";"Rendimiento"
"2015-2016";"74.45";"Arquitectura y construcción";"Hombres";"Rendimiento"
"2022-2023";"70.08";"Total Agricultura, ganadería,  silvicultura, pesca, y veterinaria";"Hombres";"Rendimiento"
"2021-2022";"72.0";"Total Agricultura, ganadería,  silvicultura, pesca, y veterinaria";"Hombres";"Rendimiento"
"2020-2021";"79.79";"Total Agricultura, ganadería,  silvicultura, pesca, y veterinaria";"Hombres";"Rendimiento"
"2019-2020";"83.57";"Total Agricultura, ganadería,  silvicultura, pesca, y veterinaria";"Hombres";"Rendimiento"
"2018-2019";"78.46";"Total Agricultura, ganadería,  silvicultura, pesca, y veterinaria";"Hombres";"Rendimiento"
"2017-2018";"76.71";"Total Agricultura, ganadería,  silvicultura, pesca, y veterinaria";"Hombres";"Rendimiento"
"2016-2017";"72.28";"Total Agricultura, ganadería,  silvicultura, pesca, y veterinaria";"Hombres";"Rendimiento"
"2015-2016";"76.91";"Total Agricultura, ganadería,  silvicultura, pesca, y veterinaria";"Hombres";"Rendimiento"
"2022-2023";"70.08";"Agricultura, ganadería y pesca";"Hombres";"Rendimiento"
"2021-2022";"72.0";"Agricultura, ganadería y pesca";"Hombres";"Rendimiento"
"2020-2021";"79.79";"Agricultura, ganadería y pesca";"Hombres";"Rendimiento"
"2019-2020";"83.57";"Agricultura, ganadería y pesca";"Hombres";"Rendimiento"
"2018-2019";"78.46";"Agricultura, ganadería y pesca";"Hombres";"Rendimiento"
"2017-2018";"76.71";"Agricultura, ganadería y pesca";"Hombres";"Rendimiento"
"2016-2017";"72.28";"Agricultura, ganadería y pesca";"Hombres";"Rendimiento"
"2015-2016";"76.91";"Agricultura, ganadería y pesca";"Hombres";"Rendimiento"
"2022-2023";"..";"Veterinaria";"Hombres";"Rendimiento"
"2021-2022";"..";"Veterinaria";"Hombres";"Rendimiento"
"2020-2021";"..";"Veterinaria";"Hombres";"Rendimiento"
"2019-2020";"..";"Veterinaria";"Hombres";"Rendimiento"
"2018-2019";"..";"Veterinaria";"Hombres";"Rendimiento"
"2017-2018";"..";"Veterinaria";"Hombres";"Rendimiento"
"2016-2017";"..";"Veterinaria";"Hombres";"Rendimiento"
"2015-2016";"..";"Veterinaria";"Hombres";"Rendimiento"
"2022-2023";"91.88";"Total Salud y servicios sociales";"Hombres";"Rendimiento"
"2021-2022";"88.67";"Total Salud y servicios sociales";"Hombres";"Rendimiento"
"2020-2021";"88.27";"Total Salud y servicios sociales";"Hombres";"Rendimiento"
"2019-2020";"91.27";"Total Salud y servicios sociales";"Hombres";"Rendimiento"
"2018-2019";"86.56";"Total Salud y servicios sociales";"Hombres";"Rendimiento"
"2017-2018";"82.76";"Total Salud y servicios sociales";"Hombres";"Rendimiento"
"2016-2017";"80.53";"Total Salud y servicios sociales";"Hombres";"Rendimiento"
"2015-2016";"83.18";"Total Salud y servicios sociales";"Hombres";"Rendimiento"
"2022-2023";"..";"Medicina";"Hombres";"Rendimiento"
"2021-2022";"..";"Medicina";"Hombres";"Rendimiento"
"2020-2021";"..";"Medicina";"Hombres";"Rendimiento"
"2019-2020";"..";"Medicina";"Hombres";"Rendimiento"
"2018-2019";"..";"Medicina";"Hombres";"Rendimiento"
"2017-2018";"..";"Medicina";"Hombres";"Rendimiento"
"2016-2017";"..";"Medicina";"Hombres";"Rendimiento"
"2015-2016";"..";"Medicina";"Hombres";"Rendimiento"
"2022-2023";"..";"Enfermería y atención a enfermos";"Hombres";"Rendimiento"
"2021-2022";"..";"Enfermería y atención a enfermos";"Hombres";"Rendimiento"
"2020-2021";"..";"Enfermería y atención a enfermos";"Hombres";"Rendimiento"
"2019-2020";"..";"Enfermería y atención a enfermos";"Hombres";"Rendimiento"
"2018-2019";"..";"Enfermería y atención a enfermos";"Hombres";"Rendimiento"
"2017-2018";"..";"Enfermería y atención a enfermos";"Hombres";"Rendimiento"
"2016-2017";"..";"Enfermería y atención a enfermos";"Hombres";"Rendimiento"
"2015-2016";"..";"Enfermería y atención a enfermos";"Hombres";"Rendimiento"
"2022-2023";"91.88";"Otras ciencias de la Salud";"Hombres";"Rendimiento"
"2021-2022";"88.67";"Otras ciencias de la Salud";"Hombres";"Rendimiento"
"2020-2021";"88.27";"Otras ciencias de la Salud";"Hombres";"Rendimiento"
"2019-2020";"91.27";"Otras ciencias de la Salud";"Hombres";"Rendimiento"
"2018-2019";"86.56";"Otras ciencias de la Salud";"Hombres";"Rendimiento"
"2017-2018";"82.76";"Otras ciencias de la Salud";"Hombres";"Rendimiento"
"2016-2017";"80.53";"Otras ciencias de la Salud";"Hombres";"Rendimiento"
"2015-2016";"83.18";"Otras ciencias de la Salud";"Hombres";"Rendimiento"
"2022-2023";"..";"Trabajo social y orientación";"Hombres";"Rendimiento"
"2021-2022";"..";"Trabajo social y orientación";"Hombres";"Rendimiento"
"2020-2021";"..";"Trabajo social y orientación";"Hombres";"Rendimiento"
"2019-2020";"..";"Trabajo social y orientación";"Hombres";"Rendimiento"
"2018-2019";"..";"Trabajo social y orientación";"Hombres";"Rendimiento"
"2017-2018";"..";"Trabajo social y orientación";"Hombres";"Rendimiento"
"2016-2017";"..";"Trabajo social y orientación";"Hombres";"Rendimiento"
"2015-2016";"..";"Trabajo social y orientación";"Hombres";"Rendimiento"
"2022-2023";"83.44";"Total Servicios";"Hombres";"Rendimiento"
"2021-2022";"84.69";"Total Servicios";"Hombres";"Rendimiento"
"2020-2021";"86.09";"Total Servicios";"Hombres";"Rendimiento"
"2019-2020";"86.27";"Total Servicios";"Hombres";"Rendimiento"
"2018-2019";"86.02";"Total Servicios";"Hombres";"Rendimiento"
"2017-2018";"83.36";"Total Servicios";"Hombres";"Rendimiento"
"2016-2017";"87.19";"Total Servicios";"Hombres";"Rendimiento"
"2015-2016";"84.75";"Total Servicios";"Hombres";"Rendimiento"
"2022-2023";"85.0";"Deportes";"Hombres";"Rendimiento"
"2021-2022";"89.58";"Deportes";"Hombres";"Rendimiento"
"2020-2021";"85.81";"Deportes";"Hombres";"Rendimiento"
"2019-2020";"81.92";"Deportes";"Hombres";"Rendimiento"
"2018-2019";"82.23";"Deportes";"Hombres";"Rendimiento"
"2017-2018";"..";"Deportes";"Hombres";"Rendimiento"
"2016-2017";"..";"Deportes";"Hombres";"Rendimiento"
"2015-2016";"..";"Deportes";"Hombres";"Rendimiento"
"2022-2023";"..";"Turismo y Hostelería";"Hombres";"Rendimiento"
"2021-2022";"..";"Turismo y Hostelería";"Hombres";"Rendimiento"
"2020-2021";"..";"Turismo y Hostelería";"Hombres";"Rendimiento"
"2019-2020";"..";"Turismo y Hostelería";"Hombres";"Rendimiento"
"2018-2019";"..";"Turismo y Hostelería";"Hombres";"Rendimiento"
"2017-2018";"..";"Turismo y Hostelería";"Hombres";"Rendimiento"
"2016-2017";"..";"Turismo y Hostelería";"Hombres";"Rendimiento"
"2015-2016";"..";"Turismo y Hostelería";"Hombres";"Rendimiento"
"2022-2023";"81.95";"Otros Servicios";"Hombres";"Rendimiento"
"2021-2022";"80.24";"Otros Servicios";"Hombres";"Rendimiento"
"2020-2021";"86.29";"Otros Servicios";"Hombres";"Rendimiento"
"2019-2020";"88.94";"Otros Servicios";"Hombres";"Rendimiento"
"2018-2019";"86.99";"Otros Servicios";"Hombres";"Rendimiento"
"2017-2018";"83.36";"Otros Servicios";"Hombres";"Rendimiento"
"2016-2017";"87.19";"Otros Servicios";"Hombres";"Rendimiento"
"2015-2016";"84.75";"Otros Servicios";"Hombres";"Rendimiento"
"2022-2023";"???";"Politécnica de Catalunya";"Hombres";"Exito"
"2021-2022";"???";"Politécnica de Catalunya";"Hombres";"Exito"
"2020-2021";"???";"Politécnica de Catalunya";"Hombres";"Exito"
"2019-2020";"???";"Politécnica de Catalunya";"Hombres";"Exito"
"2018-2019";"???";"Politécnica de Catalunya";"Hombres";"Exito"
"2017-2018";"???";"Politécnica de Catalunya";"Hombres";"Exito"
"2016-2017";"???";"Politécnica de Catalunya";"Hombres";"Exito"
"2015-2016";"???";"Politécnica de Catalunya";"Hombres";"Exito"
"2022-2023";"81.22";"Todos los ámbitos";"Hombres";"Exito"
"2021-2022";"80.01";"Todos los ámbitos";"Hombres";"Exito"
"2020-2021";"81.59";"Todos los ámbitos";"Hombres";"Exito"
"2019-2020";"85.15";"Todos los ámbitos";"Hombres";"Exito"
"2018-2019";"81.03";"Todos los ámbitos";"Hombres";"Exito"
"2017-2018";"80.32";"Todos los ámbitos";"Hombres";"Exito"
"2016-2017";"79.95";"Todos los ámbitos";"Hombres";"Exito"
"2015-2016";"80.15";"Todos los ámbitos";"Hombres";"Exito"
"2022-2023";"..";"Total Educación";"Hombres";"Exito"
"2021-2022";"..";"Total Educación";"Hombres";"Exito"
"2020-2021";"..";"Total Educación";"Hombres";"Exito"
"2019-2020";"..";"Total Educación";"Hombres";"Exito"
"2018-2019";"..";"Total Educación";"Hombres";"Exito"
"2017-2018";"..";"Total Educación";"Hombres";"Exito"
"2016-2017";"..";"Total Educación";"Hombres";"Exito"
"2015-2016";"..";"Total Educación";"Hombres";"Exito"
"2022-2023";"..";"Formación de docentes de enseñanza infantil";"Hombres";"Exito"
"2021-2022";"..";"Formación de docentes de enseñanza infantil";"Hombres";"Exito"
"2020-2021";"..";"Formación de docentes de enseñanza infantil";"Hombres";"Exito"
"2019-2020";"..";"Formación de docentes de enseñanza infantil";"Hombres";"Exito"
"2018-2019";"..";"Formación de docentes de enseñanza infantil";"Hombres";"Exito"
"2017-2018";"..";"Formación de docentes de enseñanza infantil";"Hombres";"Exito"
"2016-2017";"..";"Formación de docentes de enseñanza infantil";"Hombres";"Exito"
"2015-2016";"..";"Formación de docentes de enseñanza infantil";"Hombres";"Exito"
"2022-2023";"..";"Formación de docentes de enseñanza primaria";"Hombres";"Exito"
"2021-2022";"..";"Formación de docentes de enseñanza primaria";"Hombres";"Exito"
"2020-2021";"..";"Formación de docentes de enseñanza primaria";"Hombres";"Exito"
"2019-2020";"..";"Formación de docentes de enseñanza primaria";"Hombres";"Exito"
"2018-2019";"..";"Formación de docentes de enseñanza primaria";"Hombres";"Exito"
"2017-2018";"..";"Formación de docentes de enseñanza primaria";"Hombres";"Exito"
"2016-2017";"..";"Formación de docentes de enseñanza primaria";"Hombres";"Exito"
"2015-2016";"..";"Formación de docentes de enseñanza primaria";"Hombres";"Exito"
"2022-2023";"..";"Otra Formación de personal docente y ciencias de la educación";"Hombres";"Exito"
"2021-2022";"..";"Otra Formación de personal docente y ciencias de la educación";"Hombres";"Exito"
"2020-2021";"..";"Otra Formación de personal docente y ciencias de la educación";"Hombres";"Exito"
"2019-2020";"..";"Otra Formación de personal docente y ciencias de la educación";"Hombres";"Exito"
"2018-2019";"..";"Otra Formación de personal docente y ciencias de la educación";"Hombres";"Exito"
"2017-2018";"..";"Otra Formación de personal docente y ciencias de la educación";"Hombres";"Exito"
"2016-2017";"..";"Otra Formación de personal docente y ciencias de la educación";"Hombres";"Exito"
"2015-2016";"..";"Otra Formación de personal docente y ciencias de la educación";"Hombres";"Exito"
"2022-2023";"91.8";"Total Artes y humanidades";"Hombres";"Exito"
"2021-2022";"94.82";"Total Artes y humanidades";"Hombres";"Exito"
"2020-2021";"93.5";"Total Artes y humanidades";"Hombres";"Exito"
"2019-2020";"93.66";"Total Artes y humanidades";"Hombres";"Exito"
"2018-2019";"91.16";"Total Artes y humanidades";"Hombres";"Exito"
"2017-2018";"87.97";"Total Artes y humanidades";"Hombres";"Exito"
"2016-2017";"89.7";"Total Artes y humanidades";"Hombres";"Exito"
"2015-2016";"88.86";"Total Artes y humanidades";"Hombres";"Exito"
"2022-2023";"91.8";"Técnicas audiovisuales y medios de comunicación";"Hombres";"Exito"
"2021-2022";"94.82";"Técnicas audiovisuales y medios de comunicación";"Hombres";"Exito"
"2020-2021";"93.5";"Técnicas audiovisuales y medios de comunicación";"Hombres";"Exito"
"2019-2020";"93.66";"Técnicas audiovisuales y medios de comunicación";"Hombres";"Exito"
"2018-2019";"91.16";"Técnicas audiovisuales y medios de comunicación";"Hombres";"Exito"
"2017-2018";"87.97";"Técnicas audiovisuales y medios de comunicación";"Hombres";"Exito"
"2016-2017";"89.7";"Técnicas audiovisuales y medios de comunicación";"Hombres";"Exito"
"2015-2016";"88.86";"Técnicas audiovisuales y medios de comunicación";"Hombres";"Exito"
"2022-2023";"..";"Artes";"Hombres";"Exito"
"2021-2022";"..";"Artes";"Hombres";"Exito"
"2020-2021";"..";"Artes";"Hombres";"Exito"
"2019-2020";"..";"Artes";"Hombres";"Exito"
"2018-2019";"..";"Artes";"Hombres";"Exito"
"2017-2018";"..";"Artes";"Hombres";"Exito"
"2016-2017";"..";"Artes";"Hombres";"Exito"
"2015-2016";"..";"Artes";"Hombres";"Exito"
"2022-2023";"..";"Lenguas";"Hombres";"Exito"
"2021-2022";"..";"Lenguas";"Hombres";"Exito"
"2020-2021";"..";"Lenguas";"Hombres";"Exito"
"2019-2020";"..";"Lenguas";"Hombres";"Exito"
"2018-2019";"..";"Lenguas";"Hombres";"Exito"
"2017-2018";"..";"Lenguas";"Hombres";"Exito"
"2016-2017";"..";"Lenguas";"Hombres";"Exito"
"2015-2016";"..";"Lenguas";"Hombres";"Exito"
"2022-2023";"..";"Humanidades";"Hombres";"Exito"
"2021-2022";"..";"Humanidades";"Hombres";"Exito"
"2020-2021";"..";"Humanidades";"Hombres";"Exito"
"2019-2020";"..";"Humanidades";"Hombres";"Exito"
"2018-2019";"..";"Humanidades";"Hombres";"Exito"
"2017-2018";"..";"Humanidades";"Hombres";"Exito"
"2016-2017";"..";"Humanidades";"Hombres";"Exito"
"2015-2016";"..";"Humanidades";"Hombres";"Exito"
"2022-2023";"..";"Total Ciencias sociales, periodismo y documentación";"Hombres";"Exito"
"2021-2022";"..";"Total Ciencias sociales, periodismo y documentación";"Hombres";"Exito"
"2020-2021";"..";"Total Ciencias sociales, periodismo y documentación";"Hombres";"Exito"
"2019-2020";"..";"Total Ciencias sociales, periodismo y documentación";"Hombres";"Exito"
"2018-2019";"..";"Total Ciencias sociales, periodismo y documentación";"Hombres";"Exito"
"2017-2018";"..";"Total Ciencias sociales, periodismo y documentación";"Hombres";"Exito"
"2016-2017";"..";"Total Ciencias sociales, periodismo y documentación";"Hombres";"Exito"
"2015-2016";"..";"Total Ciencias sociales, periodismo y documentación";"Hombres";"Exito"
"2022-2023";"..";"Psicología";"Hombres";"Exito"
"2021-2022";"..";"Psicología";"Hombres";"Exito"
"2020-2021";"..";"Psicología";"Hombres";"Exito"
"2019-2020";"..";"Psicología";"Hombres";"Exito"
"2018-2019";"..";"Psicología";"Hombres";"Exito"
"2017-2018";"..";"Psicología";"Hombres";"Exito"
"2016-2017";"..";"Psicología";"Hombres";"Exito"
"2015-2016";"..";"Psicología";"Hombres";"Exito"
"2022-2023";"..";"Economía";"Hombres";"Exito"
"2021-2022";"..";"Economía";"Hombres";"Exito"
"2020-2021";"..";"Economía";"Hombres";"Exito"
"2019-2020";"..";"Economía";"Hombres";"Exito"
"2018-2019";"..";"Economía";"Hombres";"Exito"
"2017-2018";"..";"Economía";"Hombres";"Exito"
"2016-2017";"..";"Economía";"Hombres";"Exito"
"2015-2016";"..";"Economía";"Hombres";"Exito"
"2022-2023";"..";"Otras Ciencias sociales y del comportamiento";"Hombres";"Exito"
"2021-2022";"..";"Otras Ciencias sociales y del comportamiento";"Hombres";"Exito"
"2020-2021";"..";"Otras Ciencias sociales y del comportamiento";"Hombres";"Exito"
"2019-2020";"..";"Otras Ciencias sociales y del comportamiento";"Hombres";"Exito"
"2018-2019";"..";"Otras Ciencias sociales y del comportamiento";"Hombres";"Exito"
"2017-2018";"..";"Otras Ciencias sociales y del comportamiento";"Hombres";"Exito"
"2016-2017";"..";"Otras Ciencias sociales y del comportamiento";"Hombres";"Exito"
"2015-2016";"..";"Otras Ciencias sociales y del comportamiento";"Hombres";"Exito"
"2022-2023";"..";"Periodismo e información";"Hombres";"Exito"
"2021-2022";"..";"Periodismo e información";"Hombres";"Exito"
"2020-2021";"..";"Periodismo e información";"Hombres";"Exito"
"2019-2020";"..";"Periodismo e información";"Hombres";"Exito"
"2018-2019";"..";"Periodismo e información";"Hombres";"Exito"
"2017-2018";"..";"Periodismo e información";"Hombres";"Exito"
"2016-2017";"..";"Periodismo e información";"Hombres";"Exito"
"2015-2016";"..";"Periodismo e información";"Hombres";"Exito"
"2022-2023";"88.93";"Total Negocios, administración y derecho";"Hombres";"Exito"
"2021-2022";"88.37";"Total Negocios, administración y derecho";"Hombres";"Exito"
"2020-2021";"87.6";"Total Negocios, administración y derecho";"Hombres";"Exito"
"2019-2020";"91.69";"Total Negocios, administración y derecho";"Hombres";"Exito"
"2018-2019";"87.44";"Total Negocios, administración y derecho";"Hombres";"Exito"
"2017-2018";"88.28";"Total Negocios, administración y derecho";"Hombres";"Exito"
"2016-2017";"87.04";"Total Negocios, administración y derecho";"Hombres";"Exito"
"2015-2016";"87.09";"Total Negocios, administración y derecho";"Hombres";"Exito"
"2022-2023";"84.9";"Administración y gestión de empresas";"Hombres";"Exito"
"2021-2022";"85.2";"Administración y gestión de empresas";"Hombres";"Exito"
"2020-2021";"84.9";"Administración y gestión de empresas";"Hombres";"Exito"
"2019-2020";"90.58";"Administración y gestión de empresas";"Hombres";"Exito"
"2018-2019";"87.04";"Administración y gestión de empresas";"Hombres";"Exito"
"2017-2018";"88.06";"Administración y gestión de empresas";"Hombres";"Exito"
"2016-2017";"86.29";"Administración y gestión de empresas";"Hombres";"Exito"
"2015-2016";"87.0";"Administración y gestión de empresas";"Hombres";"Exito"
"2022-2023";"93.9";"Otra Educación comercial y empresarial";"Hombres";"Exito"
"2021-2022";"92.87";"Otra Educación comercial y empresarial";"Hombres";"Exito"
"2020-2021";"91.66";"Otra Educación comercial y empresarial";"Hombres";"Exito"
"2019-2020";"94.01";"Otra Educación comercial y empresarial";"Hombres";"Exito"
"2018-2019";"88.52";"Otra Educación comercial y empresarial";"Hombres";"Exito"
"2017-2018";"89.04";"Otra Educación comercial y empresarial";"Hombres";"Exito"
"2016-2017";"90.43";"Otra Educación comercial y empresarial";"Hombres";"Exito"
"2015-2016";"87.84";"Otra Educación comercial y empresarial";"Hombres";"Exito"
"2022-2023";"..";"Derecho";"Hombres";"Exito"
"2021-2022";"..";"Derecho";"Hombres";"Exito"
"2020-2021";"..";"Derecho";"Hombres";"Exito"
"2019-2020";"..";"Derecho";"Hombres";"Exito"
"2018-2019";"..";"Derecho";"Hombres";"Exito"
"2017-2018";"..";"Derecho";"Hombres";"Exito"
"2016-2017";"..";"Derecho";"Hombres";"Exito"
"2015-2016";"..";"Derecho";"Hombres";"Exito"
"2022-2023";"90.36";"Total Ciencias";"Hombres";"Exito"
"2021-2022";"91.78";"Total Ciencias";"Hombres";"Exito"
"2020-2021";"89.97";"Total Ciencias";"Hombres";"Exito"
"2019-2020";"93.72";"Total Ciencias";"Hombres";"Exito"
"2018-2019";"90.27";"Total Ciencias";"Hombres";"Exito"
"2017-2018";"90.8";"Total Ciencias";"Hombres";"Exito"
"2016-2017";"90.05";"Total Ciencias";"Hombres";"Exito"
"2015-2016";"87.96";"Total Ciencias";"Hombres";"Exito"
"2022-2023";"86.58";"Ciencias de la vida";"Hombres";"Exito"
"2021-2022";"84.87";"Ciencias de la vida";"Hombres";"Exito"
"2020-2021";"79.07";"Ciencias de la vida";"Hombres";"Exito"
"2019-2020";"87.75";"Ciencias de la vida";"Hombres";"Exito"
"2018-2019";"82.13";"Ciencias de la vida";"Hombres";"Exito"
"2017-2018";"81.2";"Ciencias de la vida";"Hombres";"Exito"
"2016-2017";"75.77";"Ciencias de la vida";"Hombres";"Exito"
"2015-2016";"78.28";"Ciencias de la vida";"Hombres";"Exito"
"2022-2023";"86.95";"Ciencias Físicas, químicas, geológicas";"Hombres";"Exito"
"2021-2022";"86.25";"Ciencias Físicas, químicas, geológicas";"Hombres";"Exito"
"2020-2021";"86.02";"Ciencias Físicas, químicas, geológicas";"Hombres";"Exito"
"2019-2020";"92.63";"Ciencias Físicas, químicas, geológicas";"Hombres";"Exito"
"2018-2019";"88.61";"Ciencias Físicas, químicas, geológicas";"Hombres";"Exito"
"2017-2018";"91.9";"Ciencias Físicas, químicas, geológicas";"Hombres";"Exito"
"2016-2017";"92.8";"Ciencias Físicas, químicas, geológicas";"Hombres";"Exito"
"2015-2016";"86.7";"Ciencias Físicas, químicas, geológicas";"Hombres";"Exito"
"2022-2023";"94.21";"Matemáticas y Estadística";"Hombres";"Exito"
"2021-2022";"95.91";"Matemáticas y Estadística";"Hombres";"Exito"
"2020-2021";"94.21";"Matemáticas y Estadística";"Hombres";"Exito"
"2019-2020";"95.49";"Matemáticas y Estadística";"Hombres";"Exito"
"2018-2019";"93.42";"Matemáticas y Estadística";"Hombres";"Exito"
"2017-2018";"93.4";"Matemáticas y Estadística";"Hombres";"Exito"
"2016-2017";"94.21";"Matemáticas y Estadística";"Hombres";"Exito"
"2015-2016";"93.35";"Matemáticas y Estadística";"Hombres";"Exito"
"2022-2023";"88.97";"Total Informática";"Hombres";"Exito"
"2021-2022";"86.66";"Total Informática";"Hombres";"Exito"
"2020-2021";"86.57";"Total Informática";"Hombres";"Exito"
"2019-2020";"86.36";"Total Informática";"Hombres";"Exito"
"2018-2019";"84.0";"Total Informática";"Hombres";"Exito"
"2017-2018";"83.01";"Total Informática";"Hombres";"Exito"
"2016-2017";"81.63";"Total Informática";"Hombres";"Exito"
"2015-2016";"82.5";"Total Informática";"Hombres";"Exito"
"2022-2023";"88.97";"Informática";"Hombres";"Exito"
"2021-2022";"86.66";"Informática";"Hombres";"Exito"
"2020-2021";"86.57";"Informática";"Hombres";"Exito"
"2019-2020";"86.36";"Informática";"Hombres";"Exito"
"2018-2019";"84.0";"Informática";"Hombres";"Exito"
"2017-2018";"83.01";"Informática";"Hombres";"Exito"
"2016-2017";"81.63";"Informática";"Hombres";"Exito"
"2015-2016";"82.5";"Informática";"Hombres";"Exito"
"2022-2023";"77.96";"Total Ingeniería, industria y construcción";"Hombres";"Exito"
"2021-2022";"76.6";"Total Ingeniería, industria y construcción";"Hombres";"Exito"
"2020-2021";"79.09";"Total Ingeniería, industria y construcción";"Hombres";"Exito"
"2019-2020";"83.49";"Total Ingeniería, industria y construcción";"Hombres";"Exito"
"2018-2019";"79.07";"Total Ingeniería, industria y construcción";"Hombres";"Exito"
"2017-2018";"78.47";"Total Ingeniería, industria y construcción";"Hombres";"Exito"
"2016-2017";"78.46";"Total Ingeniería, industria y construcción";"Hombres";"Exito"
"2015-2016";"78.66";"Total Ingeniería, industria y construcción";"Hombres";"Exito"
"2022-2023";"77.21";"Ingenierías";"Hombres";"Exito"
"2021-2022";"75.5";"Ingenierías";"Hombres";"Exito"
"2020-2021";"78.38";"Ingenierías";"Hombres";"Exito"
"2019-2020";"82.83";"Ingenierías";"Hombres";"Exito"
"2018-2019";"78.17";"Ingenierías";"Hombres";"Exito"
"2017-2018";"77.54";"Ingenierías";"Hombres";"Exito"
"2016-2017";"77.81";"Ingenierías";"Hombres";"Exito"
"2015-2016";"77.99";"Ingenierías";"Hombres";"Exito"
"2022-2023";"81.83";"Arquitectura y construcción";"Hombres";"Exito"
"2021-2022";"82.41";"Arquitectura y construcción";"Hombres";"Exito"
"2020-2021";"82.72";"Arquitectura y construcción";"Hombres";"Exito"
"2019-2020";"86.74";"Arquitectura y construcción";"Hombres";"Exito"
"2018-2019";"83.4";"Arquitectura y construcción";"Hombres";"Exito"
"2017-2018";"82.99";"Arquitectura y construcción";"Hombres";"Exito"
"2016-2017";"81.53";"Arquitectura y construcción";"Hombres";"Exito"
"2015-2016";"81.77";"Arquitectura y construcción";"Hombres";"Exito"
"2022-2023";"73.71";"Total Agricultura, ganadería,  silvicultura, pesca, y veterinaria";"Hombres";"Exito"
"2021-2022";"78.31";"Total Agricultura, ganadería,  silvicultura, pesca, y veterinaria";"Hombres";"Exito"
"2020-2021";"84.84";"Total Agricultura, ganadería,  silvicultura, pesca, y veterinaria";"Hombres";"Exito"
"2019-2020";"88.63";"Total Agricultura, ganadería,  silvicultura, pesca, y veterinaria";"Hombres";"Exito"
"2018-2019";"83.62";"Total Agricultura, ganadería,  silvicultura, pesca, y veterinaria";"Hombres";"Exito"
"2017-2018";"83.64";"Total Agricultura, ganadería,  silvicultura, pesca, y veterinaria";"Hombres";"Exito"
"2016-2017";"77.19";"Total Agricultura, ganadería,  silvicultura, pesca, y veterinaria";"Hombres";"Exito"
"2015-2016";"80.65";"Total Agricultura, ganadería,  silvicultura, pesca, y veterinaria";"Hombres";"Exito"
"2022-2023";"73.71";"Agricultura, ganadería y pesca";"Hombres";"Exito"
"2021-2022";"78.31";"Agricultura, ganadería y pesca";"Hombres";"Exito"
"2020-2021";"84.84";"Agricultura, ganadería y pesca";"Hombres";"Exito"
"2019-2020";"88.63";"Agricultura, ganadería y pesca";"Hombres";"Exito"
"2018-2019";"83.62";"Agricultura, ganadería y pesca";"Hombres";"Exito"
"2017-2018";"83.64";"Agricultura, ganadería y pesca";"Hombres";"Exito"
"2016-2017";"77.19";"Agricultura, ganadería y pesca";"Hombres";"Exito"
"2015-2016";"80.65";"Agricultura, ganadería y pesca";"Hombres";"Exito"
"2022-2023";"..";"Veterinaria";"Hombres";"Exito"
"2021-2022";"..";"Veterinaria";"Hombres";"Exito"
"2020-2021";"..";"Veterinaria";"Hombres";"Exito"
"2019-2020";"..";"Veterinaria";"Hombres";"Exito"
"2018-2019";"..";"Veterinaria";"Hombres";"Exito"
"2017-2018";"..";"Veterinaria";"Hombres";"Exito"
"2016-2017";"..";"Veterinaria";"Hombres";"Exito"
"2015-2016";"..";"Veterinaria";"Hombres";"Exito"
"2022-2023";"93.55";"Total Salud y servicios sociales";"Hombres";"Exito"
"2021-2022";"91.83";"Total Salud y servicios sociales";"Hombres";"Exito"
"2020-2021";"91.25";"Total Salud y servicios sociales";"Hombres";"Exito"
"2019-2020";"94.12";"Total Salud y servicios sociales";"Hombres";"Exito"
"2018-2019";"88.63";"Total Salud y servicios sociales";"Hombres";"Exito"
"2017-2018";"86.75";"Total Salud y servicios sociales";"Hombres";"Exito"
"2016-2017";"83.86";"Total Salud y servicios sociales";"Hombres";"Exito"
"2015-2016";"87.32";"Total Salud y servicios sociales";"Hombres";"Exito"
"2022-2023";"..";"Medicina";"Hombres";"Exito"
"2021-2022";"..";"Medicina";"Hombres";"Exito"
"2020-2021";"..";"Medicina";"Hombres";"Exito"
"2019-2020";"..";"Medicina";"Hombres";"Exito"
"2018-2019";"..";"Medicina";"Hombres";"Exito"
"2017-2018";"..";"Medicina";"Hombres";"Exito"
"2016-2017";"..";"Medicina";"Hombres";"Exito"
"2015-2016";"..";"Medicina";"Hombres";"Exito"
"2022-2023";"..";"Enfermería y atención a enfermos";"Hombres";"Exito"
"2021-2022";"..";"Enfermería y atención a enfermos";"Hombres";"Exito"
"2020-2021";"..";"Enfermería y atención a enfermos";"Hombres";"Exito"
"2019-2020";"..";"Enfermería y atención a enfermos";"Hombres";"Exito"
"2018-2019";"..";"Enfermería y atención a enfermos";"Hombres";"Exito"
"2017-2018";"..";"Enfermería y atención a enfermos";"Hombres";"Exito"
"2016-2017";"..";"Enfermería y atención a enfermos";"Hombres";"Exito"
"2015-2016";"..";"Enfermería y atención a enfermos";"Hombres";"Exito"
"2022-2023";"93.55";"Otras ciencias de la Salud";"Hombres";"Exito"
"2021-2022";"91.83";"Otras ciencias de la Salud";"Hombres";"Exito"
"2020-2021";"91.25";"Otras ciencias de la Salud";"Hombres";"Exito"
"2019-2020";"94.12";"Otras ciencias de la Salud";"Hombres";"Exito"
"2018-2019";"88.63";"Otras ciencias de la Salud";"Hombres";"Exito"
"2017-2018";"86.75";"Otras ciencias de la Salud";"Hombres";"Exito"
"2016-2017";"83.86";"Otras ciencias de la Salud";"Hombres";"Exito"
"2015-2016";"87.32";"Otras ciencias de la Salud";"Hombres";"Exito"
"2022-2023";"..";"Trabajo social y orientación";"Hombres";"Exito"
"2021-2022";"..";"Trabajo social y orientación";"Hombres";"Exito"
"2020-2021";"..";"Trabajo social y orientación";"Hombres";"Exito"
"2019-2020";"..";"Trabajo social y orientación";"Hombres";"Exito"
"2018-2019";"..";"Trabajo social y orientación";"Hombres";"Exito"
"2017-2018";"..";"Trabajo social y orientación";"Hombres";"Exito"
"2016-2017";"..";"Trabajo social y orientación";"Hombres";"Exito"
"2015-2016";"..";"Trabajo social y orientación";"Hombres";"Exito"
"2022-2023";"92.13";"Total Servicios";"Hombres";"Exito"
"2021-2022";"90.54";"Total Servicios";"Hombres";"Exito"
"2020-2021";"90.85";"Total Servicios";"Hombres";"Exito"
"2019-2020";"91.62";"Total Servicios";"Hombres";"Exito"
"2018-2019";"90.08";"Total Servicios";"Hombres";"Exito"
"2017-2018";"89.57";"Total Servicios";"Hombres";"Exito"
"2016-2017";"91.55";"Total Servicios";"Hombres";"Exito"
"2015-2016";"89.22";"Total Servicios";"Hombres";"Exito"
"2022-2023";"93.79";"Deportes";"Hombres";"Exito"
"2021-2022";"91.32";"Deportes";"Hombres";"Exito"
"2020-2021";"88.76";"Deportes";"Hombres";"Exito"
"2019-2020";"88.07";"Deportes";"Hombres";"Exito"
"2018-2019";"84.02";"Deportes";"Hombres";"Exito"
"2017-2018";"..";"Deportes";"Hombres";"Exito"
"2016-2017";"..";"Deportes";"Hombres";"Exito"
"2015-2016";"..";"Deportes";"Hombres";"Exito"
"2022-2023";"..";"Turismo y Hostelería";"Hombres";"Exito"
"2021-2022";"..";"Turismo y Hostelería";"Hombres";"Exito"
"2020-2021";"..";"Turismo y Hostelería";"Hombres";"Exito"
"2019-2020";"..";"Turismo y Hostelería";"Hombres";"Exito"
"2018-2019";"..";"Turismo y Hostelería";"Hombres";"Exito"
"2017-2018";"..";"Turismo y Hostelería";"Hombres";"Exito"
"2016-2017";"..";"Turismo y Hostelería";"Hombres";"Exito"
"2015-2016";"..";"Turismo y Hostelería";"Hombres";"Exito"
"2022-2023";"90.54";"Otros Servicios";"Hombres";"Exito"
"2021-2022";"89.75";"Otros Servicios";"Hombres";"Exito"
"2020-2021";"92.43";"Otros Servicios";"Hombres";"Exito"
"2019-2020";"93.77";"Otros Servicios";"Hombres";"Exito"
"2018-2019";"91.67";"Otros Servicios";"Hombres";"Exito"
"2017-2018";"89.57";"Otros Servicios";"Hombres";"Exito"
"2016-2017";"91.55";"Otros Servicios";"Hombres";"Exito"
"2015-2016";"89.22";"Otros Servicios";"Hombres";"Exito"
"2022-2023";"???";"Politécnica de Catalunya";"Hombres";"Evaluacion"
"2021-2022";"???";"Politécnica de Catalunya";"Hombres";"Evaluacion"
"2020-2021";"???";"Politécnica de Catalunya";"Hombres";"Evaluacion"
"2019-2020";"???";"Politécnica de Catalunya";"Hombres";"Evaluacion"
"2018-2019";"???";"Politécnica de Catalunya";"Hombres";"Evaluacion"
"2017-2018";"???";"Politécnica de Catalunya";"Hombres";"Evaluacion"
"2016-2017";"???";"Politécnica de Catalunya";"Hombres";"Evaluacion"
"2015-2016";"???";"Politécnica de Catalunya";"Hombres";"Evaluacion"
"2022-2023";"94.66";"Todos los ámbitos";"Hombres";"Evaluacion"
"2021-2022";"93.75";"Todos los ámbitos";"Hombres";"Evaluacion"
"2020-2021";"95.14";"Todos los ámbitos";"Hombres";"Evaluacion"
"2019-2020";"95.59";"Todos los ámbitos";"Hombres";"Evaluacion"
"2018-2019";"94.91";"Todos los ámbitos";"Hombres";"Evaluacion"
"2017-2018";"94.33";"Todos los ámbitos";"Hombres";"Evaluacion"
"2016-2017";"94.36";"Todos los ámbitos";"Hombres";"Evaluacion"
"2015-2016";"94.75";"Todos los ámbitos";"Hombres";"Evaluacion"
"2022-2023";"..";"Total Educación";"Hombres";"Evaluacion"
"2021-2022";"..";"Total Educación";"Hombres";"Evaluacion"
"2020-2021";"..";"Total Educación";"Hombres";"Evaluacion"
"2019-2020";"..";"Total Educación";"Hombres";"Evaluacion"
"2018-2019";"..";"Total Educación";"Hombres";"Evaluacion"
"2017-2018";"..";"Total Educación";"Hombres";"Evaluacion"
"2016-2017";"..";"Total Educación";"Hombres";"Evaluacion"
"2015-2016";"..";"Total Educación";"Hombres";"Evaluacion"
"2022-2023";"..";"Formación de docentes de enseñanza infantil";"Hombres";"Evaluacion"
"2021-2022";"..";"Formación de docentes de enseñanza infantil";"Hombres";"Evaluacion"
"2020-2021";"..";"Formación de docentes de enseñanza infantil";"Hombres";"Evaluacion"
"2019-2020";"..";"Formación de docentes de enseñanza infantil";"Hombres";"Evaluacion"
"2018-2019";"..";"Formación de docentes de enseñanza infantil";"Hombres";"Evaluacion"
"2017-2018";"..";"Formación de docentes de enseñanza infantil";"Hombres";"Evaluacion"
"2016-2017";"..";"Formación de docentes de enseñanza infantil";"Hombres";"Evaluacion"
"2015-2016";"..";"Formación de docentes de enseñanza infantil";"Hombres";"Evaluacion"
"2022-2023";"..";"Formación de docentes de enseñanza primaria";"Hombres";"Evaluacion"
"2021-2022";"..";"Formación de docentes de enseñanza primaria";"Hombres";"Evaluacion"
"2020-2021";"..";"Formación de docentes de enseñanza primaria";"Hombres";"Evaluacion"
"2019-2020";"..";"Formación de docentes de enseñanza primaria";"Hombres";"Evaluacion"
"2018-2019";"..";"Formación de docentes de enseñanza primaria";"Hombres";"Evaluacion"
"2017-2018";"..";"Formación de docentes de enseñanza primaria";"Hombres";"Evaluacion"
"2016-2017";"..";"Formación de docentes de enseñanza primaria";"Hombres";"Evaluacion"
"2015-2016";"..";"Formación de docentes de enseñanza primaria";"Hombres";"Evaluacion"
"2022-2023";"..";"Otra Formación de personal docente y ciencias de la educación";"Hombres";"Evaluacion"
"2021-2022";"..";"Otra Formación de personal docente y ciencias de la educación";"Hombres";"Evaluacion"
"2020-2021";"..";"Otra Formación de personal docente y ciencias de la educación";"Hombres";"Evaluacion"
"2019-2020";"..";"Otra Formación de personal docente y ciencias de la educación";"Hombres";"Evaluacion"
"2018-2019";"..";"Otra Formación de personal docente y ciencias de la educación";"Hombres";"Evaluacion"
"2017-2018";"..";"Otra Formación de personal docente y ciencias de la educación";"Hombres";"Evaluacion"
"2016-2017";"..";"Otra Formación de personal docente y ciencias de la educación";"Hombres";"Evaluacion"
"2015-2016";"..";"Otra Formación de personal docente y ciencias de la educación";"Hombres";"Evaluacion"
"2022-2023";"94.33";"Total Artes y humanidades";"Hombres";"Evaluacion"
"2021-2022";"96.46";"Total Artes y humanidades";"Hombres";"Evaluacion"
"2020-2021";"97.36";"Total Artes y humanidades";"Hombres";"Evaluacion"
"2019-2020";"96.77";"Total Artes y humanidades";"Hombres";"Evaluacion"
"2018-2019";"95.05";"Total Artes y humanidades";"Hombres";"Evaluacion"
"2017-2018";"95.37";"Total Artes y humanidades";"Hombres";"Evaluacion"
"2016-2017";"94.85";"Total Artes y humanidades";"Hombres";"Evaluacion"
"2015-2016";"97.28";"Total Artes y humanidades";"Hombres";"Evaluacion"
"2022-2023";"94.33";"Técnicas audiovisuales y medios de comunicación";"Hombres";"Evaluacion"
"2021-2022";"96.46";"Técnicas audiovisuales y medios de comunicación";"Hombres";"Evaluacion"
"2020-2021";"97.36";"Técnicas audiovisuales y medios de comunicación";"Hombres";"Evaluacion"
"2019-2020";"96.77";"Técnicas audiovisuales y medios de comunicación";"Hombres";"Evaluacion"
"2018-2019";"95.05";"Técnicas audiovisuales y medios de comunicación";"Hombres";"Evaluacion"
"2017-2018";"95.37";"Técnicas audiovisuales y medios de comunicación";"Hombres";"Evaluacion"
"2016-2017";"94.85";"Técnicas audiovisuales y medios de comunicación";"Hombres";"Evaluacion"
"2015-2016";"97.28";"Técnicas audiovisuales y medios de comunicación";"Hombres";"Evaluacion"
"2022-2023";"..";"Artes";"Hombres";"Evaluacion"
"2021-2022";"..";"Artes";"Hombres";"Evaluacion"
"2020-2021";"..";"Artes";"Hombres";"Evaluacion"
"2019-2020";"..";"Artes";"Hombres";"Evaluacion"
"2018-2019";"..";"Artes";"Hombres";"Evaluacion"
"2017-2018";"..";"Artes";"Hombres";"Evaluacion"
"2016-2017";"..";"Artes";"Hombres";"Evaluacion"
"2015-2016";"..";"Artes";"Hombres";"Evaluacion"
"2022-2023";"..";"Lenguas";"Hombres";"Evaluacion"
"2021-2022";"..";"Lenguas";"Hombres";"Evaluacion"
"2020-2021";"..";"Lenguas";"Hombres";"Evaluacion"
"2019-2020";"..";"Lenguas";"Hombres";"Evaluacion"
"2018-2019";"..";"Lenguas";"Hombres";"Evaluacion"
"2017-2018";"..";"Lenguas";"Hombres";"Evaluacion"
"2016-2017";"..";"Lenguas";"Hombres";"Evaluacion"
"2015-2016";"..";"Lenguas";"Hombres";"Evaluacion"
"2022-2023";"..";"Humanidades";"Hombres";"Evaluacion"
"2021-2022";"..";"Humanidades";"Hombres";"Evaluacion"
"2020-2021";"..";"Humanidades";"Hombres";"Evaluacion"
"2019-2020";"..";"Humanidades";"Hombres";"Evaluacion"
"2018-2019";"..";"Humanidades";"Hombres";"Evaluacion"
"2017-2018";"..";"Humanidades";"Hombres";"Evaluacion"
"2016-2017";"..";"Humanidades";"Hombres";"Evaluacion"
"2015-2016";"..";"Humanidades";"Hombres";"Evaluacion"
"2022-2023";"..";"Total Ciencias sociales, periodismo y documentación";"Hombres";"Evaluacion"
"2021-2022";"..";"Total Ciencias sociales, periodismo y documentación";"Hombres";"Evaluacion"
"2020-2021";"..";"Total Ciencias sociales, periodismo y documentación";"Hombres";"Evaluacion"
"2019-2020";"..";"Total Ciencias sociales, periodismo y documentación";"Hombres";"Evaluacion"
"2018-2019";"..";"Total Ciencias sociales, periodismo y documentación";"Hombres";"Evaluacion"
"2017-2018";"..";"Total Ciencias sociales, periodismo y documentación";"Hombres";"Evaluacion"
"2016-2017";"..";"Total Ciencias sociales, periodismo y documentación";"Hombres";"Evaluacion"
"2015-2016";"..";"Total Ciencias sociales, periodismo y documentación";"Hombres";"Evaluacion"
"2022-2023";"..";"Psicología";"Hombres";"Evaluacion"
"2021-2022";"..";"Psicología";"Hombres";"Evaluacion"
"2020-2021";"..";"Psicología";"Hombres";"Evaluacion"
"2019-2020";"..";"Psicología";"Hombres";"Evaluacion"
"2018-2019";"..";"Psicología";"Hombres";"Evaluacion"
"2017-2018";"..";"Psicología";"Hombres";"Evaluacion"
"2016-2017";"..";"Psicología";"Hombres";"Evaluacion"
"2015-2016";"..";"Psicología";"Hombres";"Evaluacion"
"2022-2023";"..";"Economía";"Hombres";"Evaluacion"
"2021-2022";"..";"Economía";"Hombres";"Evaluacion"
"2020-2021";"..";"Economía";"Hombres";"Evaluacion"
"2019-2020";"..";"Economía";"Hombres";"Evaluacion"
"2018-2019";"..";"Economía";"Hombres";"Evaluacion"
"2017-2018";"..";"Economía";"Hombres";"Evaluacion"
"2016-2017";"..";"Economía";"Hombres";"Evaluacion"
"2015-2016";"..";"Economía";"Hombres";"Evaluacion"
"2022-2023";"..";"Otras Ciencias sociales y del comportamiento";"Hombres";"Evaluacion"
"2021-2022";"..";"Otras Ciencias sociales y del comportamiento";"Hombres";"Evaluacion"
"2020-2021";"..";"Otras Ciencias sociales y del comportamiento";"Hombres";"Evaluacion"
"2019-2020";"..";"Otras Ciencias sociales y del comportamiento";"Hombres";"Evaluacion"
"2018-2019";"..";"Otras Ciencias sociales y del comportamiento";"Hombres";"Evaluacion"
"2017-2018";"..";"Otras Ciencias sociales y del comportamiento";"Hombres";"Evaluacion"
"2016-2017";"..";"Otras Ciencias sociales y del comportamiento";"Hombres";"Evaluacion"
"2015-2016";"..";"Otras Ciencias sociales y del comportamiento";"Hombres";"Evaluacion"
"2022-2023";"..";"Periodismo e información";"Hombres";"Evaluacion"
"2021-2022";"..";"Periodismo e información";"Hombres";"Evaluacion"
"2020-2021";"..";"Periodismo e información";"Hombres";"Evaluacion"
"2019-2020";"..";"Periodismo e información";"Hombres";"Evaluacion"
"2018-2019";"..";"Periodismo e información";"Hombres";"Evaluacion"
"2017-2018";"..";"Periodismo e información";"Hombres";"Evaluacion"
"2016-2017";"..";"Periodismo e información";"Hombres";"Evaluacion"
"2015-2016";"..";"Periodismo e información";"Hombres";"Evaluacion"
"2022-2023";"93.8";"Total Negocios, administración y derecho";"Hombres";"Evaluacion"
"2021-2022";"77.64";"Total Negocios, administración y derecho";"Hombres";"Evaluacion"
"2020-2021";"95.48";"Total Negocios, administración y derecho";"Hombres";"Evaluacion"
"2019-2020";"94.5";"Total Negocios, administración y derecho";"Hombres";"Evaluacion"
"2018-2019";"91.01";"Total Negocios, administración y derecho";"Hombres";"Evaluacion"
"2017-2018";"89.26";"Total Negocios, administración y derecho";"Hombres";"Evaluacion"
"2016-2017";"86.99";"Total Negocios, administración y derecho";"Hombres";"Evaluacion"
"2015-2016";"90.57";"Total Negocios, administración y derecho";"Hombres";"Evaluacion"
"2022-2023";"93.34";"Administración y gestión de empresas";"Hombres";"Evaluacion"
"2021-2022";"75.1";"Administración y gestión de empresas";"Hombres";"Evaluacion"
"2020-2021";"94.51";"Administración y gestión de empresas";"Hombres";"Evaluacion"
"2019-2020";"93.08";"Administración y gestión de empresas";"Hombres";"Evaluacion"
"2018-2019";"90.04";"Administración y gestión de empresas";"Hombres";"Evaluacion"
"2017-2018";"87.91";"Administración y gestión de empresas";"Hombres";"Evaluacion"
"2016-2017";"85.13";"Administración y gestión de empresas";"Hombres";"Evaluacion"
"2015-2016";"89.72";"Administración y gestión de empresas";"Hombres";"Evaluacion"
"2022-2023";"94.38";"Otra Educación comercial y empresarial";"Hombres";"Evaluacion"
"2021-2022";"81.55";"Otra Educación comercial y empresarial";"Hombres";"Evaluacion"
"2020-2021";"96.98";"Otra Educación comercial y empresarial";"Hombres";"Evaluacion"
"2019-2020";"97.61";"Otra Educación comercial y empresarial";"Hombres";"Evaluacion"
"2018-2019";"93.7";"Otra Educación comercial y empresarial";"Hombres";"Evaluacion"
"2017-2018";"94.26";"Otra Educación comercial y empresarial";"Hombres";"Evaluacion"
"2016-2017";"96.5";"Otra Educación comercial y empresarial";"Hombres";"Evaluacion"
"2015-2016";"97.84";"Otra Educación comercial y empresarial";"Hombres";"Evaluacion"
"2022-2023";"..";"Derecho";"Hombres";"Evaluacion"
"2021-2022";"..";"Derecho";"Hombres";"Evaluacion"
"2020-2021";"..";"Derecho";"Hombres";"Evaluacion"
"2019-2020";"..";"Derecho";"Hombres";"Evaluacion"
"2018-2019";"..";"Derecho";"Hombres";"Evaluacion"
"2017-2018";"..";"Derecho";"Hombres";"Evaluacion"
"2016-2017";"..";"Derecho";"Hombres";"Evaluacion"
"2015-2016";"..";"Derecho";"Hombres";"Evaluacion"
"2022-2023";"96.0";"Total Ciencias";"Hombres";"Evaluacion"
"2021-2022";"95.95";"Total Ciencias";"Hombres";"Evaluacion"
"2020-2021";"96.56";"Total Ciencias";"Hombres";"Evaluacion"
"2019-2020";"95.89";"Total Ciencias";"Hombres";"Evaluacion"
"2018-2019";"95.89";"Total Ciencias";"Hombres";"Evaluacion"
"2017-2018";"95.02";"Total Ciencias";"Hombres";"Evaluacion"
"2016-2017";"94.47";"Total Ciencias";"Hombres";"Evaluacion"
"2015-2016";"93.96";"Total Ciencias";"Hombres";"Evaluacion"
"2022-2023";"94.81";"Ciencias de la vida";"Hombres";"Evaluacion"
"2021-2022";"93.53";"Ciencias de la vida";"Hombres";"Evaluacion"
"2020-2021";"94.87";"Ciencias de la vida";"Hombres";"Evaluacion"
"2019-2020";"95.38";"Ciencias de la vida";"Hombres";"Evaluacion"
"2018-2019";"96.39";"Ciencias de la vida";"Hombres";"Evaluacion"
"2017-2018";"94.56";"Ciencias de la vida";"Hombres";"Evaluacion"
"2016-2017";"91.96";"Ciencias de la vida";"Hombres";"Evaluacion"
"2015-2016";"92.93";"Ciencias de la vida";"Hombres";"Evaluacion"
"2022-2023";"95.63";"Ciencias Físicas, químicas, geológicas";"Hombres";"Evaluacion"
"2021-2022";"93.17";"Ciencias Físicas, químicas, geológicas";"Hombres";"Evaluacion"
"2020-2021";"95.41";"Ciencias Físicas, químicas, geológicas";"Hombres";"Evaluacion"
"2019-2020";"94.95";"Ciencias Físicas, químicas, geológicas";"Hombres";"Evaluacion"
"2018-2019";"94.59";"Ciencias Físicas, químicas, geológicas";"Hombres";"Evaluacion"
"2017-2018";"95.19";"Ciencias Físicas, químicas, geológicas";"Hombres";"Evaluacion"
"2016-2017";"93.3";"Ciencias Físicas, químicas, geológicas";"Hombres";"Evaluacion"
"2015-2016";"92.51";"Ciencias Físicas, químicas, geológicas";"Hombres";"Evaluacion"
"2022-2023";"96.69";"Matemáticas y Estadística";"Hombres";"Evaluacion"
"2021-2022";"97.9";"Matemáticas y Estadística";"Hombres";"Evaluacion"
"2020-2021";"97.5";"Matemáticas y Estadística";"Hombres";"Evaluacion"
"2019-2020";"96.44";"Matemáticas y Estadística";"Hombres";"Evaluacion"
"2018-2019";"96.37";"Matemáticas y Estadística";"Hombres";"Evaluacion"
"2017-2018";"95.1";"Matemáticas y Estadística";"Hombres";"Evaluacion"
"2016-2017";"96.27";"Matemáticas y Estadística";"Hombres";"Evaluacion"
"2015-2016";"95.43";"Matemáticas y Estadística";"Hombres";"Evaluacion"
"2022-2023";"95.93";"Total Informática";"Hombres";"Evaluacion"
"2021-2022";"95.74";"Total Informática";"Hombres";"Evaluacion"
"2020-2021";"94.49";"Total Informática";"Hombres";"Evaluacion"
"2019-2020";"94.93";"Total Informática";"Hombres";"Evaluacion"
"2018-2019";"94.48";"Total Informática";"Hombres";"Evaluacion"
"2017-2018";"94.47";"Total Informática";"Hombres";"Evaluacion"
"2016-2017";"94.21";"Total Informática";"Hombres";"Evaluacion"
"2015-2016";"93.27";"Total Informática";"Hombres";"Evaluacion"
"2022-2023";"95.93";"Informática";"Hombres";"Evaluacion"
"2021-2022";"95.74";"Informática";"Hombres";"Evaluacion"
"2020-2021";"94.49";"Informática";"Hombres";"Evaluacion"
"2019-2020";"94.93";"Informática";"Hombres";"Evaluacion"
"2018-2019";"94.48";"Informática";"Hombres";"Evaluacion"
"2017-2018";"94.47";"Informática";"Hombres";"Evaluacion"
"2016-2017";"94.21";"Informática";"Hombres";"Evaluacion"
"2015-2016";"93.27";"Informática";"Hombres";"Evaluacion"
"2022-2023";"94.47";"Total Ingeniería, industria y construcción";"Hombres";"Evaluacion"
"2021-2022";"94.93";"Total Ingeniería, industria y construcción";"Hombres";"Evaluacion"
"2020-2021";"95.1";"Total Ingeniería, industria y construcción";"Hombres";"Evaluacion"
"2019-2020";"95.78";"Total Ingeniería, industria y construcción";"Hombres";"Evaluacion"
"2018-2019";"95.15";"Total Ingeniería, industria y construcción";"Hombres";"Evaluacion"
"2017-2018";"94.62";"Total Ingeniería, industria y construcción";"Hombres";"Evaluacion"
"2016-2017";"94.78";"Total Ingeniería, industria y construcción";"Hombres";"Evaluacion"
"2015-2016";"95.14";"Total Ingeniería, industria y construcción";"Hombres";"Evaluacion"
"2022-2023";"94.93";"Ingenierías";"Hombres";"Evaluacion"
"2021-2022";"95.71";"Ingenierías";"Hombres";"Evaluacion"
"2020-2021";"95.87";"Ingenierías";"Hombres";"Evaluacion"
"2019-2020";"96.83";"Ingenierías";"Hombres";"Evaluacion"
"2018-2019";"96.14";"Ingenierías";"Hombres";"Evaluacion"
"2017-2018";"95.81";"Ingenierías";"Hombres";"Evaluacion"
"2016-2017";"95.77";"Ingenierías";"Hombres";"Evaluacion"
"2015-2016";"96.09";"Ingenierías";"Hombres";"Evaluacion"
"2022-2023";"92.16";"Arquitectura y construcción";"Hombres";"Evaluacion"
"2021-2022";"91.04";"Arquitectura y construcción";"Hombres";"Evaluacion"
"2020-2021";"91.33";"Arquitectura y construcción";"Hombres";"Evaluacion"
"2019-2020";"90.89";"Arquitectura y construcción";"Hombres";"Evaluacion"
"2018-2019";"90.64";"Arquitectura y construcción";"Hombres";"Evaluacion"
"2017-2018";"89.28";"Arquitectura y construcción";"Hombres";"Evaluacion"
"2016-2017";"90.39";"Arquitectura y construcción";"Hombres";"Evaluacion"
"2015-2016";"91.05";"Arquitectura y construcción";"Hombres";"Evaluacion"
"2022-2023";"95.08";"Total Agricultura, ganadería,  silvicultura, pesca, y veterinaria";"Hombres";"Evaluacion"
"2021-2022";"91.94";"Total Agricultura, ganadería,  silvicultura, pesca, y veterinaria";"Hombres";"Evaluacion"
"2020-2021";"94.05";"Total Agricultura, ganadería,  silvicultura, pesca, y veterinaria";"Hombres";"Evaluacion"
"2019-2020";"94.29";"Total Agricultura, ganadería,  silvicultura, pesca, y veterinaria";"Hombres";"Evaluacion"
"2018-2019";"93.83";"Total Agricultura, ganadería,  silvicultura, pesca, y veterinaria";"Hombres";"Evaluacion"
"2017-2018";"91.71";"Total Agricultura, ganadería,  silvicultura, pesca, y veterinaria";"Hombres";"Evaluacion"
"2016-2017";"93.64";"Total Agricultura, ganadería,  silvicultura, pesca, y veterinaria";"Hombres";"Evaluacion"
"2015-2016";"95.37";"Total Agricultura, ganadería,  silvicultura, pesca, y veterinaria";"Hombres";"Evaluacion"
"2022-2023";"95.08";"Agricultura, ganadería y pesca";"Hombres";"Evaluacion"
"2021-2022";"91.94";"Agricultura, ganadería y pesca";"Hombres";"Evaluacion"
"2020-2021";"94.05";"Agricultura, ganadería y pesca";"Hombres";"Evaluacion"
"2019-2020";"94.29";"Agricultura, ganadería y pesca";"Hombres";"Evaluacion"
"2018-2019";"93.83";"Agricultura, ganadería y pesca";"Hombres";"Evaluacion"
"2017-2018";"91.71";"Agricultura, ganadería y pesca";"Hombres";"Evaluacion"
"2016-2017";"93.64";"Agricultura, ganadería y pesca";"Hombres";"Evaluacion"
"2015-2016";"95.37";"Agricultura, ganadería y pesca";"Hombres";"Evaluacion"
"2022-2023";"..";"Veterinaria";"Hombres";"Evaluacion"
"2021-2022";"..";"Veterinaria";"Hombres";"Evaluacion"
"2020-2021";"..";"Veterinaria";"Hombres";"Evaluacion"
"2019-2020";"..";"Veterinaria";"Hombres";"Evaluacion"
"2018-2019";"..";"Veterinaria";"Hombres";"Evaluacion"
"2017-2018";"..";"Veterinaria";"Hombres";"Evaluacion"
"2016-2017";"..";"Veterinaria";"Hombres";"Evaluacion"
"2015-2016";"..";"Veterinaria";"Hombres";"Evaluacion"
"2022-2023";"98.22";"Total Salud y servicios sociales";"Hombres";"Evaluacion"
"2021-2022";"96.56";"Total Salud y servicios sociales";"Hombres";"Evaluacion"
"2020-2021";"96.73";"Total Salud y servicios sociales";"Hombres";"Evaluacion"
"2019-2020";"96.97";"Total Salud y servicios sociales";"Hombres";"Evaluacion"
"2018-2019";"97.66";"Total Salud y servicios sociales";"Hombres";"Evaluacion"
"2017-2018";"95.4";"Total Salud y servicios sociales";"Hombres";"Evaluacion"
"2016-2017";"96.04";"Total Salud y servicios sociales";"Hombres";"Evaluacion"
"2015-2016";"95.27";"Total Salud y servicios sociales";"Hombres";"Evaluacion"
"2022-2023";"..";"Medicina";"Hombres";"Evaluacion"
"2021-2022";"..";"Medicina";"Hombres";"Evaluacion"
"2020-2021";"..";"Medicina";"Hombres";"Evaluacion"
"2019-2020";"..";"Medicina";"Hombres";"Evaluacion"
"2018-2019";"..";"Medicina";"Hombres";"Evaluacion"
"2017-2018";"..";"Medicina";"Hombres";"Evaluacion"
"2016-2017";"..";"Medicina";"Hombres";"Evaluacion"
"2015-2016";"..";"Medicina";"Hombres";"Evaluacion"
"2022-2023";"..";"Enfermería y atención a enfermos";"Hombres";"Evaluacion"
"2021-2022";"..";"Enfermería y atención a enfermos";"Hombres";"Evaluacion"
"2020-2021";"..";"Enfermería y atención a enfermos";"Hombres";"Evaluacion"
"2019-2020";"..";"Enfermería y atención a enfermos";"Hombres";"Evaluacion"
"2018-2019";"..";"Enfermería y atención a enfermos";"Hombres";"Evaluacion"
"2017-2018";"..";"Enfermería y atención a enfermos";"Hombres";"Evaluacion"
"2016-2017";"..";"Enfermería y atención a enfermos";"Hombres";"Evaluacion"
"2015-2016";"..";"Enfermería y atención a enfermos";"Hombres";"Evaluacion"
"2022-2023";"98.22";"Otras ciencias de la Salud";"Hombres";"Evaluacion"
"2021-2022";"96.56";"Otras ciencias de la Salud";"Hombres";"Evaluacion"
"2020-2021";"96.73";"Otras ciencias de la Salud";"Hombres";"Evaluacion"
"2019-2020";"96.97";"Otras ciencias de la Salud";"Hombres";"Evaluacion"
"2018-2019";"97.66";"Otras ciencias de la Salud";"Hombres";"Evaluacion"
"2017-2018";"95.4";"Otras ciencias de la Salud";"Hombres";"Evaluacion"
"2016-2017";"96.04";"Otras ciencias de la Salud";"Hombres";"Evaluacion"
"2015-2016";"95.27";"Otras ciencias de la Salud";"Hombres";"Evaluacion"
"2022-2023";"..";"Trabajo social y orientación";"Hombres";"Evaluacion"
"2021-2022";"..";"Trabajo social y orientación";"Hombres";"Evaluacion"
"2020-2021";"..";"Trabajo social y orientación";"Hombres";"Evaluacion"
"2019-2020";"..";"Trabajo social y orientación";"Hombres";"Evaluacion"
"2018-2019";"..";"Trabajo social y orientación";"Hombres";"Evaluacion"
"2017-2018";"..";"Trabajo social y orientación";"Hombres";"Evaluacion"
"2016-2017";"..";"Trabajo social y orientación";"Hombres";"Evaluacion"
"2015-2016";"..";"Trabajo social y orientación";"Hombres";"Evaluacion"
"2022-2023";"90.57";"Total Servicios";"Hombres";"Evaluacion"
"2021-2022";"93.55";"Total Servicios";"Hombres";"Evaluacion"
"2020-2021";"94.75";"Total Servicios";"Hombres";"Evaluacion"
"2019-2020";"94.16";"Total Servicios";"Hombres";"Evaluacion"
"2018-2019";"95.5";"Total Servicios";"Hombres";"Evaluacion"
"2017-2018";"93.06";"Total Servicios";"Hombres";"Evaluacion"
"2016-2017";"95.24";"Total Servicios";"Hombres";"Evaluacion"
"2015-2016";"94.99";"Total Servicios";"Hombres";"Evaluacion"
"2022-2023";"90.63";"Deportes";"Hombres";"Evaluacion"
"2021-2022";"98.1";"Deportes";"Hombres";"Evaluacion"
"2020-2021";"96.68";"Deportes";"Hombres";"Evaluacion"
"2019-2020";"93.02";"Deportes";"Hombres";"Evaluacion"
"2018-2019";"97.87";"Deportes";"Hombres";"Evaluacion"
"2017-2018";"..";"Deportes";"Hombres";"Evaluacion"
"2016-2017";"..";"Deportes";"Hombres";"Evaluacion"
"2015-2016";"..";"Deportes";"Hombres";"Evaluacion"
"2022-2023";"..";"Turismo y Hostelería";"Hombres";"Evaluacion"
"2021-2022";"..";"Turismo y Hostelería";"Hombres";"Evaluacion"
"2020-2021";"..";"Turismo y Hostelería";"Hombres";"Evaluacion"
"2019-2020";"..";"Turismo y Hostelería";"Hombres";"Evaluacion"
"2018-2019";"..";"Turismo y Hostelería";"Hombres";"Evaluacion"
"2017-2018";"..";"Turismo y Hostelería";"Hombres";"Evaluacion"
"2016-2017";"..";"Turismo y Hostelería";"Hombres";"Evaluacion"
"2015-2016";"..";"Turismo y Hostelería";"Hombres";"Evaluacion"
"2022-2023";"90.51";"Otros Servicios";"Hombres";"Evaluacion"
"2021-2022";"89.4";"Otros Servicios";"Hombres";"Evaluacion"
"2020-2021";"93.36";"Otros Servicios";"Hombres";"Evaluacion"
"2019-2020";"94.85";"Otros Servicios";"Hombres";"Evaluacion"
"2018-2019";"94.9";"Otros Servicios";"Hombres";"Evaluacion"
"2017-2018";"93.06";"Otros Servicios";"Hombres";"Evaluacion"
"2016-2017";"95.24";"Otros Servicios";"Hombres";"Evaluacion"
"2015-2016";"94.99";"Otros Servicios";"Hombres";"Evaluacion"
"2022-2023";"???";"Politécnica de Catalunya";"Mujeres";"Rendimiento"
"2021-2022";"???";"Politécnica de Catalunya";"Mujeres";"Rendimiento"
"2020-2021";"???";"Politécnica de Catalunya";"Mujeres";"Rendimiento"
"2019-2020";"???";"Politécnica de Catalunya";"Mujeres";"Rendimiento"
"2018-2019";"???";"Politécnica de Catalunya";"Mujeres";"Rendimiento"
"2017-2018";"???";"Politécnica de Catalunya";"Mujeres";"Rendimiento"
"2016-2017";"???";"Politécnica de Catalunya";"Mujeres";"Rendimiento"
"2015-2016";"???";"Politécnica de Catalunya";"Mujeres";"Rendimiento"
"2022-2023";"80.84";"Todos los ámbitos";"Mujeres";"Rendimiento"
"2021-2022";"78.87";"Todos los ámbitos";"Mujeres";"Rendimiento"
"2020-2021";"82.11";"Todos los ámbitos";"Mujeres";"Rendimiento"
"2019-2020";"85.87";"Todos los ámbitos";"Mujeres";"Rendimiento"
"2018-2019";"80.58";"Todos los ámbitos";"Mujeres";"Rendimiento"
"2017-2018";"80.37";"Todos los ámbitos";"Mujeres";"Rendimiento"
"2016-2017";"79.92";"Todos los ámbitos";"Mujeres";"Rendimiento"
"2015-2016";"80.12";"Todos los ámbitos";"Mujeres";"Rendimiento"
"2022-2023";"..";"Total Educación";"Mujeres";"Rendimiento"
"2021-2022";"..";"Total Educación";"Mujeres";"Rendimiento"
"2020-2021";"..";"Total Educación";"Mujeres";"Rendimiento"
"2019-2020";"..";"Total Educación";"Mujeres";"Rendimiento"
"2018-2019";"..";"Total Educación";"Mujeres";"Rendimiento"
"2017-2018";"..";"Total Educación";"Mujeres";"Rendimiento"
"2016-2017";"..";"Total Educación";"Mujeres";"Rendimiento"
"2015-2016";"..";"Total Educación";"Mujeres";"Rendimiento"
"2022-2023";"..";"Formación de docentes de enseñanza infantil";"Mujeres";"Rendimiento"
"2021-2022";"..";"Formación de docentes de enseñanza infantil";"Mujeres";"Rendimiento"
"2020-2021";"..";"Formación de docentes de enseñanza infantil";"Mujeres";"Rendimiento"
"2019-2020";"..";"Formación de docentes de enseñanza infantil";"Mujeres";"Rendimiento"
"2018-2019";"..";"Formación de docentes de enseñanza infantil";"Mujeres";"Rendimiento"
"2017-2018";"..";"Formación de docentes de enseñanza infantil";"Mujeres";"Rendimiento"
"2016-2017";"..";"Formación de docentes de enseñanza infantil";"Mujeres";"Rendimiento"
"2015-2016";"..";"Formación de docentes de enseñanza infantil";"Mujeres";"Rendimiento"
"2022-2023";"..";"Formación de docentes de enseñanza primaria";"Mujeres";"Rendimiento"
"2021-2022";"..";"Formación de docentes de enseñanza primaria";"Mujeres";"Rendimiento"
"2020-2021";"..";"Formación de docentes de enseñanza primaria";"Mujeres";"Rendimiento"
"2019-2020";"..";"Formación de docentes de enseñanza primaria";"Mujeres";"Rendimiento"
"2018-2019";"..";"Formación de docentes de enseñanza primaria";"Mujeres";"Rendimiento"
"2017-2018";"..";"Formación de docentes de enseñanza primaria";"Mujeres";"Rendimiento"
"2016-2017";"..";"Formación de docentes de enseñanza primaria";"Mujeres";"Rendimiento"
"2015-2016";"..";"Formación de docentes de enseñanza primaria";"Mujeres";"Rendimiento"
"2022-2023";"..";"Otra Formación de personal docente y ciencias de la educación";"Mujeres";"Rendimiento"
"2021-2022";"..";"Otra Formación de personal docente y ciencias de la educación";"Mujeres";"Rendimiento"
"2020-2021";"..";"Otra Formación de personal docente y ciencias de la educación";"Mujeres";"Rendimiento"
"2019-2020";"..";"Otra Formación de personal docente y ciencias de la educación";"Mujeres";"Rendimiento"
"2018-2019";"..";"Otra Formación de personal docente y ciencias de la educación";"Mujeres";"Rendimiento"
"2017-2018";"..";"Otra Formación de personal docente y ciencias de la educación";"Mujeres";"Rendimiento"
"2016-2017";"..";"Otra Formación de personal docente y ciencias de la educación";"Mujeres";"Rendimiento"
"2015-2016";"..";"Otra Formación de personal docente y ciencias de la educación";"Mujeres";"Rendimiento"
"2022-2023";"92.2";"Total Artes y humanidades";"Mujeres";"Rendimiento"
"2021-2022";"96.06";"Total Artes y humanidades";"Mujeres";"Rendimiento"
"2020-2021";"97.69";"Total Artes y humanidades";"Mujeres";"Rendimiento"
"2019-2020";"95.71";"Total Artes y humanidades";"Mujeres";"Rendimiento"
"2018-2019";"95.97";"Total Artes y humanidades";"Mujeres";"Rendimiento"
"2017-2018";"92.63";"Total Artes y humanidades";"Mujeres";"Rendimiento"
"2016-2017";"87.82";"Total Artes y humanidades";"Mujeres";"Rendimiento"
"2015-2016";"88.43";"Total Artes y humanidades";"Mujeres";"Rendimiento"
"2022-2023";"92.2";"Técnicas audiovisuales y medios de comunicación";"Mujeres";"Rendimiento"
"2021-2022";"96.06";"Técnicas audiovisuales y medios de comunicación";"Mujeres";"Rendimiento"
"2020-2021";"97.69";"Técnicas audiovisuales y medios de comunicación";"Mujeres";"Rendimiento"
"2019-2020";"95.71";"Técnicas audiovisuales y medios de comunicación";"Mujeres";"Rendimiento"
"2018-2019";"95.97";"Técnicas audiovisuales y medios de comunicación";"Mujeres";"Rendimiento"
"2017-2018";"92.63";"Técnicas audiovisuales y medios de comunicación";"Mujeres";"Rendimiento"
"2016-2017";"87.82";"Técnicas audiovisuales y medios de comunicación";"Mujeres";"Rendimiento"
"2015-2016";"88.43";"Técnicas audiovisuales y medios de comunicación";"Mujeres";"Rendimiento"
"2022-2023";"..";"Artes";"Mujeres";"Rendimiento"
"2021-2022";"..";"Artes";"Mujeres";"Rendimiento"
"2020-2021";"..";"Artes";"Mujeres";"Rendimiento"
"2019-2020";"..";"Artes";"Mujeres";"Rendimiento"
"2018-2019";"..";"Artes";"Mujeres";"Rendimiento"
"2017-2018";"..";"Artes";"Mujeres";"Rendimiento"
"2016-2017";"..";"Artes";"Mujeres";"Rendimiento"
"2015-2016";"..";"Artes";"Mujeres";"Rendimiento"
"2022-2023";"..";"Lenguas";"Mujeres";"Rendimiento"
"2021-2022";"..";"Lenguas";"Mujeres";"Rendimiento"
"2020-2021";"..";"Lenguas";"Mujeres";"Rendimiento"
"2019-2020";"..";"Lenguas";"Mujeres";"Rendimiento"
"2018-2019";"..";"Lenguas";"Mujeres";"Rendimiento"
"2017-2018";"..";"Lenguas";"Mujeres";"Rendimiento"
"2016-2017";"..";"Lenguas";"Mujeres";"Rendimiento"
"2015-2016";"..";"Lenguas";"Mujeres";"Rendimiento"
"2022-2023";"..";"Humanidades";"Mujeres";"Rendimiento"
"2021-2022";"..";"Humanidades";"Mujeres";"Rendimiento"
"2020-2021";"..";"Humanidades";"Mujeres";"Rendimiento"
"2019-2020";"..";"Humanidades";"Mujeres";"Rendimiento"
"2018-2019";"..";"Humanidades";"Mujeres";"Rendimiento"
"2017-2018";"..";"Humanidades";"Mujeres";"Rendimiento"
"2016-2017";"..";"Humanidades";"Mujeres";"Rendimiento"
"2015-2016";"..";"Humanidades";"Mujeres";"Rendimiento"
"2022-2023";"..";"Total Ciencias sociales, periodismo y documentación";"Mujeres";"Rendimiento"
"2021-2022";"..";"Total Ciencias sociales, periodismo y documentación";"Mujeres";"Rendimiento"
"2020-2021";"..";"Total Ciencias sociales, periodismo y documentación";"Mujeres";"Rendimiento"
"2019-2020";"..";"Total Ciencias sociales, periodismo y documentación";"Mujeres";"Rendimiento"
"2018-2019";"..";"Total Ciencias sociales, periodismo y documentación";"Mujeres";"Rendimiento"
"2017-2018";"..";"Total Ciencias sociales, periodismo y documentación";"Mujeres";"Rendimiento"
"2016-2017";"..";"Total Ciencias sociales, periodismo y documentación";"Mujeres";"Rendimiento"
"2015-2016";"..";"Total Ciencias sociales, periodismo y documentación";"Mujeres";"Rendimiento"
"2022-2023";"..";"Psicología";"Mujeres";"Rendimiento"
"2021-2022";"..";"Psicología";"Mujeres";"Rendimiento"
"2020-2021";"..";"Psicología";"Mujeres";"Rendimiento"
"2019-2020";"..";"Psicología";"Mujeres";"Rendimiento"
"2018-2019";"..";"Psicología";"Mujeres";"Rendimiento"
"2017-2018";"..";"Psicología";"Mujeres";"Rendimiento"
"2016-2017";"..";"Psicología";"Mujeres";"Rendimiento"
"2015-2016";"..";"Psicología";"Mujeres";"Rendimiento"
"2022-2023";"..";"Economía";"Mujeres";"Rendimiento"
"2021-2022";"..";"Economía";"Mujeres";"Rendimiento"
"2020-2021";"..";"Economía";"Mujeres";"Rendimiento"
"2019-2020";"..";"Economía";"Mujeres";"Rendimiento"
"2018-2019";"..";"Economía";"Mujeres";"Rendimiento"
"2017-2018";"..";"Economía";"Mujeres";"Rendimiento"
"2016-2017";"..";"Economía";"Mujeres";"Rendimiento"
"2015-2016";"..";"Economía";"Mujeres";"Rendimiento"
"2022-2023";"..";"Otras Ciencias sociales y del comportamiento";"Mujeres";"Rendimiento"
"2021-2022";"..";"Otras Ciencias sociales y del comportamiento";"Mujeres";"Rendimiento"
"2020-2021";"..";"Otras Ciencias sociales y del comportamiento";"Mujeres";"Rendimiento"
"2019-2020";"..";"Otras Ciencias sociales y del comportamiento";"Mujeres";"Rendimiento"
"2018-2019";"..";"Otras Ciencias sociales y del comportamiento";"Mujeres";"Rendimiento"
"2017-2018";"..";"Otras Ciencias sociales y del comportamiento";"Mujeres";"Rendimiento"
"2016-2017";"..";"Otras Ciencias sociales y del comportamiento";"Mujeres";"Rendimiento"
"2015-2016";"..";"Otras Ciencias sociales y del comportamiento";"Mujeres";"Rendimiento"
"2022-2023";"..";"Periodismo e información";"Mujeres";"Rendimiento"
"2021-2022";"..";"Periodismo e información";"Mujeres";"Rendimiento"
"2020-2021";"..";"Periodismo e información";"Mujeres";"Rendimiento"
"2019-2020";"..";"Periodismo e información";"Mujeres";"Rendimiento"
"2018-2019";"..";"Periodismo e información";"Mujeres";"Rendimiento"
"2017-2018";"..";"Periodismo e información";"Mujeres";"Rendimiento"
"2016-2017";"..";"Periodismo e información";"Mujeres";"Rendimiento"
"2015-2016";"..";"Periodismo e información";"Mujeres";"Rendimiento"
"2022-2023";"88.92";"Total Negocios, administración y derecho";"Mujeres";"Rendimiento"
"2021-2022";"74.48";"Total Negocios, administración y derecho";"Mujeres";"Rendimiento"
"2020-2021";"88.47";"Total Negocios, administración y derecho";"Mujeres";"Rendimiento"
"2019-2020";"89.53";"Total Negocios, administración y derecho";"Mujeres";"Rendimiento"
"2018-2019";"85.64";"Total Negocios, administración y derecho";"Mujeres";"Rendimiento"
"2017-2018";"85.42";"Total Negocios, administración y derecho";"Mujeres";"Rendimiento"
"2016-2017";"83.6";"Total Negocios, administración y derecho";"Mujeres";"Rendimiento"
"2015-2016";"86.77";"Total Negocios, administración y derecho";"Mujeres";"Rendimiento"
"2022-2023";"84.63";"Administración y gestión de empresas";"Mujeres";"Rendimiento"
"2021-2022";"68.06";"Administración y gestión de empresas";"Mujeres";"Rendimiento"
"2020-2021";"83.99";"Administración y gestión de empresas";"Mujeres";"Rendimiento"
"2019-2020";"86.18";"Administración y gestión de empresas";"Mujeres";"Rendimiento"
"2018-2019";"82.2";"Administración y gestión de empresas";"Mujeres";"Rendimiento"
"2017-2018";"81.5";"Administración y gestión de empresas";"Mujeres";"Rendimiento"
"2016-2017";"81.33";"Administración y gestión de empresas";"Mujeres";"Rendimiento"
"2015-2016";"85.12";"Administración y gestión de empresas";"Mujeres";"Rendimiento"
"2022-2023";"91.77";"Otra Educación comercial y empresarial";"Mujeres";"Rendimiento"
"2021-2022";"79.55";"Otra Educación comercial y empresarial";"Mujeres";"Rendimiento"
"2020-2021";"91.93";"Otra Educación comercial y empresarial";"Mujeres";"Rendimiento"
"2019-2020";"92.78";"Otra Educación comercial y empresarial";"Mujeres";"Rendimiento"
"2018-2019";"89.67";"Otra Educación comercial y empresarial";"Mujeres";"Rendimiento"
"2017-2018";"91.18";"Otra Educación comercial y empresarial";"Mujeres";"Rendimiento"
"2016-2017";"88.52";"Otra Educación comercial y empresarial";"Mujeres";"Rendimiento"
"2015-2016";"93.77";"Otra Educación comercial y empresarial";"Mujeres";"Rendimiento"
"2022-2023";"..";"Derecho";"Mujeres";"Rendimiento"
"2021-2022";"..";"Derecho";"Mujeres";"Rendimiento"
"2020-2021";"..";"Derecho";"Mujeres";"Rendimiento"
"2019-2020";"..";"Derecho";"Mujeres";"Rendimiento"
"2018-2019";"..";"Derecho";"Mujeres";"Rendimiento"
"2017-2018";"..";"Derecho";"Mujeres";"Rendimiento"
"2016-2017";"..";"Derecho";"Mujeres";"Rendimiento"
"2015-2016";"..";"Derecho";"Mujeres";"Rendimiento"
"2022-2023";"85.19";"Total Ciencias";"Mujeres";"Rendimiento"
"2021-2022";"86.25";"Total Ciencias";"Mujeres";"Rendimiento"
"2020-2021";"84.86";"Total Ciencias";"Mujeres";"Rendimiento"
"2019-2020";"90.26";"Total Ciencias";"Mujeres";"Rendimiento"
"2018-2019";"81.98";"Total Ciencias";"Mujeres";"Rendimiento"
"2017-2018";"82.28";"Total Ciencias";"Mujeres";"Rendimiento"
"2016-2017";"78.0";"Total Ciencias";"Mujeres";"Rendimiento"
"2015-2016";"73.07";"Total Ciencias";"Mujeres";"Rendimiento"
"2022-2023";"82.85";"Ciencias de la vida";"Mujeres";"Rendimiento"
"2021-2022";"79.84";"Ciencias de la vida";"Mujeres";"Rendimiento"
"2020-2021";"77.41";"Ciencias de la vida";"Mujeres";"Rendimiento"
"2019-2020";"89.18";"Ciencias de la vida";"Mujeres";"Rendimiento"
"2018-2019";"75.46";"Ciencias de la vida";"Mujeres";"Rendimiento"
"2017-2018";"76.02";"Ciencias de la vida";"Mujeres";"Rendimiento"
"2016-2017";"74.07";"Ciencias de la vida";"Mujeres";"Rendimiento"
"2015-2016";"66.43";"Ciencias de la vida";"Mujeres";"Rendimiento"
"2022-2023";"83.19";"Ciencias Físicas, químicas, geológicas";"Mujeres";"Rendimiento"
"2021-2022";"86.13";"Ciencias Físicas, químicas, geológicas";"Mujeres";"Rendimiento"
"2020-2021";"83.08";"Ciencias Físicas, químicas, geológicas";"Mujeres";"Rendimiento"
"2019-2020";"90.82";"Ciencias Físicas, químicas, geológicas";"Mujeres";"Rendimiento"
"2018-2019";"82.34";"Ciencias Físicas, químicas, geológicas";"Mujeres";"Rendimiento"
"2017-2018";"93.68";"Ciencias Físicas, químicas, geológicas";"Mujeres";"Rendimiento"
"2016-2017";"80.38";"Ciencias Físicas, químicas, geológicas";"Mujeres";"Rendimiento"
"2015-2016";"76.91";"Ciencias Físicas, químicas, geológicas";"Mujeres";"Rendimiento"
"2022-2023";"92.94";"Matemáticas y Estadística";"Mujeres";"Rendimiento"
"2021-2022";"91.11";"Matemáticas y Estadística";"Mujeres";"Rendimiento"
"2020-2021";"92.02";"Matemáticas y Estadística";"Mujeres";"Rendimiento"
"2019-2020";"90.63";"Matemáticas y Estadística";"Mujeres";"Rendimiento"
"2018-2019";"87.0";"Matemáticas y Estadística";"Mujeres";"Rendimiento"
"2017-2018";"82.11";"Matemáticas y Estadística";"Mujeres";"Rendimiento"
"2016-2017";"81.99";"Matemáticas y Estadística";"Mujeres";"Rendimiento"
"2015-2016";"79.87";"Matemáticas y Estadística";"Mujeres";"Rendimiento"
"2022-2023";"87.33";"Total Informática";"Mujeres";"Rendimiento"
"2021-2022";"79.95";"Total Informática";"Mujeres";"Rendimiento"
"2020-2021";"83.7";"Total Informática";"Mujeres";"Rendimiento"
"2019-2020";"83.69";"Total Informática";"Mujeres";"Rendimiento"
"2018-2019";"80.91";"Total Informática";"Mujeres";"Rendimiento"
"2017-2018";"82.63";"Total Informática";"Mujeres";"Rendimiento"
"2016-2017";"75.5";"Total Informática";"Mujeres";"Rendimiento"
"2015-2016";"76.69";"Total Informática";"Mujeres";"Rendimiento"
"2022-2023";"87.33";"Informática";"Mujeres";"Rendimiento"
"2021-2022";"79.95";"Informática";"Mujeres";"Rendimiento"
"2020-2021";"83.7";"Informática";"Mujeres";"Rendimiento"
"2019-2020";"83.69";"Informática";"Mujeres";"Rendimiento"
"2018-2019";"80.91";"Informática";"Mujeres";"Rendimiento"
"2017-2018";"82.63";"Informática";"Mujeres";"Rendimiento"
"2016-2017";"75.5";"Informática";"Mujeres";"Rendimiento"
"2015-2016";"76.69";"Informática";"Mujeres";"Rendimiento"
"2022-2023";"77.62";"Total Ingeniería, industria y construcción";"Mujeres";"Rendimiento"
"2021-2022";"77.49";"Total Ingeniería, industria y construcción";"Mujeres";"Rendimiento"
"2020-2021";"79.74";"Total Ingeniería, industria y construcción";"Mujeres";"Rendimiento"
"2019-2020";"84.3";"Total Ingeniería, industria y construcción";"Mujeres";"Rendimiento"
"2018-2019";"78.68";"Total Ingeniería, industria y construcción";"Mujeres";"Rendimiento"
"2017-2018";"78.68";"Total Ingeniería, industria y construcción";"Mujeres";"Rendimiento"
"2016-2017";"79.13";"Total Ingeniería, industria y construcción";"Mujeres";"Rendimiento"
"2015-2016";"79.26";"Total Ingeniería, industria y construcción";"Mujeres";"Rendimiento"
"2022-2023";"75.13";"Ingenierías";"Mujeres";"Rendimiento"
"2021-2022";"75.77";"Ingenierías";"Mujeres";"Rendimiento"
"2020-2021";"78.55";"Ingenierías";"Mujeres";"Rendimiento"
"2019-2020";"84.0";"Ingenierías";"Mujeres";"Rendimiento"
"2018-2019";"78.26";"Ingenierías";"Mujeres";"Rendimiento"
"2017-2018";"77.42";"Ingenierías";"Mujeres";"Rendimiento"
"2016-2017";"78.43";"Ingenierías";"Mujeres";"Rendimiento"
"2015-2016";"78.61";"Ingenierías";"Mujeres";"Rendimiento"
"2022-2023";"81.58";"Arquitectura y construcción";"Mujeres";"Rendimiento"
"2021-2022";"80.19";"Arquitectura y construcción";"Mujeres";"Rendimiento"
"2020-2021";"81.62";"Arquitectura y construcción";"Mujeres";"Rendimiento"
"2019-2020";"84.75";"Arquitectura y construcción";"Mujeres";"Rendimiento"
"2018-2019";"79.3";"Arquitectura y construcción";"Mujeres";"Rendimiento"
"2017-2018";"80.66";"Arquitectura y construcción";"Mujeres";"Rendimiento"
"2016-2017";"80.18";"Arquitectura y construcción";"Mujeres";"Rendimiento"
"2015-2016";"80.21";"Arquitectura y construcción";"Mujeres";"Rendimiento"
"2022-2023";"76.56";"Total Agricultura, ganadería,  silvicultura, pesca, y veterinaria";"Mujeres";"Rendimiento"
"2021-2022";"73.68";"Total Agricultura, ganadería,  silvicultura, pesca, y veterinaria";"Mujeres";"Rendimiento"
"2020-2021";"78.78";"Total Agricultura, ganadería,  silvicultura, pesca, y veterinaria";"Mujeres";"Rendimiento"
"2019-2020";"85.19";"Total Agricultura, ganadería,  silvicultura, pesca, y veterinaria";"Mujeres";"Rendimiento"
"2018-2019";"80.99";"Total Agricultura, ganadería,  silvicultura, pesca, y veterinaria";"Mujeres";"Rendimiento"
"2017-2018";"76.01";"Total Agricultura, ganadería,  silvicultura, pesca, y veterinaria";"Mujeres";"Rendimiento"
"2016-2017";"73.6";"Total Agricultura, ganadería,  silvicultura, pesca, y veterinaria";"Mujeres";"Rendimiento"
"2015-2016";"70.83";"Total Agricultura, ganadería,  silvicultura, pesca, y veterinaria";"Mujeres";"Rendimiento"
"2022-2023";"76.56";"Agricultura, ganadería y pesca";"Mujeres";"Rendimiento"
"2021-2022";"73.68";"Agricultura, ganadería y pesca";"Mujeres";"Rendimiento"
"2020-2021";"78.78";"Agricultura, ganadería y pesca";"Mujeres";"Rendimiento"
"2019-2020";"85.19";"Agricultura, ganadería y pesca";"Mujeres";"Rendimiento"
"2018-2019";"80.99";"Agricultura, ganadería y pesca";"Mujeres";"Rendimiento"
"2017-2018";"76.01";"Agricultura, ganadería y pesca";"Mujeres";"Rendimiento"
"2016-2017";"73.6";"Agricultura, ganadería y pesca";"Mujeres";"Rendimiento"
"2015-2016";"70.83";"Agricultura, ganadería y pesca";"Mujeres";"Rendimiento"
"2022-2023";"..";"Veterinaria";"Mujeres";"Rendimiento"
"2021-2022";"..";"Veterinaria";"Mujeres";"Rendimiento"
"2020-2021";"..";"Veterinaria";"Mujeres";"Rendimiento"
"2019-2020";"..";"Veterinaria";"Mujeres";"Rendimiento"
"2018-2019";"..";"Veterinaria";"Mujeres";"Rendimiento"
"2017-2018";"..";"Veterinaria";"Mujeres";"Rendimiento"
"2016-2017";"..";"Veterinaria";"Mujeres";"Rendimiento"
"2015-2016";"..";"Veterinaria";"Mujeres";"Rendimiento"
"2022-2023";"89.07";"Total Salud y servicios sociales";"Mujeres";"Rendimiento"
"2021-2022";"85.81";"Total Salud y servicios sociales";"Mujeres";"Rendimiento"
"2020-2021";"87.84";"Total Salud y servicios sociales";"Mujeres";"Rendimiento"
"2019-2020";"90.19";"Total Salud y servicios sociales";"Mujeres";"Rendimiento"
"2018-2019";"86.46";"Total Salud y servicios sociales";"Mujeres";"Rendimiento"
"2017-2018";"86.83";"Total Salud y servicios sociales";"Mujeres";"Rendimiento"
"2016-2017";"84.3";"Total Salud y servicios sociales";"Mujeres";"Rendimiento"
"2015-2016";"84.83";"Total Salud y servicios sociales";"Mujeres";"Rendimiento"
"2022-2023";"..";"Medicina";"Mujeres";"Rendimiento"
"2021-2022";"..";"Medicina";"Mujeres";"Rendimiento"
"2020-2021";"..";"Medicina";"Mujeres";"Rendimiento"
"2019-2020";"..";"Medicina";"Mujeres";"Rendimiento"
"2018-2019";"..";"Medicina";"Mujeres";"Rendimiento"
"2017-2018";"..";"Medicina";"Mujeres";"Rendimiento"
"2016-2017";"..";"Medicina";"Mujeres";"Rendimiento"
"2015-2016";"..";"Medicina";"Mujeres";"Rendimiento"
"2022-2023";"..";"Enfermería y atención a enfermos";"Mujeres";"Rendimiento"
"2021-2022";"..";"Enfermería y atención a enfermos";"Mujeres";"Rendimiento"
"2020-2021";"..";"Enfermería y atención a enfermos";"Mujeres";"Rendimiento"
"2019-2020";"..";"Enfermería y atención a enfermos";"Mujeres";"Rendimiento"
"2018-2019";"..";"Enfermería y atención a enfermos";"Mujeres";"Rendimiento"
"2017-2018";"..";"Enfermería y atención a enfermos";"Mujeres";"Rendimiento"
"2016-2017";"..";"Enfermería y atención a enfermos";"Mujeres";"Rendimiento"
"2015-2016";"..";"Enfermería y atención a enfermos";"Mujeres";"Rendimiento"
"2022-2023";"89.07";"Otras ciencias de la Salud";"Mujeres";"Rendimiento"
"2021-2022";"85.81";"Otras ciencias de la Salud";"Mujeres";"Rendimiento"
"2020-2021";"87.84";"Otras ciencias de la Salud";"Mujeres";"Rendimiento"
"2019-2020";"90.19";"Otras ciencias de la Salud";"Mujeres";"Rendimiento"
"2018-2019";"86.46";"Otras ciencias de la Salud";"Mujeres";"Rendimiento"
"2017-2018";"86.83";"Otras ciencias de la Salud";"Mujeres";"Rendimiento"
"2016-2017";"84.3";"Otras ciencias de la Salud";"Mujeres";"Rendimiento"
"2015-2016";"84.83";"Otras ciencias de la Salud";"Mujeres";"Rendimiento"
"2022-2023";"..";"Trabajo social y orientación";"Mujeres";"Rendimiento"
"2021-2022";"..";"Trabajo social y orientación";"Mujeres";"Rendimiento"
"2020-2021";"..";"Trabajo social y orientación";"Mujeres";"Rendimiento"
"2019-2020";"..";"Trabajo social y orientación";"Mujeres";"Rendimiento"
"2018-2019";"..";"Trabajo social y orientación";"Mujeres";"Rendimiento"
"2017-2018";"..";"Trabajo social y orientación";"Mujeres";"Rendimiento"
"2016-2017";"..";"Trabajo social y orientación";"Mujeres";"Rendimiento"
"2015-2016";"..";"Trabajo social y orientación";"Mujeres";"Rendimiento"
"2022-2023";"87.32";"Total Servicios";"Mujeres";"Rendimiento"
"2021-2022";"88.86";"Total Servicios";"Mujeres";"Rendimiento"
"2020-2021";"90.51";"Total Servicios";"Mujeres";"Rendimiento"
"2019-2020";"91.09";"Total Servicios";"Mujeres";"Rendimiento"
"2018-2019";"92.28";"Total Servicios";"Mujeres";"Rendimiento"
"2017-2018";"81.72";"Total Servicios";"Mujeres";"Rendimiento"
"2016-2017";"90.43";"Total Servicios";"Mujeres";"Rendimiento"
"2015-2016";"89.71";"Total Servicios";"Mujeres";"Rendimiento"
"2022-2023";"89.93";"Deportes";"Mujeres";"Rendimiento"
"2021-2022";"96.46";"Deportes";"Mujeres";"Rendimiento"
"2020-2021";"..";"Deportes";"Mujeres";"Rendimiento"
"2019-2020";"..";"Deportes";"Mujeres";"Rendimiento"
"2018-2019";"..";"Deportes";"Mujeres";"Rendimiento"
"2017-2018";"..";"Deportes";"Mujeres";"Rendimiento"
"2016-2017";"..";"Deportes";"Mujeres";"Rendimiento"
"2015-2016";"..";"Deportes";"Mujeres";"Rendimiento"
"2022-2023";"..";"Turismo y Hostelería";"Mujeres";"Rendimiento"
"2021-2022";"..";"Turismo y Hostelería";"Mujeres";"Rendimiento"
"2020-2021";"..";"Turismo y Hostelería";"Mujeres";"Rendimiento"
"2019-2020";"..";"Turismo y Hostelería";"Mujeres";"Rendimiento"
"2018-2019";"..";"Turismo y Hostelería";"Mujeres";"Rendimiento"
"2017-2018";"..";"Turismo y Hostelería";"Mujeres";"Rendimiento"
"2016-2017";"..";"Turismo y Hostelería";"Mujeres";"Rendimiento"
"2015-2016";"..";"Turismo y Hostelería";"Mujeres";"Rendimiento"
"2022-2023";"85.59";"Otros Servicios";"Mujeres";"Rendimiento"
"2021-2022";"83.45";"Otros Servicios";"Mujeres";"Rendimiento"
"2020-2021";"88.26";"Otros Servicios";"Mujeres";"Rendimiento"
"2019-2020";"88.33";"Otros Servicios";"Mujeres";"Rendimiento"
"2018-2019";"92.97";"Otros Servicios";"Mujeres";"Rendimiento"
"2017-2018";"81.72";"Otros Servicios";"Mujeres";"Rendimiento"
"2016-2017";"90.43";"Otros Servicios";"Mujeres";"Rendimiento"
"2015-2016";"89.71";"Otros Servicios";"Mujeres";"Rendimiento"
"2022-2023";"???";"Politécnica de Catalunya";"Mujeres";"Exito"
"2021-2022";"???";"Politécnica de Catalunya";"Mujeres";"Exito"
"2020-2021";"???";"Politécnica de Catalunya";"Mujeres";"Exito"
"2019-2020";"???";"Politécnica de Catalunya";"Mujeres";"Exito"
"2018-2019";"???";"Politécnica de Catalunya";"Mujeres";"Exito"
"2017-2018";"???";"Politécnica de Catalunya";"Mujeres";"Exito"
"2016-2017";"???";"Politécnica de Catalunya";"Mujeres";"Exito"
"2015-2016";"???";"Politécnica de Catalunya";"Mujeres";"Exito"
"2022-2023";"84.69";"Todos los ámbitos";"Mujeres";"Exito"
"2021-2022";"83.79";"Todos los ámbitos";"Mujeres";"Exito"
"2020-2021";"85.02";"Todos los ámbitos";"Mujeres";"Exito"
"2019-2020";"88.88";"Todos los ámbitos";"Mujeres";"Exito"
"2018-2019";"84.31";"Todos los ámbitos";"Mujeres";"Exito"
"2017-2018";"84.19";"Todos los ámbitos";"Mujeres";"Exito"
"2016-2017";"83.72";"Todos los ámbitos";"Mujeres";"Exito"
"2015-2016";"83.82";"Todos los ámbitos";"Mujeres";"Exito"
"2022-2023";"..";"Total Educación";"Mujeres";"Exito"
"2021-2022";"..";"Total Educación";"Mujeres";"Exito"
"2020-2021";"..";"Total Educación";"Mujeres";"Exito"
"2019-2020";"..";"Total Educación";"Mujeres";"Exito"
"2018-2019";"..";"Total Educación";"Mujeres";"Exito"
"2017-2018";"..";"Total Educación";"Mujeres";"Exito"
"2016-2017";"..";"Total Educación";"Mujeres";"Exito"
"2015-2016";"..";"Total Educación";"Mujeres";"Exito"
"2022-2023";"..";"Formación de docentes de enseñanza infantil";"Mujeres";"Exito"
"2021-2022";"..";"Formación de docentes de enseñanza infantil";"Mujeres";"Exito"
"2020-2021";"..";"Formación de docentes de enseñanza infantil";"Mujeres";"Exito"
"2019-2020";"..";"Formación de docentes de enseñanza infantil";"Mujeres";"Exito"
"2018-2019";"..";"Formación de docentes de enseñanza infantil";"Mujeres";"Exito"
"2017-2018";"..";"Formación de docentes de enseñanza infantil";"Mujeres";"Exito"
"2016-2017";"..";"Formación de docentes de enseñanza infantil";"Mujeres";"Exito"
"2015-2016";"..";"Formación de docentes de enseñanza infantil";"Mujeres";"Exito"
"2022-2023";"..";"Formación de docentes de enseñanza primaria";"Mujeres";"Exito"
"2021-2022";"..";"Formación de docentes de enseñanza primaria";"Mujeres";"Exito"
"2020-2021";"..";"Formación de docentes de enseñanza primaria";"Mujeres";"Exito"
"2019-2020";"..";"Formación de docentes de enseñanza primaria";"Mujeres";"Exito"
"2018-2019";"..";"Formación de docentes de enseñanza primaria";"Mujeres";"Exito"
"2017-2018";"..";"Formación de docentes de enseñanza primaria";"Mujeres";"Exito"
"2016-2017";"..";"Formación de docentes de enseñanza primaria";"Mujeres";"Exito"
"2015-2016";"..";"Formación de docentes de enseñanza primaria";"Mujeres";"Exito"
"2022-2023";"..";"Otra Formación de personal docente y ciencias de la educación";"Mujeres";"Exito"
"2021-2022";"..";"Otra Formación de personal docente y ciencias de la educación";"Mujeres";"Exito"
"2020-2021";"..";"Otra Formación de personal docente y ciencias de la educación";"Mujeres";"Exito"
"2019-2020";"..";"Otra Formación de personal docente y ciencias de la educación";"Mujeres";"Exito"
"2018-2019";"..";"Otra Formación de personal docente y ciencias de la educación";"Mujeres";"Exito"
"2017-2018";"..";"Otra Formación de personal docente y ciencias de la educación";"Mujeres";"Exito"
"2016-2017";"..";"Otra Formación de personal docente y ciencias de la educación";"Mujeres";"Exito"
"2015-2016";"..";"Otra Formación de personal docente y ciencias de la educación";"Mujeres";"Exito"
"2022-2023";"94.34";"Total Artes y humanidades";"Mujeres";"Exito"
"2021-2022";"97.48";"Total Artes y humanidades";"Mujeres";"Exito"
"2020-2021";"98.62";"Total Artes y humanidades";"Mujeres";"Exito"
"2019-2020";"97.14";"Total Artes y humanidades";"Mujeres";"Exito"
"2018-2019";"98.51";"Total Artes y humanidades";"Mujeres";"Exito"
"2017-2018";"95.17";"Total Artes y humanidades";"Mujeres";"Exito"
"2016-2017";"91.56";"Total Artes y humanidades";"Mujeres";"Exito"
"2015-2016";"90.46";"Total Artes y humanidades";"Mujeres";"Exito"
"2022-2023";"94.34";"Técnicas audiovisuales y medios de comunicación";"Mujeres";"Exito"
"2021-2022";"97.48";"Técnicas audiovisuales y medios de comunicación";"Mujeres";"Exito"
"2020-2021";"98.62";"Técnicas audiovisuales y medios de comunicación";"Mujeres";"Exito"
"2019-2020";"97.14";"Técnicas audiovisuales y medios de comunicación";"Mujeres";"Exito"
"2018-2019";"98.51";"Técnicas audiovisuales y medios de comunicación";"Mujeres";"Exito"
"2017-2018";"95.17";"Técnicas audiovisuales y medios de comunicación";"Mujeres";"Exito"
"2016-2017";"91.56";"Técnicas audiovisuales y medios de comunicación";"Mujeres";"Exito"
"2015-2016";"90.46";"Técnicas audiovisuales y medios de comunicación";"Mujeres";"Exito"
"2022-2023";"..";"Artes";"Mujeres";"Exito"
"2021-2022";"..";"Artes";"Mujeres";"Exito"
"2020-2021";"..";"Artes";"Mujeres";"Exito"
"2019-2020";"..";"Artes";"Mujeres";"Exito"
"2018-2019";"..";"Artes";"Mujeres";"Exito"
"2017-2018";"..";"Artes";"Mujeres";"Exito"
"2016-2017";"..";"Artes";"Mujeres";"Exito"
"2015-2016";"..";"Artes";"Mujeres";"Exito"
"2022-2023";"..";"Lenguas";"Mujeres";"Exito"
"2021-2022";"..";"Lenguas";"Mujeres";"Exito"
"2020-2021";"..";"Lenguas";"Mujeres";"Exito"
"2019-2020";"..";"Lenguas";"Mujeres";"Exito"
"2018-2019";"..";"Lenguas";"Mujeres";"Exito"
"2017-2018";"..";"Lenguas";"Mujeres";"Exito"
"2016-2017";"..";"Lenguas";"Mujeres";"Exito"
"2015-2016";"..";"Lenguas";"Mujeres";"Exito"
"2022-2023";"..";"Humanidades";"Mujeres";"Exito"
"2021-2022";"..";"Humanidades";"Mujeres";"Exito"
"2020-2021";"..";"Humanidades";"Mujeres";"Exito"
"2019-2020";"..";"Humanidades";"Mujeres";"Exito"
"2018-2019";"..";"Humanidades";"Mujeres";"Exito"
"2017-2018";"..";"Humanidades";"Mujeres";"Exito"
"2016-2017";"..";"Humanidades";"Mujeres";"Exito"
"2015-2016";"..";"Humanidades";"Mujeres";"Exito"
"2022-2023";"..";"Total Ciencias sociales, periodismo y documentación";"Mujeres";"Exito"
"2021-2022";"..";"Total Ciencias sociales, periodismo y documentación";"Mujeres";"Exito"
"2020-2021";"..";"Total Ciencias sociales, periodismo y documentación";"Mujeres";"Exito"
"2019-2020";"..";"Total Ciencias sociales, periodismo y documentación";"Mujeres";"Exito"
"2018-2019";"..";"Total Ciencias sociales, periodismo y documentación";"Mujeres";"Exito"
"2017-2018";"..";"Total Ciencias sociales, periodismo y documentación";"Mujeres";"Exito"
"2016-2017";"..";"Total Ciencias sociales, periodismo y documentación";"Mujeres";"Exito"
"2015-2016";"..";"Total Ciencias sociales, periodismo y documentación";"Mujeres";"Exito"
"2022-2023";"..";"Psicología";"Mujeres";"Exito"
"2021-2022";"..";"Psicología";"Mujeres";"Exito"
"2020-2021";"..";"Psicología";"Mujeres";"Exito"
"2019-2020";"..";"Psicología";"Mujeres";"Exito"
"2018-2019";"..";"Psicología";"Mujeres";"Exito"
"2017-2018";"..";"Psicología";"Mujeres";"Exito"
"2016-2017";"..";"Psicología";"Mujeres";"Exito"
"2015-2016";"..";"Psicología";"Mujeres";"Exito"
"2022-2023";"..";"Economía";"Mujeres";"Exito"
"2021-2022";"..";"Economía";"Mujeres";"Exito"
"2020-2021";"..";"Economía";"Mujeres";"Exito"
"2019-2020";"..";"Economía";"Mujeres";"Exito"
"2018-2019";"..";"Economía";"Mujeres";"Exito"
"2017-2018";"..";"Economía";"Mujeres";"Exito"
"2016-2017";"..";"Economía";"Mujeres";"Exito"
"2015-2016";"..";"Economía";"Mujeres";"Exito"
"2022-2023";"..";"Otras Ciencias sociales y del comportamiento";"Mujeres";"Exito"
"2021-2022";"..";"Otras Ciencias sociales y del comportamiento";"Mujeres";"Exito"
"2020-2021";"..";"Otras Ciencias sociales y del comportamiento";"Mujeres";"Exito"
"2019-2020";"..";"Otras Ciencias sociales y del comportamiento";"Mujeres";"Exito"
"2018-2019";"..";"Otras Ciencias sociales y del comportamiento";"Mujeres";"Exito"
"2017-2018";"..";"Otras Ciencias sociales y del comportamiento";"Mujeres";"Exito"
"2016-2017";"..";"Otras Ciencias sociales y del comportamiento";"Mujeres";"Exito"
"2015-2016";"..";"Otras Ciencias sociales y del comportamiento";"Mujeres";"Exito"
"2022-2023";"..";"Periodismo e información";"Mujeres";"Exito"
"2021-2022";"..";"Periodismo e información";"Mujeres";"Exito"
"2020-2021";"..";"Periodismo e información";"Mujeres";"Exito"
"2019-2020";"..";"Periodismo e información";"Mujeres";"Exito"
"2018-2019";"..";"Periodismo e información";"Mujeres";"Exito"
"2017-2018";"..";"Periodismo e información";"Mujeres";"Exito"
"2016-2017";"..";"Periodismo e información";"Mujeres";"Exito"
"2015-2016";"..";"Periodismo e información";"Mujeres";"Exito"
"2022-2023";"92.95";"Total Negocios, administración y derecho";"Mujeres";"Exito"
"2021-2022";"92.2";"Total Negocios, administración y derecho";"Mujeres";"Exito"
"2020-2021";"91.0";"Total Negocios, administración y derecho";"Mujeres";"Exito"
"2019-2020";"92.97";"Total Negocios, administración y derecho";"Mujeres";"Exito"
"2018-2019";"89.93";"Total Negocios, administración y derecho";"Mujeres";"Exito"
"2017-2018";"91.88";"Total Negocios, administración y derecho";"Mujeres";"Exito"
"2016-2017";"90.21";"Total Negocios, administración y derecho";"Mujeres";"Exito"
"2015-2016";"92.74";"Total Negocios, administración y derecho";"Mujeres";"Exito"
"2022-2023";"89.56";"Administración y gestión de empresas";"Mujeres";"Exito"
"2021-2022";"88.92";"Administración y gestión de empresas";"Mujeres";"Exito"
"2020-2021";"87.11";"Administración y gestión de empresas";"Mujeres";"Exito"
"2019-2020";"91.31";"Administración y gestión de empresas";"Mujeres";"Exito"
"2018-2019";"88.21";"Administración y gestión de empresas";"Mujeres";"Exito"
"2017-2018";"90.91";"Administración y gestión de empresas";"Mujeres";"Exito"
"2016-2017";"89.68";"Administración y gestión de empresas";"Mujeres";"Exito"
"2015-2016";"92.17";"Administración y gestión de empresas";"Mujeres";"Exito"
"2022-2023";"95.17";"Otra Educación comercial y empresarial";"Mujeres";"Exito"
"2021-2022";"94.56";"Otra Educación comercial y empresarial";"Mujeres";"Exito"
"2020-2021";"93.95";"Otra Educación comercial y empresarial";"Mujeres";"Exito"
"2019-2020";"94.52";"Otra Educación comercial y empresarial";"Mujeres";"Exito"
"2018-2019";"91.85";"Otra Educación comercial y empresarial";"Mujeres";"Exito"
"2017-2018";"93.18";"Otra Educación comercial y empresarial";"Mujeres";"Exito"
"2016-2017";"91.28";"Otra Educación comercial y empresarial";"Mujeres";"Exito"
"2015-2016";"95.03";"Otra Educación comercial y empresarial";"Mujeres";"Exito"
"2022-2023";"..";"Derecho";"Mujeres";"Exito"
"2021-2022";"..";"Derecho";"Mujeres";"Exito"
"2020-2021";"..";"Derecho";"Mujeres";"Exito"
"2019-2020";"..";"Derecho";"Mujeres";"Exito"
"2018-2019";"..";"Derecho";"Mujeres";"Exito"
"2017-2018";"..";"Derecho";"Mujeres";"Exito"
"2016-2017";"..";"Derecho";"Mujeres";"Exito"
"2015-2016";"..";"Derecho";"Mujeres";"Exito"
"2022-2023";"88.93";"Total Ciencias";"Mujeres";"Exito"
"2021-2022";"89.47";"Total Ciencias";"Mujeres";"Exito"
"2020-2021";"87.08";"Total Ciencias";"Mujeres";"Exito"
"2019-2020";"92.37";"Total Ciencias";"Mujeres";"Exito"
"2018-2019";"86.13";"Total Ciencias";"Mujeres";"Exito"
"2017-2018";"86.46";"Total Ciencias";"Mujeres";"Exito"
"2016-2017";"82.77";"Total Ciencias";"Mujeres";"Exito"
"2015-2016";"78.84";"Total Ciencias";"Mujeres";"Exito"
"2022-2023";"88.35";"Ciencias de la vida";"Mujeres";"Exito"
"2021-2022";"83.7";"Ciencias de la vida";"Mujeres";"Exito"
"2020-2021";"78.77";"Ciencias de la vida";"Mujeres";"Exito"
"2019-2020";"92.26";"Ciencias de la vida";"Mujeres";"Exito"
"2018-2019";"79.61";"Ciencias de la vida";"Mujeres";"Exito"
"2017-2018";"79.77";"Ciencias de la vida";"Mujeres";"Exito"
"2016-2017";"78.36";"Ciencias de la vida";"Mujeres";"Exito"
"2015-2016";"71.34";"Ciencias de la vida";"Mujeres";"Exito"
"2022-2023";"86.42";"Ciencias Físicas, químicas, geológicas";"Mujeres";"Exito"
"2021-2022";"89.78";"Ciencias Físicas, químicas, geológicas";"Mujeres";"Exito"
"2020-2021";"86.84";"Ciencias Físicas, químicas, geológicas";"Mujeres";"Exito"
"2019-2020";"92.2";"Ciencias Físicas, químicas, geológicas";"Mujeres";"Exito"
"2018-2019";"86.75";"Ciencias Físicas, químicas, geológicas";"Mujeres";"Exito"
"2017-2018";"96.71";"Ciencias Físicas, químicas, geológicas";"Mujeres";"Exito"
"2016-2017";"87.58";"Ciencias Físicas, químicas, geológicas";"Mujeres";"Exito"
"2015-2016";"83.01";"Ciencias Físicas, químicas, geológicas";"Mujeres";"Exito"
"2022-2023";"94.84";"Matemáticas y Estadística";"Mujeres";"Exito"
"2021-2022";"93.36";"Matemáticas y Estadística";"Mujeres";"Exito"
"2020-2021";"93.43";"Matemáticas y Estadística";"Mujeres";"Exito"
"2019-2020";"92.61";"Matemáticas y Estadística";"Mujeres";"Exito"
"2018-2019";"90.93";"Matemáticas y Estadística";"Mujeres";"Exito"
"2017-2018";"87.4";"Matemáticas y Estadística";"Mujeres";"Exito"
"2016-2017";"85.33";"Matemáticas y Estadística";"Mujeres";"Exito"
"2015-2016";"86.8";"Matemáticas y Estadística";"Mujeres";"Exito"
"2022-2023";"89.91";"Total Informática";"Mujeres";"Exito"
"2021-2022";"83.73";"Total Informática";"Mujeres";"Exito"
"2020-2021";"86.44";"Total Informática";"Mujeres";"Exito"
"2019-2020";"87.09";"Total Informática";"Mujeres";"Exito"
"2018-2019";"84.35";"Total Informática";"Mujeres";"Exito"
"2017-2018";"84.98";"Total Informática";"Mujeres";"Exito"
"2016-2017";"78.95";"Total Informática";"Mujeres";"Exito"
"2015-2016";"81.98";"Total Informática";"Mujeres";"Exito"
"2022-2023";"89.91";"Informática";"Mujeres";"Exito"
"2021-2022";"83.73";"Informática";"Mujeres";"Exito"
"2020-2021";"86.44";"Informática";"Mujeres";"Exito"
"2019-2020";"87.09";"Informática";"Mujeres";"Exito"
"2018-2019";"84.35";"Informática";"Mujeres";"Exito"
"2017-2018";"84.98";"Informática";"Mujeres";"Exito"
"2016-2017";"78.95";"Informática";"Mujeres";"Exito"
"2015-2016";"81.98";"Informática";"Mujeres";"Exito"
"2022-2023";"81.6";"Total Ingeniería, industria y construcción";"Mujeres";"Exito"
"2021-2022";"80.87";"Total Ingeniería, industria y construcción";"Mujeres";"Exito"
"2020-2021";"82.87";"Total Ingeniería, industria y construcción";"Mujeres";"Exito"
"2019-2020";"87.46";"Total Ingeniería, industria y construcción";"Mujeres";"Exito"
"2018-2019";"82.54";"Total Ingeniería, industria y construcción";"Mujeres";"Exito"
"2017-2018";"82.4";"Total Ingeniería, industria y construcción";"Mujeres";"Exito"
"2016-2017";"82.79";"Total Ingeniería, industria y construcción";"Mujeres";"Exito"
"2015-2016";"82.79";"Total Ingeniería, industria y construcción";"Mujeres";"Exito"
"2022-2023";"78.73";"Ingenierías";"Mujeres";"Exito"
"2021-2022";"78.13";"Ingenierías";"Mujeres";"Exito"
"2020-2021";"80.93";"Ingenierías";"Mujeres";"Exito"
"2019-2020";"86.08";"Ingenierías";"Mujeres";"Exito"
"2018-2019";"80.64";"Ingenierías";"Mujeres";"Exito"
"2017-2018";"79.8";"Ingenierías";"Mujeres";"Exito"
"2016-2017";"80.75";"Ingenierías";"Mujeres";"Exito"
"2015-2016";"80.67";"Ingenierías";"Mujeres";"Exito"
"2022-2023";"86.21";"Arquitectura y construcción";"Mujeres";"Exito"
"2021-2022";"85.29";"Arquitectura y construcción";"Mujeres";"Exito"
"2020-2021";"86.01";"Arquitectura y construcción";"Mujeres";"Exito"
"2019-2020";"89.57";"Arquitectura y construcción";"Mujeres";"Exito"
"2018-2019";"85.54";"Arquitectura y construcción";"Mujeres";"Exito"
"2017-2018";"86.66";"Arquitectura y construcción";"Mujeres";"Exito"
"2016-2017";"85.98";"Arquitectura y construcción";"Mujeres";"Exito"
"2015-2016";"86.04";"Arquitectura y construcción";"Mujeres";"Exito"
"2022-2023";"78.51";"Total Agricultura, ganadería,  silvicultura, pesca, y veterinaria";"Mujeres";"Exito"
"2021-2022";"79.06";"Total Agricultura, ganadería,  silvicultura, pesca, y veterinaria";"Mujeres";"Exito"
"2020-2021";"83.73";"Total Agricultura, ganadería,  silvicultura, pesca, y veterinaria";"Mujeres";"Exito"
"2019-2020";"88.59";"Total Agricultura, ganadería,  silvicultura, pesca, y veterinaria";"Mujeres";"Exito"
"2018-2019";"84.87";"Total Agricultura, ganadería,  silvicultura, pesca, y veterinaria";"Mujeres";"Exito"
"2017-2018";"82.78";"Total Agricultura, ganadería,  silvicultura, pesca, y veterinaria";"Mujeres";"Exito"
"2016-2017";"78.34";"Total Agricultura, ganadería,  silvicultura, pesca, y veterinaria";"Mujeres";"Exito"
"2015-2016";"75.67";"Total Agricultura, ganadería,  silvicultura, pesca, y veterinaria";"Mujeres";"Exito"
"2022-2023";"78.51";"Agricultura, ganadería y pesca";"Mujeres";"Exito"
"2021-2022";"79.06";"Agricultura, ganadería y pesca";"Mujeres";"Exito"
"2020-2021";"83.73";"Agricultura, ganadería y pesca";"Mujeres";"Exito"
"2019-2020";"88.59";"Agricultura, ganadería y pesca";"Mujeres";"Exito"
"2018-2019";"84.87";"Agricultura, ganadería y pesca";"Mujeres";"Exito"
"2017-2018";"82.78";"Agricultura, ganadería y pesca";"Mujeres";"Exito"
"2016-2017";"78.34";"Agricultura, ganadería y pesca";"Mujeres";"Exito"
"2015-2016";"75.67";"Agricultura, ganadería y pesca";"Mujeres";"Exito"
"2022-2023";"..";"Veterinaria";"Mujeres";"Exito"
"2021-2022";"..";"Veterinaria";"Mujeres";"Exito"
"2020-2021";"..";"Veterinaria";"Mujeres";"Exito"
"2019-2020";"..";"Veterinaria";"Mujeres";"Exito"
"2018-2019";"..";"Veterinaria";"Mujeres";"Exito"
"2017-2018";"..";"Veterinaria";"Mujeres";"Exito"
"2016-2017";"..";"Veterinaria";"Mujeres";"Exito"
"2015-2016";"..";"Veterinaria";"Mujeres";"Exito"
"2022-2023";"92.72";"Total Salud y servicios sociales";"Mujeres";"Exito"
"2021-2022";"90.27";"Total Salud y servicios sociales";"Mujeres";"Exito"
"2020-2021";"89.71";"Total Salud y servicios sociales";"Mujeres";"Exito"
"2019-2020";"91.91";"Total Salud y servicios sociales";"Mujeres";"Exito"
"2018-2019";"88.58";"Total Salud y servicios sociales";"Mujeres";"Exito"
"2017-2018";"89.51";"Total Salud y servicios sociales";"Mujeres";"Exito"
"2016-2017";"86.88";"Total Salud y servicios sociales";"Mujeres";"Exito"
"2015-2016";"87.26";"Total Salud y servicios sociales";"Mujeres";"Exito"
"2022-2023";"..";"Medicina";"Mujeres";"Exito"
"2021-2022";"..";"Medicina";"Mujeres";"Exito"
"2020-2021";"..";"Medicina";"Mujeres";"Exito"
"2019-2020";"..";"Medicina";"Mujeres";"Exito"
"2018-2019";"..";"Medicina";"Mujeres";"Exito"
"2017-2018";"..";"Medicina";"Mujeres";"Exito"
"2016-2017";"..";"Medicina";"Mujeres";"Exito"
"2015-2016";"..";"Medicina";"Mujeres";"Exito"
"2022-2023";"..";"Enfermería y atención a enfermos";"Mujeres";"Exito"
"2021-2022";"..";"Enfermería y atención a enfermos";"Mujeres";"Exito"
"2020-2021";"..";"Enfermería y atención a enfermos";"Mujeres";"Exito"
"2019-2020";"..";"Enfermería y atención a enfermos";"Mujeres";"Exito"
"2018-2019";"..";"Enfermería y atención a enfermos";"Mujeres";"Exito"
"2017-2018";"..";"Enfermería y atención a enfermos";"Mujeres";"Exito"
"2016-2017";"..";"Enfermería y atención a enfermos";"Mujeres";"Exito"
"2015-2016";"..";"Enfermería y atención a enfermos";"Mujeres";"Exito"
"2022-2023";"92.72";"Otras ciencias de la Salud";"Mujeres";"Exito"
"2021-2022";"90.27";"Otras ciencias de la Salud";"Mujeres";"Exito"
"2020-2021";"89.71";"Otras ciencias de la Salud";"Mujeres";"Exito"
"2019-2020";"91.91";"Otras ciencias de la Salud";"Mujeres";"Exito"
"2018-2019";"88.58";"Otras ciencias de la Salud";"Mujeres";"Exito"
"2017-2018";"89.51";"Otras ciencias de la Salud";"Mujeres";"Exito"
"2016-2017";"86.88";"Otras ciencias de la Salud";"Mujeres";"Exito"
"2015-2016";"87.26";"Otras ciencias de la Salud";"Mujeres";"Exito"
"2022-2023";"..";"Trabajo social y orientación";"Mujeres";"Exito"
"2021-2022";"..";"Trabajo social y orientación";"Mujeres";"Exito"
"2020-2021";"..";"Trabajo social y orientación";"Mujeres";"Exito"
"2019-2020";"..";"Trabajo social y orientación";"Mujeres";"Exito"
"2018-2019";"..";"Trabajo social y orientación";"Mujeres";"Exito"
"2017-2018";"..";"Trabajo social y orientación";"Mujeres";"Exito"
"2016-2017";"..";"Trabajo social y orientación";"Mujeres";"Exito"
"2015-2016";"..";"Trabajo social y orientación";"Mujeres";"Exito"
"2022-2023";"92.85";"Total Servicios";"Mujeres";"Exito"
"2021-2022";"92.81";"Total Servicios";"Mujeres";"Exito"
"2020-2021";"93.47";"Total Servicios";"Mujeres";"Exito"
"2019-2020";"95.4";"Total Servicios";"Mujeres";"Exito"
"2018-2019";"93.58";"Total Servicios";"Mujeres";"Exito"
"2017-2018";"86.51";"Total Servicios";"Mujeres";"Exito"
"2016-2017";"94.27";"Total Servicios";"Mujeres";"Exito"
"2015-2016";"94.31";"Total Servicios";"Mujeres";"Exito"
"2022-2023";"96.06";"Deportes";"Mujeres";"Exito"
"2021-2022";"96.84";"Deportes";"Mujeres";"Exito"
"2020-2021";"..";"Deportes";"Mujeres";"Exito"
"2019-2020";"..";"Deportes";"Mujeres";"Exito"
"2018-2019";"..";"Deportes";"Mujeres";"Exito"
"2017-2018";"..";"Deportes";"Mujeres";"Exito"
"2016-2017";"..";"Deportes";"Mujeres";"Exito"
"2015-2016";"..";"Deportes";"Mujeres";"Exito"
"2022-2023";"..";"Turismo y Hostelería";"Mujeres";"Exito"
"2021-2022";"..";"Turismo y Hostelería";"Mujeres";"Exito"
"2020-2021";"..";"Turismo y Hostelería";"Mujeres";"Exito"
"2019-2020";"..";"Turismo y Hostelería";"Mujeres";"Exito"
"2018-2019";"..";"Turismo y Hostelería";"Mujeres";"Exito"
"2017-2018";"..";"Turismo y Hostelería";"Mujeres";"Exito"
"2016-2017";"..";"Turismo y Hostelería";"Mujeres";"Exito"
"2015-2016";"..";"Turismo y Hostelería";"Mujeres";"Exito"
"2022-2023";"90.74";"Otros Servicios";"Mujeres";"Exito"
"2021-2022";"89.74";"Otros Servicios";"Mujeres";"Exito"
"2020-2021";"92.15";"Otros Servicios";"Mujeres";"Exito"
"2019-2020";"94.44";"Otros Servicios";"Mujeres";"Exito"
"2018-2019";"93.79";"Otros Servicios";"Mujeres";"Exito"
"2017-2018";"86.51";"Otros Servicios";"Mujeres";"Exito"
"2016-2017";"94.27";"Otros Servicios";"Mujeres";"Exito"
"2015-2016";"94.31";"Otros Servicios";"Mujeres";"Exito"
"2022-2023";"???";"Politécnica de Catalunya";"Mujeres";"Evaluacion"
"2021-2022";"???";"Politécnica de Catalunya";"Mujeres";"Evaluacion"
"2020-2021";"???";"Politécnica de Catalunya";"Mujeres";"Evaluacion"
"2019-2020";"???";"Politécnica de Catalunya";"Mujeres";"Evaluacion"
"2018-2019";"???";"Politécnica de Catalunya";"Mujeres";"Evaluacion"
"2017-2018";"???";"Politécnica de Catalunya";"Mujeres";"Evaluacion"
"2016-2017";"???";"Politécnica de Catalunya";"Mujeres";"Evaluacion"
"2015-2016";"???";"Politécnica de Catalunya";"Mujeres";"Evaluacion"
"2022-2023";"95.46";"Todos los ámbitos";"Mujeres";"Evaluacion"
"2021-2022";"94.14";"Todos los ámbitos";"Mujeres";"Evaluacion"
"2020-2021";"96.58";"Todos los ámbitos";"Mujeres";"Evaluacion"
"2019-2020";"96.61";"Todos los ámbitos";"Mujeres";"Evaluacion"
"2018-2019";"95.57";"Todos los ámbitos";"Mujeres";"Evaluacion"
"2017-2018";"95.46";"Todos los ámbitos";"Mujeres";"Evaluacion"
"2016-2017";"95.46";"Todos los ámbitos";"Mujeres";"Evaluacion"
"2015-2016";"95.59";"Todos los ámbitos";"Mujeres";"Evaluacion"
"2022-2023";"..";"Total Educación";"Mujeres";"Evaluacion"
"2021-2022";"..";"Total Educación";"Mujeres";"Evaluacion"
"2020-2021";"..";"Total Educación";"Mujeres";"Evaluacion"
"2019-2020";"..";"Total Educación";"Mujeres";"Evaluacion"
"2018-2019";"..";"Total Educación";"Mujeres";"Evaluacion"
"2017-2018";"..";"Total Educación";"Mujeres";"Evaluacion"
"2016-2017";"..";"Total Educación";"Mujeres";"Evaluacion"
"2015-2016";"..";"Total Educación";"Mujeres";"Evaluacion"
"2022-2023";"..";"Formación de docentes de enseñanza infantil";"Mujeres";"Evaluacion"
"2021-2022";"..";"Formación de docentes de enseñanza infantil";"Mujeres";"Evaluacion"
"2020-2021";"..";"Formación de docentes de enseñanza infantil";"Mujeres";"Evaluacion"
"2019-2020";"..";"Formación de docentes de enseñanza infantil";"Mujeres";"Evaluacion"
"2018-2019";"..";"Formación de docentes de enseñanza infantil";"Mujeres";"Evaluacion"
"2017-2018";"..";"Formación de docentes de enseñanza infantil";"Mujeres";"Evaluacion"
"2016-2017";"..";"Formación de docentes de enseñanza infantil";"Mujeres";"Evaluacion"
"2015-2016";"..";"Formación de docentes de enseñanza infantil";"Mujeres";"Evaluacion"
"2022-2023";"..";"Formación de docentes de enseñanza primaria";"Mujeres";"Evaluacion"
"2021-2022";"..";"Formación de docentes de enseñanza primaria";"Mujeres";"Evaluacion"
"2020-2021";"..";"Formación de docentes de enseñanza primaria";"Mujeres";"Evaluacion"
"2019-2020";"..";"Formación de docentes de enseñanza primaria";"Mujeres";"Evaluacion"
"2018-2019";"..";"Formación de docentes de enseñanza primaria";"Mujeres";"Evaluacion"
"2017-2018";"..";"Formación de docentes de enseñanza primaria";"Mujeres";"Evaluacion"
"2016-2017";"..";"Formación de docentes de enseñanza primaria";"Mujeres";"Evaluacion"
"2015-2016";"..";"Formación de docentes de enseñanza primaria";"Mujeres";"Evaluacion"
"2022-2023";"..";"Otra Formación de personal docente y ciencias de la educación";"Mujeres";"Evaluacion"
"2021-2022";"..";"Otra Formación de personal docente y ciencias de la educación";"Mujeres";"Evaluacion"
"2020-2021";"..";"Otra Formación de personal docente y ciencias de la educación";"Mujeres";"Evaluacion"
"2019-2020";"..";"Otra Formación de personal docente y ciencias de la educación";"Mujeres";"Evaluacion"
"2018-2019";"..";"Otra Formación de personal docente y ciencias de la educación";"Mujeres";"Evaluacion"
"2017-2018";"..";"Otra Formación de personal docente y ciencias de la educación";"Mujeres";"Evaluacion"
"2016-2017";"..";"Otra Formación de personal docente y ciencias de la educación";"Mujeres";"Evaluacion"
"2015-2016";"..";"Otra Formación de personal docente y ciencias de la educación";"Mujeres";"Evaluacion"
"2022-2023";"97.74";"Total Artes y humanidades";"Mujeres";"Evaluacion"
"2021-2022";"98.54";"Total Artes y humanidades";"Mujeres";"Evaluacion"
"2020-2021";"99.06";"Total Artes y humanidades";"Mujeres";"Evaluacion"
"2019-2020";"98.53";"Total Artes y humanidades";"Mujeres";"Evaluacion"
"2018-2019";"97.42";"Total Artes y humanidades";"Mujeres";"Evaluacion"
"2017-2018";"97.34";"Total Artes y humanidades";"Mujeres";"Evaluacion"
"2016-2017";"95.92";"Total Artes y humanidades";"Mujeres";"Evaluacion"
"2015-2016";"97.76";"Total Artes y humanidades";"Mujeres";"Evaluacion"
"2022-2023";"97.74";"Técnicas audiovisuales y medios de comunicación";"Mujeres";"Evaluacion"
"2021-2022";"98.54";"Técnicas audiovisuales y medios de comunicación";"Mujeres";"Evaluacion"
"2020-2021";"99.06";"Técnicas audiovisuales y medios de comunicación";"Mujeres";"Evaluacion"
"2019-2020";"98.53";"Técnicas audiovisuales y medios de comunicación";"Mujeres";"Evaluacion"
"2018-2019";"97.42";"Técnicas audiovisuales y medios de comunicación";"Mujeres";"Evaluacion"
"2017-2018";"97.34";"Técnicas audiovisuales y medios de comunicación";"Mujeres";"Evaluacion"
"2016-2017";"95.92";"Técnicas audiovisuales y medios de comunicación";"Mujeres";"Evaluacion"
"2015-2016";"97.76";"Técnicas audiovisuales y medios de comunicación";"Mujeres";"Evaluacion"
"2022-2023";"..";"Artes";"Mujeres";"Evaluacion"
"2021-2022";"..";"Artes";"Mujeres";"Evaluacion"
"2020-2021";"..";"Artes";"Mujeres";"Evaluacion"
"2019-2020";"..";"Artes";"Mujeres";"Evaluacion"
"2018-2019";"..";"Artes";"Mujeres";"Evaluacion"
"2017-2018";"..";"Artes";"Mujeres";"Evaluacion"
"2016-2017";"..";"Artes";"Mujeres";"Evaluacion"
"2015-2016";"..";"Artes";"Mujeres";"Evaluacion"
"2022-2023";"..";"Lenguas";"Mujeres";"Evaluacion"
"2021-2022";"..";"Lenguas";"Mujeres";"Evaluacion"
"2020-2021";"..";"Lenguas";"Mujeres";"Evaluacion"
"2019-2020";"..";"Lenguas";"Mujeres";"Evaluacion"
"2018-2019";"..";"Lenguas";"Mujeres";"Evaluacion"
"2017-2018";"..";"Lenguas";"Mujeres";"Evaluacion"
"2016-2017";"..";"Lenguas";"Mujeres";"Evaluacion"
"2015-2016";"..";"Lenguas";"Mujeres";"Evaluacion"
"2022-2023";"..";"Humanidades";"Mujeres";"Evaluacion"
"2021-2022";"..";"Humanidades";"Mujeres";"Evaluacion"
"2020-2021";"..";"Humanidades";"Mujeres";"Evaluacion"
"2019-2020";"..";"Humanidades";"Mujeres";"Evaluacion"
"2018-2019";"..";"Humanidades";"Mujeres";"Evaluacion"
"2017-2018";"..";"Humanidades";"Mujeres";"Evaluacion"
"2016-2017";"..";"Humanidades";"Mujeres";"Evaluacion"
"2015-2016";"..";"Humanidades";"Mujeres";"Evaluacion"
"2022-2023";"..";"Total Ciencias sociales, periodismo y documentación";"Mujeres";"Evaluacion"
"2021-2022";"..";"Total Ciencias sociales, periodismo y documentación";"Mujeres";"Evaluacion"
"2020-2021";"..";"Total Ciencias sociales, periodismo y documentación";"Mujeres";"Evaluacion"
"2019-2020";"..";"Total Ciencias sociales, periodismo y documentación";"Mujeres";"Evaluacion"
"2018-2019";"..";"Total Ciencias sociales, periodismo y documentación";"Mujeres";"Evaluacion"
"2017-2018";"..";"Total Ciencias sociales, periodismo y documentación";"Mujeres";"Evaluacion"
"2016-2017";"..";"Total Ciencias sociales, periodismo y documentación";"Mujeres";"Evaluacion"
"2015-2016";"..";"Total Ciencias sociales, periodismo y documentación";"Mujeres";"Evaluacion"
"2022-2023";"..";"Psicología";"Mujeres";"Evaluacion"
"2021-2022";"..";"Psicología";"Mujeres";"Evaluacion"
"2020-2021";"..";"Psicología";"Mujeres";"Evaluacion"
"2019-2020";"..";"Psicología";"Mujeres";"Evaluacion"
"2018-2019";"..";"Psicología";"Mujeres";"Evaluacion"
"2017-2018";"..";"Psicología";"Mujeres";"Evaluacion"
"2016-2017";"..";"Psicología";"Mujeres";"Evaluacion"
"2015-2016";"..";"Psicología";"Mujeres";"Evaluacion"
"2022-2023";"..";"Economía";"Mujeres";"Evaluacion"
"2021-2022";"..";"Economía";"Mujeres";"Evaluacion"
"2020-2021";"..";"Economía";"Mujeres";"Evaluacion"
"2019-2020";"..";"Economía";"Mujeres";"Evaluacion"
"2018-2019";"..";"Economía";"Mujeres";"Evaluacion"
"2017-2018";"..";"Economía";"Mujeres";"Evaluacion"
"2016-2017";"..";"Economía";"Mujeres";"Evaluacion"
"2015-2016";"..";"Economía";"Mujeres";"Evaluacion"
"2022-2023";"..";"Otras Ciencias sociales y del comportamiento";"Mujeres";"Evaluacion"
"2021-2022";"..";"Otras Ciencias sociales y del comportamiento";"Mujeres";"Evaluacion"
"2020-2021";"..";"Otras Ciencias sociales y del comportamiento";"Mujeres";"Evaluacion"
"2019-2020";"..";"Otras Ciencias sociales y del comportamiento";"Mujeres";"Evaluacion"
"2018-2019";"..";"Otras Ciencias sociales y del comportamiento";"Mujeres";"Evaluacion"
"2017-2018";"..";"Otras Ciencias sociales y del comportamiento";"Mujeres";"Evaluacion"
"2016-2017";"..";"Otras Ciencias sociales y del comportamiento";"Mujeres";"Evaluacion"
"2015-2016";"..";"Otras Ciencias sociales y del comportamiento";"Mujeres";"Evaluacion"
"2022-2023";"..";"Periodismo e información";"Mujeres";"Evaluacion"
"2021-2022";"..";"Periodismo e información";"Mujeres";"Evaluacion"
"2020-2021";"..";"Periodismo e información";"Mujeres";"Evaluacion"
"2019-2020";"..";"Periodismo e información";"Mujeres";"Evaluacion"
"2018-2019";"..";"Periodismo e información";"Mujeres";"Evaluacion"
"2017-2018";"..";"Periodismo e información";"Mujeres";"Evaluacion"
"2016-2017";"..";"Periodismo e información";"Mujeres";"Evaluacion"
"2015-2016";"..";"Periodismo e información";"Mujeres";"Evaluacion"
"2022-2023";"95.66";"Total Negocios, administración y derecho";"Mujeres";"Evaluacion"
"2021-2022";"80.78";"Total Negocios, administración y derecho";"Mujeres";"Evaluacion"
"2020-2021";"97.23";"Total Negocios, administración y derecho";"Mujeres";"Evaluacion"
"2019-2020";"96.3";"Total Negocios, administración y derecho";"Mujeres";"Evaluacion"
"2018-2019";"95.23";"Total Negocios, administración y derecho";"Mujeres";"Evaluacion"
"2017-2018";"92.97";"Total Negocios, administración y derecho";"Mujeres";"Evaluacion"
"2016-2017";"92.67";"Total Negocios, administración y derecho";"Mujeres";"Evaluacion"
"2015-2016";"93.56";"Total Negocios, administración y derecho";"Mujeres";"Evaluacion"
"2022-2023";"94.5";"Administración y gestión de empresas";"Mujeres";"Evaluacion"
"2021-2022";"76.54";"Administración y gestión de empresas";"Mujeres";"Evaluacion"
"2020-2021";"96.42";"Administración y gestión de empresas";"Mujeres";"Evaluacion"
"2019-2020";"94.38";"Administración y gestión de empresas";"Mujeres";"Evaluacion"
"2018-2019";"93.18";"Administración y gestión de empresas";"Mujeres";"Evaluacion"
"2017-2018";"89.66";"Administración y gestión de empresas";"Mujeres";"Evaluacion"
"2016-2017";"90.69";"Administración y gestión de empresas";"Mujeres";"Evaluacion"
"2015-2016";"92.35";"Administración y gestión de empresas";"Mujeres";"Evaluacion"
"2022-2023";"96.42";"Otra Educación comercial y empresarial";"Mujeres";"Evaluacion"
"2021-2022";"84.13";"Otra Educación comercial y empresarial";"Mujeres";"Evaluacion"
"2020-2021";"97.85";"Otra Educación comercial y empresarial";"Mujeres";"Evaluacion"
"2019-2020";"98.16";"Otra Educación comercial y empresarial";"Mujeres";"Evaluacion"
"2018-2019";"97.62";"Otra Educación comercial y empresarial";"Mujeres";"Evaluacion"
"2017-2018";"97.85";"Otra Educación comercial y empresarial";"Mujeres";"Evaluacion"
"2016-2017";"96.97";"Otra Educación comercial y empresarial";"Mujeres";"Evaluacion"
"2015-2016";"98.68";"Otra Educación comercial y empresarial";"Mujeres";"Evaluacion"
"2022-2023";"..";"Derecho";"Mujeres";"Evaluacion"
"2021-2022";"..";"Derecho";"Mujeres";"Evaluacion"
"2020-2021";"..";"Derecho";"Mujeres";"Evaluacion"
"2019-2020";"..";"Derecho";"Mujeres";"Evaluacion"
"2018-2019";"..";"Derecho";"Mujeres";"Evaluacion"
"2017-2018";"..";"Derecho";"Mujeres";"Evaluacion"
"2016-2017";"..";"Derecho";"Mujeres";"Evaluacion"
"2015-2016";"..";"Derecho";"Mujeres";"Evaluacion"
"2022-2023";"95.79";"Total Ciencias";"Mujeres";"Evaluacion"
"2021-2022";"96.4";"Total Ciencias";"Mujeres";"Evaluacion"
"2020-2021";"97.46";"Total Ciencias";"Mujeres";"Evaluacion"
"2019-2020";"97.71";"Total Ciencias";"Mujeres";"Evaluacion"
"2018-2019";"95.17";"Total Ciencias";"Mujeres";"Evaluacion"
"2017-2018";"95.16";"Total Ciencias";"Mujeres";"Evaluacion"
"2016-2017";"94.24";"Total Ciencias";"Mujeres";"Evaluacion"
"2015-2016";"92.68";"Total Ciencias";"Mujeres";"Evaluacion"
"2022-2023";"93.77";"Ciencias de la vida";"Mujeres";"Evaluacion"
"2021-2022";"95.38";"Ciencias de la vida";"Mujeres";"Evaluacion"
"2020-2021";"98.27";"Ciencias de la vida";"Mujeres";"Evaluacion"
"2019-2020";"96.66";"Ciencias de la vida";"Mujeres";"Evaluacion"
"2018-2019";"94.79";"Ciencias de la vida";"Mujeres";"Evaluacion"
"2017-2018";"95.29";"Ciencias de la vida";"Mujeres";"Evaluacion"
"2016-2017";"94.52";"Ciencias de la vida";"Mujeres";"Evaluacion"
"2015-2016";"93.12";"Ciencias de la vida";"Mujeres";"Evaluacion"
"2022-2023";"96.27";"Ciencias Físicas, químicas, geológicas";"Mujeres";"Evaluacion"
"2021-2022";"95.93";"Ciencias Físicas, químicas, geológicas";"Mujeres";"Evaluacion"
"2020-2021";"95.67";"Ciencias Físicas, químicas, geológicas";"Mujeres";"Evaluacion"
"2019-2020";"98.5";"Ciencias Físicas, químicas, geológicas";"Mujeres";"Evaluacion"
"2018-2019";"94.91";"Ciencias Físicas, químicas, geológicas";"Mujeres";"Evaluacion"
"2017-2018";"96.87";"Ciencias Físicas, químicas, geológicas";"Mujeres";"Evaluacion"
"2016-2017";"91.79";"Ciencias Físicas, químicas, geológicas";"Mujeres";"Evaluacion"
"2015-2016";"92.65";"Ciencias Físicas, químicas, geológicas";"Mujeres";"Evaluacion"
"2022-2023";"97.99";"Matemáticas y Estadística";"Mujeres";"Evaluacion"
"2021-2022";"97.59";"Matemáticas y Estadística";"Mujeres";"Evaluacion"
"2020-2021";"98.49";"Matemáticas y Estadística";"Mujeres";"Evaluacion"
"2019-2020";"97.87";"Matemáticas y Estadística";"Mujeres";"Evaluacion"
"2018-2019";"95.68";"Matemáticas y Estadística";"Mujeres";"Evaluacion"
"2017-2018";"93.94";"Matemáticas y Estadística";"Mujeres";"Evaluacion"
"2016-2017";"96.08";"Matemáticas y Estadística";"Mujeres";"Evaluacion"
"2015-2016";"92.02";"Matemáticas y Estadística";"Mujeres";"Evaluacion"
"2022-2023";"97.13";"Total Informática";"Mujeres";"Evaluacion"
"2021-2022";"95.49";"Total Informática";"Mujeres";"Evaluacion"
"2020-2021";"96.83";"Total Informática";"Mujeres";"Evaluacion"
"2019-2020";"96.1";"Total Informática";"Mujeres";"Evaluacion"
"2018-2019";"95.92";"Total Informática";"Mujeres";"Evaluacion"
"2017-2018";"97.23";"Total Informática";"Mujeres";"Evaluacion"
"2016-2017";"95.63";"Total Informática";"Mujeres";"Evaluacion"
"2015-2016";"93.55";"Total Informática";"Mujeres";"Evaluacion"
"2022-2023";"97.13";"Informática";"Mujeres";"Evaluacion"
"2021-2022";"95.49";"Informática";"Mujeres";"Evaluacion"
"2020-2021";"96.83";"Informática";"Mujeres";"Evaluacion"
"2019-2020";"96.1";"Informática";"Mujeres";"Evaluacion"
"2018-2019";"95.92";"Informática";"Mujeres";"Evaluacion"
"2017-2018";"97.23";"Informática";"Mujeres";"Evaluacion"
"2016-2017";"95.63";"Informática";"Mujeres";"Evaluacion"
"2015-2016";"93.55";"Informática";"Mujeres";"Evaluacion"
"2022-2023";"95.12";"Total Ingeniería, industria y construcción";"Mujeres";"Evaluacion"
"2021-2022";"95.82";"Total Ingeniería, industria y construcción";"Mujeres";"Evaluacion"
"2020-2021";"96.22";"Total Ingeniería, industria y construcción";"Mujeres";"Evaluacion"
"2019-2020";"96.39";"Total Ingeniería, industria y construcción";"Mujeres";"Evaluacion"
"2018-2019";"95.32";"Total Ingeniería, industria y construcción";"Mujeres";"Evaluacion"
"2017-2018";"95.49";"Total Ingeniería, industria y construcción";"Mujeres";"Evaluacion"
"2016-2017";"95.58";"Total Ingeniería, industria y construcción";"Mujeres";"Evaluacion"
"2015-2016";"95.74";"Total Ingeniería, industria y construcción";"Mujeres";"Evaluacion"
"2022-2023";"95.43";"Ingenierías";"Mujeres";"Evaluacion"
"2021-2022";"96.97";"Ingenierías";"Mujeres";"Evaluacion"
"2020-2021";"97.05";"Ingenierías";"Mujeres";"Evaluacion"
"2019-2020";"97.59";"Ingenierías";"Mujeres";"Evaluacion"
"2018-2019";"97.05";"Ingenierías";"Mujeres";"Evaluacion"
"2017-2018";"97.02";"Ingenierías";"Mujeres";"Evaluacion"
"2016-2017";"97.13";"Ingenierías";"Mujeres";"Evaluacion"
"2015-2016";"97.45";"Ingenierías";"Mujeres";"Evaluacion"
"2022-2023";"94.63";"Arquitectura y construcción";"Mujeres";"Evaluacion"
"2021-2022";"94.02";"Arquitectura y construcción";"Mujeres";"Evaluacion"
"2020-2021";"94.9";"Arquitectura y construcción";"Mujeres";"Evaluacion"
"2019-2020";"94.62";"Arquitectura y construcción";"Mujeres";"Evaluacion"
"2018-2019";"92.72";"Arquitectura y construcción";"Mujeres";"Evaluacion"
"2017-2018";"93.08";"Arquitectura y construcción";"Mujeres";"Evaluacion"
"2016-2017";"93.25";"Arquitectura y construcción";"Mujeres";"Evaluacion"
"2015-2016";"93.23";"Arquitectura y construcción";"Mujeres";"Evaluacion"
"2022-2023";"97.52";"Total Agricultura, ganadería,  silvicultura, pesca, y veterinaria";"Mujeres";"Evaluacion"
"2021-2022";"93.19";"Total Agricultura, ganadería,  silvicultura, pesca, y veterinaria";"Mujeres";"Evaluacion"
"2020-2021";"94.09";"Total Agricultura, ganadería,  silvicultura, pesca, y veterinaria";"Mujeres";"Evaluacion"
"2019-2020";"96.16";"Total Agricultura, ganadería,  silvicultura, pesca, y veterinaria";"Mujeres";"Evaluacion"
"2018-2019";"95.43";"Total Agricultura, ganadería,  silvicultura, pesca, y veterinaria";"Mujeres";"Evaluacion"
"2017-2018";"91.82";"Total Agricultura, ganadería,  silvicultura, pesca, y veterinaria";"Mujeres";"Evaluacion"
"2016-2017";"93.95";"Total Agricultura, ganadería,  silvicultura, pesca, y veterinaria";"Mujeres";"Evaluacion"
"2015-2016";"93.61";"Total Agricultura, ganadería,  silvicultura, pesca, y veterinaria";"Mujeres";"Evaluacion"
"2022-2023";"97.52";"Agricultura, ganadería y pesca";"Mujeres";"Evaluacion"
"2021-2022";"93.19";"Agricultura, ganadería y pesca";"Mujeres";"Evaluacion"
"2020-2021";"94.09";"Agricultura, ganadería y pesca";"Mujeres";"Evaluacion"
"2019-2020";"96.16";"Agricultura, ganadería y pesca";"Mujeres";"Evaluacion"
"2018-2019";"95.43";"Agricultura, ganadería y pesca";"Mujeres";"Evaluacion"
"2017-2018";"91.82";"Agricultura, ganadería y pesca";"Mujeres";"Evaluacion"
"2016-2017";"93.95";"Agricultura, ganadería y pesca";"Mujeres";"Evaluacion"
"2015-2016";"93.61";"Agricultura, ganadería y pesca";"Mujeres";"Evaluacion"
"2022-2023";"..";"Veterinaria";"Mujeres";"Evaluacion"
"2021-2022";"..";"Veterinaria";"Mujeres";"Evaluacion"
"2020-2021";"..";"Veterinaria";"Mujeres";"Evaluacion"
"2019-2020";"..";"Veterinaria";"Mujeres";"Evaluacion"
"2018-2019";"..";"Veterinaria";"Mujeres";"Evaluacion"
"2017-2018";"..";"Veterinaria";"Mujeres";"Evaluacion"
"2016-2017";"..";"Veterinaria";"Mujeres";"Evaluacion"
"2015-2016";"..";"Veterinaria";"Mujeres";"Evaluacion"
"2022-2023";"96.07";"Total Salud y servicios sociales";"Mujeres";"Evaluacion"
"2021-2022";"95.06";"Total Salud y servicios sociales";"Mujeres";"Evaluacion"
"2020-2021";"97.92";"Total Salud y servicios sociales";"Mujeres";"Evaluacion"
"2019-2020";"98.13";"Total Salud y servicios sociales";"Mujeres";"Evaluacion"
"2018-2019";"97.61";"Total Salud y servicios sociales";"Mujeres";"Evaluacion"
"2017-2018";"97.0";"Total Salud y servicios sociales";"Mujeres";"Evaluacion"
"2016-2017";"97.03";"Total Salud y servicios sociales";"Mujeres";"Evaluacion"
"2015-2016";"97.21";"Total Salud y servicios sociales";"Mujeres";"Evaluacion"
"2022-2023";"..";"Medicina";"Mujeres";"Evaluacion"
"2021-2022";"..";"Medicina";"Mujeres";"Evaluacion"
"2020-2021";"..";"Medicina";"Mujeres";"Evaluacion"
"2019-2020";"..";"Medicina";"Mujeres";"Evaluacion"
"2018-2019";"..";"Medicina";"Mujeres";"Evaluacion"
"2017-2018";"..";"Medicina";"Mujeres";"Evaluacion"
"2016-2017";"..";"Medicina";"Mujeres";"Evaluacion"
"2015-2016";"..";"Medicina";"Mujeres";"Evaluacion"
"2022-2023";"..";"Enfermería y atención a enfermos";"Mujeres";"Evaluacion"
"2021-2022";"..";"Enfermería y atención a enfermos";"Mujeres";"Evaluacion"
"2020-2021";"..";"Enfermería y atención a enfermos";"Mujeres";"Evaluacion"
"2019-2020";"..";"Enfermería y atención a enfermos";"Mujeres";"Evaluacion"
"2018-2019";"..";"Enfermería y atención a enfermos";"Mujeres";"Evaluacion"
"2017-2018";"..";"Enfermería y atención a enfermos";"Mujeres";"Evaluacion"
"2016-2017";"..";"Enfermería y atención a enfermos";"Mujeres";"Evaluacion"
"2015-2016";"..";"Enfermería y atención a enfermos";"Mujeres";"Evaluacion"
"2022-2023";"96.07";"Otras ciencias de la Salud";"Mujeres";"Evaluacion"
"2021-2022";"95.06";"Otras ciencias de la Salud";"Mujeres";"Evaluacion"
"2020-2021";"97.92";"Otras ciencias de la Salud";"Mujeres";"Evaluacion"
"2019-2020";"98.13";"Otras ciencias de la Salud";"Mujeres";"Evaluacion"
"2018-2019";"97.61";"Otras ciencias de la Salud";"Mujeres";"Evaluacion"
"2017-2018";"97.0";"Otras ciencias de la Salud";"Mujeres";"Evaluacion"
"2016-2017";"97.03";"Otras ciencias de la Salud";"Mujeres";"Evaluacion"
"2015-2016";"97.21";"Otras ciencias de la Salud";"Mujeres";"Evaluacion"
"2022-2023";"..";"Trabajo social y orientación";"Mujeres";"Evaluacion"
"2021-2022";"..";"Trabajo social y orientación";"Mujeres";"Evaluacion"
"2020-2021";"..";"Trabajo social y orientación";"Mujeres";"Evaluacion"
"2019-2020";"..";"Trabajo social y orientación";"Mujeres";"Evaluacion"
"2018-2019";"..";"Trabajo social y orientación";"Mujeres";"Evaluacion"
"2017-2018";"..";"Trabajo social y orientación";"Mujeres";"Evaluacion"
"2016-2017";"..";"Trabajo social y orientación";"Mujeres";"Evaluacion"
"2015-2016";"..";"Trabajo social y orientación";"Mujeres";"Evaluacion"
"2022-2023";"94.04";"Total Servicios";"Mujeres";"Evaluacion"
"2021-2022";"95.74";"Total Servicios";"Mujeres";"Evaluacion"
"2020-2021";"96.84";"Total Servicios";"Mujeres";"Evaluacion"
"2019-2020";"95.48";"Total Servicios";"Mujeres";"Evaluacion"
"2018-2019";"98.62";"Total Servicios";"Mujeres";"Evaluacion"
"2017-2018";"94.46";"Total Servicios";"Mujeres";"Evaluacion"
"2016-2017";"95.92";"Total Servicios";"Mujeres";"Evaluacion"
"2015-2016";"95.12";"Total Servicios";"Mujeres";"Evaluacion"
"2022-2023";"93.61";"Deportes";"Mujeres";"Evaluacion"
"2021-2022";"99.61";"Deportes";"Mujeres";"Evaluacion"
"2020-2021";"..";"Deportes";"Mujeres";"Evaluacion"
"2019-2020";"..";"Deportes";"Mujeres";"Evaluacion"
"2018-2019";"..";"Deportes";"Mujeres";"Evaluacion"
"2017-2018";"..";"Deportes";"Mujeres";"Evaluacion"
"2016-2017";"..";"Deportes";"Mujeres";"Evaluacion"
"2015-2016";"..";"Deportes";"Mujeres";"Evaluacion"
"2022-2023";"..";"Turismo y Hostelería";"Mujeres";"Evaluacion"
"2021-2022";"..";"Turismo y Hostelería";"Mujeres";"Evaluacion"
"2020-2021";"..";"Turismo y Hostelería";"Mujeres";"Evaluacion"
"2019-2020";"..";"Turismo y Hostelería";"Mujeres";"Evaluacion"
"2018-2019";"..";"Turismo y Hostelería";"Mujeres";"Evaluacion"
"2017-2018";"..";"Turismo y Hostelería";"Mujeres";"Evaluacion"
"2016-2017";"..";"Turismo y Hostelería";"Mujeres";"Evaluacion"
"2015-2016";"..";"Turismo y Hostelería";"Mujeres";"Evaluacion"
"2022-2023";"94.32";"Otros Servicios";"Mujeres";"Evaluacion"
"2021-2022";"92.99";"Otros Servicios";"Mujeres";"Evaluacion"
"2020-2021";"95.77";"Otros Servicios";"Mujeres";"Evaluacion"
"2019-2020";"93.53";"Otros Servicios";"Mujeres";"Evaluacion"
"2018-2019";"99.13";"Otros Servicios";"Mujeres";"Evaluacion"
"2017-2018";"94.46";"Otros Servicios";"Mujeres";"Evaluacion"
"2016-2017";"95.92";"Otros Servicios";"Mujeres";"Evaluacion"
"2015-2016";"95.12";"Otros Servicios";"Mujeres";"Evaluacion"
