"Anio";"Valor";"Carrera";"Genero";"Tasa"
"2022-2023";"???";"La Rioja";"Ambos Sexos";"Rendimiento"
"2021-2022";"???";"La Rioja";"Ambos Sexos";"Rendimiento"
"2020-2021";"???";"La Rioja";"Ambos Sexos";"Rendimiento"
"2019-2020";"???";"La Rioja";"Ambos Sexos";"Rendimiento"
"2018-2019";"???";"La Rioja";"Ambos Sexos";"Rendimiento"
"2017-2018";"???";"La Rioja";"Ambos Sexos";"Rendimiento"
"2016-2017";"???";"La Rioja";"Ambos Sexos";"Rendimiento"
"2015-2016";"???";"La Rioja";"Ambos Sexos";"Rendimiento"
"2022-2023";"78.36";"Todos los ámbitos";"Ambos Sexos";"Rendimiento"
"2021-2022";"77.42";"Todos los ámbitos";"Ambos Sexos";"Rendimiento"
"2020-2021";"78.47";"Todos los ámbitos";"Ambos Sexos";"Rendimiento"
"2019-2020";"86.07";"Todos los ámbitos";"Ambos Sexos";"Rendimiento"
"2018-2019";"78.12";"Todos los ámbitos";"Ambos Sexos";"Rendimiento"
"2017-2018";"78.09";"Todos los ámbitos";"Ambos Sexos";"Rendimiento"
"2016-2017";"78.28";"Todos los ámbitos";"Ambos Sexos";"Rendimiento"
"2015-2016";"78.24";"Todos los ámbitos";"Ambos Sexos";"Rendimiento"
"2022-2023";"88.36";"Total Educación";"Ambos Sexos";"Rendimiento"
"2021-2022";"87.53";"Total Educación";"Ambos Sexos";"Rendimiento"
"2020-2021";"87.4";"Total Educación";"Ambos Sexos";"Rendimiento"
"2019-2020";"92.04";"Total Educación";"Ambos Sexos";"Rendimiento"
"2018-2019";"86.02";"Total Educación";"Ambos Sexos";"Rendimiento"
"2017-2018";"86.22";"Total Educación";"Ambos Sexos";"Rendimiento"
"2016-2017";"85.81";"Total Educación";"Ambos Sexos";"Rendimiento"
"2015-2016";"87.64";"Total Educación";"Ambos Sexos";"Rendimiento"
"2022-2023";"85.94";"Formación de docentes de enseñanza infantil";"Ambos Sexos";"Rendimiento"
"2021-2022";"88.06";"Formación de docentes de enseñanza infantil";"Ambos Sexos";"Rendimiento"
"2020-2021";"87.48";"Formación de docentes de enseñanza infantil";"Ambos Sexos";"Rendimiento"
"2019-2020";"93.33";"Formación de docentes de enseñanza infantil";"Ambos Sexos";"Rendimiento"
"2018-2019";"85.82";"Formación de docentes de enseñanza infantil";"Ambos Sexos";"Rendimiento"
"2017-2018";"89.11";"Formación de docentes de enseñanza infantil";"Ambos Sexos";"Rendimiento"
"2016-2017";"87.37";"Formación de docentes de enseñanza infantil";"Ambos Sexos";"Rendimiento"
"2015-2016";"89.34";"Formación de docentes de enseñanza infantil";"Ambos Sexos";"Rendimiento"
"2022-2023";"89.49";"Formación de docentes de enseñanza primaria";"Ambos Sexos";"Rendimiento"
"2021-2022";"87.3";"Formación de docentes de enseñanza primaria";"Ambos Sexos";"Rendimiento"
"2020-2021";"87.35";"Formación de docentes de enseñanza primaria";"Ambos Sexos";"Rendimiento"
"2019-2020";"91.41";"Formación de docentes de enseñanza primaria";"Ambos Sexos";"Rendimiento"
"2018-2019";"86.12";"Formación de docentes de enseñanza primaria";"Ambos Sexos";"Rendimiento"
"2017-2018";"84.79";"Formación de docentes de enseñanza primaria";"Ambos Sexos";"Rendimiento"
"2016-2017";"85.03";"Formación de docentes de enseñanza primaria";"Ambos Sexos";"Rendimiento"
"2015-2016";"86.76";"Formación de docentes de enseñanza primaria";"Ambos Sexos";"Rendimiento"
"2022-2023";"..";"Otra Formación de personal docente y ciencias de la educación";"Ambos Sexos";"Rendimiento"
"2021-2022";"..";"Otra Formación de personal docente y ciencias de la educación";"Ambos Sexos";"Rendimiento"
"2020-2021";"..";"Otra Formación de personal docente y ciencias de la educación";"Ambos Sexos";"Rendimiento"
"2019-2020";"..";"Otra Formación de personal docente y ciencias de la educación";"Ambos Sexos";"Rendimiento"
"2018-2019";"..";"Otra Formación de personal docente y ciencias de la educación";"Ambos Sexos";"Rendimiento"
"2017-2018";"..";"Otra Formación de personal docente y ciencias de la educación";"Ambos Sexos";"Rendimiento"
"2016-2017";"..";"Otra Formación de personal docente y ciencias de la educación";"Ambos Sexos";"Rendimiento"
"2015-2016";"..";"Otra Formación de personal docente y ciencias de la educación";"Ambos Sexos";"Rendimiento"
"2022-2023";"76.85";"Total Artes y humanidades";"Ambos Sexos";"Rendimiento"
"2021-2022";"79.4";"Total Artes y humanidades";"Ambos Sexos";"Rendimiento"
"2020-2021";"79.79";"Total Artes y humanidades";"Ambos Sexos";"Rendimiento"
"2019-2020";"82.11";"Total Artes y humanidades";"Ambos Sexos";"Rendimiento"
"2018-2019";"81.35";"Total Artes y humanidades";"Ambos Sexos";"Rendimiento"
"2017-2018";"82.45";"Total Artes y humanidades";"Ambos Sexos";"Rendimiento"
"2016-2017";"79.77";"Total Artes y humanidades";"Ambos Sexos";"Rendimiento"
"2015-2016";"79.93";"Total Artes y humanidades";"Ambos Sexos";"Rendimiento"
"2022-2023";"..";"Técnicas audiovisuales y medios de comunicación";"Ambos Sexos";"Rendimiento"
"2021-2022";"..";"Técnicas audiovisuales y medios de comunicación";"Ambos Sexos";"Rendimiento"
"2020-2021";"..";"Técnicas audiovisuales y medios de comunicación";"Ambos Sexos";"Rendimiento"
"2019-2020";"..";"Técnicas audiovisuales y medios de comunicación";"Ambos Sexos";"Rendimiento"
"2018-2019";"..";"Técnicas audiovisuales y medios de comunicación";"Ambos Sexos";"Rendimiento"
"2017-2018";"..";"Técnicas audiovisuales y medios de comunicación";"Ambos Sexos";"Rendimiento"
"2016-2017";"..";"Técnicas audiovisuales y medios de comunicación";"Ambos Sexos";"Rendimiento"
"2015-2016";"..";"Técnicas audiovisuales y medios de comunicación";"Ambos Sexos";"Rendimiento"
"2022-2023";"..";"Artes";"Ambos Sexos";"Rendimiento"
"2021-2022";"..";"Artes";"Ambos Sexos";"Rendimiento"
"2020-2021";"..";"Artes";"Ambos Sexos";"Rendimiento"
"2019-2020";"..";"Artes";"Ambos Sexos";"Rendimiento"
"2018-2019";"..";"Artes";"Ambos Sexos";"Rendimiento"
"2017-2018";"..";"Artes";"Ambos Sexos";"Rendimiento"
"2016-2017";"..";"Artes";"Ambos Sexos";"Rendimiento"
"2015-2016";"..";"Artes";"Ambos Sexos";"Rendimiento"
"2022-2023";"76.85";"Lenguas";"Ambos Sexos";"Rendimiento"
"2021-2022";"79.4";"Lenguas";"Ambos Sexos";"Rendimiento"
"2020-2021";"79.79";"Lenguas";"Ambos Sexos";"Rendimiento"
"2019-2020";"82.11";"Lenguas";"Ambos Sexos";"Rendimiento"
"2018-2019";"81.35";"Lenguas";"Ambos Sexos";"Rendimiento"
"2017-2018";"82.45";"Lenguas";"Ambos Sexos";"Rendimiento"
"2016-2017";"79.77";"Lenguas";"Ambos Sexos";"Rendimiento"
"2015-2016";"79.93";"Lenguas";"Ambos Sexos";"Rendimiento"
"2022-2023";"..";"Humanidades";"Ambos Sexos";"Rendimiento"
"2021-2022";"..";"Humanidades";"Ambos Sexos";"Rendimiento"
"2020-2021";"..";"Humanidades";"Ambos Sexos";"Rendimiento"
"2019-2020";"..";"Humanidades";"Ambos Sexos";"Rendimiento"
"2018-2019";"..";"Humanidades";"Ambos Sexos";"Rendimiento"
"2017-2018";"..";"Humanidades";"Ambos Sexos";"Rendimiento"
"2016-2017";"..";"Humanidades";"Ambos Sexos";"Rendimiento"
"2015-2016";"..";"Humanidades";"Ambos Sexos";"Rendimiento"
"2022-2023";"81.62";"Total Ciencias sociales, periodismo y documentación";"Ambos Sexos";"Rendimiento"
"2021-2022";"81.84";"Total Ciencias sociales, periodismo y documentación";"Ambos Sexos";"Rendimiento"
"2020-2021";"86.68";"Total Ciencias sociales, periodismo y documentación";"Ambos Sexos";"Rendimiento"
"2019-2020";"90.98";"Total Ciencias sociales, periodismo y documentación";"Ambos Sexos";"Rendimiento"
"2018-2019";"82.4";"Total Ciencias sociales, periodismo y documentación";"Ambos Sexos";"Rendimiento"
"2017-2018";"88.02";"Total Ciencias sociales, periodismo y documentación";"Ambos Sexos";"Rendimiento"
"2016-2017";"87.68";"Total Ciencias sociales, periodismo y documentación";"Ambos Sexos";"Rendimiento"
"2015-2016";"82.71";"Total Ciencias sociales, periodismo y documentación";"Ambos Sexos";"Rendimiento"
"2022-2023";"..";"Psicología";"Ambos Sexos";"Rendimiento"
"2021-2022";"..";"Psicología";"Ambos Sexos";"Rendimiento"
"2020-2021";"..";"Psicología";"Ambos Sexos";"Rendimiento"
"2019-2020";"..";"Psicología";"Ambos Sexos";"Rendimiento"
"2018-2019";"..";"Psicología";"Ambos Sexos";"Rendimiento"
"2017-2018";"..";"Psicología";"Ambos Sexos";"Rendimiento"
"2016-2017";"..";"Psicología";"Ambos Sexos";"Rendimiento"
"2015-2016";"..";"Psicología";"Ambos Sexos";"Rendimiento"
"2022-2023";"..";"Economía";"Ambos Sexos";"Rendimiento"
"2021-2022";"..";"Economía";"Ambos Sexos";"Rendimiento"
"2020-2021";"..";"Economía";"Ambos Sexos";"Rendimiento"
"2019-2020";"..";"Economía";"Ambos Sexos";"Rendimiento"
"2018-2019";"..";"Economía";"Ambos Sexos";"Rendimiento"
"2017-2018";"..";"Economía";"Ambos Sexos";"Rendimiento"
"2016-2017";"..";"Economía";"Ambos Sexos";"Rendimiento"
"2015-2016";"..";"Economía";"Ambos Sexos";"Rendimiento"
"2022-2023";"81.62";"Otras Ciencias sociales y del comportamiento";"Ambos Sexos";"Rendimiento"
"2021-2022";"81.84";"Otras Ciencias sociales y del comportamiento";"Ambos Sexos";"Rendimiento"
"2020-2021";"86.68";"Otras Ciencias sociales y del comportamiento";"Ambos Sexos";"Rendimiento"
"2019-2020";"90.98";"Otras Ciencias sociales y del comportamiento";"Ambos Sexos";"Rendimiento"
"2018-2019";"82.4";"Otras Ciencias sociales y del comportamiento";"Ambos Sexos";"Rendimiento"
"2017-2018";"88.02";"Otras Ciencias sociales y del comportamiento";"Ambos Sexos";"Rendimiento"
"2016-2017";"87.68";"Otras Ciencias sociales y del comportamiento";"Ambos Sexos";"Rendimiento"
"2015-2016";"82.71";"Otras Ciencias sociales y del comportamiento";"Ambos Sexos";"Rendimiento"
"2022-2023";"..";"Periodismo e información";"Ambos Sexos";"Rendimiento"
"2021-2022";"..";"Periodismo e información";"Ambos Sexos";"Rendimiento"
"2020-2021";"..";"Periodismo e información";"Ambos Sexos";"Rendimiento"
"2019-2020";"..";"Periodismo e información";"Ambos Sexos";"Rendimiento"
"2018-2019";"..";"Periodismo e información";"Ambos Sexos";"Rendimiento"
"2017-2018";"..";"Periodismo e información";"Ambos Sexos";"Rendimiento"
"2016-2017";"..";"Periodismo e información";"Ambos Sexos";"Rendimiento"
"2015-2016";"..";"Periodismo e información";"Ambos Sexos";"Rendimiento"
"2022-2023";"67.99";"Total Negocios, administración y derecho";"Ambos Sexos";"Rendimiento"
"2021-2022";"65.26";"Total Negocios, administración y derecho";"Ambos Sexos";"Rendimiento"
"2020-2021";"69.96";"Total Negocios, administración y derecho";"Ambos Sexos";"Rendimiento"
"2019-2020";"84.35";"Total Negocios, administración y derecho";"Ambos Sexos";"Rendimiento"
"2018-2019";"69.8";"Total Negocios, administración y derecho";"Ambos Sexos";"Rendimiento"
"2017-2018";"69.45";"Total Negocios, administración y derecho";"Ambos Sexos";"Rendimiento"
"2016-2017";"71.49";"Total Negocios, administración y derecho";"Ambos Sexos";"Rendimiento"
"2015-2016";"73.26";"Total Negocios, administración y derecho";"Ambos Sexos";"Rendimiento"
"2022-2023";"64.62";"Administración y gestión de empresas";"Ambos Sexos";"Rendimiento"
"2021-2022";"62.64";"Administración y gestión de empresas";"Ambos Sexos";"Rendimiento"
"2020-2021";"68.2";"Administración y gestión de empresas";"Ambos Sexos";"Rendimiento"
"2019-2020";"83.29";"Administración y gestión de empresas";"Ambos Sexos";"Rendimiento"
"2018-2019";"68.27";"Administración y gestión de empresas";"Ambos Sexos";"Rendimiento"
"2017-2018";"66.13";"Administración y gestión de empresas";"Ambos Sexos";"Rendimiento"
"2016-2017";"69.81";"Administración y gestión de empresas";"Ambos Sexos";"Rendimiento"
"2015-2016";"71.8";"Administración y gestión de empresas";"Ambos Sexos";"Rendimiento"
"2022-2023";"..";"Otra Educación comercial y empresarial";"Ambos Sexos";"Rendimiento"
"2021-2022";"..";"Otra Educación comercial y empresarial";"Ambos Sexos";"Rendimiento"
"2020-2021";"..";"Otra Educación comercial y empresarial";"Ambos Sexos";"Rendimiento"
"2019-2020";"..";"Otra Educación comercial y empresarial";"Ambos Sexos";"Rendimiento"
"2018-2019";"..";"Otra Educación comercial y empresarial";"Ambos Sexos";"Rendimiento"
"2017-2018";"..";"Otra Educación comercial y empresarial";"Ambos Sexos";"Rendimiento"
"2016-2017";"..";"Otra Educación comercial y empresarial";"Ambos Sexos";"Rendimiento"
"2015-2016";"..";"Otra Educación comercial y empresarial";"Ambos Sexos";"Rendimiento"
"2022-2023";"76.99";"Derecho";"Ambos Sexos";"Rendimiento"
"2021-2022";"71.86";"Derecho";"Ambos Sexos";"Rendimiento"
"2020-2021";"74.77";"Derecho";"Ambos Sexos";"Rendimiento"
"2019-2020";"87.05";"Derecho";"Ambos Sexos";"Rendimiento"
"2018-2019";"74.23";"Derecho";"Ambos Sexos";"Rendimiento"
"2017-2018";"78.02";"Derecho";"Ambos Sexos";"Rendimiento"
"2016-2017";"75.71";"Derecho";"Ambos Sexos";"Rendimiento"
"2015-2016";"77.31";"Derecho";"Ambos Sexos";"Rendimiento"
"2022-2023";"72.79";"Total Ciencias";"Ambos Sexos";"Rendimiento"
"2021-2022";"69.24";"Total Ciencias";"Ambos Sexos";"Rendimiento"
"2020-2021";"69.38";"Total Ciencias";"Ambos Sexos";"Rendimiento"
"2019-2020";"80.68";"Total Ciencias";"Ambos Sexos";"Rendimiento"
"2018-2019";"67.65";"Total Ciencias";"Ambos Sexos";"Rendimiento"
"2017-2018";"70.95";"Total Ciencias";"Ambos Sexos";"Rendimiento"
"2016-2017";"70.77";"Total Ciencias";"Ambos Sexos";"Rendimiento"
"2015-2016";"66.98";"Total Ciencias";"Ambos Sexos";"Rendimiento"
"2022-2023";"..";"Ciencias de la vida";"Ambos Sexos";"Rendimiento"
"2021-2022";"..";"Ciencias de la vida";"Ambos Sexos";"Rendimiento"
"2020-2021";"..";"Ciencias de la vida";"Ambos Sexos";"Rendimiento"
"2019-2020";"..";"Ciencias de la vida";"Ambos Sexos";"Rendimiento"
"2018-2019";"..";"Ciencias de la vida";"Ambos Sexos";"Rendimiento"
"2017-2018";"..";"Ciencias de la vida";"Ambos Sexos";"Rendimiento"
"2016-2017";"..";"Ciencias de la vida";"Ambos Sexos";"Rendimiento"
"2015-2016";"..";"Ciencias de la vida";"Ambos Sexos";"Rendimiento"
"2022-2023";"68.4";"Ciencias Físicas, químicas, geológicas";"Ambos Sexos";"Rendimiento"
"2021-2022";"64.97";"Ciencias Físicas, químicas, geológicas";"Ambos Sexos";"Rendimiento"
"2020-2021";"64.66";"Ciencias Físicas, químicas, geológicas";"Ambos Sexos";"Rendimiento"
"2019-2020";"79.72";"Ciencias Físicas, químicas, geológicas";"Ambos Sexos";"Rendimiento"
"2018-2019";"64.85";"Ciencias Físicas, químicas, geológicas";"Ambos Sexos";"Rendimiento"
"2017-2018";"67.02";"Ciencias Físicas, químicas, geológicas";"Ambos Sexos";"Rendimiento"
"2016-2017";"68.28";"Ciencias Físicas, químicas, geológicas";"Ambos Sexos";"Rendimiento"
"2015-2016";"67.58";"Ciencias Físicas, químicas, geológicas";"Ambos Sexos";"Rendimiento"
"2022-2023";"78.77";"Matemáticas y Estadística";"Ambos Sexos";"Rendimiento"
"2021-2022";"75.06";"Matemáticas y Estadística";"Ambos Sexos";"Rendimiento"
"2020-2021";"75.58";"Matemáticas y Estadística";"Ambos Sexos";"Rendimiento"
"2019-2020";"81.83";"Matemáticas y Estadística";"Ambos Sexos";"Rendimiento"
"2018-2019";"70.99";"Matemáticas y Estadística";"Ambos Sexos";"Rendimiento"
"2017-2018";"76.64";"Matemáticas y Estadística";"Ambos Sexos";"Rendimiento"
"2016-2017";"74.62";"Matemáticas y Estadística";"Ambos Sexos";"Rendimiento"
"2015-2016";"65.93";"Matemáticas y Estadística";"Ambos Sexos";"Rendimiento"
"2022-2023";"74.27";"Total Informática";"Ambos Sexos";"Rendimiento"
"2021-2022";"77.39";"Total Informática";"Ambos Sexos";"Rendimiento"
"2020-2021";"76.62";"Total Informática";"Ambos Sexos";"Rendimiento"
"2019-2020";"83.83";"Total Informática";"Ambos Sexos";"Rendimiento"
"2018-2019";"76.08";"Total Informática";"Ambos Sexos";"Rendimiento"
"2017-2018";"74.13";"Total Informática";"Ambos Sexos";"Rendimiento"
"2016-2017";"73.08";"Total Informática";"Ambos Sexos";"Rendimiento"
"2015-2016";"70.53";"Total Informática";"Ambos Sexos";"Rendimiento"
"2022-2023";"74.27";"Informática";"Ambos Sexos";"Rendimiento"
"2021-2022";"77.39";"Informática";"Ambos Sexos";"Rendimiento"
"2020-2021";"76.62";"Informática";"Ambos Sexos";"Rendimiento"
"2019-2020";"83.83";"Informática";"Ambos Sexos";"Rendimiento"
"2018-2019";"76.08";"Informática";"Ambos Sexos";"Rendimiento"
"2017-2018";"74.13";"Informática";"Ambos Sexos";"Rendimiento"
"2016-2017";"73.08";"Informática";"Ambos Sexos";"Rendimiento"
"2015-2016";"70.53";"Informática";"Ambos Sexos";"Rendimiento"
"2022-2023";"67.56";"Total Ingeniería, industria y construcción";"Ambos Sexos";"Rendimiento"
"2021-2022";"63.7";"Total Ingeniería, industria y construcción";"Ambos Sexos";"Rendimiento"
"2020-2021";"65.33";"Total Ingeniería, industria y construcción";"Ambos Sexos";"Rendimiento"
"2019-2020";"71.3";"Total Ingeniería, industria y construcción";"Ambos Sexos";"Rendimiento"
"2018-2019";"69.96";"Total Ingeniería, industria y construcción";"Ambos Sexos";"Rendimiento"
"2017-2018";"66.71";"Total Ingeniería, industria y construcción";"Ambos Sexos";"Rendimiento"
"2016-2017";"67.17";"Total Ingeniería, industria y construcción";"Ambos Sexos";"Rendimiento"
"2015-2016";"67.67";"Total Ingeniería, industria y construcción";"Ambos Sexos";"Rendimiento"
"2022-2023";"67.56";"Ingenierías";"Ambos Sexos";"Rendimiento"
"2021-2022";"63.7";"Ingenierías";"Ambos Sexos";"Rendimiento"
"2020-2021";"65.33";"Ingenierías";"Ambos Sexos";"Rendimiento"
"2019-2020";"71.3";"Ingenierías";"Ambos Sexos";"Rendimiento"
"2018-2019";"69.96";"Ingenierías";"Ambos Sexos";"Rendimiento"
"2017-2018";"66.71";"Ingenierías";"Ambos Sexos";"Rendimiento"
"2016-2017";"67.17";"Ingenierías";"Ambos Sexos";"Rendimiento"
"2015-2016";"67.67";"Ingenierías";"Ambos Sexos";"Rendimiento"
"2022-2023";"..";"Arquitectura y construcción";"Ambos Sexos";"Rendimiento"
"2021-2022";"..";"Arquitectura y construcción";"Ambos Sexos";"Rendimiento"
"2020-2021";"..";"Arquitectura y construcción";"Ambos Sexos";"Rendimiento"
"2019-2020";"..";"Arquitectura y construcción";"Ambos Sexos";"Rendimiento"
"2018-2019";"..";"Arquitectura y construcción";"Ambos Sexos";"Rendimiento"
"2017-2018";"..";"Arquitectura y construcción";"Ambos Sexos";"Rendimiento"
"2016-2017";"..";"Arquitectura y construcción";"Ambos Sexos";"Rendimiento"
"2015-2016";"..";"Arquitectura y construcción";"Ambos Sexos";"Rendimiento"
"2022-2023";"63.76";"Total Agricultura, ganadería,  silvicultura, pesca, y veterinaria";"Ambos Sexos";"Rendimiento"
"2021-2022";"65.97";"Total Agricultura, ganadería,  silvicultura, pesca, y veterinaria";"Ambos Sexos";"Rendimiento"
"2020-2021";"64.18";"Total Agricultura, ganadería,  silvicultura, pesca, y veterinaria";"Ambos Sexos";"Rendimiento"
"2019-2020";"79.0";"Total Agricultura, ganadería,  silvicultura, pesca, y veterinaria";"Ambos Sexos";"Rendimiento"
"2018-2019";"66.27";"Total Agricultura, ganadería,  silvicultura, pesca, y veterinaria";"Ambos Sexos";"Rendimiento"
"2017-2018";"71.41";"Total Agricultura, ganadería,  silvicultura, pesca, y veterinaria";"Ambos Sexos";"Rendimiento"
"2016-2017";"65.93";"Total Agricultura, ganadería,  silvicultura, pesca, y veterinaria";"Ambos Sexos";"Rendimiento"
"2015-2016";"65.45";"Total Agricultura, ganadería,  silvicultura, pesca, y veterinaria";"Ambos Sexos";"Rendimiento"
"2022-2023";"63.76";"Agricultura, ganadería y pesca";"Ambos Sexos";"Rendimiento"
"2021-2022";"65.97";"Agricultura, ganadería y pesca";"Ambos Sexos";"Rendimiento"
"2020-2021";"64.18";"Agricultura, ganadería y pesca";"Ambos Sexos";"Rendimiento"
"2019-2020";"79.0";"Agricultura, ganadería y pesca";"Ambos Sexos";"Rendimiento"
"2018-2019";"66.27";"Agricultura, ganadería y pesca";"Ambos Sexos";"Rendimiento"
"2017-2018";"71.41";"Agricultura, ganadería y pesca";"Ambos Sexos";"Rendimiento"
"2016-2017";"65.93";"Agricultura, ganadería y pesca";"Ambos Sexos";"Rendimiento"
"2015-2016";"65.45";"Agricultura, ganadería y pesca";"Ambos Sexos";"Rendimiento"
"2022-2023";"..";"Veterinaria";"Ambos Sexos";"Rendimiento"
"2021-2022";"..";"Veterinaria";"Ambos Sexos";"Rendimiento"
"2020-2021";"..";"Veterinaria";"Ambos Sexos";"Rendimiento"
"2019-2020";"..";"Veterinaria";"Ambos Sexos";"Rendimiento"
"2018-2019";"..";"Veterinaria";"Ambos Sexos";"Rendimiento"
"2017-2018";"..";"Veterinaria";"Ambos Sexos";"Rendimiento"
"2016-2017";"..";"Veterinaria";"Ambos Sexos";"Rendimiento"
"2015-2016";"..";"Veterinaria";"Ambos Sexos";"Rendimiento"
"2022-2023";"93.75";"Total Salud y servicios sociales";"Ambos Sexos";"Rendimiento"
"2021-2022";"94.06";"Total Salud y servicios sociales";"Ambos Sexos";"Rendimiento"
"2020-2021";"94.54";"Total Salud y servicios sociales";"Ambos Sexos";"Rendimiento"
"2019-2020";"95.66";"Total Salud y servicios sociales";"Ambos Sexos";"Rendimiento"
"2018-2019";"90.05";"Total Salud y servicios sociales";"Ambos Sexos";"Rendimiento"
"2017-2018";"91.15";"Total Salud y servicios sociales";"Ambos Sexos";"Rendimiento"
"2016-2017";"91.03";"Total Salud y servicios sociales";"Ambos Sexos";"Rendimiento"
"2015-2016";"89.26";"Total Salud y servicios sociales";"Ambos Sexos";"Rendimiento"
"2022-2023";"..";"Medicina";"Ambos Sexos";"Rendimiento"
"2021-2022";"..";"Medicina";"Ambos Sexos";"Rendimiento"
"2020-2021";"..";"Medicina";"Ambos Sexos";"Rendimiento"
"2019-2020";"..";"Medicina";"Ambos Sexos";"Rendimiento"
"2018-2019";"..";"Medicina";"Ambos Sexos";"Rendimiento"
"2017-2018";"..";"Medicina";"Ambos Sexos";"Rendimiento"
"2016-2017";"..";"Medicina";"Ambos Sexos";"Rendimiento"
"2015-2016";"..";"Medicina";"Ambos Sexos";"Rendimiento"
"2022-2023";"96.54";"Enfermería y atención a enfermos";"Ambos Sexos";"Rendimiento"
"2021-2022";"97.32";"Enfermería y atención a enfermos";"Ambos Sexos";"Rendimiento"
"2020-2021";"96.89";"Enfermería y atención a enfermos";"Ambos Sexos";"Rendimiento"
"2019-2020";"96.82";"Enfermería y atención a enfermos";"Ambos Sexos";"Rendimiento"
"2018-2019";"94.32";"Enfermería y atención a enfermos";"Ambos Sexos";"Rendimiento"
"2017-2018";"94.46";"Enfermería y atención a enfermos";"Ambos Sexos";"Rendimiento"
"2016-2017";"95.29";"Enfermería y atención a enfermos";"Ambos Sexos";"Rendimiento"
"2015-2016";"92.68";"Enfermería y atención a enfermos";"Ambos Sexos";"Rendimiento"
"2022-2023";"..";"Otras ciencias de la Salud";"Ambos Sexos";"Rendimiento"
"2021-2022";"..";"Otras ciencias de la Salud";"Ambos Sexos";"Rendimiento"
"2020-2021";"..";"Otras ciencias de la Salud";"Ambos Sexos";"Rendimiento"
"2019-2020";"..";"Otras ciencias de la Salud";"Ambos Sexos";"Rendimiento"
"2018-2019";"..";"Otras ciencias de la Salud";"Ambos Sexos";"Rendimiento"
"2017-2018";"..";"Otras ciencias de la Salud";"Ambos Sexos";"Rendimiento"
"2016-2017";"..";"Otras ciencias de la Salud";"Ambos Sexos";"Rendimiento"
"2015-2016";"..";"Otras ciencias de la Salud";"Ambos Sexos";"Rendimiento"
"2022-2023";"89.37";"Trabajo social y orientación";"Ambos Sexos";"Rendimiento"
"2021-2022";"88.54";"Trabajo social y orientación";"Ambos Sexos";"Rendimiento"
"2020-2021";"90.47";"Trabajo social y orientación";"Ambos Sexos";"Rendimiento"
"2019-2020";"93.73";"Trabajo social y orientación";"Ambos Sexos";"Rendimiento"
"2018-2019";"83.15";"Trabajo social y orientación";"Ambos Sexos";"Rendimiento"
"2017-2018";"85.61";"Trabajo social y orientación";"Ambos Sexos";"Rendimiento"
"2016-2017";"84.16";"Trabajo social y orientación";"Ambos Sexos";"Rendimiento"
"2015-2016";"83.31";"Trabajo social y orientación";"Ambos Sexos";"Rendimiento"
"2022-2023";"68.0";"Total Servicios";"Ambos Sexos";"Rendimiento"
"2021-2022";"73.81";"Total Servicios";"Ambos Sexos";"Rendimiento"
"2020-2021";"65.59";"Total Servicios";"Ambos Sexos";"Rendimiento"
"2019-2020";"85.45";"Total Servicios";"Ambos Sexos";"Rendimiento"
"2018-2019";"78.4";"Total Servicios";"Ambos Sexos";"Rendimiento"
"2017-2018";"74.35";"Total Servicios";"Ambos Sexos";"Rendimiento"
"2016-2017";"80.91";"Total Servicios";"Ambos Sexos";"Rendimiento"
"2015-2016";"77.47";"Total Servicios";"Ambos Sexos";"Rendimiento"
"2022-2023";"..";"Deportes";"Ambos Sexos";"Rendimiento"
"2021-2022";"..";"Deportes";"Ambos Sexos";"Rendimiento"
"2020-2021";"..";"Deportes";"Ambos Sexos";"Rendimiento"
"2019-2020";"..";"Deportes";"Ambos Sexos";"Rendimiento"
"2018-2019";"..";"Deportes";"Ambos Sexos";"Rendimiento"
"2017-2018";"..";"Deportes";"Ambos Sexos";"Rendimiento"
"2016-2017";"..";"Deportes";"Ambos Sexos";"Rendimiento"
"2015-2016";"..";"Deportes";"Ambos Sexos";"Rendimiento"
"2022-2023";"68.0";"Turismo y Hostelería";"Ambos Sexos";"Rendimiento"
"2021-2022";"73.81";"Turismo y Hostelería";"Ambos Sexos";"Rendimiento"
"2020-2021";"65.59";"Turismo y Hostelería";"Ambos Sexos";"Rendimiento"
"2019-2020";"85.45";"Turismo y Hostelería";"Ambos Sexos";"Rendimiento"
"2018-2019";"78.4";"Turismo y Hostelería";"Ambos Sexos";"Rendimiento"
"2017-2018";"74.35";"Turismo y Hostelería";"Ambos Sexos";"Rendimiento"
"2016-2017";"80.91";"Turismo y Hostelería";"Ambos Sexos";"Rendimiento"
"2015-2016";"77.47";"Turismo y Hostelería";"Ambos Sexos";"Rendimiento"
"2022-2023";"..";"Otros Servicios";"Ambos Sexos";"Rendimiento"
"2021-2022";"..";"Otros Servicios";"Ambos Sexos";"Rendimiento"
"2020-2021";"..";"Otros Servicios";"Ambos Sexos";"Rendimiento"
"2019-2020";"..";"Otros Servicios";"Ambos Sexos";"Rendimiento"
"2018-2019";"..";"Otros Servicios";"Ambos Sexos";"Rendimiento"
"2017-2018";"..";"Otros Servicios";"Ambos Sexos";"Rendimiento"
"2016-2017";"..";"Otros Servicios";"Ambos Sexos";"Rendimiento"
"2015-2016";"..";"Otros Servicios";"Ambos Sexos";"Rendimiento"
"2022-2023";"???";"La Rioja";"Ambos Sexos";"Exito"
"2021-2022";"???";"La Rioja";"Ambos Sexos";"Exito"
"2020-2021";"???";"La Rioja";"Ambos Sexos";"Exito"
"2019-2020";"???";"La Rioja";"Ambos Sexos";"Exito"
"2018-2019";"???";"La Rioja";"Ambos Sexos";"Exito"
"2017-2018";"???";"La Rioja";"Ambos Sexos";"Exito"
"2016-2017";"???";"La Rioja";"Ambos Sexos";"Exito"
"2015-2016";"???";"La Rioja";"Ambos Sexos";"Exito"
"2022-2023";"85.66";"Todos los ámbitos";"Ambos Sexos";"Exito"
"2021-2022";"85.43";"Todos los ámbitos";"Ambos Sexos";"Exito"
"2020-2021";"85.47";"Todos los ámbitos";"Ambos Sexos";"Exito"
"2019-2020";"91.69";"Todos los ámbitos";"Ambos Sexos";"Exito"
"2018-2019";"86.43";"Todos los ámbitos";"Ambos Sexos";"Exito"
"2017-2018";"86.22";"Todos los ámbitos";"Ambos Sexos";"Exito"
"2016-2017";"86.44";"Todos los ámbitos";"Ambos Sexos";"Exito"
"2015-2016";"86.17";"Todos los ámbitos";"Ambos Sexos";"Exito"
"2022-2023";"91.87";"Total Educación";"Ambos Sexos";"Exito"
"2021-2022";"91.57";"Total Educación";"Ambos Sexos";"Exito"
"2020-2021";"90.84";"Total Educación";"Ambos Sexos";"Exito"
"2019-2020";"94.89";"Total Educación";"Ambos Sexos";"Exito"
"2018-2019";"91.23";"Total Educación";"Ambos Sexos";"Exito"
"2017-2018";"90.76";"Total Educación";"Ambos Sexos";"Exito"
"2016-2017";"90.67";"Total Educación";"Ambos Sexos";"Exito"
"2015-2016";"92.46";"Total Educación";"Ambos Sexos";"Exito"
"2022-2023";"88.65";"Formación de docentes de enseñanza infantil";"Ambos Sexos";"Exito"
"2021-2022";"92.52";"Formación de docentes de enseñanza infantil";"Ambos Sexos";"Exito"
"2020-2021";"91.6";"Formación de docentes de enseñanza infantil";"Ambos Sexos";"Exito"
"2019-2020";"96.65";"Formación de docentes de enseñanza infantil";"Ambos Sexos";"Exito"
"2018-2019";"93.23";"Formación de docentes de enseñanza infantil";"Ambos Sexos";"Exito"
"2017-2018";"92.7";"Formación de docentes de enseñanza infantil";"Ambos Sexos";"Exito"
"2016-2017";"93.14";"Formación de docentes de enseñanza infantil";"Ambos Sexos";"Exito"
"2015-2016";"94.36";"Formación de docentes de enseñanza infantil";"Ambos Sexos";"Exito"
"2022-2023";"93.39";"Formación de docentes de enseñanza primaria";"Ambos Sexos";"Exito"
"2021-2022";"91.15";"Formación de docentes de enseñanza primaria";"Ambos Sexos";"Exito"
"2020-2021";"90.49";"Formación de docentes de enseñanza primaria";"Ambos Sexos";"Exito"
"2019-2020";"94.03";"Formación de docentes de enseñanza primaria";"Ambos Sexos";"Exito"
"2018-2019";"90.23";"Formación de docentes de enseñanza primaria";"Ambos Sexos";"Exito"
"2017-2018";"89.79";"Formación de docentes de enseñanza primaria";"Ambos Sexos";"Exito"
"2016-2017";"89.45";"Formación de docentes de enseñanza primaria";"Ambos Sexos";"Exito"
"2015-2016";"91.48";"Formación de docentes de enseñanza primaria";"Ambos Sexos";"Exito"
"2022-2023";"..";"Otra Formación de personal docente y ciencias de la educación";"Ambos Sexos";"Exito"
"2021-2022";"..";"Otra Formación de personal docente y ciencias de la educación";"Ambos Sexos";"Exito"
"2020-2021";"..";"Otra Formación de personal docente y ciencias de la educación";"Ambos Sexos";"Exito"
"2019-2020";"..";"Otra Formación de personal docente y ciencias de la educación";"Ambos Sexos";"Exito"
"2018-2019";"..";"Otra Formación de personal docente y ciencias de la educación";"Ambos Sexos";"Exito"
"2017-2018";"..";"Otra Formación de personal docente y ciencias de la educación";"Ambos Sexos";"Exito"
"2016-2017";"..";"Otra Formación de personal docente y ciencias de la educación";"Ambos Sexos";"Exito"
"2015-2016";"..";"Otra Formación de personal docente y ciencias de la educación";"Ambos Sexos";"Exito"
"2022-2023";"88.27";"Total Artes y humanidades";"Ambos Sexos";"Exito"
"2021-2022";"87.46";"Total Artes y humanidades";"Ambos Sexos";"Exito"
"2020-2021";"88.35";"Total Artes y humanidades";"Ambos Sexos";"Exito"
"2019-2020";"92.67";"Total Artes y humanidades";"Ambos Sexos";"Exito"
"2018-2019";"90.15";"Total Artes y humanidades";"Ambos Sexos";"Exito"
"2017-2018";"91.4";"Total Artes y humanidades";"Ambos Sexos";"Exito"
"2016-2017";"92.01";"Total Artes y humanidades";"Ambos Sexos";"Exito"
"2015-2016";"89.78";"Total Artes y humanidades";"Ambos Sexos";"Exito"
"2022-2023";"..";"Técnicas audiovisuales y medios de comunicación";"Ambos Sexos";"Exito"
"2021-2022";"..";"Técnicas audiovisuales y medios de comunicación";"Ambos Sexos";"Exito"
"2020-2021";"..";"Técnicas audiovisuales y medios de comunicación";"Ambos Sexos";"Exito"
"2019-2020";"..";"Técnicas audiovisuales y medios de comunicación";"Ambos Sexos";"Exito"
"2018-2019";"..";"Técnicas audiovisuales y medios de comunicación";"Ambos Sexos";"Exito"
"2017-2018";"..";"Técnicas audiovisuales y medios de comunicación";"Ambos Sexos";"Exito"
"2016-2017";"..";"Técnicas audiovisuales y medios de comunicación";"Ambos Sexos";"Exito"
"2015-2016";"..";"Técnicas audiovisuales y medios de comunicación";"Ambos Sexos";"Exito"
"2022-2023";"..";"Artes";"Ambos Sexos";"Exito"
"2021-2022";"..";"Artes";"Ambos Sexos";"Exito"
"2020-2021";"..";"Artes";"Ambos Sexos";"Exito"
"2019-2020";"..";"Artes";"Ambos Sexos";"Exito"
"2018-2019";"..";"Artes";"Ambos Sexos";"Exito"
"2017-2018";"..";"Artes";"Ambos Sexos";"Exito"
"2016-2017";"..";"Artes";"Ambos Sexos";"Exito"
"2015-2016";"..";"Artes";"Ambos Sexos";"Exito"
"2022-2023";"88.27";"Lenguas";"Ambos Sexos";"Exito"
"2021-2022";"87.46";"Lenguas";"Ambos Sexos";"Exito"
"2020-2021";"88.35";"Lenguas";"Ambos Sexos";"Exito"
"2019-2020";"92.67";"Lenguas";"Ambos Sexos";"Exito"
"2018-2019";"90.15";"Lenguas";"Ambos Sexos";"Exito"
"2017-2018";"91.4";"Lenguas";"Ambos Sexos";"Exito"
"2016-2017";"92.01";"Lenguas";"Ambos Sexos";"Exito"
"2015-2016";"89.78";"Lenguas";"Ambos Sexos";"Exito"
"2022-2023";"..";"Humanidades";"Ambos Sexos";"Exito"
"2021-2022";"..";"Humanidades";"Ambos Sexos";"Exito"
"2020-2021";"..";"Humanidades";"Ambos Sexos";"Exito"
"2019-2020";"..";"Humanidades";"Ambos Sexos";"Exito"
"2018-2019";"..";"Humanidades";"Ambos Sexos";"Exito"
"2017-2018";"..";"Humanidades";"Ambos Sexos";"Exito"
"2016-2017";"..";"Humanidades";"Ambos Sexos";"Exito"
"2015-2016";"..";"Humanidades";"Ambos Sexos";"Exito"
"2022-2023";"89.6";"Total Ciencias sociales, periodismo y documentación";"Ambos Sexos";"Exito"
"2021-2022";"87.5";"Total Ciencias sociales, periodismo y documentación";"Ambos Sexos";"Exito"
"2020-2021";"91.97";"Total Ciencias sociales, periodismo y documentación";"Ambos Sexos";"Exito"
"2019-2020";"96.26";"Total Ciencias sociales, periodismo y documentación";"Ambos Sexos";"Exito"
"2018-2019";"92.7";"Total Ciencias sociales, periodismo y documentación";"Ambos Sexos";"Exito"
"2017-2018";"93.3";"Total Ciencias sociales, periodismo y documentación";"Ambos Sexos";"Exito"
"2016-2017";"93.66";"Total Ciencias sociales, periodismo y documentación";"Ambos Sexos";"Exito"
"2015-2016";"91.55";"Total Ciencias sociales, periodismo y documentación";"Ambos Sexos";"Exito"
"2022-2023";"..";"Psicología";"Ambos Sexos";"Exito"
"2021-2022";"..";"Psicología";"Ambos Sexos";"Exito"
"2020-2021";"..";"Psicología";"Ambos Sexos";"Exito"
"2019-2020";"..";"Psicología";"Ambos Sexos";"Exito"
"2018-2019";"..";"Psicología";"Ambos Sexos";"Exito"
"2017-2018";"..";"Psicología";"Ambos Sexos";"Exito"
"2016-2017";"..";"Psicología";"Ambos Sexos";"Exito"
"2015-2016";"..";"Psicología";"Ambos Sexos";"Exito"
"2022-2023";"..";"Economía";"Ambos Sexos";"Exito"
"2021-2022";"..";"Economía";"Ambos Sexos";"Exito"
"2020-2021";"..";"Economía";"Ambos Sexos";"Exito"
"2019-2020";"..";"Economía";"Ambos Sexos";"Exito"
"2018-2019";"..";"Economía";"Ambos Sexos";"Exito"
"2017-2018";"..";"Economía";"Ambos Sexos";"Exito"
"2016-2017";"..";"Economía";"Ambos Sexos";"Exito"
"2015-2016";"..";"Economía";"Ambos Sexos";"Exito"
"2022-2023";"89.6";"Otras Ciencias sociales y del comportamiento";"Ambos Sexos";"Exito"
"2021-2022";"87.5";"Otras Ciencias sociales y del comportamiento";"Ambos Sexos";"Exito"
"2020-2021";"91.97";"Otras Ciencias sociales y del comportamiento";"Ambos Sexos";"Exito"
"2019-2020";"96.26";"Otras Ciencias sociales y del comportamiento";"Ambos Sexos";"Exito"
"2018-2019";"92.7";"Otras Ciencias sociales y del comportamiento";"Ambos Sexos";"Exito"
"2017-2018";"93.3";"Otras Ciencias sociales y del comportamiento";"Ambos Sexos";"Exito"
"2016-2017";"93.66";"Otras Ciencias sociales y del comportamiento";"Ambos Sexos";"Exito"
"2015-2016";"91.55";"Otras Ciencias sociales y del comportamiento";"Ambos Sexos";"Exito"
"2022-2023";"..";"Periodismo e información";"Ambos Sexos";"Exito"
"2021-2022";"..";"Periodismo e información";"Ambos Sexos";"Exito"
"2020-2021";"..";"Periodismo e información";"Ambos Sexos";"Exito"
"2019-2020";"..";"Periodismo e información";"Ambos Sexos";"Exito"
"2018-2019";"..";"Periodismo e información";"Ambos Sexos";"Exito"
"2017-2018";"..";"Periodismo e información";"Ambos Sexos";"Exito"
"2016-2017";"..";"Periodismo e información";"Ambos Sexos";"Exito"
"2015-2016";"..";"Periodismo e información";"Ambos Sexos";"Exito"
"2022-2023";"76.41";"Total Negocios, administración y derecho";"Ambos Sexos";"Exito"
"2021-2022";"74.93";"Total Negocios, administración y derecho";"Ambos Sexos";"Exito"
"2020-2021";"77.17";"Total Negocios, administración y derecho";"Ambos Sexos";"Exito"
"2019-2020";"90.04";"Total Negocios, administración y derecho";"Ambos Sexos";"Exito"
"2018-2019";"80.55";"Total Negocios, administración y derecho";"Ambos Sexos";"Exito"
"2017-2018";"79.8";"Total Negocios, administración y derecho";"Ambos Sexos";"Exito"
"2016-2017";"82.04";"Total Negocios, administración y derecho";"Ambos Sexos";"Exito"
"2015-2016";"82.07";"Total Negocios, administración y derecho";"Ambos Sexos";"Exito"
"2022-2023";"73.52";"Administración y gestión de empresas";"Ambos Sexos";"Exito"
"2021-2022";"72.54";"Administración y gestión de empresas";"Ambos Sexos";"Exito"
"2020-2021";"75.32";"Administración y gestión de empresas";"Ambos Sexos";"Exito"
"2019-2020";"88.41";"Administración y gestión de empresas";"Ambos Sexos";"Exito"
"2018-2019";"78.91";"Administración y gestión de empresas";"Ambos Sexos";"Exito"
"2017-2018";"76.18";"Administración y gestión de empresas";"Ambos Sexos";"Exito"
"2016-2017";"79.67";"Administración y gestión de empresas";"Ambos Sexos";"Exito"
"2015-2016";"80.58";"Administración y gestión de empresas";"Ambos Sexos";"Exito"
"2022-2023";"..";"Otra Educación comercial y empresarial";"Ambos Sexos";"Exito"
"2021-2022";"..";"Otra Educación comercial y empresarial";"Ambos Sexos";"Exito"
"2020-2021";"..";"Otra Educación comercial y empresarial";"Ambos Sexos";"Exito"
"2019-2020";"..";"Otra Educación comercial y empresarial";"Ambos Sexos";"Exito"
"2018-2019";"..";"Otra Educación comercial y empresarial";"Ambos Sexos";"Exito"
"2017-2018";"..";"Otra Educación comercial y empresarial";"Ambos Sexos";"Exito"
"2016-2017";"..";"Otra Educación comercial y empresarial";"Ambos Sexos";"Exito"
"2015-2016";"..";"Otra Educación comercial y empresarial";"Ambos Sexos";"Exito"
"2022-2023";"83.76";"Derecho";"Ambos Sexos";"Exito"
"2021-2022";"80.74";"Derecho";"Ambos Sexos";"Exito"
"2020-2021";"82.19";"Derecho";"Ambos Sexos";"Exito"
"2019-2020";"94.28";"Derecho";"Ambos Sexos";"Exito"
"2018-2019";"85.27";"Derecho";"Ambos Sexos";"Exito"
"2017-2018";"89.12";"Derecho";"Ambos Sexos";"Exito"
"2016-2017";"88.08";"Derecho";"Ambos Sexos";"Exito"
"2015-2016";"86.22";"Derecho";"Ambos Sexos";"Exito"
"2022-2023";"81.52";"Total Ciencias";"Ambos Sexos";"Exito"
"2021-2022";"80.56";"Total Ciencias";"Ambos Sexos";"Exito"
"2020-2021";"79.66";"Total Ciencias";"Ambos Sexos";"Exito"
"2019-2020";"86.2";"Total Ciencias";"Ambos Sexos";"Exito"
"2018-2019";"79.35";"Total Ciencias";"Ambos Sexos";"Exito"
"2017-2018";"82.69";"Total Ciencias";"Ambos Sexos";"Exito"
"2016-2017";"80.57";"Total Ciencias";"Ambos Sexos";"Exito"
"2015-2016";"77.42";"Total Ciencias";"Ambos Sexos";"Exito"
"2022-2023";"..";"Ciencias de la vida";"Ambos Sexos";"Exito"
"2021-2022";"..";"Ciencias de la vida";"Ambos Sexos";"Exito"
"2020-2021";"..";"Ciencias de la vida";"Ambos Sexos";"Exito"
"2019-2020";"..";"Ciencias de la vida";"Ambos Sexos";"Exito"
"2018-2019";"..";"Ciencias de la vida";"Ambos Sexos";"Exito"
"2017-2018";"..";"Ciencias de la vida";"Ambos Sexos";"Exito"
"2016-2017";"..";"Ciencias de la vida";"Ambos Sexos";"Exito"
"2015-2016";"..";"Ciencias de la vida";"Ambos Sexos";"Exito"
"2022-2023";"76.88";"Ciencias Físicas, químicas, geológicas";"Ambos Sexos";"Exito"
"2021-2022";"76.81";"Ciencias Físicas, químicas, geológicas";"Ambos Sexos";"Exito"
"2020-2021";"74.27";"Ciencias Físicas, químicas, geológicas";"Ambos Sexos";"Exito"
"2019-2020";"85.13";"Ciencias Físicas, químicas, geológicas";"Ambos Sexos";"Exito"
"2018-2019";"77.97";"Ciencias Físicas, químicas, geológicas";"Ambos Sexos";"Exito"
"2017-2018";"80.08";"Ciencias Físicas, químicas, geológicas";"Ambos Sexos";"Exito"
"2016-2017";"78.55";"Ciencias Físicas, químicas, geológicas";"Ambos Sexos";"Exito"
"2015-2016";"76.74";"Ciencias Físicas, químicas, geológicas";"Ambos Sexos";"Exito"
"2022-2023";"87.76";"Matemáticas y Estadística";"Ambos Sexos";"Exito"
"2021-2022";"85.48";"Matemáticas y Estadística";"Ambos Sexos";"Exito"
"2020-2021";"86.72";"Matemáticas y Estadística";"Ambos Sexos";"Exito"
"2019-2020";"87.49";"Matemáticas y Estadística";"Ambos Sexos";"Exito"
"2018-2019";"80.92";"Matemáticas y Estadística";"Ambos Sexos";"Exito"
"2017-2018";"86.23";"Matemáticas y Estadística";"Ambos Sexos";"Exito"
"2016-2017";"83.6";"Matemáticas y Estadística";"Ambos Sexos";"Exito"
"2015-2016";"78.66";"Matemáticas y Estadística";"Ambos Sexos";"Exito"
"2022-2023";"82.56";"Total Informática";"Ambos Sexos";"Exito"
"2021-2022";"84.2";"Total Informática";"Ambos Sexos";"Exito"
"2020-2021";"83.57";"Total Informática";"Ambos Sexos";"Exito"
"2019-2020";"91.02";"Total Informática";"Ambos Sexos";"Exito"
"2018-2019";"82.04";"Total Informática";"Ambos Sexos";"Exito"
"2017-2018";"81.37";"Total Informática";"Ambos Sexos";"Exito"
"2016-2017";"79.42";"Total Informática";"Ambos Sexos";"Exito"
"2015-2016";"77.87";"Total Informática";"Ambos Sexos";"Exito"
"2022-2023";"82.56";"Informática";"Ambos Sexos";"Exito"
"2021-2022";"84.2";"Informática";"Ambos Sexos";"Exito"
"2020-2021";"83.57";"Informática";"Ambos Sexos";"Exito"
"2019-2020";"91.02";"Informática";"Ambos Sexos";"Exito"
"2018-2019";"82.04";"Informática";"Ambos Sexos";"Exito"
"2017-2018";"81.37";"Informática";"Ambos Sexos";"Exito"
"2016-2017";"79.42";"Informática";"Ambos Sexos";"Exito"
"2015-2016";"77.87";"Informática";"Ambos Sexos";"Exito"
"2022-2023";"78.23";"Total Ingeniería, industria y construcción";"Ambos Sexos";"Exito"
"2021-2022";"77.55";"Total Ingeniería, industria y construcción";"Ambos Sexos";"Exito"
"2020-2021";"77.6";"Total Ingeniería, industria y construcción";"Ambos Sexos";"Exito"
"2019-2020";"81.98";"Total Ingeniería, industria y construcción";"Ambos Sexos";"Exito"
"2018-2019";"81.08";"Total Ingeniería, industria y construcción";"Ambos Sexos";"Exito"
"2017-2018";"79.36";"Total Ingeniería, industria y construcción";"Ambos Sexos";"Exito"
"2016-2017";"79.22";"Total Ingeniería, industria y construcción";"Ambos Sexos";"Exito"
"2015-2016";"79.76";"Total Ingeniería, industria y construcción";"Ambos Sexos";"Exito"
"2022-2023";"78.23";"Ingenierías";"Ambos Sexos";"Exito"
"2021-2022";"77.55";"Ingenierías";"Ambos Sexos";"Exito"
"2020-2021";"77.6";"Ingenierías";"Ambos Sexos";"Exito"
"2019-2020";"81.98";"Ingenierías";"Ambos Sexos";"Exito"
"2018-2019";"81.08";"Ingenierías";"Ambos Sexos";"Exito"
"2017-2018";"79.36";"Ingenierías";"Ambos Sexos";"Exito"
"2016-2017";"79.22";"Ingenierías";"Ambos Sexos";"Exito"
"2015-2016";"79.76";"Ingenierías";"Ambos Sexos";"Exito"
"2022-2023";"..";"Arquitectura y construcción";"Ambos Sexos";"Exito"
"2021-2022";"..";"Arquitectura y construcción";"Ambos Sexos";"Exito"
"2020-2021";"..";"Arquitectura y construcción";"Ambos Sexos";"Exito"
"2019-2020";"..";"Arquitectura y construcción";"Ambos Sexos";"Exito"
"2018-2019";"..";"Arquitectura y construcción";"Ambos Sexos";"Exito"
"2017-2018";"..";"Arquitectura y construcción";"Ambos Sexos";"Exito"
"2016-2017";"..";"Arquitectura y construcción";"Ambos Sexos";"Exito"
"2015-2016";"..";"Arquitectura y construcción";"Ambos Sexos";"Exito"
"2022-2023";"79.49";"Total Agricultura, ganadería,  silvicultura, pesca, y veterinaria";"Ambos Sexos";"Exito"
"2021-2022";"80.2";"Total Agricultura, ganadería,  silvicultura, pesca, y veterinaria";"Ambos Sexos";"Exito"
"2020-2021";"77.2";"Total Agricultura, ganadería,  silvicultura, pesca, y veterinaria";"Ambos Sexos";"Exito"
"2019-2020";"87.37";"Total Agricultura, ganadería,  silvicultura, pesca, y veterinaria";"Ambos Sexos";"Exito"
"2018-2019";"80.14";"Total Agricultura, ganadería,  silvicultura, pesca, y veterinaria";"Ambos Sexos";"Exito"
"2017-2018";"83.44";"Total Agricultura, ganadería,  silvicultura, pesca, y veterinaria";"Ambos Sexos";"Exito"
"2016-2017";"79.58";"Total Agricultura, ganadería,  silvicultura, pesca, y veterinaria";"Ambos Sexos";"Exito"
"2015-2016";"77.78";"Total Agricultura, ganadería,  silvicultura, pesca, y veterinaria";"Ambos Sexos";"Exito"
"2022-2023";"79.49";"Agricultura, ganadería y pesca";"Ambos Sexos";"Exito"
"2021-2022";"80.2";"Agricultura, ganadería y pesca";"Ambos Sexos";"Exito"
"2020-2021";"77.2";"Agricultura, ganadería y pesca";"Ambos Sexos";"Exito"
"2019-2020";"87.37";"Agricultura, ganadería y pesca";"Ambos Sexos";"Exito"
"2018-2019";"80.14";"Agricultura, ganadería y pesca";"Ambos Sexos";"Exito"
"2017-2018";"83.44";"Agricultura, ganadería y pesca";"Ambos Sexos";"Exito"
"2016-2017";"79.58";"Agricultura, ganadería y pesca";"Ambos Sexos";"Exito"
"2015-2016";"77.78";"Agricultura, ganadería y pesca";"Ambos Sexos";"Exito"
"2022-2023";"..";"Veterinaria";"Ambos Sexos";"Exito"
"2021-2022";"..";"Veterinaria";"Ambos Sexos";"Exito"
"2020-2021";"..";"Veterinaria";"Ambos Sexos";"Exito"
"2019-2020";"..";"Veterinaria";"Ambos Sexos";"Exito"
"2018-2019";"..";"Veterinaria";"Ambos Sexos";"Exito"
"2017-2018";"..";"Veterinaria";"Ambos Sexos";"Exito"
"2016-2017";"..";"Veterinaria";"Ambos Sexos";"Exito"
"2015-2016";"..";"Veterinaria";"Ambos Sexos";"Exito"
"2022-2023";"96.12";"Total Salud y servicios sociales";"Ambos Sexos";"Exito"
"2021-2022";"96.64";"Total Salud y servicios sociales";"Ambos Sexos";"Exito"
"2020-2021";"96.69";"Total Salud y servicios sociales";"Ambos Sexos";"Exito"
"2019-2020";"98.02";"Total Salud y servicios sociales";"Ambos Sexos";"Exito"
"2018-2019";"93.8";"Total Salud y servicios sociales";"Ambos Sexos";"Exito"
"2017-2018";"94.14";"Total Salud y servicios sociales";"Ambos Sexos";"Exito"
"2016-2017";"94.09";"Total Salud y servicios sociales";"Ambos Sexos";"Exito"
"2015-2016";"93.23";"Total Salud y servicios sociales";"Ambos Sexos";"Exito"
"2022-2023";"..";"Medicina";"Ambos Sexos";"Exito"
"2021-2022";"..";"Medicina";"Ambos Sexos";"Exito"
"2020-2021";"..";"Medicina";"Ambos Sexos";"Exito"
"2019-2020";"..";"Medicina";"Ambos Sexos";"Exito"
"2018-2019";"..";"Medicina";"Ambos Sexos";"Exito"
"2017-2018";"..";"Medicina";"Ambos Sexos";"Exito"
"2016-2017";"..";"Medicina";"Ambos Sexos";"Exito"
"2015-2016";"..";"Medicina";"Ambos Sexos";"Exito"
"2022-2023";"97.4";"Enfermería y atención a enfermos";"Ambos Sexos";"Exito"
"2021-2022";"98.19";"Enfermería y atención a enfermos";"Ambos Sexos";"Exito"
"2020-2021";"97.98";"Enfermería y atención a enfermos";"Ambos Sexos";"Exito"
"2019-2020";"98.26";"Enfermería y atención a enfermos";"Ambos Sexos";"Exito"
"2018-2019";"95.82";"Enfermería y atención a enfermos";"Ambos Sexos";"Exito"
"2017-2018";"96.11";"Enfermería y atención a enfermos";"Ambos Sexos";"Exito"
"2016-2017";"96.56";"Enfermería y atención a enfermos";"Ambos Sexos";"Exito"
"2015-2016";"95.17";"Enfermería y atención a enfermos";"Ambos Sexos";"Exito"
"2022-2023";"..";"Otras ciencias de la Salud";"Ambos Sexos";"Exito"
"2021-2022";"..";"Otras ciencias de la Salud";"Ambos Sexos";"Exito"
"2020-2021";"..";"Otras ciencias de la Salud";"Ambos Sexos";"Exito"
"2019-2020";"..";"Otras ciencias de la Salud";"Ambos Sexos";"Exito"
"2018-2019";"..";"Otras ciencias de la Salud";"Ambos Sexos";"Exito"
"2017-2018";"..";"Otras ciencias de la Salud";"Ambos Sexos";"Exito"
"2016-2017";"..";"Otras ciencias de la Salud";"Ambos Sexos";"Exito"
"2015-2016";"..";"Otras ciencias de la Salud";"Ambos Sexos";"Exito"
"2022-2023";"94.01";"Trabajo social y orientación";"Ambos Sexos";"Exito"
"2021-2022";"93.89";"Trabajo social y orientación";"Ambos Sexos";"Exito"
"2020-2021";"94.4";"Trabajo social y orientación";"Ambos Sexos";"Exito"
"2019-2020";"97.6";"Trabajo social y orientación";"Ambos Sexos";"Exito"
"2018-2019";"90.29";"Trabajo social y orientación";"Ambos Sexos";"Exito"
"2017-2018";"90.71";"Trabajo social y orientación";"Ambos Sexos";"Exito"
"2016-2017";"89.89";"Trabajo social y orientación";"Ambos Sexos";"Exito"
"2015-2016";"89.68";"Trabajo social y orientación";"Ambos Sexos";"Exito"
"2022-2023";"79.74";"Total Servicios";"Ambos Sexos";"Exito"
"2021-2022";"82.35";"Total Servicios";"Ambos Sexos";"Exito"
"2020-2021";"77.71";"Total Servicios";"Ambos Sexos";"Exito"
"2019-2020";"92.86";"Total Servicios";"Ambos Sexos";"Exito"
"2018-2019";"86.59";"Total Servicios";"Ambos Sexos";"Exito"
"2017-2018";"82.65";"Total Servicios";"Ambos Sexos";"Exito"
"2016-2017";"86.8";"Total Servicios";"Ambos Sexos";"Exito"
"2015-2016";"81.95";"Total Servicios";"Ambos Sexos";"Exito"
"2022-2023";"..";"Deportes";"Ambos Sexos";"Exito"
"2021-2022";"..";"Deportes";"Ambos Sexos";"Exito"
"2020-2021";"..";"Deportes";"Ambos Sexos";"Exito"
"2019-2020";"..";"Deportes";"Ambos Sexos";"Exito"
"2018-2019";"..";"Deportes";"Ambos Sexos";"Exito"
"2017-2018";"..";"Deportes";"Ambos Sexos";"Exito"
"2016-2017";"..";"Deportes";"Ambos Sexos";"Exito"
"2015-2016";"..";"Deportes";"Ambos Sexos";"Exito"
"2022-2023";"79.74";"Turismo y Hostelería";"Ambos Sexos";"Exito"
"2021-2022";"82.35";"Turismo y Hostelería";"Ambos Sexos";"Exito"
"2020-2021";"77.71";"Turismo y Hostelería";"Ambos Sexos";"Exito"
"2019-2020";"92.86";"Turismo y Hostelería";"Ambos Sexos";"Exito"
"2018-2019";"86.59";"Turismo y Hostelería";"Ambos Sexos";"Exito"
"2017-2018";"82.65";"Turismo y Hostelería";"Ambos Sexos";"Exito"
"2016-2017";"86.8";"Turismo y Hostelería";"Ambos Sexos";"Exito"
"2015-2016";"81.95";"Turismo y Hostelería";"Ambos Sexos";"Exito"
"2022-2023";"..";"Otros Servicios";"Ambos Sexos";"Exito"
"2021-2022";"..";"Otros Servicios";"Ambos Sexos";"Exito"
"2020-2021";"..";"Otros Servicios";"Ambos Sexos";"Exito"
"2019-2020";"..";"Otros Servicios";"Ambos Sexos";"Exito"
"2018-2019";"..";"Otros Servicios";"Ambos Sexos";"Exito"
"2017-2018";"..";"Otros Servicios";"Ambos Sexos";"Exito"
"2016-2017";"..";"Otros Servicios";"Ambos Sexos";"Exito"
"2015-2016";"..";"Otros Servicios";"Ambos Sexos";"Exito"
"2022-2023";"???";"La Rioja";"Ambos Sexos";"Evaluacion"
"2021-2022";"???";"La Rioja";"Ambos Sexos";"Evaluacion"
"2020-2021";"???";"La Rioja";"Ambos Sexos";"Evaluacion"
"2019-2020";"???";"La Rioja";"Ambos Sexos";"Evaluacion"
"2018-2019";"???";"La Rioja";"Ambos Sexos";"Evaluacion"
"2017-2018";"???";"La Rioja";"Ambos Sexos";"Evaluacion"
"2016-2017";"???";"La Rioja";"Ambos Sexos";"Evaluacion"
"2015-2016";"???";"La Rioja";"Ambos Sexos";"Evaluacion"
"2022-2023";"91.47";"Todos los ámbitos";"Ambos Sexos";"Evaluacion"
"2021-2022";"90.62";"Todos los ámbitos";"Ambos Sexos";"Evaluacion"
"2020-2021";"91.81";"Todos los ámbitos";"Ambos Sexos";"Evaluacion"
"2019-2020";"93.87";"Todos los ámbitos";"Ambos Sexos";"Evaluacion"
"2018-2019";"90.38";"Todos los ámbitos";"Ambos Sexos";"Evaluacion"
"2017-2018";"90.57";"Todos los ámbitos";"Ambos Sexos";"Evaluacion"
"2016-2017";"90.56";"Todos los ámbitos";"Ambos Sexos";"Evaluacion"
"2015-2016";"90.8";"Todos los ámbitos";"Ambos Sexos";"Evaluacion"
"2022-2023";"96.19";"Total Educación";"Ambos Sexos";"Evaluacion"
"2021-2022";"95.59";"Total Educación";"Ambos Sexos";"Evaluacion"
"2020-2021";"96.2";"Total Educación";"Ambos Sexos";"Evaluacion"
"2019-2020";"96.99";"Total Educación";"Ambos Sexos";"Evaluacion"
"2018-2019";"94.28";"Total Educación";"Ambos Sexos";"Evaluacion"
"2017-2018";"94.99";"Total Educación";"Ambos Sexos";"Evaluacion"
"2016-2017";"94.64";"Total Educación";"Ambos Sexos";"Evaluacion"
"2015-2016";"94.79";"Total Educación";"Ambos Sexos";"Evaluacion"
"2022-2023";"96.95";"Formación de docentes de enseñanza infantil";"Ambos Sexos";"Evaluacion"
"2021-2022";"95.18";"Formación de docentes de enseñanza infantil";"Ambos Sexos";"Evaluacion"
"2020-2021";"95.51";"Formación de docentes de enseñanza infantil";"Ambos Sexos";"Evaluacion"
"2019-2020";"96.56";"Formación de docentes de enseñanza infantil";"Ambos Sexos";"Evaluacion"
"2018-2019";"92.05";"Formación de docentes de enseñanza infantil";"Ambos Sexos";"Evaluacion"
"2017-2018";"96.13";"Formación de docentes de enseñanza infantil";"Ambos Sexos";"Evaluacion"
"2016-2017";"93.81";"Formación de docentes de enseñanza infantil";"Ambos Sexos";"Evaluacion"
"2015-2016";"94.68";"Formación de docentes de enseñanza infantil";"Ambos Sexos";"Evaluacion"
"2022-2023";"95.83";"Formación de docentes de enseñanza primaria";"Ambos Sexos";"Evaluacion"
"2021-2022";"95.77";"Formación de docentes de enseñanza primaria";"Ambos Sexos";"Evaluacion"
"2020-2021";"96.53";"Formación de docentes de enseñanza primaria";"Ambos Sexos";"Evaluacion"
"2019-2020";"97.21";"Formación de docentes de enseñanza primaria";"Ambos Sexos";"Evaluacion"
"2018-2019";"95.45";"Formación de docentes de enseñanza primaria";"Ambos Sexos";"Evaluacion"
"2017-2018";"94.43";"Formación de docentes de enseñanza primaria";"Ambos Sexos";"Evaluacion"
"2016-2017";"95.06";"Formación de docentes de enseñanza primaria";"Ambos Sexos";"Evaluacion"
"2015-2016";"94.85";"Formación de docentes de enseñanza primaria";"Ambos Sexos";"Evaluacion"
"2022-2023";"..";"Otra Formación de personal docente y ciencias de la educación";"Ambos Sexos";"Evaluacion"
"2021-2022";"..";"Otra Formación de personal docente y ciencias de la educación";"Ambos Sexos";"Evaluacion"
"2020-2021";"..";"Otra Formación de personal docente y ciencias de la educación";"Ambos Sexos";"Evaluacion"
"2019-2020";"..";"Otra Formación de personal docente y ciencias de la educación";"Ambos Sexos";"Evaluacion"
"2018-2019";"..";"Otra Formación de personal docente y ciencias de la educación";"Ambos Sexos";"Evaluacion"
"2017-2018";"..";"Otra Formación de personal docente y ciencias de la educación";"Ambos Sexos";"Evaluacion"
"2016-2017";"..";"Otra Formación de personal docente y ciencias de la educación";"Ambos Sexos";"Evaluacion"
"2015-2016";"..";"Otra Formación de personal docente y ciencias de la educación";"Ambos Sexos";"Evaluacion"
"2022-2023";"87.06";"Total Artes y humanidades";"Ambos Sexos";"Evaluacion"
"2021-2022";"90.79";"Total Artes y humanidades";"Ambos Sexos";"Evaluacion"
"2020-2021";"90.32";"Total Artes y humanidades";"Ambos Sexos";"Evaluacion"
"2019-2020";"88.61";"Total Artes y humanidades";"Ambos Sexos";"Evaluacion"
"2018-2019";"90.24";"Total Artes y humanidades";"Ambos Sexos";"Evaluacion"
"2017-2018";"90.2";"Total Artes y humanidades";"Ambos Sexos";"Evaluacion"
"2016-2017";"86.7";"Total Artes y humanidades";"Ambos Sexos";"Evaluacion"
"2015-2016";"89.03";"Total Artes y humanidades";"Ambos Sexos";"Evaluacion"
"2022-2023";"..";"Técnicas audiovisuales y medios de comunicación";"Ambos Sexos";"Evaluacion"
"2021-2022";"..";"Técnicas audiovisuales y medios de comunicación";"Ambos Sexos";"Evaluacion"
"2020-2021";"..";"Técnicas audiovisuales y medios de comunicación";"Ambos Sexos";"Evaluacion"
"2019-2020";"..";"Técnicas audiovisuales y medios de comunicación";"Ambos Sexos";"Evaluacion"
"2018-2019";"..";"Técnicas audiovisuales y medios de comunicación";"Ambos Sexos";"Evaluacion"
"2017-2018";"..";"Técnicas audiovisuales y medios de comunicación";"Ambos Sexos";"Evaluacion"
"2016-2017";"..";"Técnicas audiovisuales y medios de comunicación";"Ambos Sexos";"Evaluacion"
"2015-2016";"..";"Técnicas audiovisuales y medios de comunicación";"Ambos Sexos";"Evaluacion"
"2022-2023";"..";"Artes";"Ambos Sexos";"Evaluacion"
"2021-2022";"..";"Artes";"Ambos Sexos";"Evaluacion"
"2020-2021";"..";"Artes";"Ambos Sexos";"Evaluacion"
"2019-2020";"..";"Artes";"Ambos Sexos";"Evaluacion"
"2018-2019";"..";"Artes";"Ambos Sexos";"Evaluacion"
"2017-2018";"..";"Artes";"Ambos Sexos";"Evaluacion"
"2016-2017";"..";"Artes";"Ambos Sexos";"Evaluacion"
"2015-2016";"..";"Artes";"Ambos Sexos";"Evaluacion"
"2022-2023";"87.06";"Lenguas";"Ambos Sexos";"Evaluacion"
"2021-2022";"90.79";"Lenguas";"Ambos Sexos";"Evaluacion"
"2020-2021";"90.32";"Lenguas";"Ambos Sexos";"Evaluacion"
"2019-2020";"88.61";"Lenguas";"Ambos Sexos";"Evaluacion"
"2018-2019";"90.24";"Lenguas";"Ambos Sexos";"Evaluacion"
"2017-2018";"90.2";"Lenguas";"Ambos Sexos";"Evaluacion"
"2016-2017";"86.7";"Lenguas";"Ambos Sexos";"Evaluacion"
"2015-2016";"89.03";"Lenguas";"Ambos Sexos";"Evaluacion"
"2022-2023";"..";"Humanidades";"Ambos Sexos";"Evaluacion"
"2021-2022";"..";"Humanidades";"Ambos Sexos";"Evaluacion"
"2020-2021";"..";"Humanidades";"Ambos Sexos";"Evaluacion"
"2019-2020";"..";"Humanidades";"Ambos Sexos";"Evaluacion"
"2018-2019";"..";"Humanidades";"Ambos Sexos";"Evaluacion"
"2017-2018";"..";"Humanidades";"Ambos Sexos";"Evaluacion"
"2016-2017";"..";"Humanidades";"Ambos Sexos";"Evaluacion"
"2015-2016";"..";"Humanidades";"Ambos Sexos";"Evaluacion"
"2022-2023";"91.09";"Total Ciencias sociales, periodismo y documentación";"Ambos Sexos";"Evaluacion"
"2021-2022";"93.54";"Total Ciencias sociales, periodismo y documentación";"Ambos Sexos";"Evaluacion"
"2020-2021";"94.24";"Total Ciencias sociales, periodismo y documentación";"Ambos Sexos";"Evaluacion"
"2019-2020";"94.51";"Total Ciencias sociales, periodismo y documentación";"Ambos Sexos";"Evaluacion"
"2018-2019";"88.89";"Total Ciencias sociales, periodismo y documentación";"Ambos Sexos";"Evaluacion"
"2017-2018";"94.34";"Total Ciencias sociales, periodismo y documentación";"Ambos Sexos";"Evaluacion"
"2016-2017";"93.61";"Total Ciencias sociales, periodismo y documentación";"Ambos Sexos";"Evaluacion"
"2015-2016";"90.34";"Total Ciencias sociales, periodismo y documentación";"Ambos Sexos";"Evaluacion"
"2022-2023";"..";"Psicología";"Ambos Sexos";"Evaluacion"
"2021-2022";"..";"Psicología";"Ambos Sexos";"Evaluacion"
"2020-2021";"..";"Psicología";"Ambos Sexos";"Evaluacion"
"2019-2020";"..";"Psicología";"Ambos Sexos";"Evaluacion"
"2018-2019";"..";"Psicología";"Ambos Sexos";"Evaluacion"
"2017-2018";"..";"Psicología";"Ambos Sexos";"Evaluacion"
"2016-2017";"..";"Psicología";"Ambos Sexos";"Evaluacion"
"2015-2016";"..";"Psicología";"Ambos Sexos";"Evaluacion"
"2022-2023";"..";"Economía";"Ambos Sexos";"Evaluacion"
"2021-2022";"..";"Economía";"Ambos Sexos";"Evaluacion"
"2020-2021";"..";"Economía";"Ambos Sexos";"Evaluacion"
"2019-2020";"..";"Economía";"Ambos Sexos";"Evaluacion"
"2018-2019";"..";"Economía";"Ambos Sexos";"Evaluacion"
"2017-2018";"..";"Economía";"Ambos Sexos";"Evaluacion"
"2016-2017";"..";"Economía";"Ambos Sexos";"Evaluacion"
"2015-2016";"..";"Economía";"Ambos Sexos";"Evaluacion"
"2022-2023";"91.09";"Otras Ciencias sociales y del comportamiento";"Ambos Sexos";"Evaluacion"
"2021-2022";"93.54";"Otras Ciencias sociales y del comportamiento";"Ambos Sexos";"Evaluacion"
"2020-2021";"94.24";"Otras Ciencias sociales y del comportamiento";"Ambos Sexos";"Evaluacion"
"2019-2020";"94.51";"Otras Ciencias sociales y del comportamiento";"Ambos Sexos";"Evaluacion"
"2018-2019";"88.89";"Otras Ciencias sociales y del comportamiento";"Ambos Sexos";"Evaluacion"
"2017-2018";"94.34";"Otras Ciencias sociales y del comportamiento";"Ambos Sexos";"Evaluacion"
"2016-2017";"93.61";"Otras Ciencias sociales y del comportamiento";"Ambos Sexos";"Evaluacion"
"2015-2016";"90.34";"Otras Ciencias sociales y del comportamiento";"Ambos Sexos";"Evaluacion"
"2022-2023";"..";"Periodismo e información";"Ambos Sexos";"Evaluacion"
"2021-2022";"..";"Periodismo e información";"Ambos Sexos";"Evaluacion"
"2020-2021";"..";"Periodismo e información";"Ambos Sexos";"Evaluacion"
"2019-2020";"..";"Periodismo e información";"Ambos Sexos";"Evaluacion"
"2018-2019";"..";"Periodismo e información";"Ambos Sexos";"Evaluacion"
"2017-2018";"..";"Periodismo e información";"Ambos Sexos";"Evaluacion"
"2016-2017";"..";"Periodismo e información";"Ambos Sexos";"Evaluacion"
"2015-2016";"..";"Periodismo e información";"Ambos Sexos";"Evaluacion"
"2022-2023";"88.99";"Total Negocios, administración y derecho";"Ambos Sexos";"Evaluacion"
"2021-2022";"87.1";"Total Negocios, administración y derecho";"Ambos Sexos";"Evaluacion"
"2020-2021";"90.66";"Total Negocios, administración y derecho";"Ambos Sexos";"Evaluacion"
"2019-2020";"93.68";"Total Negocios, administración y derecho";"Ambos Sexos";"Evaluacion"
"2018-2019";"86.66";"Total Negocios, administración y derecho";"Ambos Sexos";"Evaluacion"
"2017-2018";"87.02";"Total Negocios, administración y derecho";"Ambos Sexos";"Evaluacion"
"2016-2017";"87.15";"Total Negocios, administración y derecho";"Ambos Sexos";"Evaluacion"
"2015-2016";"89.26";"Total Negocios, administración y derecho";"Ambos Sexos";"Evaluacion"
"2022-2023";"87.89";"Administración y gestión de empresas";"Ambos Sexos";"Evaluacion"
"2021-2022";"86.34";"Administración y gestión de empresas";"Ambos Sexos";"Evaluacion"
"2020-2021";"90.55";"Administración y gestión de empresas";"Ambos Sexos";"Evaluacion"
"2019-2020";"94.21";"Administración y gestión de empresas";"Ambos Sexos";"Evaluacion"
"2018-2019";"86.52";"Administración y gestión de empresas";"Ambos Sexos";"Evaluacion"
"2017-2018";"86.82";"Administración y gestión de empresas";"Ambos Sexos";"Evaluacion"
"2016-2017";"87.62";"Administración y gestión de empresas";"Ambos Sexos";"Evaluacion"
"2015-2016";"89.11";"Administración y gestión de empresas";"Ambos Sexos";"Evaluacion"
"2022-2023";"..";"Otra Educación comercial y empresarial";"Ambos Sexos";"Evaluacion"
"2021-2022";"..";"Otra Educación comercial y empresarial";"Ambos Sexos";"Evaluacion"
"2020-2021";"..";"Otra Educación comercial y empresarial";"Ambos Sexos";"Evaluacion"
"2019-2020";"..";"Otra Educación comercial y empresarial";"Ambos Sexos";"Evaluacion"
"2018-2019";"..";"Otra Educación comercial y empresarial";"Ambos Sexos";"Evaluacion"
"2017-2018";"..";"Otra Educación comercial y empresarial";"Ambos Sexos";"Evaluacion"
"2016-2017";"..";"Otra Educación comercial y empresarial";"Ambos Sexos";"Evaluacion"
"2015-2016";"..";"Otra Educación comercial y empresarial";"Ambos Sexos";"Evaluacion"
"2022-2023";"91.91";"Derecho";"Ambos Sexos";"Evaluacion"
"2021-2022";"89.0";"Derecho";"Ambos Sexos";"Evaluacion"
"2020-2021";"90.97";"Derecho";"Ambos Sexos";"Evaluacion"
"2019-2020";"92.33";"Derecho";"Ambos Sexos";"Evaluacion"
"2018-2019";"87.05";"Derecho";"Ambos Sexos";"Evaluacion"
"2017-2018";"87.55";"Derecho";"Ambos Sexos";"Evaluacion"
"2016-2017";"85.96";"Derecho";"Ambos Sexos";"Evaluacion"
"2015-2016";"89.67";"Derecho";"Ambos Sexos";"Evaluacion"
"2022-2023";"89.3";"Total Ciencias";"Ambos Sexos";"Evaluacion"
"2021-2022";"85.95";"Total Ciencias";"Ambos Sexos";"Evaluacion"
"2020-2021";"87.1";"Total Ciencias";"Ambos Sexos";"Evaluacion"
"2019-2020";"93.6";"Total Ciencias";"Ambos Sexos";"Evaluacion"
"2018-2019";"85.25";"Total Ciencias";"Ambos Sexos";"Evaluacion"
"2017-2018";"85.81";"Total Ciencias";"Ambos Sexos";"Evaluacion"
"2016-2017";"87.85";"Total Ciencias";"Ambos Sexos";"Evaluacion"
"2015-2016";"86.51";"Total Ciencias";"Ambos Sexos";"Evaluacion"
"2022-2023";"..";"Ciencias de la vida";"Ambos Sexos";"Evaluacion"
"2021-2022";"..";"Ciencias de la vida";"Ambos Sexos";"Evaluacion"
"2020-2021";"..";"Ciencias de la vida";"Ambos Sexos";"Evaluacion"
"2019-2020";"..";"Ciencias de la vida";"Ambos Sexos";"Evaluacion"
"2018-2019";"..";"Ciencias de la vida";"Ambos Sexos";"Evaluacion"
"2017-2018";"..";"Ciencias de la vida";"Ambos Sexos";"Evaluacion"
"2016-2017";"..";"Ciencias de la vida";"Ambos Sexos";"Evaluacion"
"2015-2016";"..";"Ciencias de la vida";"Ambos Sexos";"Evaluacion"
"2022-2023";"88.96";"Ciencias Físicas, químicas, geológicas";"Ambos Sexos";"Evaluacion"
"2021-2022";"84.59";"Ciencias Físicas, químicas, geológicas";"Ambos Sexos";"Evaluacion"
"2020-2021";"87.06";"Ciencias Físicas, químicas, geológicas";"Ambos Sexos";"Evaluacion"
"2019-2020";"93.65";"Ciencias Físicas, químicas, geológicas";"Ambos Sexos";"Evaluacion"
"2018-2019";"83.18";"Ciencias Físicas, químicas, geológicas";"Ambos Sexos";"Evaluacion"
"2017-2018";"83.68";"Ciencias Físicas, químicas, geológicas";"Ambos Sexos";"Evaluacion"
"2016-2017";"86.93";"Ciencias Físicas, químicas, geológicas";"Ambos Sexos";"Evaluacion"
"2015-2016";"88.07";"Ciencias Físicas, químicas, geológicas";"Ambos Sexos";"Evaluacion"
"2022-2023";"89.75";"Matemáticas y Estadística";"Ambos Sexos";"Evaluacion"
"2021-2022";"87.81";"Matemáticas y Estadística";"Ambos Sexos";"Evaluacion"
"2020-2021";"87.15";"Matemáticas y Estadística";"Ambos Sexos";"Evaluacion"
"2019-2020";"93.54";"Matemáticas y Estadística";"Ambos Sexos";"Evaluacion"
"2018-2019";"87.73";"Matemáticas y Estadística";"Ambos Sexos";"Evaluacion"
"2017-2018";"88.88";"Matemáticas y Estadística";"Ambos Sexos";"Evaluacion"
"2016-2017";"89.26";"Matemáticas y Estadística";"Ambos Sexos";"Evaluacion"
"2015-2016";"83.81";"Matemáticas y Estadística";"Ambos Sexos";"Evaluacion"
"2022-2023";"89.96";"Total Informática";"Ambos Sexos";"Evaluacion"
"2021-2022";"91.91";"Total Informática";"Ambos Sexos";"Evaluacion"
"2020-2021";"91.69";"Total Informática";"Ambos Sexos";"Evaluacion"
"2019-2020";"92.1";"Total Informática";"Ambos Sexos";"Evaluacion"
"2018-2019";"92.74";"Total Informática";"Ambos Sexos";"Evaluacion"
"2017-2018";"91.1";"Total Informática";"Ambos Sexos";"Evaluacion"
"2016-2017";"92.02";"Total Informática";"Ambos Sexos";"Evaluacion"
"2015-2016";"90.57";"Total Informática";"Ambos Sexos";"Evaluacion"
"2022-2023";"89.96";"Informática";"Ambos Sexos";"Evaluacion"
"2021-2022";"91.91";"Informática";"Ambos Sexos";"Evaluacion"
"2020-2021";"91.69";"Informática";"Ambos Sexos";"Evaluacion"
"2019-2020";"92.1";"Informática";"Ambos Sexos";"Evaluacion"
"2018-2019";"92.74";"Informática";"Ambos Sexos";"Evaluacion"
"2017-2018";"91.1";"Informática";"Ambos Sexos";"Evaluacion"
"2016-2017";"92.02";"Informática";"Ambos Sexos";"Evaluacion"
"2015-2016";"90.57";"Informática";"Ambos Sexos";"Evaluacion"
"2022-2023";"86.35";"Total Ingeniería, industria y construcción";"Ambos Sexos";"Evaluacion"
"2021-2022";"82.14";"Total Ingeniería, industria y construcción";"Ambos Sexos";"Evaluacion"
"2020-2021";"84.19";"Total Ingeniería, industria y construcción";"Ambos Sexos";"Evaluacion"
"2019-2020";"86.97";"Total Ingeniería, industria y construcción";"Ambos Sexos";"Evaluacion"
"2018-2019";"86.28";"Total Ingeniería, industria y construcción";"Ambos Sexos";"Evaluacion"
"2017-2018";"84.07";"Total Ingeniería, industria y construcción";"Ambos Sexos";"Evaluacion"
"2016-2017";"84.79";"Total Ingeniería, industria y construcción";"Ambos Sexos";"Evaluacion"
"2015-2016";"84.84";"Total Ingeniería, industria y construcción";"Ambos Sexos";"Evaluacion"
"2022-2023";"86.35";"Ingenierías";"Ambos Sexos";"Evaluacion"
"2021-2022";"82.14";"Ingenierías";"Ambos Sexos";"Evaluacion"
"2020-2021";"84.19";"Ingenierías";"Ambos Sexos";"Evaluacion"
"2019-2020";"86.97";"Ingenierías";"Ambos Sexos";"Evaluacion"
"2018-2019";"86.28";"Ingenierías";"Ambos Sexos";"Evaluacion"
"2017-2018";"84.07";"Ingenierías";"Ambos Sexos";"Evaluacion"
"2016-2017";"84.79";"Ingenierías";"Ambos Sexos";"Evaluacion"
"2015-2016";"84.84";"Ingenierías";"Ambos Sexos";"Evaluacion"
"2022-2023";"..";"Arquitectura y construcción";"Ambos Sexos";"Evaluacion"
"2021-2022";"..";"Arquitectura y construcción";"Ambos Sexos";"Evaluacion"
"2020-2021";"..";"Arquitectura y construcción";"Ambos Sexos";"Evaluacion"
"2019-2020";"..";"Arquitectura y construcción";"Ambos Sexos";"Evaluacion"
"2018-2019";"..";"Arquitectura y construcción";"Ambos Sexos";"Evaluacion"
"2017-2018";"..";"Arquitectura y construcción";"Ambos Sexos";"Evaluacion"
"2016-2017";"..";"Arquitectura y construcción";"Ambos Sexos";"Evaluacion"
"2015-2016";"..";"Arquitectura y construcción";"Ambos Sexos";"Evaluacion"
"2022-2023";"80.21";"Total Agricultura, ganadería,  silvicultura, pesca, y veterinaria";"Ambos Sexos";"Evaluacion"
"2021-2022";"82.25";"Total Agricultura, ganadería,  silvicultura, pesca, y veterinaria";"Ambos Sexos";"Evaluacion"
"2020-2021";"83.14";"Total Agricultura, ganadería,  silvicultura, pesca, y veterinaria";"Ambos Sexos";"Evaluacion"
"2019-2020";"90.41";"Total Agricultura, ganadería,  silvicultura, pesca, y veterinaria";"Ambos Sexos";"Evaluacion"
"2018-2019";"82.69";"Total Agricultura, ganadería,  silvicultura, pesca, y veterinaria";"Ambos Sexos";"Evaluacion"
"2017-2018";"85.57";"Total Agricultura, ganadería,  silvicultura, pesca, y veterinaria";"Ambos Sexos";"Evaluacion"
"2016-2017";"82.84";"Total Agricultura, ganadería,  silvicultura, pesca, y veterinaria";"Ambos Sexos";"Evaluacion"
"2015-2016";"84.15";"Total Agricultura, ganadería,  silvicultura, pesca, y veterinaria";"Ambos Sexos";"Evaluacion"
"2022-2023";"80.21";"Agricultura, ganadería y pesca";"Ambos Sexos";"Evaluacion"
"2021-2022";"82.25";"Agricultura, ganadería y pesca";"Ambos Sexos";"Evaluacion"
"2020-2021";"83.14";"Agricultura, ganadería y pesca";"Ambos Sexos";"Evaluacion"
"2019-2020";"90.41";"Agricultura, ganadería y pesca";"Ambos Sexos";"Evaluacion"
"2018-2019";"82.69";"Agricultura, ganadería y pesca";"Ambos Sexos";"Evaluacion"
"2017-2018";"85.57";"Agricultura, ganadería y pesca";"Ambos Sexos";"Evaluacion"
"2016-2017";"82.84";"Agricultura, ganadería y pesca";"Ambos Sexos";"Evaluacion"
"2015-2016";"84.15";"Agricultura, ganadería y pesca";"Ambos Sexos";"Evaluacion"
"2022-2023";"..";"Veterinaria";"Ambos Sexos";"Evaluacion"
"2021-2022";"..";"Veterinaria";"Ambos Sexos";"Evaluacion"
"2020-2021";"..";"Veterinaria";"Ambos Sexos";"Evaluacion"
"2019-2020";"..";"Veterinaria";"Ambos Sexos";"Evaluacion"
"2018-2019";"..";"Veterinaria";"Ambos Sexos";"Evaluacion"
"2017-2018";"..";"Veterinaria";"Ambos Sexos";"Evaluacion"
"2016-2017";"..";"Veterinaria";"Ambos Sexos";"Evaluacion"
"2015-2016";"..";"Veterinaria";"Ambos Sexos";"Evaluacion"
"2022-2023";"97.54";"Total Salud y servicios sociales";"Ambos Sexos";"Evaluacion"
"2021-2022";"97.33";"Total Salud y servicios sociales";"Ambos Sexos";"Evaluacion"
"2020-2021";"97.77";"Total Salud y servicios sociales";"Ambos Sexos";"Evaluacion"
"2019-2020";"97.59";"Total Salud y servicios sociales";"Ambos Sexos";"Evaluacion"
"2018-2019";"96.01";"Total Salud y servicios sociales";"Ambos Sexos";"Evaluacion"
"2017-2018";"96.82";"Total Salud y servicios sociales";"Ambos Sexos";"Evaluacion"
"2016-2017";"96.75";"Total Salud y servicios sociales";"Ambos Sexos";"Evaluacion"
"2015-2016";"95.75";"Total Salud y servicios sociales";"Ambos Sexos";"Evaluacion"
"2022-2023";"..";"Medicina";"Ambos Sexos";"Evaluacion"
"2021-2022";"..";"Medicina";"Ambos Sexos";"Evaluacion"
"2020-2021";"..";"Medicina";"Ambos Sexos";"Evaluacion"
"2019-2020";"..";"Medicina";"Ambos Sexos";"Evaluacion"
"2018-2019";"..";"Medicina";"Ambos Sexos";"Evaluacion"
"2017-2018";"..";"Medicina";"Ambos Sexos";"Evaluacion"
"2016-2017";"..";"Medicina";"Ambos Sexos";"Evaluacion"
"2015-2016";"..";"Medicina";"Ambos Sexos";"Evaluacion"
"2022-2023";"99.11";"Enfermería y atención a enfermos";"Ambos Sexos";"Evaluacion"
"2021-2022";"99.12";"Enfermería y atención a enfermos";"Ambos Sexos";"Evaluacion"
"2020-2021";"98.89";"Enfermería y atención a enfermos";"Ambos Sexos";"Evaluacion"
"2019-2020";"98.53";"Enfermería y atención a enfermos";"Ambos Sexos";"Evaluacion"
"2018-2019";"98.43";"Enfermería y atención a enfermos";"Ambos Sexos";"Evaluacion"
"2017-2018";"98.28";"Enfermería y atención a enfermos";"Ambos Sexos";"Evaluacion"
"2016-2017";"98.69";"Enfermería y atención a enfermos";"Ambos Sexos";"Evaluacion"
"2015-2016";"97.38";"Enfermería y atención a enfermos";"Ambos Sexos";"Evaluacion"
"2022-2023";"..";"Otras ciencias de la Salud";"Ambos Sexos";"Evaluacion"
"2021-2022";"..";"Otras ciencias de la Salud";"Ambos Sexos";"Evaluacion"
"2020-2021";"..";"Otras ciencias de la Salud";"Ambos Sexos";"Evaluacion"
"2019-2020";"..";"Otras ciencias de la Salud";"Ambos Sexos";"Evaluacion"
"2018-2019";"..";"Otras ciencias de la Salud";"Ambos Sexos";"Evaluacion"
"2017-2018";"..";"Otras ciencias de la Salud";"Ambos Sexos";"Evaluacion"
"2016-2017";"..";"Otras ciencias de la Salud";"Ambos Sexos";"Evaluacion"
"2015-2016";"..";"Otras ciencias de la Salud";"Ambos Sexos";"Evaluacion"
"2022-2023";"95.06";"Trabajo social y orientación";"Ambos Sexos";"Evaluacion"
"2021-2022";"94.3";"Trabajo social y orientación";"Ambos Sexos";"Evaluacion"
"2020-2021";"95.84";"Trabajo social y orientación";"Ambos Sexos";"Evaluacion"
"2019-2020";"96.03";"Trabajo social y orientación";"Ambos Sexos";"Evaluacion"
"2018-2019";"92.09";"Trabajo social y orientación";"Ambos Sexos";"Evaluacion"
"2017-2018";"94.38";"Trabajo social y orientación";"Ambos Sexos";"Evaluacion"
"2016-2017";"93.63";"Trabajo social y orientación";"Ambos Sexos";"Evaluacion"
"2015-2016";"92.9";"Trabajo social y orientación";"Ambos Sexos";"Evaluacion"
"2022-2023";"85.27";"Total Servicios";"Ambos Sexos";"Evaluacion"
"2021-2022";"89.62";"Total Servicios";"Ambos Sexos";"Evaluacion"
"2020-2021";"84.41";"Total Servicios";"Ambos Sexos";"Evaluacion"
"2019-2020";"92.03";"Total Servicios";"Ambos Sexos";"Evaluacion"
"2018-2019";"90.55";"Total Servicios";"Ambos Sexos";"Evaluacion"
"2017-2018";"89.95";"Total Servicios";"Ambos Sexos";"Evaluacion"
"2016-2017";"93.21";"Total Servicios";"Ambos Sexos";"Evaluacion"
"2015-2016";"94.53";"Total Servicios";"Ambos Sexos";"Evaluacion"
"2022-2023";"..";"Deportes";"Ambos Sexos";"Evaluacion"
"2021-2022";"..";"Deportes";"Ambos Sexos";"Evaluacion"
"2020-2021";"..";"Deportes";"Ambos Sexos";"Evaluacion"
"2019-2020";"..";"Deportes";"Ambos Sexos";"Evaluacion"
"2018-2019";"..";"Deportes";"Ambos Sexos";"Evaluacion"
"2017-2018";"..";"Deportes";"Ambos Sexos";"Evaluacion"
"2016-2017";"..";"Deportes";"Ambos Sexos";"Evaluacion"
"2015-2016";"..";"Deportes";"Ambos Sexos";"Evaluacion"
"2022-2023";"85.27";"Turismo y Hostelería";"Ambos Sexos";"Evaluacion"
"2021-2022";"89.62";"Turismo y Hostelería";"Ambos Sexos";"Evaluacion"
"2020-2021";"84.41";"Turismo y Hostelería";"Ambos Sexos";"Evaluacion"
"2019-2020";"92.03";"Turismo y Hostelería";"Ambos Sexos";"Evaluacion"
"2018-2019";"90.55";"Turismo y Hostelería";"Ambos Sexos";"Evaluacion"
"2017-2018";"89.95";"Turismo y Hostelería";"Ambos Sexos";"Evaluacion"
"2016-2017";"93.21";"Turismo y Hostelería";"Ambos Sexos";"Evaluacion"
"2015-2016";"94.53";"Turismo y Hostelería";"Ambos Sexos";"Evaluacion"
"2022-2023";"..";"Otros Servicios";"Ambos Sexos";"Evaluacion"
"2021-2022";"..";"Otros Servicios";"Ambos Sexos";"Evaluacion"
"2020-2021";"..";"Otros Servicios";"Ambos Sexos";"Evaluacion"
"2019-2020";"..";"Otros Servicios";"Ambos Sexos";"Evaluacion"
"2018-2019";"..";"Otros Servicios";"Ambos Sexos";"Evaluacion"
"2017-2018";"..";"Otros Servicios";"Ambos Sexos";"Evaluacion"
"2016-2017";"..";"Otros Servicios";"Ambos Sexos";"Evaluacion"
"2015-2016";"..";"Otros Servicios";"Ambos Sexos";"Evaluacion"
"2022-2023";"???";"La Rioja";"Hombres";"Rendimiento"
"2021-2022";"???";"La Rioja";"Hombres";"Rendimiento"
"2020-2021";"???";"La Rioja";"Hombres";"Rendimiento"
"2019-2020";"???";"La Rioja";"Hombres";"Rendimiento"
"2018-2019";"???";"La Rioja";"Hombres";"Rendimiento"
"2017-2018";"???";"La Rioja";"Hombres";"Rendimiento"
"2016-2017";"???";"La Rioja";"Hombres";"Rendimiento"
"2015-2016";"???";"La Rioja";"Hombres";"Rendimiento"
"2022-2023";"73.0";"Todos los ámbitos";"Hombres";"Rendimiento"
"2021-2022";"72.9";"Todos los ámbitos";"Hombres";"Rendimiento"
"2020-2021";"72.95";"Todos los ámbitos";"Hombres";"Rendimiento"
"2019-2020";"81.05";"Todos los ámbitos";"Hombres";"Rendimiento"
"2018-2019";"72.66";"Todos los ámbitos";"Hombres";"Rendimiento"
"2017-2018";"71.16";"Todos los ámbitos";"Hombres";"Rendimiento"
"2016-2017";"72.69";"Todos los ámbitos";"Hombres";"Rendimiento"
"2015-2016";"71.89";"Todos los ámbitos";"Hombres";"Rendimiento"
"2022-2023";"85.07";"Total Educación";"Hombres";"Rendimiento"
"2021-2022";"83.28";"Total Educación";"Hombres";"Rendimiento"
"2020-2021";"83.42";"Total Educación";"Hombres";"Rendimiento"
"2019-2020";"90.18";"Total Educación";"Hombres";"Rendimiento"
"2018-2019";"83.1";"Total Educación";"Hombres";"Rendimiento"
"2017-2018";"80.68";"Total Educación";"Hombres";"Rendimiento"
"2016-2017";"81.21";"Total Educación";"Hombres";"Rendimiento"
"2015-2016";"85.39";"Total Educación";"Hombres";"Rendimiento"
"2022-2023";"..";"Formación de docentes de enseñanza infantil";"Hombres";"Rendimiento"
"2021-2022";"..";"Formación de docentes de enseñanza infantil";"Hombres";"Rendimiento"
"2020-2021";"72.26";"Formación de docentes de enseñanza infantil";"Hombres";"Rendimiento"
"2019-2020";"87.64";"Formación de docentes de enseñanza infantil";"Hombres";"Rendimiento"
"2018-2019";"..";"Formación de docentes de enseñanza infantil";"Hombres";"Rendimiento"
"2017-2018";"..";"Formación de docentes de enseñanza infantil";"Hombres";"Rendimiento"
"2016-2017";"..";"Formación de docentes de enseñanza infantil";"Hombres";"Rendimiento"
"2015-2016";"..";"Formación de docentes de enseñanza infantil";"Hombres";"Rendimiento"
"2022-2023";"84.8";"Formación de docentes de enseñanza primaria";"Hombres";"Rendimiento"
"2021-2022";"83.83";"Formación de docentes de enseñanza primaria";"Hombres";"Rendimiento"
"2020-2021";"84.68";"Formación de docentes de enseñanza primaria";"Hombres";"Rendimiento"
"2019-2020";"90.48";"Formación de docentes de enseñanza primaria";"Hombres";"Rendimiento"
"2018-2019";"83.71";"Formación de docentes de enseñanza primaria";"Hombres";"Rendimiento"
"2017-2018";"80.12";"Formación de docentes de enseñanza primaria";"Hombres";"Rendimiento"
"2016-2017";"81.43";"Formación de docentes de enseñanza primaria";"Hombres";"Rendimiento"
"2015-2016";"84.74";"Formación de docentes de enseñanza primaria";"Hombres";"Rendimiento"
"2022-2023";"..";"Otra Formación de personal docente y ciencias de la educación";"Hombres";"Rendimiento"
"2021-2022";"..";"Otra Formación de personal docente y ciencias de la educación";"Hombres";"Rendimiento"
"2020-2021";"..";"Otra Formación de personal docente y ciencias de la educación";"Hombres";"Rendimiento"
"2019-2020";"..";"Otra Formación de personal docente y ciencias de la educación";"Hombres";"Rendimiento"
"2018-2019";"..";"Otra Formación de personal docente y ciencias de la educación";"Hombres";"Rendimiento"
"2017-2018";"..";"Otra Formación de personal docente y ciencias de la educación";"Hombres";"Rendimiento"
"2016-2017";"..";"Otra Formación de personal docente y ciencias de la educación";"Hombres";"Rendimiento"
"2015-2016";"..";"Otra Formación de personal docente y ciencias de la educación";"Hombres";"Rendimiento"
"2022-2023";"78.2";"Total Artes y humanidades";"Hombres";"Rendimiento"
"2021-2022";"79.09";"Total Artes y humanidades";"Hombres";"Rendimiento"
"2020-2021";"70.08";"Total Artes y humanidades";"Hombres";"Rendimiento"
"2019-2020";"67.42";"Total Artes y humanidades";"Hombres";"Rendimiento"
"2018-2019";"70.9";"Total Artes y humanidades";"Hombres";"Rendimiento"
"2017-2018";"69.32";"Total Artes y humanidades";"Hombres";"Rendimiento"
"2016-2017";"78.55";"Total Artes y humanidades";"Hombres";"Rendimiento"
"2015-2016";"76.88";"Total Artes y humanidades";"Hombres";"Rendimiento"
"2022-2023";"..";"Técnicas audiovisuales y medios de comunicación";"Hombres";"Rendimiento"
"2021-2022";"..";"Técnicas audiovisuales y medios de comunicación";"Hombres";"Rendimiento"
"2020-2021";"..";"Técnicas audiovisuales y medios de comunicación";"Hombres";"Rendimiento"
"2019-2020";"..";"Técnicas audiovisuales y medios de comunicación";"Hombres";"Rendimiento"
"2018-2019";"..";"Técnicas audiovisuales y medios de comunicación";"Hombres";"Rendimiento"
"2017-2018";"..";"Técnicas audiovisuales y medios de comunicación";"Hombres";"Rendimiento"
"2016-2017";"..";"Técnicas audiovisuales y medios de comunicación";"Hombres";"Rendimiento"
"2015-2016";"..";"Técnicas audiovisuales y medios de comunicación";"Hombres";"Rendimiento"
"2022-2023";"..";"Artes";"Hombres";"Rendimiento"
"2021-2022";"..";"Artes";"Hombres";"Rendimiento"
"2020-2021";"..";"Artes";"Hombres";"Rendimiento"
"2019-2020";"..";"Artes";"Hombres";"Rendimiento"
"2018-2019";"..";"Artes";"Hombres";"Rendimiento"
"2017-2018";"..";"Artes";"Hombres";"Rendimiento"
"2016-2017";"..";"Artes";"Hombres";"Rendimiento"
"2015-2016";"..";"Artes";"Hombres";"Rendimiento"
"2022-2023";"78.2";"Lenguas";"Hombres";"Rendimiento"
"2021-2022";"79.09";"Lenguas";"Hombres";"Rendimiento"
"2020-2021";"70.08";"Lenguas";"Hombres";"Rendimiento"
"2019-2020";"67.42";"Lenguas";"Hombres";"Rendimiento"
"2018-2019";"70.9";"Lenguas";"Hombres";"Rendimiento"
"2017-2018";"69.32";"Lenguas";"Hombres";"Rendimiento"
"2016-2017";"78.55";"Lenguas";"Hombres";"Rendimiento"
"2015-2016";"76.88";"Lenguas";"Hombres";"Rendimiento"
"2022-2023";"..";"Humanidades";"Hombres";"Rendimiento"
"2021-2022";"..";"Humanidades";"Hombres";"Rendimiento"
"2020-2021";"..";"Humanidades";"Hombres";"Rendimiento"
"2019-2020";"..";"Humanidades";"Hombres";"Rendimiento"
"2018-2019";"..";"Humanidades";"Hombres";"Rendimiento"
"2017-2018";"..";"Humanidades";"Hombres";"Rendimiento"
"2016-2017";"..";"Humanidades";"Hombres";"Rendimiento"
"2015-2016";"..";"Humanidades";"Hombres";"Rendimiento"
"2022-2023";"79.93";"Total Ciencias sociales, periodismo y documentación";"Hombres";"Rendimiento"
"2021-2022";"82.94";"Total Ciencias sociales, periodismo y documentación";"Hombres";"Rendimiento"
"2020-2021";"86.3";"Total Ciencias sociales, periodismo y documentación";"Hombres";"Rendimiento"
"2019-2020";"89.62";"Total Ciencias sociales, periodismo y documentación";"Hombres";"Rendimiento"
"2018-2019";"79.18";"Total Ciencias sociales, periodismo y documentación";"Hombres";"Rendimiento"
"2017-2018";"86.98";"Total Ciencias sociales, periodismo y documentación";"Hombres";"Rendimiento"
"2016-2017";"85.6";"Total Ciencias sociales, periodismo y documentación";"Hombres";"Rendimiento"
"2015-2016";"81.84";"Total Ciencias sociales, periodismo y documentación";"Hombres";"Rendimiento"
"2022-2023";"..";"Psicología";"Hombres";"Rendimiento"
"2021-2022";"..";"Psicología";"Hombres";"Rendimiento"
"2020-2021";"..";"Psicología";"Hombres";"Rendimiento"
"2019-2020";"..";"Psicología";"Hombres";"Rendimiento"
"2018-2019";"..";"Psicología";"Hombres";"Rendimiento"
"2017-2018";"..";"Psicología";"Hombres";"Rendimiento"
"2016-2017";"..";"Psicología";"Hombres";"Rendimiento"
"2015-2016";"..";"Psicología";"Hombres";"Rendimiento"
"2022-2023";"..";"Economía";"Hombres";"Rendimiento"
"2021-2022";"..";"Economía";"Hombres";"Rendimiento"
"2020-2021";"..";"Economía";"Hombres";"Rendimiento"
"2019-2020";"..";"Economía";"Hombres";"Rendimiento"
"2018-2019";"..";"Economía";"Hombres";"Rendimiento"
"2017-2018";"..";"Economía";"Hombres";"Rendimiento"
"2016-2017";"..";"Economía";"Hombres";"Rendimiento"
"2015-2016";"..";"Economía";"Hombres";"Rendimiento"
"2022-2023";"79.93";"Otras Ciencias sociales y del comportamiento";"Hombres";"Rendimiento"
"2021-2022";"82.94";"Otras Ciencias sociales y del comportamiento";"Hombres";"Rendimiento"
"2020-2021";"86.3";"Otras Ciencias sociales y del comportamiento";"Hombres";"Rendimiento"
"2019-2020";"89.62";"Otras Ciencias sociales y del comportamiento";"Hombres";"Rendimiento"
"2018-2019";"79.18";"Otras Ciencias sociales y del comportamiento";"Hombres";"Rendimiento"
"2017-2018";"86.98";"Otras Ciencias sociales y del comportamiento";"Hombres";"Rendimiento"
"2016-2017";"85.6";"Otras Ciencias sociales y del comportamiento";"Hombres";"Rendimiento"
"2015-2016";"81.84";"Otras Ciencias sociales y del comportamiento";"Hombres";"Rendimiento"
"2022-2023";"..";"Periodismo e información";"Hombres";"Rendimiento"
"2021-2022";"..";"Periodismo e información";"Hombres";"Rendimiento"
"2020-2021";"..";"Periodismo e información";"Hombres";"Rendimiento"
"2019-2020";"..";"Periodismo e información";"Hombres";"Rendimiento"
"2018-2019";"..";"Periodismo e información";"Hombres";"Rendimiento"
"2017-2018";"..";"Periodismo e información";"Hombres";"Rendimiento"
"2016-2017";"..";"Periodismo e información";"Hombres";"Rendimiento"
"2015-2016";"..";"Periodismo e información";"Hombres";"Rendimiento"
"2022-2023";"62.95";"Total Negocios, administración y derecho";"Hombres";"Rendimiento"
"2021-2022";"63.6";"Total Negocios, administración y derecho";"Hombres";"Rendimiento"
"2020-2021";"67.92";"Total Negocios, administración y derecho";"Hombres";"Rendimiento"
"2019-2020";"80.53";"Total Negocios, administración y derecho";"Hombres";"Rendimiento"
"2018-2019";"67.32";"Total Negocios, administración y derecho";"Hombres";"Rendimiento"
"2017-2018";"66.33";"Total Negocios, administración y derecho";"Hombres";"Rendimiento"
"2016-2017";"71.53";"Total Negocios, administración y derecho";"Hombres";"Rendimiento"
"2015-2016";"68.93";"Total Negocios, administración y derecho";"Hombres";"Rendimiento"
"2022-2023";"59.85";"Administración y gestión de empresas";"Hombres";"Rendimiento"
"2021-2022";"61.5";"Administración y gestión de empresas";"Hombres";"Rendimiento"
"2020-2021";"66.33";"Administración y gestión de empresas";"Hombres";"Rendimiento"
"2019-2020";"78.55";"Administración y gestión de empresas";"Hombres";"Rendimiento"
"2018-2019";"65.66";"Administración y gestión de empresas";"Hombres";"Rendimiento"
"2017-2018";"62.56";"Administración y gestión de empresas";"Hombres";"Rendimiento"
"2016-2017";"68.34";"Administración y gestión de empresas";"Hombres";"Rendimiento"
"2015-2016";"67.6";"Administración y gestión de empresas";"Hombres";"Rendimiento"
"2022-2023";"..";"Otra Educación comercial y empresarial";"Hombres";"Rendimiento"
"2021-2022";"..";"Otra Educación comercial y empresarial";"Hombres";"Rendimiento"
"2020-2021";"..";"Otra Educación comercial y empresarial";"Hombres";"Rendimiento"
"2019-2020";"..";"Otra Educación comercial y empresarial";"Hombres";"Rendimiento"
"2018-2019";"..";"Otra Educación comercial y empresarial";"Hombres";"Rendimiento"
"2017-2018";"..";"Otra Educación comercial y empresarial";"Hombres";"Rendimiento"
"2016-2017";"..";"Otra Educación comercial y empresarial";"Hombres";"Rendimiento"
"2015-2016";"..";"Otra Educación comercial y empresarial";"Hombres";"Rendimiento"
"2022-2023";"74.23";"Derecho";"Hombres";"Rendimiento"
"2021-2022";"70.9";"Derecho";"Hombres";"Rendimiento"
"2020-2021";"73.6";"Derecho";"Hombres";"Rendimiento"
"2019-2020";"86.68";"Derecho";"Hombres";"Rendimiento"
"2018-2019";"73.17";"Derecho";"Hombres";"Rendimiento"
"2017-2018";"78.2";"Derecho";"Hombres";"Rendimiento"
"2016-2017";"81.77";"Derecho";"Hombres";"Rendimiento"
"2015-2016";"73.49";"Derecho";"Hombres";"Rendimiento"
"2022-2023";"77.54";"Total Ciencias";"Hombres";"Rendimiento"
"2021-2022";"72.25";"Total Ciencias";"Hombres";"Rendimiento"
"2020-2021";"71.8";"Total Ciencias";"Hombres";"Rendimiento"
"2019-2020";"81.54";"Total Ciencias";"Hombres";"Rendimiento"
"2018-2019";"67.61";"Total Ciencias";"Hombres";"Rendimiento"
"2017-2018";"67.3";"Total Ciencias";"Hombres";"Rendimiento"
"2016-2017";"66.9";"Total Ciencias";"Hombres";"Rendimiento"
"2015-2016";"63.71";"Total Ciencias";"Hombres";"Rendimiento"
"2022-2023";"..";"Ciencias de la vida";"Hombres";"Rendimiento"
"2021-2022";"..";"Ciencias de la vida";"Hombres";"Rendimiento"
"2020-2021";"..";"Ciencias de la vida";"Hombres";"Rendimiento"
"2019-2020";"..";"Ciencias de la vida";"Hombres";"Rendimiento"
"2018-2019";"..";"Ciencias de la vida";"Hombres";"Rendimiento"
"2017-2018";"..";"Ciencias de la vida";"Hombres";"Rendimiento"
"2016-2017";"..";"Ciencias de la vida";"Hombres";"Rendimiento"
"2015-2016";"..";"Ciencias de la vida";"Hombres";"Rendimiento"
"2022-2023";"70.04";"Ciencias Físicas, químicas, geológicas";"Hombres";"Rendimiento"
"2021-2022";"64.65";"Ciencias Físicas, químicas, geológicas";"Hombres";"Rendimiento"
"2020-2021";"63.73";"Ciencias Físicas, químicas, geológicas";"Hombres";"Rendimiento"
"2019-2020";"79.23";"Ciencias Físicas, químicas, geológicas";"Hombres";"Rendimiento"
"2018-2019";"63.14";"Ciencias Físicas, químicas, geológicas";"Hombres";"Rendimiento"
"2017-2018";"61.05";"Ciencias Físicas, químicas, geológicas";"Hombres";"Rendimiento"
"2016-2017";"59.65";"Ciencias Físicas, químicas, geológicas";"Hombres";"Rendimiento"
"2015-2016";"64.92";"Ciencias Físicas, químicas, geológicas";"Hombres";"Rendimiento"
"2022-2023";"83.33";"Matemáticas y Estadística";"Hombres";"Rendimiento"
"2021-2022";"78.75";"Matemáticas y Estadística";"Hombres";"Rendimiento"
"2020-2021";"78.38";"Matemáticas y Estadística";"Hombres";"Rendimiento"
"2019-2020";"83.51";"Matemáticas y Estadística";"Hombres";"Rendimiento"
"2018-2019";"71.37";"Matemáticas y Estadística";"Hombres";"Rendimiento"
"2017-2018";"74.23";"Matemáticas y Estadística";"Hombres";"Rendimiento"
"2016-2017";"74.43";"Matemáticas y Estadística";"Hombres";"Rendimiento"
"2015-2016";"62.28";"Matemáticas y Estadística";"Hombres";"Rendimiento"
"2022-2023";"74.82";"Total Informática";"Hombres";"Rendimiento"
"2021-2022";"79.51";"Total Informática";"Hombres";"Rendimiento"
"2020-2021";"76.61";"Total Informática";"Hombres";"Rendimiento"
"2019-2020";"84.06";"Total Informática";"Hombres";"Rendimiento"
"2018-2019";"76.11";"Total Informática";"Hombres";"Rendimiento"
"2017-2018";"74.79";"Total Informática";"Hombres";"Rendimiento"
"2016-2017";"72.66";"Total Informática";"Hombres";"Rendimiento"
"2015-2016";"69.83";"Total Informática";"Hombres";"Rendimiento"
"2022-2023";"74.82";"Informática";"Hombres";"Rendimiento"
"2021-2022";"79.51";"Informática";"Hombres";"Rendimiento"
"2020-2021";"76.61";"Informática";"Hombres";"Rendimiento"
"2019-2020";"84.06";"Informática";"Hombres";"Rendimiento"
"2018-2019";"76.11";"Informática";"Hombres";"Rendimiento"
"2017-2018";"74.79";"Informática";"Hombres";"Rendimiento"
"2016-2017";"72.66";"Informática";"Hombres";"Rendimiento"
"2015-2016";"69.83";"Informática";"Hombres";"Rendimiento"
"2022-2023";"65.89";"Total Ingeniería, industria y construcción";"Hombres";"Rendimiento"
"2021-2022";"61.67";"Total Ingeniería, industria y construcción";"Hombres";"Rendimiento"
"2020-2021";"63.98";"Total Ingeniería, industria y construcción";"Hombres";"Rendimiento"
"2019-2020";"68.95";"Total Ingeniería, industria y construcción";"Hombres";"Rendimiento"
"2018-2019";"68.8";"Total Ingeniería, industria y construcción";"Hombres";"Rendimiento"
"2017-2018";"64.6";"Total Ingeniería, industria y construcción";"Hombres";"Rendimiento"
"2016-2017";"65.53";"Total Ingeniería, industria y construcción";"Hombres";"Rendimiento"
"2015-2016";"67.0";"Total Ingeniería, industria y construcción";"Hombres";"Rendimiento"
"2022-2023";"65.89";"Ingenierías";"Hombres";"Rendimiento"
"2021-2022";"61.67";"Ingenierías";"Hombres";"Rendimiento"
"2020-2021";"63.98";"Ingenierías";"Hombres";"Rendimiento"
"2019-2020";"68.95";"Ingenierías";"Hombres";"Rendimiento"
"2018-2019";"68.8";"Ingenierías";"Hombres";"Rendimiento"
"2017-2018";"64.6";"Ingenierías";"Hombres";"Rendimiento"
"2016-2017";"65.53";"Ingenierías";"Hombres";"Rendimiento"
"2015-2016";"67.0";"Ingenierías";"Hombres";"Rendimiento"
"2022-2023";"..";"Arquitectura y construcción";"Hombres";"Rendimiento"
"2021-2022";"..";"Arquitectura y construcción";"Hombres";"Rendimiento"
"2020-2021";"..";"Arquitectura y construcción";"Hombres";"Rendimiento"
"2019-2020";"..";"Arquitectura y construcción";"Hombres";"Rendimiento"
"2018-2019";"..";"Arquitectura y construcción";"Hombres";"Rendimiento"
"2017-2018";"..";"Arquitectura y construcción";"Hombres";"Rendimiento"
"2016-2017";"..";"Arquitectura y construcción";"Hombres";"Rendimiento"
"2015-2016";"..";"Arquitectura y construcción";"Hombres";"Rendimiento"
"2022-2023";"59.51";"Total Agricultura, ganadería,  silvicultura, pesca, y veterinaria";"Hombres";"Rendimiento"
"2021-2022";"67.77";"Total Agricultura, ganadería,  silvicultura, pesca, y veterinaria";"Hombres";"Rendimiento"
"2020-2021";"60.51";"Total Agricultura, ganadería,  silvicultura, pesca, y veterinaria";"Hombres";"Rendimiento"
"2019-2020";"79.94";"Total Agricultura, ganadería,  silvicultura, pesca, y veterinaria";"Hombres";"Rendimiento"
"2018-2019";"65.52";"Total Agricultura, ganadería,  silvicultura, pesca, y veterinaria";"Hombres";"Rendimiento"
"2017-2018";"69.58";"Total Agricultura, ganadería,  silvicultura, pesca, y veterinaria";"Hombres";"Rendimiento"
"2016-2017";"66.65";"Total Agricultura, ganadería,  silvicultura, pesca, y veterinaria";"Hombres";"Rendimiento"
"2015-2016";"60.95";"Total Agricultura, ganadería,  silvicultura, pesca, y veterinaria";"Hombres";"Rendimiento"
"2022-2023";"59.51";"Agricultura, ganadería y pesca";"Hombres";"Rendimiento"
"2021-2022";"67.77";"Agricultura, ganadería y pesca";"Hombres";"Rendimiento"
"2020-2021";"60.51";"Agricultura, ganadería y pesca";"Hombres";"Rendimiento"
"2019-2020";"79.94";"Agricultura, ganadería y pesca";"Hombres";"Rendimiento"
"2018-2019";"65.52";"Agricultura, ganadería y pesca";"Hombres";"Rendimiento"
"2017-2018";"69.58";"Agricultura, ganadería y pesca";"Hombres";"Rendimiento"
"2016-2017";"66.65";"Agricultura, ganadería y pesca";"Hombres";"Rendimiento"
"2015-2016";"60.95";"Agricultura, ganadería y pesca";"Hombres";"Rendimiento"
"2022-2023";"..";"Veterinaria";"Hombres";"Rendimiento"
"2021-2022";"..";"Veterinaria";"Hombres";"Rendimiento"
"2020-2021";"..";"Veterinaria";"Hombres";"Rendimiento"
"2019-2020";"..";"Veterinaria";"Hombres";"Rendimiento"
"2018-2019";"..";"Veterinaria";"Hombres";"Rendimiento"
"2017-2018";"..";"Veterinaria";"Hombres";"Rendimiento"
"2016-2017";"..";"Veterinaria";"Hombres";"Rendimiento"
"2015-2016";"..";"Veterinaria";"Hombres";"Rendimiento"
"2022-2023";"91.06";"Total Salud y servicios sociales";"Hombres";"Rendimiento"
"2021-2022";"92.71";"Total Salud y servicios sociales";"Hombres";"Rendimiento"
"2020-2021";"88.85";"Total Salud y servicios sociales";"Hombres";"Rendimiento"
"2019-2020";"93.7";"Total Salud y servicios sociales";"Hombres";"Rendimiento"
"2018-2019";"84.65";"Total Salud y servicios sociales";"Hombres";"Rendimiento"
"2017-2018";"86.39";"Total Salud y servicios sociales";"Hombres";"Rendimiento"
"2016-2017";"86.92";"Total Salud y servicios sociales";"Hombres";"Rendimiento"
"2015-2016";"84.37";"Total Salud y servicios sociales";"Hombres";"Rendimiento"
"2022-2023";"..";"Medicina";"Hombres";"Rendimiento"
"2021-2022";"..";"Medicina";"Hombres";"Rendimiento"
"2020-2021";"..";"Medicina";"Hombres";"Rendimiento"
"2019-2020";"..";"Medicina";"Hombres";"Rendimiento"
"2018-2019";"..";"Medicina";"Hombres";"Rendimiento"
"2017-2018";"..";"Medicina";"Hombres";"Rendimiento"
"2016-2017";"..";"Medicina";"Hombres";"Rendimiento"
"2015-2016";"..";"Medicina";"Hombres";"Rendimiento"
"2022-2023";"94.49";"Enfermería y atención a enfermos";"Hombres";"Rendimiento"
"2021-2022";"95.9";"Enfermería y atención a enfermos";"Hombres";"Rendimiento"
"2020-2021";"94.95";"Enfermería y atención a enfermos";"Hombres";"Rendimiento"
"2019-2020";"96.96";"Enfermería y atención a enfermos";"Hombres";"Rendimiento"
"2018-2019";"90.07";"Enfermería y atención a enfermos";"Hombres";"Rendimiento"
"2017-2018";"89.66";"Enfermería y atención a enfermos";"Hombres";"Rendimiento"
"2016-2017";"91.72";"Enfermería y atención a enfermos";"Hombres";"Rendimiento"
"2015-2016";"87.25";"Enfermería y atención a enfermos";"Hombres";"Rendimiento"
"2022-2023";"..";"Otras ciencias de la Salud";"Hombres";"Rendimiento"
"2021-2022";"..";"Otras ciencias de la Salud";"Hombres";"Rendimiento"
"2020-2021";"..";"Otras ciencias de la Salud";"Hombres";"Rendimiento"
"2019-2020";"..";"Otras ciencias de la Salud";"Hombres";"Rendimiento"
"2018-2019";"..";"Otras ciencias de la Salud";"Hombres";"Rendimiento"
"2017-2018";"..";"Otras ciencias de la Salud";"Hombres";"Rendimiento"
"2016-2017";"..";"Otras ciencias de la Salud";"Hombres";"Rendimiento"
"2015-2016";"..";"Otras ciencias de la Salud";"Hombres";"Rendimiento"
"2022-2023";"83.07";"Trabajo social y orientación";"Hombres";"Rendimiento"
"2021-2022";"87.67";"Trabajo social y orientación";"Hombres";"Rendimiento"
"2020-2021";"79.13";"Trabajo social y orientación";"Hombres";"Rendimiento"
"2019-2020";"88.96";"Trabajo social y orientación";"Hombres";"Rendimiento"
"2018-2019";"79.78";"Trabajo social y orientación";"Hombres";"Rendimiento"
"2017-2018";"82.86";"Trabajo social y orientación";"Hombres";"Rendimiento"
"2016-2017";"82.62";"Trabajo social y orientación";"Hombres";"Rendimiento"
"2015-2016";"81.74";"Trabajo social y orientación";"Hombres";"Rendimiento"
"2022-2023";"61.98";"Total Servicios";"Hombres";"Rendimiento"
"2021-2022";"..";"Total Servicios";"Hombres";"Rendimiento"
"2020-2021";"66.67";"Total Servicios";"Hombres";"Rendimiento"
"2019-2020";"86.4";"Total Servicios";"Hombres";"Rendimiento"
"2018-2019";"73.05";"Total Servicios";"Hombres";"Rendimiento"
"2017-2018";"66.3";"Total Servicios";"Hombres";"Rendimiento"
"2016-2017";"77.09";"Total Servicios";"Hombres";"Rendimiento"
"2015-2016";"..";"Total Servicios";"Hombres";"Rendimiento"
"2022-2023";"..";"Deportes";"Hombres";"Rendimiento"
"2021-2022";"..";"Deportes";"Hombres";"Rendimiento"
"2020-2021";"..";"Deportes";"Hombres";"Rendimiento"
"2019-2020";"..";"Deportes";"Hombres";"Rendimiento"
"2018-2019";"..";"Deportes";"Hombres";"Rendimiento"
"2017-2018";"..";"Deportes";"Hombres";"Rendimiento"
"2016-2017";"..";"Deportes";"Hombres";"Rendimiento"
"2015-2016";"..";"Deportes";"Hombres";"Rendimiento"
"2022-2023";"61.98";"Turismo y Hostelería";"Hombres";"Rendimiento"
"2021-2022";"..";"Turismo y Hostelería";"Hombres";"Rendimiento"
"2020-2021";"66.67";"Turismo y Hostelería";"Hombres";"Rendimiento"
"2019-2020";"86.4";"Turismo y Hostelería";"Hombres";"Rendimiento"
"2018-2019";"73.05";"Turismo y Hostelería";"Hombres";"Rendimiento"
"2017-2018";"66.3";"Turismo y Hostelería";"Hombres";"Rendimiento"
"2016-2017";"77.09";"Turismo y Hostelería";"Hombres";"Rendimiento"
"2015-2016";"..";"Turismo y Hostelería";"Hombres";"Rendimiento"
"2022-2023";"..";"Otros Servicios";"Hombres";"Rendimiento"
"2021-2022";"..";"Otros Servicios";"Hombres";"Rendimiento"
"2020-2021";"..";"Otros Servicios";"Hombres";"Rendimiento"
"2019-2020";"..";"Otros Servicios";"Hombres";"Rendimiento"
"2018-2019";"..";"Otros Servicios";"Hombres";"Rendimiento"
"2017-2018";"..";"Otros Servicios";"Hombres";"Rendimiento"
"2016-2017";"..";"Otros Servicios";"Hombres";"Rendimiento"
"2015-2016";"..";"Otros Servicios";"Hombres";"Rendimiento"
"2022-2023";"???";"La Rioja";"Hombres";"Exito"
"2021-2022";"???";"La Rioja";"Hombres";"Exito"
"2020-2021";"???";"La Rioja";"Hombres";"Exito"
"2019-2020";"???";"La Rioja";"Hombres";"Exito"
"2018-2019";"???";"La Rioja";"Hombres";"Exito"
"2017-2018";"???";"La Rioja";"Hombres";"Exito"
"2016-2017";"???";"La Rioja";"Hombres";"Exito"
"2015-2016";"???";"La Rioja";"Hombres";"Exito"
"2022-2023";"82.78";"Todos los ámbitos";"Hombres";"Exito"
"2021-2022";"83.26";"Todos los ámbitos";"Hombres";"Exito"
"2020-2021";"82.45";"Todos los ámbitos";"Hombres";"Exito"
"2019-2020";"88.85";"Todos los ámbitos";"Hombres";"Exito"
"2018-2019";"83.1";"Todos los ámbitos";"Hombres";"Exito"
"2017-2018";"82.01";"Todos los ámbitos";"Hombres";"Exito"
"2016-2017";"82.85";"Todos los ámbitos";"Hombres";"Exito"
"2015-2016";"82.4";"Todos los ámbitos";"Hombres";"Exito"
"2022-2023";"90.83";"Total Educación";"Hombres";"Exito"
"2021-2022";"89.09";"Total Educación";"Hombres";"Exito"
"2020-2021";"88.25";"Total Educación";"Hombres";"Exito"
"2019-2020";"92.35";"Total Educación";"Hombres";"Exito"
"2018-2019";"88.21";"Total Educación";"Hombres";"Exito"
"2017-2018";"87.42";"Total Educación";"Hombres";"Exito"
"2016-2017";"87.51";"Total Educación";"Hombres";"Exito"
"2015-2016";"91.18";"Total Educación";"Hombres";"Exito"
"2022-2023";"..";"Formación de docentes de enseñanza infantil";"Hombres";"Exito"
"2021-2022";"..";"Formación de docentes de enseñanza infantil";"Hombres";"Exito"
"2020-2021";"82.92";"Formación de docentes de enseñanza infantil";"Hombres";"Exito"
"2019-2020";"91.8";"Formación de docentes de enseñanza infantil";"Hombres";"Exito"
"2018-2019";"..";"Formación de docentes de enseñanza infantil";"Hombres";"Exito"
"2017-2018";"..";"Formación de docentes de enseñanza infantil";"Hombres";"Exito"
"2016-2017";"..";"Formación de docentes de enseñanza infantil";"Hombres";"Exito"
"2015-2016";"..";"Formación de docentes de enseñanza infantil";"Hombres";"Exito"
"2022-2023";"90.72";"Formación de docentes de enseñanza primaria";"Hombres";"Exito"
"2021-2022";"89.02";"Formación de docentes de enseñanza primaria";"Hombres";"Exito"
"2020-2021";"88.81";"Formación de docentes de enseñanza primaria";"Hombres";"Exito"
"2019-2020";"92.42";"Formación de docentes de enseñanza primaria";"Hombres";"Exito"
"2018-2019";"88.43";"Formación de docentes de enseñanza primaria";"Hombres";"Exito"
"2017-2018";"86.78";"Formación de docentes de enseñanza primaria";"Hombres";"Exito"
"2016-2017";"87.05";"Formación de docentes de enseñanza primaria";"Hombres";"Exito"
"2015-2016";"90.84";"Formación de docentes de enseñanza primaria";"Hombres";"Exito"
"2022-2023";"..";"Otra Formación de personal docente y ciencias de la educación";"Hombres";"Exito"
"2021-2022";"..";"Otra Formación de personal docente y ciencias de la educación";"Hombres";"Exito"
"2020-2021";"..";"Otra Formación de personal docente y ciencias de la educación";"Hombres";"Exito"
"2019-2020";"..";"Otra Formación de personal docente y ciencias de la educación";"Hombres";"Exito"
"2018-2019";"..";"Otra Formación de personal docente y ciencias de la educación";"Hombres";"Exito"
"2017-2018";"..";"Otra Formación de personal docente y ciencias de la educación";"Hombres";"Exito"
"2016-2017";"..";"Otra Formación de personal docente y ciencias de la educación";"Hombres";"Exito"
"2015-2016";"..";"Otra Formación de personal docente y ciencias de la educación";"Hombres";"Exito"
"2022-2023";"88.95";"Total Artes y humanidades";"Hombres";"Exito"
"2021-2022";"85.9";"Total Artes y humanidades";"Hombres";"Exito"
"2020-2021";"83.77";"Total Artes y humanidades";"Hombres";"Exito"
"2019-2020";"90.27";"Total Artes y humanidades";"Hombres";"Exito"
"2018-2019";"84.54";"Total Artes y humanidades";"Hombres";"Exito"
"2017-2018";"85.31";"Total Artes y humanidades";"Hombres";"Exito"
"2016-2017";"92.53";"Total Artes y humanidades";"Hombres";"Exito"
"2015-2016";"92.68";"Total Artes y humanidades";"Hombres";"Exito"
"2022-2023";"..";"Técnicas audiovisuales y medios de comunicación";"Hombres";"Exito"
"2021-2022";"..";"Técnicas audiovisuales y medios de comunicación";"Hombres";"Exito"
"2020-2021";"..";"Técnicas audiovisuales y medios de comunicación";"Hombres";"Exito"
"2019-2020";"..";"Técnicas audiovisuales y medios de comunicación";"Hombres";"Exito"
"2018-2019";"..";"Técnicas audiovisuales y medios de comunicación";"Hombres";"Exito"
"2017-2018";"..";"Técnicas audiovisuales y medios de comunicación";"Hombres";"Exito"
"2016-2017";"..";"Técnicas audiovisuales y medios de comunicación";"Hombres";"Exito"
"2015-2016";"..";"Técnicas audiovisuales y medios de comunicación";"Hombres";"Exito"
"2022-2023";"..";"Artes";"Hombres";"Exito"
"2021-2022";"..";"Artes";"Hombres";"Exito"
"2020-2021";"..";"Artes";"Hombres";"Exito"
"2019-2020";"..";"Artes";"Hombres";"Exito"
"2018-2019";"..";"Artes";"Hombres";"Exito"
"2017-2018";"..";"Artes";"Hombres";"Exito"
"2016-2017";"..";"Artes";"Hombres";"Exito"
"2015-2016";"..";"Artes";"Hombres";"Exito"
"2022-2023";"88.95";"Lenguas";"Hombres";"Exito"
"2021-2022";"85.9";"Lenguas";"Hombres";"Exito"
"2020-2021";"83.77";"Lenguas";"Hombres";"Exito"
"2019-2020";"90.27";"Lenguas";"Hombres";"Exito"
"2018-2019";"84.54";"Lenguas";"Hombres";"Exito"
"2017-2018";"85.31";"Lenguas";"Hombres";"Exito"
"2016-2017";"92.53";"Lenguas";"Hombres";"Exito"
"2015-2016";"92.68";"Lenguas";"Hombres";"Exito"
"2022-2023";"..";"Humanidades";"Hombres";"Exito"
"2021-2022";"..";"Humanidades";"Hombres";"Exito"
"2020-2021";"..";"Humanidades";"Hombres";"Exito"
"2019-2020";"..";"Humanidades";"Hombres";"Exito"
"2018-2019";"..";"Humanidades";"Hombres";"Exito"
"2017-2018";"..";"Humanidades";"Hombres";"Exito"
"2016-2017";"..";"Humanidades";"Hombres";"Exito"
"2015-2016";"..";"Humanidades";"Hombres";"Exito"
"2022-2023";"88.51";"Total Ciencias sociales, periodismo y documentación";"Hombres";"Exito"
"2021-2022";"87.13";"Total Ciencias sociales, periodismo y documentación";"Hombres";"Exito"
"2020-2021";"90.97";"Total Ciencias sociales, periodismo y documentación";"Hombres";"Exito"
"2019-2020";"96.21";"Total Ciencias sociales, periodismo y documentación";"Hombres";"Exito"
"2018-2019";"92.77";"Total Ciencias sociales, periodismo y documentación";"Hombres";"Exito"
"2017-2018";"93.01";"Total Ciencias sociales, periodismo y documentación";"Hombres";"Exito"
"2016-2017";"93.15";"Total Ciencias sociales, periodismo y documentación";"Hombres";"Exito"
"2015-2016";"90.82";"Total Ciencias sociales, periodismo y documentación";"Hombres";"Exito"
"2022-2023";"..";"Psicología";"Hombres";"Exito"
"2021-2022";"..";"Psicología";"Hombres";"Exito"
"2020-2021";"..";"Psicología";"Hombres";"Exito"
"2019-2020";"..";"Psicología";"Hombres";"Exito"
"2018-2019";"..";"Psicología";"Hombres";"Exito"
"2017-2018";"..";"Psicología";"Hombres";"Exito"
"2016-2017";"..";"Psicología";"Hombres";"Exito"
"2015-2016";"..";"Psicología";"Hombres";"Exito"
"2022-2023";"..";"Economía";"Hombres";"Exito"
"2021-2022";"..";"Economía";"Hombres";"Exito"
"2020-2021";"..";"Economía";"Hombres";"Exito"
"2019-2020";"..";"Economía";"Hombres";"Exito"
"2018-2019";"..";"Economía";"Hombres";"Exito"
"2017-2018";"..";"Economía";"Hombres";"Exito"
"2016-2017";"..";"Economía";"Hombres";"Exito"
"2015-2016";"..";"Economía";"Hombres";"Exito"
"2022-2023";"88.51";"Otras Ciencias sociales y del comportamiento";"Hombres";"Exito"
"2021-2022";"87.13";"Otras Ciencias sociales y del comportamiento";"Hombres";"Exito"
"2020-2021";"90.97";"Otras Ciencias sociales y del comportamiento";"Hombres";"Exito"
"2019-2020";"96.21";"Otras Ciencias sociales y del comportamiento";"Hombres";"Exito"
"2018-2019";"92.77";"Otras Ciencias sociales y del comportamiento";"Hombres";"Exito"
"2017-2018";"93.01";"Otras Ciencias sociales y del comportamiento";"Hombres";"Exito"
"2016-2017";"93.15";"Otras Ciencias sociales y del comportamiento";"Hombres";"Exito"
"2015-2016";"90.82";"Otras Ciencias sociales y del comportamiento";"Hombres";"Exito"
"2022-2023";"..";"Periodismo e información";"Hombres";"Exito"
"2021-2022";"..";"Periodismo e información";"Hombres";"Exito"
"2020-2021";"..";"Periodismo e información";"Hombres";"Exito"
"2019-2020";"..";"Periodismo e información";"Hombres";"Exito"
"2018-2019";"..";"Periodismo e información";"Hombres";"Exito"
"2017-2018";"..";"Periodismo e información";"Hombres";"Exito"
"2016-2017";"..";"Periodismo e información";"Hombres";"Exito"
"2015-2016";"..";"Periodismo e información";"Hombres";"Exito"
"2022-2023";"73.78";"Total Negocios, administración y derecho";"Hombres";"Exito"
"2021-2022";"75.0";"Total Negocios, administración y derecho";"Hombres";"Exito"
"2020-2021";"76.74";"Total Negocios, administración y derecho";"Hombres";"Exito"
"2019-2020";"88.08";"Total Negocios, administración y derecho";"Hombres";"Exito"
"2018-2019";"80.0";"Total Negocios, administración y derecho";"Hombres";"Exito"
"2017-2018";"78.05";"Total Negocios, administración y derecho";"Hombres";"Exito"
"2016-2017";"81.81";"Total Negocios, administración y derecho";"Hombres";"Exito"
"2015-2016";"79.23";"Total Negocios, administración y derecho";"Hombres";"Exito"
"2022-2023";"70.91";"Administración y gestión de empresas";"Hombres";"Exito"
"2021-2022";"73.35";"Administración y gestión de empresas";"Hombres";"Exito"
"2020-2021";"74.83";"Administración y gestión de empresas";"Hombres";"Exito"
"2019-2020";"85.73";"Administración y gestión de empresas";"Hombres";"Exito"
"2018-2019";"78.26";"Administración y gestión de empresas";"Hombres";"Exito"
"2017-2018";"74.3";"Administración y gestión de empresas";"Hombres";"Exito"
"2016-2017";"78.92";"Administración y gestión de empresas";"Hombres";"Exito"
"2015-2016";"77.86";"Administración y gestión de empresas";"Hombres";"Exito"
"2022-2023";"..";"Otra Educación comercial y empresarial";"Hombres";"Exito"
"2021-2022";"..";"Otra Educación comercial y empresarial";"Hombres";"Exito"
"2020-2021";"..";"Otra Educación comercial y empresarial";"Hombres";"Exito"
"2019-2020";"..";"Otra Educación comercial y empresarial";"Hombres";"Exito"
"2018-2019";"..";"Otra Educación comercial y empresarial";"Hombres";"Exito"
"2017-2018";"..";"Otra Educación comercial y empresarial";"Hombres";"Exito"
"2016-2017";"..";"Otra Educación comercial y empresarial";"Hombres";"Exito"
"2015-2016";"..";"Otra Educación comercial y empresarial";"Hombres";"Exito"
"2022-2023";"83.76";"Derecho";"Hombres";"Exito"
"2021-2022";"80.44";"Derecho";"Hombres";"Exito"
"2020-2021";"83.65";"Derecho";"Hombres";"Exito"
"2019-2020";"95.42";"Derecho";"Hombres";"Exito"
"2018-2019";"86.05";"Derecho";"Hombres";"Exito"
"2017-2018";"89.41";"Derecho";"Hombres";"Exito"
"2016-2017";"90.68";"Derecho";"Hombres";"Exito"
"2015-2016";"83.87";"Derecho";"Hombres";"Exito"
"2022-2023";"85.95";"Total Ciencias";"Hombres";"Exito"
"2021-2022";"84.28";"Total Ciencias";"Hombres";"Exito"
"2020-2021";"82.37";"Total Ciencias";"Hombres";"Exito"
"2019-2020";"87.58";"Total Ciencias";"Hombres";"Exito"
"2018-2019";"80.3";"Total Ciencias";"Hombres";"Exito"
"2017-2018";"80.24";"Total Ciencias";"Hombres";"Exito"
"2016-2017";"79.66";"Total Ciencias";"Hombres";"Exito"
"2015-2016";"75.81";"Total Ciencias";"Hombres";"Exito"
"2022-2023";"..";"Ciencias de la vida";"Hombres";"Exito"
"2021-2022";"..";"Ciencias de la vida";"Hombres";"Exito"
"2020-2021";"..";"Ciencias de la vida";"Hombres";"Exito"
"2019-2020";"..";"Ciencias de la vida";"Hombres";"Exito"
"2018-2019";"..";"Ciencias de la vida";"Hombres";"Exito"
"2017-2018";"..";"Ciencias de la vida";"Hombres";"Exito"
"2016-2017";"..";"Ciencias de la vida";"Hombres";"Exito"
"2015-2016";"..";"Ciencias de la vida";"Hombres";"Exito"
"2022-2023";"79.07";"Ciencias Físicas, químicas, geológicas";"Hombres";"Exito"
"2021-2022";"79.3";"Ciencias Físicas, químicas, geológicas";"Hombres";"Exito"
"2020-2021";"74.42";"Ciencias Físicas, químicas, geológicas";"Hombres";"Exito"
"2019-2020";"85.5";"Ciencias Físicas, químicas, geológicas";"Hombres";"Exito"
"2018-2019";"77.76";"Ciencias Físicas, químicas, geológicas";"Hombres";"Exito"
"2017-2018";"74.28";"Ciencias Físicas, químicas, geológicas";"Hombres";"Exito"
"2016-2017";"74.01";"Ciencias Físicas, químicas, geológicas";"Hombres";"Exito"
"2015-2016";"75.14";"Ciencias Físicas, químicas, geológicas";"Hombres";"Exito"
"2022-2023";"91.09";"Matemáticas y Estadística";"Hombres";"Exito"
"2021-2022";"88.17";"Matemáticas y Estadística";"Hombres";"Exito"
"2020-2021";"88.66";"Matemáticas y Estadística";"Hombres";"Exito"
"2019-2020";"89.33";"Matemáticas y Estadística";"Hombres";"Exito"
"2018-2019";"82.31";"Matemáticas y Estadística";"Hombres";"Exito"
"2017-2018";"86.57";"Matemáticas y Estadística";"Hombres";"Exito"
"2016-2017";"85.06";"Matemáticas y Estadística";"Hombres";"Exito"
"2015-2016";"76.65";"Matemáticas y Estadística";"Hombres";"Exito"
"2022-2023";"83.15";"Total Informática";"Hombres";"Exito"
"2021-2022";"85.73";"Total Informática";"Hombres";"Exito"
"2020-2021";"83.89";"Total Informática";"Hombres";"Exito"
"2019-2020";"91.04";"Total Informática";"Hombres";"Exito"
"2018-2019";"81.76";"Total Informática";"Hombres";"Exito"
"2017-2018";"81.36";"Total Informática";"Hombres";"Exito"
"2016-2017";"79.03";"Total Informática";"Hombres";"Exito"
"2015-2016";"77.64";"Total Informática";"Hombres";"Exito"
"2022-2023";"83.15";"Informática";"Hombres";"Exito"
"2021-2022";"85.73";"Informática";"Hombres";"Exito"
"2020-2021";"83.89";"Informática";"Hombres";"Exito"
"2019-2020";"91.04";"Informática";"Hombres";"Exito"
"2018-2019";"81.76";"Informática";"Hombres";"Exito"
"2017-2018";"81.36";"Informática";"Hombres";"Exito"
"2016-2017";"79.03";"Informática";"Hombres";"Exito"
"2015-2016";"77.64";"Informática";"Hombres";"Exito"
"2022-2023";"77.51";"Total Ingeniería, industria y construcción";"Hombres";"Exito"
"2021-2022";"77.43";"Total Ingeniería, industria y construcción";"Hombres";"Exito"
"2020-2021";"77.7";"Total Ingeniería, industria y construcción";"Hombres";"Exito"
"2019-2020";"81.14";"Total Ingeniería, industria y construcción";"Hombres";"Exito"
"2018-2019";"80.98";"Total Ingeniería, industria y construcción";"Hombres";"Exito"
"2017-2018";"78.24";"Total Ingeniería, industria y construcción";"Hombres";"Exito"
"2016-2017";"78.38";"Total Ingeniería, industria y construcción";"Hombres";"Exito"
"2015-2016";"80.35";"Total Ingeniería, industria y construcción";"Hombres";"Exito"
"2022-2023";"77.51";"Ingenierías";"Hombres";"Exito"
"2021-2022";"77.43";"Ingenierías";"Hombres";"Exito"
"2020-2021";"77.7";"Ingenierías";"Hombres";"Exito"
"2019-2020";"81.14";"Ingenierías";"Hombres";"Exito"
"2018-2019";"80.98";"Ingenierías";"Hombres";"Exito"
"2017-2018";"78.24";"Ingenierías";"Hombres";"Exito"
"2016-2017";"78.38";"Ingenierías";"Hombres";"Exito"
"2015-2016";"80.35";"Ingenierías";"Hombres";"Exito"
"2022-2023";"..";"Arquitectura y construcción";"Hombres";"Exito"
"2021-2022";"..";"Arquitectura y construcción";"Hombres";"Exito"
"2020-2021";"..";"Arquitectura y construcción";"Hombres";"Exito"
"2019-2020";"..";"Arquitectura y construcción";"Hombres";"Exito"
"2018-2019";"..";"Arquitectura y construcción";"Hombres";"Exito"
"2017-2018";"..";"Arquitectura y construcción";"Hombres";"Exito"
"2016-2017";"..";"Arquitectura y construcción";"Hombres";"Exito"
"2015-2016";"..";"Arquitectura y construcción";"Hombres";"Exito"
"2022-2023";"78.5";"Total Agricultura, ganadería,  silvicultura, pesca, y veterinaria";"Hombres";"Exito"
"2021-2022";"83.73";"Total Agricultura, ganadería,  silvicultura, pesca, y veterinaria";"Hombres";"Exito"
"2020-2021";"76.62";"Total Agricultura, ganadería,  silvicultura, pesca, y veterinaria";"Hombres";"Exito"
"2019-2020";"89.2";"Total Agricultura, ganadería,  silvicultura, pesca, y veterinaria";"Hombres";"Exito"
"2018-2019";"80.85";"Total Agricultura, ganadería,  silvicultura, pesca, y veterinaria";"Hombres";"Exito"
"2017-2018";"84.62";"Total Agricultura, ganadería,  silvicultura, pesca, y veterinaria";"Hombres";"Exito"
"2016-2017";"81.65";"Total Agricultura, ganadería,  silvicultura, pesca, y veterinaria";"Hombres";"Exito"
"2015-2016";"74.66";"Total Agricultura, ganadería,  silvicultura, pesca, y veterinaria";"Hombres";"Exito"
"2022-2023";"78.5";"Agricultura, ganadería y pesca";"Hombres";"Exito"
"2021-2022";"83.73";"Agricultura, ganadería y pesca";"Hombres";"Exito"
"2020-2021";"76.62";"Agricultura, ganadería y pesca";"Hombres";"Exito"
"2019-2020";"89.2";"Agricultura, ganadería y pesca";"Hombres";"Exito"
"2018-2019";"80.85";"Agricultura, ganadería y pesca";"Hombres";"Exito"
"2017-2018";"84.62";"Agricultura, ganadería y pesca";"Hombres";"Exito"
"2016-2017";"81.65";"Agricultura, ganadería y pesca";"Hombres";"Exito"
"2015-2016";"74.66";"Agricultura, ganadería y pesca";"Hombres";"Exito"
"2022-2023";"..";"Veterinaria";"Hombres";"Exito"
"2021-2022";"..";"Veterinaria";"Hombres";"Exito"
"2020-2021";"..";"Veterinaria";"Hombres";"Exito"
"2019-2020";"..";"Veterinaria";"Hombres";"Exito"
"2018-2019";"..";"Veterinaria";"Hombres";"Exito"
"2017-2018";"..";"Veterinaria";"Hombres";"Exito"
"2016-2017";"..";"Veterinaria";"Hombres";"Exito"
"2015-2016";"..";"Veterinaria";"Hombres";"Exito"
"2022-2023";"94.63";"Total Salud y servicios sociales";"Hombres";"Exito"
"2021-2022";"96.16";"Total Salud y servicios sociales";"Hombres";"Exito"
"2020-2021";"93.97";"Total Salud y servicios sociales";"Hombres";"Exito"
"2019-2020";"97.14";"Total Salud y servicios sociales";"Hombres";"Exito"
"2018-2019";"89.14";"Total Salud y servicios sociales";"Hombres";"Exito"
"2017-2018";"92.12";"Total Salud y servicios sociales";"Hombres";"Exito"
"2016-2017";"92.46";"Total Salud y servicios sociales";"Hombres";"Exito"
"2015-2016";"91.49";"Total Salud y servicios sociales";"Hombres";"Exito"
"2022-2023";"..";"Medicina";"Hombres";"Exito"
"2021-2022";"..";"Medicina";"Hombres";"Exito"
"2020-2021";"..";"Medicina";"Hombres";"Exito"
"2019-2020";"..";"Medicina";"Hombres";"Exito"
"2018-2019";"..";"Medicina";"Hombres";"Exito"
"2017-2018";"..";"Medicina";"Hombres";"Exito"
"2016-2017";"..";"Medicina";"Hombres";"Exito"
"2015-2016";"..";"Medicina";"Hombres";"Exito"
"2022-2023";"96.84";"Enfermería y atención a enfermos";"Hombres";"Exito"
"2021-2022";"98.0";"Enfermería y atención a enfermos";"Hombres";"Exito"
"2020-2021";"97.11";"Enfermería y atención a enfermos";"Hombres";"Exito"
"2019-2020";"98.76";"Enfermería y atención a enfermos";"Hombres";"Exito"
"2018-2019";"90.84";"Enfermería y atención a enfermos";"Hombres";"Exito"
"2017-2018";"93.75";"Enfermería y atención a enfermos";"Hombres";"Exito"
"2016-2017";"95.94";"Enfermería y atención a enfermos";"Hombres";"Exito"
"2015-2016";"93.33";"Enfermería y atención a enfermos";"Hombres";"Exito"
"2022-2023";"..";"Otras ciencias de la Salud";"Hombres";"Exito"
"2021-2022";"..";"Otras ciencias de la Salud";"Hombres";"Exito"
"2020-2021";"..";"Otras ciencias de la Salud";"Hombres";"Exito"
"2019-2020";"..";"Otras ciencias de la Salud";"Hombres";"Exito"
"2018-2019";"..";"Otras ciencias de la Salud";"Hombres";"Exito"
"2017-2018";"..";"Otras ciencias de la Salud";"Hombres";"Exito"
"2016-2017";"..";"Otras ciencias de la Salud";"Hombres";"Exito"
"2015-2016";"..";"Otras ciencias de la Salud";"Hombres";"Exito"
"2022-2023";"89.23";"Trabajo social y orientación";"Hombres";"Exito"
"2021-2022";"93.13";"Trabajo social y orientación";"Hombres";"Exito"
"2020-2021";"88.51";"Trabajo social y orientación";"Hombres";"Exito"
"2019-2020";"94.68";"Trabajo social y orientación";"Hombres";"Exito"
"2018-2019";"87.48";"Trabajo social y orientación";"Hombres";"Exito"
"2017-2018";"90.29";"Trabajo social y orientación";"Hombres";"Exito"
"2016-2017";"89.24";"Trabajo social y orientación";"Hombres";"Exito"
"2015-2016";"89.76";"Trabajo social y orientación";"Hombres";"Exito"
"2022-2023";"76.28";"Total Servicios";"Hombres";"Exito"
"2021-2022";"..";"Total Servicios";"Hombres";"Exito"
"2020-2021";"78.92";"Total Servicios";"Hombres";"Exito"
"2019-2020";"92.89";"Total Servicios";"Hombres";"Exito"
"2018-2019";"84.08";"Total Servicios";"Hombres";"Exito"
"2017-2018";"76.25";"Total Servicios";"Hombres";"Exito"
"2016-2017";"82.94";"Total Servicios";"Hombres";"Exito"
"2015-2016";"..";"Total Servicios";"Hombres";"Exito"
"2022-2023";"..";"Deportes";"Hombres";"Exito"
"2021-2022";"..";"Deportes";"Hombres";"Exito"
"2020-2021";"..";"Deportes";"Hombres";"Exito"
"2019-2020";"..";"Deportes";"Hombres";"Exito"
"2018-2019";"..";"Deportes";"Hombres";"Exito"
"2017-2018";"..";"Deportes";"Hombres";"Exito"
"2016-2017";"..";"Deportes";"Hombres";"Exito"
"2015-2016";"..";"Deportes";"Hombres";"Exito"
"2022-2023";"76.28";"Turismo y Hostelería";"Hombres";"Exito"
"2021-2022";"..";"Turismo y Hostelería";"Hombres";"Exito"
"2020-2021";"78.92";"Turismo y Hostelería";"Hombres";"Exito"
"2019-2020";"92.89";"Turismo y Hostelería";"Hombres";"Exito"
"2018-2019";"84.08";"Turismo y Hostelería";"Hombres";"Exito"
"2017-2018";"76.25";"Turismo y Hostelería";"Hombres";"Exito"
"2016-2017";"82.94";"Turismo y Hostelería";"Hombres";"Exito"
"2015-2016";"..";"Turismo y Hostelería";"Hombres";"Exito"
"2022-2023";"..";"Otros Servicios";"Hombres";"Exito"
"2021-2022";"..";"Otros Servicios";"Hombres";"Exito"
"2020-2021";"..";"Otros Servicios";"Hombres";"Exito"
"2019-2020";"..";"Otros Servicios";"Hombres";"Exito"
"2018-2019";"..";"Otros Servicios";"Hombres";"Exito"
"2017-2018";"..";"Otros Servicios";"Hombres";"Exito"
"2016-2017";"..";"Otros Servicios";"Hombres";"Exito"
"2015-2016";"..";"Otros Servicios";"Hombres";"Exito"
"2022-2023";"???";"La Rioja";"Hombres";"Evaluacion"
"2021-2022";"???";"La Rioja";"Hombres";"Evaluacion"
"2020-2021";"???";"La Rioja";"Hombres";"Evaluacion"
"2019-2020";"???";"La Rioja";"Hombres";"Evaluacion"
"2018-2019";"???";"La Rioja";"Hombres";"Evaluacion"
"2017-2018";"???";"La Rioja";"Hombres";"Evaluacion"
"2016-2017";"???";"La Rioja";"Hombres";"Evaluacion"
"2015-2016";"???";"La Rioja";"Hombres";"Evaluacion"
"2022-2023";"88.19";"Todos los ámbitos";"Hombres";"Evaluacion"
"2021-2022";"87.56";"Todos los ámbitos";"Hombres";"Evaluacion"
"2020-2021";"88.48";"Todos los ámbitos";"Hombres";"Evaluacion"
"2019-2020";"91.22";"Todos los ámbitos";"Hombres";"Evaluacion"
"2018-2019";"87.43";"Todos los ámbitos";"Hombres";"Evaluacion"
"2017-2018";"86.77";"Todos los ámbitos";"Hombres";"Evaluacion"
"2016-2017";"87.74";"Todos los ámbitos";"Hombres";"Evaluacion"
"2015-2016";"87.24";"Todos los ámbitos";"Hombres";"Evaluacion"
"2022-2023";"93.66";"Total Educación";"Hombres";"Evaluacion"
"2021-2022";"93.47";"Total Educación";"Hombres";"Evaluacion"
"2020-2021";"94.52";"Total Educación";"Hombres";"Evaluacion"
"2019-2020";"97.65";"Total Educación";"Hombres";"Evaluacion"
"2018-2019";"94.21";"Total Educación";"Hombres";"Evaluacion"
"2017-2018";"92.29";"Total Educación";"Hombres";"Evaluacion"
"2016-2017";"92.8";"Total Educación";"Hombres";"Evaluacion"
"2015-2016";"93.65";"Total Educación";"Hombres";"Evaluacion"
"2022-2023";"..";"Formación de docentes de enseñanza infantil";"Hombres";"Evaluacion"
"2021-2022";"..";"Formación de docentes de enseñanza infantil";"Hombres";"Evaluacion"
"2020-2021";"87.15";"Formación de docentes de enseñanza infantil";"Hombres";"Evaluacion"
"2019-2020";"95.47";"Formación de docentes de enseñanza infantil";"Hombres";"Evaluacion"
"2018-2019";"..";"Formación de docentes de enseñanza infantil";"Hombres";"Evaluacion"
"2017-2018";"..";"Formación de docentes de enseñanza infantil";"Hombres";"Evaluacion"
"2016-2017";"..";"Formación de docentes de enseñanza infantil";"Hombres";"Evaluacion"
"2015-2016";"..";"Formación de docentes de enseñanza infantil";"Hombres";"Evaluacion"
"2022-2023";"93.47";"Formación de docentes de enseñanza primaria";"Hombres";"Evaluacion"
"2021-2022";"94.17";"Formación de docentes de enseñanza primaria";"Hombres";"Evaluacion"
"2020-2021";"95.35";"Formación de docentes de enseñanza primaria";"Hombres";"Evaluacion"
"2019-2020";"97.9";"Formación de docentes de enseñanza primaria";"Hombres";"Evaluacion"
"2018-2019";"94.66";"Formación de docentes de enseñanza primaria";"Hombres";"Evaluacion"
"2017-2018";"92.33";"Formación de docentes de enseñanza primaria";"Hombres";"Evaluacion"
"2016-2017";"93.55";"Formación de docentes de enseñanza primaria";"Hombres";"Evaluacion"
"2015-2016";"93.28";"Formación de docentes de enseñanza primaria";"Hombres";"Evaluacion"
"2022-2023";"..";"Otra Formación de personal docente y ciencias de la educación";"Hombres";"Evaluacion"
"2021-2022";"..";"Otra Formación de personal docente y ciencias de la educación";"Hombres";"Evaluacion"
"2020-2021";"..";"Otra Formación de personal docente y ciencias de la educación";"Hombres";"Evaluacion"
"2019-2020";"..";"Otra Formación de personal docente y ciencias de la educación";"Hombres";"Evaluacion"
"2018-2019";"..";"Otra Formación de personal docente y ciencias de la educación";"Hombres";"Evaluacion"
"2017-2018";"..";"Otra Formación de personal docente y ciencias de la educación";"Hombres";"Evaluacion"
"2016-2017";"..";"Otra Formación de personal docente y ciencias de la educación";"Hombres";"Evaluacion"
"2015-2016";"..";"Otra Formación de personal docente y ciencias de la educación";"Hombres";"Evaluacion"
"2022-2023";"87.91";"Total Artes y humanidades";"Hombres";"Evaluacion"
"2021-2022";"92.07";"Total Artes y humanidades";"Hombres";"Evaluacion"
"2020-2021";"83.66";"Total Artes y humanidades";"Hombres";"Evaluacion"
"2019-2020";"74.69";"Total Artes y humanidades";"Hombres";"Evaluacion"
"2018-2019";"83.86";"Total Artes y humanidades";"Hombres";"Evaluacion"
"2017-2018";"81.25";"Total Artes y humanidades";"Hombres";"Evaluacion"
"2016-2017";"84.89";"Total Artes y humanidades";"Hombres";"Evaluacion"
"2015-2016";"82.95";"Total Artes y humanidades";"Hombres";"Evaluacion"
"2022-2023";"..";"Técnicas audiovisuales y medios de comunicación";"Hombres";"Evaluacion"
"2021-2022";"..";"Técnicas audiovisuales y medios de comunicación";"Hombres";"Evaluacion"
"2020-2021";"..";"Técnicas audiovisuales y medios de comunicación";"Hombres";"Evaluacion"
"2019-2020";"..";"Técnicas audiovisuales y medios de comunicación";"Hombres";"Evaluacion"
"2018-2019";"..";"Técnicas audiovisuales y medios de comunicación";"Hombres";"Evaluacion"
"2017-2018";"..";"Técnicas audiovisuales y medios de comunicación";"Hombres";"Evaluacion"
"2016-2017";"..";"Técnicas audiovisuales y medios de comunicación";"Hombres";"Evaluacion"
"2015-2016";"..";"Técnicas audiovisuales y medios de comunicación";"Hombres";"Evaluacion"
"2022-2023";"..";"Artes";"Hombres";"Evaluacion"
"2021-2022";"..";"Artes";"Hombres";"Evaluacion"
"2020-2021";"..";"Artes";"Hombres";"Evaluacion"
"2019-2020";"..";"Artes";"Hombres";"Evaluacion"
"2018-2019";"..";"Artes";"Hombres";"Evaluacion"
"2017-2018";"..";"Artes";"Hombres";"Evaluacion"
"2016-2017";"..";"Artes";"Hombres";"Evaluacion"
"2015-2016";"..";"Artes";"Hombres";"Evaluacion"
"2022-2023";"87.91";"Lenguas";"Hombres";"Evaluacion"
"2021-2022";"92.07";"Lenguas";"Hombres";"Evaluacion"
"2020-2021";"83.66";"Lenguas";"Hombres";"Evaluacion"
"2019-2020";"74.69";"Lenguas";"Hombres";"Evaluacion"
"2018-2019";"83.86";"Lenguas";"Hombres";"Evaluacion"
"2017-2018";"81.25";"Lenguas";"Hombres";"Evaluacion"
"2016-2017";"84.89";"Lenguas";"Hombres";"Evaluacion"
"2015-2016";"82.95";"Lenguas";"Hombres";"Evaluacion"
"2022-2023";"..";"Humanidades";"Hombres";"Evaluacion"
"2021-2022";"..";"Humanidades";"Hombres";"Evaluacion"
"2020-2021";"..";"Humanidades";"Hombres";"Evaluacion"
"2019-2020";"..";"Humanidades";"Hombres";"Evaluacion"
"2018-2019";"..";"Humanidades";"Hombres";"Evaluacion"
"2017-2018";"..";"Humanidades";"Hombres";"Evaluacion"
"2016-2017";"..";"Humanidades";"Hombres";"Evaluacion"
"2015-2016";"..";"Humanidades";"Hombres";"Evaluacion"
"2022-2023";"90.3";"Total Ciencias sociales, periodismo y documentación";"Hombres";"Evaluacion"
"2021-2022";"95.19";"Total Ciencias sociales, periodismo y documentación";"Hombres";"Evaluacion"
"2020-2021";"94.87";"Total Ciencias sociales, periodismo y documentación";"Hombres";"Evaluacion"
"2019-2020";"93.14";"Total Ciencias sociales, periodismo y documentación";"Hombres";"Evaluacion"
"2018-2019";"85.35";"Total Ciencias sociales, periodismo y documentación";"Hombres";"Evaluacion"
"2017-2018";"93.51";"Total Ciencias sociales, periodismo y documentación";"Hombres";"Evaluacion"
"2016-2017";"91.89";"Total Ciencias sociales, periodismo y documentación";"Hombres";"Evaluacion"
"2015-2016";"90.12";"Total Ciencias sociales, periodismo y documentación";"Hombres";"Evaluacion"
"2022-2023";"..";"Psicología";"Hombres";"Evaluacion"
"2021-2022";"..";"Psicología";"Hombres";"Evaluacion"
"2020-2021";"..";"Psicología";"Hombres";"Evaluacion"
"2019-2020";"..";"Psicología";"Hombres";"Evaluacion"
"2018-2019";"..";"Psicología";"Hombres";"Evaluacion"
"2017-2018";"..";"Psicología";"Hombres";"Evaluacion"
"2016-2017";"..";"Psicología";"Hombres";"Evaluacion"
"2015-2016";"..";"Psicología";"Hombres";"Evaluacion"
"2022-2023";"..";"Economía";"Hombres";"Evaluacion"
"2021-2022";"..";"Economía";"Hombres";"Evaluacion"
"2020-2021";"..";"Economía";"Hombres";"Evaluacion"
"2019-2020";"..";"Economía";"Hombres";"Evaluacion"
"2018-2019";"..";"Economía";"Hombres";"Evaluacion"
"2017-2018";"..";"Economía";"Hombres";"Evaluacion"
"2016-2017";"..";"Economía";"Hombres";"Evaluacion"
"2015-2016";"..";"Economía";"Hombres";"Evaluacion"
"2022-2023";"90.3";"Otras Ciencias sociales y del comportamiento";"Hombres";"Evaluacion"
"2021-2022";"95.19";"Otras Ciencias sociales y del comportamiento";"Hombres";"Evaluacion"
"2020-2021";"94.87";"Otras Ciencias sociales y del comportamiento";"Hombres";"Evaluacion"
"2019-2020";"93.14";"Otras Ciencias sociales y del comportamiento";"Hombres";"Evaluacion"
"2018-2019";"85.35";"Otras Ciencias sociales y del comportamiento";"Hombres";"Evaluacion"
"2017-2018";"93.51";"Otras Ciencias sociales y del comportamiento";"Hombres";"Evaluacion"
"2016-2017";"91.89";"Otras Ciencias sociales y del comportamiento";"Hombres";"Evaluacion"
"2015-2016";"90.12";"Otras Ciencias sociales y del comportamiento";"Hombres";"Evaluacion"
"2022-2023";"..";"Periodismo e información";"Hombres";"Evaluacion"
"2021-2022";"..";"Periodismo e información";"Hombres";"Evaluacion"
"2020-2021";"..";"Periodismo e información";"Hombres";"Evaluacion"
"2019-2020";"..";"Periodismo e información";"Hombres";"Evaluacion"
"2018-2019";"..";"Periodismo e información";"Hombres";"Evaluacion"
"2017-2018";"..";"Periodismo e información";"Hombres";"Evaluacion"
"2016-2017";"..";"Periodismo e información";"Hombres";"Evaluacion"
"2015-2016";"..";"Periodismo e información";"Hombres";"Evaluacion"
"2022-2023";"85.31";"Total Negocios, administración y derecho";"Hombres";"Evaluacion"
"2021-2022";"84.8";"Total Negocios, administración y derecho";"Hombres";"Evaluacion"
"2020-2021";"88.5";"Total Negocios, administración y derecho";"Hombres";"Evaluacion"
"2019-2020";"91.43";"Total Negocios, administración y derecho";"Hombres";"Evaluacion"
"2018-2019";"84.14";"Total Negocios, administración y derecho";"Hombres";"Evaluacion"
"2017-2018";"84.99";"Total Negocios, administración y derecho";"Hombres";"Evaluacion"
"2016-2017";"87.44";"Total Negocios, administración y derecho";"Hombres";"Evaluacion"
"2015-2016";"87.0";"Total Negocios, administración y derecho";"Hombres";"Evaluacion"
"2022-2023";"84.4";"Administración y gestión de empresas";"Hombres";"Evaluacion"
"2021-2022";"83.84";"Administración y gestión de empresas";"Hombres";"Evaluacion"
"2020-2021";"88.65";"Administración y gestión de empresas";"Hombres";"Evaluacion"
"2019-2020";"91.63";"Administración y gestión de empresas";"Hombres";"Evaluacion"
"2018-2019";"83.89";"Administración y gestión de empresas";"Hombres";"Evaluacion"
"2017-2018";"84.2";"Administración y gestión de empresas";"Hombres";"Evaluacion"
"2016-2017";"86.59";"Administración y gestión de empresas";"Hombres";"Evaluacion"
"2015-2016";"86.81";"Administración y gestión de empresas";"Hombres";"Evaluacion"
"2022-2023";"..";"Otra Educación comercial y empresarial";"Hombres";"Evaluacion"
"2021-2022";"..";"Otra Educación comercial y empresarial";"Hombres";"Evaluacion"
"2020-2021";"..";"Otra Educación comercial y empresarial";"Hombres";"Evaluacion"
"2019-2020";"..";"Otra Educación comercial y empresarial";"Hombres";"Evaluacion"
"2018-2019";"..";"Otra Educación comercial y empresarial";"Hombres";"Evaluacion"
"2017-2018";"..";"Otra Educación comercial y empresarial";"Hombres";"Evaluacion"
"2016-2017";"..";"Otra Educación comercial y empresarial";"Hombres";"Evaluacion"
"2015-2016";"..";"Otra Educación comercial y empresarial";"Hombres";"Evaluacion"
"2022-2023";"88.62";"Derecho";"Hombres";"Evaluacion"
"2021-2022";"88.14";"Derecho";"Hombres";"Evaluacion"
"2020-2021";"87.98";"Derecho";"Hombres";"Evaluacion"
"2019-2020";"90.84";"Derecho";"Hombres";"Evaluacion"
"2018-2019";"85.04";"Derecho";"Hombres";"Evaluacion"
"2017-2018";"87.47";"Derecho";"Hombres";"Evaluacion"
"2016-2017";"90.17";"Derecho";"Hombres";"Evaluacion"
"2015-2016";"87.63";"Derecho";"Hombres";"Evaluacion"
"2022-2023";"90.21";"Total Ciencias";"Hombres";"Evaluacion"
"2021-2022";"85.73";"Total Ciencias";"Hombres";"Evaluacion"
"2020-2021";"87.16";"Total Ciencias";"Hombres";"Evaluacion"
"2019-2020";"93.1";"Total Ciencias";"Hombres";"Evaluacion"
"2018-2019";"84.19";"Total Ciencias";"Hombres";"Evaluacion"
"2017-2018";"83.87";"Total Ciencias";"Hombres";"Evaluacion"
"2016-2017";"83.98";"Total Ciencias";"Hombres";"Evaluacion"
"2015-2016";"84.03";"Total Ciencias";"Hombres";"Evaluacion"
"2022-2023";"..";"Ciencias de la vida";"Hombres";"Evaluacion"
"2021-2022";"..";"Ciencias de la vida";"Hombres";"Evaluacion"
"2020-2021";"..";"Ciencias de la vida";"Hombres";"Evaluacion"
"2019-2020";"..";"Ciencias de la vida";"Hombres";"Evaluacion"
"2018-2019";"..";"Ciencias de la vida";"Hombres";"Evaluacion"
"2017-2018";"..";"Ciencias de la vida";"Hombres";"Evaluacion"
"2016-2017";"..";"Ciencias de la vida";"Hombres";"Evaluacion"
"2015-2016";"..";"Ciencias de la vida";"Hombres";"Evaluacion"
"2022-2023";"88.57";"Ciencias Físicas, químicas, geológicas";"Hombres";"Evaluacion"
"2021-2022";"81.53";"Ciencias Físicas, químicas, geológicas";"Hombres";"Evaluacion"
"2020-2021";"85.64";"Ciencias Físicas, químicas, geológicas";"Hombres";"Evaluacion"
"2019-2020";"92.66";"Ciencias Físicas, químicas, geológicas";"Hombres";"Evaluacion"
"2018-2019";"81.2";"Ciencias Físicas, químicas, geológicas";"Hombres";"Evaluacion"
"2017-2018";"82.19";"Ciencias Físicas, químicas, geológicas";"Hombres";"Evaluacion"
"2016-2017";"80.6";"Ciencias Físicas, químicas, geológicas";"Hombres";"Evaluacion"
"2015-2016";"86.41";"Ciencias Físicas, químicas, geológicas";"Hombres";"Evaluacion"
"2022-2023";"91.48";"Matemáticas y Estadística";"Hombres";"Evaluacion"
"2021-2022";"89.32";"Matemáticas y Estadística";"Hombres";"Evaluacion"
"2020-2021";"88.41";"Matemáticas y Estadística";"Hombres";"Evaluacion"
"2019-2020";"93.48";"Matemáticas y Estadística";"Hombres";"Evaluacion"
"2018-2019";"86.71";"Matemáticas y Estadística";"Hombres";"Evaluacion"
"2017-2018";"85.74";"Matemáticas y Estadística";"Hombres";"Evaluacion"
"2016-2017";"87.5";"Matemáticas y Estadística";"Hombres";"Evaluacion"
"2015-2016";"81.25";"Matemáticas y Estadística";"Hombres";"Evaluacion"
"2022-2023";"89.98";"Total Informática";"Hombres";"Evaluacion"
"2021-2022";"92.74";"Total Informática";"Hombres";"Evaluacion"
"2020-2021";"91.32";"Total Informática";"Hombres";"Evaluacion"
"2019-2020";"92.34";"Total Informática";"Hombres";"Evaluacion"
"2018-2019";"93.09";"Total Informática";"Hombres";"Evaluacion"
"2017-2018";"91.93";"Total Informática";"Hombres";"Evaluacion"
"2016-2017";"91.94";"Total Informática";"Hombres";"Evaluacion"
"2015-2016";"89.94";"Total Informática";"Hombres";"Evaluacion"
"2022-2023";"89.98";"Informática";"Hombres";"Evaluacion"
"2021-2022";"92.74";"Informática";"Hombres";"Evaluacion"
"2020-2021";"91.32";"Informática";"Hombres";"Evaluacion"
"2019-2020";"92.34";"Informática";"Hombres";"Evaluacion"
"2018-2019";"93.09";"Informática";"Hombres";"Evaluacion"
"2017-2018";"91.93";"Informática";"Hombres";"Evaluacion"
"2016-2017";"91.94";"Informática";"Hombres";"Evaluacion"
"2015-2016";"89.94";"Informática";"Hombres";"Evaluacion"
"2022-2023";"85.01";"Total Ingeniería, industria y construcción";"Hombres";"Evaluacion"
"2021-2022";"79.64";"Total Ingeniería, industria y construcción";"Hombres";"Evaluacion"
"2020-2021";"82.34";"Total Ingeniería, industria y construcción";"Hombres";"Evaluacion"
"2019-2020";"84.97";"Total Ingeniería, industria y construcción";"Hombres";"Evaluacion"
"2018-2019";"84.96";"Total Ingeniería, industria y construcción";"Hombres";"Evaluacion"
"2017-2018";"82.57";"Total Ingeniería, industria y construcción";"Hombres";"Evaluacion"
"2016-2017";"83.6";"Total Ingeniería, industria y construcción";"Hombres";"Evaluacion"
"2015-2016";"83.39";"Total Ingeniería, industria y construcción";"Hombres";"Evaluacion"
"2022-2023";"85.01";"Ingenierías";"Hombres";"Evaluacion"
"2021-2022";"79.64";"Ingenierías";"Hombres";"Evaluacion"
"2020-2021";"82.34";"Ingenierías";"Hombres";"Evaluacion"
"2019-2020";"84.97";"Ingenierías";"Hombres";"Evaluacion"
"2018-2019";"84.96";"Ingenierías";"Hombres";"Evaluacion"
"2017-2018";"82.57";"Ingenierías";"Hombres";"Evaluacion"
"2016-2017";"83.6";"Ingenierías";"Hombres";"Evaluacion"
"2015-2016";"83.39";"Ingenierías";"Hombres";"Evaluacion"
"2022-2023";"..";"Arquitectura y construcción";"Hombres";"Evaluacion"
"2021-2022";"..";"Arquitectura y construcción";"Hombres";"Evaluacion"
"2020-2021";"..";"Arquitectura y construcción";"Hombres";"Evaluacion"
"2019-2020";"..";"Arquitectura y construcción";"Hombres";"Evaluacion"
"2018-2019";"..";"Arquitectura y construcción";"Hombres";"Evaluacion"
"2017-2018";"..";"Arquitectura y construcción";"Hombres";"Evaluacion"
"2016-2017";"..";"Arquitectura y construcción";"Hombres";"Evaluacion"
"2015-2016";"..";"Arquitectura y construcción";"Hombres";"Evaluacion"
"2022-2023";"75.82";"Total Agricultura, ganadería,  silvicultura, pesca, y veterinaria";"Hombres";"Evaluacion"
"2021-2022";"80.94";"Total Agricultura, ganadería,  silvicultura, pesca, y veterinaria";"Hombres";"Evaluacion"
"2020-2021";"78.98";"Total Agricultura, ganadería,  silvicultura, pesca, y veterinaria";"Hombres";"Evaluacion"
"2019-2020";"89.62";"Total Agricultura, ganadería,  silvicultura, pesca, y veterinaria";"Hombres";"Evaluacion"
"2018-2019";"81.05";"Total Agricultura, ganadería,  silvicultura, pesca, y veterinaria";"Hombres";"Evaluacion"
"2017-2018";"82.22";"Total Agricultura, ganadería,  silvicultura, pesca, y veterinaria";"Hombres";"Evaluacion"
"2016-2017";"81.64";"Total Agricultura, ganadería,  silvicultura, pesca, y veterinaria";"Hombres";"Evaluacion"
"2015-2016";"81.64";"Total Agricultura, ganadería,  silvicultura, pesca, y veterinaria";"Hombres";"Evaluacion"
"2022-2023";"75.82";"Agricultura, ganadería y pesca";"Hombres";"Evaluacion"
"2021-2022";"80.94";"Agricultura, ganadería y pesca";"Hombres";"Evaluacion"
"2020-2021";"78.98";"Agricultura, ganadería y pesca";"Hombres";"Evaluacion"
"2019-2020";"89.62";"Agricultura, ganadería y pesca";"Hombres";"Evaluacion"
"2018-2019";"81.05";"Agricultura, ganadería y pesca";"Hombres";"Evaluacion"
"2017-2018";"82.22";"Agricultura, ganadería y pesca";"Hombres";"Evaluacion"
"2016-2017";"81.64";"Agricultura, ganadería y pesca";"Hombres";"Evaluacion"
"2015-2016";"81.64";"Agricultura, ganadería y pesca";"Hombres";"Evaluacion"
"2022-2023";"..";"Veterinaria";"Hombres";"Evaluacion"
"2021-2022";"..";"Veterinaria";"Hombres";"Evaluacion"
"2020-2021";"..";"Veterinaria";"Hombres";"Evaluacion"
"2019-2020";"..";"Veterinaria";"Hombres";"Evaluacion"
"2018-2019";"..";"Veterinaria";"Hombres";"Evaluacion"
"2017-2018";"..";"Veterinaria";"Hombres";"Evaluacion"
"2016-2017";"..";"Veterinaria";"Hombres";"Evaluacion"
"2015-2016";"..";"Veterinaria";"Hombres";"Evaluacion"
"2022-2023";"96.23";"Total Salud y servicios sociales";"Hombres";"Evaluacion"
"2021-2022";"96.41";"Total Salud y servicios sociales";"Hombres";"Evaluacion"
"2020-2021";"94.55";"Total Salud y servicios sociales";"Hombres";"Evaluacion"
"2019-2020";"96.46";"Total Salud y servicios sociales";"Hombres";"Evaluacion"
"2018-2019";"94.96";"Total Salud y servicios sociales";"Hombres";"Evaluacion"
"2017-2018";"93.78";"Total Salud y servicios sociales";"Hombres";"Evaluacion"
"2016-2017";"94.01";"Total Salud y servicios sociales";"Hombres";"Evaluacion"
"2015-2016";"92.22";"Total Salud y servicios sociales";"Hombres";"Evaluacion"
"2022-2023";"..";"Medicina";"Hombres";"Evaluacion"
"2021-2022";"..";"Medicina";"Hombres";"Evaluacion"
"2020-2021";"..";"Medicina";"Hombres";"Evaluacion"
"2019-2020";"..";"Medicina";"Hombres";"Evaluacion"
"2018-2019";"..";"Medicina";"Hombres";"Evaluacion"
"2017-2018";"..";"Medicina";"Hombres";"Evaluacion"
"2016-2017";"..";"Medicina";"Hombres";"Evaluacion"
"2015-2016";"..";"Medicina";"Hombres";"Evaluacion"
"2022-2023";"97.57";"Enfermería y atención a enfermos";"Hombres";"Evaluacion"
"2021-2022";"97.85";"Enfermería y atención a enfermos";"Hombres";"Evaluacion"
"2020-2021";"97.78";"Enfermería y atención a enfermos";"Hombres";"Evaluacion"
"2019-2020";"98.17";"Enfermería y atención a enfermos";"Hombres";"Evaluacion"
"2018-2019";"99.15";"Enfermería y atención a enfermos";"Hombres";"Evaluacion"
"2017-2018";"95.63";"Enfermería y atención a enfermos";"Hombres";"Evaluacion"
"2016-2017";"95.6";"Enfermería y atención a enfermos";"Hombres";"Evaluacion"
"2015-2016";"93.48";"Enfermería y atención a enfermos";"Hombres";"Evaluacion"
"2022-2023";"..";"Otras ciencias de la Salud";"Hombres";"Evaluacion"
"2021-2022";"..";"Otras ciencias de la Salud";"Hombres";"Evaluacion"
"2020-2021";"..";"Otras ciencias de la Salud";"Hombres";"Evaluacion"
"2019-2020";"..";"Otras ciencias de la Salud";"Hombres";"Evaluacion"
"2018-2019";"..";"Otras ciencias de la Salud";"Hombres";"Evaluacion"
"2017-2018";"..";"Otras ciencias de la Salud";"Hombres";"Evaluacion"
"2016-2017";"..";"Otras ciencias de la Salud";"Hombres";"Evaluacion"
"2015-2016";"..";"Otras ciencias de la Salud";"Hombres";"Evaluacion"
"2022-2023";"93.09";"Trabajo social y orientación";"Hombres";"Evaluacion"
"2021-2022";"94.14";"Trabajo social y orientación";"Hombres";"Evaluacion"
"2020-2021";"89.41";"Trabajo social y orientación";"Hombres";"Evaluacion"
"2019-2020";"93.97";"Trabajo social y orientación";"Hombres";"Evaluacion"
"2018-2019";"91.2";"Trabajo social y orientación";"Hombres";"Evaluacion"
"2017-2018";"91.77";"Trabajo social y orientación";"Hombres";"Evaluacion"
"2016-2017";"92.58";"Trabajo social y orientación";"Hombres";"Evaluacion"
"2015-2016";"91.06";"Trabajo social y orientación";"Hombres";"Evaluacion"
"2022-2023";"81.25";"Total Servicios";"Hombres";"Evaluacion"
"2021-2022";"..";"Total Servicios";"Hombres";"Evaluacion"
"2020-2021";"84.47";"Total Servicios";"Hombres";"Evaluacion"
"2019-2020";"93.01";"Total Servicios";"Hombres";"Evaluacion"
"2018-2019";"86.88";"Total Servicios";"Hombres";"Evaluacion"
"2017-2018";"86.96";"Total Servicios";"Hombres";"Evaluacion"
"2016-2017";"92.95";"Total Servicios";"Hombres";"Evaluacion"
"2015-2016";"..";"Total Servicios";"Hombres";"Evaluacion"
"2022-2023";"..";"Deportes";"Hombres";"Evaluacion"
"2021-2022";"..";"Deportes";"Hombres";"Evaluacion"
"2020-2021";"..";"Deportes";"Hombres";"Evaluacion"
"2019-2020";"..";"Deportes";"Hombres";"Evaluacion"
"2018-2019";"..";"Deportes";"Hombres";"Evaluacion"
"2017-2018";"..";"Deportes";"Hombres";"Evaluacion"
"2016-2017";"..";"Deportes";"Hombres";"Evaluacion"
"2015-2016";"..";"Deportes";"Hombres";"Evaluacion"
"2022-2023";"81.25";"Turismo y Hostelería";"Hombres";"Evaluacion"
"2021-2022";"..";"Turismo y Hostelería";"Hombres";"Evaluacion"
"2020-2021";"84.47";"Turismo y Hostelería";"Hombres";"Evaluacion"
"2019-2020";"93.01";"Turismo y Hostelería";"Hombres";"Evaluacion"
"2018-2019";"86.88";"Turismo y Hostelería";"Hombres";"Evaluacion"
"2017-2018";"86.96";"Turismo y Hostelería";"Hombres";"Evaluacion"
"2016-2017";"92.95";"Turismo y Hostelería";"Hombres";"Evaluacion"
"2015-2016";"..";"Turismo y Hostelería";"Hombres";"Evaluacion"
"2022-2023";"..";"Otros Servicios";"Hombres";"Evaluacion"
"2021-2022";"..";"Otros Servicios";"Hombres";"Evaluacion"
"2020-2021";"..";"Otros Servicios";"Hombres";"Evaluacion"
"2019-2020";"..";"Otros Servicios";"Hombres";"Evaluacion"
"2018-2019";"..";"Otros Servicios";"Hombres";"Evaluacion"
"2017-2018";"..";"Otros Servicios";"Hombres";"Evaluacion"
"2016-2017";"..";"Otros Servicios";"Hombres";"Evaluacion"
"2015-2016";"..";"Otros Servicios";"Hombres";"Evaluacion"
"2022-2023";"???";"La Rioja";"Mujeres";"Rendimiento"
"2021-2022";"???";"La Rioja";"Mujeres";"Rendimiento"
"2020-2021";"???";"La Rioja";"Mujeres";"Rendimiento"
"2019-2020";"???";"La Rioja";"Mujeres";"Rendimiento"
"2018-2019";"???";"La Rioja";"Mujeres";"Rendimiento"
"2017-2018";"???";"La Rioja";"Mujeres";"Rendimiento"
"2016-2017";"???";"La Rioja";"Mujeres";"Rendimiento"
"2015-2016";"???";"La Rioja";"Mujeres";"Rendimiento"
"2022-2023";"82.5";"Todos los ámbitos";"Mujeres";"Rendimiento"
"2021-2022";"80.9";"Todos los ámbitos";"Mujeres";"Rendimiento"
"2020-2021";"82.6";"Todos los ámbitos";"Mujeres";"Rendimiento"
"2019-2020";"89.79";"Todos los ámbitos";"Mujeres";"Rendimiento"
"2018-2019";"82.37";"Todos los ámbitos";"Mujeres";"Rendimiento"
"2017-2018";"83.3";"Todos los ámbitos";"Mujeres";"Rendimiento"
"2016-2017";"82.36";"Todos los ámbitos";"Mujeres";"Rendimiento"
"2015-2016";"82.94";"Todos los ámbitos";"Mujeres";"Rendimiento"
"2022-2023";"89.71";"Total Educación";"Mujeres";"Rendimiento"
"2021-2022";"89.36";"Total Educación";"Mujeres";"Rendimiento"
"2020-2021";"89.01";"Total Educación";"Mujeres";"Rendimiento"
"2019-2020";"92.73";"Total Educación";"Mujeres";"Rendimiento"
"2018-2019";"87.1";"Total Educación";"Mujeres";"Rendimiento"
"2017-2018";"88.11";"Total Educación";"Mujeres";"Rendimiento"
"2016-2017";"87.41";"Total Educación";"Mujeres";"Rendimiento"
"2015-2016";"88.46";"Total Educación";"Mujeres";"Rendimiento"
"2022-2023";"85.77";"Formación de docentes de enseñanza infantil";"Mujeres";"Rendimiento"
"2021-2022";"89.02";"Formación de docentes de enseñanza infantil";"Mujeres";"Rendimiento"
"2020-2021";"89.01";"Formación de docentes de enseñanza infantil";"Mujeres";"Rendimiento"
"2019-2020";"93.86";"Formación de docentes de enseñanza infantil";"Mujeres";"Rendimiento"
"2018-2019";"86.53";"Formación de docentes de enseñanza infantil";"Mujeres";"Rendimiento"
"2017-2018";"89.33";"Formación de docentes de enseñanza infantil";"Mujeres";"Rendimiento"
"2016-2017";"88.02";"Formación de docentes de enseñanza infantil";"Mujeres";"Rendimiento"
"2015-2016";"89.11";"Formación de docentes de enseñanza infantil";"Mujeres";"Rendimiento"
"2022-2023";"92.49";"Formación de docentes de enseñanza primaria";"Mujeres";"Rendimiento"
"2021-2022";"89.59";"Formación de docentes de enseñanza primaria";"Mujeres";"Rendimiento"
"2020-2021";"89.01";"Formación de docentes de enseñanza primaria";"Mujeres";"Rendimiento"
"2019-2020";"91.93";"Formación de docentes de enseñanza primaria";"Mujeres";"Rendimiento"
"2018-2019";"87.54";"Formación de docentes de enseñanza primaria";"Mujeres";"Rendimiento"
"2017-2018";"87.25";"Formación de docentes de enseñanza primaria";"Mujeres";"Rendimiento"
"2016-2017";"86.98";"Formación de docentes de enseñanza primaria";"Mujeres";"Rendimiento"
"2015-2016";"87.96";"Formación de docentes de enseñanza primaria";"Mujeres";"Rendimiento"
"2022-2023";"..";"Otra Formación de personal docente y ciencias de la educación";"Mujeres";"Rendimiento"
"2021-2022";"..";"Otra Formación de personal docente y ciencias de la educación";"Mujeres";"Rendimiento"
"2020-2021";"..";"Otra Formación de personal docente y ciencias de la educación";"Mujeres";"Rendimiento"
"2019-2020";"..";"Otra Formación de personal docente y ciencias de la educación";"Mujeres";"Rendimiento"
"2018-2019";"..";"Otra Formación de personal docente y ciencias de la educación";"Mujeres";"Rendimiento"
"2017-2018";"..";"Otra Formación de personal docente y ciencias de la educación";"Mujeres";"Rendimiento"
"2016-2017";"..";"Otra Formación de personal docente y ciencias de la educación";"Mujeres";"Rendimiento"
"2015-2016";"..";"Otra Formación de personal docente y ciencias de la educación";"Mujeres";"Rendimiento"
"2022-2023";"76.34";"Total Artes y humanidades";"Mujeres";"Rendimiento"
"2021-2022";"79.53";"Total Artes y humanidades";"Mujeres";"Rendimiento"
"2020-2021";"82.77";"Total Artes y humanidades";"Mujeres";"Rendimiento"
"2019-2020";"87.12";"Total Artes y humanidades";"Mujeres";"Rendimiento"
"2018-2019";"84.91";"Total Artes y humanidades";"Mujeres";"Rendimiento"
"2017-2018";"86.58";"Total Artes y humanidades";"Mujeres";"Rendimiento"
"2016-2017";"80.08";"Total Artes y humanidades";"Mujeres";"Rendimiento"
"2015-2016";"80.68";"Total Artes y humanidades";"Mujeres";"Rendimiento"
"2022-2023";"..";"Técnicas audiovisuales y medios de comunicación";"Mujeres";"Rendimiento"
"2021-2022";"..";"Técnicas audiovisuales y medios de comunicación";"Mujeres";"Rendimiento"
"2020-2021";"..";"Técnicas audiovisuales y medios de comunicación";"Mujeres";"Rendimiento"
"2019-2020";"..";"Técnicas audiovisuales y medios de comunicación";"Mujeres";"Rendimiento"
"2018-2019";"..";"Técnicas audiovisuales y medios de comunicación";"Mujeres";"Rendimiento"
"2017-2018";"..";"Técnicas audiovisuales y medios de comunicación";"Mujeres";"Rendimiento"
"2016-2017";"..";"Técnicas audiovisuales y medios de comunicación";"Mujeres";"Rendimiento"
"2015-2016";"..";"Técnicas audiovisuales y medios de comunicación";"Mujeres";"Rendimiento"
"2022-2023";"..";"Artes";"Mujeres";"Rendimiento"
"2021-2022";"..";"Artes";"Mujeres";"Rendimiento"
"2020-2021";"..";"Artes";"Mujeres";"Rendimiento"
"2019-2020";"..";"Artes";"Mujeres";"Rendimiento"
"2018-2019";"..";"Artes";"Mujeres";"Rendimiento"
"2017-2018";"..";"Artes";"Mujeres";"Rendimiento"
"2016-2017";"..";"Artes";"Mujeres";"Rendimiento"
"2015-2016";"..";"Artes";"Mujeres";"Rendimiento"
"2022-2023";"76.34";"Lenguas";"Mujeres";"Rendimiento"
"2021-2022";"79.53";"Lenguas";"Mujeres";"Rendimiento"
"2020-2021";"82.77";"Lenguas";"Mujeres";"Rendimiento"
"2019-2020";"87.12";"Lenguas";"Mujeres";"Rendimiento"
"2018-2019";"84.91";"Lenguas";"Mujeres";"Rendimiento"
"2017-2018";"86.58";"Lenguas";"Mujeres";"Rendimiento"
"2016-2017";"80.08";"Lenguas";"Mujeres";"Rendimiento"
"2015-2016";"80.68";"Lenguas";"Mujeres";"Rendimiento"
"2022-2023";"..";"Humanidades";"Mujeres";"Rendimiento"
"2021-2022";"..";"Humanidades";"Mujeres";"Rendimiento"
"2020-2021";"..";"Humanidades";"Mujeres";"Rendimiento"
"2019-2020";"..";"Humanidades";"Mujeres";"Rendimiento"
"2018-2019";"..";"Humanidades";"Mujeres";"Rendimiento"
"2017-2018";"..";"Humanidades";"Mujeres";"Rendimiento"
"2016-2017";"..";"Humanidades";"Mujeres";"Rendimiento"
"2015-2016";"..";"Humanidades";"Mujeres";"Rendimiento"
"2022-2023";"..";"Total Ciencias sociales, periodismo y documentación";"Mujeres";"Rendimiento"
"2021-2022";"79.05";"Total Ciencias sociales, periodismo y documentación";"Mujeres";"Rendimiento"
"2020-2021";"87.54";"Total Ciencias sociales, periodismo y documentación";"Mujeres";"Rendimiento"
"2019-2020";"93.71";"Total Ciencias sociales, periodismo y documentación";"Mujeres";"Rendimiento"
"2018-2019";"..";"Total Ciencias sociales, periodismo y documentación";"Mujeres";"Rendimiento"
"2017-2018";"..";"Total Ciencias sociales, periodismo y documentación";"Mujeres";"Rendimiento"
"2016-2017";"..";"Total Ciencias sociales, periodismo y documentación";"Mujeres";"Rendimiento"
"2015-2016";"84.59";"Total Ciencias sociales, periodismo y documentación";"Mujeres";"Rendimiento"
"2022-2023";"..";"Psicología";"Mujeres";"Rendimiento"
"2021-2022";"..";"Psicología";"Mujeres";"Rendimiento"
"2020-2021";"..";"Psicología";"Mujeres";"Rendimiento"
"2019-2020";"..";"Psicología";"Mujeres";"Rendimiento"
"2018-2019";"..";"Psicología";"Mujeres";"Rendimiento"
"2017-2018";"..";"Psicología";"Mujeres";"Rendimiento"
"2016-2017";"..";"Psicología";"Mujeres";"Rendimiento"
"2015-2016";"..";"Psicología";"Mujeres";"Rendimiento"
"2022-2023";"..";"Economía";"Mujeres";"Rendimiento"
"2021-2022";"..";"Economía";"Mujeres";"Rendimiento"
"2020-2021";"..";"Economía";"Mujeres";"Rendimiento"
"2019-2020";"..";"Economía";"Mujeres";"Rendimiento"
"2018-2019";"..";"Economía";"Mujeres";"Rendimiento"
"2017-2018";"..";"Economía";"Mujeres";"Rendimiento"
"2016-2017";"..";"Economía";"Mujeres";"Rendimiento"
"2015-2016";"..";"Economía";"Mujeres";"Rendimiento"
"2022-2023";"..";"Otras Ciencias sociales y del comportamiento";"Mujeres";"Rendimiento"
"2021-2022";"79.05";"Otras Ciencias sociales y del comportamiento";"Mujeres";"Rendimiento"
"2020-2021";"87.54";"Otras Ciencias sociales y del comportamiento";"Mujeres";"Rendimiento"
"2019-2020";"93.71";"Otras Ciencias sociales y del comportamiento";"Mujeres";"Rendimiento"
"2018-2019";"..";"Otras Ciencias sociales y del comportamiento";"Mujeres";"Rendimiento"
"2017-2018";"..";"Otras Ciencias sociales y del comportamiento";"Mujeres";"Rendimiento"
"2016-2017";"..";"Otras Ciencias sociales y del comportamiento";"Mujeres";"Rendimiento"
"2015-2016";"84.59";"Otras Ciencias sociales y del comportamiento";"Mujeres";"Rendimiento"
"2022-2023";"..";"Periodismo e información";"Mujeres";"Rendimiento"
"2021-2022";"..";"Periodismo e información";"Mujeres";"Rendimiento"
"2020-2021";"..";"Periodismo e información";"Mujeres";"Rendimiento"
"2019-2020";"..";"Periodismo e información";"Mujeres";"Rendimiento"
"2018-2019";"..";"Periodismo e información";"Mujeres";"Rendimiento"
"2017-2018";"..";"Periodismo e información";"Mujeres";"Rendimiento"
"2016-2017";"..";"Periodismo e información";"Mujeres";"Rendimiento"
"2015-2016";"..";"Periodismo e información";"Mujeres";"Rendimiento"
"2022-2023";"71.92";"Total Negocios, administración y derecho";"Mujeres";"Rendimiento"
"2021-2022";"66.5";"Total Negocios, administración y derecho";"Mujeres";"Rendimiento"
"2020-2021";"71.53";"Total Negocios, administración y derecho";"Mujeres";"Rendimiento"
"2019-2020";"87.59";"Total Negocios, administración y derecho";"Mujeres";"Rendimiento"
"2018-2019";"72.21";"Total Negocios, administración y derecho";"Mujeres";"Rendimiento"
"2017-2018";"72.47";"Total Negocios, administración y derecho";"Mujeres";"Rendimiento"
"2016-2017";"71.46";"Total Negocios, administración y derecho";"Mujeres";"Rendimiento"
"2015-2016";"77.06";"Total Negocios, administración y derecho";"Mujeres";"Rendimiento"
"2022-2023";"68.88";"Administración y gestión de empresas";"Mujeres";"Rendimiento"
"2021-2022";"63.62";"Administración y gestión de empresas";"Mujeres";"Rendimiento"
"2020-2021";"69.82";"Administración y gestión de empresas";"Mujeres";"Rendimiento"
"2019-2020";"87.73";"Administración y gestión de empresas";"Mujeres";"Rendimiento"
"2018-2019";"71.06";"Administración y gestión de empresas";"Mujeres";"Rendimiento"
"2017-2018";"69.97";"Administración y gestión de empresas";"Mujeres";"Rendimiento"
"2016-2017";"71.29";"Administración y gestión de empresas";"Mujeres";"Rendimiento"
"2015-2016";"75.88";"Administración y gestión de empresas";"Mujeres";"Rendimiento"
"2022-2023";"..";"Otra Educación comercial y empresarial";"Mujeres";"Rendimiento"
"2021-2022";"..";"Otra Educación comercial y empresarial";"Mujeres";"Rendimiento"
"2020-2021";"..";"Otra Educación comercial y empresarial";"Mujeres";"Rendimiento"
"2019-2020";"..";"Otra Educación comercial y empresarial";"Mujeres";"Rendimiento"
"2018-2019";"..";"Otra Educación comercial y empresarial";"Mujeres";"Rendimiento"
"2017-2018";"..";"Otra Educación comercial y empresarial";"Mujeres";"Rendimiento"
"2016-2017";"..";"Otra Educación comercial y empresarial";"Mujeres";"Rendimiento"
"2015-2016";"..";"Otra Educación comercial y empresarial";"Mujeres";"Rendimiento"
"2022-2023";"78.45";"Derecho";"Mujeres";"Rendimiento"
"2021-2022";"72.34";"Derecho";"Mujeres";"Rendimiento"
"2020-2021";"75.41";"Derecho";"Mujeres";"Rendimiento"
"2019-2020";"87.3";"Derecho";"Mujeres";"Rendimiento"
"2018-2019";"75.01";"Derecho";"Mujeres";"Rendimiento"
"2017-2018";"77.89";"Derecho";"Mujeres";"Rendimiento"
"2016-2017";"71.8";"Derecho";"Mujeres";"Rendimiento"
"2015-2016";"79.87";"Derecho";"Mujeres";"Rendimiento"
"2022-2023";"68.07";"Total Ciencias";"Mujeres";"Rendimiento"
"2021-2022";"65.6";"Total Ciencias";"Mujeres";"Rendimiento"
"2020-2021";"66.77";"Total Ciencias";"Mujeres";"Rendimiento"
"2019-2020";"79.76";"Total Ciencias";"Mujeres";"Rendimiento"
"2018-2019";"67.69";"Total Ciencias";"Mujeres";"Rendimiento"
"2017-2018";"74.71";"Total Ciencias";"Mujeres";"Rendimiento"
"2016-2017";"74.64";"Total Ciencias";"Mujeres";"Rendimiento"
"2015-2016";"69.81";"Total Ciencias";"Mujeres";"Rendimiento"
"2022-2023";"..";"Ciencias de la vida";"Mujeres";"Rendimiento"
"2021-2022";"..";"Ciencias de la vida";"Mujeres";"Rendimiento"
"2020-2021";"..";"Ciencias de la vida";"Mujeres";"Rendimiento"
"2019-2020";"..";"Ciencias de la vida";"Mujeres";"Rendimiento"
"2018-2019";"..";"Ciencias de la vida";"Mujeres";"Rendimiento"
"2017-2018";"..";"Ciencias de la vida";"Mujeres";"Rendimiento"
"2016-2017";"..";"Ciencias de la vida";"Mujeres";"Rendimiento"
"2015-2016";"..";"Ciencias de la vida";"Mujeres";"Rendimiento"
"2022-2023";"67.4";"Ciencias Físicas, químicas, geológicas";"Mujeres";"Rendimiento"
"2021-2022";"65.22";"Ciencias Físicas, químicas, geológicas";"Mujeres";"Rendimiento"
"2020-2021";"65.31";"Ciencias Físicas, químicas, geológicas";"Mujeres";"Rendimiento"
"2019-2020";"80.11";"Ciencias Físicas, químicas, geológicas";"Mujeres";"Rendimiento"
"2018-2019";"66.26";"Ciencias Físicas, químicas, geológicas";"Mujeres";"Rendimiento"
"2017-2018";"71.92";"Ciencias Físicas, químicas, geológicas";"Mujeres";"Rendimiento"
"2016-2017";"74.52";"Ciencias Físicas, químicas, geológicas";"Mujeres";"Rendimiento"
"2015-2016";"69.31";"Ciencias Físicas, químicas, geológicas";"Mujeres";"Rendimiento"
"2022-2023";"69.76";"Matemáticas y Estadística";"Mujeres";"Rendimiento"
"2021-2022";"66.58";"Matemáticas y Estadística";"Mujeres";"Rendimiento"
"2020-2021";"70.12";"Matemáticas y Estadística";"Mujeres";"Rendimiento"
"2019-2020";"79.15";"Matemáticas y Estadística";"Mujeres";"Rendimiento"
"2018-2019";"70.32";"Matemáticas y Estadística";"Mujeres";"Rendimiento"
"2017-2018";"80.1";"Matemáticas y Estadística";"Mujeres";"Rendimiento"
"2016-2017";"74.92";"Matemáticas y Estadística";"Mujeres";"Rendimiento"
"2015-2016";"71.07";"Matemáticas y Estadística";"Mujeres";"Rendimiento"
"2022-2023";"72.12";"Total Informática";"Mujeres";"Rendimiento"
"2021-2022";"67.06";"Total Informática";"Mujeres";"Rendimiento"
"2020-2021";"76.7";"Total Informática";"Mujeres";"Rendimiento"
"2019-2020";"82.4";"Total Informática";"Mujeres";"Rendimiento"
"2018-2019";"75.88";"Total Informática";"Mujeres";"Rendimiento"
"2017-2018";"70.4";"Total Informática";"Mujeres";"Rendimiento"
"2016-2017";"75.09";"Total Informática";"Mujeres";"Rendimiento"
"2015-2016";"73.59";"Total Informática";"Mujeres";"Rendimiento"
"2022-2023";"72.12";"Informática";"Mujeres";"Rendimiento"
"2021-2022";"67.06";"Informática";"Mujeres";"Rendimiento"
"2020-2021";"76.7";"Informática";"Mujeres";"Rendimiento"
"2019-2020";"82.4";"Informática";"Mujeres";"Rendimiento"
"2018-2019";"75.88";"Informática";"Mujeres";"Rendimiento"
"2017-2018";"70.4";"Informática";"Mujeres";"Rendimiento"
"2016-2017";"75.09";"Informática";"Mujeres";"Rendimiento"
"2015-2016";"73.59";"Informática";"Mujeres";"Rendimiento"
"2022-2023";"72.8";"Total Ingeniería, industria y construcción";"Mujeres";"Rendimiento"
"2021-2022";"69.98";"Total Ingeniería, industria y construcción";"Mujeres";"Rendimiento"
"2020-2021";"69.21";"Total Ingeniería, industria y construcción";"Mujeres";"Rendimiento"
"2019-2020";"78.3";"Total Ingeniería, industria y construcción";"Mujeres";"Rendimiento"
"2018-2019";"73.48";"Total Ingeniería, industria y construcción";"Mujeres";"Rendimiento"
"2017-2018";"72.99";"Total Ingeniería, industria y construcción";"Mujeres";"Rendimiento"
"2016-2017";"72.76";"Total Ingeniería, industria y construcción";"Mujeres";"Rendimiento"
"2015-2016";"70.06";"Total Ingeniería, industria y construcción";"Mujeres";"Rendimiento"
"2022-2023";"72.8";"Ingenierías";"Mujeres";"Rendimiento"
"2021-2022";"69.98";"Ingenierías";"Mujeres";"Rendimiento"
"2020-2021";"69.21";"Ingenierías";"Mujeres";"Rendimiento"
"2019-2020";"78.3";"Ingenierías";"Mujeres";"Rendimiento"
"2018-2019";"73.48";"Ingenierías";"Mujeres";"Rendimiento"
"2017-2018";"72.99";"Ingenierías";"Mujeres";"Rendimiento"
"2016-2017";"72.76";"Ingenierías";"Mujeres";"Rendimiento"
"2015-2016";"70.06";"Ingenierías";"Mujeres";"Rendimiento"
"2022-2023";"..";"Arquitectura y construcción";"Mujeres";"Rendimiento"
"2021-2022";"..";"Arquitectura y construcción";"Mujeres";"Rendimiento"
"2020-2021";"..";"Arquitectura y construcción";"Mujeres";"Rendimiento"
"2019-2020";"..";"Arquitectura y construcción";"Mujeres";"Rendimiento"
"2018-2019";"..";"Arquitectura y construcción";"Mujeres";"Rendimiento"
"2017-2018";"..";"Arquitectura y construcción";"Mujeres";"Rendimiento"
"2016-2017";"..";"Arquitectura y construcción";"Mujeres";"Rendimiento"
"2015-2016";"..";"Arquitectura y construcción";"Mujeres";"Rendimiento"
"2022-2023";"71.55";"Total Agricultura, ganadería,  silvicultura, pesca, y veterinaria";"Mujeres";"Rendimiento"
"2021-2022";"63.37";"Total Agricultura, ganadería,  silvicultura, pesca, y veterinaria";"Mujeres";"Rendimiento"
"2020-2021";"69.65";"Total Agricultura, ganadería,  silvicultura, pesca, y veterinaria";"Mujeres";"Rendimiento"
"2019-2020";"77.81";"Total Agricultura, ganadería,  silvicultura, pesca, y veterinaria";"Mujeres";"Rendimiento"
"2018-2019";"67.71";"Total Agricultura, ganadería,  silvicultura, pesca, y veterinaria";"Mujeres";"Rendimiento"
"2017-2018";"75.12";"Total Agricultura, ganadería,  silvicultura, pesca, y veterinaria";"Mujeres";"Rendimiento"
"2016-2017";"64.7";"Total Agricultura, ganadería,  silvicultura, pesca, y veterinaria";"Mujeres";"Rendimiento"
"2015-2016";"74.31";"Total Agricultura, ganadería,  silvicultura, pesca, y veterinaria";"Mujeres";"Rendimiento"
"2022-2023";"71.55";"Agricultura, ganadería y pesca";"Mujeres";"Rendimiento"
"2021-2022";"63.37";"Agricultura, ganadería y pesca";"Mujeres";"Rendimiento"
"2020-2021";"69.65";"Agricultura, ganadería y pesca";"Mujeres";"Rendimiento"
"2019-2020";"77.81";"Agricultura, ganadería y pesca";"Mujeres";"Rendimiento"
"2018-2019";"67.71";"Agricultura, ganadería y pesca";"Mujeres";"Rendimiento"
"2017-2018";"75.12";"Agricultura, ganadería y pesca";"Mujeres";"Rendimiento"
"2016-2017";"64.7";"Agricultura, ganadería y pesca";"Mujeres";"Rendimiento"
"2015-2016";"74.31";"Agricultura, ganadería y pesca";"Mujeres";"Rendimiento"
"2022-2023";"..";"Veterinaria";"Mujeres";"Rendimiento"
"2021-2022";"..";"Veterinaria";"Mujeres";"Rendimiento"
"2020-2021";"..";"Veterinaria";"Mujeres";"Rendimiento"
"2019-2020";"..";"Veterinaria";"Mujeres";"Rendimiento"
"2018-2019";"..";"Veterinaria";"Mujeres";"Rendimiento"
"2017-2018";"..";"Veterinaria";"Mujeres";"Rendimiento"
"2016-2017";"..";"Veterinaria";"Mujeres";"Rendimiento"
"2015-2016";"..";"Veterinaria";"Mujeres";"Rendimiento"
"2022-2023";"94.36";"Total Salud y servicios sociales";"Mujeres";"Rendimiento"
"2021-2022";"94.34";"Total Salud y servicios sociales";"Mujeres";"Rendimiento"
"2020-2021";"95.69";"Total Salud y servicios sociales";"Mujeres";"Rendimiento"
"2019-2020";"96.06";"Total Salud y servicios sociales";"Mujeres";"Rendimiento"
"2018-2019";"91.04";"Total Salud y servicios sociales";"Mujeres";"Rendimiento"
"2017-2018";"92.11";"Total Salud y servicios sociales";"Mujeres";"Rendimiento"
"2016-2017";"91.84";"Total Salud y servicios sociales";"Mujeres";"Rendimiento"
"2015-2016";"90.14";"Total Salud y servicios sociales";"Mujeres";"Rendimiento"
"2022-2023";"..";"Medicina";"Mujeres";"Rendimiento"
"2021-2022";"..";"Medicina";"Mujeres";"Rendimiento"
"2020-2021";"..";"Medicina";"Mujeres";"Rendimiento"
"2019-2020";"..";"Medicina";"Mujeres";"Rendimiento"
"2018-2019";"..";"Medicina";"Mujeres";"Rendimiento"
"2017-2018";"..";"Medicina";"Mujeres";"Rendimiento"
"2016-2017";"..";"Medicina";"Mujeres";"Rendimiento"
"2015-2016";"..";"Medicina";"Mujeres";"Rendimiento"
"2022-2023";"97.09";"Enfermería y atención a enfermos";"Mujeres";"Rendimiento"
"2021-2022";"97.61";"Enfermería y atención a enfermos";"Mujeres";"Rendimiento"
"2020-2021";"97.26";"Enfermería y atención a enfermos";"Mujeres";"Rendimiento"
"2019-2020";"96.79";"Enfermería y atención a enfermos";"Mujeres";"Rendimiento"
"2018-2019";"94.9";"Enfermería y atención a enfermos";"Mujeres";"Rendimiento"
"2017-2018";"95.24";"Enfermería y atención a enfermos";"Mujeres";"Rendimiento"
"2016-2017";"95.8";"Enfermería y atención a enfermos";"Mujeres";"Rendimiento"
"2015-2016";"93.38";"Enfermería y atención a enfermos";"Mujeres";"Rendimiento"
"2022-2023";"..";"Otras ciencias de la Salud";"Mujeres";"Rendimiento"
"2021-2022";"..";"Otras ciencias de la Salud";"Mujeres";"Rendimiento"
"2020-2021";"..";"Otras ciencias de la Salud";"Mujeres";"Rendimiento"
"2019-2020";"..";"Otras ciencias de la Salud";"Mujeres";"Rendimiento"
"2018-2019";"..";"Otras ciencias de la Salud";"Mujeres";"Rendimiento"
"2017-2018";"..";"Otras ciencias de la Salud";"Mujeres";"Rendimiento"
"2016-2017";"..";"Otras ciencias de la Salud";"Mujeres";"Rendimiento"
"2015-2016";"..";"Otras ciencias de la Salud";"Mujeres";"Rendimiento"
"2022-2023";"90.42";"Trabajo social y orientación";"Mujeres";"Rendimiento"
"2021-2022";"88.73";"Trabajo social y orientación";"Mujeres";"Rendimiento"
"2020-2021";"92.91";"Trabajo social y orientación";"Mujeres";"Rendimiento"
"2019-2020";"94.82";"Trabajo social y orientación";"Mujeres";"Rendimiento"
"2018-2019";"84.07";"Trabajo social y orientación";"Mujeres";"Rendimiento"
"2017-2018";"86.37";"Trabajo social y orientación";"Mujeres";"Rendimiento"
"2016-2017";"84.61";"Trabajo social y orientación";"Mujeres";"Rendimiento"
"2015-2016";"83.75";"Trabajo social y orientación";"Mujeres";"Rendimiento"
"2022-2023";"71.23";"Total Servicios";"Mujeres";"Rendimiento"
"2021-2022";"73.51";"Total Servicios";"Mujeres";"Rendimiento"
"2020-2021";"65.0";"Total Servicios";"Mujeres";"Rendimiento"
"2019-2020";"84.88";"Total Servicios";"Mujeres";"Rendimiento"
"2018-2019";"81.24";"Total Servicios";"Mujeres";"Rendimiento"
"2017-2018";"77.61";"Total Servicios";"Mujeres";"Rendimiento"
"2016-2017";"82.12";"Total Servicios";"Mujeres";"Rendimiento"
"2015-2016";"78.21";"Total Servicios";"Mujeres";"Rendimiento"
"2022-2023";"..";"Deportes";"Mujeres";"Rendimiento"
"2021-2022";"..";"Deportes";"Mujeres";"Rendimiento"
"2020-2021";"..";"Deportes";"Mujeres";"Rendimiento"
"2019-2020";"..";"Deportes";"Mujeres";"Rendimiento"
"2018-2019";"..";"Deportes";"Mujeres";"Rendimiento"
"2017-2018";"..";"Deportes";"Mujeres";"Rendimiento"
"2016-2017";"..";"Deportes";"Mujeres";"Rendimiento"
"2015-2016";"..";"Deportes";"Mujeres";"Rendimiento"
"2022-2023";"71.23";"Turismo y Hostelería";"Mujeres";"Rendimiento"
"2021-2022";"73.51";"Turismo y Hostelería";"Mujeres";"Rendimiento"
"2020-2021";"65.0";"Turismo y Hostelería";"Mujeres";"Rendimiento"
"2019-2020";"84.88";"Turismo y Hostelería";"Mujeres";"Rendimiento"
"2018-2019";"81.24";"Turismo y Hostelería";"Mujeres";"Rendimiento"
"2017-2018";"77.61";"Turismo y Hostelería";"Mujeres";"Rendimiento"
"2016-2017";"82.12";"Turismo y Hostelería";"Mujeres";"Rendimiento"
"2015-2016";"78.21";"Turismo y Hostelería";"Mujeres";"Rendimiento"
"2022-2023";"..";"Otros Servicios";"Mujeres";"Rendimiento"
"2021-2022";"..";"Otros Servicios";"Mujeres";"Rendimiento"
"2020-2021";"..";"Otros Servicios";"Mujeres";"Rendimiento"
"2019-2020";"..";"Otros Servicios";"Mujeres";"Rendimiento"
"2018-2019";"..";"Otros Servicios";"Mujeres";"Rendimiento"
"2017-2018";"..";"Otros Servicios";"Mujeres";"Rendimiento"
"2016-2017";"..";"Otros Servicios";"Mujeres";"Rendimiento"
"2015-2016";"..";"Otros Servicios";"Mujeres";"Rendimiento"
"2022-2023";"???";"La Rioja";"Mujeres";"Exito"
"2021-2022";"???";"La Rioja";"Mujeres";"Exito"
"2020-2021";"???";"La Rioja";"Mujeres";"Exito"
"2019-2020";"???";"La Rioja";"Mujeres";"Exito"
"2018-2019";"???";"La Rioja";"Mujeres";"Exito"
"2017-2018";"???";"La Rioja";"Mujeres";"Exito"
"2016-2017";"???";"La Rioja";"Mujeres";"Exito"
"2015-2016";"???";"La Rioja";"Mujeres";"Exito"
"2022-2023";"87.76";"Todos los ámbitos";"Mujeres";"Exito"
"2021-2022";"87.01";"Todos los ámbitos";"Mujeres";"Exito"
"2020-2021";"87.58";"Todos los ámbitos";"Mujeres";"Exito"
"2019-2020";"93.69";"Todos los ámbitos";"Mujeres";"Exito"
"2018-2019";"88.88";"Todos los ámbitos";"Mujeres";"Exito"
"2017-2018";"89.15";"Todos los ámbitos";"Mujeres";"Exito"
"2016-2017";"88.93";"Todos los ámbitos";"Mujeres";"Exito"
"2015-2016";"88.77";"Todos los ámbitos";"Mujeres";"Exito"
"2022-2023";"92.27";"Total Educación";"Mujeres";"Exito"
"2021-2022";"92.6";"Total Educación";"Mujeres";"Exito"
"2020-2021";"91.87";"Total Educación";"Mujeres";"Exito"
"2019-2020";"95.84";"Total Educación";"Mujeres";"Exito"
"2018-2019";"92.36";"Total Educación";"Mujeres";"Exito"
"2017-2018";"91.86";"Total Educación";"Mujeres";"Exito"
"2016-2017";"91.74";"Total Educación";"Mujeres";"Exito"
"2015-2016";"92.92";"Total Educación";"Mujeres";"Exito"
"2022-2023";"88.36";"Formación de docentes de enseñanza infantil";"Mujeres";"Exito"
"2021-2022";"92.73";"Formación de docentes de enseñanza infantil";"Mujeres";"Exito"
"2020-2021";"92.38";"Formación de docentes de enseñanza infantil";"Mujeres";"Exito"
"2019-2020";"97.1";"Formación de docentes de enseñanza infantil";"Mujeres";"Exito"
"2018-2019";"93.83";"Formación de docentes de enseñanza infantil";"Mujeres";"Exito"
"2017-2018";"92.62";"Formación de docentes de enseñanza infantil";"Mujeres";"Exito"
"2016-2017";"93.19";"Formación de docentes de enseñanza infantil";"Mujeres";"Exito"
"2015-2016";"94.33";"Formación de docentes de enseñanza infantil";"Mujeres";"Exito"
"2022-2023";"95.02";"Formación de docentes de enseñanza primaria";"Mujeres";"Exito"
"2021-2022";"92.52";"Formación de docentes de enseñanza primaria";"Mujeres";"Exito"
"2020-2021";"91.51";"Formación de docentes de enseñanza primaria";"Mujeres";"Exito"
"2019-2020";"94.95";"Formación de docentes de enseñanza primaria";"Mujeres";"Exito"
"2018-2019";"91.28";"Formación de docentes de enseñanza primaria";"Mujeres";"Exito"
"2017-2018";"91.32";"Formación de docentes de enseñanza primaria";"Mujeres";"Exito"
"2016-2017";"90.72";"Formación de docentes de enseñanza primaria";"Mujeres";"Exito"
"2015-2016";"91.84";"Formación de docentes de enseñanza primaria";"Mujeres";"Exito"
"2022-2023";"..";"Otra Formación de personal docente y ciencias de la educación";"Mujeres";"Exito"
"2021-2022";"..";"Otra Formación de personal docente y ciencias de la educación";"Mujeres";"Exito"
"2020-2021";"..";"Otra Formación de personal docente y ciencias de la educación";"Mujeres";"Exito"
"2019-2020";"..";"Otra Formación de personal docente y ciencias de la educación";"Mujeres";"Exito"
"2018-2019";"..";"Otra Formación de personal docente y ciencias de la educación";"Mujeres";"Exito"
"2017-2018";"..";"Otra Formación de personal docente y ciencias de la educación";"Mujeres";"Exito"
"2016-2017";"..";"Otra Formación de personal docente y ciencias de la educación";"Mujeres";"Exito"
"2015-2016";"..";"Otra Formación de personal docente y ciencias de la educación";"Mujeres";"Exito"
"2022-2023";"88.02";"Total Artes y humanidades";"Mujeres";"Exito"
"2021-2022";"88.09";"Total Artes y humanidades";"Mujeres";"Exito"
"2020-2021";"89.61";"Total Artes y humanidades";"Mujeres";"Exito"
"2019-2020";"93.33";"Total Artes y humanidades";"Mujeres";"Exito"
"2018-2019";"91.89";"Total Artes y humanidades";"Mujeres";"Exito"
"2017-2018";"93.08";"Total Artes y humanidades";"Mujeres";"Exito"
"2016-2017";"91.88";"Total Artes y humanidades";"Mujeres";"Exito"
"2015-2016";"89.13";"Total Artes y humanidades";"Mujeres";"Exito"
"2022-2023";"..";"Técnicas audiovisuales y medios de comunicación";"Mujeres";"Exito"
"2021-2022";"..";"Técnicas audiovisuales y medios de comunicación";"Mujeres";"Exito"
"2020-2021";"..";"Técnicas audiovisuales y medios de comunicación";"Mujeres";"Exito"
"2019-2020";"..";"Técnicas audiovisuales y medios de comunicación";"Mujeres";"Exito"
"2018-2019";"..";"Técnicas audiovisuales y medios de comunicación";"Mujeres";"Exito"
"2017-2018";"..";"Técnicas audiovisuales y medios de comunicación";"Mujeres";"Exito"
"2016-2017";"..";"Técnicas audiovisuales y medios de comunicación";"Mujeres";"Exito"
"2015-2016";"..";"Técnicas audiovisuales y medios de comunicación";"Mujeres";"Exito"
"2022-2023";"..";"Artes";"Mujeres";"Exito"
"2021-2022";"..";"Artes";"Mujeres";"Exito"
"2020-2021";"..";"Artes";"Mujeres";"Exito"
"2019-2020";"..";"Artes";"Mujeres";"Exito"
"2018-2019";"..";"Artes";"Mujeres";"Exito"
"2017-2018";"..";"Artes";"Mujeres";"Exito"
"2016-2017";"..";"Artes";"Mujeres";"Exito"
"2015-2016";"..";"Artes";"Mujeres";"Exito"
"2022-2023";"88.02";"Lenguas";"Mujeres";"Exito"
"2021-2022";"88.09";"Lenguas";"Mujeres";"Exito"
"2020-2021";"89.61";"Lenguas";"Mujeres";"Exito"
"2019-2020";"93.33";"Lenguas";"Mujeres";"Exito"
"2018-2019";"91.89";"Lenguas";"Mujeres";"Exito"
"2017-2018";"93.08";"Lenguas";"Mujeres";"Exito"
"2016-2017";"91.88";"Lenguas";"Mujeres";"Exito"
"2015-2016";"89.13";"Lenguas";"Mujeres";"Exito"
"2022-2023";"..";"Humanidades";"Mujeres";"Exito"
"2021-2022";"..";"Humanidades";"Mujeres";"Exito"
"2020-2021";"..";"Humanidades";"Mujeres";"Exito"
"2019-2020";"..";"Humanidades";"Mujeres";"Exito"
"2018-2019";"..";"Humanidades";"Mujeres";"Exito"
"2017-2018";"..";"Humanidades";"Mujeres";"Exito"
"2016-2017";"..";"Humanidades";"Mujeres";"Exito"
"2015-2016";"..";"Humanidades";"Mujeres";"Exito"
"2022-2023";"..";"Total Ciencias sociales, periodismo y documentación";"Mujeres";"Exito"
"2021-2022";"88.5";"Total Ciencias sociales, periodismo y documentación";"Mujeres";"Exito"
"2020-2021";"94.3";"Total Ciencias sociales, periodismo y documentación";"Mujeres";"Exito"
"2019-2020";"96.36";"Total Ciencias sociales, periodismo y documentación";"Mujeres";"Exito"
"2018-2019";"..";"Total Ciencias sociales, periodismo y documentación";"Mujeres";"Exito"
"2017-2018";"..";"Total Ciencias sociales, periodismo y documentación";"Mujeres";"Exito"
"2016-2017";"..";"Total Ciencias sociales, periodismo y documentación";"Mujeres";"Exito"
"2015-2016";"93.13";"Total Ciencias sociales, periodismo y documentación";"Mujeres";"Exito"
"2022-2023";"..";"Psicología";"Mujeres";"Exito"
"2021-2022";"..";"Psicología";"Mujeres";"Exito"
"2020-2021";"..";"Psicología";"Mujeres";"Exito"
"2019-2020";"..";"Psicología";"Mujeres";"Exito"
"2018-2019";"..";"Psicología";"Mujeres";"Exito"
"2017-2018";"..";"Psicología";"Mujeres";"Exito"
"2016-2017";"..";"Psicología";"Mujeres";"Exito"
"2015-2016";"..";"Psicología";"Mujeres";"Exito"
"2022-2023";"..";"Economía";"Mujeres";"Exito"
"2021-2022";"..";"Economía";"Mujeres";"Exito"
"2020-2021";"..";"Economía";"Mujeres";"Exito"
"2019-2020";"..";"Economía";"Mujeres";"Exito"
"2018-2019";"..";"Economía";"Mujeres";"Exito"
"2017-2018";"..";"Economía";"Mujeres";"Exito"
"2016-2017";"..";"Economía";"Mujeres";"Exito"
"2015-2016";"..";"Economía";"Mujeres";"Exito"
"2022-2023";"..";"Otras Ciencias sociales y del comportamiento";"Mujeres";"Exito"
"2021-2022";"88.5";"Otras Ciencias sociales y del comportamiento";"Mujeres";"Exito"
"2020-2021";"94.3";"Otras Ciencias sociales y del comportamiento";"Mujeres";"Exito"
"2019-2020";"96.36";"Otras Ciencias sociales y del comportamiento";"Mujeres";"Exito"
"2018-2019";"..";"Otras Ciencias sociales y del comportamiento";"Mujeres";"Exito"
"2017-2018";"..";"Otras Ciencias sociales y del comportamiento";"Mujeres";"Exito"
"2016-2017";"..";"Otras Ciencias sociales y del comportamiento";"Mujeres";"Exito"
"2015-2016";"93.13";"Otras Ciencias sociales y del comportamiento";"Mujeres";"Exito"
"2022-2023";"..";"Periodismo e información";"Mujeres";"Exito"
"2021-2022";"..";"Periodismo e información";"Mujeres";"Exito"
"2020-2021";"..";"Periodismo e información";"Mujeres";"Exito"
"2019-2020";"..";"Periodismo e información";"Mujeres";"Exito"
"2018-2019";"..";"Periodismo e información";"Mujeres";"Exito"
"2017-2018";"..";"Periodismo e información";"Mujeres";"Exito"
"2016-2017";"..";"Periodismo e información";"Mujeres";"Exito"
"2015-2016";"..";"Periodismo e información";"Mujeres";"Exito"
"2022-2023";"78.31";"Total Negocios, administración y derecho";"Mujeres";"Exito"
"2021-2022";"74.88";"Total Negocios, administración y derecho";"Mujeres";"Exito"
"2020-2021";"77.48";"Total Negocios, administración y derecho";"Mujeres";"Exito"
"2019-2020";"91.64";"Total Negocios, administración y derecho";"Mujeres";"Exito"
"2018-2019";"81.05";"Total Negocios, administración y derecho";"Mujeres";"Exito"
"2017-2018";"81.43";"Total Negocios, administración y derecho";"Mujeres";"Exito"
"2016-2017";"82.24";"Total Negocios, administración y derecho";"Mujeres";"Exito"
"2015-2016";"84.46";"Total Negocios, administración y derecho";"Mujeres";"Exito"
"2022-2023";"75.69";"Administración y gestión de empresas";"Mujeres";"Exito"
"2021-2022";"71.88";"Administración y gestión de empresas";"Mujeres";"Exito"
"2020-2021";"75.73";"Administración y gestión de empresas";"Mujeres";"Exito"
"2019-2020";"90.79";"Administración y gestión de empresas";"Mujeres";"Exito"
"2018-2019";"79.56";"Administración y gestión de empresas";"Mujeres";"Exito"
"2017-2018";"78.07";"Administración y gestión de empresas";"Mujeres";"Exito"
"2016-2017";"80.41";"Administración y gestión de empresas";"Mujeres";"Exito"
"2015-2016";"83.08";"Administración y gestión de empresas";"Mujeres";"Exito"
"2022-2023";"..";"Otra Educación comercial y empresarial";"Mujeres";"Exito"
"2021-2022";"..";"Otra Educación comercial y empresarial";"Mujeres";"Exito"
"2020-2021";"..";"Otra Educación comercial y empresarial";"Mujeres";"Exito"
"2019-2020";"..";"Otra Educación comercial y empresarial";"Mujeres";"Exito"
"2018-2019";"..";"Otra Educación comercial y empresarial";"Mujeres";"Exito"
"2017-2018";"..";"Otra Educación comercial y empresarial";"Mujeres";"Exito"
"2016-2017";"..";"Otra Educación comercial y empresarial";"Mujeres";"Exito"
"2015-2016";"..";"Otra Educación comercial y empresarial";"Mujeres";"Exito"
"2022-2023";"83.77";"Derecho";"Mujeres";"Exito"
"2021-2022";"80.89";"Derecho";"Mujeres";"Exito"
"2020-2021";"81.43";"Derecho";"Mujeres";"Exito"
"2019-2020";"93.56";"Derecho";"Mujeres";"Exito"
"2018-2019";"84.72";"Derecho";"Mujeres";"Exito"
"2017-2018";"88.9";"Derecho";"Mujeres";"Exito"
"2016-2017";"86.26";"Derecho";"Mujeres";"Exito"
"2015-2016";"87.73";"Derecho";"Mujeres";"Exito"
"2022-2023";"77.02";"Total Ciencias";"Mujeres";"Exito"
"2021-2022";"76.09";"Total Ciencias";"Mujeres";"Exito"
"2020-2021";"76.72";"Total Ciencias";"Mujeres";"Exito"
"2019-2020";"84.73";"Total Ciencias";"Mujeres";"Exito"
"2018-2019";"78.28";"Total Ciencias";"Mujeres";"Exito"
"2017-2018";"85.1";"Total Ciencias";"Mujeres";"Exito"
"2016-2017";"81.4";"Total Ciencias";"Mujeres";"Exito"
"2015-2016";"78.74";"Total Ciencias";"Mujeres";"Exito"
"2022-2023";"..";"Ciencias de la vida";"Mujeres";"Exito"
"2021-2022";"..";"Ciencias de la vida";"Mujeres";"Exito"
"2020-2021";"..";"Ciencias de la vida";"Mujeres";"Exito"
"2019-2020";"..";"Ciencias de la vida";"Mujeres";"Exito"
"2018-2019";"..";"Ciencias de la vida";"Mujeres";"Exito"
"2017-2018";"..";"Ciencias de la vida";"Mujeres";"Exito"
"2016-2017";"..";"Ciencias de la vida";"Mujeres";"Exito"
"2015-2016";"..";"Ciencias de la vida";"Mujeres";"Exito"
"2022-2023";"75.56";"Ciencias Físicas, químicas, geológicas";"Mujeres";"Exito"
"2021-2022";"74.99";"Ciencias Físicas, químicas, geológicas";"Mujeres";"Exito"
"2020-2021";"74.16";"Ciencias Físicas, químicas, geológicas";"Mujeres";"Exito"
"2019-2020";"84.83";"Ciencias Físicas, químicas, geológicas";"Mujeres";"Exito"
"2018-2019";"78.14";"Ciencias Físicas, químicas, geológicas";"Mujeres";"Exito"
"2017-2018";"84.7";"Ciencias Físicas, químicas, geológicas";"Mujeres";"Exito"
"2016-2017";"81.44";"Ciencias Físicas, químicas, geológicas";"Mujeres";"Exito"
"2015-2016";"77.75";"Ciencias Físicas, químicas, geológicas";"Mujeres";"Exito"
"2022-2023";"80.79";"Matemáticas y Estadística";"Mujeres";"Exito"
"2021-2022";"78.95";"Matemáticas y Estadística";"Mujeres";"Exito"
"2020-2021";"82.78";"Matemáticas y Estadística";"Mujeres";"Exito"
"2019-2020";"84.55";"Matemáticas y Estadística";"Mujeres";"Exito"
"2018-2019";"78.53";"Matemáticas y Estadística";"Mujeres";"Exito"
"2017-2018";"85.79";"Matemáticas y Estadística";"Mujeres";"Exito"
"2016-2017";"81.29";"Matemáticas y Estadística";"Mujeres";"Exito"
"2015-2016";"81.29";"Matemáticas y Estadística";"Mujeres";"Exito"
"2022-2023";"80.21";"Total Informática";"Mujeres";"Exito"
"2021-2022";"76.35";"Total Informática";"Mujeres";"Exito"
"2020-2021";"81.68";"Total Informática";"Mujeres";"Exito"
"2019-2020";"90.91";"Total Informática";"Mujeres";"Exito"
"2018-2019";"83.98";"Total Informática";"Mujeres";"Exito"
"2017-2018";"81.48";"Total Informática";"Mujeres";"Exito"
"2016-2017";"81.25";"Total Informática";"Mujeres";"Exito"
"2015-2016";"78.87";"Total Informática";"Mujeres";"Exito"
"2022-2023";"80.21";"Informática";"Mujeres";"Exito"
"2021-2022";"76.35";"Informática";"Mujeres";"Exito"
"2020-2021";"81.68";"Informática";"Mujeres";"Exito"
"2019-2020";"90.91";"Informática";"Mujeres";"Exito"
"2018-2019";"83.98";"Informática";"Mujeres";"Exito"
"2017-2018";"81.48";"Informática";"Mujeres";"Exito"
"2016-2017";"81.25";"Informática";"Mujeres";"Exito"
"2015-2016";"78.87";"Informática";"Mujeres";"Exito"
"2022-2023";"80.36";"Total Ingeniería, industria y construcción";"Mujeres";"Exito"
"2021-2022";"77.85";"Total Ingeniería, industria y construcción";"Mujeres";"Exito"
"2020-2021";"77.34";"Total Ingeniería, industria y construcción";"Mujeres";"Exito"
"2019-2020";"84.26";"Total Ingeniería, industria y construcción";"Mujeres";"Exito"
"2018-2019";"81.38";"Total Ingeniería, industria y construcción";"Mujeres";"Exito"
"2017-2018";"82.45";"Total Ingeniería, industria y construcción";"Mujeres";"Exito"
"2016-2017";"81.9";"Total Ingeniería, industria y construcción";"Mujeres";"Exito"
"2015-2016";"77.84";"Total Ingeniería, industria y construcción";"Mujeres";"Exito"
"2022-2023";"80.36";"Ingenierías";"Mujeres";"Exito"
"2021-2022";"77.85";"Ingenierías";"Mujeres";"Exito"
"2020-2021";"77.34";"Ingenierías";"Mujeres";"Exito"
"2019-2020";"84.26";"Ingenierías";"Mujeres";"Exito"
"2018-2019";"81.38";"Ingenierías";"Mujeres";"Exito"
"2017-2018";"82.45";"Ingenierías";"Mujeres";"Exito"
"2016-2017";"81.9";"Ingenierías";"Mujeres";"Exito"
"2015-2016";"77.84";"Ingenierías";"Mujeres";"Exito"
"2022-2023";"..";"Arquitectura y construcción";"Mujeres";"Exito"
"2021-2022";"..";"Arquitectura y construcción";"Mujeres";"Exito"
"2020-2021";"..";"Arquitectura y construcción";"Mujeres";"Exito"
"2019-2020";"..";"Arquitectura y construcción";"Mujeres";"Exito"
"2018-2019";"..";"Arquitectura y construcción";"Mujeres";"Exito"
"2017-2018";"..";"Arquitectura y construcción";"Mujeres";"Exito"
"2016-2017";"..";"Arquitectura y construcción";"Mujeres";"Exito"
"2015-2016";"..";"Arquitectura y construcción";"Mujeres";"Exito"
"2022-2023";"81.06";"Total Agricultura, ganadería,  silvicultura, pesca, y veterinaria";"Mujeres";"Exito"
"2021-2022";"75.31";"Total Agricultura, ganadería,  silvicultura, pesca, y veterinaria";"Mujeres";"Exito"
"2020-2021";"77.97";"Total Agricultura, ganadería,  silvicultura, pesca, y veterinaria";"Mujeres";"Exito"
"2019-2020";"85.13";"Total Agricultura, ganadería,  silvicultura, pesca, y veterinaria";"Mujeres";"Exito"
"2018-2019";"78.83";"Total Agricultura, ganadería,  silvicultura, pesca, y veterinaria";"Mujeres";"Exito"
"2017-2018";"81.31";"Total Agricultura, ganadería,  silvicultura, pesca, y veterinaria";"Mujeres";"Exito"
"2016-2017";"76.25";"Total Agricultura, ganadería,  silvicultura, pesca, y veterinaria";"Mujeres";"Exito"
"2015-2016";"83.4";"Total Agricultura, ganadería,  silvicultura, pesca, y veterinaria";"Mujeres";"Exito"
"2022-2023";"81.06";"Agricultura, ganadería y pesca";"Mujeres";"Exito"
"2021-2022";"75.31";"Agricultura, ganadería y pesca";"Mujeres";"Exito"
"2020-2021";"77.97";"Agricultura, ganadería y pesca";"Mujeres";"Exito"
"2019-2020";"85.13";"Agricultura, ganadería y pesca";"Mujeres";"Exito"
"2018-2019";"78.83";"Agricultura, ganadería y pesca";"Mujeres";"Exito"
"2017-2018";"81.31";"Agricultura, ganadería y pesca";"Mujeres";"Exito"
"2016-2017";"76.25";"Agricultura, ganadería y pesca";"Mujeres";"Exito"
"2015-2016";"83.4";"Agricultura, ganadería y pesca";"Mujeres";"Exito"
"2022-2023";"..";"Veterinaria";"Mujeres";"Exito"
"2021-2022";"..";"Veterinaria";"Mujeres";"Exito"
"2020-2021";"..";"Veterinaria";"Mujeres";"Exito"
"2019-2020";"..";"Veterinaria";"Mujeres";"Exito"
"2018-2019";"..";"Veterinaria";"Mujeres";"Exito"
"2017-2018";"..";"Veterinaria";"Mujeres";"Exito"
"2016-2017";"..";"Veterinaria";"Mujeres";"Exito"
"2015-2016";"..";"Veterinaria";"Mujeres";"Exito"
"2022-2023";"96.45";"Total Salud y servicios sociales";"Mujeres";"Exito"
"2021-2022";"96.74";"Total Salud y servicios sociales";"Mujeres";"Exito"
"2020-2021";"97.22";"Total Salud y servicios sociales";"Mujeres";"Exito"
"2019-2020";"98.2";"Total Salud y servicios sociales";"Mujeres";"Exito"
"2018-2019";"94.64";"Total Salud y servicios sociales";"Mujeres";"Exito"
"2017-2018";"94.53";"Total Salud y servicios sociales";"Mujeres";"Exito"
"2016-2017";"94.4";"Total Salud y servicios sociales";"Mujeres";"Exito"
"2015-2016";"93.53";"Total Salud y servicios sociales";"Mujeres";"Exito"
"2022-2023";"..";"Medicina";"Mujeres";"Exito"
"2021-2022";"..";"Medicina";"Mujeres";"Exito"
"2020-2021";"..";"Medicina";"Mujeres";"Exito"
"2019-2020";"..";"Medicina";"Mujeres";"Exito"
"2018-2019";"..";"Medicina";"Mujeres";"Exito"
"2017-2018";"..";"Medicina";"Mujeres";"Exito"
"2016-2017";"..";"Medicina";"Mujeres";"Exito"
"2015-2016";"..";"Medicina";"Mujeres";"Exito"
"2022-2023";"97.55";"Enfermería y atención a enfermos";"Mujeres";"Exito"
"2021-2022";"98.22";"Enfermería y atención a enfermos";"Mujeres";"Exito"
"2020-2021";"98.14";"Enfermería y atención a enfermos";"Mujeres";"Exito"
"2019-2020";"98.16";"Enfermería y atención a enfermos";"Mujeres";"Exito"
"2018-2019";"96.5";"Enfermería y atención a enfermos";"Mujeres";"Exito"
"2017-2018";"96.48";"Enfermería y atención a enfermos";"Mujeres";"Exito"
"2016-2017";"96.64";"Enfermería y atención a enfermos";"Mujeres";"Exito"
"2015-2016";"95.4";"Enfermería y atención a enfermos";"Mujeres";"Exito"
"2022-2023";"..";"Otras ciencias de la Salud";"Mujeres";"Exito"
"2021-2022";"..";"Otras ciencias de la Salud";"Mujeres";"Exito"
"2020-2021";"..";"Otras ciencias de la Salud";"Mujeres";"Exito"
"2019-2020";"..";"Otras ciencias de la Salud";"Mujeres";"Exito"
"2018-2019";"..";"Otras ciencias de la Salud";"Mujeres";"Exito"
"2017-2018";"..";"Otras ciencias de la Salud";"Mujeres";"Exito"
"2016-2017";"..";"Otras ciencias de la Salud";"Mujeres";"Exito"
"2015-2016";"..";"Otras ciencias de la Salud";"Mujeres";"Exito"
"2022-2023";"94.79";"Trabajo social y orientación";"Mujeres";"Exito"
"2021-2022";"94.05";"Trabajo social y orientación";"Mujeres";"Exito"
"2020-2021";"95.56";"Trabajo social y orientación";"Mujeres";"Exito"
"2019-2020";"98.26";"Trabajo social y orientación";"Mujeres";"Exito"
"2018-2019";"91.04";"Trabajo social y orientación";"Mujeres";"Exito"
"2017-2018";"90.82";"Trabajo social y orientación";"Mujeres";"Exito"
"2016-2017";"90.07";"Trabajo social y orientación";"Mujeres";"Exito"
"2015-2016";"89.66";"Trabajo social y orientación";"Mujeres";"Exito"
"2022-2023";"81.47";"Total Servicios";"Mujeres";"Exito"
"2021-2022";"81.59";"Total Servicios";"Mujeres";"Exito"
"2020-2021";"77.04";"Total Servicios";"Mujeres";"Exito"
"2019-2020";"92.84";"Total Servicios";"Mujeres";"Exito"
"2018-2019";"87.83";"Total Servicios";"Mujeres";"Exito"
"2017-2018";"85.14";"Total Servicios";"Mujeres";"Exito"
"2016-2017";"88.02";"Total Servicios";"Mujeres";"Exito"
"2015-2016";"82.47";"Total Servicios";"Mujeres";"Exito"
"2022-2023";"..";"Deportes";"Mujeres";"Exito"
"2021-2022";"..";"Deportes";"Mujeres";"Exito"
"2020-2021";"..";"Deportes";"Mujeres";"Exito"
"2019-2020";"..";"Deportes";"Mujeres";"Exito"
"2018-2019";"..";"Deportes";"Mujeres";"Exito"
"2017-2018";"..";"Deportes";"Mujeres";"Exito"
"2016-2017";"..";"Deportes";"Mujeres";"Exito"
"2015-2016";"..";"Deportes";"Mujeres";"Exito"
"2022-2023";"81.47";"Turismo y Hostelería";"Mujeres";"Exito"
"2021-2022";"81.59";"Turismo y Hostelería";"Mujeres";"Exito"
"2020-2021";"77.04";"Turismo y Hostelería";"Mujeres";"Exito"
"2019-2020";"92.84";"Turismo y Hostelería";"Mujeres";"Exito"
"2018-2019";"87.83";"Turismo y Hostelería";"Mujeres";"Exito"
"2017-2018";"85.14";"Turismo y Hostelería";"Mujeres";"Exito"
"2016-2017";"88.02";"Turismo y Hostelería";"Mujeres";"Exito"
"2015-2016";"82.47";"Turismo y Hostelería";"Mujeres";"Exito"
"2022-2023";"..";"Otros Servicios";"Mujeres";"Exito"
"2021-2022";"..";"Otros Servicios";"Mujeres";"Exito"
"2020-2021";"..";"Otros Servicios";"Mujeres";"Exito"
"2019-2020";"..";"Otros Servicios";"Mujeres";"Exito"
"2018-2019";"..";"Otros Servicios";"Mujeres";"Exito"
"2017-2018";"..";"Otros Servicios";"Mujeres";"Exito"
"2016-2017";"..";"Otros Servicios";"Mujeres";"Exito"
"2015-2016";"..";"Otros Servicios";"Mujeres";"Exito"
"2022-2023";"???";"La Rioja";"Mujeres";"Evaluacion"
"2021-2022";"???";"La Rioja";"Mujeres";"Evaluacion"
"2020-2021";"???";"La Rioja";"Mujeres";"Evaluacion"
"2019-2020";"???";"La Rioja";"Mujeres";"Evaluacion"
"2018-2019";"???";"La Rioja";"Mujeres";"Evaluacion"
"2017-2018";"???";"La Rioja";"Mujeres";"Evaluacion"
"2016-2017";"???";"La Rioja";"Mujeres";"Evaluacion"
"2015-2016";"???";"La Rioja";"Mujeres";"Evaluacion"
"2022-2023";"94.01";"Todos los ámbitos";"Mujeres";"Evaluacion"
"2021-2022";"92.98";"Todos los ámbitos";"Mujeres";"Evaluacion"
"2020-2021";"94.3";"Todos los ámbitos";"Mujeres";"Evaluacion"
"2019-2020";"95.83";"Todos los ámbitos";"Mujeres";"Evaluacion"
"2018-2019";"92.68";"Todos los ámbitos";"Mujeres";"Evaluacion"
"2017-2018";"93.43";"Todos los ámbitos";"Mujeres";"Evaluacion"
"2016-2017";"92.62";"Todos los ámbitos";"Mujeres";"Evaluacion"
"2015-2016";"93.43";"Todos los ámbitos";"Mujeres";"Evaluacion"
"2022-2023";"97.22";"Total Educación";"Mujeres";"Evaluacion"
"2021-2022";"96.5";"Total Educación";"Mujeres";"Evaluacion"
"2020-2021";"96.89";"Total Educación";"Mujeres";"Evaluacion"
"2019-2020";"96.75";"Total Educación";"Mujeres";"Evaluacion"
"2018-2019";"94.31";"Total Educación";"Mujeres";"Evaluacion"
"2017-2018";"95.92";"Total Educación";"Mujeres";"Evaluacion"
"2016-2017";"95.28";"Total Educación";"Mujeres";"Evaluacion"
"2015-2016";"95.21";"Total Educación";"Mujeres";"Evaluacion"
"2022-2023";"97.07";"Formación de docentes de enseñanza infantil";"Mujeres";"Evaluacion"
"2021-2022";"96.01";"Formación de docentes de enseñanza infantil";"Mujeres";"Evaluacion"
"2020-2021";"96.34";"Formación de docentes de enseñanza infantil";"Mujeres";"Evaluacion"
"2019-2020";"96.66";"Formación de docentes de enseñanza infantil";"Mujeres";"Evaluacion"
"2018-2019";"92.22";"Formación de docentes de enseñanza infantil";"Mujeres";"Evaluacion"
"2017-2018";"96.45";"Formación de docentes de enseñanza infantil";"Mujeres";"Evaluacion"
"2016-2017";"94.45";"Formación de docentes de enseñanza infantil";"Mujeres";"Evaluacion"
"2015-2016";"94.47";"Formación de docentes de enseñanza infantil";"Mujeres";"Evaluacion"
"2022-2023";"97.33";"Formación de docentes de enseñanza primaria";"Mujeres";"Evaluacion"
"2021-2022";"96.84";"Formación de docentes de enseñanza primaria";"Mujeres";"Evaluacion"
"2020-2021";"97.27";"Formación de docentes de enseñanza primaria";"Mujeres";"Evaluacion"
"2019-2020";"96.82";"Formación de docentes de enseñanza primaria";"Mujeres";"Evaluacion"
"2018-2019";"95.91";"Formación de docentes de enseñanza primaria";"Mujeres";"Evaluacion"
"2017-2018";"95.54";"Formación de docentes de enseñanza primaria";"Mujeres";"Evaluacion"
"2016-2017";"95.88";"Formación de docentes de enseñanza primaria";"Mujeres";"Evaluacion"
"2015-2016";"95.78";"Formación de docentes de enseñanza primaria";"Mujeres";"Evaluacion"
"2022-2023";"..";"Otra Formación de personal docente y ciencias de la educación";"Mujeres";"Evaluacion"
"2021-2022";"..";"Otra Formación de personal docente y ciencias de la educación";"Mujeres";"Evaluacion"
"2020-2021";"..";"Otra Formación de personal docente y ciencias de la educación";"Mujeres";"Evaluacion"
"2019-2020";"..";"Otra Formación de personal docente y ciencias de la educación";"Mujeres";"Evaluacion"
"2018-2019";"..";"Otra Formación de personal docente y ciencias de la educación";"Mujeres";"Evaluacion"
"2017-2018";"..";"Otra Formación de personal docente y ciencias de la educación";"Mujeres";"Evaluacion"
"2016-2017";"..";"Otra Formación de personal docente y ciencias de la educación";"Mujeres";"Evaluacion"
"2015-2016";"..";"Otra Formación de personal docente y ciencias de la educación";"Mujeres";"Evaluacion"
"2022-2023";"86.74";"Total Artes y humanidades";"Mujeres";"Evaluacion"
"2021-2022";"90.28";"Total Artes y humanidades";"Mujeres";"Evaluacion"
"2020-2021";"92.36";"Total Artes y humanidades";"Mujeres";"Evaluacion"
"2019-2020";"93.34";"Total Artes y humanidades";"Mujeres";"Evaluacion"
"2018-2019";"92.41";"Total Artes y humanidades";"Mujeres";"Evaluacion"
"2017-2018";"93.02";"Total Artes y humanidades";"Mujeres";"Evaluacion"
"2016-2017";"87.15";"Total Artes y humanidades";"Mujeres";"Evaluacion"
"2015-2016";"90.52";"Total Artes y humanidades";"Mujeres";"Evaluacion"
"2022-2023";"..";"Técnicas audiovisuales y medios de comunicación";"Mujeres";"Evaluacion"
"2021-2022";"..";"Técnicas audiovisuales y medios de comunicación";"Mujeres";"Evaluacion"
"2020-2021";"..";"Técnicas audiovisuales y medios de comunicación";"Mujeres";"Evaluacion"
"2019-2020";"..";"Técnicas audiovisuales y medios de comunicación";"Mujeres";"Evaluacion"
"2018-2019";"..";"Técnicas audiovisuales y medios de comunicación";"Mujeres";"Evaluacion"
"2017-2018";"..";"Técnicas audiovisuales y medios de comunicación";"Mujeres";"Evaluacion"
"2016-2017";"..";"Técnicas audiovisuales y medios de comunicación";"Mujeres";"Evaluacion"
"2015-2016";"..";"Técnicas audiovisuales y medios de comunicación";"Mujeres";"Evaluacion"
"2022-2023";"..";"Artes";"Mujeres";"Evaluacion"
"2021-2022";"..";"Artes";"Mujeres";"Evaluacion"
"2020-2021";"..";"Artes";"Mujeres";"Evaluacion"
"2019-2020";"..";"Artes";"Mujeres";"Evaluacion"
"2018-2019";"..";"Artes";"Mujeres";"Evaluacion"
"2017-2018";"..";"Artes";"Mujeres";"Evaluacion"
"2016-2017";"..";"Artes";"Mujeres";"Evaluacion"
"2015-2016";"..";"Artes";"Mujeres";"Evaluacion"
"2022-2023";"86.74";"Lenguas";"Mujeres";"Evaluacion"
"2021-2022";"90.28";"Lenguas";"Mujeres";"Evaluacion"
"2020-2021";"92.36";"Lenguas";"Mujeres";"Evaluacion"
"2019-2020";"93.34";"Lenguas";"Mujeres";"Evaluacion"
"2018-2019";"92.41";"Lenguas";"Mujeres";"Evaluacion"
"2017-2018";"93.02";"Lenguas";"Mujeres";"Evaluacion"
"2016-2017";"87.15";"Lenguas";"Mujeres";"Evaluacion"
"2015-2016";"90.52";"Lenguas";"Mujeres";"Evaluacion"
"2022-2023";"..";"Humanidades";"Mujeres";"Evaluacion"
"2021-2022";"..";"Humanidades";"Mujeres";"Evaluacion"
"2020-2021";"..";"Humanidades";"Mujeres";"Evaluacion"
"2019-2020";"..";"Humanidades";"Mujeres";"Evaluacion"
"2018-2019";"..";"Humanidades";"Mujeres";"Evaluacion"
"2017-2018";"..";"Humanidades";"Mujeres";"Evaluacion"
"2016-2017";"..";"Humanidades";"Mujeres";"Evaluacion"
"2015-2016";"..";"Humanidades";"Mujeres";"Evaluacion"
"2022-2023";"..";"Total Ciencias sociales, periodismo y documentación";"Mujeres";"Evaluacion"
"2021-2022";"89.33";"Total Ciencias sociales, periodismo y documentación";"Mujeres";"Evaluacion"
"2020-2021";"92.82";"Total Ciencias sociales, periodismo y documentación";"Mujeres";"Evaluacion"
"2019-2020";"97.25";"Total Ciencias sociales, periodismo y documentación";"Mujeres";"Evaluacion"
"2018-2019";"..";"Total Ciencias sociales, periodismo y documentación";"Mujeres";"Evaluacion"
"2017-2018";"..";"Total Ciencias sociales, periodismo y documentación";"Mujeres";"Evaluacion"
"2016-2017";"..";"Total Ciencias sociales, periodismo y documentación";"Mujeres";"Evaluacion"
"2015-2016";"90.83";"Total Ciencias sociales, periodismo y documentación";"Mujeres";"Evaluacion"
"2022-2023";"..";"Psicología";"Mujeres";"Evaluacion"
"2021-2022";"..";"Psicología";"Mujeres";"Evaluacion"
"2020-2021";"..";"Psicología";"Mujeres";"Evaluacion"
"2019-2020";"..";"Psicología";"Mujeres";"Evaluacion"
"2018-2019";"..";"Psicología";"Mujeres";"Evaluacion"
"2017-2018";"..";"Psicología";"Mujeres";"Evaluacion"
"2016-2017";"..";"Psicología";"Mujeres";"Evaluacion"
"2015-2016";"..";"Psicología";"Mujeres";"Evaluacion"
"2022-2023";"..";"Economía";"Mujeres";"Evaluacion"
"2021-2022";"..";"Economía";"Mujeres";"Evaluacion"
"2020-2021";"..";"Economía";"Mujeres";"Evaluacion"
"2019-2020";"..";"Economía";"Mujeres";"Evaluacion"
"2018-2019";"..";"Economía";"Mujeres";"Evaluacion"
"2017-2018";"..";"Economía";"Mujeres";"Evaluacion"
"2016-2017";"..";"Economía";"Mujeres";"Evaluacion"
"2015-2016";"..";"Economía";"Mujeres";"Evaluacion"
"2022-2023";"..";"Otras Ciencias sociales y del comportamiento";"Mujeres";"Evaluacion"
"2021-2022";"89.33";"Otras Ciencias sociales y del comportamiento";"Mujeres";"Evaluacion"
"2020-2021";"92.82";"Otras Ciencias sociales y del comportamiento";"Mujeres";"Evaluacion"
"2019-2020";"97.25";"Otras Ciencias sociales y del comportamiento";"Mujeres";"Evaluacion"
"2018-2019";"..";"Otras Ciencias sociales y del comportamiento";"Mujeres";"Evaluacion"
"2017-2018";"..";"Otras Ciencias sociales y del comportamiento";"Mujeres";"Evaluacion"
"2016-2017";"..";"Otras Ciencias sociales y del comportamiento";"Mujeres";"Evaluacion"
"2015-2016";"90.83";"Otras Ciencias sociales y del comportamiento";"Mujeres";"Evaluacion"
"2022-2023";"..";"Periodismo e información";"Mujeres";"Evaluacion"
"2021-2022";"..";"Periodismo e información";"Mujeres";"Evaluacion"
"2020-2021";"..";"Periodismo e información";"Mujeres";"Evaluacion"
"2019-2020";"..";"Periodismo e información";"Mujeres";"Evaluacion"
"2018-2019";"..";"Periodismo e información";"Mujeres";"Evaluacion"
"2017-2018";"..";"Periodismo e información";"Mujeres";"Evaluacion"
"2016-2017";"..";"Periodismo e información";"Mujeres";"Evaluacion"
"2015-2016";"..";"Periodismo e información";"Mujeres";"Evaluacion"
"2022-2023";"91.85";"Total Negocios, administración y derecho";"Mujeres";"Evaluacion"
"2021-2022";"88.81";"Total Negocios, administración y derecho";"Mujeres";"Evaluacion"
"2020-2021";"92.32";"Total Negocios, administración y derecho";"Mujeres";"Evaluacion"
"2019-2020";"95.58";"Total Negocios, administración y derecho";"Mujeres";"Evaluacion"
"2018-2019";"89.09";"Total Negocios, administración y derecho";"Mujeres";"Evaluacion"
"2017-2018";"88.99";"Total Negocios, administración y derecho";"Mujeres";"Evaluacion"
"2016-2017";"86.88";"Total Negocios, administración y derecho";"Mujeres";"Evaluacion"
"2015-2016";"91.25";"Total Negocios, administración y derecho";"Mujeres";"Evaluacion"
"2022-2023";"91.01";"Administración y gestión de empresas";"Mujeres";"Evaluacion"
"2021-2022";"88.5";"Administración y gestión de empresas";"Mujeres";"Evaluacion"
"2020-2021";"92.2";"Administración y gestión de empresas";"Mujeres";"Evaluacion"
"2019-2020";"96.63";"Administración y gestión de empresas";"Mujeres";"Evaluacion"
"2018-2019";"89.32";"Administración y gestión de empresas";"Mujeres";"Evaluacion"
"2017-2018";"89.63";"Administración y gestión de empresas";"Mujeres";"Evaluacion"
"2016-2017";"88.65";"Administración y gestión de empresas";"Mujeres";"Evaluacion"
"2015-2016";"91.33";"Administración y gestión de empresas";"Mujeres";"Evaluacion"
"2022-2023";"..";"Otra Educación comercial y empresarial";"Mujeres";"Evaluacion"
"2021-2022";"..";"Otra Educación comercial y empresarial";"Mujeres";"Evaluacion"
"2020-2021";"..";"Otra Educación comercial y empresarial";"Mujeres";"Evaluacion"
"2019-2020";"..";"Otra Educación comercial y empresarial";"Mujeres";"Evaluacion"
"2018-2019";"..";"Otra Educación comercial y empresarial";"Mujeres";"Evaluacion"
"2017-2018";"..";"Otra Educación comercial y empresarial";"Mujeres";"Evaluacion"
"2016-2017";"..";"Otra Educación comercial y empresarial";"Mujeres";"Evaluacion"
"2015-2016";"..";"Otra Educación comercial y empresarial";"Mujeres";"Evaluacion"
"2022-2023";"93.65";"Derecho";"Mujeres";"Evaluacion"
"2021-2022";"89.43";"Derecho";"Mujeres";"Evaluacion"
"2020-2021";"92.61";"Derecho";"Mujeres";"Evaluacion"
"2019-2020";"93.31";"Derecho";"Mujeres";"Evaluacion"
"2018-2019";"88.54";"Derecho";"Mujeres";"Evaluacion"
"2017-2018";"87.61";"Derecho";"Mujeres";"Evaluacion"
"2016-2017";"83.24";"Derecho";"Mujeres";"Evaluacion"
"2015-2016";"91.04";"Derecho";"Mujeres";"Evaluacion"
"2022-2023";"88.39";"Total Ciencias";"Mujeres";"Evaluacion"
"2021-2022";"86.22";"Total Ciencias";"Mujeres";"Evaluacion"
"2020-2021";"87.03";"Total Ciencias";"Mujeres";"Evaluacion"
"2019-2020";"94.13";"Total Ciencias";"Mujeres";"Evaluacion"
"2018-2019";"86.47";"Total Ciencias";"Mujeres";"Evaluacion"
"2017-2018";"87.8";"Total Ciencias";"Mujeres";"Evaluacion"
"2016-2017";"91.7";"Total Ciencias";"Mujeres";"Evaluacion"
"2015-2016";"88.66";"Total Ciencias";"Mujeres";"Evaluacion"
"2022-2023";"..";"Ciencias de la vida";"Mujeres";"Evaluacion"
"2021-2022";"..";"Ciencias de la vida";"Mujeres";"Evaluacion"
"2020-2021";"..";"Ciencias de la vida";"Mujeres";"Evaluacion"
"2019-2020";"..";"Ciencias de la vida";"Mujeres";"Evaluacion"
"2018-2019";"..";"Ciencias de la vida";"Mujeres";"Evaluacion"
"2017-2018";"..";"Ciencias de la vida";"Mujeres";"Evaluacion"
"2016-2017";"..";"Ciencias de la vida";"Mujeres";"Evaluacion"
"2015-2016";"..";"Ciencias de la vida";"Mujeres";"Evaluacion"
"2022-2023";"89.2";"Ciencias Físicas, químicas, geológicas";"Mujeres";"Evaluacion"
"2021-2022";"86.96";"Ciencias Físicas, químicas, geológicas";"Mujeres";"Evaluacion"
"2020-2021";"88.06";"Ciencias Físicas, químicas, geológicas";"Mujeres";"Evaluacion"
"2019-2020";"94.43";"Ciencias Físicas, químicas, geológicas";"Mujeres";"Evaluacion"
"2018-2019";"84.79";"Ciencias Físicas, químicas, geológicas";"Mujeres";"Evaluacion"
"2017-2018";"84.91";"Ciencias Físicas, químicas, geológicas";"Mujeres";"Evaluacion"
"2016-2017";"91.51";"Ciencias Físicas, químicas, geológicas";"Mujeres";"Evaluacion"
"2015-2016";"89.15";"Ciencias Físicas, químicas, geológicas";"Mujeres";"Evaluacion"
"2022-2023";"86.34";"Matemáticas y Estadística";"Mujeres";"Evaluacion"
"2021-2022";"84.33";"Matemáticas y Estadística";"Mujeres";"Evaluacion"
"2020-2021";"84.71";"Matemáticas y Estadística";"Mujeres";"Evaluacion"
"2019-2020";"93.62";"Matemáticas y Estadística";"Mujeres";"Evaluacion"
"2018-2019";"89.54";"Matemáticas y Estadística";"Mujeres";"Evaluacion"
"2017-2018";"93.37";"Matemáticas y Estadística";"Mujeres";"Evaluacion"
"2016-2017";"92.16";"Matemáticas y Estadística";"Mujeres";"Evaluacion"
"2015-2016";"87.42";"Matemáticas y Estadística";"Mujeres";"Evaluacion"
"2022-2023";"89.9";"Total Informática";"Mujeres";"Evaluacion"
"2021-2022";"87.83";"Total Informática";"Mujeres";"Evaluacion"
"2020-2021";"93.91";"Total Informática";"Mujeres";"Evaluacion"
"2019-2020";"90.64";"Total Informática";"Mujeres";"Evaluacion"
"2018-2019";"90.35";"Total Informática";"Mujeres";"Evaluacion"
"2017-2018";"86.4";"Total Informática";"Mujeres";"Evaluacion"
"2016-2017";"92.42";"Total Informática";"Mujeres";"Evaluacion"
"2015-2016";"93.31";"Total Informática";"Mujeres";"Evaluacion"
"2022-2023";"89.9";"Informática";"Mujeres";"Evaluacion"
"2021-2022";"87.83";"Informática";"Mujeres";"Evaluacion"
"2020-2021";"93.91";"Informática";"Mujeres";"Evaluacion"
"2019-2020";"90.64";"Informática";"Mujeres";"Evaluacion"
"2018-2019";"90.35";"Informática";"Mujeres";"Evaluacion"
"2017-2018";"86.4";"Informática";"Mujeres";"Evaluacion"
"2016-2017";"92.42";"Informática";"Mujeres";"Evaluacion"
"2015-2016";"93.31";"Informática";"Mujeres";"Evaluacion"
"2022-2023";"90.59";"Total Ingeniería, industria y construcción";"Mujeres";"Evaluacion"
"2021-2022";"89.88";"Total Ingeniería, industria y construcción";"Mujeres";"Evaluacion"
"2020-2021";"89.49";"Total Ingeniería, industria y construcción";"Mujeres";"Evaluacion"
"2019-2020";"92.93";"Total Ingeniería, industria y construcción";"Mujeres";"Evaluacion"
"2018-2019";"90.29";"Total Ingeniería, industria y construcción";"Mujeres";"Evaluacion"
"2017-2018";"88.52";"Total Ingeniería, industria y construcción";"Mujeres";"Evaluacion"
"2016-2017";"88.85";"Total Ingeniería, industria y construcción";"Mujeres";"Evaluacion"
"2015-2016";"90.01";"Total Ingeniería, industria y construcción";"Mujeres";"Evaluacion"
"2022-2023";"90.59";"Ingenierías";"Mujeres";"Evaluacion"
"2021-2022";"89.88";"Ingenierías";"Mujeres";"Evaluacion"
"2020-2021";"89.49";"Ingenierías";"Mujeres";"Evaluacion"
"2019-2020";"92.93";"Ingenierías";"Mujeres";"Evaluacion"
"2018-2019";"90.29";"Ingenierías";"Mujeres";"Evaluacion"
"2017-2018";"88.52";"Ingenierías";"Mujeres";"Evaluacion"
"2016-2017";"88.85";"Ingenierías";"Mujeres";"Evaluacion"
"2015-2016";"90.01";"Ingenierías";"Mujeres";"Evaluacion"
"2022-2023";"..";"Arquitectura y construcción";"Mujeres";"Evaluacion"
"2021-2022";"..";"Arquitectura y construcción";"Mujeres";"Evaluacion"
"2020-2021";"..";"Arquitectura y construcción";"Mujeres";"Evaluacion"
"2019-2020";"..";"Arquitectura y construcción";"Mujeres";"Evaluacion"
"2018-2019";"..";"Arquitectura y construcción";"Mujeres";"Evaluacion"
"2017-2018";"..";"Arquitectura y construcción";"Mujeres";"Evaluacion"
"2016-2017";"..";"Arquitectura y construcción";"Mujeres";"Evaluacion"
"2015-2016";"..";"Arquitectura y construcción";"Mujeres";"Evaluacion"
"2022-2023";"88.27";"Total Agricultura, ganadería,  silvicultura, pesca, y veterinaria";"Mujeres";"Evaluacion"
"2021-2022";"84.16";"Total Agricultura, ganadería,  silvicultura, pesca, y veterinaria";"Mujeres";"Evaluacion"
"2020-2021";"89.32";"Total Agricultura, ganadería,  silvicultura, pesca, y veterinaria";"Mujeres";"Evaluacion"
"2019-2020";"91.41";"Total Agricultura, ganadería,  silvicultura, pesca, y veterinaria";"Mujeres";"Evaluacion"
"2018-2019";"85.89";"Total Agricultura, ganadería,  silvicultura, pesca, y veterinaria";"Mujeres";"Evaluacion"
"2017-2018";"92.38";"Total Agricultura, ganadería,  silvicultura, pesca, y veterinaria";"Mujeres";"Evaluacion"
"2016-2017";"84.86";"Total Agricultura, ganadería,  silvicultura, pesca, y veterinaria";"Mujeres";"Evaluacion"
"2015-2016";"89.1";"Total Agricultura, ganadería,  silvicultura, pesca, y veterinaria";"Mujeres";"Evaluacion"
"2022-2023";"88.27";"Agricultura, ganadería y pesca";"Mujeres";"Evaluacion"
"2021-2022";"84.16";"Agricultura, ganadería y pesca";"Mujeres";"Evaluacion"
"2020-2021";"89.32";"Agricultura, ganadería y pesca";"Mujeres";"Evaluacion"
"2019-2020";"91.41";"Agricultura, ganadería y pesca";"Mujeres";"Evaluacion"
"2018-2019";"85.89";"Agricultura, ganadería y pesca";"Mujeres";"Evaluacion"
"2017-2018";"92.38";"Agricultura, ganadería y pesca";"Mujeres";"Evaluacion"
"2016-2017";"84.86";"Agricultura, ganadería y pesca";"Mujeres";"Evaluacion"
"2015-2016";"89.1";"Agricultura, ganadería y pesca";"Mujeres";"Evaluacion"
"2022-2023";"..";"Veterinaria";"Mujeres";"Evaluacion"
"2021-2022";"..";"Veterinaria";"Mujeres";"Evaluacion"
"2020-2021";"..";"Veterinaria";"Mujeres";"Evaluacion"
"2019-2020";"..";"Veterinaria";"Mujeres";"Evaluacion"
"2018-2019";"..";"Veterinaria";"Mujeres";"Evaluacion"
"2017-2018";"..";"Veterinaria";"Mujeres";"Evaluacion"
"2016-2017";"..";"Veterinaria";"Mujeres";"Evaluacion"
"2015-2016";"..";"Veterinaria";"Mujeres";"Evaluacion"
"2022-2023";"97.83";"Total Salud y servicios sociales";"Mujeres";"Evaluacion"
"2021-2022";"97.52";"Total Salud y servicios sociales";"Mujeres";"Evaluacion"
"2020-2021";"98.42";"Total Salud y servicios sociales";"Mujeres";"Evaluacion"
"2019-2020";"97.83";"Total Salud y servicios sociales";"Mujeres";"Evaluacion"
"2018-2019";"96.2";"Total Salud y servicios sociales";"Mujeres";"Evaluacion"
"2017-2018";"97.44";"Total Salud y servicios sociales";"Mujeres";"Evaluacion"
"2016-2017";"97.29";"Total Salud y servicios sociales";"Mujeres";"Evaluacion"
"2015-2016";"96.38";"Total Salud y servicios sociales";"Mujeres";"Evaluacion"
"2022-2023";"..";"Medicina";"Mujeres";"Evaluacion"
"2021-2022";"..";"Medicina";"Mujeres";"Evaluacion"
"2020-2021";"..";"Medicina";"Mujeres";"Evaluacion"
"2019-2020";"..";"Medicina";"Mujeres";"Evaluacion"
"2018-2019";"..";"Medicina";"Mujeres";"Evaluacion"
"2017-2018";"..";"Medicina";"Mujeres";"Evaluacion"
"2016-2017";"..";"Medicina";"Mujeres";"Evaluacion"
"2015-2016";"..";"Medicina";"Mujeres";"Evaluacion"
"2022-2023";"99.52";"Enfermería y atención a enfermos";"Mujeres";"Evaluacion"
"2021-2022";"99.37";"Enfermería y atención a enfermos";"Mujeres";"Evaluacion"
"2020-2021";"99.1";"Enfermería y atención a enfermos";"Mujeres";"Evaluacion"
"2019-2020";"98.6";"Enfermería y atención a enfermos";"Mujeres";"Evaluacion"
"2018-2019";"98.34";"Enfermería y atención a enfermos";"Mujeres";"Evaluacion"
"2017-2018";"98.71";"Enfermería y atención a enfermos";"Mujeres";"Evaluacion"
"2016-2017";"99.13";"Enfermería y atención a enfermos";"Mujeres";"Evaluacion"
"2015-2016";"97.88";"Enfermería y atención a enfermos";"Mujeres";"Evaluacion"
"2022-2023";"..";"Otras ciencias de la Salud";"Mujeres";"Evaluacion"
"2021-2022";"..";"Otras ciencias de la Salud";"Mujeres";"Evaluacion"
"2020-2021";"..";"Otras ciencias de la Salud";"Mujeres";"Evaluacion"
"2019-2020";"..";"Otras ciencias de la Salud";"Mujeres";"Evaluacion"
"2018-2019";"..";"Otras ciencias de la Salud";"Mujeres";"Evaluacion"
"2017-2018";"..";"Otras ciencias de la Salud";"Mujeres";"Evaluacion"
"2016-2017";"..";"Otras ciencias de la Salud";"Mujeres";"Evaluacion"
"2015-2016";"..";"Otras ciencias de la Salud";"Mujeres";"Evaluacion"
"2022-2023";"95.39";"Trabajo social y orientación";"Mujeres";"Evaluacion"
"2021-2022";"94.34";"Trabajo social y orientación";"Mujeres";"Evaluacion"
"2020-2021";"97.22";"Trabajo social y orientación";"Mujeres";"Evaluacion"
"2019-2020";"96.5";"Trabajo social y orientación";"Mujeres";"Evaluacion"
"2018-2019";"92.34";"Trabajo social y orientación";"Mujeres";"Evaluacion"
"2017-2018";"95.1";"Trabajo social y orientación";"Mujeres";"Evaluacion"
"2016-2017";"93.93";"Trabajo social y orientación";"Mujeres";"Evaluacion"
"2015-2016";"93.41";"Trabajo social y orientación";"Mujeres";"Evaluacion"
"2022-2023";"87.43";"Total Servicios";"Mujeres";"Evaluacion"
"2021-2022";"90.1";"Total Servicios";"Mujeres";"Evaluacion"
"2020-2021";"84.38";"Total Servicios";"Mujeres";"Evaluacion"
"2019-2020";"91.42";"Total Servicios";"Mujeres";"Evaluacion"
"2018-2019";"92.5";"Total Servicios";"Mujeres";"Evaluacion"
"2017-2018";"91.16";"Total Servicios";"Mujeres";"Evaluacion"
"2016-2017";"93.3";"Total Servicios";"Mujeres";"Evaluacion"
"2015-2016";"94.83";"Total Servicios";"Mujeres";"Evaluacion"
"2022-2023";"..";"Deportes";"Mujeres";"Evaluacion"
"2021-2022";"..";"Deportes";"Mujeres";"Evaluacion"
"2020-2021";"..";"Deportes";"Mujeres";"Evaluacion"
"2019-2020";"..";"Deportes";"Mujeres";"Evaluacion"
"2018-2019";"..";"Deportes";"Mujeres";"Evaluacion"
"2017-2018";"..";"Deportes";"Mujeres";"Evaluacion"
"2016-2017";"..";"Deportes";"Mujeres";"Evaluacion"
"2015-2016";"..";"Deportes";"Mujeres";"Evaluacion"
"2022-2023";"87.43";"Turismo y Hostelería";"Mujeres";"Evaluacion"
"2021-2022";"90.1";"Turismo y Hostelería";"Mujeres";"Evaluacion"
"2020-2021";"84.38";"Turismo y Hostelería";"Mujeres";"Evaluacion"
"2019-2020";"91.42";"Turismo y Hostelería";"Mujeres";"Evaluacion"
"2018-2019";"92.5";"Turismo y Hostelería";"Mujeres";"Evaluacion"
"2017-2018";"91.16";"Turismo y Hostelería";"Mujeres";"Evaluacion"
"2016-2017";"93.3";"Turismo y Hostelería";"Mujeres";"Evaluacion"
"2015-2016";"94.83";"Turismo y Hostelería";"Mujeres";"Evaluacion"
"2022-2023";"..";"Otros Servicios";"Mujeres";"Evaluacion"
"2021-2022";"..";"Otros Servicios";"Mujeres";"Evaluacion"
"2020-2021";"..";"Otros Servicios";"Mujeres";"Evaluacion"
"2019-2020";"..";"Otros Servicios";"Mujeres";"Evaluacion"
"2018-2019";"..";"Otros Servicios";"Mujeres";"Evaluacion"
"2017-2018";"..";"Otros Servicios";"Mujeres";"Evaluacion"
"2016-2017";"..";"Otros Servicios";"Mujeres";"Evaluacion"
"2015-2016";"..";"Otros Servicios";"Mujeres";"Evaluacion"
