"Anio";"Valor";"Carrera";"Genero";"Tasa"
"2022-2023";"???";"Sevilla";"Ambos Sexos";"Rendimiento"
"2021-2022";"???";"Sevilla";"Ambos Sexos";"Rendimiento"
"2020-2021";"???";"Sevilla";"Ambos Sexos";"Rendimiento"
"2019-2020";"???";"Sevilla";"Ambos Sexos";"Rendimiento"
"2018-2019";"???";"Sevilla";"Ambos Sexos";"Rendimiento"
"2017-2018";"???";"Sevilla";"Ambos Sexos";"Rendimiento"
"2016-2017";"???";"Sevilla";"Ambos Sexos";"Rendimiento"
"2015-2016";"???";"Sevilla";"Ambos Sexos";"Rendimiento"
"2022-2023";"71.96";"Todos los ámbitos";"Ambos Sexos";"Rendimiento"
"2021-2022";"70.68";"Todos los ámbitos";"Ambos Sexos";"Rendimiento"
"2020-2021";"73.85";"Todos los ámbitos";"Ambos Sexos";"Rendimiento"
"2019-2020";"79.33";"Todos los ámbitos";"Ambos Sexos";"Rendimiento"
"2018-2019";"71.45";"Todos los ámbitos";"Ambos Sexos";"Rendimiento"
"2017-2018";"71.53";"Todos los ámbitos";"Ambos Sexos";"Rendimiento"
"2016-2017";"72.49";"Todos los ámbitos";"Ambos Sexos";"Rendimiento"
"2015-2016";"73.0";"Todos los ámbitos";"Ambos Sexos";"Rendimiento"
"2022-2023";"90.54";"Total Educación";"Ambos Sexos";"Rendimiento"
"2021-2022";"90.23";"Total Educación";"Ambos Sexos";"Rendimiento"
"2020-2021";"92.22";"Total Educación";"Ambos Sexos";"Rendimiento"
"2019-2020";"94.16";"Total Educación";"Ambos Sexos";"Rendimiento"
"2018-2019";"87.87";"Total Educación";"Ambos Sexos";"Rendimiento"
"2017-2018";"88.42";"Total Educación";"Ambos Sexos";"Rendimiento"
"2016-2017";"89.23";"Total Educación";"Ambos Sexos";"Rendimiento"
"2015-2016";"89.96";"Total Educación";"Ambos Sexos";"Rendimiento"
"2022-2023";"95.72";"Formación de docentes de enseñanza infantil";"Ambos Sexos";"Rendimiento"
"2021-2022";"96.2";"Formación de docentes de enseñanza infantil";"Ambos Sexos";"Rendimiento"
"2020-2021";"97.0";"Formación de docentes de enseñanza infantil";"Ambos Sexos";"Rendimiento"
"2019-2020";"97.49";"Formación de docentes de enseñanza infantil";"Ambos Sexos";"Rendimiento"
"2018-2019";"94.92";"Formación de docentes de enseñanza infantil";"Ambos Sexos";"Rendimiento"
"2017-2018";"94.59";"Formación de docentes de enseñanza infantil";"Ambos Sexos";"Rendimiento"
"2016-2017";"95.41";"Formación de docentes de enseñanza infantil";"Ambos Sexos";"Rendimiento"
"2015-2016";"95.67";"Formación de docentes de enseñanza infantil";"Ambos Sexos";"Rendimiento"
"2022-2023";"88.68";"Formación de docentes de enseñanza primaria";"Ambos Sexos";"Rendimiento"
"2021-2022";"87.93";"Formación de docentes de enseñanza primaria";"Ambos Sexos";"Rendimiento"
"2020-2021";"90.16";"Formación de docentes de enseñanza primaria";"Ambos Sexos";"Rendimiento"
"2019-2020";"93.06";"Formación de docentes de enseñanza primaria";"Ambos Sexos";"Rendimiento"
"2018-2019";"84.54";"Formación de docentes de enseñanza primaria";"Ambos Sexos";"Rendimiento"
"2017-2018";"85.46";"Formación de docentes de enseñanza primaria";"Ambos Sexos";"Rendimiento"
"2016-2017";"86.26";"Formación de docentes de enseñanza primaria";"Ambos Sexos";"Rendimiento"
"2015-2016";"87.21";"Formación de docentes de enseñanza primaria";"Ambos Sexos";"Rendimiento"
"2022-2023";"89.84";"Otra Formación de personal docente y ciencias de la educación";"Ambos Sexos";"Rendimiento"
"2021-2022";"89.97";"Otra Formación de personal docente y ciencias de la educación";"Ambos Sexos";"Rendimiento"
"2020-2021";"92.94";"Otra Formación de personal docente y ciencias de la educación";"Ambos Sexos";"Rendimiento"
"2019-2020";"93.13";"Otra Formación de personal docente y ciencias de la educación";"Ambos Sexos";"Rendimiento"
"2018-2019";"90.47";"Otra Formación de personal docente y ciencias de la educación";"Ambos Sexos";"Rendimiento"
"2017-2018";"91.2";"Otra Formación de personal docente y ciencias de la educación";"Ambos Sexos";"Rendimiento"
"2016-2017";"90.99";"Otra Formación de personal docente y ciencias de la educación";"Ambos Sexos";"Rendimiento"
"2015-2016";"91.86";"Otra Formación de personal docente y ciencias de la educación";"Ambos Sexos";"Rendimiento"
"2022-2023";"71.67";"Total Artes y humanidades";"Ambos Sexos";"Rendimiento"
"2021-2022";"70.95";"Total Artes y humanidades";"Ambos Sexos";"Rendimiento"
"2020-2021";"74.45";"Total Artes y humanidades";"Ambos Sexos";"Rendimiento"
"2019-2020";"80.13";"Total Artes y humanidades";"Ambos Sexos";"Rendimiento"
"2018-2019";"71.43";"Total Artes y humanidades";"Ambos Sexos";"Rendimiento"
"2017-2018";"72.0";"Total Artes y humanidades";"Ambos Sexos";"Rendimiento"
"2016-2017";"73.17";"Total Artes y humanidades";"Ambos Sexos";"Rendimiento"
"2015-2016";"73.64";"Total Artes y humanidades";"Ambos Sexos";"Rendimiento"
"2022-2023";"88.28";"Técnicas audiovisuales y medios de comunicación";"Ambos Sexos";"Rendimiento"
"2021-2022";"89.59";"Técnicas audiovisuales y medios de comunicación";"Ambos Sexos";"Rendimiento"
"2020-2021";"91.03";"Técnicas audiovisuales y medios de comunicación";"Ambos Sexos";"Rendimiento"
"2019-2020";"90.85";"Técnicas audiovisuales y medios de comunicación";"Ambos Sexos";"Rendimiento"
"2018-2019";"86.63";"Técnicas audiovisuales y medios de comunicación";"Ambos Sexos";"Rendimiento"
"2017-2018";"84.83";"Técnicas audiovisuales y medios de comunicación";"Ambos Sexos";"Rendimiento"
"2016-2017";"86.7";"Técnicas audiovisuales y medios de comunicación";"Ambos Sexos";"Rendimiento"
"2015-2016";"88.46";"Técnicas audiovisuales y medios de comunicación";"Ambos Sexos";"Rendimiento"
"2022-2023";"73.51";"Artes";"Ambos Sexos";"Rendimiento"
"2021-2022";"74.56";"Artes";"Ambos Sexos";"Rendimiento"
"2020-2021";"77.57";"Artes";"Ambos Sexos";"Rendimiento"
"2019-2020";"81.41";"Artes";"Ambos Sexos";"Rendimiento"
"2018-2019";"75.72";"Artes";"Ambos Sexos";"Rendimiento"
"2017-2018";"75.74";"Artes";"Ambos Sexos";"Rendimiento"
"2016-2017";"77.33";"Artes";"Ambos Sexos";"Rendimiento"
"2015-2016";"78.15";"Artes";"Ambos Sexos";"Rendimiento"
"2022-2023";"66.27";"Lenguas";"Ambos Sexos";"Rendimiento"
"2021-2022";"62.68";"Lenguas";"Ambos Sexos";"Rendimiento"
"2020-2021";"67.88";"Lenguas";"Ambos Sexos";"Rendimiento"
"2019-2020";"77.31";"Lenguas";"Ambos Sexos";"Rendimiento"
"2018-2019";"63.71";"Lenguas";"Ambos Sexos";"Rendimiento"
"2017-2018";"67.03";"Lenguas";"Ambos Sexos";"Rendimiento"
"2016-2017";"67.11";"Lenguas";"Ambos Sexos";"Rendimiento"
"2015-2016";"67.19";"Lenguas";"Ambos Sexos";"Rendimiento"
"2022-2023";"67.79";"Humanidades";"Ambos Sexos";"Rendimiento"
"2021-2022";"67.55";"Humanidades";"Ambos Sexos";"Rendimiento"
"2020-2021";"70.3";"Humanidades";"Ambos Sexos";"Rendimiento"
"2019-2020";"76.03";"Humanidades";"Ambos Sexos";"Rendimiento"
"2018-2019";"67.94";"Humanidades";"Ambos Sexos";"Rendimiento"
"2017-2018";"67.71";"Humanidades";"Ambos Sexos";"Rendimiento"
"2016-2017";"69.77";"Humanidades";"Ambos Sexos";"Rendimiento"
"2015-2016";"69.77";"Humanidades";"Ambos Sexos";"Rendimiento"
"2022-2023";"77.22";"Total Ciencias sociales, periodismo y documentación";"Ambos Sexos";"Rendimiento"
"2021-2022";"76.67";"Total Ciencias sociales, periodismo y documentación";"Ambos Sexos";"Rendimiento"
"2020-2021";"80.37";"Total Ciencias sociales, periodismo y documentación";"Ambos Sexos";"Rendimiento"
"2019-2020";"83.87";"Total Ciencias sociales, periodismo y documentación";"Ambos Sexos";"Rendimiento"
"2018-2019";"78.14";"Total Ciencias sociales, periodismo y documentación";"Ambos Sexos";"Rendimiento"
"2017-2018";"77.56";"Total Ciencias sociales, periodismo y documentación";"Ambos Sexos";"Rendimiento"
"2016-2017";"79.08";"Total Ciencias sociales, periodismo y documentación";"Ambos Sexos";"Rendimiento"
"2015-2016";"80.78";"Total Ciencias sociales, periodismo y documentación";"Ambos Sexos";"Rendimiento"
"2022-2023";"85.7";"Psicología";"Ambos Sexos";"Rendimiento"
"2021-2022";"85.57";"Psicología";"Ambos Sexos";"Rendimiento"
"2020-2021";"88.66";"Psicología";"Ambos Sexos";"Rendimiento"
"2019-2020";"89.66";"Psicología";"Ambos Sexos";"Rendimiento"
"2018-2019";"85.88";"Psicología";"Ambos Sexos";"Rendimiento"
"2017-2018";"85.81";"Psicología";"Ambos Sexos";"Rendimiento"
"2016-2017";"86.84";"Psicología";"Ambos Sexos";"Rendimiento"
"2015-2016";"87.76";"Psicología";"Ambos Sexos";"Rendimiento"
"2022-2023";"61.36";"Economía";"Ambos Sexos";"Rendimiento"
"2021-2022";"54.72";"Economía";"Ambos Sexos";"Rendimiento"
"2020-2021";"62.2";"Economía";"Ambos Sexos";"Rendimiento"
"2019-2020";"68.0";"Economía";"Ambos Sexos";"Rendimiento"
"2018-2019";"53.84";"Economía";"Ambos Sexos";"Rendimiento"
"2017-2018";"57.2";"Economía";"Ambos Sexos";"Rendimiento"
"2016-2017";"56.85";"Economía";"Ambos Sexos";"Rendimiento"
"2015-2016";"62.42";"Economía";"Ambos Sexos";"Rendimiento"
"2022-2023";"78.06";"Otras Ciencias sociales y del comportamiento";"Ambos Sexos";"Rendimiento"
"2021-2022";"77.81";"Otras Ciencias sociales y del comportamiento";"Ambos Sexos";"Rendimiento"
"2020-2021";"80.16";"Otras Ciencias sociales y del comportamiento";"Ambos Sexos";"Rendimiento"
"2019-2020";"83.03";"Otras Ciencias sociales y del comportamiento";"Ambos Sexos";"Rendimiento"
"2018-2019";"82.78";"Otras Ciencias sociales y del comportamiento";"Ambos Sexos";"Rendimiento"
"2017-2018";"79.59";"Otras Ciencias sociales y del comportamiento";"Ambos Sexos";"Rendimiento"
"2016-2017";"80.94";"Otras Ciencias sociales y del comportamiento";"Ambos Sexos";"Rendimiento"
"2015-2016";"81.17";"Otras Ciencias sociales y del comportamiento";"Ambos Sexos";"Rendimiento"
"2022-2023";"78.01";"Periodismo e información";"Ambos Sexos";"Rendimiento"
"2021-2022";"80.25";"Periodismo e información";"Ambos Sexos";"Rendimiento"
"2020-2021";"82.7";"Periodismo e información";"Ambos Sexos";"Rendimiento"
"2019-2020";"87.07";"Periodismo e información";"Ambos Sexos";"Rendimiento"
"2018-2019";"80.81";"Periodismo e información";"Ambos Sexos";"Rendimiento"
"2017-2018";"79.84";"Periodismo e información";"Ambos Sexos";"Rendimiento"
"2016-2017";"82.78";"Periodismo e información";"Ambos Sexos";"Rendimiento"
"2015-2016";"83.74";"Periodismo e información";"Ambos Sexos";"Rendimiento"
"2022-2023";"66.63";"Total Negocios, administración y derecho";"Ambos Sexos";"Rendimiento"
"2021-2022";"64.96";"Total Negocios, administración y derecho";"Ambos Sexos";"Rendimiento"
"2020-2021";"69.31";"Total Negocios, administración y derecho";"Ambos Sexos";"Rendimiento"
"2019-2020";"76.46";"Total Negocios, administración y derecho";"Ambos Sexos";"Rendimiento"
"2018-2019";"65.74";"Total Negocios, administración y derecho";"Ambos Sexos";"Rendimiento"
"2017-2018";"65.83";"Total Negocios, administración y derecho";"Ambos Sexos";"Rendimiento"
"2016-2017";"66.64";"Total Negocios, administración y derecho";"Ambos Sexos";"Rendimiento"
"2015-2016";"67.92";"Total Negocios, administración y derecho";"Ambos Sexos";"Rendimiento"
"2022-2023";"56.79";"Administración y gestión de empresas";"Ambos Sexos";"Rendimiento"
"2021-2022";"55.74";"Administración y gestión de empresas";"Ambos Sexos";"Rendimiento"
"2020-2021";"62.35";"Administración y gestión de empresas";"Ambos Sexos";"Rendimiento"
"2019-2020";"70.89";"Administración y gestión de empresas";"Ambos Sexos";"Rendimiento"
"2018-2019";"58.0";"Administración y gestión de empresas";"Ambos Sexos";"Rendimiento"
"2017-2018";"57.77";"Administración y gestión de empresas";"Ambos Sexos";"Rendimiento"
"2016-2017";"60.16";"Administración y gestión de empresas";"Ambos Sexos";"Rendimiento"
"2015-2016";"62.82";"Administración y gestión de empresas";"Ambos Sexos";"Rendimiento"
"2022-2023";"67.83";"Otra Educación comercial y empresarial";"Ambos Sexos";"Rendimiento"
"2021-2022";"65.37";"Otra Educación comercial y empresarial";"Ambos Sexos";"Rendimiento"
"2020-2021";"67.76";"Otra Educación comercial y empresarial";"Ambos Sexos";"Rendimiento"
"2019-2020";"72.96";"Otra Educación comercial y empresarial";"Ambos Sexos";"Rendimiento"
"2018-2019";"65.44";"Otra Educación comercial y empresarial";"Ambos Sexos";"Rendimiento"
"2017-2018";"64.78";"Otra Educación comercial y empresarial";"Ambos Sexos";"Rendimiento"
"2016-2017";"64.93";"Otra Educación comercial y empresarial";"Ambos Sexos";"Rendimiento"
"2015-2016";"67.09";"Otra Educación comercial y empresarial";"Ambos Sexos";"Rendimiento"
"2022-2023";"72.73";"Derecho";"Ambos Sexos";"Rendimiento"
"2021-2022";"71.13";"Derecho";"Ambos Sexos";"Rendimiento"
"2020-2021";"75.3";"Derecho";"Ambos Sexos";"Rendimiento"
"2019-2020";"82.75";"Derecho";"Ambos Sexos";"Rendimiento"
"2018-2019";"71.28";"Derecho";"Ambos Sexos";"Rendimiento"
"2017-2018";"72.19";"Derecho";"Ambos Sexos";"Rendimiento"
"2016-2017";"72.51";"Derecho";"Ambos Sexos";"Rendimiento"
"2015-2016";"72.39";"Derecho";"Ambos Sexos";"Rendimiento"
"2022-2023";"70.64";"Total Ciencias";"Ambos Sexos";"Rendimiento"
"2021-2022";"70.69";"Total Ciencias";"Ambos Sexos";"Rendimiento"
"2020-2021";"69.67";"Total Ciencias";"Ambos Sexos";"Rendimiento"
"2019-2020";"77.63";"Total Ciencias";"Ambos Sexos";"Rendimiento"
"2018-2019";"70.77";"Total Ciencias";"Ambos Sexos";"Rendimiento"
"2017-2018";"71.3";"Total Ciencias";"Ambos Sexos";"Rendimiento"
"2016-2017";"70.98";"Total Ciencias";"Ambos Sexos";"Rendimiento"
"2015-2016";"68.57";"Total Ciencias";"Ambos Sexos";"Rendimiento"
"2022-2023";"79.44";"Ciencias de la vida";"Ambos Sexos";"Rendimiento"
"2021-2022";"78.22";"Ciencias de la vida";"Ambos Sexos";"Rendimiento"
"2020-2021";"79.62";"Ciencias de la vida";"Ambos Sexos";"Rendimiento"
"2019-2020";"84.13";"Ciencias de la vida";"Ambos Sexos";"Rendimiento"
"2018-2019";"79.42";"Ciencias de la vida";"Ambos Sexos";"Rendimiento"
"2017-2018";"80.34";"Ciencias de la vida";"Ambos Sexos";"Rendimiento"
"2016-2017";"80.91";"Ciencias de la vida";"Ambos Sexos";"Rendimiento"
"2015-2016";"76.8";"Ciencias de la vida";"Ambos Sexos";"Rendimiento"
"2022-2023";"64.53";"Ciencias Físicas, químicas, geológicas";"Ambos Sexos";"Rendimiento"
"2021-2022";"64.53";"Ciencias Físicas, químicas, geológicas";"Ambos Sexos";"Rendimiento"
"2020-2021";"62.99";"Ciencias Físicas, químicas, geológicas";"Ambos Sexos";"Rendimiento"
"2019-2020";"73.64";"Ciencias Físicas, químicas, geológicas";"Ambos Sexos";"Rendimiento"
"2018-2019";"66.18";"Ciencias Físicas, químicas, geológicas";"Ambos Sexos";"Rendimiento"
"2017-2018";"65.32";"Ciencias Físicas, químicas, geológicas";"Ambos Sexos";"Rendimiento"
"2016-2017";"64.45";"Ciencias Físicas, químicas, geológicas";"Ambos Sexos";"Rendimiento"
"2015-2016";"63.21";"Ciencias Físicas, químicas, geológicas";"Ambos Sexos";"Rendimiento"
"2022-2023";"67.34";"Matemáticas y Estadística";"Ambos Sexos";"Rendimiento"
"2021-2022";"69.2";"Matemáticas y Estadística";"Ambos Sexos";"Rendimiento"
"2020-2021";"65.32";"Matemáticas y Estadística";"Ambos Sexos";"Rendimiento"
"2019-2020";"73.66";"Matemáticas y Estadística";"Ambos Sexos";"Rendimiento"
"2018-2019";"64.93";"Matemáticas y Estadística";"Ambos Sexos";"Rendimiento"
"2017-2018";"66.8";"Matemáticas y Estadística";"Ambos Sexos";"Rendimiento"
"2016-2017";"64.77";"Matemáticas y Estadística";"Ambos Sexos";"Rendimiento"
"2015-2016";"61.87";"Matemáticas y Estadística";"Ambos Sexos";"Rendimiento"
"2022-2023";"65.4";"Total Informática";"Ambos Sexos";"Rendimiento"
"2021-2022";"61.91";"Total Informática";"Ambos Sexos";"Rendimiento"
"2020-2021";"61.85";"Total Informática";"Ambos Sexos";"Rendimiento"
"2019-2020";"69.82";"Total Informática";"Ambos Sexos";"Rendimiento"
"2018-2019";"63.62";"Total Informática";"Ambos Sexos";"Rendimiento"
"2017-2018";"62.59";"Total Informática";"Ambos Sexos";"Rendimiento"
"2016-2017";"60.84";"Total Informática";"Ambos Sexos";"Rendimiento"
"2015-2016";"56.34";"Total Informática";"Ambos Sexos";"Rendimiento"
"2022-2023";"65.4";"Informática";"Ambos Sexos";"Rendimiento"
"2021-2022";"61.91";"Informática";"Ambos Sexos";"Rendimiento"
"2020-2021";"61.85";"Informática";"Ambos Sexos";"Rendimiento"
"2019-2020";"69.82";"Informática";"Ambos Sexos";"Rendimiento"
"2018-2019";"63.62";"Informática";"Ambos Sexos";"Rendimiento"
"2017-2018";"62.59";"Informática";"Ambos Sexos";"Rendimiento"
"2016-2017";"60.84";"Informática";"Ambos Sexos";"Rendimiento"
"2015-2016";"56.34";"Informática";"Ambos Sexos";"Rendimiento"
"2022-2023";"58.31";"Total Ingeniería, industria y construcción";"Ambos Sexos";"Rendimiento"
"2021-2022";"55.95";"Total Ingeniería, industria y construcción";"Ambos Sexos";"Rendimiento"
"2020-2021";"59.96";"Total Ingeniería, industria y construcción";"Ambos Sexos";"Rendimiento"
"2019-2020";"67.61";"Total Ingeniería, industria y construcción";"Ambos Sexos";"Rendimiento"
"2018-2019";"59.79";"Total Ingeniería, industria y construcción";"Ambos Sexos";"Rendimiento"
"2017-2018";"60.48";"Total Ingeniería, industria y construcción";"Ambos Sexos";"Rendimiento"
"2016-2017";"62.78";"Total Ingeniería, industria y construcción";"Ambos Sexos";"Rendimiento"
"2015-2016";"63.07";"Total Ingeniería, industria y construcción";"Ambos Sexos";"Rendimiento"
"2022-2023";"55.88";"Ingenierías";"Ambos Sexos";"Rendimiento"
"2021-2022";"53.64";"Ingenierías";"Ambos Sexos";"Rendimiento"
"2020-2021";"58.53";"Ingenierías";"Ambos Sexos";"Rendimiento"
"2019-2020";"66.51";"Ingenierías";"Ambos Sexos";"Rendimiento"
"2018-2019";"57.45";"Ingenierías";"Ambos Sexos";"Rendimiento"
"2017-2018";"57.85";"Ingenierías";"Ambos Sexos";"Rendimiento"
"2016-2017";"60.01";"Ingenierías";"Ambos Sexos";"Rendimiento"
"2015-2016";"59.71";"Ingenierías";"Ambos Sexos";"Rendimiento"
"2022-2023";"65.15";"Arquitectura y construcción";"Ambos Sexos";"Rendimiento"
"2021-2022";"62.79";"Arquitectura y construcción";"Ambos Sexos";"Rendimiento"
"2020-2021";"64.31";"Arquitectura y construcción";"Ambos Sexos";"Rendimiento"
"2019-2020";"70.87";"Arquitectura y construcción";"Ambos Sexos";"Rendimiento"
"2018-2019";"66.7";"Arquitectura y construcción";"Ambos Sexos";"Rendimiento"
"2017-2018";"67.49";"Arquitectura y construcción";"Ambos Sexos";"Rendimiento"
"2016-2017";"69.47";"Arquitectura y construcción";"Ambos Sexos";"Rendimiento"
"2015-2016";"70.87";"Arquitectura y construcción";"Ambos Sexos";"Rendimiento"
"2022-2023";"47.96";"Total Agricultura, ganadería,  silvicultura, pesca, y veterinaria";"Ambos Sexos";"Rendimiento"
"2021-2022";"45.98";"Total Agricultura, ganadería,  silvicultura, pesca, y veterinaria";"Ambos Sexos";"Rendimiento"
"2020-2021";"45.98";"Total Agricultura, ganadería,  silvicultura, pesca, y veterinaria";"Ambos Sexos";"Rendimiento"
"2019-2020";"58.74";"Total Agricultura, ganadería,  silvicultura, pesca, y veterinaria";"Ambos Sexos";"Rendimiento"
"2018-2019";"46.9";"Total Agricultura, ganadería,  silvicultura, pesca, y veterinaria";"Ambos Sexos";"Rendimiento"
"2017-2018";"47.32";"Total Agricultura, ganadería,  silvicultura, pesca, y veterinaria";"Ambos Sexos";"Rendimiento"
"2016-2017";"48.16";"Total Agricultura, ganadería,  silvicultura, pesca, y veterinaria";"Ambos Sexos";"Rendimiento"
"2015-2016";"49.98";"Total Agricultura, ganadería,  silvicultura, pesca, y veterinaria";"Ambos Sexos";"Rendimiento"
"2022-2023";"47.96";"Agricultura, ganadería y pesca";"Ambos Sexos";"Rendimiento"
"2021-2022";"45.98";"Agricultura, ganadería y pesca";"Ambos Sexos";"Rendimiento"
"2020-2021";"45.98";"Agricultura, ganadería y pesca";"Ambos Sexos";"Rendimiento"
"2019-2020";"58.74";"Agricultura, ganadería y pesca";"Ambos Sexos";"Rendimiento"
"2018-2019";"46.9";"Agricultura, ganadería y pesca";"Ambos Sexos";"Rendimiento"
"2017-2018";"47.32";"Agricultura, ganadería y pesca";"Ambos Sexos";"Rendimiento"
"2016-2017";"48.16";"Agricultura, ganadería y pesca";"Ambos Sexos";"Rendimiento"
"2015-2016";"49.98";"Agricultura, ganadería y pesca";"Ambos Sexos";"Rendimiento"
"2022-2023";"..";"Veterinaria";"Ambos Sexos";"Rendimiento"
"2021-2022";"..";"Veterinaria";"Ambos Sexos";"Rendimiento"
"2020-2021";"..";"Veterinaria";"Ambos Sexos";"Rendimiento"
"2019-2020";"..";"Veterinaria";"Ambos Sexos";"Rendimiento"
"2018-2019";"..";"Veterinaria";"Ambos Sexos";"Rendimiento"
"2017-2018";"..";"Veterinaria";"Ambos Sexos";"Rendimiento"
"2016-2017";"..";"Veterinaria";"Ambos Sexos";"Rendimiento"
"2015-2016";"..";"Veterinaria";"Ambos Sexos";"Rendimiento"
"2022-2023";"84.04";"Total Salud y servicios sociales";"Ambos Sexos";"Rendimiento"
"2021-2022";"83.91";"Total Salud y servicios sociales";"Ambos Sexos";"Rendimiento"
"2020-2021";"88.44";"Total Salud y servicios sociales";"Ambos Sexos";"Rendimiento"
"2019-2020";"89.33";"Total Salud y servicios sociales";"Ambos Sexos";"Rendimiento"
"2018-2019";"84.02";"Total Salud y servicios sociales";"Ambos Sexos";"Rendimiento"
"2017-2018";"82.9";"Total Salud y servicios sociales";"Ambos Sexos";"Rendimiento"
"2016-2017";"83.07";"Total Salud y servicios sociales";"Ambos Sexos";"Rendimiento"
"2015-2016";"83.73";"Total Salud y servicios sociales";"Ambos Sexos";"Rendimiento"
"2022-2023";"87.51";"Medicina";"Ambos Sexos";"Rendimiento"
"2021-2022";"87.04";"Medicina";"Ambos Sexos";"Rendimiento"
"2020-2021";"86.96";"Medicina";"Ambos Sexos";"Rendimiento"
"2019-2020";"90.75";"Medicina";"Ambos Sexos";"Rendimiento"
"2018-2019";"88.3";"Medicina";"Ambos Sexos";"Rendimiento"
"2017-2018";"88.03";"Medicina";"Ambos Sexos";"Rendimiento"
"2016-2017";"88.86";"Medicina";"Ambos Sexos";"Rendimiento"
"2015-2016";"89.67";"Medicina";"Ambos Sexos";"Rendimiento"
"2022-2023";"90.08";"Enfermería y atención a enfermos";"Ambos Sexos";"Rendimiento"
"2021-2022";"90.31";"Enfermería y atención a enfermos";"Ambos Sexos";"Rendimiento"
"2020-2021";"91.55";"Enfermería y atención a enfermos";"Ambos Sexos";"Rendimiento"
"2019-2020";"92.5";"Enfermería y atención a enfermos";"Ambos Sexos";"Rendimiento"
"2018-2019";"88.09";"Enfermería y atención a enfermos";"Ambos Sexos";"Rendimiento"
"2017-2018";"88.8";"Enfermería y atención a enfermos";"Ambos Sexos";"Rendimiento"
"2016-2017";"88.93";"Enfermería y atención a enfermos";"Ambos Sexos";"Rendimiento"
"2015-2016";"90.56";"Enfermería y atención a enfermos";"Ambos Sexos";"Rendimiento"
"2022-2023";"78.56";"Otras ciencias de la Salud";"Ambos Sexos";"Rendimiento"
"2021-2022";"78.64";"Otras ciencias de la Salud";"Ambos Sexos";"Rendimiento"
"2020-2021";"87.6";"Otras ciencias de la Salud";"Ambos Sexos";"Rendimiento"
"2019-2020";"86.88";"Otras ciencias de la Salud";"Ambos Sexos";"Rendimiento"
"2018-2019";"79.49";"Otras ciencias de la Salud";"Ambos Sexos";"Rendimiento"
"2017-2018";"77.45";"Otras ciencias de la Salud";"Ambos Sexos";"Rendimiento"
"2016-2017";"77.13";"Otras ciencias de la Salud";"Ambos Sexos";"Rendimiento"
"2015-2016";"77.27";"Otras ciencias de la Salud";"Ambos Sexos";"Rendimiento"
"2022-2023";"..";"Trabajo social y orientación";"Ambos Sexos";"Rendimiento"
"2021-2022";"..";"Trabajo social y orientación";"Ambos Sexos";"Rendimiento"
"2020-2021";"..";"Trabajo social y orientación";"Ambos Sexos";"Rendimiento"
"2019-2020";"..";"Trabajo social y orientación";"Ambos Sexos";"Rendimiento"
"2018-2019";"..";"Trabajo social y orientación";"Ambos Sexos";"Rendimiento"
"2017-2018";"..";"Trabajo social y orientación";"Ambos Sexos";"Rendimiento"
"2016-2017";"..";"Trabajo social y orientación";"Ambos Sexos";"Rendimiento"
"2015-2016";"..";"Trabajo social y orientación";"Ambos Sexos";"Rendimiento"
"2022-2023";"75.29";"Total Servicios";"Ambos Sexos";"Rendimiento"
"2021-2022";"72.8";"Total Servicios";"Ambos Sexos";"Rendimiento"
"2020-2021";"76.42";"Total Servicios";"Ambos Sexos";"Rendimiento"
"2019-2020";"79.29";"Total Servicios";"Ambos Sexos";"Rendimiento"
"2018-2019";"71.46";"Total Servicios";"Ambos Sexos";"Rendimiento"
"2017-2018";"71.49";"Total Servicios";"Ambos Sexos";"Rendimiento"
"2016-2017";"73.88";"Total Servicios";"Ambos Sexos";"Rendimiento"
"2015-2016";"75.34";"Total Servicios";"Ambos Sexos";"Rendimiento"
"2022-2023";"88.2";"Deportes";"Ambos Sexos";"Rendimiento"
"2021-2022";"86.55";"Deportes";"Ambos Sexos";"Rendimiento"
"2020-2021";"86.3";"Deportes";"Ambos Sexos";"Rendimiento"
"2019-2020";"89.56";"Deportes";"Ambos Sexos";"Rendimiento"
"2018-2019";"82.79";"Deportes";"Ambos Sexos";"Rendimiento"
"2017-2018";"87.41";"Deportes";"Ambos Sexos";"Rendimiento"
"2016-2017";"91.81";"Deportes";"Ambos Sexos";"Rendimiento"
"2015-2016";"91.05";"Deportes";"Ambos Sexos";"Rendimiento"
"2022-2023";"60.94";"Turismo y Hostelería";"Ambos Sexos";"Rendimiento"
"2021-2022";"60.62";"Turismo y Hostelería";"Ambos Sexos";"Rendimiento"
"2020-2021";"68.81";"Turismo y Hostelería";"Ambos Sexos";"Rendimiento"
"2019-2020";"73.15";"Turismo y Hostelería";"Ambos Sexos";"Rendimiento"
"2018-2019";"65.78";"Turismo y Hostelería";"Ambos Sexos";"Rendimiento"
"2017-2018";"65.5";"Turismo y Hostelería";"Ambos Sexos";"Rendimiento"
"2016-2017";"68.6";"Turismo y Hostelería";"Ambos Sexos";"Rendimiento"
"2015-2016";"71.55";"Turismo y Hostelería";"Ambos Sexos";"Rendimiento"
"2022-2023";"..";"Otros Servicios";"Ambos Sexos";"Rendimiento"
"2021-2022";"..";"Otros Servicios";"Ambos Sexos";"Rendimiento"
"2020-2021";"..";"Otros Servicios";"Ambos Sexos";"Rendimiento"
"2019-2020";"..";"Otros Servicios";"Ambos Sexos";"Rendimiento"
"2018-2019";"..";"Otros Servicios";"Ambos Sexos";"Rendimiento"
"2017-2018";"..";"Otros Servicios";"Ambos Sexos";"Rendimiento"
"2016-2017";"..";"Otros Servicios";"Ambos Sexos";"Rendimiento"
"2015-2016";"..";"Otros Servicios";"Ambos Sexos";"Rendimiento"
"2022-2023";"???";"Sevilla";"Ambos Sexos";"Exito"
"2021-2022";"???";"Sevilla";"Ambos Sexos";"Exito"
"2020-2021";"???";"Sevilla";"Ambos Sexos";"Exito"
"2019-2020";"???";"Sevilla";"Ambos Sexos";"Exito"
"2018-2019";"???";"Sevilla";"Ambos Sexos";"Exito"
"2017-2018";"???";"Sevilla";"Ambos Sexos";"Exito"
"2016-2017";"???";"Sevilla";"Ambos Sexos";"Exito"
"2015-2016";"???";"Sevilla";"Ambos Sexos";"Exito"
"2022-2023";"86.66";"Todos los ámbitos";"Ambos Sexos";"Exito"
"2021-2022";"85.91";"Todos los ámbitos";"Ambos Sexos";"Exito"
"2020-2021";"87.26";"Todos los ámbitos";"Ambos Sexos";"Exito"
"2019-2020";"89.9";"Todos los ámbitos";"Ambos Sexos";"Exito"
"2018-2019";"86.09";"Todos los ámbitos";"Ambos Sexos";"Exito"
"2017-2018";"85.9";"Todos los ámbitos";"Ambos Sexos";"Exito"
"2016-2017";"86.08";"Todos los ámbitos";"Ambos Sexos";"Exito"
"2015-2016";"86.23";"Todos los ámbitos";"Ambos Sexos";"Exito"
"2022-2023";"94.68";"Total Educación";"Ambos Sexos";"Exito"
"2021-2022";"94.61";"Total Educación";"Ambos Sexos";"Exito"
"2020-2021";"95.87";"Total Educación";"Ambos Sexos";"Exito"
"2019-2020";"97.22";"Total Educación";"Ambos Sexos";"Exito"
"2018-2019";"93.6";"Total Educación";"Ambos Sexos";"Exito"
"2017-2018";"93.93";"Total Educación";"Ambos Sexos";"Exito"
"2016-2017";"94.5";"Total Educación";"Ambos Sexos";"Exito"
"2015-2016";"94.89";"Total Educación";"Ambos Sexos";"Exito"
"2022-2023";"97.4";"Formación de docentes de enseñanza infantil";"Ambos Sexos";"Exito"
"2021-2022";"97.85";"Formación de docentes de enseñanza infantil";"Ambos Sexos";"Exito"
"2020-2021";"98.46";"Formación de docentes de enseñanza infantil";"Ambos Sexos";"Exito"
"2019-2020";"98.72";"Formación de docentes de enseñanza infantil";"Ambos Sexos";"Exito"
"2018-2019";"97.01";"Formación de docentes de enseñanza infantil";"Ambos Sexos";"Exito"
"2017-2018";"96.93";"Formación de docentes de enseñanza infantil";"Ambos Sexos";"Exito"
"2016-2017";"97.63";"Formación de docentes de enseñanza infantil";"Ambos Sexos";"Exito"
"2015-2016";"97.68";"Formación de docentes de enseñanza infantil";"Ambos Sexos";"Exito"
"2022-2023";"93.62";"Formación de docentes de enseñanza primaria";"Ambos Sexos";"Exito"
"2021-2022";"93.13";"Formación de docentes de enseñanza primaria";"Ambos Sexos";"Exito"
"2020-2021";"94.58";"Formación de docentes de enseñanza primaria";"Ambos Sexos";"Exito"
"2019-2020";"96.51";"Formación de docentes de enseñanza primaria";"Ambos Sexos";"Exito"
"2018-2019";"91.59";"Formación de docentes de enseñanza primaria";"Ambos Sexos";"Exito"
"2017-2018";"92.1";"Formación de docentes de enseñanza primaria";"Ambos Sexos";"Exito"
"2016-2017";"92.66";"Formación de docentes de enseñanza primaria";"Ambos Sexos";"Exito"
"2015-2016";"93.18";"Formación de docentes de enseñanza primaria";"Ambos Sexos";"Exito"
"2022-2023";"94.55";"Otra Formación de personal docente y ciencias de la educación";"Ambos Sexos";"Exito"
"2021-2022";"95.39";"Otra Formación de personal docente y ciencias de la educación";"Ambos Sexos";"Exito"
"2020-2021";"96.97";"Otra Formación de personal docente y ciencias de la educación";"Ambos Sexos";"Exito"
"2019-2020";"97.72";"Otra Formación de personal docente y ciencias de la educación";"Ambos Sexos";"Exito"
"2018-2019";"96.31";"Otra Formación de personal docente y ciencias de la educación";"Ambos Sexos";"Exito"
"2017-2018";"96.78";"Otra Formación de personal docente y ciencias de la educación";"Ambos Sexos";"Exito"
"2016-2017";"96.56";"Otra Formación de personal docente y ciencias de la educación";"Ambos Sexos";"Exito"
"2015-2016";"97.0";"Otra Formación de personal docente y ciencias de la educación";"Ambos Sexos";"Exito"
"2022-2023";"86.41";"Total Artes y humanidades";"Ambos Sexos";"Exito"
"2021-2022";"86.31";"Total Artes y humanidades";"Ambos Sexos";"Exito"
"2020-2021";"87.62";"Total Artes y humanidades";"Ambos Sexos";"Exito"
"2019-2020";"91.04";"Total Artes y humanidades";"Ambos Sexos";"Exito"
"2018-2019";"85.61";"Total Artes y humanidades";"Ambos Sexos";"Exito"
"2017-2018";"86.02";"Total Artes y humanidades";"Ambos Sexos";"Exito"
"2016-2017";"86.66";"Total Artes y humanidades";"Ambos Sexos";"Exito"
"2015-2016";"86.62";"Total Artes y humanidades";"Ambos Sexos";"Exito"
"2022-2023";"94.49";"Técnicas audiovisuales y medios de comunicación";"Ambos Sexos";"Exito"
"2021-2022";"95.21";"Técnicas audiovisuales y medios de comunicación";"Ambos Sexos";"Exito"
"2020-2021";"95.98";"Técnicas audiovisuales y medios de comunicación";"Ambos Sexos";"Exito"
"2019-2020";"96.75";"Técnicas audiovisuales y medios de comunicación";"Ambos Sexos";"Exito"
"2018-2019";"94.11";"Técnicas audiovisuales y medios de comunicación";"Ambos Sexos";"Exito"
"2017-2018";"92.38";"Técnicas audiovisuales y medios de comunicación";"Ambos Sexos";"Exito"
"2016-2017";"94.26";"Técnicas audiovisuales y medios de comunicación";"Ambos Sexos";"Exito"
"2015-2016";"93.88";"Técnicas audiovisuales y medios de comunicación";"Ambos Sexos";"Exito"
"2022-2023";"88.2";"Artes";"Ambos Sexos";"Exito"
"2021-2022";"89.0";"Artes";"Ambos Sexos";"Exito"
"2020-2021";"90.17";"Artes";"Ambos Sexos";"Exito"
"2019-2020";"92.08";"Artes";"Ambos Sexos";"Exito"
"2018-2019";"88.82";"Artes";"Ambos Sexos";"Exito"
"2017-2018";"88.72";"Artes";"Ambos Sexos";"Exito"
"2016-2017";"89.38";"Artes";"Ambos Sexos";"Exito"
"2015-2016";"89.67";"Artes";"Ambos Sexos";"Exito"
"2022-2023";"81.5";"Lenguas";"Ambos Sexos";"Exito"
"2021-2022";"79.93";"Lenguas";"Ambos Sexos";"Exito"
"2020-2021";"81.83";"Lenguas";"Ambos Sexos";"Exito"
"2019-2020";"88.36";"Lenguas";"Ambos Sexos";"Exito"
"2018-2019";"79.43";"Lenguas";"Ambos Sexos";"Exito"
"2017-2018";"82.36";"Lenguas";"Ambos Sexos";"Exito"
"2016-2017";"81.97";"Lenguas";"Ambos Sexos";"Exito"
"2015-2016";"81.71";"Lenguas";"Ambos Sexos";"Exito"
"2022-2023";"85.75";"Humanidades";"Ambos Sexos";"Exito"
"2021-2022";"85.62";"Humanidades";"Ambos Sexos";"Exito"
"2020-2021";"86.96";"Humanidades";"Ambos Sexos";"Exito"
"2019-2020";"89.73";"Humanidades";"Ambos Sexos";"Exito"
"2018-2019";"84.33";"Humanidades";"Ambos Sexos";"Exito"
"2017-2018";"84.12";"Humanidades";"Ambos Sexos";"Exito"
"2016-2017";"85.67";"Humanidades";"Ambos Sexos";"Exito"
"2015-2016";"85.74";"Humanidades";"Ambos Sexos";"Exito"
"2022-2023";"88.63";"Total Ciencias sociales, periodismo y documentación";"Ambos Sexos";"Exito"
"2021-2022";"88.26";"Total Ciencias sociales, periodismo y documentación";"Ambos Sexos";"Exito"
"2020-2021";"90.1";"Total Ciencias sociales, periodismo y documentación";"Ambos Sexos";"Exito"
"2019-2020";"92.58";"Total Ciencias sociales, periodismo y documentación";"Ambos Sexos";"Exito"
"2018-2019";"89.0";"Total Ciencias sociales, periodismo y documentación";"Ambos Sexos";"Exito"
"2017-2018";"88.87";"Total Ciencias sociales, periodismo y documentación";"Ambos Sexos";"Exito"
"2016-2017";"89.33";"Total Ciencias sociales, periodismo y documentación";"Ambos Sexos";"Exito"
"2015-2016";"89.74";"Total Ciencias sociales, periodismo y documentación";"Ambos Sexos";"Exito"
"2022-2023";"92.15";"Psicología";"Ambos Sexos";"Exito"
"2021-2022";"91.05";"Psicología";"Ambos Sexos";"Exito"
"2020-2021";"93.3";"Psicología";"Ambos Sexos";"Exito"
"2019-2020";"94.82";"Psicología";"Ambos Sexos";"Exito"
"2018-2019";"91.85";"Psicología";"Ambos Sexos";"Exito"
"2017-2018";"93.29";"Psicología";"Ambos Sexos";"Exito"
"2016-2017";"93.33";"Psicología";"Ambos Sexos";"Exito"
"2015-2016";"93.64";"Psicología";"Ambos Sexos";"Exito"
"2022-2023";"79.52";"Economía";"Ambos Sexos";"Exito"
"2021-2022";"74.45";"Economía";"Ambos Sexos";"Exito"
"2020-2021";"78.53";"Economía";"Ambos Sexos";"Exito"
"2019-2020";"81.66";"Economía";"Ambos Sexos";"Exito"
"2018-2019";"71.16";"Economía";"Ambos Sexos";"Exito"
"2017-2018";"73.42";"Economía";"Ambos Sexos";"Exito"
"2016-2017";"73.65";"Economía";"Ambos Sexos";"Exito"
"2015-2016";"77.15";"Economía";"Ambos Sexos";"Exito"
"2022-2023";"91.15";"Otras Ciencias sociales y del comportamiento";"Ambos Sexos";"Exito"
"2021-2022";"91.9";"Otras Ciencias sociales y del comportamiento";"Ambos Sexos";"Exito"
"2020-2021";"93.05";"Otras Ciencias sociales y del comportamiento";"Ambos Sexos";"Exito"
"2019-2020";"94.66";"Otras Ciencias sociales y del comportamiento";"Ambos Sexos";"Exito"
"2018-2019";"94.76";"Otras Ciencias sociales y del comportamiento";"Ambos Sexos";"Exito"
"2017-2018";"92.68";"Otras Ciencias sociales y del comportamiento";"Ambos Sexos";"Exito"
"2016-2017";"92.5";"Otras Ciencias sociales y del comportamiento";"Ambos Sexos";"Exito"
"2015-2016";"91.26";"Otras Ciencias sociales y del comportamiento";"Ambos Sexos";"Exito"
"2022-2023";"88.23";"Periodismo e información";"Ambos Sexos";"Exito"
"2021-2022";"89.65";"Periodismo e información";"Ambos Sexos";"Exito"
"2020-2021";"90.56";"Periodismo e información";"Ambos Sexos";"Exito"
"2019-2020";"94.05";"Periodismo e información";"Ambos Sexos";"Exito"
"2018-2019";"90.71";"Periodismo e información";"Ambos Sexos";"Exito"
"2017-2018";"90.36";"Periodismo e información";"Ambos Sexos";"Exito"
"2016-2017";"91.41";"Periodismo e información";"Ambos Sexos";"Exito"
"2015-2016";"91.36";"Periodismo e información";"Ambos Sexos";"Exito"
"2022-2023";"82.19";"Total Negocios, administración y derecho";"Ambos Sexos";"Exito"
"2021-2022";"80.97";"Total Negocios, administración y derecho";"Ambos Sexos";"Exito"
"2020-2021";"82.95";"Total Negocios, administración y derecho";"Ambos Sexos";"Exito"
"2019-2020";"86.82";"Total Negocios, administración y derecho";"Ambos Sexos";"Exito"
"2018-2019";"81.5";"Total Negocios, administración y derecho";"Ambos Sexos";"Exito"
"2017-2018";"81.06";"Total Negocios, administración y derecho";"Ambos Sexos";"Exito"
"2016-2017";"81.18";"Total Negocios, administración y derecho";"Ambos Sexos";"Exito"
"2015-2016";"82.1";"Total Negocios, administración y derecho";"Ambos Sexos";"Exito"
"2022-2023";"74.1";"Administración y gestión de empresas";"Ambos Sexos";"Exito"
"2021-2022";"73.91";"Administración y gestión de empresas";"Ambos Sexos";"Exito"
"2020-2021";"78.22";"Administración y gestión de empresas";"Ambos Sexos";"Exito"
"2019-2020";"82.83";"Administración y gestión de empresas";"Ambos Sexos";"Exito"
"2018-2019";"75.15";"Administración y gestión de empresas";"Ambos Sexos";"Exito"
"2017-2018";"74.49";"Administración y gestión de empresas";"Ambos Sexos";"Exito"
"2016-2017";"75.76";"Administración y gestión de empresas";"Ambos Sexos";"Exito"
"2015-2016";"77.48";"Administración y gestión de empresas";"Ambos Sexos";"Exito"
"2022-2023";"84.48";"Otra Educación comercial y empresarial";"Ambos Sexos";"Exito"
"2021-2022";"82.62";"Otra Educación comercial y empresarial";"Ambos Sexos";"Exito"
"2020-2021";"81.76";"Otra Educación comercial y empresarial";"Ambos Sexos";"Exito"
"2019-2020";"85.12";"Otra Educación comercial y empresarial";"Ambos Sexos";"Exito"
"2018-2019";"81.46";"Otra Educación comercial y empresarial";"Ambos Sexos";"Exito"
"2017-2018";"80.15";"Otra Educación comercial y empresarial";"Ambos Sexos";"Exito"
"2016-2017";"80.24";"Otra Educación comercial y empresarial";"Ambos Sexos";"Exito"
"2015-2016";"81.61";"Otra Educación comercial y empresarial";"Ambos Sexos";"Exito"
"2022-2023";"85.84";"Derecho";"Ambos Sexos";"Exito"
"2021-2022";"84.27";"Derecho";"Ambos Sexos";"Exito"
"2020-2021";"86.82";"Derecho";"Ambos Sexos";"Exito"
"2019-2020";"90.51";"Derecho";"Ambos Sexos";"Exito"
"2018-2019";"85.57";"Derecho";"Ambos Sexos";"Exito"
"2017-2018";"85.91";"Derecho";"Ambos Sexos";"Exito"
"2016-2017";"85.45";"Derecho";"Ambos Sexos";"Exito"
"2015-2016";"85.82";"Derecho";"Ambos Sexos";"Exito"
"2022-2023";"86.69";"Total Ciencias";"Ambos Sexos";"Exito"
"2021-2022";"86.72";"Total Ciencias";"Ambos Sexos";"Exito"
"2020-2021";"85.77";"Total Ciencias";"Ambos Sexos";"Exito"
"2019-2020";"89.41";"Total Ciencias";"Ambos Sexos";"Exito"
"2018-2019";"86.46";"Total Ciencias";"Ambos Sexos";"Exito"
"2017-2018";"85.63";"Total Ciencias";"Ambos Sexos";"Exito"
"2016-2017";"85.21";"Total Ciencias";"Ambos Sexos";"Exito"
"2015-2016";"83.04";"Total Ciencias";"Ambos Sexos";"Exito"
"2022-2023";"90.42";"Ciencias de la vida";"Ambos Sexos";"Exito"
"2021-2022";"89.27";"Ciencias de la vida";"Ambos Sexos";"Exito"
"2020-2021";"88.98";"Ciencias de la vida";"Ambos Sexos";"Exito"
"2019-2020";"91.88";"Ciencias de la vida";"Ambos Sexos";"Exito"
"2018-2019";"90.1";"Ciencias de la vida";"Ambos Sexos";"Exito"
"2017-2018";"90.08";"Ciencias de la vida";"Ambos Sexos";"Exito"
"2016-2017";"90.16";"Ciencias de la vida";"Ambos Sexos";"Exito"
"2015-2016";"86.98";"Ciencias de la vida";"Ambos Sexos";"Exito"
"2022-2023";"83.16";"Ciencias Físicas, químicas, geológicas";"Ambos Sexos";"Exito"
"2021-2022";"83.7";"Ciencias Físicas, químicas, geológicas";"Ambos Sexos";"Exito"
"2020-2021";"82.51";"Ciencias Físicas, químicas, geológicas";"Ambos Sexos";"Exito"
"2019-2020";"87.71";"Ciencias Físicas, químicas, geológicas";"Ambos Sexos";"Exito"
"2018-2019";"84.61";"Ciencias Físicas, químicas, geológicas";"Ambos Sexos";"Exito"
"2017-2018";"82.61";"Ciencias Físicas, químicas, geológicas";"Ambos Sexos";"Exito"
"2016-2017";"81.47";"Ciencias Físicas, químicas, geológicas";"Ambos Sexos";"Exito"
"2015-2016";"80.04";"Ciencias Físicas, químicas, geológicas";"Ambos Sexos";"Exito"
"2022-2023";"85.94";"Matemáticas y Estadística";"Ambos Sexos";"Exito"
"2021-2022";"87.1";"Matemáticas y Estadística";"Ambos Sexos";"Exito"
"2020-2021";"85.21";"Matemáticas y Estadística";"Ambos Sexos";"Exito"
"2019-2020";"87.85";"Matemáticas y Estadística";"Ambos Sexos";"Exito"
"2018-2019";"83.01";"Matemáticas y Estadística";"Ambos Sexos";"Exito"
"2017-2018";"82.52";"Matemáticas y Estadística";"Ambos Sexos";"Exito"
"2016-2017";"81.78";"Matemáticas y Estadística";"Ambos Sexos";"Exito"
"2015-2016";"79.68";"Matemáticas y Estadística";"Ambos Sexos";"Exito"
"2022-2023";"84.99";"Total Informática";"Ambos Sexos";"Exito"
"2021-2022";"82.86";"Total Informática";"Ambos Sexos";"Exito"
"2020-2021";"82.78";"Total Informática";"Ambos Sexos";"Exito"
"2019-2020";"85.94";"Total Informática";"Ambos Sexos";"Exito"
"2018-2019";"83.44";"Total Informática";"Ambos Sexos";"Exito"
"2017-2018";"82.37";"Total Informática";"Ambos Sexos";"Exito"
"2016-2017";"80.44";"Total Informática";"Ambos Sexos";"Exito"
"2015-2016";"78.51";"Total Informática";"Ambos Sexos";"Exito"
"2022-2023";"84.99";"Informática";"Ambos Sexos";"Exito"
"2021-2022";"82.86";"Informática";"Ambos Sexos";"Exito"
"2020-2021";"82.78";"Informática";"Ambos Sexos";"Exito"
"2019-2020";"85.94";"Informática";"Ambos Sexos";"Exito"
"2018-2019";"83.44";"Informática";"Ambos Sexos";"Exito"
"2017-2018";"82.37";"Informática";"Ambos Sexos";"Exito"
"2016-2017";"80.44";"Informática";"Ambos Sexos";"Exito"
"2015-2016";"78.51";"Informática";"Ambos Sexos";"Exito"
"2022-2023";"80.87";"Total Ingeniería, industria y construcción";"Ambos Sexos";"Exito"
"2021-2022";"79.61";"Total Ingeniería, industria y construcción";"Ambos Sexos";"Exito"
"2020-2021";"81.55";"Total Ingeniería, industria y construcción";"Ambos Sexos";"Exito"
"2019-2020";"84.19";"Total Ingeniería, industria y construcción";"Ambos Sexos";"Exito"
"2018-2019";"81.34";"Total Ingeniería, industria y construcción";"Ambos Sexos";"Exito"
"2017-2018";"81.76";"Total Ingeniería, industria y construcción";"Ambos Sexos";"Exito"
"2016-2017";"82.31";"Total Ingeniería, industria y construcción";"Ambos Sexos";"Exito"
"2015-2016";"81.97";"Total Ingeniería, industria y construcción";"Ambos Sexos";"Exito"
"2022-2023";"79.05";"Ingenierías";"Ambos Sexos";"Exito"
"2021-2022";"77.75";"Ingenierías";"Ambos Sexos";"Exito"
"2020-2021";"80.47";"Ingenierías";"Ambos Sexos";"Exito"
"2019-2020";"82.91";"Ingenierías";"Ambos Sexos";"Exito"
"2018-2019";"79.5";"Ingenierías";"Ambos Sexos";"Exito"
"2017-2018";"79.84";"Ingenierías";"Ambos Sexos";"Exito"
"2016-2017";"80.48";"Ingenierías";"Ambos Sexos";"Exito"
"2015-2016";"79.55";"Ingenierías";"Ambos Sexos";"Exito"
"2022-2023";"85.63";"Arquitectura y construcción";"Ambos Sexos";"Exito"
"2021-2022";"84.75";"Arquitectura y construcción";"Ambos Sexos";"Exito"
"2020-2021";"84.71";"Arquitectura y construcción";"Ambos Sexos";"Exito"
"2019-2020";"87.99";"Arquitectura y construcción";"Ambos Sexos";"Exito"
"2018-2019";"86.44";"Arquitectura y construcción";"Ambos Sexos";"Exito"
"2017-2018";"86.51";"Arquitectura y construcción";"Ambos Sexos";"Exito"
"2016-2017";"86.43";"Arquitectura y construcción";"Ambos Sexos";"Exito"
"2015-2016";"87.14";"Arquitectura y construcción";"Ambos Sexos";"Exito"
"2022-2023";"74.69";"Total Agricultura, ganadería,  silvicultura, pesca, y veterinaria";"Ambos Sexos";"Exito"
"2021-2022";"72.14";"Total Agricultura, ganadería,  silvicultura, pesca, y veterinaria";"Ambos Sexos";"Exito"
"2020-2021";"68.98";"Total Agricultura, ganadería,  silvicultura, pesca, y veterinaria";"Ambos Sexos";"Exito"
"2019-2020";"78.25";"Total Agricultura, ganadería,  silvicultura, pesca, y veterinaria";"Ambos Sexos";"Exito"
"2018-2019";"70.72";"Total Agricultura, ganadería,  silvicultura, pesca, y veterinaria";"Ambos Sexos";"Exito"
"2017-2018";"71.53";"Total Agricultura, ganadería,  silvicultura, pesca, y veterinaria";"Ambos Sexos";"Exito"
"2016-2017";"71.11";"Total Agricultura, ganadería,  silvicultura, pesca, y veterinaria";"Ambos Sexos";"Exito"
"2015-2016";"71.31";"Total Agricultura, ganadería,  silvicultura, pesca, y veterinaria";"Ambos Sexos";"Exito"
"2022-2023";"74.69";"Agricultura, ganadería y pesca";"Ambos Sexos";"Exito"
"2021-2022";"72.14";"Agricultura, ganadería y pesca";"Ambos Sexos";"Exito"
"2020-2021";"68.98";"Agricultura, ganadería y pesca";"Ambos Sexos";"Exito"
"2019-2020";"78.25";"Agricultura, ganadería y pesca";"Ambos Sexos";"Exito"
"2018-2019";"70.72";"Agricultura, ganadería y pesca";"Ambos Sexos";"Exito"
"2017-2018";"71.53";"Agricultura, ganadería y pesca";"Ambos Sexos";"Exito"
"2016-2017";"71.11";"Agricultura, ganadería y pesca";"Ambos Sexos";"Exito"
"2015-2016";"71.31";"Agricultura, ganadería y pesca";"Ambos Sexos";"Exito"
"2022-2023";"..";"Veterinaria";"Ambos Sexos";"Exito"
"2021-2022";"..";"Veterinaria";"Ambos Sexos";"Exito"
"2020-2021";"..";"Veterinaria";"Ambos Sexos";"Exito"
"2019-2020";"..";"Veterinaria";"Ambos Sexos";"Exito"
"2018-2019";"..";"Veterinaria";"Ambos Sexos";"Exito"
"2017-2018";"..";"Veterinaria";"Ambos Sexos";"Exito"
"2016-2017";"..";"Veterinaria";"Ambos Sexos";"Exito"
"2015-2016";"..";"Veterinaria";"Ambos Sexos";"Exito"
"2022-2023";"92.04";"Total Salud y servicios sociales";"Ambos Sexos";"Exito"
"2021-2022";"91.64";"Total Salud y servicios sociales";"Ambos Sexos";"Exito"
"2020-2021";"93.85";"Total Salud y servicios sociales";"Ambos Sexos";"Exito"
"2019-2020";"94.75";"Total Salud y servicios sociales";"Ambos Sexos";"Exito"
"2018-2019";"92.4";"Total Salud y servicios sociales";"Ambos Sexos";"Exito"
"2017-2018";"91.53";"Total Salud y servicios sociales";"Ambos Sexos";"Exito"
"2016-2017";"91.14";"Total Salud y servicios sociales";"Ambos Sexos";"Exito"
"2015-2016";"91.73";"Total Salud y servicios sociales";"Ambos Sexos";"Exito"
"2022-2023";"94.59";"Medicina";"Ambos Sexos";"Exito"
"2021-2022";"94.42";"Medicina";"Ambos Sexos";"Exito"
"2020-2021";"94.05";"Medicina";"Ambos Sexos";"Exito"
"2019-2020";"96.23";"Medicina";"Ambos Sexos";"Exito"
"2018-2019";"95.56";"Medicina";"Ambos Sexos";"Exito"
"2017-2018";"95.29";"Medicina";"Ambos Sexos";"Exito"
"2016-2017";"95.41";"Medicina";"Ambos Sexos";"Exito"
"2015-2016";"95.64";"Medicina";"Ambos Sexos";"Exito"
"2022-2023";"94.43";"Enfermería y atención a enfermos";"Ambos Sexos";"Exito"
"2021-2022";"94.47";"Enfermería y atención a enfermos";"Ambos Sexos";"Exito"
"2020-2021";"94.98";"Enfermería y atención a enfermos";"Ambos Sexos";"Exito"
"2019-2020";"95.68";"Enfermería y atención a enfermos";"Ambos Sexos";"Exito"
"2018-2019";"93.09";"Enfermería y atención a enfermos";"Ambos Sexos";"Exito"
"2017-2018";"93.24";"Enfermería y atención a enfermos";"Ambos Sexos";"Exito"
"2016-2017";"93.64";"Enfermería y atención a enfermos";"Ambos Sexos";"Exito"
"2015-2016";"94.47";"Enfermería y atención a enfermos";"Ambos Sexos";"Exito"
"2022-2023";"89.05";"Otras ciencias de la Salud";"Ambos Sexos";"Exito"
"2021-2022";"88.38";"Otras ciencias de la Salud";"Ambos Sexos";"Exito"
"2020-2021";"93.11";"Otras ciencias de la Salud";"Ambos Sexos";"Exito"
"2019-2020";"93.41";"Otras ciencias de la Salud";"Ambos Sexos";"Exito"
"2018-2019";"90.14";"Otras ciencias de la Salud";"Ambos Sexos";"Exito"
"2017-2018";"88.54";"Otras ciencias de la Salud";"Ambos Sexos";"Exito"
"2016-2017";"87.38";"Otras ciencias de la Salud";"Ambos Sexos";"Exito"
"2015-2016";"87.99";"Otras ciencias de la Salud";"Ambos Sexos";"Exito"
"2022-2023";"..";"Trabajo social y orientación";"Ambos Sexos";"Exito"
"2021-2022";"..";"Trabajo social y orientación";"Ambos Sexos";"Exito"
"2020-2021";"..";"Trabajo social y orientación";"Ambos Sexos";"Exito"
"2019-2020";"..";"Trabajo social y orientación";"Ambos Sexos";"Exito"
"2018-2019";"..";"Trabajo social y orientación";"Ambos Sexos";"Exito"
"2017-2018";"..";"Trabajo social y orientación";"Ambos Sexos";"Exito"
"2016-2017";"..";"Trabajo social y orientación";"Ambos Sexos";"Exito"
"2015-2016";"..";"Trabajo social y orientación";"Ambos Sexos";"Exito"
"2022-2023";"87.15";"Total Servicios";"Ambos Sexos";"Exito"
"2021-2022";"85.1";"Total Servicios";"Ambos Sexos";"Exito"
"2020-2021";"85.7";"Total Servicios";"Ambos Sexos";"Exito"
"2019-2020";"88.13";"Total Servicios";"Ambos Sexos";"Exito"
"2018-2019";"83.35";"Total Servicios";"Ambos Sexos";"Exito"
"2017-2018";"83.22";"Total Servicios";"Ambos Sexos";"Exito"
"2016-2017";"85.16";"Total Servicios";"Ambos Sexos";"Exito"
"2015-2016";"85.95";"Total Servicios";"Ambos Sexos";"Exito"
"2022-2023";"93.21";"Deportes";"Ambos Sexos";"Exito"
"2021-2022";"91.93";"Deportes";"Ambos Sexos";"Exito"
"2020-2021";"91.62";"Deportes";"Ambos Sexos";"Exito"
"2019-2020";"93.14";"Deportes";"Ambos Sexos";"Exito"
"2018-2019";"89.82";"Deportes";"Ambos Sexos";"Exito"
"2017-2018";"92.6";"Deportes";"Ambos Sexos";"Exito"
"2016-2017";"96.16";"Deportes";"Ambos Sexos";"Exito"
"2015-2016";"94.91";"Deportes";"Ambos Sexos";"Exito"
"2022-2023";"78.9";"Turismo y Hostelería";"Ambos Sexos";"Exito"
"2021-2022";"77.79";"Turismo y Hostelería";"Ambos Sexos";"Exito"
"2020-2021";"80.66";"Turismo y Hostelería";"Ambos Sexos";"Exito"
"2019-2020";"84.79";"Turismo y Hostelería";"Ambos Sexos";"Exito"
"2018-2019";"79.72";"Turismo y Hostelería";"Ambos Sexos";"Exito"
"2017-2018";"79.2";"Turismo y Hostelería";"Ambos Sexos";"Exito"
"2016-2017";"81.49";"Turismo y Hostelería";"Ambos Sexos";"Exito"
"2015-2016";"83.53";"Turismo y Hostelería";"Ambos Sexos";"Exito"
"2022-2023";"..";"Otros Servicios";"Ambos Sexos";"Exito"
"2021-2022";"..";"Otros Servicios";"Ambos Sexos";"Exito"
"2020-2021";"..";"Otros Servicios";"Ambos Sexos";"Exito"
"2019-2020";"..";"Otros Servicios";"Ambos Sexos";"Exito"
"2018-2019";"..";"Otros Servicios";"Ambos Sexos";"Exito"
"2017-2018";"..";"Otros Servicios";"Ambos Sexos";"Exito"
"2016-2017";"..";"Otros Servicios";"Ambos Sexos";"Exito"
"2015-2016";"..";"Otros Servicios";"Ambos Sexos";"Exito"
"2022-2023";"???";"Sevilla";"Ambos Sexos";"Evaluacion"
"2021-2022";"???";"Sevilla";"Ambos Sexos";"Evaluacion"
"2020-2021";"???";"Sevilla";"Ambos Sexos";"Evaluacion"
"2019-2020";"???";"Sevilla";"Ambos Sexos";"Evaluacion"
"2018-2019";"???";"Sevilla";"Ambos Sexos";"Evaluacion"
"2017-2018";"???";"Sevilla";"Ambos Sexos";"Evaluacion"
"2016-2017";"???";"Sevilla";"Ambos Sexos";"Evaluacion"
"2015-2016";"???";"Sevilla";"Ambos Sexos";"Evaluacion"
"2022-2023";"83.03";"Todos los ámbitos";"Ambos Sexos";"Evaluacion"
"2021-2022";"82.27";"Todos los ámbitos";"Ambos Sexos";"Evaluacion"
"2020-2021";"84.63";"Todos los ámbitos";"Ambos Sexos";"Evaluacion"
"2019-2020";"88.25";"Todos los ámbitos";"Ambos Sexos";"Evaluacion"
"2018-2019";"82.99";"Todos los ámbitos";"Ambos Sexos";"Evaluacion"
"2017-2018";"83.27";"Todos los ámbitos";"Ambos Sexos";"Evaluacion"
"2016-2017";"84.21";"Todos los ámbitos";"Ambos Sexos";"Evaluacion"
"2015-2016";"84.65";"Todos los ámbitos";"Ambos Sexos";"Evaluacion"
"2022-2023";"95.63";"Total Educación";"Ambos Sexos";"Evaluacion"
"2021-2022";"95.37";"Total Educación";"Ambos Sexos";"Evaluacion"
"2020-2021";"96.19";"Total Educación";"Ambos Sexos";"Evaluacion"
"2019-2020";"96.86";"Total Educación";"Ambos Sexos";"Evaluacion"
"2018-2019";"93.88";"Total Educación";"Ambos Sexos";"Evaluacion"
"2017-2018";"94.13";"Total Educación";"Ambos Sexos";"Evaluacion"
"2016-2017";"94.42";"Total Educación";"Ambos Sexos";"Evaluacion"
"2015-2016";"94.81";"Total Educación";"Ambos Sexos";"Evaluacion"
"2022-2023";"98.28";"Formación de docentes de enseñanza infantil";"Ambos Sexos";"Evaluacion"
"2021-2022";"98.31";"Formación de docentes de enseñanza infantil";"Ambos Sexos";"Evaluacion"
"2020-2021";"98.52";"Formación de docentes de enseñanza infantil";"Ambos Sexos";"Evaluacion"
"2019-2020";"98.76";"Formación de docentes de enseñanza infantil";"Ambos Sexos";"Evaluacion"
"2018-2019";"97.85";"Formación de docentes de enseñanza infantil";"Ambos Sexos";"Evaluacion"
"2017-2018";"97.59";"Formación de docentes de enseñanza infantil";"Ambos Sexos";"Evaluacion"
"2016-2017";"97.73";"Formación de docentes de enseñanza infantil";"Ambos Sexos";"Evaluacion"
"2015-2016";"97.94";"Formación de docentes de enseñanza infantil";"Ambos Sexos";"Evaluacion"
"2022-2023";"94.72";"Formación de docentes de enseñanza primaria";"Ambos Sexos";"Evaluacion"
"2021-2022";"94.41";"Formación de docentes de enseñanza primaria";"Ambos Sexos";"Evaluacion"
"2020-2021";"95.32";"Formación de docentes de enseñanza primaria";"Ambos Sexos";"Evaluacion"
"2019-2020";"96.42";"Formación de docentes de enseñanza primaria";"Ambos Sexos";"Evaluacion"
"2018-2019";"92.29";"Formación de docentes de enseñanza primaria";"Ambos Sexos";"Evaluacion"
"2017-2018";"92.79";"Formación de docentes de enseñanza primaria";"Ambos Sexos";"Evaluacion"
"2016-2017";"93.09";"Formación de docentes de enseñanza primaria";"Ambos Sexos";"Evaluacion"
"2015-2016";"93.59";"Formación de docentes de enseñanza primaria";"Ambos Sexos";"Evaluacion"
"2022-2023";"95.02";"Otra Formación de personal docente y ciencias de la educación";"Ambos Sexos";"Evaluacion"
"2021-2022";"94.32";"Otra Formación de personal docente y ciencias de la educación";"Ambos Sexos";"Evaluacion"
"2020-2021";"95.84";"Otra Formación de personal docente y ciencias de la educación";"Ambos Sexos";"Evaluacion"
"2019-2020";"95.3";"Otra Formación de personal docente y ciencias de la educación";"Ambos Sexos";"Evaluacion"
"2018-2019";"93.93";"Otra Formación de personal docente y ciencias de la educación";"Ambos Sexos";"Evaluacion"
"2017-2018";"94.24";"Otra Formación de personal docente y ciencias de la educación";"Ambos Sexos";"Evaluacion"
"2016-2017";"94.24";"Otra Formación de personal docente y ciencias de la educación";"Ambos Sexos";"Evaluacion"
"2015-2016";"94.7";"Otra Formación de personal docente y ciencias de la educación";"Ambos Sexos";"Evaluacion"
"2022-2023";"82.95";"Total Artes y humanidades";"Ambos Sexos";"Evaluacion"
"2021-2022";"82.21";"Total Artes y humanidades";"Ambos Sexos";"Evaluacion"
"2020-2021";"84.97";"Total Artes y humanidades";"Ambos Sexos";"Evaluacion"
"2019-2020";"88.02";"Total Artes y humanidades";"Ambos Sexos";"Evaluacion"
"2018-2019";"83.44";"Total Artes y humanidades";"Ambos Sexos";"Evaluacion"
"2017-2018";"83.7";"Total Artes y humanidades";"Ambos Sexos";"Evaluacion"
"2016-2017";"84.43";"Total Artes y humanidades";"Ambos Sexos";"Evaluacion"
"2015-2016";"85.02";"Total Artes y humanidades";"Ambos Sexos";"Evaluacion"
"2022-2023";"93.43";"Técnicas audiovisuales y medios de comunicación";"Ambos Sexos";"Evaluacion"
"2021-2022";"94.1";"Técnicas audiovisuales y medios de comunicación";"Ambos Sexos";"Evaluacion"
"2020-2021";"94.84";"Técnicas audiovisuales y medios de comunicación";"Ambos Sexos";"Evaluacion"
"2019-2020";"93.9";"Técnicas audiovisuales y medios de comunicación";"Ambos Sexos";"Evaluacion"
"2018-2019";"92.04";"Técnicas audiovisuales y medios de comunicación";"Ambos Sexos";"Evaluacion"
"2017-2018";"91.83";"Técnicas audiovisuales y medios de comunicación";"Ambos Sexos";"Evaluacion"
"2016-2017";"91.98";"Técnicas audiovisuales y medios de comunicación";"Ambos Sexos";"Evaluacion"
"2015-2016";"94.22";"Técnicas audiovisuales y medios de comunicación";"Ambos Sexos";"Evaluacion"
"2022-2023";"83.35";"Artes";"Ambos Sexos";"Evaluacion"
"2021-2022";"83.77";"Artes";"Ambos Sexos";"Evaluacion"
"2020-2021";"86.02";"Artes";"Ambos Sexos";"Evaluacion"
"2019-2020";"88.41";"Artes";"Ambos Sexos";"Evaluacion"
"2018-2019";"85.25";"Artes";"Ambos Sexos";"Evaluacion"
"2017-2018";"85.38";"Artes";"Ambos Sexos";"Evaluacion"
"2016-2017";"86.52";"Artes";"Ambos Sexos";"Evaluacion"
"2015-2016";"87.15";"Artes";"Ambos Sexos";"Evaluacion"
"2022-2023";"81.31";"Lenguas";"Ambos Sexos";"Evaluacion"
"2021-2022";"78.42";"Lenguas";"Ambos Sexos";"Evaluacion"
"2020-2021";"82.95";"Lenguas";"Ambos Sexos";"Evaluacion"
"2019-2020";"87.49";"Lenguas";"Ambos Sexos";"Evaluacion"
"2018-2019";"80.21";"Lenguas";"Ambos Sexos";"Evaluacion"
"2017-2018";"81.38";"Lenguas";"Ambos Sexos";"Evaluacion"
"2016-2017";"81.88";"Lenguas";"Ambos Sexos";"Evaluacion"
"2015-2016";"82.23";"Lenguas";"Ambos Sexos";"Evaluacion"
"2022-2023";"79.06";"Humanidades";"Ambos Sexos";"Evaluacion"
"2021-2022";"78.9";"Humanidades";"Ambos Sexos";"Evaluacion"
"2020-2021";"80.85";"Humanidades";"Ambos Sexos";"Evaluacion"
"2019-2020";"84.73";"Humanidades";"Ambos Sexos";"Evaluacion"
"2018-2019";"80.57";"Humanidades";"Ambos Sexos";"Evaluacion"
"2017-2018";"80.5";"Humanidades";"Ambos Sexos";"Evaluacion"
"2016-2017";"81.44";"Humanidades";"Ambos Sexos";"Evaluacion"
"2015-2016";"81.37";"Humanidades";"Ambos Sexos";"Evaluacion"
"2022-2023";"87.13";"Total Ciencias sociales, periodismo y documentación";"Ambos Sexos";"Evaluacion"
"2021-2022";"86.87";"Total Ciencias sociales, periodismo y documentación";"Ambos Sexos";"Evaluacion"
"2020-2021";"89.2";"Total Ciencias sociales, periodismo y documentación";"Ambos Sexos";"Evaluacion"
"2019-2020";"90.59";"Total Ciencias sociales, periodismo y documentación";"Ambos Sexos";"Evaluacion"
"2018-2019";"87.8";"Total Ciencias sociales, periodismo y documentación";"Ambos Sexos";"Evaluacion"
"2017-2018";"87.28";"Total Ciencias sociales, periodismo y documentación";"Ambos Sexos";"Evaluacion"
"2016-2017";"88.52";"Total Ciencias sociales, periodismo y documentación";"Ambos Sexos";"Evaluacion"
"2015-2016";"90.02";"Total Ciencias sociales, periodismo y documentación";"Ambos Sexos";"Evaluacion"
"2022-2023";"92.99";"Psicología";"Ambos Sexos";"Evaluacion"
"2021-2022";"93.99";"Psicología";"Ambos Sexos";"Evaluacion"
"2020-2021";"95.02";"Psicología";"Ambos Sexos";"Evaluacion"
"2019-2020";"94.56";"Psicología";"Ambos Sexos";"Evaluacion"
"2018-2019";"93.51";"Psicología";"Ambos Sexos";"Evaluacion"
"2017-2018";"91.98";"Psicología";"Ambos Sexos";"Evaluacion"
"2016-2017";"93.05";"Psicología";"Ambos Sexos";"Evaluacion"
"2015-2016";"93.72";"Psicología";"Ambos Sexos";"Evaluacion"
"2022-2023";"77.16";"Economía";"Ambos Sexos";"Evaluacion"
"2021-2022";"73.5";"Economía";"Ambos Sexos";"Evaluacion"
"2020-2021";"79.2";"Economía";"Ambos Sexos";"Evaluacion"
"2019-2020";"83.27";"Economía";"Ambos Sexos";"Evaluacion"
"2018-2019";"75.67";"Economía";"Ambos Sexos";"Evaluacion"
"2017-2018";"77.91";"Economía";"Ambos Sexos";"Evaluacion"
"2016-2017";"77.19";"Economía";"Ambos Sexos";"Evaluacion"
"2015-2016";"80.91";"Economía";"Ambos Sexos";"Evaluacion"
"2022-2023";"85.64";"Otras Ciencias sociales y del comportamiento";"Ambos Sexos";"Evaluacion"
"2021-2022";"84.66";"Otras Ciencias sociales y del comportamiento";"Ambos Sexos";"Evaluacion"
"2020-2021";"86.15";"Otras Ciencias sociales y del comportamiento";"Ambos Sexos";"Evaluacion"
"2019-2020";"87.71";"Otras Ciencias sociales y del comportamiento";"Ambos Sexos";"Evaluacion"
"2018-2019";"87.36";"Otras Ciencias sociales y del comportamiento";"Ambos Sexos";"Evaluacion"
"2017-2018";"85.88";"Otras Ciencias sociales y del comportamiento";"Ambos Sexos";"Evaluacion"
"2016-2017";"87.51";"Otras Ciencias sociales y del comportamiento";"Ambos Sexos";"Evaluacion"
"2015-2016";"88.94";"Otras Ciencias sociales y del comportamiento";"Ambos Sexos";"Evaluacion"
"2022-2023";"88.42";"Periodismo e información";"Ambos Sexos";"Evaluacion"
"2021-2022";"89.52";"Periodismo e información";"Ambos Sexos";"Evaluacion"
"2020-2021";"91.33";"Periodismo e información";"Ambos Sexos";"Evaluacion"
"2019-2020";"92.58";"Periodismo e información";"Ambos Sexos";"Evaluacion"
"2018-2019";"89.08";"Periodismo e información";"Ambos Sexos";"Evaluacion"
"2017-2018";"88.36";"Periodismo e información";"Ambos Sexos";"Evaluacion"
"2016-2017";"90.55";"Periodismo e información";"Ambos Sexos";"Evaluacion"
"2015-2016";"91.66";"Periodismo e información";"Ambos Sexos";"Evaluacion"
"2022-2023";"81.07";"Total Negocios, administración y derecho";"Ambos Sexos";"Evaluacion"
"2021-2022";"80.24";"Total Negocios, administración y derecho";"Ambos Sexos";"Evaluacion"
"2020-2021";"83.56";"Total Negocios, administración y derecho";"Ambos Sexos";"Evaluacion"
"2019-2020";"88.07";"Total Negocios, administración y derecho";"Ambos Sexos";"Evaluacion"
"2018-2019";"80.67";"Total Negocios, administración y derecho";"Ambos Sexos";"Evaluacion"
"2017-2018";"81.21";"Total Negocios, administración y derecho";"Ambos Sexos";"Evaluacion"
"2016-2017";"82.09";"Total Negocios, administración y derecho";"Ambos Sexos";"Evaluacion"
"2015-2016";"82.73";"Total Negocios, administración y derecho";"Ambos Sexos";"Evaluacion"
"2022-2023";"76.64";"Administración y gestión de empresas";"Ambos Sexos";"Evaluacion"
"2021-2022";"75.41";"Administración y gestión de empresas";"Ambos Sexos";"Evaluacion"
"2020-2021";"79.7";"Administración y gestión de empresas";"Ambos Sexos";"Evaluacion"
"2019-2020";"85.58";"Administración y gestión de empresas";"Ambos Sexos";"Evaluacion"
"2018-2019";"77.18";"Administración y gestión de empresas";"Ambos Sexos";"Evaluacion"
"2017-2018";"77.56";"Administración y gestión de empresas";"Ambos Sexos";"Evaluacion"
"2016-2017";"79.4";"Administración y gestión de empresas";"Ambos Sexos";"Evaluacion"
"2015-2016";"81.09";"Administración y gestión de empresas";"Ambos Sexos";"Evaluacion"
"2022-2023";"80.29";"Otra Educación comercial y empresarial";"Ambos Sexos";"Evaluacion"
"2021-2022";"79.13";"Otra Educación comercial y empresarial";"Ambos Sexos";"Evaluacion"
"2020-2021";"82.88";"Otra Educación comercial y empresarial";"Ambos Sexos";"Evaluacion"
"2019-2020";"85.72";"Otra Educación comercial y empresarial";"Ambos Sexos";"Evaluacion"
"2018-2019";"80.33";"Otra Educación comercial y empresarial";"Ambos Sexos";"Evaluacion"
"2017-2018";"80.83";"Otra Educación comercial y empresarial";"Ambos Sexos";"Evaluacion"
"2016-2017";"80.92";"Otra Educación comercial y empresarial";"Ambos Sexos";"Evaluacion"
"2015-2016";"82.2";"Otra Educación comercial y empresarial";"Ambos Sexos";"Evaluacion"
"2022-2023";"84.72";"Derecho";"Ambos Sexos";"Evaluacion"
"2021-2022";"84.4";"Derecho";"Ambos Sexos";"Evaluacion"
"2020-2021";"86.73";"Derecho";"Ambos Sexos";"Evaluacion"
"2019-2020";"91.43";"Derecho";"Ambos Sexos";"Evaluacion"
"2018-2019";"83.3";"Derecho";"Ambos Sexos";"Evaluacion"
"2017-2018";"84.03";"Derecho";"Ambos Sexos";"Evaluacion"
"2016-2017";"84.85";"Derecho";"Ambos Sexos";"Evaluacion"
"2015-2016";"84.36";"Derecho";"Ambos Sexos";"Evaluacion"
"2022-2023";"81.49";"Total Ciencias";"Ambos Sexos";"Evaluacion"
"2021-2022";"81.51";"Total Ciencias";"Ambos Sexos";"Evaluacion"
"2020-2021";"81.23";"Total Ciencias";"Ambos Sexos";"Evaluacion"
"2019-2020";"86.82";"Total Ciencias";"Ambos Sexos";"Evaluacion"
"2018-2019";"81.86";"Total Ciencias";"Ambos Sexos";"Evaluacion"
"2017-2018";"83.27";"Total Ciencias";"Ambos Sexos";"Evaluacion"
"2016-2017";"83.31";"Total Ciencias";"Ambos Sexos";"Evaluacion"
"2015-2016";"82.58";"Total Ciencias";"Ambos Sexos";"Evaluacion"
"2022-2023";"87.86";"Ciencias de la vida";"Ambos Sexos";"Evaluacion"
"2021-2022";"87.62";"Ciencias de la vida";"Ambos Sexos";"Evaluacion"
"2020-2021";"89.48";"Ciencias de la vida";"Ambos Sexos";"Evaluacion"
"2019-2020";"91.56";"Ciencias de la vida";"Ambos Sexos";"Evaluacion"
"2018-2019";"88.15";"Ciencias de la vida";"Ambos Sexos";"Evaluacion"
"2017-2018";"89.19";"Ciencias de la vida";"Ambos Sexos";"Evaluacion"
"2016-2017";"89.73";"Ciencias de la vida";"Ambos Sexos";"Evaluacion"
"2015-2016";"88.3";"Ciencias de la vida";"Ambos Sexos";"Evaluacion"
"2022-2023";"77.6";"Ciencias Físicas, químicas, geológicas";"Ambos Sexos";"Evaluacion"
"2021-2022";"77.11";"Ciencias Físicas, químicas, geológicas";"Ambos Sexos";"Evaluacion"
"2020-2021";"76.34";"Ciencias Físicas, químicas, geológicas";"Ambos Sexos";"Evaluacion"
"2019-2020";"83.96";"Ciencias Físicas, químicas, geológicas";"Ambos Sexos";"Evaluacion"
"2018-2019";"78.22";"Ciencias Físicas, químicas, geológicas";"Ambos Sexos";"Evaluacion"
"2017-2018";"79.07";"Ciencias Físicas, químicas, geológicas";"Ambos Sexos";"Evaluacion"
"2016-2017";"79.1";"Ciencias Físicas, químicas, geológicas";"Ambos Sexos";"Evaluacion"
"2015-2016";"78.97";"Ciencias Físicas, químicas, geológicas";"Ambos Sexos";"Evaluacion"
"2022-2023";"78.35";"Matemáticas y Estadística";"Ambos Sexos";"Evaluacion"
"2021-2022";"79.44";"Matemáticas y Estadística";"Ambos Sexos";"Evaluacion"
"2020-2021";"76.66";"Matemáticas y Estadística";"Ambos Sexos";"Evaluacion"
"2019-2020";"83.85";"Matemáticas y Estadística";"Ambos Sexos";"Evaluacion"
"2018-2019";"78.22";"Matemáticas y Estadística";"Ambos Sexos";"Evaluacion"
"2017-2018";"80.95";"Matemáticas y Estadística";"Ambos Sexos";"Evaluacion"
"2016-2017";"79.2";"Matemáticas y Estadística";"Ambos Sexos";"Evaluacion"
"2015-2016";"77.65";"Matemáticas y Estadística";"Ambos Sexos";"Evaluacion"
"2022-2023";"76.95";"Total Informática";"Ambos Sexos";"Evaluacion"
"2021-2022";"74.71";"Total Informática";"Ambos Sexos";"Evaluacion"
"2020-2021";"74.72";"Total Informática";"Ambos Sexos";"Evaluacion"
"2019-2020";"81.25";"Total Informática";"Ambos Sexos";"Evaluacion"
"2018-2019";"76.24";"Total Informática";"Ambos Sexos";"Evaluacion"
"2017-2018";"75.98";"Total Informática";"Ambos Sexos";"Evaluacion"
"2016-2017";"75.64";"Total Informática";"Ambos Sexos";"Evaluacion"
"2015-2016";"71.77";"Total Informática";"Ambos Sexos";"Evaluacion"
"2022-2023";"76.95";"Informática";"Ambos Sexos";"Evaluacion"
"2021-2022";"74.71";"Informática";"Ambos Sexos";"Evaluacion"
"2020-2021";"74.72";"Informática";"Ambos Sexos";"Evaluacion"
"2019-2020";"81.25";"Informática";"Ambos Sexos";"Evaluacion"
"2018-2019";"76.24";"Informática";"Ambos Sexos";"Evaluacion"
"2017-2018";"75.98";"Informática";"Ambos Sexos";"Evaluacion"
"2016-2017";"75.64";"Informática";"Ambos Sexos";"Evaluacion"
"2015-2016";"71.77";"Informática";"Ambos Sexos";"Evaluacion"
"2022-2023";"72.1";"Total Ingeniería, industria y construcción";"Ambos Sexos";"Evaluacion"
"2021-2022";"70.28";"Total Ingeniería, industria y construcción";"Ambos Sexos";"Evaluacion"
"2020-2021";"73.52";"Total Ingeniería, industria y construcción";"Ambos Sexos";"Evaluacion"
"2019-2020";"80.3";"Total Ingeniería, industria y construcción";"Ambos Sexos";"Evaluacion"
"2018-2019";"73.5";"Total Ingeniería, industria y construcción";"Ambos Sexos";"Evaluacion"
"2017-2018";"73.97";"Total Ingeniería, industria y construcción";"Ambos Sexos";"Evaluacion"
"2016-2017";"76.27";"Total Ingeniería, industria y construcción";"Ambos Sexos";"Evaluacion"
"2015-2016";"76.95";"Total Ingeniería, industria y construcción";"Ambos Sexos";"Evaluacion"
"2022-2023";"70.69";"Ingenierías";"Ambos Sexos";"Evaluacion"
"2021-2022";"68.99";"Ingenierías";"Ambos Sexos";"Evaluacion"
"2020-2021";"72.73";"Ingenierías";"Ambos Sexos";"Evaluacion"
"2019-2020";"80.22";"Ingenierías";"Ambos Sexos";"Evaluacion"
"2018-2019";"72.26";"Ingenierías";"Ambos Sexos";"Evaluacion"
"2017-2018";"72.46";"Ingenierías";"Ambos Sexos";"Evaluacion"
"2016-2017";"74.58";"Ingenierías";"Ambos Sexos";"Evaluacion"
"2015-2016";"75.06";"Ingenierías";"Ambos Sexos";"Evaluacion"
"2022-2023";"76.08";"Arquitectura y construcción";"Ambos Sexos";"Evaluacion"
"2021-2022";"74.09";"Arquitectura y construcción";"Ambos Sexos";"Evaluacion"
"2020-2021";"75.92";"Arquitectura y construcción";"Ambos Sexos";"Evaluacion"
"2019-2020";"80.55";"Arquitectura y construcción";"Ambos Sexos";"Evaluacion"
"2018-2019";"77.16";"Arquitectura y construcción";"Ambos Sexos";"Evaluacion"
"2017-2018";"78.01";"Arquitectura y construcción";"Ambos Sexos";"Evaluacion"
"2016-2017";"80.38";"Arquitectura y construcción";"Ambos Sexos";"Evaluacion"
"2015-2016";"81.33";"Arquitectura y construcción";"Ambos Sexos";"Evaluacion"
"2022-2023";"64.22";"Total Agricultura, ganadería,  silvicultura, pesca, y veterinaria";"Ambos Sexos";"Evaluacion"
"2021-2022";"63.75";"Total Agricultura, ganadería,  silvicultura, pesca, y veterinaria";"Ambos Sexos";"Evaluacion"
"2020-2021";"66.65";"Total Agricultura, ganadería,  silvicultura, pesca, y veterinaria";"Ambos Sexos";"Evaluacion"
"2019-2020";"75.07";"Total Agricultura, ganadería,  silvicultura, pesca, y veterinaria";"Ambos Sexos";"Evaluacion"
"2018-2019";"66.32";"Total Agricultura, ganadería,  silvicultura, pesca, y veterinaria";"Ambos Sexos";"Evaluacion"
"2017-2018";"66.15";"Total Agricultura, ganadería,  silvicultura, pesca, y veterinaria";"Ambos Sexos";"Evaluacion"
"2016-2017";"67.73";"Total Agricultura, ganadería,  silvicultura, pesca, y veterinaria";"Ambos Sexos";"Evaluacion"
"2015-2016";"70.09";"Total Agricultura, ganadería,  silvicultura, pesca, y veterinaria";"Ambos Sexos";"Evaluacion"
"2022-2023";"64.22";"Agricultura, ganadería y pesca";"Ambos Sexos";"Evaluacion"
"2021-2022";"63.75";"Agricultura, ganadería y pesca";"Ambos Sexos";"Evaluacion"
"2020-2021";"66.65";"Agricultura, ganadería y pesca";"Ambos Sexos";"Evaluacion"
"2019-2020";"75.07";"Agricultura, ganadería y pesca";"Ambos Sexos";"Evaluacion"
"2018-2019";"66.32";"Agricultura, ganadería y pesca";"Ambos Sexos";"Evaluacion"
"2017-2018";"66.15";"Agricultura, ganadería y pesca";"Ambos Sexos";"Evaluacion"
"2016-2017";"67.73";"Agricultura, ganadería y pesca";"Ambos Sexos";"Evaluacion"
"2015-2016";"70.09";"Agricultura, ganadería y pesca";"Ambos Sexos";"Evaluacion"
"2022-2023";"..";"Veterinaria";"Ambos Sexos";"Evaluacion"
"2021-2022";"..";"Veterinaria";"Ambos Sexos";"Evaluacion"
"2020-2021";"..";"Veterinaria";"Ambos Sexos";"Evaluacion"
"2019-2020";"..";"Veterinaria";"Ambos Sexos";"Evaluacion"
"2018-2019";"..";"Veterinaria";"Ambos Sexos";"Evaluacion"
"2017-2018";"..";"Veterinaria";"Ambos Sexos";"Evaluacion"
"2016-2017";"..";"Veterinaria";"Ambos Sexos";"Evaluacion"
"2015-2016";"..";"Veterinaria";"Ambos Sexos";"Evaluacion"
"2022-2023";"91.31";"Total Salud y servicios sociales";"Ambos Sexos";"Evaluacion"
"2021-2022";"91.56";"Total Salud y servicios sociales";"Ambos Sexos";"Evaluacion"
"2020-2021";"94.24";"Total Salud y servicios sociales";"Ambos Sexos";"Evaluacion"
"2019-2020";"94.28";"Total Salud y servicios sociales";"Ambos Sexos";"Evaluacion"
"2018-2019";"90.93";"Total Salud y servicios sociales";"Ambos Sexos";"Evaluacion"
"2017-2018";"90.57";"Total Salud y servicios sociales";"Ambos Sexos";"Evaluacion"
"2016-2017";"91.14";"Total Salud y servicios sociales";"Ambos Sexos";"Evaluacion"
"2015-2016";"91.28";"Total Salud y servicios sociales";"Ambos Sexos";"Evaluacion"
"2022-2023";"92.52";"Medicina";"Ambos Sexos";"Evaluacion"
"2021-2022";"92.18";"Medicina";"Ambos Sexos";"Evaluacion"
"2020-2021";"92.46";"Medicina";"Ambos Sexos";"Evaluacion"
"2019-2020";"94.31";"Medicina";"Ambos Sexos";"Evaluacion"
"2018-2019";"92.4";"Medicina";"Ambos Sexos";"Evaluacion"
"2017-2018";"92.38";"Medicina";"Ambos Sexos";"Evaluacion"
"2016-2017";"93.13";"Medicina";"Ambos Sexos";"Evaluacion"
"2015-2016";"93.76";"Medicina";"Ambos Sexos";"Evaluacion"
"2022-2023";"95.39";"Enfermería y atención a enfermos";"Ambos Sexos";"Evaluacion"
"2021-2022";"95.6";"Enfermería y atención a enfermos";"Ambos Sexos";"Evaluacion"
"2020-2021";"96.38";"Enfermería y atención a enfermos";"Ambos Sexos";"Evaluacion"
"2019-2020";"96.68";"Enfermería y atención a enfermos";"Ambos Sexos";"Evaluacion"
"2018-2019";"94.63";"Enfermería y atención a enfermos";"Ambos Sexos";"Evaluacion"
"2017-2018";"95.24";"Enfermería y atención a enfermos";"Ambos Sexos";"Evaluacion"
"2016-2017";"94.97";"Enfermería y atención a enfermos";"Ambos Sexos";"Evaluacion"
"2015-2016";"95.85";"Enfermería y atención a enfermos";"Ambos Sexos";"Evaluacion"
"2022-2023";"88.22";"Otras ciencias de la Salud";"Ambos Sexos";"Evaluacion"
"2021-2022";"88.98";"Otras ciencias de la Salud";"Ambos Sexos";"Evaluacion"
"2020-2021";"94.08";"Otras ciencias de la Salud";"Ambos Sexos";"Evaluacion"
"2019-2020";"93.01";"Otras ciencias de la Salud";"Ambos Sexos";"Evaluacion"
"2018-2019";"88.18";"Otras ciencias de la Salud";"Ambos Sexos";"Evaluacion"
"2017-2018";"87.47";"Otras ciencias de la Salud";"Ambos Sexos";"Evaluacion"
"2016-2017";"88.27";"Otras ciencias de la Salud";"Ambos Sexos";"Evaluacion"
"2015-2016";"87.81";"Otras ciencias de la Salud";"Ambos Sexos";"Evaluacion"
"2022-2023";"..";"Trabajo social y orientación";"Ambos Sexos";"Evaluacion"
"2021-2022";"..";"Trabajo social y orientación";"Ambos Sexos";"Evaluacion"
"2020-2021";"..";"Trabajo social y orientación";"Ambos Sexos";"Evaluacion"
"2019-2020";"..";"Trabajo social y orientación";"Ambos Sexos";"Evaluacion"
"2018-2019";"..";"Trabajo social y orientación";"Ambos Sexos";"Evaluacion"
"2017-2018";"..";"Trabajo social y orientación";"Ambos Sexos";"Evaluacion"
"2016-2017";"..";"Trabajo social y orientación";"Ambos Sexos";"Evaluacion"
"2015-2016";"..";"Trabajo social y orientación";"Ambos Sexos";"Evaluacion"
"2022-2023";"86.39";"Total Servicios";"Ambos Sexos";"Evaluacion"
"2021-2022";"85.55";"Total Servicios";"Ambos Sexos";"Evaluacion"
"2020-2021";"89.17";"Total Servicios";"Ambos Sexos";"Evaluacion"
"2019-2020";"89.98";"Total Servicios";"Ambos Sexos";"Evaluacion"
"2018-2019";"85.73";"Total Servicios";"Ambos Sexos";"Evaluacion"
"2017-2018";"85.9";"Total Servicios";"Ambos Sexos";"Evaluacion"
"2016-2017";"86.75";"Total Servicios";"Ambos Sexos";"Evaluacion"
"2015-2016";"87.66";"Total Servicios";"Ambos Sexos";"Evaluacion"
"2022-2023";"94.63";"Deportes";"Ambos Sexos";"Evaluacion"
"2021-2022";"94.14";"Deportes";"Ambos Sexos";"Evaluacion"
"2020-2021";"94.19";"Deportes";"Ambos Sexos";"Evaluacion"
"2019-2020";"96.16";"Deportes";"Ambos Sexos";"Evaluacion"
"2018-2019";"92.18";"Deportes";"Ambos Sexos";"Evaluacion"
"2017-2018";"94.4";"Deportes";"Ambos Sexos";"Evaluacion"
"2016-2017";"95.47";"Deportes";"Ambos Sexos";"Evaluacion"
"2015-2016";"95.93";"Deportes";"Ambos Sexos";"Evaluacion"
"2022-2023";"77.24";"Turismo y Hostelería";"Ambos Sexos";"Evaluacion"
"2021-2022";"77.92";"Turismo y Hostelería";"Ambos Sexos";"Evaluacion"
"2020-2021";"85.31";"Turismo y Hostelería";"Ambos Sexos";"Evaluacion"
"2019-2020";"86.28";"Turismo y Hostelería";"Ambos Sexos";"Evaluacion"
"2018-2019";"82.5";"Turismo y Hostelería";"Ambos Sexos";"Evaluacion"
"2017-2018";"82.71";"Turismo y Hostelería";"Ambos Sexos";"Evaluacion"
"2016-2017";"84.18";"Turismo y Hostelería";"Ambos Sexos";"Evaluacion"
"2015-2016";"85.66";"Turismo y Hostelería";"Ambos Sexos";"Evaluacion"
"2022-2023";"..";"Otros Servicios";"Ambos Sexos";"Evaluacion"
"2021-2022";"..";"Otros Servicios";"Ambos Sexos";"Evaluacion"
"2020-2021";"..";"Otros Servicios";"Ambos Sexos";"Evaluacion"
"2019-2020";"..";"Otros Servicios";"Ambos Sexos";"Evaluacion"
"2018-2019";"..";"Otros Servicios";"Ambos Sexos";"Evaluacion"
"2017-2018";"..";"Otros Servicios";"Ambos Sexos";"Evaluacion"
"2016-2017";"..";"Otros Servicios";"Ambos Sexos";"Evaluacion"
"2015-2016";"..";"Otros Servicios";"Ambos Sexos";"Evaluacion"
"2022-2023";"???";"Sevilla";"Hombres";"Rendimiento"
"2021-2022";"???";"Sevilla";"Hombres";"Rendimiento"
"2020-2021";"???";"Sevilla";"Hombres";"Rendimiento"
"2019-2020";"???";"Sevilla";"Hombres";"Rendimiento"
"2018-2019";"???";"Sevilla";"Hombres";"Rendimiento"
"2017-2018";"???";"Sevilla";"Hombres";"Rendimiento"
"2016-2017";"???";"Sevilla";"Hombres";"Rendimiento"
"2015-2016";"???";"Sevilla";"Hombres";"Rendimiento"
"2022-2023";"65.89";"Todos los ámbitos";"Hombres";"Rendimiento"
"2021-2022";"64.51";"Todos los ámbitos";"Hombres";"Rendimiento"
"2020-2021";"67.46";"Todos los ámbitos";"Hombres";"Rendimiento"
"2019-2020";"73.87";"Todos los ámbitos";"Hombres";"Rendimiento"
"2018-2019";"65.56";"Todos los ámbitos";"Hombres";"Rendimiento"
"2017-2018";"65.37";"Todos los ámbitos";"Hombres";"Rendimiento"
"2016-2017";"66.67";"Todos los ámbitos";"Hombres";"Rendimiento"
"2015-2016";"66.89";"Todos los ámbitos";"Hombres";"Rendimiento"
"2022-2023";"83.67";"Total Educación";"Hombres";"Rendimiento"
"2021-2022";"83.47";"Total Educación";"Hombres";"Rendimiento"
"2020-2021";"86.11";"Total Educación";"Hombres";"Rendimiento"
"2019-2020";"90.3";"Total Educación";"Hombres";"Rendimiento"
"2018-2019";"79.01";"Total Educación";"Hombres";"Rendimiento"
"2017-2018";"79.18";"Total Educación";"Hombres";"Rendimiento"
"2016-2017";"81.79";"Total Educación";"Hombres";"Rendimiento"
"2015-2016";"82.96";"Total Educación";"Hombres";"Rendimiento"
"2022-2023";"88.15";"Formación de docentes de enseñanza infantil";"Hombres";"Rendimiento"
"2021-2022";"90.43";"Formación de docentes de enseñanza infantil";"Hombres";"Rendimiento"
"2020-2021";"93.67";"Formación de docentes de enseñanza infantil";"Hombres";"Rendimiento"
"2019-2020";"94.97";"Formación de docentes de enseñanza infantil";"Hombres";"Rendimiento"
"2018-2019";"92.07";"Formación de docentes de enseñanza infantil";"Hombres";"Rendimiento"
"2017-2018";"88.22";"Formación de docentes de enseñanza infantil";"Hombres";"Rendimiento"
"2016-2017";"87.67";"Formación de docentes de enseñanza infantil";"Hombres";"Rendimiento"
"2015-2016";"90.05";"Formación de docentes de enseñanza infantil";"Hombres";"Rendimiento"
"2022-2023";"83.24";"Formación de docentes de enseñanza primaria";"Hombres";"Rendimiento"
"2021-2022";"82.99";"Formación de docentes de enseñanza primaria";"Hombres";"Rendimiento"
"2020-2021";"85.48";"Formación de docentes de enseñanza primaria";"Hombres";"Rendimiento"
"2019-2020";"90.3";"Formación de docentes de enseñanza primaria";"Hombres";"Rendimiento"
"2018-2019";"77.76";"Formación de docentes de enseñanza primaria";"Hombres";"Rendimiento"
"2017-2018";"78.13";"Formación de docentes de enseñanza primaria";"Hombres";"Rendimiento"
"2016-2017";"81.21";"Formación de docentes de enseñanza primaria";"Hombres";"Rendimiento"
"2015-2016";"82.54";"Formación de docentes de enseñanza primaria";"Hombres";"Rendimiento"
"2022-2023";"85.06";"Otra Formación de personal docente y ciencias de la educación";"Hombres";"Rendimiento"
"2021-2022";"83.78";"Otra Formación de personal docente y ciencias de la educación";"Hombres";"Rendimiento"
"2020-2021";"87.32";"Otra Formación de personal docente y ciencias de la educación";"Hombres";"Rendimiento"
"2019-2020";"86.0";"Otra Formación de personal docente y ciencias de la educación";"Hombres";"Rendimiento"
"2018-2019";"82.72";"Otra Formación de personal docente y ciencias de la educación";"Hombres";"Rendimiento"
"2017-2018";"84.82";"Otra Formación de personal docente y ciencias de la educación";"Hombres";"Rendimiento"
"2016-2017";"83.92";"Otra Formación de personal docente y ciencias de la educación";"Hombres";"Rendimiento"
"2015-2016";"83.64";"Otra Formación de personal docente y ciencias de la educación";"Hombres";"Rendimiento"
"2022-2023";"71.47";"Total Artes y humanidades";"Hombres";"Rendimiento"
"2021-2022";"71.1";"Total Artes y humanidades";"Hombres";"Rendimiento"
"2020-2021";"74.38";"Total Artes y humanidades";"Hombres";"Rendimiento"
"2019-2020";"78.67";"Total Artes y humanidades";"Hombres";"Rendimiento"
"2018-2019";"70.62";"Total Artes y humanidades";"Hombres";"Rendimiento"
"2017-2018";"70.12";"Total Artes y humanidades";"Hombres";"Rendimiento"
"2016-2017";"71.34";"Total Artes y humanidades";"Hombres";"Rendimiento"
"2015-2016";"72.25";"Total Artes y humanidades";"Hombres";"Rendimiento"
"2022-2023";"84.93";"Técnicas audiovisuales y medios de comunicación";"Hombres";"Rendimiento"
"2021-2022";"86.68";"Técnicas audiovisuales y medios de comunicación";"Hombres";"Rendimiento"
"2020-2021";"88.62";"Técnicas audiovisuales y medios de comunicación";"Hombres";"Rendimiento"
"2019-2020";"88.18";"Técnicas audiovisuales y medios de comunicación";"Hombres";"Rendimiento"
"2018-2019";"85.32";"Técnicas audiovisuales y medios de comunicación";"Hombres";"Rendimiento"
"2017-2018";"81.69";"Técnicas audiovisuales y medios de comunicación";"Hombres";"Rendimiento"
"2016-2017";"83.56";"Técnicas audiovisuales y medios de comunicación";"Hombres";"Rendimiento"
"2015-2016";"85.99";"Técnicas audiovisuales y medios de comunicación";"Hombres";"Rendimiento"
"2022-2023";"72.37";"Artes";"Hombres";"Rendimiento"
"2021-2022";"74.45";"Artes";"Hombres";"Rendimiento"
"2020-2021";"77.35";"Artes";"Hombres";"Rendimiento"
"2019-2020";"80.56";"Artes";"Hombres";"Rendimiento"
"2018-2019";"73.66";"Artes";"Hombres";"Rendimiento"
"2017-2018";"73.26";"Artes";"Hombres";"Rendimiento"
"2016-2017";"75.17";"Artes";"Hombres";"Rendimiento"
"2015-2016";"78.12";"Artes";"Hombres";"Rendimiento"
"2022-2023";"65.09";"Lenguas";"Hombres";"Rendimiento"
"2021-2022";"59.52";"Lenguas";"Hombres";"Rendimiento"
"2020-2021";"66.01";"Lenguas";"Hombres";"Rendimiento"
"2019-2020";"74.17";"Lenguas";"Hombres";"Rendimiento"
"2018-2019";"60.89";"Lenguas";"Hombres";"Rendimiento"
"2017-2018";"64.05";"Lenguas";"Hombres";"Rendimiento"
"2016-2017";"64.3";"Lenguas";"Hombres";"Rendimiento"
"2015-2016";"62.27";"Lenguas";"Hombres";"Rendimiento"
"2022-2023";"68.44";"Humanidades";"Hombres";"Rendimiento"
"2021-2022";"67.93";"Humanidades";"Hombres";"Rendimiento"
"2020-2021";"70.53";"Humanidades";"Hombres";"Rendimiento"
"2019-2020";"75.38";"Humanidades";"Hombres";"Rendimiento"
"2018-2019";"67.28";"Humanidades";"Hombres";"Rendimiento"
"2017-2018";"66.87";"Humanidades";"Hombres";"Rendimiento"
"2016-2017";"67.86";"Humanidades";"Hombres";"Rendimiento"
"2015-2016";"68.71";"Humanidades";"Hombres";"Rendimiento"
"2022-2023";"70.3";"Total Ciencias sociales, periodismo y documentación";"Hombres";"Rendimiento"
"2021-2022";"69.72";"Total Ciencias sociales, periodismo y documentación";"Hombres";"Rendimiento"
"2020-2021";"74.11";"Total Ciencias sociales, periodismo y documentación";"Hombres";"Rendimiento"
"2019-2020";"78.39";"Total Ciencias sociales, periodismo y documentación";"Hombres";"Rendimiento"
"2018-2019";"72.43";"Total Ciencias sociales, periodismo y documentación";"Hombres";"Rendimiento"
"2017-2018";"72.2";"Total Ciencias sociales, periodismo y documentación";"Hombres";"Rendimiento"
"2016-2017";"73.23";"Total Ciencias sociales, periodismo y documentación";"Hombres";"Rendimiento"
"2015-2016";"75.51";"Total Ciencias sociales, periodismo y documentación";"Hombres";"Rendimiento"
"2022-2023";"78.87";"Psicología";"Hombres";"Rendimiento"
"2021-2022";"81.96";"Psicología";"Hombres";"Rendimiento"
"2020-2021";"83.99";"Psicología";"Hombres";"Rendimiento"
"2019-2020";"85.1";"Psicología";"Hombres";"Rendimiento"
"2018-2019";"84.85";"Psicología";"Hombres";"Rendimiento"
"2017-2018";"81.81";"Psicología";"Hombres";"Rendimiento"
"2016-2017";"83.86";"Psicología";"Hombres";"Rendimiento"
"2015-2016";"84.41";"Psicología";"Hombres";"Rendimiento"
"2022-2023";"58.7";"Economía";"Hombres";"Rendimiento"
"2021-2022";"51.21";"Economía";"Hombres";"Rendimiento"
"2020-2021";"58.96";"Economía";"Hombres";"Rendimiento"
"2019-2020";"64.03";"Economía";"Hombres";"Rendimiento"
"2018-2019";"51.84";"Economía";"Hombres";"Rendimiento"
"2017-2018";"57.68";"Economía";"Hombres";"Rendimiento"
"2016-2017";"54.97";"Economía";"Hombres";"Rendimiento"
"2015-2016";"60.59";"Economía";"Hombres";"Rendimiento"
"2022-2023";"71.83";"Otras Ciencias sociales y del comportamiento";"Hombres";"Rendimiento"
"2021-2022";"70.71";"Otras Ciencias sociales y del comportamiento";"Hombres";"Rendimiento"
"2020-2021";"75.27";"Otras Ciencias sociales y del comportamiento";"Hombres";"Rendimiento"
"2019-2020";"78.0";"Otras Ciencias sociales y del comportamiento";"Hombres";"Rendimiento"
"2018-2019";"78.91";"Otras Ciencias sociales y del comportamiento";"Hombres";"Rendimiento"
"2017-2018";"76.63";"Otras Ciencias sociales y del comportamiento";"Hombres";"Rendimiento"
"2016-2017";"76.71";"Otras Ciencias sociales y del comportamiento";"Hombres";"Rendimiento"
"2015-2016";"74.89";"Otras Ciencias sociales y del comportamiento";"Hombres";"Rendimiento"
"2022-2023";"73.51";"Periodismo e información";"Hombres";"Rendimiento"
"2021-2022";"76.22";"Periodismo e información";"Hombres";"Rendimiento"
"2020-2021";"78.63";"Periodismo e información";"Hombres";"Rendimiento"
"2019-2020";"83.9";"Periodismo e información";"Hombres";"Rendimiento"
"2018-2019";"77.16";"Periodismo e información";"Hombres";"Rendimiento"
"2017-2018";"75.78";"Periodismo e información";"Hombres";"Rendimiento"
"2016-2017";"79.34";"Periodismo e información";"Hombres";"Rendimiento"
"2015-2016";"80.83";"Periodismo e información";"Hombres";"Rendimiento"
"2022-2023";"61.32";"Total Negocios, administración y derecho";"Hombres";"Rendimiento"
"2021-2022";"59.74";"Total Negocios, administración y derecho";"Hombres";"Rendimiento"
"2020-2021";"64.2";"Total Negocios, administración y derecho";"Hombres";"Rendimiento"
"2019-2020";"72.24";"Total Negocios, administración y derecho";"Hombres";"Rendimiento"
"2018-2019";"61.19";"Total Negocios, administración y derecho";"Hombres";"Rendimiento"
"2017-2018";"61.19";"Total Negocios, administración y derecho";"Hombres";"Rendimiento"
"2016-2017";"62.64";"Total Negocios, administración y derecho";"Hombres";"Rendimiento"
"2015-2016";"63.42";"Total Negocios, administración y derecho";"Hombres";"Rendimiento"
"2022-2023";"54.5";"Administración y gestión de empresas";"Hombres";"Rendimiento"
"2021-2022";"52.78";"Administración y gestión de empresas";"Hombres";"Rendimiento"
"2020-2021";"58.61";"Administración y gestión de empresas";"Hombres";"Rendimiento"
"2019-2020";"68.22";"Administración y gestión de empresas";"Hombres";"Rendimiento"
"2018-2019";"55.21";"Administración y gestión de empresas";"Hombres";"Rendimiento"
"2017-2018";"54.43";"Administración y gestión de empresas";"Hombres";"Rendimiento"
"2016-2017";"56.79";"Administración y gestión de empresas";"Hombres";"Rendimiento"
"2015-2016";"59.04";"Administración y gestión de empresas";"Hombres";"Rendimiento"
"2022-2023";"57.73";"Otra Educación comercial y empresarial";"Hombres";"Rendimiento"
"2021-2022";"55.79";"Otra Educación comercial y empresarial";"Hombres";"Rendimiento"
"2020-2021";"58.91";"Otra Educación comercial y empresarial";"Hombres";"Rendimiento"
"2019-2020";"65.23";"Otra Educación comercial y empresarial";"Hombres";"Rendimiento"
"2018-2019";"57.23";"Otra Educación comercial y empresarial";"Hombres";"Rendimiento"
"2017-2018";"57.05";"Otra Educación comercial y empresarial";"Hombres";"Rendimiento"
"2016-2017";"58.13";"Otra Educación comercial y empresarial";"Hombres";"Rendimiento"
"2015-2016";"59.73";"Otra Educación comercial y empresarial";"Hombres";"Rendimiento"
"2022-2023";"69.71";"Derecho";"Hombres";"Rendimiento"
"2021-2022";"68.46";"Derecho";"Hombres";"Rendimiento"
"2020-2021";"72.69";"Derecho";"Hombres";"Rendimiento"
"2019-2020";"80.6";"Derecho";"Hombres";"Rendimiento"
"2018-2019";"68.88";"Derecho";"Hombres";"Rendimiento"
"2017-2018";"69.72";"Derecho";"Hombres";"Rendimiento"
"2016-2017";"70.93";"Derecho";"Hombres";"Rendimiento"
"2015-2016";"69.88";"Derecho";"Hombres";"Rendimiento"
"2022-2023";"68.69";"Total Ciencias";"Hombres";"Rendimiento"
"2021-2022";"69.39";"Total Ciencias";"Hombres";"Rendimiento"
"2020-2021";"68.19";"Total Ciencias";"Hombres";"Rendimiento"
"2019-2020";"75.98";"Total Ciencias";"Hombres";"Rendimiento"
"2018-2019";"70.02";"Total Ciencias";"Hombres";"Rendimiento"
"2017-2018";"69.88";"Total Ciencias";"Hombres";"Rendimiento"
"2016-2017";"69.19";"Total Ciencias";"Hombres";"Rendimiento"
"2015-2016";"66.73";"Total Ciencias";"Hombres";"Rendimiento"
"2022-2023";"76.35";"Ciencias de la vida";"Hombres";"Rendimiento"
"2021-2022";"77.56";"Ciencias de la vida";"Hombres";"Rendimiento"
"2020-2021";"78.14";"Ciencias de la vida";"Hombres";"Rendimiento"
"2019-2020";"84.14";"Ciencias de la vida";"Hombres";"Rendimiento"
"2018-2019";"80.28";"Ciencias de la vida";"Hombres";"Rendimiento"
"2017-2018";"79.04";"Ciencias de la vida";"Hombres";"Rendimiento"
"2016-2017";"79.88";"Ciencias de la vida";"Hombres";"Rendimiento"
"2015-2016";"75.52";"Ciencias de la vida";"Hombres";"Rendimiento"
"2022-2023";"65.65";"Ciencias Físicas, químicas, geológicas";"Hombres";"Rendimiento"
"2021-2022";"65.54";"Ciencias Físicas, químicas, geológicas";"Hombres";"Rendimiento"
"2020-2021";"64.66";"Ciencias Físicas, químicas, geológicas";"Hombres";"Rendimiento"
"2019-2020";"73.38";"Ciencias Físicas, químicas, geológicas";"Hombres";"Rendimiento"
"2018-2019";"67.06";"Ciencias Físicas, químicas, geológicas";"Hombres";"Rendimiento"
"2017-2018";"66.03";"Ciencias Físicas, químicas, geológicas";"Hombres";"Rendimiento"
"2016-2017";"64.7";"Ciencias Físicas, químicas, geológicas";"Hombres";"Rendimiento"
"2015-2016";"63.23";"Ciencias Físicas, químicas, geológicas";"Hombres";"Rendimiento"
"2022-2023";"66.51";"Matemáticas y Estadística";"Hombres";"Rendimiento"
"2021-2022";"67.77";"Matemáticas y Estadística";"Hombres";"Rendimiento"
"2020-2021";"63.8";"Matemáticas y Estadística";"Hombres";"Rendimiento"
"2019-2020";"71.08";"Matemáticas y Estadística";"Hombres";"Rendimiento"
"2018-2019";"63.28";"Matemáticas y Estadística";"Hombres";"Rendimiento"
"2017-2018";"65.86";"Matemáticas y Estadística";"Hombres";"Rendimiento"
"2016-2017";"63.06";"Matemáticas y Estadística";"Hombres";"Rendimiento"
"2015-2016";"59.69";"Matemáticas y Estadística";"Hombres";"Rendimiento"
"2022-2023";"64.7";"Total Informática";"Hombres";"Rendimiento"
"2021-2022";"61.37";"Total Informática";"Hombres";"Rendimiento"
"2020-2021";"61.26";"Total Informática";"Hombres";"Rendimiento"
"2019-2020";"69.18";"Total Informática";"Hombres";"Rendimiento"
"2018-2019";"62.82";"Total Informática";"Hombres";"Rendimiento"
"2017-2018";"62.37";"Total Informática";"Hombres";"Rendimiento"
"2016-2017";"61.21";"Total Informática";"Hombres";"Rendimiento"
"2015-2016";"55.88";"Total Informática";"Hombres";"Rendimiento"
"2022-2023";"64.7";"Informática";"Hombres";"Rendimiento"
"2021-2022";"61.37";"Informática";"Hombres";"Rendimiento"
"2020-2021";"61.26";"Informática";"Hombres";"Rendimiento"
"2019-2020";"69.18";"Informática";"Hombres";"Rendimiento"
"2018-2019";"62.82";"Informática";"Hombres";"Rendimiento"
"2017-2018";"62.37";"Informática";"Hombres";"Rendimiento"
"2016-2017";"61.21";"Informática";"Hombres";"Rendimiento"
"2015-2016";"55.88";"Informática";"Hombres";"Rendimiento"
"2022-2023";"56.0";"Total Ingeniería, industria y construcción";"Hombres";"Rendimiento"
"2021-2022";"53.87";"Total Ingeniería, industria y construcción";"Hombres";"Rendimiento"
"2020-2021";"57.72";"Total Ingeniería, industria y construcción";"Hombres";"Rendimiento"
"2019-2020";"65.2";"Total Ingeniería, industria y construcción";"Hombres";"Rendimiento"
"2018-2019";"57.48";"Total Ingeniería, industria y construcción";"Hombres";"Rendimiento"
"2017-2018";"58.07";"Total Ingeniería, industria y construcción";"Hombres";"Rendimiento"
"2016-2017";"60.57";"Total Ingeniería, industria y construcción";"Hombres";"Rendimiento"
"2015-2016";"60.61";"Total Ingeniería, industria y construcción";"Hombres";"Rendimiento"
"2022-2023";"54.9";"Ingenierías";"Hombres";"Rendimiento"
"2021-2022";"52.61";"Ingenierías";"Hombres";"Rendimiento"
"2020-2021";"57.21";"Ingenierías";"Hombres";"Rendimiento"
"2019-2020";"65.07";"Ingenierías";"Hombres";"Rendimiento"
"2018-2019";"56.27";"Ingenierías";"Hombres";"Rendimiento"
"2017-2018";"56.79";"Ingenierías";"Hombres";"Rendimiento"
"2016-2017";"58.81";"Ingenierías";"Hombres";"Rendimiento"
"2015-2016";"58.08";"Ingenierías";"Hombres";"Rendimiento"
"2022-2023";"60.36";"Arquitectura y construcción";"Hombres";"Rendimiento"
"2021-2022";"59.07";"Arquitectura y construcción";"Hombres";"Rendimiento"
"2020-2021";"59.85";"Arquitectura y construcción";"Hombres";"Rendimiento"
"2019-2020";"65.74";"Arquitectura y construcción";"Hombres";"Rendimiento"
"2018-2019";"62.16";"Arquitectura y construcción";"Hombres";"Rendimiento"
"2017-2018";"62.58";"Arquitectura y construcción";"Hombres";"Rendimiento"
"2016-2017";"65.95";"Arquitectura y construcción";"Hombres";"Rendimiento"
"2015-2016";"68.08";"Arquitectura y construcción";"Hombres";"Rendimiento"
"2022-2023";"47.11";"Total Agricultura, ganadería,  silvicultura, pesca, y veterinaria";"Hombres";"Rendimiento"
"2021-2022";"44.18";"Total Agricultura, ganadería,  silvicultura, pesca, y veterinaria";"Hombres";"Rendimiento"
"2020-2021";"44.91";"Total Agricultura, ganadería,  silvicultura, pesca, y veterinaria";"Hombres";"Rendimiento"
"2019-2020";"58.29";"Total Agricultura, ganadería,  silvicultura, pesca, y veterinaria";"Hombres";"Rendimiento"
"2018-2019";"46.05";"Total Agricultura, ganadería,  silvicultura, pesca, y veterinaria";"Hombres";"Rendimiento"
"2017-2018";"45.5";"Total Agricultura, ganadería,  silvicultura, pesca, y veterinaria";"Hombres";"Rendimiento"
"2016-2017";"46.67";"Total Agricultura, ganadería,  silvicultura, pesca, y veterinaria";"Hombres";"Rendimiento"
"2015-2016";"48.95";"Total Agricultura, ganadería,  silvicultura, pesca, y veterinaria";"Hombres";"Rendimiento"
"2022-2023";"47.11";"Agricultura, ganadería y pesca";"Hombres";"Rendimiento"
"2021-2022";"44.18";"Agricultura, ganadería y pesca";"Hombres";"Rendimiento"
"2020-2021";"44.91";"Agricultura, ganadería y pesca";"Hombres";"Rendimiento"
"2019-2020";"58.29";"Agricultura, ganadería y pesca";"Hombres";"Rendimiento"
"2018-2019";"46.05";"Agricultura, ganadería y pesca";"Hombres";"Rendimiento"
"2017-2018";"45.5";"Agricultura, ganadería y pesca";"Hombres";"Rendimiento"
"2016-2017";"46.67";"Agricultura, ganadería y pesca";"Hombres";"Rendimiento"
"2015-2016";"48.95";"Agricultura, ganadería y pesca";"Hombres";"Rendimiento"
"2022-2023";"..";"Veterinaria";"Hombres";"Rendimiento"
"2021-2022";"..";"Veterinaria";"Hombres";"Rendimiento"
"2020-2021";"..";"Veterinaria";"Hombres";"Rendimiento"
"2019-2020";"..";"Veterinaria";"Hombres";"Rendimiento"
"2018-2019";"..";"Veterinaria";"Hombres";"Rendimiento"
"2017-2018";"..";"Veterinaria";"Hombres";"Rendimiento"
"2016-2017";"..";"Veterinaria";"Hombres";"Rendimiento"
"2015-2016";"..";"Veterinaria";"Hombres";"Rendimiento"
"2022-2023";"82.3";"Total Salud y servicios sociales";"Hombres";"Rendimiento"
"2021-2022";"81.66";"Total Salud y servicios sociales";"Hombres";"Rendimiento"
"2020-2021";"85.71";"Total Salud y servicios sociales";"Hombres";"Rendimiento"
"2019-2020";"87.48";"Total Salud y servicios sociales";"Hombres";"Rendimiento"
"2018-2019";"81.66";"Total Salud y servicios sociales";"Hombres";"Rendimiento"
"2017-2018";"79.41";"Total Salud y servicios sociales";"Hombres";"Rendimiento"
"2016-2017";"79.69";"Total Salud y servicios sociales";"Hombres";"Rendimiento"
"2015-2016";"80.89";"Total Salud y servicios sociales";"Hombres";"Rendimiento"
"2022-2023";"86.28";"Medicina";"Hombres";"Rendimiento"
"2021-2022";"85.61";"Medicina";"Hombres";"Rendimiento"
"2020-2021";"83.77";"Medicina";"Hombres";"Rendimiento"
"2019-2020";"89.4";"Medicina";"Hombres";"Rendimiento"
"2018-2019";"86.54";"Medicina";"Hombres";"Rendimiento"
"2017-2018";"84.82";"Medicina";"Hombres";"Rendimiento"
"2016-2017";"86.4";"Medicina";"Hombres";"Rendimiento"
"2015-2016";"88.22";"Medicina";"Hombres";"Rendimiento"
"2022-2023";"85.56";"Enfermería y atención a enfermos";"Hombres";"Rendimiento"
"2021-2022";"85.16";"Enfermería y atención a enfermos";"Hombres";"Rendimiento"
"2020-2021";"87.86";"Enfermería y atención a enfermos";"Hombres";"Rendimiento"
"2019-2020";"90.72";"Enfermería y atención a enfermos";"Hombres";"Rendimiento"
"2018-2019";"84.48";"Enfermería y atención a enfermos";"Hombres";"Rendimiento"
"2017-2018";"84.76";"Enfermería y atención a enfermos";"Hombres";"Rendimiento"
"2016-2017";"85.74";"Enfermería y atención a enfermos";"Hombres";"Rendimiento"
"2015-2016";"88.41";"Enfermería y atención a enfermos";"Hombres";"Rendimiento"
"2022-2023";"79.19";"Otras ciencias de la Salud";"Hombres";"Rendimiento"
"2021-2022";"78.43";"Otras ciencias de la Salud";"Hombres";"Rendimiento"
"2020-2021";"86.18";"Otras ciencias de la Salud";"Hombres";"Rendimiento"
"2019-2020";"85.35";"Otras ciencias de la Salud";"Hombres";"Rendimiento"
"2018-2019";"77.83";"Otras ciencias de la Salud";"Hombres";"Rendimiento"
"2017-2018";"74.94";"Otras ciencias de la Salud";"Hombres";"Rendimiento"
"2016-2017";"74.02";"Otras ciencias de la Salud";"Hombres";"Rendimiento"
"2015-2016";"74.28";"Otras ciencias de la Salud";"Hombres";"Rendimiento"
"2022-2023";"..";"Trabajo social y orientación";"Hombres";"Rendimiento"
"2021-2022";"..";"Trabajo social y orientación";"Hombres";"Rendimiento"
"2020-2021";"..";"Trabajo social y orientación";"Hombres";"Rendimiento"
"2019-2020";"..";"Trabajo social y orientación";"Hombres";"Rendimiento"
"2018-2019";"..";"Trabajo social y orientación";"Hombres";"Rendimiento"
"2017-2018";"..";"Trabajo social y orientación";"Hombres";"Rendimiento"
"2016-2017";"..";"Trabajo social y orientación";"Hombres";"Rendimiento"
"2015-2016";"..";"Trabajo social y orientación";"Hombres";"Rendimiento"
"2022-2023";"78.41";"Total Servicios";"Hombres";"Rendimiento"
"2021-2022";"76.72";"Total Servicios";"Hombres";"Rendimiento"
"2020-2021";"77.97";"Total Servicios";"Hombres";"Rendimiento"
"2019-2020";"79.88";"Total Servicios";"Hombres";"Rendimiento"
"2018-2019";"72.24";"Total Servicios";"Hombres";"Rendimiento"
"2017-2018";"70.93";"Total Servicios";"Hombres";"Rendimiento"
"2016-2017";"74.27";"Total Servicios";"Hombres";"Rendimiento"
"2015-2016";"75.51";"Total Servicios";"Hombres";"Rendimiento"
"2022-2023";"87.55";"Deportes";"Hombres";"Rendimiento"
"2021-2022";"86.1";"Deportes";"Hombres";"Rendimiento"
"2020-2021";"85.28";"Deportes";"Hombres";"Rendimiento"
"2019-2020";"88.95";"Deportes";"Hombres";"Rendimiento"
"2018-2019";"81.74";"Deportes";"Hombres";"Rendimiento"
"2017-2018";"85.58";"Deportes";"Hombres";"Rendimiento"
"2016-2017";"91.34";"Deportes";"Hombres";"Rendimiento"
"2015-2016";"90.78";"Deportes";"Hombres";"Rendimiento"
"2022-2023";"55.68";"Turismo y Hostelería";"Hombres";"Rendimiento"
"2021-2022";"57.46";"Turismo y Hostelería";"Hombres";"Rendimiento"
"2020-2021";"64.34";"Turismo y Hostelería";"Hombres";"Rendimiento"
"2019-2020";"66.93";"Turismo y Hostelería";"Hombres";"Rendimiento"
"2018-2019";"61.13";"Turismo y Hostelería";"Hombres";"Rendimiento"
"2017-2018";"58.38";"Turismo y Hostelería";"Hombres";"Rendimiento"
"2016-2017";"63.16";"Turismo y Hostelería";"Hombres";"Rendimiento"
"2015-2016";"67.47";"Turismo y Hostelería";"Hombres";"Rendimiento"
"2022-2023";"..";"Otros Servicios";"Hombres";"Rendimiento"
"2021-2022";"..";"Otros Servicios";"Hombres";"Rendimiento"
"2020-2021";"..";"Otros Servicios";"Hombres";"Rendimiento"
"2019-2020";"..";"Otros Servicios";"Hombres";"Rendimiento"
"2018-2019";"..";"Otros Servicios";"Hombres";"Rendimiento"
"2017-2018";"..";"Otros Servicios";"Hombres";"Rendimiento"
"2016-2017";"..";"Otros Servicios";"Hombres";"Rendimiento"
"2015-2016";"..";"Otros Servicios";"Hombres";"Rendimiento"
"2022-2023";"???";"Sevilla";"Hombres";"Exito"
"2021-2022";"???";"Sevilla";"Hombres";"Exito"
"2020-2021";"???";"Sevilla";"Hombres";"Exito"
"2019-2020";"???";"Sevilla";"Hombres";"Exito"
"2018-2019";"???";"Sevilla";"Hombres";"Exito"
"2017-2018";"???";"Sevilla";"Hombres";"Exito"
"2016-2017";"???";"Sevilla";"Hombres";"Exito"
"2015-2016";"???";"Sevilla";"Hombres";"Exito"
"2022-2023";"84.48";"Todos los ámbitos";"Hombres";"Exito"
"2021-2022";"83.61";"Todos los ámbitos";"Hombres";"Exito"
"2020-2021";"84.81";"Todos los ámbitos";"Hombres";"Exito"
"2019-2020";"87.54";"Todos los ámbitos";"Hombres";"Exito"
"2018-2019";"83.79";"Todos los ámbitos";"Hombres";"Exito"
"2017-2018";"83.27";"Todos los ámbitos";"Hombres";"Exito"
"2016-2017";"83.61";"Todos los ámbitos";"Hombres";"Exito"
"2015-2016";"83.66";"Todos los ámbitos";"Hombres";"Exito"
"2022-2023";"91.51";"Total Educación";"Hombres";"Exito"
"2021-2022";"91.35";"Total Educación";"Hombres";"Exito"
"2020-2021";"92.93";"Total Educación";"Hombres";"Exito"
"2019-2020";"95.39";"Total Educación";"Hombres";"Exito"
"2018-2019";"89.13";"Total Educación";"Hombres";"Exito"
"2017-2018";"89.65";"Total Educación";"Hombres";"Exito"
"2016-2017";"91.4";"Total Educación";"Hombres";"Exito"
"2015-2016";"92.06";"Total Educación";"Hombres";"Exito"
"2022-2023";"94.02";"Formación de docentes de enseñanza infantil";"Hombres";"Exito"
"2021-2022";"93.96";"Formación de docentes de enseñanza infantil";"Hombres";"Exito"
"2020-2021";"96.17";"Formación de docentes de enseñanza infantil";"Hombres";"Exito"
"2019-2020";"97.09";"Formación de docentes de enseñanza infantil";"Hombres";"Exito"
"2018-2019";"93.54";"Formación de docentes de enseñanza infantil";"Hombres";"Exito"
"2017-2018";"92.4";"Formación de docentes de enseñanza infantil";"Hombres";"Exito"
"2016-2017";"93.1";"Formación de docentes de enseñanza infantil";"Hombres";"Exito"
"2015-2016";"93.24";"Formación de docentes de enseñanza infantil";"Hombres";"Exito"
"2022-2023";"91.13";"Formación de docentes de enseñanza primaria";"Hombres";"Exito"
"2021-2022";"91.0";"Formación de docentes de enseñanza primaria";"Hombres";"Exito"
"2020-2021";"92.44";"Formación de docentes de enseñanza primaria";"Hombres";"Exito"
"2019-2020";"95.27";"Formación de docentes de enseñanza primaria";"Hombres";"Exito"
"2018-2019";"88.21";"Formación de docentes de enseñanza primaria";"Hombres";"Exito"
"2017-2018";"89.02";"Formación de docentes de enseñanza primaria";"Hombres";"Exito"
"2016-2017";"91.05";"Formación de docentes de enseñanza primaria";"Hombres";"Exito"
"2015-2016";"91.7";"Formación de docentes de enseñanza primaria";"Hombres";"Exito"
"2022-2023";"93.8";"Otra Formación de personal docente y ciencias de la educación";"Hombres";"Exito"
"2021-2022";"93.34";"Otra Formación de personal docente y ciencias de la educación";"Hombres";"Exito"
"2020-2021";"95.99";"Otra Formación de personal docente y ciencias de la educación";"Hombres";"Exito"
"2019-2020";"95.34";"Otra Formación de personal docente y ciencias de la educación";"Hombres";"Exito"
"2018-2019";"95.71";"Otra Formación de personal docente y ciencias de la educación";"Hombres";"Exito"
"2017-2018";"94.51";"Otra Formación de personal docente y ciencias de la educación";"Hombres";"Exito"
"2016-2017";"94.05";"Otra Formación de personal docente y ciencias de la educación";"Hombres";"Exito"
"2015-2016";"95.13";"Otra Formación de personal docente y ciencias de la educación";"Hombres";"Exito"
"2022-2023";"87.54";"Total Artes y humanidades";"Hombres";"Exito"
"2021-2022";"87.37";"Total Artes y humanidades";"Hombres";"Exito"
"2020-2021";"88.89";"Total Artes y humanidades";"Hombres";"Exito"
"2019-2020";"91.12";"Total Artes y humanidades";"Hombres";"Exito"
"2018-2019";"86.34";"Total Artes y humanidades";"Hombres";"Exito"
"2017-2018";"86.05";"Total Artes y humanidades";"Hombres";"Exito"
"2016-2017";"86.87";"Total Artes y humanidades";"Hombres";"Exito"
"2015-2016";"87.16";"Total Artes y humanidades";"Hombres";"Exito"
"2022-2023";"92.62";"Técnicas audiovisuales y medios de comunicación";"Hombres";"Exito"
"2021-2022";"93.82";"Técnicas audiovisuales y medios de comunicación";"Hombres";"Exito"
"2020-2021";"95.02";"Técnicas audiovisuales y medios de comunicación";"Hombres";"Exito"
"2019-2020";"95.83";"Técnicas audiovisuales y medios de comunicación";"Hombres";"Exito"
"2018-2019";"93.86";"Técnicas audiovisuales y medios de comunicación";"Hombres";"Exito"
"2017-2018";"90.94";"Técnicas audiovisuales y medios de comunicación";"Hombres";"Exito"
"2016-2017";"92.88";"Técnicas audiovisuales y medios de comunicación";"Hombres";"Exito"
"2015-2016";"92.89";"Técnicas audiovisuales y medios de comunicación";"Hombres";"Exito"
"2022-2023";"88.6";"Artes";"Hombres";"Exito"
"2021-2022";"89.88";"Artes";"Hombres";"Exito"
"2020-2021";"91.11";"Artes";"Hombres";"Exito"
"2019-2020";"92.18";"Artes";"Hombres";"Exito"
"2018-2019";"88.49";"Artes";"Hombres";"Exito"
"2017-2018";"88.72";"Artes";"Hombres";"Exito"
"2016-2017";"89.83";"Artes";"Hombres";"Exito"
"2015-2016";"90.4";"Artes";"Hombres";"Exito"
"2022-2023";"82.94";"Lenguas";"Hombres";"Exito"
"2021-2022";"79.95";"Lenguas";"Hombres";"Exito"
"2020-2021";"82.37";"Lenguas";"Hombres";"Exito"
"2019-2020";"88.68";"Lenguas";"Hombres";"Exito"
"2018-2019";"80.74";"Lenguas";"Hombres";"Exito"
"2017-2018";"82.51";"Lenguas";"Hombres";"Exito"
"2016-2017";"82.15";"Lenguas";"Hombres";"Exito"
"2015-2016";"81.41";"Lenguas";"Hombres";"Exito"
"2022-2023";"86.69";"Humanidades";"Hombres";"Exito"
"2021-2022";"85.89";"Humanidades";"Hombres";"Exito"
"2020-2021";"87.61";"Humanidades";"Hombres";"Exito"
"2019-2020";"89.3";"Humanidades";"Hombres";"Exito"
"2018-2019";"83.92";"Humanidades";"Hombres";"Exito"
"2017-2018";"84.07";"Humanidades";"Hombres";"Exito"
"2016-2017";"84.75";"Humanidades";"Hombres";"Exito"
"2015-2016";"85.45";"Humanidades";"Hombres";"Exito"
"2022-2023";"85.55";"Total Ciencias sociales, periodismo y documentación";"Hombres";"Exito"
"2021-2022";"85.19";"Total Ciencias sociales, periodismo y documentación";"Hombres";"Exito"
"2020-2021";"87.28";"Total Ciencias sociales, periodismo y documentación";"Hombres";"Exito"
"2019-2020";"89.95";"Total Ciencias sociales, periodismo y documentación";"Hombres";"Exito"
"2018-2019";"86.44";"Total Ciencias sociales, periodismo y documentación";"Hombres";"Exito"
"2017-2018";"86.58";"Total Ciencias sociales, periodismo y documentación";"Hombres";"Exito"
"2016-2017";"86.42";"Total Ciencias sociales, periodismo y documentación";"Hombres";"Exito"
"2015-2016";"87.45";"Total Ciencias sociales, periodismo y documentación";"Hombres";"Exito"
"2022-2023";"90.13";"Psicología";"Hombres";"Exito"
"2021-2022";"90.34";"Psicología";"Hombres";"Exito"
"2020-2021";"91.6";"Psicología";"Hombres";"Exito"
"2019-2020";"93.07";"Psicología";"Hombres";"Exito"
"2018-2019";"91.71";"Psicología";"Hombres";"Exito"
"2017-2018";"93.06";"Psicología";"Hombres";"Exito"
"2016-2017";"92.46";"Psicología";"Hombres";"Exito"
"2015-2016";"92.64";"Psicología";"Hombres";"Exito"
"2022-2023";"79.01";"Economía";"Hombres";"Exito"
"2021-2022";"72.8";"Economía";"Hombres";"Exito"
"2020-2021";"77.58";"Economía";"Hombres";"Exito"
"2019-2020";"79.98";"Economía";"Hombres";"Exito"
"2018-2019";"70.68";"Economía";"Hombres";"Exito"
"2017-2018";"74.82";"Economía";"Hombres";"Exito"
"2016-2017";"72.87";"Economía";"Hombres";"Exito"
"2015-2016";"76.77";"Economía";"Hombres";"Exito"
"2022-2023";"88.77";"Otras Ciencias sociales y del comportamiento";"Hombres";"Exito"
"2021-2022";"88.19";"Otras Ciencias sociales y del comportamiento";"Hombres";"Exito"
"2020-2021";"90.71";"Otras Ciencias sociales y del comportamiento";"Hombres";"Exito"
"2019-2020";"92.35";"Otras Ciencias sociales y del comportamiento";"Hombres";"Exito"
"2018-2019";"93.38";"Otras Ciencias sociales y del comportamiento";"Hombres";"Exito"
"2017-2018";"91.91";"Otras Ciencias sociales y del comportamiento";"Hombres";"Exito"
"2016-2017";"90.64";"Otras Ciencias sociales y del comportamiento";"Hombres";"Exito"
"2015-2016";"88.54";"Otras Ciencias sociales y del comportamiento";"Hombres";"Exito"
"2022-2023";"85.75";"Periodismo e información";"Hombres";"Exito"
"2021-2022";"87.97";"Periodismo e información";"Hombres";"Exito"
"2020-2021";"88.77";"Periodismo e información";"Hombres";"Exito"
"2019-2020";"92.34";"Periodismo e información";"Hombres";"Exito"
"2018-2019";"89.5";"Periodismo e información";"Hombres";"Exito"
"2017-2018";"88.96";"Periodismo e información";"Hombres";"Exito"
"2016-2017";"90.13";"Periodismo e información";"Hombres";"Exito"
"2015-2016";"90.64";"Periodismo e información";"Hombres";"Exito"
"2022-2023";"80.14";"Total Negocios, administración y derecho";"Hombres";"Exito"
"2021-2022";"78.92";"Total Negocios, administración y derecho";"Hombres";"Exito"
"2020-2021";"80.93";"Total Negocios, administración y derecho";"Hombres";"Exito"
"2019-2020";"85.01";"Total Negocios, administración y derecho";"Hombres";"Exito"
"2018-2019";"79.5";"Total Negocios, administración y derecho";"Hombres";"Exito"
"2017-2018";"78.91";"Total Negocios, administración y derecho";"Hombres";"Exito"
"2016-2017";"79.24";"Total Negocios, administración y derecho";"Hombres";"Exito"
"2015-2016";"80.05";"Total Negocios, administración y derecho";"Hombres";"Exito"
"2022-2023";"73.65";"Administración y gestión de empresas";"Hombres";"Exito"
"2021-2022";"73.15";"Administración y gestión de empresas";"Hombres";"Exito"
"2020-2021";"76.94";"Administración y gestión de empresas";"Hombres";"Exito"
"2019-2020";"81.84";"Administración y gestión de empresas";"Hombres";"Exito"
"2018-2019";"74.19";"Administración y gestión de empresas";"Hombres";"Exito"
"2017-2018";"72.92";"Administración y gestión de empresas";"Hombres";"Exito"
"2016-2017";"73.94";"Administración y gestión de empresas";"Hombres";"Exito"
"2015-2016";"75.2";"Administración y gestión de empresas";"Hombres";"Exito"
"2022-2023";"79.7";"Otra Educación comercial y empresarial";"Hombres";"Exito"
"2021-2022";"77.8";"Otra Educación comercial y empresarial";"Hombres";"Exito"
"2020-2021";"76.89";"Otra Educación comercial y empresarial";"Hombres";"Exito"
"2019-2020";"80.9";"Otra Educación comercial y empresarial";"Hombres";"Exito"
"2018-2019";"77.53";"Otra Educación comercial y empresarial";"Hombres";"Exito"
"2017-2018";"76.2";"Otra Educación comercial y empresarial";"Hombres";"Exito"
"2016-2017";"76.46";"Otra Educación comercial y empresarial";"Hombres";"Exito"
"2015-2016";"77.86";"Otra Educación comercial y empresarial";"Hombres";"Exito"
"2022-2023";"85.43";"Derecho";"Hombres";"Exito"
"2021-2022";"83.89";"Derecho";"Hombres";"Exito"
"2020-2021";"86.63";"Derecho";"Hombres";"Exito"
"2019-2020";"90.12";"Derecho";"Hombres";"Exito"
"2018-2019";"84.7";"Derecho";"Hombres";"Exito"
"2017-2018";"85.16";"Derecho";"Hombres";"Exito"
"2016-2017";"85.24";"Derecho";"Hombres";"Exito"
"2015-2016";"85.45";"Derecho";"Hombres";"Exito"
"2022-2023";"86.5";"Total Ciencias";"Hombres";"Exito"
"2021-2022";"87.16";"Total Ciencias";"Hombres";"Exito"
"2020-2021";"86.21";"Total Ciencias";"Hombres";"Exito"
"2019-2020";"89.37";"Total Ciencias";"Hombres";"Exito"
"2018-2019";"87.12";"Total Ciencias";"Hombres";"Exito"
"2017-2018";"85.37";"Total Ciencias";"Hombres";"Exito"
"2016-2017";"85.14";"Total Ciencias";"Hombres";"Exito"
"2015-2016";"82.88";"Total Ciencias";"Hombres";"Exito"
"2022-2023";"88.39";"Ciencias de la vida";"Hombres";"Exito"
"2021-2022";"89.6";"Ciencias de la vida";"Hombres";"Exito"
"2020-2021";"89.48";"Ciencias de la vida";"Hombres";"Exito"
"2019-2020";"91.97";"Ciencias de la vida";"Hombres";"Exito"
"2018-2019";"91.33";"Ciencias de la vida";"Hombres";"Exito"
"2017-2018";"89.19";"Ciencias de la vida";"Hombres";"Exito"
"2016-2017";"89.72";"Ciencias de la vida";"Hombres";"Exito"
"2015-2016";"86.67";"Ciencias de la vida";"Hombres";"Exito"
"2022-2023";"85.16";"Ciencias Físicas, químicas, geológicas";"Hombres";"Exito"
"2021-2022";"85.34";"Ciencias Físicas, químicas, geológicas";"Hombres";"Exito"
"2020-2021";"84.69";"Ciencias Físicas, químicas, geológicas";"Hombres";"Exito"
"2019-2020";"88.35";"Ciencias Físicas, químicas, geológicas";"Hombres";"Exito"
"2018-2019";"85.75";"Ciencias Físicas, químicas, geológicas";"Hombres";"Exito"
"2017-2018";"83.64";"Ciencias Físicas, químicas, geológicas";"Hombres";"Exito"
"2016-2017";"82.85";"Ciencias Físicas, químicas, geológicas";"Hombres";"Exito"
"2015-2016";"80.93";"Ciencias Físicas, químicas, geológicas";"Hombres";"Exito"
"2022-2023";"86.68";"Matemáticas y Estadística";"Hombres";"Exito"
"2021-2022";"87.47";"Matemáticas y Estadística";"Hombres";"Exito"
"2020-2021";"84.87";"Matemáticas y Estadística";"Hombres";"Exito"
"2019-2020";"87.8";"Matemáticas y Estadística";"Hombres";"Exito"
"2018-2019";"83.9";"Matemáticas y Estadística";"Hombres";"Exito"
"2017-2018";"83.3";"Matemáticas y Estadística";"Hombres";"Exito"
"2016-2017";"82.38";"Matemáticas y Estadística";"Hombres";"Exito"
"2015-2016";"80.17";"Matemáticas y Estadística";"Hombres";"Exito"
"2022-2023";"84.94";"Total Informática";"Hombres";"Exito"
"2021-2022";"83.0";"Total Informática";"Hombres";"Exito"
"2020-2021";"82.8";"Total Informática";"Hombres";"Exito"
"2019-2020";"86.01";"Total Informática";"Hombres";"Exito"
"2018-2019";"83.78";"Total Informática";"Hombres";"Exito"
"2017-2018";"82.63";"Total Informática";"Hombres";"Exito"
"2016-2017";"80.77";"Total Informática";"Hombres";"Exito"
"2015-2016";"78.45";"Total Informática";"Hombres";"Exito"
"2022-2023";"84.94";"Informática";"Hombres";"Exito"
"2021-2022";"83.0";"Informática";"Hombres";"Exito"
"2020-2021";"82.8";"Informática";"Hombres";"Exito"
"2019-2020";"86.01";"Informática";"Hombres";"Exito"
"2018-2019";"83.78";"Informática";"Hombres";"Exito"
"2017-2018";"82.63";"Informática";"Hombres";"Exito"
"2016-2017";"80.77";"Informática";"Hombres";"Exito"
"2015-2016";"78.45";"Informática";"Hombres";"Exito"
"2022-2023";"80.13";"Total Ingeniería, industria y construcción";"Hombres";"Exito"
"2021-2022";"79.0";"Total Ingeniería, industria y construcción";"Hombres";"Exito"
"2020-2021";"80.95";"Total Ingeniería, industria y construcción";"Hombres";"Exito"
"2019-2020";"83.1";"Total Ingeniería, industria y construcción";"Hombres";"Exito"
"2018-2019";"80.43";"Total Ingeniería, industria y construcción";"Hombres";"Exito"
"2017-2018";"80.78";"Total Ingeniería, industria y construcción";"Hombres";"Exito"
"2016-2017";"81.59";"Total Ingeniería, industria y construcción";"Hombres";"Exito"
"2015-2016";"81.1";"Total Ingeniería, industria y construcción";"Hombres";"Exito"
"2022-2023";"78.98";"Ingenierías";"Hombres";"Exito"
"2021-2022";"77.75";"Ingenierías";"Hombres";"Exito"
"2020-2021";"80.29";"Ingenierías";"Hombres";"Exito"
"2019-2020";"82.34";"Ingenierías";"Hombres";"Exito"
"2018-2019";"79.15";"Ingenierías";"Hombres";"Exito"
"2017-2018";"79.61";"Ingenierías";"Hombres";"Exito"
"2016-2017";"80.16";"Ingenierías";"Hombres";"Exito"
"2015-2016";"79.16";"Ingenierías";"Hombres";"Exito"
"2022-2023";"84.6";"Arquitectura y construcción";"Hombres";"Exito"
"2021-2022";"83.9";"Arquitectura y construcción";"Hombres";"Exito"
"2020-2021";"83.66";"Arquitectura y construcción";"Hombres";"Exito"
"2019-2020";"86.28";"Arquitectura y construcción";"Hombres";"Exito"
"2018-2019";"85.26";"Arquitectura y construcción";"Hombres";"Exito"
"2017-2018";"84.8";"Arquitectura y construcción";"Hombres";"Exito"
"2016-2017";"85.77";"Arquitectura y construcción";"Hombres";"Exito"
"2015-2016";"86.43";"Arquitectura y construcción";"Hombres";"Exito"
"2022-2023";"75.35";"Total Agricultura, ganadería,  silvicultura, pesca, y veterinaria";"Hombres";"Exito"
"2021-2022";"72.01";"Total Agricultura, ganadería,  silvicultura, pesca, y veterinaria";"Hombres";"Exito"
"2020-2021";"68.64";"Total Agricultura, ganadería,  silvicultura, pesca, y veterinaria";"Hombres";"Exito"
"2019-2020";"78.3";"Total Agricultura, ganadería,  silvicultura, pesca, y veterinaria";"Hombres";"Exito"
"2018-2019";"71.49";"Total Agricultura, ganadería,  silvicultura, pesca, y veterinaria";"Hombres";"Exito"
"2017-2018";"70.27";"Total Agricultura, ganadería,  silvicultura, pesca, y veterinaria";"Hombres";"Exito"
"2016-2017";"71.18";"Total Agricultura, ganadería,  silvicultura, pesca, y veterinaria";"Hombres";"Exito"
"2015-2016";"71.86";"Total Agricultura, ganadería,  silvicultura, pesca, y veterinaria";"Hombres";"Exito"
"2022-2023";"75.35";"Agricultura, ganadería y pesca";"Hombres";"Exito"
"2021-2022";"72.01";"Agricultura, ganadería y pesca";"Hombres";"Exito"
"2020-2021";"68.64";"Agricultura, ganadería y pesca";"Hombres";"Exito"
"2019-2020";"78.3";"Agricultura, ganadería y pesca";"Hombres";"Exito"
"2018-2019";"71.49";"Agricultura, ganadería y pesca";"Hombres";"Exito"
"2017-2018";"70.27";"Agricultura, ganadería y pesca";"Hombres";"Exito"
"2016-2017";"71.18";"Agricultura, ganadería y pesca";"Hombres";"Exito"
"2015-2016";"71.86";"Agricultura, ganadería y pesca";"Hombres";"Exito"
"2022-2023";"..";"Veterinaria";"Hombres";"Exito"
"2021-2022";"..";"Veterinaria";"Hombres";"Exito"
"2020-2021";"..";"Veterinaria";"Hombres";"Exito"
"2019-2020";"..";"Veterinaria";"Hombres";"Exito"
"2018-2019";"..";"Veterinaria";"Hombres";"Exito"
"2017-2018";"..";"Veterinaria";"Hombres";"Exito"
"2016-2017";"..";"Veterinaria";"Hombres";"Exito"
"2015-2016";"..";"Veterinaria";"Hombres";"Exito"
"2022-2023";"92.1";"Total Salud y servicios sociales";"Hombres";"Exito"
"2021-2022";"91.21";"Total Salud y servicios sociales";"Hombres";"Exito"
"2020-2021";"92.93";"Total Salud y servicios sociales";"Hombres";"Exito"
"2019-2020";"94.26";"Total Salud y servicios sociales";"Hombres";"Exito"
"2018-2019";"92.02";"Total Salud y servicios sociales";"Hombres";"Exito"
"2017-2018";"90.14";"Total Salud y servicios sociales";"Hombres";"Exito"
"2016-2017";"89.72";"Total Salud y servicios sociales";"Hombres";"Exito"
"2015-2016";"90.72";"Total Salud y servicios sociales";"Hombres";"Exito"
"2022-2023";"94.38";"Medicina";"Hombres";"Exito"
"2021-2022";"94.53";"Medicina";"Hombres";"Exito"
"2020-2021";"92.97";"Medicina";"Hombres";"Exito"
"2019-2020";"95.89";"Medicina";"Hombres";"Exito"
"2018-2019";"95.41";"Medicina";"Hombres";"Exito"
"2017-2018";"94.17";"Medicina";"Hombres";"Exito"
"2016-2017";"94.49";"Medicina";"Hombres";"Exito"
"2015-2016";"94.93";"Medicina";"Hombres";"Exito"
"2022-2023";"92.51";"Enfermería y atención a enfermos";"Hombres";"Exito"
"2021-2022";"92.15";"Enfermería y atención a enfermos";"Hombres";"Exito"
"2020-2021";"93.21";"Enfermería y atención a enfermos";"Hombres";"Exito"
"2019-2020";"94.63";"Enfermería y atención a enfermos";"Hombres";"Exito"
"2018-2019";"92.03";"Enfermería y atención a enfermos";"Hombres";"Exito"
"2017-2018";"90.51";"Enfermería y atención a enfermos";"Hombres";"Exito"
"2016-2017";"92.43";"Enfermería y atención a enfermos";"Hombres";"Exito"
"2015-2016";"93.4";"Enfermería y atención a enfermos";"Hombres";"Exito"
"2022-2023";"90.71";"Otras ciencias de la Salud";"Hombres";"Exito"
"2021-2022";"89.04";"Otras ciencias de la Salud";"Hombres";"Exito"
"2020-2021";"92.82";"Otras ciencias de la Salud";"Hombres";"Exito"
"2019-2020";"93.18";"Otras ciencias de la Salud";"Hombres";"Exito"
"2018-2019";"89.88";"Otras ciencias de la Salud";"Hombres";"Exito"
"2017-2018";"87.64";"Otras ciencias de la Salud";"Hombres";"Exito"
"2016-2017";"85.87";"Otras ciencias de la Salud";"Hombres";"Exito"
"2015-2016";"87.03";"Otras ciencias de la Salud";"Hombres";"Exito"
"2022-2023";"..";"Trabajo social y orientación";"Hombres";"Exito"
"2021-2022";"..";"Trabajo social y orientación";"Hombres";"Exito"
"2020-2021";"..";"Trabajo social y orientación";"Hombres";"Exito"
"2019-2020";"..";"Trabajo social y orientación";"Hombres";"Exito"
"2018-2019";"..";"Trabajo social y orientación";"Hombres";"Exito"
"2017-2018";"..";"Trabajo social y orientación";"Hombres";"Exito"
"2016-2017";"..";"Trabajo social y orientación";"Hombres";"Exito"
"2015-2016";"..";"Trabajo social y orientación";"Hombres";"Exito"
"2022-2023";"89.06";"Total Servicios";"Hombres";"Exito"
"2021-2022";"87.46";"Total Servicios";"Hombres";"Exito"
"2020-2021";"87.35";"Total Servicios";"Hombres";"Exito"
"2019-2020";"88.96";"Total Servicios";"Hombres";"Exito"
"2018-2019";"84.38";"Total Servicios";"Hombres";"Exito"
"2017-2018";"83.69";"Total Servicios";"Hombres";"Exito"
"2016-2017";"86.31";"Total Servicios";"Hombres";"Exito"
"2015-2016";"86.93";"Total Servicios";"Hombres";"Exito"
"2022-2023";"93.03";"Deportes";"Hombres";"Exito"
"2021-2022";"91.6";"Deportes";"Hombres";"Exito"
"2020-2021";"91.06";"Deportes";"Hombres";"Exito"
"2019-2020";"92.65";"Deportes";"Hombres";"Exito"
"2018-2019";"88.89";"Deportes";"Hombres";"Exito"
"2017-2018";"91.53";"Deportes";"Hombres";"Exito"
"2016-2017";"96.08";"Deportes";"Hombres";"Exito"
"2015-2016";"95.11";"Deportes";"Hombres";"Exito"
"2022-2023";"76.32";"Turismo y Hostelería";"Hombres";"Exito"
"2021-2022";"76.79";"Turismo y Hostelería";"Hombres";"Exito"
"2020-2021";"79.34";"Turismo y Hostelería";"Hombres";"Exito"
"2019-2020";"82.72";"Turismo y Hostelería";"Hombres";"Exito"
"2018-2019";"78.18";"Turismo y Hostelería";"Hombres";"Exito"
"2017-2018";"75.56";"Turismo y Hostelería";"Hombres";"Exito"
"2016-2017";"78.77";"Turismo y Hostelería";"Hombres";"Exito"
"2015-2016";"81.95";"Turismo y Hostelería";"Hombres";"Exito"
"2022-2023";"..";"Otros Servicios";"Hombres";"Exito"
"2021-2022";"..";"Otros Servicios";"Hombres";"Exito"
"2020-2021";"..";"Otros Servicios";"Hombres";"Exito"
"2019-2020";"..";"Otros Servicios";"Hombres";"Exito"
"2018-2019";"..";"Otros Servicios";"Hombres";"Exito"
"2017-2018";"..";"Otros Servicios";"Hombres";"Exito"
"2016-2017";"..";"Otros Servicios";"Hombres";"Exito"
"2015-2016";"..";"Otros Servicios";"Hombres";"Exito"
"2022-2023";"???";"Sevilla";"Hombres";"Evaluacion"
"2021-2022";"???";"Sevilla";"Hombres";"Evaluacion"
"2020-2021";"???";"Sevilla";"Hombres";"Evaluacion"
"2019-2020";"???";"Sevilla";"Hombres";"Evaluacion"
"2018-2019";"???";"Sevilla";"Hombres";"Evaluacion"
"2017-2018";"???";"Sevilla";"Hombres";"Evaluacion"
"2016-2017";"???";"Sevilla";"Hombres";"Evaluacion"
"2015-2016";"???";"Sevilla";"Hombres";"Evaluacion"
"2022-2023";"77.99";"Todos los ámbitos";"Hombres";"Evaluacion"
"2021-2022";"77.15";"Todos los ámbitos";"Hombres";"Evaluacion"
"2020-2021";"79.54";"Todos los ámbitos";"Hombres";"Evaluacion"
"2019-2020";"84.39";"Todos los ámbitos";"Hombres";"Evaluacion"
"2018-2019";"78.24";"Todos los ámbitos";"Hombres";"Evaluacion"
"2017-2018";"78.5";"Todos los ámbitos";"Hombres";"Evaluacion"
"2016-2017";"79.74";"Todos los ámbitos";"Hombres";"Evaluacion"
"2015-2016";"79.96";"Todos los ámbitos";"Hombres";"Evaluacion"
"2022-2023";"91.43";"Total Educación";"Hombres";"Evaluacion"
"2021-2022";"91.38";"Total Educación";"Hombres";"Evaluacion"
"2020-2021";"92.66";"Total Educación";"Hombres";"Evaluacion"
"2019-2020";"94.67";"Total Educación";"Hombres";"Evaluacion"
"2018-2019";"88.65";"Total Educación";"Hombres";"Evaluacion"
"2017-2018";"88.32";"Total Educación";"Hombres";"Evaluacion"
"2016-2017";"89.49";"Total Educación";"Hombres";"Evaluacion"
"2015-2016";"90.11";"Total Educación";"Hombres";"Evaluacion"
"2022-2023";"93.76";"Formación de docentes de enseñanza infantil";"Hombres";"Evaluacion"
"2021-2022";"96.25";"Formación de docentes de enseñanza infantil";"Hombres";"Evaluacion"
"2020-2021";"97.4";"Formación de docentes de enseñanza infantil";"Hombres";"Evaluacion"
"2019-2020";"97.82";"Formación de docentes de enseñanza infantil";"Hombres";"Evaluacion"
"2018-2019";"98.42";"Formación de docentes de enseñanza infantil";"Hombres";"Evaluacion"
"2017-2018";"95.48";"Formación de docentes de enseñanza infantil";"Hombres";"Evaluacion"
"2016-2017";"94.16";"Formación de docentes de enseñanza infantil";"Hombres";"Evaluacion"
"2015-2016";"96.58";"Formación de docentes de enseñanza infantil";"Hombres";"Evaluacion"
"2022-2023";"91.34";"Formación de docentes de enseñanza primaria";"Hombres";"Evaluacion"
"2021-2022";"91.2";"Formación de docentes de enseñanza primaria";"Hombres";"Evaluacion"
"2020-2021";"92.47";"Formación de docentes de enseñanza primaria";"Hombres";"Evaluacion"
"2019-2020";"94.79";"Formación de docentes de enseñanza primaria";"Hombres";"Evaluacion"
"2018-2019";"88.15";"Formación de docentes de enseñanza primaria";"Hombres";"Evaluacion"
"2017-2018";"87.76";"Formación de docentes de enseñanza primaria";"Hombres";"Evaluacion"
"2016-2017";"89.19";"Formación de docentes de enseñanza primaria";"Hombres";"Evaluacion"
"2015-2016";"90.02";"Formación de docentes de enseñanza primaria";"Hombres";"Evaluacion"
"2022-2023";"90.68";"Otra Formación de personal docente y ciencias de la educación";"Hombres";"Evaluacion"
"2021-2022";"89.76";"Otra Formación de personal docente y ciencias de la educación";"Hombres";"Evaluacion"
"2020-2021";"90.96";"Otra Formación de personal docente y ciencias de la educación";"Hombres";"Evaluacion"
"2019-2020";"90.2";"Otra Formación de personal docente y ciencias de la educación";"Hombres";"Evaluacion"
"2018-2019";"86.42";"Otra Formación de personal docente y ciencias de la educación";"Hombres";"Evaluacion"
"2017-2018";"89.75";"Otra Formación de personal docente y ciencias de la educación";"Hombres";"Evaluacion"
"2016-2017";"89.24";"Otra Formación de personal docente y ciencias de la educación";"Hombres";"Evaluacion"
"2015-2016";"87.93";"Otra Formación de personal docente y ciencias de la educación";"Hombres";"Evaluacion"
"2022-2023";"81.64";"Total Artes y humanidades";"Hombres";"Evaluacion"
"2021-2022";"81.38";"Total Artes y humanidades";"Hombres";"Evaluacion"
"2020-2021";"83.68";"Total Artes y humanidades";"Hombres";"Evaluacion"
"2019-2020";"86.34";"Total Artes y humanidades";"Hombres";"Evaluacion"
"2018-2019";"81.79";"Total Artes y humanidades";"Hombres";"Evaluacion"
"2017-2018";"81.48";"Total Artes y humanidades";"Hombres";"Evaluacion"
"2016-2017";"82.13";"Total Artes y humanidades";"Hombres";"Evaluacion"
"2015-2016";"82.9";"Total Artes y humanidades";"Hombres";"Evaluacion"
"2022-2023";"91.69";"Técnicas audiovisuales y medios de comunicación";"Hombres";"Evaluacion"
"2021-2022";"92.39";"Técnicas audiovisuales y medios de comunicación";"Hombres";"Evaluacion"
"2020-2021";"93.26";"Técnicas audiovisuales y medios de comunicación";"Hombres";"Evaluacion"
"2019-2020";"92.02";"Técnicas audiovisuales y medios de comunicación";"Hombres";"Evaluacion"
"2018-2019";"90.9";"Técnicas audiovisuales y medios de comunicación";"Hombres";"Evaluacion"
"2017-2018";"89.83";"Técnicas audiovisuales y medios de comunicación";"Hombres";"Evaluacion"
"2016-2017";"89.97";"Técnicas audiovisuales y medios de comunicación";"Hombres";"Evaluacion"
"2015-2016";"92.58";"Técnicas audiovisuales y medios de comunicación";"Hombres";"Evaluacion"
"2022-2023";"81.69";"Artes";"Hombres";"Evaluacion"
"2021-2022";"82.83";"Artes";"Hombres";"Evaluacion"
"2020-2021";"84.9";"Artes";"Hombres";"Evaluacion"
"2019-2020";"87.39";"Artes";"Hombres";"Evaluacion"
"2018-2019";"83.24";"Artes";"Hombres";"Evaluacion"
"2017-2018";"82.57";"Artes";"Hombres";"Evaluacion"
"2016-2017";"83.68";"Artes";"Hombres";"Evaluacion"
"2015-2016";"86.41";"Artes";"Hombres";"Evaluacion"
"2022-2023";"78.48";"Lenguas";"Hombres";"Evaluacion"
"2021-2022";"74.45";"Lenguas";"Hombres";"Evaluacion"
"2020-2021";"80.14";"Lenguas";"Hombres";"Evaluacion"
"2019-2020";"83.65";"Lenguas";"Hombres";"Evaluacion"
"2018-2019";"75.42";"Lenguas";"Hombres";"Evaluacion"
"2017-2018";"77.63";"Lenguas";"Hombres";"Evaluacion"
"2016-2017";"78.27";"Lenguas";"Hombres";"Evaluacion"
"2015-2016";"76.49";"Lenguas";"Hombres";"Evaluacion"
"2022-2023";"78.95";"Humanidades";"Hombres";"Evaluacion"
"2021-2022";"79.08";"Humanidades";"Hombres";"Evaluacion"
"2020-2021";"80.51";"Humanidades";"Hombres";"Evaluacion"
"2019-2020";"84.41";"Humanidades";"Hombres";"Evaluacion"
"2018-2019";"80.18";"Humanidades";"Hombres";"Evaluacion"
"2017-2018";"79.54";"Humanidades";"Hombres";"Evaluacion"
"2016-2017";"80.08";"Humanidades";"Hombres";"Evaluacion"
"2015-2016";"80.4";"Humanidades";"Hombres";"Evaluacion"
"2022-2023";"82.17";"Total Ciencias sociales, periodismo y documentación";"Hombres";"Evaluacion"
"2021-2022";"81.84";"Total Ciencias sociales, periodismo y documentación";"Hombres";"Evaluacion"
"2020-2021";"84.9";"Total Ciencias sociales, periodismo y documentación";"Hombres";"Evaluacion"
"2019-2020";"87.14";"Total Ciencias sociales, periodismo y documentación";"Hombres";"Evaluacion"
"2018-2019";"83.79";"Total Ciencias sociales, periodismo y documentación";"Hombres";"Evaluacion"
"2017-2018";"83.4";"Total Ciencias sociales, periodismo y documentación";"Hombres";"Evaluacion"
"2016-2017";"84.75";"Total Ciencias sociales, periodismo y documentación";"Hombres";"Evaluacion"
"2015-2016";"86.35";"Total Ciencias sociales, periodismo y documentación";"Hombres";"Evaluacion"
"2022-2023";"87.5";"Psicología";"Hombres";"Evaluacion"
"2021-2022";"90.72";"Psicología";"Hombres";"Evaluacion"
"2020-2021";"91.69";"Psicología";"Hombres";"Evaluacion"
"2019-2020";"91.43";"Psicología";"Hombres";"Evaluacion"
"2018-2019";"92.52";"Psicología";"Hombres";"Evaluacion"
"2017-2018";"87.91";"Psicología";"Hombres";"Evaluacion"
"2016-2017";"90.7";"Psicología";"Hombres";"Evaluacion"
"2015-2016";"91.11";"Psicología";"Hombres";"Evaluacion"
"2022-2023";"74.29";"Economía";"Hombres";"Evaluacion"
"2021-2022";"70.34";"Economía";"Hombres";"Evaluacion"
"2020-2021";"76.0";"Economía";"Hombres";"Evaluacion"
"2019-2020";"80.05";"Economía";"Hombres";"Evaluacion"
"2018-2019";"73.34";"Economía";"Hombres";"Evaluacion"
"2017-2018";"77.1";"Economía";"Hombres";"Evaluacion"
"2016-2017";"75.43";"Economía";"Hombres";"Evaluacion"
"2015-2016";"78.92";"Economía";"Hombres";"Evaluacion"
"2022-2023";"80.91";"Otras Ciencias sociales y del comportamiento";"Hombres";"Evaluacion"
"2021-2022";"80.18";"Otras Ciencias sociales y del comportamiento";"Hombres";"Evaluacion"
"2020-2021";"82.97";"Otras Ciencias sociales y del comportamiento";"Hombres";"Evaluacion"
"2019-2020";"84.46";"Otras Ciencias sociales y del comportamiento";"Hombres";"Evaluacion"
"2018-2019";"84.5";"Otras Ciencias sociales y del comportamiento";"Hombres";"Evaluacion"
"2017-2018";"83.37";"Otras Ciencias sociales y del comportamiento";"Hombres";"Evaluacion"
"2016-2017";"84.63";"Otras Ciencias sociales y del comportamiento";"Hombres";"Evaluacion"
"2015-2016";"84.58";"Otras Ciencias sociales y del comportamiento";"Hombres";"Evaluacion"
"2022-2023";"85.72";"Periodismo e información";"Hombres";"Evaluacion"
"2021-2022";"86.65";"Periodismo e información";"Hombres";"Evaluacion"
"2020-2021";"88.58";"Periodismo e información";"Hombres";"Evaluacion"
"2019-2020";"90.85";"Periodismo e información";"Hombres";"Evaluacion"
"2018-2019";"86.21";"Periodismo e información";"Hombres";"Evaluacion"
"2017-2018";"85.18";"Periodismo e información";"Hombres";"Evaluacion"
"2016-2017";"88.02";"Periodismo e información";"Hombres";"Evaluacion"
"2015-2016";"89.17";"Periodismo e información";"Hombres";"Evaluacion"
"2022-2023";"76.52";"Total Negocios, administración y derecho";"Hombres";"Evaluacion"
"2021-2022";"75.7";"Total Negocios, administración y derecho";"Hombres";"Evaluacion"
"2020-2021";"79.32";"Total Negocios, administración y derecho";"Hombres";"Evaluacion"
"2019-2020";"84.98";"Total Negocios, administración y derecho";"Hombres";"Evaluacion"
"2018-2019";"76.97";"Total Negocios, administración y derecho";"Hombres";"Evaluacion"
"2017-2018";"77.54";"Total Negocios, administración y derecho";"Hombres";"Evaluacion"
"2016-2017";"79.04";"Total Negocios, administración y derecho";"Hombres";"Evaluacion"
"2015-2016";"79.23";"Total Negocios, administración y derecho";"Hombres";"Evaluacion"
"2022-2023";"73.99";"Administración y gestión de empresas";"Hombres";"Evaluacion"
"2021-2022";"72.15";"Administración y gestión de empresas";"Hombres";"Evaluacion"
"2020-2021";"76.18";"Administración y gestión de empresas";"Hombres";"Evaluacion"
"2019-2020";"83.36";"Administración y gestión de empresas";"Hombres";"Evaluacion"
"2018-2019";"74.42";"Administración y gestión de empresas";"Hombres";"Evaluacion"
"2017-2018";"74.65";"Administración y gestión de empresas";"Hombres";"Evaluacion"
"2016-2017";"76.8";"Administración y gestión de empresas";"Hombres";"Evaluacion"
"2015-2016";"78.5";"Administración y gestión de empresas";"Hombres";"Evaluacion"
"2022-2023";"72.44";"Otra Educación comercial y empresarial";"Hombres";"Evaluacion"
"2021-2022";"71.71";"Otra Educación comercial y empresarial";"Hombres";"Evaluacion"
"2020-2021";"76.62";"Otra Educación comercial y empresarial";"Hombres";"Evaluacion"
"2019-2020";"80.63";"Otra Educación comercial y empresarial";"Hombres";"Evaluacion"
"2018-2019";"73.81";"Otra Educación comercial y empresarial";"Hombres";"Evaluacion"
"2017-2018";"74.86";"Otra Educación comercial y empresarial";"Hombres";"Evaluacion"
"2016-2017";"76.03";"Otra Educación comercial y empresarial";"Hombres";"Evaluacion"
"2015-2016";"76.71";"Otra Educación comercial y empresarial";"Hombres";"Evaluacion"
"2022-2023";"81.6";"Derecho";"Hombres";"Evaluacion"
"2021-2022";"81.61";"Derecho";"Hombres";"Evaluacion"
"2020-2021";"83.91";"Derecho";"Hombres";"Evaluacion"
"2019-2020";"89.44";"Derecho";"Hombres";"Evaluacion"
"2018-2019";"81.31";"Derecho";"Hombres";"Evaluacion"
"2017-2018";"81.87";"Derecho";"Hombres";"Evaluacion"
"2016-2017";"83.21";"Derecho";"Hombres";"Evaluacion"
"2015-2016";"81.78";"Derecho";"Hombres";"Evaluacion"
"2022-2023";"79.41";"Total Ciencias";"Hombres";"Evaluacion"
"2021-2022";"79.62";"Total Ciencias";"Hombres";"Evaluacion"
"2020-2021";"79.1";"Total Ciencias";"Hombres";"Evaluacion"
"2019-2020";"85.01";"Total Ciencias";"Hombres";"Evaluacion"
"2018-2019";"80.37";"Total Ciencias";"Hombres";"Evaluacion"
"2017-2018";"81.86";"Total Ciencias";"Hombres";"Evaluacion"
"2016-2017";"81.26";"Total Ciencias";"Hombres";"Evaluacion"
"2015-2016";"80.51";"Total Ciencias";"Hombres";"Evaluacion"
"2022-2023";"86.39";"Ciencias de la vida";"Hombres";"Evaluacion"
"2021-2022";"86.56";"Ciencias de la vida";"Hombres";"Evaluacion"
"2020-2021";"87.32";"Ciencias de la vida";"Hombres";"Evaluacion"
"2019-2020";"91.49";"Ciencias de la vida";"Hombres";"Evaluacion"
"2018-2019";"87.9";"Ciencias de la vida";"Hombres";"Evaluacion"
"2017-2018";"88.61";"Ciencias de la vida";"Hombres";"Evaluacion"
"2016-2017";"89.03";"Ciencias de la vida";"Hombres";"Evaluacion"
"2015-2016";"87.14";"Ciencias de la vida";"Hombres";"Evaluacion"
"2022-2023";"77.09";"Ciencias Físicas, químicas, geológicas";"Hombres";"Evaluacion"
"2021-2022";"76.8";"Ciencias Físicas, químicas, geológicas";"Hombres";"Evaluacion"
"2020-2021";"76.35";"Ciencias Físicas, químicas, geológicas";"Hombres";"Evaluacion"
"2019-2020";"83.05";"Ciencias Físicas, químicas, geológicas";"Hombres";"Evaluacion"
"2018-2019";"78.2";"Ciencias Físicas, químicas, geológicas";"Hombres";"Evaluacion"
"2017-2018";"78.95";"Ciencias Físicas, químicas, geológicas";"Hombres";"Evaluacion"
"2016-2017";"78.09";"Ciencias Físicas, químicas, geológicas";"Hombres";"Evaluacion"
"2015-2016";"78.13";"Ciencias Físicas, químicas, geológicas";"Hombres";"Evaluacion"
"2022-2023";"76.73";"Matemáticas y Estadística";"Hombres";"Evaluacion"
"2021-2022";"77.48";"Matemáticas y Estadística";"Hombres";"Evaluacion"
"2020-2021";"75.17";"Matemáticas y Estadística";"Hombres";"Evaluacion"
"2019-2020";"80.95";"Matemáticas y Estadística";"Hombres";"Evaluacion"
"2018-2019";"75.41";"Matemáticas y Estadística";"Hombres";"Evaluacion"
"2017-2018";"79.06";"Matemáticas y Estadística";"Hombres";"Evaluacion"
"2016-2017";"76.55";"Matemáticas y Estadística";"Hombres";"Evaluacion"
"2015-2016";"74.46";"Matemáticas y Estadística";"Hombres";"Evaluacion"
"2022-2023";"76.17";"Total Informática";"Hombres";"Evaluacion"
"2021-2022";"73.94";"Total Informática";"Hombres";"Evaluacion"
"2020-2021";"73.99";"Total Informática";"Hombres";"Evaluacion"
"2019-2020";"80.43";"Total Informática";"Hombres";"Evaluacion"
"2018-2019";"74.99";"Total Informática";"Hombres";"Evaluacion"
"2017-2018";"75.48";"Total Informática";"Hombres";"Evaluacion"
"2016-2017";"75.78";"Total Informática";"Hombres";"Evaluacion"
"2015-2016";"71.22";"Total Informática";"Hombres";"Evaluacion"
"2022-2023";"76.17";"Informática";"Hombres";"Evaluacion"
"2021-2022";"73.94";"Informática";"Hombres";"Evaluacion"
"2020-2021";"73.99";"Informática";"Hombres";"Evaluacion"
"2019-2020";"80.43";"Informática";"Hombres";"Evaluacion"
"2018-2019";"74.99";"Informática";"Hombres";"Evaluacion"
"2017-2018";"75.48";"Informática";"Hombres";"Evaluacion"
"2016-2017";"75.78";"Informática";"Hombres";"Evaluacion"
"2015-2016";"71.22";"Informática";"Hombres";"Evaluacion"
"2022-2023";"69.88";"Total Ingeniería, industria y construcción";"Hombres";"Evaluacion"
"2021-2022";"68.2";"Total Ingeniería, industria y construcción";"Hombres";"Evaluacion"
"2020-2021";"71.31";"Total Ingeniería, industria y construcción";"Hombres";"Evaluacion"
"2019-2020";"78.46";"Total Ingeniería, industria y construcción";"Hombres";"Evaluacion"
"2018-2019";"71.46";"Total Ingeniería, industria y construcción";"Hombres";"Evaluacion"
"2017-2018";"71.88";"Total Ingeniería, industria y construcción";"Hombres";"Evaluacion"
"2016-2017";"74.23";"Total Ingeniería, industria y construcción";"Hombres";"Evaluacion"
"2015-2016";"74.74";"Total Ingeniería, industria y construcción";"Hombres";"Evaluacion"
"2022-2023";"69.51";"Ingenierías";"Hombres";"Evaluacion"
"2021-2022";"67.66";"Ingenierías";"Hombres";"Evaluacion"
"2020-2021";"71.25";"Ingenierías";"Hombres";"Evaluacion"
"2019-2020";"79.02";"Ingenierías";"Hombres";"Evaluacion"
"2018-2019";"71.09";"Ingenierías";"Hombres";"Evaluacion"
"2017-2018";"71.34";"Ingenierías";"Hombres";"Evaluacion"
"2016-2017";"73.36";"Ingenierías";"Hombres";"Evaluacion"
"2015-2016";"73.38";"Ingenierías";"Hombres";"Evaluacion"
"2022-2023";"71.35";"Arquitectura y construcción";"Hombres";"Evaluacion"
"2021-2022";"70.4";"Arquitectura y construcción";"Hombres";"Evaluacion"
"2020-2021";"71.54";"Arquitectura y construcción";"Hombres";"Evaluacion"
"2019-2020";"76.2";"Arquitectura y construcción";"Hombres";"Evaluacion"
"2018-2019";"72.9";"Arquitectura y construcción";"Hombres";"Evaluacion"
"2017-2018";"73.8";"Arquitectura y construcción";"Hombres";"Evaluacion"
"2016-2017";"76.89";"Arquitectura y construcción";"Hombres";"Evaluacion"
"2015-2016";"78.76";"Arquitectura y construcción";"Hombres";"Evaluacion"
"2022-2023";"62.52";"Total Agricultura, ganadería,  silvicultura, pesca, y veterinaria";"Hombres";"Evaluacion"
"2021-2022";"61.36";"Total Agricultura, ganadería,  silvicultura, pesca, y veterinaria";"Hombres";"Evaluacion"
"2020-2021";"65.43";"Total Agricultura, ganadería,  silvicultura, pesca, y veterinaria";"Hombres";"Evaluacion"
"2019-2020";"74.45";"Total Agricultura, ganadería,  silvicultura, pesca, y veterinaria";"Hombres";"Evaluacion"
"2018-2019";"64.41";"Total Agricultura, ganadería,  silvicultura, pesca, y veterinaria";"Hombres";"Evaluacion"
"2017-2018";"64.75";"Total Agricultura, ganadería,  silvicultura, pesca, y veterinaria";"Hombres";"Evaluacion"
"2016-2017";"65.56";"Total Agricultura, ganadería,  silvicultura, pesca, y veterinaria";"Hombres";"Evaluacion"
"2015-2016";"68.12";"Total Agricultura, ganadería,  silvicultura, pesca, y veterinaria";"Hombres";"Evaluacion"
"2022-2023";"62.52";"Agricultura, ganadería y pesca";"Hombres";"Evaluacion"
"2021-2022";"61.36";"Agricultura, ganadería y pesca";"Hombres";"Evaluacion"
"2020-2021";"65.43";"Agricultura, ganadería y pesca";"Hombres";"Evaluacion"
"2019-2020";"74.45";"Agricultura, ganadería y pesca";"Hombres";"Evaluacion"
"2018-2019";"64.41";"Agricultura, ganadería y pesca";"Hombres";"Evaluacion"
"2017-2018";"64.75";"Agricultura, ganadería y pesca";"Hombres";"Evaluacion"
"2016-2017";"65.56";"Agricultura, ganadería y pesca";"Hombres";"Evaluacion"
"2015-2016";"68.12";"Agricultura, ganadería y pesca";"Hombres";"Evaluacion"
"2022-2023";"..";"Veterinaria";"Hombres";"Evaluacion"
"2021-2022";"..";"Veterinaria";"Hombres";"Evaluacion"
"2020-2021";"..";"Veterinaria";"Hombres";"Evaluacion"
"2019-2020";"..";"Veterinaria";"Hombres";"Evaluacion"
"2018-2019";"..";"Veterinaria";"Hombres";"Evaluacion"
"2017-2018";"..";"Veterinaria";"Hombres";"Evaluacion"
"2016-2017";"..";"Veterinaria";"Hombres";"Evaluacion"
"2015-2016";"..";"Veterinaria";"Hombres";"Evaluacion"
"2022-2023";"89.37";"Total Salud y servicios sociales";"Hombres";"Evaluacion"
"2021-2022";"89.53";"Total Salud y servicios sociales";"Hombres";"Evaluacion"
"2020-2021";"92.24";"Total Salud y servicios sociales";"Hombres";"Evaluacion"
"2019-2020";"92.8";"Total Salud y servicios sociales";"Hombres";"Evaluacion"
"2018-2019";"88.74";"Total Salud y servicios sociales";"Hombres";"Evaluacion"
"2017-2018";"88.09";"Total Salud y servicios sociales";"Hombres";"Evaluacion"
"2016-2017";"88.83";"Total Salud y servicios sociales";"Hombres";"Evaluacion"
"2015-2016";"89.17";"Total Salud y servicios sociales";"Hombres";"Evaluacion"
"2022-2023";"91.42";"Medicina";"Hombres";"Evaluacion"
"2021-2022";"90.57";"Medicina";"Hombres";"Evaluacion"
"2020-2021";"90.1";"Medicina";"Hombres";"Evaluacion"
"2019-2020";"93.24";"Medicina";"Hombres";"Evaluacion"
"2018-2019";"90.7";"Medicina";"Hombres";"Evaluacion"
"2017-2018";"90.07";"Medicina";"Hombres";"Evaluacion"
"2016-2017";"91.44";"Medicina";"Hombres";"Evaluacion"
"2015-2016";"92.93";"Medicina";"Hombres";"Evaluacion"
"2022-2023";"92.49";"Enfermería y atención a enfermos";"Hombres";"Evaluacion"
"2021-2022";"92.41";"Enfermería y atención a enfermos";"Hombres";"Evaluacion"
"2020-2021";"94.26";"Enfermería y atención a enfermos";"Hombres";"Evaluacion"
"2019-2020";"95.87";"Enfermería y atención a enfermos";"Hombres";"Evaluacion"
"2018-2019";"91.8";"Enfermería y atención a enfermos";"Hombres";"Evaluacion"
"2017-2018";"93.65";"Enfermería y atención a enfermos";"Hombres";"Evaluacion"
"2016-2017";"92.76";"Enfermería y atención a enfermos";"Hombres";"Evaluacion"
"2015-2016";"94.65";"Enfermería y atención a enfermos";"Hombres";"Evaluacion"
"2022-2023";"87.31";"Otras ciencias de la Salud";"Hombres";"Evaluacion"
"2021-2022";"88.08";"Otras ciencias de la Salud";"Hombres";"Evaluacion"
"2020-2021";"92.85";"Otras ciencias de la Salud";"Hombres";"Evaluacion"
"2019-2020";"91.59";"Otras ciencias de la Salud";"Hombres";"Evaluacion"
"2018-2019";"86.59";"Otras ciencias de la Salud";"Hombres";"Evaluacion"
"2017-2018";"85.51";"Otras ciencias de la Salud";"Hombres";"Evaluacion"
"2016-2017";"86.2";"Otras ciencias de la Salud";"Hombres";"Evaluacion"
"2015-2016";"85.34";"Otras ciencias de la Salud";"Hombres";"Evaluacion"
"2022-2023";"..";"Trabajo social y orientación";"Hombres";"Evaluacion"
"2021-2022";"..";"Trabajo social y orientación";"Hombres";"Evaluacion"
"2020-2021";"..";"Trabajo social y orientación";"Hombres";"Evaluacion"
"2019-2020";"..";"Trabajo social y orientación";"Hombres";"Evaluacion"
"2018-2019";"..";"Trabajo social y orientación";"Hombres";"Evaluacion"
"2017-2018";"..";"Trabajo social y orientación";"Hombres";"Evaluacion"
"2016-2017";"..";"Trabajo social y orientación";"Hombres";"Evaluacion"
"2015-2016";"..";"Trabajo social y orientación";"Hombres";"Evaluacion"
"2022-2023";"88.04";"Total Servicios";"Hombres";"Evaluacion"
"2021-2022";"87.72";"Total Servicios";"Hombres";"Evaluacion"
"2020-2021";"89.27";"Total Servicios";"Hombres";"Evaluacion"
"2019-2020";"89.79";"Total Servicios";"Hombres";"Evaluacion"
"2018-2019";"85.61";"Total Servicios";"Hombres";"Evaluacion"
"2017-2018";"84.75";"Total Servicios";"Hombres";"Evaluacion"
"2016-2017";"86.05";"Total Servicios";"Hombres";"Evaluacion"
"2015-2016";"86.86";"Total Servicios";"Hombres";"Evaluacion"
"2022-2023";"94.1";"Deportes";"Hombres";"Evaluacion"
"2021-2022";"94.0";"Deportes";"Hombres";"Evaluacion"
"2020-2021";"93.65";"Deportes";"Hombres";"Evaluacion"
"2019-2020";"96.01";"Deportes";"Hombres";"Evaluacion"
"2018-2019";"91.95";"Deportes";"Hombres";"Evaluacion"
"2017-2018";"93.49";"Deportes";"Hombres";"Evaluacion"
"2016-2017";"95.07";"Deportes";"Hombres";"Evaluacion"
"2015-2016";"95.45";"Deportes";"Hombres";"Evaluacion"
"2022-2023";"72.96";"Turismo y Hostelería";"Hombres";"Evaluacion"
"2021-2022";"74.82";"Turismo y Hostelería";"Hombres";"Evaluacion"
"2020-2021";"81.09";"Turismo y Hostelería";"Hombres";"Evaluacion"
"2019-2020";"80.91";"Turismo y Hostelería";"Hombres";"Evaluacion"
"2018-2019";"78.19";"Turismo y Hostelería";"Hombres";"Evaluacion"
"2017-2018";"77.26";"Turismo y Hostelería";"Hombres";"Evaluacion"
"2016-2017";"80.18";"Turismo y Hostelería";"Hombres";"Evaluacion"
"2015-2016";"82.33";"Turismo y Hostelería";"Hombres";"Evaluacion"
"2022-2023";"..";"Otros Servicios";"Hombres";"Evaluacion"
"2021-2022";"..";"Otros Servicios";"Hombres";"Evaluacion"
"2020-2021";"..";"Otros Servicios";"Hombres";"Evaluacion"
"2019-2020";"..";"Otros Servicios";"Hombres";"Evaluacion"
"2018-2019";"..";"Otros Servicios";"Hombres";"Evaluacion"
"2017-2018";"..";"Otros Servicios";"Hombres";"Evaluacion"
"2016-2017";"..";"Otros Servicios";"Hombres";"Evaluacion"
"2015-2016";"..";"Otros Servicios";"Hombres";"Evaluacion"
"2022-2023";"???";"Sevilla";"Mujeres";"Rendimiento"
"2021-2022";"???";"Sevilla";"Mujeres";"Rendimiento"
"2020-2021";"???";"Sevilla";"Mujeres";"Rendimiento"
"2019-2020";"???";"Sevilla";"Mujeres";"Rendimiento"
"2018-2019";"???";"Sevilla";"Mujeres";"Rendimiento"
"2017-2018";"???";"Sevilla";"Mujeres";"Rendimiento"
"2016-2017";"???";"Sevilla";"Mujeres";"Rendimiento"
"2015-2016";"???";"Sevilla";"Mujeres";"Rendimiento"
"2022-2023";"76.89";"Todos los ámbitos";"Mujeres";"Rendimiento"
"2021-2022";"75.85";"Todos los ámbitos";"Mujeres";"Rendimiento"
"2020-2021";"79.38";"Todos los ámbitos";"Mujeres";"Rendimiento"
"2019-2020";"84.05";"Todos los ámbitos";"Mujeres";"Rendimiento"
"2018-2019";"76.6";"Todos los ámbitos";"Mujeres";"Rendimiento"
"2017-2018";"76.93";"Todos los ámbitos";"Mujeres";"Rendimiento"
"2016-2017";"77.54";"Todos los ámbitos";"Mujeres";"Rendimiento"
"2015-2016";"78.26";"Todos los ámbitos";"Mujeres";"Rendimiento"
"2022-2023";"92.11";"Total Educación";"Mujeres";"Rendimiento"
"2021-2022";"91.9";"Total Educación";"Mujeres";"Rendimiento"
"2020-2021";"93.81";"Total Educación";"Mujeres";"Rendimiento"
"2019-2020";"95.16";"Total Educación";"Mujeres";"Rendimiento"
"2018-2019";"90.14";"Total Educación";"Mujeres";"Rendimiento"
"2017-2018";"90.84";"Total Educación";"Mujeres";"Rendimiento"
"2016-2017";"91.12";"Total Educación";"Mujeres";"Rendimiento"
"2015-2016";"91.78";"Total Educación";"Mujeres";"Rendimiento"
"2022-2023";"96.08";"Formación de docentes de enseñanza infantil";"Mujeres";"Rendimiento"
"2021-2022";"96.47";"Formación de docentes de enseñanza infantil";"Mujeres";"Rendimiento"
"2020-2021";"97.18";"Formación de docentes de enseñanza infantil";"Mujeres";"Rendimiento"
"2019-2020";"97.63";"Formación de docentes de enseñanza infantil";"Mujeres";"Rendimiento"
"2018-2019";"95.07";"Formación de docentes de enseñanza infantil";"Mujeres";"Rendimiento"
"2017-2018";"94.89";"Formación de docentes de enseñanza infantil";"Mujeres";"Rendimiento"
"2016-2017";"95.79";"Formación de docentes de enseñanza infantil";"Mujeres";"Rendimiento"
"2015-2016";"95.88";"Formación de docentes de enseñanza infantil";"Mujeres";"Rendimiento"
"2022-2023";"90.52";"Formación de docentes de enseñanza primaria";"Mujeres";"Rendimiento"
"2021-2022";"89.78";"Formación de docentes de enseñanza primaria";"Mujeres";"Rendimiento"
"2020-2021";"92.04";"Formación de docentes de enseñanza primaria";"Mujeres";"Rendimiento"
"2019-2020";"94.16";"Formación de docentes de enseñanza primaria";"Mujeres";"Rendimiento"
"2018-2019";"87.2";"Formación de docentes de enseñanza primaria";"Mujeres";"Rendimiento"
"2017-2018";"88.43";"Formación de docentes de enseñanza primaria";"Mujeres";"Rendimiento"
"2016-2017";"88.32";"Formación de docentes de enseñanza primaria";"Mujeres";"Rendimiento"
"2015-2016";"89.17";"Formación de docentes de enseñanza primaria";"Mujeres";"Rendimiento"
"2022-2023";"90.49";"Otra Formación de personal docente y ciencias de la educación";"Mujeres";"Rendimiento"
"2021-2022";"90.82";"Otra Formación de personal docente y ciencias de la educación";"Mujeres";"Rendimiento"
"2020-2021";"93.69";"Otra Formación de personal docente y ciencias de la educación";"Mujeres";"Rendimiento"
"2019-2020";"94.01";"Otra Formación de personal docente y ciencias de la educación";"Mujeres";"Rendimiento"
"2018-2019";"91.51";"Otra Formación de personal docente y ciencias de la educación";"Mujeres";"Rendimiento"
"2017-2018";"92.07";"Otra Formación de personal docente y ciencias de la educación";"Mujeres";"Rendimiento"
"2016-2017";"91.84";"Otra Formación de personal docente y ciencias de la educación";"Mujeres";"Rendimiento"
"2015-2016";"92.96";"Otra Formación de personal docente y ciencias de la educación";"Mujeres";"Rendimiento"
"2022-2023";"71.8";"Total Artes y humanidades";"Mujeres";"Rendimiento"
"2021-2022";"70.85";"Total Artes y humanidades";"Mujeres";"Rendimiento"
"2020-2021";"74.5";"Total Artes y humanidades";"Mujeres";"Rendimiento"
"2019-2020";"81.14";"Total Artes y humanidades";"Mujeres";"Rendimiento"
"2018-2019";"71.97";"Total Artes y humanidades";"Mujeres";"Rendimiento"
"2017-2018";"73.25";"Total Artes y humanidades";"Mujeres";"Rendimiento"
"2016-2017";"74.41";"Total Artes y humanidades";"Mujeres";"Rendimiento"
"2015-2016";"74.61";"Total Artes y humanidades";"Mujeres";"Rendimiento"
"2022-2023";"91.44";"Técnicas audiovisuales y medios de comunicación";"Mujeres";"Rendimiento"
"2021-2022";"92.5";"Técnicas audiovisuales y medios de comunicación";"Mujeres";"Rendimiento"
"2020-2021";"93.46";"Técnicas audiovisuales y medios de comunicación";"Mujeres";"Rendimiento"
"2019-2020";"93.66";"Técnicas audiovisuales y medios de comunicación";"Mujeres";"Rendimiento"
"2018-2019";"87.82";"Técnicas audiovisuales y medios de comunicación";"Mujeres";"Rendimiento"
"2017-2018";"87.79";"Técnicas audiovisuales y medios de comunicación";"Mujeres";"Rendimiento"
"2016-2017";"89.76";"Técnicas audiovisuales y medios de comunicación";"Mujeres";"Rendimiento"
"2015-2016";"91.01";"Técnicas audiovisuales y medios de comunicación";"Mujeres";"Rendimiento"
"2022-2023";"74.05";"Artes";"Mujeres";"Rendimiento"
"2021-2022";"74.61";"Artes";"Mujeres";"Rendimiento"
"2020-2021";"77.68";"Artes";"Mujeres";"Rendimiento"
"2019-2020";"81.83";"Artes";"Mujeres";"Rendimiento"
"2018-2019";"76.77";"Artes";"Mujeres";"Rendimiento"
"2017-2018";"76.98";"Artes";"Mujeres";"Rendimiento"
"2016-2017";"78.5";"Artes";"Mujeres";"Rendimiento"
"2015-2016";"78.16";"Artes";"Mujeres";"Rendimiento"
"2022-2023";"66.64";"Lenguas";"Mujeres";"Rendimiento"
"2021-2022";"63.63";"Lenguas";"Mujeres";"Rendimiento"
"2020-2021";"68.48";"Lenguas";"Mujeres";"Rendimiento"
"2019-2020";"78.29";"Lenguas";"Mujeres";"Rendimiento"
"2018-2019";"64.6";"Lenguas";"Mujeres";"Rendimiento"
"2017-2018";"68.05";"Lenguas";"Mujeres";"Rendimiento"
"2016-2017";"68.09";"Lenguas";"Mujeres";"Rendimiento"
"2015-2016";"69.03";"Lenguas";"Mujeres";"Rendimiento"
"2022-2023";"66.78";"Humanidades";"Mujeres";"Rendimiento"
"2021-2022";"66.91";"Humanidades";"Mujeres";"Rendimiento"
"2020-2021";"69.87";"Humanidades";"Mujeres";"Rendimiento"
"2019-2020";"77.36";"Humanidades";"Mujeres";"Rendimiento"
"2018-2019";"69.23";"Humanidades";"Mujeres";"Rendimiento"
"2017-2018";"69.41";"Humanidades";"Mujeres";"Rendimiento"
"2016-2017";"73.64";"Humanidades";"Mujeres";"Rendimiento"
"2015-2016";"71.88";"Humanidades";"Mujeres";"Rendimiento"
"2022-2023";"81.4";"Total Ciencias sociales, periodismo y documentación";"Mujeres";"Rendimiento"
"2021-2022";"80.87";"Total Ciencias sociales, periodismo y documentación";"Mujeres";"Rendimiento"
"2020-2021";"84.26";"Total Ciencias sociales, periodismo y documentación";"Mujeres";"Rendimiento"
"2019-2020";"87.25";"Total Ciencias sociales, periodismo y documentación";"Mujeres";"Rendimiento"
"2018-2019";"81.46";"Total Ciencias sociales, periodismo y documentación";"Mujeres";"Rendimiento"
"2017-2018";"80.92";"Total Ciencias sociales, periodismo y documentación";"Mujeres";"Rendimiento"
"2016-2017";"82.68";"Total Ciencias sociales, periodismo y documentación";"Mujeres";"Rendimiento"
"2015-2016";"83.98";"Total Ciencias sociales, periodismo y documentación";"Mujeres";"Rendimiento"
"2022-2023";"87.03";"Psicología";"Mujeres";"Rendimiento"
"2021-2022";"86.36";"Psicología";"Mujeres";"Rendimiento"
"2020-2021";"89.81";"Psicología";"Mujeres";"Rendimiento"
"2019-2020";"90.79";"Psicología";"Mujeres";"Rendimiento"
"2018-2019";"86.14";"Psicología";"Mujeres";"Rendimiento"
"2017-2018";"87.05";"Psicología";"Mujeres";"Rendimiento"
"2016-2017";"87.8";"Psicología";"Mujeres";"Rendimiento"
"2015-2016";"88.86";"Psicología";"Mujeres";"Rendimiento"
"2022-2023";"64.06";"Economía";"Mujeres";"Rendimiento"
"2021-2022";"58.5";"Economía";"Mujeres";"Rendimiento"
"2020-2021";"65.93";"Economía";"Mujeres";"Rendimiento"
"2019-2020";"72.46";"Economía";"Mujeres";"Rendimiento"
"2018-2019";"56.23";"Economía";"Mujeres";"Rendimiento"
"2017-2018";"56.56";"Economía";"Mujeres";"Rendimiento"
"2016-2017";"59.41";"Economía";"Mujeres";"Rendimiento"
"2015-2016";"64.64";"Economía";"Mujeres";"Rendimiento"
"2022-2023";"82.37";"Otras Ciencias sociales y del comportamiento";"Mujeres";"Rendimiento"
"2021-2022";"82.02";"Otras Ciencias sociales y del comportamiento";"Mujeres";"Rendimiento"
"2020-2021";"83.16";"Otras Ciencias sociales y del comportamiento";"Mujeres";"Rendimiento"
"2019-2020";"86.29";"Otras Ciencias sociales y del comportamiento";"Mujeres";"Rendimiento"
"2018-2019";"84.43";"Otras Ciencias sociales y del comportamiento";"Mujeres";"Rendimiento"
"2017-2018";"80.75";"Otras Ciencias sociales y del comportamiento";"Mujeres";"Rendimiento"
"2016-2017";"82.76";"Otras Ciencias sociales y del comportamiento";"Mujeres";"Rendimiento"
"2015-2016";"84.25";"Otras Ciencias sociales y del comportamiento";"Mujeres";"Rendimiento"
"2022-2023";"81.89";"Periodismo e información";"Mujeres";"Rendimiento"
"2021-2022";"83.74";"Periodismo e información";"Mujeres";"Rendimiento"
"2020-2021";"86.14";"Periodismo e información";"Mujeres";"Rendimiento"
"2019-2020";"89.62";"Periodismo e información";"Mujeres";"Rendimiento"
"2018-2019";"83.78";"Periodismo e información";"Mujeres";"Rendimiento"
"2017-2018";"83.12";"Periodismo e información";"Mujeres";"Rendimiento"
"2016-2017";"85.33";"Periodismo e información";"Mujeres";"Rendimiento"
"2015-2016";"85.86";"Periodismo e información";"Mujeres";"Rendimiento"
"2022-2023";"70.62";"Total Negocios, administración y derecho";"Mujeres";"Rendimiento"
"2021-2022";"69.05";"Total Negocios, administración y derecho";"Mujeres";"Rendimiento"
"2020-2021";"73.42";"Total Negocios, administración y derecho";"Mujeres";"Rendimiento"
"2019-2020";"79.92";"Total Negocios, administración y derecho";"Mujeres";"Rendimiento"
"2018-2019";"69.57";"Total Negocios, administración y derecho";"Mujeres";"Rendimiento"
"2017-2018";"69.73";"Total Negocios, administración y derecho";"Mujeres";"Rendimiento"
"2016-2017";"69.96";"Total Negocios, administración y derecho";"Mujeres";"Rendimiento"
"2015-2016";"71.59";"Total Negocios, administración y derecho";"Mujeres";"Rendimiento"
"2022-2023";"58.93";"Administración y gestión de empresas";"Mujeres";"Rendimiento"
"2021-2022";"58.57";"Administración y gestión de empresas";"Mujeres";"Rendimiento"
"2020-2021";"66.09";"Administración y gestión de empresas";"Mujeres";"Rendimiento"
"2019-2020";"73.66";"Administración y gestión de empresas";"Mujeres";"Rendimiento"
"2018-2019";"60.86";"Administración y gestión de empresas";"Mujeres";"Rendimiento"
"2017-2018";"61.11";"Administración y gestión de empresas";"Mujeres";"Rendimiento"
"2016-2017";"63.43";"Administración y gestión de empresas";"Mujeres";"Rendimiento"
"2015-2016";"66.2";"Administración y gestión de empresas";"Mujeres";"Rendimiento"
"2022-2023";"75.01";"Otra Educación comercial y empresarial";"Mujeres";"Rendimiento"
"2021-2022";"72.51";"Otra Educación comercial y empresarial";"Mujeres";"Rendimiento"
"2020-2021";"74.36";"Otra Educación comercial y empresarial";"Mujeres";"Rendimiento"
"2019-2020";"78.81";"Otra Educación comercial y empresarial";"Mujeres";"Rendimiento"
"2018-2019";"71.96";"Otra Educación comercial y empresarial";"Mujeres";"Rendimiento"
"2017-2018";"71.01";"Otra Educación comercial y empresarial";"Mujeres";"Rendimiento"
"2016-2017";"70.54";"Otra Educación comercial y empresarial";"Mujeres";"Rendimiento"
"2015-2016";"73.06";"Otra Educación comercial y empresarial";"Mujeres";"Rendimiento"
"2022-2023";"74.75";"Derecho";"Mujeres";"Rendimiento"
"2021-2022";"72.99";"Derecho";"Mujeres";"Rendimiento"
"2020-2021";"77.18";"Derecho";"Mujeres";"Rendimiento"
"2019-2020";"84.33";"Derecho";"Mujeres";"Rendimiento"
"2018-2019";"73.12";"Derecho";"Mujeres";"Rendimiento"
"2017-2018";"74.07";"Derecho";"Mujeres";"Rendimiento"
"2016-2017";"73.68";"Derecho";"Mujeres";"Rendimiento"
"2015-2016";"74.33";"Derecho";"Mujeres";"Rendimiento"
"2022-2023";"72.53";"Total Ciencias";"Mujeres";"Rendimiento"
"2021-2022";"72.0";"Total Ciencias";"Mujeres";"Rendimiento"
"2020-2021";"71.2";"Total Ciencias";"Mujeres";"Rendimiento"
"2019-2020";"79.41";"Total Ciencias";"Mujeres";"Rendimiento"
"2018-2019";"71.63";"Total Ciencias";"Mujeres";"Rendimiento"
"2017-2018";"72.9";"Total Ciencias";"Mujeres";"Rendimiento"
"2016-2017";"72.91";"Total Ciencias";"Mujeres";"Rendimiento"
"2015-2016";"70.43";"Total Ciencias";"Mujeres";"Rendimiento"
"2022-2023";"81.14";"Ciencias de la vida";"Mujeres";"Rendimiento"
"2021-2022";"78.61";"Ciencias de la vida";"Mujeres";"Rendimiento"
"2020-2021";"80.56";"Ciencias de la vida";"Mujeres";"Rendimiento"
"2019-2020";"84.12";"Ciencias de la vida";"Mujeres";"Rendimiento"
"2018-2019";"78.81";"Ciencias de la vida";"Mujeres";"Rendimiento"
"2017-2018";"81.28";"Ciencias de la vida";"Mujeres";"Rendimiento"
"2016-2017";"81.63";"Ciencias de la vida";"Mujeres";"Rendimiento"
"2015-2016";"77.68";"Ciencias de la vida";"Mujeres";"Rendimiento"
"2022-2023";"62.93";"Ciencias Físicas, químicas, geológicas";"Mujeres";"Rendimiento"
"2021-2022";"62.98";"Ciencias Físicas, químicas, geológicas";"Mujeres";"Rendimiento"
"2020-2021";"60.37";"Ciencias Físicas, químicas, geológicas";"Mujeres";"Rendimiento"
"2019-2020";"74.06";"Ciencias Físicas, químicas, geológicas";"Mujeres";"Rendimiento"
"2018-2019";"64.73";"Ciencias Físicas, químicas, geológicas";"Mujeres";"Rendimiento"
"2017-2018";"64.13";"Ciencias Físicas, químicas, geológicas";"Mujeres";"Rendimiento"
"2016-2017";"64.05";"Ciencias Físicas, químicas, geológicas";"Mujeres";"Rendimiento"
"2015-2016";"63.17";"Ciencias Físicas, químicas, geológicas";"Mujeres";"Rendimiento"
"2022-2023";"68.29";"Matemáticas y Estadística";"Mujeres";"Rendimiento"
"2021-2022";"70.84";"Matemáticas y Estadística";"Mujeres";"Rendimiento"
"2020-2021";"67.04";"Matemáticas y Estadística";"Mujeres";"Rendimiento"
"2019-2020";"76.85";"Matemáticas y Estadística";"Mujeres";"Rendimiento"
"2018-2019";"67.0";"Matemáticas y Estadística";"Mujeres";"Rendimiento"
"2017-2018";"67.88";"Matemáticas y Estadística";"Mujeres";"Rendimiento"
"2016-2017";"66.57";"Matemáticas y Estadística";"Mujeres";"Rendimiento"
"2015-2016";"63.93";"Matemáticas y Estadística";"Mujeres";"Rendimiento"
"2022-2023";"68.36";"Total Informática";"Mujeres";"Rendimiento"
"2021-2022";"64.29";"Total Informática";"Mujeres";"Rendimiento"
"2020-2021";"64.68";"Total Informática";"Mujeres";"Rendimiento"
"2019-2020";"72.92";"Total Informática";"Mujeres";"Rendimiento"
"2018-2019";"67.11";"Total Informática";"Mujeres";"Rendimiento"
"2017-2018";"64.36";"Total Informática";"Mujeres";"Rendimiento"
"2016-2017";"57.97";"Total Informática";"Mujeres";"Rendimiento"
"2015-2016";"60.36";"Total Informática";"Mujeres";"Rendimiento"
"2022-2023";"68.36";"Informática";"Mujeres";"Rendimiento"
"2021-2022";"64.29";"Informática";"Mujeres";"Rendimiento"
"2020-2021";"64.68";"Informática";"Mujeres";"Rendimiento"
"2019-2020";"72.92";"Informática";"Mujeres";"Rendimiento"
"2018-2019";"67.11";"Informática";"Mujeres";"Rendimiento"
"2017-2018";"64.36";"Informática";"Mujeres";"Rendimiento"
"2016-2017";"57.97";"Informática";"Mujeres";"Rendimiento"
"2015-2016";"60.36";"Informática";"Mujeres";"Rendimiento"
"2022-2023";"63.01";"Total Ingeniería, industria y construcción";"Mujeres";"Rendimiento"
"2021-2022";"60.32";"Total Ingeniería, industria y construcción";"Mujeres";"Rendimiento"
"2020-2021";"64.94";"Total Ingeniería, industria y construcción";"Mujeres";"Rendimiento"
"2019-2020";"73.16";"Total Ingeniería, industria y construcción";"Mujeres";"Rendimiento"
"2018-2019";"65.53";"Total Ingeniería, industria y construcción";"Mujeres";"Rendimiento"
"2017-2018";"66.27";"Total Ingeniería, industria y construcción";"Mujeres";"Rendimiento"
"2016-2017";"68.03";"Total Ingeniería, industria y construcción";"Mujeres";"Rendimiento"
"2015-2016";"68.9";"Total Ingeniería, industria y construcción";"Mujeres";"Rendimiento"
"2022-2023";"58.46";"Ingenierías";"Mujeres";"Rendimiento"
"2021-2022";"56.41";"Ingenierías";"Mujeres";"Rendimiento"
"2020-2021";"62.25";"Ingenierías";"Mujeres";"Rendimiento"
"2019-2020";"70.78";"Ingenierías";"Mujeres";"Rendimiento"
"2018-2019";"61.16";"Ingenierías";"Mujeres";"Rendimiento"
"2017-2018";"61.15";"Ingenierías";"Mujeres";"Rendimiento"
"2016-2017";"63.62";"Ingenierías";"Mujeres";"Rendimiento"
"2015-2016";"64.64";"Ingenierías";"Mujeres";"Rendimiento"
"2022-2023";"70.21";"Arquitectura y construcción";"Mujeres";"Rendimiento"
"2021-2022";"66.92";"Arquitectura y construcción";"Mujeres";"Rendimiento"
"2020-2021";"69.72";"Arquitectura y construcción";"Mujeres";"Rendimiento"
"2019-2020";"77.14";"Arquitectura y construcción";"Mujeres";"Rendimiento"
"2018-2019";"72.93";"Arquitectura y construcción";"Mujeres";"Rendimiento"
"2017-2018";"74.08";"Arquitectura y construcción";"Mujeres";"Rendimiento"
"2016-2017";"74.58";"Arquitectura y construcción";"Mujeres";"Rendimiento"
"2015-2016";"74.91";"Arquitectura y construcción";"Mujeres";"Rendimiento"
"2022-2023";"50.0";"Total Agricultura, ganadería,  silvicultura, pesca, y veterinaria";"Mujeres";"Rendimiento"
"2021-2022";"50.32";"Total Agricultura, ganadería,  silvicultura, pesca, y veterinaria";"Mujeres";"Rendimiento"
"2020-2021";"48.52";"Total Agricultura, ganadería,  silvicultura, pesca, y veterinaria";"Mujeres";"Rendimiento"
"2019-2020";"59.8";"Total Agricultura, ganadería,  silvicultura, pesca, y veterinaria";"Mujeres";"Rendimiento"
"2018-2019";"49.04";"Total Agricultura, ganadería,  silvicultura, pesca, y veterinaria";"Mujeres";"Rendimiento"
"2017-2018";"51.89";"Total Agricultura, ganadería,  silvicultura, pesca, y veterinaria";"Mujeres";"Rendimiento"
"2016-2017";"51.96";"Total Agricultura, ganadería,  silvicultura, pesca, y veterinaria";"Mujeres";"Rendimiento"
"2015-2016";"52.53";"Total Agricultura, ganadería,  silvicultura, pesca, y veterinaria";"Mujeres";"Rendimiento"
"2022-2023";"50.0";"Agricultura, ganadería y pesca";"Mujeres";"Rendimiento"
"2021-2022";"50.32";"Agricultura, ganadería y pesca";"Mujeres";"Rendimiento"
"2020-2021";"48.52";"Agricultura, ganadería y pesca";"Mujeres";"Rendimiento"
"2019-2020";"59.8";"Agricultura, ganadería y pesca";"Mujeres";"Rendimiento"
"2018-2019";"49.04";"Agricultura, ganadería y pesca";"Mujeres";"Rendimiento"
"2017-2018";"51.89";"Agricultura, ganadería y pesca";"Mujeres";"Rendimiento"
"2016-2017";"51.96";"Agricultura, ganadería y pesca";"Mujeres";"Rendimiento"
"2015-2016";"52.53";"Agricultura, ganadería y pesca";"Mujeres";"Rendimiento"
"2022-2023";"..";"Veterinaria";"Mujeres";"Rendimiento"
"2021-2022";"..";"Veterinaria";"Mujeres";"Rendimiento"
"2020-2021";"..";"Veterinaria";"Mujeres";"Rendimiento"
"2019-2020";"..";"Veterinaria";"Mujeres";"Rendimiento"
"2018-2019";"..";"Veterinaria";"Mujeres";"Rendimiento"
"2017-2018";"..";"Veterinaria";"Mujeres";"Rendimiento"
"2016-2017";"..";"Veterinaria";"Mujeres";"Rendimiento"
"2015-2016";"..";"Veterinaria";"Mujeres";"Rendimiento"
"2022-2023";"84.71";"Total Salud y servicios sociales";"Mujeres";"Rendimiento"
"2021-2022";"84.81";"Total Salud y servicios sociales";"Mujeres";"Rendimiento"
"2020-2021";"89.58";"Total Salud y servicios sociales";"Mujeres";"Rendimiento"
"2019-2020";"90.13";"Total Salud y servicios sociales";"Mujeres";"Rendimiento"
"2018-2019";"85.09";"Total Salud y servicios sociales";"Mujeres";"Rendimiento"
"2017-2018";"84.52";"Total Salud y servicios sociales";"Mujeres";"Rendimiento"
"2016-2017";"84.67";"Total Salud y servicios sociales";"Mujeres";"Rendimiento"
"2015-2016";"85.07";"Total Salud y servicios sociales";"Mujeres";"Rendimiento"
"2022-2023";"88.07";"Medicina";"Mujeres";"Rendimiento"
"2021-2022";"87.72";"Medicina";"Mujeres";"Rendimiento"
"2020-2021";"88.62";"Medicina";"Mujeres";"Rendimiento"
"2019-2020";"91.45";"Medicina";"Mujeres";"Rendimiento"
"2018-2019";"89.28";"Medicina";"Mujeres";"Rendimiento"
"2017-2018";"89.88";"Medicina";"Mujeres";"Rendimiento"
"2016-2017";"90.34";"Medicina";"Mujeres";"Rendimiento"
"2015-2016";"90.55";"Medicina";"Mujeres";"Rendimiento"
"2022-2023";"91.0";"Enfermería y atención a enfermos";"Mujeres";"Rendimiento"
"2021-2022";"91.44";"Enfermería y atención a enfermos";"Mujeres";"Rendimiento"
"2020-2021";"92.38";"Enfermería y atención a enfermos";"Mujeres";"Rendimiento"
"2019-2020";"92.94";"Enfermería y atención a enfermos";"Mujeres";"Rendimiento"
"2018-2019";"89.04";"Enfermería y atención a enfermos";"Mujeres";"Rendimiento"
"2017-2018";"89.8";"Enfermería y atención a enfermos";"Mujeres";"Rendimiento"
"2016-2017";"89.72";"Enfermería y atención a enfermos";"Mujeres";"Rendimiento"
"2015-2016";"91.1";"Enfermería y atención a enfermos";"Mujeres";"Rendimiento"
"2022-2023";"78.26";"Otras ciencias de la Salud";"Mujeres";"Rendimiento"
"2021-2022";"78.75";"Otras ciencias de la Salud";"Mujeres";"Rendimiento"
"2020-2021";"88.28";"Otras ciencias de la Salud";"Mujeres";"Rendimiento"
"2019-2020";"87.65";"Otras ciencias de la Salud";"Mujeres";"Rendimiento"
"2018-2019";"80.34";"Otras ciencias de la Salud";"Mujeres";"Rendimiento"
"2017-2018";"78.78";"Otras ciencias de la Salud";"Mujeres";"Rendimiento"
"2016-2017";"78.79";"Otras ciencias de la Salud";"Mujeres";"Rendimiento"
"2015-2016";"78.83";"Otras ciencias de la Salud";"Mujeres";"Rendimiento"
"2022-2023";"..";"Trabajo social y orientación";"Mujeres";"Rendimiento"
"2021-2022";"..";"Trabajo social y orientación";"Mujeres";"Rendimiento"
"2020-2021";"..";"Trabajo social y orientación";"Mujeres";"Rendimiento"
"2019-2020";"..";"Trabajo social y orientación";"Mujeres";"Rendimiento"
"2018-2019";"..";"Trabajo social y orientación";"Mujeres";"Rendimiento"
"2017-2018";"..";"Trabajo social y orientación";"Mujeres";"Rendimiento"
"2016-2017";"..";"Trabajo social y orientación";"Mujeres";"Rendimiento"
"2015-2016";"..";"Trabajo social y orientación";"Mujeres";"Rendimiento"
"2022-2023";"70.84";"Total Servicios";"Mujeres";"Rendimiento"
"2021-2022";"67.73";"Total Servicios";"Mujeres";"Rendimiento"
"2020-2021";"74.58";"Total Servicios";"Mujeres";"Rendimiento"
"2019-2020";"78.7";"Total Servicios";"Mujeres";"Rendimiento"
"2018-2019";"70.73";"Total Servicios";"Mujeres";"Rendimiento"
"2017-2018";"71.95";"Total Servicios";"Mujeres";"Rendimiento"
"2016-2017";"73.58";"Total Servicios";"Mujeres";"Rendimiento"
"2015-2016";"75.22";"Total Servicios";"Mujeres";"Rendimiento"
"2022-2023";"90.76";"Deportes";"Mujeres";"Rendimiento"
"2021-2022";"88.41";"Deportes";"Mujeres";"Rendimiento"
"2020-2021";"90.71";"Deportes";"Mujeres";"Rendimiento"
"2019-2020";"91.84";"Deportes";"Mujeres";"Rendimiento"
"2018-2019";"86.47";"Deportes";"Mujeres";"Rendimiento"
"2017-2018";"93.64";"Deportes";"Mujeres";"Rendimiento"
"2016-2017";"93.15";"Deportes";"Mujeres";"Rendimiento"
"2015-2016";"91.92";"Deportes";"Mujeres";"Rendimiento"
"2022-2023";"63.84";"Turismo y Hostelería";"Mujeres";"Rendimiento"
"2021-2022";"62.31";"Turismo y Hostelería";"Mujeres";"Rendimiento"
"2020-2021";"71.07";"Turismo y Hostelería";"Mujeres";"Rendimiento"
"2019-2020";"76.22";"Turismo y Hostelería";"Mujeres";"Rendimiento"
"2018-2019";"68.09";"Turismo y Hostelería";"Mujeres";"Rendimiento"
"2017-2018";"69.15";"Turismo y Hostelería";"Mujeres";"Rendimiento"
"2016-2017";"71.35";"Turismo y Hostelería";"Mujeres";"Rendimiento"
"2015-2016";"73.75";"Turismo y Hostelería";"Mujeres";"Rendimiento"
"2022-2023";"..";"Otros Servicios";"Mujeres";"Rendimiento"
"2021-2022";"..";"Otros Servicios";"Mujeres";"Rendimiento"
"2020-2021";"..";"Otros Servicios";"Mujeres";"Rendimiento"
"2019-2020";"..";"Otros Servicios";"Mujeres";"Rendimiento"
"2018-2019";"..";"Otros Servicios";"Mujeres";"Rendimiento"
"2017-2018";"..";"Otros Servicios";"Mujeres";"Rendimiento"
"2016-2017";"..";"Otros Servicios";"Mujeres";"Rendimiento"
"2015-2016";"..";"Otros Servicios";"Mujeres";"Rendimiento"
"2022-2023";"???";"Sevilla";"Mujeres";"Exito"
"2021-2022";"???";"Sevilla";"Mujeres";"Exito"
"2020-2021";"???";"Sevilla";"Mujeres";"Exito"
"2019-2020";"???";"Sevilla";"Mujeres";"Exito"
"2018-2019";"???";"Sevilla";"Mujeres";"Exito"
"2017-2018";"???";"Sevilla";"Mujeres";"Exito"
"2016-2017";"???";"Sevilla";"Mujeres";"Exito"
"2015-2016";"???";"Sevilla";"Mujeres";"Exito"
"2022-2023";"88.25";"Todos los ámbitos";"Mujeres";"Exito"
"2021-2022";"87.63";"Todos los ámbitos";"Mujeres";"Exito"
"2020-2021";"89.15";"Todos los ámbitos";"Mujeres";"Exito"
"2019-2020";"91.78";"Todos los ámbitos";"Mujeres";"Exito"
"2018-2019";"87.89";"Todos los ámbitos";"Mujeres";"Exito"
"2017-2018";"87.96";"Todos los ámbitos";"Mujeres";"Exito"
"2016-2017";"88.02";"Todos los ámbitos";"Mujeres";"Exito"
"2015-2016";"88.23";"Todos los ámbitos";"Mujeres";"Exito"
"2022-2023";"95.37";"Total Educación";"Mujeres";"Exito"
"2021-2022";"95.37";"Total Educación";"Mujeres";"Exito"
"2020-2021";"96.61";"Total Educación";"Mujeres";"Exito"
"2019-2020";"97.68";"Total Educación";"Mujeres";"Exito"
"2018-2019";"94.66";"Total Educación";"Mujeres";"Exito"
"2017-2018";"94.96";"Total Educación";"Mujeres";"Exito"
"2016-2017";"95.24";"Total Educación";"Mujeres";"Exito"
"2015-2016";"95.58";"Total Educación";"Mujeres";"Exito"
"2022-2023";"97.55";"Formación de docentes de enseñanza infantil";"Mujeres";"Exito"
"2021-2022";"98.03";"Formación de docentes de enseñanza infantil";"Mujeres";"Exito"
"2020-2021";"98.58";"Formación de docentes de enseñanza infantil";"Mujeres";"Exito"
"2019-2020";"98.8";"Formación de docentes de enseñanza infantil";"Mujeres";"Exito"
"2018-2019";"97.2";"Formación de docentes de enseñanza infantil";"Mujeres";"Exito"
"2017-2018";"97.14";"Formación de docentes de enseñanza infantil";"Mujeres";"Exito"
"2016-2017";"97.84";"Formación de docentes de enseñanza infantil";"Mujeres";"Exito"
"2015-2016";"97.85";"Formación de docentes de enseñanza infantil";"Mujeres";"Exito"
"2022-2023";"94.43";"Formación de docentes de enseñanza primaria";"Mujeres";"Exito"
"2021-2022";"93.89";"Formación de docentes de enseñanza primaria";"Mujeres";"Exito"
"2020-2021";"95.41";"Formación de docentes de enseñanza primaria";"Mujeres";"Exito"
"2019-2020";"96.99";"Formación de docentes de enseñanza primaria";"Mujeres";"Exito"
"2018-2019";"92.84";"Formación de docentes de enseñanza primaria";"Mujeres";"Exito"
"2017-2018";"93.25";"Formación de docentes de enseñanza primaria";"Mujeres";"Exito"
"2016-2017";"93.28";"Formación de docentes de enseñanza primaria";"Mujeres";"Exito"
"2015-2016";"93.77";"Formación de docentes de enseñanza primaria";"Mujeres";"Exito"
"2022-2023";"94.64";"Otra Formación de personal docente y ciencias de la educación";"Mujeres";"Exito"
"2021-2022";"95.66";"Otra Formación de personal docente y ciencias de la educación";"Mujeres";"Exito"
"2020-2021";"97.1";"Otra Formación de personal docente y ciencias de la educación";"Mujeres";"Exito"
"2019-2020";"98.0";"Otra Formación de personal docente y ciencias de la educación";"Mujeres";"Exito"
"2018-2019";"96.38";"Otra Formación de personal docente y ciencias de la educación";"Mujeres";"Exito"
"2017-2018";"97.07";"Otra Formación de personal docente y ciencias de la educación";"Mujeres";"Exito"
"2016-2017";"96.84";"Otra Formación de personal docente y ciencias de la educación";"Mujeres";"Exito"
"2015-2016";"97.23";"Otra Formación de personal docente y ciencias de la educación";"Mujeres";"Exito"
"2022-2023";"85.71";"Total Artes y humanidades";"Mujeres";"Exito"
"2021-2022";"85.62";"Total Artes y humanidades";"Mujeres";"Exito"
"2020-2021";"86.76";"Total Artes y humanidades";"Mujeres";"Exito"
"2019-2020";"90.98";"Total Artes y humanidades";"Mujeres";"Exito"
"2018-2019";"85.13";"Total Artes y humanidades";"Mujeres";"Exito"
"2017-2018";"86.0";"Total Artes y humanidades";"Mujeres";"Exito"
"2016-2017";"86.53";"Total Artes y humanidades";"Mujeres";"Exito"
"2015-2016";"86.25";"Total Artes y humanidades";"Mujeres";"Exito"
"2022-2023";"96.19";"Técnicas audiovisuales y medios de comunicación";"Mujeres";"Exito"
"2021-2022";"96.55";"Técnicas audiovisuales y medios de comunicación";"Mujeres";"Exito"
"2020-2021";"96.91";"Técnicas audiovisuales y medios de comunicación";"Mujeres";"Exito"
"2019-2020";"97.68";"Técnicas audiovisuales y medios de comunicación";"Mujeres";"Exito"
"2018-2019";"94.34";"Técnicas audiovisuales y medios de comunicación";"Mujeres";"Exito"
"2017-2018";"93.68";"Técnicas audiovisuales y medios de comunicación";"Mujeres";"Exito"
"2016-2017";"95.55";"Técnicas audiovisuales y medios de comunicación";"Mujeres";"Exito"
"2015-2016";"94.87";"Técnicas audiovisuales y medios de comunicación";"Mujeres";"Exito"
"2022-2023";"88.01";"Artes";"Mujeres";"Exito"
"2021-2022";"88.56";"Artes";"Mujeres";"Exito"
"2020-2021";"89.68";"Artes";"Mujeres";"Exito"
"2019-2020";"92.03";"Artes";"Mujeres";"Exito"
"2018-2019";"88.98";"Artes";"Mujeres";"Exito"
"2017-2018";"88.71";"Artes";"Mujeres";"Exito"
"2016-2017";"89.16";"Artes";"Mujeres";"Exito"
"2015-2016";"89.26";"Artes";"Mujeres";"Exito"
"2022-2023";"81.08";"Lenguas";"Mujeres";"Exito"
"2021-2022";"79.92";"Lenguas";"Mujeres";"Exito"
"2020-2021";"81.67";"Lenguas";"Mujeres";"Exito"
"2019-2020";"88.27";"Lenguas";"Mujeres";"Exito"
"2018-2019";"79.04";"Lenguas";"Mujeres";"Exito"
"2017-2018";"82.32";"Lenguas";"Mujeres";"Exito"
"2016-2017";"81.9";"Lenguas";"Mujeres";"Exito"
"2015-2016";"81.82";"Lenguas";"Mujeres";"Exito"
"2022-2023";"84.28";"Humanidades";"Mujeres";"Exito"
"2021-2022";"85.15";"Humanidades";"Mujeres";"Exito"
"2020-2021";"85.75";"Humanidades";"Mujeres";"Exito"
"2019-2020";"90.6";"Humanidades";"Mujeres";"Exito"
"2018-2019";"85.14";"Humanidades";"Mujeres";"Exito"
"2017-2018";"84.21";"Humanidades";"Mujeres";"Exito"
"2016-2017";"87.45";"Humanidades";"Mujeres";"Exito"
"2015-2016";"86.3";"Humanidades";"Mujeres";"Exito"
"2022-2023";"90.32";"Total Ciencias sociales, periodismo y documentación";"Mujeres";"Exito"
"2021-2022";"89.95";"Total Ciencias sociales, periodismo y documentación";"Mujeres";"Exito"
"2020-2021";"91.71";"Total Ciencias sociales, periodismo y documentación";"Mujeres";"Exito"
"2019-2020";"94.1";"Total Ciencias sociales, periodismo y documentación";"Mujeres";"Exito"
"2018-2019";"90.39";"Total Ciencias sociales, periodismo y documentación";"Mujeres";"Exito"
"2017-2018";"90.2";"Total Ciencias sociales, periodismo y documentación";"Mujeres";"Exito"
"2016-2017";"91.01";"Total Ciencias sociales, periodismo y documentación";"Mujeres";"Exito"
"2015-2016";"91.04";"Total Ciencias sociales, periodismo y documentación";"Mujeres";"Exito"
"2022-2023";"92.52";"Psicología";"Mujeres";"Exito"
"2021-2022";"91.19";"Psicología";"Mujeres";"Exito"
"2020-2021";"93.71";"Psicología";"Mujeres";"Exito"
"2019-2020";"95.23";"Psicología";"Mujeres";"Exito"
"2018-2019";"91.88";"Psicología";"Mujeres";"Exito"
"2017-2018";"93.36";"Psicología";"Mujeres";"Exito"
"2016-2017";"93.6";"Psicología";"Mujeres";"Exito"
"2015-2016";"93.96";"Psicología";"Mujeres";"Exito"
"2022-2023";"80.0";"Economía";"Mujeres";"Exito"
"2021-2022";"76.08";"Economía";"Mujeres";"Exito"
"2020-2021";"79.54";"Economía";"Mujeres";"Exito"
"2019-2020";"83.39";"Economía";"Mujeres";"Exito"
"2018-2019";"71.69";"Economía";"Mujeres";"Exito"
"2017-2018";"71.62";"Economía";"Mujeres";"Exito"
"2016-2017";"74.66";"Economía";"Mujeres";"Exito"
"2015-2016";"77.58";"Economía";"Mujeres";"Exito"
"2022-2023";"92.65";"Otras Ciencias sociales y del comportamiento";"Mujeres";"Exito"
"2021-2022";"93.93";"Otras Ciencias sociales y del comportamiento";"Mujeres";"Exito"
"2020-2021";"94.4";"Otras Ciencias sociales y del comportamiento";"Mujeres";"Exito"
"2019-2020";"96.06";"Otras Ciencias sociales y del comportamiento";"Mujeres";"Exito"
"2018-2019";"95.32";"Otras Ciencias sociales y del comportamiento";"Mujeres";"Exito"
"2017-2018";"92.97";"Otras Ciencias sociales y del comportamiento";"Mujeres";"Exito"
"2016-2017";"93.26";"Otras Ciencias sociales y del comportamiento";"Mujeres";"Exito"
"2015-2016";"92.51";"Otras Ciencias sociales y del comportamiento";"Mujeres";"Exito"
"2022-2023";"90.24";"Periodismo e información";"Mujeres";"Exito"
"2021-2022";"91.02";"Periodismo e información";"Mujeres";"Exito"
"2020-2021";"91.98";"Periodismo e información";"Mujeres";"Exito"
"2019-2020";"95.36";"Periodismo e información";"Mujeres";"Exito"
"2018-2019";"91.64";"Periodismo e información";"Mujeres";"Exito"
"2017-2018";"91.41";"Periodismo e información";"Mujeres";"Exito"
"2016-2017";"92.32";"Periodismo e información";"Mujeres";"Exito"
"2015-2016";"91.86";"Periodismo e información";"Mujeres";"Exito"
"2022-2023";"83.59";"Total Negocios, administración y derecho";"Mujeres";"Exito"
"2021-2022";"82.42";"Total Negocios, administración y derecho";"Mujeres";"Exito"
"2020-2021";"84.44";"Total Negocios, administración y derecho";"Mujeres";"Exito"
"2019-2020";"88.21";"Total Negocios, administración y derecho";"Mujeres";"Exito"
"2018-2019";"83.05";"Total Negocios, administración y derecho";"Mujeres";"Exito"
"2017-2018";"82.72";"Total Negocios, administración y derecho";"Mujeres";"Exito"
"2016-2017";"82.69";"Total Negocios, administración y derecho";"Mujeres";"Exito"
"2015-2016";"83.66";"Total Negocios, administración y derecho";"Mujeres";"Exito"
"2022-2023";"74.49";"Administración y gestión de empresas";"Mujeres";"Exito"
"2021-2022";"74.59";"Administración y gestión de empresas";"Mujeres";"Exito"
"2020-2021";"79.4";"Administración y gestión de empresas";"Mujeres";"Exito"
"2019-2020";"83.8";"Administración y gestión de empresas";"Mujeres";"Exito"
"2018-2019";"76.07";"Administración y gestión de empresas";"Mujeres";"Exito"
"2017-2018";"75.95";"Administración y gestión de empresas";"Mujeres";"Exito"
"2016-2017";"77.42";"Administración y gestión de empresas";"Mujeres";"Exito"
"2015-2016";"79.38";"Administración y gestión de empresas";"Mujeres";"Exito"
"2022-2023";"87.34";"Otra Educación comercial y empresarial";"Mujeres";"Exito"
"2021-2022";"85.66";"Otra Educación comercial y empresarial";"Mujeres";"Exito"
"2020-2021";"84.93";"Otra Educación comercial y empresarial";"Mujeres";"Exito"
"2019-2020";"87.99";"Otra Educación comercial y empresarial";"Mujeres";"Exito"
"2018-2019";"84.16";"Otra Educación comercial y empresarial";"Mujeres";"Exito"
"2017-2018";"82.93";"Otra Educación comercial y empresarial";"Mujeres";"Exito"
"2016-2017";"83.03";"Otra Educación comercial y empresarial";"Mujeres";"Exito"
"2015-2016";"84.31";"Otra Educación comercial y empresarial";"Mujeres";"Exito"
"2022-2023";"86.11";"Derecho";"Mujeres";"Exito"
"2021-2022";"84.52";"Derecho";"Mujeres";"Exito"
"2020-2021";"86.95";"Derecho";"Mujeres";"Exito"
"2019-2020";"90.78";"Derecho";"Mujeres";"Exito"
"2018-2019";"86.2";"Derecho";"Mujeres";"Exito"
"2017-2018";"86.45";"Derecho";"Mujeres";"Exito"
"2016-2017";"85.61";"Derecho";"Mujeres";"Exito"
"2015-2016";"86.09";"Derecho";"Mujeres";"Exito"
"2022-2023";"86.86";"Total Ciencias";"Mujeres";"Exito"
"2021-2022";"86.3";"Total Ciencias";"Mujeres";"Exito"
"2020-2021";"85.34";"Total Ciencias";"Mujeres";"Exito"
"2019-2020";"89.45";"Total Ciencias";"Mujeres";"Exito"
"2018-2019";"85.72";"Total Ciencias";"Mujeres";"Exito"
"2017-2018";"85.91";"Total Ciencias";"Mujeres";"Exito"
"2016-2017";"85.28";"Total Ciencias";"Mujeres";"Exito"
"2015-2016";"83.19";"Total Ciencias";"Mujeres";"Exito"
"2022-2023";"91.51";"Ciencias de la vida";"Mujeres";"Exito"
"2021-2022";"89.07";"Ciencias de la vida";"Mujeres";"Exito"
"2020-2021";"88.67";"Ciencias de la vida";"Mujeres";"Exito"
"2019-2020";"91.83";"Ciencias de la vida";"Mujeres";"Exito"
"2018-2019";"89.22";"Ciencias de la vida";"Mujeres";"Exito"
"2017-2018";"90.71";"Ciencias de la vida";"Mujeres";"Exito"
"2016-2017";"90.47";"Ciencias de la vida";"Mujeres";"Exito"
"2015-2016";"87.19";"Ciencias de la vida";"Mujeres";"Exito"
"2022-2023";"80.34";"Ciencias Físicas, químicas, geológicas";"Mujeres";"Exito"
"2021-2022";"81.18";"Ciencias Físicas, químicas, geológicas";"Mujeres";"Exito"
"2020-2021";"79.1";"Ciencias Físicas, químicas, geológicas";"Mujeres";"Exito"
"2019-2020";"86.72";"Ciencias Físicas, químicas, geológicas";"Mujeres";"Exito"
"2018-2019";"82.71";"Ciencias Físicas, químicas, geológicas";"Mujeres";"Exito"
"2017-2018";"80.91";"Ciencias Físicas, químicas, geológicas";"Mujeres";"Exito"
"2016-2017";"79.34";"Ciencias Físicas, químicas, geológicas";"Mujeres";"Exito"
"2015-2016";"78.71";"Ciencias Físicas, químicas, geológicas";"Mujeres";"Exito"
"2022-2023";"85.12";"Matemáticas y Estadística";"Mujeres";"Exito"
"2021-2022";"86.71";"Matemáticas y Estadística";"Mujeres";"Exito"
"2020-2021";"85.57";"Matemáticas y Estadística";"Mujeres";"Exito"
"2019-2020";"87.91";"Matemáticas y Estadística";"Mujeres";"Exito"
"2018-2019";"81.97";"Matemáticas y Estadística";"Mujeres";"Exito"
"2017-2018";"81.66";"Matemáticas y Estadística";"Mujeres";"Exito"
"2016-2017";"81.19";"Matemáticas y Estadística";"Mujeres";"Exito"
"2015-2016";"79.25";"Matemáticas y Estadística";"Mujeres";"Exito"
"2022-2023";"85.2";"Total Informática";"Mujeres";"Exito"
"2021-2022";"82.29";"Total Informática";"Mujeres";"Exito"
"2020-2021";"82.71";"Total Informática";"Mujeres";"Exito"
"2019-2020";"85.57";"Total Informática";"Mujeres";"Exito"
"2018-2019";"82.1";"Total Informática";"Mujeres";"Exito"
"2017-2018";"80.37";"Total Informática";"Mujeres";"Exito"
"2016-2017";"77.76";"Total Informática";"Mujeres";"Exito"
"2015-2016";"78.94";"Total Informática";"Mujeres";"Exito"
"2022-2023";"85.2";"Informática";"Mujeres";"Exito"
"2021-2022";"82.29";"Informática";"Mujeres";"Exito"
"2020-2021";"82.71";"Informática";"Mujeres";"Exito"
"2019-2020";"85.57";"Informática";"Mujeres";"Exito"
"2018-2019";"82.1";"Informática";"Mujeres";"Exito"
"2017-2018";"80.37";"Informática";"Mujeres";"Exito"
"2016-2017";"77.76";"Informática";"Mujeres";"Exito"
"2015-2016";"78.94";"Informática";"Mujeres";"Exito"
"2022-2023";"82.24";"Total Ingeniería, industria y construcción";"Mujeres";"Exito"
"2021-2022";"80.8";"Total Ingeniería, industria y construcción";"Mujeres";"Exito"
"2020-2021";"82.77";"Total Ingeniería, industria y construcción";"Mujeres";"Exito"
"2019-2020";"86.53";"Total Ingeniería, industria y construcción";"Mujeres";"Exito"
"2018-2019";"83.4";"Total Ingeniería, industria y construcción";"Mujeres";"Exito"
"2017-2018";"83.88";"Total Ingeniería, industria y construcción";"Mujeres";"Exito"
"2016-2017";"83.86";"Total Ingeniería, industria y construcción";"Mujeres";"Exito"
"2015-2016";"83.84";"Total Ingeniería, industria y construcción";"Mujeres";"Exito"
"2022-2023";"79.22";"Ingenierías";"Mujeres";"Exito"
"2021-2022";"77.75";"Ingenierías";"Mujeres";"Exito"
"2020-2021";"80.96";"Ingenierías";"Mujeres";"Exito"
"2019-2020";"84.5";"Ingenierías";"Mujeres";"Exito"
"2018-2019";"80.53";"Ingenierías";"Mujeres";"Exito"
"2017-2018";"80.52";"Ingenierías";"Mujeres";"Exito"
"2016-2017";"81.35";"Ingenierías";"Mujeres";"Exito"
"2015-2016";"80.65";"Ingenierías";"Mujeres";"Exito"
"2022-2023";"86.58";"Arquitectura y construcción";"Mujeres";"Exito"
"2021-2022";"85.6";"Arquitectura y construcción";"Mujeres";"Exito"
"2020-2021";"85.83";"Arquitectura y construcción";"Mujeres";"Exito"
"2019-2020";"89.84";"Arquitectura y construcción";"Mujeres";"Exito"
"2018-2019";"87.86";"Arquitectura y construcción";"Mujeres";"Exito"
"2017-2018";"88.54";"Arquitectura y construcción";"Mujeres";"Exito"
"2016-2017";"87.28";"Arquitectura y construcción";"Mujeres";"Exito"
"2015-2016";"88.08";"Arquitectura y construcción";"Mujeres";"Exito"
"2022-2023";"73.23";"Total Agricultura, ganadería,  silvicultura, pesca, y veterinaria";"Mujeres";"Exito"
"2021-2022";"72.41";"Total Agricultura, ganadería,  silvicultura, pesca, y veterinaria";"Mujeres";"Exito"
"2020-2021";"69.74";"Total Agricultura, ganadería,  silvicultura, pesca, y veterinaria";"Mujeres";"Exito"
"2019-2020";"78.14";"Total Agricultura, ganadería,  silvicultura, pesca, y veterinaria";"Mujeres";"Exito"
"2018-2019";"68.98";"Total Agricultura, ganadería,  silvicultura, pesca, y veterinaria";"Mujeres";"Exito"
"2017-2018";"74.48";"Total Agricultura, ganadería,  silvicultura, pesca, y veterinaria";"Mujeres";"Exito"
"2016-2017";"70.95";"Total Agricultura, ganadería,  silvicultura, pesca, y veterinaria";"Mujeres";"Exito"
"2015-2016";"70.09";"Total Agricultura, ganadería,  silvicultura, pesca, y veterinaria";"Mujeres";"Exito"
"2022-2023";"73.23";"Agricultura, ganadería y pesca";"Mujeres";"Exito"
"2021-2022";"72.41";"Agricultura, ganadería y pesca";"Mujeres";"Exito"
"2020-2021";"69.74";"Agricultura, ganadería y pesca";"Mujeres";"Exito"
"2019-2020";"78.14";"Agricultura, ganadería y pesca";"Mujeres";"Exito"
"2018-2019";"68.98";"Agricultura, ganadería y pesca";"Mujeres";"Exito"
"2017-2018";"74.48";"Agricultura, ganadería y pesca";"Mujeres";"Exito"
"2016-2017";"70.95";"Agricultura, ganadería y pesca";"Mujeres";"Exito"
"2015-2016";"70.09";"Agricultura, ganadería y pesca";"Mujeres";"Exito"
"2022-2023";"..";"Veterinaria";"Mujeres";"Exito"
"2021-2022";"..";"Veterinaria";"Mujeres";"Exito"
"2020-2021";"..";"Veterinaria";"Mujeres";"Exito"
"2019-2020";"..";"Veterinaria";"Mujeres";"Exito"
"2018-2019";"..";"Veterinaria";"Mujeres";"Exito"
"2017-2018";"..";"Veterinaria";"Mujeres";"Exito"
"2016-2017";"..";"Veterinaria";"Mujeres";"Exito"
"2015-2016";"..";"Veterinaria";"Mujeres";"Exito"
"2022-2023";"92.02";"Total Salud y servicios sociales";"Mujeres";"Exito"
"2021-2022";"91.81";"Total Salud y servicios sociales";"Mujeres";"Exito"
"2020-2021";"94.22";"Total Salud y servicios sociales";"Mujeres";"Exito"
"2019-2020";"94.96";"Total Salud y servicios sociales";"Mujeres";"Exito"
"2018-2019";"92.57";"Total Salud y servicios sociales";"Mujeres";"Exito"
"2017-2018";"92.14";"Total Salud y servicios sociales";"Mujeres";"Exito"
"2016-2017";"91.79";"Total Salud y servicios sociales";"Mujeres";"Exito"
"2015-2016";"92.19";"Total Salud y servicios sociales";"Mujeres";"Exito"
"2022-2023";"94.68";"Medicina";"Mujeres";"Exito"
"2021-2022";"94.37";"Medicina";"Mujeres";"Exito"
"2020-2021";"94.6";"Medicina";"Mujeres";"Exito"
"2019-2020";"96.4";"Medicina";"Mujeres";"Exito"
"2018-2019";"95.64";"Medicina";"Mujeres";"Exito"
"2017-2018";"95.91";"Medicina";"Mujeres";"Exito"
"2016-2017";"95.95";"Medicina";"Mujeres";"Exito"
"2015-2016";"96.06";"Medicina";"Mujeres";"Exito"
"2022-2023";"94.81";"Enfermería y atención a enfermos";"Mujeres";"Exito"
"2021-2022";"94.95";"Enfermería y atención a enfermos";"Mujeres";"Exito"
"2020-2021";"95.37";"Enfermería y atención a enfermos";"Mujeres";"Exito"
"2019-2020";"95.94";"Enfermería y atención a enfermos";"Mujeres";"Exito"
"2018-2019";"93.36";"Enfermería y atención a enfermos";"Mujeres";"Exito"
"2017-2018";"93.9";"Enfermería y atención a enfermos";"Mujeres";"Exito"
"2016-2017";"93.93";"Enfermería y atención a enfermos";"Mujeres";"Exito"
"2015-2016";"94.74";"Enfermería y atención a enfermos";"Mujeres";"Exito"
"2022-2023";"88.27";"Otras ciencias de la Salud";"Mujeres";"Exito"
"2021-2022";"88.06";"Otras ciencias de la Salud";"Mujeres";"Exito"
"2020-2021";"93.25";"Otras ciencias de la Salud";"Mujeres";"Exito"
"2019-2020";"93.52";"Otras ciencias de la Salud";"Mujeres";"Exito"
"2018-2019";"90.27";"Otras ciencias de la Salud";"Mujeres";"Exito"
"2017-2018";"89.0";"Otras ciencias de la Salud";"Mujeres";"Exito"
"2016-2017";"88.16";"Otras ciencias de la Salud";"Mujeres";"Exito"
"2015-2016";"88.47";"Otras ciencias de la Salud";"Mujeres";"Exito"
"2022-2023";"..";"Trabajo social y orientación";"Mujeres";"Exito"
"2021-2022";"..";"Trabajo social y orientación";"Mujeres";"Exito"
"2020-2021";"..";"Trabajo social y orientación";"Mujeres";"Exito"
"2019-2020";"..";"Trabajo social y orientación";"Mujeres";"Exito"
"2018-2019";"..";"Trabajo social y orientación";"Mujeres";"Exito"
"2017-2018";"..";"Trabajo social y orientación";"Mujeres";"Exito"
"2016-2017";"..";"Trabajo social y orientación";"Mujeres";"Exito"
"2015-2016";"..";"Trabajo social y orientación";"Mujeres";"Exito"
"2022-2023";"84.29";"Total Servicios";"Mujeres";"Exito"
"2021-2022";"81.86";"Total Servicios";"Mujeres";"Exito"
"2020-2021";"83.74";"Total Servicios";"Mujeres";"Exito"
"2019-2020";"87.29";"Total Servicios";"Mujeres";"Exito"
"2018-2019";"82.39";"Total Servicios";"Mujeres";"Exito"
"2017-2018";"82.83";"Total Servicios";"Mujeres";"Exito"
"2016-2017";"84.31";"Total Servicios";"Mujeres";"Exito"
"2015-2016";"85.22";"Total Servicios";"Mujeres";"Exito"
"2022-2023";"93.87";"Deportes";"Mujeres";"Exito"
"2021-2022";"93.31";"Deportes";"Mujeres";"Exito"
"2020-2021";"93.96";"Deportes";"Mujeres";"Exito"
"2019-2020";"94.95";"Deportes";"Mujeres";"Exito"
"2018-2019";"93.01";"Deportes";"Mujeres";"Exito"
"2017-2018";"96.07";"Deportes";"Mujeres";"Exito"
"2016-2017";"96.4";"Deportes";"Mujeres";"Exito"
"2015-2016";"94.29";"Deportes";"Mujeres";"Exito"
"2022-2023";"80.2";"Turismo y Hostelería";"Mujeres";"Exito"
"2021-2022";"78.29";"Turismo y Hostelería";"Mujeres";"Exito"
"2020-2021";"81.28";"Turismo y Hostelería";"Mujeres";"Exito"
"2019-2020";"85.72";"Turismo y Hostelería";"Mujeres";"Exito"
"2018-2019";"80.44";"Turismo y Hostelería";"Mujeres";"Exito"
"2017-2018";"80.88";"Turismo y Hostelería";"Mujeres";"Exito"
"2016-2017";"82.77";"Turismo y Hostelería";"Mujeres";"Exito"
"2015-2016";"84.33";"Turismo y Hostelería";"Mujeres";"Exito"
"2022-2023";"..";"Otros Servicios";"Mujeres";"Exito"
"2021-2022";"..";"Otros Servicios";"Mujeres";"Exito"
"2020-2021";"..";"Otros Servicios";"Mujeres";"Exito"
"2019-2020";"..";"Otros Servicios";"Mujeres";"Exito"
"2018-2019";"..";"Otros Servicios";"Mujeres";"Exito"
"2017-2018";"..";"Otros Servicios";"Mujeres";"Exito"
"2016-2017";"..";"Otros Servicios";"Mujeres";"Exito"
"2015-2016";"..";"Otros Servicios";"Mujeres";"Exito"
"2022-2023";"???";"Sevilla";"Mujeres";"Evaluacion"
"2021-2022";"???";"Sevilla";"Mujeres";"Evaluacion"
"2020-2021";"???";"Sevilla";"Mujeres";"Evaluacion"
"2019-2020";"???";"Sevilla";"Mujeres";"Evaluacion"
"2018-2019";"???";"Sevilla";"Mujeres";"Evaluacion"
"2017-2018";"???";"Sevilla";"Mujeres";"Evaluacion"
"2016-2017";"???";"Sevilla";"Mujeres";"Evaluacion"
"2015-2016";"???";"Sevilla";"Mujeres";"Evaluacion"
"2022-2023";"87.13";"Todos los ámbitos";"Mujeres";"Evaluacion"
"2021-2022";"86.56";"Todos los ámbitos";"Mujeres";"Evaluacion"
"2020-2021";"89.04";"Todos los ámbitos";"Mujeres";"Evaluacion"
"2019-2020";"91.58";"Todos los ámbitos";"Mujeres";"Evaluacion"
"2018-2019";"87.15";"Todos los ámbitos";"Mujeres";"Evaluacion"
"2017-2018";"87.46";"Todos los ámbitos";"Mujeres";"Evaluacion"
"2016-2017";"88.09";"Todos los ámbitos";"Mujeres";"Evaluacion"
"2015-2016";"88.69";"Todos los ámbitos";"Mujeres";"Evaluacion"
"2022-2023";"96.59";"Total Educación";"Mujeres";"Evaluacion"
"2021-2022";"96.35";"Total Educación";"Mujeres";"Evaluacion"
"2020-2021";"97.1";"Total Educación";"Mujeres";"Evaluacion"
"2019-2020";"97.43";"Total Educación";"Mujeres";"Evaluacion"
"2018-2019";"95.22";"Total Educación";"Mujeres";"Evaluacion"
"2017-2018";"95.66";"Total Educación";"Mujeres";"Evaluacion"
"2016-2017";"95.68";"Total Educación";"Mujeres";"Evaluacion"
"2015-2016";"96.03";"Total Educación";"Mujeres";"Evaluacion"
"2022-2023";"98.49";"Formación de docentes de enseñanza infantil";"Mujeres";"Evaluacion"
"2021-2022";"98.41";"Formación de docentes de enseñanza infantil";"Mujeres";"Evaluacion"
"2020-2021";"98.58";"Formación de docentes de enseñanza infantil";"Mujeres";"Evaluacion"
"2019-2020";"98.81";"Formación de docentes de enseñanza infantil";"Mujeres";"Evaluacion"
"2018-2019";"97.82";"Formación de docentes de enseñanza infantil";"Mujeres";"Evaluacion"
"2017-2018";"97.69";"Formación de docentes de enseñanza infantil";"Mujeres";"Evaluacion"
"2016-2017";"97.91";"Formación de docentes de enseñanza infantil";"Mujeres";"Evaluacion"
"2015-2016";"97.99";"Formación de docentes de enseñanza infantil";"Mujeres";"Evaluacion"
"2022-2023";"95.86";"Formación de docentes de enseñanza primaria";"Mujeres";"Evaluacion"
"2021-2022";"95.62";"Formación de docentes de enseñanza primaria";"Mujeres";"Evaluacion"
"2020-2021";"96.47";"Formación de docentes de enseñanza primaria";"Mujeres";"Evaluacion"
"2019-2020";"97.08";"Formación de docentes de enseñanza primaria";"Mujeres";"Evaluacion"
"2018-2019";"93.93";"Formación de docentes de enseñanza primaria";"Mujeres";"Evaluacion"
"2017-2018";"94.83";"Formación de docentes de enseñanza primaria";"Mujeres";"Evaluacion"
"2016-2017";"94.68";"Formación de docentes de enseñanza primaria";"Mujeres";"Evaluacion"
"2015-2016";"95.09";"Formación de docentes de enseñanza primaria";"Mujeres";"Evaluacion"
"2022-2023";"95.61";"Otra Formación de personal docente y ciencias de la educación";"Mujeres";"Evaluacion"
"2021-2022";"94.94";"Otra Formación de personal docente y ciencias de la educación";"Mujeres";"Evaluacion"
"2020-2021";"96.5";"Otra Formación de personal docente y ciencias de la educación";"Mujeres";"Evaluacion"
"2019-2020";"95.93";"Otra Formación de personal docente y ciencias de la educación";"Mujeres";"Evaluacion"
"2018-2019";"94.94";"Otra Formación de personal docente y ciencias de la educación";"Mujeres";"Evaluacion"
"2017-2018";"94.85";"Otra Formación de personal docente y ciencias de la educación";"Mujeres";"Evaluacion"
"2016-2017";"94.83";"Otra Formación de personal docente y ciencias de la educación";"Mujeres";"Evaluacion"
"2015-2016";"95.61";"Otra Formación de personal docente y ciencias de la educación";"Mujeres";"Evaluacion"
"2022-2023";"83.78";"Total Artes y humanidades";"Mujeres";"Evaluacion"
"2021-2022";"82.75";"Total Artes y humanidades";"Mujeres";"Evaluacion"
"2020-2021";"85.86";"Total Artes y humanidades";"Mujeres";"Evaluacion"
"2019-2020";"89.19";"Total Artes y humanidades";"Mujeres";"Evaluacion"
"2018-2019";"84.54";"Total Artes y humanidades";"Mujeres";"Evaluacion"
"2017-2018";"85.18";"Total Artes y humanidades";"Mujeres";"Evaluacion"
"2016-2017";"86.0";"Total Artes y humanidades";"Mujeres";"Evaluacion"
"2015-2016";"86.5";"Total Artes y humanidades";"Mujeres";"Evaluacion"
"2022-2023";"95.07";"Técnicas audiovisuales y medios de comunicación";"Mujeres";"Evaluacion"
"2021-2022";"95.81";"Técnicas audiovisuales y medios de comunicación";"Mujeres";"Evaluacion"
"2020-2021";"96.44";"Técnicas audiovisuales y medios de comunicación";"Mujeres";"Evaluacion"
"2019-2020";"95.89";"Técnicas audiovisuales y medios de comunicación";"Mujeres";"Evaluacion"
"2018-2019";"93.09";"Técnicas audiovisuales y medios de comunicación";"Mujeres";"Evaluacion"
"2017-2018";"93.71";"Técnicas audiovisuales y medios de comunicación";"Mujeres";"Evaluacion"
"2016-2017";"93.93";"Técnicas audiovisuales y medios de comunicación";"Mujeres";"Evaluacion"
"2015-2016";"95.93";"Técnicas audiovisuales y medios de comunicación";"Mujeres";"Evaluacion"
"2022-2023";"84.14";"Artes";"Mujeres";"Evaluacion"
"2021-2022";"84.26";"Artes";"Mujeres";"Evaluacion"
"2020-2021";"86.62";"Artes";"Mujeres";"Evaluacion"
"2019-2020";"88.92";"Artes";"Mujeres";"Evaluacion"
"2018-2019";"86.28";"Artes";"Mujeres";"Evaluacion"
"2017-2018";"86.77";"Artes";"Mujeres";"Evaluacion"
"2016-2017";"88.04";"Artes";"Mujeres";"Evaluacion"
"2015-2016";"87.57";"Artes";"Mujeres";"Evaluacion"
"2022-2023";"82.18";"Lenguas";"Mujeres";"Evaluacion"
"2021-2022";"79.62";"Lenguas";"Mujeres";"Evaluacion"
"2020-2021";"83.86";"Lenguas";"Mujeres";"Evaluacion"
"2019-2020";"88.69";"Lenguas";"Mujeres";"Evaluacion"
"2018-2019";"81.72";"Lenguas";"Mujeres";"Evaluacion"
"2017-2018";"82.67";"Lenguas";"Mujeres";"Evaluacion"
"2016-2017";"83.14";"Lenguas";"Mujeres";"Evaluacion"
"2015-2016";"84.37";"Lenguas";"Mujeres";"Evaluacion"
"2022-2023";"79.23";"Humanidades";"Mujeres";"Evaluacion"
"2021-2022";"78.58";"Humanidades";"Mujeres";"Evaluacion"
"2020-2021";"81.48";"Humanidades";"Mujeres";"Evaluacion"
"2019-2020";"85.39";"Humanidades";"Mujeres";"Evaluacion"
"2018-2019";"81.32";"Humanidades";"Mujeres";"Evaluacion"
"2017-2018";"82.42";"Humanidades";"Mujeres";"Evaluacion"
"2016-2017";"84.21";"Humanidades";"Mujeres";"Evaluacion"
"2015-2016";"83.29";"Humanidades";"Mujeres";"Evaluacion"
"2022-2023";"90.13";"Total Ciencias sociales, periodismo y documentación";"Mujeres";"Evaluacion"
"2021-2022";"89.9";"Total Ciencias sociales, periodismo y documentación";"Mujeres";"Evaluacion"
"2020-2021";"91.87";"Total Ciencias sociales, periodismo y documentación";"Mujeres";"Evaluacion"
"2019-2020";"92.72";"Total Ciencias sociales, periodismo y documentación";"Mujeres";"Evaluacion"
"2018-2019";"90.13";"Total Ciencias sociales, periodismo y documentación";"Mujeres";"Evaluacion"
"2017-2018";"89.71";"Total Ciencias sociales, periodismo y documentación";"Mujeres";"Evaluacion"
"2016-2017";"90.84";"Total Ciencias sociales, periodismo y documentación";"Mujeres";"Evaluacion"
"2015-2016";"92.24";"Total Ciencias sociales, periodismo y documentación";"Mujeres";"Evaluacion"
"2022-2023";"94.06";"Psicología";"Mujeres";"Evaluacion"
"2021-2022";"94.7";"Psicología";"Mujeres";"Evaluacion"
"2020-2021";"95.84";"Psicología";"Mujeres";"Evaluacion"
"2019-2020";"95.34";"Psicología";"Mujeres";"Evaluacion"
"2018-2019";"93.75";"Psicología";"Mujeres";"Evaluacion"
"2017-2018";"93.25";"Psicología";"Mujeres";"Evaluacion"
"2016-2017";"93.8";"Psicología";"Mujeres";"Evaluacion"
"2015-2016";"94.58";"Psicología";"Mujeres";"Evaluacion"
"2022-2023";"80.08";"Economía";"Mujeres";"Evaluacion"
"2021-2022";"76.9";"Economía";"Mujeres";"Evaluacion"
"2020-2021";"82.88";"Economía";"Mujeres";"Evaluacion"
"2019-2020";"86.89";"Economía";"Mujeres";"Evaluacion"
"2018-2019";"78.43";"Economía";"Mujeres";"Evaluacion"
"2017-2018";"78.98";"Economía";"Mujeres";"Evaluacion"
"2016-2017";"79.58";"Economía";"Mujeres";"Evaluacion"
"2015-2016";"83.33";"Economía";"Mujeres";"Evaluacion"
"2022-2023";"88.91";"Otras Ciencias sociales y del comportamiento";"Mujeres";"Evaluacion"
"2021-2022";"87.33";"Otras Ciencias sociales y del comportamiento";"Mujeres";"Evaluacion"
"2020-2021";"88.09";"Otras Ciencias sociales y del comportamiento";"Mujeres";"Evaluacion"
"2019-2020";"89.82";"Otras Ciencias sociales y del comportamiento";"Mujeres";"Evaluacion"
"2018-2019";"88.58";"Otras Ciencias sociales y del comportamiento";"Mujeres";"Evaluacion"
"2017-2018";"86.86";"Otras Ciencias sociales y del comportamiento";"Mujeres";"Evaluacion"
"2016-2017";"88.74";"Otras Ciencias sociales y del comportamiento";"Mujeres";"Evaluacion"
"2015-2016";"91.08";"Otras Ciencias sociales y del comportamiento";"Mujeres";"Evaluacion"
"2022-2023";"90.75";"Periodismo e información";"Mujeres";"Evaluacion"
"2021-2022";"91.99";"Periodismo e información";"Mujeres";"Evaluacion"
"2020-2021";"93.65";"Periodismo e información";"Mujeres";"Evaluacion"
"2019-2020";"93.97";"Periodismo e información";"Mujeres";"Evaluacion"
"2018-2019";"91.42";"Periodismo e información";"Mujeres";"Evaluacion"
"2017-2018";"90.92";"Periodismo e información";"Mujeres";"Evaluacion"
"2016-2017";"92.43";"Periodismo e información";"Mujeres";"Evaluacion"
"2015-2016";"93.46";"Periodismo e información";"Mujeres";"Evaluacion"
"2022-2023";"84.49";"Total Negocios, administración y derecho";"Mujeres";"Evaluacion"
"2021-2022";"83.78";"Total Negocios, administración y derecho";"Mujeres";"Evaluacion"
"2020-2021";"86.95";"Total Negocios, administración y derecho";"Mujeres";"Evaluacion"
"2019-2020";"90.6";"Total Negocios, administración y derecho";"Mujeres";"Evaluacion"
"2018-2019";"83.77";"Total Negocios, administración y derecho";"Mujeres";"Evaluacion"
"2017-2018";"84.29";"Total Negocios, administración y derecho";"Mujeres";"Evaluacion"
"2016-2017";"84.61";"Total Negocios, administración y derecho";"Mujeres";"Evaluacion"
"2015-2016";"85.58";"Total Negocios, administración y derecho";"Mujeres";"Evaluacion"
"2022-2023";"79.11";"Administración y gestión de empresas";"Mujeres";"Evaluacion"
"2021-2022";"78.53";"Administración y gestión de empresas";"Mujeres";"Evaluacion"
"2020-2021";"83.24";"Administración y gestión de empresas";"Mujeres";"Evaluacion"
"2019-2020";"87.89";"Administración y gestión de empresas";"Mujeres";"Evaluacion"
"2018-2019";"80.0";"Administración y gestión de empresas";"Mujeres";"Evaluacion"
"2017-2018";"80.46";"Administración y gestión de empresas";"Mujeres";"Evaluacion"
"2016-2017";"81.93";"Administración y gestión de empresas";"Mujeres";"Evaluacion"
"2015-2016";"83.4";"Administración y gestión de empresas";"Mujeres";"Evaluacion"
"2022-2023";"85.88";"Otra Educación comercial y empresarial";"Mujeres";"Evaluacion"
"2021-2022";"84.65";"Otra Educación comercial y empresarial";"Mujeres";"Evaluacion"
"2020-2021";"87.55";"Otra Educación comercial y empresarial";"Mujeres";"Evaluacion"
"2019-2020";"89.57";"Otra Educación comercial y empresarial";"Mujeres";"Evaluacion"
"2018-2019";"85.51";"Otra Educación comercial y empresarial";"Mujeres";"Evaluacion"
"2017-2018";"85.63";"Otra Educación comercial y empresarial";"Mujeres";"Evaluacion"
"2016-2017";"84.96";"Otra Educación comercial y empresarial";"Mujeres";"Evaluacion"
"2015-2016";"86.66";"Otra Educación comercial y empresarial";"Mujeres";"Evaluacion"
"2022-2023";"86.81";"Derecho";"Mujeres";"Evaluacion"
"2021-2022";"86.35";"Derecho";"Mujeres";"Evaluacion"
"2020-2021";"88.77";"Derecho";"Mujeres";"Evaluacion"
"2019-2020";"92.89";"Derecho";"Mujeres";"Evaluacion"
"2018-2019";"84.82";"Derecho";"Mujeres";"Evaluacion"
"2017-2018";"85.68";"Derecho";"Mujeres";"Evaluacion"
"2016-2017";"86.06";"Derecho";"Mujeres";"Evaluacion"
"2015-2016";"86.33";"Derecho";"Mujeres";"Evaluacion"
"2022-2023";"83.5";"Total Ciencias";"Mujeres";"Evaluacion"
"2021-2022";"83.44";"Total Ciencias";"Mujeres";"Evaluacion"
"2020-2021";"83.43";"Total Ciencias";"Mujeres";"Evaluacion"
"2019-2020";"88.77";"Total Ciencias";"Mujeres";"Evaluacion"
"2018-2019";"83.56";"Total Ciencias";"Mujeres";"Evaluacion"
"2017-2018";"84.85";"Total Ciencias";"Mujeres";"Evaluacion"
"2016-2017";"85.5";"Total Ciencias";"Mujeres";"Evaluacion"
"2015-2016";"84.67";"Total Ciencias";"Mujeres";"Evaluacion"
"2022-2023";"88.67";"Ciencias de la vida";"Mujeres";"Evaluacion"
"2021-2022";"88.26";"Ciencias de la vida";"Mujeres";"Evaluacion"
"2020-2021";"90.85";"Ciencias de la vida";"Mujeres";"Evaluacion"
"2019-2020";"91.61";"Ciencias de la vida";"Mujeres";"Evaluacion"
"2018-2019";"88.33";"Ciencias de la vida";"Mujeres";"Evaluacion"
"2017-2018";"89.6";"Ciencias de la vida";"Mujeres";"Evaluacion"
"2016-2017";"90.23";"Ciencias de la vida";"Mujeres";"Evaluacion"
"2015-2016";"89.08";"Ciencias de la vida";"Mujeres";"Evaluacion"
"2022-2023";"78.33";"Ciencias Físicas, químicas, geológicas";"Mujeres";"Evaluacion"
"2021-2022";"77.58";"Ciencias Físicas, químicas, geológicas";"Mujeres";"Evaluacion"
"2020-2021";"76.32";"Ciencias Físicas, químicas, geológicas";"Mujeres";"Evaluacion"
"2019-2020";"85.41";"Ciencias Físicas, químicas, geológicas";"Mujeres";"Evaluacion"
"2018-2019";"78.26";"Ciencias Físicas, químicas, geológicas";"Mujeres";"Evaluacion"
"2017-2018";"79.27";"Ciencias Físicas, químicas, geológicas";"Mujeres";"Evaluacion"
"2016-2017";"80.72";"Ciencias Físicas, químicas, geológicas";"Mujeres";"Evaluacion"
"2015-2016";"80.25";"Ciencias Físicas, químicas, geológicas";"Mujeres";"Evaluacion"
"2022-2023";"80.23";"Matemáticas y Estadística";"Mujeres";"Evaluacion"
"2021-2022";"81.7";"Matemáticas y Estadística";"Mujeres";"Evaluacion"
"2020-2021";"78.34";"Matemáticas y Estadística";"Mujeres";"Evaluacion"
"2019-2020";"87.43";"Matemáticas y Estadística";"Mujeres";"Evaluacion"
"2018-2019";"81.74";"Matemáticas y Estadística";"Mujeres";"Evaluacion"
"2017-2018";"83.11";"Matemáticas y Estadística";"Mujeres";"Evaluacion"
"2016-2017";"81.99";"Matemáticas y Estadística";"Mujeres";"Evaluacion"
"2015-2016";"80.67";"Matemáticas y Estadística";"Mujeres";"Evaluacion"
"2022-2023";"80.23";"Total Informática";"Mujeres";"Evaluacion"
"2021-2022";"78.13";"Total Informática";"Mujeres";"Evaluacion"
"2020-2021";"78.2";"Total Informática";"Mujeres";"Evaluacion"
"2019-2020";"85.22";"Total Informática";"Mujeres";"Evaluacion"
"2018-2019";"81.74";"Total Informática";"Mujeres";"Evaluacion"
"2017-2018";"80.09";"Total Informática";"Mujeres";"Evaluacion"
"2016-2017";"74.56";"Total Informática";"Mujeres";"Evaluacion"
"2015-2016";"76.46";"Total Informática";"Mujeres";"Evaluacion"
"2022-2023";"80.23";"Informática";"Mujeres";"Evaluacion"
"2021-2022";"78.13";"Informática";"Mujeres";"Evaluacion"
"2020-2021";"78.2";"Informática";"Mujeres";"Evaluacion"
"2019-2020";"85.22";"Informática";"Mujeres";"Evaluacion"
"2018-2019";"81.74";"Informática";"Mujeres";"Evaluacion"
"2017-2018";"80.09";"Informática";"Mujeres";"Evaluacion"
"2016-2017";"74.56";"Informática";"Mujeres";"Evaluacion"
"2015-2016";"76.46";"Informática";"Mujeres";"Evaluacion"
"2022-2023";"76.62";"Total Ingeniería, industria y construcción";"Mujeres";"Evaluacion"
"2021-2022";"74.65";"Total Ingeniería, industria y construcción";"Mujeres";"Evaluacion"
"2020-2021";"78.46";"Total Ingeniería, industria y construcción";"Mujeres";"Evaluacion"
"2019-2020";"84.54";"Total Ingeniería, industria y construcción";"Mujeres";"Evaluacion"
"2018-2019";"78.57";"Total Ingeniería, industria y construcción";"Mujeres";"Evaluacion"
"2017-2018";"79.0";"Total Ingeniería, industria y construcción";"Mujeres";"Evaluacion"
"2016-2017";"81.12";"Total Ingeniería, industria y construcción";"Mujeres";"Evaluacion"
"2015-2016";"82.18";"Total Ingeniería, industria y construcción";"Mujeres";"Evaluacion"
"2022-2023";"73.8";"Ingenierías";"Mujeres";"Evaluacion"
"2021-2022";"72.55";"Ingenierías";"Mujeres";"Evaluacion"
"2020-2021";"76.89";"Ingenierías";"Mujeres";"Evaluacion"
"2019-2020";"83.76";"Ingenierías";"Mujeres";"Evaluacion"
"2018-2019";"75.95";"Ingenierías";"Mujeres";"Evaluacion"
"2017-2018";"75.94";"Ingenierías";"Mujeres";"Evaluacion"
"2016-2017";"78.2";"Ingenierías";"Mujeres";"Evaluacion"
"2015-2016";"80.15";"Ingenierías";"Mujeres";"Evaluacion"
"2022-2023";"81.09";"Arquitectura y construcción";"Mujeres";"Evaluacion"
"2021-2022";"78.18";"Arquitectura y construcción";"Mujeres";"Evaluacion"
"2020-2021";"81.23";"Arquitectura y construcción";"Mujeres";"Evaluacion"
"2019-2020";"85.86";"Arquitectura y construcción";"Mujeres";"Evaluacion"
"2018-2019";"83.01";"Arquitectura y construcción";"Mujeres";"Evaluacion"
"2017-2018";"83.68";"Arquitectura y construcción";"Mujeres";"Evaluacion"
"2016-2017";"85.45";"Arquitectura y construcción";"Mujeres";"Evaluacion"
"2015-2016";"85.04";"Arquitectura y construcción";"Mujeres";"Evaluacion"
"2022-2023";"68.28";"Total Agricultura, ganadería,  silvicultura, pesca, y veterinaria";"Mujeres";"Evaluacion"
"2021-2022";"69.49";"Total Agricultura, ganadería,  silvicultura, pesca, y veterinaria";"Mujeres";"Evaluacion"
"2020-2021";"69.57";"Total Agricultura, ganadería,  silvicultura, pesca, y veterinaria";"Mujeres";"Evaluacion"
"2019-2020";"76.53";"Total Agricultura, ganadería,  silvicultura, pesca, y veterinaria";"Mujeres";"Evaluacion"
"2018-2019";"71.1";"Total Agricultura, ganadería,  silvicultura, pesca, y veterinaria";"Mujeres";"Evaluacion"
"2017-2018";"69.67";"Total Agricultura, ganadería,  silvicultura, pesca, y veterinaria";"Mujeres";"Evaluacion"
"2016-2017";"73.23";"Total Agricultura, ganadería,  silvicultura, pesca, y veterinaria";"Mujeres";"Evaluacion"
"2015-2016";"74.95";"Total Agricultura, ganadería,  silvicultura, pesca, y veterinaria";"Mujeres";"Evaluacion"
"2022-2023";"68.28";"Agricultura, ganadería y pesca";"Mujeres";"Evaluacion"
"2021-2022";"69.49";"Agricultura, ganadería y pesca";"Mujeres";"Evaluacion"
"2020-2021";"69.57";"Agricultura, ganadería y pesca";"Mujeres";"Evaluacion"
"2019-2020";"76.53";"Agricultura, ganadería y pesca";"Mujeres";"Evaluacion"
"2018-2019";"71.1";"Agricultura, ganadería y pesca";"Mujeres";"Evaluacion"
"2017-2018";"69.67";"Agricultura, ganadería y pesca";"Mujeres";"Evaluacion"
"2016-2017";"73.23";"Agricultura, ganadería y pesca";"Mujeres";"Evaluacion"
"2015-2016";"74.95";"Agricultura, ganadería y pesca";"Mujeres";"Evaluacion"
"2022-2023";"..";"Veterinaria";"Mujeres";"Evaluacion"
"2021-2022";"..";"Veterinaria";"Mujeres";"Evaluacion"
"2020-2021";"..";"Veterinaria";"Mujeres";"Evaluacion"
"2019-2020";"..";"Veterinaria";"Mujeres";"Evaluacion"
"2018-2019";"..";"Veterinaria";"Mujeres";"Evaluacion"
"2017-2018";"..";"Veterinaria";"Mujeres";"Evaluacion"
"2016-2017";"..";"Veterinaria";"Mujeres";"Evaluacion"
"2015-2016";"..";"Veterinaria";"Mujeres";"Evaluacion"
"2022-2023";"92.06";"Total Salud y servicios sociales";"Mujeres";"Evaluacion"
"2021-2022";"92.38";"Total Salud y servicios sociales";"Mujeres";"Evaluacion"
"2020-2021";"95.08";"Total Salud y servicios sociales";"Mujeres";"Evaluacion"
"2019-2020";"94.92";"Total Salud y servicios sociales";"Mujeres";"Evaluacion"
"2018-2019";"91.92";"Total Salud y servicios sociales";"Mujeres";"Evaluacion"
"2017-2018";"91.73";"Total Salud y servicios sociales";"Mujeres";"Evaluacion"
"2016-2017";"92.24";"Total Salud y servicios sociales";"Mujeres";"Evaluacion"
"2015-2016";"92.28";"Total Salud y servicios sociales";"Mujeres";"Evaluacion"
"2022-2023";"93.02";"Medicina";"Mujeres";"Evaluacion"
"2021-2022";"92.96";"Medicina";"Mujeres";"Evaluacion"
"2020-2021";"93.69";"Medicina";"Mujeres";"Evaluacion"
"2019-2020";"94.87";"Medicina";"Mujeres";"Evaluacion"
"2018-2019";"93.35";"Medicina";"Mujeres";"Evaluacion"
"2017-2018";"93.71";"Medicina";"Mujeres";"Evaluacion"
"2016-2017";"94.16";"Medicina";"Mujeres";"Evaluacion"
"2015-2016";"94.26";"Medicina";"Mujeres";"Evaluacion"
"2022-2023";"95.98";"Enfermería y atención a enfermos";"Mujeres";"Evaluacion"
"2021-2022";"96.3";"Enfermería y atención a enfermos";"Mujeres";"Evaluacion"
"2020-2021";"96.86";"Enfermería y atención a enfermos";"Mujeres";"Evaluacion"
"2019-2020";"96.88";"Enfermería y atención a enfermos";"Mujeres";"Evaluacion"
"2018-2019";"95.37";"Enfermería y atención a enfermos";"Mujeres";"Evaluacion"
"2017-2018";"95.63";"Enfermería y atención a enfermos";"Mujeres";"Evaluacion"
"2016-2017";"95.51";"Enfermería y atención a enfermos";"Mujeres";"Evaluacion"
"2015-2016";"96.16";"Enfermería y atención a enfermos";"Mujeres";"Evaluacion"
"2022-2023";"88.66";"Otras ciencias de la Salud";"Mujeres";"Evaluacion"
"2021-2022";"89.42";"Otras ciencias de la Salud";"Mujeres";"Evaluacion"
"2020-2021";"94.67";"Otras ciencias de la Salud";"Mujeres";"Evaluacion"
"2019-2020";"93.72";"Otras ciencias de la Salud";"Mujeres";"Evaluacion"
"2018-2019";"89.0";"Otras ciencias de la Salud";"Mujeres";"Evaluacion"
"2017-2018";"88.51";"Otras ciencias de la Salud";"Mujeres";"Evaluacion"
"2016-2017";"89.37";"Otras ciencias de la Salud";"Mujeres";"Evaluacion"
"2015-2016";"89.1";"Otras ciencias de la Salud";"Mujeres";"Evaluacion"
"2022-2023";"..";"Trabajo social y orientación";"Mujeres";"Evaluacion"
"2021-2022";"..";"Trabajo social y orientación";"Mujeres";"Evaluacion"
"2020-2021";"..";"Trabajo social y orientación";"Mujeres";"Evaluacion"
"2019-2020";"..";"Trabajo social y orientación";"Mujeres";"Evaluacion"
"2018-2019";"..";"Trabajo social y orientación";"Mujeres";"Evaluacion"
"2017-2018";"..";"Trabajo social y orientación";"Mujeres";"Evaluacion"
"2016-2017";"..";"Trabajo social y orientación";"Mujeres";"Evaluacion"
"2015-2016";"..";"Trabajo social y orientación";"Mujeres";"Evaluacion"
"2022-2023";"84.05";"Total Servicios";"Mujeres";"Evaluacion"
"2021-2022";"82.73";"Total Servicios";"Mujeres";"Evaluacion"
"2020-2021";"89.07";"Total Servicios";"Mujeres";"Evaluacion"
"2019-2020";"90.16";"Total Servicios";"Mujeres";"Evaluacion"
"2018-2019";"85.85";"Total Servicios";"Mujeres";"Evaluacion"
"2017-2018";"86.87";"Total Servicios";"Mujeres";"Evaluacion"
"2016-2017";"87.27";"Total Servicios";"Mujeres";"Evaluacion"
"2015-2016";"88.26";"Total Servicios";"Mujeres";"Evaluacion"
"2022-2023";"96.69";"Deportes";"Mujeres";"Evaluacion"
"2021-2022";"94.76";"Deportes";"Mujeres";"Evaluacion"
"2020-2021";"96.54";"Deportes";"Mujeres";"Evaluacion"
"2019-2020";"96.72";"Deportes";"Mujeres";"Evaluacion"
"2018-2019";"92.97";"Deportes";"Mujeres";"Evaluacion"
"2017-2018";"97.48";"Deportes";"Mujeres";"Evaluacion"
"2016-2017";"96.63";"Deportes";"Mujeres";"Evaluacion"
"2015-2016";"97.48";"Deportes";"Mujeres";"Evaluacion"
"2022-2023";"79.6";"Turismo y Hostelería";"Mujeres";"Evaluacion"
"2021-2022";"79.58";"Turismo y Hostelería";"Mujeres";"Evaluacion"
"2020-2021";"87.44";"Turismo y Hostelería";"Mujeres";"Evaluacion"
"2019-2020";"88.92";"Turismo y Hostelería";"Mujeres";"Evaluacion"
"2018-2019";"84.65";"Turismo y Hostelería";"Mujeres";"Evaluacion"
"2017-2018";"85.5";"Turismo y Hostelería";"Mujeres";"Evaluacion"
"2016-2017";"86.21";"Turismo y Hostelería";"Mujeres";"Evaluacion"
"2015-2016";"87.45";"Turismo y Hostelería";"Mujeres";"Evaluacion"
"2022-2023";"..";"Otros Servicios";"Mujeres";"Evaluacion"
"2021-2022";"..";"Otros Servicios";"Mujeres";"Evaluacion"
"2020-2021";"..";"Otros Servicios";"Mujeres";"Evaluacion"
"2019-2020";"..";"Otros Servicios";"Mujeres";"Evaluacion"
"2018-2019";"..";"Otros Servicios";"Mujeres";"Evaluacion"
"2017-2018";"..";"Otros Servicios";"Mujeres";"Evaluacion"
"2016-2017";"..";"Otros Servicios";"Mujeres";"Evaluacion"
"2015-2016";"..";"Otros Servicios";"Mujeres";"Evaluacion"
