"Anio";"Valor";"Carrera";"Genero";"Tasa"
"2022-2023";"???";"Pública de Navarra";"Ambos Sexos";"Rendimiento"
"2021-2022";"???";"Pública de Navarra";"Ambos Sexos";"Rendimiento"
"2020-2021";"???";"Pública de Navarra";"Ambos Sexos";"Rendimiento"
"2019-2020";"???";"Pública de Navarra";"Ambos Sexos";"Rendimiento"
"2018-2019";"???";"Pública de Navarra";"Ambos Sexos";"Rendimiento"
"2017-2018";"???";"Pública de Navarra";"Ambos Sexos";"Rendimiento"
"2016-2017";"???";"Pública de Navarra";"Ambos Sexos";"Rendimiento"
"2015-2016";"???";"Pública de Navarra";"Ambos Sexos";"Rendimiento"
"2022-2023";"81.7";"Todos los ámbitos";"Ambos Sexos";"Rendimiento"
"2021-2022";"81.4";"Todos los ámbitos";"Ambos Sexos";"Rendimiento"
"2020-2021";"83.09";"Todos los ámbitos";"Ambos Sexos";"Rendimiento"
"2019-2020";"85.1";"Todos los ámbitos";"Ambos Sexos";"Rendimiento"
"2018-2019";"80.56";"Todos los ámbitos";"Ambos Sexos";"Rendimiento"
"2017-2018";"80.1";"Todos los ámbitos";"Ambos Sexos";"Rendimiento"
"2016-2017";"79.37";"Todos los ámbitos";"Ambos Sexos";"Rendimiento"
"2015-2016";"80.42";"Todos los ámbitos";"Ambos Sexos";"Rendimiento"
"2022-2023";"92.4";"Total Educación";"Ambos Sexos";"Rendimiento"
"2021-2022";"92.28";"Total Educación";"Ambos Sexos";"Rendimiento"
"2020-2021";"94.12";"Total Educación";"Ambos Sexos";"Rendimiento"
"2019-2020";"92.3";"Total Educación";"Ambos Sexos";"Rendimiento"
"2018-2019";"91.06";"Total Educación";"Ambos Sexos";"Rendimiento"
"2017-2018";"89.94";"Total Educación";"Ambos Sexos";"Rendimiento"
"2016-2017";"88.15";"Total Educación";"Ambos Sexos";"Rendimiento"
"2015-2016";"88.86";"Total Educación";"Ambos Sexos";"Rendimiento"
"2022-2023";"94.59";"Formación de docentes de enseñanza infantil";"Ambos Sexos";"Rendimiento"
"2021-2022";"93.64";"Formación de docentes de enseñanza infantil";"Ambos Sexos";"Rendimiento"
"2020-2021";"95.08";"Formación de docentes de enseñanza infantil";"Ambos Sexos";"Rendimiento"
"2019-2020";"92.17";"Formación de docentes de enseñanza infantil";"Ambos Sexos";"Rendimiento"
"2018-2019";"90.53";"Formación de docentes de enseñanza infantil";"Ambos Sexos";"Rendimiento"
"2017-2018";"89.23";"Formación de docentes de enseñanza infantil";"Ambos Sexos";"Rendimiento"
"2016-2017";"87.56";"Formación de docentes de enseñanza infantil";"Ambos Sexos";"Rendimiento"
"2015-2016";"87.95";"Formación de docentes de enseñanza infantil";"Ambos Sexos";"Rendimiento"
"2022-2023";"90.77";"Formación de docentes de enseñanza primaria";"Ambos Sexos";"Rendimiento"
"2021-2022";"91.35";"Formación de docentes de enseñanza primaria";"Ambos Sexos";"Rendimiento"
"2020-2021";"93.52";"Formación de docentes de enseñanza primaria";"Ambos Sexos";"Rendimiento"
"2019-2020";"92.38";"Formación de docentes de enseñanza primaria";"Ambos Sexos";"Rendimiento"
"2018-2019";"91.37";"Formación de docentes de enseñanza primaria";"Ambos Sexos";"Rendimiento"
"2017-2018";"90.35";"Formación de docentes de enseñanza primaria";"Ambos Sexos";"Rendimiento"
"2016-2017";"88.52";"Formación de docentes de enseñanza primaria";"Ambos Sexos";"Rendimiento"
"2015-2016";"89.4";"Formación de docentes de enseñanza primaria";"Ambos Sexos";"Rendimiento"
"2022-2023";"..";"Otra Formación de personal docente y ciencias de la educación";"Ambos Sexos";"Rendimiento"
"2021-2022";"..";"Otra Formación de personal docente y ciencias de la educación";"Ambos Sexos";"Rendimiento"
"2020-2021";"..";"Otra Formación de personal docente y ciencias de la educación";"Ambos Sexos";"Rendimiento"
"2019-2020";"..";"Otra Formación de personal docente y ciencias de la educación";"Ambos Sexos";"Rendimiento"
"2018-2019";"..";"Otra Formación de personal docente y ciencias de la educación";"Ambos Sexos";"Rendimiento"
"2017-2018";"..";"Otra Formación de personal docente y ciencias de la educación";"Ambos Sexos";"Rendimiento"
"2016-2017";"..";"Otra Formación de personal docente y ciencias de la educación";"Ambos Sexos";"Rendimiento"
"2015-2016";"..";"Otra Formación de personal docente y ciencias de la educación";"Ambos Sexos";"Rendimiento"
"2022-2023";"81.21";"Total Artes y humanidades";"Ambos Sexos";"Rendimiento"
"2021-2022";"86.58";"Total Artes y humanidades";"Ambos Sexos";"Rendimiento"
"2020-2021";"84.03";"Total Artes y humanidades";"Ambos Sexos";"Rendimiento"
"2019-2020";"86.78";"Total Artes y humanidades";"Ambos Sexos";"Rendimiento"
"2018-2019";"..";"Total Artes y humanidades";"Ambos Sexos";"Rendimiento"
"2017-2018";"..";"Total Artes y humanidades";"Ambos Sexos";"Rendimiento"
"2016-2017";"..";"Total Artes y humanidades";"Ambos Sexos";"Rendimiento"
"2015-2016";"..";"Total Artes y humanidades";"Ambos Sexos";"Rendimiento"
"2022-2023";"..";"Técnicas audiovisuales y medios de comunicación";"Ambos Sexos";"Rendimiento"
"2021-2022";"..";"Técnicas audiovisuales y medios de comunicación";"Ambos Sexos";"Rendimiento"
"2020-2021";"..";"Técnicas audiovisuales y medios de comunicación";"Ambos Sexos";"Rendimiento"
"2019-2020";"..";"Técnicas audiovisuales y medios de comunicación";"Ambos Sexos";"Rendimiento"
"2018-2019";"..";"Técnicas audiovisuales y medios de comunicación";"Ambos Sexos";"Rendimiento"
"2017-2018";"..";"Técnicas audiovisuales y medios de comunicación";"Ambos Sexos";"Rendimiento"
"2016-2017";"..";"Técnicas audiovisuales y medios de comunicación";"Ambos Sexos";"Rendimiento"
"2015-2016";"..";"Técnicas audiovisuales y medios de comunicación";"Ambos Sexos";"Rendimiento"
"2022-2023";"..";"Artes";"Ambos Sexos";"Rendimiento"
"2021-2022";"..";"Artes";"Ambos Sexos";"Rendimiento"
"2020-2021";"..";"Artes";"Ambos Sexos";"Rendimiento"
"2019-2020";"..";"Artes";"Ambos Sexos";"Rendimiento"
"2018-2019";"..";"Artes";"Ambos Sexos";"Rendimiento"
"2017-2018";"..";"Artes";"Ambos Sexos";"Rendimiento"
"2016-2017";"..";"Artes";"Ambos Sexos";"Rendimiento"
"2015-2016";"..";"Artes";"Ambos Sexos";"Rendimiento"
"2022-2023";"..";"Lenguas";"Ambos Sexos";"Rendimiento"
"2021-2022";"..";"Lenguas";"Ambos Sexos";"Rendimiento"
"2020-2021";"..";"Lenguas";"Ambos Sexos";"Rendimiento"
"2019-2020";"..";"Lenguas";"Ambos Sexos";"Rendimiento"
"2018-2019";"..";"Lenguas";"Ambos Sexos";"Rendimiento"
"2017-2018";"..";"Lenguas";"Ambos Sexos";"Rendimiento"
"2016-2017";"..";"Lenguas";"Ambos Sexos";"Rendimiento"
"2015-2016";"..";"Lenguas";"Ambos Sexos";"Rendimiento"
"2022-2023";"81.21";"Humanidades";"Ambos Sexos";"Rendimiento"
"2021-2022";"86.58";"Humanidades";"Ambos Sexos";"Rendimiento"
"2020-2021";"84.03";"Humanidades";"Ambos Sexos";"Rendimiento"
"2019-2020";"86.78";"Humanidades";"Ambos Sexos";"Rendimiento"
"2018-2019";"..";"Humanidades";"Ambos Sexos";"Rendimiento"
"2017-2018";"..";"Humanidades";"Ambos Sexos";"Rendimiento"
"2016-2017";"..";"Humanidades";"Ambos Sexos";"Rendimiento"
"2015-2016";"..";"Humanidades";"Ambos Sexos";"Rendimiento"
"2022-2023";"79.64";"Total Ciencias sociales, periodismo y documentación";"Ambos Sexos";"Rendimiento"
"2021-2022";"77.81";"Total Ciencias sociales, periodismo y documentación";"Ambos Sexos";"Rendimiento"
"2020-2021";"78.44";"Total Ciencias sociales, periodismo y documentación";"Ambos Sexos";"Rendimiento"
"2019-2020";"80.79";"Total Ciencias sociales, periodismo y documentación";"Ambos Sexos";"Rendimiento"
"2018-2019";"70.61";"Total Ciencias sociales, periodismo y documentación";"Ambos Sexos";"Rendimiento"
"2017-2018";"71.46";"Total Ciencias sociales, periodismo y documentación";"Ambos Sexos";"Rendimiento"
"2016-2017";"70.81";"Total Ciencias sociales, periodismo y documentación";"Ambos Sexos";"Rendimiento"
"2015-2016";"75.85";"Total Ciencias sociales, periodismo y documentación";"Ambos Sexos";"Rendimiento"
"2022-2023";"95.88";"Psicología";"Ambos Sexos";"Rendimiento"
"2021-2022";"94.83";"Psicología";"Ambos Sexos";"Rendimiento"
"2020-2021";"97.21";"Psicología";"Ambos Sexos";"Rendimiento"
"2019-2020";"96.58";"Psicología";"Ambos Sexos";"Rendimiento"
"2018-2019";"..";"Psicología";"Ambos Sexos";"Rendimiento"
"2017-2018";"..";"Psicología";"Ambos Sexos";"Rendimiento"
"2016-2017";"..";"Psicología";"Ambos Sexos";"Rendimiento"
"2015-2016";"..";"Psicología";"Ambos Sexos";"Rendimiento"
"2022-2023";"66.82";"Economía";"Ambos Sexos";"Rendimiento"
"2021-2022";"62.92";"Economía";"Ambos Sexos";"Rendimiento"
"2020-2021";"68.56";"Economía";"Ambos Sexos";"Rendimiento"
"2019-2020";"75.96";"Economía";"Ambos Sexos";"Rendimiento"
"2018-2019";"70.25";"Economía";"Ambos Sexos";"Rendimiento"
"2017-2018";"72.27";"Economía";"Ambos Sexos";"Rendimiento"
"2016-2017";"69.55";"Economía";"Ambos Sexos";"Rendimiento"
"2015-2016";"73.68";"Economía";"Ambos Sexos";"Rendimiento"
"2022-2023";"71.55";"Otras Ciencias sociales y del comportamiento";"Ambos Sexos";"Rendimiento"
"2021-2022";"80.48";"Otras Ciencias sociales y del comportamiento";"Ambos Sexos";"Rendimiento"
"2020-2021";"79.22";"Otras Ciencias sociales y del comportamiento";"Ambos Sexos";"Rendimiento"
"2019-2020";"81.95";"Otras Ciencias sociales y del comportamiento";"Ambos Sexos";"Rendimiento"
"2018-2019";"71.13";"Otras Ciencias sociales y del comportamiento";"Ambos Sexos";"Rendimiento"
"2017-2018";"70.36";"Otras Ciencias sociales y del comportamiento";"Ambos Sexos";"Rendimiento"
"2016-2017";"72.7";"Otras Ciencias sociales y del comportamiento";"Ambos Sexos";"Rendimiento"
"2015-2016";"79.57";"Otras Ciencias sociales y del comportamiento";"Ambos Sexos";"Rendimiento"
"2022-2023";"..";"Periodismo e información";"Ambos Sexos";"Rendimiento"
"2021-2022";"..";"Periodismo e información";"Ambos Sexos";"Rendimiento"
"2020-2021";"..";"Periodismo e información";"Ambos Sexos";"Rendimiento"
"2019-2020";"..";"Periodismo e información";"Ambos Sexos";"Rendimiento"
"2018-2019";"..";"Periodismo e información";"Ambos Sexos";"Rendimiento"
"2017-2018";"..";"Periodismo e información";"Ambos Sexos";"Rendimiento"
"2016-2017";"..";"Periodismo e información";"Ambos Sexos";"Rendimiento"
"2015-2016";"..";"Periodismo e información";"Ambos Sexos";"Rendimiento"
"2022-2023";"81.34";"Total Negocios, administración y derecho";"Ambos Sexos";"Rendimiento"
"2021-2022";"81.31";"Total Negocios, administración y derecho";"Ambos Sexos";"Rendimiento"
"2020-2021";"84.45";"Total Negocios, administración y derecho";"Ambos Sexos";"Rendimiento"
"2019-2020";"85.66";"Total Negocios, administración y derecho";"Ambos Sexos";"Rendimiento"
"2018-2019";"81.71";"Total Negocios, administración y derecho";"Ambos Sexos";"Rendimiento"
"2017-2018";"82.03";"Total Negocios, administración y derecho";"Ambos Sexos";"Rendimiento"
"2016-2017";"82.33";"Total Negocios, administración y derecho";"Ambos Sexos";"Rendimiento"
"2015-2016";"82.98";"Total Negocios, administración y derecho";"Ambos Sexos";"Rendimiento"
"2022-2023";"81.87";"Administración y gestión de empresas";"Ambos Sexos";"Rendimiento"
"2021-2022";"80.69";"Administración y gestión de empresas";"Ambos Sexos";"Rendimiento"
"2020-2021";"84.3";"Administración y gestión de empresas";"Ambos Sexos";"Rendimiento"
"2019-2020";"85.58";"Administración y gestión de empresas";"Ambos Sexos";"Rendimiento"
"2018-2019";"81.14";"Administración y gestión de empresas";"Ambos Sexos";"Rendimiento"
"2017-2018";"81.9";"Administración y gestión de empresas";"Ambos Sexos";"Rendimiento"
"2016-2017";"81.65";"Administración y gestión de empresas";"Ambos Sexos";"Rendimiento"
"2015-2016";"79.62";"Administración y gestión de empresas";"Ambos Sexos";"Rendimiento"
"2022-2023";"..";"Otra Educación comercial y empresarial";"Ambos Sexos";"Rendimiento"
"2021-2022";"..";"Otra Educación comercial y empresarial";"Ambos Sexos";"Rendimiento"
"2020-2021";"..";"Otra Educación comercial y empresarial";"Ambos Sexos";"Rendimiento"
"2019-2020";"..";"Otra Educación comercial y empresarial";"Ambos Sexos";"Rendimiento"
"2018-2019";"..";"Otra Educación comercial y empresarial";"Ambos Sexos";"Rendimiento"
"2017-2018";"..";"Otra Educación comercial y empresarial";"Ambos Sexos";"Rendimiento"
"2016-2017";"..";"Otra Educación comercial y empresarial";"Ambos Sexos";"Rendimiento"
"2015-2016";"..";"Otra Educación comercial y empresarial";"Ambos Sexos";"Rendimiento"
"2022-2023";"79.53";"Derecho";"Ambos Sexos";"Rendimiento"
"2021-2022";"83.49";"Derecho";"Ambos Sexos";"Rendimiento"
"2020-2021";"85.01";"Derecho";"Ambos Sexos";"Rendimiento"
"2019-2020";"85.93";"Derecho";"Ambos Sexos";"Rendimiento"
"2018-2019";"83.83";"Derecho";"Ambos Sexos";"Rendimiento"
"2017-2018";"82.5";"Derecho";"Ambos Sexos";"Rendimiento"
"2016-2017";"85.03";"Derecho";"Ambos Sexos";"Rendimiento"
"2015-2016";"90.56";"Derecho";"Ambos Sexos";"Rendimiento"
"2022-2023";"80.86";"Total Ciencias";"Ambos Sexos";"Rendimiento"
"2021-2022";"79.87";"Total Ciencias";"Ambos Sexos";"Rendimiento"
"2020-2021";"80.73";"Total Ciencias";"Ambos Sexos";"Rendimiento"
"2019-2020";"76.53";"Total Ciencias";"Ambos Sexos";"Rendimiento"
"2018-2019";"64.27";"Total Ciencias";"Ambos Sexos";"Rendimiento"
"2017-2018";"..";"Total Ciencias";"Ambos Sexos";"Rendimiento"
"2016-2017";"..";"Total Ciencias";"Ambos Sexos";"Rendimiento"
"2015-2016";"..";"Total Ciencias";"Ambos Sexos";"Rendimiento"
"2022-2023";"87.31";"Ciencias de la vida";"Ambos Sexos";"Rendimiento"
"2021-2022";"91.41";"Ciencias de la vida";"Ambos Sexos";"Rendimiento"
"2020-2021";"87.58";"Ciencias de la vida";"Ambos Sexos";"Rendimiento"
"2019-2020";"83.84";"Ciencias de la vida";"Ambos Sexos";"Rendimiento"
"2018-2019";"86.74";"Ciencias de la vida";"Ambos Sexos";"Rendimiento"
"2017-2018";"..";"Ciencias de la vida";"Ambos Sexos";"Rendimiento"
"2016-2017";"..";"Ciencias de la vida";"Ambos Sexos";"Rendimiento"
"2015-2016";"..";"Ciencias de la vida";"Ambos Sexos";"Rendimiento"
"2022-2023";"60.0";"Ciencias Físicas, químicas, geológicas";"Ambos Sexos";"Rendimiento"
"2021-2022";"55.41";"Ciencias Físicas, químicas, geológicas";"Ambos Sexos";"Rendimiento"
"2020-2021";"64.09";"Ciencias Físicas, químicas, geológicas";"Ambos Sexos";"Rendimiento"
"2019-2020";"57.79";"Ciencias Físicas, químicas, geológicas";"Ambos Sexos";"Rendimiento"
"2018-2019";"..";"Ciencias Físicas, químicas, geológicas";"Ambos Sexos";"Rendimiento"
"2017-2018";"..";"Ciencias Físicas, químicas, geológicas";"Ambos Sexos";"Rendimiento"
"2016-2017";"..";"Ciencias Físicas, químicas, geológicas";"Ambos Sexos";"Rendimiento"
"2015-2016";"..";"Ciencias Físicas, químicas, geológicas";"Ambos Sexos";"Rendimiento"
"2022-2023";"84.07";"Matemáticas y Estadística";"Ambos Sexos";"Rendimiento"
"2021-2022";"81.17";"Matemáticas y Estadística";"Ambos Sexos";"Rendimiento"
"2020-2021";"83.25";"Matemáticas y Estadística";"Ambos Sexos";"Rendimiento"
"2019-2020";"81.91";"Matemáticas y Estadística";"Ambos Sexos";"Rendimiento"
"2018-2019";"62.15";"Matemáticas y Estadística";"Ambos Sexos";"Rendimiento"
"2017-2018";"..";"Matemáticas y Estadística";"Ambos Sexos";"Rendimiento"
"2016-2017";"..";"Matemáticas y Estadística";"Ambos Sexos";"Rendimiento"
"2015-2016";"..";"Matemáticas y Estadística";"Ambos Sexos";"Rendimiento"
"2022-2023";"77.59";"Total Informática";"Ambos Sexos";"Rendimiento"
"2021-2022";"78.38";"Total Informática";"Ambos Sexos";"Rendimiento"
"2020-2021";"79.42";"Total Informática";"Ambos Sexos";"Rendimiento"
"2019-2020";"82.4";"Total Informática";"Ambos Sexos";"Rendimiento"
"2018-2019";"74.82";"Total Informática";"Ambos Sexos";"Rendimiento"
"2017-2018";"72.35";"Total Informática";"Ambos Sexos";"Rendimiento"
"2016-2017";"67.56";"Total Informática";"Ambos Sexos";"Rendimiento"
"2015-2016";"68.91";"Total Informática";"Ambos Sexos";"Rendimiento"
"2022-2023";"77.59";"Informática";"Ambos Sexos";"Rendimiento"
"2021-2022";"78.38";"Informática";"Ambos Sexos";"Rendimiento"
"2020-2021";"79.42";"Informática";"Ambos Sexos";"Rendimiento"
"2019-2020";"82.4";"Informática";"Ambos Sexos";"Rendimiento"
"2018-2019";"74.82";"Informática";"Ambos Sexos";"Rendimiento"
"2017-2018";"72.35";"Informática";"Ambos Sexos";"Rendimiento"
"2016-2017";"67.56";"Informática";"Ambos Sexos";"Rendimiento"
"2015-2016";"68.91";"Informática";"Ambos Sexos";"Rendimiento"
"2022-2023";"70.38";"Total Ingeniería, industria y construcción";"Ambos Sexos";"Rendimiento"
"2021-2022";"69.77";"Total Ingeniería, industria y construcción";"Ambos Sexos";"Rendimiento"
"2020-2021";"70.46";"Total Ingeniería, industria y construcción";"Ambos Sexos";"Rendimiento"
"2019-2020";"77.43";"Total Ingeniería, industria y construcción";"Ambos Sexos";"Rendimiento"
"2018-2019";"69.03";"Total Ingeniería, industria y construcción";"Ambos Sexos";"Rendimiento"
"2017-2018";"68.47";"Total Ingeniería, industria y construcción";"Ambos Sexos";"Rendimiento"
"2016-2017";"67.79";"Total Ingeniería, industria y construcción";"Ambos Sexos";"Rendimiento"
"2015-2016";"69.59";"Total Ingeniería, industria y construcción";"Ambos Sexos";"Rendimiento"
"2022-2023";"70.38";"Ingenierías";"Ambos Sexos";"Rendimiento"
"2021-2022";"69.77";"Ingenierías";"Ambos Sexos";"Rendimiento"
"2020-2021";"70.46";"Ingenierías";"Ambos Sexos";"Rendimiento"
"2019-2020";"77.43";"Ingenierías";"Ambos Sexos";"Rendimiento"
"2018-2019";"69.03";"Ingenierías";"Ambos Sexos";"Rendimiento"
"2017-2018";"68.47";"Ingenierías";"Ambos Sexos";"Rendimiento"
"2016-2017";"67.79";"Ingenierías";"Ambos Sexos";"Rendimiento"
"2015-2016";"69.59";"Ingenierías";"Ambos Sexos";"Rendimiento"
"2022-2023";"..";"Arquitectura y construcción";"Ambos Sexos";"Rendimiento"
"2021-2022";"..";"Arquitectura y construcción";"Ambos Sexos";"Rendimiento"
"2020-2021";"..";"Arquitectura y construcción";"Ambos Sexos";"Rendimiento"
"2019-2020";"..";"Arquitectura y construcción";"Ambos Sexos";"Rendimiento"
"2018-2019";"..";"Arquitectura y construcción";"Ambos Sexos";"Rendimiento"
"2017-2018";"..";"Arquitectura y construcción";"Ambos Sexos";"Rendimiento"
"2016-2017";"..";"Arquitectura y construcción";"Ambos Sexos";"Rendimiento"
"2015-2016";"..";"Arquitectura y construcción";"Ambos Sexos";"Rendimiento"
"2022-2023";"68.45";"Total Agricultura, ganadería,  silvicultura, pesca, y veterinaria";"Ambos Sexos";"Rendimiento"
"2021-2022";"68.69";"Total Agricultura, ganadería,  silvicultura, pesca, y veterinaria";"Ambos Sexos";"Rendimiento"
"2020-2021";"68.93";"Total Agricultura, ganadería,  silvicultura, pesca, y veterinaria";"Ambos Sexos";"Rendimiento"
"2019-2020";"75.62";"Total Agricultura, ganadería,  silvicultura, pesca, y veterinaria";"Ambos Sexos";"Rendimiento"
"2018-2019";"71.4";"Total Agricultura, ganadería,  silvicultura, pesca, y veterinaria";"Ambos Sexos";"Rendimiento"
"2017-2018";"69.86";"Total Agricultura, ganadería,  silvicultura, pesca, y veterinaria";"Ambos Sexos";"Rendimiento"
"2016-2017";"71.88";"Total Agricultura, ganadería,  silvicultura, pesca, y veterinaria";"Ambos Sexos";"Rendimiento"
"2015-2016";"72.86";"Total Agricultura, ganadería,  silvicultura, pesca, y veterinaria";"Ambos Sexos";"Rendimiento"
"2022-2023";"68.45";"Agricultura, ganadería y pesca";"Ambos Sexos";"Rendimiento"
"2021-2022";"68.69";"Agricultura, ganadería y pesca";"Ambos Sexos";"Rendimiento"
"2020-2021";"68.93";"Agricultura, ganadería y pesca";"Ambos Sexos";"Rendimiento"
"2019-2020";"75.62";"Agricultura, ganadería y pesca";"Ambos Sexos";"Rendimiento"
"2018-2019";"71.4";"Agricultura, ganadería y pesca";"Ambos Sexos";"Rendimiento"
"2017-2018";"69.86";"Agricultura, ganadería y pesca";"Ambos Sexos";"Rendimiento"
"2016-2017";"71.88";"Agricultura, ganadería y pesca";"Ambos Sexos";"Rendimiento"
"2015-2016";"72.86";"Agricultura, ganadería y pesca";"Ambos Sexos";"Rendimiento"
"2022-2023";"..";"Veterinaria";"Ambos Sexos";"Rendimiento"
"2021-2022";"..";"Veterinaria";"Ambos Sexos";"Rendimiento"
"2020-2021";"..";"Veterinaria";"Ambos Sexos";"Rendimiento"
"2019-2020";"..";"Veterinaria";"Ambos Sexos";"Rendimiento"
"2018-2019";"..";"Veterinaria";"Ambos Sexos";"Rendimiento"
"2017-2018";"..";"Veterinaria";"Ambos Sexos";"Rendimiento"
"2016-2017";"..";"Veterinaria";"Ambos Sexos";"Rendimiento"
"2015-2016";"..";"Veterinaria";"Ambos Sexos";"Rendimiento"
"2022-2023";"91.37";"Total Salud y servicios sociales";"Ambos Sexos";"Rendimiento"
"2021-2022";"91.45";"Total Salud y servicios sociales";"Ambos Sexos";"Rendimiento"
"2020-2021";"93.95";"Total Salud y servicios sociales";"Ambos Sexos";"Rendimiento"
"2019-2020";"93.22";"Total Salud y servicios sociales";"Ambos Sexos";"Rendimiento"
"2018-2019";"92.85";"Total Salud y servicios sociales";"Ambos Sexos";"Rendimiento"
"2017-2018";"92.48";"Total Salud y servicios sociales";"Ambos Sexos";"Rendimiento"
"2016-2017";"92.21";"Total Salud y servicios sociales";"Ambos Sexos";"Rendimiento"
"2015-2016";"92.26";"Total Salud y servicios sociales";"Ambos Sexos";"Rendimiento"
"2022-2023";"89.4";"Medicina";"Ambos Sexos";"Rendimiento"
"2021-2022";"89.91";"Medicina";"Ambos Sexos";"Rendimiento"
"2020-2021";"89.64";"Medicina";"Ambos Sexos";"Rendimiento"
"2019-2020";"94.06";"Medicina";"Ambos Sexos";"Rendimiento"
"2018-2019";"..";"Medicina";"Ambos Sexos";"Rendimiento"
"2017-2018";"..";"Medicina";"Ambos Sexos";"Rendimiento"
"2016-2017";"..";"Medicina";"Ambos Sexos";"Rendimiento"
"2015-2016";"..";"Medicina";"Ambos Sexos";"Rendimiento"
"2022-2023";"95.64";"Enfermería y atención a enfermos";"Ambos Sexos";"Rendimiento"
"2021-2022";"95.64";"Enfermería y atención a enfermos";"Ambos Sexos";"Rendimiento"
"2020-2021";"97.85";"Enfermería y atención a enfermos";"Ambos Sexos";"Rendimiento"
"2019-2020";"97.48";"Enfermería y atención a enfermos";"Ambos Sexos";"Rendimiento"
"2018-2019";"97.11";"Enfermería y atención a enfermos";"Ambos Sexos";"Rendimiento"
"2017-2018";"97.46";"Enfermería y atención a enfermos";"Ambos Sexos";"Rendimiento"
"2016-2017";"96.6";"Enfermería y atención a enfermos";"Ambos Sexos";"Rendimiento"
"2015-2016";"97.26";"Enfermería y atención a enfermos";"Ambos Sexos";"Rendimiento"
"2022-2023";"90.09";"Otras ciencias de la Salud";"Ambos Sexos";"Rendimiento"
"2021-2022";"90.9";"Otras ciencias de la Salud";"Ambos Sexos";"Rendimiento"
"2020-2021";"92.14";"Otras ciencias de la Salud";"Ambos Sexos";"Rendimiento"
"2019-2020";"92.9";"Otras ciencias de la Salud";"Ambos Sexos";"Rendimiento"
"2018-2019";"93.43";"Otras ciencias de la Salud";"Ambos Sexos";"Rendimiento"
"2017-2018";"92.78";"Otras ciencias de la Salud";"Ambos Sexos";"Rendimiento"
"2016-2017";"92.96";"Otras ciencias de la Salud";"Ambos Sexos";"Rendimiento"
"2015-2016";"91.18";"Otras ciencias de la Salud";"Ambos Sexos";"Rendimiento"
"2022-2023";"89.56";"Trabajo social y orientación";"Ambos Sexos";"Rendimiento"
"2021-2022";"88.44";"Trabajo social y orientación";"Ambos Sexos";"Rendimiento"
"2020-2021";"92.7";"Trabajo social y orientación";"Ambos Sexos";"Rendimiento"
"2019-2020";"89.02";"Trabajo social y orientación";"Ambos Sexos";"Rendimiento"
"2018-2019";"88.12";"Trabajo social y orientación";"Ambos Sexos";"Rendimiento"
"2017-2018";"87.17";"Trabajo social y orientación";"Ambos Sexos";"Rendimiento"
"2016-2017";"87.5";"Trabajo social y orientación";"Ambos Sexos";"Rendimiento"
"2015-2016";"87.96";"Trabajo social y orientación";"Ambos Sexos";"Rendimiento"
"2022-2023";"..";"Total Servicios";"Ambos Sexos";"Rendimiento"
"2021-2022";"..";"Total Servicios";"Ambos Sexos";"Rendimiento"
"2020-2021";"..";"Total Servicios";"Ambos Sexos";"Rendimiento"
"2019-2020";"..";"Total Servicios";"Ambos Sexos";"Rendimiento"
"2018-2019";"..";"Total Servicios";"Ambos Sexos";"Rendimiento"
"2017-2018";"..";"Total Servicios";"Ambos Sexos";"Rendimiento"
"2016-2017";"..";"Total Servicios";"Ambos Sexos";"Rendimiento"
"2015-2016";"..";"Total Servicios";"Ambos Sexos";"Rendimiento"
"2022-2023";"..";"Deportes";"Ambos Sexos";"Rendimiento"
"2021-2022";"..";"Deportes";"Ambos Sexos";"Rendimiento"
"2020-2021";"..";"Deportes";"Ambos Sexos";"Rendimiento"
"2019-2020";"..";"Deportes";"Ambos Sexos";"Rendimiento"
"2018-2019";"..";"Deportes";"Ambos Sexos";"Rendimiento"
"2017-2018";"..";"Deportes";"Ambos Sexos";"Rendimiento"
"2016-2017";"..";"Deportes";"Ambos Sexos";"Rendimiento"
"2015-2016";"..";"Deportes";"Ambos Sexos";"Rendimiento"
"2022-2023";"..";"Turismo y Hostelería";"Ambos Sexos";"Rendimiento"
"2021-2022";"..";"Turismo y Hostelería";"Ambos Sexos";"Rendimiento"
"2020-2021";"..";"Turismo y Hostelería";"Ambos Sexos";"Rendimiento"
"2019-2020";"..";"Turismo y Hostelería";"Ambos Sexos";"Rendimiento"
"2018-2019";"..";"Turismo y Hostelería";"Ambos Sexos";"Rendimiento"
"2017-2018";"..";"Turismo y Hostelería";"Ambos Sexos";"Rendimiento"
"2016-2017";"..";"Turismo y Hostelería";"Ambos Sexos";"Rendimiento"
"2015-2016";"..";"Turismo y Hostelería";"Ambos Sexos";"Rendimiento"
"2022-2023";"..";"Otros Servicios";"Ambos Sexos";"Rendimiento"
"2021-2022";"..";"Otros Servicios";"Ambos Sexos";"Rendimiento"
"2020-2021";"..";"Otros Servicios";"Ambos Sexos";"Rendimiento"
"2019-2020";"..";"Otros Servicios";"Ambos Sexos";"Rendimiento"
"2018-2019";"..";"Otros Servicios";"Ambos Sexos";"Rendimiento"
"2017-2018";"..";"Otros Servicios";"Ambos Sexos";"Rendimiento"
"2016-2017";"..";"Otros Servicios";"Ambos Sexos";"Rendimiento"
"2015-2016";"..";"Otros Servicios";"Ambos Sexos";"Rendimiento"
"2022-2023";"???";"Pública de Navarra";"Ambos Sexos";"Exito"
"2021-2022";"???";"Pública de Navarra";"Ambos Sexos";"Exito"
"2020-2021";"???";"Pública de Navarra";"Ambos Sexos";"Exito"
"2019-2020";"???";"Pública de Navarra";"Ambos Sexos";"Exito"
"2018-2019";"???";"Pública de Navarra";"Ambos Sexos";"Exito"
"2017-2018";"???";"Pública de Navarra";"Ambos Sexos";"Exito"
"2016-2017";"???";"Pública de Navarra";"Ambos Sexos";"Exito"
"2015-2016";"???";"Pública de Navarra";"Ambos Sexos";"Exito"
"2022-2023";"87.46";"Todos los ámbitos";"Ambos Sexos";"Exito"
"2021-2022";"87.43";"Todos los ámbitos";"Ambos Sexos";"Exito"
"2020-2021";"88.34";"Todos los ámbitos";"Ambos Sexos";"Exito"
"2019-2020";"90.27";"Todos los ámbitos";"Ambos Sexos";"Exito"
"2018-2019";"86.97";"Todos los ámbitos";"Ambos Sexos";"Exito"
"2017-2018";"86.65";"Todos los ámbitos";"Ambos Sexos";"Exito"
"2016-2017";"85.74";"Todos los ámbitos";"Ambos Sexos";"Exito"
"2015-2016";"86.82";"Todos los ámbitos";"Ambos Sexos";"Exito"
"2022-2023";"95.29";"Total Educación";"Ambos Sexos";"Exito"
"2021-2022";"95.3";"Total Educación";"Ambos Sexos";"Exito"
"2020-2021";"96.51";"Total Educación";"Ambos Sexos";"Exito"
"2019-2020";"95.46";"Total Educación";"Ambos Sexos";"Exito"
"2018-2019";"94.84";"Total Educación";"Ambos Sexos";"Exito"
"2017-2018";"93.96";"Total Educación";"Ambos Sexos";"Exito"
"2016-2017";"92.6";"Total Educación";"Ambos Sexos";"Exito"
"2015-2016";"92.9";"Total Educación";"Ambos Sexos";"Exito"
"2022-2023";"96.62";"Formación de docentes de enseñanza infantil";"Ambos Sexos";"Exito"
"2021-2022";"96.24";"Formación de docentes de enseñanza infantil";"Ambos Sexos";"Exito"
"2020-2021";"96.96";"Formación de docentes de enseñanza infantil";"Ambos Sexos";"Exito"
"2019-2020";"95.86";"Formación de docentes de enseñanza infantil";"Ambos Sexos";"Exito"
"2018-2019";"94.67";"Formación de docentes de enseñanza infantil";"Ambos Sexos";"Exito"
"2017-2018";"93.55";"Formación de docentes de enseñanza infantil";"Ambos Sexos";"Exito"
"2016-2017";"92.3";"Formación de docentes de enseñanza infantil";"Ambos Sexos";"Exito"
"2015-2016";"91.94";"Formación de docentes de enseñanza infantil";"Ambos Sexos";"Exito"
"2022-2023";"94.28";"Formación de docentes de enseñanza primaria";"Ambos Sexos";"Exito"
"2021-2022";"94.66";"Formación de docentes de enseñanza primaria";"Ambos Sexos";"Exito"
"2020-2021";"96.23";"Formación de docentes de enseñanza primaria";"Ambos Sexos";"Exito"
"2019-2020";"95.23";"Formación de docentes de enseñanza primaria";"Ambos Sexos";"Exito"
"2018-2019";"94.93";"Formación de docentes de enseñanza primaria";"Ambos Sexos";"Exito"
"2017-2018";"94.19";"Formación de docentes de enseñanza primaria";"Ambos Sexos";"Exito"
"2016-2017";"92.79";"Formación de docentes de enseñanza primaria";"Ambos Sexos";"Exito"
"2015-2016";"93.48";"Formación de docentes de enseñanza primaria";"Ambos Sexos";"Exito"
"2022-2023";"..";"Otra Formación de personal docente y ciencias de la educación";"Ambos Sexos";"Exito"
"2021-2022";"..";"Otra Formación de personal docente y ciencias de la educación";"Ambos Sexos";"Exito"
"2020-2021";"..";"Otra Formación de personal docente y ciencias de la educación";"Ambos Sexos";"Exito"
"2019-2020";"..";"Otra Formación de personal docente y ciencias de la educación";"Ambos Sexos";"Exito"
"2018-2019";"..";"Otra Formación de personal docente y ciencias de la educación";"Ambos Sexos";"Exito"
"2017-2018";"..";"Otra Formación de personal docente y ciencias de la educación";"Ambos Sexos";"Exito"
"2016-2017";"..";"Otra Formación de personal docente y ciencias de la educación";"Ambos Sexos";"Exito"
"2015-2016";"..";"Otra Formación de personal docente y ciencias de la educación";"Ambos Sexos";"Exito"
"2022-2023";"89.17";"Total Artes y humanidades";"Ambos Sexos";"Exito"
"2021-2022";"92.04";"Total Artes y humanidades";"Ambos Sexos";"Exito"
"2020-2021";"91.79";"Total Artes y humanidades";"Ambos Sexos";"Exito"
"2019-2020";"92.51";"Total Artes y humanidades";"Ambos Sexos";"Exito"
"2018-2019";"..";"Total Artes y humanidades";"Ambos Sexos";"Exito"
"2017-2018";"..";"Total Artes y humanidades";"Ambos Sexos";"Exito"
"2016-2017";"..";"Total Artes y humanidades";"Ambos Sexos";"Exito"
"2015-2016";"..";"Total Artes y humanidades";"Ambos Sexos";"Exito"
"2022-2023";"..";"Técnicas audiovisuales y medios de comunicación";"Ambos Sexos";"Exito"
"2021-2022";"..";"Técnicas audiovisuales y medios de comunicación";"Ambos Sexos";"Exito"
"2020-2021";"..";"Técnicas audiovisuales y medios de comunicación";"Ambos Sexos";"Exito"
"2019-2020";"..";"Técnicas audiovisuales y medios de comunicación";"Ambos Sexos";"Exito"
"2018-2019";"..";"Técnicas audiovisuales y medios de comunicación";"Ambos Sexos";"Exito"
"2017-2018";"..";"Técnicas audiovisuales y medios de comunicación";"Ambos Sexos";"Exito"
"2016-2017";"..";"Técnicas audiovisuales y medios de comunicación";"Ambos Sexos";"Exito"
"2015-2016";"..";"Técnicas audiovisuales y medios de comunicación";"Ambos Sexos";"Exito"
"2022-2023";"..";"Artes";"Ambos Sexos";"Exito"
"2021-2022";"..";"Artes";"Ambos Sexos";"Exito"
"2020-2021";"..";"Artes";"Ambos Sexos";"Exito"
"2019-2020";"..";"Artes";"Ambos Sexos";"Exito"
"2018-2019";"..";"Artes";"Ambos Sexos";"Exito"
"2017-2018";"..";"Artes";"Ambos Sexos";"Exito"
"2016-2017";"..";"Artes";"Ambos Sexos";"Exito"
"2015-2016";"..";"Artes";"Ambos Sexos";"Exito"
"2022-2023";"..";"Lenguas";"Ambos Sexos";"Exito"
"2021-2022";"..";"Lenguas";"Ambos Sexos";"Exito"
"2020-2021";"..";"Lenguas";"Ambos Sexos";"Exito"
"2019-2020";"..";"Lenguas";"Ambos Sexos";"Exito"
"2018-2019";"..";"Lenguas";"Ambos Sexos";"Exito"
"2017-2018";"..";"Lenguas";"Ambos Sexos";"Exito"
"2016-2017";"..";"Lenguas";"Ambos Sexos";"Exito"
"2015-2016";"..";"Lenguas";"Ambos Sexos";"Exito"
"2022-2023";"89.17";"Humanidades";"Ambos Sexos";"Exito"
"2021-2022";"92.04";"Humanidades";"Ambos Sexos";"Exito"
"2020-2021";"91.79";"Humanidades";"Ambos Sexos";"Exito"
"2019-2020";"92.51";"Humanidades";"Ambos Sexos";"Exito"
"2018-2019";"..";"Humanidades";"Ambos Sexos";"Exito"
"2017-2018";"..";"Humanidades";"Ambos Sexos";"Exito"
"2016-2017";"..";"Humanidades";"Ambos Sexos";"Exito"
"2015-2016";"..";"Humanidades";"Ambos Sexos";"Exito"
"2022-2023";"87.2";"Total Ciencias sociales, periodismo y documentación";"Ambos Sexos";"Exito"
"2021-2022";"86.62";"Total Ciencias sociales, periodismo y documentación";"Ambos Sexos";"Exito"
"2020-2021";"85.5";"Total Ciencias sociales, periodismo y documentación";"Ambos Sexos";"Exito"
"2019-2020";"88.35";"Total Ciencias sociales, periodismo y documentación";"Ambos Sexos";"Exito"
"2018-2019";"82.03";"Total Ciencias sociales, periodismo y documentación";"Ambos Sexos";"Exito"
"2017-2018";"80.09";"Total Ciencias sociales, periodismo y documentación";"Ambos Sexos";"Exito"
"2016-2017";"79.18";"Total Ciencias sociales, periodismo y documentación";"Ambos Sexos";"Exito"
"2015-2016";"83.17";"Total Ciencias sociales, periodismo y documentación";"Ambos Sexos";"Exito"
"2022-2023";"97.32";"Psicología";"Ambos Sexos";"Exito"
"2021-2022";"97.26";"Psicología";"Ambos Sexos";"Exito"
"2020-2021";"98.99";"Psicología";"Ambos Sexos";"Exito"
"2019-2020";"99.38";"Psicología";"Ambos Sexos";"Exito"
"2018-2019";"..";"Psicología";"Ambos Sexos";"Exito"
"2017-2018";"..";"Psicología";"Ambos Sexos";"Exito"
"2016-2017";"..";"Psicología";"Ambos Sexos";"Exito"
"2015-2016";"..";"Psicología";"Ambos Sexos";"Exito"
"2022-2023";"76.61";"Economía";"Ambos Sexos";"Exito"
"2021-2022";"75.54";"Economía";"Ambos Sexos";"Exito"
"2020-2021";"75.64";"Economía";"Ambos Sexos";"Exito"
"2019-2020";"83.35";"Economía";"Ambos Sexos";"Exito"
"2018-2019";"80.27";"Economía";"Ambos Sexos";"Exito"
"2017-2018";"79.25";"Economía";"Ambos Sexos";"Exito"
"2016-2017";"78.2";"Economía";"Ambos Sexos";"Exito"
"2015-2016";"81.98";"Economía";"Ambos Sexos";"Exito"
"2022-2023";"83.42";"Otras Ciencias sociales y del comportamiento";"Ambos Sexos";"Exito"
"2021-2022";"88.68";"Otras Ciencias sociales y del comportamiento";"Ambos Sexos";"Exito"
"2020-2021";"89.58";"Otras Ciencias sociales y del comportamiento";"Ambos Sexos";"Exito"
"2019-2020";"91.4";"Otras Ciencias sociales y del comportamiento";"Ambos Sexos";"Exito"
"2018-2019";"84.73";"Otras Ciencias sociales y del comportamiento";"Ambos Sexos";"Exito"
"2017-2018";"81.29";"Otras Ciencias sociales y del comportamiento";"Ambos Sexos";"Exito"
"2016-2017";"80.63";"Otras Ciencias sociales y del comportamiento";"Ambos Sexos";"Exito"
"2015-2016";"85.14";"Otras Ciencias sociales y del comportamiento";"Ambos Sexos";"Exito"
"2022-2023";"..";"Periodismo e información";"Ambos Sexos";"Exito"
"2021-2022";"..";"Periodismo e información";"Ambos Sexos";"Exito"
"2020-2021";"..";"Periodismo e información";"Ambos Sexos";"Exito"
"2019-2020";"..";"Periodismo e información";"Ambos Sexos";"Exito"
"2018-2019";"..";"Periodismo e información";"Ambos Sexos";"Exito"
"2017-2018";"..";"Periodismo e información";"Ambos Sexos";"Exito"
"2016-2017";"..";"Periodismo e información";"Ambos Sexos";"Exito"
"2015-2016";"..";"Periodismo e información";"Ambos Sexos";"Exito"
"2022-2023";"86.57";"Total Negocios, administración y derecho";"Ambos Sexos";"Exito"
"2021-2022";"86.68";"Total Negocios, administración y derecho";"Ambos Sexos";"Exito"
"2020-2021";"88.78";"Total Negocios, administración y derecho";"Ambos Sexos";"Exito"
"2019-2020";"90.58";"Total Negocios, administración y derecho";"Ambos Sexos";"Exito"
"2018-2019";"86.97";"Total Negocios, administración y derecho";"Ambos Sexos";"Exito"
"2017-2018";"87.2";"Total Negocios, administración y derecho";"Ambos Sexos";"Exito"
"2016-2017";"86.5";"Total Negocios, administración y derecho";"Ambos Sexos";"Exito"
"2015-2016";"87.57";"Total Negocios, administración y derecho";"Ambos Sexos";"Exito"
"2022-2023";"86.46";"Administración y gestión de empresas";"Ambos Sexos";"Exito"
"2021-2022";"85.93";"Administración y gestión de empresas";"Ambos Sexos";"Exito"
"2020-2021";"88.24";"Administración y gestión de empresas";"Ambos Sexos";"Exito"
"2019-2020";"90.3";"Administración y gestión de empresas";"Ambos Sexos";"Exito"
"2018-2019";"86.43";"Administración y gestión de empresas";"Ambos Sexos";"Exito"
"2017-2018";"86.91";"Administración y gestión de empresas";"Ambos Sexos";"Exito"
"2016-2017";"85.9";"Administración y gestión de empresas";"Ambos Sexos";"Exito"
"2015-2016";"84.95";"Administración y gestión de empresas";"Ambos Sexos";"Exito"
"2022-2023";"..";"Otra Educación comercial y empresarial";"Ambos Sexos";"Exito"
"2021-2022";"..";"Otra Educación comercial y empresarial";"Ambos Sexos";"Exito"
"2020-2021";"..";"Otra Educación comercial y empresarial";"Ambos Sexos";"Exito"
"2019-2020";"..";"Otra Educación comercial y empresarial";"Ambos Sexos";"Exito"
"2018-2019";"..";"Otra Educación comercial y empresarial";"Ambos Sexos";"Exito"
"2017-2018";"..";"Otra Educación comercial y empresarial";"Ambos Sexos";"Exito"
"2016-2017";"..";"Otra Educación comercial y empresarial";"Ambos Sexos";"Exito"
"2015-2016";"..";"Otra Educación comercial y empresarial";"Ambos Sexos";"Exito"
"2022-2023";"86.97";"Derecho";"Ambos Sexos";"Exito"
"2021-2022";"89.34";"Derecho";"Ambos Sexos";"Exito"
"2020-2021";"90.76";"Derecho";"Ambos Sexos";"Exito"
"2019-2020";"91.64";"Derecho";"Ambos Sexos";"Exito"
"2018-2019";"88.91";"Derecho";"Ambos Sexos";"Exito"
"2017-2018";"88.28";"Derecho";"Ambos Sexos";"Exito"
"2016-2017";"88.85";"Derecho";"Ambos Sexos";"Exito"
"2015-2016";"93.28";"Derecho";"Ambos Sexos";"Exito"
"2022-2023";"85.65";"Total Ciencias";"Ambos Sexos";"Exito"
"2021-2022";"86.59";"Total Ciencias";"Ambos Sexos";"Exito"
"2020-2021";"87.2";"Total Ciencias";"Ambos Sexos";"Exito"
"2019-2020";"82.88";"Total Ciencias";"Ambos Sexos";"Exito"
"2018-2019";"75.43";"Total Ciencias";"Ambos Sexos";"Exito"
"2017-2018";"..";"Total Ciencias";"Ambos Sexos";"Exito"
"2016-2017";"..";"Total Ciencias";"Ambos Sexos";"Exito"
"2015-2016";"..";"Total Ciencias";"Ambos Sexos";"Exito"
"2022-2023";"89.34";"Ciencias de la vida";"Ambos Sexos";"Exito"
"2021-2022";"92.82";"Ciencias de la vida";"Ambos Sexos";"Exito"
"2020-2021";"90.97";"Ciencias de la vida";"Ambos Sexos";"Exito"
"2019-2020";"90.12";"Ciencias de la vida";"Ambos Sexos";"Exito"
"2018-2019";"93.09";"Ciencias de la vida";"Ambos Sexos";"Exito"
"2017-2018";"..";"Ciencias de la vida";"Ambos Sexos";"Exito"
"2016-2017";"..";"Ciencias de la vida";"Ambos Sexos";"Exito"
"2015-2016";"..";"Ciencias de la vida";"Ambos Sexos";"Exito"
"2022-2023";"68.75";"Ciencias Físicas, químicas, geológicas";"Ambos Sexos";"Exito"
"2021-2022";"67.72";"Ciencias Físicas, químicas, geológicas";"Ambos Sexos";"Exito"
"2020-2021";"73.73";"Ciencias Físicas, químicas, geológicas";"Ambos Sexos";"Exito"
"2019-2020";"65.67";"Ciencias Físicas, químicas, geológicas";"Ambos Sexos";"Exito"
"2018-2019";"..";"Ciencias Físicas, químicas, geológicas";"Ambos Sexos";"Exito"
"2017-2018";"..";"Ciencias Físicas, químicas, geológicas";"Ambos Sexos";"Exito"
"2016-2017";"..";"Ciencias Físicas, químicas, geológicas";"Ambos Sexos";"Exito"
"2015-2016";"..";"Ciencias Físicas, químicas, geológicas";"Ambos Sexos";"Exito"
"2022-2023";"88.94";"Matemáticas y Estadística";"Ambos Sexos";"Exito"
"2021-2022";"88.69";"Matemáticas y Estadística";"Ambos Sexos";"Exito"
"2020-2021";"90.45";"Matemáticas y Estadística";"Ambos Sexos";"Exito"
"2019-2020";"86.55";"Matemáticas y Estadística";"Ambos Sexos";"Exito"
"2018-2019";"76.1";"Matemáticas y Estadística";"Ambos Sexos";"Exito"
"2017-2018";"..";"Matemáticas y Estadística";"Ambos Sexos";"Exito"
"2016-2017";"..";"Matemáticas y Estadística";"Ambos Sexos";"Exito"
"2015-2016";"..";"Matemáticas y Estadística";"Ambos Sexos";"Exito"
"2022-2023";"84.52";"Total Informática";"Ambos Sexos";"Exito"
"2021-2022";"86.28";"Total Informática";"Ambos Sexos";"Exito"
"2020-2021";"86.32";"Total Informática";"Ambos Sexos";"Exito"
"2019-2020";"88.28";"Total Informática";"Ambos Sexos";"Exito"
"2018-2019";"81.02";"Total Informática";"Ambos Sexos";"Exito"
"2017-2018";"81.05";"Total Informática";"Ambos Sexos";"Exito"
"2016-2017";"78.06";"Total Informática";"Ambos Sexos";"Exito"
"2015-2016";"79.42";"Total Informática";"Ambos Sexos";"Exito"
"2022-2023";"84.52";"Informática";"Ambos Sexos";"Exito"
"2021-2022";"86.28";"Informática";"Ambos Sexos";"Exito"
"2020-2021";"86.32";"Informática";"Ambos Sexos";"Exito"
"2019-2020";"88.28";"Informática";"Ambos Sexos";"Exito"
"2018-2019";"81.02";"Informática";"Ambos Sexos";"Exito"
"2017-2018";"81.05";"Informática";"Ambos Sexos";"Exito"
"2016-2017";"78.06";"Informática";"Ambos Sexos";"Exito"
"2015-2016";"79.42";"Informática";"Ambos Sexos";"Exito"
"2022-2023";"78.03";"Total Ingeniería, industria y construcción";"Ambos Sexos";"Exito"
"2021-2022";"77.71";"Total Ingeniería, industria y construcción";"Ambos Sexos";"Exito"
"2020-2021";"77.66";"Total Ingeniería, industria y construcción";"Ambos Sexos";"Exito"
"2019-2020";"83.78";"Total Ingeniería, industria y construcción";"Ambos Sexos";"Exito"
"2018-2019";"78.29";"Total Ingeniería, industria y construcción";"Ambos Sexos";"Exito"
"2017-2018";"78.28";"Total Ingeniería, industria y construcción";"Ambos Sexos";"Exito"
"2016-2017";"77.14";"Total Ingeniería, industria y construcción";"Ambos Sexos";"Exito"
"2015-2016";"78.98";"Total Ingeniería, industria y construcción";"Ambos Sexos";"Exito"
"2022-2023";"78.03";"Ingenierías";"Ambos Sexos";"Exito"
"2021-2022";"77.71";"Ingenierías";"Ambos Sexos";"Exito"
"2020-2021";"77.66";"Ingenierías";"Ambos Sexos";"Exito"
"2019-2020";"83.78";"Ingenierías";"Ambos Sexos";"Exito"
"2018-2019";"78.29";"Ingenierías";"Ambos Sexos";"Exito"
"2017-2018";"78.28";"Ingenierías";"Ambos Sexos";"Exito"
"2016-2017";"77.14";"Ingenierías";"Ambos Sexos";"Exito"
"2015-2016";"78.98";"Ingenierías";"Ambos Sexos";"Exito"
"2022-2023";"..";"Arquitectura y construcción";"Ambos Sexos";"Exito"
"2021-2022";"..";"Arquitectura y construcción";"Ambos Sexos";"Exito"
"2020-2021";"..";"Arquitectura y construcción";"Ambos Sexos";"Exito"
"2019-2020";"..";"Arquitectura y construcción";"Ambos Sexos";"Exito"
"2018-2019";"..";"Arquitectura y construcción";"Ambos Sexos";"Exito"
"2017-2018";"..";"Arquitectura y construcción";"Ambos Sexos";"Exito"
"2016-2017";"..";"Arquitectura y construcción";"Ambos Sexos";"Exito"
"2015-2016";"..";"Arquitectura y construcción";"Ambos Sexos";"Exito"
"2022-2023";"78.31";"Total Agricultura, ganadería,  silvicultura, pesca, y veterinaria";"Ambos Sexos";"Exito"
"2021-2022";"77.74";"Total Agricultura, ganadería,  silvicultura, pesca, y veterinaria";"Ambos Sexos";"Exito"
"2020-2021";"79.49";"Total Agricultura, ganadería,  silvicultura, pesca, y veterinaria";"Ambos Sexos";"Exito"
"2019-2020";"86.51";"Total Agricultura, ganadería,  silvicultura, pesca, y veterinaria";"Ambos Sexos";"Exito"
"2018-2019";"80.6";"Total Agricultura, ganadería,  silvicultura, pesca, y veterinaria";"Ambos Sexos";"Exito"
"2017-2018";"78.62";"Total Agricultura, ganadería,  silvicultura, pesca, y veterinaria";"Ambos Sexos";"Exito"
"2016-2017";"81.17";"Total Agricultura, ganadería,  silvicultura, pesca, y veterinaria";"Ambos Sexos";"Exito"
"2015-2016";"82.07";"Total Agricultura, ganadería,  silvicultura, pesca, y veterinaria";"Ambos Sexos";"Exito"
"2022-2023";"78.31";"Agricultura, ganadería y pesca";"Ambos Sexos";"Exito"
"2021-2022";"77.74";"Agricultura, ganadería y pesca";"Ambos Sexos";"Exito"
"2020-2021";"79.49";"Agricultura, ganadería y pesca";"Ambos Sexos";"Exito"
"2019-2020";"86.51";"Agricultura, ganadería y pesca";"Ambos Sexos";"Exito"
"2018-2019";"80.6";"Agricultura, ganadería y pesca";"Ambos Sexos";"Exito"
"2017-2018";"78.62";"Agricultura, ganadería y pesca";"Ambos Sexos";"Exito"
"2016-2017";"81.17";"Agricultura, ganadería y pesca";"Ambos Sexos";"Exito"
"2015-2016";"82.07";"Agricultura, ganadería y pesca";"Ambos Sexos";"Exito"
"2022-2023";"..";"Veterinaria";"Ambos Sexos";"Exito"
"2021-2022";"..";"Veterinaria";"Ambos Sexos";"Exito"
"2020-2021";"..";"Veterinaria";"Ambos Sexos";"Exito"
"2019-2020";"..";"Veterinaria";"Ambos Sexos";"Exito"
"2018-2019";"..";"Veterinaria";"Ambos Sexos";"Exito"
"2017-2018";"..";"Veterinaria";"Ambos Sexos";"Exito"
"2016-2017";"..";"Veterinaria";"Ambos Sexos";"Exito"
"2015-2016";"..";"Veterinaria";"Ambos Sexos";"Exito"
"2022-2023";"95.11";"Total Salud y servicios sociales";"Ambos Sexos";"Exito"
"2021-2022";"95.05";"Total Salud y servicios sociales";"Ambos Sexos";"Exito"
"2020-2021";"96.54";"Total Salud y servicios sociales";"Ambos Sexos";"Exito"
"2019-2020";"95.99";"Total Salud y servicios sociales";"Ambos Sexos";"Exito"
"2018-2019";"95.46";"Total Salud y servicios sociales";"Ambos Sexos";"Exito"
"2017-2018";"95.36";"Total Salud y servicios sociales";"Ambos Sexos";"Exito"
"2016-2017";"95.16";"Total Salud y servicios sociales";"Ambos Sexos";"Exito"
"2015-2016";"95.49";"Total Salud y servicios sociales";"Ambos Sexos";"Exito"
"2022-2023";"93.8";"Medicina";"Ambos Sexos";"Exito"
"2021-2022";"93.05";"Medicina";"Ambos Sexos";"Exito"
"2020-2021";"94.16";"Medicina";"Ambos Sexos";"Exito"
"2019-2020";"95.05";"Medicina";"Ambos Sexos";"Exito"
"2018-2019";"..";"Medicina";"Ambos Sexos";"Exito"
"2017-2018";"..";"Medicina";"Ambos Sexos";"Exito"
"2016-2017";"..";"Medicina";"Ambos Sexos";"Exito"
"2015-2016";"..";"Medicina";"Ambos Sexos";"Exito"
"2022-2023";"98.24";"Enfermería y atención a enfermos";"Ambos Sexos";"Exito"
"2021-2022";"98.45";"Enfermería y atención a enfermos";"Ambos Sexos";"Exito"
"2020-2021";"98.8";"Enfermería y atención a enfermos";"Ambos Sexos";"Exito"
"2019-2020";"98.53";"Enfermería y atención a enfermos";"Ambos Sexos";"Exito"
"2018-2019";"97.96";"Enfermería y atención a enfermos";"Ambos Sexos";"Exito"
"2017-2018";"98.6";"Enfermería y atención a enfermos";"Ambos Sexos";"Exito"
"2016-2017";"97.8";"Enfermería y atención a enfermos";"Ambos Sexos";"Exito"
"2015-2016";"98.14";"Enfermería y atención a enfermos";"Ambos Sexos";"Exito"
"2022-2023";"92.7";"Otras ciencias de la Salud";"Ambos Sexos";"Exito"
"2021-2022";"93.28";"Otras ciencias de la Salud";"Ambos Sexos";"Exito"
"2020-2021";"94.8";"Otras ciencias de la Salud";"Ambos Sexos";"Exito"
"2019-2020";"94.59";"Otras ciencias de la Salud";"Ambos Sexos";"Exito"
"2018-2019";"94.53";"Otras ciencias de la Salud";"Ambos Sexos";"Exito"
"2017-2018";"94.89";"Otras ciencias de la Salud";"Ambos Sexos";"Exito"
"2016-2017";"94.67";"Otras ciencias de la Salud";"Ambos Sexos";"Exito"
"2015-2016";"93.12";"Otras ciencias de la Salud";"Ambos Sexos";"Exito"
"2022-2023";"94.89";"Trabajo social y orientación";"Ambos Sexos";"Exito"
"2021-2022";"93.96";"Trabajo social y orientación";"Ambos Sexos";"Exito"
"2020-2021";"96.27";"Trabajo social y orientación";"Ambos Sexos";"Exito"
"2019-2020";"94.46";"Trabajo social y orientación";"Ambos Sexos";"Exito"
"2018-2019";"93.43";"Trabajo social y orientación";"Ambos Sexos";"Exito"
"2017-2018";"92.15";"Trabajo social y orientación";"Ambos Sexos";"Exito"
"2016-2017";"92.75";"Trabajo social y orientación";"Ambos Sexos";"Exito"
"2015-2016";"94.2";"Trabajo social y orientación";"Ambos Sexos";"Exito"
"2022-2023";"..";"Total Servicios";"Ambos Sexos";"Exito"
"2021-2022";"..";"Total Servicios";"Ambos Sexos";"Exito"
"2020-2021";"..";"Total Servicios";"Ambos Sexos";"Exito"
"2019-2020";"..";"Total Servicios";"Ambos Sexos";"Exito"
"2018-2019";"..";"Total Servicios";"Ambos Sexos";"Exito"
"2017-2018";"..";"Total Servicios";"Ambos Sexos";"Exito"
"2016-2017";"..";"Total Servicios";"Ambos Sexos";"Exito"
"2015-2016";"..";"Total Servicios";"Ambos Sexos";"Exito"
"2022-2023";"..";"Deportes";"Ambos Sexos";"Exito"
"2021-2022";"..";"Deportes";"Ambos Sexos";"Exito"
"2020-2021";"..";"Deportes";"Ambos Sexos";"Exito"
"2019-2020";"..";"Deportes";"Ambos Sexos";"Exito"
"2018-2019";"..";"Deportes";"Ambos Sexos";"Exito"
"2017-2018";"..";"Deportes";"Ambos Sexos";"Exito"
"2016-2017";"..";"Deportes";"Ambos Sexos";"Exito"
"2015-2016";"..";"Deportes";"Ambos Sexos";"Exito"
"2022-2023";"..";"Turismo y Hostelería";"Ambos Sexos";"Exito"
"2021-2022";"..";"Turismo y Hostelería";"Ambos Sexos";"Exito"
"2020-2021";"..";"Turismo y Hostelería";"Ambos Sexos";"Exito"
"2019-2020";"..";"Turismo y Hostelería";"Ambos Sexos";"Exito"
"2018-2019";"..";"Turismo y Hostelería";"Ambos Sexos";"Exito"
"2017-2018";"..";"Turismo y Hostelería";"Ambos Sexos";"Exito"
"2016-2017";"..";"Turismo y Hostelería";"Ambos Sexos";"Exito"
"2015-2016";"..";"Turismo y Hostelería";"Ambos Sexos";"Exito"
"2022-2023";"..";"Otros Servicios";"Ambos Sexos";"Exito"
"2021-2022";"..";"Otros Servicios";"Ambos Sexos";"Exito"
"2020-2021";"..";"Otros Servicios";"Ambos Sexos";"Exito"
"2019-2020";"..";"Otros Servicios";"Ambos Sexos";"Exito"
"2018-2019";"..";"Otros Servicios";"Ambos Sexos";"Exito"
"2017-2018";"..";"Otros Servicios";"Ambos Sexos";"Exito"
"2016-2017";"..";"Otros Servicios";"Ambos Sexos";"Exito"
"2015-2016";"..";"Otros Servicios";"Ambos Sexos";"Exito"
"2022-2023";"???";"Pública de Navarra";"Ambos Sexos";"Evaluacion"
"2021-2022";"???";"Pública de Navarra";"Ambos Sexos";"Evaluacion"
"2020-2021";"???";"Pública de Navarra";"Ambos Sexos";"Evaluacion"
"2019-2020";"???";"Pública de Navarra";"Ambos Sexos";"Evaluacion"
"2018-2019";"???";"Pública de Navarra";"Ambos Sexos";"Evaluacion"
"2017-2018";"???";"Pública de Navarra";"Ambos Sexos";"Evaluacion"
"2016-2017";"???";"Pública de Navarra";"Ambos Sexos";"Evaluacion"
"2015-2016";"???";"Pública de Navarra";"Ambos Sexos";"Evaluacion"
"2022-2023";"93.41";"Todos los ámbitos";"Ambos Sexos";"Evaluacion"
"2021-2022";"93.1";"Todos los ámbitos";"Ambos Sexos";"Evaluacion"
"2020-2021";"94.06";"Todos los ámbitos";"Ambos Sexos";"Evaluacion"
"2019-2020";"94.28";"Todos los ámbitos";"Ambos Sexos";"Evaluacion"
"2018-2019";"92.63";"Todos los ámbitos";"Ambos Sexos";"Evaluacion"
"2017-2018";"92.45";"Todos los ámbitos";"Ambos Sexos";"Evaluacion"
"2016-2017";"92.57";"Todos los ámbitos";"Ambos Sexos";"Evaluacion"
"2015-2016";"92.63";"Todos los ámbitos";"Ambos Sexos";"Evaluacion"
"2022-2023";"96.97";"Total Educación";"Ambos Sexos";"Evaluacion"
"2021-2022";"96.83";"Total Educación";"Ambos Sexos";"Evaluacion"
"2020-2021";"97.52";"Total Educación";"Ambos Sexos";"Evaluacion"
"2019-2020";"96.69";"Total Educación";"Ambos Sexos";"Evaluacion"
"2018-2019";"96.02";"Total Educación";"Ambos Sexos";"Evaluacion"
"2017-2018";"95.72";"Total Educación";"Ambos Sexos";"Evaluacion"
"2016-2017";"95.19";"Total Educación";"Ambos Sexos";"Evaluacion"
"2015-2016";"95.64";"Total Educación";"Ambos Sexos";"Evaluacion"
"2022-2023";"97.9";"Formación de docentes de enseñanza infantil";"Ambos Sexos";"Evaluacion"
"2021-2022";"97.29";"Formación de docentes de enseñanza infantil";"Ambos Sexos";"Evaluacion"
"2020-2021";"98.06";"Formación de docentes de enseñanza infantil";"Ambos Sexos";"Evaluacion"
"2019-2020";"96.15";"Formación de docentes de enseñanza infantil";"Ambos Sexos";"Evaluacion"
"2018-2019";"95.63";"Formación de docentes de enseñanza infantil";"Ambos Sexos";"Evaluacion"
"2017-2018";"95.38";"Formación de docentes de enseñanza infantil";"Ambos Sexos";"Evaluacion"
"2016-2017";"94.87";"Formación de docentes de enseñanza infantil";"Ambos Sexos";"Evaluacion"
"2015-2016";"95.66";"Formación de docentes de enseñanza infantil";"Ambos Sexos";"Evaluacion"
"2022-2023";"96.28";"Formación de docentes de enseñanza primaria";"Ambos Sexos";"Evaluacion"
"2021-2022";"96.51";"Formación de docentes de enseñanza primaria";"Ambos Sexos";"Evaluacion"
"2020-2021";"97.19";"Formación de docentes de enseñanza primaria";"Ambos Sexos";"Evaluacion"
"2019-2020";"97.01";"Formación de docentes de enseñanza primaria";"Ambos Sexos";"Evaluacion"
"2018-2019";"96.25";"Formación de docentes de enseñanza primaria";"Ambos Sexos";"Evaluacion"
"2017-2018";"95.92";"Formación de docentes de enseñanza primaria";"Ambos Sexos";"Evaluacion"
"2016-2017";"95.39";"Formación de docentes de enseñanza primaria";"Ambos Sexos";"Evaluacion"
"2015-2016";"95.63";"Formación de docentes de enseñanza primaria";"Ambos Sexos";"Evaluacion"
"2022-2023";"..";"Otra Formación de personal docente y ciencias de la educación";"Ambos Sexos";"Evaluacion"
"2021-2022";"..";"Otra Formación de personal docente y ciencias de la educación";"Ambos Sexos";"Evaluacion"
"2020-2021";"..";"Otra Formación de personal docente y ciencias de la educación";"Ambos Sexos";"Evaluacion"
"2019-2020";"..";"Otra Formación de personal docente y ciencias de la educación";"Ambos Sexos";"Evaluacion"
"2018-2019";"..";"Otra Formación de personal docente y ciencias de la educación";"Ambos Sexos";"Evaluacion"
"2017-2018";"..";"Otra Formación de personal docente y ciencias de la educación";"Ambos Sexos";"Evaluacion"
"2016-2017";"..";"Otra Formación de personal docente y ciencias de la educación";"Ambos Sexos";"Evaluacion"
"2015-2016";"..";"Otra Formación de personal docente y ciencias de la educación";"Ambos Sexos";"Evaluacion"
"2022-2023";"91.08";"Total Artes y humanidades";"Ambos Sexos";"Evaluacion"
"2021-2022";"94.07";"Total Artes y humanidades";"Ambos Sexos";"Evaluacion"
"2020-2021";"91.54";"Total Artes y humanidades";"Ambos Sexos";"Evaluacion"
"2019-2020";"93.8";"Total Artes y humanidades";"Ambos Sexos";"Evaluacion"
"2018-2019";"..";"Total Artes y humanidades";"Ambos Sexos";"Evaluacion"
"2017-2018";"..";"Total Artes y humanidades";"Ambos Sexos";"Evaluacion"
"2016-2017";"..";"Total Artes y humanidades";"Ambos Sexos";"Evaluacion"
"2015-2016";"..";"Total Artes y humanidades";"Ambos Sexos";"Evaluacion"
"2022-2023";"..";"Técnicas audiovisuales y medios de comunicación";"Ambos Sexos";"Evaluacion"
"2021-2022";"..";"Técnicas audiovisuales y medios de comunicación";"Ambos Sexos";"Evaluacion"
"2020-2021";"..";"Técnicas audiovisuales y medios de comunicación";"Ambos Sexos";"Evaluacion"
"2019-2020";"..";"Técnicas audiovisuales y medios de comunicación";"Ambos Sexos";"Evaluacion"
"2018-2019";"..";"Técnicas audiovisuales y medios de comunicación";"Ambos Sexos";"Evaluacion"
"2017-2018";"..";"Técnicas audiovisuales y medios de comunicación";"Ambos Sexos";"Evaluacion"
"2016-2017";"..";"Técnicas audiovisuales y medios de comunicación";"Ambos Sexos";"Evaluacion"
"2015-2016";"..";"Técnicas audiovisuales y medios de comunicación";"Ambos Sexos";"Evaluacion"
"2022-2023";"..";"Artes";"Ambos Sexos";"Evaluacion"
"2021-2022";"..";"Artes";"Ambos Sexos";"Evaluacion"
"2020-2021";"..";"Artes";"Ambos Sexos";"Evaluacion"
"2019-2020";"..";"Artes";"Ambos Sexos";"Evaluacion"
"2018-2019";"..";"Artes";"Ambos Sexos";"Evaluacion"
"2017-2018";"..";"Artes";"Ambos Sexos";"Evaluacion"
"2016-2017";"..";"Artes";"Ambos Sexos";"Evaluacion"
"2015-2016";"..";"Artes";"Ambos Sexos";"Evaluacion"
"2022-2023";"..";"Lenguas";"Ambos Sexos";"Evaluacion"
"2021-2022";"..";"Lenguas";"Ambos Sexos";"Evaluacion"
"2020-2021";"..";"Lenguas";"Ambos Sexos";"Evaluacion"
"2019-2020";"..";"Lenguas";"Ambos Sexos";"Evaluacion"
"2018-2019";"..";"Lenguas";"Ambos Sexos";"Evaluacion"
"2017-2018";"..";"Lenguas";"Ambos Sexos";"Evaluacion"
"2016-2017";"..";"Lenguas";"Ambos Sexos";"Evaluacion"
"2015-2016";"..";"Lenguas";"Ambos Sexos";"Evaluacion"
"2022-2023";"91.08";"Humanidades";"Ambos Sexos";"Evaluacion"
"2021-2022";"94.07";"Humanidades";"Ambos Sexos";"Evaluacion"
"2020-2021";"91.54";"Humanidades";"Ambos Sexos";"Evaluacion"
"2019-2020";"93.8";"Humanidades";"Ambos Sexos";"Evaluacion"
"2018-2019";"..";"Humanidades";"Ambos Sexos";"Evaluacion"
"2017-2018";"..";"Humanidades";"Ambos Sexos";"Evaluacion"
"2016-2017";"..";"Humanidades";"Ambos Sexos";"Evaluacion"
"2015-2016";"..";"Humanidades";"Ambos Sexos";"Evaluacion"
"2022-2023";"91.33";"Total Ciencias sociales, periodismo y documentación";"Ambos Sexos";"Evaluacion"
"2021-2022";"89.83";"Total Ciencias sociales, periodismo y documentación";"Ambos Sexos";"Evaluacion"
"2020-2021";"91.75";"Total Ciencias sociales, periodismo y documentación";"Ambos Sexos";"Evaluacion"
"2019-2020";"91.44";"Total Ciencias sociales, periodismo y documentación";"Ambos Sexos";"Evaluacion"
"2018-2019";"86.08";"Total Ciencias sociales, periodismo y documentación";"Ambos Sexos";"Evaluacion"
"2017-2018";"89.22";"Total Ciencias sociales, periodismo y documentación";"Ambos Sexos";"Evaluacion"
"2016-2017";"89.43";"Total Ciencias sociales, periodismo y documentación";"Ambos Sexos";"Evaluacion"
"2015-2016";"91.2";"Total Ciencias sociales, periodismo y documentación";"Ambos Sexos";"Evaluacion"
"2022-2023";"98.52";"Psicología";"Ambos Sexos";"Evaluacion"
"2021-2022";"97.5";"Psicología";"Ambos Sexos";"Evaluacion"
"2020-2021";"98.2";"Psicología";"Ambos Sexos";"Evaluacion"
"2019-2020";"97.17";"Psicología";"Ambos Sexos";"Evaluacion"
"2018-2019";"..";"Psicología";"Ambos Sexos";"Evaluacion"
"2017-2018";"..";"Psicología";"Ambos Sexos";"Evaluacion"
"2016-2017";"..";"Psicología";"Ambos Sexos";"Evaluacion"
"2015-2016";"..";"Psicología";"Ambos Sexos";"Evaluacion"
"2022-2023";"87.22";"Economía";"Ambos Sexos";"Evaluacion"
"2021-2022";"83.3";"Economía";"Ambos Sexos";"Evaluacion"
"2020-2021";"90.64";"Economía";"Ambos Sexos";"Evaluacion"
"2019-2020";"91.13";"Economía";"Ambos Sexos";"Evaluacion"
"2018-2019";"87.52";"Economía";"Ambos Sexos";"Evaluacion"
"2017-2018";"91.18";"Economía";"Ambos Sexos";"Evaluacion"
"2016-2017";"88.94";"Economía";"Ambos Sexos";"Evaluacion"
"2015-2016";"89.87";"Economía";"Ambos Sexos";"Evaluacion"
"2022-2023";"85.78";"Otras Ciencias sociales y del comportamiento";"Ambos Sexos";"Evaluacion"
"2021-2022";"90.76";"Otras Ciencias sociales y del comportamiento";"Ambos Sexos";"Evaluacion"
"2020-2021";"88.43";"Otras Ciencias sociales y del comportamiento";"Ambos Sexos";"Evaluacion"
"2019-2020";"89.67";"Otras Ciencias sociales y del comportamiento";"Ambos Sexos";"Evaluacion"
"2018-2019";"83.95";"Otras Ciencias sociales y del comportamiento";"Ambos Sexos";"Evaluacion"
"2017-2018";"86.55";"Otras Ciencias sociales y del comportamiento";"Ambos Sexos";"Evaluacion"
"2016-2017";"90.16";"Otras Ciencias sociales y del comportamiento";"Ambos Sexos";"Evaluacion"
"2015-2016";"93.46";"Otras Ciencias sociales y del comportamiento";"Ambos Sexos";"Evaluacion"
"2022-2023";"..";"Periodismo e información";"Ambos Sexos";"Evaluacion"
"2021-2022";"..";"Periodismo e información";"Ambos Sexos";"Evaluacion"
"2020-2021";"..";"Periodismo e información";"Ambos Sexos";"Evaluacion"
"2019-2020";"..";"Periodismo e información";"Ambos Sexos";"Evaluacion"
"2018-2019";"..";"Periodismo e información";"Ambos Sexos";"Evaluacion"
"2017-2018";"..";"Periodismo e información";"Ambos Sexos";"Evaluacion"
"2016-2017";"..";"Periodismo e información";"Ambos Sexos";"Evaluacion"
"2015-2016";"..";"Periodismo e información";"Ambos Sexos";"Evaluacion"
"2022-2023";"93.96";"Total Negocios, administración y derecho";"Ambos Sexos";"Evaluacion"
"2021-2022";"93.8";"Total Negocios, administración y derecho";"Ambos Sexos";"Evaluacion"
"2020-2021";"95.13";"Total Negocios, administración y derecho";"Ambos Sexos";"Evaluacion"
"2019-2020";"94.56";"Total Negocios, administración y derecho";"Ambos Sexos";"Evaluacion"
"2018-2019";"93.96";"Total Negocios, administración y derecho";"Ambos Sexos";"Evaluacion"
"2017-2018";"94.07";"Total Negocios, administración y derecho";"Ambos Sexos";"Evaluacion"
"2016-2017";"95.18";"Total Negocios, administración y derecho";"Ambos Sexos";"Evaluacion"
"2015-2016";"94.75";"Total Negocios, administración y derecho";"Ambos Sexos";"Evaluacion"
"2022-2023";"94.69";"Administración y gestión de empresas";"Ambos Sexos";"Evaluacion"
"2021-2022";"93.9";"Administración y gestión de empresas";"Ambos Sexos";"Evaluacion"
"2020-2021";"95.54";"Administración y gestión de empresas";"Ambos Sexos";"Evaluacion"
"2019-2020";"94.78";"Administración y gestión de empresas";"Ambos Sexos";"Evaluacion"
"2018-2019";"93.87";"Administración y gestión de empresas";"Ambos Sexos";"Evaluacion"
"2017-2018";"94.24";"Administración y gestión de empresas";"Ambos Sexos";"Evaluacion"
"2016-2017";"95.05";"Administración y gestión de empresas";"Ambos Sexos";"Evaluacion"
"2015-2016";"93.72";"Administración y gestión de empresas";"Ambos Sexos";"Evaluacion"
"2022-2023";"..";"Otra Educación comercial y empresarial";"Ambos Sexos";"Evaluacion"
"2021-2022";"..";"Otra Educación comercial y empresarial";"Ambos Sexos";"Evaluacion"
"2020-2021";"..";"Otra Educación comercial y empresarial";"Ambos Sexos";"Evaluacion"
"2019-2020";"..";"Otra Educación comercial y empresarial";"Ambos Sexos";"Evaluacion"
"2018-2019";"..";"Otra Educación comercial y empresarial";"Ambos Sexos";"Evaluacion"
"2017-2018";"..";"Otra Educación comercial y empresarial";"Ambos Sexos";"Evaluacion"
"2016-2017";"..";"Otra Educación comercial y empresarial";"Ambos Sexos";"Evaluacion"
"2015-2016";"..";"Otra Educación comercial y empresarial";"Ambos Sexos";"Evaluacion"
"2022-2023";"91.44";"Derecho";"Ambos Sexos";"Evaluacion"
"2021-2022";"93.46";"Derecho";"Ambos Sexos";"Evaluacion"
"2020-2021";"93.67";"Derecho";"Ambos Sexos";"Evaluacion"
"2019-2020";"93.77";"Derecho";"Ambos Sexos";"Evaluacion"
"2018-2019";"94.28";"Derecho";"Ambos Sexos";"Evaluacion"
"2017-2018";"93.46";"Derecho";"Ambos Sexos";"Evaluacion"
"2016-2017";"95.7";"Derecho";"Ambos Sexos";"Evaluacion"
"2015-2016";"97.08";"Derecho";"Ambos Sexos";"Evaluacion"
"2022-2023";"94.41";"Total Ciencias";"Ambos Sexos";"Evaluacion"
"2021-2022";"92.24";"Total Ciencias";"Ambos Sexos";"Evaluacion"
"2020-2021";"92.57";"Total Ciencias";"Ambos Sexos";"Evaluacion"
"2019-2020";"92.34";"Total Ciencias";"Ambos Sexos";"Evaluacion"
"2018-2019";"85.2";"Total Ciencias";"Ambos Sexos";"Evaluacion"
"2017-2018";"..";"Total Ciencias";"Ambos Sexos";"Evaluacion"
"2016-2017";"..";"Total Ciencias";"Ambos Sexos";"Evaluacion"
"2015-2016";"..";"Total Ciencias";"Ambos Sexos";"Evaluacion"
"2022-2023";"97.73";"Ciencias de la vida";"Ambos Sexos";"Evaluacion"
"2021-2022";"98.48";"Ciencias de la vida";"Ambos Sexos";"Evaluacion"
"2020-2021";"96.27";"Ciencias de la vida";"Ambos Sexos";"Evaluacion"
"2019-2020";"93.03";"Ciencias de la vida";"Ambos Sexos";"Evaluacion"
"2018-2019";"93.18";"Ciencias de la vida";"Ambos Sexos";"Evaluacion"
"2017-2018";"..";"Ciencias de la vida";"Ambos Sexos";"Evaluacion"
"2016-2017";"..";"Ciencias de la vida";"Ambos Sexos";"Evaluacion"
"2015-2016";"..";"Ciencias de la vida";"Ambos Sexos";"Evaluacion"
"2022-2023";"87.27";"Ciencias Físicas, químicas, geológicas";"Ambos Sexos";"Evaluacion"
"2021-2022";"81.82";"Ciencias Físicas, químicas, geológicas";"Ambos Sexos";"Evaluacion"
"2020-2021";"86.92";"Ciencias Físicas, químicas, geológicas";"Ambos Sexos";"Evaluacion"
"2019-2020";"88.01";"Ciencias Físicas, químicas, geológicas";"Ambos Sexos";"Evaluacion"
"2018-2019";"..";"Ciencias Físicas, químicas, geológicas";"Ambos Sexos";"Evaluacion"
"2017-2018";"..";"Ciencias Físicas, químicas, geológicas";"Ambos Sexos";"Evaluacion"
"2016-2017";"..";"Ciencias Físicas, químicas, geológicas";"Ambos Sexos";"Evaluacion"
"2015-2016";"..";"Ciencias Físicas, químicas, geológicas";"Ambos Sexos";"Evaluacion"
"2022-2023";"94.52";"Matemáticas y Estadística";"Ambos Sexos";"Evaluacion"
"2021-2022";"91.52";"Matemáticas y Estadística";"Ambos Sexos";"Evaluacion"
"2020-2021";"92.05";"Matemáticas y Estadística";"Ambos Sexos";"Evaluacion"
"2019-2020";"94.64";"Matemáticas y Estadística";"Ambos Sexos";"Evaluacion"
"2018-2019";"81.67";"Matemáticas y Estadística";"Ambos Sexos";"Evaluacion"
"2017-2018";"..";"Matemáticas y Estadística";"Ambos Sexos";"Evaluacion"
"2016-2017";"..";"Matemáticas y Estadística";"Ambos Sexos";"Evaluacion"
"2015-2016";"..";"Matemáticas y Estadística";"Ambos Sexos";"Evaluacion"
"2022-2023";"91.81";"Total Informática";"Ambos Sexos";"Evaluacion"
"2021-2022";"90.85";"Total Informática";"Ambos Sexos";"Evaluacion"
"2020-2021";"92.0";"Total Informática";"Ambos Sexos";"Evaluacion"
"2019-2020";"93.35";"Total Informática";"Ambos Sexos";"Evaluacion"
"2018-2019";"92.35";"Total Informática";"Ambos Sexos";"Evaluacion"
"2017-2018";"89.26";"Total Informática";"Ambos Sexos";"Evaluacion"
"2016-2017";"86.56";"Total Informática";"Ambos Sexos";"Evaluacion"
"2015-2016";"86.77";"Total Informática";"Ambos Sexos";"Evaluacion"
"2022-2023";"91.81";"Informática";"Ambos Sexos";"Evaluacion"
"2021-2022";"90.85";"Informática";"Ambos Sexos";"Evaluacion"
"2020-2021";"92.0";"Informática";"Ambos Sexos";"Evaluacion"
"2019-2020";"93.35";"Informática";"Ambos Sexos";"Evaluacion"
"2018-2019";"92.35";"Informática";"Ambos Sexos";"Evaluacion"
"2017-2018";"89.26";"Informática";"Ambos Sexos";"Evaluacion"
"2016-2017";"86.56";"Informática";"Ambos Sexos";"Evaluacion"
"2015-2016";"86.77";"Informática";"Ambos Sexos";"Evaluacion"
"2022-2023";"90.2";"Total Ingeniería, industria y construcción";"Ambos Sexos";"Evaluacion"
"2021-2022";"89.78";"Total Ingeniería, industria y construcción";"Ambos Sexos";"Evaluacion"
"2020-2021";"90.72";"Total Ingeniería, industria y construcción";"Ambos Sexos";"Evaluacion"
"2019-2020";"92.43";"Total Ingeniería, industria y construcción";"Ambos Sexos";"Evaluacion"
"2018-2019";"88.17";"Total Ingeniería, industria y construcción";"Ambos Sexos";"Evaluacion"
"2017-2018";"87.47";"Total Ingeniería, industria y construcción";"Ambos Sexos";"Evaluacion"
"2016-2017";"87.87";"Total Ingeniería, industria y construcción";"Ambos Sexos";"Evaluacion"
"2015-2016";"88.12";"Total Ingeniería, industria y construcción";"Ambos Sexos";"Evaluacion"
"2022-2023";"90.2";"Ingenierías";"Ambos Sexos";"Evaluacion"
"2021-2022";"89.78";"Ingenierías";"Ambos Sexos";"Evaluacion"
"2020-2021";"90.72";"Ingenierías";"Ambos Sexos";"Evaluacion"
"2019-2020";"92.43";"Ingenierías";"Ambos Sexos";"Evaluacion"
"2018-2019";"88.17";"Ingenierías";"Ambos Sexos";"Evaluacion"
"2017-2018";"87.47";"Ingenierías";"Ambos Sexos";"Evaluacion"
"2016-2017";"87.87";"Ingenierías";"Ambos Sexos";"Evaluacion"
"2015-2016";"88.12";"Ingenierías";"Ambos Sexos";"Evaluacion"
"2022-2023";"..";"Arquitectura y construcción";"Ambos Sexos";"Evaluacion"
"2021-2022";"..";"Arquitectura y construcción";"Ambos Sexos";"Evaluacion"
"2020-2021";"..";"Arquitectura y construcción";"Ambos Sexos";"Evaluacion"
"2019-2020";"..";"Arquitectura y construcción";"Ambos Sexos";"Evaluacion"
"2018-2019";"..";"Arquitectura y construcción";"Ambos Sexos";"Evaluacion"
"2017-2018";"..";"Arquitectura y construcción";"Ambos Sexos";"Evaluacion"
"2016-2017";"..";"Arquitectura y construcción";"Ambos Sexos";"Evaluacion"
"2015-2016";"..";"Arquitectura y construcción";"Ambos Sexos";"Evaluacion"
"2022-2023";"87.41";"Total Agricultura, ganadería,  silvicultura, pesca, y veterinaria";"Ambos Sexos";"Evaluacion"
"2021-2022";"88.36";"Total Agricultura, ganadería,  silvicultura, pesca, y veterinaria";"Ambos Sexos";"Evaluacion"
"2020-2021";"86.71";"Total Agricultura, ganadería,  silvicultura, pesca, y veterinaria";"Ambos Sexos";"Evaluacion"
"2019-2020";"87.41";"Total Agricultura, ganadería,  silvicultura, pesca, y veterinaria";"Ambos Sexos";"Evaluacion"
"2018-2019";"88.59";"Total Agricultura, ganadería,  silvicultura, pesca, y veterinaria";"Ambos Sexos";"Evaluacion"
"2017-2018";"88.87";"Total Agricultura, ganadería,  silvicultura, pesca, y veterinaria";"Ambos Sexos";"Evaluacion"
"2016-2017";"88.55";"Total Agricultura, ganadería,  silvicultura, pesca, y veterinaria";"Ambos Sexos";"Evaluacion"
"2015-2016";"88.78";"Total Agricultura, ganadería,  silvicultura, pesca, y veterinaria";"Ambos Sexos";"Evaluacion"
"2022-2023";"87.41";"Agricultura, ganadería y pesca";"Ambos Sexos";"Evaluacion"
"2021-2022";"88.36";"Agricultura, ganadería y pesca";"Ambos Sexos";"Evaluacion"
"2020-2021";"86.71";"Agricultura, ganadería y pesca";"Ambos Sexos";"Evaluacion"
"2019-2020";"87.41";"Agricultura, ganadería y pesca";"Ambos Sexos";"Evaluacion"
"2018-2019";"88.59";"Agricultura, ganadería y pesca";"Ambos Sexos";"Evaluacion"
"2017-2018";"88.87";"Agricultura, ganadería y pesca";"Ambos Sexos";"Evaluacion"
"2016-2017";"88.55";"Agricultura, ganadería y pesca";"Ambos Sexos";"Evaluacion"
"2015-2016";"88.78";"Agricultura, ganadería y pesca";"Ambos Sexos";"Evaluacion"
"2022-2023";"..";"Veterinaria";"Ambos Sexos";"Evaluacion"
"2021-2022";"..";"Veterinaria";"Ambos Sexos";"Evaluacion"
"2020-2021";"..";"Veterinaria";"Ambos Sexos";"Evaluacion"
"2019-2020";"..";"Veterinaria";"Ambos Sexos";"Evaluacion"
"2018-2019";"..";"Veterinaria";"Ambos Sexos";"Evaluacion"
"2017-2018";"..";"Veterinaria";"Ambos Sexos";"Evaluacion"
"2016-2017";"..";"Veterinaria";"Ambos Sexos";"Evaluacion"
"2015-2016";"..";"Veterinaria";"Ambos Sexos";"Evaluacion"
"2022-2023";"96.06";"Total Salud y servicios sociales";"Ambos Sexos";"Evaluacion"
"2021-2022";"96.22";"Total Salud y servicios sociales";"Ambos Sexos";"Evaluacion"
"2020-2021";"97.31";"Total Salud y servicios sociales";"Ambos Sexos";"Evaluacion"
"2019-2020";"97.11";"Total Salud y servicios sociales";"Ambos Sexos";"Evaluacion"
"2018-2019";"97.26";"Total Salud y servicios sociales";"Ambos Sexos";"Evaluacion"
"2017-2018";"96.98";"Total Salud y servicios sociales";"Ambos Sexos";"Evaluacion"
"2016-2017";"96.9";"Total Salud y servicios sociales";"Ambos Sexos";"Evaluacion"
"2015-2016";"96.62";"Total Salud y servicios sociales";"Ambos Sexos";"Evaluacion"
"2022-2023";"95.31";"Medicina";"Ambos Sexos";"Evaluacion"
"2021-2022";"96.62";"Medicina";"Ambos Sexos";"Evaluacion"
"2020-2021";"95.19";"Medicina";"Ambos Sexos";"Evaluacion"
"2019-2020";"98.95";"Medicina";"Ambos Sexos";"Evaluacion"
"2018-2019";"..";"Medicina";"Ambos Sexos";"Evaluacion"
"2017-2018";"..";"Medicina";"Ambos Sexos";"Evaluacion"
"2016-2017";"..";"Medicina";"Ambos Sexos";"Evaluacion"
"2015-2016";"..";"Medicina";"Ambos Sexos";"Evaluacion"
"2022-2023";"97.35";"Enfermería y atención a enfermos";"Ambos Sexos";"Evaluacion"
"2021-2022";"97.15";"Enfermería y atención a enfermos";"Ambos Sexos";"Evaluacion"
"2020-2021";"99.04";"Enfermería y atención a enfermos";"Ambos Sexos";"Evaluacion"
"2019-2020";"98.94";"Enfermería y atención a enfermos";"Ambos Sexos";"Evaluacion"
"2018-2019";"99.13";"Enfermería y atención a enfermos";"Ambos Sexos";"Evaluacion"
"2017-2018";"98.84";"Enfermería y atención a enfermos";"Ambos Sexos";"Evaluacion"
"2016-2017";"98.77";"Enfermería y atención a enfermos";"Ambos Sexos";"Evaluacion"
"2015-2016";"99.1";"Enfermería y atención a enfermos";"Ambos Sexos";"Evaluacion"
"2022-2023";"97.18";"Otras ciencias de la Salud";"Ambos Sexos";"Evaluacion"
"2021-2022";"97.44";"Otras ciencias de la Salud";"Ambos Sexos";"Evaluacion"
"2020-2021";"97.2";"Otras ciencias de la Salud";"Ambos Sexos";"Evaluacion"
"2019-2020";"98.21";"Otras ciencias de la Salud";"Ambos Sexos";"Evaluacion"
"2018-2019";"98.83";"Otras ciencias de la Salud";"Ambos Sexos";"Evaluacion"
"2017-2018";"97.77";"Otras ciencias de la Salud";"Ambos Sexos";"Evaluacion"
"2016-2017";"98.2";"Otras ciencias de la Salud";"Ambos Sexos";"Evaluacion"
"2015-2016";"97.91";"Otras ciencias de la Salud";"Ambos Sexos";"Evaluacion"
"2022-2023";"94.38";"Trabajo social y orientación";"Ambos Sexos";"Evaluacion"
"2021-2022";"94.12";"Trabajo social y orientación";"Ambos Sexos";"Evaluacion"
"2020-2021";"96.29";"Trabajo social y orientación";"Ambos Sexos";"Evaluacion"
"2019-2020";"94.24";"Trabajo social y orientación";"Ambos Sexos";"Evaluacion"
"2018-2019";"94.31";"Trabajo social y orientación";"Ambos Sexos";"Evaluacion"
"2017-2018";"94.59";"Trabajo social y orientación";"Ambos Sexos";"Evaluacion"
"2016-2017";"94.33";"Trabajo social y orientación";"Ambos Sexos";"Evaluacion"
"2015-2016";"93.37";"Trabajo social y orientación";"Ambos Sexos";"Evaluacion"
"2022-2023";"..";"Total Servicios";"Ambos Sexos";"Evaluacion"
"2021-2022";"..";"Total Servicios";"Ambos Sexos";"Evaluacion"
"2020-2021";"..";"Total Servicios";"Ambos Sexos";"Evaluacion"
"2019-2020";"..";"Total Servicios";"Ambos Sexos";"Evaluacion"
"2018-2019";"..";"Total Servicios";"Ambos Sexos";"Evaluacion"
"2017-2018";"..";"Total Servicios";"Ambos Sexos";"Evaluacion"
"2016-2017";"..";"Total Servicios";"Ambos Sexos";"Evaluacion"
"2015-2016";"..";"Total Servicios";"Ambos Sexos";"Evaluacion"
"2022-2023";"..";"Deportes";"Ambos Sexos";"Evaluacion"
"2021-2022";"..";"Deportes";"Ambos Sexos";"Evaluacion"
"2020-2021";"..";"Deportes";"Ambos Sexos";"Evaluacion"
"2019-2020";"..";"Deportes";"Ambos Sexos";"Evaluacion"
"2018-2019";"..";"Deportes";"Ambos Sexos";"Evaluacion"
"2017-2018";"..";"Deportes";"Ambos Sexos";"Evaluacion"
"2016-2017";"..";"Deportes";"Ambos Sexos";"Evaluacion"
"2015-2016";"..";"Deportes";"Ambos Sexos";"Evaluacion"
"2022-2023";"..";"Turismo y Hostelería";"Ambos Sexos";"Evaluacion"
"2021-2022";"..";"Turismo y Hostelería";"Ambos Sexos";"Evaluacion"
"2020-2021";"..";"Turismo y Hostelería";"Ambos Sexos";"Evaluacion"
"2019-2020";"..";"Turismo y Hostelería";"Ambos Sexos";"Evaluacion"
"2018-2019";"..";"Turismo y Hostelería";"Ambos Sexos";"Evaluacion"
"2017-2018";"..";"Turismo y Hostelería";"Ambos Sexos";"Evaluacion"
"2016-2017";"..";"Turismo y Hostelería";"Ambos Sexos";"Evaluacion"
"2015-2016";"..";"Turismo y Hostelería";"Ambos Sexos";"Evaluacion"
"2022-2023";"..";"Otros Servicios";"Ambos Sexos";"Evaluacion"
"2021-2022";"..";"Otros Servicios";"Ambos Sexos";"Evaluacion"
"2020-2021";"..";"Otros Servicios";"Ambos Sexos";"Evaluacion"
"2019-2020";"..";"Otros Servicios";"Ambos Sexos";"Evaluacion"
"2018-2019";"..";"Otros Servicios";"Ambos Sexos";"Evaluacion"
"2017-2018";"..";"Otros Servicios";"Ambos Sexos";"Evaluacion"
"2016-2017";"..";"Otros Servicios";"Ambos Sexos";"Evaluacion"
"2015-2016";"..";"Otros Servicios";"Ambos Sexos";"Evaluacion"
"2022-2023";"???";"Pública de Navarra";"Hombres";"Rendimiento"
"2021-2022";"???";"Pública de Navarra";"Hombres";"Rendimiento"
"2020-2021";"???";"Pública de Navarra";"Hombres";"Rendimiento"
"2019-2020";"???";"Pública de Navarra";"Hombres";"Rendimiento"
"2018-2019";"???";"Pública de Navarra";"Hombres";"Rendimiento"
"2017-2018";"???";"Pública de Navarra";"Hombres";"Rendimiento"
"2016-2017";"???";"Pública de Navarra";"Hombres";"Rendimiento"
"2015-2016";"???";"Pública de Navarra";"Hombres";"Rendimiento"
"2022-2023";"75.96";"Todos los ámbitos";"Hombres";"Rendimiento"
"2021-2022";"75.18";"Todos los ámbitos";"Hombres";"Rendimiento"
"2020-2021";"77.05";"Todos los ámbitos";"Hombres";"Rendimiento"
"2019-2020";"80.91";"Todos los ámbitos";"Hombres";"Rendimiento"
"2018-2019";"74.53";"Todos los ámbitos";"Hombres";"Rendimiento"
"2017-2018";"73.12";"Todos los ámbitos";"Hombres";"Rendimiento"
"2016-2017";"72.64";"Todos los ámbitos";"Hombres";"Rendimiento"
"2015-2016";"74.21";"Todos los ámbitos";"Hombres";"Rendimiento"
"2022-2023";"88.42";"Total Educación";"Hombres";"Rendimiento"
"2021-2022";"90.03";"Total Educación";"Hombres";"Rendimiento"
"2020-2021";"92.54";"Total Educación";"Hombres";"Rendimiento"
"2019-2020";"90.24";"Total Educación";"Hombres";"Rendimiento"
"2018-2019";"89.01";"Total Educación";"Hombres";"Rendimiento"
"2017-2018";"86.21";"Total Educación";"Hombres";"Rendimiento"
"2016-2017";"83.58";"Total Educación";"Hombres";"Rendimiento"
"2015-2016";"84.48";"Total Educación";"Hombres";"Rendimiento"
"2022-2023";"90.28";"Formación de docentes de enseñanza infantil";"Hombres";"Rendimiento"
"2021-2022";"88.55";"Formación de docentes de enseñanza infantil";"Hombres";"Rendimiento"
"2020-2021";"94.81";"Formación de docentes de enseñanza infantil";"Hombres";"Rendimiento"
"2019-2020";"88.73";"Formación de docentes de enseñanza infantil";"Hombres";"Rendimiento"
"2018-2019";"89.59";"Formación de docentes de enseñanza infantil";"Hombres";"Rendimiento"
"2017-2018";"85.57";"Formación de docentes de enseñanza infantil";"Hombres";"Rendimiento"
"2016-2017";"86.38";"Formación de docentes de enseñanza infantil";"Hombres";"Rendimiento"
"2015-2016";"76.66";"Formación de docentes de enseñanza infantil";"Hombres";"Rendimiento"
"2022-2023";"87.99";"Formación de docentes de enseñanza primaria";"Hombres";"Rendimiento"
"2021-2022";"90.33";"Formación de docentes de enseñanza primaria";"Hombres";"Rendimiento"
"2020-2021";"92.21";"Formación de docentes de enseñanza primaria";"Hombres";"Rendimiento"
"2019-2020";"90.43";"Formación de docentes de enseñanza primaria";"Hombres";"Rendimiento"
"2018-2019";"88.93";"Formación de docentes de enseñanza primaria";"Hombres";"Rendimiento"
"2017-2018";"86.3";"Formación de docentes de enseñanza primaria";"Hombres";"Rendimiento"
"2016-2017";"83.18";"Formación de docentes de enseñanza primaria";"Hombres";"Rendimiento"
"2015-2016";"85.59";"Formación de docentes de enseñanza primaria";"Hombres";"Rendimiento"
"2022-2023";"..";"Otra Formación de personal docente y ciencias de la educación";"Hombres";"Rendimiento"
"2021-2022";"..";"Otra Formación de personal docente y ciencias de la educación";"Hombres";"Rendimiento"
"2020-2021";"..";"Otra Formación de personal docente y ciencias de la educación";"Hombres";"Rendimiento"
"2019-2020";"..";"Otra Formación de personal docente y ciencias de la educación";"Hombres";"Rendimiento"
"2018-2019";"..";"Otra Formación de personal docente y ciencias de la educación";"Hombres";"Rendimiento"
"2017-2018";"..";"Otra Formación de personal docente y ciencias de la educación";"Hombres";"Rendimiento"
"2016-2017";"..";"Otra Formación de personal docente y ciencias de la educación";"Hombres";"Rendimiento"
"2015-2016";"..";"Otra Formación de personal docente y ciencias de la educación";"Hombres";"Rendimiento"
"2022-2023";"79.23";"Total Artes y humanidades";"Hombres";"Rendimiento"
"2021-2022";"86.65";"Total Artes y humanidades";"Hombres";"Rendimiento"
"2020-2021";"84.17";"Total Artes y humanidades";"Hombres";"Rendimiento"
"2019-2020";"85.97";"Total Artes y humanidades";"Hombres";"Rendimiento"
"2018-2019";"..";"Total Artes y humanidades";"Hombres";"Rendimiento"
"2017-2018";"..";"Total Artes y humanidades";"Hombres";"Rendimiento"
"2016-2017";"..";"Total Artes y humanidades";"Hombres";"Rendimiento"
"2015-2016";"..";"Total Artes y humanidades";"Hombres";"Rendimiento"
"2022-2023";"..";"Técnicas audiovisuales y medios de comunicación";"Hombres";"Rendimiento"
"2021-2022";"..";"Técnicas audiovisuales y medios de comunicación";"Hombres";"Rendimiento"
"2020-2021";"..";"Técnicas audiovisuales y medios de comunicación";"Hombres";"Rendimiento"
"2019-2020";"..";"Técnicas audiovisuales y medios de comunicación";"Hombres";"Rendimiento"
"2018-2019";"..";"Técnicas audiovisuales y medios de comunicación";"Hombres";"Rendimiento"
"2017-2018";"..";"Técnicas audiovisuales y medios de comunicación";"Hombres";"Rendimiento"
"2016-2017";"..";"Técnicas audiovisuales y medios de comunicación";"Hombres";"Rendimiento"
"2015-2016";"..";"Técnicas audiovisuales y medios de comunicación";"Hombres";"Rendimiento"
"2022-2023";"..";"Artes";"Hombres";"Rendimiento"
"2021-2022";"..";"Artes";"Hombres";"Rendimiento"
"2020-2021";"..";"Artes";"Hombres";"Rendimiento"
"2019-2020";"..";"Artes";"Hombres";"Rendimiento"
"2018-2019";"..";"Artes";"Hombres";"Rendimiento"
"2017-2018";"..";"Artes";"Hombres";"Rendimiento"
"2016-2017";"..";"Artes";"Hombres";"Rendimiento"
"2015-2016";"..";"Artes";"Hombres";"Rendimiento"
"2022-2023";"..";"Lenguas";"Hombres";"Rendimiento"
"2021-2022";"..";"Lenguas";"Hombres";"Rendimiento"
"2020-2021";"..";"Lenguas";"Hombres";"Rendimiento"
"2019-2020";"..";"Lenguas";"Hombres";"Rendimiento"
"2018-2019";"..";"Lenguas";"Hombres";"Rendimiento"
"2017-2018";"..";"Lenguas";"Hombres";"Rendimiento"
"2016-2017";"..";"Lenguas";"Hombres";"Rendimiento"
"2015-2016";"..";"Lenguas";"Hombres";"Rendimiento"
"2022-2023";"79.23";"Humanidades";"Hombres";"Rendimiento"
"2021-2022";"86.65";"Humanidades";"Hombres";"Rendimiento"
"2020-2021";"84.17";"Humanidades";"Hombres";"Rendimiento"
"2019-2020";"85.97";"Humanidades";"Hombres";"Rendimiento"
"2018-2019";"..";"Humanidades";"Hombres";"Rendimiento"
"2017-2018";"..";"Humanidades";"Hombres";"Rendimiento"
"2016-2017";"..";"Humanidades";"Hombres";"Rendimiento"
"2015-2016";"..";"Humanidades";"Hombres";"Rendimiento"
"2022-2023";"72.29";"Total Ciencias sociales, periodismo y documentación";"Hombres";"Rendimiento"
"2021-2022";"66.65";"Total Ciencias sociales, periodismo y documentación";"Hombres";"Rendimiento"
"2020-2021";"69.75";"Total Ciencias sociales, periodismo y documentación";"Hombres";"Rendimiento"
"2019-2020";"77.34";"Total Ciencias sociales, periodismo y documentación";"Hombres";"Rendimiento"
"2018-2019";"66.93";"Total Ciencias sociales, periodismo y documentación";"Hombres";"Rendimiento"
"2017-2018";"68.5";"Total Ciencias sociales, periodismo y documentación";"Hombres";"Rendimiento"
"2016-2017";"68.93";"Total Ciencias sociales, periodismo y documentación";"Hombres";"Rendimiento"
"2015-2016";"74.32";"Total Ciencias sociales, periodismo y documentación";"Hombres";"Rendimiento"
"2022-2023";"95.19";"Psicología";"Hombres";"Rendimiento"
"2021-2022";"89.64";"Psicología";"Hombres";"Rendimiento"
"2020-2021";"..";"Psicología";"Hombres";"Rendimiento"
"2019-2020";"..";"Psicología";"Hombres";"Rendimiento"
"2018-2019";"..";"Psicología";"Hombres";"Rendimiento"
"2017-2018";"..";"Psicología";"Hombres";"Rendimiento"
"2016-2017";"..";"Psicología";"Hombres";"Rendimiento"
"2015-2016";"..";"Psicología";"Hombres";"Rendimiento"
"2022-2023";"67.1";"Economía";"Hombres";"Rendimiento"
"2021-2022";"58.32";"Economía";"Hombres";"Rendimiento"
"2020-2021";"64.71";"Economía";"Hombres";"Rendimiento"
"2019-2020";"76.74";"Economía";"Hombres";"Rendimiento"
"2018-2019";"69.2";"Economía";"Hombres";"Rendimiento"
"2017-2018";"70.38";"Economía";"Hombres";"Rendimiento"
"2016-2017";"68.09";"Economía";"Hombres";"Rendimiento"
"2015-2016";"72.19";"Economía";"Hombres";"Rendimiento"
"2022-2023";"66.55";"Otras Ciencias sociales y del comportamiento";"Hombres";"Rendimiento"
"2021-2022";"75.8";"Otras Ciencias sociales y del comportamiento";"Hombres";"Rendimiento"
"2020-2021";"75.85";"Otras Ciencias sociales y del comportamiento";"Hombres";"Rendimiento"
"2019-2020";"76.95";"Otras Ciencias sociales y del comportamiento";"Hombres";"Rendimiento"
"2018-2019";"63.4";"Otras Ciencias sociales y del comportamiento";"Hombres";"Rendimiento"
"2017-2018";"65.8";"Otras Ciencias sociales y del comportamiento";"Hombres";"Rendimiento"
"2016-2017";"70.33";"Otras Ciencias sociales y del comportamiento";"Hombres";"Rendimiento"
"2015-2016";"78.5";"Otras Ciencias sociales y del comportamiento";"Hombres";"Rendimiento"
"2022-2023";"..";"Periodismo e información";"Hombres";"Rendimiento"
"2021-2022";"..";"Periodismo e información";"Hombres";"Rendimiento"
"2020-2021";"..";"Periodismo e información";"Hombres";"Rendimiento"
"2019-2020";"..";"Periodismo e información";"Hombres";"Rendimiento"
"2018-2019";"..";"Periodismo e información";"Hombres";"Rendimiento"
"2017-2018";"..";"Periodismo e información";"Hombres";"Rendimiento"
"2016-2017";"..";"Periodismo e información";"Hombres";"Rendimiento"
"2015-2016";"..";"Periodismo e información";"Hombres";"Rendimiento"
"2022-2023";"77.17";"Total Negocios, administración y derecho";"Hombres";"Rendimiento"
"2021-2022";"76.09";"Total Negocios, administración y derecho";"Hombres";"Rendimiento"
"2020-2021";"81.24";"Total Negocios, administración y derecho";"Hombres";"Rendimiento"
"2019-2020";"82.45";"Total Negocios, administración y derecho";"Hombres";"Rendimiento"
"2018-2019";"76.2";"Total Negocios, administración y derecho";"Hombres";"Rendimiento"
"2017-2018";"76.58";"Total Negocios, administración y derecho";"Hombres";"Rendimiento"
"2016-2017";"77.11";"Total Negocios, administración y derecho";"Hombres";"Rendimiento"
"2015-2016";"78.51";"Total Negocios, administración y derecho";"Hombres";"Rendimiento"
"2022-2023";"77.2";"Administración y gestión de empresas";"Hombres";"Rendimiento"
"2021-2022";"75.32";"Administración y gestión de empresas";"Hombres";"Rendimiento"
"2020-2021";"80.71";"Administración y gestión de empresas";"Hombres";"Rendimiento"
"2019-2020";"82.48";"Administración y gestión de empresas";"Hombres";"Rendimiento"
"2018-2019";"75.54";"Administración y gestión de empresas";"Hombres";"Rendimiento"
"2017-2018";"76.42";"Administración y gestión de empresas";"Hombres";"Rendimiento"
"2016-2017";"76.16";"Administración y gestión de empresas";"Hombres";"Rendimiento"
"2015-2016";"75.27";"Administración y gestión de empresas";"Hombres";"Rendimiento"
"2022-2023";"..";"Otra Educación comercial y empresarial";"Hombres";"Rendimiento"
"2021-2022";"..";"Otra Educación comercial y empresarial";"Hombres";"Rendimiento"
"2020-2021";"..";"Otra Educación comercial y empresarial";"Hombres";"Rendimiento"
"2019-2020";"..";"Otra Educación comercial y empresarial";"Hombres";"Rendimiento"
"2018-2019";"..";"Otra Educación comercial y empresarial";"Hombres";"Rendimiento"
"2017-2018";"..";"Otra Educación comercial y empresarial";"Hombres";"Rendimiento"
"2016-2017";"..";"Otra Educación comercial y empresarial";"Hombres";"Rendimiento"
"2015-2016";"..";"Otra Educación comercial y empresarial";"Hombres";"Rendimiento"
"2022-2023";"77.03";"Derecho";"Hombres";"Rendimiento"
"2021-2022";"79.82";"Derecho";"Hombres";"Rendimiento"
"2020-2021";"83.58";"Derecho";"Hombres";"Rendimiento"
"2019-2020";"82.33";"Derecho";"Hombres";"Rendimiento"
"2018-2019";"79.05";"Derecho";"Hombres";"Rendimiento"
"2017-2018";"77.24";"Derecho";"Hombres";"Rendimiento"
"2016-2017";"81.7";"Derecho";"Hombres";"Rendimiento"
"2015-2016";"88.69";"Derecho";"Hombres";"Rendimiento"
"2022-2023";"81.13";"Total Ciencias";"Hombres";"Rendimiento"
"2021-2022";"77.21";"Total Ciencias";"Hombres";"Rendimiento"
"2020-2021";"80.8";"Total Ciencias";"Hombres";"Rendimiento"
"2019-2020";"76.04";"Total Ciencias";"Hombres";"Rendimiento"
"2018-2019";"70.0";"Total Ciencias";"Hombres";"Rendimiento"
"2017-2018";"..";"Total Ciencias";"Hombres";"Rendimiento"
"2016-2017";"..";"Total Ciencias";"Hombres";"Rendimiento"
"2015-2016";"..";"Total Ciencias";"Hombres";"Rendimiento"
"2022-2023";"85.98";"Ciencias de la vida";"Hombres";"Rendimiento"
"2021-2022";"89.83";"Ciencias de la vida";"Hombres";"Rendimiento"
"2020-2021";"83.87";"Ciencias de la vida";"Hombres";"Rendimiento"
"2019-2020";"..";"Ciencias de la vida";"Hombres";"Rendimiento"
"2018-2019";"..";"Ciencias de la vida";"Hombres";"Rendimiento"
"2017-2018";"..";"Ciencias de la vida";"Hombres";"Rendimiento"
"2016-2017";"..";"Ciencias de la vida";"Hombres";"Rendimiento"
"2015-2016";"..";"Ciencias de la vida";"Hombres";"Rendimiento"
"2022-2023";"66.44";"Ciencias Físicas, químicas, geológicas";"Hombres";"Rendimiento"
"2021-2022";"54.37";"Ciencias Físicas, químicas, geológicas";"Hombres";"Rendimiento"
"2020-2021";"..";"Ciencias Físicas, químicas, geológicas";"Hombres";"Rendimiento"
"2019-2020";"..";"Ciencias Físicas, químicas, geológicas";"Hombres";"Rendimiento"
"2018-2019";"..";"Ciencias Físicas, químicas, geológicas";"Hombres";"Rendimiento"
"2017-2018";"..";"Ciencias Físicas, químicas, geológicas";"Hombres";"Rendimiento"
"2016-2017";"..";"Ciencias Físicas, químicas, geológicas";"Hombres";"Rendimiento"
"2015-2016";"..";"Ciencias Físicas, químicas, geológicas";"Hombres";"Rendimiento"
"2022-2023";"83.21";"Matemáticas y Estadística";"Hombres";"Rendimiento"
"2021-2022";"78.8";"Matemáticas y Estadística";"Hombres";"Rendimiento"
"2020-2021";"83.81";"Matemáticas y Estadística";"Hombres";"Rendimiento"
"2019-2020";"80.1";"Matemáticas y Estadística";"Hombres";"Rendimiento"
"2018-2019";"..";"Matemáticas y Estadística";"Hombres";"Rendimiento"
"2017-2018";"..";"Matemáticas y Estadística";"Hombres";"Rendimiento"
"2016-2017";"..";"Matemáticas y Estadística";"Hombres";"Rendimiento"
"2015-2016";"..";"Matemáticas y Estadística";"Hombres";"Rendimiento"
"2022-2023";"77.96";"Total Informática";"Hombres";"Rendimiento"
"2021-2022";"78.28";"Total Informática";"Hombres";"Rendimiento"
"2020-2021";"79.41";"Total Informática";"Hombres";"Rendimiento"
"2019-2020";"82.44";"Total Informática";"Hombres";"Rendimiento"
"2018-2019";"75.43";"Total Informática";"Hombres";"Rendimiento"
"2017-2018";"72.16";"Total Informática";"Hombres";"Rendimiento"
"2016-2017";"67.22";"Total Informática";"Hombres";"Rendimiento"
"2015-2016";"67.57";"Total Informática";"Hombres";"Rendimiento"
"2022-2023";"77.96";"Informática";"Hombres";"Rendimiento"
"2021-2022";"78.28";"Informática";"Hombres";"Rendimiento"
"2020-2021";"79.41";"Informática";"Hombres";"Rendimiento"
"2019-2020";"82.44";"Informática";"Hombres";"Rendimiento"
"2018-2019";"75.43";"Informática";"Hombres";"Rendimiento"
"2017-2018";"72.16";"Informática";"Hombres";"Rendimiento"
"2016-2017";"67.22";"Informática";"Hombres";"Rendimiento"
"2015-2016";"67.57";"Informática";"Hombres";"Rendimiento"
"2022-2023";"69.78";"Total Ingeniería, industria y construcción";"Hombres";"Rendimiento"
"2021-2022";"69.1";"Total Ingeniería, industria y construcción";"Hombres";"Rendimiento"
"2020-2021";"68.98";"Total Ingeniería, industria y construcción";"Hombres";"Rendimiento"
"2019-2020";"76.46";"Total Ingeniería, industria y construcción";"Hombres";"Rendimiento"
"2018-2019";"68.18";"Total Ingeniería, industria y construcción";"Hombres";"Rendimiento"
"2017-2018";"66.87";"Total Ingeniería, industria y construcción";"Hombres";"Rendimiento"
"2016-2017";"66.45";"Total Ingeniería, industria y construcción";"Hombres";"Rendimiento"
"2015-2016";"68.39";"Total Ingeniería, industria y construcción";"Hombres";"Rendimiento"
"2022-2023";"69.78";"Ingenierías";"Hombres";"Rendimiento"
"2021-2022";"69.1";"Ingenierías";"Hombres";"Rendimiento"
"2020-2021";"68.98";"Ingenierías";"Hombres";"Rendimiento"
"2019-2020";"76.46";"Ingenierías";"Hombres";"Rendimiento"
"2018-2019";"68.18";"Ingenierías";"Hombres";"Rendimiento"
"2017-2018";"66.87";"Ingenierías";"Hombres";"Rendimiento"
"2016-2017";"66.45";"Ingenierías";"Hombres";"Rendimiento"
"2015-2016";"68.39";"Ingenierías";"Hombres";"Rendimiento"
"2022-2023";"..";"Arquitectura y construcción";"Hombres";"Rendimiento"
"2021-2022";"..";"Arquitectura y construcción";"Hombres";"Rendimiento"
"2020-2021";"..";"Arquitectura y construcción";"Hombres";"Rendimiento"
"2019-2020";"..";"Arquitectura y construcción";"Hombres";"Rendimiento"
"2018-2019";"..";"Arquitectura y construcción";"Hombres";"Rendimiento"
"2017-2018";"..";"Arquitectura y construcción";"Hombres";"Rendimiento"
"2016-2017";"..";"Arquitectura y construcción";"Hombres";"Rendimiento"
"2015-2016";"..";"Arquitectura y construcción";"Hombres";"Rendimiento"
"2022-2023";"67.38";"Total Agricultura, ganadería,  silvicultura, pesca, y veterinaria";"Hombres";"Rendimiento"
"2021-2022";"65.39";"Total Agricultura, ganadería,  silvicultura, pesca, y veterinaria";"Hombres";"Rendimiento"
"2020-2021";"64.75";"Total Agricultura, ganadería,  silvicultura, pesca, y veterinaria";"Hombres";"Rendimiento"
"2019-2020";"74.56";"Total Agricultura, ganadería,  silvicultura, pesca, y veterinaria";"Hombres";"Rendimiento"
"2018-2019";"70.26";"Total Agricultura, ganadería,  silvicultura, pesca, y veterinaria";"Hombres";"Rendimiento"
"2017-2018";"68.68";"Total Agricultura, ganadería,  silvicultura, pesca, y veterinaria";"Hombres";"Rendimiento"
"2016-2017";"72.18";"Total Agricultura, ganadería,  silvicultura, pesca, y veterinaria";"Hombres";"Rendimiento"
"2015-2016";"73.24";"Total Agricultura, ganadería,  silvicultura, pesca, y veterinaria";"Hombres";"Rendimiento"
"2022-2023";"67.38";"Agricultura, ganadería y pesca";"Hombres";"Rendimiento"
"2021-2022";"65.39";"Agricultura, ganadería y pesca";"Hombres";"Rendimiento"
"2020-2021";"64.75";"Agricultura, ganadería y pesca";"Hombres";"Rendimiento"
"2019-2020";"74.56";"Agricultura, ganadería y pesca";"Hombres";"Rendimiento"
"2018-2019";"70.26";"Agricultura, ganadería y pesca";"Hombres";"Rendimiento"
"2017-2018";"68.68";"Agricultura, ganadería y pesca";"Hombres";"Rendimiento"
"2016-2017";"72.18";"Agricultura, ganadería y pesca";"Hombres";"Rendimiento"
"2015-2016";"73.24";"Agricultura, ganadería y pesca";"Hombres";"Rendimiento"
"2022-2023";"..";"Veterinaria";"Hombres";"Rendimiento"
"2021-2022";"..";"Veterinaria";"Hombres";"Rendimiento"
"2020-2021";"..";"Veterinaria";"Hombres";"Rendimiento"
"2019-2020";"..";"Veterinaria";"Hombres";"Rendimiento"
"2018-2019";"..";"Veterinaria";"Hombres";"Rendimiento"
"2017-2018";"..";"Veterinaria";"Hombres";"Rendimiento"
"2016-2017";"..";"Veterinaria";"Hombres";"Rendimiento"
"2015-2016";"..";"Veterinaria";"Hombres";"Rendimiento"
"2022-2023";"88.08";"Total Salud y servicios sociales";"Hombres";"Rendimiento"
"2021-2022";"89.2";"Total Salud y servicios sociales";"Hombres";"Rendimiento"
"2020-2021";"92.95";"Total Salud y servicios sociales";"Hombres";"Rendimiento"
"2019-2020";"91.55";"Total Salud y servicios sociales";"Hombres";"Rendimiento"
"2018-2019";"91.45";"Total Salud y servicios sociales";"Hombres";"Rendimiento"
"2017-2018";"88.21";"Total Salud y servicios sociales";"Hombres";"Rendimiento"
"2016-2017";"88.23";"Total Salud y servicios sociales";"Hombres";"Rendimiento"
"2015-2016";"88.58";"Total Salud y servicios sociales";"Hombres";"Rendimiento"
"2022-2023";"81.92";"Medicina";"Hombres";"Rendimiento"
"2021-2022";"83.29";"Medicina";"Hombres";"Rendimiento"
"2020-2021";"86.01";"Medicina";"Hombres";"Rendimiento"
"2019-2020";"..";"Medicina";"Hombres";"Rendimiento"
"2018-2019";"..";"Medicina";"Hombres";"Rendimiento"
"2017-2018";"..";"Medicina";"Hombres";"Rendimiento"
"2016-2017";"..";"Medicina";"Hombres";"Rendimiento"
"2015-2016";"..";"Medicina";"Hombres";"Rendimiento"
"2022-2023";"97.1";"Enfermería y atención a enfermos";"Hombres";"Rendimiento"
"2021-2022";"97.76";"Enfermería y atención a enfermos";"Hombres";"Rendimiento"
"2020-2021";"95.67";"Enfermería y atención a enfermos";"Hombres";"Rendimiento"
"2019-2020";"95.37";"Enfermería y atención a enfermos";"Hombres";"Rendimiento"
"2018-2019";"95.69";"Enfermería y atención a enfermos";"Hombres";"Rendimiento"
"2017-2018";"93.69";"Enfermería y atención a enfermos";"Hombres";"Rendimiento"
"2016-2017";"94.82";"Enfermería y atención a enfermos";"Hombres";"Rendimiento"
"2015-2016";"95.69";"Enfermería y atención a enfermos";"Hombres";"Rendimiento"
"2022-2023";"89.54";"Otras ciencias de la Salud";"Hombres";"Rendimiento"
"2021-2022";"90.44";"Otras ciencias de la Salud";"Hombres";"Rendimiento"
"2020-2021";"93.43";"Otras ciencias de la Salud";"Hombres";"Rendimiento"
"2019-2020";"92.83";"Otras ciencias de la Salud";"Hombres";"Rendimiento"
"2018-2019";"92.88";"Otras ciencias de la Salud";"Hombres";"Rendimiento"
"2017-2018";"89.98";"Otras ciencias de la Salud";"Hombres";"Rendimiento"
"2016-2017";"90.47";"Otras ciencias de la Salud";"Hombres";"Rendimiento"
"2015-2016";"87.79";"Otras ciencias de la Salud";"Hombres";"Rendimiento"
"2022-2023";"84.06";"Trabajo social y orientación";"Hombres";"Rendimiento"
"2021-2022";"84.16";"Trabajo social y orientación";"Hombres";"Rendimiento"
"2020-2021";"93.2";"Trabajo social y orientación";"Hombres";"Rendimiento"
"2019-2020";"87.72";"Trabajo social y orientación";"Hombres";"Rendimiento"
"2018-2019";"87.24";"Trabajo social y orientación";"Hombres";"Rendimiento"
"2017-2018";"82.9";"Trabajo social y orientación";"Hombres";"Rendimiento"
"2016-2017";"81.55";"Trabajo social y orientación";"Hombres";"Rendimiento"
"2015-2016";"84.13";"Trabajo social y orientación";"Hombres";"Rendimiento"
"2022-2023";"..";"Total Servicios";"Hombres";"Rendimiento"
"2021-2022";"..";"Total Servicios";"Hombres";"Rendimiento"
"2020-2021";"..";"Total Servicios";"Hombres";"Rendimiento"
"2019-2020";"..";"Total Servicios";"Hombres";"Rendimiento"
"2018-2019";"..";"Total Servicios";"Hombres";"Rendimiento"
"2017-2018";"..";"Total Servicios";"Hombres";"Rendimiento"
"2016-2017";"..";"Total Servicios";"Hombres";"Rendimiento"
"2015-2016";"..";"Total Servicios";"Hombres";"Rendimiento"
"2022-2023";"..";"Deportes";"Hombres";"Rendimiento"
"2021-2022";"..";"Deportes";"Hombres";"Rendimiento"
"2020-2021";"..";"Deportes";"Hombres";"Rendimiento"
"2019-2020";"..";"Deportes";"Hombres";"Rendimiento"
"2018-2019";"..";"Deportes";"Hombres";"Rendimiento"
"2017-2018";"..";"Deportes";"Hombres";"Rendimiento"
"2016-2017";"..";"Deportes";"Hombres";"Rendimiento"
"2015-2016";"..";"Deportes";"Hombres";"Rendimiento"
"2022-2023";"..";"Turismo y Hostelería";"Hombres";"Rendimiento"
"2021-2022";"..";"Turismo y Hostelería";"Hombres";"Rendimiento"
"2020-2021";"..";"Turismo y Hostelería";"Hombres";"Rendimiento"
"2019-2020";"..";"Turismo y Hostelería";"Hombres";"Rendimiento"
"2018-2019";"..";"Turismo y Hostelería";"Hombres";"Rendimiento"
"2017-2018";"..";"Turismo y Hostelería";"Hombres";"Rendimiento"
"2016-2017";"..";"Turismo y Hostelería";"Hombres";"Rendimiento"
"2015-2016";"..";"Turismo y Hostelería";"Hombres";"Rendimiento"
"2022-2023";"..";"Otros Servicios";"Hombres";"Rendimiento"
"2021-2022";"..";"Otros Servicios";"Hombres";"Rendimiento"
"2020-2021";"..";"Otros Servicios";"Hombres";"Rendimiento"
"2019-2020";"..";"Otros Servicios";"Hombres";"Rendimiento"
"2018-2019";"..";"Otros Servicios";"Hombres";"Rendimiento"
"2017-2018";"..";"Otros Servicios";"Hombres";"Rendimiento"
"2016-2017";"..";"Otros Servicios";"Hombres";"Rendimiento"
"2015-2016";"..";"Otros Servicios";"Hombres";"Rendimiento"
"2022-2023";"???";"Pública de Navarra";"Hombres";"Exito"
"2021-2022";"???";"Pública de Navarra";"Hombres";"Exito"
"2020-2021";"???";"Pública de Navarra";"Hombres";"Exito"
"2019-2020";"???";"Pública de Navarra";"Hombres";"Exito"
"2018-2019";"???";"Pública de Navarra";"Hombres";"Exito"
"2017-2018";"???";"Pública de Navarra";"Hombres";"Exito"
"2016-2017";"???";"Pública de Navarra";"Hombres";"Exito"
"2015-2016";"???";"Pública de Navarra";"Hombres";"Exito"
"2022-2023";"83.28";"Todos los ámbitos";"Hombres";"Exito"
"2021-2022";"83.1";"Todos los ámbitos";"Hombres";"Exito"
"2020-2021";"83.72";"Todos los ámbitos";"Hombres";"Exito"
"2019-2020";"87.29";"Todos los ámbitos";"Hombres";"Exito"
"2018-2019";"82.71";"Todos los ámbitos";"Hombres";"Exito"
"2017-2018";"81.84";"Todos los ámbitos";"Hombres";"Exito"
"2016-2017";"81.01";"Todos los ámbitos";"Hombres";"Exito"
"2015-2016";"82.62";"Todos los ámbitos";"Hombres";"Exito"
"2022-2023";"93.21";"Total Educación";"Hombres";"Exito"
"2021-2022";"94.22";"Total Educación";"Hombres";"Exito"
"2020-2021";"95.84";"Total Educación";"Hombres";"Exito"
"2019-2020";"93.79";"Total Educación";"Hombres";"Exito"
"2018-2019";"93.41";"Total Educación";"Hombres";"Exito"
"2017-2018";"92.81";"Total Educación";"Hombres";"Exito"
"2016-2017";"89.98";"Total Educación";"Hombres";"Exito"
"2015-2016";"90.15";"Total Educación";"Hombres";"Exito"
"2022-2023";"93.9";"Formación de docentes de enseñanza infantil";"Hombres";"Exito"
"2021-2022";"95.08";"Formación de docentes de enseñanza infantil";"Hombres";"Exito"
"2020-2021";"96.56";"Formación de docentes de enseñanza infantil";"Hombres";"Exito"
"2019-2020";"92.66";"Formación de docentes de enseñanza infantil";"Hombres";"Exito"
"2018-2019";"93.43";"Formación de docentes de enseñanza infantil";"Hombres";"Exito"
"2017-2018";"93.57";"Formación de docentes de enseñanza infantil";"Hombres";"Exito"
"2016-2017";"90.85";"Formación de docentes de enseñanza infantil";"Hombres";"Exito"
"2015-2016";"84.97";"Formación de docentes de enseñanza infantil";"Hombres";"Exito"
"2022-2023";"93.04";"Formación de docentes de enseñanza primaria";"Hombres";"Exito"
"2021-2022";"94.06";"Formación de docentes de enseñanza primaria";"Hombres";"Exito"
"2020-2021";"95.73";"Formación de docentes de enseñanza primaria";"Hombres";"Exito"
"2019-2020";"93.92";"Formación de docentes de enseñanza primaria";"Hombres";"Exito"
"2018-2019";"93.4";"Formación de docentes de enseñanza primaria";"Hombres";"Exito"
"2017-2018";"92.71";"Formación de docentes de enseñanza primaria";"Hombres";"Exito"
"2016-2017";"89.85";"Formación de docentes de enseñanza primaria";"Hombres";"Exito"
"2015-2016";"90.85";"Formación de docentes de enseñanza primaria";"Hombres";"Exito"
"2022-2023";"..";"Otra Formación de personal docente y ciencias de la educación";"Hombres";"Exito"
"2021-2022";"..";"Otra Formación de personal docente y ciencias de la educación";"Hombres";"Exito"
"2020-2021";"..";"Otra Formación de personal docente y ciencias de la educación";"Hombres";"Exito"
"2019-2020";"..";"Otra Formación de personal docente y ciencias de la educación";"Hombres";"Exito"
"2018-2019";"..";"Otra Formación de personal docente y ciencias de la educación";"Hombres";"Exito"
"2017-2018";"..";"Otra Formación de personal docente y ciencias de la educación";"Hombres";"Exito"
"2016-2017";"..";"Otra Formación de personal docente y ciencias de la educación";"Hombres";"Exito"
"2015-2016";"..";"Otra Formación de personal docente y ciencias de la educación";"Hombres";"Exito"
"2022-2023";"88.2";"Total Artes y humanidades";"Hombres";"Exito"
"2021-2022";"91.07";"Total Artes y humanidades";"Hombres";"Exito"
"2020-2021";"93.14";"Total Artes y humanidades";"Hombres";"Exito"
"2019-2020";"92.28";"Total Artes y humanidades";"Hombres";"Exito"
"2018-2019";"..";"Total Artes y humanidades";"Hombres";"Exito"
"2017-2018";"..";"Total Artes y humanidades";"Hombres";"Exito"
"2016-2017";"..";"Total Artes y humanidades";"Hombres";"Exito"
"2015-2016";"..";"Total Artes y humanidades";"Hombres";"Exito"
"2022-2023";"..";"Técnicas audiovisuales y medios de comunicación";"Hombres";"Exito"
"2021-2022";"..";"Técnicas audiovisuales y medios de comunicación";"Hombres";"Exito"
"2020-2021";"..";"Técnicas audiovisuales y medios de comunicación";"Hombres";"Exito"
"2019-2020";"..";"Técnicas audiovisuales y medios de comunicación";"Hombres";"Exito"
"2018-2019";"..";"Técnicas audiovisuales y medios de comunicación";"Hombres";"Exito"
"2017-2018";"..";"Técnicas audiovisuales y medios de comunicación";"Hombres";"Exito"
"2016-2017";"..";"Técnicas audiovisuales y medios de comunicación";"Hombres";"Exito"
"2015-2016";"..";"Técnicas audiovisuales y medios de comunicación";"Hombres";"Exito"
"2022-2023";"..";"Artes";"Hombres";"Exito"
"2021-2022";"..";"Artes";"Hombres";"Exito"
"2020-2021";"..";"Artes";"Hombres";"Exito"
"2019-2020";"..";"Artes";"Hombres";"Exito"
"2018-2019";"..";"Artes";"Hombres";"Exito"
"2017-2018";"..";"Artes";"Hombres";"Exito"
"2016-2017";"..";"Artes";"Hombres";"Exito"
"2015-2016";"..";"Artes";"Hombres";"Exito"
"2022-2023";"..";"Lenguas";"Hombres";"Exito"
"2021-2022";"..";"Lenguas";"Hombres";"Exito"
"2020-2021";"..";"Lenguas";"Hombres";"Exito"
"2019-2020";"..";"Lenguas";"Hombres";"Exito"
"2018-2019";"..";"Lenguas";"Hombres";"Exito"
"2017-2018";"..";"Lenguas";"Hombres";"Exito"
"2016-2017";"..";"Lenguas";"Hombres";"Exito"
"2015-2016";"..";"Lenguas";"Hombres";"Exito"
"2022-2023";"88.2";"Humanidades";"Hombres";"Exito"
"2021-2022";"91.07";"Humanidades";"Hombres";"Exito"
"2020-2021";"93.14";"Humanidades";"Hombres";"Exito"
"2019-2020";"92.28";"Humanidades";"Hombres";"Exito"
"2018-2019";"..";"Humanidades";"Hombres";"Exito"
"2017-2018";"..";"Humanidades";"Hombres";"Exito"
"2016-2017";"..";"Humanidades";"Hombres";"Exito"
"2015-2016";"..";"Humanidades";"Hombres";"Exito"
"2022-2023";"81.88";"Total Ciencias sociales, periodismo y documentación";"Hombres";"Exito"
"2021-2022";"80.1";"Total Ciencias sociales, periodismo y documentación";"Hombres";"Exito"
"2020-2021";"79.27";"Total Ciencias sociales, periodismo y documentación";"Hombres";"Exito"
"2019-2020";"86.15";"Total Ciencias sociales, periodismo y documentación";"Hombres";"Exito"
"2018-2019";"80.06";"Total Ciencias sociales, periodismo y documentación";"Hombres";"Exito"
"2017-2018";"78.8";"Total Ciencias sociales, periodismo y documentación";"Hombres";"Exito"
"2016-2017";"78.16";"Total Ciencias sociales, periodismo y documentación";"Hombres";"Exito"
"2015-2016";"82.43";"Total Ciencias sociales, periodismo y documentación";"Hombres";"Exito"
"2022-2023";"96.44";"Psicología";"Hombres";"Exito"
"2021-2022";"94.54";"Psicología";"Hombres";"Exito"
"2020-2021";"..";"Psicología";"Hombres";"Exito"
"2019-2020";"..";"Psicología";"Hombres";"Exito"
"2018-2019";"..";"Psicología";"Hombres";"Exito"
"2017-2018";"..";"Psicología";"Hombres";"Exito"
"2016-2017";"..";"Psicología";"Hombres";"Exito"
"2015-2016";"..";"Psicología";"Hombres";"Exito"
"2022-2023";"77.47";"Economía";"Hombres";"Exito"
"2021-2022";"73.99";"Economía";"Hombres";"Exito"
"2020-2021";"73.28";"Economía";"Hombres";"Exito"
"2019-2020";"84.12";"Economía";"Hombres";"Exito"
"2018-2019";"80.07";"Economía";"Hombres";"Exito"
"2017-2018";"78.98";"Economía";"Hombres";"Exito"
"2016-2017";"77.57";"Economía";"Hombres";"Exito"
"2015-2016";"81.68";"Economía";"Hombres";"Exito"
"2022-2023";"78.9";"Otras Ciencias sociales y del comportamiento";"Hombres";"Exito"
"2021-2022";"85.9";"Otras Ciencias sociales y del comportamiento";"Hombres";"Exito"
"2020-2021";"88.3";"Otras Ciencias sociales y del comportamiento";"Hombres";"Exito"
"2019-2020";"88.39";"Otras Ciencias sociales y del comportamiento";"Hombres";"Exito"
"2018-2019";"80.03";"Otras Ciencias sociales y del comportamiento";"Hombres";"Exito"
"2017-2018";"78.52";"Otras Ciencias sociales y del comportamiento";"Hombres";"Exito"
"2016-2017";"79.14";"Otras Ciencias sociales y del comportamiento";"Hombres";"Exito"
"2015-2016";"83.83";"Otras Ciencias sociales y del comportamiento";"Hombres";"Exito"
"2022-2023";"..";"Periodismo e información";"Hombres";"Exito"
"2021-2022";"..";"Periodismo e información";"Hombres";"Exito"
"2020-2021";"..";"Periodismo e información";"Hombres";"Exito"
"2019-2020";"..";"Periodismo e información";"Hombres";"Exito"
"2018-2019";"..";"Periodismo e información";"Hombres";"Exito"
"2017-2018";"..";"Periodismo e información";"Hombres";"Exito"
"2016-2017";"..";"Periodismo e información";"Hombres";"Exito"
"2015-2016";"..";"Periodismo e información";"Hombres";"Exito"
"2022-2023";"83.67";"Total Negocios, administración y derecho";"Hombres";"Exito"
"2021-2022";"82.74";"Total Negocios, administración y derecho";"Hombres";"Exito"
"2020-2021";"85.97";"Total Negocios, administración y derecho";"Hombres";"Exito"
"2019-2020";"88.64";"Total Negocios, administración y derecho";"Hombres";"Exito"
"2018-2019";"83.42";"Total Negocios, administración y derecho";"Hombres";"Exito"
"2017-2018";"83.42";"Total Negocios, administración y derecho";"Hombres";"Exito"
"2016-2017";"82.51";"Total Negocios, administración y derecho";"Hombres";"Exito"
"2015-2016";"84.44";"Total Negocios, administración y derecho";"Hombres";"Exito"
"2022-2023";"83.3";"Administración y gestión de empresas";"Hombres";"Exito"
"2021-2022";"81.63";"Administración y gestión de empresas";"Hombres";"Exito"
"2020-2021";"84.9";"Administración y gestión de empresas";"Hombres";"Exito"
"2019-2020";"88.44";"Administración y gestión de empresas";"Hombres";"Exito"
"2018-2019";"82.67";"Administración y gestión de empresas";"Hombres";"Exito"
"2017-2018";"83.23";"Administración y gestión de empresas";"Hombres";"Exito"
"2016-2017";"81.68";"Administración y gestión de empresas";"Hombres";"Exito"
"2015-2016";"81.76";"Administración y gestión de empresas";"Hombres";"Exito"
"2022-2023";"..";"Otra Educación comercial y empresarial";"Hombres";"Exito"
"2021-2022";"..";"Otra Educación comercial y empresarial";"Hombres";"Exito"
"2020-2021";"..";"Otra Educación comercial y empresarial";"Hombres";"Exito"
"2019-2020";"..";"Otra Educación comercial y empresarial";"Hombres";"Exito"
"2018-2019";"..";"Otra Educación comercial y empresarial";"Hombres";"Exito"
"2017-2018";"..";"Otra Educación comercial y empresarial";"Hombres";"Exito"
"2016-2017";"..";"Otra Educación comercial y empresarial";"Hombres";"Exito"
"2015-2016";"..";"Otra Educación comercial y empresarial";"Hombres";"Exito"
"2022-2023";"85.68";"Derecho";"Hombres";"Exito"
"2021-2022";"88.16";"Derecho";"Hombres";"Exito"
"2020-2021";"90.88";"Derecho";"Hombres";"Exito"
"2019-2020";"89.57";"Derecho";"Hombres";"Exito"
"2018-2019";"86.65";"Derecho";"Hombres";"Exito"
"2017-2018";"84.23";"Derecho";"Hombres";"Exito"
"2016-2017";"86.51";"Derecho";"Hombres";"Exito"
"2015-2016";"92.55";"Derecho";"Hombres";"Exito"
"2022-2023";"85.76";"Total Ciencias";"Hombres";"Exito"
"2021-2022";"86.32";"Total Ciencias";"Hombres";"Exito"
"2020-2021";"87.51";"Total Ciencias";"Hombres";"Exito"
"2019-2020";"83.31";"Total Ciencias";"Hombres";"Exito"
"2018-2019";"82.35";"Total Ciencias";"Hombres";"Exito"
"2017-2018";"..";"Total Ciencias";"Hombres";"Exito"
"2016-2017";"..";"Total Ciencias";"Hombres";"Exito"
"2015-2016";"..";"Total Ciencias";"Hombres";"Exito"
"2022-2023";"88.13";"Ciencias de la vida";"Hombres";"Exito"
"2021-2022";"91.61";"Ciencias de la vida";"Hombres";"Exito"
"2020-2021";"88.64";"Ciencias de la vida";"Hombres";"Exito"
"2019-2020";"..";"Ciencias de la vida";"Hombres";"Exito"
"2018-2019";"..";"Ciencias de la vida";"Hombres";"Exito"
"2017-2018";"..";"Ciencias de la vida";"Hombres";"Exito"
"2016-2017";"..";"Ciencias de la vida";"Hombres";"Exito"
"2015-2016";"..";"Ciencias de la vida";"Hombres";"Exito"
"2022-2023";"71.91";"Ciencias Físicas, químicas, geológicas";"Hombres";"Exito"
"2021-2022";"68.85";"Ciencias Físicas, químicas, geológicas";"Hombres";"Exito"
"2020-2021";"..";"Ciencias Físicas, químicas, geológicas";"Hombres";"Exito"
"2019-2020";"..";"Ciencias Físicas, químicas, geológicas";"Hombres";"Exito"
"2018-2019";"..";"Ciencias Físicas, químicas, geológicas";"Hombres";"Exito"
"2017-2018";"..";"Ciencias Físicas, químicas, geológicas";"Hombres";"Exito"
"2016-2017";"..";"Ciencias Físicas, químicas, geológicas";"Hombres";"Exito"
"2015-2016";"..";"Ciencias Físicas, químicas, geológicas";"Hombres";"Exito"
"2022-2023";"88.83";"Matemáticas y Estadística";"Hombres";"Exito"
"2021-2022";"89.04";"Matemáticas y Estadística";"Hombres";"Exito"
"2020-2021";"90.01";"Matemáticas y Estadística";"Hombres";"Exito"
"2019-2020";"86.03";"Matemáticas y Estadística";"Hombres";"Exito"
"2018-2019";"..";"Matemáticas y Estadística";"Hombres";"Exito"
"2017-2018";"..";"Matemáticas y Estadística";"Hombres";"Exito"
"2016-2017";"..";"Matemáticas y Estadística";"Hombres";"Exito"
"2015-2016";"..";"Matemáticas y Estadística";"Hombres";"Exito"
"2022-2023";"85.01";"Total Informática";"Hombres";"Exito"
"2021-2022";"86.38";"Total Informática";"Hombres";"Exito"
"2020-2021";"86.2";"Total Informática";"Hombres";"Exito"
"2019-2020";"88.29";"Total Informática";"Hombres";"Exito"
"2018-2019";"81.6";"Total Informática";"Hombres";"Exito"
"2017-2018";"81.49";"Total Informática";"Hombres";"Exito"
"2016-2017";"78.39";"Total Informática";"Hombres";"Exito"
"2015-2016";"78.68";"Total Informática";"Hombres";"Exito"
"2022-2023";"85.01";"Informática";"Hombres";"Exito"
"2021-2022";"86.38";"Informática";"Hombres";"Exito"
"2020-2021";"86.2";"Informática";"Hombres";"Exito"
"2019-2020";"88.29";"Informática";"Hombres";"Exito"
"2018-2019";"81.6";"Informática";"Hombres";"Exito"
"2017-2018";"81.49";"Informática";"Hombres";"Exito"
"2016-2017";"78.39";"Informática";"Hombres";"Exito"
"2015-2016";"78.68";"Informática";"Hombres";"Exito"
"2022-2023";"77.79";"Total Ingeniería, industria y construcción";"Hombres";"Exito"
"2021-2022";"77.55";"Total Ingeniería, industria y construcción";"Hombres";"Exito"
"2020-2021";"76.65";"Total Ingeniería, industria y construcción";"Hombres";"Exito"
"2019-2020";"83.22";"Total Ingeniería, industria y construcción";"Hombres";"Exito"
"2018-2019";"77.63";"Total Ingeniería, industria y construcción";"Hombres";"Exito"
"2017-2018";"77.06";"Total Ingeniería, industria y construcción";"Hombres";"Exito"
"2016-2017";"76.51";"Total Ingeniería, industria y construcción";"Hombres";"Exito"
"2015-2016";"78.47";"Total Ingeniería, industria y construcción";"Hombres";"Exito"
"2022-2023";"77.79";"Ingenierías";"Hombres";"Exito"
"2021-2022";"77.55";"Ingenierías";"Hombres";"Exito"
"2020-2021";"76.65";"Ingenierías";"Hombres";"Exito"
"2019-2020";"83.22";"Ingenierías";"Hombres";"Exito"
"2018-2019";"77.63";"Ingenierías";"Hombres";"Exito"
"2017-2018";"77.06";"Ingenierías";"Hombres";"Exito"
"2016-2017";"76.51";"Ingenierías";"Hombres";"Exito"
"2015-2016";"78.47";"Ingenierías";"Hombres";"Exito"
"2022-2023";"..";"Arquitectura y construcción";"Hombres";"Exito"
"2021-2022";"..";"Arquitectura y construcción";"Hombres";"Exito"
"2020-2021";"..";"Arquitectura y construcción";"Hombres";"Exito"
"2019-2020";"..";"Arquitectura y construcción";"Hombres";"Exito"
"2018-2019";"..";"Arquitectura y construcción";"Hombres";"Exito"
"2017-2018";"..";"Arquitectura y construcción";"Hombres";"Exito"
"2016-2017";"..";"Arquitectura y construcción";"Hombres";"Exito"
"2015-2016";"..";"Arquitectura y construcción";"Hombres";"Exito"
"2022-2023";"77.69";"Total Agricultura, ganadería,  silvicultura, pesca, y veterinaria";"Hombres";"Exito"
"2021-2022";"75.43";"Total Agricultura, ganadería,  silvicultura, pesca, y veterinaria";"Hombres";"Exito"
"2020-2021";"76.5";"Total Agricultura, ganadería,  silvicultura, pesca, y veterinaria";"Hombres";"Exito"
"2019-2020";"86.61";"Total Agricultura, ganadería,  silvicultura, pesca, y veterinaria";"Hombres";"Exito"
"2018-2019";"80.36";"Total Agricultura, ganadería,  silvicultura, pesca, y veterinaria";"Hombres";"Exito"
"2017-2018";"79.11";"Total Agricultura, ganadería,  silvicultura, pesca, y veterinaria";"Hombres";"Exito"
"2016-2017";"81.93";"Total Agricultura, ganadería,  silvicultura, pesca, y veterinaria";"Hombres";"Exito"
"2015-2016";"82.71";"Total Agricultura, ganadería,  silvicultura, pesca, y veterinaria";"Hombres";"Exito"
"2022-2023";"77.69";"Agricultura, ganadería y pesca";"Hombres";"Exito"
"2021-2022";"75.43";"Agricultura, ganadería y pesca";"Hombres";"Exito"
"2020-2021";"76.5";"Agricultura, ganadería y pesca";"Hombres";"Exito"
"2019-2020";"86.61";"Agricultura, ganadería y pesca";"Hombres";"Exito"
"2018-2019";"80.36";"Agricultura, ganadería y pesca";"Hombres";"Exito"
"2017-2018";"79.11";"Agricultura, ganadería y pesca";"Hombres";"Exito"
"2016-2017";"81.93";"Agricultura, ganadería y pesca";"Hombres";"Exito"
"2015-2016";"82.71";"Agricultura, ganadería y pesca";"Hombres";"Exito"
"2022-2023";"..";"Veterinaria";"Hombres";"Exito"
"2021-2022";"..";"Veterinaria";"Hombres";"Exito"
"2020-2021";"..";"Veterinaria";"Hombres";"Exito"
"2019-2020";"..";"Veterinaria";"Hombres";"Exito"
"2018-2019";"..";"Veterinaria";"Hombres";"Exito"
"2017-2018";"..";"Veterinaria";"Hombres";"Exito"
"2016-2017";"..";"Veterinaria";"Hombres";"Exito"
"2015-2016";"..";"Veterinaria";"Hombres";"Exito"
"2022-2023";"93.62";"Total Salud y servicios sociales";"Hombres";"Exito"
"2021-2022";"94.6";"Total Salud y servicios sociales";"Hombres";"Exito"
"2020-2021";"95.58";"Total Salud y servicios sociales";"Hombres";"Exito"
"2019-2020";"94.51";"Total Salud y servicios sociales";"Hombres";"Exito"
"2018-2019";"94.53";"Total Salud y servicios sociales";"Hombres";"Exito"
"2017-2018";"91.95";"Total Salud y servicios sociales";"Hombres";"Exito"
"2016-2017";"92.19";"Total Salud y servicios sociales";"Hombres";"Exito"
"2015-2016";"93.45";"Total Salud y servicios sociales";"Hombres";"Exito"
"2022-2023";"91.76";"Medicina";"Hombres";"Exito"
"2021-2022";"88.35";"Medicina";"Hombres";"Exito"
"2020-2021";"91.17";"Medicina";"Hombres";"Exito"
"2019-2020";"..";"Medicina";"Hombres";"Exito"
"2018-2019";"..";"Medicina";"Hombres";"Exito"
"2017-2018";"..";"Medicina";"Hombres";"Exito"
"2016-2017";"..";"Medicina";"Hombres";"Exito"
"2015-2016";"..";"Medicina";"Hombres";"Exito"
"2022-2023";"98.82";"Enfermería y atención a enfermos";"Hombres";"Exito"
"2021-2022";"99.3";"Enfermería y atención a enfermos";"Hombres";"Exito"
"2020-2021";"97.1";"Enfermería y atención a enfermos";"Hombres";"Exito"
"2019-2020";"96.32";"Enfermería y atención a enfermos";"Hombres";"Exito"
"2018-2019";"97.24";"Enfermería y atención a enfermos";"Hombres";"Exito"
"2017-2018";"96.16";"Enfermería y atención a enfermos";"Hombres";"Exito"
"2016-2017";"96.2";"Enfermería y atención a enfermos";"Hombres";"Exito"
"2015-2016";"97.96";"Enfermería y atención a enfermos";"Hombres";"Exito"
"2022-2023";"93.48";"Otras ciencias de la Salud";"Hombres";"Exito"
"2021-2022";"94.75";"Otras ciencias de la Salud";"Hombres";"Exito"
"2020-2021";"95.77";"Otras ciencias de la Salud";"Hombres";"Exito"
"2019-2020";"94.49";"Otras ciencias de la Salud";"Hombres";"Exito"
"2018-2019";"94.15";"Otras ciencias de la Salud";"Hombres";"Exito"
"2017-2018";"92.75";"Otras ciencias de la Salud";"Hombres";"Exito"
"2016-2017";"92.02";"Otras ciencias de la Salud";"Hombres";"Exito"
"2015-2016";"91.2";"Otras ciencias de la Salud";"Hombres";"Exito"
"2022-2023";"91.27";"Trabajo social y orientación";"Hombres";"Exito"
"2021-2022";"94.05";"Trabajo social y orientación";"Hombres";"Exito"
"2020-2021";"96.02";"Trabajo social y orientación";"Hombres";"Exito"
"2019-2020";"93.46";"Trabajo social y orientación";"Hombres";"Exito"
"2018-2019";"93.35";"Trabajo social y orientación";"Hombres";"Exito"
"2017-2018";"88.39";"Trabajo social y orientación";"Hombres";"Exito"
"2016-2017";"89.61";"Trabajo social y orientación";"Hombres";"Exito"
"2015-2016";"92.65";"Trabajo social y orientación";"Hombres";"Exito"
"2022-2023";"..";"Total Servicios";"Hombres";"Exito"
"2021-2022";"..";"Total Servicios";"Hombres";"Exito"
"2020-2021";"..";"Total Servicios";"Hombres";"Exito"
"2019-2020";"..";"Total Servicios";"Hombres";"Exito"
"2018-2019";"..";"Total Servicios";"Hombres";"Exito"
"2017-2018";"..";"Total Servicios";"Hombres";"Exito"
"2016-2017";"..";"Total Servicios";"Hombres";"Exito"
"2015-2016";"..";"Total Servicios";"Hombres";"Exito"
"2022-2023";"..";"Deportes";"Hombres";"Exito"
"2021-2022";"..";"Deportes";"Hombres";"Exito"
"2020-2021";"..";"Deportes";"Hombres";"Exito"
"2019-2020";"..";"Deportes";"Hombres";"Exito"
"2018-2019";"..";"Deportes";"Hombres";"Exito"
"2017-2018";"..";"Deportes";"Hombres";"Exito"
"2016-2017";"..";"Deportes";"Hombres";"Exito"
"2015-2016";"..";"Deportes";"Hombres";"Exito"
"2022-2023";"..";"Turismo y Hostelería";"Hombres";"Exito"
"2021-2022";"..";"Turismo y Hostelería";"Hombres";"Exito"
"2020-2021";"..";"Turismo y Hostelería";"Hombres";"Exito"
"2019-2020";"..";"Turismo y Hostelería";"Hombres";"Exito"
"2018-2019";"..";"Turismo y Hostelería";"Hombres";"Exito"
"2017-2018";"..";"Turismo y Hostelería";"Hombres";"Exito"
"2016-2017";"..";"Turismo y Hostelería";"Hombres";"Exito"
"2015-2016";"..";"Turismo y Hostelería";"Hombres";"Exito"
"2022-2023";"..";"Otros Servicios";"Hombres";"Exito"
"2021-2022";"..";"Otros Servicios";"Hombres";"Exito"
"2020-2021";"..";"Otros Servicios";"Hombres";"Exito"
"2019-2020";"..";"Otros Servicios";"Hombres";"Exito"
"2018-2019";"..";"Otros Servicios";"Hombres";"Exito"
"2017-2018";"..";"Otros Servicios";"Hombres";"Exito"
"2016-2017";"..";"Otros Servicios";"Hombres";"Exito"
"2015-2016";"..";"Otros Servicios";"Hombres";"Exito"
"2022-2023";"???";"Pública de Navarra";"Hombres";"Evaluacion"
"2021-2022";"???";"Pública de Navarra";"Hombres";"Evaluacion"
"2020-2021";"???";"Pública de Navarra";"Hombres";"Evaluacion"
"2019-2020";"???";"Pública de Navarra";"Hombres";"Evaluacion"
"2018-2019";"???";"Pública de Navarra";"Hombres";"Evaluacion"
"2017-2018";"???";"Pública de Navarra";"Hombres";"Evaluacion"
"2016-2017";"???";"Pública de Navarra";"Hombres";"Evaluacion"
"2015-2016";"???";"Pública de Navarra";"Hombres";"Evaluacion"
"2022-2023";"91.21";"Todos los ámbitos";"Hombres";"Evaluacion"
"2021-2022";"90.47";"Todos los ámbitos";"Hombres";"Evaluacion"
"2020-2021";"92.04";"Todos los ámbitos";"Hombres";"Evaluacion"
"2019-2020";"92.69";"Todos los ámbitos";"Hombres";"Evaluacion"
"2018-2019";"90.11";"Todos los ámbitos";"Hombres";"Evaluacion"
"2017-2018";"89.34";"Todos los ámbitos";"Hombres";"Evaluacion"
"2016-2017";"89.67";"Todos los ámbitos";"Hombres";"Evaluacion"
"2015-2016";"89.82";"Todos los ámbitos";"Hombres";"Evaluacion"
"2022-2023";"94.87";"Total Educación";"Hombres";"Evaluacion"
"2021-2022";"95.56";"Total Educación";"Hombres";"Evaluacion"
"2020-2021";"96.56";"Total Educación";"Hombres";"Evaluacion"
"2019-2020";"96.22";"Total Educación";"Hombres";"Evaluacion"
"2018-2019";"95.29";"Total Educación";"Hombres";"Evaluacion"
"2017-2018";"92.89";"Total Educación";"Hombres";"Evaluacion"
"2016-2017";"92.89";"Total Educación";"Hombres";"Evaluacion"
"2015-2016";"93.71";"Total Educación";"Hombres";"Evaluacion"
"2022-2023";"96.15";"Formación de docentes de enseñanza infantil";"Hombres";"Evaluacion"
"2021-2022";"93.13";"Formación de docentes de enseñanza infantil";"Hombres";"Evaluacion"
"2020-2021";"98.18";"Formación de docentes de enseñanza infantil";"Hombres";"Evaluacion"
"2019-2020";"95.75";"Formación de docentes de enseñanza infantil";"Hombres";"Evaluacion"
"2018-2019";"95.89";"Formación de docentes de enseñanza infantil";"Hombres";"Evaluacion"
"2017-2018";"91.46";"Formación de docentes de enseñanza infantil";"Hombres";"Evaluacion"
"2016-2017";"95.07";"Formación de docentes de enseñanza infantil";"Hombres";"Evaluacion"
"2015-2016";"90.21";"Formación de docentes de enseñanza infantil";"Hombres";"Evaluacion"
"2022-2023";"94.57";"Formación de docentes de enseñanza primaria";"Hombres";"Evaluacion"
"2021-2022";"96.03";"Formación de docentes de enseñanza primaria";"Hombres";"Evaluacion"
"2020-2021";"96.32";"Formación de docentes de enseñanza primaria";"Hombres";"Evaluacion"
"2019-2020";"96.28";"Formación de docentes de enseñanza primaria";"Hombres";"Evaluacion"
"2018-2019";"95.21";"Formación de docentes de enseñanza primaria";"Hombres";"Evaluacion"
"2017-2018";"93.09";"Formación de docentes de enseñanza primaria";"Hombres";"Evaluacion"
"2016-2017";"92.57";"Formación de docentes de enseñanza primaria";"Hombres";"Evaluacion"
"2015-2016";"94.2";"Formación de docentes de enseñanza primaria";"Hombres";"Evaluacion"
"2022-2023";"..";"Otra Formación de personal docente y ciencias de la educación";"Hombres";"Evaluacion"
"2021-2022";"..";"Otra Formación de personal docente y ciencias de la educación";"Hombres";"Evaluacion"
"2020-2021";"..";"Otra Formación de personal docente y ciencias de la educación";"Hombres";"Evaluacion"
"2019-2020";"..";"Otra Formación de personal docente y ciencias de la educación";"Hombres";"Evaluacion"
"2018-2019";"..";"Otra Formación de personal docente y ciencias de la educación";"Hombres";"Evaluacion"
"2017-2018";"..";"Otra Formación de personal docente y ciencias de la educación";"Hombres";"Evaluacion"
"2016-2017";"..";"Otra Formación de personal docente y ciencias de la educación";"Hombres";"Evaluacion"
"2015-2016";"..";"Otra Formación de personal docente y ciencias de la educación";"Hombres";"Evaluacion"
"2022-2023";"89.82";"Total Artes y humanidades";"Hombres";"Evaluacion"
"2021-2022";"95.15";"Total Artes y humanidades";"Hombres";"Evaluacion"
"2020-2021";"90.36";"Total Artes y humanidades";"Hombres";"Evaluacion"
"2019-2020";"93.17";"Total Artes y humanidades";"Hombres";"Evaluacion"
"2018-2019";"..";"Total Artes y humanidades";"Hombres";"Evaluacion"
"2017-2018";"..";"Total Artes y humanidades";"Hombres";"Evaluacion"
"2016-2017";"..";"Total Artes y humanidades";"Hombres";"Evaluacion"
"2015-2016";"..";"Total Artes y humanidades";"Hombres";"Evaluacion"
"2022-2023";"..";"Técnicas audiovisuales y medios de comunicación";"Hombres";"Evaluacion"
"2021-2022";"..";"Técnicas audiovisuales y medios de comunicación";"Hombres";"Evaluacion"
"2020-2021";"..";"Técnicas audiovisuales y medios de comunicación";"Hombres";"Evaluacion"
"2019-2020";"..";"Técnicas audiovisuales y medios de comunicación";"Hombres";"Evaluacion"
"2018-2019";"..";"Técnicas audiovisuales y medios de comunicación";"Hombres";"Evaluacion"
"2017-2018";"..";"Técnicas audiovisuales y medios de comunicación";"Hombres";"Evaluacion"
"2016-2017";"..";"Técnicas audiovisuales y medios de comunicación";"Hombres";"Evaluacion"
"2015-2016";"..";"Técnicas audiovisuales y medios de comunicación";"Hombres";"Evaluacion"
"2022-2023";"..";"Artes";"Hombres";"Evaluacion"
"2021-2022";"..";"Artes";"Hombres";"Evaluacion"
"2020-2021";"..";"Artes";"Hombres";"Evaluacion"
"2019-2020";"..";"Artes";"Hombres";"Evaluacion"
"2018-2019";"..";"Artes";"Hombres";"Evaluacion"
"2017-2018";"..";"Artes";"Hombres";"Evaluacion"
"2016-2017";"..";"Artes";"Hombres";"Evaluacion"
"2015-2016";"..";"Artes";"Hombres";"Evaluacion"
"2022-2023";"..";"Lenguas";"Hombres";"Evaluacion"
"2021-2022";"..";"Lenguas";"Hombres";"Evaluacion"
"2020-2021";"..";"Lenguas";"Hombres";"Evaluacion"
"2019-2020";"..";"Lenguas";"Hombres";"Evaluacion"
"2018-2019";"..";"Lenguas";"Hombres";"Evaluacion"
"2017-2018";"..";"Lenguas";"Hombres";"Evaluacion"
"2016-2017";"..";"Lenguas";"Hombres";"Evaluacion"
"2015-2016";"..";"Lenguas";"Hombres";"Evaluacion"
"2022-2023";"89.82";"Humanidades";"Hombres";"Evaluacion"
"2021-2022";"95.15";"Humanidades";"Hombres";"Evaluacion"
"2020-2021";"90.36";"Humanidades";"Hombres";"Evaluacion"
"2019-2020";"93.17";"Humanidades";"Hombres";"Evaluacion"
"2018-2019";"..";"Humanidades";"Hombres";"Evaluacion"
"2017-2018";"..";"Humanidades";"Hombres";"Evaluacion"
"2016-2017";"..";"Humanidades";"Hombres";"Evaluacion"
"2015-2016";"..";"Humanidades";"Hombres";"Evaluacion"
"2022-2023";"88.28";"Total Ciencias sociales, periodismo y documentación";"Hombres";"Evaluacion"
"2021-2022";"83.21";"Total Ciencias sociales, periodismo y documentación";"Hombres";"Evaluacion"
"2020-2021";"87.99";"Total Ciencias sociales, periodismo y documentación";"Hombres";"Evaluacion"
"2019-2020";"89.77";"Total Ciencias sociales, periodismo y documentación";"Hombres";"Evaluacion"
"2018-2019";"83.6";"Total Ciencias sociales, periodismo y documentación";"Hombres";"Evaluacion"
"2017-2018";"86.93";"Total Ciencias sociales, periodismo y documentación";"Hombres";"Evaluacion"
"2016-2017";"88.19";"Total Ciencias sociales, periodismo y documentación";"Hombres";"Evaluacion"
"2015-2016";"90.15";"Total Ciencias sociales, periodismo y documentación";"Hombres";"Evaluacion"
"2022-2023";"98.7";"Psicología";"Hombres";"Evaluacion"
"2021-2022";"94.82";"Psicología";"Hombres";"Evaluacion"
"2020-2021";"..";"Psicología";"Hombres";"Evaluacion"
"2019-2020";"..";"Psicología";"Hombres";"Evaluacion"
"2018-2019";"..";"Psicología";"Hombres";"Evaluacion"
"2017-2018";"..";"Psicología";"Hombres";"Evaluacion"
"2016-2017";"..";"Psicología";"Hombres";"Evaluacion"
"2015-2016";"..";"Psicología";"Hombres";"Evaluacion"
"2022-2023";"86.62";"Economía";"Hombres";"Evaluacion"
"2021-2022";"78.83";"Economía";"Hombres";"Evaluacion"
"2020-2021";"88.31";"Economía";"Hombres";"Evaluacion"
"2019-2020";"91.23";"Economía";"Hombres";"Evaluacion"
"2018-2019";"86.42";"Economía";"Hombres";"Evaluacion"
"2017-2018";"89.11";"Economía";"Hombres";"Evaluacion"
"2016-2017";"87.78";"Economía";"Hombres";"Evaluacion"
"2015-2016";"88.39";"Economía";"Hombres";"Evaluacion"
"2022-2023";"84.34";"Otras Ciencias sociales y del comportamiento";"Hombres";"Evaluacion"
"2021-2022";"88.24";"Otras Ciencias sociales y del comportamiento";"Hombres";"Evaluacion"
"2020-2021";"85.9";"Otras Ciencias sociales y del comportamiento";"Hombres";"Evaluacion"
"2019-2020";"87.06";"Otras Ciencias sociales y del comportamiento";"Hombres";"Evaluacion"
"2018-2019";"79.22";"Otras Ciencias sociales y del comportamiento";"Hombres";"Evaluacion"
"2017-2018";"83.8";"Otras Ciencias sociales y del comportamiento";"Hombres";"Evaluacion"
"2016-2017";"88.88";"Otras Ciencias sociales y del comportamiento";"Hombres";"Evaluacion"
"2015-2016";"93.64";"Otras Ciencias sociales y del comportamiento";"Hombres";"Evaluacion"
"2022-2023";"..";"Periodismo e información";"Hombres";"Evaluacion"
"2021-2022";"..";"Periodismo e información";"Hombres";"Evaluacion"
"2020-2021";"..";"Periodismo e información";"Hombres";"Evaluacion"
"2019-2020";"..";"Periodismo e información";"Hombres";"Evaluacion"
"2018-2019";"..";"Periodismo e información";"Hombres";"Evaluacion"
"2017-2018";"..";"Periodismo e información";"Hombres";"Evaluacion"
"2016-2017";"..";"Periodismo e información";"Hombres";"Evaluacion"
"2015-2016";"..";"Periodismo e información";"Hombres";"Evaluacion"
"2022-2023";"92.24";"Total Negocios, administración y derecho";"Hombres";"Evaluacion"
"2021-2022";"91.96";"Total Negocios, administración y derecho";"Hombres";"Evaluacion"
"2020-2021";"94.5";"Total Negocios, administración y derecho";"Hombres";"Evaluacion"
"2019-2020";"93.02";"Total Negocios, administración y derecho";"Hombres";"Evaluacion"
"2018-2019";"91.35";"Total Negocios, administración y derecho";"Hombres";"Evaluacion"
"2017-2018";"91.8";"Total Negocios, administración y derecho";"Hombres";"Evaluacion"
"2016-2017";"93.45";"Total Negocios, administración y derecho";"Hombres";"Evaluacion"
"2015-2016";"92.97";"Total Negocios, administración y derecho";"Hombres";"Evaluacion"
"2022-2023";"92.68";"Administración y gestión de empresas";"Hombres";"Evaluacion"
"2021-2022";"92.26";"Administración y gestión de empresas";"Hombres";"Evaluacion"
"2020-2021";"95.07";"Administración y gestión de empresas";"Hombres";"Evaluacion"
"2019-2020";"93.26";"Administración y gestión de empresas";"Hombres";"Evaluacion"
"2018-2019";"91.37";"Administración y gestión de empresas";"Hombres";"Evaluacion"
"2017-2018";"91.82";"Administración y gestión de empresas";"Hombres";"Evaluacion"
"2016-2017";"93.25";"Administración y gestión de empresas";"Hombres";"Evaluacion"
"2015-2016";"92.06";"Administración y gestión de empresas";"Hombres";"Evaluacion"
"2022-2023";"..";"Otra Educación comercial y empresarial";"Hombres";"Evaluacion"
"2021-2022";"..";"Otra Educación comercial y empresarial";"Hombres";"Evaluacion"
"2020-2021";"..";"Otra Educación comercial y empresarial";"Hombres";"Evaluacion"
"2019-2020";"..";"Otra Educación comercial y empresarial";"Hombres";"Evaluacion"
"2018-2019";"..";"Otra Educación comercial y empresarial";"Hombres";"Evaluacion"
"2017-2018";"..";"Otra Educación comercial y empresarial";"Hombres";"Evaluacion"
"2016-2017";"..";"Otra Educación comercial y empresarial";"Hombres";"Evaluacion"
"2015-2016";"..";"Otra Educación comercial y empresarial";"Hombres";"Evaluacion"
"2022-2023";"89.9";"Derecho";"Hombres";"Evaluacion"
"2021-2022";"90.54";"Derecho";"Hombres";"Evaluacion"
"2020-2021";"91.97";"Derecho";"Hombres";"Evaluacion"
"2019-2020";"91.92";"Derecho";"Hombres";"Evaluacion"
"2018-2019";"91.23";"Derecho";"Hombres";"Evaluacion"
"2017-2018";"91.71";"Derecho";"Hombres";"Evaluacion"
"2016-2017";"94.43";"Derecho";"Hombres";"Evaluacion"
"2015-2016";"95.83";"Derecho";"Hombres";"Evaluacion"
"2022-2023";"94.6";"Total Ciencias";"Hombres";"Evaluacion"
"2021-2022";"89.45";"Total Ciencias";"Hombres";"Evaluacion"
"2020-2021";"92.34";"Total Ciencias";"Hombres";"Evaluacion"
"2019-2020";"91.28";"Total Ciencias";"Hombres";"Evaluacion"
"2018-2019";"85.0";"Total Ciencias";"Hombres";"Evaluacion"
"2017-2018";"..";"Total Ciencias";"Hombres";"Evaluacion"
"2016-2017";"..";"Total Ciencias";"Hombres";"Evaluacion"
"2015-2016";"..";"Total Ciencias";"Hombres";"Evaluacion"
"2022-2023";"97.56";"Ciencias de la vida";"Hombres";"Evaluacion"
"2021-2022";"98.05";"Ciencias de la vida";"Hombres";"Evaluacion"
"2020-2021";"94.62";"Ciencias de la vida";"Hombres";"Evaluacion"
"2019-2020";"..";"Ciencias de la vida";"Hombres";"Evaluacion"
"2018-2019";"..";"Ciencias de la vida";"Hombres";"Evaluacion"
"2017-2018";"..";"Ciencias de la vida";"Hombres";"Evaluacion"
"2016-2017";"..";"Ciencias de la vida";"Hombres";"Evaluacion"
"2015-2016";"..";"Ciencias de la vida";"Hombres";"Evaluacion"
"2022-2023";"92.39";"Ciencias Físicas, químicas, geológicas";"Hombres";"Evaluacion"
"2021-2022";"78.96";"Ciencias Físicas, químicas, geológicas";"Hombres";"Evaluacion"
"2020-2021";"..";"Ciencias Físicas, químicas, geológicas";"Hombres";"Evaluacion"
"2019-2020";"..";"Ciencias Físicas, químicas, geológicas";"Hombres";"Evaluacion"
"2018-2019";"..";"Ciencias Físicas, químicas, geológicas";"Hombres";"Evaluacion"
"2017-2018";"..";"Ciencias Físicas, químicas, geológicas";"Hombres";"Evaluacion"
"2016-2017";"..";"Ciencias Físicas, químicas, geológicas";"Hombres";"Evaluacion"
"2015-2016";"..";"Ciencias Físicas, químicas, geológicas";"Hombres";"Evaluacion"
"2022-2023";"93.68";"Matemáticas y Estadística";"Hombres";"Evaluacion"
"2021-2022";"88.49";"Matemáticas y Estadística";"Hombres";"Evaluacion"
"2020-2021";"93.12";"Matemáticas y Estadística";"Hombres";"Evaluacion"
"2019-2020";"93.11";"Matemáticas y Estadística";"Hombres";"Evaluacion"
"2018-2019";"..";"Matemáticas y Estadística";"Hombres";"Evaluacion"
"2017-2018";"..";"Matemáticas y Estadística";"Hombres";"Evaluacion"
"2016-2017";"..";"Matemáticas y Estadística";"Hombres";"Evaluacion"
"2015-2016";"..";"Matemáticas y Estadística";"Hombres";"Evaluacion"
"2022-2023";"91.71";"Total Informática";"Hombres";"Evaluacion"
"2021-2022";"90.63";"Total Informática";"Hombres";"Evaluacion"
"2020-2021";"92.12";"Total Informática";"Hombres";"Evaluacion"
"2019-2020";"93.37";"Total Informática";"Hombres";"Evaluacion"
"2018-2019";"92.43";"Total Informática";"Hombres";"Evaluacion"
"2017-2018";"88.54";"Total Informática";"Hombres";"Evaluacion"
"2016-2017";"85.75";"Total Informática";"Hombres";"Evaluacion"
"2015-2016";"85.88";"Total Informática";"Hombres";"Evaluacion"
"2022-2023";"91.71";"Informática";"Hombres";"Evaluacion"
"2021-2022";"90.63";"Informática";"Hombres";"Evaluacion"
"2020-2021";"92.12";"Informática";"Hombres";"Evaluacion"
"2019-2020";"93.37";"Informática";"Hombres";"Evaluacion"
"2018-2019";"92.43";"Informática";"Hombres";"Evaluacion"
"2017-2018";"88.54";"Informática";"Hombres";"Evaluacion"
"2016-2017";"85.75";"Informática";"Hombres";"Evaluacion"
"2015-2016";"85.88";"Informática";"Hombres";"Evaluacion"
"2022-2023";"89.7";"Total Ingeniería, industria y construcción";"Hombres";"Evaluacion"
"2021-2022";"89.1";"Total Ingeniería, industria y construcción";"Hombres";"Evaluacion"
"2020-2021";"90.0";"Total Ingeniería, industria y construcción";"Hombres";"Evaluacion"
"2019-2020";"91.88";"Total Ingeniería, industria y construcción";"Hombres";"Evaluacion"
"2018-2019";"87.82";"Total Ingeniería, industria y construcción";"Hombres";"Evaluacion"
"2017-2018";"86.77";"Total Ingeniería, industria y construcción";"Hombres";"Evaluacion"
"2016-2017";"86.86";"Total Ingeniería, industria y construcción";"Hombres";"Evaluacion"
"2015-2016";"87.16";"Total Ingeniería, industria y construcción";"Hombres";"Evaluacion"
"2022-2023";"89.7";"Ingenierías";"Hombres";"Evaluacion"
"2021-2022";"89.1";"Ingenierías";"Hombres";"Evaluacion"
"2020-2021";"90.0";"Ingenierías";"Hombres";"Evaluacion"
"2019-2020";"91.88";"Ingenierías";"Hombres";"Evaluacion"
"2018-2019";"87.82";"Ingenierías";"Hombres";"Evaluacion"
"2017-2018";"86.77";"Ingenierías";"Hombres";"Evaluacion"
"2016-2017";"86.86";"Ingenierías";"Hombres";"Evaluacion"
"2015-2016";"87.16";"Ingenierías";"Hombres";"Evaluacion"
"2022-2023";"..";"Arquitectura y construcción";"Hombres";"Evaluacion"
"2021-2022";"..";"Arquitectura y construcción";"Hombres";"Evaluacion"
"2020-2021";"..";"Arquitectura y construcción";"Hombres";"Evaluacion"
"2019-2020";"..";"Arquitectura y construcción";"Hombres";"Evaluacion"
"2018-2019";"..";"Arquitectura y construcción";"Hombres";"Evaluacion"
"2017-2018";"..";"Arquitectura y construcción";"Hombres";"Evaluacion"
"2016-2017";"..";"Arquitectura y construcción";"Hombres";"Evaluacion"
"2015-2016";"..";"Arquitectura y construcción";"Hombres";"Evaluacion"
"2022-2023";"86.73";"Total Agricultura, ganadería,  silvicultura, pesca, y veterinaria";"Hombres";"Evaluacion"
"2021-2022";"86.69";"Total Agricultura, ganadería,  silvicultura, pesca, y veterinaria";"Hombres";"Evaluacion"
"2020-2021";"84.64";"Total Agricultura, ganadería,  silvicultura, pesca, y veterinaria";"Hombres";"Evaluacion"
"2019-2020";"86.1";"Total Agricultura, ganadería,  silvicultura, pesca, y veterinaria";"Hombres";"Evaluacion"
"2018-2019";"87.43";"Total Agricultura, ganadería,  silvicultura, pesca, y veterinaria";"Hombres";"Evaluacion"
"2017-2018";"86.82";"Total Agricultura, ganadería,  silvicultura, pesca, y veterinaria";"Hombres";"Evaluacion"
"2016-2017";"88.1";"Total Agricultura, ganadería,  silvicultura, pesca, y veterinaria";"Hombres";"Evaluacion"
"2015-2016";"88.55";"Total Agricultura, ganadería,  silvicultura, pesca, y veterinaria";"Hombres";"Evaluacion"
"2022-2023";"86.73";"Agricultura, ganadería y pesca";"Hombres";"Evaluacion"
"2021-2022";"86.69";"Agricultura, ganadería y pesca";"Hombres";"Evaluacion"
"2020-2021";"84.64";"Agricultura, ganadería y pesca";"Hombres";"Evaluacion"
"2019-2020";"86.1";"Agricultura, ganadería y pesca";"Hombres";"Evaluacion"
"2018-2019";"87.43";"Agricultura, ganadería y pesca";"Hombres";"Evaluacion"
"2017-2018";"86.82";"Agricultura, ganadería y pesca";"Hombres";"Evaluacion"
"2016-2017";"88.1";"Agricultura, ganadería y pesca";"Hombres";"Evaluacion"
"2015-2016";"88.55";"Agricultura, ganadería y pesca";"Hombres";"Evaluacion"
"2022-2023";"..";"Veterinaria";"Hombres";"Evaluacion"
"2021-2022";"..";"Veterinaria";"Hombres";"Evaluacion"
"2020-2021";"..";"Veterinaria";"Hombres";"Evaluacion"
"2019-2020";"..";"Veterinaria";"Hombres";"Evaluacion"
"2018-2019";"..";"Veterinaria";"Hombres";"Evaluacion"
"2017-2018";"..";"Veterinaria";"Hombres";"Evaluacion"
"2016-2017";"..";"Veterinaria";"Hombres";"Evaluacion"
"2015-2016";"..";"Veterinaria";"Hombres";"Evaluacion"
"2022-2023";"94.08";"Total Salud y servicios sociales";"Hombres";"Evaluacion"
"2021-2022";"94.29";"Total Salud y servicios sociales";"Hombres";"Evaluacion"
"2020-2021";"97.24";"Total Salud y servicios sociales";"Hombres";"Evaluacion"
"2019-2020";"96.87";"Total Salud y servicios sociales";"Hombres";"Evaluacion"
"2018-2019";"96.74";"Total Salud y servicios sociales";"Hombres";"Evaluacion"
"2017-2018";"95.94";"Total Salud y servicios sociales";"Hombres";"Evaluacion"
"2016-2017";"95.71";"Total Salud y servicios sociales";"Hombres";"Evaluacion"
"2015-2016";"94.79";"Total Salud y servicios sociales";"Hombres";"Evaluacion"
"2022-2023";"89.27";"Medicina";"Hombres";"Evaluacion"
"2021-2022";"94.27";"Medicina";"Hombres";"Evaluacion"
"2020-2021";"94.35";"Medicina";"Hombres";"Evaluacion"
"2019-2020";"..";"Medicina";"Hombres";"Evaluacion"
"2018-2019";"..";"Medicina";"Hombres";"Evaluacion"
"2017-2018";"..";"Medicina";"Hombres";"Evaluacion"
"2016-2017";"..";"Medicina";"Hombres";"Evaluacion"
"2015-2016";"..";"Medicina";"Hombres";"Evaluacion"
"2022-2023";"98.26";"Enfermería y atención a enfermos";"Hombres";"Evaluacion"
"2021-2022";"98.45";"Enfermería y atención a enfermos";"Hombres";"Evaluacion"
"2020-2021";"98.53";"Enfermería y atención a enfermos";"Hombres";"Evaluacion"
"2019-2020";"99.02";"Enfermería y atención a enfermos";"Hombres";"Evaluacion"
"2018-2019";"98.41";"Enfermería y atención a enfermos";"Hombres";"Evaluacion"
"2017-2018";"97.44";"Enfermería y atención a enfermos";"Hombres";"Evaluacion"
"2016-2017";"98.57";"Enfermería y atención a enfermos";"Hombres";"Evaluacion"
"2015-2016";"97.68";"Enfermería y atención a enfermos";"Hombres";"Evaluacion"
"2022-2023";"95.78";"Otras ciencias de la Salud";"Hombres";"Evaluacion"
"2021-2022";"95.45";"Otras ciencias de la Salud";"Hombres";"Evaluacion"
"2020-2021";"97.55";"Otras ciencias de la Salud";"Hombres";"Evaluacion"
"2019-2020";"98.24";"Otras ciencias de la Salud";"Hombres";"Evaluacion"
"2018-2019";"98.65";"Otras ciencias de la Salud";"Hombres";"Evaluacion"
"2017-2018";"97.02";"Otras ciencias de la Salud";"Hombres";"Evaluacion"
"2016-2017";"98.31";"Otras ciencias de la Salud";"Hombres";"Evaluacion"
"2015-2016";"96.26";"Otras ciencias de la Salud";"Hombres";"Evaluacion"
"2022-2023";"92.1";"Trabajo social y orientación";"Hombres";"Evaluacion"
"2021-2022";"89.48";"Trabajo social y orientación";"Hombres";"Evaluacion"
"2020-2021";"97.07";"Trabajo social y orientación";"Hombres";"Evaluacion"
"2019-2020";"93.86";"Trabajo social y orientación";"Hombres";"Evaluacion"
"2018-2019";"93.46";"Trabajo social y orientación";"Hombres";"Evaluacion"
"2017-2018";"93.79";"Trabajo social y orientación";"Hombres";"Evaluacion"
"2016-2017";"91.0";"Trabajo social y orientación";"Hombres";"Evaluacion"
"2015-2016";"90.81";"Trabajo social y orientación";"Hombres";"Evaluacion"
"2022-2023";"..";"Total Servicios";"Hombres";"Evaluacion"
"2021-2022";"..";"Total Servicios";"Hombres";"Evaluacion"
"2020-2021";"..";"Total Servicios";"Hombres";"Evaluacion"
"2019-2020";"..";"Total Servicios";"Hombres";"Evaluacion"
"2018-2019";"..";"Total Servicios";"Hombres";"Evaluacion"
"2017-2018";"..";"Total Servicios";"Hombres";"Evaluacion"
"2016-2017";"..";"Total Servicios";"Hombres";"Evaluacion"
"2015-2016";"..";"Total Servicios";"Hombres";"Evaluacion"
"2022-2023";"..";"Deportes";"Hombres";"Evaluacion"
"2021-2022";"..";"Deportes";"Hombres";"Evaluacion"
"2020-2021";"..";"Deportes";"Hombres";"Evaluacion"
"2019-2020";"..";"Deportes";"Hombres";"Evaluacion"
"2018-2019";"..";"Deportes";"Hombres";"Evaluacion"
"2017-2018";"..";"Deportes";"Hombres";"Evaluacion"
"2016-2017";"..";"Deportes";"Hombres";"Evaluacion"
"2015-2016";"..";"Deportes";"Hombres";"Evaluacion"
"2022-2023";"..";"Turismo y Hostelería";"Hombres";"Evaluacion"
"2021-2022";"..";"Turismo y Hostelería";"Hombres";"Evaluacion"
"2020-2021";"..";"Turismo y Hostelería";"Hombres";"Evaluacion"
"2019-2020";"..";"Turismo y Hostelería";"Hombres";"Evaluacion"
"2018-2019";"..";"Turismo y Hostelería";"Hombres";"Evaluacion"
"2017-2018";"..";"Turismo y Hostelería";"Hombres";"Evaluacion"
"2016-2017";"..";"Turismo y Hostelería";"Hombres";"Evaluacion"
"2015-2016";"..";"Turismo y Hostelería";"Hombres";"Evaluacion"
"2022-2023";"..";"Otros Servicios";"Hombres";"Evaluacion"
"2021-2022";"..";"Otros Servicios";"Hombres";"Evaluacion"
"2020-2021";"..";"Otros Servicios";"Hombres";"Evaluacion"
"2019-2020";"..";"Otros Servicios";"Hombres";"Evaluacion"
"2018-2019";"..";"Otros Servicios";"Hombres";"Evaluacion"
"2017-2018";"..";"Otros Servicios";"Hombres";"Evaluacion"
"2016-2017";"..";"Otros Servicios";"Hombres";"Evaluacion"
"2015-2016";"..";"Otros Servicios";"Hombres";"Evaluacion"
"2022-2023";"???";"Pública de Navarra";"Mujeres";"Rendimiento"
"2021-2022";"???";"Pública de Navarra";"Mujeres";"Rendimiento"
"2020-2021";"???";"Pública de Navarra";"Mujeres";"Rendimiento"
"2019-2020";"???";"Pública de Navarra";"Mujeres";"Rendimiento"
"2018-2019";"???";"Pública de Navarra";"Mujeres";"Rendimiento"
"2017-2018";"???";"Pública de Navarra";"Mujeres";"Rendimiento"
"2016-2017";"???";"Pública de Navarra";"Mujeres";"Rendimiento"
"2015-2016";"???";"Pública de Navarra";"Mujeres";"Rendimiento"
"2022-2023";"86.56";"Todos los ámbitos";"Mujeres";"Rendimiento"
"2021-2022";"86.82";"Todos los ámbitos";"Mujeres";"Rendimiento"
"2020-2021";"88.48";"Todos los ámbitos";"Mujeres";"Rendimiento"
"2019-2020";"88.94";"Todos los ámbitos";"Mujeres";"Rendimiento"
"2018-2019";"86.17";"Todos los ámbitos";"Mujeres";"Rendimiento"
"2017-2018";"86.61";"Todos los ámbitos";"Mujeres";"Rendimiento"
"2016-2017";"85.76";"Todos los ámbitos";"Mujeres";"Rendimiento"
"2015-2016";"86.48";"Todos los ámbitos";"Mujeres";"Rendimiento"
"2022-2023";"93.72";"Total Educación";"Mujeres";"Rendimiento"
"2021-2022";"93.0";"Total Educación";"Mujeres";"Rendimiento"
"2020-2021";"94.66";"Total Educación";"Mujeres";"Rendimiento"
"2019-2020";"93.05";"Total Educación";"Mujeres";"Rendimiento"
"2018-2019";"91.78";"Total Educación";"Mujeres";"Rendimiento"
"2017-2018";"91.17";"Total Educación";"Mujeres";"Rendimiento"
"2016-2017";"89.6";"Total Educación";"Mujeres";"Rendimiento"
"2015-2016";"90.26";"Total Educación";"Mujeres";"Rendimiento"
"2022-2023";"95.12";"Formación de docentes de enseñanza infantil";"Mujeres";"Rendimiento"
"2021-2022";"94.19";"Formación de docentes de enseñanza infantil";"Mujeres";"Rendimiento"
"2020-2021";"95.1";"Formación de docentes de enseñanza infantil";"Mujeres";"Rendimiento"
"2019-2020";"92.46";"Formación de docentes de enseñanza infantil";"Mujeres";"Rendimiento"
"2018-2019";"90.61";"Formación de docentes de enseñanza infantil";"Mujeres";"Rendimiento"
"2017-2018";"89.56";"Formación de docentes de enseñanza infantil";"Mujeres";"Rendimiento"
"2016-2017";"87.67";"Formación de docentes de enseñanza infantil";"Mujeres";"Rendimiento"
"2015-2016";"88.95";"Formación de docentes de enseñanza infantil";"Mujeres";"Rendimiento"
"2022-2023";"92.28";"Formación de docentes de enseñanza primaria";"Mujeres";"Rendimiento"
"2021-2022";"91.89";"Formación de docentes de enseñanza primaria";"Mujeres";"Rendimiento"
"2020-2021";"94.26";"Formación de docentes de enseñanza primaria";"Mujeres";"Rendimiento"
"2019-2020";"93.55";"Formación de docentes de enseñanza primaria";"Mujeres";"Rendimiento"
"2018-2019";"92.74";"Formación de docentes de enseñanza primaria";"Mujeres";"Rendimiento"
"2017-2018";"92.48";"Formación de docentes de enseñanza primaria";"Mujeres";"Rendimiento"
"2016-2017";"91.28";"Formación de docentes de enseñanza primaria";"Mujeres";"Rendimiento"
"2015-2016";"91.36";"Formación de docentes de enseñanza primaria";"Mujeres";"Rendimiento"
"2022-2023";"..";"Otra Formación de personal docente y ciencias de la educación";"Mujeres";"Rendimiento"
"2021-2022";"..";"Otra Formación de personal docente y ciencias de la educación";"Mujeres";"Rendimiento"
"2020-2021";"..";"Otra Formación de personal docente y ciencias de la educación";"Mujeres";"Rendimiento"
"2019-2020";"..";"Otra Formación de personal docente y ciencias de la educación";"Mujeres";"Rendimiento"
"2018-2019";"..";"Otra Formación de personal docente y ciencias de la educación";"Mujeres";"Rendimiento"
"2017-2018";"..";"Otra Formación de personal docente y ciencias de la educación";"Mujeres";"Rendimiento"
"2016-2017";"..";"Otra Formación de personal docente y ciencias de la educación";"Mujeres";"Rendimiento"
"2015-2016";"..";"Otra Formación de personal docente y ciencias de la educación";"Mujeres";"Rendimiento"
"2022-2023";"84.37";"Total Artes y humanidades";"Mujeres";"Rendimiento"
"2021-2022";"86.48";"Total Artes y humanidades";"Mujeres";"Rendimiento"
"2020-2021";"83.82";"Total Artes y humanidades";"Mujeres";"Rendimiento"
"2019-2020";"..";"Total Artes y humanidades";"Mujeres";"Rendimiento"
"2018-2019";"..";"Total Artes y humanidades";"Mujeres";"Rendimiento"
"2017-2018";"..";"Total Artes y humanidades";"Mujeres";"Rendimiento"
"2016-2017";"..";"Total Artes y humanidades";"Mujeres";"Rendimiento"
"2015-2016";"..";"Total Artes y humanidades";"Mujeres";"Rendimiento"
"2022-2023";"..";"Técnicas audiovisuales y medios de comunicación";"Mujeres";"Rendimiento"
"2021-2022";"..";"Técnicas audiovisuales y medios de comunicación";"Mujeres";"Rendimiento"
"2020-2021";"..";"Técnicas audiovisuales y medios de comunicación";"Mujeres";"Rendimiento"
"2019-2020";"..";"Técnicas audiovisuales y medios de comunicación";"Mujeres";"Rendimiento"
"2018-2019";"..";"Técnicas audiovisuales y medios de comunicación";"Mujeres";"Rendimiento"
"2017-2018";"..";"Técnicas audiovisuales y medios de comunicación";"Mujeres";"Rendimiento"
"2016-2017";"..";"Técnicas audiovisuales y medios de comunicación";"Mujeres";"Rendimiento"
"2015-2016";"..";"Técnicas audiovisuales y medios de comunicación";"Mujeres";"Rendimiento"
"2022-2023";"..";"Artes";"Mujeres";"Rendimiento"
"2021-2022";"..";"Artes";"Mujeres";"Rendimiento"
"2020-2021";"..";"Artes";"Mujeres";"Rendimiento"
"2019-2020";"..";"Artes";"Mujeres";"Rendimiento"
"2018-2019";"..";"Artes";"Mujeres";"Rendimiento"
"2017-2018";"..";"Artes";"Mujeres";"Rendimiento"
"2016-2017";"..";"Artes";"Mujeres";"Rendimiento"
"2015-2016";"..";"Artes";"Mujeres";"Rendimiento"
"2022-2023";"..";"Lenguas";"Mujeres";"Rendimiento"
"2021-2022";"..";"Lenguas";"Mujeres";"Rendimiento"
"2020-2021";"..";"Lenguas";"Mujeres";"Rendimiento"
"2019-2020";"..";"Lenguas";"Mujeres";"Rendimiento"
"2018-2019";"..";"Lenguas";"Mujeres";"Rendimiento"
"2017-2018";"..";"Lenguas";"Mujeres";"Rendimiento"
"2016-2017";"..";"Lenguas";"Mujeres";"Rendimiento"
"2015-2016";"..";"Lenguas";"Mujeres";"Rendimiento"
"2022-2023";"84.37";"Humanidades";"Mujeres";"Rendimiento"
"2021-2022";"86.48";"Humanidades";"Mujeres";"Rendimiento"
"2020-2021";"83.82";"Humanidades";"Mujeres";"Rendimiento"
"2019-2020";"..";"Humanidades";"Mujeres";"Rendimiento"
"2018-2019";"..";"Humanidades";"Mujeres";"Rendimiento"
"2017-2018";"..";"Humanidades";"Mujeres";"Rendimiento"
"2016-2017";"..";"Humanidades";"Mujeres";"Rendimiento"
"2015-2016";"..";"Humanidades";"Mujeres";"Rendimiento"
"2022-2023";"83.42";"Total Ciencias sociales, periodismo y documentación";"Mujeres";"Rendimiento"
"2021-2022";"85.0";"Total Ciencias sociales, periodismo y documentación";"Mujeres";"Rendimiento"
"2020-2021";"85.36";"Total Ciencias sociales, periodismo y documentación";"Mujeres";"Rendimiento"
"2019-2020";"83.86";"Total Ciencias sociales, periodismo y documentación";"Mujeres";"Rendimiento"
"2018-2019";"75.42";"Total Ciencias sociales, periodismo y documentación";"Mujeres";"Rendimiento"
"2017-2018";"75.42";"Total Ciencias sociales, periodismo y documentación";"Mujeres";"Rendimiento"
"2016-2017";"73.27";"Total Ciencias sociales, periodismo y documentación";"Mujeres";"Rendimiento"
"2015-2016";"77.98";"Total Ciencias sociales, periodismo y documentación";"Mujeres";"Rendimiento"
"2022-2023";"96.02";"Psicología";"Mujeres";"Rendimiento"
"2021-2022";"95.69";"Psicología";"Mujeres";"Rendimiento"
"2020-2021";"98.21";"Psicología";"Mujeres";"Rendimiento"
"2019-2020";"98.16";"Psicología";"Mujeres";"Rendimiento"
"2018-2019";"..";"Psicología";"Mujeres";"Rendimiento"
"2017-2018";"..";"Psicología";"Mujeres";"Rendimiento"
"2016-2017";"..";"Psicología";"Mujeres";"Rendimiento"
"2015-2016";"..";"Psicología";"Mujeres";"Rendimiento"
"2022-2023";"66.49";"Economía";"Mujeres";"Rendimiento"
"2021-2022";"69.5";"Economía";"Mujeres";"Rendimiento"
"2020-2021";"74.67";"Economía";"Mujeres";"Rendimiento"
"2019-2020";"74.95";"Economía";"Mujeres";"Rendimiento"
"2018-2019";"71.71";"Economía";"Mujeres";"Rendimiento"
"2017-2018";"74.94";"Economía";"Mujeres";"Rendimiento"
"2016-2017";"71.68";"Economía";"Mujeres";"Rendimiento"
"2015-2016";"76.01";"Economía";"Mujeres";"Rendimiento"
"2022-2023";"74.27";"Otras Ciencias sociales y del comportamiento";"Mujeres";"Rendimiento"
"2021-2022";"83.4";"Otras Ciencias sociales y del comportamiento";"Mujeres";"Rendimiento"
"2020-2021";"81.61";"Otras Ciencias sociales y del comportamiento";"Mujeres";"Rendimiento"
"2019-2020";"86.06";"Otras Ciencias sociales y del comportamiento";"Mujeres";"Rendimiento"
"2018-2019";"80.52";"Otras Ciencias sociales y del comportamiento";"Mujeres";"Rendimiento"
"2017-2018";"76.01";"Otras Ciencias sociales y del comportamiento";"Mujeres";"Rendimiento"
"2016-2017";"75.37";"Otras Ciencias sociales y del comportamiento";"Mujeres";"Rendimiento"
"2015-2016";"80.77";"Otras Ciencias sociales y del comportamiento";"Mujeres";"Rendimiento"
"2022-2023";"..";"Periodismo e información";"Mujeres";"Rendimiento"
"2021-2022";"..";"Periodismo e información";"Mujeres";"Rendimiento"
"2020-2021";"..";"Periodismo e información";"Mujeres";"Rendimiento"
"2019-2020";"..";"Periodismo e información";"Mujeres";"Rendimiento"
"2018-2019";"..";"Periodismo e información";"Mujeres";"Rendimiento"
"2017-2018";"..";"Periodismo e información";"Mujeres";"Rendimiento"
"2016-2017";"..";"Periodismo e información";"Mujeres";"Rendimiento"
"2015-2016";"..";"Periodismo e información";"Mujeres";"Rendimiento"
"2022-2023";"84.61";"Total Negocios, administración y derecho";"Mujeres";"Rendimiento"
"2021-2022";"85.26";"Total Negocios, administración y derecho";"Mujeres";"Rendimiento"
"2020-2021";"86.87";"Total Negocios, administración y derecho";"Mujeres";"Rendimiento"
"2019-2020";"88.07";"Total Negocios, administración y derecho";"Mujeres";"Rendimiento"
"2018-2019";"85.85";"Total Negocios, administración y derecho";"Mujeres";"Rendimiento"
"2017-2018";"85.93";"Total Negocios, administración y derecho";"Mujeres";"Rendimiento"
"2016-2017";"86.22";"Total Negocios, administración y derecho";"Mujeres";"Rendimiento"
"2015-2016";"86.33";"Total Negocios, administración y derecho";"Mujeres";"Rendimiento"
"2022-2023";"86.12";"Administración y gestión de empresas";"Mujeres";"Rendimiento"
"2021-2022";"85.22";"Administración y gestión de empresas";"Mujeres";"Rendimiento"
"2020-2021";"87.2";"Administración y gestión de empresas";"Mujeres";"Rendimiento"
"2019-2020";"88.13";"Administración y gestión de empresas";"Mujeres";"Rendimiento"
"2018-2019";"85.58";"Administración y gestión de empresas";"Mujeres";"Rendimiento"
"2017-2018";"86.04";"Administración y gestión de empresas";"Mujeres";"Rendimiento"
"2016-2017";"86.02";"Administración y gestión de empresas";"Mujeres";"Rendimiento"
"2015-2016";"83.46";"Administración y gestión de empresas";"Mujeres";"Rendimiento"
"2022-2023";"..";"Otra Educación comercial y empresarial";"Mujeres";"Rendimiento"
"2021-2022";"..";"Otra Educación comercial y empresarial";"Mujeres";"Rendimiento"
"2020-2021";"..";"Otra Educación comercial y empresarial";"Mujeres";"Rendimiento"
"2019-2020";"..";"Otra Educación comercial y empresarial";"Mujeres";"Rendimiento"
"2018-2019";"..";"Otra Educación comercial y empresarial";"Mujeres";"Rendimiento"
"2017-2018";"..";"Otra Educación comercial y empresarial";"Mujeres";"Rendimiento"
"2016-2017";"..";"Otra Educación comercial y empresarial";"Mujeres";"Rendimiento"
"2015-2016";"..";"Otra Educación comercial y empresarial";"Mujeres";"Rendimiento"
"2022-2023";"80.65";"Derecho";"Mujeres";"Rendimiento"
"2021-2022";"85.35";"Derecho";"Mujeres";"Rendimiento"
"2020-2021";"85.83";"Derecho";"Mujeres";"Rendimiento"
"2019-2020";"87.9";"Derecho";"Mujeres";"Rendimiento"
"2018-2019";"86.72";"Derecho";"Mujeres";"Rendimiento"
"2017-2018";"85.56";"Derecho";"Mujeres";"Rendimiento"
"2016-2017";"86.92";"Derecho";"Mujeres";"Rendimiento"
"2015-2016";"91.5";"Derecho";"Mujeres";"Rendimiento"
"2022-2023";"80.66";"Total Ciencias";"Mujeres";"Rendimiento"
"2021-2022";"82.12";"Total Ciencias";"Mujeres";"Rendimiento"
"2020-2021";"80.66";"Total Ciencias";"Mujeres";"Rendimiento"
"2019-2020";"76.97";"Total Ciencias";"Mujeres";"Rendimiento"
"2018-2019";"59.51";"Total Ciencias";"Mujeres";"Rendimiento"
"2017-2018";"..";"Total Ciencias";"Mujeres";"Rendimiento"
"2016-2017";"..";"Total Ciencias";"Mujeres";"Rendimiento"
"2015-2016";"..";"Total Ciencias";"Mujeres";"Rendimiento"
"2022-2023";"87.96";"Ciencias de la vida";"Mujeres";"Rendimiento"
"2021-2022";"92.27";"Ciencias de la vida";"Mujeres";"Rendimiento"
"2020-2021";"89.9";"Ciencias de la vida";"Mujeres";"Rendimiento"
"2019-2020";"84.56";"Ciencias de la vida";"Mujeres";"Rendimiento"
"2018-2019";"..";"Ciencias de la vida";"Mujeres";"Rendimiento"
"2017-2018";"..";"Ciencias de la vida";"Mujeres";"Rendimiento"
"2016-2017";"..";"Ciencias de la vida";"Mujeres";"Rendimiento"
"2015-2016";"..";"Ciencias de la vida";"Mujeres";"Rendimiento"
"2022-2023";"55.71";"Ciencias Físicas, químicas, geológicas";"Mujeres";"Rendimiento"
"2021-2022";"56.25";"Ciencias Físicas, químicas, geológicas";"Mujeres";"Rendimiento"
"2020-2021";"62.39";"Ciencias Físicas, químicas, geológicas";"Mujeres";"Rendimiento"
"2019-2020";"..";"Ciencias Físicas, químicas, geológicas";"Mujeres";"Rendimiento"
"2018-2019";"..";"Ciencias Físicas, químicas, geológicas";"Mujeres";"Rendimiento"
"2017-2018";"..";"Ciencias Físicas, químicas, geológicas";"Mujeres";"Rendimiento"
"2016-2017";"..";"Ciencias Físicas, químicas, geológicas";"Mujeres";"Rendimiento"
"2015-2016";"..";"Ciencias Físicas, químicas, geológicas";"Mujeres";"Rendimiento"
"2022-2023";"85.04";"Matemáticas y Estadística";"Mujeres";"Rendimiento"
"2021-2022";"84.26";"Matemáticas y Estadística";"Mujeres";"Rendimiento"
"2020-2021";"82.54";"Matemáticas y Estadística";"Mujeres";"Rendimiento"
"2019-2020";"..";"Matemáticas y Estadística";"Mujeres";"Rendimiento"
"2018-2019";"..";"Matemáticas y Estadística";"Mujeres";"Rendimiento"
"2017-2018";"..";"Matemáticas y Estadística";"Mujeres";"Rendimiento"
"2016-2017";"..";"Matemáticas y Estadística";"Mujeres";"Rendimiento"
"2015-2016";"..";"Matemáticas y Estadística";"Mujeres";"Rendimiento"
"2022-2023";"75.58";"Total Informática";"Mujeres";"Rendimiento"
"2021-2022";"78.89";"Total Informática";"Mujeres";"Rendimiento"
"2020-2021";"79.44";"Total Informática";"Mujeres";"Rendimiento"
"2019-2020";"82.24";"Total Informática";"Mujeres";"Rendimiento"
"2018-2019";"72.54";"Total Informática";"Mujeres";"Rendimiento"
"2017-2018";"73.23";"Total Informática";"Mujeres";"Rendimiento"
"2016-2017";"69.34";"Total Informática";"Mujeres";"Rendimiento"
"2015-2016";"75.59";"Total Informática";"Mujeres";"Rendimiento"
"2022-2023";"75.58";"Informática";"Mujeres";"Rendimiento"
"2021-2022";"78.89";"Informática";"Mujeres";"Rendimiento"
"2020-2021";"79.44";"Informática";"Mujeres";"Rendimiento"
"2019-2020";"82.24";"Informática";"Mujeres";"Rendimiento"
"2018-2019";"72.54";"Informática";"Mujeres";"Rendimiento"
"2017-2018";"73.23";"Informática";"Mujeres";"Rendimiento"
"2016-2017";"69.34";"Informática";"Mujeres";"Rendimiento"
"2015-2016";"75.59";"Informática";"Mujeres";"Rendimiento"
"2022-2023";"72.21";"Total Ingeniería, industria y construcción";"Mujeres";"Rendimiento"
"2021-2022";"71.84";"Total Ingeniería, industria y construcción";"Mujeres";"Rendimiento"
"2020-2021";"75.19";"Total Ingeniería, industria y construcción";"Mujeres";"Rendimiento"
"2019-2020";"80.7";"Total Ingeniería, industria y construcción";"Mujeres";"Rendimiento"
"2018-2019";"71.84";"Total Ingeniería, industria y construcción";"Mujeres";"Rendimiento"
"2017-2018";"73.84";"Total Ingeniería, industria y construcción";"Mujeres";"Rendimiento"
"2016-2017";"71.95";"Total Ingeniería, industria y construcción";"Mujeres";"Rendimiento"
"2015-2016";"73.54";"Total Ingeniería, industria y construcción";"Mujeres";"Rendimiento"
"2022-2023";"72.21";"Ingenierías";"Mujeres";"Rendimiento"
"2021-2022";"71.84";"Ingenierías";"Mujeres";"Rendimiento"
"2020-2021";"75.19";"Ingenierías";"Mujeres";"Rendimiento"
"2019-2020";"80.7";"Ingenierías";"Mujeres";"Rendimiento"
"2018-2019";"71.84";"Ingenierías";"Mujeres";"Rendimiento"
"2017-2018";"73.84";"Ingenierías";"Mujeres";"Rendimiento"
"2016-2017";"71.95";"Ingenierías";"Mujeres";"Rendimiento"
"2015-2016";"73.54";"Ingenierías";"Mujeres";"Rendimiento"
"2022-2023";"..";"Arquitectura y construcción";"Mujeres";"Rendimiento"
"2021-2022";"..";"Arquitectura y construcción";"Mujeres";"Rendimiento"
"2020-2021";"..";"Arquitectura y construcción";"Mujeres";"Rendimiento"
"2019-2020";"..";"Arquitectura y construcción";"Mujeres";"Rendimiento"
"2018-2019";"..";"Arquitectura y construcción";"Mujeres";"Rendimiento"
"2017-2018";"..";"Arquitectura y construcción";"Mujeres";"Rendimiento"
"2016-2017";"..";"Arquitectura y construcción";"Mujeres";"Rendimiento"
"2015-2016";"..";"Arquitectura y construcción";"Mujeres";"Rendimiento"
"2022-2023";"70.27";"Total Agricultura, ganadería,  silvicultura, pesca, y veterinaria";"Mujeres";"Rendimiento"
"2021-2022";"73.96";"Total Agricultura, ganadería,  silvicultura, pesca, y veterinaria";"Mujeres";"Rendimiento"
"2020-2021";"74.81";"Total Agricultura, ganadería,  silvicultura, pesca, y veterinaria";"Mujeres";"Rendimiento"
"2019-2020";"77.16";"Total Agricultura, ganadería,  silvicultura, pesca, y veterinaria";"Mujeres";"Rendimiento"
"2018-2019";"73.12";"Total Agricultura, ganadería,  silvicultura, pesca, y veterinaria";"Mujeres";"Rendimiento"
"2017-2018";"71.8";"Total Agricultura, ganadería,  silvicultura, pesca, y veterinaria";"Mujeres";"Rendimiento"
"2016-2017";"71.2";"Total Agricultura, ganadería,  silvicultura, pesca, y veterinaria";"Mujeres";"Rendimiento"
"2015-2016";"72.0";"Total Agricultura, ganadería,  silvicultura, pesca, y veterinaria";"Mujeres";"Rendimiento"
"2022-2023";"70.27";"Agricultura, ganadería y pesca";"Mujeres";"Rendimiento"
"2021-2022";"73.96";"Agricultura, ganadería y pesca";"Mujeres";"Rendimiento"
"2020-2021";"74.81";"Agricultura, ganadería y pesca";"Mujeres";"Rendimiento"
"2019-2020";"77.16";"Agricultura, ganadería y pesca";"Mujeres";"Rendimiento"
"2018-2019";"73.12";"Agricultura, ganadería y pesca";"Mujeres";"Rendimiento"
"2017-2018";"71.8";"Agricultura, ganadería y pesca";"Mujeres";"Rendimiento"
"2016-2017";"71.2";"Agricultura, ganadería y pesca";"Mujeres";"Rendimiento"
"2015-2016";"72.0";"Agricultura, ganadería y pesca";"Mujeres";"Rendimiento"
"2022-2023";"..";"Veterinaria";"Mujeres";"Rendimiento"
"2021-2022";"..";"Veterinaria";"Mujeres";"Rendimiento"
"2020-2021";"..";"Veterinaria";"Mujeres";"Rendimiento"
"2019-2020";"..";"Veterinaria";"Mujeres";"Rendimiento"
"2018-2019";"..";"Veterinaria";"Mujeres";"Rendimiento"
"2017-2018";"..";"Veterinaria";"Mujeres";"Rendimiento"
"2016-2017";"..";"Veterinaria";"Mujeres";"Rendimiento"
"2015-2016";"..";"Veterinaria";"Mujeres";"Rendimiento"
"2022-2023";"92.25";"Total Salud y servicios sociales";"Mujeres";"Rendimiento"
"2021-2022";"92.09";"Total Salud y servicios sociales";"Mujeres";"Rendimiento"
"2020-2021";"94.24";"Total Salud y servicios sociales";"Mujeres";"Rendimiento"
"2019-2020";"93.73";"Total Salud y servicios sociales";"Mujeres";"Rendimiento"
"2018-2019";"93.29";"Total Salud y servicios sociales";"Mujeres";"Rendimiento"
"2017-2018";"93.75";"Total Salud y servicios sociales";"Mujeres";"Rendimiento"
"2016-2017";"93.43";"Total Salud y servicios sociales";"Mujeres";"Rendimiento"
"2015-2016";"93.38";"Total Salud y servicios sociales";"Mujeres";"Rendimiento"
"2022-2023";"91.74";"Medicina";"Mujeres";"Rendimiento"
"2021-2022";"91.93";"Medicina";"Mujeres";"Rendimiento"
"2020-2021";"91.03";"Medicina";"Mujeres";"Rendimiento"
"2019-2020";"95.21";"Medicina";"Mujeres";"Rendimiento"
"2018-2019";"..";"Medicina";"Mujeres";"Rendimiento"
"2017-2018";"..";"Medicina";"Mujeres";"Rendimiento"
"2016-2017";"..";"Medicina";"Mujeres";"Rendimiento"
"2015-2016";"..";"Medicina";"Mujeres";"Rendimiento"
"2022-2023";"95.42";"Enfermería y atención a enfermos";"Mujeres";"Rendimiento"
"2021-2022";"95.29";"Enfermería y atención a enfermos";"Mujeres";"Rendimiento"
"2020-2021";"98.2";"Enfermería y atención a enfermos";"Mujeres";"Rendimiento"
"2019-2020";"97.81";"Enfermería y atención a enfermos";"Mujeres";"Rendimiento"
"2018-2019";"97.32";"Enfermería y atención a enfermos";"Mujeres";"Rendimiento"
"2017-2018";"98.0";"Enfermería y atención a enfermos";"Mujeres";"Rendimiento"
"2016-2017";"96.9";"Enfermería y atención a enfermos";"Mujeres";"Rendimiento"
"2015-2016";"97.55";"Enfermería y atención a enfermos";"Mujeres";"Rendimiento"
"2022-2023";"90.37";"Otras ciencias de la Salud";"Mujeres";"Rendimiento"
"2021-2022";"91.14";"Otras ciencias de la Salud";"Mujeres";"Rendimiento"
"2020-2021";"91.39";"Otras ciencias de la Salud";"Mujeres";"Rendimiento"
"2019-2020";"92.94";"Otras ciencias de la Salud";"Mujeres";"Rendimiento"
"2018-2019";"93.82";"Otras ciencias de la Salud";"Mujeres";"Rendimiento"
"2017-2018";"94.87";"Otras ciencias de la Salud";"Mujeres";"Rendimiento"
"2016-2017";"94.8";"Otras ciencias de la Salud";"Mujeres";"Rendimiento"
"2015-2016";"93.54";"Otras ciencias de la Salud";"Mujeres";"Rendimiento"
"2022-2023";"90.65";"Trabajo social y orientación";"Mujeres";"Rendimiento"
"2021-2022";"89.45";"Trabajo social y orientación";"Mujeres";"Rendimiento"
"2020-2021";"92.59";"Trabajo social y orientación";"Mujeres";"Rendimiento"
"2019-2020";"89.39";"Trabajo social y orientación";"Mujeres";"Rendimiento"
"2018-2019";"88.38";"Trabajo social y orientación";"Mujeres";"Rendimiento"
"2017-2018";"88.36";"Trabajo social y orientación";"Mujeres";"Rendimiento"
"2016-2017";"89.16";"Trabajo social y orientación";"Mujeres";"Rendimiento"
"2015-2016";"88.94";"Trabajo social y orientación";"Mujeres";"Rendimiento"
"2022-2023";"..";"Total Servicios";"Mujeres";"Rendimiento"
"2021-2022";"..";"Total Servicios";"Mujeres";"Rendimiento"
"2020-2021";"..";"Total Servicios";"Mujeres";"Rendimiento"
"2019-2020";"..";"Total Servicios";"Mujeres";"Rendimiento"
"2018-2019";"..";"Total Servicios";"Mujeres";"Rendimiento"
"2017-2018";"..";"Total Servicios";"Mujeres";"Rendimiento"
"2016-2017";"..";"Total Servicios";"Mujeres";"Rendimiento"
"2015-2016";"..";"Total Servicios";"Mujeres";"Rendimiento"
"2022-2023";"..";"Deportes";"Mujeres";"Rendimiento"
"2021-2022";"..";"Deportes";"Mujeres";"Rendimiento"
"2020-2021";"..";"Deportes";"Mujeres";"Rendimiento"
"2019-2020";"..";"Deportes";"Mujeres";"Rendimiento"
"2018-2019";"..";"Deportes";"Mujeres";"Rendimiento"
"2017-2018";"..";"Deportes";"Mujeres";"Rendimiento"
"2016-2017";"..";"Deportes";"Mujeres";"Rendimiento"
"2015-2016";"..";"Deportes";"Mujeres";"Rendimiento"
"2022-2023";"..";"Turismo y Hostelería";"Mujeres";"Rendimiento"
"2021-2022";"..";"Turismo y Hostelería";"Mujeres";"Rendimiento"
"2020-2021";"..";"Turismo y Hostelería";"Mujeres";"Rendimiento"
"2019-2020";"..";"Turismo y Hostelería";"Mujeres";"Rendimiento"
"2018-2019";"..";"Turismo y Hostelería";"Mujeres";"Rendimiento"
"2017-2018";"..";"Turismo y Hostelería";"Mujeres";"Rendimiento"
"2016-2017";"..";"Turismo y Hostelería";"Mujeres";"Rendimiento"
"2015-2016";"..";"Turismo y Hostelería";"Mujeres";"Rendimiento"
"2022-2023";"..";"Otros Servicios";"Mujeres";"Rendimiento"
"2021-2022";"..";"Otros Servicios";"Mujeres";"Rendimiento"
"2020-2021";"..";"Otros Servicios";"Mujeres";"Rendimiento"
"2019-2020";"..";"Otros Servicios";"Mujeres";"Rendimiento"
"2018-2019";"..";"Otros Servicios";"Mujeres";"Rendimiento"
"2017-2018";"..";"Otros Servicios";"Mujeres";"Rendimiento"
"2016-2017";"..";"Otros Servicios";"Mujeres";"Rendimiento"
"2015-2016";"..";"Otros Servicios";"Mujeres";"Rendimiento"
"2022-2023";"???";"Pública de Navarra";"Mujeres";"Exito"
"2021-2022";"???";"Pública de Navarra";"Mujeres";"Exito"
"2020-2021";"???";"Pública de Navarra";"Mujeres";"Exito"
"2019-2020";"???";"Pública de Navarra";"Mujeres";"Exito"
"2018-2019";"???";"Pública de Navarra";"Mujeres";"Exito"
"2017-2018";"???";"Pública de Navarra";"Mujeres";"Exito"
"2016-2017";"???";"Pública de Navarra";"Mujeres";"Exito"
"2015-2016";"???";"Pública de Navarra";"Mujeres";"Exito"
"2022-2023";"90.84";"Todos los ámbitos";"Mujeres";"Exito"
"2021-2022";"91.0";"Todos los ámbitos";"Mujeres";"Exito"
"2020-2021";"92.29";"Todos los ámbitos";"Mujeres";"Exito"
"2019-2020";"92.9";"Todos los ámbitos";"Mujeres";"Exito"
"2018-2019";"90.72";"Todos los ámbitos";"Mujeres";"Exito"
"2017-2018";"90.85";"Todos los ámbitos";"Mujeres";"Exito"
"2016-2017";"89.97";"Todos los ámbitos";"Mujeres";"Exito"
"2015-2016";"90.67";"Todos los ámbitos";"Mujeres";"Exito"
"2022-2023";"95.96";"Total Educación";"Mujeres";"Exito"
"2021-2022";"95.65";"Total Educación";"Mujeres";"Exito"
"2020-2021";"96.74";"Total Educación";"Mujeres";"Exito"
"2019-2020";"96.06";"Total Educación";"Mujeres";"Exito"
"2018-2019";"95.33";"Total Educación";"Mujeres";"Exito"
"2017-2018";"94.32";"Total Educación";"Mujeres";"Exito"
"2016-2017";"93.41";"Total Educación";"Mujeres";"Exito"
"2015-2016";"93.77";"Total Educación";"Mujeres";"Exito"
"2022-2023";"96.95";"Formación de docentes de enseñanza infantil";"Mujeres";"Exito"
"2021-2022";"96.36";"Formación de docentes de enseñanza infantil";"Mujeres";"Exito"
"2020-2021";"97.0";"Formación de docentes de enseñanza infantil";"Mujeres";"Exito"
"2019-2020";"96.13";"Formación de docentes de enseñanza infantil";"Mujeres";"Exito"
"2018-2019";"94.78";"Formación de docentes de enseñanza infantil";"Mujeres";"Exito"
"2017-2018";"93.55";"Formación de docentes de enseñanza infantil";"Mujeres";"Exito"
"2016-2017";"92.42";"Formación de docentes de enseñanza infantil";"Mujeres";"Exito"
"2015-2016";"92.52";"Formación de docentes de enseñanza infantil";"Mujeres";"Exito"
"2022-2023";"94.94";"Formación de docentes de enseñanza primaria";"Mujeres";"Exito"
"2021-2022";"94.97";"Formación de docentes de enseñanza primaria";"Mujeres";"Exito"
"2020-2021";"96.51";"Formación de docentes de enseñanza primaria";"Mujeres";"Exito"
"2019-2020";"96.0";"Formación de docentes de enseñanza primaria";"Mujeres";"Exito"
"2018-2019";"95.78";"Formación de docentes de enseñanza primaria";"Mujeres";"Exito"
"2017-2018";"94.94";"Formación de docentes de enseñanza primaria";"Mujeres";"Exito"
"2016-2017";"94.25";"Formación de docentes de enseñanza primaria";"Mujeres";"Exito"
"2015-2016";"94.8";"Formación de docentes de enseñanza primaria";"Mujeres";"Exito"
"2022-2023";"..";"Otra Formación de personal docente y ciencias de la educación";"Mujeres";"Exito"
"2021-2022";"..";"Otra Formación de personal docente y ciencias de la educación";"Mujeres";"Exito"
"2020-2021";"..";"Otra Formación de personal docente y ciencias de la educación";"Mujeres";"Exito"
"2019-2020";"..";"Otra Formación de personal docente y ciencias de la educación";"Mujeres";"Exito"
"2018-2019";"..";"Otra Formación de personal docente y ciencias de la educación";"Mujeres";"Exito"
"2017-2018";"..";"Otra Formación de personal docente y ciencias de la educación";"Mujeres";"Exito"
"2016-2017";"..";"Otra Formación de personal docente y ciencias de la educación";"Mujeres";"Exito"
"2015-2016";"..";"Otra Formación de personal docente y ciencias de la educación";"Mujeres";"Exito"
"2022-2023";"90.65";"Total Artes y humanidades";"Mujeres";"Exito"
"2021-2022";"93.61";"Total Artes y humanidades";"Mujeres";"Exito"
"2020-2021";"89.77";"Total Artes y humanidades";"Mujeres";"Exito"
"2019-2020";"..";"Total Artes y humanidades";"Mujeres";"Exito"
"2018-2019";"..";"Total Artes y humanidades";"Mujeres";"Exito"
"2017-2018";"..";"Total Artes y humanidades";"Mujeres";"Exito"
"2016-2017";"..";"Total Artes y humanidades";"Mujeres";"Exito"
"2015-2016";"..";"Total Artes y humanidades";"Mujeres";"Exito"
"2022-2023";"..";"Técnicas audiovisuales y medios de comunicación";"Mujeres";"Exito"
"2021-2022";"..";"Técnicas audiovisuales y medios de comunicación";"Mujeres";"Exito"
"2020-2021";"..";"Técnicas audiovisuales y medios de comunicación";"Mujeres";"Exito"
"2019-2020";"..";"Técnicas audiovisuales y medios de comunicación";"Mujeres";"Exito"
"2018-2019";"..";"Técnicas audiovisuales y medios de comunicación";"Mujeres";"Exito"
"2017-2018";"..";"Técnicas audiovisuales y medios de comunicación";"Mujeres";"Exito"
"2016-2017";"..";"Técnicas audiovisuales y medios de comunicación";"Mujeres";"Exito"
"2015-2016";"..";"Técnicas audiovisuales y medios de comunicación";"Mujeres";"Exito"
"2022-2023";"..";"Artes";"Mujeres";"Exito"
"2021-2022";"..";"Artes";"Mujeres";"Exito"
"2020-2021";"..";"Artes";"Mujeres";"Exito"
"2019-2020";"..";"Artes";"Mujeres";"Exito"
"2018-2019";"..";"Artes";"Mujeres";"Exito"
"2017-2018";"..";"Artes";"Mujeres";"Exito"
"2016-2017";"..";"Artes";"Mujeres";"Exito"
"2015-2016";"..";"Artes";"Mujeres";"Exito"
"2022-2023";"..";"Lenguas";"Mujeres";"Exito"
"2021-2022";"..";"Lenguas";"Mujeres";"Exito"
"2020-2021";"..";"Lenguas";"Mujeres";"Exito"
"2019-2020";"..";"Lenguas";"Mujeres";"Exito"
"2018-2019";"..";"Lenguas";"Mujeres";"Exito"
"2017-2018";"..";"Lenguas";"Mujeres";"Exito"
"2016-2017";"..";"Lenguas";"Mujeres";"Exito"
"2015-2016";"..";"Lenguas";"Mujeres";"Exito"
"2022-2023";"90.65";"Humanidades";"Mujeres";"Exito"
"2021-2022";"93.61";"Humanidades";"Mujeres";"Exito"
"2020-2021";"89.77";"Humanidades";"Mujeres";"Exito"
"2019-2020";"..";"Humanidades";"Mujeres";"Exito"
"2018-2019";"..";"Humanidades";"Mujeres";"Exito"
"2017-2018";"..";"Humanidades";"Mujeres";"Exito"
"2016-2017";"..";"Humanidades";"Mujeres";"Exito"
"2015-2016";"..";"Humanidades";"Mujeres";"Exito"
"2022-2023";"89.8";"Total Ciencias sociales, periodismo y documentación";"Mujeres";"Exito"
"2021-2022";"90.34";"Total Ciencias sociales, periodismo y documentación";"Mujeres";"Exito"
"2020-2021";"90.1";"Total Ciencias sociales, periodismo y documentación";"Mujeres";"Exito"
"2019-2020";"90.24";"Total Ciencias sociales, periodismo y documentación";"Mujeres";"Exito"
"2018-2019";"84.45";"Total Ciencias sociales, periodismo y documentación";"Mujeres";"Exito"
"2017-2018";"81.73";"Total Ciencias sociales, periodismo y documentación";"Mujeres";"Exito"
"2016-2017";"80.48";"Total Ciencias sociales, periodismo y documentación";"Mujeres";"Exito"
"2015-2016";"84.18";"Total Ciencias sociales, periodismo y documentación";"Mujeres";"Exito"
"2022-2023";"97.49";"Psicología";"Mujeres";"Exito"
"2021-2022";"97.7";"Psicología";"Mujeres";"Exito"
"2020-2021";"99.19";"Psicología";"Mujeres";"Exito"
"2019-2020";"99.48";"Psicología";"Mujeres";"Exito"
"2018-2019";"..";"Psicología";"Mujeres";"Exito"
"2017-2018";"..";"Psicología";"Mujeres";"Exito"
"2016-2017";"..";"Psicología";"Mujeres";"Exito"
"2015-2016";"..";"Psicología";"Mujeres";"Exito"
"2022-2023";"75.62";"Economía";"Mujeres";"Exito"
"2021-2022";"77.49";"Economía";"Mujeres";"Exito"
"2020-2021";"79.15";"Economía";"Mujeres";"Exito"
"2019-2020";"82.35";"Economía";"Mujeres";"Exito"
"2018-2019";"80.54";"Economía";"Mujeres";"Exito"
"2017-2018";"79.62";"Economía";"Mujeres";"Exito"
"2016-2017";"79.09";"Economía";"Mujeres";"Exito"
"2015-2016";"82.44";"Economía";"Mujeres";"Exito"
"2022-2023";"85.81";"Otras Ciencias sociales y del comportamiento";"Mujeres";"Exito"
"2021-2022";"90.33";"Otras Ciencias sociales y del comportamiento";"Mujeres";"Exito"
"2020-2021";"90.45";"Otras Ciencias sociales y del comportamiento";"Mujeres";"Exito"
"2019-2020";"93.74";"Otras Ciencias sociales y del comportamiento";"Mujeres";"Exito"
"2018-2019";"89.78";"Otras Ciencias sociales y del comportamiento";"Mujeres";"Exito"
"2017-2018";"84.5";"Otras Ciencias sociales y del comportamiento";"Mujeres";"Exito"
"2016-2017";"82.27";"Otras Ciencias sociales y del comportamiento";"Mujeres";"Exito"
"2015-2016";"86.62";"Otras Ciencias sociales y del comportamiento";"Mujeres";"Exito"
"2022-2023";"..";"Periodismo e información";"Mujeres";"Exito"
"2021-2022";"..";"Periodismo e información";"Mujeres";"Exito"
"2020-2021";"..";"Periodismo e información";"Mujeres";"Exito"
"2019-2020";"..";"Periodismo e información";"Mujeres";"Exito"
"2018-2019";"..";"Periodismo e información";"Mujeres";"Exito"
"2017-2018";"..";"Periodismo e información";"Mujeres";"Exito"
"2016-2017";"..";"Periodismo e información";"Mujeres";"Exito"
"2015-2016";"..";"Periodismo e información";"Mujeres";"Exito"
"2022-2023";"88.78";"Total Negocios, administración y derecho";"Mujeres";"Exito"
"2021-2022";"89.56";"Total Negocios, administración y derecho";"Mujeres";"Exito"
"2020-2021";"90.86";"Total Negocios, administración y derecho";"Mujeres";"Exito"
"2019-2020";"92.01";"Total Negocios, administración y derecho";"Mujeres";"Exito"
"2018-2019";"89.5";"Total Negocios, administración y derecho";"Mujeres";"Exito"
"2017-2018";"89.79";"Total Negocios, administración y derecho";"Mujeres";"Exito"
"2016-2017";"89.37";"Total Negocios, administración y derecho";"Mujeres";"Exito"
"2015-2016";"89.85";"Total Negocios, administración y derecho";"Mujeres";"Exito"
"2022-2023";"89.23";"Administración y gestión de empresas";"Mujeres";"Exito"
"2021-2022";"89.44";"Administración y gestión de empresas";"Mujeres";"Exito"
"2020-2021";"90.91";"Administración y gestión de empresas";"Mujeres";"Exito"
"2019-2020";"91.78";"Administración y gestión de empresas";"Mujeres";"Exito"
"2018-2019";"89.28";"Administración y gestión de empresas";"Mujeres";"Exito"
"2017-2018";"89.56";"Administración y gestión de empresas";"Mujeres";"Exito"
"2016-2017";"89.15";"Administración y gestión de empresas";"Mujeres";"Exito"
"2015-2016";"87.68";"Administración y gestión de empresas";"Mujeres";"Exito"
"2022-2023";"..";"Otra Educación comercial y empresarial";"Mujeres";"Exito"
"2021-2022";"..";"Otra Educación comercial y empresarial";"Mujeres";"Exito"
"2020-2021";"..";"Otra Educación comercial y empresarial";"Mujeres";"Exito"
"2019-2020";"..";"Otra Educación comercial y empresarial";"Mujeres";"Exito"
"2018-2019";"..";"Otra Educación comercial y empresarial";"Mujeres";"Exito"
"2017-2018";"..";"Otra Educación comercial y empresarial";"Mujeres";"Exito"
"2016-2017";"..";"Otra Educación comercial y empresarial";"Mujeres";"Exito"
"2015-2016";"..";"Otra Educación comercial y empresarial";"Mujeres";"Exito"
"2022-2023";"87.53";"Derecho";"Mujeres";"Exito"
"2021-2022";"89.9";"Derecho";"Mujeres";"Exito"
"2020-2021";"90.7";"Derecho";"Mujeres";"Exito"
"2019-2020";"92.74";"Derecho";"Mujeres";"Exito"
"2018-2019";"90.21";"Derecho";"Mujeres";"Exito"
"2017-2018";"90.56";"Derecho";"Mujeres";"Exito"
"2016-2017";"90.15";"Derecho";"Mujeres";"Exito"
"2015-2016";"93.65";"Derecho";"Mujeres";"Exito"
"2022-2023";"85.57";"Total Ciencias";"Mujeres";"Exito"
"2021-2022";"86.81";"Total Ciencias";"Mujeres";"Exito"
"2020-2021";"86.95";"Total Ciencias";"Mujeres";"Exito"
"2019-2020";"82.52";"Total Ciencias";"Mujeres";"Exito"
"2018-2019";"69.71";"Total Ciencias";"Mujeres";"Exito"
"2017-2018";"..";"Total Ciencias";"Mujeres";"Exito"
"2016-2017";"..";"Total Ciencias";"Mujeres";"Exito"
"2015-2016";"..";"Total Ciencias";"Mujeres";"Exito"
"2022-2023";"89.93";"Ciencias de la vida";"Mujeres";"Exito"
"2021-2022";"93.47";"Ciencias de la vida";"Mujeres";"Exito"
"2020-2021";"92.39";"Ciencias de la vida";"Mujeres";"Exito"
"2019-2020";"91.28";"Ciencias de la vida";"Mujeres";"Exito"
"2018-2019";"..";"Ciencias de la vida";"Mujeres";"Exito"
"2017-2018";"..";"Ciencias de la vida";"Mujeres";"Exito"
"2016-2017";"..";"Ciencias de la vida";"Mujeres";"Exito"
"2015-2016";"..";"Ciencias de la vida";"Mujeres";"Exito"
"2022-2023";"66.44";"Ciencias Físicas, químicas, geológicas";"Mujeres";"Exito"
"2021-2022";"66.87";"Ciencias Físicas, químicas, geológicas";"Mujeres";"Exito"
"2020-2021";"71.33";"Ciencias Físicas, químicas, geológicas";"Mujeres";"Exito"
"2019-2020";"..";"Ciencias Físicas, químicas, geológicas";"Mujeres";"Exito"
"2018-2019";"..";"Ciencias Físicas, químicas, geológicas";"Mujeres";"Exito"
"2017-2018";"..";"Ciencias Físicas, químicas, geológicas";"Mujeres";"Exito"
"2016-2017";"..";"Ciencias Físicas, químicas, geológicas";"Mujeres";"Exito"
"2015-2016";"..";"Ciencias Físicas, químicas, geológicas";"Mujeres";"Exito"
"2022-2023";"89.07";"Matemáticas y Estadística";"Mujeres";"Exito"
"2021-2022";"88.27";"Matemáticas y Estadística";"Mujeres";"Exito"
"2020-2021";"91.03";"Matemáticas y Estadística";"Mujeres";"Exito"
"2019-2020";"..";"Matemáticas y Estadística";"Mujeres";"Exito"
"2018-2019";"..";"Matemáticas y Estadística";"Mujeres";"Exito"
"2017-2018";"..";"Matemáticas y Estadística";"Mujeres";"Exito"
"2016-2017";"..";"Matemáticas y Estadística";"Mujeres";"Exito"
"2015-2016";"..";"Matemáticas y Estadística";"Mujeres";"Exito"
"2022-2023";"81.83";"Total Informática";"Mujeres";"Exito"
"2021-2022";"85.77";"Total Informática";"Mujeres";"Exito"
"2020-2021";"86.88";"Total Informática";"Mujeres";"Exito"
"2019-2020";"88.21";"Total Informática";"Mujeres";"Exito"
"2018-2019";"78.79";"Total Informática";"Mujeres";"Exito"
"2017-2018";"79.12";"Total Informática";"Mujeres";"Exito"
"2016-2017";"76.46";"Total Informática";"Mujeres";"Exito"
"2015-2016";"82.86";"Total Informática";"Mujeres";"Exito"
"2022-2023";"81.83";"Informática";"Mujeres";"Exito"
"2021-2022";"85.77";"Informática";"Mujeres";"Exito"
"2020-2021";"86.88";"Informática";"Mujeres";"Exito"
"2019-2020";"88.21";"Informática";"Mujeres";"Exito"
"2018-2019";"78.79";"Informática";"Mujeres";"Exito"
"2017-2018";"79.12";"Informática";"Mujeres";"Exito"
"2016-2017";"76.46";"Informática";"Mujeres";"Exito"
"2015-2016";"82.86";"Informática";"Mujeres";"Exito"
"2022-2023";"78.74";"Total Ingeniería, industria y construcción";"Mujeres";"Exito"
"2021-2022";"78.17";"Total Ingeniería, industria y construcción";"Mujeres";"Exito"
"2020-2021";"80.8";"Total Ingeniería, industria y construcción";"Mujeres";"Exito"
"2019-2020";"85.61";"Total Ingeniería, industria y construcción";"Mujeres";"Exito"
"2018-2019";"80.41";"Total Ingeniería, industria y construcción";"Mujeres";"Exito"
"2017-2018";"82.2";"Total Ingeniería, industria y construcción";"Mujeres";"Exito"
"2016-2017";"79.04";"Total Ingeniería, industria y construcción";"Mujeres";"Exito"
"2015-2016";"80.58";"Total Ingeniería, industria y construcción";"Mujeres";"Exito"
"2022-2023";"78.74";"Ingenierías";"Mujeres";"Exito"
"2021-2022";"78.17";"Ingenierías";"Mujeres";"Exito"
"2020-2021";"80.8";"Ingenierías";"Mujeres";"Exito"
"2019-2020";"85.61";"Ingenierías";"Mujeres";"Exito"
"2018-2019";"80.41";"Ingenierías";"Mujeres";"Exito"
"2017-2018";"82.2";"Ingenierías";"Mujeres";"Exito"
"2016-2017";"79.04";"Ingenierías";"Mujeres";"Exito"
"2015-2016";"80.58";"Ingenierías";"Mujeres";"Exito"
"2022-2023";"..";"Arquitectura y construcción";"Mujeres";"Exito"
"2021-2022";"..";"Arquitectura y construcción";"Mujeres";"Exito"
"2020-2021";"..";"Arquitectura y construcción";"Mujeres";"Exito"
"2019-2020";"..";"Arquitectura y construcción";"Mujeres";"Exito"
"2018-2019";"..";"Arquitectura y construcción";"Mujeres";"Exito"
"2017-2018";"..";"Arquitectura y construcción";"Mujeres";"Exito"
"2016-2017";"..";"Arquitectura y construcción";"Mujeres";"Exito"
"2015-2016";"..";"Arquitectura y construcción";"Mujeres";"Exito"
"2022-2023";"79.33";"Total Agricultura, ganadería,  silvicultura, pesca, y veterinaria";"Mujeres";"Exito"
"2021-2022";"81.25";"Total Agricultura, ganadería,  silvicultura, pesca, y veterinaria";"Mujeres";"Exito"
"2020-2021";"83.47";"Total Agricultura, ganadería,  silvicultura, pesca, y veterinaria";"Mujeres";"Exito"
"2019-2020";"86.39";"Total Agricultura, ganadería,  silvicultura, pesca, y veterinaria";"Mujeres";"Exito"
"2018-2019";"80.94";"Total Agricultura, ganadería,  silvicultura, pesca, y veterinaria";"Mujeres";"Exito"
"2017-2018";"77.85";"Total Agricultura, ganadería,  silvicultura, pesca, y veterinaria";"Mujeres";"Exito"
"2016-2017";"79.51";"Total Agricultura, ganadería,  silvicultura, pesca, y veterinaria";"Mujeres";"Exito"
"2015-2016";"80.64";"Total Agricultura, ganadería,  silvicultura, pesca, y veterinaria";"Mujeres";"Exito"
"2022-2023";"79.33";"Agricultura, ganadería y pesca";"Mujeres";"Exito"
"2021-2022";"81.25";"Agricultura, ganadería y pesca";"Mujeres";"Exito"
"2020-2021";"83.47";"Agricultura, ganadería y pesca";"Mujeres";"Exito"
"2019-2020";"86.39";"Agricultura, ganadería y pesca";"Mujeres";"Exito"
"2018-2019";"80.94";"Agricultura, ganadería y pesca";"Mujeres";"Exito"
"2017-2018";"77.85";"Agricultura, ganadería y pesca";"Mujeres";"Exito"
"2016-2017";"79.51";"Agricultura, ganadería y pesca";"Mujeres";"Exito"
"2015-2016";"80.64";"Agricultura, ganadería y pesca";"Mujeres";"Exito"
"2022-2023";"..";"Veterinaria";"Mujeres";"Exito"
"2021-2022";"..";"Veterinaria";"Mujeres";"Exito"
"2020-2021";"..";"Veterinaria";"Mujeres";"Exito"
"2019-2020";"..";"Veterinaria";"Mujeres";"Exito"
"2018-2019";"..";"Veterinaria";"Mujeres";"Exito"
"2017-2018";"..";"Veterinaria";"Mujeres";"Exito"
"2016-2017";"..";"Veterinaria";"Mujeres";"Exito"
"2015-2016";"..";"Veterinaria";"Mujeres";"Exito"
"2022-2023";"95.5";"Total Salud y servicios sociales";"Mujeres";"Exito"
"2021-2022";"95.17";"Total Salud y servicios sociales";"Mujeres";"Exito"
"2020-2021";"96.82";"Total Salud y servicios sociales";"Mujeres";"Exito"
"2019-2020";"96.44";"Total Salud y servicios sociales";"Mujeres";"Exito"
"2018-2019";"95.76";"Total Salud y servicios sociales";"Mujeres";"Exito"
"2017-2018";"96.36";"Total Salud y servicios sociales";"Mujeres";"Exito"
"2016-2017";"96.06";"Total Salud y servicios sociales";"Mujeres";"Exito"
"2015-2016";"96.09";"Total Salud y servicios sociales";"Mujeres";"Exito"
"2022-2023";"94.38";"Medicina";"Mujeres";"Exito"
"2021-2022";"94.44";"Medicina";"Mujeres";"Exito"
"2020-2021";"95.31";"Medicina";"Mujeres";"Exito"
"2019-2020";"95.42";"Medicina";"Mujeres";"Exito"
"2018-2019";"..";"Medicina";"Mujeres";"Exito"
"2017-2018";"..";"Medicina";"Mujeres";"Exito"
"2016-2017";"..";"Medicina";"Mujeres";"Exito"
"2015-2016";"..";"Medicina";"Mujeres";"Exito"
"2022-2023";"98.16";"Enfermería y atención a enfermos";"Mujeres";"Exito"
"2021-2022";"98.31";"Enfermería y atención a enfermos";"Mujeres";"Exito"
"2020-2021";"99.07";"Enfermería y atención a enfermos";"Mujeres";"Exito"
"2019-2020";"98.88";"Enfermería y atención a enfermos";"Mujeres";"Exito"
"2018-2019";"98.07";"Enfermería y atención a enfermos";"Mujeres";"Exito"
"2017-2018";"98.95";"Enfermería y atención a enfermos";"Mujeres";"Exito"
"2016-2017";"98.07";"Enfermería y atención a enfermos";"Mujeres";"Exito"
"2015-2016";"98.17";"Enfermería y atención a enfermos";"Mujeres";"Exito"
"2022-2023";"92.31";"Otras ciencias de la Salud";"Mujeres";"Exito"
"2021-2022";"92.52";"Otras ciencias de la Salud";"Mujeres";"Exito"
"2020-2021";"94.23";"Otras ciencias de la Salud";"Mujeres";"Exito"
"2019-2020";"94.66";"Otras ciencias de la Salud";"Mujeres";"Exito"
"2018-2019";"94.8";"Otras ciencias de la Salud";"Mujeres";"Exito"
"2017-2018";"96.47";"Otras ciencias de la Salud";"Mujeres";"Exito"
"2016-2017";"96.62";"Otras ciencias de la Salud";"Mujeres";"Exito"
"2015-2016";"94.42";"Otras ciencias de la Salud";"Mujeres";"Exito"
"2022-2023";"95.59";"Trabajo social y orientación";"Mujeres";"Exito"
"2021-2022";"93.94";"Trabajo social y orientación";"Mujeres";"Exito"
"2020-2021";"96.33";"Trabajo social y orientación";"Mujeres";"Exito"
"2019-2020";"94.75";"Trabajo social y orientación";"Mujeres";"Exito"
"2018-2019";"93.46";"Trabajo social y orientación";"Mujeres";"Exito"
"2017-2018";"93.19";"Trabajo social y orientación";"Mujeres";"Exito"
"2016-2017";"93.59";"Trabajo social y orientación";"Mujeres";"Exito"
"2015-2016";"94.58";"Trabajo social y orientación";"Mujeres";"Exito"
"2022-2023";"..";"Total Servicios";"Mujeres";"Exito"
"2021-2022";"..";"Total Servicios";"Mujeres";"Exito"
"2020-2021";"..";"Total Servicios";"Mujeres";"Exito"
"2019-2020";"..";"Total Servicios";"Mujeres";"Exito"
"2018-2019";"..";"Total Servicios";"Mujeres";"Exito"
"2017-2018";"..";"Total Servicios";"Mujeres";"Exito"
"2016-2017";"..";"Total Servicios";"Mujeres";"Exito"
"2015-2016";"..";"Total Servicios";"Mujeres";"Exito"
"2022-2023";"..";"Deportes";"Mujeres";"Exito"
"2021-2022";"..";"Deportes";"Mujeres";"Exito"
"2020-2021";"..";"Deportes";"Mujeres";"Exito"
"2019-2020";"..";"Deportes";"Mujeres";"Exito"
"2018-2019";"..";"Deportes";"Mujeres";"Exito"
"2017-2018";"..";"Deportes";"Mujeres";"Exito"
"2016-2017";"..";"Deportes";"Mujeres";"Exito"
"2015-2016";"..";"Deportes";"Mujeres";"Exito"
"2022-2023";"..";"Turismo y Hostelería";"Mujeres";"Exito"
"2021-2022";"..";"Turismo y Hostelería";"Mujeres";"Exito"
"2020-2021";"..";"Turismo y Hostelería";"Mujeres";"Exito"
"2019-2020";"..";"Turismo y Hostelería";"Mujeres";"Exito"
"2018-2019";"..";"Turismo y Hostelería";"Mujeres";"Exito"
"2017-2018";"..";"Turismo y Hostelería";"Mujeres";"Exito"
"2016-2017";"..";"Turismo y Hostelería";"Mujeres";"Exito"
"2015-2016";"..";"Turismo y Hostelería";"Mujeres";"Exito"
"2022-2023";"..";"Otros Servicios";"Mujeres";"Exito"
"2021-2022";"..";"Otros Servicios";"Mujeres";"Exito"
"2020-2021";"..";"Otros Servicios";"Mujeres";"Exito"
"2019-2020";"..";"Otros Servicios";"Mujeres";"Exito"
"2018-2019";"..";"Otros Servicios";"Mujeres";"Exito"
"2017-2018";"..";"Otros Servicios";"Mujeres";"Exito"
"2016-2017";"..";"Otros Servicios";"Mujeres";"Exito"
"2015-2016";"..";"Otros Servicios";"Mujeres";"Exito"
"2022-2023";"???";"Pública de Navarra";"Mujeres";"Evaluacion"
"2021-2022";"???";"Pública de Navarra";"Mujeres";"Evaluacion"
"2020-2021";"???";"Pública de Navarra";"Mujeres";"Evaluacion"
"2019-2020";"???";"Pública de Navarra";"Mujeres";"Evaluacion"
"2018-2019";"???";"Pública de Navarra";"Mujeres";"Evaluacion"
"2017-2018";"???";"Pública de Navarra";"Mujeres";"Evaluacion"
"2016-2017";"???";"Pública de Navarra";"Mujeres";"Evaluacion"
"2015-2016";"???";"Pública de Navarra";"Mujeres";"Evaluacion"
"2022-2023";"95.28";"Todos los ámbitos";"Mujeres";"Evaluacion"
"2021-2022";"95.4";"Todos los ámbitos";"Mujeres";"Evaluacion"
"2020-2021";"95.87";"Todos los ámbitos";"Mujeres";"Evaluacion"
"2019-2020";"95.73";"Todos los ámbitos";"Mujeres";"Evaluacion"
"2018-2019";"94.98";"Todos los ámbitos";"Mujeres";"Evaluacion"
"2017-2018";"95.34";"Todos los ámbitos";"Mujeres";"Evaluacion"
"2016-2017";"95.32";"Todos los ámbitos";"Mujeres";"Evaluacion"
"2015-2016";"95.38";"Todos los ámbitos";"Mujeres";"Evaluacion"
"2022-2023";"97.67";"Total Educación";"Mujeres";"Evaluacion"
"2021-2022";"97.24";"Total Educación";"Mujeres";"Evaluacion"
"2020-2021";"97.85";"Total Educación";"Mujeres";"Evaluacion"
"2019-2020";"96.86";"Total Educación";"Mujeres";"Evaluacion"
"2018-2019";"96.27";"Total Educación";"Mujeres";"Evaluacion"
"2017-2018";"96.66";"Total Educación";"Mujeres";"Evaluacion"
"2016-2017";"95.92";"Total Educación";"Mujeres";"Evaluacion"
"2015-2016";"96.27";"Total Educación";"Mujeres";"Evaluacion"
"2022-2023";"98.12";"Formación de docentes de enseñanza infantil";"Mujeres";"Evaluacion"
"2021-2022";"97.75";"Formación de docentes de enseñanza infantil";"Mujeres";"Evaluacion"
"2020-2021";"98.05";"Formación de docentes de enseñanza infantil";"Mujeres";"Evaluacion"
"2019-2020";"96.18";"Formación de docentes de enseñanza infantil";"Mujeres";"Evaluacion"
"2018-2019";"95.6";"Formación de docentes de enseñanza infantil";"Mujeres";"Evaluacion"
"2017-2018";"95.74";"Formación de docentes de enseñanza infantil";"Mujeres";"Evaluacion"
"2016-2017";"94.85";"Formación de docentes de enseñanza infantil";"Mujeres";"Evaluacion"
"2015-2016";"96.14";"Formación de docentes de enseñanza infantil";"Mujeres";"Evaluacion"
"2022-2023";"97.2";"Formación de docentes de enseñanza primaria";"Mujeres";"Evaluacion"
"2021-2022";"96.75";"Formación de docentes de enseñanza primaria";"Mujeres";"Evaluacion"
"2020-2021";"97.67";"Formación de docentes de enseñanza primaria";"Mujeres";"Evaluacion"
"2019-2020";"97.45";"Formación de docentes de enseñanza primaria";"Mujeres";"Evaluacion"
"2018-2019";"96.83";"Formación de docentes de enseñanza primaria";"Mujeres";"Evaluacion"
"2017-2018";"97.41";"Formación de docentes de enseñanza primaria";"Mujeres";"Evaluacion"
"2016-2017";"96.85";"Formación de docentes de enseñanza primaria";"Mujeres";"Evaluacion"
"2015-2016";"96.37";"Formación de docentes de enseñanza primaria";"Mujeres";"Evaluacion"
"2022-2023";"..";"Otra Formación de personal docente y ciencias de la educación";"Mujeres";"Evaluacion"
"2021-2022";"..";"Otra Formación de personal docente y ciencias de la educación";"Mujeres";"Evaluacion"
"2020-2021";"..";"Otra Formación de personal docente y ciencias de la educación";"Mujeres";"Evaluacion"
"2019-2020";"..";"Otra Formación de personal docente y ciencias de la educación";"Mujeres";"Evaluacion"
"2018-2019";"..";"Otra Formación de personal docente y ciencias de la educación";"Mujeres";"Evaluacion"
"2017-2018";"..";"Otra Formación de personal docente y ciencias de la educación";"Mujeres";"Evaluacion"
"2016-2017";"..";"Otra Formación de personal docente y ciencias de la educación";"Mujeres";"Evaluacion"
"2015-2016";"..";"Otra Formación de personal docente y ciencias de la educación";"Mujeres";"Evaluacion"
"2022-2023";"93.07";"Total Artes y humanidades";"Mujeres";"Evaluacion"
"2021-2022";"92.38";"Total Artes y humanidades";"Mujeres";"Evaluacion"
"2020-2021";"93.37";"Total Artes y humanidades";"Mujeres";"Evaluacion"
"2019-2020";"..";"Total Artes y humanidades";"Mujeres";"Evaluacion"
"2018-2019";"..";"Total Artes y humanidades";"Mujeres";"Evaluacion"
"2017-2018";"..";"Total Artes y humanidades";"Mujeres";"Evaluacion"
"2016-2017";"..";"Total Artes y humanidades";"Mujeres";"Evaluacion"
"2015-2016";"..";"Total Artes y humanidades";"Mujeres";"Evaluacion"
"2022-2023";"..";"Técnicas audiovisuales y medios de comunicación";"Mujeres";"Evaluacion"
"2021-2022";"..";"Técnicas audiovisuales y medios de comunicación";"Mujeres";"Evaluacion"
"2020-2021";"..";"Técnicas audiovisuales y medios de comunicación";"Mujeres";"Evaluacion"
"2019-2020";"..";"Técnicas audiovisuales y medios de comunicación";"Mujeres";"Evaluacion"
"2018-2019";"..";"Técnicas audiovisuales y medios de comunicación";"Mujeres";"Evaluacion"
"2017-2018";"..";"Técnicas audiovisuales y medios de comunicación";"Mujeres";"Evaluacion"
"2016-2017";"..";"Técnicas audiovisuales y medios de comunicación";"Mujeres";"Evaluacion"
"2015-2016";"..";"Técnicas audiovisuales y medios de comunicación";"Mujeres";"Evaluacion"
"2022-2023";"..";"Artes";"Mujeres";"Evaluacion"
"2021-2022";"..";"Artes";"Mujeres";"Evaluacion"
"2020-2021";"..";"Artes";"Mujeres";"Evaluacion"
"2019-2020";"..";"Artes";"Mujeres";"Evaluacion"
"2018-2019";"..";"Artes";"Mujeres";"Evaluacion"
"2017-2018";"..";"Artes";"Mujeres";"Evaluacion"
"2016-2017";"..";"Artes";"Mujeres";"Evaluacion"
"2015-2016";"..";"Artes";"Mujeres";"Evaluacion"
"2022-2023";"..";"Lenguas";"Mujeres";"Evaluacion"
"2021-2022";"..";"Lenguas";"Mujeres";"Evaluacion"
"2020-2021";"..";"Lenguas";"Mujeres";"Evaluacion"
"2019-2020";"..";"Lenguas";"Mujeres";"Evaluacion"
"2018-2019";"..";"Lenguas";"Mujeres";"Evaluacion"
"2017-2018";"..";"Lenguas";"Mujeres";"Evaluacion"
"2016-2017";"..";"Lenguas";"Mujeres";"Evaluacion"
"2015-2016";"..";"Lenguas";"Mujeres";"Evaluacion"
"2022-2023";"93.07";"Humanidades";"Mujeres";"Evaluacion"
"2021-2022";"92.38";"Humanidades";"Mujeres";"Evaluacion"
"2020-2021";"93.37";"Humanidades";"Mujeres";"Evaluacion"
"2019-2020";"..";"Humanidades";"Mujeres";"Evaluacion"
"2018-2019";"..";"Humanidades";"Mujeres";"Evaluacion"
"2017-2018";"..";"Humanidades";"Mujeres";"Evaluacion"
"2016-2017";"..";"Humanidades";"Mujeres";"Evaluacion"
"2015-2016";"..";"Humanidades";"Mujeres";"Evaluacion"
"2022-2023";"92.89";"Total Ciencias sociales, periodismo y documentación";"Mujeres";"Evaluacion"
"2021-2022";"94.09";"Total Ciencias sociales, periodismo y documentación";"Mujeres";"Evaluacion"
"2020-2021";"94.74";"Total Ciencias sociales, periodismo y documentación";"Mujeres";"Evaluacion"
"2019-2020";"92.93";"Total Ciencias sociales, periodismo y documentación";"Mujeres";"Evaluacion"
"2018-2019";"89.31";"Total Ciencias sociales, periodismo y documentación";"Mujeres";"Evaluacion"
"2017-2018";"92.28";"Total Ciencias sociales, periodismo y documentación";"Mujeres";"Evaluacion"
"2016-2017";"91.05";"Total Ciencias sociales, periodismo y documentación";"Mujeres";"Evaluacion"
"2015-2016";"92.64";"Total Ciencias sociales, periodismo y documentación";"Mujeres";"Evaluacion"
"2022-2023";"98.49";"Psicología";"Mujeres";"Evaluacion"
"2021-2022";"97.94";"Psicología";"Mujeres";"Evaluacion"
"2020-2021";"99.0";"Psicología";"Mujeres";"Evaluacion"
"2019-2020";"98.67";"Psicología";"Mujeres";"Evaluacion"
"2018-2019";"..";"Psicología";"Mujeres";"Evaluacion"
"2017-2018";"..";"Psicología";"Mujeres";"Evaluacion"
"2016-2017";"..";"Psicología";"Mujeres";"Evaluacion"
"2015-2016";"..";"Psicología";"Mujeres";"Evaluacion"
"2022-2023";"87.92";"Economía";"Mujeres";"Evaluacion"
"2021-2022";"89.69";"Economía";"Mujeres";"Evaluacion"
"2020-2021";"94.33";"Economía";"Mujeres";"Evaluacion"
"2019-2020";"91.01";"Economía";"Mujeres";"Evaluacion"
"2018-2019";"89.04";"Economía";"Mujeres";"Evaluacion"
"2017-2018";"94.12";"Economía";"Mujeres";"Evaluacion"
"2016-2017";"90.63";"Economía";"Mujeres";"Evaluacion"
"2015-2016";"92.21";"Economía";"Mujeres";"Evaluacion"
"2022-2023";"86.56";"Otras Ciencias sociales y del comportamiento";"Mujeres";"Evaluacion"
"2021-2022";"92.33";"Otras Ciencias sociales y del comportamiento";"Mujeres";"Evaluacion"
"2020-2021";"90.23";"Otras Ciencias sociales y del comportamiento";"Mujeres";"Evaluacion"
"2019-2020";"91.81";"Otras Ciencias sociales y del comportamiento";"Mujeres";"Evaluacion"
"2018-2019";"89.68";"Otras Ciencias sociales y del comportamiento";"Mujeres";"Evaluacion"
"2017-2018";"89.96";"Otras Ciencias sociales y del comportamiento";"Mujeres";"Evaluacion"
"2016-2017";"91.61";"Otras Ciencias sociales y del comportamiento";"Mujeres";"Evaluacion"
"2015-2016";"93.26";"Otras Ciencias sociales y del comportamiento";"Mujeres";"Evaluacion"
"2022-2023";"..";"Periodismo e información";"Mujeres";"Evaluacion"
"2021-2022";"..";"Periodismo e información";"Mujeres";"Evaluacion"
"2020-2021";"..";"Periodismo e información";"Mujeres";"Evaluacion"
"2019-2020";"..";"Periodismo e información";"Mujeres";"Evaluacion"
"2018-2019";"..";"Periodismo e información";"Mujeres";"Evaluacion"
"2017-2018";"..";"Periodismo e información";"Mujeres";"Evaluacion"
"2016-2017";"..";"Periodismo e información";"Mujeres";"Evaluacion"
"2015-2016";"..";"Periodismo e información";"Mujeres";"Evaluacion"
"2022-2023";"95.31";"Total Negocios, administración y derecho";"Mujeres";"Evaluacion"
"2021-2022";"95.19";"Total Negocios, administración y derecho";"Mujeres";"Evaluacion"
"2020-2021";"95.6";"Total Negocios, administración y derecho";"Mujeres";"Evaluacion"
"2019-2020";"95.72";"Total Negocios, administración y derecho";"Mujeres";"Evaluacion"
"2018-2019";"95.92";"Total Negocios, administración y derecho";"Mujeres";"Evaluacion"
"2017-2018";"95.7";"Total Negocios, administración y derecho";"Mujeres";"Evaluacion"
"2016-2017";"96.47";"Total Negocios, administración y derecho";"Mujeres";"Evaluacion"
"2015-2016";"96.09";"Total Negocios, administración y derecho";"Mujeres";"Evaluacion"
"2022-2023";"96.51";"Administración y gestión de empresas";"Mujeres";"Evaluacion"
"2021-2022";"95.28";"Administración y gestión de empresas";"Mujeres";"Evaluacion"
"2020-2021";"95.92";"Administración y gestión de empresas";"Mujeres";"Evaluacion"
"2019-2020";"96.02";"Administración y gestión de empresas";"Mujeres";"Evaluacion"
"2018-2019";"95.85";"Administración y gestión de empresas";"Mujeres";"Evaluacion"
"2017-2018";"96.07";"Administración y gestión de empresas";"Mujeres";"Evaluacion"
"2016-2017";"96.49";"Administración y gestión de empresas";"Mujeres";"Evaluacion"
"2015-2016";"95.19";"Administración y gestión de empresas";"Mujeres";"Evaluacion"
"2022-2023";"..";"Otra Educación comercial y empresarial";"Mujeres";"Evaluacion"
"2021-2022";"..";"Otra Educación comercial y empresarial";"Mujeres";"Evaluacion"
"2020-2021";"..";"Otra Educación comercial y empresarial";"Mujeres";"Evaluacion"
"2019-2020";"..";"Otra Educación comercial y empresarial";"Mujeres";"Evaluacion"
"2018-2019";"..";"Otra Educación comercial y empresarial";"Mujeres";"Evaluacion"
"2017-2018";"..";"Otra Educación comercial y empresarial";"Mujeres";"Evaluacion"
"2016-2017";"..";"Otra Educación comercial y empresarial";"Mujeres";"Evaluacion"
"2015-2016";"..";"Otra Educación comercial y empresarial";"Mujeres";"Evaluacion"
"2022-2023";"92.14";"Derecho";"Mujeres";"Evaluacion"
"2021-2022";"94.94";"Derecho";"Mujeres";"Evaluacion"
"2020-2021";"94.63";"Derecho";"Mujeres";"Evaluacion"
"2019-2020";"94.78";"Derecho";"Mujeres";"Evaluacion"
"2018-2019";"96.13";"Derecho";"Mujeres";"Evaluacion"
"2017-2018";"94.47";"Derecho";"Mujeres";"Evaluacion"
"2016-2017";"96.41";"Derecho";"Mujeres";"Evaluacion"
"2015-2016";"97.71";"Derecho";"Mujeres";"Evaluacion"
"2022-2023";"94.27";"Total Ciencias";"Mujeres";"Evaluacion"
"2021-2022";"94.59";"Total Ciencias";"Mujeres";"Evaluacion"
"2020-2021";"92.77";"Total Ciencias";"Mujeres";"Evaluacion"
"2019-2020";"93.27";"Total Ciencias";"Mujeres";"Evaluacion"
"2018-2019";"85.37";"Total Ciencias";"Mujeres";"Evaluacion"
"2017-2018";"..";"Total Ciencias";"Mujeres";"Evaluacion"
"2016-2017";"..";"Total Ciencias";"Mujeres";"Evaluacion"
"2015-2016";"..";"Total Ciencias";"Mujeres";"Evaluacion"
"2022-2023";"97.81";"Ciencias de la vida";"Mujeres";"Evaluacion"
"2021-2022";"98.71";"Ciencias de la vida";"Mujeres";"Evaluacion"
"2020-2021";"97.31";"Ciencias de la vida";"Mujeres";"Evaluacion"
"2019-2020";"92.64";"Ciencias de la vida";"Mujeres";"Evaluacion"
"2018-2019";"..";"Ciencias de la vida";"Mujeres";"Evaluacion"
"2017-2018";"..";"Ciencias de la vida";"Mujeres";"Evaluacion"
"2016-2017";"..";"Ciencias de la vida";"Mujeres";"Evaluacion"
"2015-2016";"..";"Ciencias de la vida";"Mujeres";"Evaluacion"
"2022-2023";"83.85";"Ciencias Físicas, químicas, geológicas";"Mujeres";"Evaluacion"
"2021-2022";"84.11";"Ciencias Físicas, químicas, geológicas";"Mujeres";"Evaluacion"
"2020-2021";"87.46";"Ciencias Físicas, químicas, geológicas";"Mujeres";"Evaluacion"
"2019-2020";"..";"Ciencias Físicas, químicas, geológicas";"Mujeres";"Evaluacion"
"2018-2019";"..";"Ciencias Físicas, químicas, geológicas";"Mujeres";"Evaluacion"
"2017-2018";"..";"Ciencias Físicas, químicas, geológicas";"Mujeres";"Evaluacion"
"2016-2017";"..";"Ciencias Físicas, químicas, geológicas";"Mujeres";"Evaluacion"
"2015-2016";"..";"Ciencias Físicas, químicas, geológicas";"Mujeres";"Evaluacion"
"2022-2023";"95.47";"Matemáticas y Estadística";"Mujeres";"Evaluacion"
"2021-2022";"95.45";"Matemáticas y Estadística";"Mujeres";"Evaluacion"
"2020-2021";"90.67";"Matemáticas y Estadística";"Mujeres";"Evaluacion"
"2019-2020";"..";"Matemáticas y Estadística";"Mujeres";"Evaluacion"
"2018-2019";"..";"Matemáticas y Estadística";"Mujeres";"Evaluacion"
"2017-2018";"..";"Matemáticas y Estadística";"Mujeres";"Evaluacion"
"2016-2017";"..";"Matemáticas y Estadística";"Mujeres";"Evaluacion"
"2015-2016";"..";"Matemáticas y Estadística";"Mujeres";"Evaluacion"
"2022-2023";"92.36";"Total Informática";"Mujeres";"Evaluacion"
"2021-2022";"91.98";"Total Informática";"Mujeres";"Evaluacion"
"2020-2021";"91.43";"Total Informática";"Mujeres";"Evaluacion"
"2019-2020";"93.24";"Total Informática";"Mujeres";"Evaluacion"
"2018-2019";"92.07";"Total Informática";"Mujeres";"Evaluacion"
"2017-2018";"92.55";"Total Informática";"Mujeres";"Evaluacion"
"2016-2017";"90.7";"Total Informática";"Mujeres";"Evaluacion"
"2015-2016";"91.23";"Total Informática";"Mujeres";"Evaluacion"
"2022-2023";"92.36";"Informática";"Mujeres";"Evaluacion"
"2021-2022";"91.98";"Informática";"Mujeres";"Evaluacion"
"2020-2021";"91.43";"Informática";"Mujeres";"Evaluacion"
"2019-2020";"93.24";"Informática";"Mujeres";"Evaluacion"
"2018-2019";"92.07";"Informática";"Mujeres";"Evaluacion"
"2017-2018";"92.55";"Informática";"Mujeres";"Evaluacion"
"2016-2017";"90.7";"Informática";"Mujeres";"Evaluacion"
"2015-2016";"91.23";"Informática";"Mujeres";"Evaluacion"
"2022-2023";"91.72";"Total Ingeniería, industria y construcción";"Mujeres";"Evaluacion"
"2021-2022";"91.9";"Total Ingeniería, industria y construcción";"Mujeres";"Evaluacion"
"2020-2021";"93.06";"Total Ingeniería, industria y construcción";"Mujeres";"Evaluacion"
"2019-2020";"94.27";"Total Ingeniería, industria y construcción";"Mujeres";"Evaluacion"
"2018-2019";"89.34";"Total Ingeniería, industria y construcción";"Mujeres";"Evaluacion"
"2017-2018";"89.83";"Total Ingeniería, industria y construcción";"Mujeres";"Evaluacion"
"2016-2017";"91.04";"Total Ingeniería, industria y construcción";"Mujeres";"Evaluacion"
"2015-2016";"91.27";"Total Ingeniería, industria y construcción";"Mujeres";"Evaluacion"
"2022-2023";"91.72";"Ingenierías";"Mujeres";"Evaluacion"
"2021-2022";"91.9";"Ingenierías";"Mujeres";"Evaluacion"
"2020-2021";"93.06";"Ingenierías";"Mujeres";"Evaluacion"
"2019-2020";"94.27";"Ingenierías";"Mujeres";"Evaluacion"
"2018-2019";"89.34";"Ingenierías";"Mujeres";"Evaluacion"
"2017-2018";"89.83";"Ingenierías";"Mujeres";"Evaluacion"
"2016-2017";"91.04";"Ingenierías";"Mujeres";"Evaluacion"
"2015-2016";"91.27";"Ingenierías";"Mujeres";"Evaluacion"
"2022-2023";"..";"Arquitectura y construcción";"Mujeres";"Evaluacion"
"2021-2022";"..";"Arquitectura y construcción";"Mujeres";"Evaluacion"
"2020-2021";"..";"Arquitectura y construcción";"Mujeres";"Evaluacion"
"2019-2020";"..";"Arquitectura y construcción";"Mujeres";"Evaluacion"
"2018-2019";"..";"Arquitectura y construcción";"Mujeres";"Evaluacion"
"2017-2018";"..";"Arquitectura y construcción";"Mujeres";"Evaluacion"
"2016-2017";"..";"Arquitectura y construcción";"Mujeres";"Evaluacion"
"2015-2016";"..";"Arquitectura y construcción";"Mujeres";"Evaluacion"
"2022-2023";"88.58";"Total Agricultura, ganadería,  silvicultura, pesca, y veterinaria";"Mujeres";"Evaluacion"
"2021-2022";"91.02";"Total Agricultura, ganadería,  silvicultura, pesca, y veterinaria";"Mujeres";"Evaluacion"
"2020-2021";"89.63";"Total Agricultura, ganadería,  silvicultura, pesca, y veterinaria";"Mujeres";"Evaluacion"
"2019-2020";"89.32";"Total Agricultura, ganadería,  silvicultura, pesca, y veterinaria";"Mujeres";"Evaluacion"
"2018-2019";"90.34";"Total Agricultura, ganadería,  silvicultura, pesca, y veterinaria";"Mujeres";"Evaluacion"
"2017-2018";"92.23";"Total Agricultura, ganadería,  silvicultura, pesca, y veterinaria";"Mujeres";"Evaluacion"
"2016-2017";"89.55";"Total Agricultura, ganadería,  silvicultura, pesca, y veterinaria";"Mujeres";"Evaluacion"
"2015-2016";"89.29";"Total Agricultura, ganadería,  silvicultura, pesca, y veterinaria";"Mujeres";"Evaluacion"
"2022-2023";"88.58";"Agricultura, ganadería y pesca";"Mujeres";"Evaluacion"
"2021-2022";"91.02";"Agricultura, ganadería y pesca";"Mujeres";"Evaluacion"
"2020-2021";"89.63";"Agricultura, ganadería y pesca";"Mujeres";"Evaluacion"
"2019-2020";"89.32";"Agricultura, ganadería y pesca";"Mujeres";"Evaluacion"
"2018-2019";"90.34";"Agricultura, ganadería y pesca";"Mujeres";"Evaluacion"
"2017-2018";"92.23";"Agricultura, ganadería y pesca";"Mujeres";"Evaluacion"
"2016-2017";"89.55";"Agricultura, ganadería y pesca";"Mujeres";"Evaluacion"
"2015-2016";"89.29";"Agricultura, ganadería y pesca";"Mujeres";"Evaluacion"
"2022-2023";"..";"Veterinaria";"Mujeres";"Evaluacion"
"2021-2022";"..";"Veterinaria";"Mujeres";"Evaluacion"
"2020-2021";"..";"Veterinaria";"Mujeres";"Evaluacion"
"2019-2020";"..";"Veterinaria";"Mujeres";"Evaluacion"
"2018-2019";"..";"Veterinaria";"Mujeres";"Evaluacion"
"2017-2018";"..";"Veterinaria";"Mujeres";"Evaluacion"
"2016-2017";"..";"Veterinaria";"Mujeres";"Evaluacion"
"2015-2016";"..";"Veterinaria";"Mujeres";"Evaluacion"
"2022-2023";"96.59";"Total Salud y servicios sociales";"Mujeres";"Evaluacion"
"2021-2022";"96.77";"Total Salud y servicios sociales";"Mujeres";"Evaluacion"
"2020-2021";"97.33";"Total Salud y servicios sociales";"Mujeres";"Evaluacion"
"2019-2020";"97.19";"Total Salud y servicios sociales";"Mujeres";"Evaluacion"
"2018-2019";"97.43";"Total Salud y servicios sociales";"Mujeres";"Evaluacion"
"2017-2018";"97.29";"Total Salud y servicios sociales";"Mujeres";"Evaluacion"
"2016-2017";"97.27";"Total Salud y servicios sociales";"Mujeres";"Evaluacion"
"2015-2016";"97.17";"Total Salud y servicios sociales";"Mujeres";"Evaluacion"
"2022-2023";"97.2";"Medicina";"Mujeres";"Evaluacion"
"2021-2022";"97.34";"Medicina";"Mujeres";"Evaluacion"
"2020-2021";"95.52";"Medicina";"Mujeres";"Evaluacion"
"2019-2020";"99.77";"Medicina";"Mujeres";"Evaluacion"
"2018-2019";"..";"Medicina";"Mujeres";"Evaluacion"
"2017-2018";"..";"Medicina";"Mujeres";"Evaluacion"
"2016-2017";"..";"Medicina";"Mujeres";"Evaluacion"
"2015-2016";"..";"Medicina";"Mujeres";"Evaluacion"
"2022-2023";"97.21";"Enfermería y atención a enfermos";"Mujeres";"Evaluacion"
"2021-2022";"96.93";"Enfermería y atención a enfermos";"Mujeres";"Evaluacion"
"2020-2021";"99.12";"Enfermería y atención a enfermos";"Mujeres";"Evaluacion"
"2019-2020";"98.92";"Enfermería y atención a enfermos";"Mujeres";"Evaluacion"
"2018-2019";"99.24";"Enfermería y atención a enfermos";"Mujeres";"Evaluacion"
"2017-2018";"99.04";"Enfermería y atención a enfermos";"Mujeres";"Evaluacion"
"2016-2017";"98.81";"Enfermería y atención a enfermos";"Mujeres";"Evaluacion"
"2015-2016";"99.37";"Enfermería y atención a enfermos";"Mujeres";"Evaluacion"
"2022-2023";"97.9";"Otras ciencias de la Salud";"Mujeres";"Evaluacion"
"2021-2022";"98.51";"Otras ciencias de la Salud";"Mujeres";"Evaluacion"
"2020-2021";"96.99";"Otras ciencias de la Salud";"Mujeres";"Evaluacion"
"2019-2020";"98.19";"Otras ciencias de la Salud";"Mujeres";"Evaluacion"
"2018-2019";"98.96";"Otras ciencias de la Salud";"Mujeres";"Evaluacion"
"2017-2018";"98.34";"Otras ciencias de la Salud";"Mujeres";"Evaluacion"
"2016-2017";"98.12";"Otras ciencias de la Salud";"Mujeres";"Evaluacion"
"2015-2016";"99.06";"Otras ciencias de la Salud";"Mujeres";"Evaluacion"
"2022-2023";"94.84";"Trabajo social y orientación";"Mujeres";"Evaluacion"
"2021-2022";"95.22";"Trabajo social y orientación";"Mujeres";"Evaluacion"
"2020-2021";"96.11";"Trabajo social y orientación";"Mujeres";"Evaluacion"
"2019-2020";"94.35";"Trabajo social y orientación";"Mujeres";"Evaluacion"
"2018-2019";"94.56";"Trabajo social y orientación";"Mujeres";"Evaluacion"
"2017-2018";"94.82";"Trabajo social y orientación";"Mujeres";"Evaluacion"
"2016-2017";"95.26";"Trabajo social y orientación";"Mujeres";"Evaluacion"
"2015-2016";"94.03";"Trabajo social y orientación";"Mujeres";"Evaluacion"
"2022-2023";"..";"Total Servicios";"Mujeres";"Evaluacion"
"2021-2022";"..";"Total Servicios";"Mujeres";"Evaluacion"
"2020-2021";"..";"Total Servicios";"Mujeres";"Evaluacion"
"2019-2020";"..";"Total Servicios";"Mujeres";"Evaluacion"
"2018-2019";"..";"Total Servicios";"Mujeres";"Evaluacion"
"2017-2018";"..";"Total Servicios";"Mujeres";"Evaluacion"
"2016-2017";"..";"Total Servicios";"Mujeres";"Evaluacion"
"2015-2016";"..";"Total Servicios";"Mujeres";"Evaluacion"
"2022-2023";"..";"Deportes";"Mujeres";"Evaluacion"
"2021-2022";"..";"Deportes";"Mujeres";"Evaluacion"
"2020-2021";"..";"Deportes";"Mujeres";"Evaluacion"
"2019-2020";"..";"Deportes";"Mujeres";"Evaluacion"
"2018-2019";"..";"Deportes";"Mujeres";"Evaluacion"
"2017-2018";"..";"Deportes";"Mujeres";"Evaluacion"
"2016-2017";"..";"Deportes";"Mujeres";"Evaluacion"
"2015-2016";"..";"Deportes";"Mujeres";"Evaluacion"
"2022-2023";"..";"Turismo y Hostelería";"Mujeres";"Evaluacion"
"2021-2022";"..";"Turismo y Hostelería";"Mujeres";"Evaluacion"
"2020-2021";"..";"Turismo y Hostelería";"Mujeres";"Evaluacion"
"2019-2020";"..";"Turismo y Hostelería";"Mujeres";"Evaluacion"
"2018-2019";"..";"Turismo y Hostelería";"Mujeres";"Evaluacion"
"2017-2018";"..";"Turismo y Hostelería";"Mujeres";"Evaluacion"
"2016-2017";"..";"Turismo y Hostelería";"Mujeres";"Evaluacion"
"2015-2016";"..";"Turismo y Hostelería";"Mujeres";"Evaluacion"
"2022-2023";"..";"Otros Servicios";"Mujeres";"Evaluacion"
"2021-2022";"..";"Otros Servicios";"Mujeres";"Evaluacion"
"2020-2021";"..";"Otros Servicios";"Mujeres";"Evaluacion"
"2019-2020";"..";"Otros Servicios";"Mujeres";"Evaluacion"
"2018-2019";"..";"Otros Servicios";"Mujeres";"Evaluacion"
"2017-2018";"..";"Otros Servicios";"Mujeres";"Evaluacion"
"2016-2017";"..";"Otros Servicios";"Mujeres";"Evaluacion"
"2015-2016";"..";"Otros Servicios";"Mujeres";"Evaluacion"
