"Anio";"Valor";"Carrera";"Genero";"Tasa"
"2022-2023";"79.02";"Todos los ámbitos";"Ambos Sexos";"Rendimiento"
"2021-2022";"77.45";"Todos los ámbitos";"Ambos Sexos";"Rendimiento"
"2020-2021";"80.45";"Todos los ámbitos";"Ambos Sexos";"Rendimiento"
"2019-2020";"84.56";"Todos los ámbitos";"Ambos Sexos";"Rendimiento"
"2018-2019";"77.98";"Todos los ámbitos";"Ambos Sexos";"Rendimiento"
"2017-2018";"77.82";"Todos los ámbitos";"Ambos Sexos";"Rendimiento"
"2016-2017";"77.7";"Todos los ámbitos";"Ambos Sexos";"Rendimiento"
"2015-2016";"77.69";"Todos los ámbitos";"Ambos Sexos";"Rendimiento"
"2022-2023";"89.72";"Total Educación";"Ambos Sexos";"Rendimiento"
"2021-2022";"90.2";"Total Educación";"Ambos Sexos";"Rendimiento"
"2020-2021";"92.46";"Total Educación";"Ambos Sexos";"Rendimiento"
"2019-2020";"93.51";"Total Educación";"Ambos Sexos";"Rendimiento"
"2018-2019";"89.39";"Total Educación";"Ambos Sexos";"Rendimiento"
"2017-2018";"89.69";"Total Educación";"Ambos Sexos";"Rendimiento"
"2016-2017";"89.5";"Total Educación";"Ambos Sexos";"Rendimiento"
"2015-2016";"89.69";"Total Educación";"Ambos Sexos";"Rendimiento"
"2022-2023";"89.45";"Formación de docentes de enseñanza infantil";"Ambos Sexos";"Rendimiento"
"2021-2022";"92.32";"Formación de docentes de enseñanza infantil";"Ambos Sexos";"Rendimiento"
"2020-2021";"94.05";"Formación de docentes de enseñanza infantil";"Ambos Sexos";"Rendimiento"
"2019-2020";"94.91";"Formación de docentes de enseñanza infantil";"Ambos Sexos";"Rendimiento"
"2018-2019";"92.08";"Formación de docentes de enseñanza infantil";"Ambos Sexos";"Rendimiento"
"2017-2018";"92.31";"Formación de docentes de enseñanza infantil";"Ambos Sexos";"Rendimiento"
"2016-2017";"92.3";"Formación de docentes de enseñanza infantil";"Ambos Sexos";"Rendimiento"
"2015-2016";"92.47";"Formación de docentes de enseñanza infantil";"Ambos Sexos";"Rendimiento"
"2022-2023";"91.13";"Formación de docentes de enseñanza primaria";"Ambos Sexos";"Rendimiento"
"2021-2022";"91.24";"Formación de docentes de enseñanza primaria";"Ambos Sexos";"Rendimiento"
"2020-2021";"93.01";"Formación de docentes de enseñanza primaria";"Ambos Sexos";"Rendimiento"
"2019-2020";"94.06";"Formación de docentes de enseñanza primaria";"Ambos Sexos";"Rendimiento"
"2018-2019";"89.92";"Formación de docentes de enseñanza primaria";"Ambos Sexos";"Rendimiento"
"2017-2018";"90.04";"Formación de docentes de enseñanza primaria";"Ambos Sexos";"Rendimiento"
"2016-2017";"89.92";"Formación de docentes de enseñanza primaria";"Ambos Sexos";"Rendimiento"
"2015-2016";"90.24";"Formación de docentes de enseñanza primaria";"Ambos Sexos";"Rendimiento"
"2022-2023";"85.75";"Otra Formación de personal docente y ciencias de la educación";"Ambos Sexos";"Rendimiento"
"2021-2022";"83.78";"Otra Formación de personal docente y ciencias de la educación";"Ambos Sexos";"Rendimiento"
"2020-2021";"88.29";"Otra Formación de personal docente y ciencias de la educación";"Ambos Sexos";"Rendimiento"
"2019-2020";"89.42";"Otra Formación de personal docente y ciencias de la educación";"Ambos Sexos";"Rendimiento"
"2018-2019";"83.55";"Otra Formación de personal docente y ciencias de la educación";"Ambos Sexos";"Rendimiento"
"2017-2018";"84.37";"Otra Formación de personal docente y ciencias de la educación";"Ambos Sexos";"Rendimiento"
"2016-2017";"83.82";"Otra Formación de personal docente y ciencias de la educación";"Ambos Sexos";"Rendimiento"
"2015-2016";"83.68";"Otra Formación de personal docente y ciencias de la educación";"Ambos Sexos";"Rendimiento"
"2022-2023";"79.08";"Total Artes y humanidades";"Ambos Sexos";"Rendimiento"
"2021-2022";"77.47";"Total Artes y humanidades";"Ambos Sexos";"Rendimiento"
"2020-2021";"80.99";"Total Artes y humanidades";"Ambos Sexos";"Rendimiento"
"2019-2020";"83.78";"Total Artes y humanidades";"Ambos Sexos";"Rendimiento"
"2018-2019";"78.08";"Total Artes y humanidades";"Ambos Sexos";"Rendimiento"
"2017-2018";"78.28";"Total Artes y humanidades";"Ambos Sexos";"Rendimiento"
"2016-2017";"78.15";"Total Artes y humanidades";"Ambos Sexos";"Rendimiento"
"2015-2016";"78.2";"Total Artes y humanidades";"Ambos Sexos";"Rendimiento"
"2022-2023";"88.91";"Técnicas audiovisuales y medios de comunicación";"Ambos Sexos";"Rendimiento"
"2021-2022";"88.62";"Técnicas audiovisuales y medios de comunicación";"Ambos Sexos";"Rendimiento"
"2020-2021";"90.03";"Técnicas audiovisuales y medios de comunicación";"Ambos Sexos";"Rendimiento"
"2019-2020";"90.9";"Técnicas audiovisuales y medios de comunicación";"Ambos Sexos";"Rendimiento"
"2018-2019";"88.14";"Técnicas audiovisuales y medios de comunicación";"Ambos Sexos";"Rendimiento"
"2017-2018";"87.69";"Técnicas audiovisuales y medios de comunicación";"Ambos Sexos";"Rendimiento"
"2016-2017";"88.15";"Técnicas audiovisuales y medios de comunicación";"Ambos Sexos";"Rendimiento"
"2015-2016";"88.14";"Técnicas audiovisuales y medios de comunicación";"Ambos Sexos";"Rendimiento"
"2022-2023";"81.85";"Artes";"Ambos Sexos";"Rendimiento"
"2021-2022";"79.86";"Artes";"Ambos Sexos";"Rendimiento"
"2020-2021";"82.9";"Artes";"Ambos Sexos";"Rendimiento"
"2019-2020";"85.19";"Artes";"Ambos Sexos";"Rendimiento"
"2018-2019";"80.58";"Artes";"Ambos Sexos";"Rendimiento"
"2017-2018";"80.9";"Artes";"Ambos Sexos";"Rendimiento"
"2016-2017";"80.86";"Artes";"Ambos Sexos";"Rendimiento"
"2015-2016";"80.74";"Artes";"Ambos Sexos";"Rendimiento"
"2022-2023";"77.08";"Lenguas";"Ambos Sexos";"Rendimiento"
"2021-2022";"75.57";"Lenguas";"Ambos Sexos";"Rendimiento"
"2020-2021";"79.48";"Lenguas";"Ambos Sexos";"Rendimiento"
"2019-2020";"83.16";"Lenguas";"Ambos Sexos";"Rendimiento"
"2018-2019";"76.89";"Lenguas";"Ambos Sexos";"Rendimiento"
"2017-2018";"77.27";"Lenguas";"Ambos Sexos";"Rendimiento"
"2016-2017";"76.83";"Lenguas";"Ambos Sexos";"Rendimiento"
"2015-2016";"77.26";"Lenguas";"Ambos Sexos";"Rendimiento"
"2022-2023";"72.72";"Humanidades";"Ambos Sexos";"Rendimiento"
"2021-2022";"70.55";"Humanidades";"Ambos Sexos";"Rendimiento"
"2020-2021";"75.46";"Humanidades";"Ambos Sexos";"Rendimiento"
"2019-2020";"78.44";"Humanidades";"Ambos Sexos";"Rendimiento"
"2018-2019";"70.46";"Humanidades";"Ambos Sexos";"Rendimiento"
"2017-2018";"70.8";"Humanidades";"Ambos Sexos";"Rendimiento"
"2016-2017";"71.21";"Humanidades";"Ambos Sexos";"Rendimiento"
"2015-2016";"71.25";"Humanidades";"Ambos Sexos";"Rendimiento"
"2022-2023";"77.39";"Total Ciencias sociales, periodismo y documentación";"Ambos Sexos";"Rendimiento"
"2021-2022";"75.46";"Total Ciencias sociales, periodismo y documentación";"Ambos Sexos";"Rendimiento"
"2020-2021";"80.85";"Total Ciencias sociales, periodismo y documentación";"Ambos Sexos";"Rendimiento"
"2019-2020";"83.41";"Total Ciencias sociales, periodismo y documentación";"Ambos Sexos";"Rendimiento"
"2018-2019";"76.19";"Total Ciencias sociales, periodismo y documentación";"Ambos Sexos";"Rendimiento"
"2017-2018";"75.82";"Total Ciencias sociales, periodismo y documentación";"Ambos Sexos";"Rendimiento"
"2016-2017";"75.63";"Total Ciencias sociales, periodismo y documentación";"Ambos Sexos";"Rendimiento"
"2015-2016";"75.15";"Total Ciencias sociales, periodismo y documentación";"Ambos Sexos";"Rendimiento"
"2022-2023";"74.98";"Psicología";"Ambos Sexos";"Rendimiento"
"2021-2022";"71.78";"Psicología";"Ambos Sexos";"Rendimiento"
"2020-2021";"79.62";"Psicología";"Ambos Sexos";"Rendimiento"
"2019-2020";"82.38";"Psicología";"Ambos Sexos";"Rendimiento"
"2018-2019";"74.34";"Psicología";"Ambos Sexos";"Rendimiento"
"2017-2018";"74.12";"Psicología";"Ambos Sexos";"Rendimiento"
"2016-2017";"73.03";"Psicología";"Ambos Sexos";"Rendimiento"
"2015-2016";"72.18";"Psicología";"Ambos Sexos";"Rendimiento"
"2022-2023";"70.3";"Economía";"Ambos Sexos";"Rendimiento"
"2021-2022";"68.03";"Economía";"Ambos Sexos";"Rendimiento"
"2020-2021";"72.16";"Economía";"Ambos Sexos";"Rendimiento"
"2019-2020";"77.37";"Economía";"Ambos Sexos";"Rendimiento"
"2018-2019";"68.25";"Economía";"Ambos Sexos";"Rendimiento"
"2017-2018";"68.06";"Economía";"Ambos Sexos";"Rendimiento"
"2016-2017";"67.65";"Economía";"Ambos Sexos";"Rendimiento"
"2015-2016";"67.59";"Economía";"Ambos Sexos";"Rendimiento"
"2022-2023";"80.06";"Otras Ciencias sociales y del comportamiento";"Ambos Sexos";"Rendimiento"
"2021-2022";"79.05";"Otras Ciencias sociales y del comportamiento";"Ambos Sexos";"Rendimiento"
"2020-2021";"83.33";"Otras Ciencias sociales y del comportamiento";"Ambos Sexos";"Rendimiento"
"2019-2020";"84.47";"Otras Ciencias sociales y del comportamiento";"Ambos Sexos";"Rendimiento"
"2018-2019";"77.75";"Otras Ciencias sociales y del comportamiento";"Ambos Sexos";"Rendimiento"
"2017-2018";"77.11";"Otras Ciencias sociales y del comportamiento";"Ambos Sexos";"Rendimiento"
"2016-2017";"78.61";"Otras Ciencias sociales y del comportamiento";"Ambos Sexos";"Rendimiento"
"2015-2016";"78.29";"Otras Ciencias sociales y del comportamiento";"Ambos Sexos";"Rendimiento"
"2022-2023";"86.57";"Periodismo e información";"Ambos Sexos";"Rendimiento"
"2021-2022";"86.27";"Periodismo e información";"Ambos Sexos";"Rendimiento"
"2020-2021";"88.61";"Periodismo e información";"Ambos Sexos";"Rendimiento"
"2019-2020";"90.14";"Periodismo e información";"Ambos Sexos";"Rendimiento"
"2018-2019";"85.95";"Periodismo e información";"Ambos Sexos";"Rendimiento"
"2017-2018";"85.67";"Periodismo e información";"Ambos Sexos";"Rendimiento"
"2016-2017";"85.62";"Periodismo e información";"Ambos Sexos";"Rendimiento"
"2015-2016";"85.63";"Periodismo e información";"Ambos Sexos";"Rendimiento"
"2022-2023";"75.77";"Total Negocios, administración y derecho";"Ambos Sexos";"Rendimiento"
"2021-2022";"73.21";"Total Negocios, administración y derecho";"Ambos Sexos";"Rendimiento"
"2020-2021";"77.7";"Total Negocios, administración y derecho";"Ambos Sexos";"Rendimiento"
"2019-2020";"82.61";"Total Negocios, administración y derecho";"Ambos Sexos";"Rendimiento"
"2018-2019";"73.91";"Total Negocios, administración y derecho";"Ambos Sexos";"Rendimiento"
"2017-2018";"73.59";"Total Negocios, administración y derecho";"Ambos Sexos";"Rendimiento"
"2016-2017";"73.5";"Total Negocios, administración y derecho";"Ambos Sexos";"Rendimiento"
"2015-2016";"73.53";"Total Negocios, administración y derecho";"Ambos Sexos";"Rendimiento"
"2022-2023";"75.17";"Administración y gestión de empresas";"Ambos Sexos";"Rendimiento"
"2021-2022";"72.38";"Administración y gestión de empresas";"Ambos Sexos";"Rendimiento"
"2020-2021";"76.1";"Administración y gestión de empresas";"Ambos Sexos";"Rendimiento"
"2019-2020";"81.12";"Administración y gestión de empresas";"Ambos Sexos";"Rendimiento"
"2018-2019";"72.72";"Administración y gestión de empresas";"Ambos Sexos";"Rendimiento"
"2017-2018";"72.26";"Administración y gestión de empresas";"Ambos Sexos";"Rendimiento"
"2016-2017";"72.05";"Administración y gestión de empresas";"Ambos Sexos";"Rendimiento"
"2015-2016";"71.99";"Administración y gestión de empresas";"Ambos Sexos";"Rendimiento"
"2022-2023";"80.28";"Otra Educación comercial y empresarial";"Ambos Sexos";"Rendimiento"
"2021-2022";"78.02";"Otra Educación comercial y empresarial";"Ambos Sexos";"Rendimiento"
"2020-2021";"81.31";"Otra Educación comercial y empresarial";"Ambos Sexos";"Rendimiento"
"2019-2020";"84.75";"Otra Educación comercial y empresarial";"Ambos Sexos";"Rendimiento"
"2018-2019";"77.8";"Otra Educación comercial y empresarial";"Ambos Sexos";"Rendimiento"
"2017-2018";"77.66";"Otra Educación comercial y empresarial";"Ambos Sexos";"Rendimiento"
"2016-2017";"77.7";"Otra Educación comercial y empresarial";"Ambos Sexos";"Rendimiento"
"2015-2016";"77.79";"Otra Educación comercial y empresarial";"Ambos Sexos";"Rendimiento"
"2022-2023";"74.63";"Derecho";"Ambos Sexos";"Rendimiento"
"2021-2022";"72.22";"Derecho";"Ambos Sexos";"Rendimiento"
"2020-2021";"78.1";"Derecho";"Ambos Sexos";"Rendimiento"
"2019-2020";"83.46";"Derecho";"Ambos Sexos";"Rendimiento"
"2018-2019";"73.73";"Derecho";"Ambos Sexos";"Rendimiento"
"2017-2018";"73.55";"Derecho";"Ambos Sexos";"Rendimiento"
"2016-2017";"73.6";"Derecho";"Ambos Sexos";"Rendimiento"
"2015-2016";"73.76";"Derecho";"Ambos Sexos";"Rendimiento"
"2022-2023";"76.43";"Total Ciencias";"Ambos Sexos";"Rendimiento"
"2021-2022";"74.72";"Total Ciencias";"Ambos Sexos";"Rendimiento"
"2020-2021";"75.63";"Total Ciencias";"Ambos Sexos";"Rendimiento"
"2019-2020";"82.26";"Total Ciencias";"Ambos Sexos";"Rendimiento"
"2018-2019";"74.93";"Total Ciencias";"Ambos Sexos";"Rendimiento"
"2017-2018";"74.48";"Total Ciencias";"Ambos Sexos";"Rendimiento"
"2016-2017";"74.24";"Total Ciencias";"Ambos Sexos";"Rendimiento"
"2015-2016";"73.54";"Total Ciencias";"Ambos Sexos";"Rendimiento"
"2022-2023";"81.24";"Ciencias de la vida";"Ambos Sexos";"Rendimiento"
"2021-2022";"79.51";"Ciencias de la vida";"Ambos Sexos";"Rendimiento"
"2020-2021";"81.25";"Ciencias de la vida";"Ambos Sexos";"Rendimiento"
"2019-2020";"88.0";"Ciencias de la vida";"Ambos Sexos";"Rendimiento"
"2018-2019";"80.72";"Ciencias de la vida";"Ambos Sexos";"Rendimiento"
"2017-2018";"80.39";"Ciencias de la vida";"Ambos Sexos";"Rendimiento"
"2016-2017";"80.52";"Ciencias de la vida";"Ambos Sexos";"Rendimiento"
"2015-2016";"79.81";"Ciencias de la vida";"Ambos Sexos";"Rendimiento"
"2022-2023";"71.62";"Ciencias Físicas, químicas, geológicas";"Ambos Sexos";"Rendimiento"
"2021-2022";"69.92";"Ciencias Físicas, químicas, geológicas";"Ambos Sexos";"Rendimiento"
"2020-2021";"70.52";"Ciencias Físicas, químicas, geológicas";"Ambos Sexos";"Rendimiento"
"2019-2020";"77.86";"Ciencias Físicas, químicas, geológicas";"Ambos Sexos";"Rendimiento"
"2018-2019";"70.43";"Ciencias Físicas, químicas, geológicas";"Ambos Sexos";"Rendimiento"
"2017-2018";"69.8";"Ciencias Físicas, químicas, geológicas";"Ambos Sexos";"Rendimiento"
"2016-2017";"69.26";"Ciencias Físicas, químicas, geológicas";"Ambos Sexos";"Rendimiento"
"2015-2016";"68.69";"Ciencias Físicas, químicas, geológicas";"Ambos Sexos";"Rendimiento"
"2022-2023";"74.08";"Matemáticas y Estadística";"Ambos Sexos";"Rendimiento"
"2021-2022";"72.43";"Matemáticas y Estadística";"Ambos Sexos";"Rendimiento"
"2020-2021";"71.86";"Matemáticas y Estadística";"Ambos Sexos";"Rendimiento"
"2019-2020";"76.23";"Matemáticas y Estadística";"Ambos Sexos";"Rendimiento"
"2018-2019";"68.38";"Matemáticas y Estadística";"Ambos Sexos";"Rendimiento"
"2017-2018";"67.09";"Matemáticas y Estadística";"Ambos Sexos";"Rendimiento"
"2016-2017";"65.58";"Matemáticas y Estadística";"Ambos Sexos";"Rendimiento"
"2015-2016";"64.39";"Matemáticas y Estadística";"Ambos Sexos";"Rendimiento"
"2022-2023";"71.59";"Total Informática";"Ambos Sexos";"Rendimiento"
"2021-2022";"69.14";"Total Informática";"Ambos Sexos";"Rendimiento"
"2020-2021";"69.55";"Total Informática";"Ambos Sexos";"Rendimiento"
"2019-2020";"73.58";"Total Informática";"Ambos Sexos";"Rendimiento"
"2018-2019";"67.28";"Total Informática";"Ambos Sexos";"Rendimiento"
"2017-2018";"66.21";"Total Informática";"Ambos Sexos";"Rendimiento"
"2016-2017";"64.57";"Total Informática";"Ambos Sexos";"Rendimiento"
"2015-2016";"63.94";"Total Informática";"Ambos Sexos";"Rendimiento"
"2022-2023";"71.59";"Informática";"Ambos Sexos";"Rendimiento"
"2021-2022";"69.14";"Informática";"Ambos Sexos";"Rendimiento"
"2020-2021";"69.55";"Informática";"Ambos Sexos";"Rendimiento"
"2019-2020";"73.58";"Informática";"Ambos Sexos";"Rendimiento"
"2018-2019";"67.28";"Informática";"Ambos Sexos";"Rendimiento"
"2017-2018";"66.21";"Informática";"Ambos Sexos";"Rendimiento"
"2016-2017";"64.57";"Informática";"Ambos Sexos";"Rendimiento"
"2015-2016";"63.94";"Informática";"Ambos Sexos";"Rendimiento"
"2022-2023";"67.07";"Total Ingeniería, industria y construcción";"Ambos Sexos";"Rendimiento"
"2021-2022";"65.63";"Total Ingeniería, industria y construcción";"Ambos Sexos";"Rendimiento"
"2020-2021";"67.1";"Total Ingeniería, industria y construcción";"Ambos Sexos";"Rendimiento"
"2019-2020";"74.26";"Total Ingeniería, industria y construcción";"Ambos Sexos";"Rendimiento"
"2018-2019";"67.59";"Total Ingeniería, industria y construcción";"Ambos Sexos";"Rendimiento"
"2017-2018";"67.42";"Total Ingeniería, industria y construcción";"Ambos Sexos";"Rendimiento"
"2016-2017";"68.01";"Total Ingeniería, industria y construcción";"Ambos Sexos";"Rendimiento"
"2015-2016";"68.41";"Total Ingeniería, industria y construcción";"Ambos Sexos";"Rendimiento"
"2022-2023";"66.9";"Ingenierías";"Ambos Sexos";"Rendimiento"
"2021-2022";"65.5";"Ingenierías";"Ambos Sexos";"Rendimiento"
"2020-2021";"66.96";"Ingenierías";"Ambos Sexos";"Rendimiento"
"2019-2020";"74.4";"Ingenierías";"Ambos Sexos";"Rendimiento"
"2018-2019";"67.39";"Ingenierías";"Ambos Sexos";"Rendimiento"
"2017-2018";"67.08";"Ingenierías";"Ambos Sexos";"Rendimiento"
"2016-2017";"67.67";"Ingenierías";"Ambos Sexos";"Rendimiento"
"2015-2016";"67.8";"Ingenierías";"Ambos Sexos";"Rendimiento"
"2022-2023";"67.78";"Arquitectura y construcción";"Ambos Sexos";"Rendimiento"
"2021-2022";"66.19";"Arquitectura y construcción";"Ambos Sexos";"Rendimiento"
"2020-2021";"67.73";"Arquitectura y construcción";"Ambos Sexos";"Rendimiento"
"2019-2020";"73.64";"Arquitectura y construcción";"Ambos Sexos";"Rendimiento"
"2018-2019";"68.45";"Arquitectura y construcción";"Ambos Sexos";"Rendimiento"
"2017-2018";"68.83";"Arquitectura y construcción";"Ambos Sexos";"Rendimiento"
"2016-2017";"69.32";"Arquitectura y construcción";"Ambos Sexos";"Rendimiento"
"2015-2016";"70.5";"Arquitectura y construcción";"Ambos Sexos";"Rendimiento"
"2022-2023";"71.04";"Total Agricultura, ganadería,  silvicultura, pesca, y veterinaria";"Ambos Sexos";"Rendimiento"
"2021-2022";"69.68";"Total Agricultura, ganadería,  silvicultura, pesca, y veterinaria";"Ambos Sexos";"Rendimiento"
"2020-2021";"72.92";"Total Agricultura, ganadería,  silvicultura, pesca, y veterinaria";"Ambos Sexos";"Rendimiento"
"2019-2020";"82.73";"Total Agricultura, ganadería,  silvicultura, pesca, y veterinaria";"Ambos Sexos";"Rendimiento"
"2018-2019";"73.11";"Total Agricultura, ganadería,  silvicultura, pesca, y veterinaria";"Ambos Sexos";"Rendimiento"
"2017-2018";"72.33";"Total Agricultura, ganadería,  silvicultura, pesca, y veterinaria";"Ambos Sexos";"Rendimiento"
"2016-2017";"72.36";"Total Agricultura, ganadería,  silvicultura, pesca, y veterinaria";"Ambos Sexos";"Rendimiento"
"2015-2016";"72.21";"Total Agricultura, ganadería,  silvicultura, pesca, y veterinaria";"Ambos Sexos";"Rendimiento"
"2022-2023";"60.47";"Agricultura, ganadería y pesca";"Ambos Sexos";"Rendimiento"
"2021-2022";"58.79";"Agricultura, ganadería y pesca";"Ambos Sexos";"Rendimiento"
"2020-2021";"62.4";"Agricultura, ganadería y pesca";"Ambos Sexos";"Rendimiento"
"2019-2020";"72.68";"Agricultura, ganadería y pesca";"Ambos Sexos";"Rendimiento"
"2018-2019";"64.22";"Agricultura, ganadería y pesca";"Ambos Sexos";"Rendimiento"
"2017-2018";"64.14";"Agricultura, ganadería y pesca";"Ambos Sexos";"Rendimiento"
"2016-2017";"64.4";"Agricultura, ganadería y pesca";"Ambos Sexos";"Rendimiento"
"2015-2016";"64.86";"Agricultura, ganadería y pesca";"Ambos Sexos";"Rendimiento"
"2022-2023";"80.36";"Veterinaria";"Ambos Sexos";"Rendimiento"
"2021-2022";"79.26";"Veterinaria";"Ambos Sexos";"Rendimiento"
"2020-2021";"81.73";"Veterinaria";"Ambos Sexos";"Rendimiento"
"2019-2020";"90.98";"Veterinaria";"Ambos Sexos";"Rendimiento"
"2018-2019";"80.77";"Veterinaria";"Ambos Sexos";"Rendimiento"
"2017-2018";"79.58";"Veterinaria";"Ambos Sexos";"Rendimiento"
"2016-2017";"79.86";"Veterinaria";"Ambos Sexos";"Rendimiento"
"2015-2016";"79.71";"Veterinaria";"Ambos Sexos";"Rendimiento"
"2022-2023";"88.29";"Total Salud y servicios sociales";"Ambos Sexos";"Rendimiento"
"2021-2022";"87.21";"Total Salud y servicios sociales";"Ambos Sexos";"Rendimiento"
"2020-2021";"89.14";"Total Salud y servicios sociales";"Ambos Sexos";"Rendimiento"
"2019-2020";"92.87";"Total Salud y servicios sociales";"Ambos Sexos";"Rendimiento"
"2018-2019";"88.04";"Total Salud y servicios sociales";"Ambos Sexos";"Rendimiento"
"2017-2018";"87.94";"Total Salud y servicios sociales";"Ambos Sexos";"Rendimiento"
"2016-2017";"87.79";"Total Salud y servicios sociales";"Ambos Sexos";"Rendimiento"
"2015-2016";"87.99";"Total Salud y servicios sociales";"Ambos Sexos";"Rendimiento"
"2022-2023";"90.54";"Medicina";"Ambos Sexos";"Rendimiento"
"2021-2022";"89.83";"Medicina";"Ambos Sexos";"Rendimiento"
"2020-2021";"90.58";"Medicina";"Ambos Sexos";"Rendimiento"
"2019-2020";"95.19";"Medicina";"Ambos Sexos";"Rendimiento"
"2018-2019";"90.54";"Medicina";"Ambos Sexos";"Rendimiento"
"2017-2018";"90.56";"Medicina";"Ambos Sexos";"Rendimiento"
"2016-2017";"90.42";"Medicina";"Ambos Sexos";"Rendimiento"
"2015-2016";"90.66";"Medicina";"Ambos Sexos";"Rendimiento"
"2022-2023";"92.94";"Enfermería y atención a enfermos";"Ambos Sexos";"Rendimiento"
"2021-2022";"91.47";"Enfermería y atención a enfermos";"Ambos Sexos";"Rendimiento"
"2020-2021";"93.16";"Enfermería y atención a enfermos";"Ambos Sexos";"Rendimiento"
"2019-2020";"95.31";"Enfermería y atención a enfermos";"Ambos Sexos";"Rendimiento"
"2018-2019";"92.47";"Enfermería y atención a enfermos";"Ambos Sexos";"Rendimiento"
"2017-2018";"92.54";"Enfermería y atención a enfermos";"Ambos Sexos";"Rendimiento"
"2016-2017";"92.58";"Enfermería y atención a enfermos";"Ambos Sexos";"Rendimiento"
"2015-2016";"92.81";"Enfermería y atención a enfermos";"Ambos Sexos";"Rendimiento"
"2022-2023";"84.78";"Otras ciencias de la Salud";"Ambos Sexos";"Rendimiento"
"2021-2022";"83.85";"Otras ciencias de la Salud";"Ambos Sexos";"Rendimiento"
"2020-2021";"85.89";"Otras ciencias de la Salud";"Ambos Sexos";"Rendimiento"
"2019-2020";"90.64";"Otras ciencias de la Salud";"Ambos Sexos";"Rendimiento"
"2018-2019";"84.84";"Otras ciencias de la Salud";"Ambos Sexos";"Rendimiento"
"2017-2018";"84.44";"Otras ciencias de la Salud";"Ambos Sexos";"Rendimiento"
"2016-2017";"84.34";"Otras ciencias de la Salud";"Ambos Sexos";"Rendimiento"
"2015-2016";"84.47";"Otras ciencias de la Salud";"Ambos Sexos";"Rendimiento"
"2022-2023";"83.94";"Trabajo social y orientación";"Ambos Sexos";"Rendimiento"
"2021-2022";"82.8";"Trabajo social y orientación";"Ambos Sexos";"Rendimiento"
"2020-2021";"88.04";"Trabajo social y orientación";"Ambos Sexos";"Rendimiento"
"2019-2020";"89.64";"Trabajo social y orientación";"Ambos Sexos";"Rendimiento"
"2018-2019";"82.94";"Trabajo social y orientación";"Ambos Sexos";"Rendimiento"
"2017-2018";"83.53";"Trabajo social y orientación";"Ambos Sexos";"Rendimiento"
"2016-2017";"82.4";"Trabajo social y orientación";"Ambos Sexos";"Rendimiento"
"2015-2016";"82.43";"Trabajo social y orientación";"Ambos Sexos";"Rendimiento"
"2022-2023";"82.14";"Total Servicios";"Ambos Sexos";"Rendimiento"
"2021-2022";"80.94";"Total Servicios";"Ambos Sexos";"Rendimiento"
"2020-2021";"83.93";"Total Servicios";"Ambos Sexos";"Rendimiento"
"2019-2020";"86.36";"Total Servicios";"Ambos Sexos";"Rendimiento"
"2018-2019";"80.1";"Total Servicios";"Ambos Sexos";"Rendimiento"
"2017-2018";"79.84";"Total Servicios";"Ambos Sexos";"Rendimiento"
"2016-2017";"80.15";"Total Servicios";"Ambos Sexos";"Rendimiento"
"2015-2016";"80.52";"Total Servicios";"Ambos Sexos";"Rendimiento"
"2022-2023";"86.65";"Deportes";"Ambos Sexos";"Rendimiento"
"2021-2022";"86.03";"Deportes";"Ambos Sexos";"Rendimiento"
"2020-2021";"87.52";"Deportes";"Ambos Sexos";"Rendimiento"
"2019-2020";"90.0";"Deportes";"Ambos Sexos";"Rendimiento"
"2018-2019";"84.33";"Deportes";"Ambos Sexos";"Rendimiento"
"2017-2018";"84.13";"Deportes";"Ambos Sexos";"Rendimiento"
"2016-2017";"84.87";"Deportes";"Ambos Sexos";"Rendimiento"
"2015-2016";"85.4";"Deportes";"Ambos Sexos";"Rendimiento"
"2022-2023";"75.6";"Turismo y Hostelería";"Ambos Sexos";"Rendimiento"
"2021-2022";"74.62";"Turismo y Hostelería";"Ambos Sexos";"Rendimiento"
"2020-2021";"80.08";"Turismo y Hostelería";"Ambos Sexos";"Rendimiento"
"2019-2020";"82.72";"Turismo y Hostelería";"Ambos Sexos";"Rendimiento"
"2018-2019";"75.68";"Turismo y Hostelería";"Ambos Sexos";"Rendimiento"
"2017-2018";"75.73";"Turismo y Hostelería";"Ambos Sexos";"Rendimiento"
"2016-2017";"76.17";"Turismo y Hostelería";"Ambos Sexos";"Rendimiento"
"2015-2016";"76.75";"Turismo y Hostelería";"Ambos Sexos";"Rendimiento"
"2022-2023";"83.17";"Otros Servicios";"Ambos Sexos";"Rendimiento"
"2021-2022";"82.48";"Otros Servicios";"Ambos Sexos";"Rendimiento"
"2020-2021";"84.45";"Otros Servicios";"Ambos Sexos";"Rendimiento"
"2019-2020";"86.33";"Otros Servicios";"Ambos Sexos";"Rendimiento"
"2018-2019";"82.38";"Otros Servicios";"Ambos Sexos";"Rendimiento"
"2017-2018";"81.94";"Otros Servicios";"Ambos Sexos";"Rendimiento"
"2016-2017";"80.97";"Otros Servicios";"Ambos Sexos";"Rendimiento"
"2015-2016";"80.05";"Otros Servicios";"Ambos Sexos";"Rendimiento"
"2022-2023";"88.48";"Todos los ámbitos";"Ambos Sexos";"Exito"
"2021-2022";"87.9";"Todos los ámbitos";"Ambos Sexos";"Exito"
"2020-2021";"89.08";"Todos los ámbitos";"Ambos Sexos";"Exito"
"2019-2020";"91.86";"Todos los ámbitos";"Ambos Sexos";"Exito"
"2018-2019";"88.14";"Todos los ámbitos";"Ambos Sexos";"Exito"
"2017-2018";"87.97";"Todos los ámbitos";"Ambos Sexos";"Exito"
"2016-2017";"87.79";"Todos los ámbitos";"Ambos Sexos";"Exito"
"2015-2016";"87.97";"Todos los ámbitos";"Ambos Sexos";"Exito"
"2022-2023";"95.28";"Total Educación";"Ambos Sexos";"Exito"
"2021-2022";"95.18";"Total Educación";"Ambos Sexos";"Exito"
"2020-2021";"96.17";"Total Educación";"Ambos Sexos";"Exito"
"2019-2020";"97.0";"Total Educación";"Ambos Sexos";"Exito"
"2018-2019";"94.83";"Total Educación";"Ambos Sexos";"Exito"
"2017-2018";"94.95";"Total Educación";"Ambos Sexos";"Exito"
"2016-2017";"94.85";"Total Educación";"Ambos Sexos";"Exito"
"2015-2016";"95.15";"Total Educación";"Ambos Sexos";"Exito"
"2022-2023";"95.47";"Formación de docentes de enseñanza infantil";"Ambos Sexos";"Exito"
"2021-2022";"95.67";"Formación de docentes de enseñanza infantil";"Ambos Sexos";"Exito"
"2020-2021";"96.7";"Formación de docentes de enseñanza infantil";"Ambos Sexos";"Exito"
"2019-2020";"97.51";"Formación de docentes de enseñanza infantil";"Ambos Sexos";"Exito"
"2018-2019";"95.67";"Formación de docentes de enseñanza infantil";"Ambos Sexos";"Exito"
"2017-2018";"95.9";"Formación de docentes de enseñanza infantil";"Ambos Sexos";"Exito"
"2016-2017";"95.86";"Formación de docentes de enseñanza infantil";"Ambos Sexos";"Exito"
"2015-2016";"96.03";"Formación de docentes de enseñanza infantil";"Ambos Sexos";"Exito"
"2022-2023";"95.35";"Formación de docentes de enseñanza primaria";"Ambos Sexos";"Exito"
"2021-2022";"95.11";"Formación de docentes de enseñanza primaria";"Ambos Sexos";"Exito"
"2020-2021";"96.07";"Formación de docentes de enseñanza primaria";"Ambos Sexos";"Exito"
"2019-2020";"96.93";"Formación de docentes de enseñanza primaria";"Ambos Sexos";"Exito"
"2018-2019";"94.42";"Formación de docentes de enseñanza primaria";"Ambos Sexos";"Exito"
"2017-2018";"94.48";"Formación de docentes de enseñanza primaria";"Ambos Sexos";"Exito"
"2016-2017";"94.33";"Formación de docentes de enseñanza primaria";"Ambos Sexos";"Exito"
"2015-2016";"94.76";"Formación de docentes de enseñanza primaria";"Ambos Sexos";"Exito"
"2022-2023";"94.69";"Otra Formación de personal docente y ciencias de la educación";"Ambos Sexos";"Exito"
"2021-2022";"94.5";"Otra Formación de personal docente y ciencias de la educación";"Ambos Sexos";"Exito"
"2020-2021";"95.58";"Otra Formación de personal docente y ciencias de la educación";"Ambos Sexos";"Exito"
"2019-2020";"96.28";"Otra Formación de personal docente y ciencias de la educación";"Ambos Sexos";"Exito"
"2018-2019";"94.6";"Otra Formación de personal docente y ciencias de la educación";"Ambos Sexos";"Exito"
"2017-2018";"94.74";"Otra Formación de personal docente y ciencias de la educación";"Ambos Sexos";"Exito"
"2016-2017";"94.6";"Otra Formación de personal docente y ciencias de la educación";"Ambos Sexos";"Exito"
"2015-2016";"94.83";"Otra Formación de personal docente y ciencias de la educación";"Ambos Sexos";"Exito"
"2022-2023";"91.33";"Total Artes y humanidades";"Ambos Sexos";"Exito"
"2021-2022";"91.01";"Total Artes y humanidades";"Ambos Sexos";"Exito"
"2020-2021";"92.19";"Total Artes y humanidades";"Ambos Sexos";"Exito"
"2019-2020";"93.55";"Total Artes y humanidades";"Ambos Sexos";"Exito"
"2018-2019";"91.17";"Total Artes y humanidades";"Ambos Sexos";"Exito"
"2017-2018";"91.21";"Total Artes y humanidades";"Ambos Sexos";"Exito"
"2016-2017";"91.0";"Total Artes y humanidades";"Ambos Sexos";"Exito"
"2015-2016";"91.2";"Total Artes y humanidades";"Ambos Sexos";"Exito"
"2022-2023";"94.63";"Técnicas audiovisuales y medios de comunicación";"Ambos Sexos";"Exito"
"2021-2022";"94.62";"Técnicas audiovisuales y medios de comunicación";"Ambos Sexos";"Exito"
"2020-2021";"95.27";"Técnicas audiovisuales y medios de comunicación";"Ambos Sexos";"Exito"
"2019-2020";"95.96";"Técnicas audiovisuales y medios de comunicación";"Ambos Sexos";"Exito"
"2018-2019";"94.09";"Técnicas audiovisuales y medios de comunicación";"Ambos Sexos";"Exito"
"2017-2018";"94.32";"Técnicas audiovisuales y medios de comunicación";"Ambos Sexos";"Exito"
"2016-2017";"94.29";"Técnicas audiovisuales y medios de comunicación";"Ambos Sexos";"Exito"
"2015-2016";"94.15";"Técnicas audiovisuales y medios de comunicación";"Ambos Sexos";"Exito"
"2022-2023";"93.88";"Artes";"Ambos Sexos";"Exito"
"2021-2022";"93.41";"Artes";"Ambos Sexos";"Exito"
"2020-2021";"94.22";"Artes";"Ambos Sexos";"Exito"
"2019-2020";"94.97";"Artes";"Ambos Sexos";"Exito"
"2018-2019";"93.48";"Artes";"Ambos Sexos";"Exito"
"2017-2018";"93.41";"Artes";"Ambos Sexos";"Exito"
"2016-2017";"93.33";"Artes";"Ambos Sexos";"Exito"
"2015-2016";"93.42";"Artes";"Ambos Sexos";"Exito"
"2022-2023";"89.01";"Lenguas";"Ambos Sexos";"Exito"
"2021-2022";"88.64";"Lenguas";"Ambos Sexos";"Exito"
"2020-2021";"90.21";"Lenguas";"Ambos Sexos";"Exito"
"2019-2020";"92.3";"Lenguas";"Ambos Sexos";"Exito"
"2018-2019";"89.32";"Lenguas";"Ambos Sexos";"Exito"
"2017-2018";"89.59";"Lenguas";"Ambos Sexos";"Exito"
"2016-2017";"89.25";"Lenguas";"Ambos Sexos";"Exito"
"2015-2016";"89.68";"Lenguas";"Ambos Sexos";"Exito"
"2022-2023";"89.76";"Humanidades";"Ambos Sexos";"Exito"
"2021-2022";"89.5";"Humanidades";"Ambos Sexos";"Exito"
"2020-2021";"91.08";"Humanidades";"Ambos Sexos";"Exito"
"2019-2020";"92.39";"Humanidades";"Ambos Sexos";"Exito"
"2018-2019";"89.65";"Humanidades";"Ambos Sexos";"Exito"
"2017-2018";"89.33";"Humanidades";"Ambos Sexos";"Exito"
"2016-2017";"89.31";"Humanidades";"Ambos Sexos";"Exito"
"2015-2016";"89.63";"Humanidades";"Ambos Sexos";"Exito"
"2022-2023";"89.75";"Total Ciencias sociales, periodismo y documentación";"Ambos Sexos";"Exito"
"2021-2022";"88.95";"Total Ciencias sociales, periodismo y documentación";"Ambos Sexos";"Exito"
"2020-2021";"91.0";"Total Ciencias sociales, periodismo y documentación";"Ambos Sexos";"Exito"
"2019-2020";"92.71";"Total Ciencias sociales, periodismo y documentación";"Ambos Sexos";"Exito"
"2018-2019";"89.32";"Total Ciencias sociales, periodismo y documentación";"Ambos Sexos";"Exito"
"2017-2018";"88.96";"Total Ciencias sociales, periodismo y documentación";"Ambos Sexos";"Exito"
"2016-2017";"88.88";"Total Ciencias sociales, periodismo y documentación";"Ambos Sexos";"Exito"
"2015-2016";"88.74";"Total Ciencias sociales, periodismo y documentación";"Ambos Sexos";"Exito"
"2022-2023";"89.68";"Psicología";"Ambos Sexos";"Exito"
"2021-2022";"88.05";"Psicología";"Ambos Sexos";"Exito"
"2020-2021";"90.69";"Psicología";"Ambos Sexos";"Exito"
"2019-2020";"92.89";"Psicología";"Ambos Sexos";"Exito"
"2018-2019";"89.02";"Psicología";"Ambos Sexos";"Exito"
"2017-2018";"88.61";"Psicología";"Ambos Sexos";"Exito"
"2016-2017";"88.53";"Psicología";"Ambos Sexos";"Exito"
"2015-2016";"88.35";"Psicología";"Ambos Sexos";"Exito"
"2022-2023";"82.25";"Economía";"Ambos Sexos";"Exito"
"2021-2022";"81.26";"Economía";"Ambos Sexos";"Exito"
"2020-2021";"83.47";"Economía";"Ambos Sexos";"Exito"
"2019-2020";"86.55";"Economía";"Ambos Sexos";"Exito"
"2018-2019";"81.61";"Economía";"Ambos Sexos";"Exito"
"2017-2018";"81.49";"Economía";"Ambos Sexos";"Exito"
"2016-2017";"81.26";"Economía";"Ambos Sexos";"Exito"
"2015-2016";"81.16";"Economía";"Ambos Sexos";"Exito"
"2022-2023";"91.86";"Otras Ciencias sociales y del comportamiento";"Ambos Sexos";"Exito"
"2021-2022";"91.78";"Otras Ciencias sociales y del comportamiento";"Ambos Sexos";"Exito"
"2020-2021";"93.37";"Otras Ciencias sociales y del comportamiento";"Ambos Sexos";"Exito"
"2019-2020";"94.19";"Otras Ciencias sociales y del comportamiento";"Ambos Sexos";"Exito"
"2018-2019";"91.67";"Otras Ciencias sociales y del comportamiento";"Ambos Sexos";"Exito"
"2017-2018";"91.26";"Otras Ciencias sociales y del comportamiento";"Ambos Sexos";"Exito"
"2016-2017";"91.46";"Otras Ciencias sociales y del comportamiento";"Ambos Sexos";"Exito"
"2015-2016";"91.62";"Otras Ciencias sociales y del comportamiento";"Ambos Sexos";"Exito"
"2022-2023";"93.21";"Periodismo e información";"Ambos Sexos";"Exito"
"2021-2022";"93.12";"Periodismo e información";"Ambos Sexos";"Exito"
"2020-2021";"94.68";"Periodismo e información";"Ambos Sexos";"Exito"
"2019-2020";"95.62";"Periodismo e información";"Ambos Sexos";"Exito"
"2018-2019";"93.27";"Periodismo e información";"Ambos Sexos";"Exito"
"2017-2018";"93.23";"Periodismo e información";"Ambos Sexos";"Exito"
"2016-2017";"93.18";"Periodismo e información";"Ambos Sexos";"Exito"
"2015-2016";"92.97";"Periodismo e información";"Ambos Sexos";"Exito"
"2022-2023";"86.17";"Total Negocios, administración y derecho";"Ambos Sexos";"Exito"
"2021-2022";"85.05";"Total Negocios, administración y derecho";"Ambos Sexos";"Exito"
"2020-2021";"86.94";"Total Negocios, administración y derecho";"Ambos Sexos";"Exito"
"2019-2020";"90.42";"Total Negocios, administración y derecho";"Ambos Sexos";"Exito"
"2018-2019";"85.65";"Total Negocios, administración y derecho";"Ambos Sexos";"Exito"
"2017-2018";"85.32";"Total Negocios, administración y derecho";"Ambos Sexos";"Exito"
"2016-2017";"85.21";"Total Negocios, administración y derecho";"Ambos Sexos";"Exito"
"2015-2016";"85.54";"Total Negocios, administración y derecho";"Ambos Sexos";"Exito"
"2022-2023";"85.02";"Administración y gestión de empresas";"Ambos Sexos";"Exito"
"2021-2022";"83.66";"Administración y gestión de empresas";"Ambos Sexos";"Exito"
"2020-2021";"85.37";"Administración y gestión de empresas";"Ambos Sexos";"Exito"
"2019-2020";"89.0";"Administración y gestión de empresas";"Ambos Sexos";"Exito"
"2018-2019";"84.15";"Administración y gestión de empresas";"Ambos Sexos";"Exito"
"2017-2018";"83.74";"Administración y gestión de empresas";"Ambos Sexos";"Exito"
"2016-2017";"83.76";"Administración y gestión de empresas";"Ambos Sexos";"Exito"
"2015-2016";"83.87";"Administración y gestión de empresas";"Ambos Sexos";"Exito"
"2022-2023";"89.07";"Otra Educación comercial y empresarial";"Ambos Sexos";"Exito"
"2021-2022";"87.97";"Otra Educación comercial y empresarial";"Ambos Sexos";"Exito"
"2020-2021";"89.42";"Otra Educación comercial y empresarial";"Ambos Sexos";"Exito"
"2019-2020";"91.87";"Otra Educación comercial y empresarial";"Ambos Sexos";"Exito"
"2018-2019";"87.46";"Otra Educación comercial y empresarial";"Ambos Sexos";"Exito"
"2017-2018";"87.23";"Otra Educación comercial y empresarial";"Ambos Sexos";"Exito"
"2016-2017";"86.9";"Otra Educación comercial y empresarial";"Ambos Sexos";"Exito"
"2015-2016";"86.8";"Otra Educación comercial y empresarial";"Ambos Sexos";"Exito"
"2022-2023";"86.37";"Derecho";"Ambos Sexos";"Exito"
"2021-2022";"85.47";"Derecho";"Ambos Sexos";"Exito"
"2020-2021";"87.74";"Derecho";"Ambos Sexos";"Exito"
"2019-2020";"91.48";"Derecho";"Ambos Sexos";"Exito"
"2018-2019";"86.63";"Derecho";"Ambos Sexos";"Exito"
"2017-2018";"86.35";"Derecho";"Ambos Sexos";"Exito"
"2016-2017";"86.22";"Derecho";"Ambos Sexos";"Exito"
"2015-2016";"86.99";"Derecho";"Ambos Sexos";"Exito"
"2022-2023";"86.2";"Total Ciencias";"Ambos Sexos";"Exito"
"2021-2022";"85.67";"Total Ciencias";"Ambos Sexos";"Exito"
"2020-2021";"85.5";"Total Ciencias";"Ambos Sexos";"Exito"
"2019-2020";"90.16";"Total Ciencias";"Ambos Sexos";"Exito"
"2018-2019";"85.44";"Total Ciencias";"Ambos Sexos";"Exito"
"2017-2018";"84.88";"Total Ciencias";"Ambos Sexos";"Exito"
"2016-2017";"84.51";"Total Ciencias";"Ambos Sexos";"Exito"
"2015-2016";"84.18";"Total Ciencias";"Ambos Sexos";"Exito"
"2022-2023";"88.26";"Ciencias de la vida";"Ambos Sexos";"Exito"
"2021-2022";"87.65";"Ciencias de la vida";"Ambos Sexos";"Exito"
"2020-2021";"87.93";"Ciencias de la vida";"Ambos Sexos";"Exito"
"2019-2020";"93.07";"Ciencias de la vida";"Ambos Sexos";"Exito"
"2018-2019";"88.21";"Ciencias de la vida";"Ambos Sexos";"Exito"
"2017-2018";"87.83";"Ciencias de la vida";"Ambos Sexos";"Exito"
"2016-2017";"87.85";"Ciencias de la vida";"Ambos Sexos";"Exito"
"2015-2016";"87.5";"Ciencias de la vida";"Ambos Sexos";"Exito"
"2022-2023";"82.8";"Ciencias Físicas, químicas, geológicas";"Ambos Sexos";"Exito"
"2021-2022";"82.3";"Ciencias Físicas, químicas, geológicas";"Ambos Sexos";"Exito"
"2020-2021";"81.93";"Ciencias Físicas, químicas, geológicas";"Ambos Sexos";"Exito"
"2019-2020";"87.1";"Ciencias Físicas, químicas, geológicas";"Ambos Sexos";"Exito"
"2018-2019";"82.37";"Ciencias Físicas, químicas, geológicas";"Ambos Sexos";"Exito"
"2017-2018";"81.67";"Ciencias Físicas, químicas, geológicas";"Ambos Sexos";"Exito"
"2016-2017";"80.84";"Ciencias Físicas, químicas, geológicas";"Ambos Sexos";"Exito"
"2015-2016";"80.6";"Ciencias Físicas, químicas, geológicas";"Ambos Sexos";"Exito"
"2022-2023";"87.28";"Matemáticas y Estadística";"Ambos Sexos";"Exito"
"2021-2022";"86.95";"Matemáticas y Estadística";"Ambos Sexos";"Exito"
"2020-2021";"86.03";"Matemáticas y Estadística";"Ambos Sexos";"Exito"
"2019-2020";"88.33";"Matemáticas y Estadística";"Ambos Sexos";"Exito"
"2018-2019";"83.86";"Matemáticas y Estadística";"Ambos Sexos";"Exito"
"2017-2018";"82.66";"Matemáticas y Estadística";"Ambos Sexos";"Exito"
"2016-2017";"81.78";"Matemáticas y Estadística";"Ambos Sexos";"Exito"
"2015-2016";"81.23";"Matemáticas y Estadística";"Ambos Sexos";"Exito"
"2022-2023";"83.63";"Total Informática";"Ambos Sexos";"Exito"
"2021-2022";"82.54";"Total Informática";"Ambos Sexos";"Exito"
"2020-2021";"82.59";"Total Informática";"Ambos Sexos";"Exito"
"2019-2020";"85.14";"Total Informática";"Ambos Sexos";"Exito"
"2018-2019";"81.13";"Total Informática";"Ambos Sexos";"Exito"
"2017-2018";"80.46";"Total Informática";"Ambos Sexos";"Exito"
"2016-2017";"79.14";"Total Informática";"Ambos Sexos";"Exito"
"2015-2016";"79.6";"Total Informática";"Ambos Sexos";"Exito"
"2022-2023";"83.63";"Informática";"Ambos Sexos";"Exito"
"2021-2022";"82.54";"Informática";"Ambos Sexos";"Exito"
"2020-2021";"82.59";"Informática";"Ambos Sexos";"Exito"
"2019-2020";"85.14";"Informática";"Ambos Sexos";"Exito"
"2018-2019";"81.13";"Informática";"Ambos Sexos";"Exito"
"2017-2018";"80.46";"Informática";"Ambos Sexos";"Exito"
"2016-2017";"79.14";"Informática";"Ambos Sexos";"Exito"
"2015-2016";"79.6";"Informática";"Ambos Sexos";"Exito"
"2022-2023";"79.11";"Total Ingeniería, industria y construcción";"Ambos Sexos";"Exito"
"2021-2022";"78.55";"Total Ingeniería, industria y construcción";"Ambos Sexos";"Exito"
"2020-2021";"79.22";"Total Ingeniería, industria y construcción";"Ambos Sexos";"Exito"
"2019-2020";"84.16";"Total Ingeniería, industria y construcción";"Ambos Sexos";"Exito"
"2018-2019";"79.68";"Total Ingeniería, industria y construcción";"Ambos Sexos";"Exito"
"2017-2018";"79.56";"Total Ingeniería, industria y construcción";"Ambos Sexos";"Exito"
"2016-2017";"79.67";"Total Ingeniería, industria y construcción";"Ambos Sexos";"Exito"
"2015-2016";"79.88";"Total Ingeniería, industria y construcción";"Ambos Sexos";"Exito"
"2022-2023";"78.65";"Ingenierías";"Ambos Sexos";"Exito"
"2021-2022";"77.97";"Ingenierías";"Ambos Sexos";"Exito"
"2020-2021";"78.66";"Ingenierías";"Ambos Sexos";"Exito"
"2019-2020";"83.8";"Ingenierías";"Ambos Sexos";"Exito"
"2018-2019";"79.03";"Ingenierías";"Ambos Sexos";"Exito"
"2017-2018";"78.66";"Ingenierías";"Ambos Sexos";"Exito"
"2016-2017";"78.91";"Ingenierías";"Ambos Sexos";"Exito"
"2015-2016";"79.04";"Ingenierías";"Ambos Sexos";"Exito"
"2022-2023";"81.06";"Arquitectura y construcción";"Ambos Sexos";"Exito"
"2021-2022";"81.19";"Arquitectura y construcción";"Ambos Sexos";"Exito"
"2020-2021";"81.83";"Arquitectura y construcción";"Ambos Sexos";"Exito"
"2019-2020";"85.78";"Arquitectura y construcción";"Ambos Sexos";"Exito"
"2018-2019";"82.57";"Arquitectura y construcción";"Ambos Sexos";"Exito"
"2017-2018";"83.38";"Arquitectura y construcción";"Ambos Sexos";"Exito"
"2016-2017";"82.65";"Arquitectura y construcción";"Ambos Sexos";"Exito"
"2015-2016";"82.81";"Arquitectura y construcción";"Ambos Sexos";"Exito"
"2022-2023";"81.98";"Total Agricultura, ganadería,  silvicultura, pesca, y veterinaria";"Ambos Sexos";"Exito"
"2021-2022";"81.44";"Total Agricultura, ganadería,  silvicultura, pesca, y veterinaria";"Ambos Sexos";"Exito"
"2020-2021";"83.03";"Total Agricultura, ganadería,  silvicultura, pesca, y veterinaria";"Ambos Sexos";"Exito"
"2019-2020";"90.06";"Total Agricultura, ganadería,  silvicultura, pesca, y veterinaria";"Ambos Sexos";"Exito"
"2018-2019";"83.8";"Total Agricultura, ganadería,  silvicultura, pesca, y veterinaria";"Ambos Sexos";"Exito"
"2017-2018";"83.02";"Total Agricultura, ganadería,  silvicultura, pesca, y veterinaria";"Ambos Sexos";"Exito"
"2016-2017";"82.54";"Total Agricultura, ganadería,  silvicultura, pesca, y veterinaria";"Ambos Sexos";"Exito"
"2015-2016";"83.22";"Total Agricultura, ganadería,  silvicultura, pesca, y veterinaria";"Ambos Sexos";"Exito"
"2022-2023";"76.5";"Agricultura, ganadería y pesca";"Ambos Sexos";"Exito"
"2021-2022";"75.83";"Agricultura, ganadería y pesca";"Ambos Sexos";"Exito"
"2020-2021";"77.22";"Agricultura, ganadería y pesca";"Ambos Sexos";"Exito"
"2019-2020";"84.85";"Agricultura, ganadería y pesca";"Ambos Sexos";"Exito"
"2018-2019";"79.45";"Agricultura, ganadería y pesca";"Ambos Sexos";"Exito"
"2017-2018";"79.0";"Agricultura, ganadería y pesca";"Ambos Sexos";"Exito"
"2016-2017";"78.23";"Agricultura, ganadería y pesca";"Ambos Sexos";"Exito"
"2015-2016";"79.7";"Agricultura, ganadería y pesca";"Ambos Sexos";"Exito"
"2022-2023";"86.07";"Veterinaria";"Ambos Sexos";"Exito"
"2021-2022";"85.58";"Veterinaria";"Ambos Sexos";"Exito"
"2020-2021";"87.23";"Veterinaria";"Ambos Sexos";"Exito"
"2019-2020";"93.84";"Veterinaria";"Ambos Sexos";"Exito"
"2018-2019";"87.06";"Veterinaria";"Ambos Sexos";"Exito"
"2017-2018";"86.14";"Veterinaria";"Ambos Sexos";"Exito"
"2016-2017";"86.15";"Veterinaria";"Ambos Sexos";"Exito"
"2015-2016";"86.39";"Veterinaria";"Ambos Sexos";"Exito"
"2022-2023";"92.22";"Total Salud y servicios sociales";"Ambos Sexos";"Exito"
"2021-2022";"91.94";"Total Salud y servicios sociales";"Ambos Sexos";"Exito"
"2020-2021";"92.68";"Total Salud y servicios sociales";"Ambos Sexos";"Exito"
"2019-2020";"95.63";"Total Salud y servicios sociales";"Ambos Sexos";"Exito"
"2018-2019";"92.31";"Total Salud y servicios sociales";"Ambos Sexos";"Exito"
"2017-2018";"92.32";"Total Salud y servicios sociales";"Ambos Sexos";"Exito"
"2016-2017";"92.25";"Total Salud y servicios sociales";"Ambos Sexos";"Exito"
"2015-2016";"92.49";"Total Salud y servicios sociales";"Ambos Sexos";"Exito"
"2022-2023";"94.0";"Medicina";"Ambos Sexos";"Exito"
"2021-2022";"93.54";"Medicina";"Ambos Sexos";"Exito"
"2020-2021";"93.84";"Medicina";"Ambos Sexos";"Exito"
"2019-2020";"97.09";"Medicina";"Ambos Sexos";"Exito"
"2018-2019";"94.15";"Medicina";"Ambos Sexos";"Exito"
"2017-2018";"94.32";"Medicina";"Ambos Sexos";"Exito"
"2016-2017";"94.12";"Medicina";"Ambos Sexos";"Exito"
"2015-2016";"94.34";"Medicina";"Ambos Sexos";"Exito"
"2022-2023";"94.99";"Enfermería y atención a enfermos";"Ambos Sexos";"Exito"
"2021-2022";"94.91";"Enfermería y atención a enfermos";"Ambos Sexos";"Exito"
"2020-2021";"95.08";"Enfermería y atención a enfermos";"Ambos Sexos";"Exito"
"2019-2020";"97.0";"Enfermería y atención a enfermos";"Ambos Sexos";"Exito"
"2018-2019";"94.71";"Enfermería y atención a enfermos";"Ambos Sexos";"Exito"
"2017-2018";"94.88";"Enfermería y atención a enfermos";"Ambos Sexos";"Exito"
"2016-2017";"94.96";"Enfermería y atención a enfermos";"Ambos Sexos";"Exito"
"2015-2016";"95.16";"Enfermería y atención a enfermos";"Ambos Sexos";"Exito"
"2022-2023";"89.1";"Otras ciencias de la Salud";"Ambos Sexos";"Exito"
"2021-2022";"88.8";"Otras ciencias de la Salud";"Ambos Sexos";"Exito"
"2020-2021";"89.84";"Otras ciencias de la Salud";"Ambos Sexos";"Exito"
"2019-2020";"93.8";"Otras ciencias de la Salud";"Ambos Sexos";"Exito"
"2018-2019";"89.53";"Otras ciencias de la Salud";"Ambos Sexos";"Exito"
"2017-2018";"89.34";"Otras ciencias de la Salud";"Ambos Sexos";"Exito"
"2016-2017";"89.32";"Otras ciencias de la Salud";"Ambos Sexos";"Exito"
"2015-2016";"89.41";"Otras ciencias de la Salud";"Ambos Sexos";"Exito"
"2022-2023";"92.78";"Trabajo social y orientación";"Ambos Sexos";"Exito"
"2021-2022";"92.58";"Trabajo social y orientación";"Ambos Sexos";"Exito"
"2020-2021";"94.72";"Trabajo social y orientación";"Ambos Sexos";"Exito"
"2019-2020";"95.68";"Trabajo social y orientación";"Ambos Sexos";"Exito"
"2018-2019";"92.39";"Trabajo social y orientación";"Ambos Sexos";"Exito"
"2017-2018";"92.41";"Trabajo social y orientación";"Ambos Sexos";"Exito"
"2016-2017";"91.79";"Trabajo social y orientación";"Ambos Sexos";"Exito"
"2015-2016";"92.4";"Trabajo social y orientación";"Ambos Sexos";"Exito"
"2022-2023";"89.6";"Total Servicios";"Ambos Sexos";"Exito"
"2021-2022";"89.15";"Total Servicios";"Ambos Sexos";"Exito"
"2020-2021";"90.72";"Total Servicios";"Ambos Sexos";"Exito"
"2019-2020";"92.67";"Total Servicios";"Ambos Sexos";"Exito"
"2018-2019";"88.76";"Total Servicios";"Ambos Sexos";"Exito"
"2017-2018";"88.6";"Total Servicios";"Ambos Sexos";"Exito"
"2016-2017";"88.76";"Total Servicios";"Ambos Sexos";"Exito"
"2015-2016";"88.99";"Total Servicios";"Ambos Sexos";"Exito"
"2022-2023";"90.89";"Deportes";"Ambos Sexos";"Exito"
"2021-2022";"90.68";"Deportes";"Ambos Sexos";"Exito"
"2020-2021";"91.82";"Deportes";"Ambos Sexos";"Exito"
"2019-2020";"93.85";"Deportes";"Ambos Sexos";"Exito"
"2018-2019";"89.85";"Deportes";"Ambos Sexos";"Exito"
"2017-2018";"89.79";"Deportes";"Ambos Sexos";"Exito"
"2016-2017";"90.14";"Deportes";"Ambos Sexos";"Exito"
"2015-2016";"90.3";"Deportes";"Ambos Sexos";"Exito"
"2022-2023";"87.17";"Turismo y Hostelería";"Ambos Sexos";"Exito"
"2021-2022";"86.75";"Turismo y Hostelería";"Ambos Sexos";"Exito"
"2020-2021";"89.25";"Turismo y Hostelería";"Ambos Sexos";"Exito"
"2019-2020";"91.38";"Turismo y Hostelería";"Ambos Sexos";"Exito"
"2018-2019";"87.3";"Turismo y Hostelería";"Ambos Sexos";"Exito"
"2017-2018";"87.26";"Turismo y Hostelería";"Ambos Sexos";"Exito"
"2016-2017";"87.44";"Turismo y Hostelería";"Ambos Sexos";"Exito"
"2015-2016";"87.88";"Turismo y Hostelería";"Ambos Sexos";"Exito"
"2022-2023";"91.01";"Otros Servicios";"Ambos Sexos";"Exito"
"2021-2022";"90.81";"Otros Servicios";"Ambos Sexos";"Exito"
"2020-2021";"91.78";"Otros Servicios";"Ambos Sexos";"Exito"
"2019-2020";"92.79";"Otros Servicios";"Ambos Sexos";"Exito"
"2018-2019";"90.55";"Otros Servicios";"Ambos Sexos";"Exito"
"2017-2018";"89.85";"Otros Servicios";"Ambos Sexos";"Exito"
"2016-2017";"89.43";"Otros Servicios";"Ambos Sexos";"Exito"
"2015-2016";"88.9";"Otros Servicios";"Ambos Sexos";"Exito"
"2022-2023";"89.31";"Todos los ámbitos";"Ambos Sexos";"Evaluacion"
"2021-2022";"88.11";"Todos los ámbitos";"Ambos Sexos";"Evaluacion"
"2020-2021";"90.31";"Todos los ámbitos";"Ambos Sexos";"Evaluacion"
"2019-2020";"92.05";"Todos los ámbitos";"Ambos Sexos";"Evaluacion"
"2018-2019";"88.47";"Todos los ámbitos";"Ambos Sexos";"Evaluacion"
"2017-2018";"88.47";"Todos los ámbitos";"Ambos Sexos";"Evaluacion"
"2016-2017";"88.5";"Todos los ámbitos";"Ambos Sexos";"Evaluacion"
"2015-2016";"88.31";"Todos los ámbitos";"Ambos Sexos";"Evaluacion"
"2022-2023";"94.17";"Total Educación";"Ambos Sexos";"Evaluacion"
"2021-2022";"94.77";"Total Educación";"Ambos Sexos";"Evaluacion"
"2020-2021";"96.14";"Total Educación";"Ambos Sexos";"Evaluacion"
"2019-2020";"96.4";"Total Educación";"Ambos Sexos";"Evaluacion"
"2018-2019";"94.27";"Total Educación";"Ambos Sexos";"Evaluacion"
"2017-2018";"94.46";"Total Educación";"Ambos Sexos";"Evaluacion"
"2016-2017";"94.36";"Total Educación";"Ambos Sexos";"Evaluacion"
"2015-2016";"94.26";"Total Educación";"Ambos Sexos";"Evaluacion"
"2022-2023";"93.69";"Formación de docentes de enseñanza infantil";"Ambos Sexos";"Evaluacion"
"2021-2022";"96.49";"Formación de docentes de enseñanza infantil";"Ambos Sexos";"Evaluacion"
"2020-2021";"97.26";"Formación de docentes de enseñanza infantil";"Ambos Sexos";"Evaluacion"
"2019-2020";"97.34";"Formación de docentes de enseñanza infantil";"Ambos Sexos";"Evaluacion"
"2018-2019";"96.25";"Formación de docentes de enseñanza infantil";"Ambos Sexos";"Evaluacion"
"2017-2018";"96.26";"Formación de docentes de enseñanza infantil";"Ambos Sexos";"Evaluacion"
"2016-2017";"96.28";"Formación de docentes de enseñanza infantil";"Ambos Sexos";"Evaluacion"
"2015-2016";"96.29";"Formación de docentes de enseñanza infantil";"Ambos Sexos";"Evaluacion"
"2022-2023";"95.58";"Formación de docentes de enseñanza primaria";"Ambos Sexos";"Evaluacion"
"2021-2022";"95.93";"Formación de docentes de enseñanza primaria";"Ambos Sexos";"Evaluacion"
"2020-2021";"96.82";"Formación de docentes de enseñanza primaria";"Ambos Sexos";"Evaluacion"
"2019-2020";"97.04";"Formación de docentes de enseñanza primaria";"Ambos Sexos";"Evaluacion"
"2018-2019";"95.23";"Formación de docentes de enseñanza primaria";"Ambos Sexos";"Evaluacion"
"2017-2018";"95.31";"Formación de docentes de enseñanza primaria";"Ambos Sexos";"Evaluacion"
"2016-2017";"95.33";"Formación de docentes de enseñanza primaria";"Ambos Sexos";"Evaluacion"
"2015-2016";"95.24";"Formación de docentes de enseñanza primaria";"Ambos Sexos";"Evaluacion"
"2022-2023";"90.56";"Otra Formación de personal docente y ciencias de la educación";"Ambos Sexos";"Evaluacion"
"2021-2022";"88.66";"Otra Formación de personal docente y ciencias de la educación";"Ambos Sexos";"Evaluacion"
"2020-2021";"92.37";"Otra Formación de personal docente y ciencias de la educación";"Ambos Sexos";"Evaluacion"
"2019-2020";"92.88";"Otra Formación de personal docente y ciencias de la educación";"Ambos Sexos";"Evaluacion"
"2018-2019";"88.32";"Otra Formación de personal docente y ciencias de la educación";"Ambos Sexos";"Evaluacion"
"2017-2018";"89.05";"Otra Formación de personal docente y ciencias de la educación";"Ambos Sexos";"Evaluacion"
"2016-2017";"88.6";"Otra Formación de personal docente y ciencias de la educación";"Ambos Sexos";"Evaluacion"
"2015-2016";"88.24";"Otra Formación de personal docente y ciencias de la educación";"Ambos Sexos";"Evaluacion"
"2022-2023";"86.58";"Total Artes y humanidades";"Ambos Sexos";"Evaluacion"
"2021-2022";"85.13";"Total Artes y humanidades";"Ambos Sexos";"Evaluacion"
"2020-2021";"87.85";"Total Artes y humanidades";"Ambos Sexos";"Evaluacion"
"2019-2020";"89.56";"Total Artes y humanidades";"Ambos Sexos";"Evaluacion"
"2018-2019";"85.64";"Total Artes y humanidades";"Ambos Sexos";"Evaluacion"
"2017-2018";"85.82";"Total Artes y humanidades";"Ambos Sexos";"Evaluacion"
"2016-2017";"85.87";"Total Artes y humanidades";"Ambos Sexos";"Evaluacion"
"2015-2016";"85.75";"Total Artes y humanidades";"Ambos Sexos";"Evaluacion"
"2022-2023";"93.95";"Técnicas audiovisuales y medios de comunicación";"Ambos Sexos";"Evaluacion"
"2021-2022";"93.67";"Técnicas audiovisuales y medios de comunicación";"Ambos Sexos";"Evaluacion"
"2020-2021";"94.5";"Técnicas audiovisuales y medios de comunicación";"Ambos Sexos";"Evaluacion"
"2019-2020";"94.72";"Técnicas audiovisuales y medios de comunicación";"Ambos Sexos";"Evaluacion"
"2018-2019";"93.68";"Técnicas audiovisuales y medios de comunicación";"Ambos Sexos";"Evaluacion"
"2017-2018";"92.98";"Técnicas audiovisuales y medios de comunicación";"Ambos Sexos";"Evaluacion"
"2016-2017";"93.48";"Técnicas audiovisuales y medios de comunicación";"Ambos Sexos";"Evaluacion"
"2015-2016";"93.61";"Técnicas audiovisuales y medios de comunicación";"Ambos Sexos";"Evaluacion"
"2022-2023";"87.18";"Artes";"Ambos Sexos";"Evaluacion"
"2021-2022";"85.49";"Artes";"Ambos Sexos";"Evaluacion"
"2020-2021";"87.99";"Artes";"Ambos Sexos";"Evaluacion"
"2019-2020";"89.7";"Artes";"Ambos Sexos";"Evaluacion"
"2018-2019";"86.2";"Artes";"Ambos Sexos";"Evaluacion"
"2017-2018";"86.61";"Artes";"Ambos Sexos";"Evaluacion"
"2016-2017";"86.63";"Artes";"Ambos Sexos";"Evaluacion"
"2015-2016";"86.43";"Artes";"Ambos Sexos";"Evaluacion"
"2022-2023";"86.6";"Lenguas";"Ambos Sexos";"Evaluacion"
"2021-2022";"85.26";"Lenguas";"Ambos Sexos";"Evaluacion"
"2020-2021";"88.11";"Lenguas";"Ambos Sexos";"Evaluacion"
"2019-2020";"90.1";"Lenguas";"Ambos Sexos";"Evaluacion"
"2018-2019";"86.08";"Lenguas";"Ambos Sexos";"Evaluacion"
"2017-2018";"86.24";"Lenguas";"Ambos Sexos";"Evaluacion"
"2016-2017";"86.09";"Lenguas";"Ambos Sexos";"Evaluacion"
"2015-2016";"86.14";"Lenguas";"Ambos Sexos";"Evaluacion"
"2022-2023";"81.01";"Humanidades";"Ambos Sexos";"Evaluacion"
"2021-2022";"78.82";"Humanidades";"Ambos Sexos";"Evaluacion"
"2020-2021";"82.85";"Humanidades";"Ambos Sexos";"Evaluacion"
"2019-2020";"84.9";"Humanidades";"Ambos Sexos";"Evaluacion"
"2018-2019";"78.6";"Humanidades";"Ambos Sexos";"Evaluacion"
"2017-2018";"79.25";"Humanidades";"Ambos Sexos";"Evaluacion"
"2016-2017";"79.73";"Humanidades";"Ambos Sexos";"Evaluacion"
"2015-2016";"79.49";"Humanidades";"Ambos Sexos";"Evaluacion"
"2022-2023";"86.23";"Total Ciencias sociales, periodismo y documentación";"Ambos Sexos";"Evaluacion"
"2021-2022";"84.83";"Total Ciencias sociales, periodismo y documentación";"Ambos Sexos";"Evaluacion"
"2020-2021";"88.85";"Total Ciencias sociales, periodismo y documentación";"Ambos Sexos";"Evaluacion"
"2019-2020";"89.96";"Total Ciencias sociales, periodismo y documentación";"Ambos Sexos";"Evaluacion"
"2018-2019";"85.3";"Total Ciencias sociales, periodismo y documentación";"Ambos Sexos";"Evaluacion"
"2017-2018";"85.23";"Total Ciencias sociales, periodismo y documentación";"Ambos Sexos";"Evaluacion"
"2016-2017";"85.1";"Total Ciencias sociales, periodismo y documentación";"Ambos Sexos";"Evaluacion"
"2015-2016";"84.68";"Total Ciencias sociales, periodismo y documentación";"Ambos Sexos";"Evaluacion"
"2022-2023";"83.61";"Psicología";"Ambos Sexos";"Evaluacion"
"2021-2022";"81.53";"Psicología";"Ambos Sexos";"Evaluacion"
"2020-2021";"87.8";"Psicología";"Ambos Sexos";"Evaluacion"
"2019-2020";"88.68";"Psicología";"Ambos Sexos";"Evaluacion"
"2018-2019";"83.51";"Psicología";"Ambos Sexos";"Evaluacion"
"2017-2018";"83.64";"Psicología";"Ambos Sexos";"Evaluacion"
"2016-2017";"82.5";"Psicología";"Ambos Sexos";"Evaluacion"
"2015-2016";"81.7";"Psicología";"Ambos Sexos";"Evaluacion"
"2022-2023";"85.46";"Economía";"Ambos Sexos";"Evaluacion"
"2021-2022";"83.71";"Economía";"Ambos Sexos";"Evaluacion"
"2020-2021";"86.45";"Economía";"Ambos Sexos";"Evaluacion"
"2019-2020";"89.39";"Economía";"Ambos Sexos";"Evaluacion"
"2018-2019";"83.63";"Economía";"Ambos Sexos";"Evaluacion"
"2017-2018";"83.52";"Economía";"Ambos Sexos";"Evaluacion"
"2016-2017";"83.26";"Economía";"Ambos Sexos";"Evaluacion"
"2015-2016";"83.28";"Economía";"Ambos Sexos";"Evaluacion"
"2022-2023";"87.16";"Otras Ciencias sociales y del comportamiento";"Ambos Sexos";"Evaluacion"
"2021-2022";"86.13";"Otras Ciencias sociales y del comportamiento";"Ambos Sexos";"Evaluacion"
"2020-2021";"89.26";"Otras Ciencias sociales y del comportamiento";"Ambos Sexos";"Evaluacion"
"2019-2020";"89.69";"Otras Ciencias sociales y del comportamiento";"Ambos Sexos";"Evaluacion"
"2018-2019";"84.81";"Otras Ciencias sociales y del comportamiento";"Ambos Sexos";"Evaluacion"
"2017-2018";"84.49";"Otras Ciencias sociales y del comportamiento";"Ambos Sexos";"Evaluacion"
"2016-2017";"85.95";"Otras Ciencias sociales y del comportamiento";"Ambos Sexos";"Evaluacion"
"2015-2016";"85.45";"Otras Ciencias sociales y del comportamiento";"Ambos Sexos";"Evaluacion"
"2022-2023";"92.88";"Periodismo e información";"Ambos Sexos";"Evaluacion"
"2021-2022";"92.64";"Periodismo e información";"Ambos Sexos";"Evaluacion"
"2020-2021";"93.59";"Periodismo e información";"Ambos Sexos";"Evaluacion"
"2019-2020";"94.27";"Periodismo e información";"Ambos Sexos";"Evaluacion"
"2018-2019";"92.15";"Periodismo e información";"Ambos Sexos";"Evaluacion"
"2017-2018";"91.89";"Periodismo e información";"Ambos Sexos";"Evaluacion"
"2016-2017";"91.89";"Periodismo e información";"Ambos Sexos";"Evaluacion"
"2015-2016";"92.11";"Periodismo e información";"Ambos Sexos";"Evaluacion"
"2022-2023";"87.93";"Total Negocios, administración y derecho";"Ambos Sexos";"Evaluacion"
"2021-2022";"86.09";"Total Negocios, administración y derecho";"Ambos Sexos";"Evaluacion"
"2020-2021";"89.37";"Total Negocios, administración y derecho";"Ambos Sexos";"Evaluacion"
"2019-2020";"91.35";"Total Negocios, administración y derecho";"Ambos Sexos";"Evaluacion"
"2018-2019";"86.28";"Total Negocios, administración y derecho";"Ambos Sexos";"Evaluacion"
"2017-2018";"86.26";"Total Negocios, administración y derecho";"Ambos Sexos";"Evaluacion"
"2016-2017";"86.26";"Total Negocios, administración y derecho";"Ambos Sexos";"Evaluacion"
"2015-2016";"85.96";"Total Negocios, administración y derecho";"Ambos Sexos";"Evaluacion"
"2022-2023";"88.41";"Administración y gestión de empresas";"Ambos Sexos";"Evaluacion"
"2021-2022";"86.52";"Administración y gestión de empresas";"Ambos Sexos";"Evaluacion"
"2020-2021";"89.14";"Administración y gestión de empresas";"Ambos Sexos";"Evaluacion"
"2019-2020";"91.15";"Administración y gestión de empresas";"Ambos Sexos";"Evaluacion"
"2018-2019";"86.42";"Administración y gestión de empresas";"Ambos Sexos";"Evaluacion"
"2017-2018";"86.29";"Administración y gestión de empresas";"Ambos Sexos";"Evaluacion"
"2016-2017";"86.02";"Administración y gestión de empresas";"Ambos Sexos";"Evaluacion"
"2015-2016";"85.83";"Administración y gestión de empresas";"Ambos Sexos";"Evaluacion"
"2022-2023";"90.13";"Otra Educación comercial y empresarial";"Ambos Sexos";"Evaluacion"
"2021-2022";"88.69";"Otra Educación comercial y empresarial";"Ambos Sexos";"Evaluacion"
"2020-2021";"90.94";"Otra Educación comercial y empresarial";"Ambos Sexos";"Evaluacion"
"2019-2020";"92.25";"Otra Educación comercial y empresarial";"Ambos Sexos";"Evaluacion"
"2018-2019";"88.96";"Otra Educación comercial y empresarial";"Ambos Sexos";"Evaluacion"
"2017-2018";"89.02";"Otra Educación comercial y empresarial";"Ambos Sexos";"Evaluacion"
"2016-2017";"89.41";"Otra Educación comercial y empresarial";"Ambos Sexos";"Evaluacion"
"2015-2016";"89.62";"Otra Educación comercial y empresarial";"Ambos Sexos";"Evaluacion"
"2022-2023";"86.41";"Derecho";"Ambos Sexos";"Evaluacion"
"2021-2022";"84.49";"Derecho";"Ambos Sexos";"Evaluacion"
"2020-2021";"89.01";"Derecho";"Ambos Sexos";"Evaluacion"
"2019-2020";"91.23";"Derecho";"Ambos Sexos";"Evaluacion"
"2018-2019";"85.11";"Derecho";"Ambos Sexos";"Evaluacion"
"2017-2018";"85.18";"Derecho";"Ambos Sexos";"Evaluacion"
"2016-2017";"85.37";"Derecho";"Ambos Sexos";"Evaluacion"
"2015-2016";"84.79";"Derecho";"Ambos Sexos";"Evaluacion"
"2022-2023";"88.67";"Total Ciencias";"Ambos Sexos";"Evaluacion"
"2021-2022";"87.22";"Total Ciencias";"Ambos Sexos";"Evaluacion"
"2020-2021";"88.46";"Total Ciencias";"Ambos Sexos";"Evaluacion"
"2019-2020";"91.24";"Total Ciencias";"Ambos Sexos";"Evaluacion"
"2018-2019";"87.69";"Total Ciencias";"Ambos Sexos";"Evaluacion"
"2017-2018";"87.75";"Total Ciencias";"Ambos Sexos";"Evaluacion"
"2016-2017";"87.85";"Total Ciencias";"Ambos Sexos";"Evaluacion"
"2015-2016";"87.36";"Total Ciencias";"Ambos Sexos";"Evaluacion"
"2022-2023";"92.05";"Ciencias de la vida";"Ambos Sexos";"Evaluacion"
"2021-2022";"90.71";"Ciencias de la vida";"Ambos Sexos";"Evaluacion"
"2020-2021";"92.4";"Ciencias de la vida";"Ambos Sexos";"Evaluacion"
"2019-2020";"94.55";"Ciencias de la vida";"Ambos Sexos";"Evaluacion"
"2018-2019";"91.51";"Ciencias de la vida";"Ambos Sexos";"Evaluacion"
"2017-2018";"91.53";"Ciencias de la vida";"Ambos Sexos";"Evaluacion"
"2016-2017";"91.66";"Ciencias de la vida";"Ambos Sexos";"Evaluacion"
"2015-2016";"91.22";"Ciencias de la vida";"Ambos Sexos";"Evaluacion"
"2022-2023";"86.5";"Ciencias Físicas, químicas, geológicas";"Ambos Sexos";"Evaluacion"
"2021-2022";"84.96";"Ciencias Físicas, químicas, geológicas";"Ambos Sexos";"Evaluacion"
"2020-2021";"86.07";"Ciencias Físicas, químicas, geológicas";"Ambos Sexos";"Evaluacion"
"2019-2020";"89.4";"Ciencias Físicas, químicas, geológicas";"Ambos Sexos";"Evaluacion"
"2018-2019";"85.51";"Ciencias Físicas, químicas, geológicas";"Ambos Sexos";"Evaluacion"
"2017-2018";"85.46";"Ciencias Físicas, químicas, geológicas";"Ambos Sexos";"Evaluacion"
"2016-2017";"85.67";"Ciencias Físicas, químicas, geológicas";"Ambos Sexos";"Evaluacion"
"2015-2016";"85.22";"Ciencias Físicas, químicas, geológicas";"Ambos Sexos";"Evaluacion"
"2022-2023";"84.88";"Matemáticas y Estadística";"Ambos Sexos";"Evaluacion"
"2021-2022";"83.29";"Matemáticas y Estadística";"Ambos Sexos";"Evaluacion"
"2020-2021";"83.53";"Matemáticas y Estadística";"Ambos Sexos";"Evaluacion"
"2019-2020";"86.3";"Matemáticas y Estadística";"Ambos Sexos";"Evaluacion"
"2018-2019";"81.54";"Matemáticas y Estadística";"Ambos Sexos";"Evaluacion"
"2017-2018";"81.16";"Matemáticas y Estadística";"Ambos Sexos";"Evaluacion"
"2016-2017";"80.2";"Matemáticas y Estadística";"Ambos Sexos";"Evaluacion"
"2015-2016";"79.27";"Matemáticas y Estadística";"Ambos Sexos";"Evaluacion"
"2022-2023";"85.6";"Total Informática";"Ambos Sexos";"Evaluacion"
"2021-2022";"83.77";"Total Informática";"Ambos Sexos";"Evaluacion"
"2020-2021";"84.21";"Total Informática";"Ambos Sexos";"Evaluacion"
"2019-2020";"86.43";"Total Informática";"Ambos Sexos";"Evaluacion"
"2018-2019";"82.92";"Total Informática";"Ambos Sexos";"Evaluacion"
"2017-2018";"82.29";"Total Informática";"Ambos Sexos";"Evaluacion"
"2016-2017";"81.59";"Total Informática";"Ambos Sexos";"Evaluacion"
"2015-2016";"80.33";"Total Informática";"Ambos Sexos";"Evaluacion"
"2022-2023";"85.6";"Informática";"Ambos Sexos";"Evaluacion"
"2021-2022";"83.77";"Informática";"Ambos Sexos";"Evaluacion"
"2020-2021";"84.21";"Informática";"Ambos Sexos";"Evaluacion"
"2019-2020";"86.43";"Informática";"Ambos Sexos";"Evaluacion"
"2018-2019";"82.92";"Informática";"Ambos Sexos";"Evaluacion"
"2017-2018";"82.29";"Informática";"Ambos Sexos";"Evaluacion"
"2016-2017";"81.59";"Informática";"Ambos Sexos";"Evaluacion"
"2015-2016";"80.33";"Informática";"Ambos Sexos";"Evaluacion"
"2022-2023";"84.78";"Total Ingeniería, industria y construcción";"Ambos Sexos";"Evaluacion"
"2021-2022";"83.55";"Total Ingeniería, industria y construcción";"Ambos Sexos";"Evaluacion"
"2020-2021";"84.7";"Total Ingeniería, industria y construcción";"Ambos Sexos";"Evaluacion"
"2019-2020";"88.25";"Total Ingeniería, industria y construcción";"Ambos Sexos";"Evaluacion"
"2018-2019";"84.83";"Total Ingeniería, industria y construcción";"Ambos Sexos";"Evaluacion"
"2017-2018";"84.75";"Total Ingeniería, industria y construcción";"Ambos Sexos";"Evaluacion"
"2016-2017";"85.36";"Total Ingeniería, industria y construcción";"Ambos Sexos";"Evaluacion"
"2015-2016";"85.64";"Total Ingeniería, industria y construcción";"Ambos Sexos";"Evaluacion"
"2022-2023";"85.06";"Ingenierías";"Ambos Sexos";"Evaluacion"
"2021-2022";"84.01";"Ingenierías";"Ambos Sexos";"Evaluacion"
"2020-2021";"85.13";"Ingenierías";"Ambos Sexos";"Evaluacion"
"2019-2020";"88.78";"Ingenierías";"Ambos Sexos";"Evaluacion"
"2018-2019";"85.27";"Ingenierías";"Ambos Sexos";"Evaluacion"
"2017-2018";"85.28";"Ingenierías";"Ambos Sexos";"Evaluacion"
"2016-2017";"85.75";"Ingenierías";"Ambos Sexos";"Evaluacion"
"2015-2016";"85.79";"Ingenierías";"Ambos Sexos";"Evaluacion"
"2022-2023";"83.62";"Arquitectura y construcción";"Ambos Sexos";"Evaluacion"
"2021-2022";"81.52";"Arquitectura y construcción";"Ambos Sexos";"Evaluacion"
"2020-2021";"82.77";"Arquitectura y construcción";"Ambos Sexos";"Evaluacion"
"2019-2020";"85.84";"Arquitectura y construcción";"Ambos Sexos";"Evaluacion"
"2018-2019";"82.91";"Arquitectura y construcción";"Ambos Sexos";"Evaluacion"
"2017-2018";"82.55";"Arquitectura y construcción";"Ambos Sexos";"Evaluacion"
"2016-2017";"83.87";"Arquitectura y construcción";"Ambos Sexos";"Evaluacion"
"2015-2016";"85.13";"Arquitectura y construcción";"Ambos Sexos";"Evaluacion"
"2022-2023";"86.66";"Total Agricultura, ganadería,  silvicultura, pesca, y veterinaria";"Ambos Sexos";"Evaluacion"
"2021-2022";"85.55";"Total Agricultura, ganadería,  silvicultura, pesca, y veterinaria";"Ambos Sexos";"Evaluacion"
"2020-2021";"87.82";"Total Agricultura, ganadería,  silvicultura, pesca, y veterinaria";"Ambos Sexos";"Evaluacion"
"2019-2020";"91.86";"Total Agricultura, ganadería,  silvicultura, pesca, y veterinaria";"Ambos Sexos";"Evaluacion"
"2018-2019";"87.25";"Total Agricultura, ganadería,  silvicultura, pesca, y veterinaria";"Ambos Sexos";"Evaluacion"
"2017-2018";"87.13";"Total Agricultura, ganadería,  silvicultura, pesca, y veterinaria";"Ambos Sexos";"Evaluacion"
"2016-2017";"87.66";"Total Agricultura, ganadería,  silvicultura, pesca, y veterinaria";"Ambos Sexos";"Evaluacion"
"2015-2016";"86.77";"Total Agricultura, ganadería,  silvicultura, pesca, y veterinaria";"Ambos Sexos";"Evaluacion"
"2022-2023";"79.05";"Agricultura, ganadería y pesca";"Ambos Sexos";"Evaluacion"
"2021-2022";"77.53";"Agricultura, ganadería y pesca";"Ambos Sexos";"Evaluacion"
"2020-2021";"80.81";"Agricultura, ganadería y pesca";"Ambos Sexos";"Evaluacion"
"2019-2020";"85.66";"Agricultura, ganadería y pesca";"Ambos Sexos";"Evaluacion"
"2018-2019";"80.83";"Agricultura, ganadería y pesca";"Ambos Sexos";"Evaluacion"
"2017-2018";"81.19";"Agricultura, ganadería y pesca";"Ambos Sexos";"Evaluacion"
"2016-2017";"82.32";"Agricultura, ganadería y pesca";"Ambos Sexos";"Evaluacion"
"2015-2016";"81.37";"Agricultura, ganadería y pesca";"Ambos Sexos";"Evaluacion"
"2022-2023";"93.37";"Veterinaria";"Ambos Sexos";"Evaluacion"
"2021-2022";"92.61";"Veterinaria";"Ambos Sexos";"Evaluacion"
"2020-2021";"93.7";"Veterinaria";"Ambos Sexos";"Evaluacion"
"2019-2020";"96.95";"Veterinaria";"Ambos Sexos";"Evaluacion"
"2018-2019";"92.78";"Veterinaria";"Ambos Sexos";"Evaluacion"
"2017-2018";"92.38";"Veterinaria";"Ambos Sexos";"Evaluacion"
"2016-2017";"92.7";"Veterinaria";"Ambos Sexos";"Evaluacion"
"2015-2016";"92.27";"Veterinaria";"Ambos Sexos";"Evaluacion"
"2022-2023";"95.74";"Total Salud y servicios sociales";"Ambos Sexos";"Evaluacion"
"2021-2022";"94.85";"Total Salud y servicios sociales";"Ambos Sexos";"Evaluacion"
"2020-2021";"96.18";"Total Salud y servicios sociales";"Ambos Sexos";"Evaluacion"
"2019-2020";"97.11";"Total Salud y servicios sociales";"Ambos Sexos";"Evaluacion"
"2018-2019";"95.37";"Total Salud y servicios sociales";"Ambos Sexos";"Evaluacion"
"2017-2018";"95.26";"Total Salud y servicios sociales";"Ambos Sexos";"Evaluacion"
"2016-2017";"95.16";"Total Salud y servicios sociales";"Ambos Sexos";"Evaluacion"
"2015-2016";"95.14";"Total Salud y servicios sociales";"Ambos Sexos";"Evaluacion"
"2022-2023";"96.32";"Medicina";"Ambos Sexos";"Evaluacion"
"2021-2022";"96.03";"Medicina";"Ambos Sexos";"Evaluacion"
"2020-2021";"96.52";"Medicina";"Ambos Sexos";"Evaluacion"
"2019-2020";"98.05";"Medicina";"Ambos Sexos";"Evaluacion"
"2018-2019";"96.17";"Medicina";"Ambos Sexos";"Evaluacion"
"2017-2018";"96.02";"Medicina";"Ambos Sexos";"Evaluacion"
"2016-2017";"96.07";"Medicina";"Ambos Sexos";"Evaluacion"
"2015-2016";"96.09";"Medicina";"Ambos Sexos";"Evaluacion"
"2022-2023";"97.85";"Enfermería y atención a enfermos";"Ambos Sexos";"Evaluacion"
"2021-2022";"96.38";"Enfermería y atención a enfermos";"Ambos Sexos";"Evaluacion"
"2020-2021";"97.98";"Enfermería y atención a enfermos";"Ambos Sexos";"Evaluacion"
"2019-2020";"98.26";"Enfermería y atención a enfermos";"Ambos Sexos";"Evaluacion"
"2018-2019";"97.64";"Enfermería y atención a enfermos";"Ambos Sexos";"Evaluacion"
"2017-2018";"97.53";"Enfermería y atención a enfermos";"Ambos Sexos";"Evaluacion"
"2016-2017";"97.49";"Enfermería y atención a enfermos";"Ambos Sexos";"Evaluacion"
"2015-2016";"97.53";"Enfermería y atención a enfermos";"Ambos Sexos";"Evaluacion"
"2022-2023";"95.15";"Otras ciencias de la Salud";"Ambos Sexos";"Evaluacion"
"2021-2022";"94.43";"Otras ciencias de la Salud";"Ambos Sexos";"Evaluacion"
"2020-2021";"95.6";"Otras ciencias de la Salud";"Ambos Sexos";"Evaluacion"
"2019-2020";"96.63";"Otras ciencias de la Salud";"Ambos Sexos";"Evaluacion"
"2018-2019";"94.76";"Otras ciencias de la Salud";"Ambos Sexos";"Evaluacion"
"2017-2018";"94.51";"Otras ciencias de la Salud";"Ambos Sexos";"Evaluacion"
"2016-2017";"94.42";"Otras ciencias de la Salud";"Ambos Sexos";"Evaluacion"
"2015-2016";"94.47";"Otras ciencias de la Salud";"Ambos Sexos";"Evaluacion"
"2022-2023";"90.46";"Trabajo social y orientación";"Ambos Sexos";"Evaluacion"
"2021-2022";"89.43";"Trabajo social y orientación";"Ambos Sexos";"Evaluacion"
"2020-2021";"92.94";"Trabajo social y orientación";"Ambos Sexos";"Evaluacion"
"2019-2020";"93.69";"Trabajo social y orientación";"Ambos Sexos";"Evaluacion"
"2018-2019";"89.77";"Trabajo social y orientación";"Ambos Sexos";"Evaluacion"
"2017-2018";"90.4";"Trabajo social y orientación";"Ambos Sexos";"Evaluacion"
"2016-2017";"89.77";"Trabajo social y orientación";"Ambos Sexos";"Evaluacion"
"2015-2016";"89.21";"Trabajo social y orientación";"Ambos Sexos";"Evaluacion"
"2022-2023";"91.67";"Total Servicios";"Ambos Sexos";"Evaluacion"
"2021-2022";"90.79";"Total Servicios";"Ambos Sexos";"Evaluacion"
"2020-2021";"92.52";"Total Servicios";"Ambos Sexos";"Evaluacion"
"2019-2020";"93.19";"Total Servicios";"Ambos Sexos";"Evaluacion"
"2018-2019";"90.24";"Total Servicios";"Ambos Sexos";"Evaluacion"
"2017-2018";"90.11";"Total Servicios";"Ambos Sexos";"Evaluacion"
"2016-2017";"90.31";"Total Servicios";"Ambos Sexos";"Evaluacion"
"2015-2016";"90.49";"Total Servicios";"Ambos Sexos";"Evaluacion"
"2022-2023";"95.33";"Deportes";"Ambos Sexos";"Evaluacion"
"2021-2022";"94.88";"Deportes";"Ambos Sexos";"Evaluacion"
"2020-2021";"95.32";"Deportes";"Ambos Sexos";"Evaluacion"
"2019-2020";"95.89";"Deportes";"Ambos Sexos";"Evaluacion"
"2018-2019";"93.86";"Deportes";"Ambos Sexos";"Evaluacion"
"2017-2018";"93.7";"Deportes";"Ambos Sexos";"Evaluacion"
"2016-2017";"94.16";"Deportes";"Ambos Sexos";"Evaluacion"
"2015-2016";"94.57";"Deportes";"Ambos Sexos";"Evaluacion"
"2022-2023";"86.74";"Turismo y Hostelería";"Ambos Sexos";"Evaluacion"
"2021-2022";"86.01";"Turismo y Hostelería";"Ambos Sexos";"Evaluacion"
"2020-2021";"89.72";"Turismo y Hostelería";"Ambos Sexos";"Evaluacion"
"2019-2020";"90.52";"Turismo y Hostelería";"Ambos Sexos";"Evaluacion"
"2018-2019";"86.69";"Turismo y Hostelería";"Ambos Sexos";"Evaluacion"
"2017-2018";"86.78";"Turismo y Hostelería";"Ambos Sexos";"Evaluacion"
"2016-2017";"87.12";"Turismo y Hostelería";"Ambos Sexos";"Evaluacion"
"2015-2016";"87.33";"Turismo y Hostelería";"Ambos Sexos";"Evaluacion"
"2022-2023";"91.39";"Otros Servicios";"Ambos Sexos";"Evaluacion"
"2021-2022";"90.83";"Otros Servicios";"Ambos Sexos";"Evaluacion"
"2020-2021";"92.01";"Otros Servicios";"Ambos Sexos";"Evaluacion"
"2019-2020";"93.03";"Otros Servicios";"Ambos Sexos";"Evaluacion"
"2018-2019";"90.97";"Otros Servicios";"Ambos Sexos";"Evaluacion"
"2017-2018";"91.19";"Otros Servicios";"Ambos Sexos";"Evaluacion"
"2016-2017";"90.54";"Otros Servicios";"Ambos Sexos";"Evaluacion"
"2015-2016";"90.05";"Otros Servicios";"Ambos Sexos";"Evaluacion"
"2022-2023";"74.18";"Todos los ámbitos";"Hombres";"Rendimiento"
"2021-2022";"72.37";"Todos los ámbitos";"Hombres";"Rendimiento"
"2020-2021";"75.03";"Todos los ámbitos";"Hombres";"Rendimiento"
"2019-2020";"79.87";"Todos los ámbitos";"Hombres";"Rendimiento"
"2018-2019";"72.82";"Todos los ámbitos";"Hombres";"Rendimiento"
"2017-2018";"72.49";"Todos los ámbitos";"Hombres";"Rendimiento"
"2016-2017";"72.52";"Todos los ámbitos";"Hombres";"Rendimiento"
"2015-2016";"72.45";"Todos los ámbitos";"Hombres";"Rendimiento"
"2022-2023";"85.45";"Total Educación";"Hombres";"Rendimiento"
"2021-2022";"85.76";"Total Educación";"Hombres";"Rendimiento"
"2020-2021";"88.26";"Total Educación";"Hombres";"Rendimiento"
"2019-2020";"89.82";"Total Educación";"Hombres";"Rendimiento"
"2018-2019";"84.12";"Total Educación";"Hombres";"Rendimiento"
"2017-2018";"84.29";"Total Educación";"Hombres";"Rendimiento"
"2016-2017";"84.41";"Total Educación";"Hombres";"Rendimiento"
"2015-2016";"85.01";"Total Educación";"Hombres";"Rendimiento"
"2022-2023";"83.04";"Formación de docentes de enseñanza infantil";"Hombres";"Rendimiento"
"2021-2022";"85.68";"Formación de docentes de enseñanza infantil";"Hombres";"Rendimiento"
"2020-2021";"88.22";"Formación de docentes de enseñanza infantil";"Hombres";"Rendimiento"
"2019-2020";"89.56";"Formación de docentes de enseñanza infantil";"Hombres";"Rendimiento"
"2018-2019";"84.88";"Formación de docentes de enseñanza infantil";"Hombres";"Rendimiento"
"2017-2018";"85.14";"Formación de docentes de enseñanza infantil";"Hombres";"Rendimiento"
"2016-2017";"85.49";"Formación de docentes de enseñanza infantil";"Hombres";"Rendimiento"
"2015-2016";"85.1";"Formación de docentes de enseñanza infantil";"Hombres";"Rendimiento"
"2022-2023";"86.68";"Formación de docentes de enseñanza primaria";"Hombres";"Rendimiento"
"2021-2022";"87.13";"Formación de docentes de enseñanza primaria";"Hombres";"Rendimiento"
"2020-2021";"89.26";"Formación de docentes de enseñanza primaria";"Hombres";"Rendimiento"
"2019-2020";"90.83";"Formación de docentes de enseñanza primaria";"Hombres";"Rendimiento"
"2018-2019";"85.4";"Formación de docentes de enseñanza primaria";"Hombres";"Rendimiento"
"2017-2018";"85.29";"Formación de docentes de enseñanza primaria";"Hombres";"Rendimiento"
"2016-2017";"85.65";"Formación de docentes de enseñanza primaria";"Hombres";"Rendimiento"
"2015-2016";"86.46";"Formación de docentes de enseñanza primaria";"Hombres";"Rendimiento"
"2022-2023";"80.43";"Otra Formación de personal docente y ciencias de la educación";"Hombres";"Rendimiento"
"2021-2022";"78.08";"Otra Formación de personal docente y ciencias de la educación";"Hombres";"Rendimiento"
"2020-2021";"82.99";"Otra Formación de personal docente y ciencias de la educación";"Hombres";"Rendimiento"
"2019-2020";"84.43";"Otra Formación de personal docente y ciencias de la educación";"Hombres";"Rendimiento"
"2018-2019";"76.94";"Otra Formación de personal docente y ciencias de la educación";"Hombres";"Rendimiento"
"2017-2018";"78.43";"Otra Formación de personal docente y ciencias de la educación";"Hombres";"Rendimiento"
"2016-2017";"77.24";"Otra Formación de personal docente y ciencias de la educación";"Hombres";"Rendimiento"
"2015-2016";"77.21";"Otra Formación de personal docente y ciencias de la educación";"Hombres";"Rendimiento"
"2022-2023";"75.07";"Total Artes y humanidades";"Hombres";"Rendimiento"
"2021-2022";"73.6";"Total Artes y humanidades";"Hombres";"Rendimiento"
"2020-2021";"77.38";"Total Artes y humanidades";"Hombres";"Rendimiento"
"2019-2020";"80.11";"Total Artes y humanidades";"Hombres";"Rendimiento"
"2018-2019";"74.12";"Total Artes y humanidades";"Hombres";"Rendimiento"
"2017-2018";"74.48";"Total Artes y humanidades";"Hombres";"Rendimiento"
"2016-2017";"74.52";"Total Artes y humanidades";"Hombres";"Rendimiento"
"2015-2016";"74.37";"Total Artes y humanidades";"Hombres";"Rendimiento"
"2022-2023";"86.31";"Técnicas audiovisuales y medios de comunicación";"Hombres";"Rendimiento"
"2021-2022";"85.64";"Técnicas audiovisuales y medios de comunicación";"Hombres";"Rendimiento"
"2020-2021";"87.31";"Técnicas audiovisuales y medios de comunicación";"Hombres";"Rendimiento"
"2019-2020";"88.49";"Técnicas audiovisuales y medios de comunicación";"Hombres";"Rendimiento"
"2018-2019";"85.52";"Técnicas audiovisuales y medios de comunicación";"Hombres";"Rendimiento"
"2017-2018";"85.05";"Técnicas audiovisuales y medios de comunicación";"Hombres";"Rendimiento"
"2016-2017";"85.36";"Técnicas audiovisuales y medios de comunicación";"Hombres";"Rendimiento"
"2015-2016";"85.26";"Técnicas audiovisuales y medios de comunicación";"Hombres";"Rendimiento"
"2022-2023";"77.63";"Artes";"Hombres";"Rendimiento"
"2021-2022";"76.18";"Artes";"Hombres";"Rendimiento"
"2020-2021";"79.15";"Artes";"Hombres";"Rendimiento"
"2019-2020";"81.44";"Artes";"Hombres";"Rendimiento"
"2018-2019";"76.6";"Artes";"Hombres";"Rendimiento"
"2017-2018";"77.75";"Artes";"Hombres";"Rendimiento"
"2016-2017";"77.74";"Artes";"Hombres";"Rendimiento"
"2015-2016";"77.86";"Artes";"Hombres";"Rendimiento"
"2022-2023";"71.83";"Lenguas";"Hombres";"Rendimiento"
"2021-2022";"70.21";"Lenguas";"Hombres";"Rendimiento"
"2020-2021";"74.23";"Lenguas";"Hombres";"Rendimiento"
"2019-2020";"77.26";"Lenguas";"Hombres";"Rendimiento"
"2018-2019";"71.24";"Lenguas";"Hombres";"Rendimiento"
"2017-2018";"71.62";"Lenguas";"Hombres";"Rendimiento"
"2016-2017";"71.38";"Lenguas";"Hombres";"Rendimiento"
"2015-2016";"71.44";"Lenguas";"Hombres";"Rendimiento"
"2022-2023";"70.71";"Humanidades";"Hombres";"Rendimiento"
"2021-2022";"68.68";"Humanidades";"Hombres";"Rendimiento"
"2020-2021";"73.67";"Humanidades";"Hombres";"Rendimiento"
"2019-2020";"77.0";"Humanidades";"Hombres";"Rendimiento"
"2018-2019";"68.72";"Humanidades";"Hombres";"Rendimiento"
"2017-2018";"69.25";"Humanidades";"Hombres";"Rendimiento"
"2016-2017";"69.72";"Humanidades";"Hombres";"Rendimiento"
"2015-2016";"69.63";"Humanidades";"Hombres";"Rendimiento"
"2022-2023";"74.04";"Total Ciencias sociales, periodismo y documentación";"Hombres";"Rendimiento"
"2021-2022";"72.05";"Total Ciencias sociales, periodismo y documentación";"Hombres";"Rendimiento"
"2020-2021";"76.99";"Total Ciencias sociales, periodismo y documentación";"Hombres";"Rendimiento"
"2019-2020";"79.86";"Total Ciencias sociales, periodismo y documentación";"Hombres";"Rendimiento"
"2018-2019";"72.15";"Total Ciencias sociales, periodismo y documentación";"Hombres";"Rendimiento"
"2017-2018";"71.88";"Total Ciencias sociales, periodismo y documentación";"Hombres";"Rendimiento"
"2016-2017";"71.96";"Total Ciencias sociales, periodismo y documentación";"Hombres";"Rendimiento"
"2015-2016";"71.47";"Total Ciencias sociales, periodismo y documentación";"Hombres";"Rendimiento"
"2022-2023";"69.91";"Psicología";"Hombres";"Rendimiento"
"2021-2022";"66.84";"Psicología";"Hombres";"Rendimiento"
"2020-2021";"74.85";"Psicología";"Hombres";"Rendimiento"
"2019-2020";"77.56";"Psicología";"Hombres";"Rendimiento"
"2018-2019";"68.7";"Psicología";"Hombres";"Rendimiento"
"2017-2018";"68.93";"Psicología";"Hombres";"Rendimiento"
"2016-2017";"68.4";"Psicología";"Hombres";"Rendimiento"
"2015-2016";"67.97";"Psicología";"Hombres";"Rendimiento"
"2022-2023";"67.67";"Economía";"Hombres";"Rendimiento"
"2021-2022";"65.05";"Economía";"Hombres";"Rendimiento"
"2020-2021";"69.38";"Economía";"Hombres";"Rendimiento"
"2019-2020";"75.07";"Economía";"Hombres";"Rendimiento"
"2018-2019";"66.21";"Economía";"Hombres";"Rendimiento"
"2017-2018";"65.95";"Economía";"Hombres";"Rendimiento"
"2016-2017";"65.49";"Economía";"Hombres";"Rendimiento"
"2015-2016";"64.86";"Economía";"Hombres";"Rendimiento"
"2022-2023";"77.14";"Otras Ciencias sociales y del comportamiento";"Hombres";"Rendimiento"
"2021-2022";"75.75";"Otras Ciencias sociales y del comportamiento";"Hombres";"Rendimiento"
"2020-2021";"80.23";"Otras Ciencias sociales y del comportamiento";"Hombres";"Rendimiento"
"2019-2020";"81.39";"Otras Ciencias sociales y del comportamiento";"Hombres";"Rendimiento"
"2018-2019";"73.97";"Otras Ciencias sociales y del comportamiento";"Hombres";"Rendimiento"
"2017-2018";"73.73";"Otras Ciencias sociales y del comportamiento";"Hombres";"Rendimiento"
"2016-2017";"75.12";"Otras Ciencias sociales y del comportamiento";"Hombres";"Rendimiento"
"2015-2016";"74.64";"Otras Ciencias sociales y del comportamiento";"Hombres";"Rendimiento"
"2022-2023";"83.93";"Periodismo e información";"Hombres";"Rendimiento"
"2021-2022";"83.39";"Periodismo e información";"Hombres";"Rendimiento"
"2020-2021";"85.82";"Periodismo e información";"Hombres";"Rendimiento"
"2019-2020";"87.71";"Periodismo e información";"Hombres";"Rendimiento"
"2018-2019";"83.19";"Periodismo e información";"Hombres";"Rendimiento"
"2017-2018";"82.56";"Periodismo e información";"Hombres";"Rendimiento"
"2016-2017";"82.79";"Periodismo e información";"Hombres";"Rendimiento"
"2015-2016";"82.75";"Periodismo e información";"Hombres";"Rendimiento"
"2022-2023";"72.97";"Total Negocios, administración y derecho";"Hombres";"Rendimiento"
"2021-2022";"70.02";"Total Negocios, administración y derecho";"Hombres";"Rendimiento"
"2020-2021";"74.39";"Total Negocios, administración y derecho";"Hombres";"Rendimiento"
"2019-2020";"79.85";"Total Negocios, administración y derecho";"Hombres";"Rendimiento"
"2018-2019";"70.84";"Total Negocios, administración y derecho";"Hombres";"Rendimiento"
"2017-2018";"70.34";"Total Negocios, administración y derecho";"Hombres";"Rendimiento"
"2016-2017";"70.47";"Total Negocios, administración y derecho";"Hombres";"Rendimiento"
"2015-2016";"70.33";"Total Negocios, administración y derecho";"Hombres";"Rendimiento"
"2022-2023";"72.78";"Administración y gestión de empresas";"Hombres";"Rendimiento"
"2021-2022";"69.53";"Administración y gestión de empresas";"Hombres";"Rendimiento"
"2020-2021";"73.01";"Administración y gestión de empresas";"Hombres";"Rendimiento"
"2019-2020";"78.77";"Administración y gestión de empresas";"Hombres";"Rendimiento"
"2018-2019";"69.88";"Administración y gestión de empresas";"Hombres";"Rendimiento"
"2017-2018";"69.21";"Administración y gestión de empresas";"Hombres";"Rendimiento"
"2016-2017";"69.23";"Administración y gestión de empresas";"Hombres";"Rendimiento"
"2015-2016";"69.12";"Administración y gestión de empresas";"Hombres";"Rendimiento"
"2022-2023";"73.76";"Otra Educación comercial y empresarial";"Hombres";"Rendimiento"
"2021-2022";"71.09";"Otra Educación comercial y empresarial";"Hombres";"Rendimiento"
"2020-2021";"74.92";"Otra Educación comercial y empresarial";"Hombres";"Rendimiento"
"2019-2020";"79.47";"Otra Educación comercial y empresarial";"Hombres";"Rendimiento"
"2018-2019";"71.34";"Otra Educación comercial y empresarial";"Hombres";"Rendimiento"
"2017-2018";"70.97";"Otra Educación comercial y empresarial";"Hombres";"Rendimiento"
"2016-2017";"71.67";"Otra Educación comercial y empresarial";"Hombres";"Rendimiento"
"2015-2016";"71.8";"Otra Educación comercial y empresarial";"Hombres";"Rendimiento"
"2022-2023";"72.94";"Derecho";"Hombres";"Rendimiento"
"2021-2022";"70.35";"Derecho";"Hombres";"Rendimiento"
"2020-2021";"76.18";"Derecho";"Hombres";"Rendimiento"
"2019-2020";"81.55";"Derecho";"Hombres";"Rendimiento"
"2018-2019";"71.96";"Derecho";"Hombres";"Rendimiento"
"2017-2018";"71.64";"Derecho";"Hombres";"Rendimiento"
"2016-2017";"71.7";"Derecho";"Hombres";"Rendimiento"
"2015-2016";"71.41";"Derecho";"Hombres";"Rendimiento"
"2022-2023";"74.52";"Total Ciencias";"Hombres";"Rendimiento"
"2021-2022";"72.78";"Total Ciencias";"Hombres";"Rendimiento"
"2020-2021";"73.32";"Total Ciencias";"Hombres";"Rendimiento"
"2019-2020";"79.36";"Total Ciencias";"Hombres";"Rendimiento"
"2018-2019";"72.74";"Total Ciencias";"Hombres";"Rendimiento"
"2017-2018";"72.06";"Total Ciencias";"Hombres";"Rendimiento"
"2016-2017";"71.46";"Total Ciencias";"Hombres";"Rendimiento"
"2015-2016";"70.58";"Total Ciencias";"Hombres";"Rendimiento"
"2022-2023";"78.35";"Ciencias de la vida";"Hombres";"Rendimiento"
"2021-2022";"76.66";"Ciencias de la vida";"Hombres";"Rendimiento"
"2020-2021";"78.31";"Ciencias de la vida";"Hombres";"Rendimiento"
"2019-2020";"85.49";"Ciencias de la vida";"Hombres";"Rendimiento"
"2018-2019";"78.33";"Ciencias de la vida";"Hombres";"Rendimiento"
"2017-2018";"77.67";"Ciencias de la vida";"Hombres";"Rendimiento"
"2016-2017";"77.54";"Ciencias de la vida";"Hombres";"Rendimiento"
"2015-2016";"76.51";"Ciencias de la vida";"Hombres";"Rendimiento"
"2022-2023";"71.9";"Ciencias Físicas, químicas, geológicas";"Hombres";"Rendimiento"
"2021-2022";"70.03";"Ciencias Físicas, químicas, geológicas";"Hombres";"Rendimiento"
"2020-2021";"70.34";"Ciencias Físicas, químicas, geológicas";"Hombres";"Rendimiento"
"2019-2020";"76.51";"Ciencias Físicas, químicas, geológicas";"Hombres";"Rendimiento"
"2018-2019";"70.15";"Ciencias Físicas, químicas, geológicas";"Hombres";"Rendimiento"
"2017-2018";"69.37";"Ciencias Físicas, químicas, geológicas";"Hombres";"Rendimiento"
"2016-2017";"68.62";"Ciencias Físicas, químicas, geológicas";"Hombres";"Rendimiento"
"2015-2016";"68.1";"Ciencias Físicas, químicas, geológicas";"Hombres";"Rendimiento"
"2022-2023";"73.51";"Matemáticas y Estadística";"Hombres";"Rendimiento"
"2021-2022";"71.83";"Matemáticas y Estadística";"Hombres";"Rendimiento"
"2020-2021";"70.9";"Matemáticas y Estadística";"Hombres";"Rendimiento"
"2019-2020";"74.4";"Matemáticas y Estadística";"Hombres";"Rendimiento"
"2018-2019";"67.58";"Matemáticas y Estadística";"Hombres";"Rendimiento"
"2017-2018";"66.23";"Matemáticas y Estadística";"Hombres";"Rendimiento"
"2016-2017";"64.25";"Matemáticas y Estadística";"Hombres";"Rendimiento"
"2015-2016";"62.55";"Matemáticas y Estadística";"Hombres";"Rendimiento"
"2022-2023";"71.21";"Total Informática";"Hombres";"Rendimiento"
"2021-2022";"68.81";"Total Informática";"Hombres";"Rendimiento"
"2020-2021";"69.21";"Total Informática";"Hombres";"Rendimiento"
"2019-2020";"73.14";"Total Informática";"Hombres";"Rendimiento"
"2018-2019";"66.96";"Total Informática";"Hombres";"Rendimiento"
"2017-2018";"65.93";"Total Informática";"Hombres";"Rendimiento"
"2016-2017";"64.39";"Total Informática";"Hombres";"Rendimiento"
"2015-2016";"63.48";"Total Informática";"Hombres";"Rendimiento"
"2022-2023";"71.21";"Informática";"Hombres";"Rendimiento"
"2021-2022";"68.81";"Informática";"Hombres";"Rendimiento"
"2020-2021";"69.21";"Informática";"Hombres";"Rendimiento"
"2019-2020";"73.14";"Informática";"Hombres";"Rendimiento"
"2018-2019";"66.96";"Informática";"Hombres";"Rendimiento"
"2017-2018";"65.93";"Informática";"Hombres";"Rendimiento"
"2016-2017";"64.39";"Informática";"Hombres";"Rendimiento"
"2015-2016";"63.48";"Informática";"Hombres";"Rendimiento"
"2022-2023";"65.22";"Total Ingeniería, industria y construcción";"Hombres";"Rendimiento"
"2021-2022";"63.73";"Total Ingeniería, industria y construcción";"Hombres";"Rendimiento"
"2020-2021";"65.11";"Total Ingeniería, industria y construcción";"Hombres";"Rendimiento"
"2019-2020";"72.3";"Total Ingeniería, industria y construcción";"Hombres";"Rendimiento"
"2018-2019";"65.88";"Total Ingeniería, industria y construcción";"Hombres";"Rendimiento"
"2017-2018";"65.6";"Total Ingeniería, industria y construcción";"Hombres";"Rendimiento"
"2016-2017";"66.16";"Total Ingeniería, industria y construcción";"Hombres";"Rendimiento"
"2015-2016";"66.51";"Total Ingeniería, industria y construcción";"Hombres";"Rendimiento"
"2022-2023";"65.5";"Ingenierías";"Hombres";"Rendimiento"
"2021-2022";"64.01";"Ingenierías";"Hombres";"Rendimiento"
"2020-2021";"65.34";"Ingenierías";"Hombres";"Rendimiento"
"2019-2020";"72.71";"Ingenierías";"Hombres";"Rendimiento"
"2018-2019";"66.07";"Ingenierías";"Hombres";"Rendimiento"
"2017-2018";"65.65";"Ingenierías";"Hombres";"Rendimiento"
"2016-2017";"66.2";"Ingenierías";"Hombres";"Rendimiento"
"2015-2016";"66.32";"Ingenierías";"Hombres";"Rendimiento"
"2022-2023";"63.59";"Arquitectura y construcción";"Hombres";"Rendimiento"
"2021-2022";"62.0";"Arquitectura y construcción";"Hombres";"Rendimiento"
"2020-2021";"63.63";"Arquitectura y construcción";"Hombres";"Rendimiento"
"2019-2020";"69.83";"Arquitectura y construcción";"Hombres";"Rendimiento"
"2018-2019";"64.76";"Arquitectura y construcción";"Hombres";"Rendimiento"
"2017-2018";"65.3";"Arquitectura y construcción";"Hombres";"Rendimiento"
"2016-2017";"65.99";"Arquitectura y construcción";"Hombres";"Rendimiento"
"2015-2016";"67.34";"Arquitectura y construcción";"Hombres";"Rendimiento"
"2022-2023";"64.78";"Total Agricultura, ganadería,  silvicultura, pesca, y veterinaria";"Hombres";"Rendimiento"
"2021-2022";"63.36";"Total Agricultura, ganadería,  silvicultura, pesca, y veterinaria";"Hombres";"Rendimiento"
"2020-2021";"66.27";"Total Agricultura, ganadería,  silvicultura, pesca, y veterinaria";"Hombres";"Rendimiento"
"2019-2020";"76.63";"Total Agricultura, ganadería,  silvicultura, pesca, y veterinaria";"Hombres";"Rendimiento"
"2018-2019";"67.51";"Total Agricultura, ganadería,  silvicultura, pesca, y veterinaria";"Hombres";"Rendimiento"
"2017-2018";"66.95";"Total Agricultura, ganadería,  silvicultura, pesca, y veterinaria";"Hombres";"Rendimiento"
"2016-2017";"67.24";"Total Agricultura, ganadería,  silvicultura, pesca, y veterinaria";"Hombres";"Rendimiento"
"2015-2016";"67.37";"Total Agricultura, ganadería,  silvicultura, pesca, y veterinaria";"Hombres";"Rendimiento"
"2022-2023";"59.64";"Agricultura, ganadería y pesca";"Hombres";"Rendimiento"
"2021-2022";"58.11";"Agricultura, ganadería y pesca";"Hombres";"Rendimiento"
"2020-2021";"61.15";"Agricultura, ganadería y pesca";"Hombres";"Rendimiento"
"2019-2020";"71.53";"Agricultura, ganadería y pesca";"Hombres";"Rendimiento"
"2018-2019";"63.02";"Agricultura, ganadería y pesca";"Hombres";"Rendimiento"
"2017-2018";"62.8";"Agricultura, ganadería y pesca";"Hombres";"Rendimiento"
"2016-2017";"63.29";"Agricultura, ganadería y pesca";"Hombres";"Rendimiento"
"2015-2016";"63.5";"Agricultura, ganadería y pesca";"Hombres";"Rendimiento"
"2022-2023";"78.95";"Veterinaria";"Hombres";"Rendimiento"
"2021-2022";"77.2";"Veterinaria";"Hombres";"Rendimiento"
"2020-2021";"79.13";"Veterinaria";"Hombres";"Rendimiento"
"2019-2020";"88.82";"Veterinaria";"Hombres";"Rendimiento"
"2018-2019";"78.55";"Veterinaria";"Hombres";"Rendimiento"
"2017-2018";"76.91";"Veterinaria";"Hombres";"Rendimiento"
"2016-2017";"76.66";"Veterinaria";"Hombres";"Rendimiento"
"2015-2016";"77.03";"Veterinaria";"Hombres";"Rendimiento"
"2022-2023";"85.92";"Total Salud y servicios sociales";"Hombres";"Rendimiento"
"2021-2022";"84.79";"Total Salud y servicios sociales";"Hombres";"Rendimiento"
"2020-2021";"86.4";"Total Salud y servicios sociales";"Hombres";"Rendimiento"
"2019-2020";"91.04";"Total Salud y servicios sociales";"Hombres";"Rendimiento"
"2018-2019";"85.26";"Total Salud y servicios sociales";"Hombres";"Rendimiento"
"2017-2018";"85.0";"Total Salud y servicios sociales";"Hombres";"Rendimiento"
"2016-2017";"84.97";"Total Salud y servicios sociales";"Hombres";"Rendimiento"
"2015-2016";"85.29";"Total Salud y servicios sociales";"Hombres";"Rendimiento"
"2022-2023";"89.51";"Medicina";"Hombres";"Rendimiento"
"2021-2022";"88.89";"Medicina";"Hombres";"Rendimiento"
"2020-2021";"89.27";"Medicina";"Hombres";"Rendimiento"
"2019-2020";"94.31";"Medicina";"Hombres";"Rendimiento"
"2018-2019";"89.44";"Medicina";"Hombres";"Rendimiento"
"2017-2018";"89.52";"Medicina";"Hombres";"Rendimiento"
"2016-2017";"89.39";"Medicina";"Hombres";"Rendimiento"
"2015-2016";"89.29";"Medicina";"Hombres";"Rendimiento"
"2022-2023";"90.89";"Enfermería y atención a enfermos";"Hombres";"Rendimiento"
"2021-2022";"89.3";"Enfermería y atención a enfermos";"Hombres";"Rendimiento"
"2020-2021";"90.74";"Enfermería y atención a enfermos";"Hombres";"Rendimiento"
"2019-2020";"93.89";"Enfermería y atención a enfermos";"Hombres";"Rendimiento"
"2018-2019";"89.52";"Enfermería y atención a enfermos";"Hombres";"Rendimiento"
"2017-2018";"89.8";"Enfermería y atención a enfermos";"Hombres";"Rendimiento"
"2016-2017";"89.48";"Enfermería y atención a enfermos";"Hombres";"Rendimiento"
"2015-2016";"89.84";"Enfermería y atención a enfermos";"Hombres";"Rendimiento"
"2022-2023";"83.23";"Otras ciencias de la Salud";"Hombres";"Rendimiento"
"2021-2022";"82.01";"Otras ciencias de la Salud";"Hombres";"Rendimiento"
"2020-2021";"83.89";"Otras ciencias de la Salud";"Hombres";"Rendimiento"
"2019-2020";"89.12";"Otras ciencias de la Salud";"Hombres";"Rendimiento"
"2018-2019";"82.45";"Otras ciencias de la Salud";"Hombres";"Rendimiento"
"2017-2018";"81.77";"Otras ciencias de la Salud";"Hombres";"Rendimiento"
"2016-2017";"81.81";"Otras ciencias de la Salud";"Hombres";"Rendimiento"
"2015-2016";"82.11";"Otras ciencias de la Salud";"Hombres";"Rendimiento"
"2022-2023";"77.37";"Trabajo social y orientación";"Hombres";"Rendimiento"
"2021-2022";"76.93";"Trabajo social y orientación";"Hombres";"Rendimiento"
"2020-2021";"83.0";"Trabajo social y orientación";"Hombres";"Rendimiento"
"2019-2020";"84.22";"Trabajo social y orientación";"Hombres";"Rendimiento"
"2018-2019";"77.49";"Trabajo social y orientación";"Hombres";"Rendimiento"
"2017-2018";"77.65";"Trabajo social y orientación";"Hombres";"Rendimiento"
"2016-2017";"76.93";"Trabajo social y orientación";"Hombres";"Rendimiento"
"2015-2016";"77.78";"Trabajo social y orientación";"Hombres";"Rendimiento"
"2022-2023";"82.16";"Total Servicios";"Hombres";"Rendimiento"
"2021-2022";"80.91";"Total Servicios";"Hombres";"Rendimiento"
"2020-2021";"83.18";"Total Servicios";"Hombres";"Rendimiento"
"2019-2020";"85.8";"Total Servicios";"Hombres";"Rendimiento"
"2018-2019";"79.7";"Total Servicios";"Hombres";"Rendimiento"
"2017-2018";"79.29";"Total Servicios";"Hombres";"Rendimiento"
"2016-2017";"79.85";"Total Servicios";"Hombres";"Rendimiento"
"2015-2016";"80.21";"Total Servicios";"Hombres";"Rendimiento"
"2022-2023";"85.65";"Deportes";"Hombres";"Rendimiento"
"2021-2022";"84.95";"Deportes";"Hombres";"Rendimiento"
"2020-2021";"86.4";"Deportes";"Hombres";"Rendimiento"
"2019-2020";"89.09";"Deportes";"Hombres";"Rendimiento"
"2018-2019";"83.33";"Deportes";"Hombres";"Rendimiento"
"2017-2018";"83.0";"Deportes";"Hombres";"Rendimiento"
"2016-2017";"83.9";"Deportes";"Hombres";"Rendimiento"
"2015-2016";"84.54";"Deportes";"Hombres";"Rendimiento"
"2022-2023";"71.46";"Turismo y Hostelería";"Hombres";"Rendimiento"
"2021-2022";"70.06";"Turismo y Hostelería";"Hombres";"Rendimiento"
"2020-2021";"75.52";"Turismo y Hostelería";"Hombres";"Rendimiento"
"2019-2020";"78.48";"Turismo y Hostelería";"Hombres";"Rendimiento"
"2018-2019";"71.12";"Turismo y Hostelería";"Hombres";"Rendimiento"
"2017-2018";"70.81";"Turismo y Hostelería";"Hombres";"Rendimiento"
"2016-2017";"71.67";"Turismo y Hostelería";"Hombres";"Rendimiento"
"2015-2016";"72.22";"Turismo y Hostelería";"Hombres";"Rendimiento"
"2022-2023";"82.66";"Otros Servicios";"Hombres";"Rendimiento"
"2021-2022";"81.45";"Otros Servicios";"Hombres";"Rendimiento"
"2020-2021";"83.09";"Otros Servicios";"Hombres";"Rendimiento"
"2019-2020";"85.12";"Otros Servicios";"Hombres";"Rendimiento"
"2018-2019";"81.12";"Otros Servicios";"Hombres";"Rendimiento"
"2017-2018";"81.1";"Otros Servicios";"Hombres";"Rendimiento"
"2016-2017";"80.05";"Otros Servicios";"Hombres";"Rendimiento"
"2015-2016";"78.88";"Otros Servicios";"Hombres";"Rendimiento"
"2022-2023";"85.65";"Todos los ámbitos";"Hombres";"Exito"
"2021-2022";"85.0";"Todos los ámbitos";"Hombres";"Exito"
"2020-2021";"86.05";"Todos los ámbitos";"Hombres";"Exito"
"2019-2020";"89.25";"Todos los ámbitos";"Hombres";"Exito"
"2018-2019";"85.25";"Todos los ámbitos";"Hombres";"Exito"
"2017-2018";"84.9";"Todos los ámbitos";"Hombres";"Exito"
"2016-2017";"84.79";"Todos los ámbitos";"Hombres";"Exito"
"2015-2016";"84.93";"Todos los ámbitos";"Hombres";"Exito"
"2022-2023";"92.96";"Total Educación";"Hombres";"Exito"
"2021-2022";"92.77";"Total Educación";"Hombres";"Exito"
"2020-2021";"93.97";"Total Educación";"Hombres";"Exito"
"2019-2020";"95.13";"Total Educación";"Hombres";"Exito"
"2018-2019";"92.06";"Total Educación";"Hombres";"Exito"
"2017-2018";"92.07";"Total Educación";"Hombres";"Exito"
"2016-2017";"92.12";"Total Educación";"Hombres";"Exito"
"2015-2016";"92.77";"Total Educación";"Hombres";"Exito"
"2022-2023";"91.94";"Formación de docentes de enseñanza infantil";"Hombres";"Exito"
"2021-2022";"91.88";"Formación de docentes de enseñanza infantil";"Hombres";"Exito"
"2020-2021";"93.62";"Formación de docentes de enseñanza infantil";"Hombres";"Exito"
"2019-2020";"94.93";"Formación de docentes de enseñanza infantil";"Hombres";"Exito"
"2018-2019";"91.74";"Formación de docentes de enseñanza infantil";"Hombres";"Exito"
"2017-2018";"92.4";"Formación de docentes de enseñanza infantil";"Hombres";"Exito"
"2016-2017";"92.15";"Formación de docentes de enseñanza infantil";"Hombres";"Exito"
"2015-2016";"92.44";"Formación de docentes de enseñanza infantil";"Hombres";"Exito"
"2022-2023";"93.08";"Formación de docentes de enseñanza primaria";"Hombres";"Exito"
"2021-2022";"92.88";"Formación de docentes de enseñanza primaria";"Hombres";"Exito"
"2020-2021";"93.99";"Formación de docentes de enseñanza primaria";"Hombres";"Exito"
"2019-2020";"95.23";"Formación de docentes de enseñanza primaria";"Hombres";"Exito"
"2018-2019";"91.96";"Formación de docentes de enseñanza primaria";"Hombres";"Exito"
"2017-2018";"91.88";"Formación de docentes de enseñanza primaria";"Hombres";"Exito"
"2016-2017";"91.98";"Formación de docentes de enseñanza primaria";"Hombres";"Exito"
"2015-2016";"92.74";"Formación de docentes de enseñanza primaria";"Hombres";"Exito"
"2022-2023";"93.26";"Otra Formación de personal docente y ciencias de la educación";"Hombres";"Exito"
"2021-2022";"92.94";"Otra Formación de personal docente y ciencias de la educación";"Hombres";"Exito"
"2020-2021";"94.16";"Otra Formación de personal docente y ciencias de la educación";"Hombres";"Exito"
"2019-2020";"94.66";"Otra Formación de personal docente y ciencias de la educación";"Hombres";"Exito"
"2018-2019";"92.84";"Otra Formación de personal docente y ciencias de la educación";"Hombres";"Exito"
"2017-2018";"92.94";"Otra Formación de personal docente y ciencias de la educación";"Hombres";"Exito"
"2016-2017";"92.9";"Otra Formación de personal docente y ciencias de la educación";"Hombres";"Exito"
"2015-2016";"93.14";"Otra Formación de personal docente y ciencias de la educación";"Hombres";"Exito"
"2022-2023";"90.29";"Total Artes y humanidades";"Hombres";"Exito"
"2021-2022";"90.15";"Total Artes y humanidades";"Hombres";"Exito"
"2020-2021";"91.36";"Total Artes y humanidades";"Hombres";"Exito"
"2019-2020";"92.47";"Total Artes y humanidades";"Hombres";"Exito"
"2018-2019";"90.19";"Total Artes y humanidades";"Hombres";"Exito"
"2017-2018";"90.17";"Total Artes y humanidades";"Hombres";"Exito"
"2016-2017";"90.08";"Total Artes y humanidades";"Hombres";"Exito"
"2015-2016";"90.23";"Total Artes y humanidades";"Hombres";"Exito"
"2022-2023";"93.16";"Técnicas audiovisuales y medios de comunicación";"Hombres";"Exito"
"2021-2022";"92.99";"Técnicas audiovisuales y medios de comunicación";"Hombres";"Exito"
"2020-2021";"93.72";"Técnicas audiovisuales y medios de comunicación";"Hombres";"Exito"
"2019-2020";"94.47";"Técnicas audiovisuales y medios de comunicación";"Hombres";"Exito"
"2018-2019";"92.4";"Técnicas audiovisuales y medios de comunicación";"Hombres";"Exito"
"2017-2018";"92.86";"Técnicas audiovisuales y medios de comunicación";"Hombres";"Exito"
"2016-2017";"92.86";"Técnicas audiovisuales y medios de comunicación";"Hombres";"Exito"
"2015-2016";"93.03";"Técnicas audiovisuales y medios de comunicación";"Hombres";"Exito"
"2022-2023";"92.95";"Artes";"Hombres";"Exito"
"2021-2022";"92.76";"Artes";"Hombres";"Exito"
"2020-2021";"93.44";"Artes";"Hombres";"Exito"
"2019-2020";"93.84";"Artes";"Hombres";"Exito"
"2018-2019";"92.53";"Artes";"Hombres";"Exito"
"2017-2018";"92.57";"Artes";"Hombres";"Exito"
"2016-2017";"92.45";"Artes";"Hombres";"Exito"
"2015-2016";"92.39";"Artes";"Hombres";"Exito"
"2022-2023";"87.45";"Lenguas";"Hombres";"Exito"
"2021-2022";"87.24";"Lenguas";"Hombres";"Exito"
"2020-2021";"88.97";"Lenguas";"Hombres";"Exito"
"2019-2020";"90.66";"Lenguas";"Hombres";"Exito"
"2018-2019";"87.94";"Lenguas";"Hombres";"Exito"
"2017-2018";"88.08";"Lenguas";"Hombres";"Exito"
"2016-2017";"87.93";"Lenguas";"Hombres";"Exito"
"2015-2016";"88.11";"Lenguas";"Hombres";"Exito"
"2022-2023";"89.3";"Humanidades";"Hombres";"Exito"
"2021-2022";"89.14";"Humanidades";"Hombres";"Exito"
"2020-2021";"90.6";"Humanidades";"Hombres";"Exito"
"2019-2020";"91.87";"Humanidades";"Hombres";"Exito"
"2018-2019";"89.16";"Humanidades";"Hombres";"Exito"
"2017-2018";"88.74";"Humanidades";"Hombres";"Exito"
"2016-2017";"88.79";"Humanidades";"Hombres";"Exito"
"2015-2016";"89.15";"Humanidades";"Hombres";"Exito"
"2022-2023";"87.9";"Total Ciencias sociales, periodismo y documentación";"Hombres";"Exito"
"2021-2022";"87.27";"Total Ciencias sociales, periodismo y documentación";"Hombres";"Exito"
"2020-2021";"89.15";"Total Ciencias sociales, periodismo y documentación";"Hombres";"Exito"
"2019-2020";"90.95";"Total Ciencias sociales, periodismo y documentación";"Hombres";"Exito"
"2018-2019";"87.5";"Total Ciencias sociales, periodismo y documentación";"Hombres";"Exito"
"2017-2018";"87.09";"Total Ciencias sociales, periodismo y documentación";"Hombres";"Exito"
"2016-2017";"87.08";"Total Ciencias sociales, periodismo y documentación";"Hombres";"Exito"
"2015-2016";"87.0";"Total Ciencias sociales, periodismo y documentación";"Hombres";"Exito"
"2022-2023";"87.94";"Psicología";"Hombres";"Exito"
"2021-2022";"86.49";"Psicología";"Hombres";"Exito"
"2020-2021";"88.95";"Psicología";"Hombres";"Exito"
"2019-2020";"91.32";"Psicología";"Hombres";"Exito"
"2018-2019";"87.09";"Psicología";"Hombres";"Exito"
"2017-2018";"86.68";"Psicología";"Hombres";"Exito"
"2016-2017";"86.92";"Psicología";"Hombres";"Exito"
"2015-2016";"87.02";"Psicología";"Hombres";"Exito"
"2022-2023";"81.04";"Economía";"Hombres";"Exito"
"2021-2022";"79.98";"Economía";"Hombres";"Exito"
"2020-2021";"82.16";"Economía";"Hombres";"Exito"
"2019-2020";"85.52";"Economía";"Hombres";"Exito"
"2018-2019";"80.99";"Economía";"Hombres";"Exito"
"2017-2018";"80.72";"Economía";"Hombres";"Exito"
"2016-2017";"80.35";"Economía";"Hombres";"Exito"
"2015-2016";"80.03";"Economía";"Hombres";"Exito"
"2022-2023";"91.0";"Otras Ciencias sociales y del comportamiento";"Hombres";"Exito"
"2021-2022";"90.98";"Otras Ciencias sociales y del comportamiento";"Hombres";"Exito"
"2020-2021";"92.39";"Otras Ciencias sociales y del comportamiento";"Hombres";"Exito"
"2019-2020";"93.14";"Otras Ciencias sociales y del comportamiento";"Hombres";"Exito"
"2018-2019";"90.63";"Otras Ciencias sociales y del comportamiento";"Hombres";"Exito"
"2017-2018";"90.16";"Otras Ciencias sociales y del comportamiento";"Hombres";"Exito"
"2016-2017";"90.46";"Otras Ciencias sociales y del comportamiento";"Hombres";"Exito"
"2015-2016";"90.64";"Otras Ciencias sociales y del comportamiento";"Hombres";"Exito"
"2022-2023";"91.72";"Periodismo e información";"Hombres";"Exito"
"2021-2022";"91.55";"Periodismo e información";"Hombres";"Exito"
"2020-2021";"93.4";"Periodismo e información";"Hombres";"Exito"
"2019-2020";"94.45";"Periodismo e información";"Hombres";"Exito"
"2018-2019";"92.02";"Periodismo e información";"Hombres";"Exito"
"2017-2018";"91.95";"Periodismo e información";"Hombres";"Exito"
"2016-2017";"92.01";"Periodismo e información";"Hombres";"Exito"
"2015-2016";"91.72";"Periodismo e información";"Hombres";"Exito"
"2022-2023";"84.77";"Total Negocios, administración y derecho";"Hombres";"Exito"
"2021-2022";"83.43";"Total Negocios, administración y derecho";"Hombres";"Exito"
"2020-2021";"85.27";"Total Negocios, administración y derecho";"Hombres";"Exito"
"2019-2020";"89.09";"Total Negocios, administración y derecho";"Hombres";"Exito"
"2018-2019";"84.27";"Total Negocios, administración y derecho";"Hombres";"Exito"
"2017-2018";"83.75";"Total Negocios, administración y derecho";"Hombres";"Exito"
"2016-2017";"83.8";"Total Negocios, administración y derecho";"Hombres";"Exito"
"2015-2016";"84.0";"Total Negocios, administración y derecho";"Hombres";"Exito"
"2022-2023";"83.63";"Administración y gestión de empresas";"Hombres";"Exito"
"2021-2022";"82.04";"Administración y gestión de empresas";"Hombres";"Exito"
"2020-2021";"83.64";"Administración y gestión de empresas";"Hombres";"Exito"
"2019-2020";"87.7";"Administración y gestión de empresas";"Hombres";"Exito"
"2018-2019";"82.68";"Administración y gestión de empresas";"Hombres";"Exito"
"2017-2018";"82.03";"Administración y gestión de empresas";"Hombres";"Exito"
"2016-2017";"82.26";"Administración y gestión de empresas";"Hombres";"Exito"
"2015-2016";"82.29";"Administración y gestión de empresas";"Hombres";"Exito"
"2022-2023";"85.61";"Otra Educación comercial y empresarial";"Hombres";"Exito"
"2021-2022";"84.19";"Otra Educación comercial y empresarial";"Hombres";"Exito"
"2020-2021";"85.85";"Otra Educación comercial y empresarial";"Hombres";"Exito"
"2019-2020";"89.06";"Otra Educación comercial y empresarial";"Hombres";"Exito"
"2018-2019";"84.02";"Otra Educación comercial y empresarial";"Hombres";"Exito"
"2017-2018";"83.67";"Otra Educación comercial y empresarial";"Hombres";"Exito"
"2016-2017";"83.59";"Otra Educación comercial y empresarial";"Hombres";"Exito"
"2015-2016";"83.42";"Otra Educación comercial y empresarial";"Hombres";"Exito"
"2022-2023";"86.36";"Derecho";"Hombres";"Exito"
"2021-2022";"85.31";"Derecho";"Hombres";"Exito"
"2020-2021";"87.4";"Derecho";"Hombres";"Exito"
"2019-2020";"91.09";"Derecho";"Hombres";"Exito"
"2018-2019";"86.56";"Derecho";"Hombres";"Exito"
"2017-2018";"86.12";"Derecho";"Hombres";"Exito"
"2016-2017";"85.96";"Derecho";"Hombres";"Exito"
"2015-2016";"86.52";"Derecho";"Hombres";"Exito"
"2022-2023";"86.02";"Total Ciencias";"Hombres";"Exito"
"2021-2022";"85.58";"Total Ciencias";"Hombres";"Exito"
"2020-2021";"85.16";"Total Ciencias";"Hombres";"Exito"
"2019-2020";"89.21";"Total Ciencias";"Hombres";"Exito"
"2018-2019";"85.18";"Total Ciencias";"Hombres";"Exito"
"2017-2018";"84.35";"Total Ciencias";"Hombres";"Exito"
"2016-2017";"83.74";"Total Ciencias";"Hombres";"Exito"
"2015-2016";"83.26";"Total Ciencias";"Hombres";"Exito"
"2022-2023";"86.96";"Ciencias de la vida";"Hombres";"Exito"
"2021-2022";"86.47";"Ciencias de la vida";"Hombres";"Exito"
"2020-2021";"86.52";"Ciencias de la vida";"Hombres";"Exito"
"2019-2020";"91.83";"Ciencias de la vida";"Hombres";"Exito"
"2018-2019";"87.33";"Ciencias de la vida";"Hombres";"Exito"
"2017-2018";"86.51";"Ciencias de la vida";"Hombres";"Exito"
"2016-2017";"86.38";"Ciencias de la vida";"Hombres";"Exito"
"2015-2016";"85.82";"Ciencias de la vida";"Hombres";"Exito"
"2022-2023";"84.2";"Ciencias Físicas, químicas, geológicas";"Hombres";"Exito"
"2021-2022";"83.52";"Ciencias Físicas, químicas, geológicas";"Hombres";"Exito"
"2020-2021";"83.2";"Ciencias Físicas, químicas, geológicas";"Hombres";"Exito"
"2019-2020";"87.27";"Ciencias Físicas, químicas, geológicas";"Hombres";"Exito"
"2018-2019";"83.44";"Ciencias Físicas, químicas, geológicas";"Hombres";"Exito"
"2017-2018";"82.53";"Ciencias Físicas, químicas, geológicas";"Hombres";"Exito"
"2016-2017";"81.63";"Ciencias Físicas, químicas, geológicas";"Hombres";"Exito"
"2015-2016";"81.34";"Ciencias Físicas, químicas, geológicas";"Hombres";"Exito"
"2022-2023";"87.63";"Matemáticas y Estadística";"Hombres";"Exito"
"2021-2022";"87.7";"Matemáticas y Estadística";"Hombres";"Exito"
"2020-2021";"86.42";"Matemáticas y Estadística";"Hombres";"Exito"
"2019-2020";"88.14";"Matemáticas y Estadística";"Hombres";"Exito"
"2018-2019";"84.56";"Matemáticas y Estadística";"Hombres";"Exito"
"2017-2018";"83.7";"Matemáticas y Estadística";"Hombres";"Exito"
"2016-2017";"82.43";"Matemáticas y Estadística";"Hombres";"Exito"
"2015-2016";"81.67";"Matemáticas y Estadística";"Hombres";"Exito"
"2022-2023";"83.53";"Total Informática";"Hombres";"Exito"
"2021-2022";"82.5";"Total Informática";"Hombres";"Exito"
"2020-2021";"82.49";"Total Informática";"Hombres";"Exito"
"2019-2020";"84.99";"Total Informática";"Hombres";"Exito"
"2018-2019";"81.05";"Total Informática";"Hombres";"Exito"
"2017-2018";"80.41";"Total Informática";"Hombres";"Exito"
"2016-2017";"79.12";"Total Informática";"Hombres";"Exito"
"2015-2016";"79.42";"Total Informática";"Hombres";"Exito"
"2022-2023";"83.53";"Informática";"Hombres";"Exito"
"2021-2022";"82.5";"Informática";"Hombres";"Exito"
"2020-2021";"82.49";"Informática";"Hombres";"Exito"
"2019-2020";"84.99";"Informática";"Hombres";"Exito"
"2018-2019";"81.05";"Informática";"Hombres";"Exito"
"2017-2018";"80.41";"Informática";"Hombres";"Exito"
"2016-2017";"79.12";"Informática";"Hombres";"Exito"
"2015-2016";"79.42";"Informática";"Hombres";"Exito"
"2022-2023";"78.09";"Total Ingeniería, industria y construcción";"Hombres";"Exito"
"2021-2022";"77.53";"Total Ingeniería, industria y construcción";"Hombres";"Exito"
"2020-2021";"78.13";"Total Ingeniería, industria y construcción";"Hombres";"Exito"
"2019-2020";"83.02";"Total Ingeniería, industria y construcción";"Hombres";"Exito"
"2018-2019";"78.76";"Total Ingeniería, industria y construcción";"Hombres";"Exito"
"2017-2018";"78.57";"Total Ingeniería, industria y construcción";"Hombres";"Exito"
"2016-2017";"78.73";"Total Ingeniería, industria y construcción";"Hombres";"Exito"
"2015-2016";"78.88";"Total Ingeniería, industria y construcción";"Hombres";"Exito"
"2022-2023";"77.97";"Ingenierías";"Hombres";"Exito"
"2021-2022";"77.26";"Ingenierías";"Hombres";"Exito"
"2020-2021";"77.88";"Ingenierías";"Hombres";"Exito"
"2019-2020";"82.89";"Ingenierías";"Hombres";"Exito"
"2018-2019";"78.43";"Ingenierías";"Hombres";"Exito"
"2017-2018";"78.03";"Ingenierías";"Hombres";"Exito"
"2016-2017";"78.29";"Ingenierías";"Hombres";"Exito"
"2015-2016";"78.39";"Ingenierías";"Hombres";"Exito"
"2022-2023";"78.85";"Arquitectura y construcción";"Hombres";"Exito"
"2021-2022";"79.22";"Arquitectura y construcción";"Hombres";"Exito"
"2020-2021";"79.79";"Arquitectura y construcción";"Hombres";"Exito"
"2019-2020";"83.84";"Arquitectura y construcción";"Hombres";"Exito"
"2018-2019";"80.76";"Arquitectura y construcción";"Hombres";"Exito"
"2017-2018";"81.63";"Arquitectura y construcción";"Hombres";"Exito"
"2016-2017";"81.02";"Arquitectura y construcción";"Hombres";"Exito"
"2015-2016";"81.08";"Arquitectura y construcción";"Hombres";"Exito"
"2022-2023";"79.17";"Total Agricultura, ganadería,  silvicultura, pesca, y veterinaria";"Hombres";"Exito"
"2021-2022";"78.73";"Total Agricultura, ganadería,  silvicultura, pesca, y veterinaria";"Hombres";"Exito"
"2020-2021";"79.61";"Total Agricultura, ganadería,  silvicultura, pesca, y veterinaria";"Hombres";"Exito"
"2019-2020";"87.08";"Total Agricultura, ganadería,  silvicultura, pesca, y veterinaria";"Hombres";"Exito"
"2018-2019";"81.45";"Total Agricultura, ganadería,  silvicultura, pesca, y veterinaria";"Hombres";"Exito"
"2017-2018";"80.51";"Total Agricultura, ganadería,  silvicultura, pesca, y veterinaria";"Hombres";"Exito"
"2016-2017";"80.05";"Total Agricultura, ganadería,  silvicultura, pesca, y veterinaria";"Hombres";"Exito"
"2015-2016";"80.84";"Total Agricultura, ganadería,  silvicultura, pesca, y veterinaria";"Hombres";"Exito"
"2022-2023";"76.36";"Agricultura, ganadería y pesca";"Hombres";"Exito"
"2021-2022";"76.01";"Agricultura, ganadería y pesca";"Hombres";"Exito"
"2020-2021";"76.79";"Agricultura, ganadería y pesca";"Hombres";"Exito"
"2019-2020";"84.41";"Agricultura, ganadería y pesca";"Hombres";"Exito"
"2018-2019";"79.25";"Agricultura, ganadería y pesca";"Hombres";"Exito"
"2017-2018";"78.38";"Agricultura, ganadería y pesca";"Hombres";"Exito"
"2016-2017";"77.96";"Agricultura, ganadería y pesca";"Hombres";"Exito"
"2015-2016";"79.04";"Agricultura, ganadería y pesca";"Hombres";"Exito"
"2022-2023";"85.74";"Veterinaria";"Hombres";"Exito"
"2021-2022";"84.73";"Veterinaria";"Hombres";"Exito"
"2020-2021";"85.7";"Veterinaria";"Hombres";"Exito"
"2019-2020";"92.73";"Veterinaria";"Hombres";"Exito"
"2018-2019";"86.19";"Veterinaria";"Hombres";"Exito"
"2017-2018";"85.02";"Veterinaria";"Hombres";"Exito"
"2016-2017";"84.52";"Veterinaria";"Hombres";"Exito"
"2015-2016";"84.84";"Veterinaria";"Hombres";"Exito"
"2022-2023";"90.76";"Total Salud y servicios sociales";"Hombres";"Exito"
"2021-2022";"90.31";"Total Salud y servicios sociales";"Hombres";"Exito"
"2020-2021";"90.96";"Total Salud y servicios sociales";"Hombres";"Exito"
"2019-2020";"94.57";"Total Salud y servicios sociales";"Hombres";"Exito"
"2018-2019";"90.63";"Total Salud y servicios sociales";"Hombres";"Exito"
"2017-2018";"90.54";"Total Salud y servicios sociales";"Hombres";"Exito"
"2016-2017";"90.55";"Total Salud y servicios sociales";"Hombres";"Exito"
"2015-2016";"90.83";"Total Salud y servicios sociales";"Hombres";"Exito"
"2022-2023";"93.92";"Medicina";"Hombres";"Exito"
"2021-2022";"93.5";"Medicina";"Hombres";"Exito"
"2020-2021";"93.55";"Medicina";"Hombres";"Exito"
"2019-2020";"96.84";"Medicina";"Hombres";"Exito"
"2018-2019";"93.91";"Medicina";"Hombres";"Exito"
"2017-2018";"94.16";"Medicina";"Hombres";"Exito"
"2016-2017";"93.87";"Medicina";"Hombres";"Exito"
"2015-2016";"93.85";"Medicina";"Hombres";"Exito"
"2022-2023";"93.92";"Enfermería y atención a enfermos";"Hombres";"Exito"
"2021-2022";"93.86";"Enfermería y atención a enfermos";"Hombres";"Exito"
"2020-2021";"93.75";"Enfermería y atención a enfermos";"Hombres";"Exito"
"2019-2020";"96.27";"Enfermería y atención a enfermos";"Hombres";"Exito"
"2018-2019";"93.19";"Enfermería y atención a enfermos";"Hombres";"Exito"
"2017-2018";"93.45";"Enfermería y atención a enfermos";"Hombres";"Exito"
"2016-2017";"93.28";"Enfermería y atención a enfermos";"Hombres";"Exito"
"2015-2016";"93.49";"Enfermería y atención a enfermos";"Hombres";"Exito"
"2022-2023";"88.11";"Otras ciencias de la Salud";"Hombres";"Exito"
"2021-2022";"87.44";"Otras ciencias de la Salud";"Hombres";"Exito"
"2020-2021";"88.51";"Otras ciencias de la Salud";"Hombres";"Exito"
"2019-2020";"92.9";"Otras ciencias de la Salud";"Hombres";"Exito"
"2018-2019";"88.0";"Otras ciencias de la Salud";"Hombres";"Exito"
"2017-2018";"87.58";"Otras ciencias de la Salud";"Hombres";"Exito"
"2016-2017";"87.72";"Otras ciencias de la Salud";"Hombres";"Exito"
"2015-2016";"87.96";"Otras ciencias de la Salud";"Hombres";"Exito"
"2022-2023";"90.03";"Trabajo social y orientación";"Hombres";"Exito"
"2021-2022";"90.51";"Trabajo social y orientación";"Hombres";"Exito"
"2020-2021";"92.68";"Trabajo social y orientación";"Hombres";"Exito"
"2019-2020";"93.56";"Trabajo social y orientación";"Hombres";"Exito"
"2018-2019";"90.07";"Trabajo social y orientación";"Hombres";"Exito"
"2017-2018";"89.87";"Trabajo social y orientación";"Hombres";"Exito"
"2016-2017";"89.47";"Trabajo social y orientación";"Hombres";"Exito"
"2015-2016";"90.44";"Trabajo social y orientación";"Hombres";"Exito"
"2022-2023";"89.32";"Total Servicios";"Hombres";"Exito"
"2021-2022";"88.85";"Total Servicios";"Hombres";"Exito"
"2020-2021";"90.16";"Total Servicios";"Hombres";"Exito"
"2019-2020";"92.24";"Total Servicios";"Hombres";"Exito"
"2018-2019";"88.3";"Total Servicios";"Hombres";"Exito"
"2017-2018";"88.04";"Total Servicios";"Hombres";"Exito"
"2016-2017";"88.32";"Total Servicios";"Hombres";"Exito"
"2015-2016";"88.46";"Total Servicios";"Hombres";"Exito"
"2022-2023";"90.3";"Deportes";"Hombres";"Exito"
"2021-2022";"90.04";"Deportes";"Hombres";"Exito"
"2020-2021";"91.16";"Deportes";"Hombres";"Exito"
"2019-2020";"93.32";"Deportes";"Hombres";"Exito"
"2018-2019";"89.25";"Deportes";"Hombres";"Exito"
"2017-2018";"89.15";"Deportes";"Hombres";"Exito"
"2016-2017";"89.58";"Deportes";"Hombres";"Exito"
"2015-2016";"89.76";"Deportes";"Hombres";"Exito"
"2022-2023";"84.92";"Turismo y Hostelería";"Hombres";"Exito"
"2021-2022";"84.34";"Turismo y Hostelería";"Hombres";"Exito"
"2020-2021";"86.98";"Turismo y Hostelería";"Hombres";"Exito"
"2019-2020";"89.48";"Turismo y Hostelería";"Hombres";"Exito"
"2018-2019";"85.13";"Turismo y Hostelería";"Hombres";"Exito"
"2017-2018";"84.85";"Turismo y Hostelería";"Hombres";"Exito"
"2016-2017";"85.3";"Turismo y Hostelería";"Hombres";"Exito"
"2015-2016";"85.71";"Turismo y Hostelería";"Hombres";"Exito"
"2022-2023";"90.9";"Otros Servicios";"Hombres";"Exito"
"2021-2022";"90.52";"Otros Servicios";"Hombres";"Exito"
"2020-2021";"91.38";"Otros Servicios";"Hombres";"Exito"
"2019-2020";"92.3";"Otros Servicios";"Hombres";"Exito"
"2018-2019";"90.14";"Otros Servicios";"Hombres";"Exito"
"2017-2018";"89.46";"Otros Servicios";"Hombres";"Exito"
"2016-2017";"88.92";"Otros Servicios";"Hombres";"Exito"
"2015-2016";"88.31";"Otros Servicios";"Hombres";"Exito"
"2022-2023";"86.61";"Todos los ámbitos";"Hombres";"Evaluacion"
"2021-2022";"85.15";"Todos los ámbitos";"Hombres";"Evaluacion"
"2020-2021";"87.2";"Todos los ámbitos";"Hombres";"Evaluacion"
"2019-2020";"89.49";"Todos los ámbitos";"Hombres";"Evaluacion"
"2018-2019";"85.43";"Todos los ámbitos";"Hombres";"Evaluacion"
"2017-2018";"85.39";"Todos los ámbitos";"Hombres";"Evaluacion"
"2016-2017";"85.53";"Todos los ámbitos";"Hombres";"Evaluacion"
"2015-2016";"85.3";"Todos los ámbitos";"Hombres";"Evaluacion"
"2022-2023";"91.93";"Total Educación";"Hombres";"Evaluacion"
"2021-2022";"92.45";"Total Educación";"Hombres";"Evaluacion"
"2020-2021";"93.92";"Total Educación";"Hombres";"Evaluacion"
"2019-2020";"94.42";"Total Educación";"Hombres";"Evaluacion"
"2018-2019";"91.38";"Total Educación";"Hombres";"Evaluacion"
"2017-2018";"91.55";"Total Educación";"Hombres";"Evaluacion"
"2016-2017";"91.64";"Total Educación";"Hombres";"Evaluacion"
"2015-2016";"91.63";"Total Educación";"Hombres";"Evaluacion"
"2022-2023";"90.32";"Formación de docentes de enseñanza infantil";"Hombres";"Evaluacion"
"2021-2022";"93.26";"Formación de docentes de enseñanza infantil";"Hombres";"Evaluacion"
"2020-2021";"94.24";"Formación de docentes de enseñanza infantil";"Hombres";"Evaluacion"
"2019-2020";"94.34";"Formación de docentes de enseñanza infantil";"Hombres";"Evaluacion"
"2018-2019";"92.53";"Formación de docentes de enseñanza infantil";"Hombres";"Evaluacion"
"2017-2018";"92.13";"Formación de docentes de enseñanza infantil";"Hombres";"Evaluacion"
"2016-2017";"92.78";"Formación de docentes de enseñanza infantil";"Hombres";"Evaluacion"
"2015-2016";"92.06";"Formación de docentes de enseñanza infantil";"Hombres";"Evaluacion"
"2022-2023";"93.12";"Formación de docentes de enseñanza primaria";"Hombres";"Evaluacion"
"2021-2022";"93.8";"Formación de docentes de enseñanza primaria";"Hombres";"Evaluacion"
"2020-2021";"94.97";"Formación de docentes de enseñanza primaria";"Hombres";"Evaluacion"
"2019-2020";"95.38";"Formación de docentes de enseñanza primaria";"Hombres";"Evaluacion"
"2018-2019";"92.87";"Formación de docentes de enseñanza primaria";"Hombres";"Evaluacion"
"2017-2018";"92.83";"Formación de docentes de enseñanza primaria";"Hombres";"Evaluacion"
"2016-2017";"93.12";"Formación de docentes de enseñanza primaria";"Hombres";"Evaluacion"
"2015-2016";"93.22";"Formación de docentes de enseñanza primaria";"Hombres";"Evaluacion"
"2022-2023";"86.24";"Otra Formación de personal docente y ciencias de la educación";"Hombres";"Evaluacion"
"2021-2022";"84.01";"Otra Formación de personal docente y ciencias de la educación";"Hombres";"Evaluacion"
"2020-2021";"88.13";"Otra Formación de personal docente y ciencias de la educación";"Hombres";"Evaluacion"
"2019-2020";"89.19";"Otra Formación de personal docente y ciencias de la educación";"Hombres";"Evaluacion"
"2018-2019";"82.88";"Otra Formación de personal docente y ciencias de la educación";"Hombres";"Evaluacion"
"2017-2018";"84.39";"Otra Formación de personal docente y ciencias de la educación";"Hombres";"Evaluacion"
"2016-2017";"83.14";"Otra Formación de personal docente y ciencias de la educación";"Hombres";"Evaluacion"
"2015-2016";"82.9";"Otra Formación de personal docente y ciencias de la educación";"Hombres";"Evaluacion"
"2022-2023";"83.15";"Total Artes y humanidades";"Hombres";"Evaluacion"
"2021-2022";"81.64";"Total Artes y humanidades";"Hombres";"Evaluacion"
"2020-2021";"84.7";"Total Artes y humanidades";"Hombres";"Evaluacion"
"2019-2020";"86.63";"Total Artes y humanidades";"Hombres";"Evaluacion"
"2018-2019";"82.18";"Total Artes y humanidades";"Hombres";"Evaluacion"
"2017-2018";"82.61";"Total Artes y humanidades";"Hombres";"Evaluacion"
"2016-2017";"82.72";"Total Artes y humanidades";"Hombres";"Evaluacion"
"2015-2016";"82.42";"Total Artes y humanidades";"Hombres";"Evaluacion"
"2022-2023";"92.65";"Técnicas audiovisuales y medios de comunicación";"Hombres";"Evaluacion"
"2021-2022";"92.09";"Técnicas audiovisuales y medios de comunicación";"Hombres";"Evaluacion"
"2020-2021";"93.15";"Técnicas audiovisuales y medios de comunicación";"Hombres";"Evaluacion"
"2019-2020";"93.66";"Técnicas audiovisuales y medios de comunicación";"Hombres";"Evaluacion"
"2018-2019";"92.55";"Técnicas audiovisuales y medios de comunicación";"Hombres";"Evaluacion"
"2017-2018";"91.59";"Técnicas audiovisuales y medios de comunicación";"Hombres";"Evaluacion"
"2016-2017";"91.93";"Técnicas audiovisuales y medios de comunicación";"Hombres";"Evaluacion"
"2015-2016";"91.64";"Técnicas audiovisuales y medios de comunicación";"Hombres";"Evaluacion"
"2022-2023";"83.51";"Artes";"Hombres";"Evaluacion"
"2021-2022";"82.13";"Artes";"Hombres";"Evaluacion"
"2020-2021";"84.71";"Artes";"Hombres";"Evaluacion"
"2019-2020";"86.78";"Artes";"Hombres";"Evaluacion"
"2018-2019";"82.78";"Artes";"Hombres";"Evaluacion"
"2017-2018";"83.99";"Artes";"Hombres";"Evaluacion"
"2016-2017";"84.09";"Artes";"Hombres";"Evaluacion"
"2015-2016";"84.28";"Artes";"Hombres";"Evaluacion"
"2022-2023";"82.14";"Lenguas";"Hombres";"Evaluacion"
"2021-2022";"80.48";"Lenguas";"Hombres";"Evaluacion"
"2020-2021";"83.43";"Lenguas";"Hombres";"Evaluacion"
"2019-2020";"85.22";"Lenguas";"Hombres";"Evaluacion"
"2018-2019";"81.01";"Lenguas";"Hombres";"Evaluacion"
"2017-2018";"81.31";"Lenguas";"Hombres";"Evaluacion"
"2016-2017";"81.17";"Lenguas";"Hombres";"Evaluacion"
"2015-2016";"81.08";"Lenguas";"Hombres";"Evaluacion"
"2022-2023";"79.18";"Humanidades";"Hombres";"Evaluacion"
"2021-2022";"77.05";"Humanidades";"Hombres";"Evaluacion"
"2020-2021";"81.31";"Humanidades";"Hombres";"Evaluacion"
"2019-2020";"83.82";"Humanidades";"Hombres";"Evaluacion"
"2018-2019";"77.08";"Humanidades";"Hombres";"Evaluacion"
"2017-2018";"78.04";"Humanidades";"Hombres";"Evaluacion"
"2016-2017";"78.52";"Humanidades";"Hombres";"Evaluacion"
"2015-2016";"78.11";"Humanidades";"Hombres";"Evaluacion"
"2022-2023";"84.24";"Total Ciencias sociales, periodismo y documentación";"Hombres";"Evaluacion"
"2021-2022";"82.56";"Total Ciencias sociales, periodismo y documentación";"Hombres";"Evaluacion"
"2020-2021";"86.36";"Total Ciencias sociales, periodismo y documentación";"Hombres";"Evaluacion"
"2019-2020";"87.81";"Total Ciencias sociales, periodismo y documentación";"Hombres";"Evaluacion"
"2018-2019";"82.46";"Total Ciencias sociales, periodismo y documentación";"Hombres";"Evaluacion"
"2017-2018";"82.54";"Total Ciencias sociales, periodismo y documentación";"Hombres";"Evaluacion"
"2016-2017";"82.64";"Total Ciencias sociales, periodismo y documentación";"Hombres";"Evaluacion"
"2015-2016";"82.16";"Total Ciencias sociales, periodismo y documentación";"Hombres";"Evaluacion"
"2022-2023";"79.5";"Psicología";"Hombres";"Evaluacion"
"2021-2022";"77.28";"Psicología";"Hombres";"Evaluacion"
"2020-2021";"84.16";"Psicología";"Hombres";"Evaluacion"
"2019-2020";"84.93";"Psicología";"Hombres";"Evaluacion"
"2018-2019";"78.88";"Psicología";"Hombres";"Evaluacion"
"2017-2018";"79.52";"Psicología";"Hombres";"Evaluacion"
"2016-2017";"78.7";"Psicología";"Hombres";"Evaluacion"
"2015-2016";"78.11";"Psicología";"Hombres";"Evaluacion"
"2022-2023";"83.51";"Economía";"Hombres";"Evaluacion"
"2021-2022";"81.34";"Economía";"Hombres";"Evaluacion"
"2020-2021";"84.44";"Economía";"Hombres";"Evaluacion"
"2019-2020";"87.78";"Economía";"Hombres";"Evaluacion"
"2018-2019";"81.75";"Economía";"Hombres";"Evaluacion"
"2017-2018";"81.71";"Economía";"Hombres";"Evaluacion"
"2016-2017";"81.5";"Economía";"Hombres";"Evaluacion"
"2015-2016";"81.05";"Economía";"Hombres";"Evaluacion"
"2022-2023";"84.77";"Otras Ciencias sociales y del comportamiento";"Hombres";"Evaluacion"
"2021-2022";"83.26";"Otras Ciencias sociales y del comportamiento";"Hombres";"Evaluacion"
"2020-2021";"86.83";"Otras Ciencias sociales y del comportamiento";"Hombres";"Evaluacion"
"2019-2020";"87.38";"Otras Ciencias sociales y del comportamiento";"Hombres";"Evaluacion"
"2018-2019";"81.62";"Otras Ciencias sociales y del comportamiento";"Hombres";"Evaluacion"
"2017-2018";"81.78";"Otras Ciencias sociales y del comportamiento";"Hombres";"Evaluacion"
"2016-2017";"83.04";"Otras Ciencias sociales y del comportamiento";"Hombres";"Evaluacion"
"2015-2016";"82.35";"Otras Ciencias sociales y del comportamiento";"Hombres";"Evaluacion"
"2022-2023";"91.51";"Periodismo e información";"Hombres";"Evaluacion"
"2021-2022";"91.08";"Periodismo e información";"Hombres";"Evaluacion"
"2020-2021";"91.88";"Periodismo e información";"Hombres";"Evaluacion"
"2019-2020";"92.87";"Periodismo e información";"Hombres";"Evaluacion"
"2018-2019";"90.41";"Periodismo e información";"Hombres";"Evaluacion"
"2017-2018";"89.79";"Periodismo e información";"Hombres";"Evaluacion"
"2016-2017";"89.99";"Periodismo e información";"Hombres";"Evaluacion"
"2015-2016";"90.22";"Periodismo e información";"Hombres";"Evaluacion"
"2022-2023";"86.07";"Total Negocios, administración y derecho";"Hombres";"Evaluacion"
"2021-2022";"83.94";"Total Negocios, administración y derecho";"Hombres";"Evaluacion"
"2020-2021";"87.24";"Total Negocios, administración y derecho";"Hombres";"Evaluacion"
"2019-2020";"89.63";"Total Negocios, administración y derecho";"Hombres";"Evaluacion"
"2018-2019";"84.07";"Total Negocios, administración y derecho";"Hombres";"Evaluacion"
"2017-2018";"83.99";"Total Negocios, administración y derecho";"Hombres";"Evaluacion"
"2016-2017";"84.09";"Total Negocios, administración y derecho";"Hombres";"Evaluacion"
"2015-2016";"83.72";"Total Negocios, administración y derecho";"Hombres";"Evaluacion"
"2022-2023";"87.02";"Administración y gestión de empresas";"Hombres";"Evaluacion"
"2021-2022";"84.75";"Administración y gestión de empresas";"Hombres";"Evaluacion"
"2020-2021";"87.29";"Administración y gestión de empresas";"Hombres";"Evaluacion"
"2019-2020";"89.82";"Administración y gestión de empresas";"Hombres";"Evaluacion"
"2018-2019";"84.52";"Administración y gestión de empresas";"Hombres";"Evaluacion"
"2017-2018";"84.37";"Administración y gestión de empresas";"Hombres";"Evaluacion"
"2016-2017";"84.16";"Administración y gestión de empresas";"Hombres";"Evaluacion"
"2015-2016";"83.99";"Administración y gestión de empresas";"Hombres";"Evaluacion"
"2022-2023";"86.16";"Otra Educación comercial y empresarial";"Hombres";"Evaluacion"
"2021-2022";"84.43";"Otra Educación comercial y empresarial";"Hombres";"Evaluacion"
"2020-2021";"87.27";"Otra Educación comercial y empresarial";"Hombres";"Evaluacion"
"2019-2020";"89.23";"Otra Educación comercial y empresarial";"Hombres";"Evaluacion"
"2018-2019";"84.9";"Otra Educación comercial y empresarial";"Hombres";"Evaluacion"
"2017-2018";"84.83";"Otra Educación comercial y empresarial";"Hombres";"Evaluacion"
"2016-2017";"85.75";"Otra Educación comercial y empresarial";"Hombres";"Evaluacion"
"2015-2016";"86.08";"Otra Educación comercial y empresarial";"Hombres";"Evaluacion"
"2022-2023";"84.46";"Derecho";"Hombres";"Evaluacion"
"2021-2022";"82.46";"Derecho";"Hombres";"Evaluacion"
"2020-2021";"87.16";"Derecho";"Hombres";"Evaluacion"
"2019-2020";"89.52";"Derecho";"Hombres";"Evaluacion"
"2018-2019";"83.13";"Derecho";"Hombres";"Evaluacion"
"2017-2018";"83.18";"Derecho";"Hombres";"Evaluacion"
"2016-2017";"83.41";"Derecho";"Hombres";"Evaluacion"
"2015-2016";"82.54";"Derecho";"Hombres";"Evaluacion"
"2022-2023";"86.63";"Total Ciencias";"Hombres";"Evaluacion"
"2021-2022";"85.05";"Total Ciencias";"Hombres";"Evaluacion"
"2020-2021";"86.09";"Total Ciencias";"Hombres";"Evaluacion"
"2019-2020";"88.96";"Total Ciencias";"Hombres";"Evaluacion"
"2018-2019";"85.39";"Total Ciencias";"Hombres";"Evaluacion"
"2017-2018";"85.43";"Total Ciencias";"Hombres";"Evaluacion"
"2016-2017";"85.34";"Total Ciencias";"Hombres";"Evaluacion"
"2015-2016";"84.77";"Total Ciencias";"Hombres";"Evaluacion"
"2022-2023";"90.09";"Ciencias de la vida";"Hombres";"Evaluacion"
"2021-2022";"88.66";"Ciencias de la vida";"Hombres";"Evaluacion"
"2020-2021";"90.5";"Ciencias de la vida";"Hombres";"Evaluacion"
"2019-2020";"93.1";"Ciencias de la vida";"Hombres";"Evaluacion"
"2018-2019";"89.7";"Ciencias de la vida";"Hombres";"Evaluacion"
"2017-2018";"89.79";"Ciencias de la vida";"Hombres";"Evaluacion"
"2016-2017";"89.77";"Ciencias de la vida";"Hombres";"Evaluacion"
"2015-2016";"89.15";"Ciencias de la vida";"Hombres";"Evaluacion"
"2022-2023";"85.39";"Ciencias Físicas, químicas, geológicas";"Hombres";"Evaluacion"
"2021-2022";"83.85";"Ciencias Físicas, químicas, geológicas";"Hombres";"Evaluacion"
"2020-2021";"84.55";"Ciencias Físicas, químicas, geológicas";"Hombres";"Evaluacion"
"2019-2020";"87.66";"Ciencias Físicas, químicas, geológicas";"Hombres";"Evaluacion"
"2018-2019";"84.07";"Ciencias Físicas, químicas, geológicas";"Hombres";"Evaluacion"
"2017-2018";"84.06";"Ciencias Físicas, químicas, geológicas";"Hombres";"Evaluacion"
"2016-2017";"84.06";"Ciencias Físicas, químicas, geológicas";"Hombres";"Evaluacion"
"2015-2016";"83.72";"Ciencias Físicas, químicas, geológicas";"Hombres";"Evaluacion"
"2022-2023";"83.88";"Matemáticas y Estadística";"Hombres";"Evaluacion"
"2021-2022";"81.91";"Matemáticas y Estadística";"Hombres";"Evaluacion"
"2020-2021";"82.04";"Matemáticas y Estadística";"Hombres";"Evaluacion"
"2019-2020";"84.41";"Matemáticas y Estadística";"Hombres";"Evaluacion"
"2018-2019";"79.93";"Matemáticas y Estadística";"Hombres";"Evaluacion"
"2017-2018";"79.12";"Matemáticas y Estadística";"Hombres";"Evaluacion"
"2016-2017";"77.95";"Matemáticas y Estadística";"Hombres";"Evaluacion"
"2015-2016";"76.58";"Matemáticas y Estadística";"Hombres";"Evaluacion"
"2022-2023";"85.25";"Total Informática";"Hombres";"Evaluacion"
"2021-2022";"83.41";"Total Informática";"Hombres";"Evaluacion"
"2020-2021";"83.9";"Total Informática";"Hombres";"Evaluacion"
"2019-2020";"86.06";"Total Informática";"Hombres";"Evaluacion"
"2018-2019";"82.62";"Total Informática";"Hombres";"Evaluacion"
"2017-2018";"81.99";"Total Informática";"Hombres";"Evaluacion"
"2016-2017";"81.39";"Total Informática";"Hombres";"Evaluacion"
"2015-2016";"79.93";"Total Informática";"Hombres";"Evaluacion"
"2022-2023";"85.25";"Informática";"Hombres";"Evaluacion"
"2021-2022";"83.41";"Informática";"Hombres";"Evaluacion"
"2020-2021";"83.9";"Informática";"Hombres";"Evaluacion"
"2019-2020";"86.06";"Informática";"Hombres";"Evaluacion"
"2018-2019";"82.62";"Informática";"Hombres";"Evaluacion"
"2017-2018";"81.99";"Informática";"Hombres";"Evaluacion"
"2016-2017";"81.39";"Informática";"Hombres";"Evaluacion"
"2015-2016";"79.93";"Informática";"Hombres";"Evaluacion"
"2022-2023";"83.52";"Total Ingeniería, industria y construcción";"Hombres";"Evaluacion"
"2021-2022";"82.2";"Total Ingeniería, industria y construcción";"Hombres";"Evaluacion"
"2020-2021";"83.33";"Total Ingeniería, industria y construcción";"Hombres";"Evaluacion"
"2019-2020";"87.08";"Total Ingeniería, industria y construcción";"Hombres";"Evaluacion"
"2018-2019";"83.64";"Total Ingeniería, industria y construcción";"Hombres";"Evaluacion"
"2017-2018";"83.49";"Total Ingeniería, industria y construcción";"Hombres";"Evaluacion"
"2016-2017";"84.04";"Total Ingeniería, industria y construcción";"Hombres";"Evaluacion"
"2015-2016";"84.31";"Total Ingeniería, industria y construcción";"Hombres";"Evaluacion"
"2022-2023";"84.0";"Ingenierías";"Hombres";"Evaluacion"
"2021-2022";"82.85";"Ingenierías";"Hombres";"Evaluacion"
"2020-2021";"83.91";"Ingenierías";"Hombres";"Evaluacion"
"2019-2020";"87.71";"Ingenierías";"Hombres";"Evaluacion"
"2018-2019";"84.25";"Ingenierías";"Hombres";"Evaluacion"
"2017-2018";"84.14";"Ingenierías";"Hombres";"Evaluacion"
"2016-2017";"84.56";"Ingenierías";"Hombres";"Evaluacion"
"2015-2016";"84.6";"Ingenierías";"Hombres";"Evaluacion"
"2022-2023";"80.64";"Arquitectura y construcción";"Hombres";"Evaluacion"
"2021-2022";"78.26";"Arquitectura y construcción";"Hombres";"Evaluacion"
"2020-2021";"79.75";"Arquitectura y construcción";"Hombres";"Evaluacion"
"2019-2020";"83.29";"Arquitectura y construcción";"Hombres";"Evaluacion"
"2018-2019";"80.18";"Arquitectura y construcción";"Hombres";"Evaluacion"
"2017-2018";"80.0";"Arquitectura y construcción";"Hombres";"Evaluacion"
"2016-2017";"81.45";"Arquitectura y construcción";"Hombres";"Evaluacion"
"2015-2016";"83.06";"Arquitectura y construcción";"Hombres";"Evaluacion"
"2022-2023";"81.82";"Total Agricultura, ganadería,  silvicultura, pesca, y veterinaria";"Hombres";"Evaluacion"
"2021-2022";"80.48";"Total Agricultura, ganadería,  silvicultura, pesca, y veterinaria";"Hombres";"Evaluacion"
"2020-2021";"83.24";"Total Agricultura, ganadería,  silvicultura, pesca, y veterinaria";"Hombres";"Evaluacion"
"2019-2020";"87.99";"Total Agricultura, ganadería,  silvicultura, pesca, y veterinaria";"Hombres";"Evaluacion"
"2018-2019";"82.88";"Total Agricultura, ganadería,  silvicultura, pesca, y veterinaria";"Hombres";"Evaluacion"
"2017-2018";"83.16";"Total Agricultura, ganadería,  silvicultura, pesca, y veterinaria";"Hombres";"Evaluacion"
"2016-2017";"83.99";"Total Agricultura, ganadería,  silvicultura, pesca, y veterinaria";"Hombres";"Evaluacion"
"2015-2016";"83.33";"Total Agricultura, ganadería,  silvicultura, pesca, y veterinaria";"Hombres";"Evaluacion"
"2022-2023";"78.1";"Agricultura, ganadería y pesca";"Hombres";"Evaluacion"
"2021-2022";"76.44";"Agricultura, ganadería y pesca";"Hombres";"Evaluacion"
"2020-2021";"79.62";"Agricultura, ganadería y pesca";"Hombres";"Evaluacion"
"2019-2020";"84.74";"Agricultura, ganadería y pesca";"Hombres";"Evaluacion"
"2018-2019";"79.52";"Agricultura, ganadería y pesca";"Hombres";"Evaluacion"
"2017-2018";"80.12";"Agricultura, ganadería y pesca";"Hombres";"Evaluacion"
"2016-2017";"81.19";"Agricultura, ganadería y pesca";"Hombres";"Evaluacion"
"2015-2016";"80.35";"Agricultura, ganadería y pesca";"Hombres";"Evaluacion"
"2022-2023";"92.08";"Veterinaria";"Hombres";"Evaluacion"
"2021-2022";"91.12";"Veterinaria";"Hombres";"Evaluacion"
"2020-2021";"92.33";"Veterinaria";"Hombres";"Evaluacion"
"2019-2020";"95.79";"Veterinaria";"Hombres";"Evaluacion"
"2018-2019";"91.13";"Veterinaria";"Hombres";"Evaluacion"
"2017-2018";"90.45";"Veterinaria";"Hombres";"Evaluacion"
"2016-2017";"90.7";"Veterinaria";"Hombres";"Evaluacion"
"2015-2016";"90.8";"Veterinaria";"Hombres";"Evaluacion"
"2022-2023";"94.67";"Total Salud y servicios sociales";"Hombres";"Evaluacion"
"2021-2022";"93.9";"Total Salud y servicios sociales";"Hombres";"Evaluacion"
"2020-2021";"94.99";"Total Salud y servicios sociales";"Hombres";"Evaluacion"
"2019-2020";"96.26";"Total Salud y servicios sociales";"Hombres";"Evaluacion"
"2018-2019";"94.07";"Total Salud y servicios sociales";"Hombres";"Evaluacion"
"2017-2018";"93.88";"Total Salud y servicios sociales";"Hombres";"Evaluacion"
"2016-2017";"93.84";"Total Salud y servicios sociales";"Hombres";"Evaluacion"
"2015-2016";"93.9";"Total Salud y servicios sociales";"Hombres";"Evaluacion"
"2022-2023";"95.3";"Medicina";"Hombres";"Evaluacion"
"2021-2022";"95.07";"Medicina";"Hombres";"Evaluacion"
"2020-2021";"95.42";"Medicina";"Hombres";"Evaluacion"
"2019-2020";"97.38";"Medicina";"Hombres";"Evaluacion"
"2018-2019";"95.24";"Medicina";"Hombres";"Evaluacion"
"2017-2018";"95.07";"Medicina";"Hombres";"Evaluacion"
"2016-2017";"95.22";"Medicina";"Hombres";"Evaluacion"
"2015-2016";"95.13";"Medicina";"Hombres";"Evaluacion"
"2022-2023";"96.77";"Enfermería y atención a enfermos";"Hombres";"Evaluacion"
"2021-2022";"95.14";"Enfermería y atención a enfermos";"Hombres";"Evaluacion"
"2020-2021";"96.79";"Enfermería y atención a enfermos";"Hombres";"Evaluacion"
"2019-2020";"97.53";"Enfermería y atención a enfermos";"Hombres";"Evaluacion"
"2018-2019";"96.06";"Enfermería y atención a enfermos";"Hombres";"Evaluacion"
"2017-2018";"96.09";"Enfermería y atención a enfermos";"Hombres";"Evaluacion"
"2016-2017";"95.93";"Enfermería y atención a enfermos";"Hombres";"Evaluacion"
"2015-2016";"96.1";"Enfermería y atención a enfermos";"Hombres";"Evaluacion"
"2022-2023";"94.46";"Otras ciencias de la Salud";"Hombres";"Evaluacion"
"2021-2022";"93.79";"Otras ciencias de la Salud";"Hombres";"Evaluacion"
"2020-2021";"94.78";"Otras ciencias de la Salud";"Hombres";"Evaluacion"
"2019-2020";"95.93";"Otras ciencias de la Salud";"Hombres";"Evaluacion"
"2018-2019";"93.69";"Otras ciencias de la Salud";"Hombres";"Evaluacion"
"2017-2018";"93.36";"Otras ciencias de la Salud";"Hombres";"Evaluacion"
"2016-2017";"93.26";"Otras ciencias de la Salud";"Hombres";"Evaluacion"
"2015-2016";"93.35";"Otras ciencias de la Salud";"Hombres";"Evaluacion"
"2022-2023";"85.94";"Trabajo social y orientación";"Hombres";"Evaluacion"
"2021-2022";"85.0";"Trabajo social y orientación";"Hombres";"Evaluacion"
"2020-2021";"89.56";"Trabajo social y orientación";"Hombres";"Evaluacion"
"2019-2020";"90.02";"Trabajo social y orientación";"Hombres";"Evaluacion"
"2018-2019";"86.03";"Trabajo social y orientación";"Hombres";"Evaluacion"
"2017-2018";"86.4";"Trabajo social y orientación";"Hombres";"Evaluacion"
"2016-2017";"85.98";"Trabajo social y orientación";"Hombres";"Evaluacion"
"2015-2016";"86.0";"Trabajo social y orientación";"Hombres";"Evaluacion"
"2022-2023";"91.98";"Total Servicios";"Hombres";"Evaluacion"
"2021-2022";"91.07";"Total Servicios";"Hombres";"Evaluacion"
"2020-2021";"92.25";"Total Servicios";"Hombres";"Evaluacion"
"2019-2020";"93.02";"Total Servicios";"Hombres";"Evaluacion"
"2018-2019";"90.27";"Total Servicios";"Hombres";"Evaluacion"
"2017-2018";"90.07";"Total Servicios";"Hombres";"Evaluacion"
"2016-2017";"90.41";"Total Servicios";"Hombres";"Evaluacion"
"2015-2016";"90.67";"Total Servicios";"Hombres";"Evaluacion"
"2022-2023";"94.84";"Deportes";"Hombres";"Evaluacion"
"2021-2022";"94.35";"Deportes";"Hombres";"Evaluacion"
"2020-2021";"94.79";"Deportes";"Hombres";"Evaluacion"
"2019-2020";"95.47";"Deportes";"Hombres";"Evaluacion"
"2018-2019";"93.37";"Deportes";"Hombres";"Evaluacion"
"2017-2018";"93.11";"Deportes";"Hombres";"Evaluacion"
"2016-2017";"93.66";"Deportes";"Hombres";"Evaluacion"
"2015-2016";"94.18";"Deportes";"Hombres";"Evaluacion"
"2022-2023";"84.15";"Turismo y Hostelería";"Hombres";"Evaluacion"
"2021-2022";"83.07";"Turismo y Hostelería";"Hombres";"Evaluacion"
"2020-2021";"86.82";"Turismo y Hostelería";"Hombres";"Evaluacion"
"2019-2020";"87.7";"Turismo y Hostelería";"Hombres";"Evaluacion"
"2018-2019";"83.53";"Turismo y Hostelería";"Hombres";"Evaluacion"
"2017-2018";"83.45";"Turismo y Hostelería";"Hombres";"Evaluacion"
"2016-2017";"84.02";"Turismo y Hostelería";"Hombres";"Evaluacion"
"2015-2016";"84.26";"Turismo y Hostelería";"Hombres";"Evaluacion"
"2022-2023";"90.93";"Otros Servicios";"Hombres";"Evaluacion"
"2021-2022";"89.98";"Otros Servicios";"Hombres";"Evaluacion"
"2020-2021";"90.94";"Otros Servicios";"Hombres";"Evaluacion"
"2019-2020";"92.23";"Otros Servicios";"Hombres";"Evaluacion"
"2018-2019";"90.0";"Otros Servicios";"Hombres";"Evaluacion"
"2017-2018";"90.65";"Otros Servicios";"Hombres";"Evaluacion"
"2016-2017";"90.03";"Otros Servicios";"Hombres";"Evaluacion"
"2015-2016";"89.32";"Otros Servicios";"Hombres";"Evaluacion"
"2022-2023";"82.58";"Todos los ámbitos";"Mujeres";"Rendimiento"
"2021-2022";"81.26";"Todos los ámbitos";"Mujeres";"Rendimiento"
"2020-2021";"84.55";"Todos los ámbitos";"Mujeres";"Rendimiento"
"2019-2020";"88.17";"Todos los ámbitos";"Mujeres";"Rendimiento"
"2018-2019";"82.02";"Todos los ámbitos";"Mujeres";"Rendimiento"
"2017-2018";"82.02";"Todos los ámbitos";"Mujeres";"Rendimiento"
"2016-2017";"81.83";"Todos los ámbitos";"Mujeres";"Rendimiento"
"2015-2016";"81.91";"Todos los ámbitos";"Mujeres";"Rendimiento"
"2022-2023";"90.9";"Total Educación";"Mujeres";"Rendimiento"
"2021-2022";"91.47";"Total Educación";"Mujeres";"Rendimiento"
"2020-2021";"93.65";"Total Educación";"Mujeres";"Rendimiento"
"2019-2020";"94.55";"Total Educación";"Mujeres";"Rendimiento"
"2018-2019";"90.9";"Total Educación";"Mujeres";"Rendimiento"
"2017-2018";"91.21";"Total Educación";"Mujeres";"Rendimiento"
"2016-2017";"90.95";"Total Educación";"Mujeres";"Rendimiento"
"2015-2016";"91.06";"Total Educación";"Mujeres";"Rendimiento"
"2022-2023";"90.1";"Formación de docentes de enseñanza infantil";"Mujeres";"Rendimiento"
"2021-2022";"92.95";"Formación de docentes de enseñanza infantil";"Mujeres";"Rendimiento"
"2020-2021";"94.59";"Formación de docentes de enseñanza infantil";"Mujeres";"Rendimiento"
"2019-2020";"95.38";"Formación de docentes de enseñanza infantil";"Mujeres";"Rendimiento"
"2018-2019";"92.67";"Formación de docentes de enseñanza infantil";"Mujeres";"Rendimiento"
"2017-2018";"92.88";"Formación de docentes de enseñanza infantil";"Mujeres";"Rendimiento"
"2016-2017";"92.82";"Formación de docentes de enseñanza infantil";"Mujeres";"Rendimiento"
"2015-2016";"93.01";"Formación de docentes de enseñanza infantil";"Mujeres";"Rendimiento"
"2022-2023";"93.11";"Formación de docentes de enseñanza primaria";"Mujeres";"Rendimiento"
"2021-2022";"93.2";"Formación de docentes de enseñanza primaria";"Mujeres";"Rendimiento"
"2020-2021";"94.75";"Formación de docentes de enseñanza primaria";"Mujeres";"Rendimiento"
"2019-2020";"95.57";"Formación de docentes de enseñanza primaria";"Mujeres";"Rendimiento"
"2018-2019";"92.09";"Formación de docentes de enseñanza primaria";"Mujeres";"Rendimiento"
"2017-2018";"92.26";"Formación de docentes de enseñanza primaria";"Mujeres";"Rendimiento"
"2016-2017";"92.0";"Formación de docentes de enseñanza primaria";"Mujeres";"Rendimiento"
"2015-2016";"92.12";"Formación de docentes de enseñanza primaria";"Mujeres";"Rendimiento"
"2022-2023";"86.73";"Otra Formación de personal docente y ciencias de la educación";"Mujeres";"Rendimiento"
"2021-2022";"84.88";"Otra Formación de personal docente y ciencias de la educación";"Mujeres";"Rendimiento"
"2020-2021";"89.38";"Otra Formación de personal docente y ciencias de la educación";"Mujeres";"Rendimiento"
"2019-2020";"90.45";"Otra Formación de personal docente y ciencias de la educación";"Mujeres";"Rendimiento"
"2018-2019";"84.95";"Otra Formación de personal docente y ciencias de la educación";"Mujeres";"Rendimiento"
"2017-2018";"85.61";"Otra Formación de personal docente y ciencias de la educación";"Mujeres";"Rendimiento"
"2016-2017";"85.21";"Otra Formación de personal docente y ciencias de la educación";"Mujeres";"Rendimiento"
"2015-2016";"85.07";"Otra Formación de personal docente y ciencias de la educación";"Mujeres";"Rendimiento"
"2022-2023";"81.25";"Total Artes y humanidades";"Mujeres";"Rendimiento"
"2021-2022";"79.68";"Total Artes y humanidades";"Mujeres";"Rendimiento"
"2020-2021";"83.1";"Total Artes y humanidades";"Mujeres";"Rendimiento"
"2019-2020";"85.98";"Total Artes y humanidades";"Mujeres";"Rendimiento"
"2018-2019";"80.49";"Total Artes y humanidades";"Mujeres";"Rendimiento"
"2017-2018";"80.6";"Total Artes y humanidades";"Mujeres";"Rendimiento"
"2016-2017";"80.4";"Total Artes y humanidades";"Mujeres";"Rendimiento"
"2015-2016";"80.59";"Total Artes y humanidades";"Mujeres";"Rendimiento"
"2022-2023";"90.79";"Técnicas audiovisuales y medios de comunicación";"Mujeres";"Rendimiento"
"2021-2022";"90.99";"Técnicas audiovisuales y medios de comunicación";"Mujeres";"Rendimiento"
"2020-2021";"92.37";"Técnicas audiovisuales y medios de comunicación";"Mujeres";"Rendimiento"
"2019-2020";"93.07";"Técnicas audiovisuales y medios de comunicación";"Mujeres";"Rendimiento"
"2018-2019";"90.67";"Técnicas audiovisuales y medios de comunicación";"Mujeres";"Rendimiento"
"2017-2018";"90.26";"Técnicas audiovisuales y medios de comunicación";"Mujeres";"Rendimiento"
"2016-2017";"90.87";"Técnicas audiovisuales y medios de comunicación";"Mujeres";"Rendimiento"
"2015-2016";"90.88";"Técnicas audiovisuales y medios de comunicación";"Mujeres";"Rendimiento"
"2022-2023";"83.26";"Artes";"Mujeres";"Rendimiento"
"2021-2022";"81.18";"Artes";"Mujeres";"Rendimiento"
"2020-2021";"84.31";"Artes";"Mujeres";"Rendimiento"
"2019-2020";"86.64";"Artes";"Mujeres";"Rendimiento"
"2018-2019";"82.21";"Artes";"Mujeres";"Rendimiento"
"2017-2018";"82.25";"Artes";"Mujeres";"Rendimiento"
"2016-2017";"82.23";"Artes";"Mujeres";"Rendimiento"
"2015-2016";"82.08";"Artes";"Mujeres";"Rendimiento"
"2022-2023";"78.69";"Lenguas";"Mujeres";"Rendimiento"
"2021-2022";"77.25";"Lenguas";"Mujeres";"Rendimiento"
"2020-2021";"81.15";"Lenguas";"Mujeres";"Rendimiento"
"2019-2020";"85.06";"Lenguas";"Mujeres";"Rendimiento"
"2018-2019";"78.74";"Lenguas";"Mujeres";"Rendimiento"
"2017-2018";"79.14";"Lenguas";"Mujeres";"Rendimiento"
"2016-2017";"78.68";"Lenguas";"Mujeres";"Rendimiento"
"2015-2016";"79.25";"Lenguas";"Mujeres";"Rendimiento"
"2022-2023";"75.75";"Humanidades";"Mujeres";"Rendimiento"
"2021-2022";"73.47";"Humanidades";"Mujeres";"Rendimiento"
"2020-2021";"78.36";"Humanidades";"Mujeres";"Rendimiento"
"2019-2020";"80.88";"Humanidades";"Mujeres";"Rendimiento"
"2018-2019";"73.46";"Humanidades";"Mujeres";"Rendimiento"
"2017-2018";"73.5";"Humanidades";"Mujeres";"Rendimiento"
"2016-2017";"73.8";"Humanidades";"Mujeres";"Rendimiento"
"2015-2016";"74.04";"Humanidades";"Mujeres";"Rendimiento"
"2022-2023";"79.25";"Total Ciencias sociales, periodismo y documentación";"Mujeres";"Rendimiento"
"2021-2022";"77.41";"Total Ciencias sociales, periodismo y documentación";"Mujeres";"Rendimiento"
"2020-2021";"83.1";"Total Ciencias sociales, periodismo y documentación";"Mujeres";"Rendimiento"
"2019-2020";"85.51";"Total Ciencias sociales, periodismo y documentación";"Mujeres";"Rendimiento"
"2018-2019";"78.65";"Total Ciencias sociales, periodismo y documentación";"Mujeres";"Rendimiento"
"2017-2018";"78.25";"Total Ciencias sociales, periodismo y documentación";"Mujeres";"Rendimiento"
"2016-2017";"77.94";"Total Ciencias sociales, periodismo y documentación";"Mujeres";"Rendimiento"
"2015-2016";"77.52";"Total Ciencias sociales, periodismo y documentación";"Mujeres";"Rendimiento"
"2022-2023";"76.4";"Psicología";"Mujeres";"Rendimiento"
"2021-2022";"73.23";"Psicología";"Mujeres";"Rendimiento"
"2020-2021";"81.05";"Psicología";"Mujeres";"Rendimiento"
"2019-2020";"83.86";"Psicología";"Mujeres";"Rendimiento"
"2018-2019";"76.12";"Psicología";"Mujeres";"Rendimiento"
"2017-2018";"75.8";"Psicología";"Mujeres";"Rendimiento"
"2016-2017";"74.6";"Psicología";"Mujeres";"Rendimiento"
"2015-2016";"73.66";"Psicología";"Mujeres";"Rendimiento"
"2022-2023";"74.2";"Economía";"Mujeres";"Rendimiento"
"2021-2022";"72.65";"Economía";"Mujeres";"Rendimiento"
"2020-2021";"76.49";"Economía";"Mujeres";"Rendimiento"
"2019-2020";"80.98";"Economía";"Mujeres";"Rendimiento"
"2018-2019";"71.52";"Economía";"Mujeres";"Rendimiento"
"2017-2018";"71.43";"Economía";"Mujeres";"Rendimiento"
"2016-2017";"71.11";"Economía";"Mujeres";"Rendimiento"
"2015-2016";"71.78";"Economía";"Mujeres";"Rendimiento"
"2022-2023";"81.95";"Otras Ciencias sociales y del comportamiento";"Mujeres";"Rendimiento"
"2021-2022";"81.22";"Otras Ciencias sociales y del comportamiento";"Mujeres";"Rendimiento"
"2020-2021";"85.45";"Otras Ciencias sociales y del comportamiento";"Mujeres";"Rendimiento"
"2019-2020";"86.62";"Otras Ciencias sociales y del comportamiento";"Mujeres";"Rendimiento"
"2018-2019";"80.54";"Otras Ciencias sociales y del comportamiento";"Mujeres";"Rendimiento"
"2017-2018";"79.73";"Otras Ciencias sociales y del comportamiento";"Mujeres";"Rendimiento"
"2016-2017";"81.44";"Otras Ciencias sociales y del comportamiento";"Mujeres";"Rendimiento"
"2015-2016";"81.36";"Otras Ciencias sociales y del comportamiento";"Mujeres";"Rendimiento"
"2022-2023";"88.58";"Periodismo e información";"Mujeres";"Rendimiento"
"2021-2022";"88.4";"Periodismo e información";"Mujeres";"Rendimiento"
"2020-2021";"90.61";"Periodismo e información";"Mujeres";"Rendimiento"
"2019-2020";"91.79";"Periodismo e información";"Mujeres";"Rendimiento"
"2018-2019";"87.74";"Periodismo e información";"Mujeres";"Rendimiento"
"2017-2018";"87.63";"Periodismo e información";"Mujeres";"Rendimiento"
"2016-2017";"87.38";"Periodismo e información";"Mujeres";"Rendimiento"
"2015-2016";"87.41";"Periodismo e información";"Mujeres";"Rendimiento"
"2022-2023";"78.05";"Total Negocios, administración y derecho";"Mujeres";"Rendimiento"
"2021-2022";"75.83";"Total Negocios, administración y derecho";"Mujeres";"Rendimiento"
"2020-2021";"80.45";"Total Negocios, administración y derecho";"Mujeres";"Rendimiento"
"2019-2020";"84.93";"Total Negocios, administración y derecho";"Mujeres";"Rendimiento"
"2018-2019";"76.52";"Total Negocios, administración y derecho";"Mujeres";"Rendimiento"
"2017-2018";"76.41";"Total Negocios, administración y derecho";"Mujeres";"Rendimiento"
"2016-2017";"76.15";"Total Negocios, administración y derecho";"Mujeres";"Rendimiento"
"2015-2016";"76.32";"Total Negocios, administración y derecho";"Mujeres";"Rendimiento"
"2022-2023";"77.71";"Administración y gestión de empresas";"Mujeres";"Rendimiento"
"2021-2022";"75.39";"Administración y gestión de empresas";"Mujeres";"Rendimiento"
"2020-2021";"79.35";"Administración y gestión de empresas";"Mujeres";"Rendimiento"
"2019-2020";"83.6";"Administración y gestión de empresas";"Mujeres";"Rendimiento"
"2018-2019";"75.72";"Administración y gestión de empresas";"Mujeres";"Rendimiento"
"2017-2018";"75.49";"Administración y gestión de empresas";"Mujeres";"Rendimiento"
"2016-2017";"75.01";"Administración y gestión de empresas";"Mujeres";"Rendimiento"
"2015-2016";"74.92";"Administración y gestión de empresas";"Mujeres";"Rendimiento"
"2022-2023";"84.59";"Otra Educación comercial y empresarial";"Mujeres";"Rendimiento"
"2021-2022";"82.75";"Otra Educación comercial y empresarial";"Mujeres";"Rendimiento"
"2020-2021";"85.64";"Otra Educación comercial y empresarial";"Mujeres";"Rendimiento"
"2019-2020";"88.33";"Otra Educación comercial y empresarial";"Mujeres";"Rendimiento"
"2018-2019";"82.29";"Otra Educación comercial y empresarial";"Mujeres";"Rendimiento"
"2017-2018";"82.36";"Otra Educación comercial y empresarial";"Mujeres";"Rendimiento"
"2016-2017";"82.01";"Otra Educación comercial y empresarial";"Mujeres";"Rendimiento"
"2015-2016";"82.14";"Otra Educación comercial y empresarial";"Mujeres";"Rendimiento"
"2022-2023";"75.69";"Derecho";"Mujeres";"Rendimiento"
"2021-2022";"73.44";"Derecho";"Mujeres";"Rendimiento"
"2020-2021";"79.4";"Derecho";"Mujeres";"Rendimiento"
"2019-2020";"84.8";"Derecho";"Mujeres";"Rendimiento"
"2018-2019";"75.01";"Derecho";"Mujeres";"Rendimiento"
"2017-2018";"74.98";"Derecho";"Mujeres";"Rendimiento"
"2016-2017";"75.05";"Derecho";"Mujeres";"Rendimiento"
"2015-2016";"75.57";"Derecho";"Mujeres";"Rendimiento"
"2022-2023";"78.3";"Total Ciencias";"Mujeres";"Rendimiento"
"2021-2022";"76.65";"Total Ciencias";"Mujeres";"Rendimiento"
"2020-2021";"77.97";"Total Ciencias";"Mujeres";"Rendimiento"
"2019-2020";"85.19";"Total Ciencias";"Mujeres";"Rendimiento"
"2018-2019";"77.14";"Total Ciencias";"Mujeres";"Rendimiento"
"2017-2018";"76.91";"Total Ciencias";"Mujeres";"Rendimiento"
"2016-2017";"77.04";"Total Ciencias";"Mujeres";"Rendimiento"
"2015-2016";"76.54";"Total Ciencias";"Mujeres";"Rendimiento"
"2022-2023";"83.0";"Ciencias de la vida";"Mujeres";"Rendimiento"
"2021-2022";"81.3";"Ciencias de la vida";"Mujeres";"Rendimiento"
"2020-2021";"83.18";"Ciencias de la vida";"Mujeres";"Rendimiento"
"2019-2020";"89.67";"Ciencias de la vida";"Mujeres";"Rendimiento"
"2018-2019";"82.34";"Ciencias de la vida";"Mujeres";"Rendimiento"
"2017-2018";"82.25";"Ciencias de la vida";"Mujeres";"Rendimiento"
"2016-2017";"82.6";"Ciencias de la vida";"Mujeres";"Rendimiento"
"2015-2016";"82.13";"Ciencias de la vida";"Mujeres";"Rendimiento"
"2022-2023";"71.26";"Ciencias Físicas, químicas, geológicas";"Mujeres";"Rendimiento"
"2021-2022";"69.78";"Ciencias Físicas, químicas, geológicas";"Mujeres";"Rendimiento"
"2020-2021";"70.75";"Ciencias Físicas, químicas, geológicas";"Mujeres";"Rendimiento"
"2019-2020";"79.68";"Ciencias Físicas, químicas, geológicas";"Mujeres";"Rendimiento"
"2018-2019";"70.81";"Ciencias Físicas, químicas, geológicas";"Mujeres";"Rendimiento"
"2017-2018";"70.38";"Ciencias Físicas, químicas, geológicas";"Mujeres";"Rendimiento"
"2016-2017";"70.15";"Ciencias Físicas, químicas, geológicas";"Mujeres";"Rendimiento"
"2015-2016";"69.52";"Ciencias Físicas, químicas, geológicas";"Mujeres";"Rendimiento"
"2022-2023";"75.04";"Matemáticas y Estadística";"Mujeres";"Rendimiento"
"2021-2022";"73.42";"Matemáticas y Estadística";"Mujeres";"Rendimiento"
"2020-2021";"73.49";"Matemáticas y Estadística";"Mujeres";"Rendimiento"
"2019-2020";"79.29";"Matemáticas y Estadística";"Mujeres";"Rendimiento"
"2018-2019";"69.64";"Matemáticas y Estadística";"Mujeres";"Rendimiento"
"2017-2018";"68.42";"Matemáticas y Estadística";"Mujeres";"Rendimiento"
"2016-2017";"67.65";"Matemáticas y Estadística";"Mujeres";"Rendimiento"
"2015-2016";"67.18";"Matemáticas y Estadística";"Mujeres";"Rendimiento"
"2022-2023";"73.53";"Total Informática";"Mujeres";"Rendimiento"
"2021-2022";"70.95";"Total Informática";"Mujeres";"Rendimiento"
"2020-2021";"71.57";"Total Informática";"Mujeres";"Rendimiento"
"2019-2020";"76.4";"Total Informática";"Mujeres";"Rendimiento"
"2018-2019";"69.37";"Total Informática";"Mujeres";"Rendimiento"
"2017-2018";"68.21";"Total Informática";"Mujeres";"Rendimiento"
"2016-2017";"65.94";"Total Informática";"Mujeres";"Rendimiento"
"2015-2016";"67.48";"Total Informática";"Mujeres";"Rendimiento"
"2022-2023";"73.53";"Informática";"Mujeres";"Rendimiento"
"2021-2022";"70.95";"Informática";"Mujeres";"Rendimiento"
"2020-2021";"71.57";"Informática";"Mujeres";"Rendimiento"
"2019-2020";"76.4";"Informática";"Mujeres";"Rendimiento"
"2018-2019";"69.37";"Informática";"Mujeres";"Rendimiento"
"2017-2018";"68.21";"Informática";"Mujeres";"Rendimiento"
"2016-2017";"65.94";"Informática";"Mujeres";"Rendimiento"
"2015-2016";"67.48";"Informática";"Mujeres";"Rendimiento"
"2022-2023";"71.05";"Total Ingeniería, industria y construcción";"Mujeres";"Rendimiento"
"2021-2022";"69.85";"Total Ingeniería, industria y construcción";"Mujeres";"Rendimiento"
"2020-2021";"71.7";"Total Ingeniería, industria y construcción";"Mujeres";"Rendimiento"
"2019-2020";"78.92";"Total Ingeniería, industria y construcción";"Mujeres";"Rendimiento"
"2018-2019";"71.76";"Total Ingeniería, industria y construcción";"Mujeres";"Rendimiento"
"2017-2018";"71.89";"Total Ingeniería, industria y construcción";"Mujeres";"Rendimiento"
"2016-2017";"72.58";"Total Ingeniería, industria y construcción";"Mujeres";"Rendimiento"
"2015-2016";"73.17";"Total Ingeniería, industria y construcción";"Mujeres";"Rendimiento"
"2022-2023";"70.61";"Ingenierías";"Mujeres";"Rendimiento"
"2021-2022";"69.48";"Ingenierías";"Mujeres";"Rendimiento"
"2020-2021";"71.39";"Ingenierías";"Mujeres";"Rendimiento"
"2019-2020";"79.17";"Ingenierías";"Mujeres";"Rendimiento"
"2018-2019";"71.2";"Ingenierías";"Mujeres";"Rendimiento"
"2017-2018";"71.22";"Ingenierías";"Mujeres";"Rendimiento"
"2016-2017";"72.0";"Ingenierías";"Mujeres";"Rendimiento"
"2015-2016";"72.29";"Ingenierías";"Mujeres";"Rendimiento"
"2022-2023";"72.07";"Arquitectura y construcción";"Mujeres";"Rendimiento"
"2021-2022";"70.78";"Arquitectura y construcción";"Mujeres";"Rendimiento"
"2020-2021";"72.54";"Arquitectura y construcción";"Mujeres";"Rendimiento"
"2019-2020";"78.29";"Arquitectura y construcción";"Mujeres";"Rendimiento"
"2018-2019";"73.2";"Arquitectura y construcción";"Mujeres";"Rendimiento"
"2017-2018";"73.52";"Arquitectura y construcción";"Mujeres";"Rendimiento"
"2016-2017";"73.91";"Arquitectura y construcción";"Mujeres";"Rendimiento"
"2015-2016";"75.01";"Arquitectura y construcción";"Mujeres";"Rendimiento"
"2022-2023";"76.0";"Total Agricultura, ganadería,  silvicultura, pesca, y veterinaria";"Mujeres";"Rendimiento"
"2021-2022";"74.78";"Total Agricultura, ganadería,  silvicultura, pesca, y veterinaria";"Mujeres";"Rendimiento"
"2020-2021";"78.2";"Total Agricultura, ganadería,  silvicultura, pesca, y veterinaria";"Mujeres";"Rendimiento"
"2019-2020";"87.64";"Total Agricultura, ganadería,  silvicultura, pesca, y veterinaria";"Mujeres";"Rendimiento"
"2018-2019";"77.8";"Total Agricultura, ganadería,  silvicultura, pesca, y veterinaria";"Mujeres";"Rendimiento"
"2017-2018";"76.98";"Total Agricultura, ganadería,  silvicultura, pesca, y veterinaria";"Mujeres";"Rendimiento"
"2016-2017";"76.99";"Total Agricultura, ganadería,  silvicultura, pesca, y veterinaria";"Mujeres";"Rendimiento"
"2015-2016";"76.83";"Total Agricultura, ganadería,  silvicultura, pesca, y veterinaria";"Mujeres";"Rendimiento"
"2022-2023";"62.34";"Agricultura, ganadería y pesca";"Mujeres";"Rendimiento"
"2021-2022";"60.33";"Agricultura, ganadería y pesca";"Mujeres";"Rendimiento"
"2020-2021";"65.25";"Agricultura, ganadería y pesca";"Mujeres";"Rendimiento"
"2019-2020";"75.33";"Agricultura, ganadería y pesca";"Mujeres";"Rendimiento"
"2018-2019";"67.02";"Agricultura, ganadería y pesca";"Mujeres";"Rendimiento"
"2017-2018";"67.22";"Agricultura, ganadería y pesca";"Mujeres";"Rendimiento"
"2016-2017";"66.86";"Agricultura, ganadería y pesca";"Mujeres";"Rendimiento"
"2015-2016";"67.88";"Agricultura, ganadería y pesca";"Mujeres";"Rendimiento"
"2022-2023";"80.77";"Veterinaria";"Mujeres";"Rendimiento"
"2021-2022";"79.88";"Veterinaria";"Mujeres";"Rendimiento"
"2020-2021";"82.52";"Veterinaria";"Mujeres";"Rendimiento"
"2019-2020";"91.66";"Veterinaria";"Mujeres";"Rendimiento"
"2018-2019";"81.49";"Veterinaria";"Mujeres";"Rendimiento"
"2017-2018";"80.5";"Veterinaria";"Mujeres";"Rendimiento"
"2016-2017";"81.06";"Veterinaria";"Mujeres";"Rendimiento"
"2015-2016";"80.75";"Veterinaria";"Mujeres";"Rendimiento"
"2022-2023";"89.18";"Total Salud y servicios sociales";"Mujeres";"Rendimiento"
"2021-2022";"88.12";"Total Salud y servicios sociales";"Mujeres";"Rendimiento"
"2020-2021";"90.18";"Total Salud y servicios sociales";"Mujeres";"Rendimiento"
"2019-2020";"93.58";"Total Salud y servicios sociales";"Mujeres";"Rendimiento"
"2018-2019";"89.15";"Total Salud y servicios sociales";"Mujeres";"Rendimiento"
"2017-2018";"89.14";"Total Salud y servicios sociales";"Mujeres";"Rendimiento"
"2016-2017";"88.96";"Total Salud y servicios sociales";"Mujeres";"Rendimiento"
"2015-2016";"89.12";"Total Salud y servicios sociales";"Mujeres";"Rendimiento"
"2022-2023";"90.96";"Medicina";"Mujeres";"Rendimiento"
"2021-2022";"90.22";"Medicina";"Mujeres";"Rendimiento"
"2020-2021";"91.15";"Medicina";"Mujeres";"Rendimiento"
"2019-2020";"95.59";"Medicina";"Mujeres";"Rendimiento"
"2018-2019";"91.06";"Medicina";"Mujeres";"Rendimiento"
"2017-2018";"91.07";"Medicina";"Mujeres";"Rendimiento"
"2016-2017";"90.94";"Medicina";"Mujeres";"Rendimiento"
"2015-2016";"91.37";"Medicina";"Mujeres";"Rendimiento"
"2022-2023";"93.4";"Enfermería y atención a enfermos";"Mujeres";"Rendimiento"
"2021-2022";"91.95";"Enfermería y atención a enfermos";"Mujeres";"Rendimiento"
"2020-2021";"93.69";"Enfermería y atención a enfermos";"Mujeres";"Rendimiento"
"2019-2020";"95.62";"Enfermería y atención a enfermos";"Mujeres";"Rendimiento"
"2018-2019";"93.14";"Enfermería y atención a enfermos";"Mujeres";"Rendimiento"
"2017-2018";"93.18";"Enfermería y atención a enfermos";"Mujeres";"Rendimiento"
"2016-2017";"93.33";"Enfermería y atención a enfermos";"Mujeres";"Rendimiento"
"2015-2016";"93.54";"Enfermería y atención a enfermos";"Mujeres";"Rendimiento"
"2022-2023";"85.62";"Otras ciencias de la Salud";"Mujeres";"Rendimiento"
"2021-2022";"84.85";"Otras ciencias de la Salud";"Mujeres";"Rendimiento"
"2020-2021";"86.99";"Otras ciencias de la Salud";"Mujeres";"Rendimiento"
"2019-2020";"91.49";"Otras ciencias de la Salud";"Mujeres";"Rendimiento"
"2018-2019";"86.18";"Otras ciencias de la Salud";"Mujeres";"Rendimiento"
"2017-2018";"85.96";"Otras ciencias de la Salud";"Mujeres";"Rendimiento"
"2016-2017";"85.79";"Otras ciencias de la Salud";"Mujeres";"Rendimiento"
"2015-2016";"85.8";"Otras ciencias de la Salud";"Mujeres";"Rendimiento"
"2022-2023";"85.1";"Trabajo social y orientación";"Mujeres";"Rendimiento"
"2021-2022";"83.83";"Trabajo social y orientación";"Mujeres";"Rendimiento"
"2020-2021";"88.98";"Trabajo social y orientación";"Mujeres";"Rendimiento"
"2019-2020";"90.68";"Trabajo social y orientación";"Mujeres";"Rendimiento"
"2018-2019";"84.07";"Trabajo social y orientación";"Mujeres";"Rendimiento"
"2017-2018";"84.78";"Trabajo social y orientación";"Mujeres";"Rendimiento"
"2016-2017";"83.56";"Trabajo social y orientación";"Mujeres";"Rendimiento"
"2015-2016";"83.43";"Trabajo social y orientación";"Mujeres";"Rendimiento"
"2022-2023";"82.1";"Total Servicios";"Mujeres";"Rendimiento"
"2021-2022";"80.98";"Total Servicios";"Mujeres";"Rendimiento"
"2020-2021";"85.0";"Total Servicios";"Mujeres";"Rendimiento"
"2019-2020";"87.16";"Total Servicios";"Mujeres";"Rendimiento"
"2018-2019";"80.66";"Total Servicios";"Mujeres";"Rendimiento"
"2017-2018";"80.59";"Total Servicios";"Mujeres";"Rendimiento"
"2016-2017";"80.55";"Total Servicios";"Mujeres";"Rendimiento"
"2015-2016";"80.93";"Total Servicios";"Mujeres";"Rendimiento"
"2022-2023";"90.19";"Deportes";"Mujeres";"Rendimiento"
"2021-2022";"89.93";"Deportes";"Mujeres";"Rendimiento"
"2020-2021";"91.74";"Deportes";"Mujeres";"Rendimiento"
"2019-2020";"93.57";"Deportes";"Mujeres";"Rendimiento"
"2018-2019";"88.43";"Deportes";"Mujeres";"Rendimiento"
"2017-2018";"89.04";"Deportes";"Mujeres";"Rendimiento"
"2016-2017";"89.24";"Deportes";"Mujeres";"Rendimiento"
"2015-2016";"89.29";"Deportes";"Mujeres";"Rendimiento"
"2022-2023";"77.94";"Turismo y Hostelería";"Mujeres";"Rendimiento"
"2021-2022";"77.06";"Turismo y Hostelería";"Mujeres";"Rendimiento"
"2020-2021";"82.48";"Turismo y Hostelería";"Mujeres";"Rendimiento"
"2019-2020";"84.96";"Turismo y Hostelería";"Mujeres";"Rendimiento"
"2018-2019";"78.07";"Turismo y Hostelería";"Mujeres";"Rendimiento"
"2017-2018";"78.25";"Turismo y Hostelería";"Mujeres";"Rendimiento"
"2016-2017";"78.44";"Turismo y Hostelería";"Mujeres";"Rendimiento"
"2015-2016";"79.01";"Turismo y Hostelería";"Mujeres";"Rendimiento"
"2022-2023";"84.57";"Otros Servicios";"Mujeres";"Rendimiento"
"2021-2022";"85.16";"Otros Servicios";"Mujeres";"Rendimiento"
"2020-2021";"88.09";"Otros Servicios";"Mujeres";"Rendimiento"
"2019-2020";"89.81";"Otros Servicios";"Mujeres";"Rendimiento"
"2018-2019";"86.33";"Otros Servicios";"Mujeres";"Rendimiento"
"2017-2018";"84.72";"Otros Servicios";"Mujeres";"Rendimiento"
"2016-2017";"84.13";"Otros Servicios";"Mujeres";"Rendimiento"
"2015-2016";"83.83";"Otros Servicios";"Mujeres";"Rendimiento"
"2022-2023";"90.46";"Todos los ámbitos";"Mujeres";"Exito"
"2021-2022";"89.95";"Todos los ámbitos";"Mujeres";"Exito"
"2020-2021";"91.24";"Todos los ámbitos";"Mujeres";"Exito"
"2019-2020";"93.77";"Todos los ámbitos";"Mujeres";"Exito"
"2018-2019";"90.27";"Todos los ámbitos";"Mujeres";"Exito"
"2017-2018";"90.24";"Todos los ámbitos";"Mujeres";"Exito"
"2016-2017";"90.05";"Todos los ámbitos";"Mujeres";"Exito"
"2015-2016";"90.27";"Todos los ámbitos";"Mujeres";"Exito"
"2022-2023";"95.9";"Total Educación";"Mujeres";"Exito"
"2021-2022";"95.85";"Total Educación";"Mujeres";"Exito"
"2020-2021";"96.78";"Total Educación";"Mujeres";"Exito"
"2019-2020";"97.51";"Total Educación";"Mujeres";"Exito"
"2018-2019";"95.6";"Total Educación";"Mujeres";"Exito"
"2017-2018";"95.73";"Total Educación";"Mujeres";"Exito"
"2016-2017";"95.6";"Total Educación";"Mujeres";"Exito"
"2015-2016";"95.82";"Total Educación";"Mujeres";"Exito"
"2022-2023";"95.82";"Formación de docentes de enseñanza infantil";"Mujeres";"Exito"
"2021-2022";"96.02";"Formación de docentes de enseñanza infantil";"Mujeres";"Exito"
"2020-2021";"96.98";"Formación de docentes de enseñanza infantil";"Mujeres";"Exito"
"2019-2020";"97.73";"Formación de docentes de enseñanza infantil";"Mujeres";"Exito"
"2018-2019";"95.97";"Formación de docentes de enseñanza infantil";"Mujeres";"Exito"
"2017-2018";"96.16";"Formación de docentes de enseñanza infantil";"Mujeres";"Exito"
"2016-2017";"96.14";"Formación de docentes de enseñanza infantil";"Mujeres";"Exito"
"2015-2016";"96.28";"Formación de docentes de enseñanza infantil";"Mujeres";"Exito"
"2022-2023";"96.31";"Formación de docentes de enseñanza primaria";"Mujeres";"Exito"
"2021-2022";"96.14";"Formación de docentes de enseñanza primaria";"Mujeres";"Exito"
"2020-2021";"97.0";"Formación de docentes de enseñanza primaria";"Mujeres";"Exito"
"2019-2020";"97.7";"Formación de docentes de enseñanza primaria";"Mujeres";"Exito"
"2018-2019";"95.56";"Formación de docentes de enseñanza primaria";"Mujeres";"Exito"
"2017-2018";"95.64";"Formación de docentes de enseñanza primaria";"Mujeres";"Exito"
"2016-2017";"95.44";"Formación de docentes de enseñanza primaria";"Mujeres";"Exito"
"2015-2016";"95.73";"Formación de docentes de enseñanza primaria";"Mujeres";"Exito"
"2022-2023";"94.94";"Otra Formación de personal docente y ciencias de la educación";"Mujeres";"Exito"
"2021-2022";"94.78";"Otra Formación de personal docente y ciencias de la educación";"Mujeres";"Exito"
"2020-2021";"95.86";"Otra Formación de personal docente y ciencias de la educación";"Mujeres";"Exito"
"2019-2020";"96.6";"Otra Formación de personal docente y ciencias de la educación";"Mujeres";"Exito"
"2018-2019";"94.95";"Otra Formación de personal docente y ciencias de la educación";"Mujeres";"Exito"
"2017-2018";"95.1";"Otra Formación de personal docente y ciencias de la educación";"Mujeres";"Exito"
"2016-2017";"94.94";"Otra Formación de personal docente y ciencias de la educación";"Mujeres";"Exito"
"2015-2016";"95.17";"Otra Formación de personal docente y ciencias de la educación";"Mujeres";"Exito"
"2022-2023";"91.86";"Total Artes y humanidades";"Mujeres";"Exito"
"2021-2022";"91.46";"Total Artes y humanidades";"Mujeres";"Exito"
"2020-2021";"92.65";"Total Artes y humanidades";"Mujeres";"Exito"
"2019-2020";"94.17";"Total Artes y humanidades";"Mujeres";"Exito"
"2018-2019";"91.73";"Total Artes y humanidades";"Mujeres";"Exito"
"2017-2018";"91.8";"Total Artes y humanidades";"Mujeres";"Exito"
"2016-2017";"91.53";"Total Artes y humanidades";"Mujeres";"Exito"
"2015-2016";"91.76";"Total Artes y humanidades";"Mujeres";"Exito"
"2022-2023";"95.67";"Técnicas audiovisuales y medios de comunicación";"Mujeres";"Exito"
"2021-2022";"95.87";"Técnicas audiovisuales y medios de comunicación";"Mujeres";"Exito"
"2020-2021";"96.56";"Técnicas audiovisuales y medios de comunicación";"Mujeres";"Exito"
"2019-2020";"97.28";"Técnicas audiovisuales y medios de comunicación";"Mujeres";"Exito"
"2018-2019";"95.68";"Técnicas audiovisuales y medios de comunicación";"Mujeres";"Exito"
"2017-2018";"95.69";"Técnicas audiovisuales y medios de comunicación";"Mujeres";"Exito"
"2016-2017";"95.65";"Técnicas audiovisuales y medios de comunicación";"Mujeres";"Exito"
"2015-2016";"95.18";"Técnicas audiovisuales y medios de comunicación";"Mujeres";"Exito"
"2022-2023";"94.18";"Artes";"Mujeres";"Exito"
"2021-2022";"93.63";"Artes";"Mujeres";"Exito"
"2020-2021";"94.5";"Artes";"Mujeres";"Exito"
"2019-2020";"95.39";"Artes";"Mujeres";"Exito"
"2018-2019";"93.84";"Artes";"Mujeres";"Exito"
"2017-2018";"93.76";"Artes";"Mujeres";"Exito"
"2016-2017";"93.71";"Artes";"Mujeres";"Exito"
"2015-2016";"93.88";"Artes";"Mujeres";"Exito"
"2022-2023";"89.46";"Lenguas";"Mujeres";"Exito"
"2021-2022";"89.05";"Lenguas";"Mujeres";"Exito"
"2020-2021";"90.58";"Lenguas";"Mujeres";"Exito"
"2019-2020";"92.79";"Lenguas";"Mujeres";"Exito"
"2018-2019";"89.74";"Lenguas";"Mujeres";"Exito"
"2017-2018";"90.06";"Lenguas";"Mujeres";"Exito"
"2016-2017";"89.66";"Lenguas";"Mujeres";"Exito"
"2015-2016";"90.18";"Lenguas";"Mujeres";"Exito"
"2022-2023";"90.43";"Humanidades";"Mujeres";"Exito"
"2021-2022";"90.04";"Humanidades";"Mujeres";"Exito"
"2020-2021";"91.82";"Humanidades";"Mujeres";"Exito"
"2019-2020";"93.25";"Humanidades";"Mujeres";"Exito"
"2018-2019";"90.45";"Humanidades";"Mujeres";"Exito"
"2017-2018";"90.33";"Humanidades";"Mujeres";"Exito"
"2016-2017";"90.19";"Humanidades";"Mujeres";"Exito"
"2015-2016";"90.43";"Humanidades";"Mujeres";"Exito"
"2022-2023";"90.74";"Total Ciencias sociales, periodismo y documentación";"Mujeres";"Exito"
"2021-2022";"89.88";"Total Ciencias sociales, periodismo y documentación";"Mujeres";"Exito"
"2020-2021";"92.03";"Total Ciencias sociales, periodismo y documentación";"Mujeres";"Exito"
"2019-2020";"93.72";"Total Ciencias sociales, periodismo y documentación";"Mujeres";"Exito"
"2018-2019";"90.37";"Total Ciencias sociales, periodismo y documentación";"Mujeres";"Exito"
"2017-2018";"90.06";"Total Ciencias sociales, periodismo y documentación";"Mujeres";"Exito"
"2016-2017";"89.96";"Total Ciencias sociales, periodismo y documentación";"Mujeres";"Exito"
"2015-2016";"89.81";"Total Ciencias sociales, periodismo y documentación";"Mujeres";"Exito"
"2022-2023";"90.14";"Psicología";"Mujeres";"Exito"
"2021-2022";"88.47";"Psicología";"Mujeres";"Exito"
"2020-2021";"91.18";"Psicología";"Mujeres";"Exito"
"2019-2020";"93.35";"Psicología";"Mujeres";"Exito"
"2018-2019";"89.59";"Psicología";"Mujeres";"Exito"
"2017-2018";"89.2";"Psicología";"Mujeres";"Exito"
"2016-2017";"89.04";"Psicología";"Mujeres";"Exito"
"2015-2016";"88.79";"Psicología";"Mujeres";"Exito"
"2022-2023";"83.96";"Economía";"Mujeres";"Exito"
"2021-2022";"83.12";"Economía";"Mujeres";"Exito"
"2020-2021";"85.39";"Economía";"Mujeres";"Exito"
"2019-2020";"88.09";"Economía";"Mujeres";"Exito"
"2018-2019";"82.55";"Economía";"Mujeres";"Exito"
"2017-2018";"82.67";"Economía";"Mujeres";"Exito"
"2016-2017";"82.63";"Economía";"Mujeres";"Exito"
"2015-2016";"82.78";"Economía";"Mujeres";"Exito"
"2022-2023";"92.38";"Otras Ciencias sociales y del comportamiento";"Mujeres";"Exito"
"2021-2022";"92.28";"Otras Ciencias sociales y del comportamiento";"Mujeres";"Exito"
"2020-2021";"94.0";"Otras Ciencias sociales y del comportamiento";"Mujeres";"Exito"
"2019-2020";"94.88";"Otras Ciencias sociales y del comportamiento";"Mujeres";"Exito"
"2018-2019";"92.39";"Otras Ciencias sociales y del comportamiento";"Mujeres";"Exito"
"2017-2018";"92.07";"Otras Ciencias sociales y del comportamiento";"Mujeres";"Exito"
"2016-2017";"92.21";"Otras Ciencias sociales y del comportamiento";"Mujeres";"Exito"
"2015-2016";"92.38";"Otras Ciencias sociales y del comportamiento";"Mujeres";"Exito"
"2022-2023";"94.32";"Periodismo e información";"Mujeres";"Exito"
"2021-2022";"94.25";"Periodismo e información";"Mujeres";"Exito"
"2020-2021";"95.57";"Periodismo e información";"Mujeres";"Exito"
"2019-2020";"96.4";"Periodismo e información";"Mujeres";"Exito"
"2018-2019";"94.06";"Periodismo e información";"Mujeres";"Exito"
"2017-2018";"94.0";"Periodismo e información";"Mujeres";"Exito"
"2016-2017";"93.88";"Periodismo e información";"Mujeres";"Exito"
"2015-2016";"93.71";"Periodismo e información";"Mujeres";"Exito"
"2022-2023";"87.26";"Total Negocios, administración y derecho";"Mujeres";"Exito"
"2021-2022";"86.31";"Total Negocios, administración y derecho";"Mujeres";"Exito"
"2020-2021";"88.27";"Total Negocios, administración y derecho";"Mujeres";"Exito"
"2019-2020";"91.51";"Total Negocios, administración y derecho";"Mujeres";"Exito"
"2018-2019";"86.78";"Total Negocios, administración y derecho";"Mujeres";"Exito"
"2017-2018";"86.61";"Total Negocios, administración y derecho";"Mujeres";"Exito"
"2016-2017";"86.39";"Total Negocios, administración y derecho";"Mujeres";"Exito"
"2015-2016";"86.81";"Total Negocios, administración y derecho";"Mujeres";"Exito"
"2022-2023";"86.45";"Administración y gestión de empresas";"Mujeres";"Exito"
"2021-2022";"85.3";"Administración y gestión de empresas";"Mujeres";"Exito"
"2020-2021";"87.11";"Administración y gestión de empresas";"Mujeres";"Exito"
"2019-2020";"90.33";"Administración y gestión de empresas";"Mujeres";"Exito"
"2018-2019";"85.64";"Administración y gestión de empresas";"Mujeres";"Exito"
"2017-2018";"85.47";"Administración y gestión de empresas";"Mujeres";"Exito"
"2016-2017";"85.26";"Administración y gestión de empresas";"Mujeres";"Exito"
"2015-2016";"85.42";"Administración y gestión de empresas";"Mujeres";"Exito"
"2022-2023";"91.19";"Otra Educación comercial y empresarial";"Mujeres";"Exito"
"2021-2022";"90.34";"Otra Educación comercial y empresarial";"Mujeres";"Exito"
"2020-2021";"91.67";"Otra Educación comercial y empresarial";"Mujeres";"Exito"
"2019-2020";"93.67";"Otra Educación comercial y empresarial";"Mujeres";"Exito"
"2018-2019";"89.66";"Otra Educación comercial y empresarial";"Mujeres";"Exito"
"2017-2018";"89.55";"Otra Educación comercial y empresarial";"Mujeres";"Exito"
"2016-2017";"89.12";"Otra Educación comercial y empresarial";"Mujeres";"Exito"
"2015-2016";"89.09";"Otra Educación comercial y empresarial";"Mujeres";"Exito"
"2022-2023";"86.38";"Derecho";"Mujeres";"Exito"
"2021-2022";"85.58";"Derecho";"Mujeres";"Exito"
"2020-2021";"87.97";"Derecho";"Mujeres";"Exito"
"2019-2020";"91.75";"Derecho";"Mujeres";"Exito"
"2018-2019";"86.68";"Derecho";"Mujeres";"Exito"
"2017-2018";"86.52";"Derecho";"Mujeres";"Exito"
"2016-2017";"86.41";"Derecho";"Mujeres";"Exito"
"2015-2016";"87.33";"Derecho";"Mujeres";"Exito"
"2022-2023";"86.36";"Total Ciencias";"Mujeres";"Exito"
"2021-2022";"85.76";"Total Ciencias";"Mujeres";"Exito"
"2020-2021";"85.81";"Total Ciencias";"Mujeres";"Exito"
"2019-2020";"91.08";"Total Ciencias";"Mujeres";"Exito"
"2018-2019";"85.69";"Total Ciencias";"Mujeres";"Exito"
"2017-2018";"85.39";"Total Ciencias";"Mujeres";"Exito"
"2016-2017";"85.24";"Total Ciencias";"Mujeres";"Exito"
"2015-2016";"85.06";"Total Ciencias";"Mujeres";"Exito"
"2022-2023";"89.02";"Ciencias de la vida";"Mujeres";"Exito"
"2021-2022";"88.36";"Ciencias de la vida";"Mujeres";"Exito"
"2020-2021";"88.83";"Ciencias de la vida";"Mujeres";"Exito"
"2019-2020";"93.88";"Ciencias de la vida";"Mujeres";"Exito"
"2018-2019";"88.79";"Ciencias de la vida";"Mujeres";"Exito"
"2017-2018";"88.71";"Ciencias de la vida";"Mujeres";"Exito"
"2016-2017";"88.84";"Ciencias de la vida";"Mujeres";"Exito"
"2015-2016";"88.63";"Ciencias de la vida";"Mujeres";"Exito"
"2022-2023";"81.0";"Ciencias Físicas, químicas, geológicas";"Mujeres";"Exito"
"2021-2022";"80.73";"Ciencias Físicas, químicas, geológicas";"Mujeres";"Exito"
"2020-2021";"80.31";"Ciencias Físicas, químicas, geológicas";"Mujeres";"Exito"
"2019-2020";"86.87";"Ciencias Físicas, químicas, geológicas";"Mujeres";"Exito"
"2018-2019";"80.95";"Ciencias Físicas, químicas, geológicas";"Mujeres";"Exito"
"2017-2018";"80.53";"Ciencias Físicas, químicas, geológicas";"Mujeres";"Exito"
"2016-2017";"79.79";"Ciencias Físicas, químicas, geológicas";"Mujeres";"Exito"
"2015-2016";"79.59";"Ciencias Físicas, químicas, geológicas";"Mujeres";"Exito"
"2022-2023";"86.71";"Matemáticas y Estadística";"Mujeres";"Exito"
"2021-2022";"85.76";"Matemáticas y Estadística";"Mujeres";"Exito"
"2020-2021";"85.4";"Matemáticas y Estadística";"Mujeres";"Exito"
"2019-2020";"88.63";"Matemáticas y Estadística";"Mujeres";"Exito"
"2018-2019";"82.8";"Matemáticas y Estadística";"Mujeres";"Exito"
"2017-2018";"81.17";"Matemáticas y Estadística";"Mujeres";"Exito"
"2016-2017";"80.84";"Matemáticas y Estadística";"Mujeres";"Exito"
"2015-2016";"80.62";"Matemáticas y Estadística";"Mujeres";"Exito"
"2022-2023";"84.14";"Total Informática";"Mujeres";"Exito"
"2021-2022";"82.7";"Total Informática";"Mujeres";"Exito"
"2020-2021";"83.17";"Total Informática";"Mujeres";"Exito"
"2019-2020";"86.04";"Total Informática";"Mujeres";"Exito"
"2018-2019";"81.65";"Total Informática";"Mujeres";"Exito"
"2017-2018";"80.74";"Total Informática";"Mujeres";"Exito"
"2016-2017";"79.33";"Total Informática";"Mujeres";"Exito"
"2015-2016";"80.91";"Total Informática";"Mujeres";"Exito"
"2022-2023";"84.14";"Informática";"Mujeres";"Exito"
"2021-2022";"82.7";"Informática";"Mujeres";"Exito"
"2020-2021";"83.17";"Informática";"Mujeres";"Exito"
"2019-2020";"86.04";"Informática";"Mujeres";"Exito"
"2018-2019";"81.65";"Informática";"Mujeres";"Exito"
"2017-2018";"80.74";"Informática";"Mujeres";"Exito"
"2016-2017";"79.33";"Informática";"Mujeres";"Exito"
"2015-2016";"80.91";"Informática";"Mujeres";"Exito"
"2022-2023";"81.2";"Total Ingeniería, industria y construcción";"Mujeres";"Exito"
"2021-2022";"80.72";"Total Ingeniería, industria y construcción";"Mujeres";"Exito"
"2020-2021";"81.59";"Total Ingeniería, industria y construcción";"Mujeres";"Exito"
"2019-2020";"86.72";"Total Ingeniería, industria y construcción";"Mujeres";"Exito"
"2018-2019";"81.81";"Total Ingeniería, industria y construcción";"Mujeres";"Exito"
"2017-2018";"81.86";"Total Ingeniería, industria y construcción";"Mujeres";"Exito"
"2016-2017";"81.88";"Total Ingeniería, industria y construcción";"Mujeres";"Exito"
"2015-2016";"82.24";"Total Ingeniería, industria y construcción";"Mujeres";"Exito"
"2022-2023";"80.37";"Ingenierías";"Mujeres";"Exito"
"2021-2022";"79.76";"Ingenierías";"Mujeres";"Exito"
"2020-2021";"80.69";"Ingenierías";"Mujeres";"Exito"
"2019-2020";"86.24";"Ingenierías";"Mujeres";"Exito"
"2018-2019";"80.7";"Ingenierías";"Mujeres";"Exito"
"2017-2018";"80.41";"Ingenierías";"Mujeres";"Exito"
"2016-2017";"80.65";"Ingenierías";"Mujeres";"Exito"
"2015-2016";"80.88";"Ingenierías";"Mujeres";"Exito"
"2022-2023";"83.16";"Arquitectura y construcción";"Mujeres";"Exito"
"2021-2022";"83.18";"Arquitectura y construcción";"Mujeres";"Exito"
"2020-2021";"84.03";"Arquitectura y construcción";"Mujeres";"Exito"
"2019-2020";"88.01";"Arquitectura y construcción";"Mujeres";"Exito"
"2018-2019";"84.72";"Arquitectura y construcción";"Mujeres";"Exito"
"2017-2018";"85.55";"Arquitectura y construcción";"Mujeres";"Exito"
"2016-2017";"84.76";"Arquitectura y construcción";"Mujeres";"Exito"
"2015-2016";"85.15";"Arquitectura y construcción";"Mujeres";"Exito"
"2022-2023";"83.99";"Total Agricultura, ganadería,  silvicultura, pesca, y veterinaria";"Mujeres";"Exito"
"2021-2022";"83.42";"Total Agricultura, ganadería,  silvicultura, pesca, y veterinaria";"Mujeres";"Exito"
"2020-2021";"85.5";"Total Agricultura, ganadería,  silvicultura, pesca, y veterinaria";"Mujeres";"Exito"
"2019-2020";"92.29";"Total Agricultura, ganadería,  silvicultura, pesca, y veterinaria";"Mujeres";"Exito"
"2018-2019";"85.59";"Total Agricultura, ganadería,  silvicultura, pesca, y veterinaria";"Mujeres";"Exito"
"2017-2018";"85.01";"Total Agricultura, ganadería,  silvicultura, pesca, y veterinaria";"Mujeres";"Exito"
"2016-2017";"84.62";"Total Agricultura, ganadería,  silvicultura, pesca, y veterinaria";"Mujeres";"Exito"
"2015-2016";"85.32";"Total Agricultura, ganadería,  silvicultura, pesca, y veterinaria";"Mujeres";"Exito"
"2022-2023";"76.79";"Agricultura, ganadería y pesca";"Mujeres";"Exito"
"2021-2022";"75.44";"Agricultura, ganadería y pesca";"Mujeres";"Exito"
"2020-2021";"78.15";"Agricultura, ganadería y pesca";"Mujeres";"Exito"
"2019-2020";"85.82";"Agricultura, ganadería y pesca";"Mujeres";"Exito"
"2018-2019";"79.9";"Agricultura, ganadería y pesca";"Mujeres";"Exito"
"2017-2018";"80.35";"Agricultura, ganadería y pesca";"Mujeres";"Exito"
"2016-2017";"78.81";"Agricultura, ganadería y pesca";"Mujeres";"Exito"
"2015-2016";"81.13";"Agricultura, ganadería y pesca";"Mujeres";"Exito"
"2022-2023";"86.16";"Veterinaria";"Mujeres";"Exito"
"2021-2022";"85.83";"Veterinaria";"Mujeres";"Exito"
"2020-2021";"87.68";"Veterinaria";"Mujeres";"Exito"
"2019-2020";"94.19";"Veterinaria";"Mujeres";"Exito"
"2018-2019";"87.33";"Veterinaria";"Mujeres";"Exito"
"2017-2018";"86.52";"Veterinaria";"Mujeres";"Exito"
"2016-2017";"86.75";"Veterinaria";"Mujeres";"Exito"
"2015-2016";"86.98";"Veterinaria";"Mujeres";"Exito"
"2022-2023";"92.75";"Total Salud y servicios sociales";"Mujeres";"Exito"
"2021-2022";"92.54";"Total Salud y servicios sociales";"Mujeres";"Exito"
"2020-2021";"93.32";"Total Salud y servicios sociales";"Mujeres";"Exito"
"2019-2020";"96.03";"Total Salud y servicios sociales";"Mujeres";"Exito"
"2018-2019";"92.97";"Total Salud y servicios sociales";"Mujeres";"Exito"
"2017-2018";"93.03";"Total Salud y servicios sociales";"Mujeres";"Exito"
"2016-2017";"92.94";"Total Salud y servicios sociales";"Mujeres";"Exito"
"2015-2016";"93.17";"Total Salud y servicios sociales";"Mujeres";"Exito"
"2022-2023";"94.03";"Medicina";"Mujeres";"Exito"
"2021-2022";"93.55";"Medicina";"Mujeres";"Exito"
"2020-2021";"93.97";"Medicina";"Mujeres";"Exito"
"2019-2020";"97.2";"Medicina";"Mujeres";"Exito"
"2018-2019";"94.26";"Medicina";"Mujeres";"Exito"
"2017-2018";"94.39";"Medicina";"Mujeres";"Exito"
"2016-2017";"94.24";"Medicina";"Mujeres";"Exito"
"2015-2016";"94.59";"Medicina";"Mujeres";"Exito"
"2022-2023";"95.22";"Enfermería y atención a enfermos";"Mujeres";"Exito"
"2021-2022";"95.14";"Enfermería y atención a enfermos";"Mujeres";"Exito"
"2020-2021";"95.37";"Enfermería y atención a enfermos";"Mujeres";"Exito"
"2019-2020";"97.16";"Enfermería y atención a enfermos";"Mujeres";"Exito"
"2018-2019";"95.05";"Enfermería y atención a enfermos";"Mujeres";"Exito"
"2017-2018";"95.21";"Enfermería y atención a enfermos";"Mujeres";"Exito"
"2016-2017";"95.36";"Enfermería y atención a enfermos";"Mujeres";"Exito"
"2015-2016";"95.56";"Enfermería y atención a enfermos";"Mujeres";"Exito"
"2022-2023";"89.63";"Otras ciencias de la Salud";"Mujeres";"Exito"
"2021-2022";"89.52";"Otras ciencias de la Salud";"Mujeres";"Exito"
"2020-2021";"90.57";"Otras ciencias de la Salud";"Mujeres";"Exito"
"2019-2020";"94.3";"Otras ciencias de la Salud";"Mujeres";"Exito"
"2018-2019";"90.37";"Otras ciencias de la Salud";"Mujeres";"Exito"
"2017-2018";"90.33";"Otras ciencias de la Salud";"Mujeres";"Exito"
"2016-2017";"90.22";"Otras ciencias de la Salud";"Mujeres";"Exito"
"2015-2016";"90.22";"Otras ciencias de la Salud";"Mujeres";"Exito"
"2022-2023";"93.24";"Trabajo social y orientación";"Mujeres";"Exito"
"2021-2022";"92.92";"Trabajo social y orientación";"Mujeres";"Exito"
"2020-2021";"95.09";"Trabajo social y orientación";"Mujeres";"Exito"
"2019-2020";"96.07";"Trabajo social y orientación";"Mujeres";"Exito"
"2018-2019";"92.85";"Trabajo social y orientación";"Mujeres";"Exito"
"2017-2018";"92.92";"Trabajo social y orientación";"Mujeres";"Exito"
"2016-2017";"92.26";"Trabajo social y orientación";"Mujeres";"Exito"
"2015-2016";"92.8";"Trabajo social y orientación";"Mujeres";"Exito"
"2022-2023";"90.04";"Total Servicios";"Mujeres";"Exito"
"2021-2022";"89.61";"Total Servicios";"Mujeres";"Exito"
"2020-2021";"91.5";"Total Servicios";"Mujeres";"Exito"
"2019-2020";"93.28";"Total Servicios";"Mujeres";"Exito"
"2018-2019";"89.42";"Total Servicios";"Mujeres";"Exito"
"2017-2018";"89.37";"Total Servicios";"Mujeres";"Exito"
"2016-2017";"89.33";"Total Servicios";"Mujeres";"Exito"
"2015-2016";"89.66";"Total Servicios";"Mujeres";"Exito"
"2022-2023";"92.91";"Deportes";"Mujeres";"Exito"
"2021-2022";"92.92";"Deportes";"Mujeres";"Exito"
"2020-2021";"94.27";"Deportes";"Mujeres";"Exito"
"2019-2020";"95.92";"Deportes";"Mujeres";"Exito"
"2018-2019";"92.24";"Deportes";"Mujeres";"Exito"
"2017-2018";"92.48";"Deportes";"Mujeres";"Exito"
"2016-2017";"92.56";"Deportes";"Mujeres";"Exito"
"2015-2016";"92.68";"Deportes";"Mujeres";"Exito"
"2022-2023";"88.37";"Turismo y Hostelería";"Mujeres";"Exito"
"2021-2022";"87.98";"Turismo y Hostelería";"Mujeres";"Exito"
"2020-2021";"90.4";"Turismo y Hostelería";"Mujeres";"Exito"
"2019-2020";"92.34";"Turismo y Hostelería";"Mujeres";"Exito"
"2018-2019";"88.38";"Turismo y Hostelería";"Mujeres";"Exito"
"2017-2018";"88.42";"Turismo y Hostelería";"Mujeres";"Exito"
"2016-2017";"88.45";"Turismo y Hostelería";"Mujeres";"Exito"
"2015-2016";"88.91";"Turismo y Hostelería";"Mujeres";"Exito"
"2022-2023";"91.28";"Otros Servicios";"Mujeres";"Exito"
"2021-2022";"91.53";"Otros Servicios";"Mujeres";"Exito"
"2020-2021";"92.81";"Otros Servicios";"Mujeres";"Exito"
"2019-2020";"94.19";"Otros Servicios";"Mujeres";"Exito"
"2018-2019";"91.81";"Otros Servicios";"Mujeres";"Exito"
"2017-2018";"91.14";"Otros Servicios";"Mujeres";"Exito"
"2016-2017";"91.14";"Otros Servicios";"Mujeres";"Exito"
"2015-2016";"90.74";"Otros Servicios";"Mujeres";"Exito"
"2022-2023";"91.29";"Todos los ámbitos";"Mujeres";"Evaluacion"
"2021-2022";"90.34";"Todos los ámbitos";"Mujeres";"Evaluacion"
"2020-2021";"92.67";"Todos los ámbitos";"Mujeres";"Evaluacion"
"2019-2020";"94.02";"Todos los ámbitos";"Mujeres";"Evaluacion"
"2018-2019";"90.86";"Todos los ámbitos";"Mujeres";"Evaluacion"
"2017-2018";"90.9";"Todos los ámbitos";"Mujeres";"Evaluacion"
"2016-2017";"90.87";"Todos los ámbitos";"Mujeres";"Evaluacion"
"2015-2016";"90.74";"Todos los ámbitos";"Mujeres";"Evaluacion"
"2022-2023";"94.78";"Total Educación";"Mujeres";"Evaluacion"
"2021-2022";"95.43";"Total Educación";"Mujeres";"Evaluacion"
"2020-2021";"96.77";"Total Educación";"Mujeres";"Evaluacion"
"2019-2020";"96.96";"Total Educación";"Mujeres";"Evaluacion"
"2018-2019";"95.09";"Total Educación";"Mujeres";"Evaluacion"
"2017-2018";"95.27";"Total Educación";"Mujeres";"Evaluacion"
"2016-2017";"95.14";"Total Educación";"Mujeres";"Evaluacion"
"2015-2016";"95.03";"Total Educación";"Mujeres";"Evaluacion"
"2022-2023";"94.03";"Formación de docentes de enseñanza infantil";"Mujeres";"Evaluacion"
"2021-2022";"96.8";"Formación de docentes de enseñanza infantil";"Mujeres";"Evaluacion"
"2020-2021";"97.54";"Formación de docentes de enseñanza infantil";"Mujeres";"Evaluacion"
"2019-2020";"97.6";"Formación de docentes de enseñanza infantil";"Mujeres";"Evaluacion"
"2018-2019";"96.56";"Formación de docentes de enseñanza infantil";"Mujeres";"Evaluacion"
"2017-2018";"96.59";"Formación de docentes de enseñanza infantil";"Mujeres";"Evaluacion"
"2016-2017";"96.55";"Formación de docentes de enseñanza infantil";"Mujeres";"Evaluacion"
"2015-2016";"96.61";"Formación de docentes de enseñanza infantil";"Mujeres";"Evaluacion"
"2022-2023";"96.67";"Formación de docentes de enseñanza primaria";"Mujeres";"Evaluacion"
"2021-2022";"96.94";"Formación de docentes de enseñanza primaria";"Mujeres";"Evaluacion"
"2020-2021";"97.68";"Formación de docentes de enseñanza primaria";"Mujeres";"Evaluacion"
"2019-2020";"97.82";"Formación de docentes de enseñanza primaria";"Mujeres";"Evaluacion"
"2018-2019";"96.38";"Formación de docentes de enseñanza primaria";"Mujeres";"Evaluacion"
"2017-2018";"96.46";"Formación de docentes de enseñanza primaria";"Mujeres";"Evaluacion"
"2016-2017";"96.4";"Formación de docentes de enseñanza primaria";"Mujeres";"Evaluacion"
"2015-2016";"96.24";"Formación de docentes de enseñanza primaria";"Mujeres";"Evaluacion"
"2022-2023";"91.36";"Otra Formación de personal docente y ciencias de la educación";"Mujeres";"Evaluacion"
"2021-2022";"89.55";"Otra Formación de personal docente y ciencias de la educación";"Mujeres";"Evaluacion"
"2020-2021";"93.24";"Otra Formación de personal docente y ciencias de la educación";"Mujeres";"Evaluacion"
"2019-2020";"93.64";"Otra Formación de personal docente y ciencias de la educación";"Mujeres";"Evaluacion"
"2018-2019";"89.47";"Otra Formación de personal docente y ciencias de la educación";"Mujeres";"Evaluacion"
"2017-2018";"90.02";"Otra Formación de personal docente y ciencias de la educación";"Mujeres";"Evaluacion"
"2016-2017";"89.76";"Otra Formación de personal docente y ciencias de la educación";"Mujeres";"Evaluacion"
"2015-2016";"89.39";"Otra Formación de personal docente y ciencias de la educación";"Mujeres";"Evaluacion"
"2022-2023";"88.45";"Total Artes y humanidades";"Mujeres";"Evaluacion"
"2021-2022";"87.12";"Total Artes y humanidades";"Mujeres";"Evaluacion"
"2020-2021";"89.69";"Total Artes y humanidades";"Mujeres";"Evaluacion"
"2019-2020";"91.3";"Total Artes y humanidades";"Mujeres";"Evaluacion"
"2018-2019";"87.75";"Total Artes y humanidades";"Mujeres";"Evaluacion"
"2017-2018";"87.79";"Total Artes y humanidades";"Mujeres";"Evaluacion"
"2016-2017";"87.83";"Total Artes y humanidades";"Mujeres";"Evaluacion"
"2015-2016";"87.83";"Total Artes y humanidades";"Mujeres";"Evaluacion"
"2022-2023";"94.9";"Técnicas audiovisuales y medios de comunicación";"Mujeres";"Evaluacion"
"2021-2022";"94.91";"Técnicas audiovisuales y medios de comunicación";"Mujeres";"Evaluacion"
"2020-2021";"95.65";"Técnicas audiovisuales y medios de comunicación";"Mujeres";"Evaluacion"
"2019-2020";"95.67";"Técnicas audiovisuales y medios de comunicación";"Mujeres";"Evaluacion"
"2018-2019";"94.76";"Técnicas audiovisuales y medios de comunicación";"Mujeres";"Evaluacion"
"2017-2018";"94.33";"Técnicas audiovisuales y medios de comunicación";"Mujeres";"Evaluacion"
"2016-2017";"95.0";"Técnicas audiovisuales y medios de comunicación";"Mujeres";"Evaluacion"
"2015-2016";"95.48";"Técnicas audiovisuales y medios de comunicación";"Mujeres";"Evaluacion"
"2022-2023";"88.41";"Artes";"Mujeres";"Evaluacion"
"2021-2022";"86.71";"Artes";"Mujeres";"Evaluacion"
"2020-2021";"89.22";"Artes";"Mujeres";"Evaluacion"
"2019-2020";"90.83";"Artes";"Mujeres";"Evaluacion"
"2018-2019";"87.6";"Artes";"Mujeres";"Evaluacion"
"2017-2018";"87.72";"Artes";"Mujeres";"Evaluacion"
"2016-2017";"87.75";"Artes";"Mujeres";"Evaluacion"
"2015-2016";"87.43";"Artes";"Mujeres";"Evaluacion"
"2022-2023";"87.96";"Lenguas";"Mujeres";"Evaluacion"
"2021-2022";"86.75";"Lenguas";"Mujeres";"Evaluacion"
"2020-2021";"89.59";"Lenguas";"Mujeres";"Evaluacion"
"2019-2020";"91.67";"Lenguas";"Mujeres";"Evaluacion"
"2018-2019";"87.74";"Lenguas";"Mujeres";"Evaluacion"
"2017-2018";"87.87";"Lenguas";"Mujeres";"Evaluacion"
"2016-2017";"87.75";"Lenguas";"Mujeres";"Evaluacion"
"2015-2016";"87.87";"Lenguas";"Mujeres";"Evaluacion"
"2022-2023";"83.77";"Humanidades";"Mujeres";"Evaluacion"
"2021-2022";"81.6";"Humanidades";"Mujeres";"Evaluacion"
"2020-2021";"85.34";"Humanidades";"Mujeres";"Evaluacion"
"2019-2020";"86.73";"Humanidades";"Mujeres";"Evaluacion"
"2018-2019";"81.22";"Humanidades";"Mujeres";"Evaluacion"
"2017-2018";"81.37";"Humanidades";"Mujeres";"Evaluacion"
"2016-2017";"81.83";"Humanidades";"Mujeres";"Evaluacion"
"2015-2016";"81.88";"Humanidades";"Mujeres";"Evaluacion"
"2022-2023";"87.33";"Total Ciencias sociales, periodismo y documentación";"Mujeres";"Evaluacion"
"2021-2022";"86.12";"Total Ciencias sociales, periodismo y documentación";"Mujeres";"Evaluacion"
"2020-2021";"90.3";"Total Ciencias sociales, periodismo y documentación";"Mujeres";"Evaluacion"
"2019-2020";"91.24";"Total Ciencias sociales, periodismo y documentación";"Mujeres";"Evaluacion"
"2018-2019";"87.03";"Total Ciencias sociales, periodismo y documentación";"Mujeres";"Evaluacion"
"2017-2018";"86.89";"Total Ciencias sociales, periodismo y documentación";"Mujeres";"Evaluacion"
"2016-2017";"86.65";"Total Ciencias sociales, periodismo y documentación";"Mujeres";"Evaluacion"
"2015-2016";"86.31";"Total Ciencias sociales, periodismo y documentación";"Mujeres";"Evaluacion"
"2022-2023";"84.76";"Psicología";"Mujeres";"Evaluacion"
"2021-2022";"82.77";"Psicología";"Mujeres";"Evaluacion"
"2020-2021";"88.89";"Psicología";"Mujeres";"Evaluacion"
"2019-2020";"89.83";"Psicología";"Mujeres";"Evaluacion"
"2018-2019";"84.97";"Psicología";"Mujeres";"Evaluacion"
"2017-2018";"84.98";"Psicología";"Mujeres";"Evaluacion"
"2016-2017";"83.78";"Psicología";"Mujeres";"Evaluacion"
"2015-2016";"82.96";"Psicología";"Mujeres";"Evaluacion"
"2022-2023";"88.38";"Economía";"Mujeres";"Evaluacion"
"2021-2022";"87.41";"Economía";"Mujeres";"Evaluacion"
"2020-2021";"89.58";"Economía";"Mujeres";"Evaluacion"
"2019-2020";"91.93";"Economía";"Mujeres";"Evaluacion"
"2018-2019";"86.63";"Economía";"Mujeres";"Evaluacion"
"2017-2018";"86.41";"Economía";"Mujeres";"Evaluacion"
"2016-2017";"86.06";"Economía";"Mujeres";"Evaluacion"
"2015-2016";"86.7";"Economía";"Mujeres";"Evaluacion"
"2022-2023";"88.7";"Otras Ciencias sociales y del comportamiento";"Mujeres";"Evaluacion"
"2021-2022";"88.02";"Otras Ciencias sociales y del comportamiento";"Mujeres";"Evaluacion"
"2020-2021";"90.91";"Otras Ciencias sociales y del comportamiento";"Mujeres";"Evaluacion"
"2019-2020";"91.29";"Otras Ciencias sociales y del comportamiento";"Mujeres";"Evaluacion"
"2018-2019";"87.17";"Otras Ciencias sociales y del comportamiento";"Mujeres";"Evaluacion"
"2017-2018";"86.6";"Otras Ciencias sociales y del comportamiento";"Mujeres";"Evaluacion"
"2016-2017";"88.31";"Otras Ciencias sociales y del comportamiento";"Mujeres";"Evaluacion"
"2015-2016";"88.07";"Otras Ciencias sociales y del comportamiento";"Mujeres";"Evaluacion"
"2022-2023";"93.91";"Periodismo e información";"Mujeres";"Evaluacion"
"2021-2022";"93.8";"Periodismo e información";"Mujeres";"Evaluacion"
"2020-2021";"94.82";"Periodismo e información";"Mujeres";"Evaluacion"
"2019-2020";"95.22";"Periodismo e información";"Mujeres";"Evaluacion"
"2018-2019";"93.28";"Periodismo e información";"Mujeres";"Evaluacion"
"2017-2018";"93.22";"Periodismo e información";"Mujeres";"Evaluacion"
"2016-2017";"93.07";"Periodismo e información";"Mujeres";"Evaluacion"
"2015-2016";"93.27";"Periodismo e información";"Mujeres";"Evaluacion"
"2022-2023";"89.44";"Total Negocios, administración y derecho";"Mujeres";"Evaluacion"
"2021-2022";"87.85";"Total Negocios, administración y derecho";"Mujeres";"Evaluacion"
"2020-2021";"91.14";"Total Negocios, administración y derecho";"Mujeres";"Evaluacion"
"2019-2020";"92.8";"Total Negocios, administración y derecho";"Mujeres";"Evaluacion"
"2018-2019";"88.18";"Total Negocios, administración y derecho";"Mujeres";"Evaluacion"
"2017-2018";"88.22";"Total Negocios, administración y derecho";"Mujeres";"Evaluacion"
"2016-2017";"88.15";"Total Negocios, administración y derecho";"Mujeres";"Evaluacion"
"2015-2016";"87.92";"Total Negocios, administración y derecho";"Mujeres";"Evaluacion"
"2022-2023";"89.9";"Administración y gestión de empresas";"Mujeres";"Evaluacion"
"2021-2022";"88.38";"Administración y gestión de empresas";"Mujeres";"Evaluacion"
"2020-2021";"91.09";"Administración y gestión de empresas";"Mujeres";"Evaluacion"
"2019-2020";"92.56";"Administración y gestión de empresas";"Mujeres";"Evaluacion"
"2018-2019";"88.42";"Administración y gestión de empresas";"Mujeres";"Evaluacion"
"2017-2018";"88.32";"Administración y gestión de empresas";"Mujeres";"Evaluacion"
"2016-2017";"87.98";"Administración y gestión de empresas";"Mujeres";"Evaluacion"
"2015-2016";"87.7";"Administración y gestión de empresas";"Mujeres";"Evaluacion"
"2022-2023";"92.76";"Otra Educación comercial y empresarial";"Mujeres";"Evaluacion"
"2021-2022";"91.6";"Otra Educación comercial y empresarial";"Mujeres";"Evaluacion"
"2020-2021";"93.43";"Otra Educación comercial y empresarial";"Mujeres";"Evaluacion"
"2019-2020";"94.3";"Otra Educación comercial y empresarial";"Mujeres";"Evaluacion"
"2018-2019";"91.78";"Otra Educación comercial y empresarial";"Mujeres";"Evaluacion"
"2017-2018";"91.97";"Otra Educación comercial y empresarial";"Mujeres";"Evaluacion"
"2016-2017";"92.03";"Otra Educación comercial y empresarial";"Mujeres";"Evaluacion"
"2015-2016";"92.2";"Otra Educación comercial y empresarial";"Mujeres";"Evaluacion"
"2022-2023";"87.63";"Derecho";"Mujeres";"Evaluacion"
"2021-2022";"85.82";"Derecho";"Mujeres";"Evaluacion"
"2020-2021";"90.26";"Derecho";"Mujeres";"Evaluacion"
"2019-2020";"92.43";"Derecho";"Mujeres";"Evaluacion"
"2018-2019";"86.54";"Derecho";"Mujeres";"Evaluacion"
"2017-2018";"86.67";"Derecho";"Mujeres";"Evaluacion"
"2016-2017";"86.85";"Derecho";"Mujeres";"Evaluacion"
"2015-2016";"86.53";"Derecho";"Mujeres";"Evaluacion"
"2022-2023";"90.67";"Total Ciencias";"Mujeres";"Evaluacion"
"2021-2022";"89.38";"Total Ciencias";"Mujeres";"Evaluacion"
"2020-2021";"90.86";"Total Ciencias";"Mujeres";"Evaluacion"
"2019-2020";"93.54";"Total Ciencias";"Mujeres";"Evaluacion"
"2018-2019";"90.02";"Total Ciencias";"Mujeres";"Evaluacion"
"2017-2018";"90.07";"Total Ciencias";"Mujeres";"Evaluacion"
"2016-2017";"90.38";"Total Ciencias";"Mujeres";"Evaluacion"
"2015-2016";"89.99";"Total Ciencias";"Mujeres";"Evaluacion"
"2022-2023";"93.23";"Ciencias de la vida";"Mujeres";"Evaluacion"
"2021-2022";"92.01";"Ciencias de la vida";"Mujeres";"Evaluacion"
"2020-2021";"93.64";"Ciencias de la vida";"Mujeres";"Evaluacion"
"2019-2020";"95.52";"Ciencias de la vida";"Mujeres";"Evaluacion"
"2018-2019";"92.74";"Ciencias de la vida";"Mujeres";"Evaluacion"
"2017-2018";"92.72";"Ciencias de la vida";"Mujeres";"Evaluacion"
"2016-2017";"92.98";"Ciencias de la vida";"Mujeres";"Evaluacion"
"2015-2016";"92.67";"Ciencias de la vida";"Mujeres";"Evaluacion"
"2022-2023";"87.97";"Ciencias Físicas, químicas, geológicas";"Mujeres";"Evaluacion"
"2021-2022";"86.44";"Ciencias Físicas, químicas, geológicas";"Mujeres";"Evaluacion"
"2020-2021";"88.1";"Ciencias Físicas, químicas, geológicas";"Mujeres";"Evaluacion"
"2019-2020";"91.73";"Ciencias Físicas, químicas, geológicas";"Mujeres";"Evaluacion"
"2018-2019";"87.47";"Ciencias Físicas, químicas, geológicas";"Mujeres";"Evaluacion"
"2017-2018";"87.4";"Ciencias Físicas, químicas, geológicas";"Mujeres";"Evaluacion"
"2016-2017";"87.91";"Ciencias Físicas, químicas, geológicas";"Mujeres";"Evaluacion"
"2015-2016";"87.35";"Ciencias Físicas, químicas, geológicas";"Mujeres";"Evaluacion"
"2022-2023";"86.54";"Matemáticas y Estadística";"Mujeres";"Evaluacion"
"2021-2022";"85.61";"Matemáticas y Estadística";"Mujeres";"Evaluacion"
"2020-2021";"86.06";"Matemáticas y Estadística";"Mujeres";"Evaluacion"
"2019-2020";"89.45";"Matemáticas y Estadística";"Mujeres";"Evaluacion"
"2018-2019";"84.11";"Matemáticas y Estadística";"Mujeres";"Evaluacion"
"2017-2018";"84.29";"Matemáticas y Estadística";"Mujeres";"Evaluacion"
"2016-2017";"83.68";"Matemáticas y Estadística";"Mujeres";"Evaluacion"
"2015-2016";"83.33";"Matemáticas y Estadística";"Mujeres";"Evaluacion"
"2022-2023";"87.39";"Total Informática";"Mujeres";"Evaluacion"
"2021-2022";"85.79";"Total Informática";"Mujeres";"Evaluacion"
"2020-2021";"86.06";"Total Informática";"Mujeres";"Evaluacion"
"2019-2020";"88.8";"Total Informática";"Mujeres";"Evaluacion"
"2018-2019";"84.96";"Total Informática";"Mujeres";"Evaluacion"
"2017-2018";"84.48";"Total Informática";"Mujeres";"Evaluacion"
"2016-2017";"83.11";"Total Informática";"Mujeres";"Evaluacion"
"2015-2016";"83.39";"Total Informática";"Mujeres";"Evaluacion"
"2022-2023";"87.39";"Informática";"Mujeres";"Evaluacion"
"2021-2022";"85.79";"Informática";"Mujeres";"Evaluacion"
"2020-2021";"86.06";"Informática";"Mujeres";"Evaluacion"
"2019-2020";"88.8";"Informática";"Mujeres";"Evaluacion"
"2018-2019";"84.96";"Informática";"Mujeres";"Evaluacion"
"2017-2018";"84.48";"Informática";"Mujeres";"Evaluacion"
"2016-2017";"83.11";"Informática";"Mujeres";"Evaluacion"
"2015-2016";"83.39";"Informática";"Mujeres";"Evaluacion"
"2022-2023";"87.5";"Total Ingeniería, industria y construcción";"Mujeres";"Evaluacion"
"2021-2022";"86.54";"Total Ingeniería, industria y construcción";"Mujeres";"Evaluacion"
"2020-2021";"87.88";"Total Ingeniería, industria y construcción";"Mujeres";"Evaluacion"
"2019-2020";"91.01";"Total Ingeniería, industria y construcción";"Mujeres";"Evaluacion"
"2018-2019";"87.71";"Total Ingeniería, industria y construcción";"Mujeres";"Evaluacion"
"2017-2018";"87.81";"Total Ingeniería, industria y construcción";"Mujeres";"Evaluacion"
"2016-2017";"88.64";"Total Ingeniería, industria y construcción";"Mujeres";"Evaluacion"
"2015-2016";"88.96";"Total Ingeniería, industria y construcción";"Mujeres";"Evaluacion"
"2022-2023";"87.86";"Ingenierías";"Mujeres";"Evaluacion"
"2021-2022";"87.11";"Ingenierías";"Mujeres";"Evaluacion"
"2020-2021";"88.47";"Ingenierías";"Mujeres";"Evaluacion"
"2019-2020";"91.8";"Ingenierías";"Mujeres";"Evaluacion"
"2018-2019";"88.23";"Ingenierías";"Mujeres";"Evaluacion"
"2017-2018";"88.57";"Ingenierías";"Mujeres";"Evaluacion"
"2016-2017";"89.27";"Ingenierías";"Mujeres";"Evaluacion"
"2015-2016";"89.38";"Ingenierías";"Mujeres";"Evaluacion"
"2022-2023";"86.66";"Arquitectura y construcción";"Mujeres";"Evaluacion"
"2021-2022";"85.09";"Arquitectura y construcción";"Mujeres";"Evaluacion"
"2020-2021";"86.32";"Arquitectura y construcción";"Mujeres";"Evaluacion"
"2019-2020";"88.96";"Arquitectura y construcción";"Mujeres";"Evaluacion"
"2018-2019";"86.41";"Arquitectura y construcción";"Mujeres";"Evaluacion"
"2017-2018";"85.94";"Arquitectura y construcción";"Mujeres";"Evaluacion"
"2016-2017";"87.2";"Arquitectura y construcción";"Mujeres";"Evaluacion"
"2015-2016";"88.09";"Arquitectura y construcción";"Mujeres";"Evaluacion"
"2022-2023";"90.49";"Total Agricultura, ganadería,  silvicultura, pesca, y veterinaria";"Mujeres";"Evaluacion"
"2021-2022";"89.65";"Total Agricultura, ganadería,  silvicultura, pesca, y veterinaria";"Mujeres";"Evaluacion"
"2020-2021";"91.46";"Total Agricultura, ganadería,  silvicultura, pesca, y veterinaria";"Mujeres";"Evaluacion"
"2019-2020";"94.97";"Total Agricultura, ganadería,  silvicultura, pesca, y veterinaria";"Mujeres";"Evaluacion"
"2018-2019";"90.91";"Total Agricultura, ganadería,  silvicultura, pesca, y veterinaria";"Mujeres";"Evaluacion"
"2017-2018";"90.55";"Total Agricultura, ganadería,  silvicultura, pesca, y veterinaria";"Mujeres";"Evaluacion"
"2016-2017";"90.98";"Total Agricultura, ganadería,  silvicultura, pesca, y veterinaria";"Mujeres";"Evaluacion"
"2015-2016";"90.04";"Total Agricultura, ganadería,  silvicultura, pesca, y veterinaria";"Mujeres";"Evaluacion"
"2022-2023";"81.18";"Agricultura, ganadería y pesca";"Mujeres";"Evaluacion"
"2021-2022";"79.97";"Agricultura, ganadería y pesca";"Mujeres";"Evaluacion"
"2020-2021";"83.5";"Agricultura, ganadería y pesca";"Mujeres";"Evaluacion"
"2019-2020";"87.77";"Agricultura, ganadería y pesca";"Mujeres";"Evaluacion"
"2018-2019";"83.87";"Agricultura, ganadería y pesca";"Mujeres";"Evaluacion"
"2017-2018";"83.66";"Agricultura, ganadería y pesca";"Mujeres";"Evaluacion"
"2016-2017";"84.83";"Agricultura, ganadería y pesca";"Mujeres";"Evaluacion"
"2015-2016";"83.66";"Agricultura, ganadería y pesca";"Mujeres";"Evaluacion"
"2022-2023";"93.73";"Veterinaria";"Mujeres";"Evaluacion"
"2021-2022";"93.06";"Veterinaria";"Mujeres";"Evaluacion"
"2020-2021";"94.12";"Veterinaria";"Mujeres";"Evaluacion"
"2019-2020";"97.31";"Veterinaria";"Mujeres";"Evaluacion"
"2018-2019";"93.31";"Veterinaria";"Mujeres";"Evaluacion"
"2017-2018";"93.04";"Veterinaria";"Mujeres";"Evaluacion"
"2016-2017";"93.45";"Veterinaria";"Mujeres";"Evaluacion"
"2015-2016";"92.84";"Veterinaria";"Mujeres";"Evaluacion"
"2022-2023";"96.14";"Total Salud y servicios sociales";"Mujeres";"Evaluacion"
"2021-2022";"95.21";"Total Salud y servicios sociales";"Mujeres";"Evaluacion"
"2020-2021";"96.64";"Total Salud y servicios sociales";"Mujeres";"Evaluacion"
"2019-2020";"97.45";"Total Salud y servicios sociales";"Mujeres";"Evaluacion"
"2018-2019";"95.89";"Total Salud y servicios sociales";"Mujeres";"Evaluacion"
"2017-2018";"95.82";"Total Salud y servicios sociales";"Mujeres";"Evaluacion"
"2016-2017";"95.72";"Total Salud y servicios sociales";"Mujeres";"Evaluacion"
"2015-2016";"95.65";"Total Salud y servicios sociales";"Mujeres";"Evaluacion"
"2022-2023";"96.74";"Medicina";"Mujeres";"Evaluacion"
"2021-2022";"96.44";"Medicina";"Mujeres";"Evaluacion"
"2020-2021";"97.0";"Medicina";"Mujeres";"Evaluacion"
"2019-2020";"98.35";"Medicina";"Mujeres";"Evaluacion"
"2018-2019";"96.6";"Medicina";"Mujeres";"Evaluacion"
"2017-2018";"96.48";"Medicina";"Mujeres";"Evaluacion"
"2016-2017";"96.49";"Medicina";"Mujeres";"Evaluacion"
"2015-2016";"96.59";"Medicina";"Mujeres";"Evaluacion"
"2022-2023";"98.09";"Enfermería y atención a enfermos";"Mujeres";"Evaluacion"
"2021-2022";"96.65";"Enfermería y atención a enfermos";"Mujeres";"Evaluacion"
"2020-2021";"98.24";"Enfermería y atención a enfermos";"Mujeres";"Evaluacion"
"2019-2020";"98.42";"Enfermería y atención a enfermos";"Mujeres";"Evaluacion"
"2018-2019";"97.99";"Enfermería y atención a enfermos";"Mujeres";"Evaluacion"
"2017-2018";"97.86";"Enfermería y atención a enfermos";"Mujeres";"Evaluacion"
"2016-2017";"97.87";"Enfermería y atención a enfermos";"Mujeres";"Evaluacion"
"2015-2016";"97.88";"Enfermería y atención a enfermos";"Mujeres";"Evaluacion"
"2022-2023";"95.53";"Otras ciencias de la Salud";"Mujeres";"Evaluacion"
"2021-2022";"94.78";"Otras ciencias de la Salud";"Mujeres";"Evaluacion"
"2020-2021";"96.05";"Otras ciencias de la Salud";"Mujeres";"Evaluacion"
"2019-2020";"97.02";"Otras ciencias de la Salud";"Mujeres";"Evaluacion"
"2018-2019";"95.36";"Otras ciencias de la Salud";"Mujeres";"Evaluacion"
"2017-2018";"95.17";"Otras ciencias de la Salud";"Mujeres";"Evaluacion"
"2016-2017";"95.1";"Otras ciencias de la Salud";"Mujeres";"Evaluacion"
"2015-2016";"95.1";"Otras ciencias de la Salud";"Mujeres";"Evaluacion"
"2022-2023";"91.26";"Trabajo social y orientación";"Mujeres";"Evaluacion"
"2021-2022";"90.21";"Trabajo social y orientación";"Mujeres";"Evaluacion"
"2020-2021";"93.57";"Trabajo social y orientación";"Mujeres";"Evaluacion"
"2019-2020";"94.4";"Trabajo social y orientación";"Mujeres";"Evaluacion"
"2018-2019";"90.54";"Trabajo social y orientación";"Mujeres";"Evaluacion"
"2017-2018";"91.24";"Trabajo social y orientación";"Mujeres";"Evaluacion"
"2016-2017";"90.57";"Trabajo social y orientación";"Mujeres";"Evaluacion"
"2015-2016";"89.9";"Trabajo social y orientación";"Mujeres";"Evaluacion"
"2022-2023";"91.18";"Total Servicios";"Mujeres";"Evaluacion"
"2021-2022";"90.36";"Total Servicios";"Mujeres";"Evaluacion"
"2020-2021";"92.9";"Total Servicios";"Mujeres";"Evaluacion"
"2019-2020";"93.43";"Total Servicios";"Mujeres";"Evaluacion"
"2018-2019";"90.21";"Total Servicios";"Mujeres";"Evaluacion"
"2017-2018";"90.17";"Total Servicios";"Mujeres";"Evaluacion"
"2016-2017";"90.17";"Total Servicios";"Mujeres";"Evaluacion"
"2015-2016";"90.25";"Total Servicios";"Mujeres";"Evaluacion"
"2022-2023";"97.07";"Deportes";"Mujeres";"Evaluacion"
"2021-2022";"96.79";"Deportes";"Mujeres";"Evaluacion"
"2020-2021";"97.32";"Deportes";"Mujeres";"Evaluacion"
"2019-2020";"97.55";"Deportes";"Mujeres";"Evaluacion"
"2018-2019";"95.88";"Deportes";"Mujeres";"Evaluacion"
"2017-2018";"96.29";"Deportes";"Mujeres";"Evaluacion"
"2016-2017";"96.42";"Deportes";"Mujeres";"Evaluacion"
"2015-2016";"96.34";"Deportes";"Mujeres";"Evaluacion"
"2022-2023";"88.19";"Turismo y Hostelería";"Mujeres";"Evaluacion"
"2021-2022";"87.59";"Turismo y Hostelería";"Mujeres";"Evaluacion"
"2020-2021";"91.24";"Turismo y Hostelería";"Mujeres";"Evaluacion"
"2019-2020";"92.01";"Turismo y Hostelería";"Mujeres";"Evaluacion"
"2018-2019";"88.34";"Turismo y Hostelería";"Mujeres";"Evaluacion"
"2017-2018";"88.49";"Turismo y Hostelería";"Mujeres";"Evaluacion"
"2016-2017";"88.67";"Turismo y Hostelería";"Mujeres";"Evaluacion"
"2015-2016";"88.86";"Turismo y Hostelería";"Mujeres";"Evaluacion"
"2022-2023";"92.65";"Otros Servicios";"Mujeres";"Evaluacion"
"2021-2022";"93.04";"Otros Servicios";"Mujeres";"Evaluacion"
"2020-2021";"94.92";"Otros Servicios";"Mujeres";"Evaluacion"
"2019-2020";"95.35";"Otros Servicios";"Mujeres";"Evaluacion"
"2018-2019";"94.03";"Otros Servicios";"Mujeres";"Evaluacion"
"2017-2018";"92.96";"Otros Servicios";"Mujeres";"Evaluacion"
"2016-2017";"92.3";"Otros Servicios";"Mujeres";"Evaluacion"
"2015-2016";"92.39";"Otros Servicios";"Mujeres";"Evaluacion"
