"Anio";"Valor";"Carrera";"Genero";"Tasa"
"2022-2023";"???";"Católica Santa Teresa de Jesús de Ávila";"Ambos Sexos";"Rendimiento"
"2021-2022";"???";"Católica Santa Teresa de Jesús de Ávila";"Ambos Sexos";"Rendimiento"
"2020-2021";"???";"Católica Santa Teresa de Jesús de Ávila";"Ambos Sexos";"Rendimiento"
"2019-2020";"???";"Católica Santa Teresa de Jesús de Ávila";"Ambos Sexos";"Rendimiento"
"2018-2019";"???";"Católica Santa Teresa de Jesús de Ávila";"Ambos Sexos";"Rendimiento"
"2017-2018";"???";"Católica Santa Teresa de Jesús de Ávila";"Ambos Sexos";"Rendimiento"
"2016-2017";"???";"Católica Santa Teresa de Jesús de Ávila";"Ambos Sexos";"Rendimiento"
"2015-2016";"???";"Católica Santa Teresa de Jesús de Ávila";"Ambos Sexos";"Rendimiento"
"2022-2023";"80.59";"Todos los ámbitos";"Ambos Sexos";"Rendimiento"
"2021-2022";"80.21";"Todos los ámbitos";"Ambos Sexos";"Rendimiento"
"2020-2021";"84.72";"Todos los ámbitos";"Ambos Sexos";"Rendimiento"
"2019-2020";"85.14";"Todos los ámbitos";"Ambos Sexos";"Rendimiento"
"2018-2019";"69.35";"Todos los ámbitos";"Ambos Sexos";"Rendimiento"
"2017-2018";"69.65";"Todos los ámbitos";"Ambos Sexos";"Rendimiento"
"2016-2017";"70.27";"Todos los ámbitos";"Ambos Sexos";"Rendimiento"
"2015-2016";"70.4";"Todos los ámbitos";"Ambos Sexos";"Rendimiento"
"2022-2023";"88.42";"Total Educación";"Ambos Sexos";"Rendimiento"
"2021-2022";"89.58";"Total Educación";"Ambos Sexos";"Rendimiento"
"2020-2021";"91.97";"Total Educación";"Ambos Sexos";"Rendimiento"
"2019-2020";"90.44";"Total Educación";"Ambos Sexos";"Rendimiento"
"2018-2019";"75.55";"Total Educación";"Ambos Sexos";"Rendimiento"
"2017-2018";"89.75";"Total Educación";"Ambos Sexos";"Rendimiento"
"2016-2017";"89.11";"Total Educación";"Ambos Sexos";"Rendimiento"
"2015-2016";"92.62";"Total Educación";"Ambos Sexos";"Rendimiento"
"2022-2023";"90.96";"Formación de docentes de enseñanza infantil";"Ambos Sexos";"Rendimiento"
"2021-2022";"91.04";"Formación de docentes de enseñanza infantil";"Ambos Sexos";"Rendimiento"
"2020-2021";"92.34";"Formación de docentes de enseñanza infantil";"Ambos Sexos";"Rendimiento"
"2019-2020";"91.05";"Formación de docentes de enseñanza infantil";"Ambos Sexos";"Rendimiento"
"2018-2019";"79.51";"Formación de docentes de enseñanza infantil";"Ambos Sexos";"Rendimiento"
"2017-2018";"92.66";"Formación de docentes de enseñanza infantil";"Ambos Sexos";"Rendimiento"
"2016-2017";"94.21";"Formación de docentes de enseñanza infantil";"Ambos Sexos";"Rendimiento"
"2015-2016";"96.23";"Formación de docentes de enseñanza infantil";"Ambos Sexos";"Rendimiento"
"2022-2023";"86.86";"Formación de docentes de enseñanza primaria";"Ambos Sexos";"Rendimiento"
"2021-2022";"88.52";"Formación de docentes de enseñanza primaria";"Ambos Sexos";"Rendimiento"
"2020-2021";"91.72";"Formación de docentes de enseñanza primaria";"Ambos Sexos";"Rendimiento"
"2019-2020";"90.1";"Formación de docentes de enseñanza primaria";"Ambos Sexos";"Rendimiento"
"2018-2019";"73.98";"Formación de docentes de enseñanza primaria";"Ambos Sexos";"Rendimiento"
"2017-2018";"88.7";"Formación de docentes de enseñanza primaria";"Ambos Sexos";"Rendimiento"
"2016-2017";"87.81";"Formación de docentes de enseñanza primaria";"Ambos Sexos";"Rendimiento"
"2015-2016";"91.4";"Formación de docentes de enseñanza primaria";"Ambos Sexos";"Rendimiento"
"2022-2023";"..";"Otra Formación de personal docente y ciencias de la educación";"Ambos Sexos";"Rendimiento"
"2021-2022";"..";"Otra Formación de personal docente y ciencias de la educación";"Ambos Sexos";"Rendimiento"
"2020-2021";"..";"Otra Formación de personal docente y ciencias de la educación";"Ambos Sexos";"Rendimiento"
"2019-2020";"..";"Otra Formación de personal docente y ciencias de la educación";"Ambos Sexos";"Rendimiento"
"2018-2019";"..";"Otra Formación de personal docente y ciencias de la educación";"Ambos Sexos";"Rendimiento"
"2017-2018";"..";"Otra Formación de personal docente y ciencias de la educación";"Ambos Sexos";"Rendimiento"
"2016-2017";"..";"Otra Formación de personal docente y ciencias de la educación";"Ambos Sexos";"Rendimiento"
"2015-2016";"..";"Otra Formación de personal docente y ciencias de la educación";"Ambos Sexos";"Rendimiento"
"2022-2023";"..";"Total Artes y humanidades";"Ambos Sexos";"Rendimiento"
"2021-2022";"..";"Total Artes y humanidades";"Ambos Sexos";"Rendimiento"
"2020-2021";"..";"Total Artes y humanidades";"Ambos Sexos";"Rendimiento"
"2019-2020";"..";"Total Artes y humanidades";"Ambos Sexos";"Rendimiento"
"2018-2019";"..";"Total Artes y humanidades";"Ambos Sexos";"Rendimiento"
"2017-2018";"..";"Total Artes y humanidades";"Ambos Sexos";"Rendimiento"
"2016-2017";"..";"Total Artes y humanidades";"Ambos Sexos";"Rendimiento"
"2015-2016";"..";"Total Artes y humanidades";"Ambos Sexos";"Rendimiento"
"2022-2023";"..";"Técnicas audiovisuales y medios de comunicación";"Ambos Sexos";"Rendimiento"
"2021-2022";"..";"Técnicas audiovisuales y medios de comunicación";"Ambos Sexos";"Rendimiento"
"2020-2021";"..";"Técnicas audiovisuales y medios de comunicación";"Ambos Sexos";"Rendimiento"
"2019-2020";"..";"Técnicas audiovisuales y medios de comunicación";"Ambos Sexos";"Rendimiento"
"2018-2019";"..";"Técnicas audiovisuales y medios de comunicación";"Ambos Sexos";"Rendimiento"
"2017-2018";"..";"Técnicas audiovisuales y medios de comunicación";"Ambos Sexos";"Rendimiento"
"2016-2017";"..";"Técnicas audiovisuales y medios de comunicación";"Ambos Sexos";"Rendimiento"
"2015-2016";"..";"Técnicas audiovisuales y medios de comunicación";"Ambos Sexos";"Rendimiento"
"2022-2023";"..";"Artes";"Ambos Sexos";"Rendimiento"
"2021-2022";"..";"Artes";"Ambos Sexos";"Rendimiento"
"2020-2021";"..";"Artes";"Ambos Sexos";"Rendimiento"
"2019-2020";"..";"Artes";"Ambos Sexos";"Rendimiento"
"2018-2019";"..";"Artes";"Ambos Sexos";"Rendimiento"
"2017-2018";"..";"Artes";"Ambos Sexos";"Rendimiento"
"2016-2017";"..";"Artes";"Ambos Sexos";"Rendimiento"
"2015-2016";"..";"Artes";"Ambos Sexos";"Rendimiento"
"2022-2023";"..";"Lenguas";"Ambos Sexos";"Rendimiento"
"2021-2022";"..";"Lenguas";"Ambos Sexos";"Rendimiento"
"2020-2021";"..";"Lenguas";"Ambos Sexos";"Rendimiento"
"2019-2020";"..";"Lenguas";"Ambos Sexos";"Rendimiento"
"2018-2019";"..";"Lenguas";"Ambos Sexos";"Rendimiento"
"2017-2018";"..";"Lenguas";"Ambos Sexos";"Rendimiento"
"2016-2017";"..";"Lenguas";"Ambos Sexos";"Rendimiento"
"2015-2016";"..";"Lenguas";"Ambos Sexos";"Rendimiento"
"2022-2023";"..";"Humanidades";"Ambos Sexos";"Rendimiento"
"2021-2022";"..";"Humanidades";"Ambos Sexos";"Rendimiento"
"2020-2021";"..";"Humanidades";"Ambos Sexos";"Rendimiento"
"2019-2020";"..";"Humanidades";"Ambos Sexos";"Rendimiento"
"2018-2019";"..";"Humanidades";"Ambos Sexos";"Rendimiento"
"2017-2018";"..";"Humanidades";"Ambos Sexos";"Rendimiento"
"2016-2017";"..";"Humanidades";"Ambos Sexos";"Rendimiento"
"2015-2016";"..";"Humanidades";"Ambos Sexos";"Rendimiento"
"2022-2023";"79.78";"Total Ciencias sociales, periodismo y documentación";"Ambos Sexos";"Rendimiento"
"2021-2022";"74.79";"Total Ciencias sociales, periodismo y documentación";"Ambos Sexos";"Rendimiento"
"2020-2021";"72.04";"Total Ciencias sociales, periodismo y documentación";"Ambos Sexos";"Rendimiento"
"2019-2020";"84.63";"Total Ciencias sociales, periodismo y documentación";"Ambos Sexos";"Rendimiento"
"2018-2019";"65.92";"Total Ciencias sociales, periodismo y documentación";"Ambos Sexos";"Rendimiento"
"2017-2018";"65.26";"Total Ciencias sociales, periodismo y documentación";"Ambos Sexos";"Rendimiento"
"2016-2017";"53.11";"Total Ciencias sociales, periodismo y documentación";"Ambos Sexos";"Rendimiento"
"2015-2016";"70.28";"Total Ciencias sociales, periodismo y documentación";"Ambos Sexos";"Rendimiento"
"2022-2023";"84.57";"Psicología";"Ambos Sexos";"Rendimiento"
"2021-2022";"79.12";"Psicología";"Ambos Sexos";"Rendimiento"
"2020-2021";"77.06";"Psicología";"Ambos Sexos";"Rendimiento"
"2019-2020";"87.17";"Psicología";"Ambos Sexos";"Rendimiento"
"2018-2019";"73.45";"Psicología";"Ambos Sexos";"Rendimiento"
"2017-2018";"..";"Psicología";"Ambos Sexos";"Rendimiento"
"2016-2017";"..";"Psicología";"Ambos Sexos";"Rendimiento"
"2015-2016";"..";"Psicología";"Ambos Sexos";"Rendimiento"
"2022-2023";"44.3";"Economía";"Ambos Sexos";"Rendimiento"
"2021-2022";"56.88";"Economía";"Ambos Sexos";"Rendimiento"
"2020-2021";"55.4";"Economía";"Ambos Sexos";"Rendimiento"
"2019-2020";"78.12";"Economía";"Ambos Sexos";"Rendimiento"
"2018-2019";"57.02";"Economía";"Ambos Sexos";"Rendimiento"
"2017-2018";"59.53";"Economía";"Ambos Sexos";"Rendimiento"
"2016-2017";"53.11";"Economía";"Ambos Sexos";"Rendimiento"
"2015-2016";"70.28";"Economía";"Ambos Sexos";"Rendimiento"
"2022-2023";"..";"Otras Ciencias sociales y del comportamiento";"Ambos Sexos";"Rendimiento"
"2021-2022";"..";"Otras Ciencias sociales y del comportamiento";"Ambos Sexos";"Rendimiento"
"2020-2021";"..";"Otras Ciencias sociales y del comportamiento";"Ambos Sexos";"Rendimiento"
"2019-2020";"..";"Otras Ciencias sociales y del comportamiento";"Ambos Sexos";"Rendimiento"
"2018-2019";"..";"Otras Ciencias sociales y del comportamiento";"Ambos Sexos";"Rendimiento"
"2017-2018";"..";"Otras Ciencias sociales y del comportamiento";"Ambos Sexos";"Rendimiento"
"2016-2017";"..";"Otras Ciencias sociales y del comportamiento";"Ambos Sexos";"Rendimiento"
"2015-2016";"..";"Otras Ciencias sociales y del comportamiento";"Ambos Sexos";"Rendimiento"
"2022-2023";"..";"Periodismo e información";"Ambos Sexos";"Rendimiento"
"2021-2022";"..";"Periodismo e información";"Ambos Sexos";"Rendimiento"
"2020-2021";"..";"Periodismo e información";"Ambos Sexos";"Rendimiento"
"2019-2020";"..";"Periodismo e información";"Ambos Sexos";"Rendimiento"
"2018-2019";"..";"Periodismo e información";"Ambos Sexos";"Rendimiento"
"2017-2018";"..";"Periodismo e información";"Ambos Sexos";"Rendimiento"
"2016-2017";"..";"Periodismo e información";"Ambos Sexos";"Rendimiento"
"2015-2016";"..";"Periodismo e información";"Ambos Sexos";"Rendimiento"
"2022-2023";"68.12";"Total Negocios, administración y derecho";"Ambos Sexos";"Rendimiento"
"2021-2022";"68.86";"Total Negocios, administración y derecho";"Ambos Sexos";"Rendimiento"
"2020-2021";"72.01";"Total Negocios, administración y derecho";"Ambos Sexos";"Rendimiento"
"2019-2020";"73.07";"Total Negocios, administración y derecho";"Ambos Sexos";"Rendimiento"
"2018-2019";"57.75";"Total Negocios, administración y derecho";"Ambos Sexos";"Rendimiento"
"2017-2018";"58.24";"Total Negocios, administración y derecho";"Ambos Sexos";"Rendimiento"
"2016-2017";"61.53";"Total Negocios, administración y derecho";"Ambos Sexos";"Rendimiento"
"2015-2016";"61.53";"Total Negocios, administración y derecho";"Ambos Sexos";"Rendimiento"
"2022-2023";"56.52";"Administración y gestión de empresas";"Ambos Sexos";"Rendimiento"
"2021-2022";"60.09";"Administración y gestión de empresas";"Ambos Sexos";"Rendimiento"
"2020-2021";"63.23";"Administración y gestión de empresas";"Ambos Sexos";"Rendimiento"
"2019-2020";"66.22";"Administración y gestión de empresas";"Ambos Sexos";"Rendimiento"
"2018-2019";"50.6";"Administración y gestión de empresas";"Ambos Sexos";"Rendimiento"
"2017-2018";"53.93";"Administración y gestión de empresas";"Ambos Sexos";"Rendimiento"
"2016-2017";"54.67";"Administración y gestión de empresas";"Ambos Sexos";"Rendimiento"
"2015-2016";"58.67";"Administración y gestión de empresas";"Ambos Sexos";"Rendimiento"
"2022-2023";"..";"Otra Educación comercial y empresarial";"Ambos Sexos";"Rendimiento"
"2021-2022";"..";"Otra Educación comercial y empresarial";"Ambos Sexos";"Rendimiento"
"2020-2021";"..";"Otra Educación comercial y empresarial";"Ambos Sexos";"Rendimiento"
"2019-2020";"..";"Otra Educación comercial y empresarial";"Ambos Sexos";"Rendimiento"
"2018-2019";"..";"Otra Educación comercial y empresarial";"Ambos Sexos";"Rendimiento"
"2017-2018";"..";"Otra Educación comercial y empresarial";"Ambos Sexos";"Rendimiento"
"2016-2017";"..";"Otra Educación comercial y empresarial";"Ambos Sexos";"Rendimiento"
"2015-2016";"..";"Otra Educación comercial y empresarial";"Ambos Sexos";"Rendimiento"
"2022-2023";"72.58";"Derecho";"Ambos Sexos";"Rendimiento"
"2021-2022";"71.89";"Derecho";"Ambos Sexos";"Rendimiento"
"2020-2021";"74.83";"Derecho";"Ambos Sexos";"Rendimiento"
"2019-2020";"76.28";"Derecho";"Ambos Sexos";"Rendimiento"
"2018-2019";"62.16";"Derecho";"Ambos Sexos";"Rendimiento"
"2017-2018";"60.97";"Derecho";"Ambos Sexos";"Rendimiento"
"2016-2017";"66.96";"Derecho";"Ambos Sexos";"Rendimiento"
"2015-2016";"63.43";"Derecho";"Ambos Sexos";"Rendimiento"
"2022-2023";"53.83";"Total Ciencias";"Ambos Sexos";"Rendimiento"
"2021-2022";"56.55";"Total Ciencias";"Ambos Sexos";"Rendimiento"
"2020-2021";"57.06";"Total Ciencias";"Ambos Sexos";"Rendimiento"
"2019-2020";"68.84";"Total Ciencias";"Ambos Sexos";"Rendimiento"
"2018-2019";"52.14";"Total Ciencias";"Ambos Sexos";"Rendimiento"
"2017-2018";"60.26";"Total Ciencias";"Ambos Sexos";"Rendimiento"
"2016-2017";"67.08";"Total Ciencias";"Ambos Sexos";"Rendimiento"
"2015-2016";"56.36";"Total Ciencias";"Ambos Sexos";"Rendimiento"
"2022-2023";"53.83";"Ciencias de la vida";"Ambos Sexos";"Rendimiento"
"2021-2022";"56.55";"Ciencias de la vida";"Ambos Sexos";"Rendimiento"
"2020-2021";"57.06";"Ciencias de la vida";"Ambos Sexos";"Rendimiento"
"2019-2020";"68.84";"Ciencias de la vida";"Ambos Sexos";"Rendimiento"
"2018-2019";"52.14";"Ciencias de la vida";"Ambos Sexos";"Rendimiento"
"2017-2018";"60.26";"Ciencias de la vida";"Ambos Sexos";"Rendimiento"
"2016-2017";"67.08";"Ciencias de la vida";"Ambos Sexos";"Rendimiento"
"2015-2016";"56.36";"Ciencias de la vida";"Ambos Sexos";"Rendimiento"
"2022-2023";"..";"Ciencias Físicas, químicas, geológicas";"Ambos Sexos";"Rendimiento"
"2021-2022";"..";"Ciencias Físicas, químicas, geológicas";"Ambos Sexos";"Rendimiento"
"2020-2021";"..";"Ciencias Físicas, químicas, geológicas";"Ambos Sexos";"Rendimiento"
"2019-2020";"..";"Ciencias Físicas, químicas, geológicas";"Ambos Sexos";"Rendimiento"
"2018-2019";"..";"Ciencias Físicas, químicas, geológicas";"Ambos Sexos";"Rendimiento"
"2017-2018";"..";"Ciencias Físicas, químicas, geológicas";"Ambos Sexos";"Rendimiento"
"2016-2017";"..";"Ciencias Físicas, químicas, geológicas";"Ambos Sexos";"Rendimiento"
"2015-2016";"..";"Ciencias Físicas, químicas, geológicas";"Ambos Sexos";"Rendimiento"
"2022-2023";"..";"Matemáticas y Estadística";"Ambos Sexos";"Rendimiento"
"2021-2022";"..";"Matemáticas y Estadística";"Ambos Sexos";"Rendimiento"
"2020-2021";"..";"Matemáticas y Estadística";"Ambos Sexos";"Rendimiento"
"2019-2020";"..";"Matemáticas y Estadística";"Ambos Sexos";"Rendimiento"
"2018-2019";"..";"Matemáticas y Estadística";"Ambos Sexos";"Rendimiento"
"2017-2018";"..";"Matemáticas y Estadística";"Ambos Sexos";"Rendimiento"
"2016-2017";"..";"Matemáticas y Estadística";"Ambos Sexos";"Rendimiento"
"2015-2016";"..";"Matemáticas y Estadística";"Ambos Sexos";"Rendimiento"
"2022-2023";"68.91";"Total Informática";"Ambos Sexos";"Rendimiento"
"2021-2022";"65.59";"Total Informática";"Ambos Sexos";"Rendimiento"
"2020-2021";"71.14";"Total Informática";"Ambos Sexos";"Rendimiento"
"2019-2020";"73.69";"Total Informática";"Ambos Sexos";"Rendimiento"
"2018-2019";"60.33";"Total Informática";"Ambos Sexos";"Rendimiento"
"2017-2018";"68.15";"Total Informática";"Ambos Sexos";"Rendimiento"
"2016-2017";"68.85";"Total Informática";"Ambos Sexos";"Rendimiento"
"2015-2016";"59.3";"Total Informática";"Ambos Sexos";"Rendimiento"
"2022-2023";"68.91";"Informática";"Ambos Sexos";"Rendimiento"
"2021-2022";"65.59";"Informática";"Ambos Sexos";"Rendimiento"
"2020-2021";"71.14";"Informática";"Ambos Sexos";"Rendimiento"
"2019-2020";"73.69";"Informática";"Ambos Sexos";"Rendimiento"
"2018-2019";"60.33";"Informática";"Ambos Sexos";"Rendimiento"
"2017-2018";"68.15";"Informática";"Ambos Sexos";"Rendimiento"
"2016-2017";"68.85";"Informática";"Ambos Sexos";"Rendimiento"
"2015-2016";"59.3";"Informática";"Ambos Sexos";"Rendimiento"
"2022-2023";"53.62";"Total Ingeniería, industria y construcción";"Ambos Sexos";"Rendimiento"
"2021-2022";"66.67";"Total Ingeniería, industria y construcción";"Ambos Sexos";"Rendimiento"
"2020-2021";"73.75";"Total Ingeniería, industria y construcción";"Ambos Sexos";"Rendimiento"
"2019-2020";"74.3";"Total Ingeniería, industria y construcción";"Ambos Sexos";"Rendimiento"
"2018-2019";"57.05";"Total Ingeniería, industria y construcción";"Ambos Sexos";"Rendimiento"
"2017-2018";"59.84";"Total Ingeniería, industria y construcción";"Ambos Sexos";"Rendimiento"
"2016-2017";"65.46";"Total Ingeniería, industria y construcción";"Ambos Sexos";"Rendimiento"
"2015-2016";"68.12";"Total Ingeniería, industria y construcción";"Ambos Sexos";"Rendimiento"
"2022-2023";"53.62";"Ingenierías";"Ambos Sexos";"Rendimiento"
"2021-2022";"66.67";"Ingenierías";"Ambos Sexos";"Rendimiento"
"2020-2021";"73.75";"Ingenierías";"Ambos Sexos";"Rendimiento"
"2019-2020";"74.3";"Ingenierías";"Ambos Sexos";"Rendimiento"
"2018-2019";"57.05";"Ingenierías";"Ambos Sexos";"Rendimiento"
"2017-2018";"59.84";"Ingenierías";"Ambos Sexos";"Rendimiento"
"2016-2017";"65.46";"Ingenierías";"Ambos Sexos";"Rendimiento"
"2015-2016";"68.12";"Ingenierías";"Ambos Sexos";"Rendimiento"
"2022-2023";"..";"Arquitectura y construcción";"Ambos Sexos";"Rendimiento"
"2021-2022";"..";"Arquitectura y construcción";"Ambos Sexos";"Rendimiento"
"2020-2021";"..";"Arquitectura y construcción";"Ambos Sexos";"Rendimiento"
"2019-2020";"..";"Arquitectura y construcción";"Ambos Sexos";"Rendimiento"
"2018-2019";"..";"Arquitectura y construcción";"Ambos Sexos";"Rendimiento"
"2017-2018";"..";"Arquitectura y construcción";"Ambos Sexos";"Rendimiento"
"2016-2017";"..";"Arquitectura y construcción";"Ambos Sexos";"Rendimiento"
"2015-2016";"..";"Arquitectura y construcción";"Ambos Sexos";"Rendimiento"
"2022-2023";"49.83";"Total Agricultura, ganadería,  silvicultura, pesca, y veterinaria";"Ambos Sexos";"Rendimiento"
"2021-2022";"53.96";"Total Agricultura, ganadería,  silvicultura, pesca, y veterinaria";"Ambos Sexos";"Rendimiento"
"2020-2021";"60.2";"Total Agricultura, ganadería,  silvicultura, pesca, y veterinaria";"Ambos Sexos";"Rendimiento"
"2019-2020";"69.76";"Total Agricultura, ganadería,  silvicultura, pesca, y veterinaria";"Ambos Sexos";"Rendimiento"
"2018-2019";"52.81";"Total Agricultura, ganadería,  silvicultura, pesca, y veterinaria";"Ambos Sexos";"Rendimiento"
"2017-2018";"53.85";"Total Agricultura, ganadería,  silvicultura, pesca, y veterinaria";"Ambos Sexos";"Rendimiento"
"2016-2017";"55.66";"Total Agricultura, ganadería,  silvicultura, pesca, y veterinaria";"Ambos Sexos";"Rendimiento"
"2015-2016";"50.9";"Total Agricultura, ganadería,  silvicultura, pesca, y veterinaria";"Ambos Sexos";"Rendimiento"
"2022-2023";"49.83";"Agricultura, ganadería y pesca";"Ambos Sexos";"Rendimiento"
"2021-2022";"53.96";"Agricultura, ganadería y pesca";"Ambos Sexos";"Rendimiento"
"2020-2021";"60.2";"Agricultura, ganadería y pesca";"Ambos Sexos";"Rendimiento"
"2019-2020";"69.76";"Agricultura, ganadería y pesca";"Ambos Sexos";"Rendimiento"
"2018-2019";"52.81";"Agricultura, ganadería y pesca";"Ambos Sexos";"Rendimiento"
"2017-2018";"53.85";"Agricultura, ganadería y pesca";"Ambos Sexos";"Rendimiento"
"2016-2017";"55.66";"Agricultura, ganadería y pesca";"Ambos Sexos";"Rendimiento"
"2015-2016";"50.9";"Agricultura, ganadería y pesca";"Ambos Sexos";"Rendimiento"
"2022-2023";"..";"Veterinaria";"Ambos Sexos";"Rendimiento"
"2021-2022";"..";"Veterinaria";"Ambos Sexos";"Rendimiento"
"2020-2021";"..";"Veterinaria";"Ambos Sexos";"Rendimiento"
"2019-2020";"..";"Veterinaria";"Ambos Sexos";"Rendimiento"
"2018-2019";"..";"Veterinaria";"Ambos Sexos";"Rendimiento"
"2017-2018";"..";"Veterinaria";"Ambos Sexos";"Rendimiento"
"2016-2017";"..";"Veterinaria";"Ambos Sexos";"Rendimiento"
"2015-2016";"..";"Veterinaria";"Ambos Sexos";"Rendimiento"
"2022-2023";"87.21";"Total Salud y servicios sociales";"Ambos Sexos";"Rendimiento"
"2021-2022";"84.51";"Total Salud y servicios sociales";"Ambos Sexos";"Rendimiento"
"2020-2021";"90.22";"Total Salud y servicios sociales";"Ambos Sexos";"Rendimiento"
"2019-2020";"93.01";"Total Salud y servicios sociales";"Ambos Sexos";"Rendimiento"
"2018-2019";"82.33";"Total Salud y servicios sociales";"Ambos Sexos";"Rendimiento"
"2017-2018";"78.14";"Total Salud y servicios sociales";"Ambos Sexos";"Rendimiento"
"2016-2017";"80.9";"Total Salud y servicios sociales";"Ambos Sexos";"Rendimiento"
"2015-2016";"86.06";"Total Salud y servicios sociales";"Ambos Sexos";"Rendimiento"
"2022-2023";"..";"Medicina";"Ambos Sexos";"Rendimiento"
"2021-2022";"..";"Medicina";"Ambos Sexos";"Rendimiento"
"2020-2021";"..";"Medicina";"Ambos Sexos";"Rendimiento"
"2019-2020";"..";"Medicina";"Ambos Sexos";"Rendimiento"
"2018-2019";"..";"Medicina";"Ambos Sexos";"Rendimiento"
"2017-2018";"..";"Medicina";"Ambos Sexos";"Rendimiento"
"2016-2017";"..";"Medicina";"Ambos Sexos";"Rendimiento"
"2015-2016";"..";"Medicina";"Ambos Sexos";"Rendimiento"
"2022-2023";"90.86";"Enfermería y atención a enfermos";"Ambos Sexos";"Rendimiento"
"2021-2022";"88.38";"Enfermería y atención a enfermos";"Ambos Sexos";"Rendimiento"
"2020-2021";"91.39";"Enfermería y atención a enfermos";"Ambos Sexos";"Rendimiento"
"2019-2020";"95.71";"Enfermería y atención a enfermos";"Ambos Sexos";"Rendimiento"
"2018-2019";"86.16";"Enfermería y atención a enfermos";"Ambos Sexos";"Rendimiento"
"2017-2018";"84.05";"Enfermería y atención a enfermos";"Ambos Sexos";"Rendimiento"
"2016-2017";"85.66";"Enfermería y atención a enfermos";"Ambos Sexos";"Rendimiento"
"2015-2016";"86.73";"Enfermería y atención a enfermos";"Ambos Sexos";"Rendimiento"
"2022-2023";"79.95";"Otras ciencias de la Salud";"Ambos Sexos";"Rendimiento"
"2021-2022";"78.66";"Otras ciencias de la Salud";"Ambos Sexos";"Rendimiento"
"2020-2021";"88.6";"Otras ciencias de la Salud";"Ambos Sexos";"Rendimiento"
"2019-2020";"88.64";"Otras ciencias de la Salud";"Ambos Sexos";"Rendimiento"
"2018-2019";"76.22";"Otras ciencias de la Salud";"Ambos Sexos";"Rendimiento"
"2017-2018";"69.4";"Otras ciencias de la Salud";"Ambos Sexos";"Rendimiento"
"2016-2017";"73.76";"Otras ciencias de la Salud";"Ambos Sexos";"Rendimiento"
"2015-2016";"85.17";"Otras ciencias de la Salud";"Ambos Sexos";"Rendimiento"
"2022-2023";"..";"Trabajo social y orientación";"Ambos Sexos";"Rendimiento"
"2021-2022";"..";"Trabajo social y orientación";"Ambos Sexos";"Rendimiento"
"2020-2021";"..";"Trabajo social y orientación";"Ambos Sexos";"Rendimiento"
"2019-2020";"..";"Trabajo social y orientación";"Ambos Sexos";"Rendimiento"
"2018-2019";"..";"Trabajo social y orientación";"Ambos Sexos";"Rendimiento"
"2017-2018";"..";"Trabajo social y orientación";"Ambos Sexos";"Rendimiento"
"2016-2017";"..";"Trabajo social y orientación";"Ambos Sexos";"Rendimiento"
"2015-2016";"..";"Trabajo social y orientación";"Ambos Sexos";"Rendimiento"
"2022-2023";"86.31";"Total Servicios";"Ambos Sexos";"Rendimiento"
"2021-2022";"88.91";"Total Servicios";"Ambos Sexos";"Rendimiento"
"2020-2021";"..";"Total Servicios";"Ambos Sexos";"Rendimiento"
"2019-2020";"..";"Total Servicios";"Ambos Sexos";"Rendimiento"
"2018-2019";"..";"Total Servicios";"Ambos Sexos";"Rendimiento"
"2017-2018";"..";"Total Servicios";"Ambos Sexos";"Rendimiento"
"2016-2017";"..";"Total Servicios";"Ambos Sexos";"Rendimiento"
"2015-2016";"..";"Total Servicios";"Ambos Sexos";"Rendimiento"
"2022-2023";"..";"Deportes";"Ambos Sexos";"Rendimiento"
"2021-2022";"..";"Deportes";"Ambos Sexos";"Rendimiento"
"2020-2021";"..";"Deportes";"Ambos Sexos";"Rendimiento"
"2019-2020";"..";"Deportes";"Ambos Sexos";"Rendimiento"
"2018-2019";"..";"Deportes";"Ambos Sexos";"Rendimiento"
"2017-2018";"..";"Deportes";"Ambos Sexos";"Rendimiento"
"2016-2017";"..";"Deportes";"Ambos Sexos";"Rendimiento"
"2015-2016";"..";"Deportes";"Ambos Sexos";"Rendimiento"
"2022-2023";"..";"Turismo y Hostelería";"Ambos Sexos";"Rendimiento"
"2021-2022";"..";"Turismo y Hostelería";"Ambos Sexos";"Rendimiento"
"2020-2021";"..";"Turismo y Hostelería";"Ambos Sexos";"Rendimiento"
"2019-2020";"..";"Turismo y Hostelería";"Ambos Sexos";"Rendimiento"
"2018-2019";"..";"Turismo y Hostelería";"Ambos Sexos";"Rendimiento"
"2017-2018";"..";"Turismo y Hostelería";"Ambos Sexos";"Rendimiento"
"2016-2017";"..";"Turismo y Hostelería";"Ambos Sexos";"Rendimiento"
"2015-2016";"..";"Turismo y Hostelería";"Ambos Sexos";"Rendimiento"
"2022-2023";"86.31";"Otros Servicios";"Ambos Sexos";"Rendimiento"
"2021-2022";"88.91";"Otros Servicios";"Ambos Sexos";"Rendimiento"
"2020-2021";"..";"Otros Servicios";"Ambos Sexos";"Rendimiento"
"2019-2020";"..";"Otros Servicios";"Ambos Sexos";"Rendimiento"
"2018-2019";"..";"Otros Servicios";"Ambos Sexos";"Rendimiento"
"2017-2018";"..";"Otros Servicios";"Ambos Sexos";"Rendimiento"
"2016-2017";"..";"Otros Servicios";"Ambos Sexos";"Rendimiento"
"2015-2016";"..";"Otros Servicios";"Ambos Sexos";"Rendimiento"
"2022-2023";"???";"Católica Santa Teresa de Jesús de Ávila";"Ambos Sexos";"Exito"
"2021-2022";"???";"Católica Santa Teresa de Jesús de Ávila";"Ambos Sexos";"Exito"
"2020-2021";"???";"Católica Santa Teresa de Jesús de Ávila";"Ambos Sexos";"Exito"
"2019-2020";"???";"Católica Santa Teresa de Jesús de Ávila";"Ambos Sexos";"Exito"
"2018-2019";"???";"Católica Santa Teresa de Jesús de Ávila";"Ambos Sexos";"Exito"
"2017-2018";"???";"Católica Santa Teresa de Jesús de Ávila";"Ambos Sexos";"Exito"
"2016-2017";"???";"Católica Santa Teresa de Jesús de Ávila";"Ambos Sexos";"Exito"
"2015-2016";"???";"Católica Santa Teresa de Jesús de Ávila";"Ambos Sexos";"Exito"
"2022-2023";"90.45";"Todos los ámbitos";"Ambos Sexos";"Exito"
"2021-2022";"90.55";"Todos los ámbitos";"Ambos Sexos";"Exito"
"2020-2021";"93.44";"Todos los ámbitos";"Ambos Sexos";"Exito"
"2019-2020";"95.39";"Todos los ámbitos";"Ambos Sexos";"Exito"
"2018-2019";"85.45";"Todos los ámbitos";"Ambos Sexos";"Exito"
"2017-2018";"85.12";"Todos los ámbitos";"Ambos Sexos";"Exito"
"2016-2017";"86.58";"Todos los ámbitos";"Ambos Sexos";"Exito"
"2015-2016";"87.58";"Todos los ámbitos";"Ambos Sexos";"Exito"
"2022-2023";"95.86";"Total Educación";"Ambos Sexos";"Exito"
"2021-2022";"96.0";"Total Educación";"Ambos Sexos";"Exito"
"2020-2021";"96.96";"Total Educación";"Ambos Sexos";"Exito"
"2019-2020";"98.23";"Total Educación";"Ambos Sexos";"Exito"
"2018-2019";"92.1";"Total Educación";"Ambos Sexos";"Exito"
"2017-2018";"95.68";"Total Educación";"Ambos Sexos";"Exito"
"2016-2017";"95.33";"Total Educación";"Ambos Sexos";"Exito"
"2015-2016";"93.0";"Total Educación";"Ambos Sexos";"Exito"
"2022-2023";"97.23";"Formación de docentes de enseñanza infantil";"Ambos Sexos";"Exito"
"2021-2022";"96.54";"Formación de docentes de enseñanza infantil";"Ambos Sexos";"Exito"
"2020-2021";"96.94";"Formación de docentes de enseñanza infantil";"Ambos Sexos";"Exito"
"2019-2020";"98.17";"Formación de docentes de enseñanza infantil";"Ambos Sexos";"Exito"
"2018-2019";"93.23";"Formación de docentes de enseñanza infantil";"Ambos Sexos";"Exito"
"2017-2018";"97.55";"Formación de docentes de enseñanza infantil";"Ambos Sexos";"Exito"
"2016-2017";"98.49";"Formación de docentes de enseñanza infantil";"Ambos Sexos";"Exito"
"2015-2016";"96.23";"Formación de docentes de enseñanza infantil";"Ambos Sexos";"Exito"
"2022-2023";"95.01";"Formación de docentes de enseñanza primaria";"Ambos Sexos";"Exito"
"2021-2022";"95.6";"Formación de docentes de enseñanza primaria";"Ambos Sexos";"Exito"
"2020-2021";"96.97";"Formación de docentes de enseñanza primaria";"Ambos Sexos";"Exito"
"2019-2020";"98.27";"Formación de docentes de enseñanza primaria";"Ambos Sexos";"Exito"
"2018-2019";"91.63";"Formación de docentes de enseñanza primaria";"Ambos Sexos";"Exito"
"2017-2018";"95.0";"Formación de docentes de enseñanza primaria";"Ambos Sexos";"Exito"
"2016-2017";"94.49";"Formación de docentes de enseñanza primaria";"Ambos Sexos";"Exito"
"2015-2016";"91.9";"Formación de docentes de enseñanza primaria";"Ambos Sexos";"Exito"
"2022-2023";"..";"Otra Formación de personal docente y ciencias de la educación";"Ambos Sexos";"Exito"
"2021-2022";"..";"Otra Formación de personal docente y ciencias de la educación";"Ambos Sexos";"Exito"
"2020-2021";"..";"Otra Formación de personal docente y ciencias de la educación";"Ambos Sexos";"Exito"
"2019-2020";"..";"Otra Formación de personal docente y ciencias de la educación";"Ambos Sexos";"Exito"
"2018-2019";"..";"Otra Formación de personal docente y ciencias de la educación";"Ambos Sexos";"Exito"
"2017-2018";"..";"Otra Formación de personal docente y ciencias de la educación";"Ambos Sexos";"Exito"
"2016-2017";"..";"Otra Formación de personal docente y ciencias de la educación";"Ambos Sexos";"Exito"
"2015-2016";"..";"Otra Formación de personal docente y ciencias de la educación";"Ambos Sexos";"Exito"
"2022-2023";"..";"Total Artes y humanidades";"Ambos Sexos";"Exito"
"2021-2022";"..";"Total Artes y humanidades";"Ambos Sexos";"Exito"
"2020-2021";"..";"Total Artes y humanidades";"Ambos Sexos";"Exito"
"2019-2020";"..";"Total Artes y humanidades";"Ambos Sexos";"Exito"
"2018-2019";"..";"Total Artes y humanidades";"Ambos Sexos";"Exito"
"2017-2018";"..";"Total Artes y humanidades";"Ambos Sexos";"Exito"
"2016-2017";"..";"Total Artes y humanidades";"Ambos Sexos";"Exito"
"2015-2016";"..";"Total Artes y humanidades";"Ambos Sexos";"Exito"
"2022-2023";"..";"Técnicas audiovisuales y medios de comunicación";"Ambos Sexos";"Exito"
"2021-2022";"..";"Técnicas audiovisuales y medios de comunicación";"Ambos Sexos";"Exito"
"2020-2021";"..";"Técnicas audiovisuales y medios de comunicación";"Ambos Sexos";"Exito"
"2019-2020";"..";"Técnicas audiovisuales y medios de comunicación";"Ambos Sexos";"Exito"
"2018-2019";"..";"Técnicas audiovisuales y medios de comunicación";"Ambos Sexos";"Exito"
"2017-2018";"..";"Técnicas audiovisuales y medios de comunicación";"Ambos Sexos";"Exito"
"2016-2017";"..";"Técnicas audiovisuales y medios de comunicación";"Ambos Sexos";"Exito"
"2015-2016";"..";"Técnicas audiovisuales y medios de comunicación";"Ambos Sexos";"Exito"
"2022-2023";"..";"Artes";"Ambos Sexos";"Exito"
"2021-2022";"..";"Artes";"Ambos Sexos";"Exito"
"2020-2021";"..";"Artes";"Ambos Sexos";"Exito"
"2019-2020";"..";"Artes";"Ambos Sexos";"Exito"
"2018-2019";"..";"Artes";"Ambos Sexos";"Exito"
"2017-2018";"..";"Artes";"Ambos Sexos";"Exito"
"2016-2017";"..";"Artes";"Ambos Sexos";"Exito"
"2015-2016";"..";"Artes";"Ambos Sexos";"Exito"
"2022-2023";"..";"Lenguas";"Ambos Sexos";"Exito"
"2021-2022";"..";"Lenguas";"Ambos Sexos";"Exito"
"2020-2021";"..";"Lenguas";"Ambos Sexos";"Exito"
"2019-2020";"..";"Lenguas";"Ambos Sexos";"Exito"
"2018-2019";"..";"Lenguas";"Ambos Sexos";"Exito"
"2017-2018";"..";"Lenguas";"Ambos Sexos";"Exito"
"2016-2017";"..";"Lenguas";"Ambos Sexos";"Exito"
"2015-2016";"..";"Lenguas";"Ambos Sexos";"Exito"
"2022-2023";"..";"Humanidades";"Ambos Sexos";"Exito"
"2021-2022";"..";"Humanidades";"Ambos Sexos";"Exito"
"2020-2021";"..";"Humanidades";"Ambos Sexos";"Exito"
"2019-2020";"..";"Humanidades";"Ambos Sexos";"Exito"
"2018-2019";"..";"Humanidades";"Ambos Sexos";"Exito"
"2017-2018";"..";"Humanidades";"Ambos Sexos";"Exito"
"2016-2017";"..";"Humanidades";"Ambos Sexos";"Exito"
"2015-2016";"..";"Humanidades";"Ambos Sexos";"Exito"
"2022-2023";"90.0";"Total Ciencias sociales, periodismo y documentación";"Ambos Sexos";"Exito"
"2021-2022";"86.58";"Total Ciencias sociales, periodismo y documentación";"Ambos Sexos";"Exito"
"2020-2021";"86.55";"Total Ciencias sociales, periodismo y documentación";"Ambos Sexos";"Exito"
"2019-2020";"93.38";"Total Ciencias sociales, periodismo y documentación";"Ambos Sexos";"Exito"
"2018-2019";"89.94";"Total Ciencias sociales, periodismo y documentación";"Ambos Sexos";"Exito"
"2017-2018";"87.32";"Total Ciencias sociales, periodismo y documentación";"Ambos Sexos";"Exito"
"2016-2017";"83.17";"Total Ciencias sociales, periodismo y documentación";"Ambos Sexos";"Exito"
"2015-2016";"90.67";"Total Ciencias sociales, periodismo y documentación";"Ambos Sexos";"Exito"
"2022-2023";"90.73";"Psicología";"Ambos Sexos";"Exito"
"2021-2022";"86.74";"Psicología";"Ambos Sexos";"Exito"
"2020-2021";"86.39";"Psicología";"Ambos Sexos";"Exito"
"2019-2020";"94.2";"Psicología";"Ambos Sexos";"Exito"
"2018-2019";"93.13";"Psicología";"Ambos Sexos";"Exito"
"2017-2018";"..";"Psicología";"Ambos Sexos";"Exito"
"2016-2017";"..";"Psicología";"Ambos Sexos";"Exito"
"2015-2016";"..";"Psicología";"Ambos Sexos";"Exito"
"2022-2023";"80.81";"Economía";"Ambos Sexos";"Exito"
"2021-2022";"85.68";"Economía";"Ambos Sexos";"Exito"
"2020-2021";"87.29";"Economía";"Ambos Sexos";"Exito"
"2019-2020";"91.11";"Economía";"Ambos Sexos";"Exito"
"2018-2019";"85.49";"Economía";"Ambos Sexos";"Exito"
"2017-2018";"84.2";"Economía";"Ambos Sexos";"Exito"
"2016-2017";"83.17";"Economía";"Ambos Sexos";"Exito"
"2015-2016";"90.67";"Economía";"Ambos Sexos";"Exito"
"2022-2023";"..";"Otras Ciencias sociales y del comportamiento";"Ambos Sexos";"Exito"
"2021-2022";"..";"Otras Ciencias sociales y del comportamiento";"Ambos Sexos";"Exito"
"2020-2021";"..";"Otras Ciencias sociales y del comportamiento";"Ambos Sexos";"Exito"
"2019-2020";"..";"Otras Ciencias sociales y del comportamiento";"Ambos Sexos";"Exito"
"2018-2019";"..";"Otras Ciencias sociales y del comportamiento";"Ambos Sexos";"Exito"
"2017-2018";"..";"Otras Ciencias sociales y del comportamiento";"Ambos Sexos";"Exito"
"2016-2017";"..";"Otras Ciencias sociales y del comportamiento";"Ambos Sexos";"Exito"
"2015-2016";"..";"Otras Ciencias sociales y del comportamiento";"Ambos Sexos";"Exito"
"2022-2023";"..";"Periodismo e información";"Ambos Sexos";"Exito"
"2021-2022";"..";"Periodismo e información";"Ambos Sexos";"Exito"
"2020-2021";"..";"Periodismo e información";"Ambos Sexos";"Exito"
"2019-2020";"..";"Periodismo e información";"Ambos Sexos";"Exito"
"2018-2019";"..";"Periodismo e información";"Ambos Sexos";"Exito"
"2017-2018";"..";"Periodismo e información";"Ambos Sexos";"Exito"
"2016-2017";"..";"Periodismo e información";"Ambos Sexos";"Exito"
"2015-2016";"..";"Periodismo e información";"Ambos Sexos";"Exito"
"2022-2023";"86.1";"Total Negocios, administración y derecho";"Ambos Sexos";"Exito"
"2021-2022";"87.83";"Total Negocios, administración y derecho";"Ambos Sexos";"Exito"
"2020-2021";"89.7";"Total Negocios, administración y derecho";"Ambos Sexos";"Exito"
"2019-2020";"92.51";"Total Negocios, administración y derecho";"Ambos Sexos";"Exito"
"2018-2019";"82.89";"Total Negocios, administración y derecho";"Ambos Sexos";"Exito"
"2017-2018";"85.57";"Total Negocios, administración y derecho";"Ambos Sexos";"Exito"
"2016-2017";"86.95";"Total Negocios, administración y derecho";"Ambos Sexos";"Exito"
"2015-2016";"85.73";"Total Negocios, administración y derecho";"Ambos Sexos";"Exito"
"2022-2023";"81.9";"Administración y gestión de empresas";"Ambos Sexos";"Exito"
"2021-2022";"84.85";"Administración y gestión de empresas";"Ambos Sexos";"Exito"
"2020-2021";"86.58";"Administración y gestión de empresas";"Ambos Sexos";"Exito"
"2019-2020";"90.81";"Administración y gestión de empresas";"Ambos Sexos";"Exito"
"2018-2019";"78.34";"Administración y gestión de empresas";"Ambos Sexos";"Exito"
"2017-2018";"81.83";"Administración y gestión de empresas";"Ambos Sexos";"Exito"
"2016-2017";"83.33";"Administración y gestión de empresas";"Ambos Sexos";"Exito"
"2015-2016";"82.51";"Administración y gestión de empresas";"Ambos Sexos";"Exito"
"2022-2023";"..";"Otra Educación comercial y empresarial";"Ambos Sexos";"Exito"
"2021-2022";"..";"Otra Educación comercial y empresarial";"Ambos Sexos";"Exito"
"2020-2021";"..";"Otra Educación comercial y empresarial";"Ambos Sexos";"Exito"
"2019-2020";"..";"Otra Educación comercial y empresarial";"Ambos Sexos";"Exito"
"2018-2019";"..";"Otra Educación comercial y empresarial";"Ambos Sexos";"Exito"
"2017-2018";"..";"Otra Educación comercial y empresarial";"Ambos Sexos";"Exito"
"2016-2017";"..";"Otra Educación comercial y empresarial";"Ambos Sexos";"Exito"
"2015-2016";"..";"Otra Educación comercial y empresarial";"Ambos Sexos";"Exito"
"2022-2023";"87.44";"Derecho";"Ambos Sexos";"Exito"
"2021-2022";"88.74";"Derecho";"Ambos Sexos";"Exito"
"2020-2021";"90.59";"Derecho";"Ambos Sexos";"Exito"
"2019-2020";"93.21";"Derecho";"Ambos Sexos";"Exito"
"2018-2019";"85.38";"Derecho";"Ambos Sexos";"Exito"
"2017-2018";"87.82";"Derecho";"Ambos Sexos";"Exito"
"2016-2017";"89.45";"Derecho";"Ambos Sexos";"Exito"
"2015-2016";"87.84";"Derecho";"Ambos Sexos";"Exito"
"2022-2023";"74.75";"Total Ciencias";"Ambos Sexos";"Exito"
"2021-2022";"73.93";"Total Ciencias";"Ambos Sexos";"Exito"
"2020-2021";"78.17";"Total Ciencias";"Ambos Sexos";"Exito"
"2019-2020";"90.38";"Total Ciencias";"Ambos Sexos";"Exito"
"2018-2019";"80.71";"Total Ciencias";"Ambos Sexos";"Exito"
"2017-2018";"77.61";"Total Ciencias";"Ambos Sexos";"Exito"
"2016-2017";"84.97";"Total Ciencias";"Ambos Sexos";"Exito"
"2015-2016";"79.71";"Total Ciencias";"Ambos Sexos";"Exito"
"2022-2023";"74.75";"Ciencias de la vida";"Ambos Sexos";"Exito"
"2021-2022";"73.93";"Ciencias de la vida";"Ambos Sexos";"Exito"
"2020-2021";"78.17";"Ciencias de la vida";"Ambos Sexos";"Exito"
"2019-2020";"90.38";"Ciencias de la vida";"Ambos Sexos";"Exito"
"2018-2019";"80.71";"Ciencias de la vida";"Ambos Sexos";"Exito"
"2017-2018";"77.61";"Ciencias de la vida";"Ambos Sexos";"Exito"
"2016-2017";"84.97";"Ciencias de la vida";"Ambos Sexos";"Exito"
"2015-2016";"79.71";"Ciencias de la vida";"Ambos Sexos";"Exito"
"2022-2023";"..";"Ciencias Físicas, químicas, geológicas";"Ambos Sexos";"Exito"
"2021-2022";"..";"Ciencias Físicas, químicas, geológicas";"Ambos Sexos";"Exito"
"2020-2021";"..";"Ciencias Físicas, químicas, geológicas";"Ambos Sexos";"Exito"
"2019-2020";"..";"Ciencias Físicas, químicas, geológicas";"Ambos Sexos";"Exito"
"2018-2019";"..";"Ciencias Físicas, químicas, geológicas";"Ambos Sexos";"Exito"
"2017-2018";"..";"Ciencias Físicas, químicas, geológicas";"Ambos Sexos";"Exito"
"2016-2017";"..";"Ciencias Físicas, químicas, geológicas";"Ambos Sexos";"Exito"
"2015-2016";"..";"Ciencias Físicas, químicas, geológicas";"Ambos Sexos";"Exito"
"2022-2023";"..";"Matemáticas y Estadística";"Ambos Sexos";"Exito"
"2021-2022";"..";"Matemáticas y Estadística";"Ambos Sexos";"Exito"
"2020-2021";"..";"Matemáticas y Estadística";"Ambos Sexos";"Exito"
"2019-2020";"..";"Matemáticas y Estadística";"Ambos Sexos";"Exito"
"2018-2019";"..";"Matemáticas y Estadística";"Ambos Sexos";"Exito"
"2017-2018";"..";"Matemáticas y Estadística";"Ambos Sexos";"Exito"
"2016-2017";"..";"Matemáticas y Estadística";"Ambos Sexos";"Exito"
"2015-2016";"..";"Matemáticas y Estadística";"Ambos Sexos";"Exito"
"2022-2023";"80.35";"Total Informática";"Ambos Sexos";"Exito"
"2021-2022";"89.73";"Total Informática";"Ambos Sexos";"Exito"
"2020-2021";"90.94";"Total Informática";"Ambos Sexos";"Exito"
"2019-2020";"92.92";"Total Informática";"Ambos Sexos";"Exito"
"2018-2019";"83.49";"Total Informática";"Ambos Sexos";"Exito"
"2017-2018";"89.31";"Total Informática";"Ambos Sexos";"Exito"
"2016-2017";"91.03";"Total Informática";"Ambos Sexos";"Exito"
"2015-2016";"88.75";"Total Informática";"Ambos Sexos";"Exito"
"2022-2023";"80.35";"Informática";"Ambos Sexos";"Exito"
"2021-2022";"89.73";"Informática";"Ambos Sexos";"Exito"
"2020-2021";"90.94";"Informática";"Ambos Sexos";"Exito"
"2019-2020";"92.92";"Informática";"Ambos Sexos";"Exito"
"2018-2019";"83.49";"Informática";"Ambos Sexos";"Exito"
"2017-2018";"89.31";"Informática";"Ambos Sexos";"Exito"
"2016-2017";"91.03";"Informática";"Ambos Sexos";"Exito"
"2015-2016";"88.75";"Informática";"Ambos Sexos";"Exito"
"2022-2023";"75.53";"Total Ingeniería, industria y construcción";"Ambos Sexos";"Exito"
"2021-2022";"85.75";"Total Ingeniería, industria y construcción";"Ambos Sexos";"Exito"
"2020-2021";"91.53";"Total Ingeniería, industria y construcción";"Ambos Sexos";"Exito"
"2019-2020";"93.52";"Total Ingeniería, industria y construcción";"Ambos Sexos";"Exito"
"2018-2019";"78.5";"Total Ingeniería, industria y construcción";"Ambos Sexos";"Exito"
"2017-2018";"77.77";"Total Ingeniería, industria y construcción";"Ambos Sexos";"Exito"
"2016-2017";"83.25";"Total Ingeniería, industria y construcción";"Ambos Sexos";"Exito"
"2015-2016";"86.5";"Total Ingeniería, industria y construcción";"Ambos Sexos";"Exito"
"2022-2023";"75.53";"Ingenierías";"Ambos Sexos";"Exito"
"2021-2022";"85.75";"Ingenierías";"Ambos Sexos";"Exito"
"2020-2021";"91.53";"Ingenierías";"Ambos Sexos";"Exito"
"2019-2020";"93.52";"Ingenierías";"Ambos Sexos";"Exito"
"2018-2019";"78.5";"Ingenierías";"Ambos Sexos";"Exito"
"2017-2018";"77.77";"Ingenierías";"Ambos Sexos";"Exito"
"2016-2017";"83.25";"Ingenierías";"Ambos Sexos";"Exito"
"2015-2016";"86.5";"Ingenierías";"Ambos Sexos";"Exito"
"2022-2023";"..";"Arquitectura y construcción";"Ambos Sexos";"Exito"
"2021-2022";"..";"Arquitectura y construcción";"Ambos Sexos";"Exito"
"2020-2021";"..";"Arquitectura y construcción";"Ambos Sexos";"Exito"
"2019-2020";"..";"Arquitectura y construcción";"Ambos Sexos";"Exito"
"2018-2019";"..";"Arquitectura y construcción";"Ambos Sexos";"Exito"
"2017-2018";"..";"Arquitectura y construcción";"Ambos Sexos";"Exito"
"2016-2017";"..";"Arquitectura y construcción";"Ambos Sexos";"Exito"
"2015-2016";"..";"Arquitectura y construcción";"Ambos Sexos";"Exito"
"2022-2023";"71.04";"Total Agricultura, ganadería,  silvicultura, pesca, y veterinaria";"Ambos Sexos";"Exito"
"2021-2022";"77.41";"Total Agricultura, ganadería,  silvicultura, pesca, y veterinaria";"Ambos Sexos";"Exito"
"2020-2021";"79.56";"Total Agricultura, ganadería,  silvicultura, pesca, y veterinaria";"Ambos Sexos";"Exito"
"2019-2020";"88.78";"Total Agricultura, ganadería,  silvicultura, pesca, y veterinaria";"Ambos Sexos";"Exito"
"2018-2019";"78.77";"Total Agricultura, ganadería,  silvicultura, pesca, y veterinaria";"Ambos Sexos";"Exito"
"2017-2018";"78.1";"Total Agricultura, ganadería,  silvicultura, pesca, y veterinaria";"Ambos Sexos";"Exito"
"2016-2017";"83.2";"Total Agricultura, ganadería,  silvicultura, pesca, y veterinaria";"Ambos Sexos";"Exito"
"2015-2016";"80.71";"Total Agricultura, ganadería,  silvicultura, pesca, y veterinaria";"Ambos Sexos";"Exito"
"2022-2023";"71.04";"Agricultura, ganadería y pesca";"Ambos Sexos";"Exito"
"2021-2022";"77.41";"Agricultura, ganadería y pesca";"Ambos Sexos";"Exito"
"2020-2021";"79.56";"Agricultura, ganadería y pesca";"Ambos Sexos";"Exito"
"2019-2020";"88.78";"Agricultura, ganadería y pesca";"Ambos Sexos";"Exito"
"2018-2019";"78.77";"Agricultura, ganadería y pesca";"Ambos Sexos";"Exito"
"2017-2018";"78.1";"Agricultura, ganadería y pesca";"Ambos Sexos";"Exito"
"2016-2017";"83.2";"Agricultura, ganadería y pesca";"Ambos Sexos";"Exito"
"2015-2016";"80.71";"Agricultura, ganadería y pesca";"Ambos Sexos";"Exito"
"2022-2023";"..";"Veterinaria";"Ambos Sexos";"Exito"
"2021-2022";"..";"Veterinaria";"Ambos Sexos";"Exito"
"2020-2021";"..";"Veterinaria";"Ambos Sexos";"Exito"
"2019-2020";"..";"Veterinaria";"Ambos Sexos";"Exito"
"2018-2019";"..";"Veterinaria";"Ambos Sexos";"Exito"
"2017-2018";"..";"Veterinaria";"Ambos Sexos";"Exito"
"2016-2017";"..";"Veterinaria";"Ambos Sexos";"Exito"
"2015-2016";"..";"Veterinaria";"Ambos Sexos";"Exito"
"2022-2023";"90.34";"Total Salud y servicios sociales";"Ambos Sexos";"Exito"
"2021-2022";"88.58";"Total Salud y servicios sociales";"Ambos Sexos";"Exito"
"2020-2021";"92.83";"Total Salud y servicios sociales";"Ambos Sexos";"Exito"
"2019-2020";"95.65";"Total Salud y servicios sociales";"Ambos Sexos";"Exito"
"2018-2019";"85.49";"Total Salud y servicios sociales";"Ambos Sexos";"Exito"
"2017-2018";"82.26";"Total Salud y servicios sociales";"Ambos Sexos";"Exito"
"2016-2017";"84.01";"Total Salud y servicios sociales";"Ambos Sexos";"Exito"
"2015-2016";"89.48";"Total Salud y servicios sociales";"Ambos Sexos";"Exito"
"2022-2023";"..";"Medicina";"Ambos Sexos";"Exito"
"2021-2022";"..";"Medicina";"Ambos Sexos";"Exito"
"2020-2021";"..";"Medicina";"Ambos Sexos";"Exito"
"2019-2020";"..";"Medicina";"Ambos Sexos";"Exito"
"2018-2019";"..";"Medicina";"Ambos Sexos";"Exito"
"2017-2018";"..";"Medicina";"Ambos Sexos";"Exito"
"2016-2017";"..";"Medicina";"Ambos Sexos";"Exito"
"2015-2016";"..";"Medicina";"Ambos Sexos";"Exito"
"2022-2023";"92.58";"Enfermería y atención a enfermos";"Ambos Sexos";"Exito"
"2021-2022";"90.8";"Enfermería y atención a enfermos";"Ambos Sexos";"Exito"
"2020-2021";"92.63";"Enfermería y atención a enfermos";"Ambos Sexos";"Exito"
"2019-2020";"96.48";"Enfermería y atención a enfermos";"Ambos Sexos";"Exito"
"2018-2019";"87.01";"Enfermería y atención a enfermos";"Ambos Sexos";"Exito"
"2017-2018";"85.66";"Enfermería y atención a enfermos";"Ambos Sexos";"Exito"
"2016-2017";"87.61";"Enfermería y atención a enfermos";"Ambos Sexos";"Exito"
"2015-2016";"90.28";"Enfermería y atención a enfermos";"Ambos Sexos";"Exito"
"2022-2023";"85.67";"Otras ciencias de la Salud";"Ambos Sexos";"Exito"
"2021-2022";"85.05";"Otras ciencias de la Salud";"Ambos Sexos";"Exito"
"2020-2021";"93.12";"Otras ciencias de la Salud";"Ambos Sexos";"Exito"
"2019-2020";"94.22";"Otras ciencias de la Salud";"Ambos Sexos";"Exito"
"2018-2019";"82.88";"Otras ciencias de la Salud";"Ambos Sexos";"Exito"
"2017-2018";"76.8";"Otras ciencias de la Salud";"Ambos Sexos";"Exito"
"2016-2017";"78.38";"Otras ciencias de la Salud";"Ambos Sexos";"Exito"
"2015-2016";"88.39";"Otras ciencias de la Salud";"Ambos Sexos";"Exito"
"2022-2023";"..";"Trabajo social y orientación";"Ambos Sexos";"Exito"
"2021-2022";"..";"Trabajo social y orientación";"Ambos Sexos";"Exito"
"2020-2021";"..";"Trabajo social y orientación";"Ambos Sexos";"Exito"
"2019-2020";"..";"Trabajo social y orientación";"Ambos Sexos";"Exito"
"2018-2019";"..";"Trabajo social y orientación";"Ambos Sexos";"Exito"
"2017-2018";"..";"Trabajo social y orientación";"Ambos Sexos";"Exito"
"2016-2017";"..";"Trabajo social y orientación";"Ambos Sexos";"Exito"
"2015-2016";"..";"Trabajo social y orientación";"Ambos Sexos";"Exito"
"2022-2023";"96.14";"Total Servicios";"Ambos Sexos";"Exito"
"2021-2022";"97.93";"Total Servicios";"Ambos Sexos";"Exito"
"2020-2021";"..";"Total Servicios";"Ambos Sexos";"Exito"
"2019-2020";"..";"Total Servicios";"Ambos Sexos";"Exito"
"2018-2019";"..";"Total Servicios";"Ambos Sexos";"Exito"
"2017-2018";"..";"Total Servicios";"Ambos Sexos";"Exito"
"2016-2017";"..";"Total Servicios";"Ambos Sexos";"Exito"
"2015-2016";"..";"Total Servicios";"Ambos Sexos";"Exito"
"2022-2023";"..";"Deportes";"Ambos Sexos";"Exito"
"2021-2022";"..";"Deportes";"Ambos Sexos";"Exito"
"2020-2021";"..";"Deportes";"Ambos Sexos";"Exito"
"2019-2020";"..";"Deportes";"Ambos Sexos";"Exito"
"2018-2019";"..";"Deportes";"Ambos Sexos";"Exito"
"2017-2018";"..";"Deportes";"Ambos Sexos";"Exito"
"2016-2017";"..";"Deportes";"Ambos Sexos";"Exito"
"2015-2016";"..";"Deportes";"Ambos Sexos";"Exito"
"2022-2023";"..";"Turismo y Hostelería";"Ambos Sexos";"Exito"
"2021-2022";"..";"Turismo y Hostelería";"Ambos Sexos";"Exito"
"2020-2021";"..";"Turismo y Hostelería";"Ambos Sexos";"Exito"
"2019-2020";"..";"Turismo y Hostelería";"Ambos Sexos";"Exito"
"2018-2019";"..";"Turismo y Hostelería";"Ambos Sexos";"Exito"
"2017-2018";"..";"Turismo y Hostelería";"Ambos Sexos";"Exito"
"2016-2017";"..";"Turismo y Hostelería";"Ambos Sexos";"Exito"
"2015-2016";"..";"Turismo y Hostelería";"Ambos Sexos";"Exito"
"2022-2023";"96.14";"Otros Servicios";"Ambos Sexos";"Exito"
"2021-2022";"97.93";"Otros Servicios";"Ambos Sexos";"Exito"
"2020-2021";"..";"Otros Servicios";"Ambos Sexos";"Exito"
"2019-2020";"..";"Otros Servicios";"Ambos Sexos";"Exito"
"2018-2019";"..";"Otros Servicios";"Ambos Sexos";"Exito"
"2017-2018";"..";"Otros Servicios";"Ambos Sexos";"Exito"
"2016-2017";"..";"Otros Servicios";"Ambos Sexos";"Exito"
"2015-2016";"..";"Otros Servicios";"Ambos Sexos";"Exito"
"2022-2023";"???";"Católica Santa Teresa de Jesús de Ávila";"Ambos Sexos";"Evaluacion"
"2021-2022";"???";"Católica Santa Teresa de Jesús de Ávila";"Ambos Sexos";"Evaluacion"
"2020-2021";"???";"Católica Santa Teresa de Jesús de Ávila";"Ambos Sexos";"Evaluacion"
"2019-2020";"???";"Católica Santa Teresa de Jesús de Ávila";"Ambos Sexos";"Evaluacion"
"2018-2019";"???";"Católica Santa Teresa de Jesús de Ávila";"Ambos Sexos";"Evaluacion"
"2017-2018";"???";"Católica Santa Teresa de Jesús de Ávila";"Ambos Sexos";"Evaluacion"
"2016-2017";"???";"Católica Santa Teresa de Jesús de Ávila";"Ambos Sexos";"Evaluacion"
"2015-2016";"???";"Católica Santa Teresa de Jesús de Ávila";"Ambos Sexos";"Evaluacion"
"2022-2023";"89.1";"Todos los ámbitos";"Ambos Sexos";"Evaluacion"
"2021-2022";"88.58";"Todos los ámbitos";"Ambos Sexos";"Evaluacion"
"2020-2021";"90.67";"Todos los ámbitos";"Ambos Sexos";"Evaluacion"
"2019-2020";"89.25";"Todos los ámbitos";"Ambos Sexos";"Evaluacion"
"2018-2019";"81.15";"Todos los ámbitos";"Ambos Sexos";"Evaluacion"
"2017-2018";"81.83";"Todos los ámbitos";"Ambos Sexos";"Evaluacion"
"2016-2017";"81.15";"Todos los ámbitos";"Ambos Sexos";"Evaluacion"
"2015-2016";"80.38";"Todos los ámbitos";"Ambos Sexos";"Evaluacion"
"2022-2023";"92.23";"Total Educación";"Ambos Sexos";"Evaluacion"
"2021-2022";"93.32";"Total Educación";"Ambos Sexos";"Evaluacion"
"2020-2021";"94.86";"Total Educación";"Ambos Sexos";"Evaluacion"
"2019-2020";"92.06";"Total Educación";"Ambos Sexos";"Evaluacion"
"2018-2019";"82.03";"Total Educación";"Ambos Sexos";"Evaluacion"
"2017-2018";"93.8";"Total Educación";"Ambos Sexos";"Evaluacion"
"2016-2017";"93.48";"Total Educación";"Ambos Sexos";"Evaluacion"
"2015-2016";"99.59";"Total Educación";"Ambos Sexos";"Evaluacion"
"2022-2023";"93.55";"Formación de docentes de enseñanza infantil";"Ambos Sexos";"Evaluacion"
"2021-2022";"94.31";"Formación de docentes de enseñanza infantil";"Ambos Sexos";"Evaluacion"
"2020-2021";"95.25";"Formación de docentes de enseñanza infantil";"Ambos Sexos";"Evaluacion"
"2019-2020";"92.75";"Formación de docentes de enseñanza infantil";"Ambos Sexos";"Evaluacion"
"2018-2019";"85.29";"Formación de docentes de enseñanza infantil";"Ambos Sexos";"Evaluacion"
"2017-2018";"94.99";"Formación de docentes de enseñanza infantil";"Ambos Sexos";"Evaluacion"
"2016-2017";"95.66";"Formación de docentes de enseñanza infantil";"Ambos Sexos";"Evaluacion"
"2015-2016";"100.0";"Formación de docentes de enseñanza infantil";"Ambos Sexos";"Evaluacion"
"2022-2023";"91.43";"Formación de docentes de enseñanza primaria";"Ambos Sexos";"Evaluacion"
"2021-2022";"92.59";"Formación de docentes de enseñanza primaria";"Ambos Sexos";"Evaluacion"
"2020-2021";"94.59";"Formación de docentes de enseñanza primaria";"Ambos Sexos";"Evaluacion"
"2019-2020";"91.69";"Formación de docentes de enseñanza primaria";"Ambos Sexos";"Evaluacion"
"2018-2019";"80.74";"Formación de docentes de enseñanza primaria";"Ambos Sexos";"Evaluacion"
"2017-2018";"93.37";"Formación de docentes de enseñanza primaria";"Ambos Sexos";"Evaluacion"
"2016-2017";"92.93";"Formación de docentes de enseñanza primaria";"Ambos Sexos";"Evaluacion"
"2015-2016";"99.45";"Formación de docentes de enseñanza primaria";"Ambos Sexos";"Evaluacion"
"2022-2023";"..";"Otra Formación de personal docente y ciencias de la educación";"Ambos Sexos";"Evaluacion"
"2021-2022";"..";"Otra Formación de personal docente y ciencias de la educación";"Ambos Sexos";"Evaluacion"
"2020-2021";"..";"Otra Formación de personal docente y ciencias de la educación";"Ambos Sexos";"Evaluacion"
"2019-2020";"..";"Otra Formación de personal docente y ciencias de la educación";"Ambos Sexos";"Evaluacion"
"2018-2019";"..";"Otra Formación de personal docente y ciencias de la educación";"Ambos Sexos";"Evaluacion"
"2017-2018";"..";"Otra Formación de personal docente y ciencias de la educación";"Ambos Sexos";"Evaluacion"
"2016-2017";"..";"Otra Formación de personal docente y ciencias de la educación";"Ambos Sexos";"Evaluacion"
"2015-2016";"..";"Otra Formación de personal docente y ciencias de la educación";"Ambos Sexos";"Evaluacion"
"2022-2023";"..";"Total Artes y humanidades";"Ambos Sexos";"Evaluacion"
"2021-2022";"..";"Total Artes y humanidades";"Ambos Sexos";"Evaluacion"
"2020-2021";"..";"Total Artes y humanidades";"Ambos Sexos";"Evaluacion"
"2019-2020";"..";"Total Artes y humanidades";"Ambos Sexos";"Evaluacion"
"2018-2019";"..";"Total Artes y humanidades";"Ambos Sexos";"Evaluacion"
"2017-2018";"..";"Total Artes y humanidades";"Ambos Sexos";"Evaluacion"
"2016-2017";"..";"Total Artes y humanidades";"Ambos Sexos";"Evaluacion"
"2015-2016";"..";"Total Artes y humanidades";"Ambos Sexos";"Evaluacion"
"2022-2023";"..";"Técnicas audiovisuales y medios de comunicación";"Ambos Sexos";"Evaluacion"
"2021-2022";"..";"Técnicas audiovisuales y medios de comunicación";"Ambos Sexos";"Evaluacion"
"2020-2021";"..";"Técnicas audiovisuales y medios de comunicación";"Ambos Sexos";"Evaluacion"
"2019-2020";"..";"Técnicas audiovisuales y medios de comunicación";"Ambos Sexos";"Evaluacion"
"2018-2019";"..";"Técnicas audiovisuales y medios de comunicación";"Ambos Sexos";"Evaluacion"
"2017-2018";"..";"Técnicas audiovisuales y medios de comunicación";"Ambos Sexos";"Evaluacion"
"2016-2017";"..";"Técnicas audiovisuales y medios de comunicación";"Ambos Sexos";"Evaluacion"
"2015-2016";"..";"Técnicas audiovisuales y medios de comunicación";"Ambos Sexos";"Evaluacion"
"2022-2023";"..";"Artes";"Ambos Sexos";"Evaluacion"
"2021-2022";"..";"Artes";"Ambos Sexos";"Evaluacion"
"2020-2021";"..";"Artes";"Ambos Sexos";"Evaluacion"
"2019-2020";"..";"Artes";"Ambos Sexos";"Evaluacion"
"2018-2019";"..";"Artes";"Ambos Sexos";"Evaluacion"
"2017-2018";"..";"Artes";"Ambos Sexos";"Evaluacion"
"2016-2017";"..";"Artes";"Ambos Sexos";"Evaluacion"
"2015-2016";"..";"Artes";"Ambos Sexos";"Evaluacion"
"2022-2023";"..";"Lenguas";"Ambos Sexos";"Evaluacion"
"2021-2022";"..";"Lenguas";"Ambos Sexos";"Evaluacion"
"2020-2021";"..";"Lenguas";"Ambos Sexos";"Evaluacion"
"2019-2020";"..";"Lenguas";"Ambos Sexos";"Evaluacion"
"2018-2019";"..";"Lenguas";"Ambos Sexos";"Evaluacion"
"2017-2018";"..";"Lenguas";"Ambos Sexos";"Evaluacion"
"2016-2017";"..";"Lenguas";"Ambos Sexos";"Evaluacion"
"2015-2016";"..";"Lenguas";"Ambos Sexos";"Evaluacion"
"2022-2023";"..";"Humanidades";"Ambos Sexos";"Evaluacion"
"2021-2022";"..";"Humanidades";"Ambos Sexos";"Evaluacion"
"2020-2021";"..";"Humanidades";"Ambos Sexos";"Evaluacion"
"2019-2020";"..";"Humanidades";"Ambos Sexos";"Evaluacion"
"2018-2019";"..";"Humanidades";"Ambos Sexos";"Evaluacion"
"2017-2018";"..";"Humanidades";"Ambos Sexos";"Evaluacion"
"2016-2017";"..";"Humanidades";"Ambos Sexos";"Evaluacion"
"2015-2016";"..";"Humanidades";"Ambos Sexos";"Evaluacion"
"2022-2023";"88.64";"Total Ciencias sociales, periodismo y documentación";"Ambos Sexos";"Evaluacion"
"2021-2022";"86.38";"Total Ciencias sociales, periodismo y documentación";"Ambos Sexos";"Evaluacion"
"2020-2021";"83.23";"Total Ciencias sociales, periodismo y documentación";"Ambos Sexos";"Evaluacion"
"2019-2020";"90.63";"Total Ciencias sociales, periodismo y documentación";"Ambos Sexos";"Evaluacion"
"2018-2019";"73.29";"Total Ciencias sociales, periodismo y documentación";"Ambos Sexos";"Evaluacion"
"2017-2018";"74.73";"Total Ciencias sociales, periodismo y documentación";"Ambos Sexos";"Evaluacion"
"2016-2017";"63.86";"Total Ciencias sociales, periodismo y documentación";"Ambos Sexos";"Evaluacion"
"2015-2016";"77.51";"Total Ciencias sociales, periodismo y documentación";"Ambos Sexos";"Evaluacion"
"2022-2023";"93.21";"Psicología";"Ambos Sexos";"Evaluacion"
"2021-2022";"91.22";"Psicología";"Ambos Sexos";"Evaluacion"
"2020-2021";"89.2";"Psicología";"Ambos Sexos";"Evaluacion"
"2019-2020";"92.53";"Psicología";"Ambos Sexos";"Evaluacion"
"2018-2019";"78.86";"Psicología";"Ambos Sexos";"Evaluacion"
"2017-2018";"..";"Psicología";"Ambos Sexos";"Evaluacion"
"2016-2017";"..";"Psicología";"Ambos Sexos";"Evaluacion"
"2015-2016";"..";"Psicología";"Ambos Sexos";"Evaluacion"
"2022-2023";"54.82";"Economía";"Ambos Sexos";"Evaluacion"
"2021-2022";"66.39";"Economía";"Ambos Sexos";"Evaluacion"
"2020-2021";"63.47";"Economía";"Ambos Sexos";"Evaluacion"
"2019-2020";"85.74";"Economía";"Ambos Sexos";"Evaluacion"
"2018-2019";"66.7";"Economía";"Ambos Sexos";"Evaluacion"
"2017-2018";"70.7";"Economía";"Ambos Sexos";"Evaluacion"
"2016-2017";"63.86";"Economía";"Ambos Sexos";"Evaluacion"
"2015-2016";"77.51";"Economía";"Ambos Sexos";"Evaluacion"
"2022-2023";"..";"Otras Ciencias sociales y del comportamiento";"Ambos Sexos";"Evaluacion"
"2021-2022";"..";"Otras Ciencias sociales y del comportamiento";"Ambos Sexos";"Evaluacion"
"2020-2021";"..";"Otras Ciencias sociales y del comportamiento";"Ambos Sexos";"Evaluacion"
"2019-2020";"..";"Otras Ciencias sociales y del comportamiento";"Ambos Sexos";"Evaluacion"
"2018-2019";"..";"Otras Ciencias sociales y del comportamiento";"Ambos Sexos";"Evaluacion"
"2017-2018";"..";"Otras Ciencias sociales y del comportamiento";"Ambos Sexos";"Evaluacion"
"2016-2017";"..";"Otras Ciencias sociales y del comportamiento";"Ambos Sexos";"Evaluacion"
"2015-2016";"..";"Otras Ciencias sociales y del comportamiento";"Ambos Sexos";"Evaluacion"
"2022-2023";"..";"Periodismo e información";"Ambos Sexos";"Evaluacion"
"2021-2022";"..";"Periodismo e información";"Ambos Sexos";"Evaluacion"
"2020-2021";"..";"Periodismo e información";"Ambos Sexos";"Evaluacion"
"2019-2020";"..";"Periodismo e información";"Ambos Sexos";"Evaluacion"
"2018-2019";"..";"Periodismo e información";"Ambos Sexos";"Evaluacion"
"2017-2018";"..";"Periodismo e información";"Ambos Sexos";"Evaluacion"
"2016-2017";"..";"Periodismo e información";"Ambos Sexos";"Evaluacion"
"2015-2016";"..";"Periodismo e información";"Ambos Sexos";"Evaluacion"
"2022-2023";"79.12";"Total Negocios, administración y derecho";"Ambos Sexos";"Evaluacion"
"2021-2022";"78.4";"Total Negocios, administración y derecho";"Ambos Sexos";"Evaluacion"
"2020-2021";"80.28";"Total Negocios, administración y derecho";"Ambos Sexos";"Evaluacion"
"2019-2020";"78.99";"Total Negocios, administración y derecho";"Ambos Sexos";"Evaluacion"
"2018-2019";"69.67";"Total Negocios, administración y derecho";"Ambos Sexos";"Evaluacion"
"2017-2018";"68.06";"Total Negocios, administración y derecho";"Ambos Sexos";"Evaluacion"
"2016-2017";"70.77";"Total Negocios, administración y derecho";"Ambos Sexos";"Evaluacion"
"2015-2016";"71.77";"Total Negocios, administración y derecho";"Ambos Sexos";"Evaluacion"
"2022-2023";"69.01";"Administración y gestión de empresas";"Ambos Sexos";"Evaluacion"
"2021-2022";"70.82";"Administración y gestión de empresas";"Ambos Sexos";"Evaluacion"
"2020-2021";"73.04";"Administración y gestión de empresas";"Ambos Sexos";"Evaluacion"
"2019-2020";"72.92";"Administración y gestión de empresas";"Ambos Sexos";"Evaluacion"
"2018-2019";"64.59";"Administración y gestión de empresas";"Ambos Sexos";"Evaluacion"
"2017-2018";"65.9";"Administración y gestión de empresas";"Ambos Sexos";"Evaluacion"
"2016-2017";"65.6";"Administración y gestión de empresas";"Ambos Sexos";"Evaluacion"
"2015-2016";"71.12";"Administración y gestión de empresas";"Ambos Sexos";"Evaluacion"
"2022-2023";"..";"Otra Educación comercial y empresarial";"Ambos Sexos";"Evaluacion"
"2021-2022";"..";"Otra Educación comercial y empresarial";"Ambos Sexos";"Evaluacion"
"2020-2021";"..";"Otra Educación comercial y empresarial";"Ambos Sexos";"Evaluacion"
"2019-2020";"..";"Otra Educación comercial y empresarial";"Ambos Sexos";"Evaluacion"
"2018-2019";"..";"Otra Educación comercial y empresarial";"Ambos Sexos";"Evaluacion"
"2017-2018";"..";"Otra Educación comercial y empresarial";"Ambos Sexos";"Evaluacion"
"2016-2017";"..";"Otra Educación comercial y empresarial";"Ambos Sexos";"Evaluacion"
"2015-2016";"..";"Otra Educación comercial y empresarial";"Ambos Sexos";"Evaluacion"
"2022-2023";"83.01";"Derecho";"Ambos Sexos";"Evaluacion"
"2021-2022";"81.01";"Derecho";"Ambos Sexos";"Evaluacion"
"2020-2021";"82.6";"Derecho";"Ambos Sexos";"Evaluacion"
"2019-2020";"81.84";"Derecho";"Ambos Sexos";"Evaluacion"
"2018-2019";"72.8";"Derecho";"Ambos Sexos";"Evaluacion"
"2017-2018";"69.43";"Derecho";"Ambos Sexos";"Evaluacion"
"2016-2017";"74.86";"Derecho";"Ambos Sexos";"Evaluacion"
"2015-2016";"72.21";"Derecho";"Ambos Sexos";"Evaluacion"
"2022-2023";"72.01";"Total Ciencias";"Ambos Sexos";"Evaluacion"
"2021-2022";"76.49";"Total Ciencias";"Ambos Sexos";"Evaluacion"
"2020-2021";"73.0";"Total Ciencias";"Ambos Sexos";"Evaluacion"
"2019-2020";"76.17";"Total Ciencias";"Ambos Sexos";"Evaluacion"
"2018-2019";"64.61";"Total Ciencias";"Ambos Sexos";"Evaluacion"
"2017-2018";"77.64";"Total Ciencias";"Ambos Sexos";"Evaluacion"
"2016-2017";"78.94";"Total Ciencias";"Ambos Sexos";"Evaluacion"
"2015-2016";"70.71";"Total Ciencias";"Ambos Sexos";"Evaluacion"
"2022-2023";"72.01";"Ciencias de la vida";"Ambos Sexos";"Evaluacion"
"2021-2022";"76.49";"Ciencias de la vida";"Ambos Sexos";"Evaluacion"
"2020-2021";"73.0";"Ciencias de la vida";"Ambos Sexos";"Evaluacion"
"2019-2020";"76.17";"Ciencias de la vida";"Ambos Sexos";"Evaluacion"
"2018-2019";"64.61";"Ciencias de la vida";"Ambos Sexos";"Evaluacion"
"2017-2018";"77.64";"Ciencias de la vida";"Ambos Sexos";"Evaluacion"
"2016-2017";"78.94";"Ciencias de la vida";"Ambos Sexos";"Evaluacion"
"2015-2016";"70.71";"Ciencias de la vida";"Ambos Sexos";"Evaluacion"
"2022-2023";"..";"Ciencias Físicas, químicas, geológicas";"Ambos Sexos";"Evaluacion"
"2021-2022";"..";"Ciencias Físicas, químicas, geológicas";"Ambos Sexos";"Evaluacion"
"2020-2021";"..";"Ciencias Físicas, químicas, geológicas";"Ambos Sexos";"Evaluacion"
"2019-2020";"..";"Ciencias Físicas, químicas, geológicas";"Ambos Sexos";"Evaluacion"
"2018-2019";"..";"Ciencias Físicas, químicas, geológicas";"Ambos Sexos";"Evaluacion"
"2017-2018";"..";"Ciencias Físicas, químicas, geológicas";"Ambos Sexos";"Evaluacion"
"2016-2017";"..";"Ciencias Físicas, químicas, geológicas";"Ambos Sexos";"Evaluacion"
"2015-2016";"..";"Ciencias Físicas, químicas, geológicas";"Ambos Sexos";"Evaluacion"
"2022-2023";"..";"Matemáticas y Estadística";"Ambos Sexos";"Evaluacion"
"2021-2022";"..";"Matemáticas y Estadística";"Ambos Sexos";"Evaluacion"
"2020-2021";"..";"Matemáticas y Estadística";"Ambos Sexos";"Evaluacion"
"2019-2020";"..";"Matemáticas y Estadística";"Ambos Sexos";"Evaluacion"
"2018-2019";"..";"Matemáticas y Estadística";"Ambos Sexos";"Evaluacion"
"2017-2018";"..";"Matemáticas y Estadística";"Ambos Sexos";"Evaluacion"
"2016-2017";"..";"Matemáticas y Estadística";"Ambos Sexos";"Evaluacion"
"2015-2016";"..";"Matemáticas y Estadística";"Ambos Sexos";"Evaluacion"
"2022-2023";"85.75";"Total Informática";"Ambos Sexos";"Evaluacion"
"2021-2022";"73.09";"Total Informática";"Ambos Sexos";"Evaluacion"
"2020-2021";"78.23";"Total Informática";"Ambos Sexos";"Evaluacion"
"2019-2020";"79.3";"Total Informática";"Ambos Sexos";"Evaluacion"
"2018-2019";"72.26";"Total Informática";"Ambos Sexos";"Evaluacion"
"2017-2018";"76.3";"Total Informática";"Ambos Sexos";"Evaluacion"
"2016-2017";"75.63";"Total Informática";"Ambos Sexos";"Evaluacion"
"2015-2016";"66.82";"Total Informática";"Ambos Sexos";"Evaluacion"
"2022-2023";"85.75";"Informática";"Ambos Sexos";"Evaluacion"
"2021-2022";"73.09";"Informática";"Ambos Sexos";"Evaluacion"
"2020-2021";"78.23";"Informática";"Ambos Sexos";"Evaluacion"
"2019-2020";"79.3";"Informática";"Ambos Sexos";"Evaluacion"
"2018-2019";"72.26";"Informática";"Ambos Sexos";"Evaluacion"
"2017-2018";"76.3";"Informática";"Ambos Sexos";"Evaluacion"
"2016-2017";"75.63";"Informática";"Ambos Sexos";"Evaluacion"
"2015-2016";"66.82";"Informática";"Ambos Sexos";"Evaluacion"
"2022-2023";"70.99";"Total Ingeniería, industria y construcción";"Ambos Sexos";"Evaluacion"
"2021-2022";"77.74";"Total Ingeniería, industria y construcción";"Ambos Sexos";"Evaluacion"
"2020-2021";"80.58";"Total Ingeniería, industria y construcción";"Ambos Sexos";"Evaluacion"
"2019-2020";"79.45";"Total Ingeniería, industria y construcción";"Ambos Sexos";"Evaluacion"
"2018-2019";"72.67";"Total Ingeniería, industria y construcción";"Ambos Sexos";"Evaluacion"
"2017-2018";"76.93";"Total Ingeniería, industria y construcción";"Ambos Sexos";"Evaluacion"
"2016-2017";"78.62";"Total Ingeniería, industria y construcción";"Ambos Sexos";"Evaluacion"
"2015-2016";"78.76";"Total Ingeniería, industria y construcción";"Ambos Sexos";"Evaluacion"
"2022-2023";"70.99";"Ingenierías";"Ambos Sexos";"Evaluacion"
"2021-2022";"77.74";"Ingenierías";"Ambos Sexos";"Evaluacion"
"2020-2021";"80.58";"Ingenierías";"Ambos Sexos";"Evaluacion"
"2019-2020";"79.45";"Ingenierías";"Ambos Sexos";"Evaluacion"
"2018-2019";"72.67";"Ingenierías";"Ambos Sexos";"Evaluacion"
"2017-2018";"76.93";"Ingenierías";"Ambos Sexos";"Evaluacion"
"2016-2017";"78.62";"Ingenierías";"Ambos Sexos";"Evaluacion"
"2015-2016";"78.76";"Ingenierías";"Ambos Sexos";"Evaluacion"
"2022-2023";"..";"Arquitectura y construcción";"Ambos Sexos";"Evaluacion"
"2021-2022";"..";"Arquitectura y construcción";"Ambos Sexos";"Evaluacion"
"2020-2021";"..";"Arquitectura y construcción";"Ambos Sexos";"Evaluacion"
"2019-2020";"..";"Arquitectura y construcción";"Ambos Sexos";"Evaluacion"
"2018-2019";"..";"Arquitectura y construcción";"Ambos Sexos";"Evaluacion"
"2017-2018";"..";"Arquitectura y construcción";"Ambos Sexos";"Evaluacion"
"2016-2017";"..";"Arquitectura y construcción";"Ambos Sexos";"Evaluacion"
"2015-2016";"..";"Arquitectura y construcción";"Ambos Sexos";"Evaluacion"
"2022-2023";"70.15";"Total Agricultura, ganadería,  silvicultura, pesca, y veterinaria";"Ambos Sexos";"Evaluacion"
"2021-2022";"69.7";"Total Agricultura, ganadería,  silvicultura, pesca, y veterinaria";"Ambos Sexos";"Evaluacion"
"2020-2021";"75.66";"Total Agricultura, ganadería,  silvicultura, pesca, y veterinaria";"Ambos Sexos";"Evaluacion"
"2019-2020";"78.58";"Total Agricultura, ganadería,  silvicultura, pesca, y veterinaria";"Ambos Sexos";"Evaluacion"
"2018-2019";"67.05";"Total Agricultura, ganadería,  silvicultura, pesca, y veterinaria";"Ambos Sexos";"Evaluacion"
"2017-2018";"68.95";"Total Agricultura, ganadería,  silvicultura, pesca, y veterinaria";"Ambos Sexos";"Evaluacion"
"2016-2017";"66.9";"Total Agricultura, ganadería,  silvicultura, pesca, y veterinaria";"Ambos Sexos";"Evaluacion"
"2015-2016";"63.06";"Total Agricultura, ganadería,  silvicultura, pesca, y veterinaria";"Ambos Sexos";"Evaluacion"
"2022-2023";"70.15";"Agricultura, ganadería y pesca";"Ambos Sexos";"Evaluacion"
"2021-2022";"69.7";"Agricultura, ganadería y pesca";"Ambos Sexos";"Evaluacion"
"2020-2021";"75.66";"Agricultura, ganadería y pesca";"Ambos Sexos";"Evaluacion"
"2019-2020";"78.58";"Agricultura, ganadería y pesca";"Ambos Sexos";"Evaluacion"
"2018-2019";"67.05";"Agricultura, ganadería y pesca";"Ambos Sexos";"Evaluacion"
"2017-2018";"68.95";"Agricultura, ganadería y pesca";"Ambos Sexos";"Evaluacion"
"2016-2017";"66.9";"Agricultura, ganadería y pesca";"Ambos Sexos";"Evaluacion"
"2015-2016";"63.06";"Agricultura, ganadería y pesca";"Ambos Sexos";"Evaluacion"
"2022-2023";"..";"Veterinaria";"Ambos Sexos";"Evaluacion"
"2021-2022";"..";"Veterinaria";"Ambos Sexos";"Evaluacion"
"2020-2021";"..";"Veterinaria";"Ambos Sexos";"Evaluacion"
"2019-2020";"..";"Veterinaria";"Ambos Sexos";"Evaluacion"
"2018-2019";"..";"Veterinaria";"Ambos Sexos";"Evaluacion"
"2017-2018";"..";"Veterinaria";"Ambos Sexos";"Evaluacion"
"2016-2017";"..";"Veterinaria";"Ambos Sexos";"Evaluacion"
"2015-2016";"..";"Veterinaria";"Ambos Sexos";"Evaluacion"
"2022-2023";"96.53";"Total Salud y servicios sociales";"Ambos Sexos";"Evaluacion"
"2021-2022";"95.4";"Total Salud y servicios sociales";"Ambos Sexos";"Evaluacion"
"2020-2021";"97.19";"Total Salud y servicios sociales";"Ambos Sexos";"Evaluacion"
"2019-2020";"97.24";"Total Salud y servicios sociales";"Ambos Sexos";"Evaluacion"
"2018-2019";"96.3";"Total Salud y servicios sociales";"Ambos Sexos";"Evaluacion"
"2017-2018";"94.99";"Total Salud y servicios sociales";"Ambos Sexos";"Evaluacion"
"2016-2017";"96.3";"Total Salud y servicios sociales";"Ambos Sexos";"Evaluacion"
"2015-2016";"96.19";"Total Salud y servicios sociales";"Ambos Sexos";"Evaluacion"
"2022-2023";"..";"Medicina";"Ambos Sexos";"Evaluacion"
"2021-2022";"..";"Medicina";"Ambos Sexos";"Evaluacion"
"2020-2021";"..";"Medicina";"Ambos Sexos";"Evaluacion"
"2019-2020";"..";"Medicina";"Ambos Sexos";"Evaluacion"
"2018-2019";"..";"Medicina";"Ambos Sexos";"Evaluacion"
"2017-2018";"..";"Medicina";"Ambos Sexos";"Evaluacion"
"2016-2017";"..";"Medicina";"Ambos Sexos";"Evaluacion"
"2015-2016";"..";"Medicina";"Ambos Sexos";"Evaluacion"
"2022-2023";"98.15";"Enfermería y atención a enfermos";"Ambos Sexos";"Evaluacion"
"2021-2022";"97.33";"Enfermería y atención a enfermos";"Ambos Sexos";"Evaluacion"
"2020-2021";"98.66";"Enfermería y atención a enfermos";"Ambos Sexos";"Evaluacion"
"2019-2020";"99.2";"Enfermería y atención a enfermos";"Ambos Sexos";"Evaluacion"
"2018-2019";"99.03";"Enfermería y atención a enfermos";"Ambos Sexos";"Evaluacion"
"2017-2018";"98.12";"Enfermería y atención a enfermos";"Ambos Sexos";"Evaluacion"
"2016-2017";"97.77";"Enfermería y atención a enfermos";"Ambos Sexos";"Evaluacion"
"2015-2016";"96.06";"Enfermería y atención a enfermos";"Ambos Sexos";"Evaluacion"
"2022-2023";"93.32";"Otras ciencias de la Salud";"Ambos Sexos";"Evaluacion"
"2021-2022";"92.49";"Otras ciencias de la Salud";"Ambos Sexos";"Evaluacion"
"2020-2021";"95.15";"Otras ciencias de la Salud";"Ambos Sexos";"Evaluacion"
"2019-2020";"94.08";"Otras ciencias de la Salud";"Ambos Sexos";"Evaluacion"
"2018-2019";"91.97";"Otras ciencias de la Salud";"Ambos Sexos";"Evaluacion"
"2017-2018";"90.36";"Otras ciencias de la Salud";"Ambos Sexos";"Evaluacion"
"2016-2017";"94.1";"Otras ciencias de la Salud";"Ambos Sexos";"Evaluacion"
"2015-2016";"96.35";"Otras ciencias de la Salud";"Ambos Sexos";"Evaluacion"
"2022-2023";"..";"Trabajo social y orientación";"Ambos Sexos";"Evaluacion"
"2021-2022";"..";"Trabajo social y orientación";"Ambos Sexos";"Evaluacion"
"2020-2021";"..";"Trabajo social y orientación";"Ambos Sexos";"Evaluacion"
"2019-2020";"..";"Trabajo social y orientación";"Ambos Sexos";"Evaluacion"
"2018-2019";"..";"Trabajo social y orientación";"Ambos Sexos";"Evaluacion"
"2017-2018";"..";"Trabajo social y orientación";"Ambos Sexos";"Evaluacion"
"2016-2017";"..";"Trabajo social y orientación";"Ambos Sexos";"Evaluacion"
"2015-2016";"..";"Trabajo social y orientación";"Ambos Sexos";"Evaluacion"
"2022-2023";"89.77";"Total Servicios";"Ambos Sexos";"Evaluacion"
"2021-2022";"90.79";"Total Servicios";"Ambos Sexos";"Evaluacion"
"2020-2021";"..";"Total Servicios";"Ambos Sexos";"Evaluacion"
"2019-2020";"..";"Total Servicios";"Ambos Sexos";"Evaluacion"
"2018-2019";"..";"Total Servicios";"Ambos Sexos";"Evaluacion"
"2017-2018";"..";"Total Servicios";"Ambos Sexos";"Evaluacion"
"2016-2017";"..";"Total Servicios";"Ambos Sexos";"Evaluacion"
"2015-2016";"..";"Total Servicios";"Ambos Sexos";"Evaluacion"
"2022-2023";"..";"Deportes";"Ambos Sexos";"Evaluacion"
"2021-2022";"..";"Deportes";"Ambos Sexos";"Evaluacion"
"2020-2021";"..";"Deportes";"Ambos Sexos";"Evaluacion"
"2019-2020";"..";"Deportes";"Ambos Sexos";"Evaluacion"
"2018-2019";"..";"Deportes";"Ambos Sexos";"Evaluacion"
"2017-2018";"..";"Deportes";"Ambos Sexos";"Evaluacion"
"2016-2017";"..";"Deportes";"Ambos Sexos";"Evaluacion"
"2015-2016";"..";"Deportes";"Ambos Sexos";"Evaluacion"
"2022-2023";"..";"Turismo y Hostelería";"Ambos Sexos";"Evaluacion"
"2021-2022";"..";"Turismo y Hostelería";"Ambos Sexos";"Evaluacion"
"2020-2021";"..";"Turismo y Hostelería";"Ambos Sexos";"Evaluacion"
"2019-2020";"..";"Turismo y Hostelería";"Ambos Sexos";"Evaluacion"
"2018-2019";"..";"Turismo y Hostelería";"Ambos Sexos";"Evaluacion"
"2017-2018";"..";"Turismo y Hostelería";"Ambos Sexos";"Evaluacion"
"2016-2017";"..";"Turismo y Hostelería";"Ambos Sexos";"Evaluacion"
"2015-2016";"..";"Turismo y Hostelería";"Ambos Sexos";"Evaluacion"
"2022-2023";"89.77";"Otros Servicios";"Ambos Sexos";"Evaluacion"
"2021-2022";"90.79";"Otros Servicios";"Ambos Sexos";"Evaluacion"
"2020-2021";"..";"Otros Servicios";"Ambos Sexos";"Evaluacion"
"2019-2020";"..";"Otros Servicios";"Ambos Sexos";"Evaluacion"
"2018-2019";"..";"Otros Servicios";"Ambos Sexos";"Evaluacion"
"2017-2018";"..";"Otros Servicios";"Ambos Sexos";"Evaluacion"
"2016-2017";"..";"Otros Servicios";"Ambos Sexos";"Evaluacion"
"2015-2016";"..";"Otros Servicios";"Ambos Sexos";"Evaluacion"
"2022-2023";"???";"Católica Santa Teresa de Jesús de Ávila";"Hombres";"Rendimiento"
"2021-2022";"???";"Católica Santa Teresa de Jesús de Ávila";"Hombres";"Rendimiento"
"2020-2021";"???";"Católica Santa Teresa de Jesús de Ávila";"Hombres";"Rendimiento"
"2019-2020";"???";"Católica Santa Teresa de Jesús de Ávila";"Hombres";"Rendimiento"
"2018-2019";"???";"Católica Santa Teresa de Jesús de Ávila";"Hombres";"Rendimiento"
"2017-2018";"???";"Católica Santa Teresa de Jesús de Ávila";"Hombres";"Rendimiento"
"2016-2017";"???";"Católica Santa Teresa de Jesús de Ávila";"Hombres";"Rendimiento"
"2015-2016";"???";"Católica Santa Teresa de Jesús de Ávila";"Hombres";"Rendimiento"
"2022-2023";"72.13";"Todos los ámbitos";"Hombres";"Rendimiento"
"2021-2022";"73.66";"Todos los ámbitos";"Hombres";"Rendimiento"
"2020-2021";"80.1";"Todos los ámbitos";"Hombres";"Rendimiento"
"2019-2020";"77.66";"Todos los ámbitos";"Hombres";"Rendimiento"
"2018-2019";"60.39";"Todos los ámbitos";"Hombres";"Rendimiento"
"2017-2018";"61.01";"Todos los ámbitos";"Hombres";"Rendimiento"
"2016-2017";"63.67";"Todos los ámbitos";"Hombres";"Rendimiento"
"2015-2016";"67.3";"Todos los ámbitos";"Hombres";"Rendimiento"
"2022-2023";"83.01";"Total Educación";"Hombres";"Rendimiento"
"2021-2022";"86.64";"Total Educación";"Hombres";"Rendimiento"
"2020-2021";"92.43";"Total Educación";"Hombres";"Rendimiento"
"2019-2020";"80.6";"Total Educación";"Hombres";"Rendimiento"
"2018-2019";"69.4";"Total Educación";"Hombres";"Rendimiento"
"2017-2018";"82.62";"Total Educación";"Hombres";"Rendimiento"
"2016-2017";"79.32";"Total Educación";"Hombres";"Rendimiento"
"2015-2016";"95.71";"Total Educación";"Hombres";"Rendimiento"
"2022-2023";"..";"Formación de docentes de enseñanza infantil";"Hombres";"Rendimiento"
"2021-2022";"90.87";"Formación de docentes de enseñanza infantil";"Hombres";"Rendimiento"
"2020-2021";"94.2";"Formación de docentes de enseñanza infantil";"Hombres";"Rendimiento"
"2019-2020";"85.25";"Formación de docentes de enseñanza infantil";"Hombres";"Rendimiento"
"2018-2019";"..";"Formación de docentes de enseñanza infantil";"Hombres";"Rendimiento"
"2017-2018";"..";"Formación de docentes de enseñanza infantil";"Hombres";"Rendimiento"
"2016-2017";"..";"Formación de docentes de enseñanza infantil";"Hombres";"Rendimiento"
"2015-2016";"..";"Formación de docentes de enseñanza infantil";"Hombres";"Rendimiento"
"2022-2023";"82.58";"Formación de docentes de enseñanza primaria";"Hombres";"Rendimiento"
"2021-2022";"85.16";"Formación de docentes de enseñanza primaria";"Hombres";"Rendimiento"
"2020-2021";"91.83";"Formación de docentes de enseñanza primaria";"Hombres";"Rendimiento"
"2019-2020";"79.33";"Formación de docentes de enseñanza primaria";"Hombres";"Rendimiento"
"2018-2019";"67.2";"Formación de docentes de enseñanza primaria";"Hombres";"Rendimiento"
"2017-2018";"80.44";"Formación de docentes de enseñanza primaria";"Hombres";"Rendimiento"
"2016-2017";"77.05";"Formación de docentes de enseñanza primaria";"Hombres";"Rendimiento"
"2015-2016";"94.5";"Formación de docentes de enseñanza primaria";"Hombres";"Rendimiento"
"2022-2023";"..";"Otra Formación de personal docente y ciencias de la educación";"Hombres";"Rendimiento"
"2021-2022";"..";"Otra Formación de personal docente y ciencias de la educación";"Hombres";"Rendimiento"
"2020-2021";"..";"Otra Formación de personal docente y ciencias de la educación";"Hombres";"Rendimiento"
"2019-2020";"..";"Otra Formación de personal docente y ciencias de la educación";"Hombres";"Rendimiento"
"2018-2019";"..";"Otra Formación de personal docente y ciencias de la educación";"Hombres";"Rendimiento"
"2017-2018";"..";"Otra Formación de personal docente y ciencias de la educación";"Hombres";"Rendimiento"
"2016-2017";"..";"Otra Formación de personal docente y ciencias de la educación";"Hombres";"Rendimiento"
"2015-2016";"..";"Otra Formación de personal docente y ciencias de la educación";"Hombres";"Rendimiento"
"2022-2023";"..";"Total Artes y humanidades";"Hombres";"Rendimiento"
"2021-2022";"..";"Total Artes y humanidades";"Hombres";"Rendimiento"
"2020-2021";"..";"Total Artes y humanidades";"Hombres";"Rendimiento"
"2019-2020";"..";"Total Artes y humanidades";"Hombres";"Rendimiento"
"2018-2019";"..";"Total Artes y humanidades";"Hombres";"Rendimiento"
"2017-2018";"..";"Total Artes y humanidades";"Hombres";"Rendimiento"
"2016-2017";"..";"Total Artes y humanidades";"Hombres";"Rendimiento"
"2015-2016";"..";"Total Artes y humanidades";"Hombres";"Rendimiento"
"2022-2023";"..";"Técnicas audiovisuales y medios de comunicación";"Hombres";"Rendimiento"
"2021-2022";"..";"Técnicas audiovisuales y medios de comunicación";"Hombres";"Rendimiento"
"2020-2021";"..";"Técnicas audiovisuales y medios de comunicación";"Hombres";"Rendimiento"
"2019-2020";"..";"Técnicas audiovisuales y medios de comunicación";"Hombres";"Rendimiento"
"2018-2019";"..";"Técnicas audiovisuales y medios de comunicación";"Hombres";"Rendimiento"
"2017-2018";"..";"Técnicas audiovisuales y medios de comunicación";"Hombres";"Rendimiento"
"2016-2017";"..";"Técnicas audiovisuales y medios de comunicación";"Hombres";"Rendimiento"
"2015-2016";"..";"Técnicas audiovisuales y medios de comunicación";"Hombres";"Rendimiento"
"2022-2023";"..";"Artes";"Hombres";"Rendimiento"
"2021-2022";"..";"Artes";"Hombres";"Rendimiento"
"2020-2021";"..";"Artes";"Hombres";"Rendimiento"
"2019-2020";"..";"Artes";"Hombres";"Rendimiento"
"2018-2019";"..";"Artes";"Hombres";"Rendimiento"
"2017-2018";"..";"Artes";"Hombres";"Rendimiento"
"2016-2017";"..";"Artes";"Hombres";"Rendimiento"
"2015-2016";"..";"Artes";"Hombres";"Rendimiento"
"2022-2023";"..";"Lenguas";"Hombres";"Rendimiento"
"2021-2022";"..";"Lenguas";"Hombres";"Rendimiento"
"2020-2021";"..";"Lenguas";"Hombres";"Rendimiento"
"2019-2020";"..";"Lenguas";"Hombres";"Rendimiento"
"2018-2019";"..";"Lenguas";"Hombres";"Rendimiento"
"2017-2018";"..";"Lenguas";"Hombres";"Rendimiento"
"2016-2017";"..";"Lenguas";"Hombres";"Rendimiento"
"2015-2016";"..";"Lenguas";"Hombres";"Rendimiento"
"2022-2023";"..";"Humanidades";"Hombres";"Rendimiento"
"2021-2022";"..";"Humanidades";"Hombres";"Rendimiento"
"2020-2021";"..";"Humanidades";"Hombres";"Rendimiento"
"2019-2020";"..";"Humanidades";"Hombres";"Rendimiento"
"2018-2019";"..";"Humanidades";"Hombres";"Rendimiento"
"2017-2018";"..";"Humanidades";"Hombres";"Rendimiento"
"2016-2017";"..";"Humanidades";"Hombres";"Rendimiento"
"2015-2016";"..";"Humanidades";"Hombres";"Rendimiento"
"2022-2023";"65.73";"Total Ciencias sociales, periodismo y documentación";"Hombres";"Rendimiento"
"2021-2022";"64.18";"Total Ciencias sociales, periodismo y documentación";"Hombres";"Rendimiento"
"2020-2021";"65.66";"Total Ciencias sociales, periodismo y documentación";"Hombres";"Rendimiento"
"2019-2020";"80.31";"Total Ciencias sociales, periodismo y documentación";"Hombres";"Rendimiento"
"2018-2019";"59.07";"Total Ciencias sociales, periodismo y documentación";"Hombres";"Rendimiento"
"2017-2018";"58.73";"Total Ciencias sociales, periodismo y documentación";"Hombres";"Rendimiento"
"2016-2017";"47.98";"Total Ciencias sociales, periodismo y documentación";"Hombres";"Rendimiento"
"2015-2016";"70.63";"Total Ciencias sociales, periodismo y documentación";"Hombres";"Rendimiento"
"2022-2023";"76.1";"Psicología";"Hombres";"Rendimiento"
"2021-2022";"72.68";"Psicología";"Hombres";"Rendimiento"
"2020-2021";"75.6";"Psicología";"Hombres";"Rendimiento"
"2019-2020";"..";"Psicología";"Hombres";"Rendimiento"
"2018-2019";"..";"Psicología";"Hombres";"Rendimiento"
"2017-2018";"..";"Psicología";"Hombres";"Rendimiento"
"2016-2017";"..";"Psicología";"Hombres";"Rendimiento"
"2015-2016";"..";"Psicología";"Hombres";"Rendimiento"
"2022-2023";"45.71";"Economía";"Hombres";"Rendimiento"
"2021-2022";"53.68";"Economía";"Hombres";"Rendimiento"
"2020-2021";"52.03";"Economía";"Hombres";"Rendimiento"
"2019-2020";"75.58";"Economía";"Hombres";"Rendimiento"
"2018-2019";"54.59";"Economía";"Hombres";"Rendimiento"
"2017-2018";"55.37";"Economía";"Hombres";"Rendimiento"
"2016-2017";"47.98";"Economía";"Hombres";"Rendimiento"
"2015-2016";"70.63";"Economía";"Hombres";"Rendimiento"
"2022-2023";"..";"Otras Ciencias sociales y del comportamiento";"Hombres";"Rendimiento"
"2021-2022";"..";"Otras Ciencias sociales y del comportamiento";"Hombres";"Rendimiento"
"2020-2021";"..";"Otras Ciencias sociales y del comportamiento";"Hombres";"Rendimiento"
"2019-2020";"..";"Otras Ciencias sociales y del comportamiento";"Hombres";"Rendimiento"
"2018-2019";"..";"Otras Ciencias sociales y del comportamiento";"Hombres";"Rendimiento"
"2017-2018";"..";"Otras Ciencias sociales y del comportamiento";"Hombres";"Rendimiento"
"2016-2017";"..";"Otras Ciencias sociales y del comportamiento";"Hombres";"Rendimiento"
"2015-2016";"..";"Otras Ciencias sociales y del comportamiento";"Hombres";"Rendimiento"
"2022-2023";"..";"Periodismo e información";"Hombres";"Rendimiento"
"2021-2022";"..";"Periodismo e información";"Hombres";"Rendimiento"
"2020-2021";"..";"Periodismo e información";"Hombres";"Rendimiento"
"2019-2020";"..";"Periodismo e información";"Hombres";"Rendimiento"
"2018-2019";"..";"Periodismo e información";"Hombres";"Rendimiento"
"2017-2018";"..";"Periodismo e información";"Hombres";"Rendimiento"
"2016-2017";"..";"Periodismo e información";"Hombres";"Rendimiento"
"2015-2016";"..";"Periodismo e información";"Hombres";"Rendimiento"
"2022-2023";"67.27";"Total Negocios, administración y derecho";"Hombres";"Rendimiento"
"2021-2022";"72.43";"Total Negocios, administración y derecho";"Hombres";"Rendimiento"
"2020-2021";"73.41";"Total Negocios, administración y derecho";"Hombres";"Rendimiento"
"2019-2020";"72.8";"Total Negocios, administración y derecho";"Hombres";"Rendimiento"
"2018-2019";"54.7";"Total Negocios, administración y derecho";"Hombres";"Rendimiento"
"2017-2018";"56.62";"Total Negocios, administración y derecho";"Hombres";"Rendimiento"
"2016-2017";"61.07";"Total Negocios, administración y derecho";"Hombres";"Rendimiento"
"2015-2016";"61.46";"Total Negocios, administración y derecho";"Hombres";"Rendimiento"
"2022-2023";"53.73";"Administración y gestión de empresas";"Hombres";"Rendimiento"
"2021-2022";"62.0";"Administración y gestión de empresas";"Hombres";"Rendimiento"
"2020-2021";"63.25";"Administración y gestión de empresas";"Hombres";"Rendimiento"
"2019-2020";"65.93";"Administración y gestión de empresas";"Hombres";"Rendimiento"
"2018-2019";"46.37";"Administración y gestión de empresas";"Hombres";"Rendimiento"
"2017-2018";"53.45";"Administración y gestión de empresas";"Hombres";"Rendimiento"
"2016-2017";"55.61";"Administración y gestión de empresas";"Hombres";"Rendimiento"
"2015-2016";"58.26";"Administración y gestión de empresas";"Hombres";"Rendimiento"
"2022-2023";"..";"Otra Educación comercial y empresarial";"Hombres";"Rendimiento"
"2021-2022";"..";"Otra Educación comercial y empresarial";"Hombres";"Rendimiento"
"2020-2021";"..";"Otra Educación comercial y empresarial";"Hombres";"Rendimiento"
"2019-2020";"..";"Otra Educación comercial y empresarial";"Hombres";"Rendimiento"
"2018-2019";"..";"Otra Educación comercial y empresarial";"Hombres";"Rendimiento"
"2017-2018";"..";"Otra Educación comercial y empresarial";"Hombres";"Rendimiento"
"2016-2017";"..";"Otra Educación comercial y empresarial";"Hombres";"Rendimiento"
"2015-2016";"..";"Otra Educación comercial y empresarial";"Hombres";"Rendimiento"
"2022-2023";"72.55";"Derecho";"Hombres";"Rendimiento"
"2021-2022";"76.12";"Derecho";"Hombres";"Rendimiento"
"2020-2021";"76.76";"Derecho";"Hombres";"Rendimiento"
"2019-2020";"75.72";"Derecho";"Hombres";"Rendimiento"
"2018-2019";"59.86";"Derecho";"Hombres";"Rendimiento"
"2017-2018";"58.66";"Derecho";"Hombres";"Rendimiento"
"2016-2017";"65.12";"Derecho";"Hombres";"Rendimiento"
"2015-2016";"63.31";"Derecho";"Hombres";"Rendimiento"
"2022-2023";"51.15";"Total Ciencias";"Hombres";"Rendimiento"
"2021-2022";"53.86";"Total Ciencias";"Hombres";"Rendimiento"
"2020-2021";"55.31";"Total Ciencias";"Hombres";"Rendimiento"
"2019-2020";"65.16";"Total Ciencias";"Hombres";"Rendimiento"
"2018-2019";"44.33";"Total Ciencias";"Hombres";"Rendimiento"
"2017-2018";"..";"Total Ciencias";"Hombres";"Rendimiento"
"2016-2017";"..";"Total Ciencias";"Hombres";"Rendimiento"
"2015-2016";"..";"Total Ciencias";"Hombres";"Rendimiento"
"2022-2023";"51.15";"Ciencias de la vida";"Hombres";"Rendimiento"
"2021-2022";"53.86";"Ciencias de la vida";"Hombres";"Rendimiento"
"2020-2021";"55.31";"Ciencias de la vida";"Hombres";"Rendimiento"
"2019-2020";"65.16";"Ciencias de la vida";"Hombres";"Rendimiento"
"2018-2019";"44.33";"Ciencias de la vida";"Hombres";"Rendimiento"
"2017-2018";"..";"Ciencias de la vida";"Hombres";"Rendimiento"
"2016-2017";"..";"Ciencias de la vida";"Hombres";"Rendimiento"
"2015-2016";"..";"Ciencias de la vida";"Hombres";"Rendimiento"
"2022-2023";"..";"Ciencias Físicas, químicas, geológicas";"Hombres";"Rendimiento"
"2021-2022";"..";"Ciencias Físicas, químicas, geológicas";"Hombres";"Rendimiento"
"2020-2021";"..";"Ciencias Físicas, químicas, geológicas";"Hombres";"Rendimiento"
"2019-2020";"..";"Ciencias Físicas, químicas, geológicas";"Hombres";"Rendimiento"
"2018-2019";"..";"Ciencias Físicas, químicas, geológicas";"Hombres";"Rendimiento"
"2017-2018";"..";"Ciencias Físicas, químicas, geológicas";"Hombres";"Rendimiento"
"2016-2017";"..";"Ciencias Físicas, químicas, geológicas";"Hombres";"Rendimiento"
"2015-2016";"..";"Ciencias Físicas, químicas, geológicas";"Hombres";"Rendimiento"
"2022-2023";"..";"Matemáticas y Estadística";"Hombres";"Rendimiento"
"2021-2022";"..";"Matemáticas y Estadística";"Hombres";"Rendimiento"
"2020-2021";"..";"Matemáticas y Estadística";"Hombres";"Rendimiento"
"2019-2020";"..";"Matemáticas y Estadística";"Hombres";"Rendimiento"
"2018-2019";"..";"Matemáticas y Estadística";"Hombres";"Rendimiento"
"2017-2018";"..";"Matemáticas y Estadística";"Hombres";"Rendimiento"
"2016-2017";"..";"Matemáticas y Estadística";"Hombres";"Rendimiento"
"2015-2016";"..";"Matemáticas y Estadística";"Hombres";"Rendimiento"
"2022-2023";"67.93";"Total Informática";"Hombres";"Rendimiento"
"2021-2022";"63.33";"Total Informática";"Hombres";"Rendimiento"
"2020-2021";"69.5";"Total Informática";"Hombres";"Rendimiento"
"2019-2020";"72.67";"Total Informática";"Hombres";"Rendimiento"
"2018-2019";"58.55";"Total Informática";"Hombres";"Rendimiento"
"2017-2018";"67.7";"Total Informática";"Hombres";"Rendimiento"
"2016-2017";"67.81";"Total Informática";"Hombres";"Rendimiento"
"2015-2016";"57.52";"Total Informática";"Hombres";"Rendimiento"
"2022-2023";"67.93";"Informática";"Hombres";"Rendimiento"
"2021-2022";"63.33";"Informática";"Hombres";"Rendimiento"
"2020-2021";"69.5";"Informática";"Hombres";"Rendimiento"
"2019-2020";"72.67";"Informática";"Hombres";"Rendimiento"
"2018-2019";"58.55";"Informática";"Hombres";"Rendimiento"
"2017-2018";"67.7";"Informática";"Hombres";"Rendimiento"
"2016-2017";"67.81";"Informática";"Hombres";"Rendimiento"
"2015-2016";"57.52";"Informática";"Hombres";"Rendimiento"
"2022-2023";"51.2";"Total Ingeniería, industria y construcción";"Hombres";"Rendimiento"
"2021-2022";"66.18";"Total Ingeniería, industria y construcción";"Hombres";"Rendimiento"
"2020-2021";"73.98";"Total Ingeniería, industria y construcción";"Hombres";"Rendimiento"
"2019-2020";"74.43";"Total Ingeniería, industria y construcción";"Hombres";"Rendimiento"
"2018-2019";"57.05";"Total Ingeniería, industria y construcción";"Hombres";"Rendimiento"
"2017-2018";"59.86";"Total Ingeniería, industria y construcción";"Hombres";"Rendimiento"
"2016-2017";"64.95";"Total Ingeniería, industria y construcción";"Hombres";"Rendimiento"
"2015-2016";"68.28";"Total Ingeniería, industria y construcción";"Hombres";"Rendimiento"
"2022-2023";"51.2";"Ingenierías";"Hombres";"Rendimiento"
"2021-2022";"66.18";"Ingenierías";"Hombres";"Rendimiento"
"2020-2021";"73.98";"Ingenierías";"Hombres";"Rendimiento"
"2019-2020";"74.43";"Ingenierías";"Hombres";"Rendimiento"
"2018-2019";"57.05";"Ingenierías";"Hombres";"Rendimiento"
"2017-2018";"59.86";"Ingenierías";"Hombres";"Rendimiento"
"2016-2017";"64.95";"Ingenierías";"Hombres";"Rendimiento"
"2015-2016";"68.28";"Ingenierías";"Hombres";"Rendimiento"
"2022-2023";"..";"Arquitectura y construcción";"Hombres";"Rendimiento"
"2021-2022";"..";"Arquitectura y construcción";"Hombres";"Rendimiento"
"2020-2021";"..";"Arquitectura y construcción";"Hombres";"Rendimiento"
"2019-2020";"..";"Arquitectura y construcción";"Hombres";"Rendimiento"
"2018-2019";"..";"Arquitectura y construcción";"Hombres";"Rendimiento"
"2017-2018";"..";"Arquitectura y construcción";"Hombres";"Rendimiento"
"2016-2017";"..";"Arquitectura y construcción";"Hombres";"Rendimiento"
"2015-2016";"..";"Arquitectura y construcción";"Hombres";"Rendimiento"
"2022-2023";"47.13";"Total Agricultura, ganadería,  silvicultura, pesca, y veterinaria";"Hombres";"Rendimiento"
"2021-2022";"52.22";"Total Agricultura, ganadería,  silvicultura, pesca, y veterinaria";"Hombres";"Rendimiento"
"2020-2021";"61.53";"Total Agricultura, ganadería,  silvicultura, pesca, y veterinaria";"Hombres";"Rendimiento"
"2019-2020";"70.11";"Total Agricultura, ganadería,  silvicultura, pesca, y veterinaria";"Hombres";"Rendimiento"
"2018-2019";"51.77";"Total Agricultura, ganadería,  silvicultura, pesca, y veterinaria";"Hombres";"Rendimiento"
"2017-2018";"52.64";"Total Agricultura, ganadería,  silvicultura, pesca, y veterinaria";"Hombres";"Rendimiento"
"2016-2017";"56.25";"Total Agricultura, ganadería,  silvicultura, pesca, y veterinaria";"Hombres";"Rendimiento"
"2015-2016";"50.15";"Total Agricultura, ganadería,  silvicultura, pesca, y veterinaria";"Hombres";"Rendimiento"
"2022-2023";"47.13";"Agricultura, ganadería y pesca";"Hombres";"Rendimiento"
"2021-2022";"52.22";"Agricultura, ganadería y pesca";"Hombres";"Rendimiento"
"2020-2021";"61.53";"Agricultura, ganadería y pesca";"Hombres";"Rendimiento"
"2019-2020";"70.11";"Agricultura, ganadería y pesca";"Hombres";"Rendimiento"
"2018-2019";"51.77";"Agricultura, ganadería y pesca";"Hombres";"Rendimiento"
"2017-2018";"52.64";"Agricultura, ganadería y pesca";"Hombres";"Rendimiento"
"2016-2017";"56.25";"Agricultura, ganadería y pesca";"Hombres";"Rendimiento"
"2015-2016";"50.15";"Agricultura, ganadería y pesca";"Hombres";"Rendimiento"
"2022-2023";"..";"Veterinaria";"Hombres";"Rendimiento"
"2021-2022";"..";"Veterinaria";"Hombres";"Rendimiento"
"2020-2021";"..";"Veterinaria";"Hombres";"Rendimiento"
"2019-2020";"..";"Veterinaria";"Hombres";"Rendimiento"
"2018-2019";"..";"Veterinaria";"Hombres";"Rendimiento"
"2017-2018";"..";"Veterinaria";"Hombres";"Rendimiento"
"2016-2017";"..";"Veterinaria";"Hombres";"Rendimiento"
"2015-2016";"..";"Veterinaria";"Hombres";"Rendimiento"
"2022-2023";"83.39";"Total Salud y servicios sociales";"Hombres";"Rendimiento"
"2021-2022";"77.39";"Total Salud y servicios sociales";"Hombres";"Rendimiento"
"2020-2021";"88.26";"Total Salud y servicios sociales";"Hombres";"Rendimiento"
"2019-2020";"89.31";"Total Salud y servicios sociales";"Hombres";"Rendimiento"
"2018-2019";"72.87";"Total Salud y servicios sociales";"Hombres";"Rendimiento"
"2017-2018";"66.87";"Total Salud y servicios sociales";"Hombres";"Rendimiento"
"2016-2017";"71.95";"Total Salud y servicios sociales";"Hombres";"Rendimiento"
"2015-2016";"82.1";"Total Salud y servicios sociales";"Hombres";"Rendimiento"
"2022-2023";"..";"Medicina";"Hombres";"Rendimiento"
"2021-2022";"..";"Medicina";"Hombres";"Rendimiento"
"2020-2021";"..";"Medicina";"Hombres";"Rendimiento"
"2019-2020";"..";"Medicina";"Hombres";"Rendimiento"
"2018-2019";"..";"Medicina";"Hombres";"Rendimiento"
"2017-2018";"..";"Medicina";"Hombres";"Rendimiento"
"2016-2017";"..";"Medicina";"Hombres";"Rendimiento"
"2015-2016";"..";"Medicina";"Hombres";"Rendimiento"
"2022-2023";"90.83";"Enfermería y atención a enfermos";"Hombres";"Rendimiento"
"2021-2022";"84.59";"Enfermería y atención a enfermos";"Hombres";"Rendimiento"
"2020-2021";"89.27";"Enfermería y atención a enfermos";"Hombres";"Rendimiento"
"2019-2020";"91.92";"Enfermería y atención a enfermos";"Hombres";"Rendimiento"
"2018-2019";"76.39";"Enfermería y atención a enfermos";"Hombres";"Rendimiento"
"2017-2018";"77.21";"Enfermería y atención a enfermos";"Hombres";"Rendimiento"
"2016-2017";"78.3";"Enfermería y atención a enfermos";"Hombres";"Rendimiento"
"2015-2016";"81.32";"Enfermería y atención a enfermos";"Hombres";"Rendimiento"
"2022-2023";"74.17";"Otras ciencias de la Salud";"Hombres";"Rendimiento"
"2021-2022";"71.4";"Otras ciencias de la Salud";"Hombres";"Rendimiento"
"2020-2021";"87.48";"Otras ciencias de la Salud";"Hombres";"Rendimiento"
"2019-2020";"86.87";"Otras ciencias de la Salud";"Hombres";"Rendimiento"
"2018-2019";"69.94";"Otras ciencias de la Salud";"Hombres";"Rendimiento"
"2017-2018";"59.2";"Otras ciencias de la Salud";"Hombres";"Rendimiento"
"2016-2017";"67.79";"Otras ciencias de la Salud";"Hombres";"Rendimiento"
"2015-2016";"82.63";"Otras ciencias de la Salud";"Hombres";"Rendimiento"
"2022-2023";"..";"Trabajo social y orientación";"Hombres";"Rendimiento"
"2021-2022";"..";"Trabajo social y orientación";"Hombres";"Rendimiento"
"2020-2021";"..";"Trabajo social y orientación";"Hombres";"Rendimiento"
"2019-2020";"..";"Trabajo social y orientación";"Hombres";"Rendimiento"
"2018-2019";"..";"Trabajo social y orientación";"Hombres";"Rendimiento"
"2017-2018";"..";"Trabajo social y orientación";"Hombres";"Rendimiento"
"2016-2017";"..";"Trabajo social y orientación";"Hombres";"Rendimiento"
"2015-2016";"..";"Trabajo social y orientación";"Hombres";"Rendimiento"
"2022-2023";"88.18";"Total Servicios";"Hombres";"Rendimiento"
"2021-2022";"90.59";"Total Servicios";"Hombres";"Rendimiento"
"2020-2021";"..";"Total Servicios";"Hombres";"Rendimiento"
"2019-2020";"..";"Total Servicios";"Hombres";"Rendimiento"
"2018-2019";"..";"Total Servicios";"Hombres";"Rendimiento"
"2017-2018";"..";"Total Servicios";"Hombres";"Rendimiento"
"2016-2017";"..";"Total Servicios";"Hombres";"Rendimiento"
"2015-2016";"..";"Total Servicios";"Hombres";"Rendimiento"
"2022-2023";"..";"Deportes";"Hombres";"Rendimiento"
"2021-2022";"..";"Deportes";"Hombres";"Rendimiento"
"2020-2021";"..";"Deportes";"Hombres";"Rendimiento"
"2019-2020";"..";"Deportes";"Hombres";"Rendimiento"
"2018-2019";"..";"Deportes";"Hombres";"Rendimiento"
"2017-2018";"..";"Deportes";"Hombres";"Rendimiento"
"2016-2017";"..";"Deportes";"Hombres";"Rendimiento"
"2015-2016";"..";"Deportes";"Hombres";"Rendimiento"
"2022-2023";"..";"Turismo y Hostelería";"Hombres";"Rendimiento"
"2021-2022";"..";"Turismo y Hostelería";"Hombres";"Rendimiento"
"2020-2021";"..";"Turismo y Hostelería";"Hombres";"Rendimiento"
"2019-2020";"..";"Turismo y Hostelería";"Hombres";"Rendimiento"
"2018-2019";"..";"Turismo y Hostelería";"Hombres";"Rendimiento"
"2017-2018";"..";"Turismo y Hostelería";"Hombres";"Rendimiento"
"2016-2017";"..";"Turismo y Hostelería";"Hombres";"Rendimiento"
"2015-2016";"..";"Turismo y Hostelería";"Hombres";"Rendimiento"
"2022-2023";"88.18";"Otros Servicios";"Hombres";"Rendimiento"
"2021-2022";"90.59";"Otros Servicios";"Hombres";"Rendimiento"
"2020-2021";"..";"Otros Servicios";"Hombres";"Rendimiento"
"2019-2020";"..";"Otros Servicios";"Hombres";"Rendimiento"
"2018-2019";"..";"Otros Servicios";"Hombres";"Rendimiento"
"2017-2018";"..";"Otros Servicios";"Hombres";"Rendimiento"
"2016-2017";"..";"Otros Servicios";"Hombres";"Rendimiento"
"2015-2016";"..";"Otros Servicios";"Hombres";"Rendimiento"
"2022-2023";"???";"Católica Santa Teresa de Jesús de Ávila";"Hombres";"Exito"
"2021-2022";"???";"Católica Santa Teresa de Jesús de Ávila";"Hombres";"Exito"
"2020-2021";"???";"Católica Santa Teresa de Jesús de Ávila";"Hombres";"Exito"
"2019-2020";"???";"Católica Santa Teresa de Jesús de Ávila";"Hombres";"Exito"
"2018-2019";"???";"Católica Santa Teresa de Jesús de Ávila";"Hombres";"Exito"
"2017-2018";"???";"Católica Santa Teresa de Jesús de Ávila";"Hombres";"Exito"
"2016-2017";"???";"Católica Santa Teresa de Jesús de Ávila";"Hombres";"Exito"
"2015-2016";"???";"Católica Santa Teresa de Jesús de Ávila";"Hombres";"Exito"
"2022-2023";"86.23";"Todos los ámbitos";"Hombres";"Exito"
"2021-2022";"88.06";"Todos los ámbitos";"Hombres";"Exito"
"2020-2021";"91.83";"Todos los ámbitos";"Hombres";"Exito"
"2019-2020";"93.14";"Todos los ámbitos";"Hombres";"Exito"
"2018-2019";"80.58";"Todos los ámbitos";"Hombres";"Exito"
"2017-2018";"81.23";"Todos los ámbitos";"Hombres";"Exito"
"2016-2017";"84.17";"Todos los ámbitos";"Hombres";"Exito"
"2015-2016";"87.08";"Todos los ámbitos";"Hombres";"Exito"
"2022-2023";"92.33";"Total Educación";"Hombres";"Exito"
"2021-2022";"94.16";"Total Educación";"Hombres";"Exito"
"2020-2021";"96.56";"Total Educación";"Hombres";"Exito"
"2019-2020";"96.46";"Total Educación";"Hombres";"Exito"
"2018-2019";"88.17";"Total Educación";"Hombres";"Exito"
"2017-2018";"91.03";"Total Educación";"Hombres";"Exito"
"2016-2017";"91.09";"Total Educación";"Hombres";"Exito"
"2015-2016";"95.71";"Total Educación";"Hombres";"Exito"
"2022-2023";"..";"Formación de docentes de enseñanza infantil";"Hombres";"Exito"
"2021-2022";"97.0";"Formación de docentes de enseñanza infantil";"Hombres";"Exito"
"2020-2021";"97.89";"Formación de docentes de enseñanza infantil";"Hombres";"Exito"
"2019-2020";"97.87";"Formación de docentes de enseñanza infantil";"Hombres";"Exito"
"2018-2019";"..";"Formación de docentes de enseñanza infantil";"Hombres";"Exito"
"2017-2018";"..";"Formación de docentes de enseñanza infantil";"Hombres";"Exito"
"2016-2017";"..";"Formación de docentes de enseñanza infantil";"Hombres";"Exito"
"2015-2016";"..";"Formación de docentes de enseñanza infantil";"Hombres";"Exito"
"2022-2023";"91.87";"Formación de docentes de enseñanza primaria";"Hombres";"Exito"
"2021-2022";"93.15";"Formación de docentes de enseñanza primaria";"Hombres";"Exito"
"2020-2021";"96.1";"Formación de docentes de enseñanza primaria";"Hombres";"Exito"
"2019-2020";"96.05";"Formación de docentes de enseñanza primaria";"Hombres";"Exito"
"2018-2019";"87.07";"Formación de docentes de enseñanza primaria";"Hombres";"Exito"
"2017-2018";"89.0";"Formación de docentes de enseñanza primaria";"Hombres";"Exito"
"2016-2017";"89.95";"Formación de docentes de enseñanza primaria";"Hombres";"Exito"
"2015-2016";"94.5";"Formación de docentes de enseñanza primaria";"Hombres";"Exito"
"2022-2023";"..";"Otra Formación de personal docente y ciencias de la educación";"Hombres";"Exito"
"2021-2022";"..";"Otra Formación de personal docente y ciencias de la educación";"Hombres";"Exito"
"2020-2021";"..";"Otra Formación de personal docente y ciencias de la educación";"Hombres";"Exito"
"2019-2020";"..";"Otra Formación de personal docente y ciencias de la educación";"Hombres";"Exito"
"2018-2019";"..";"Otra Formación de personal docente y ciencias de la educación";"Hombres";"Exito"
"2017-2018";"..";"Otra Formación de personal docente y ciencias de la educación";"Hombres";"Exito"
"2016-2017";"..";"Otra Formación de personal docente y ciencias de la educación";"Hombres";"Exito"
"2015-2016";"..";"Otra Formación de personal docente y ciencias de la educación";"Hombres";"Exito"
"2022-2023";"..";"Total Artes y humanidades";"Hombres";"Exito"
"2021-2022";"..";"Total Artes y humanidades";"Hombres";"Exito"
"2020-2021";"..";"Total Artes y humanidades";"Hombres";"Exito"
"2019-2020";"..";"Total Artes y humanidades";"Hombres";"Exito"
"2018-2019";"..";"Total Artes y humanidades";"Hombres";"Exito"
"2017-2018";"..";"Total Artes y humanidades";"Hombres";"Exito"
"2016-2017";"..";"Total Artes y humanidades";"Hombres";"Exito"
"2015-2016";"..";"Total Artes y humanidades";"Hombres";"Exito"
"2022-2023";"..";"Técnicas audiovisuales y medios de comunicación";"Hombres";"Exito"
"2021-2022";"..";"Técnicas audiovisuales y medios de comunicación";"Hombres";"Exito"
"2020-2021";"..";"Técnicas audiovisuales y medios de comunicación";"Hombres";"Exito"
"2019-2020";"..";"Técnicas audiovisuales y medios de comunicación";"Hombres";"Exito"
"2018-2019";"..";"Técnicas audiovisuales y medios de comunicación";"Hombres";"Exito"
"2017-2018";"..";"Técnicas audiovisuales y medios de comunicación";"Hombres";"Exito"
"2016-2017";"..";"Técnicas audiovisuales y medios de comunicación";"Hombres";"Exito"
"2015-2016";"..";"Técnicas audiovisuales y medios de comunicación";"Hombres";"Exito"
"2022-2023";"..";"Artes";"Hombres";"Exito"
"2021-2022";"..";"Artes";"Hombres";"Exito"
"2020-2021";"..";"Artes";"Hombres";"Exito"
"2019-2020";"..";"Artes";"Hombres";"Exito"
"2018-2019";"..";"Artes";"Hombres";"Exito"
"2017-2018";"..";"Artes";"Hombres";"Exito"
"2016-2017";"..";"Artes";"Hombres";"Exito"
"2015-2016";"..";"Artes";"Hombres";"Exito"
"2022-2023";"..";"Lenguas";"Hombres";"Exito"
"2021-2022";"..";"Lenguas";"Hombres";"Exito"
"2020-2021";"..";"Lenguas";"Hombres";"Exito"
"2019-2020";"..";"Lenguas";"Hombres";"Exito"
"2018-2019";"..";"Lenguas";"Hombres";"Exito"
"2017-2018";"..";"Lenguas";"Hombres";"Exito"
"2016-2017";"..";"Lenguas";"Hombres";"Exito"
"2015-2016";"..";"Lenguas";"Hombres";"Exito"
"2022-2023";"..";"Humanidades";"Hombres";"Exito"
"2021-2022";"..";"Humanidades";"Hombres";"Exito"
"2020-2021";"..";"Humanidades";"Hombres";"Exito"
"2019-2020";"..";"Humanidades";"Hombres";"Exito"
"2018-2019";"..";"Humanidades";"Hombres";"Exito"
"2017-2018";"..";"Humanidades";"Hombres";"Exito"
"2016-2017";"..";"Humanidades";"Hombres";"Exito"
"2015-2016";"..";"Humanidades";"Hombres";"Exito"
"2022-2023";"82.67";"Total Ciencias sociales, periodismo y documentación";"Hombres";"Exito"
"2021-2022";"84.88";"Total Ciencias sociales, periodismo y documentación";"Hombres";"Exito"
"2020-2021";"87.47";"Total Ciencias sociales, periodismo y documentación";"Hombres";"Exito"
"2019-2020";"93.24";"Total Ciencias sociales, periodismo y documentación";"Hombres";"Exito"
"2018-2019";"88.26";"Total Ciencias sociales, periodismo y documentación";"Hombres";"Exito"
"2017-2018";"87.38";"Total Ciencias sociales, periodismo y documentación";"Hombres";"Exito"
"2016-2017";"80.09";"Total Ciencias sociales, periodismo y documentación";"Hombres";"Exito"
"2015-2016";"89.1";"Total Ciencias sociales, periodismo y documentación";"Hombres";"Exito"
"2022-2023";"84.17";"Psicología";"Hombres";"Exito"
"2021-2022";"86.46";"Psicología";"Hombres";"Exito"
"2020-2021";"87.96";"Psicología";"Hombres";"Exito"
"2019-2020";"..";"Psicología";"Hombres";"Exito"
"2018-2019";"..";"Psicología";"Hombres";"Exito"
"2017-2018";"..";"Psicología";"Hombres";"Exito"
"2016-2017";"..";"Psicología";"Hombres";"Exito"
"2015-2016";"..";"Psicología";"Hombres";"Exito"
"2022-2023";"78.18";"Economía";"Hombres";"Exito"
"2021-2022";"82.35";"Economía";"Hombres";"Exito"
"2020-2021";"86.52";"Economía";"Hombres";"Exito"
"2019-2020";"91.16";"Economía";"Hombres";"Exito"
"2018-2019";"84.93";"Economía";"Hombres";"Exito"
"2017-2018";"85.65";"Economía";"Hombres";"Exito"
"2016-2017";"80.09";"Economía";"Hombres";"Exito"
"2015-2016";"89.1";"Economía";"Hombres";"Exito"
"2022-2023";"..";"Otras Ciencias sociales y del comportamiento";"Hombres";"Exito"
"2021-2022";"..";"Otras Ciencias sociales y del comportamiento";"Hombres";"Exito"
"2020-2021";"..";"Otras Ciencias sociales y del comportamiento";"Hombres";"Exito"
"2019-2020";"..";"Otras Ciencias sociales y del comportamiento";"Hombres";"Exito"
"2018-2019";"..";"Otras Ciencias sociales y del comportamiento";"Hombres";"Exito"
"2017-2018";"..";"Otras Ciencias sociales y del comportamiento";"Hombres";"Exito"
"2016-2017";"..";"Otras Ciencias sociales y del comportamiento";"Hombres";"Exito"
"2015-2016";"..";"Otras Ciencias sociales y del comportamiento";"Hombres";"Exito"
"2022-2023";"..";"Periodismo e información";"Hombres";"Exito"
"2021-2022";"..";"Periodismo e información";"Hombres";"Exito"
"2020-2021";"..";"Periodismo e información";"Hombres";"Exito"
"2019-2020";"..";"Periodismo e información";"Hombres";"Exito"
"2018-2019";"..";"Periodismo e información";"Hombres";"Exito"
"2017-2018";"..";"Periodismo e información";"Hombres";"Exito"
"2016-2017";"..";"Periodismo e información";"Hombres";"Exito"
"2015-2016";"..";"Periodismo e información";"Hombres";"Exito"
"2022-2023";"86.62";"Total Negocios, administración y derecho";"Hombres";"Exito"
"2021-2022";"89.89";"Total Negocios, administración y derecho";"Hombres";"Exito"
"2020-2021";"90.88";"Total Negocios, administración y derecho";"Hombres";"Exito"
"2019-2020";"92.14";"Total Negocios, administración y derecho";"Hombres";"Exito"
"2018-2019";"81.14";"Total Negocios, administración y derecho";"Hombres";"Exito"
"2017-2018";"86.79";"Total Negocios, administración y derecho";"Hombres";"Exito"
"2016-2017";"88.15";"Total Negocios, administración y derecho";"Hombres";"Exito"
"2015-2016";"86.72";"Total Negocios, administración y derecho";"Hombres";"Exito"
"2022-2023";"79.92";"Administración y gestión de empresas";"Hombres";"Exito"
"2021-2022";"85.29";"Administración y gestión de empresas";"Hombres";"Exito"
"2020-2021";"87.52";"Administración y gestión de empresas";"Hombres";"Exito"
"2019-2020";"90.73";"Administración y gestión de empresas";"Hombres";"Exito"
"2018-2019";"75.48";"Administración y gestión de empresas";"Hombres";"Exito"
"2017-2018";"83.85";"Administración y gestión de empresas";"Hombres";"Exito"
"2016-2017";"86.16";"Administración y gestión de empresas";"Hombres";"Exito"
"2015-2016";"83.65";"Administración y gestión de empresas";"Hombres";"Exito"
"2022-2023";"..";"Otra Educación comercial y empresarial";"Hombres";"Exito"
"2021-2022";"..";"Otra Educación comercial y empresarial";"Hombres";"Exito"
"2020-2021";"..";"Otra Educación comercial y empresarial";"Hombres";"Exito"
"2019-2020";"..";"Otra Educación comercial y empresarial";"Hombres";"Exito"
"2018-2019";"..";"Otra Educación comercial y empresarial";"Hombres";"Exito"
"2017-2018";"..";"Otra Educación comercial y empresarial";"Hombres";"Exito"
"2016-2017";"..";"Otra Educación comercial y empresarial";"Hombres";"Exito"
"2015-2016";"..";"Otra Educación comercial y empresarial";"Hombres";"Exito"
"2022-2023";"88.77";"Derecho";"Hombres";"Exito"
"2021-2022";"91.31";"Derecho";"Hombres";"Exito"
"2020-2021";"91.84";"Derecho";"Hombres";"Exito"
"2019-2020";"92.67";"Derecho";"Hombres";"Exito"
"2018-2019";"84.16";"Derecho";"Hombres";"Exito"
"2017-2018";"88.62";"Derecho";"Hombres";"Exito"
"2016-2017";"89.46";"Derecho";"Hombres";"Exito"
"2015-2016";"88.45";"Derecho";"Hombres";"Exito"
"2022-2023";"70.08";"Total Ciencias";"Hombres";"Exito"
"2021-2022";"70.9";"Total Ciencias";"Hombres";"Exito"
"2020-2021";"77.77";"Total Ciencias";"Hombres";"Exito"
"2019-2020";"90.47";"Total Ciencias";"Hombres";"Exito"
"2018-2019";"77.53";"Total Ciencias";"Hombres";"Exito"
"2017-2018";"..";"Total Ciencias";"Hombres";"Exito"
"2016-2017";"..";"Total Ciencias";"Hombres";"Exito"
"2015-2016";"..";"Total Ciencias";"Hombres";"Exito"
"2022-2023";"70.08";"Ciencias de la vida";"Hombres";"Exito"
"2021-2022";"70.9";"Ciencias de la vida";"Hombres";"Exito"
"2020-2021";"77.77";"Ciencias de la vida";"Hombres";"Exito"
"2019-2020";"90.47";"Ciencias de la vida";"Hombres";"Exito"
"2018-2019";"77.53";"Ciencias de la vida";"Hombres";"Exito"
"2017-2018";"..";"Ciencias de la vida";"Hombres";"Exito"
"2016-2017";"..";"Ciencias de la vida";"Hombres";"Exito"
"2015-2016";"..";"Ciencias de la vida";"Hombres";"Exito"
"2022-2023";"..";"Ciencias Físicas, químicas, geológicas";"Hombres";"Exito"
"2021-2022";"..";"Ciencias Físicas, químicas, geológicas";"Hombres";"Exito"
"2020-2021";"..";"Ciencias Físicas, químicas, geológicas";"Hombres";"Exito"
"2019-2020";"..";"Ciencias Físicas, químicas, geológicas";"Hombres";"Exito"
"2018-2019";"..";"Ciencias Físicas, químicas, geológicas";"Hombres";"Exito"
"2017-2018";"..";"Ciencias Físicas, químicas, geológicas";"Hombres";"Exito"
"2016-2017";"..";"Ciencias Físicas, químicas, geológicas";"Hombres";"Exito"
"2015-2016";"..";"Ciencias Físicas, químicas, geológicas";"Hombres";"Exito"
"2022-2023";"..";"Matemáticas y Estadística";"Hombres";"Exito"
"2021-2022";"..";"Matemáticas y Estadística";"Hombres";"Exito"
"2020-2021";"..";"Matemáticas y Estadística";"Hombres";"Exito"
"2019-2020";"..";"Matemáticas y Estadística";"Hombres";"Exito"
"2018-2019";"..";"Matemáticas y Estadística";"Hombres";"Exito"
"2017-2018";"..";"Matemáticas y Estadística";"Hombres";"Exito"
"2016-2017";"..";"Matemáticas y Estadística";"Hombres";"Exito"
"2015-2016";"..";"Matemáticas y Estadística";"Hombres";"Exito"
"2022-2023";"81.31";"Total Informática";"Hombres";"Exito"
"2021-2022";"92.85";"Total Informática";"Hombres";"Exito"
"2020-2021";"92.16";"Total Informática";"Hombres";"Exito"
"2019-2020";"92.38";"Total Informática";"Hombres";"Exito"
"2018-2019";"81.91";"Total Informática";"Hombres";"Exito"
"2017-2018";"89.24";"Total Informática";"Hombres";"Exito"
"2016-2017";"90.37";"Total Informática";"Hombres";"Exito"
"2015-2016";"87.3";"Total Informática";"Hombres";"Exito"
"2022-2023";"81.31";"Informática";"Hombres";"Exito"
"2021-2022";"92.85";"Informática";"Hombres";"Exito"
"2020-2021";"92.16";"Informática";"Hombres";"Exito"
"2019-2020";"92.38";"Informática";"Hombres";"Exito"
"2018-2019";"81.91";"Informática";"Hombres";"Exito"
"2017-2018";"89.24";"Informática";"Hombres";"Exito"
"2016-2017";"90.37";"Informática";"Hombres";"Exito"
"2015-2016";"87.3";"Informática";"Hombres";"Exito"
"2022-2023";"73.39";"Total Ingeniería, industria y construcción";"Hombres";"Exito"
"2021-2022";"84.93";"Total Ingeniería, industria y construcción";"Hombres";"Exito"
"2020-2021";"90.68";"Total Ingeniería, industria y construcción";"Hombres";"Exito"
"2019-2020";"93.17";"Total Ingeniería, industria y construcción";"Hombres";"Exito"
"2018-2019";"78.87";"Total Ingeniería, industria y construcción";"Hombres";"Exito"
"2017-2018";"77.06";"Total Ingeniería, industria y construcción";"Hombres";"Exito"
"2016-2017";"82.21";"Total Ingeniería, industria y construcción";"Hombres";"Exito"
"2015-2016";"85.67";"Total Ingeniería, industria y construcción";"Hombres";"Exito"
"2022-2023";"73.39";"Ingenierías";"Hombres";"Exito"
"2021-2022";"84.93";"Ingenierías";"Hombres";"Exito"
"2020-2021";"90.68";"Ingenierías";"Hombres";"Exito"
"2019-2020";"93.17";"Ingenierías";"Hombres";"Exito"
"2018-2019";"78.87";"Ingenierías";"Hombres";"Exito"
"2017-2018";"77.06";"Ingenierías";"Hombres";"Exito"
"2016-2017";"82.21";"Ingenierías";"Hombres";"Exito"
"2015-2016";"85.67";"Ingenierías";"Hombres";"Exito"
"2022-2023";"..";"Arquitectura y construcción";"Hombres";"Exito"
"2021-2022";"..";"Arquitectura y construcción";"Hombres";"Exito"
"2020-2021";"..";"Arquitectura y construcción";"Hombres";"Exito"
"2019-2020";"..";"Arquitectura y construcción";"Hombres";"Exito"
"2018-2019";"..";"Arquitectura y construcción";"Hombres";"Exito"
"2017-2018";"..";"Arquitectura y construcción";"Hombres";"Exito"
"2016-2017";"..";"Arquitectura y construcción";"Hombres";"Exito"
"2015-2016";"..";"Arquitectura y construcción";"Hombres";"Exito"
"2022-2023";"68.03";"Total Agricultura, ganadería,  silvicultura, pesca, y veterinaria";"Hombres";"Exito"
"2021-2022";"75.47";"Total Agricultura, ganadería,  silvicultura, pesca, y veterinaria";"Hombres";"Exito"
"2020-2021";"78.79";"Total Agricultura, ganadería,  silvicultura, pesca, y veterinaria";"Hombres";"Exito"
"2019-2020";"90.2";"Total Agricultura, ganadería,  silvicultura, pesca, y veterinaria";"Hombres";"Exito"
"2018-2019";"77.84";"Total Agricultura, ganadería,  silvicultura, pesca, y veterinaria";"Hombres";"Exito"
"2017-2018";"77.05";"Total Agricultura, ganadería,  silvicultura, pesca, y veterinaria";"Hombres";"Exito"
"2016-2017";"82.56";"Total Agricultura, ganadería,  silvicultura, pesca, y veterinaria";"Hombres";"Exito"
"2015-2016";"79.97";"Total Agricultura, ganadería,  silvicultura, pesca, y veterinaria";"Hombres";"Exito"
"2022-2023";"68.03";"Agricultura, ganadería y pesca";"Hombres";"Exito"
"2021-2022";"75.47";"Agricultura, ganadería y pesca";"Hombres";"Exito"
"2020-2021";"78.79";"Agricultura, ganadería y pesca";"Hombres";"Exito"
"2019-2020";"90.2";"Agricultura, ganadería y pesca";"Hombres";"Exito"
"2018-2019";"77.84";"Agricultura, ganadería y pesca";"Hombres";"Exito"
"2017-2018";"77.05";"Agricultura, ganadería y pesca";"Hombres";"Exito"
"2016-2017";"82.56";"Agricultura, ganadería y pesca";"Hombres";"Exito"
"2015-2016";"79.97";"Agricultura, ganadería y pesca";"Hombres";"Exito"
"2022-2023";"..";"Veterinaria";"Hombres";"Exito"
"2021-2022";"..";"Veterinaria";"Hombres";"Exito"
"2020-2021";"..";"Veterinaria";"Hombres";"Exito"
"2019-2020";"..";"Veterinaria";"Hombres";"Exito"
"2018-2019";"..";"Veterinaria";"Hombres";"Exito"
"2017-2018";"..";"Veterinaria";"Hombres";"Exito"
"2016-2017";"..";"Veterinaria";"Hombres";"Exito"
"2015-2016";"..";"Veterinaria";"Hombres";"Exito"
"2022-2023";"88.81";"Total Salud y servicios sociales";"Hombres";"Exito"
"2021-2022";"85.08";"Total Salud y servicios sociales";"Hombres";"Exito"
"2020-2021";"91.38";"Total Salud y servicios sociales";"Hombres";"Exito"
"2019-2020";"93.56";"Total Salud y servicios sociales";"Hombres";"Exito"
"2018-2019";"77.95";"Total Salud y servicios sociales";"Hombres";"Exito"
"2017-2018";"74.69";"Total Salud y servicios sociales";"Hombres";"Exito"
"2016-2017";"77.63";"Total Salud y servicios sociales";"Hombres";"Exito"
"2015-2016";"87.68";"Total Salud y servicios sociales";"Hombres";"Exito"
"2022-2023";"..";"Medicina";"Hombres";"Exito"
"2021-2022";"..";"Medicina";"Hombres";"Exito"
"2020-2021";"..";"Medicina";"Hombres";"Exito"
"2019-2020";"..";"Medicina";"Hombres";"Exito"
"2018-2019";"..";"Medicina";"Hombres";"Exito"
"2017-2018";"..";"Medicina";"Hombres";"Exito"
"2016-2017";"..";"Medicina";"Hombres";"Exito"
"2015-2016";"..";"Medicina";"Hombres";"Exito"
"2022-2023";"93.83";"Enfermería y atención a enfermos";"Hombres";"Exito"
"2021-2022";"90.07";"Enfermería y atención a enfermos";"Hombres";"Exito"
"2020-2021";"90.87";"Enfermería y atención a enfermos";"Hombres";"Exito"
"2019-2020";"94.4";"Enfermería y atención a enfermos";"Hombres";"Exito"
"2018-2019";"77.89";"Enfermería y atención a enfermos";"Hombres";"Exito"
"2017-2018";"80.8";"Enfermería y atención a enfermos";"Hombres";"Exito"
"2016-2017";"81.47";"Enfermería y atención a enfermos";"Hombres";"Exito"
"2015-2016";"88.25";"Enfermería y atención a enfermos";"Hombres";"Exito"
"2022-2023";"82.14";"Otras ciencias de la Salud";"Hombres";"Exito"
"2021-2022";"80.68";"Otras ciencias de la Salud";"Hombres";"Exito"
"2020-2021";"91.79";"Otras ciencias de la Salud";"Hombres";"Exito"
"2019-2020";"92.75";"Otras ciencias de la Salud";"Hombres";"Exito"
"2018-2019";"78.01";"Otras ciencias de la Salud";"Hombres";"Exito"
"2017-2018";"69.59";"Otras ciencias de la Salud";"Hombres";"Exito"
"2016-2017";"74.96";"Otras ciencias de la Salud";"Hombres";"Exito"
"2015-2016";"87.31";"Otras ciencias de la Salud";"Hombres";"Exito"
"2022-2023";"..";"Trabajo social y orientación";"Hombres";"Exito"
"2021-2022";"..";"Trabajo social y orientación";"Hombres";"Exito"
"2020-2021";"..";"Trabajo social y orientación";"Hombres";"Exito"
"2019-2020";"..";"Trabajo social y orientación";"Hombres";"Exito"
"2018-2019";"..";"Trabajo social y orientación";"Hombres";"Exito"
"2017-2018";"..";"Trabajo social y orientación";"Hombres";"Exito"
"2016-2017";"..";"Trabajo social y orientación";"Hombres";"Exito"
"2015-2016";"..";"Trabajo social y orientación";"Hombres";"Exito"
"2022-2023";"96.47";"Total Servicios";"Hombres";"Exito"
"2021-2022";"97.74";"Total Servicios";"Hombres";"Exito"
"2020-2021";"..";"Total Servicios";"Hombres";"Exito"
"2019-2020";"..";"Total Servicios";"Hombres";"Exito"
"2018-2019";"..";"Total Servicios";"Hombres";"Exito"
"2017-2018";"..";"Total Servicios";"Hombres";"Exito"
"2016-2017";"..";"Total Servicios";"Hombres";"Exito"
"2015-2016";"..";"Total Servicios";"Hombres";"Exito"
"2022-2023";"..";"Deportes";"Hombres";"Exito"
"2021-2022";"..";"Deportes";"Hombres";"Exito"
"2020-2021";"..";"Deportes";"Hombres";"Exito"
"2019-2020";"..";"Deportes";"Hombres";"Exito"
"2018-2019";"..";"Deportes";"Hombres";"Exito"
"2017-2018";"..";"Deportes";"Hombres";"Exito"
"2016-2017";"..";"Deportes";"Hombres";"Exito"
"2015-2016";"..";"Deportes";"Hombres";"Exito"
"2022-2023";"..";"Turismo y Hostelería";"Hombres";"Exito"
"2021-2022";"..";"Turismo y Hostelería";"Hombres";"Exito"
"2020-2021";"..";"Turismo y Hostelería";"Hombres";"Exito"
"2019-2020";"..";"Turismo y Hostelería";"Hombres";"Exito"
"2018-2019";"..";"Turismo y Hostelería";"Hombres";"Exito"
"2017-2018";"..";"Turismo y Hostelería";"Hombres";"Exito"
"2016-2017";"..";"Turismo y Hostelería";"Hombres";"Exito"
"2015-2016";"..";"Turismo y Hostelería";"Hombres";"Exito"
"2022-2023";"96.47";"Otros Servicios";"Hombres";"Exito"
"2021-2022";"97.74";"Otros Servicios";"Hombres";"Exito"
"2020-2021";"..";"Otros Servicios";"Hombres";"Exito"
"2019-2020";"..";"Otros Servicios";"Hombres";"Exito"
"2018-2019";"..";"Otros Servicios";"Hombres";"Exito"
"2017-2018";"..";"Otros Servicios";"Hombres";"Exito"
"2016-2017";"..";"Otros Servicios";"Hombres";"Exito"
"2015-2016";"..";"Otros Servicios";"Hombres";"Exito"
"2022-2023";"???";"Católica Santa Teresa de Jesús de Ávila";"Hombres";"Evaluacion"
"2021-2022";"???";"Católica Santa Teresa de Jesús de Ávila";"Hombres";"Evaluacion"
"2020-2021";"???";"Católica Santa Teresa de Jesús de Ávila";"Hombres";"Evaluacion"
"2019-2020";"???";"Católica Santa Teresa de Jesús de Ávila";"Hombres";"Evaluacion"
"2018-2019";"???";"Católica Santa Teresa de Jesús de Ávila";"Hombres";"Evaluacion"
"2017-2018";"???";"Católica Santa Teresa de Jesús de Ávila";"Hombres";"Evaluacion"
"2016-2017";"???";"Católica Santa Teresa de Jesús de Ávila";"Hombres";"Evaluacion"
"2015-2016";"???";"Católica Santa Teresa de Jesús de Ávila";"Hombres";"Evaluacion"
"2022-2023";"83.64";"Todos los ámbitos";"Hombres";"Evaluacion"
"2021-2022";"83.65";"Todos los ámbitos";"Hombres";"Evaluacion"
"2020-2021";"87.23";"Todos los ámbitos";"Hombres";"Evaluacion"
"2019-2020";"83.38";"Todos los ámbitos";"Hombres";"Evaluacion"
"2018-2019";"74.95";"Todos los ámbitos";"Hombres";"Evaluacion"
"2017-2018";"75.1";"Todos los ámbitos";"Hombres";"Evaluacion"
"2016-2017";"75.64";"Todos los ámbitos";"Hombres";"Evaluacion"
"2015-2016";"77.29";"Todos los ámbitos";"Hombres";"Evaluacion"
"2022-2023";"89.9";"Total Educación";"Hombres";"Evaluacion"
"2021-2022";"92.01";"Total Educación";"Hombres";"Evaluacion"
"2020-2021";"95.73";"Total Educación";"Hombres";"Evaluacion"
"2019-2020";"83.56";"Total Educación";"Hombres";"Evaluacion"
"2018-2019";"78.71";"Total Educación";"Hombres";"Evaluacion"
"2017-2018";"90.77";"Total Educación";"Hombres";"Evaluacion"
"2016-2017";"87.07";"Total Educación";"Hombres";"Evaluacion"
"2015-2016";"100.0";"Total Educación";"Hombres";"Evaluacion"
"2022-2023";"..";"Formación de docentes de enseñanza infantil";"Hombres";"Evaluacion"
"2021-2022";"93.68";"Formación de docentes de enseñanza infantil";"Hombres";"Evaluacion"
"2020-2021";"96.24";"Formación de docentes de enseñanza infantil";"Hombres";"Evaluacion"
"2019-2020";"87.11";"Formación de docentes de enseñanza infantil";"Hombres";"Evaluacion"
"2018-2019";"..";"Formación de docentes de enseñanza infantil";"Hombres";"Evaluacion"
"2017-2018";"..";"Formación de docentes de enseñanza infantil";"Hombres";"Evaluacion"
"2016-2017";"..";"Formación de docentes de enseñanza infantil";"Hombres";"Evaluacion"
"2015-2016";"..";"Formación de docentes de enseñanza infantil";"Hombres";"Evaluacion"
"2022-2023";"89.88";"Formación de docentes de enseñanza primaria";"Hombres";"Evaluacion"
"2021-2022";"91.42";"Formación de docentes de enseñanza primaria";"Hombres";"Evaluacion"
"2020-2021";"95.56";"Formación de docentes de enseñanza primaria";"Hombres";"Evaluacion"
"2019-2020";"82.59";"Formación de docentes de enseñanza primaria";"Hombres";"Evaluacion"
"2018-2019";"77.18";"Formación de docentes de enseñanza primaria";"Hombres";"Evaluacion"
"2017-2018";"90.39";"Formación de docentes de enseñanza primaria";"Hombres";"Evaluacion"
"2016-2017";"85.66";"Formación de docentes de enseñanza primaria";"Hombres";"Evaluacion"
"2015-2016";"100.0";"Formación de docentes de enseñanza primaria";"Hombres";"Evaluacion"
"2022-2023";"..";"Otra Formación de personal docente y ciencias de la educación";"Hombres";"Evaluacion"
"2021-2022";"..";"Otra Formación de personal docente y ciencias de la educación";"Hombres";"Evaluacion"
"2020-2021";"..";"Otra Formación de personal docente y ciencias de la educación";"Hombres";"Evaluacion"
"2019-2020";"..";"Otra Formación de personal docente y ciencias de la educación";"Hombres";"Evaluacion"
"2018-2019";"..";"Otra Formación de personal docente y ciencias de la educación";"Hombres";"Evaluacion"
"2017-2018";"..";"Otra Formación de personal docente y ciencias de la educación";"Hombres";"Evaluacion"
"2016-2017";"..";"Otra Formación de personal docente y ciencias de la educación";"Hombres";"Evaluacion"
"2015-2016";"..";"Otra Formación de personal docente y ciencias de la educación";"Hombres";"Evaluacion"
"2022-2023";"..";"Total Artes y humanidades";"Hombres";"Evaluacion"
"2021-2022";"..";"Total Artes y humanidades";"Hombres";"Evaluacion"
"2020-2021";"..";"Total Artes y humanidades";"Hombres";"Evaluacion"
"2019-2020";"..";"Total Artes y humanidades";"Hombres";"Evaluacion"
"2018-2019";"..";"Total Artes y humanidades";"Hombres";"Evaluacion"
"2017-2018";"..";"Total Artes y humanidades";"Hombres";"Evaluacion"
"2016-2017";"..";"Total Artes y humanidades";"Hombres";"Evaluacion"
"2015-2016";"..";"Total Artes y humanidades";"Hombres";"Evaluacion"
"2022-2023";"..";"Técnicas audiovisuales y medios de comunicación";"Hombres";"Evaluacion"
"2021-2022";"..";"Técnicas audiovisuales y medios de comunicación";"Hombres";"Evaluacion"
"2020-2021";"..";"Técnicas audiovisuales y medios de comunicación";"Hombres";"Evaluacion"
"2019-2020";"..";"Técnicas audiovisuales y medios de comunicación";"Hombres";"Evaluacion"
"2018-2019";"..";"Técnicas audiovisuales y medios de comunicación";"Hombres";"Evaluacion"
"2017-2018";"..";"Técnicas audiovisuales y medios de comunicación";"Hombres";"Evaluacion"
"2016-2017";"..";"Técnicas audiovisuales y medios de comunicación";"Hombres";"Evaluacion"
"2015-2016";"..";"Técnicas audiovisuales y medios de comunicación";"Hombres";"Evaluacion"
"2022-2023";"..";"Artes";"Hombres";"Evaluacion"
"2021-2022";"..";"Artes";"Hombres";"Evaluacion"
"2020-2021";"..";"Artes";"Hombres";"Evaluacion"
"2019-2020";"..";"Artes";"Hombres";"Evaluacion"
"2018-2019";"..";"Artes";"Hombres";"Evaluacion"
"2017-2018";"..";"Artes";"Hombres";"Evaluacion"
"2016-2017";"..";"Artes";"Hombres";"Evaluacion"
"2015-2016";"..";"Artes";"Hombres";"Evaluacion"
"2022-2023";"..";"Lenguas";"Hombres";"Evaluacion"
"2021-2022";"..";"Lenguas";"Hombres";"Evaluacion"
"2020-2021";"..";"Lenguas";"Hombres";"Evaluacion"
"2019-2020";"..";"Lenguas";"Hombres";"Evaluacion"
"2018-2019";"..";"Lenguas";"Hombres";"Evaluacion"
"2017-2018";"..";"Lenguas";"Hombres";"Evaluacion"
"2016-2017";"..";"Lenguas";"Hombres";"Evaluacion"
"2015-2016";"..";"Lenguas";"Hombres";"Evaluacion"
"2022-2023";"..";"Humanidades";"Hombres";"Evaluacion"
"2021-2022";"..";"Humanidades";"Hombres";"Evaluacion"
"2020-2021";"..";"Humanidades";"Hombres";"Evaluacion"
"2019-2020";"..";"Humanidades";"Hombres";"Evaluacion"
"2018-2019";"..";"Humanidades";"Hombres";"Evaluacion"
"2017-2018";"..";"Humanidades";"Hombres";"Evaluacion"
"2016-2017";"..";"Humanidades";"Hombres";"Evaluacion"
"2015-2016";"..";"Humanidades";"Hombres";"Evaluacion"
"2022-2023";"79.51";"Total Ciencias sociales, periodismo y documentación";"Hombres";"Evaluacion"
"2021-2022";"75.62";"Total Ciencias sociales, periodismo y documentación";"Hombres";"Evaluacion"
"2020-2021";"75.06";"Total Ciencias sociales, periodismo y documentación";"Hombres";"Evaluacion"
"2019-2020";"86.13";"Total Ciencias sociales, periodismo y documentación";"Hombres";"Evaluacion"
"2018-2019";"66.93";"Total Ciencias sociales, periodismo y documentación";"Hombres";"Evaluacion"
"2017-2018";"67.22";"Total Ciencias sociales, periodismo y documentación";"Hombres";"Evaluacion"
"2016-2017";"59.91";"Total Ciencias sociales, periodismo y documentación";"Hombres";"Evaluacion"
"2015-2016";"79.27";"Total Ciencias sociales, periodismo y documentación";"Hombres";"Evaluacion"
"2022-2023";"90.41";"Psicología";"Hombres";"Evaluacion"
"2021-2022";"84.06";"Psicología";"Hombres";"Evaluacion"
"2020-2021";"85.95";"Psicología";"Hombres";"Evaluacion"
"2019-2020";"..";"Psicología";"Hombres";"Evaluacion"
"2018-2019";"..";"Psicología";"Hombres";"Evaluacion"
"2017-2018";"..";"Psicología";"Hombres";"Evaluacion"
"2016-2017";"..";"Psicología";"Hombres";"Evaluacion"
"2015-2016";"..";"Psicología";"Hombres";"Evaluacion"
"2022-2023";"58.47";"Economía";"Hombres";"Evaluacion"
"2021-2022";"65.18";"Economía";"Hombres";"Evaluacion"
"2020-2021";"60.14";"Economía";"Hombres";"Evaluacion"
"2019-2020";"82.92";"Economía";"Hombres";"Evaluacion"
"2018-2019";"64.28";"Economía";"Hombres";"Evaluacion"
"2017-2018";"64.64";"Economía";"Hombres";"Evaluacion"
"2016-2017";"59.91";"Economía";"Hombres";"Evaluacion"
"2015-2016";"79.27";"Economía";"Hombres";"Evaluacion"
"2022-2023";"..";"Otras Ciencias sociales y del comportamiento";"Hombres";"Evaluacion"
"2021-2022";"..";"Otras Ciencias sociales y del comportamiento";"Hombres";"Evaluacion"
"2020-2021";"..";"Otras Ciencias sociales y del comportamiento";"Hombres";"Evaluacion"
"2019-2020";"..";"Otras Ciencias sociales y del comportamiento";"Hombres";"Evaluacion"
"2018-2019";"..";"Otras Ciencias sociales y del comportamiento";"Hombres";"Evaluacion"
"2017-2018";"..";"Otras Ciencias sociales y del comportamiento";"Hombres";"Evaluacion"
"2016-2017";"..";"Otras Ciencias sociales y del comportamiento";"Hombres";"Evaluacion"
"2015-2016";"..";"Otras Ciencias sociales y del comportamiento";"Hombres";"Evaluacion"
"2022-2023";"..";"Periodismo e información";"Hombres";"Evaluacion"
"2021-2022";"..";"Periodismo e información";"Hombres";"Evaluacion"
"2020-2021";"..";"Periodismo e información";"Hombres";"Evaluacion"
"2019-2020";"..";"Periodismo e información";"Hombres";"Evaluacion"
"2018-2019";"..";"Periodismo e información";"Hombres";"Evaluacion"
"2017-2018";"..";"Periodismo e información";"Hombres";"Evaluacion"
"2016-2017";"..";"Periodismo e información";"Hombres";"Evaluacion"
"2015-2016";"..";"Periodismo e información";"Hombres";"Evaluacion"
"2022-2023";"77.66";"Total Negocios, administración y derecho";"Hombres";"Evaluacion"
"2021-2022";"80.58";"Total Negocios, administración y derecho";"Hombres";"Evaluacion"
"2020-2021";"80.77";"Total Negocios, administración y derecho";"Hombres";"Evaluacion"
"2019-2020";"79.01";"Total Negocios, administración y derecho";"Hombres";"Evaluacion"
"2018-2019";"67.42";"Total Negocios, administración y derecho";"Hombres";"Evaluacion"
"2017-2018";"65.23";"Total Negocios, administración y derecho";"Hombres";"Evaluacion"
"2016-2017";"69.28";"Total Negocios, administración y derecho";"Hombres";"Evaluacion"
"2015-2016";"70.87";"Total Negocios, administración y derecho";"Hombres";"Evaluacion"
"2022-2023";"67.23";"Administración y gestión de empresas";"Hombres";"Evaluacion"
"2021-2022";"72.68";"Administración y gestión de empresas";"Hombres";"Evaluacion"
"2020-2021";"72.27";"Administración y gestión de empresas";"Hombres";"Evaluacion"
"2019-2020";"72.67";"Administración y gestión de empresas";"Hombres";"Evaluacion"
"2018-2019";"61.44";"Administración y gestión de empresas";"Hombres";"Evaluacion"
"2017-2018";"63.74";"Administración y gestión de empresas";"Hombres";"Evaluacion"
"2016-2017";"64.55";"Administración y gestión de empresas";"Hombres";"Evaluacion"
"2015-2016";"69.65";"Administración y gestión de empresas";"Hombres";"Evaluacion"
"2022-2023";"..";"Otra Educación comercial y empresarial";"Hombres";"Evaluacion"
"2021-2022";"..";"Otra Educación comercial y empresarial";"Hombres";"Evaluacion"
"2020-2021";"..";"Otra Educación comercial y empresarial";"Hombres";"Evaluacion"
"2019-2020";"..";"Otra Educación comercial y empresarial";"Hombres";"Evaluacion"
"2018-2019";"..";"Otra Educación comercial y empresarial";"Hombres";"Evaluacion"
"2017-2018";"..";"Otra Educación comercial y empresarial";"Hombres";"Evaluacion"
"2016-2017";"..";"Otra Educación comercial y empresarial";"Hombres";"Evaluacion"
"2015-2016";"..";"Otra Educación comercial y empresarial";"Hombres";"Evaluacion"
"2022-2023";"81.73";"Derecho";"Hombres";"Evaluacion"
"2021-2022";"83.37";"Derecho";"Hombres";"Evaluacion"
"2020-2021";"83.58";"Derecho";"Hombres";"Evaluacion"
"2019-2020";"81.71";"Derecho";"Hombres";"Evaluacion"
"2018-2019";"71.13";"Derecho";"Hombres";"Evaluacion"
"2017-2018";"66.2";"Derecho";"Hombres";"Evaluacion"
"2016-2017";"72.79";"Derecho";"Hombres";"Evaluacion"
"2015-2016";"71.57";"Derecho";"Hombres";"Evaluacion"
"2022-2023";"72.98";"Total Ciencias";"Hombres";"Evaluacion"
"2021-2022";"75.97";"Total Ciencias";"Hombres";"Evaluacion"
"2020-2021";"71.12";"Total Ciencias";"Hombres";"Evaluacion"
"2019-2020";"72.03";"Total Ciencias";"Hombres";"Evaluacion"
"2018-2019";"57.18";"Total Ciencias";"Hombres";"Evaluacion"
"2017-2018";"..";"Total Ciencias";"Hombres";"Evaluacion"
"2016-2017";"..";"Total Ciencias";"Hombres";"Evaluacion"
"2015-2016";"..";"Total Ciencias";"Hombres";"Evaluacion"
"2022-2023";"72.98";"Ciencias de la vida";"Hombres";"Evaluacion"
"2021-2022";"75.97";"Ciencias de la vida";"Hombres";"Evaluacion"
"2020-2021";"71.12";"Ciencias de la vida";"Hombres";"Evaluacion"
"2019-2020";"72.03";"Ciencias de la vida";"Hombres";"Evaluacion"
"2018-2019";"57.18";"Ciencias de la vida";"Hombres";"Evaluacion"
"2017-2018";"..";"Ciencias de la vida";"Hombres";"Evaluacion"
"2016-2017";"..";"Ciencias de la vida";"Hombres";"Evaluacion"
"2015-2016";"..";"Ciencias de la vida";"Hombres";"Evaluacion"
"2022-2023";"..";"Ciencias Físicas, químicas, geológicas";"Hombres";"Evaluacion"
"2021-2022";"..";"Ciencias Físicas, químicas, geológicas";"Hombres";"Evaluacion"
"2020-2021";"..";"Ciencias Físicas, químicas, geológicas";"Hombres";"Evaluacion"
"2019-2020";"..";"Ciencias Físicas, químicas, geológicas";"Hombres";"Evaluacion"
"2018-2019";"..";"Ciencias Físicas, químicas, geológicas";"Hombres";"Evaluacion"
"2017-2018";"..";"Ciencias Físicas, químicas, geológicas";"Hombres";"Evaluacion"
"2016-2017";"..";"Ciencias Físicas, químicas, geológicas";"Hombres";"Evaluacion"
"2015-2016";"..";"Ciencias Físicas, químicas, geológicas";"Hombres";"Evaluacion"
"2022-2023";"..";"Matemáticas y Estadística";"Hombres";"Evaluacion"
"2021-2022";"..";"Matemáticas y Estadística";"Hombres";"Evaluacion"
"2020-2021";"..";"Matemáticas y Estadística";"Hombres";"Evaluacion"
"2019-2020";"..";"Matemáticas y Estadística";"Hombres";"Evaluacion"
"2018-2019";"..";"Matemáticas y Estadística";"Hombres";"Evaluacion"
"2017-2018";"..";"Matemáticas y Estadística";"Hombres";"Evaluacion"
"2016-2017";"..";"Matemáticas y Estadística";"Hombres";"Evaluacion"
"2015-2016";"..";"Matemáticas y Estadística";"Hombres";"Evaluacion"
"2022-2023";"83.54";"Total Informática";"Hombres";"Evaluacion"
"2021-2022";"68.21";"Total Informática";"Hombres";"Evaluacion"
"2020-2021";"75.41";"Total Informática";"Hombres";"Evaluacion"
"2019-2020";"78.67";"Total Informática";"Hombres";"Evaluacion"
"2018-2019";"71.48";"Total Informática";"Hombres";"Evaluacion"
"2017-2018";"75.86";"Total Informática";"Hombres";"Evaluacion"
"2016-2017";"75.03";"Total Informática";"Hombres";"Evaluacion"
"2015-2016";"65.89";"Total Informática";"Hombres";"Evaluacion"
"2022-2023";"83.54";"Informática";"Hombres";"Evaluacion"
"2021-2022";"68.21";"Informática";"Hombres";"Evaluacion"
"2020-2021";"75.41";"Informática";"Hombres";"Evaluacion"
"2019-2020";"78.67";"Informática";"Hombres";"Evaluacion"
"2018-2019";"71.48";"Informática";"Hombres";"Evaluacion"
"2017-2018";"75.86";"Informática";"Hombres";"Evaluacion"
"2016-2017";"75.03";"Informática";"Hombres";"Evaluacion"
"2015-2016";"65.89";"Informática";"Hombres";"Evaluacion"
"2022-2023";"69.77";"Total Ingeniería, industria y construcción";"Hombres";"Evaluacion"
"2021-2022";"77.92";"Total Ingeniería, industria y construcción";"Hombres";"Evaluacion"
"2020-2021";"81.58";"Total Ingeniería, industria y construcción";"Hombres";"Evaluacion"
"2019-2020";"79.89";"Total Ingeniería, industria y construcción";"Hombres";"Evaluacion"
"2018-2019";"72.33";"Total Ingeniería, industria y construcción";"Hombres";"Evaluacion"
"2017-2018";"77.68";"Total Ingeniería, industria y construcción";"Hombres";"Evaluacion"
"2016-2017";"79.0";"Total Ingeniería, industria y construcción";"Hombres";"Evaluacion"
"2015-2016";"79.7";"Total Ingeniería, industria y construcción";"Hombres";"Evaluacion"
"2022-2023";"69.77";"Ingenierías";"Hombres";"Evaluacion"
"2021-2022";"77.92";"Ingenierías";"Hombres";"Evaluacion"
"2020-2021";"81.58";"Ingenierías";"Hombres";"Evaluacion"
"2019-2020";"79.89";"Ingenierías";"Hombres";"Evaluacion"
"2018-2019";"72.33";"Ingenierías";"Hombres";"Evaluacion"
"2017-2018";"77.68";"Ingenierías";"Hombres";"Evaluacion"
"2016-2017";"79.0";"Ingenierías";"Hombres";"Evaluacion"
"2015-2016";"79.7";"Ingenierías";"Hombres";"Evaluacion"
"2022-2023";"..";"Arquitectura y construcción";"Hombres";"Evaluacion"
"2021-2022";"..";"Arquitectura y construcción";"Hombres";"Evaluacion"
"2020-2021";"..";"Arquitectura y construcción";"Hombres";"Evaluacion"
"2019-2020";"..";"Arquitectura y construcción";"Hombres";"Evaluacion"
"2018-2019";"..";"Arquitectura y construcción";"Hombres";"Evaluacion"
"2017-2018";"..";"Arquitectura y construcción";"Hombres";"Evaluacion"
"2016-2017";"..";"Arquitectura y construcción";"Hombres";"Evaluacion"
"2015-2016";"..";"Arquitectura y construcción";"Hombres";"Evaluacion"
"2022-2023";"69.27";"Total Agricultura, ganadería,  silvicultura, pesca, y veterinaria";"Hombres";"Evaluacion"
"2021-2022";"69.19";"Total Agricultura, ganadería,  silvicultura, pesca, y veterinaria";"Hombres";"Evaluacion"
"2020-2021";"78.09";"Total Agricultura, ganadería,  silvicultura, pesca, y veterinaria";"Hombres";"Evaluacion"
"2019-2020";"77.72";"Total Agricultura, ganadería,  silvicultura, pesca, y veterinaria";"Hombres";"Evaluacion"
"2018-2019";"66.51";"Total Agricultura, ganadería,  silvicultura, pesca, y veterinaria";"Hombres";"Evaluacion"
"2017-2018";"68.31";"Total Agricultura, ganadería,  silvicultura, pesca, y veterinaria";"Hombres";"Evaluacion"
"2016-2017";"68.13";"Total Agricultura, ganadería,  silvicultura, pesca, y veterinaria";"Hombres";"Evaluacion"
"2015-2016";"62.71";"Total Agricultura, ganadería,  silvicultura, pesca, y veterinaria";"Hombres";"Evaluacion"
"2022-2023";"69.27";"Agricultura, ganadería y pesca";"Hombres";"Evaluacion"
"2021-2022";"69.19";"Agricultura, ganadería y pesca";"Hombres";"Evaluacion"
"2020-2021";"78.09";"Agricultura, ganadería y pesca";"Hombres";"Evaluacion"
"2019-2020";"77.72";"Agricultura, ganadería y pesca";"Hombres";"Evaluacion"
"2018-2019";"66.51";"Agricultura, ganadería y pesca";"Hombres";"Evaluacion"
"2017-2018";"68.31";"Agricultura, ganadería y pesca";"Hombres";"Evaluacion"
"2016-2017";"68.13";"Agricultura, ganadería y pesca";"Hombres";"Evaluacion"
"2015-2016";"62.71";"Agricultura, ganadería y pesca";"Hombres";"Evaluacion"
"2022-2023";"..";"Veterinaria";"Hombres";"Evaluacion"
"2021-2022";"..";"Veterinaria";"Hombres";"Evaluacion"
"2020-2021";"..";"Veterinaria";"Hombres";"Evaluacion"
"2019-2020";"..";"Veterinaria";"Hombres";"Evaluacion"
"2018-2019";"..";"Veterinaria";"Hombres";"Evaluacion"
"2017-2018";"..";"Veterinaria";"Hombres";"Evaluacion"
"2016-2017";"..";"Veterinaria";"Hombres";"Evaluacion"
"2015-2016";"..";"Veterinaria";"Hombres";"Evaluacion"
"2022-2023";"93.89";"Total Salud y servicios sociales";"Hombres";"Evaluacion"
"2021-2022";"90.96";"Total Salud y servicios sociales";"Hombres";"Evaluacion"
"2020-2021";"96.58";"Total Salud y servicios sociales";"Hombres";"Evaluacion"
"2019-2020";"95.46";"Total Salud y servicios sociales";"Hombres";"Evaluacion"
"2018-2019";"93.48";"Total Salud y servicios sociales";"Hombres";"Evaluacion"
"2017-2018";"89.53";"Total Salud y servicios sociales";"Hombres";"Evaluacion"
"2016-2017";"92.68";"Total Salud y servicios sociales";"Hombres";"Evaluacion"
"2015-2016";"93.63";"Total Salud y servicios sociales";"Hombres";"Evaluacion"
"2022-2023";"..";"Medicina";"Hombres";"Evaluacion"
"2021-2022";"..";"Medicina";"Hombres";"Evaluacion"
"2020-2021";"..";"Medicina";"Hombres";"Evaluacion"
"2019-2020";"..";"Medicina";"Hombres";"Evaluacion"
"2018-2019";"..";"Medicina";"Hombres";"Evaluacion"
"2017-2018";"..";"Medicina";"Hombres";"Evaluacion"
"2016-2017";"..";"Medicina";"Hombres";"Evaluacion"
"2015-2016";"..";"Medicina";"Hombres";"Evaluacion"
"2022-2023";"96.8";"Enfermería y atención a enfermos";"Hombres";"Evaluacion"
"2021-2022";"93.92";"Enfermería y atención a enfermos";"Hombres";"Evaluacion"
"2020-2021";"98.24";"Enfermería y atención a enfermos";"Hombres";"Evaluacion"
"2019-2020";"97.38";"Enfermería y atención a enfermos";"Hombres";"Evaluacion"
"2018-2019";"98.07";"Enfermería y atención a enfermos";"Hombres";"Evaluacion"
"2017-2018";"95.56";"Enfermería y atención a enfermos";"Hombres";"Evaluacion"
"2016-2017";"96.11";"Enfermería y atención a enfermos";"Hombres";"Evaluacion"
"2015-2016";"92.15";"Enfermería y atención a enfermos";"Hombres";"Evaluacion"
"2022-2023";"90.3";"Otras ciencias de la Salud";"Hombres";"Evaluacion"
"2021-2022";"88.5";"Otras ciencias de la Salud";"Hombres";"Evaluacion"
"2020-2021";"95.31";"Otras ciencias de la Salud";"Hombres";"Evaluacion"
"2019-2020";"93.66";"Otras ciencias de la Salud";"Hombres";"Evaluacion"
"2018-2019";"89.66";"Otras ciencias de la Salud";"Hombres";"Evaluacion"
"2017-2018";"85.06";"Otras ciencias de la Salud";"Hombres";"Evaluacion"
"2016-2017";"90.44";"Otras ciencias de la Salud";"Hombres";"Evaluacion"
"2015-2016";"94.64";"Otras ciencias de la Salud";"Hombres";"Evaluacion"
"2022-2023";"..";"Trabajo social y orientación";"Hombres";"Evaluacion"
"2021-2022";"..";"Trabajo social y orientación";"Hombres";"Evaluacion"
"2020-2021";"..";"Trabajo social y orientación";"Hombres";"Evaluacion"
"2019-2020";"..";"Trabajo social y orientación";"Hombres";"Evaluacion"
"2018-2019";"..";"Trabajo social y orientación";"Hombres";"Evaluacion"
"2017-2018";"..";"Trabajo social y orientación";"Hombres";"Evaluacion"
"2016-2017";"..";"Trabajo social y orientación";"Hombres";"Evaluacion"
"2015-2016";"..";"Trabajo social y orientación";"Hombres";"Evaluacion"
"2022-2023";"91.41";"Total Servicios";"Hombres";"Evaluacion"
"2021-2022";"92.68";"Total Servicios";"Hombres";"Evaluacion"
"2020-2021";"..";"Total Servicios";"Hombres";"Evaluacion"
"2019-2020";"..";"Total Servicios";"Hombres";"Evaluacion"
"2018-2019";"..";"Total Servicios";"Hombres";"Evaluacion"
"2017-2018";"..";"Total Servicios";"Hombres";"Evaluacion"
"2016-2017";"..";"Total Servicios";"Hombres";"Evaluacion"
"2015-2016";"..";"Total Servicios";"Hombres";"Evaluacion"
"2022-2023";"..";"Deportes";"Hombres";"Evaluacion"
"2021-2022";"..";"Deportes";"Hombres";"Evaluacion"
"2020-2021";"..";"Deportes";"Hombres";"Evaluacion"
"2019-2020";"..";"Deportes";"Hombres";"Evaluacion"
"2018-2019";"..";"Deportes";"Hombres";"Evaluacion"
"2017-2018";"..";"Deportes";"Hombres";"Evaluacion"
"2016-2017";"..";"Deportes";"Hombres";"Evaluacion"
"2015-2016";"..";"Deportes";"Hombres";"Evaluacion"
"2022-2023";"..";"Turismo y Hostelería";"Hombres";"Evaluacion"
"2021-2022";"..";"Turismo y Hostelería";"Hombres";"Evaluacion"
"2020-2021";"..";"Turismo y Hostelería";"Hombres";"Evaluacion"
"2019-2020";"..";"Turismo y Hostelería";"Hombres";"Evaluacion"
"2018-2019";"..";"Turismo y Hostelería";"Hombres";"Evaluacion"
"2017-2018";"..";"Turismo y Hostelería";"Hombres";"Evaluacion"
"2016-2017";"..";"Turismo y Hostelería";"Hombres";"Evaluacion"
"2015-2016";"..";"Turismo y Hostelería";"Hombres";"Evaluacion"
"2022-2023";"91.41";"Otros Servicios";"Hombres";"Evaluacion"
"2021-2022";"92.68";"Otros Servicios";"Hombres";"Evaluacion"
"2020-2021";"..";"Otros Servicios";"Hombres";"Evaluacion"
"2019-2020";"..";"Otros Servicios";"Hombres";"Evaluacion"
"2018-2019";"..";"Otros Servicios";"Hombres";"Evaluacion"
"2017-2018";"..";"Otros Servicios";"Hombres";"Evaluacion"
"2016-2017";"..";"Otros Servicios";"Hombres";"Evaluacion"
"2015-2016";"..";"Otros Servicios";"Hombres";"Evaluacion"
"2022-2023";"???";"Católica Santa Teresa de Jesús de Ávila";"Mujeres";"Rendimiento"
"2021-2022";"???";"Católica Santa Teresa de Jesús de Ávila";"Mujeres";"Rendimiento"
"2020-2021";"???";"Católica Santa Teresa de Jesús de Ávila";"Mujeres";"Rendimiento"
"2019-2020";"???";"Católica Santa Teresa de Jesús de Ávila";"Mujeres";"Rendimiento"
"2018-2019";"???";"Católica Santa Teresa de Jesús de Ávila";"Mujeres";"Rendimiento"
"2017-2018";"???";"Católica Santa Teresa de Jesús de Ávila";"Mujeres";"Rendimiento"
"2016-2017";"???";"Católica Santa Teresa de Jesús de Ávila";"Mujeres";"Rendimiento"
"2015-2016";"???";"Católica Santa Teresa de Jesús de Ávila";"Mujeres";"Rendimiento"
"2022-2023";"85.74";"Todos los ámbitos";"Mujeres";"Rendimiento"
"2021-2022";"84.39";"Todos los ámbitos";"Mujeres";"Rendimiento"
"2020-2021";"87.57";"Todos los ámbitos";"Mujeres";"Rendimiento"
"2019-2020";"89.74";"Todos los ámbitos";"Mujeres";"Rendimiento"
"2018-2019";"77.04";"Todos los ámbitos";"Mujeres";"Rendimiento"
"2017-2018";"78.05";"Todos los ámbitos";"Mujeres";"Rendimiento"
"2016-2017";"77.58";"Todos los ámbitos";"Mujeres";"Rendimiento"
"2015-2016";"75.04";"Todos los ámbitos";"Mujeres";"Rendimiento"
"2022-2023";"89.73";"Total Educación";"Mujeres";"Rendimiento"
"2021-2022";"90.57";"Total Educación";"Mujeres";"Rendimiento"
"2020-2021";"91.8";"Total Educación";"Mujeres";"Rendimiento"
"2019-2020";"92.59";"Total Educación";"Mujeres";"Rendimiento"
"2018-2019";"77.24";"Total Educación";"Mujeres";"Rendimiento"
"2017-2018";"90.99";"Total Educación";"Mujeres";"Rendimiento"
"2016-2017";"91.09";"Total Educación";"Mujeres";"Rendimiento"
"2015-2016";"82.84";"Total Educación";"Mujeres";"Rendimiento"
"2022-2023";"91.14";"Formación de docentes de enseñanza infantil";"Mujeres";"Rendimiento"
"2021-2022";"91.07";"Formación de docentes de enseñanza infantil";"Mujeres";"Rendimiento"
"2020-2021";"91.96";"Formación de docentes de enseñanza infantil";"Mujeres";"Rendimiento"
"2019-2020";"91.76";"Formación de docentes de enseñanza infantil";"Mujeres";"Rendimiento"
"2018-2019";"78.41";"Formación de docentes de enseñanza infantil";"Mujeres";"Rendimiento"
"2017-2018";"92.68";"Formación de docentes de enseñanza infantil";"Mujeres";"Rendimiento"
"2016-2017";"93.7";"Formación de docentes de enseñanza infantil";"Mujeres";"Rendimiento"
"2015-2016";"..";"Formación de docentes de enseñanza infantil";"Mujeres";"Rendimiento"
"2022-2023";"88.57";"Formación de docentes de enseñanza primaria";"Mujeres";"Rendimiento"
"2021-2022";"90.11";"Formación de docentes de enseñanza primaria";"Mujeres";"Rendimiento"
"2020-2021";"91.67";"Formación de docentes de enseñanza primaria";"Mujeres";"Rendimiento"
"2019-2020";"93.1";"Formación de docentes de enseñanza primaria";"Mujeres";"Rendimiento"
"2018-2019";"76.63";"Formación de docentes de enseñanza primaria";"Mujeres";"Rendimiento"
"2017-2018";"90.34";"Formación de docentes de enseñanza primaria";"Mujeres";"Rendimiento"
"2016-2017";"90.32";"Formación de docentes de enseñanza primaria";"Mujeres";"Rendimiento"
"2015-2016";"84.38";"Formación de docentes de enseñanza primaria";"Mujeres";"Rendimiento"
"2022-2023";"..";"Otra Formación de personal docente y ciencias de la educación";"Mujeres";"Rendimiento"
"2021-2022";"..";"Otra Formación de personal docente y ciencias de la educación";"Mujeres";"Rendimiento"
"2020-2021";"..";"Otra Formación de personal docente y ciencias de la educación";"Mujeres";"Rendimiento"
"2019-2020";"..";"Otra Formación de personal docente y ciencias de la educación";"Mujeres";"Rendimiento"
"2018-2019";"..";"Otra Formación de personal docente y ciencias de la educación";"Mujeres";"Rendimiento"
"2017-2018";"..";"Otra Formación de personal docente y ciencias de la educación";"Mujeres";"Rendimiento"
"2016-2017";"..";"Otra Formación de personal docente y ciencias de la educación";"Mujeres";"Rendimiento"
"2015-2016";"..";"Otra Formación de personal docente y ciencias de la educación";"Mujeres";"Rendimiento"
"2022-2023";"..";"Total Artes y humanidades";"Mujeres";"Rendimiento"
"2021-2022";"..";"Total Artes y humanidades";"Mujeres";"Rendimiento"
"2020-2021";"..";"Total Artes y humanidades";"Mujeres";"Rendimiento"
"2019-2020";"..";"Total Artes y humanidades";"Mujeres";"Rendimiento"
"2018-2019";"..";"Total Artes y humanidades";"Mujeres";"Rendimiento"
"2017-2018";"..";"Total Artes y humanidades";"Mujeres";"Rendimiento"
"2016-2017";"..";"Total Artes y humanidades";"Mujeres";"Rendimiento"
"2015-2016";"..";"Total Artes y humanidades";"Mujeres";"Rendimiento"
"2022-2023";"..";"Técnicas audiovisuales y medios de comunicación";"Mujeres";"Rendimiento"
"2021-2022";"..";"Técnicas audiovisuales y medios de comunicación";"Mujeres";"Rendimiento"
"2020-2021";"..";"Técnicas audiovisuales y medios de comunicación";"Mujeres";"Rendimiento"
"2019-2020";"..";"Técnicas audiovisuales y medios de comunicación";"Mujeres";"Rendimiento"
"2018-2019";"..";"Técnicas audiovisuales y medios de comunicación";"Mujeres";"Rendimiento"
"2017-2018";"..";"Técnicas audiovisuales y medios de comunicación";"Mujeres";"Rendimiento"
"2016-2017";"..";"Técnicas audiovisuales y medios de comunicación";"Mujeres";"Rendimiento"
"2015-2016";"..";"Técnicas audiovisuales y medios de comunicación";"Mujeres";"Rendimiento"
"2022-2023";"..";"Artes";"Mujeres";"Rendimiento"
"2021-2022";"..";"Artes";"Mujeres";"Rendimiento"
"2020-2021";"..";"Artes";"Mujeres";"Rendimiento"
"2019-2020";"..";"Artes";"Mujeres";"Rendimiento"
"2018-2019";"..";"Artes";"Mujeres";"Rendimiento"
"2017-2018";"..";"Artes";"Mujeres";"Rendimiento"
"2016-2017";"..";"Artes";"Mujeres";"Rendimiento"
"2015-2016";"..";"Artes";"Mujeres";"Rendimiento"
"2022-2023";"..";"Lenguas";"Mujeres";"Rendimiento"
"2021-2022";"..";"Lenguas";"Mujeres";"Rendimiento"
"2020-2021";"..";"Lenguas";"Mujeres";"Rendimiento"
"2019-2020";"..";"Lenguas";"Mujeres";"Rendimiento"
"2018-2019";"..";"Lenguas";"Mujeres";"Rendimiento"
"2017-2018";"..";"Lenguas";"Mujeres";"Rendimiento"
"2016-2017";"..";"Lenguas";"Mujeres";"Rendimiento"
"2015-2016";"..";"Lenguas";"Mujeres";"Rendimiento"
"2022-2023";"..";"Humanidades";"Mujeres";"Rendimiento"
"2021-2022";"..";"Humanidades";"Mujeres";"Rendimiento"
"2020-2021";"..";"Humanidades";"Mujeres";"Rendimiento"
"2019-2020";"..";"Humanidades";"Mujeres";"Rendimiento"
"2018-2019";"..";"Humanidades";"Mujeres";"Rendimiento"
"2017-2018";"..";"Humanidades";"Mujeres";"Rendimiento"
"2016-2017";"..";"Humanidades";"Mujeres";"Rendimiento"
"2015-2016";"..";"Humanidades";"Mujeres";"Rendimiento"
"2022-2023";"84.34";"Total Ciencias sociales, periodismo y documentación";"Mujeres";"Rendimiento"
"2021-2022";"79.1";"Total Ciencias sociales, periodismo y documentación";"Mujeres";"Rendimiento"
"2020-2021";"75.58";"Total Ciencias sociales, periodismo y documentación";"Mujeres";"Rendimiento"
"2019-2020";"87.35";"Total Ciencias sociales, periodismo y documentación";"Mujeres";"Rendimiento"
"2018-2019";"73.31";"Total Ciencias sociales, periodismo y documentación";"Mujeres";"Rendimiento"
"2017-2018";"77.21";"Total Ciencias sociales, periodismo y documentación";"Mujeres";"Rendimiento"
"2016-2017";"..";"Total Ciencias sociales, periodismo y documentación";"Mujeres";"Rendimiento"
"2015-2016";"..";"Total Ciencias sociales, periodismo y documentación";"Mujeres";"Rendimiento"
"2022-2023";"86.47";"Psicología";"Mujeres";"Rendimiento"
"2021-2022";"80.71";"Psicología";"Mujeres";"Rendimiento"
"2020-2021";"77.6";"Psicología";"Mujeres";"Rendimiento"
"2019-2020";"87.45";"Psicología";"Mujeres";"Rendimiento"
"2018-2019";"76.81";"Psicología";"Mujeres";"Rendimiento"
"2017-2018";"..";"Psicología";"Mujeres";"Rendimiento"
"2016-2017";"..";"Psicología";"Mujeres";"Rendimiento"
"2015-2016";"..";"Psicología";"Mujeres";"Rendimiento"
"2022-2023";"..";"Economía";"Mujeres";"Rendimiento"
"2021-2022";"..";"Economía";"Mujeres";"Rendimiento"
"2020-2021";"..";"Economía";"Mujeres";"Rendimiento"
"2019-2020";"..";"Economía";"Mujeres";"Rendimiento"
"2018-2019";"..";"Economía";"Mujeres";"Rendimiento"
"2017-2018";"..";"Economía";"Mujeres";"Rendimiento"
"2016-2017";"..";"Economía";"Mujeres";"Rendimiento"
"2015-2016";"..";"Economía";"Mujeres";"Rendimiento"
"2022-2023";"..";"Otras Ciencias sociales y del comportamiento";"Mujeres";"Rendimiento"
"2021-2022";"..";"Otras Ciencias sociales y del comportamiento";"Mujeres";"Rendimiento"
"2020-2021";"..";"Otras Ciencias sociales y del comportamiento";"Mujeres";"Rendimiento"
"2019-2020";"..";"Otras Ciencias sociales y del comportamiento";"Mujeres";"Rendimiento"
"2018-2019";"..";"Otras Ciencias sociales y del comportamiento";"Mujeres";"Rendimiento"
"2017-2018";"..";"Otras Ciencias sociales y del comportamiento";"Mujeres";"Rendimiento"
"2016-2017";"..";"Otras Ciencias sociales y del comportamiento";"Mujeres";"Rendimiento"
"2015-2016";"..";"Otras Ciencias sociales y del comportamiento";"Mujeres";"Rendimiento"
"2022-2023";"..";"Periodismo e información";"Mujeres";"Rendimiento"
"2021-2022";"..";"Periodismo e información";"Mujeres";"Rendimiento"
"2020-2021";"..";"Periodismo e información";"Mujeres";"Rendimiento"
"2019-2020";"..";"Periodismo e información";"Mujeres";"Rendimiento"
"2018-2019";"..";"Periodismo e información";"Mujeres";"Rendimiento"
"2017-2018";"..";"Periodismo e información";"Mujeres";"Rendimiento"
"2016-2017";"..";"Periodismo e información";"Mujeres";"Rendimiento"
"2015-2016";"..";"Periodismo e información";"Mujeres";"Rendimiento"
"2022-2023";"69.18";"Total Negocios, administración y derecho";"Mujeres";"Rendimiento"
"2021-2022";"64.43";"Total Negocios, administración y derecho";"Mujeres";"Rendimiento"
"2020-2021";"69.94";"Total Negocios, administración y derecho";"Mujeres";"Rendimiento"
"2019-2020";"73.4";"Total Negocios, administración y derecho";"Mujeres";"Rendimiento"
"2018-2019";"61.49";"Total Negocios, administración y derecho";"Mujeres";"Rendimiento"
"2017-2018";"60.12";"Total Negocios, administración y derecho";"Mujeres";"Rendimiento"
"2016-2017";"62.13";"Total Negocios, administración y derecho";"Mujeres";"Rendimiento"
"2015-2016";"61.63";"Total Negocios, administración y derecho";"Mujeres";"Rendimiento"
"2022-2023";"60.09";"Administración y gestión de empresas";"Mujeres";"Rendimiento"
"2021-2022";"57.63";"Administración y gestión de empresas";"Mujeres";"Rendimiento"
"2020-2021";"63.21";"Administración y gestión de empresas";"Mujeres";"Rendimiento"
"2019-2020";"66.54";"Administración y gestión de empresas";"Mujeres";"Rendimiento"
"2018-2019";"55.82";"Administración y gestión de empresas";"Mujeres";"Rendimiento"
"2017-2018";"54.51";"Administración y gestión de empresas";"Mujeres";"Rendimiento"
"2016-2017";"53.53";"Administración y gestión de empresas";"Mujeres";"Rendimiento"
"2015-2016";"59.14";"Administración y gestión de empresas";"Mujeres";"Rendimiento"
"2022-2023";"..";"Otra Educación comercial y empresarial";"Mujeres";"Rendimiento"
"2021-2022";"..";"Otra Educación comercial y empresarial";"Mujeres";"Rendimiento"
"2020-2021";"..";"Otra Educación comercial y empresarial";"Mujeres";"Rendimiento"
"2019-2020";"..";"Otra Educación comercial y empresarial";"Mujeres";"Rendimiento"
"2018-2019";"..";"Otra Educación comercial y empresarial";"Mujeres";"Rendimiento"
"2017-2018";"..";"Otra Educación comercial y empresarial";"Mujeres";"Rendimiento"
"2016-2017";"..";"Otra Educación comercial y empresarial";"Mujeres";"Rendimiento"
"2015-2016";"..";"Otra Educación comercial y empresarial";"Mujeres";"Rendimiento"
"2022-2023";"72.62";"Derecho";"Mujeres";"Rendimiento"
"2021-2022";"66.7";"Derecho";"Mujeres";"Rendimiento"
"2020-2021";"72.0";"Derecho";"Mujeres";"Rendimiento"
"2019-2020";"77.04";"Derecho";"Mujeres";"Rendimiento"
"2018-2019";"64.98";"Derecho";"Mujeres";"Rendimiento"
"2017-2018";"63.62";"Derecho";"Mujeres";"Rendimiento"
"2016-2017";"69.5";"Derecho";"Mujeres";"Rendimiento"
"2015-2016";"63.63";"Derecho";"Mujeres";"Rendimiento"
"2022-2023";"57.81";"Total Ciencias";"Mujeres";"Rendimiento"
"2021-2022";"61.77";"Total Ciencias";"Mujeres";"Rendimiento"
"2020-2021";"60.54";"Total Ciencias";"Mujeres";"Rendimiento"
"2019-2020";"..";"Total Ciencias";"Mujeres";"Rendimiento"
"2018-2019";"..";"Total Ciencias";"Mujeres";"Rendimiento"
"2017-2018";"..";"Total Ciencias";"Mujeres";"Rendimiento"
"2016-2017";"..";"Total Ciencias";"Mujeres";"Rendimiento"
"2015-2016";"..";"Total Ciencias";"Mujeres";"Rendimiento"
"2022-2023";"57.81";"Ciencias de la vida";"Mujeres";"Rendimiento"
"2021-2022";"61.77";"Ciencias de la vida";"Mujeres";"Rendimiento"
"2020-2021";"60.54";"Ciencias de la vida";"Mujeres";"Rendimiento"
"2019-2020";"..";"Ciencias de la vida";"Mujeres";"Rendimiento"
"2018-2019";"..";"Ciencias de la vida";"Mujeres";"Rendimiento"
"2017-2018";"..";"Ciencias de la vida";"Mujeres";"Rendimiento"
"2016-2017";"..";"Ciencias de la vida";"Mujeres";"Rendimiento"
"2015-2016";"..";"Ciencias de la vida";"Mujeres";"Rendimiento"
"2022-2023";"..";"Ciencias Físicas, químicas, geológicas";"Mujeres";"Rendimiento"
"2021-2022";"..";"Ciencias Físicas, químicas, geológicas";"Mujeres";"Rendimiento"
"2020-2021";"..";"Ciencias Físicas, químicas, geológicas";"Mujeres";"Rendimiento"
"2019-2020";"..";"Ciencias Físicas, químicas, geológicas";"Mujeres";"Rendimiento"
"2018-2019";"..";"Ciencias Físicas, químicas, geológicas";"Mujeres";"Rendimiento"
"2017-2018";"..";"Ciencias Físicas, químicas, geológicas";"Mujeres";"Rendimiento"
"2016-2017";"..";"Ciencias Físicas, químicas, geológicas";"Mujeres";"Rendimiento"
"2015-2016";"..";"Ciencias Físicas, químicas, geológicas";"Mujeres";"Rendimiento"
"2022-2023";"..";"Matemáticas y Estadística";"Mujeres";"Rendimiento"
"2021-2022";"..";"Matemáticas y Estadística";"Mujeres";"Rendimiento"
"2020-2021";"..";"Matemáticas y Estadística";"Mujeres";"Rendimiento"
"2019-2020";"..";"Matemáticas y Estadística";"Mujeres";"Rendimiento"
"2018-2019";"..";"Matemáticas y Estadística";"Mujeres";"Rendimiento"
"2017-2018";"..";"Matemáticas y Estadística";"Mujeres";"Rendimiento"
"2016-2017";"..";"Matemáticas y Estadística";"Mujeres";"Rendimiento"
"2015-2016";"..";"Matemáticas y Estadística";"Mujeres";"Rendimiento"
"2022-2023";"..";"Total Informática";"Mujeres";"Rendimiento"
"2021-2022";"70.02";"Total Informática";"Mujeres";"Rendimiento"
"2020-2021";"75.99";"Total Informática";"Mujeres";"Rendimiento"
"2019-2020";"77.9";"Total Informática";"Mujeres";"Rendimiento"
"2018-2019";"71.35";"Total Informática";"Mujeres";"Rendimiento"
"2017-2018";"70.33";"Total Informática";"Mujeres";"Rendimiento"
"2016-2017";"75.04";"Total Informática";"Mujeres";"Rendimiento"
"2015-2016";"..";"Total Informática";"Mujeres";"Rendimiento"
"2022-2023";"..";"Informática";"Mujeres";"Rendimiento"
"2021-2022";"70.02";"Informática";"Mujeres";"Rendimiento"
"2020-2021";"75.99";"Informática";"Mujeres";"Rendimiento"
"2019-2020";"77.9";"Informática";"Mujeres";"Rendimiento"
"2018-2019";"71.35";"Informática";"Mujeres";"Rendimiento"
"2017-2018";"70.33";"Informática";"Mujeres";"Rendimiento"
"2016-2017";"75.04";"Informática";"Mujeres";"Rendimiento"
"2015-2016";"..";"Informática";"Mujeres";"Rendimiento"
"2022-2023";"..";"Total Ingeniería, industria y construcción";"Mujeres";"Rendimiento"
"2021-2022";"70.29";"Total Ingeniería, industria y construcción";"Mujeres";"Rendimiento"
"2020-2021";"72.57";"Total Ingeniería, industria y construcción";"Mujeres";"Rendimiento"
"2019-2020";"73.39";"Total Ingeniería, industria y construcción";"Mujeres";"Rendimiento"
"2018-2019";"57.03";"Total Ingeniería, industria y construcción";"Mujeres";"Rendimiento"
"2017-2018";"59.63";"Total Ingeniería, industria y construcción";"Mujeres";"Rendimiento"
"2016-2017";"69.13";"Total Ingeniería, industria y construcción";"Mujeres";"Rendimiento"
"2015-2016";"..";"Total Ingeniería, industria y construcción";"Mujeres";"Rendimiento"
"2022-2023";"..";"Ingenierías";"Mujeres";"Rendimiento"
"2021-2022";"70.29";"Ingenierías";"Mujeres";"Rendimiento"
"2020-2021";"72.57";"Ingenierías";"Mujeres";"Rendimiento"
"2019-2020";"73.39";"Ingenierías";"Mujeres";"Rendimiento"
"2018-2019";"57.03";"Ingenierías";"Mujeres";"Rendimiento"
"2017-2018";"59.63";"Ingenierías";"Mujeres";"Rendimiento"
"2016-2017";"69.13";"Ingenierías";"Mujeres";"Rendimiento"
"2015-2016";"..";"Ingenierías";"Mujeres";"Rendimiento"
"2022-2023";"..";"Arquitectura y construcción";"Mujeres";"Rendimiento"
"2021-2022";"..";"Arquitectura y construcción";"Mujeres";"Rendimiento"
"2020-2021";"..";"Arquitectura y construcción";"Mujeres";"Rendimiento"
"2019-2020";"..";"Arquitectura y construcción";"Mujeres";"Rendimiento"
"2018-2019";"..";"Arquitectura y construcción";"Mujeres";"Rendimiento"
"2017-2018";"..";"Arquitectura y construcción";"Mujeres";"Rendimiento"
"2016-2017";"..";"Arquitectura y construcción";"Mujeres";"Rendimiento"
"2015-2016";"..";"Arquitectura y construcción";"Mujeres";"Rendimiento"
"2022-2023";"59.32";"Total Agricultura, ganadería,  silvicultura, pesca, y veterinaria";"Mujeres";"Rendimiento"
"2021-2022";"59.29";"Total Agricultura, ganadería,  silvicultura, pesca, y veterinaria";"Mujeres";"Rendimiento"
"2020-2021";"57.37";"Total Agricultura, ganadería,  silvicultura, pesca, y veterinaria";"Mujeres";"Rendimiento"
"2019-2020";"68.93";"Total Agricultura, ganadería,  silvicultura, pesca, y veterinaria";"Mujeres";"Rendimiento"
"2018-2019";"55.87";"Total Agricultura, ganadería,  silvicultura, pesca, y veterinaria";"Mujeres";"Rendimiento"
"2017-2018";"58.41";"Total Agricultura, ganadería,  silvicultura, pesca, y veterinaria";"Mujeres";"Rendimiento"
"2016-2017";"53.86";"Total Agricultura, ganadería,  silvicultura, pesca, y veterinaria";"Mujeres";"Rendimiento"
"2015-2016";"53.37";"Total Agricultura, ganadería,  silvicultura, pesca, y veterinaria";"Mujeres";"Rendimiento"
"2022-2023";"59.32";"Agricultura, ganadería y pesca";"Mujeres";"Rendimiento"
"2021-2022";"59.29";"Agricultura, ganadería y pesca";"Mujeres";"Rendimiento"
"2020-2021";"57.37";"Agricultura, ganadería y pesca";"Mujeres";"Rendimiento"
"2019-2020";"68.93";"Agricultura, ganadería y pesca";"Mujeres";"Rendimiento"
"2018-2019";"55.87";"Agricultura, ganadería y pesca";"Mujeres";"Rendimiento"
"2017-2018";"58.41";"Agricultura, ganadería y pesca";"Mujeres";"Rendimiento"
"2016-2017";"53.86";"Agricultura, ganadería y pesca";"Mujeres";"Rendimiento"
"2015-2016";"53.37";"Agricultura, ganadería y pesca";"Mujeres";"Rendimiento"
"2022-2023";"..";"Veterinaria";"Mujeres";"Rendimiento"
"2021-2022";"..";"Veterinaria";"Mujeres";"Rendimiento"
"2020-2021";"..";"Veterinaria";"Mujeres";"Rendimiento"
"2019-2020";"..";"Veterinaria";"Mujeres";"Rendimiento"
"2018-2019";"..";"Veterinaria";"Mujeres";"Rendimiento"
"2017-2018";"..";"Veterinaria";"Mujeres";"Rendimiento"
"2016-2017";"..";"Veterinaria";"Mujeres";"Rendimiento"
"2015-2016";"..";"Veterinaria";"Mujeres";"Rendimiento"
"2022-2023";"88.67";"Total Salud y servicios sociales";"Mujeres";"Rendimiento"
"2021-2022";"87.29";"Total Salud y servicios sociales";"Mujeres";"Rendimiento"
"2020-2021";"90.97";"Total Salud y servicios sociales";"Mujeres";"Rendimiento"
"2019-2020";"94.45";"Total Salud y servicios sociales";"Mujeres";"Rendimiento"
"2018-2019";"86.41";"Total Salud y servicios sociales";"Mujeres";"Rendimiento"
"2017-2018";"83.47";"Total Salud y servicios sociales";"Mujeres";"Rendimiento"
"2016-2017";"84.88";"Total Salud y servicios sociales";"Mujeres";"Rendimiento"
"2015-2016";"87.87";"Total Salud y servicios sociales";"Mujeres";"Rendimiento"
"2022-2023";"..";"Medicina";"Mujeres";"Rendimiento"
"2021-2022";"..";"Medicina";"Mujeres";"Rendimiento"
"2020-2021";"..";"Medicina";"Mujeres";"Rendimiento"
"2019-2020";"..";"Medicina";"Mujeres";"Rendimiento"
"2018-2019";"..";"Medicina";"Mujeres";"Rendimiento"
"2017-2018";"..";"Medicina";"Mujeres";"Rendimiento"
"2016-2017";"..";"Medicina";"Mujeres";"Rendimiento"
"2015-2016";"..";"Medicina";"Mujeres";"Rendimiento"
"2022-2023";"90.87";"Enfermería y atención a enfermos";"Mujeres";"Rendimiento"
"2021-2022";"89.39";"Enfermería y atención a enfermos";"Mujeres";"Rendimiento"
"2020-2021";"91.93";"Enfermería y atención a enfermos";"Mujeres";"Rendimiento"
"2019-2020";"96.77";"Enfermería y atención a enfermos";"Mujeres";"Rendimiento"
"2018-2019";"88.98";"Enfermería y atención a enfermos";"Mujeres";"Rendimiento"
"2017-2018";"86.09";"Enfermería y atención a enfermos";"Mujeres";"Rendimiento"
"2016-2017";"87.53";"Enfermería y atención a enfermos";"Mujeres";"Rendimiento"
"2015-2016";"88.25";"Enfermería y atención a enfermos";"Mujeres";"Rendimiento"
"2022-2023";"83.32";"Otras ciencias de la Salud";"Mujeres";"Rendimiento"
"2021-2022";"83.22";"Otras ciencias de la Salud";"Mujeres";"Rendimiento"
"2020-2021";"89.26";"Otras ciencias de la Salud";"Mujeres";"Rendimiento"
"2019-2020";"89.73";"Otras ciencias de la Salud";"Mujeres";"Rendimiento"
"2018-2019";"80.89";"Otras ciencias de la Salud";"Mujeres";"Rendimiento"
"2017-2018";"77.98";"Otras ciencias de la Salud";"Mujeres";"Rendimiento"
"2016-2017";"78.94";"Otras ciencias de la Salud";"Mujeres";"Rendimiento"
"2015-2016";"87.15";"Otras ciencias de la Salud";"Mujeres";"Rendimiento"
"2022-2023";"..";"Trabajo social y orientación";"Mujeres";"Rendimiento"
"2021-2022";"..";"Trabajo social y orientación";"Mujeres";"Rendimiento"
"2020-2021";"..";"Trabajo social y orientación";"Mujeres";"Rendimiento"
"2019-2020";"..";"Trabajo social y orientación";"Mujeres";"Rendimiento"
"2018-2019";"..";"Trabajo social y orientación";"Mujeres";"Rendimiento"
"2017-2018";"..";"Trabajo social y orientación";"Mujeres";"Rendimiento"
"2016-2017";"..";"Trabajo social y orientación";"Mujeres";"Rendimiento"
"2015-2016";"..";"Trabajo social y orientación";"Mujeres";"Rendimiento"
"2022-2023";"..";"Total Servicios";"Mujeres";"Rendimiento"
"2021-2022";"..";"Total Servicios";"Mujeres";"Rendimiento"
"2020-2021";"..";"Total Servicios";"Mujeres";"Rendimiento"
"2019-2020";"..";"Total Servicios";"Mujeres";"Rendimiento"
"2018-2019";"..";"Total Servicios";"Mujeres";"Rendimiento"
"2017-2018";"..";"Total Servicios";"Mujeres";"Rendimiento"
"2016-2017";"..";"Total Servicios";"Mujeres";"Rendimiento"
"2015-2016";"..";"Total Servicios";"Mujeres";"Rendimiento"
"2022-2023";"..";"Deportes";"Mujeres";"Rendimiento"
"2021-2022";"..";"Deportes";"Mujeres";"Rendimiento"
"2020-2021";"..";"Deportes";"Mujeres";"Rendimiento"
"2019-2020";"..";"Deportes";"Mujeres";"Rendimiento"
"2018-2019";"..";"Deportes";"Mujeres";"Rendimiento"
"2017-2018";"..";"Deportes";"Mujeres";"Rendimiento"
"2016-2017";"..";"Deportes";"Mujeres";"Rendimiento"
"2015-2016";"..";"Deportes";"Mujeres";"Rendimiento"
"2022-2023";"..";"Turismo y Hostelería";"Mujeres";"Rendimiento"
"2021-2022";"..";"Turismo y Hostelería";"Mujeres";"Rendimiento"
"2020-2021";"..";"Turismo y Hostelería";"Mujeres";"Rendimiento"
"2019-2020";"..";"Turismo y Hostelería";"Mujeres";"Rendimiento"
"2018-2019";"..";"Turismo y Hostelería";"Mujeres";"Rendimiento"
"2017-2018";"..";"Turismo y Hostelería";"Mujeres";"Rendimiento"
"2016-2017";"..";"Turismo y Hostelería";"Mujeres";"Rendimiento"
"2015-2016";"..";"Turismo y Hostelería";"Mujeres";"Rendimiento"
"2022-2023";"..";"Otros Servicios";"Mujeres";"Rendimiento"
"2021-2022";"..";"Otros Servicios";"Mujeres";"Rendimiento"
"2020-2021";"..";"Otros Servicios";"Mujeres";"Rendimiento"
"2019-2020";"..";"Otros Servicios";"Mujeres";"Rendimiento"
"2018-2019";"..";"Otros Servicios";"Mujeres";"Rendimiento"
"2017-2018";"..";"Otros Servicios";"Mujeres";"Rendimiento"
"2016-2017";"..";"Otros Servicios";"Mujeres";"Rendimiento"
"2015-2016";"..";"Otros Servicios";"Mujeres";"Rendimiento"
"2022-2023";"???";"Católica Santa Teresa de Jesús de Ávila";"Mujeres";"Exito"
"2021-2022";"???";"Católica Santa Teresa de Jesús de Ávila";"Mujeres";"Exito"
"2020-2021";"???";"Católica Santa Teresa de Jesús de Ávila";"Mujeres";"Exito"
"2019-2020";"???";"Católica Santa Teresa de Jesús de Ávila";"Mujeres";"Exito"
"2018-2019";"???";"Católica Santa Teresa de Jesús de Ávila";"Mujeres";"Exito"
"2017-2018";"???";"Católica Santa Teresa de Jesús de Ávila";"Mujeres";"Exito"
"2016-2017";"???";"Católica Santa Teresa de Jesús de Ávila";"Mujeres";"Exito"
"2015-2016";"???";"Católica Santa Teresa de Jesús de Ávila";"Mujeres";"Exito"
"2022-2023";"92.78";"Todos los ámbitos";"Mujeres";"Exito"
"2021-2022";"92.0";"Todos los ámbitos";"Mujeres";"Exito"
"2020-2021";"94.37";"Todos los ámbitos";"Mujeres";"Exito"
"2019-2020";"96.63";"Todos los ámbitos";"Mujeres";"Exito"
"2018-2019";"89.08";"Todos los ámbitos";"Mujeres";"Exito"
"2017-2018";"88.33";"Todos los ámbitos";"Mujeres";"Exito"
"2016-2017";"88.91";"Todos los ámbitos";"Mujeres";"Exito"
"2015-2016";"88.26";"Todos los ámbitos";"Mujeres";"Exito"
"2022-2023";"96.69";"Total Educación";"Mujeres";"Exito"
"2021-2022";"96.6";"Total Educación";"Mujeres";"Exito"
"2020-2021";"97.1";"Total Educación";"Mujeres";"Exito"
"2019-2020";"98.58";"Total Educación";"Mujeres";"Exito"
"2018-2019";"93.12";"Total Educación";"Mujeres";"Exito"
"2017-2018";"96.46";"Total Educación";"Mujeres";"Exito"
"2016-2017";"96.11";"Total Educación";"Mujeres";"Exito"
"2015-2016";"84.27";"Total Educación";"Mujeres";"Exito"
"2022-2023";"97.24";"Formación de docentes de enseñanza infantil";"Mujeres";"Exito"
"2021-2022";"96.45";"Formación de docentes de enseñanza infantil";"Mujeres";"Exito"
"2020-2021";"96.75";"Formación de docentes de enseñanza infantil";"Mujeres";"Exito"
"2019-2020";"98.2";"Formación de docentes de enseñanza infantil";"Mujeres";"Exito"
"2018-2019";"92.8";"Formación de docentes de enseñanza infantil";"Mujeres";"Exito"
"2017-2018";"97.28";"Formación de docentes de enseñanza infantil";"Mujeres";"Exito"
"2016-2017";"98.35";"Formación de docentes de enseñanza infantil";"Mujeres";"Exito"
"2015-2016";"..";"Formación de docentes de enseñanza infantil";"Mujeres";"Exito"
"2022-2023";"96.23";"Formación de docentes de enseñanza primaria";"Mujeres";"Exito"
"2021-2022";"96.74";"Formación de docentes de enseñanza primaria";"Mujeres";"Exito"
"2020-2021";"97.4";"Formación de docentes de enseñanza primaria";"Mujeres";"Exito"
"2019-2020";"98.81";"Formación de docentes de enseñanza primaria";"Mujeres";"Exito"
"2018-2019";"93.3";"Formación de docentes de enseñanza primaria";"Mujeres";"Exito"
"2017-2018";"96.14";"Formación de docentes de enseñanza primaria";"Mujeres";"Exito"
"2016-2017";"95.45";"Formación de docentes de enseñanza primaria";"Mujeres";"Exito"
"2015-2016";"85.91";"Formación de docentes de enseñanza primaria";"Mujeres";"Exito"
"2022-2023";"..";"Otra Formación de personal docente y ciencias de la educación";"Mujeres";"Exito"
"2021-2022";"..";"Otra Formación de personal docente y ciencias de la educación";"Mujeres";"Exito"
"2020-2021";"..";"Otra Formación de personal docente y ciencias de la educación";"Mujeres";"Exito"
"2019-2020";"..";"Otra Formación de personal docente y ciencias de la educación";"Mujeres";"Exito"
"2018-2019";"..";"Otra Formación de personal docente y ciencias de la educación";"Mujeres";"Exito"
"2017-2018";"..";"Otra Formación de personal docente y ciencias de la educación";"Mujeres";"Exito"
"2016-2017";"..";"Otra Formación de personal docente y ciencias de la educación";"Mujeres";"Exito"
"2015-2016";"..";"Otra Formación de personal docente y ciencias de la educación";"Mujeres";"Exito"
"2022-2023";"..";"Total Artes y humanidades";"Mujeres";"Exito"
"2021-2022";"..";"Total Artes y humanidades";"Mujeres";"Exito"
"2020-2021";"..";"Total Artes y humanidades";"Mujeres";"Exito"
"2019-2020";"..";"Total Artes y humanidades";"Mujeres";"Exito"
"2018-2019";"..";"Total Artes y humanidades";"Mujeres";"Exito"
"2017-2018";"..";"Total Artes y humanidades";"Mujeres";"Exito"
"2016-2017";"..";"Total Artes y humanidades";"Mujeres";"Exito"
"2015-2016";"..";"Total Artes y humanidades";"Mujeres";"Exito"
"2022-2023";"..";"Técnicas audiovisuales y medios de comunicación";"Mujeres";"Exito"
"2021-2022";"..";"Técnicas audiovisuales y medios de comunicación";"Mujeres";"Exito"
"2020-2021";"..";"Técnicas audiovisuales y medios de comunicación";"Mujeres";"Exito"
"2019-2020";"..";"Técnicas audiovisuales y medios de comunicación";"Mujeres";"Exito"
"2018-2019";"..";"Técnicas audiovisuales y medios de comunicación";"Mujeres";"Exito"
"2017-2018";"..";"Técnicas audiovisuales y medios de comunicación";"Mujeres";"Exito"
"2016-2017";"..";"Técnicas audiovisuales y medios de comunicación";"Mujeres";"Exito"
"2015-2016";"..";"Técnicas audiovisuales y medios de comunicación";"Mujeres";"Exito"
"2022-2023";"..";"Artes";"Mujeres";"Exito"
"2021-2022";"..";"Artes";"Mujeres";"Exito"
"2020-2021";"..";"Artes";"Mujeres";"Exito"
"2019-2020";"..";"Artes";"Mujeres";"Exito"
"2018-2019";"..";"Artes";"Mujeres";"Exito"
"2017-2018";"..";"Artes";"Mujeres";"Exito"
"2016-2017";"..";"Artes";"Mujeres";"Exito"
"2015-2016";"..";"Artes";"Mujeres";"Exito"
"2022-2023";"..";"Lenguas";"Mujeres";"Exito"
"2021-2022";"..";"Lenguas";"Mujeres";"Exito"
"2020-2021";"..";"Lenguas";"Mujeres";"Exito"
"2019-2020";"..";"Lenguas";"Mujeres";"Exito"
"2018-2019";"..";"Lenguas";"Mujeres";"Exito"
"2017-2018";"..";"Lenguas";"Mujeres";"Exito"
"2016-2017";"..";"Lenguas";"Mujeres";"Exito"
"2015-2016";"..";"Lenguas";"Mujeres";"Exito"
"2022-2023";"..";"Humanidades";"Mujeres";"Exito"
"2021-2022";"..";"Humanidades";"Mujeres";"Exito"
"2020-2021";"..";"Humanidades";"Mujeres";"Exito"
"2019-2020";"..";"Humanidades";"Mujeres";"Exito"
"2018-2019";"..";"Humanidades";"Mujeres";"Exito"
"2017-2018";"..";"Humanidades";"Mujeres";"Exito"
"2016-2017";"..";"Humanidades";"Mujeres";"Exito"
"2015-2016";"..";"Humanidades";"Mujeres";"Exito"
"2022-2023";"92.07";"Total Ciencias sociales, periodismo y documentación";"Mujeres";"Exito"
"2021-2022";"87.15";"Total Ciencias sociales, periodismo y documentación";"Mujeres";"Exito"
"2020-2021";"86.11";"Total Ciencias sociales, periodismo y documentación";"Mujeres";"Exito"
"2019-2020";"93.46";"Total Ciencias sociales, periodismo y documentación";"Mujeres";"Exito"
"2018-2019";"91.46";"Total Ciencias sociales, periodismo y documentación";"Mujeres";"Exito"
"2017-2018";"87.25";"Total Ciencias sociales, periodismo y documentación";"Mujeres";"Exito"
"2016-2017";"..";"Total Ciencias sociales, periodismo y documentación";"Mujeres";"Exito"
"2015-2016";"..";"Total Ciencias sociales, periodismo y documentación";"Mujeres";"Exito"
"2022-2023";"92.15";"Psicología";"Mujeres";"Exito"
"2021-2022";"86.8";"Psicología";"Mujeres";"Exito"
"2020-2021";"85.84";"Psicología";"Mujeres";"Exito"
"2019-2020";"93.76";"Psicología";"Mujeres";"Exito"
"2018-2019";"92.93";"Psicología";"Mujeres";"Exito"
"2017-2018";"..";"Psicología";"Mujeres";"Exito"
"2016-2017";"..";"Psicología";"Mujeres";"Exito"
"2015-2016";"..";"Psicología";"Mujeres";"Exito"
"2022-2023";"..";"Economía";"Mujeres";"Exito"
"2021-2022";"..";"Economía";"Mujeres";"Exito"
"2020-2021";"..";"Economía";"Mujeres";"Exito"
"2019-2020";"..";"Economía";"Mujeres";"Exito"
"2018-2019";"..";"Economía";"Mujeres";"Exito"
"2017-2018";"..";"Economía";"Mujeres";"Exito"
"2016-2017";"..";"Economía";"Mujeres";"Exito"
"2015-2016";"..";"Economía";"Mujeres";"Exito"
"2022-2023";"..";"Otras Ciencias sociales y del comportamiento";"Mujeres";"Exito"
"2021-2022";"..";"Otras Ciencias sociales y del comportamiento";"Mujeres";"Exito"
"2020-2021";"..";"Otras Ciencias sociales y del comportamiento";"Mujeres";"Exito"
"2019-2020";"..";"Otras Ciencias sociales y del comportamiento";"Mujeres";"Exito"
"2018-2019";"..";"Otras Ciencias sociales y del comportamiento";"Mujeres";"Exito"
"2017-2018";"..";"Otras Ciencias sociales y del comportamiento";"Mujeres";"Exito"
"2016-2017";"..";"Otras Ciencias sociales y del comportamiento";"Mujeres";"Exito"
"2015-2016";"..";"Otras Ciencias sociales y del comportamiento";"Mujeres";"Exito"
"2022-2023";"..";"Periodismo e información";"Mujeres";"Exito"
"2021-2022";"..";"Periodismo e información";"Mujeres";"Exito"
"2020-2021";"..";"Periodismo e información";"Mujeres";"Exito"
"2019-2020";"..";"Periodismo e información";"Mujeres";"Exito"
"2018-2019";"..";"Periodismo e información";"Mujeres";"Exito"
"2017-2018";"..";"Periodismo e información";"Mujeres";"Exito"
"2016-2017";"..";"Periodismo e información";"Mujeres";"Exito"
"2015-2016";"..";"Periodismo e información";"Mujeres";"Exito"
"2022-2023";"85.47";"Total Negocios, administración y derecho";"Mujeres";"Exito"
"2021-2022";"85.12";"Total Negocios, administración y derecho";"Mujeres";"Exito"
"2020-2021";"87.91";"Total Negocios, administración y derecho";"Mujeres";"Exito"
"2019-2020";"92.97";"Total Negocios, administración y derecho";"Mujeres";"Exito"
"2018-2019";"84.9";"Total Negocios, administración y derecho";"Mujeres";"Exito"
"2017-2018";"84.27";"Total Negocios, administración y derecho";"Mujeres";"Exito"
"2016-2017";"85.46";"Total Negocios, administración y derecho";"Mujeres";"Exito"
"2015-2016";"84.38";"Total Negocios, administración y derecho";"Mujeres";"Exito"
"2022-2023";"84.3";"Administración y gestión de empresas";"Mujeres";"Exito"
"2021-2022";"84.24";"Administración y gestión de empresas";"Mujeres";"Exito"
"2020-2021";"85.12";"Administración y gestión de empresas";"Mujeres";"Exito"
"2019-2020";"90.9";"Administración y gestión de empresas";"Mujeres";"Exito"
"2018-2019";"81.5";"Administración y gestión de empresas";"Mujeres";"Exito"
"2017-2018";"79.61";"Administración y gestión de empresas";"Mujeres";"Exito"
"2016-2017";"80.06";"Administración y gestión de empresas";"Mujeres";"Exito"
"2015-2016";"81.25";"Administración y gestión de empresas";"Mujeres";"Exito"
"2022-2023";"..";"Otra Educación comercial y empresarial";"Mujeres";"Exito"
"2021-2022";"..";"Otra Educación comercial y empresarial";"Mujeres";"Exito"
"2020-2021";"..";"Otra Educación comercial y empresarial";"Mujeres";"Exito"
"2019-2020";"..";"Otra Educación comercial y empresarial";"Mujeres";"Exito"
"2018-2019";"..";"Otra Educación comercial y empresarial";"Mujeres";"Exito"
"2017-2018";"..";"Otra Educación comercial y empresarial";"Mujeres";"Exito"
"2016-2017";"..";"Otra Educación comercial y empresarial";"Mujeres";"Exito"
"2015-2016";"..";"Otra Educación comercial y empresarial";"Mujeres";"Exito"
"2022-2023";"85.84";"Derecho";"Mujeres";"Exito"
"2021-2022";"85.38";"Derecho";"Mujeres";"Exito"
"2020-2021";"88.69";"Derecho";"Mujeres";"Exito"
"2019-2020";"93.95";"Derecho";"Mujeres";"Exito"
"2018-2019";"86.8";"Derecho";"Mujeres";"Exito"
"2017-2018";"86.99";"Derecho";"Mujeres";"Exito"
"2016-2017";"89.44";"Derecho";"Mujeres";"Exito"
"2015-2016";"86.89";"Derecho";"Mujeres";"Exito"
"2022-2023";"81.89";"Total Ciencias";"Mujeres";"Exito"
"2021-2022";"79.7";"Total Ciencias";"Mujeres";"Exito"
"2020-2021";"78.9";"Total Ciencias";"Mujeres";"Exito"
"2019-2020";"..";"Total Ciencias";"Mujeres";"Exito"
"2018-2019";"..";"Total Ciencias";"Mujeres";"Exito"
"2017-2018";"..";"Total Ciencias";"Mujeres";"Exito"
"2016-2017";"..";"Total Ciencias";"Mujeres";"Exito"
"2015-2016";"..";"Total Ciencias";"Mujeres";"Exito"
"2022-2023";"81.89";"Ciencias de la vida";"Mujeres";"Exito"
"2021-2022";"79.7";"Ciencias de la vida";"Mujeres";"Exito"
"2020-2021";"78.9";"Ciencias de la vida";"Mujeres";"Exito"
"2019-2020";"..";"Ciencias de la vida";"Mujeres";"Exito"
"2018-2019";"..";"Ciencias de la vida";"Mujeres";"Exito"
"2017-2018";"..";"Ciencias de la vida";"Mujeres";"Exito"
"2016-2017";"..";"Ciencias de la vida";"Mujeres";"Exito"
"2015-2016";"..";"Ciencias de la vida";"Mujeres";"Exito"
"2022-2023";"..";"Ciencias Físicas, químicas, geológicas";"Mujeres";"Exito"
"2021-2022";"..";"Ciencias Físicas, químicas, geológicas";"Mujeres";"Exito"
"2020-2021";"..";"Ciencias Físicas, químicas, geológicas";"Mujeres";"Exito"
"2019-2020";"..";"Ciencias Físicas, químicas, geológicas";"Mujeres";"Exito"
"2018-2019";"..";"Ciencias Físicas, químicas, geológicas";"Mujeres";"Exito"
"2017-2018";"..";"Ciencias Físicas, químicas, geológicas";"Mujeres";"Exito"
"2016-2017";"..";"Ciencias Físicas, químicas, geológicas";"Mujeres";"Exito"
"2015-2016";"..";"Ciencias Físicas, químicas, geológicas";"Mujeres";"Exito"
"2022-2023";"..";"Matemáticas y Estadística";"Mujeres";"Exito"
"2021-2022";"..";"Matemáticas y Estadística";"Mujeres";"Exito"
"2020-2021";"..";"Matemáticas y Estadística";"Mujeres";"Exito"
"2019-2020";"..";"Matemáticas y Estadística";"Mujeres";"Exito"
"2018-2019";"..";"Matemáticas y Estadística";"Mujeres";"Exito"
"2017-2018";"..";"Matemáticas y Estadística";"Mujeres";"Exito"
"2016-2017";"..";"Matemáticas y Estadística";"Mujeres";"Exito"
"2015-2016";"..";"Matemáticas y Estadística";"Mujeres";"Exito"
"2022-2023";"..";"Total Informática";"Mujeres";"Exito"
"2021-2022";"84.68";"Total Informática";"Mujeres";"Exito"
"2020-2021";"87.82";"Total Informática";"Mujeres";"Exito"
"2019-2020";"95.07";"Total Informática";"Mujeres";"Exito"
"2018-2019";"92.57";"Total Informática";"Mujeres";"Exito"
"2017-2018";"89.68";"Total Informática";"Mujeres";"Exito"
"2016-2017";"94.75";"Total Informática";"Mujeres";"Exito"
"2015-2016";"..";"Total Informática";"Mujeres";"Exito"
"2022-2023";"..";"Informática";"Mujeres";"Exito"
"2021-2022";"84.68";"Informática";"Mujeres";"Exito"
"2020-2021";"87.82";"Informática";"Mujeres";"Exito"
"2019-2020";"95.07";"Informática";"Mujeres";"Exito"
"2018-2019";"92.57";"Informática";"Mujeres";"Exito"
"2017-2018";"89.68";"Informática";"Mujeres";"Exito"
"2016-2017";"94.75";"Informática";"Mujeres";"Exito"
"2015-2016";"..";"Informática";"Mujeres";"Exito"
"2022-2023";"..";"Total Ingeniería, industria y construcción";"Mujeres";"Exito"
"2021-2022";"92.01";"Total Ingeniería, industria y construcción";"Mujeres";"Exito"
"2020-2021";"96.46";"Total Ingeniería, industria y construcción";"Mujeres";"Exito"
"2019-2020";"96.08";"Total Ingeniería, industria y construcción";"Mujeres";"Exito"
"2018-2019";"75.09";"Total Ingeniería, industria y construcción";"Mujeres";"Exito"
"2017-2018";"84.24";"Total Ingeniería, industria y construcción";"Mujeres";"Exito"
"2016-2017";"91.07";"Total Ingeniería, industria y construcción";"Mujeres";"Exito"
"2015-2016";"..";"Total Ingeniería, industria y construcción";"Mujeres";"Exito"
"2022-2023";"..";"Ingenierías";"Mujeres";"Exito"
"2021-2022";"92.01";"Ingenierías";"Mujeres";"Exito"
"2020-2021";"96.46";"Ingenierías";"Mujeres";"Exito"
"2019-2020";"96.08";"Ingenierías";"Mujeres";"Exito"
"2018-2019";"75.09";"Ingenierías";"Mujeres";"Exito"
"2017-2018";"84.24";"Ingenierías";"Mujeres";"Exito"
"2016-2017";"91.07";"Ingenierías";"Mujeres";"Exito"
"2015-2016";"..";"Ingenierías";"Mujeres";"Exito"
"2022-2023";"..";"Arquitectura y construcción";"Mujeres";"Exito"
"2021-2022";"..";"Arquitectura y construcción";"Mujeres";"Exito"
"2020-2021";"..";"Arquitectura y construcción";"Mujeres";"Exito"
"2019-2020";"..";"Arquitectura y construcción";"Mujeres";"Exito"
"2018-2019";"..";"Arquitectura y construcción";"Mujeres";"Exito"
"2017-2018";"..";"Arquitectura y construcción";"Mujeres";"Exito"
"2016-2017";"..";"Arquitectura y construcción";"Mujeres";"Exito"
"2015-2016";"..";"Arquitectura y construcción";"Mujeres";"Exito"
"2022-2023";"81.03";"Total Agricultura, ganadería,  silvicultura, pesca, y veterinaria";"Mujeres";"Exito"
"2021-2022";"83.19";"Total Agricultura, ganadería,  silvicultura, pesca, y veterinaria";"Mujeres";"Exito"
"2020-2021";"81.37";"Total Agricultura, ganadería,  silvicultura, pesca, y veterinaria";"Mujeres";"Exito"
"2019-2020";"85.48";"Total Agricultura, ganadería,  silvicultura, pesca, y veterinaria";"Mujeres";"Exito"
"2018-2019";"81.41";"Total Agricultura, ganadería,  silvicultura, pesca, y veterinaria";"Mujeres";"Exito"
"2017-2018";"81.84";"Total Agricultura, ganadería,  silvicultura, pesca, y veterinaria";"Mujeres";"Exito"
"2016-2017";"85.27";"Total Agricultura, ganadería,  silvicultura, pesca, y veterinaria";"Mujeres";"Exito"
"2015-2016";"83.09";"Total Agricultura, ganadería,  silvicultura, pesca, y veterinaria";"Mujeres";"Exito"
"2022-2023";"81.03";"Agricultura, ganadería y pesca";"Mujeres";"Exito"
"2021-2022";"83.19";"Agricultura, ganadería y pesca";"Mujeres";"Exito"
"2020-2021";"81.37";"Agricultura, ganadería y pesca";"Mujeres";"Exito"
"2019-2020";"85.48";"Agricultura, ganadería y pesca";"Mujeres";"Exito"
"2018-2019";"81.41";"Agricultura, ganadería y pesca";"Mujeres";"Exito"
"2017-2018";"81.84";"Agricultura, ganadería y pesca";"Mujeres";"Exito"
"2016-2017";"85.27";"Agricultura, ganadería y pesca";"Mujeres";"Exito"
"2015-2016";"83.09";"Agricultura, ganadería y pesca";"Mujeres";"Exito"
"2022-2023";"..";"Veterinaria";"Mujeres";"Exito"
"2021-2022";"..";"Veterinaria";"Mujeres";"Exito"
"2020-2021";"..";"Veterinaria";"Mujeres";"Exito"
"2019-2020";"..";"Veterinaria";"Mujeres";"Exito"
"2018-2019";"..";"Veterinaria";"Mujeres";"Exito"
"2017-2018";"..";"Veterinaria";"Mujeres";"Exito"
"2016-2017";"..";"Veterinaria";"Mujeres";"Exito"
"2015-2016";"..";"Veterinaria";"Mujeres";"Exito"
"2022-2023";"90.91";"Total Salud y servicios sociales";"Mujeres";"Exito"
"2021-2022";"89.86";"Total Salud y servicios sociales";"Mujeres";"Exito"
"2020-2021";"93.37";"Total Salud y servicios sociales";"Mujeres";"Exito"
"2019-2020";"96.44";"Total Salud y servicios sociales";"Mujeres";"Exito"
"2018-2019";"88.61";"Total Salud y servicios sociales";"Mujeres";"Exito"
"2017-2018";"85.55";"Total Salud y servicios sociales";"Mujeres";"Exito"
"2016-2017";"86.69";"Total Salud y servicios sociales";"Mujeres";"Exito"
"2015-2016";"90.26";"Total Salud y servicios sociales";"Mujeres";"Exito"
"2022-2023";"..";"Medicina";"Mujeres";"Exito"
"2021-2022";"..";"Medicina";"Mujeres";"Exito"
"2020-2021";"..";"Medicina";"Mujeres";"Exito"
"2019-2020";"..";"Medicina";"Mujeres";"Exito"
"2018-2019";"..";"Medicina";"Mujeres";"Exito"
"2017-2018";"..";"Medicina";"Mujeres";"Exito"
"2016-2017";"..";"Medicina";"Mujeres";"Exito"
"2015-2016";"..";"Medicina";"Mujeres";"Exito"
"2022-2023";"92.21";"Enfermería y atención a enfermos";"Mujeres";"Exito"
"2021-2022";"90.99";"Enfermería y atención a enfermos";"Mujeres";"Exito"
"2020-2021";"93.08";"Enfermería y atención a enfermos";"Mujeres";"Exito"
"2019-2020";"97.06";"Enfermería y atención a enfermos";"Mujeres";"Exito"
"2018-2019";"89.6";"Enfermería y atención a enfermos";"Mujeres";"Exito"
"2017-2018";"87.07";"Enfermería y atención a enfermos";"Mujeres";"Exito"
"2016-2017";"89.14";"Enfermería y atención a enfermos";"Mujeres";"Exito"
"2015-2016";"90.83";"Enfermería y atención a enfermos";"Mujeres";"Exito"
"2022-2023";"87.62";"Otras ciencias de la Salud";"Mujeres";"Exito"
"2021-2022";"87.6";"Otras ciencias de la Salud";"Mujeres";"Exito"
"2020-2021";"93.91";"Otras ciencias de la Salud";"Mujeres";"Exito"
"2019-2020";"95.11";"Otras ciencias de la Salud";"Mujeres";"Exito"
"2018-2019";"86.34";"Otras ciencias de la Salud";"Mujeres";"Exito"
"2017-2018";"82.24";"Otras ciencias de la Salud";"Mujeres";"Exito"
"2016-2017";"81.15";"Otras ciencias de la Salud";"Mujeres";"Exito"
"2015-2016";"89.21";"Otras ciencias de la Salud";"Mujeres";"Exito"
"2022-2023";"..";"Trabajo social y orientación";"Mujeres";"Exito"
"2021-2022";"..";"Trabajo social y orientación";"Mujeres";"Exito"
"2020-2021";"..";"Trabajo social y orientación";"Mujeres";"Exito"
"2019-2020";"..";"Trabajo social y orientación";"Mujeres";"Exito"
"2018-2019";"..";"Trabajo social y orientación";"Mujeres";"Exito"
"2017-2018";"..";"Trabajo social y orientación";"Mujeres";"Exito"
"2016-2017";"..";"Trabajo social y orientación";"Mujeres";"Exito"
"2015-2016";"..";"Trabajo social y orientación";"Mujeres";"Exito"
"2022-2023";"..";"Total Servicios";"Mujeres";"Exito"
"2021-2022";"..";"Total Servicios";"Mujeres";"Exito"
"2020-2021";"..";"Total Servicios";"Mujeres";"Exito"
"2019-2020";"..";"Total Servicios";"Mujeres";"Exito"
"2018-2019";"..";"Total Servicios";"Mujeres";"Exito"
"2017-2018";"..";"Total Servicios";"Mujeres";"Exito"
"2016-2017";"..";"Total Servicios";"Mujeres";"Exito"
"2015-2016";"..";"Total Servicios";"Mujeres";"Exito"
"2022-2023";"..";"Deportes";"Mujeres";"Exito"
"2021-2022";"..";"Deportes";"Mujeres";"Exito"
"2020-2021";"..";"Deportes";"Mujeres";"Exito"
"2019-2020";"..";"Deportes";"Mujeres";"Exito"
"2018-2019";"..";"Deportes";"Mujeres";"Exito"
"2017-2018";"..";"Deportes";"Mujeres";"Exito"
"2016-2017";"..";"Deportes";"Mujeres";"Exito"
"2015-2016";"..";"Deportes";"Mujeres";"Exito"
"2022-2023";"..";"Turismo y Hostelería";"Mujeres";"Exito"
"2021-2022";"..";"Turismo y Hostelería";"Mujeres";"Exito"
"2020-2021";"..";"Turismo y Hostelería";"Mujeres";"Exito"
"2019-2020";"..";"Turismo y Hostelería";"Mujeres";"Exito"
"2018-2019";"..";"Turismo y Hostelería";"Mujeres";"Exito"
"2017-2018";"..";"Turismo y Hostelería";"Mujeres";"Exito"
"2016-2017";"..";"Turismo y Hostelería";"Mujeres";"Exito"
"2015-2016";"..";"Turismo y Hostelería";"Mujeres";"Exito"
"2022-2023";"..";"Otros Servicios";"Mujeres";"Exito"
"2021-2022";"..";"Otros Servicios";"Mujeres";"Exito"
"2020-2021";"..";"Otros Servicios";"Mujeres";"Exito"
"2019-2020";"..";"Otros Servicios";"Mujeres";"Exito"
"2018-2019";"..";"Otros Servicios";"Mujeres";"Exito"
"2017-2018";"..";"Otros Servicios";"Mujeres";"Exito"
"2016-2017";"..";"Otros Servicios";"Mujeres";"Exito"
"2015-2016";"..";"Otros Servicios";"Mujeres";"Exito"
"2022-2023";"???";"Católica Santa Teresa de Jesús de Ávila";"Mujeres";"Evaluacion"
"2021-2022";"???";"Católica Santa Teresa de Jesús de Ávila";"Mujeres";"Evaluacion"
"2020-2021";"???";"Católica Santa Teresa de Jesús de Ávila";"Mujeres";"Evaluacion"
"2019-2020";"???";"Católica Santa Teresa de Jesús de Ávila";"Mujeres";"Evaluacion"
"2018-2019";"???";"Católica Santa Teresa de Jesús de Ávila";"Mujeres";"Evaluacion"
"2017-2018";"???";"Católica Santa Teresa de Jesús de Ávila";"Mujeres";"Evaluacion"
"2016-2017";"???";"Católica Santa Teresa de Jesús de Ávila";"Mujeres";"Evaluacion"
"2015-2016";"???";"Católica Santa Teresa de Jesús de Ávila";"Mujeres";"Evaluacion"
"2022-2023";"92.41";"Todos los ámbitos";"Mujeres";"Evaluacion"
"2021-2022";"91.72";"Todos los ámbitos";"Mujeres";"Evaluacion"
"2020-2021";"92.8";"Todos los ámbitos";"Mujeres";"Evaluacion"
"2019-2020";"92.87";"Todos los ámbitos";"Mujeres";"Evaluacion"
"2018-2019";"86.49";"Todos los ámbitos";"Mujeres";"Evaluacion"
"2017-2018";"88.36";"Todos los ámbitos";"Mujeres";"Evaluacion"
"2016-2017";"87.27";"Todos los ámbitos";"Mujeres";"Evaluacion"
"2015-2016";"85.03";"Todos los ámbitos";"Mujeres";"Evaluacion"
"2022-2023";"92.8";"Total Educación";"Mujeres";"Evaluacion"
"2021-2022";"93.75";"Total Educación";"Mujeres";"Evaluacion"
"2020-2021";"94.54";"Total Educación";"Mujeres";"Evaluacion"
"2019-2020";"93.92";"Total Educación";"Mujeres";"Evaluacion"
"2018-2019";"82.94";"Total Educación";"Mujeres";"Evaluacion"
"2017-2018";"94.33";"Total Educación";"Mujeres";"Evaluacion"
"2016-2017";"94.77";"Total Educación";"Mujeres";"Evaluacion"
"2015-2016";"98.3";"Total Educación";"Mujeres";"Evaluacion"
"2022-2023";"93.73";"Formación de docentes de enseñanza infantil";"Mujeres";"Evaluacion"
"2021-2022";"94.42";"Formación de docentes de enseñanza infantil";"Mujeres";"Evaluacion"
"2020-2021";"95.05";"Formación de docentes de enseñanza infantil";"Mujeres";"Evaluacion"
"2019-2020";"93.44";"Formación de docentes de enseñanza infantil";"Mujeres";"Evaluacion"
"2018-2019";"84.49";"Formación de docentes de enseñanza infantil";"Mujeres";"Evaluacion"
"2017-2018";"95.27";"Formación de docentes de enseñanza infantil";"Mujeres";"Evaluacion"
"2016-2017";"95.28";"Formación de docentes de enseñanza infantil";"Mujeres";"Evaluacion"
"2015-2016";"..";"Formación de docentes de enseñanza infantil";"Mujeres";"Evaluacion"
"2022-2023";"92.04";"Formación de docentes de enseñanza primaria";"Mujeres";"Evaluacion"
"2021-2022";"93.15";"Formación de docentes de enseñanza primaria";"Mujeres";"Evaluacion"
"2020-2021";"94.11";"Formación de docentes de enseñanza primaria";"Mujeres";"Evaluacion"
"2019-2020";"94.22";"Formación de docentes de enseñanza primaria";"Mujeres";"Evaluacion"
"2018-2019";"82.13";"Formación de docentes de enseñanza primaria";"Mujeres";"Evaluacion"
"2017-2018";"93.97";"Formación de docentes de enseñanza primaria";"Mujeres";"Evaluacion"
"2016-2017";"94.63";"Formación de docentes de enseñanza primaria";"Mujeres";"Evaluacion"
"2015-2016";"98.21";"Formación de docentes de enseñanza primaria";"Mujeres";"Evaluacion"
"2022-2023";"..";"Otra Formación de personal docente y ciencias de la educación";"Mujeres";"Evaluacion"
"2021-2022";"..";"Otra Formación de personal docente y ciencias de la educación";"Mujeres";"Evaluacion"
"2020-2021";"..";"Otra Formación de personal docente y ciencias de la educación";"Mujeres";"Evaluacion"
"2019-2020";"..";"Otra Formación de personal docente y ciencias de la educación";"Mujeres";"Evaluacion"
"2018-2019";"..";"Otra Formación de personal docente y ciencias de la educación";"Mujeres";"Evaluacion"
"2017-2018";"..";"Otra Formación de personal docente y ciencias de la educación";"Mujeres";"Evaluacion"
"2016-2017";"..";"Otra Formación de personal docente y ciencias de la educación";"Mujeres";"Evaluacion"
"2015-2016";"..";"Otra Formación de personal docente y ciencias de la educación";"Mujeres";"Evaluacion"
"2022-2023";"..";"Total Artes y humanidades";"Mujeres";"Evaluacion"
"2021-2022";"..";"Total Artes y humanidades";"Mujeres";"Evaluacion"
"2020-2021";"..";"Total Artes y humanidades";"Mujeres";"Evaluacion"
"2019-2020";"..";"Total Artes y humanidades";"Mujeres";"Evaluacion"
"2018-2019";"..";"Total Artes y humanidades";"Mujeres";"Evaluacion"
"2017-2018";"..";"Total Artes y humanidades";"Mujeres";"Evaluacion"
"2016-2017";"..";"Total Artes y humanidades";"Mujeres";"Evaluacion"
"2015-2016";"..";"Total Artes y humanidades";"Mujeres";"Evaluacion"
"2022-2023";"..";"Técnicas audiovisuales y medios de comunicación";"Mujeres";"Evaluacion"
"2021-2022";"..";"Técnicas audiovisuales y medios de comunicación";"Mujeres";"Evaluacion"
"2020-2021";"..";"Técnicas audiovisuales y medios de comunicación";"Mujeres";"Evaluacion"
"2019-2020";"..";"Técnicas audiovisuales y medios de comunicación";"Mujeres";"Evaluacion"
"2018-2019";"..";"Técnicas audiovisuales y medios de comunicación";"Mujeres";"Evaluacion"
"2017-2018";"..";"Técnicas audiovisuales y medios de comunicación";"Mujeres";"Evaluacion"
"2016-2017";"..";"Técnicas audiovisuales y medios de comunicación";"Mujeres";"Evaluacion"
"2015-2016";"..";"Técnicas audiovisuales y medios de comunicación";"Mujeres";"Evaluacion"
"2022-2023";"..";"Artes";"Mujeres";"Evaluacion"
"2021-2022";"..";"Artes";"Mujeres";"Evaluacion"
"2020-2021";"..";"Artes";"Mujeres";"Evaluacion"
"2019-2020";"..";"Artes";"Mujeres";"Evaluacion"
"2018-2019";"..";"Artes";"Mujeres";"Evaluacion"
"2017-2018";"..";"Artes";"Mujeres";"Evaluacion"
"2016-2017";"..";"Artes";"Mujeres";"Evaluacion"
"2015-2016";"..";"Artes";"Mujeres";"Evaluacion"
"2022-2023";"..";"Lenguas";"Mujeres";"Evaluacion"
"2021-2022";"..";"Lenguas";"Mujeres";"Evaluacion"
"2020-2021";"..";"Lenguas";"Mujeres";"Evaluacion"
"2019-2020";"..";"Lenguas";"Mujeres";"Evaluacion"
"2018-2019";"..";"Lenguas";"Mujeres";"Evaluacion"
"2017-2018";"..";"Lenguas";"Mujeres";"Evaluacion"
"2016-2017";"..";"Lenguas";"Mujeres";"Evaluacion"
"2015-2016";"..";"Lenguas";"Mujeres";"Evaluacion"
"2022-2023";"..";"Humanidades";"Mujeres";"Evaluacion"
"2021-2022";"..";"Humanidades";"Mujeres";"Evaluacion"
"2020-2021";"..";"Humanidades";"Mujeres";"Evaluacion"
"2019-2020";"..";"Humanidades";"Mujeres";"Evaluacion"
"2018-2019";"..";"Humanidades";"Mujeres";"Evaluacion"
"2017-2018";"..";"Humanidades";"Mujeres";"Evaluacion"
"2016-2017";"..";"Humanidades";"Mujeres";"Evaluacion"
"2015-2016";"..";"Humanidades";"Mujeres";"Evaluacion"
"2022-2023";"91.61";"Total Ciencias sociales, periodismo y documentación";"Mujeres";"Evaluacion"
"2021-2022";"90.76";"Total Ciencias sociales, periodismo y documentación";"Mujeres";"Evaluacion"
"2020-2021";"87.77";"Total Ciencias sociales, periodismo y documentación";"Mujeres";"Evaluacion"
"2019-2020";"93.46";"Total Ciencias sociales, periodismo y documentación";"Mujeres";"Evaluacion"
"2018-2019";"80.16";"Total Ciencias sociales, periodismo y documentación";"Mujeres";"Evaluacion"
"2017-2018";"88.49";"Total Ciencias sociales, periodismo y documentación";"Mujeres";"Evaluacion"
"2016-2017";"..";"Total Ciencias sociales, periodismo y documentación";"Mujeres";"Evaluacion"
"2015-2016";"..";"Total Ciencias sociales, periodismo y documentación";"Mujeres";"Evaluacion"
"2022-2023";"93.84";"Psicología";"Mujeres";"Evaluacion"
"2021-2022";"92.99";"Psicología";"Mujeres";"Evaluacion"
"2020-2021";"90.4";"Psicología";"Mujeres";"Evaluacion"
"2019-2020";"93.27";"Psicología";"Mujeres";"Evaluacion"
"2018-2019";"82.66";"Psicología";"Mujeres";"Evaluacion"
"2017-2018";"..";"Psicología";"Mujeres";"Evaluacion"
"2016-2017";"..";"Psicología";"Mujeres";"Evaluacion"
"2015-2016";"..";"Psicología";"Mujeres";"Evaluacion"
"2022-2023";"..";"Economía";"Mujeres";"Evaluacion"
"2021-2022";"..";"Economía";"Mujeres";"Evaluacion"
"2020-2021";"..";"Economía";"Mujeres";"Evaluacion"
"2019-2020";"..";"Economía";"Mujeres";"Evaluacion"
"2018-2019";"..";"Economía";"Mujeres";"Evaluacion"
"2017-2018";"..";"Economía";"Mujeres";"Evaluacion"
"2016-2017";"..";"Economía";"Mujeres";"Evaluacion"
"2015-2016";"..";"Economía";"Mujeres";"Evaluacion"
"2022-2023";"..";"Otras Ciencias sociales y del comportamiento";"Mujeres";"Evaluacion"
"2021-2022";"..";"Otras Ciencias sociales y del comportamiento";"Mujeres";"Evaluacion"
"2020-2021";"..";"Otras Ciencias sociales y del comportamiento";"Mujeres";"Evaluacion"
"2019-2020";"..";"Otras Ciencias sociales y del comportamiento";"Mujeres";"Evaluacion"
"2018-2019";"..";"Otras Ciencias sociales y del comportamiento";"Mujeres";"Evaluacion"
"2017-2018";"..";"Otras Ciencias sociales y del comportamiento";"Mujeres";"Evaluacion"
"2016-2017";"..";"Otras Ciencias sociales y del comportamiento";"Mujeres";"Evaluacion"
"2015-2016";"..";"Otras Ciencias sociales y del comportamiento";"Mujeres";"Evaluacion"
"2022-2023";"..";"Periodismo e información";"Mujeres";"Evaluacion"
"2021-2022";"..";"Periodismo e información";"Mujeres";"Evaluacion"
"2020-2021";"..";"Periodismo e información";"Mujeres";"Evaluacion"
"2019-2020";"..";"Periodismo e información";"Mujeres";"Evaluacion"
"2018-2019";"..";"Periodismo e información";"Mujeres";"Evaluacion"
"2017-2018";"..";"Periodismo e información";"Mujeres";"Evaluacion"
"2016-2017";"..";"Periodismo e información";"Mujeres";"Evaluacion"
"2015-2016";"..";"Periodismo e información";"Mujeres";"Evaluacion"
"2022-2023";"80.94";"Total Negocios, administración y derecho";"Mujeres";"Evaluacion"
"2021-2022";"75.69";"Total Negocios, administración y derecho";"Mujeres";"Evaluacion"
"2020-2021";"79.55";"Total Negocios, administración y derecho";"Mujeres";"Evaluacion"
"2019-2020";"78.95";"Total Negocios, administración y derecho";"Mujeres";"Evaluacion"
"2018-2019";"72.43";"Total Negocios, administración y derecho";"Mujeres";"Evaluacion"
"2017-2018";"71.34";"Total Negocios, administración y derecho";"Mujeres";"Evaluacion"
"2016-2017";"72.7";"Total Negocios, administración y derecho";"Mujeres";"Evaluacion"
"2015-2016";"73.04";"Total Negocios, administración y derecho";"Mujeres";"Evaluacion"
"2022-2023";"71.29";"Administración y gestión de empresas";"Mujeres";"Evaluacion"
"2021-2022";"68.41";"Administración y gestión de empresas";"Mujeres";"Evaluacion"
"2020-2021";"74.26";"Administración y gestión de empresas";"Mujeres";"Evaluacion"
"2019-2020";"73.19";"Administración y gestión de empresas";"Mujeres";"Evaluacion"
"2018-2019";"68.49";"Administración y gestión de empresas";"Mujeres";"Evaluacion"
"2017-2018";"68.47";"Administración y gestión de empresas";"Mujeres";"Evaluacion"
"2016-2017";"66.86";"Administración y gestión de empresas";"Mujeres";"Evaluacion"
"2015-2016";"72.79";"Administración y gestión de empresas";"Mujeres";"Evaluacion"
"2022-2023";"..";"Otra Educación comercial y empresarial";"Mujeres";"Evaluacion"
"2021-2022";"..";"Otra Educación comercial y empresarial";"Mujeres";"Evaluacion"
"2020-2021";"..";"Otra Educación comercial y empresarial";"Mujeres";"Evaluacion"
"2019-2020";"..";"Otra Educación comercial y empresarial";"Mujeres";"Evaluacion"
"2018-2019";"..";"Otra Educación comercial y empresarial";"Mujeres";"Evaluacion"
"2017-2018";"..";"Otra Educación comercial y empresarial";"Mujeres";"Evaluacion"
"2016-2017";"..";"Otra Educación comercial y empresarial";"Mujeres";"Evaluacion"
"2015-2016";"..";"Otra Educación comercial y empresarial";"Mujeres";"Evaluacion"
"2022-2023";"84.6";"Derecho";"Mujeres";"Evaluacion"
"2021-2022";"78.12";"Derecho";"Mujeres";"Evaluacion"
"2020-2021";"81.18";"Derecho";"Mujeres";"Evaluacion"
"2019-2020";"82.01";"Derecho";"Mujeres";"Evaluacion"
"2018-2019";"74.86";"Derecho";"Mujeres";"Evaluacion"
"2017-2018";"73.13";"Derecho";"Mujeres";"Evaluacion"
"2016-2017";"77.7";"Derecho";"Mujeres";"Evaluacion"
"2015-2016";"73.23";"Derecho";"Mujeres";"Evaluacion"
"2022-2023";"70.59";"Total Ciencias";"Mujeres";"Evaluacion"
"2021-2022";"77.51";"Total Ciencias";"Mujeres";"Evaluacion"
"2020-2021";"76.74";"Total Ciencias";"Mujeres";"Evaluacion"
"2019-2020";"..";"Total Ciencias";"Mujeres";"Evaluacion"
"2018-2019";"..";"Total Ciencias";"Mujeres";"Evaluacion"
"2017-2018";"..";"Total Ciencias";"Mujeres";"Evaluacion"
"2016-2017";"..";"Total Ciencias";"Mujeres";"Evaluacion"
"2015-2016";"..";"Total Ciencias";"Mujeres";"Evaluacion"
"2022-2023";"70.59";"Ciencias de la vida";"Mujeres";"Evaluacion"
"2021-2022";"77.51";"Ciencias de la vida";"Mujeres";"Evaluacion"
"2020-2021";"76.74";"Ciencias de la vida";"Mujeres";"Evaluacion"
"2019-2020";"..";"Ciencias de la vida";"Mujeres";"Evaluacion"
"2018-2019";"..";"Ciencias de la vida";"Mujeres";"Evaluacion"
"2017-2018";"..";"Ciencias de la vida";"Mujeres";"Evaluacion"
"2016-2017";"..";"Ciencias de la vida";"Mujeres";"Evaluacion"
"2015-2016";"..";"Ciencias de la vida";"Mujeres";"Evaluacion"
"2022-2023";"..";"Ciencias Físicas, químicas, geológicas";"Mujeres";"Evaluacion"
"2021-2022";"..";"Ciencias Físicas, químicas, geológicas";"Mujeres";"Evaluacion"
"2020-2021";"..";"Ciencias Físicas, químicas, geológicas";"Mujeres";"Evaluacion"
"2019-2020";"..";"Ciencias Físicas, químicas, geológicas";"Mujeres";"Evaluacion"
"2018-2019";"..";"Ciencias Físicas, químicas, geológicas";"Mujeres";"Evaluacion"
"2017-2018";"..";"Ciencias Físicas, químicas, geológicas";"Mujeres";"Evaluacion"
"2016-2017";"..";"Ciencias Físicas, químicas, geológicas";"Mujeres";"Evaluacion"
"2015-2016";"..";"Ciencias Físicas, químicas, geológicas";"Mujeres";"Evaluacion"
"2022-2023";"..";"Matemáticas y Estadística";"Mujeres";"Evaluacion"
"2021-2022";"..";"Matemáticas y Estadística";"Mujeres";"Evaluacion"
"2020-2021";"..";"Matemáticas y Estadística";"Mujeres";"Evaluacion"
"2019-2020";"..";"Matemáticas y Estadística";"Mujeres";"Evaluacion"
"2018-2019";"..";"Matemáticas y Estadística";"Mujeres";"Evaluacion"
"2017-2018";"..";"Matemáticas y Estadística";"Mujeres";"Evaluacion"
"2016-2017";"..";"Matemáticas y Estadística";"Mujeres";"Evaluacion"
"2015-2016";"..";"Matemáticas y Estadística";"Mujeres";"Evaluacion"
"2022-2023";"..";"Total Informática";"Mujeres";"Evaluacion"
"2021-2022";"82.68";"Total Informática";"Mujeres";"Evaluacion"
"2020-2021";"86.53";"Total Informática";"Mujeres";"Evaluacion"
"2019-2020";"81.94";"Total Informática";"Mujeres";"Evaluacion"
"2018-2019";"77.08";"Total Informática";"Mujeres";"Evaluacion"
"2017-2018";"78.42";"Total Informática";"Mujeres";"Evaluacion"
"2016-2017";"79.2";"Total Informática";"Mujeres";"Evaluacion"
"2015-2016";"..";"Total Informática";"Mujeres";"Evaluacion"
"2022-2023";"..";"Informática";"Mujeres";"Evaluacion"
"2021-2022";"82.68";"Informática";"Mujeres";"Evaluacion"
"2020-2021";"86.53";"Informática";"Mujeres";"Evaluacion"
"2019-2020";"81.94";"Informática";"Mujeres";"Evaluacion"
"2018-2019";"77.08";"Informática";"Mujeres";"Evaluacion"
"2017-2018";"78.42";"Informática";"Mujeres";"Evaluacion"
"2016-2017";"79.2";"Informática";"Mujeres";"Evaluacion"
"2015-2016";"..";"Informática";"Mujeres";"Evaluacion"
"2022-2023";"..";"Total Ingeniería, industria y construcción";"Mujeres";"Evaluacion"
"2021-2022";"76.39";"Total Ingeniería, industria y construcción";"Mujeres";"Evaluacion"
"2020-2021";"75.24";"Total Ingeniería, industria y construcción";"Mujeres";"Evaluacion"
"2019-2020";"76.39";"Total Ingeniería, industria y construcción";"Mujeres";"Evaluacion"
"2018-2019";"75.95";"Total Ingeniería, industria y construcción";"Mujeres";"Evaluacion"
"2017-2018";"70.79";"Total Ingeniería, industria y construcción";"Mujeres";"Evaluacion"
"2016-2017";"75.91";"Total Ingeniería, industria y construcción";"Mujeres";"Evaluacion"
"2015-2016";"..";"Total Ingeniería, industria y construcción";"Mujeres";"Evaluacion"
"2022-2023";"..";"Ingenierías";"Mujeres";"Evaluacion"
"2021-2022";"76.39";"Ingenierías";"Mujeres";"Evaluacion"
"2020-2021";"75.24";"Ingenierías";"Mujeres";"Evaluacion"
"2019-2020";"76.39";"Ingenierías";"Mujeres";"Evaluacion"
"2018-2019";"75.95";"Ingenierías";"Mujeres";"Evaluacion"
"2017-2018";"70.79";"Ingenierías";"Mujeres";"Evaluacion"
"2016-2017";"75.91";"Ingenierías";"Mujeres";"Evaluacion"
"2015-2016";"..";"Ingenierías";"Mujeres";"Evaluacion"
"2022-2023";"..";"Arquitectura y construcción";"Mujeres";"Evaluacion"
"2021-2022";"..";"Arquitectura y construcción";"Mujeres";"Evaluacion"
"2020-2021";"..";"Arquitectura y construcción";"Mujeres";"Evaluacion"
"2019-2020";"..";"Arquitectura y construcción";"Mujeres";"Evaluacion"
"2018-2019";"..";"Arquitectura y construcción";"Mujeres";"Evaluacion"
"2017-2018";"..";"Arquitectura y construcción";"Mujeres";"Evaluacion"
"2016-2017";"..";"Arquitectura y construcción";"Mujeres";"Evaluacion"
"2015-2016";"..";"Arquitectura y construcción";"Mujeres";"Evaluacion"
"2022-2023";"73.22";"Total Agricultura, ganadería,  silvicultura, pesca, y veterinaria";"Mujeres";"Evaluacion"
"2021-2022";"71.28";"Total Agricultura, ganadería,  silvicultura, pesca, y veterinaria";"Mujeres";"Evaluacion"
"2020-2021";"70.51";"Total Agricultura, ganadería,  silvicultura, pesca, y veterinaria";"Mujeres";"Evaluacion"
"2019-2020";"80.64";"Total Agricultura, ganadería,  silvicultura, pesca, y veterinaria";"Mujeres";"Evaluacion"
"2018-2019";"68.62";"Total Agricultura, ganadería,  silvicultura, pesca, y veterinaria";"Mujeres";"Evaluacion"
"2017-2018";"71.36";"Total Agricultura, ganadería,  silvicultura, pesca, y veterinaria";"Mujeres";"Evaluacion"
"2016-2017";"63.17";"Total Agricultura, ganadería,  silvicultura, pesca, y veterinaria";"Mujeres";"Evaluacion"
"2015-2016";"64.23";"Total Agricultura, ganadería,  silvicultura, pesca, y veterinaria";"Mujeres";"Evaluacion"
"2022-2023";"73.22";"Agricultura, ganadería y pesca";"Mujeres";"Evaluacion"
"2021-2022";"71.28";"Agricultura, ganadería y pesca";"Mujeres";"Evaluacion"
"2020-2021";"70.51";"Agricultura, ganadería y pesca";"Mujeres";"Evaluacion"
"2019-2020";"80.64";"Agricultura, ganadería y pesca";"Mujeres";"Evaluacion"
"2018-2019";"68.62";"Agricultura, ganadería y pesca";"Mujeres";"Evaluacion"
"2017-2018";"71.36";"Agricultura, ganadería y pesca";"Mujeres";"Evaluacion"
"2016-2017";"63.17";"Agricultura, ganadería y pesca";"Mujeres";"Evaluacion"
"2015-2016";"64.23";"Agricultura, ganadería y pesca";"Mujeres";"Evaluacion"
"2022-2023";"..";"Veterinaria";"Mujeres";"Evaluacion"
"2021-2022";"..";"Veterinaria";"Mujeres";"Evaluacion"
"2020-2021";"..";"Veterinaria";"Mujeres";"Evaluacion"
"2019-2020";"..";"Veterinaria";"Mujeres";"Evaluacion"
"2018-2019";"..";"Veterinaria";"Mujeres";"Evaluacion"
"2017-2018";"..";"Veterinaria";"Mujeres";"Evaluacion"
"2016-2017";"..";"Veterinaria";"Mujeres";"Evaluacion"
"2015-2016";"..";"Veterinaria";"Mujeres";"Evaluacion"
"2022-2023";"97.54";"Total Salud y servicios sociales";"Mujeres";"Evaluacion"
"2021-2022";"97.14";"Total Salud y servicios sociales";"Mujeres";"Evaluacion"
"2020-2021";"97.42";"Total Salud y servicios sociales";"Mujeres";"Evaluacion"
"2019-2020";"97.94";"Total Salud y servicios sociales";"Mujeres";"Evaluacion"
"2018-2019";"97.52";"Total Salud y servicios sociales";"Mujeres";"Evaluacion"
"2017-2018";"97.57";"Total Salud y servicios sociales";"Mujeres";"Evaluacion"
"2016-2017";"97.91";"Total Salud y servicios sociales";"Mujeres";"Evaluacion"
"2015-2016";"97.35";"Total Salud y servicios sociales";"Mujeres";"Evaluacion"
"2022-2023";"..";"Medicina";"Mujeres";"Evaluacion"
"2021-2022";"..";"Medicina";"Mujeres";"Evaluacion"
"2020-2021";"..";"Medicina";"Mujeres";"Evaluacion"
"2019-2020";"..";"Medicina";"Mujeres";"Evaluacion"
"2018-2019";"..";"Medicina";"Mujeres";"Evaluacion"
"2017-2018";"..";"Medicina";"Mujeres";"Evaluacion"
"2016-2017";"..";"Medicina";"Mujeres";"Evaluacion"
"2015-2016";"..";"Medicina";"Mujeres";"Evaluacion"
"2022-2023";"98.55";"Enfermería y atención a enfermos";"Mujeres";"Evaluacion"
"2021-2022";"98.24";"Enfermería y atención a enfermos";"Mujeres";"Evaluacion"
"2020-2021";"98.76";"Enfermería y atención a enfermos";"Mujeres";"Evaluacion"
"2019-2020";"99.71";"Enfermería y atención a enfermos";"Mujeres";"Evaluacion"
"2018-2019";"99.31";"Enfermería y atención a enfermos";"Mujeres";"Evaluacion"
"2017-2018";"98.88";"Enfermería y atención a enfermos";"Mujeres";"Evaluacion"
"2016-2017";"98.2";"Enfermería y atención a enfermos";"Mujeres";"Evaluacion"
"2015-2016";"97.17";"Enfermería y atención a enfermos";"Mujeres";"Evaluacion"
"2022-2023";"95.09";"Otras ciencias de la Salud";"Mujeres";"Evaluacion"
"2021-2022";"95.0";"Otras ciencias de la Salud";"Mujeres";"Evaluacion"
"2020-2021";"95.05";"Otras ciencias de la Salud";"Mujeres";"Evaluacion"
"2019-2020";"94.34";"Otras ciencias de la Salud";"Mujeres";"Evaluacion"
"2018-2019";"93.69";"Otras ciencias de la Salud";"Mujeres";"Evaluacion"
"2017-2018";"94.83";"Otras ciencias de la Salud";"Mujeres";"Evaluacion"
"2016-2017";"97.28";"Otras ciencias de la Salud";"Mujeres";"Evaluacion"
"2015-2016";"97.69";"Otras ciencias de la Salud";"Mujeres";"Evaluacion"
"2022-2023";"..";"Trabajo social y orientación";"Mujeres";"Evaluacion"
"2021-2022";"..";"Trabajo social y orientación";"Mujeres";"Evaluacion"
"2020-2021";"..";"Trabajo social y orientación";"Mujeres";"Evaluacion"
"2019-2020";"..";"Trabajo social y orientación";"Mujeres";"Evaluacion"
"2018-2019";"..";"Trabajo social y orientación";"Mujeres";"Evaluacion"
"2017-2018";"..";"Trabajo social y orientación";"Mujeres";"Evaluacion"
"2016-2017";"..";"Trabajo social y orientación";"Mujeres";"Evaluacion"
"2015-2016";"..";"Trabajo social y orientación";"Mujeres";"Evaluacion"
"2022-2023";"..";"Total Servicios";"Mujeres";"Evaluacion"
"2021-2022";"..";"Total Servicios";"Mujeres";"Evaluacion"
"2020-2021";"..";"Total Servicios";"Mujeres";"Evaluacion"
"2019-2020";"..";"Total Servicios";"Mujeres";"Evaluacion"
"2018-2019";"..";"Total Servicios";"Mujeres";"Evaluacion"
"2017-2018";"..";"Total Servicios";"Mujeres";"Evaluacion"
"2016-2017";"..";"Total Servicios";"Mujeres";"Evaluacion"
"2015-2016";"..";"Total Servicios";"Mujeres";"Evaluacion"
"2022-2023";"..";"Deportes";"Mujeres";"Evaluacion"
"2021-2022";"..";"Deportes";"Mujeres";"Evaluacion"
"2020-2021";"..";"Deportes";"Mujeres";"Evaluacion"
"2019-2020";"..";"Deportes";"Mujeres";"Evaluacion"
"2018-2019";"..";"Deportes";"Mujeres";"Evaluacion"
"2017-2018";"..";"Deportes";"Mujeres";"Evaluacion"
"2016-2017";"..";"Deportes";"Mujeres";"Evaluacion"
"2015-2016";"..";"Deportes";"Mujeres";"Evaluacion"
"2022-2023";"..";"Turismo y Hostelería";"Mujeres";"Evaluacion"
"2021-2022";"..";"Turismo y Hostelería";"Mujeres";"Evaluacion"
"2020-2021";"..";"Turismo y Hostelería";"Mujeres";"Evaluacion"
"2019-2020";"..";"Turismo y Hostelería";"Mujeres";"Evaluacion"
"2018-2019";"..";"Turismo y Hostelería";"Mujeres";"Evaluacion"
"2017-2018";"..";"Turismo y Hostelería";"Mujeres";"Evaluacion"
"2016-2017";"..";"Turismo y Hostelería";"Mujeres";"Evaluacion"
"2015-2016";"..";"Turismo y Hostelería";"Mujeres";"Evaluacion"
"2022-2023";"..";"Otros Servicios";"Mujeres";"Evaluacion"
"2021-2022";"..";"Otros Servicios";"Mujeres";"Evaluacion"
"2020-2021";"..";"Otros Servicios";"Mujeres";"Evaluacion"
"2019-2020";"..";"Otros Servicios";"Mujeres";"Evaluacion"
"2018-2019";"..";"Otros Servicios";"Mujeres";"Evaluacion"
"2017-2018";"..";"Otros Servicios";"Mujeres";"Evaluacion"
"2016-2017";"..";"Otros Servicios";"Mujeres";"Evaluacion"
"2015-2016";"..";"Otros Servicios";"Mujeres";"Evaluacion"
