"Anio";"Valor";"Carrera";"Genero";"Tasa"
"2022-2023";"???";"Oviedo";"Ambos Sexos";"Rendimiento"
"2021-2022";"???";"Oviedo";"Ambos Sexos";"Rendimiento"
"2020-2021";"???";"Oviedo";"Ambos Sexos";"Rendimiento"
"2019-2020";"???";"Oviedo";"Ambos Sexos";"Rendimiento"
"2018-2019";"???";"Oviedo";"Ambos Sexos";"Rendimiento"
"2017-2018";"???";"Oviedo";"Ambos Sexos";"Rendimiento"
"2016-2017";"???";"Oviedo";"Ambos Sexos";"Rendimiento"
"2015-2016";"???";"Oviedo";"Ambos Sexos";"Rendimiento"
"2022-2023";"76.19";"Todos los ámbitos";"Ambos Sexos";"Rendimiento"
"2021-2022";"74.88";"Todos los ámbitos";"Ambos Sexos";"Rendimiento"
"2020-2021";"74.65";"Todos los ámbitos";"Ambos Sexos";"Rendimiento"
"2019-2020";"82.19";"Todos los ámbitos";"Ambos Sexos";"Rendimiento"
"2018-2019";"75.98";"Todos los ámbitos";"Ambos Sexos";"Rendimiento"
"2017-2018";"75.27";"Todos los ámbitos";"Ambos Sexos";"Rendimiento"
"2016-2017";"75.24";"Todos los ámbitos";"Ambos Sexos";"Rendimiento"
"2015-2016";"75.03";"Todos los ámbitos";"Ambos Sexos";"Rendimiento"
"2022-2023";"87.21";"Total Educación";"Ambos Sexos";"Rendimiento"
"2021-2022";"86.29";"Total Educación";"Ambos Sexos";"Rendimiento"
"2020-2021";"88.82";"Total Educación";"Ambos Sexos";"Rendimiento"
"2019-2020";"90.93";"Total Educación";"Ambos Sexos";"Rendimiento"
"2018-2019";"85.51";"Total Educación";"Ambos Sexos";"Rendimiento"
"2017-2018";"84.38";"Total Educación";"Ambos Sexos";"Rendimiento"
"2016-2017";"84.79";"Total Educación";"Ambos Sexos";"Rendimiento"
"2015-2016";"84.63";"Total Educación";"Ambos Sexos";"Rendimiento"
"2022-2023";"88.63";"Formación de docentes de enseñanza infantil";"Ambos Sexos";"Rendimiento"
"2021-2022";"85.85";"Formación de docentes de enseñanza infantil";"Ambos Sexos";"Rendimiento"
"2020-2021";"90.14";"Formación de docentes de enseñanza infantil";"Ambos Sexos";"Rendimiento"
"2019-2020";"89.56";"Formación de docentes de enseñanza infantil";"Ambos Sexos";"Rendimiento"
"2018-2019";"88.79";"Formación de docentes de enseñanza infantil";"Ambos Sexos";"Rendimiento"
"2017-2018";"87.61";"Formación de docentes de enseñanza infantil";"Ambos Sexos";"Rendimiento"
"2016-2017";"88.27";"Formación de docentes de enseñanza infantil";"Ambos Sexos";"Rendimiento"
"2015-2016";"87.1";"Formación de docentes de enseñanza infantil";"Ambos Sexos";"Rendimiento"
"2022-2023";"88.35";"Formación de docentes de enseñanza primaria";"Ambos Sexos";"Rendimiento"
"2021-2022";"87.58";"Formación de docentes de enseñanza primaria";"Ambos Sexos";"Rendimiento"
"2020-2021";"88.53";"Formación de docentes de enseñanza primaria";"Ambos Sexos";"Rendimiento"
"2019-2020";"92.41";"Formación de docentes de enseñanza primaria";"Ambos Sexos";"Rendimiento"
"2018-2019";"85.47";"Formación de docentes de enseñanza primaria";"Ambos Sexos";"Rendimiento"
"2017-2018";"83.29";"Formación de docentes de enseñanza primaria";"Ambos Sexos";"Rendimiento"
"2016-2017";"84.03";"Formación de docentes de enseñanza primaria";"Ambos Sexos";"Rendimiento"
"2015-2016";"84.45";"Formación de docentes de enseñanza primaria";"Ambos Sexos";"Rendimiento"
"2022-2023";"81.59";"Otra Formación de personal docente y ciencias de la educación";"Ambos Sexos";"Rendimiento"
"2021-2022";"83.51";"Otra Formación de personal docente y ciencias de la educación";"Ambos Sexos";"Rendimiento"
"2020-2021";"87.51";"Otra Formación de personal docente y ciencias de la educación";"Ambos Sexos";"Rendimiento"
"2019-2020";"89.08";"Otra Formación de personal docente y ciencias de la educación";"Ambos Sexos";"Rendimiento"
"2018-2019";"80.79";"Otra Formación de personal docente y ciencias de la educación";"Ambos Sexos";"Rendimiento"
"2017-2018";"82.38";"Otra Formación de personal docente y ciencias de la educación";"Ambos Sexos";"Rendimiento"
"2016-2017";"81.44";"Otra Formación de personal docente y ciencias de la educación";"Ambos Sexos";"Rendimiento"
"2015-2016";"81.29";"Otra Formación de personal docente y ciencias de la educación";"Ambos Sexos";"Rendimiento"
"2022-2023";"76.04";"Total Artes y humanidades";"Ambos Sexos";"Rendimiento"
"2021-2022";"75.55";"Total Artes y humanidades";"Ambos Sexos";"Rendimiento"
"2020-2021";"74.57";"Total Artes y humanidades";"Ambos Sexos";"Rendimiento"
"2019-2020";"82.92";"Total Artes y humanidades";"Ambos Sexos";"Rendimiento"
"2018-2019";"75.34";"Total Artes y humanidades";"Ambos Sexos";"Rendimiento"
"2017-2018";"76.17";"Total Artes y humanidades";"Ambos Sexos";"Rendimiento"
"2016-2017";"74.66";"Total Artes y humanidades";"Ambos Sexos";"Rendimiento"
"2015-2016";"76.42";"Total Artes y humanidades";"Ambos Sexos";"Rendimiento"
"2022-2023";"..";"Técnicas audiovisuales y medios de comunicación";"Ambos Sexos";"Rendimiento"
"2021-2022";"..";"Técnicas audiovisuales y medios de comunicación";"Ambos Sexos";"Rendimiento"
"2020-2021";"..";"Técnicas audiovisuales y medios de comunicación";"Ambos Sexos";"Rendimiento"
"2019-2020";"..";"Técnicas audiovisuales y medios de comunicación";"Ambos Sexos";"Rendimiento"
"2018-2019";"..";"Técnicas audiovisuales y medios de comunicación";"Ambos Sexos";"Rendimiento"
"2017-2018";"..";"Técnicas audiovisuales y medios de comunicación";"Ambos Sexos";"Rendimiento"
"2016-2017";"..";"Técnicas audiovisuales y medios de comunicación";"Ambos Sexos";"Rendimiento"
"2015-2016";"..";"Técnicas audiovisuales y medios de comunicación";"Ambos Sexos";"Rendimiento"
"2022-2023";"81.95";"Artes";"Ambos Sexos";"Rendimiento"
"2021-2022";"79.47";"Artes";"Ambos Sexos";"Rendimiento"
"2020-2021";"79.46";"Artes";"Ambos Sexos";"Rendimiento"
"2019-2020";"85.01";"Artes";"Ambos Sexos";"Rendimiento"
"2018-2019";"75.19";"Artes";"Ambos Sexos";"Rendimiento"
"2017-2018";"74.62";"Artes";"Ambos Sexos";"Rendimiento"
"2016-2017";"75.14";"Artes";"Ambos Sexos";"Rendimiento"
"2015-2016";"72.74";"Artes";"Ambos Sexos";"Rendimiento"
"2022-2023";"75.66";"Lenguas";"Ambos Sexos";"Rendimiento"
"2021-2022";"75.55";"Lenguas";"Ambos Sexos";"Rendimiento"
"2020-2021";"74.66";"Lenguas";"Ambos Sexos";"Rendimiento"
"2019-2020";"82.83";"Lenguas";"Ambos Sexos";"Rendimiento"
"2018-2019";"76.84";"Lenguas";"Ambos Sexos";"Rendimiento"
"2017-2018";"77.57";"Lenguas";"Ambos Sexos";"Rendimiento"
"2016-2017";"75.74";"Lenguas";"Ambos Sexos";"Rendimiento"
"2015-2016";"77.42";"Lenguas";"Ambos Sexos";"Rendimiento"
"2022-2023";"73.42";"Humanidades";"Ambos Sexos";"Rendimiento"
"2021-2022";"73.18";"Humanidades";"Ambos Sexos";"Rendimiento"
"2020-2021";"71.34";"Humanidades";"Ambos Sexos";"Rendimiento"
"2019-2020";"81.83";"Humanidades";"Ambos Sexos";"Rendimiento"
"2018-2019";"72.18";"Humanidades";"Ambos Sexos";"Rendimiento"
"2017-2018";"73.81";"Humanidades";"Ambos Sexos";"Rendimiento"
"2016-2017";"71.66";"Humanidades";"Ambos Sexos";"Rendimiento"
"2015-2016";"76.09";"Humanidades";"Ambos Sexos";"Rendimiento"
"2022-2023";"79.05";"Total Ciencias sociales, periodismo y documentación";"Ambos Sexos";"Rendimiento"
"2021-2022";"77.22";"Total Ciencias sociales, periodismo y documentación";"Ambos Sexos";"Rendimiento"
"2020-2021";"78.98";"Total Ciencias sociales, periodismo y documentación";"Ambos Sexos";"Rendimiento"
"2019-2020";"85.12";"Total Ciencias sociales, periodismo y documentación";"Ambos Sexos";"Rendimiento"
"2018-2019";"81.59";"Total Ciencias sociales, periodismo y documentación";"Ambos Sexos";"Rendimiento"
"2017-2018";"80.66";"Total Ciencias sociales, periodismo y documentación";"Ambos Sexos";"Rendimiento"
"2016-2017";"80.46";"Total Ciencias sociales, periodismo y documentación";"Ambos Sexos";"Rendimiento"
"2015-2016";"80.5";"Total Ciencias sociales, periodismo y documentación";"Ambos Sexos";"Rendimiento"
"2022-2023";"87.51";"Psicología";"Ambos Sexos";"Rendimiento"
"2021-2022";"86.49";"Psicología";"Ambos Sexos";"Rendimiento"
"2020-2021";"90.54";"Psicología";"Ambos Sexos";"Rendimiento"
"2019-2020";"93.06";"Psicología";"Ambos Sexos";"Rendimiento"
"2018-2019";"89.08";"Psicología";"Ambos Sexos";"Rendimiento"
"2017-2018";"87.26";"Psicología";"Ambos Sexos";"Rendimiento"
"2016-2017";"87.87";"Psicología";"Ambos Sexos";"Rendimiento"
"2015-2016";"86.04";"Psicología";"Ambos Sexos";"Rendimiento"
"2022-2023";"66.14";"Economía";"Ambos Sexos";"Rendimiento"
"2021-2022";"63.5";"Economía";"Ambos Sexos";"Rendimiento"
"2020-2021";"64.51";"Economía";"Ambos Sexos";"Rendimiento"
"2019-2020";"75.13";"Economía";"Ambos Sexos";"Rendimiento"
"2018-2019";"72.81";"Economía";"Ambos Sexos";"Rendimiento"
"2017-2018";"73.06";"Economía";"Ambos Sexos";"Rendimiento"
"2016-2017";"72.2";"Economía";"Ambos Sexos";"Rendimiento"
"2015-2016";"74.59";"Economía";"Ambos Sexos";"Rendimiento"
"2022-2023";"..";"Otras Ciencias sociales y del comportamiento";"Ambos Sexos";"Rendimiento"
"2021-2022";"..";"Otras Ciencias sociales y del comportamiento";"Ambos Sexos";"Rendimiento"
"2020-2021";"..";"Otras Ciencias sociales y del comportamiento";"Ambos Sexos";"Rendimiento"
"2019-2020";"..";"Otras Ciencias sociales y del comportamiento";"Ambos Sexos";"Rendimiento"
"2018-2019";"..";"Otras Ciencias sociales y del comportamiento";"Ambos Sexos";"Rendimiento"
"2017-2018";"..";"Otras Ciencias sociales y del comportamiento";"Ambos Sexos";"Rendimiento"
"2016-2017";"..";"Otras Ciencias sociales y del comportamiento";"Ambos Sexos";"Rendimiento"
"2015-2016";"..";"Otras Ciencias sociales y del comportamiento";"Ambos Sexos";"Rendimiento"
"2022-2023";"..";"Periodismo e información";"Ambos Sexos";"Rendimiento"
"2021-2022";"..";"Periodismo e información";"Ambos Sexos";"Rendimiento"
"2020-2021";"..";"Periodismo e información";"Ambos Sexos";"Rendimiento"
"2019-2020";"..";"Periodismo e información";"Ambos Sexos";"Rendimiento"
"2018-2019";"..";"Periodismo e información";"Ambos Sexos";"Rendimiento"
"2017-2018";"..";"Periodismo e información";"Ambos Sexos";"Rendimiento"
"2016-2017";"..";"Periodismo e información";"Ambos Sexos";"Rendimiento"
"2015-2016";"..";"Periodismo e información";"Ambos Sexos";"Rendimiento"
"2022-2023";"70.93";"Total Negocios, administración y derecho";"Ambos Sexos";"Rendimiento"
"2021-2022";"68.5";"Total Negocios, administración y derecho";"Ambos Sexos";"Rendimiento"
"2020-2021";"68.62";"Total Negocios, administración y derecho";"Ambos Sexos";"Rendimiento"
"2019-2020";"79.48";"Total Negocios, administración y derecho";"Ambos Sexos";"Rendimiento"
"2018-2019";"72.34";"Total Negocios, administración y derecho";"Ambos Sexos";"Rendimiento"
"2017-2018";"70.84";"Total Negocios, administración y derecho";"Ambos Sexos";"Rendimiento"
"2016-2017";"71.36";"Total Negocios, administración y derecho";"Ambos Sexos";"Rendimiento"
"2015-2016";"70.84";"Total Negocios, administración y derecho";"Ambos Sexos";"Rendimiento"
"2022-2023";"66.93";"Administración y gestión de empresas";"Ambos Sexos";"Rendimiento"
"2021-2022";"66.31";"Administración y gestión de empresas";"Ambos Sexos";"Rendimiento"
"2020-2021";"64.01";"Administración y gestión de empresas";"Ambos Sexos";"Rendimiento"
"2019-2020";"75.71";"Administración y gestión de empresas";"Ambos Sexos";"Rendimiento"
"2018-2019";"68.97";"Administración y gestión de empresas";"Ambos Sexos";"Rendimiento"
"2017-2018";"66.55";"Administración y gestión de empresas";"Ambos Sexos";"Rendimiento"
"2016-2017";"69.25";"Administración y gestión de empresas";"Ambos Sexos";"Rendimiento"
"2015-2016";"68.88";"Administración y gestión de empresas";"Ambos Sexos";"Rendimiento"
"2022-2023";"73.28";"Otra Educación comercial y empresarial";"Ambos Sexos";"Rendimiento"
"2021-2022";"68.97";"Otra Educación comercial y empresarial";"Ambos Sexos";"Rendimiento"
"2020-2021";"72.35";"Otra Educación comercial y empresarial";"Ambos Sexos";"Rendimiento"
"2019-2020";"81.83";"Otra Educación comercial y empresarial";"Ambos Sexos";"Rendimiento"
"2018-2019";"75.87";"Otra Educación comercial y empresarial";"Ambos Sexos";"Rendimiento"
"2017-2018";"73.82";"Otra Educación comercial y empresarial";"Ambos Sexos";"Rendimiento"
"2016-2017";"70.72";"Otra Educación comercial y empresarial";"Ambos Sexos";"Rendimiento"
"2015-2016";"72.77";"Otra Educación comercial y empresarial";"Ambos Sexos";"Rendimiento"
"2022-2023";"72.27";"Derecho";"Ambos Sexos";"Rendimiento"
"2021-2022";"69.63";"Derecho";"Ambos Sexos";"Rendimiento"
"2020-2021";"69.63";"Derecho";"Ambos Sexos";"Rendimiento"
"2019-2020";"80.66";"Derecho";"Ambos Sexos";"Rendimiento"
"2018-2019";"72.69";"Derecho";"Ambos Sexos";"Rendimiento"
"2017-2018";"71.93";"Derecho";"Ambos Sexos";"Rendimiento"
"2016-2017";"73.16";"Derecho";"Ambos Sexos";"Rendimiento"
"2015-2016";"71.23";"Derecho";"Ambos Sexos";"Rendimiento"
"2022-2023";"78.58";"Total Ciencias";"Ambos Sexos";"Rendimiento"
"2021-2022";"77.92";"Total Ciencias";"Ambos Sexos";"Rendimiento"
"2020-2021";"76.45";"Total Ciencias";"Ambos Sexos";"Rendimiento"
"2019-2020";"84.27";"Total Ciencias";"Ambos Sexos";"Rendimiento"
"2018-2019";"76.65";"Total Ciencias";"Ambos Sexos";"Rendimiento"
"2017-2018";"76.08";"Total Ciencias";"Ambos Sexos";"Rendimiento"
"2016-2017";"75.65";"Total Ciencias";"Ambos Sexos";"Rendimiento"
"2015-2016";"74.15";"Total Ciencias";"Ambos Sexos";"Rendimiento"
"2022-2023";"79.21";"Ciencias de la vida";"Ambos Sexos";"Rendimiento"
"2021-2022";"80.28";"Ciencias de la vida";"Ambos Sexos";"Rendimiento"
"2020-2021";"76.0";"Ciencias de la vida";"Ambos Sexos";"Rendimiento"
"2019-2020";"87.63";"Ciencias de la vida";"Ambos Sexos";"Rendimiento"
"2018-2019";"79.09";"Ciencias de la vida";"Ambos Sexos";"Rendimiento"
"2017-2018";"78.62";"Ciencias de la vida";"Ambos Sexos";"Rendimiento"
"2016-2017";"79.23";"Ciencias de la vida";"Ambos Sexos";"Rendimiento"
"2015-2016";"78.38";"Ciencias de la vida";"Ambos Sexos";"Rendimiento"
"2022-2023";"76.48";"Ciencias Físicas, químicas, geológicas";"Ambos Sexos";"Rendimiento"
"2021-2022";"75.33";"Ciencias Físicas, químicas, geológicas";"Ambos Sexos";"Rendimiento"
"2020-2021";"77.27";"Ciencias Físicas, químicas, geológicas";"Ambos Sexos";"Rendimiento"
"2019-2020";"82.51";"Ciencias Físicas, químicas, geológicas";"Ambos Sexos";"Rendimiento"
"2018-2019";"76.52";"Ciencias Físicas, químicas, geológicas";"Ambos Sexos";"Rendimiento"
"2017-2018";"75.96";"Ciencias Físicas, químicas, geológicas";"Ambos Sexos";"Rendimiento"
"2016-2017";"74.73";"Ciencias Físicas, químicas, geológicas";"Ambos Sexos";"Rendimiento"
"2015-2016";"72.3";"Ciencias Físicas, químicas, geológicas";"Ambos Sexos";"Rendimiento"
"2022-2023";"81.21";"Matemáticas y Estadística";"Ambos Sexos";"Rendimiento"
"2021-2022";"80.11";"Matemáticas y Estadística";"Ambos Sexos";"Rendimiento"
"2020-2021";"74.24";"Matemáticas y Estadística";"Ambos Sexos";"Rendimiento"
"2019-2020";"80.76";"Matemáticas y Estadística";"Ambos Sexos";"Rendimiento"
"2018-2019";"64.52";"Matemáticas y Estadística";"Ambos Sexos";"Rendimiento"
"2017-2018";"63.07";"Matemáticas y Estadística";"Ambos Sexos";"Rendimiento"
"2016-2017";"63.43";"Matemáticas y Estadística";"Ambos Sexos";"Rendimiento"
"2015-2016";"63.75";"Matemáticas y Estadística";"Ambos Sexos";"Rendimiento"
"2022-2023";"67.55";"Total Informática";"Ambos Sexos";"Rendimiento"
"2021-2022";"65.04";"Total Informática";"Ambos Sexos";"Rendimiento"
"2020-2021";"63.29";"Total Informática";"Ambos Sexos";"Rendimiento"
"2019-2020";"69.12";"Total Informática";"Ambos Sexos";"Rendimiento"
"2018-2019";"65.63";"Total Informática";"Ambos Sexos";"Rendimiento"
"2017-2018";"66.62";"Total Informática";"Ambos Sexos";"Rendimiento"
"2016-2017";"64.59";"Total Informática";"Ambos Sexos";"Rendimiento"
"2015-2016";"64.86";"Total Informática";"Ambos Sexos";"Rendimiento"
"2022-2023";"67.55";"Informática";"Ambos Sexos";"Rendimiento"
"2021-2022";"65.04";"Informática";"Ambos Sexos";"Rendimiento"
"2020-2021";"63.29";"Informática";"Ambos Sexos";"Rendimiento"
"2019-2020";"69.12";"Informática";"Ambos Sexos";"Rendimiento"
"2018-2019";"65.63";"Informática";"Ambos Sexos";"Rendimiento"
"2017-2018";"66.62";"Informática";"Ambos Sexos";"Rendimiento"
"2016-2017";"64.59";"Informática";"Ambos Sexos";"Rendimiento"
"2015-2016";"64.86";"Informática";"Ambos Sexos";"Rendimiento"
"2022-2023";"62.91";"Total Ingeniería, industria y construcción";"Ambos Sexos";"Rendimiento"
"2021-2022";"61.32";"Total Ingeniería, industria y construcción";"Ambos Sexos";"Rendimiento"
"2020-2021";"60.15";"Total Ingeniería, industria y construcción";"Ambos Sexos";"Rendimiento"
"2019-2020";"69.09";"Total Ingeniería, industria y construcción";"Ambos Sexos";"Rendimiento"
"2018-2019";"63.92";"Total Ingeniería, industria y construcción";"Ambos Sexos";"Rendimiento"
"2017-2018";"63.81";"Total Ingeniería, industria y construcción";"Ambos Sexos";"Rendimiento"
"2016-2017";"63.69";"Total Ingeniería, industria y construcción";"Ambos Sexos";"Rendimiento"
"2015-2016";"64.14";"Total Ingeniería, industria y construcción";"Ambos Sexos";"Rendimiento"
"2022-2023";"61.84";"Ingenierías";"Ambos Sexos";"Rendimiento"
"2021-2022";"60.26";"Ingenierías";"Ambos Sexos";"Rendimiento"
"2020-2021";"59.28";"Ingenierías";"Ambos Sexos";"Rendimiento"
"2019-2020";"68.32";"Ingenierías";"Ambos Sexos";"Rendimiento"
"2018-2019";"63.03";"Ingenierías";"Ambos Sexos";"Rendimiento"
"2017-2018";"63.0";"Ingenierías";"Ambos Sexos";"Rendimiento"
"2016-2017";"63.4";"Ingenierías";"Ambos Sexos";"Rendimiento"
"2015-2016";"63.38";"Ingenierías";"Ambos Sexos";"Rendimiento"
"2022-2023";"73.03";"Arquitectura y construcción";"Ambos Sexos";"Rendimiento"
"2021-2022";"70.85";"Arquitectura y construcción";"Ambos Sexos";"Rendimiento"
"2020-2021";"67.51";"Arquitectura y construcción";"Ambos Sexos";"Rendimiento"
"2019-2020";"75.89";"Arquitectura y construcción";"Ambos Sexos";"Rendimiento"
"2018-2019";"71.14";"Arquitectura y construcción";"Ambos Sexos";"Rendimiento"
"2017-2018";"70.43";"Arquitectura y construcción";"Ambos Sexos";"Rendimiento"
"2016-2017";"66.02";"Arquitectura y construcción";"Ambos Sexos";"Rendimiento"
"2015-2016";"69.9";"Arquitectura y construcción";"Ambos Sexos";"Rendimiento"
"2022-2023";"69.28";"Total Agricultura, ganadería,  silvicultura, pesca, y veterinaria";"Ambos Sexos";"Rendimiento"
"2021-2022";"68.46";"Total Agricultura, ganadería,  silvicultura, pesca, y veterinaria";"Ambos Sexos";"Rendimiento"
"2020-2021";"63.43";"Total Agricultura, ganadería,  silvicultura, pesca, y veterinaria";"Ambos Sexos";"Rendimiento"
"2019-2020";"66.48";"Total Agricultura, ganadería,  silvicultura, pesca, y veterinaria";"Ambos Sexos";"Rendimiento"
"2018-2019";"66.26";"Total Agricultura, ganadería,  silvicultura, pesca, y veterinaria";"Ambos Sexos";"Rendimiento"
"2017-2018";"63.5";"Total Agricultura, ganadería,  silvicultura, pesca, y veterinaria";"Ambos Sexos";"Rendimiento"
"2016-2017";"66.75";"Total Agricultura, ganadería,  silvicultura, pesca, y veterinaria";"Ambos Sexos";"Rendimiento"
"2015-2016";"65.21";"Total Agricultura, ganadería,  silvicultura, pesca, y veterinaria";"Ambos Sexos";"Rendimiento"
"2022-2023";"69.28";"Agricultura, ganadería y pesca";"Ambos Sexos";"Rendimiento"
"2021-2022";"68.46";"Agricultura, ganadería y pesca";"Ambos Sexos";"Rendimiento"
"2020-2021";"63.43";"Agricultura, ganadería y pesca";"Ambos Sexos";"Rendimiento"
"2019-2020";"66.48";"Agricultura, ganadería y pesca";"Ambos Sexos";"Rendimiento"
"2018-2019";"66.26";"Agricultura, ganadería y pesca";"Ambos Sexos";"Rendimiento"
"2017-2018";"63.5";"Agricultura, ganadería y pesca";"Ambos Sexos";"Rendimiento"
"2016-2017";"66.75";"Agricultura, ganadería y pesca";"Ambos Sexos";"Rendimiento"
"2015-2016";"65.21";"Agricultura, ganadería y pesca";"Ambos Sexos";"Rendimiento"
"2022-2023";"..";"Veterinaria";"Ambos Sexos";"Rendimiento"
"2021-2022";"..";"Veterinaria";"Ambos Sexos";"Rendimiento"
"2020-2021";"..";"Veterinaria";"Ambos Sexos";"Rendimiento"
"2019-2020";"..";"Veterinaria";"Ambos Sexos";"Rendimiento"
"2018-2019";"..";"Veterinaria";"Ambos Sexos";"Rendimiento"
"2017-2018";"..";"Veterinaria";"Ambos Sexos";"Rendimiento"
"2016-2017";"..";"Veterinaria";"Ambos Sexos";"Rendimiento"
"2015-2016";"..";"Veterinaria";"Ambos Sexos";"Rendimiento"
"2022-2023";"86.53";"Total Salud y servicios sociales";"Ambos Sexos";"Rendimiento"
"2021-2022";"86.45";"Total Salud y servicios sociales";"Ambos Sexos";"Rendimiento"
"2020-2021";"86.2";"Total Salud y servicios sociales";"Ambos Sexos";"Rendimiento"
"2019-2020";"92.91";"Total Salud y servicios sociales";"Ambos Sexos";"Rendimiento"
"2018-2019";"87.01";"Total Salud y servicios sociales";"Ambos Sexos";"Rendimiento"
"2017-2018";"86.46";"Total Salud y servicios sociales";"Ambos Sexos";"Rendimiento"
"2016-2017";"87.92";"Total Salud y servicios sociales";"Ambos Sexos";"Rendimiento"
"2015-2016";"87.72";"Total Salud y servicios sociales";"Ambos Sexos";"Rendimiento"
"2022-2023";"88.13";"Medicina";"Ambos Sexos";"Rendimiento"
"2021-2022";"90.0";"Medicina";"Ambos Sexos";"Rendimiento"
"2020-2021";"89.7";"Medicina";"Ambos Sexos";"Rendimiento"
"2019-2020";"94.49";"Medicina";"Ambos Sexos";"Rendimiento"
"2018-2019";"89.44";"Medicina";"Ambos Sexos";"Rendimiento"
"2017-2018";"89.26";"Medicina";"Ambos Sexos";"Rendimiento"
"2016-2017";"91.42";"Medicina";"Ambos Sexos";"Rendimiento"
"2015-2016";"90.47";"Medicina";"Ambos Sexos";"Rendimiento"
"2022-2023";"89.98";"Enfermería y atención a enfermos";"Ambos Sexos";"Rendimiento"
"2021-2022";"89.06";"Enfermería y atención a enfermos";"Ambos Sexos";"Rendimiento"
"2020-2021";"86.93";"Enfermería y atención a enfermos";"Ambos Sexos";"Rendimiento"
"2019-2020";"93.57";"Enfermería y atención a enfermos";"Ambos Sexos";"Rendimiento"
"2018-2019";"88.18";"Enfermería y atención a enfermos";"Ambos Sexos";"Rendimiento"
"2017-2018";"89.35";"Enfermería y atención a enfermos";"Ambos Sexos";"Rendimiento"
"2016-2017";"89.55";"Enfermería y atención a enfermos";"Ambos Sexos";"Rendimiento"
"2015-2016";"91.08";"Enfermería y atención a enfermos";"Ambos Sexos";"Rendimiento"
"2022-2023";"85.32";"Otras ciencias de la Salud";"Ambos Sexos";"Rendimiento"
"2021-2022";"85.0";"Otras ciencias de la Salud";"Ambos Sexos";"Rendimiento"
"2020-2021";"84.93";"Otras ciencias de la Salud";"Ambos Sexos";"Rendimiento"
"2019-2020";"92.84";"Otras ciencias de la Salud";"Ambos Sexos";"Rendimiento"
"2018-2019";"86.05";"Otras ciencias de la Salud";"Ambos Sexos";"Rendimiento"
"2017-2018";"85.76";"Otras ciencias de la Salud";"Ambos Sexos";"Rendimiento"
"2016-2017";"87.44";"Otras ciencias de la Salud";"Ambos Sexos";"Rendimiento"
"2015-2016";"85.67";"Otras ciencias de la Salud";"Ambos Sexos";"Rendimiento"
"2022-2023";"76.29";"Trabajo social y orientación";"Ambos Sexos";"Rendimiento"
"2021-2022";"74.57";"Trabajo social y orientación";"Ambos Sexos";"Rendimiento"
"2020-2021";"77.66";"Trabajo social y orientación";"Ambos Sexos";"Rendimiento"
"2019-2020";"87.7";"Trabajo social y orientación";"Ambos Sexos";"Rendimiento"
"2018-2019";"79.31";"Trabajo social y orientación";"Ambos Sexos";"Rendimiento"
"2017-2018";"73.08";"Trabajo social y orientación";"Ambos Sexos";"Rendimiento"
"2016-2017";"74.61";"Trabajo social y orientación";"Ambos Sexos";"Rendimiento"
"2015-2016";"75.68";"Trabajo social y orientación";"Ambos Sexos";"Rendimiento"
"2022-2023";"70.62";"Total Servicios";"Ambos Sexos";"Rendimiento"
"2021-2022";"69.75";"Total Servicios";"Ambos Sexos";"Rendimiento"
"2020-2021";"69.98";"Total Servicios";"Ambos Sexos";"Rendimiento"
"2019-2020";"76.6";"Total Servicios";"Ambos Sexos";"Rendimiento"
"2018-2019";"71.58";"Total Servicios";"Ambos Sexos";"Rendimiento"
"2017-2018";"74.05";"Total Servicios";"Ambos Sexos";"Rendimiento"
"2016-2017";"76.97";"Total Servicios";"Ambos Sexos";"Rendimiento"
"2015-2016";"75.36";"Total Servicios";"Ambos Sexos";"Rendimiento"
"2022-2023";"..";"Deportes";"Ambos Sexos";"Rendimiento"
"2021-2022";"..";"Deportes";"Ambos Sexos";"Rendimiento"
"2020-2021";"..";"Deportes";"Ambos Sexos";"Rendimiento"
"2019-2020";"..";"Deportes";"Ambos Sexos";"Rendimiento"
"2018-2019";"..";"Deportes";"Ambos Sexos";"Rendimiento"
"2017-2018";"..";"Deportes";"Ambos Sexos";"Rendimiento"
"2016-2017";"..";"Deportes";"Ambos Sexos";"Rendimiento"
"2015-2016";"..";"Deportes";"Ambos Sexos";"Rendimiento"
"2022-2023";"72.93";"Turismo y Hostelería";"Ambos Sexos";"Rendimiento"
"2021-2022";"71.85";"Turismo y Hostelería";"Ambos Sexos";"Rendimiento"
"2020-2021";"74.22";"Turismo y Hostelería";"Ambos Sexos";"Rendimiento"
"2019-2020";"82.59";"Turismo y Hostelería";"Ambos Sexos";"Rendimiento"
"2018-2019";"74.96";"Turismo y Hostelería";"Ambos Sexos";"Rendimiento"
"2017-2018";"74.19";"Turismo y Hostelería";"Ambos Sexos";"Rendimiento"
"2016-2017";"79.67";"Turismo y Hostelería";"Ambos Sexos";"Rendimiento"
"2015-2016";"79.53";"Turismo y Hostelería";"Ambos Sexos";"Rendimiento"
"2022-2023";"67.43";"Otros Servicios";"Ambos Sexos";"Rendimiento"
"2021-2022";"65.76";"Otros Servicios";"Ambos Sexos";"Rendimiento"
"2020-2021";"59.3";"Otros Servicios";"Ambos Sexos";"Rendimiento"
"2019-2020";"61.18";"Otros Servicios";"Ambos Sexos";"Rendimiento"
"2018-2019";"62.31";"Otros Servicios";"Ambos Sexos";"Rendimiento"
"2017-2018";"73.66";"Otros Servicios";"Ambos Sexos";"Rendimiento"
"2016-2017";"67.17";"Otros Servicios";"Ambos Sexos";"Rendimiento"
"2015-2016";"61.32";"Otros Servicios";"Ambos Sexos";"Rendimiento"
"2022-2023";"???";"Oviedo";"Ambos Sexos";"Exito"
"2021-2022";"???";"Oviedo";"Ambos Sexos";"Exito"
"2020-2021";"???";"Oviedo";"Ambos Sexos";"Exito"
"2019-2020";"???";"Oviedo";"Ambos Sexos";"Exito"
"2018-2019";"???";"Oviedo";"Ambos Sexos";"Exito"
"2017-2018";"???";"Oviedo";"Ambos Sexos";"Exito"
"2016-2017";"???";"Oviedo";"Ambos Sexos";"Exito"
"2015-2016";"???";"Oviedo";"Ambos Sexos";"Exito"
"2022-2023";"86.07";"Todos los ámbitos";"Ambos Sexos";"Exito"
"2021-2022";"85.76";"Todos los ámbitos";"Ambos Sexos";"Exito"
"2020-2021";"85.4";"Todos los ámbitos";"Ambos Sexos";"Exito"
"2019-2020";"89.94";"Todos los ámbitos";"Ambos Sexos";"Exito"
"2018-2019";"86.1";"Todos los ámbitos";"Ambos Sexos";"Exito"
"2017-2018";"85.31";"Todos los ámbitos";"Ambos Sexos";"Exito"
"2016-2017";"85.4";"Todos los ámbitos";"Ambos Sexos";"Exito"
"2015-2016";"84.91";"Todos los ámbitos";"Ambos Sexos";"Exito"
"2022-2023";"92.26";"Total Educación";"Ambos Sexos";"Exito"
"2021-2022";"91.58";"Total Educación";"Ambos Sexos";"Exito"
"2020-2021";"93.6";"Total Educación";"Ambos Sexos";"Exito"
"2019-2020";"94.63";"Total Educación";"Ambos Sexos";"Exito"
"2018-2019";"91.48";"Total Educación";"Ambos Sexos";"Exito"
"2017-2018";"90.65";"Total Educación";"Ambos Sexos";"Exito"
"2016-2017";"91.52";"Total Educación";"Ambos Sexos";"Exito"
"2015-2016";"90.53";"Total Educación";"Ambos Sexos";"Exito"
"2022-2023";"93.17";"Formación de docentes de enseñanza infantil";"Ambos Sexos";"Exito"
"2021-2022";"90.78";"Formación de docentes de enseñanza infantil";"Ambos Sexos";"Exito"
"2020-2021";"94.17";"Formación de docentes de enseñanza infantil";"Ambos Sexos";"Exito"
"2019-2020";"93.1";"Formación de docentes de enseñanza infantil";"Ambos Sexos";"Exito"
"2018-2019";"93.19";"Formación de docentes de enseñanza infantil";"Ambos Sexos";"Exito"
"2017-2018";"92.28";"Formación de docentes de enseñanza infantil";"Ambos Sexos";"Exito"
"2016-2017";"93.38";"Formación de docentes de enseñanza infantil";"Ambos Sexos";"Exito"
"2015-2016";"91.79";"Formación de docentes de enseñanza infantil";"Ambos Sexos";"Exito"
"2022-2023";"93.07";"Formación de docentes de enseñanza primaria";"Ambos Sexos";"Exito"
"2021-2022";"92.78";"Formación de docentes de enseñanza primaria";"Ambos Sexos";"Exito"
"2020-2021";"93.76";"Formación de docentes de enseñanza primaria";"Ambos Sexos";"Exito"
"2019-2020";"95.96";"Formación de docentes de enseñanza primaria";"Ambos Sexos";"Exito"
"2018-2019";"92.03";"Formación de docentes de enseñanza primaria";"Ambos Sexos";"Exito"
"2017-2018";"90.51";"Formación de docentes de enseñanza primaria";"Ambos Sexos";"Exito"
"2016-2017";"91.47";"Formación de docentes de enseñanza primaria";"Ambos Sexos";"Exito"
"2015-2016";"90.62";"Formación de docentes de enseñanza primaria";"Ambos Sexos";"Exito"
"2022-2023";"88.33";"Otra Formación de personal docente y ciencias de la educación";"Ambos Sexos";"Exito"
"2021-2022";"89.58";"Otra Formación de personal docente y ciencias de la educación";"Ambos Sexos";"Exito"
"2020-2021";"92.24";"Otra Formación de personal docente y ciencias de la educación";"Ambos Sexos";"Exito"
"2019-2020";"93.46";"Otra Formación de personal docente y ciencias de la educación";"Ambos Sexos";"Exito"
"2018-2019";"87.5";"Otra Formación de personal docente y ciencias de la educación";"Ambos Sexos";"Exito"
"2017-2018";"88.56";"Otra Formación de personal docente y ciencias de la educación";"Ambos Sexos";"Exito"
"2016-2017";"88.74";"Otra Formación de personal docente y ciencias de la educación";"Ambos Sexos";"Exito"
"2015-2016";"88.33";"Otra Formación de personal docente y ciencias de la educación";"Ambos Sexos";"Exito"
"2022-2023";"88.43";"Total Artes y humanidades";"Ambos Sexos";"Exito"
"2021-2022";"88.45";"Total Artes y humanidades";"Ambos Sexos";"Exito"
"2020-2021";"86.72";"Total Artes y humanidades";"Ambos Sexos";"Exito"
"2019-2020";"92.87";"Total Artes y humanidades";"Ambos Sexos";"Exito"
"2018-2019";"88.12";"Total Artes y humanidades";"Ambos Sexos";"Exito"
"2017-2018";"87.67";"Total Artes y humanidades";"Ambos Sexos";"Exito"
"2016-2017";"87.47";"Total Artes y humanidades";"Ambos Sexos";"Exito"
"2015-2016";"87.37";"Total Artes y humanidades";"Ambos Sexos";"Exito"
"2022-2023";"..";"Técnicas audiovisuales y medios de comunicación";"Ambos Sexos";"Exito"
"2021-2022";"..";"Técnicas audiovisuales y medios de comunicación";"Ambos Sexos";"Exito"
"2020-2021";"..";"Técnicas audiovisuales y medios de comunicación";"Ambos Sexos";"Exito"
"2019-2020";"..";"Técnicas audiovisuales y medios de comunicación";"Ambos Sexos";"Exito"
"2018-2019";"..";"Técnicas audiovisuales y medios de comunicación";"Ambos Sexos";"Exito"
"2017-2018";"..";"Técnicas audiovisuales y medios de comunicación";"Ambos Sexos";"Exito"
"2016-2017";"..";"Técnicas audiovisuales y medios de comunicación";"Ambos Sexos";"Exito"
"2015-2016";"..";"Técnicas audiovisuales y medios de comunicación";"Ambos Sexos";"Exito"
"2022-2023";"91.76";"Artes";"Ambos Sexos";"Exito"
"2021-2022";"91.76";"Artes";"Ambos Sexos";"Exito"
"2020-2021";"90.51";"Artes";"Ambos Sexos";"Exito"
"2019-2020";"95.22";"Artes";"Ambos Sexos";"Exito"
"2018-2019";"89.23";"Artes";"Ambos Sexos";"Exito"
"2017-2018";"88.81";"Artes";"Ambos Sexos";"Exito"
"2016-2017";"88.95";"Artes";"Ambos Sexos";"Exito"
"2015-2016";"89.4";"Artes";"Ambos Sexos";"Exito"
"2022-2023";"87.62";"Lenguas";"Ambos Sexos";"Exito"
"2021-2022";"87.52";"Lenguas";"Ambos Sexos";"Exito"
"2020-2021";"85.12";"Lenguas";"Ambos Sexos";"Exito"
"2019-2020";"91.9";"Lenguas";"Ambos Sexos";"Exito"
"2018-2019";"87.4";"Lenguas";"Ambos Sexos";"Exito"
"2017-2018";"87.27";"Lenguas";"Ambos Sexos";"Exito"
"2016-2017";"86.31";"Lenguas";"Ambos Sexos";"Exito"
"2015-2016";"86.29";"Lenguas";"Ambos Sexos";"Exito"
"2022-2023";"87.95";"Humanidades";"Ambos Sexos";"Exito"
"2021-2022";"88.15";"Humanidades";"Ambos Sexos";"Exito"
"2020-2021";"87.52";"Humanidades";"Ambos Sexos";"Exito"
"2019-2020";"93.44";"Humanidades";"Ambos Sexos";"Exito"
"2018-2019";"89.16";"Humanidades";"Ambos Sexos";"Exito"
"2017-2018";"87.99";"Humanidades";"Ambos Sexos";"Exito"
"2016-2017";"89.74";"Humanidades";"Ambos Sexos";"Exito"
"2015-2016";"88.97";"Humanidades";"Ambos Sexos";"Exito"
"2022-2023";"87.24";"Total Ciencias sociales, periodismo y documentación";"Ambos Sexos";"Exito"
"2021-2022";"87.12";"Total Ciencias sociales, periodismo y documentación";"Ambos Sexos";"Exito"
"2020-2021";"86.83";"Total Ciencias sociales, periodismo y documentación";"Ambos Sexos";"Exito"
"2019-2020";"90.55";"Total Ciencias sociales, periodismo y documentación";"Ambos Sexos";"Exito"
"2018-2019";"88.37";"Total Ciencias sociales, periodismo y documentación";"Ambos Sexos";"Exito"
"2017-2018";"87.53";"Total Ciencias sociales, periodismo y documentación";"Ambos Sexos";"Exito"
"2016-2017";"87.47";"Total Ciencias sociales, periodismo y documentación";"Ambos Sexos";"Exito"
"2015-2016";"87.0";"Total Ciencias sociales, periodismo y documentación";"Ambos Sexos";"Exito"
"2022-2023";"91.98";"Psicología";"Ambos Sexos";"Exito"
"2021-2022";"91.91";"Psicología";"Ambos Sexos";"Exito"
"2020-2021";"93.43";"Psicología";"Ambos Sexos";"Exito"
"2019-2020";"95.68";"Psicología";"Ambos Sexos";"Exito"
"2018-2019";"92.31";"Psicología";"Ambos Sexos";"Exito"
"2017-2018";"91.62";"Psicología";"Ambos Sexos";"Exito"
"2016-2017";"91.54";"Psicología";"Ambos Sexos";"Exito"
"2015-2016";"89.8";"Psicología";"Ambos Sexos";"Exito"
"2022-2023";"79.03";"Economía";"Ambos Sexos";"Exito"
"2021-2022";"78.84";"Economía";"Ambos Sexos";"Exito"
"2020-2021";"77.24";"Economía";"Ambos Sexos";"Exito"
"2019-2020";"83.57";"Economía";"Ambos Sexos";"Exito"
"2018-2019";"83.27";"Economía";"Ambos Sexos";"Exito"
"2017-2018";"82.48";"Economía";"Ambos Sexos";"Exito"
"2016-2017";"82.5";"Economía";"Ambos Sexos";"Exito"
"2015-2016";"83.8";"Economía";"Ambos Sexos";"Exito"
"2022-2023";"..";"Otras Ciencias sociales y del comportamiento";"Ambos Sexos";"Exito"
"2021-2022";"..";"Otras Ciencias sociales y del comportamiento";"Ambos Sexos";"Exito"
"2020-2021";"..";"Otras Ciencias sociales y del comportamiento";"Ambos Sexos";"Exito"
"2019-2020";"..";"Otras Ciencias sociales y del comportamiento";"Ambos Sexos";"Exito"
"2018-2019";"..";"Otras Ciencias sociales y del comportamiento";"Ambos Sexos";"Exito"
"2017-2018";"..";"Otras Ciencias sociales y del comportamiento";"Ambos Sexos";"Exito"
"2016-2017";"..";"Otras Ciencias sociales y del comportamiento";"Ambos Sexos";"Exito"
"2015-2016";"..";"Otras Ciencias sociales y del comportamiento";"Ambos Sexos";"Exito"
"2022-2023";"..";"Periodismo e información";"Ambos Sexos";"Exito"
"2021-2022";"..";"Periodismo e información";"Ambos Sexos";"Exito"
"2020-2021";"..";"Periodismo e información";"Ambos Sexos";"Exito"
"2019-2020";"..";"Periodismo e información";"Ambos Sexos";"Exito"
"2018-2019";"..";"Periodismo e información";"Ambos Sexos";"Exito"
"2017-2018";"..";"Periodismo e información";"Ambos Sexos";"Exito"
"2016-2017";"..";"Periodismo e información";"Ambos Sexos";"Exito"
"2015-2016";"..";"Periodismo e información";"Ambos Sexos";"Exito"
"2022-2023";"82.87";"Total Negocios, administración y derecho";"Ambos Sexos";"Exito"
"2021-2022";"81.53";"Total Negocios, administración y derecho";"Ambos Sexos";"Exito"
"2020-2021";"81.39";"Total Negocios, administración y derecho";"Ambos Sexos";"Exito"
"2019-2020";"88.45";"Total Negocios, administración y derecho";"Ambos Sexos";"Exito"
"2018-2019";"84.81";"Total Negocios, administración y derecho";"Ambos Sexos";"Exito"
"2017-2018";"83.14";"Total Negocios, administración y derecho";"Ambos Sexos";"Exito"
"2016-2017";"83.15";"Total Negocios, administración y derecho";"Ambos Sexos";"Exito"
"2015-2016";"82.36";"Total Negocios, administración y derecho";"Ambos Sexos";"Exito"
"2022-2023";"78.44";"Administración y gestión de empresas";"Ambos Sexos";"Exito"
"2021-2022";"78.43";"Administración y gestión de empresas";"Ambos Sexos";"Exito"
"2020-2021";"77.22";"Administración y gestión de empresas";"Ambos Sexos";"Exito"
"2019-2020";"84.78";"Administración y gestión de empresas";"Ambos Sexos";"Exito"
"2018-2019";"82.06";"Administración y gestión de empresas";"Ambos Sexos";"Exito"
"2017-2018";"79.29";"Administración y gestión de empresas";"Ambos Sexos";"Exito"
"2016-2017";"81.13";"Administración y gestión de empresas";"Ambos Sexos";"Exito"
"2015-2016";"79.7";"Administración y gestión de empresas";"Ambos Sexos";"Exito"
"2022-2023";"84.43";"Otra Educación comercial y empresarial";"Ambos Sexos";"Exito"
"2021-2022";"81.79";"Otra Educación comercial y empresarial";"Ambos Sexos";"Exito"
"2020-2021";"83.64";"Otra Educación comercial y empresarial";"Ambos Sexos";"Exito"
"2019-2020";"89.88";"Otra Educación comercial y empresarial";"Ambos Sexos";"Exito"
"2018-2019";"86.93";"Otra Educación comercial y empresarial";"Ambos Sexos";"Exito"
"2017-2018";"86.26";"Otra Educación comercial y empresarial";"Ambos Sexos";"Exito"
"2016-2017";"82.06";"Otra Educación comercial y empresarial";"Ambos Sexos";"Exito"
"2015-2016";"83.59";"Otra Educación comercial y empresarial";"Ambos Sexos";"Exito"
"2022-2023";"84.9";"Derecho";"Ambos Sexos";"Exito"
"2021-2022";"83.37";"Derecho";"Ambos Sexos";"Exito"
"2020-2021";"82.84";"Derecho";"Ambos Sexos";"Exito"
"2019-2020";"90.02";"Derecho";"Ambos Sexos";"Exito"
"2018-2019";"85.41";"Derecho";"Ambos Sexos";"Exito"
"2017-2018";"83.83";"Derecho";"Ambos Sexos";"Exito"
"2016-2017";"85.12";"Derecho";"Ambos Sexos";"Exito"
"2015-2016";"83.71";"Derecho";"Ambos Sexos";"Exito"
"2022-2023";"87.45";"Total Ciencias";"Ambos Sexos";"Exito"
"2021-2022";"87.61";"Total Ciencias";"Ambos Sexos";"Exito"
"2020-2021";"86.04";"Total Ciencias";"Ambos Sexos";"Exito"
"2019-2020";"91.01";"Total Ciencias";"Ambos Sexos";"Exito"
"2018-2019";"85.57";"Total Ciencias";"Ambos Sexos";"Exito"
"2017-2018";"85.11";"Total Ciencias";"Ambos Sexos";"Exito"
"2016-2017";"85.16";"Total Ciencias";"Ambos Sexos";"Exito"
"2015-2016";"84.87";"Total Ciencias";"Ambos Sexos";"Exito"
"2022-2023";"88.39";"Ciencias de la vida";"Ambos Sexos";"Exito"
"2021-2022";"88.79";"Ciencias de la vida";"Ambos Sexos";"Exito"
"2020-2021";"85.64";"Ciencias de la vida";"Ambos Sexos";"Exito"
"2019-2020";"91.82";"Ciencias de la vida";"Ambos Sexos";"Exito"
"2018-2019";"87.61";"Ciencias de la vida";"Ambos Sexos";"Exito"
"2017-2018";"86.55";"Ciencias de la vida";"Ambos Sexos";"Exito"
"2016-2017";"87.46";"Ciencias de la vida";"Ambos Sexos";"Exito"
"2015-2016";"87.8";"Ciencias de la vida";"Ambos Sexos";"Exito"
"2022-2023";"86.16";"Ciencias Físicas, químicas, geológicas";"Ambos Sexos";"Exito"
"2021-2022";"86.72";"Ciencias Físicas, químicas, geológicas";"Ambos Sexos";"Exito"
"2020-2021";"86.82";"Ciencias Físicas, químicas, geológicas";"Ambos Sexos";"Exito"
"2019-2020";"90.69";"Ciencias Físicas, químicas, geológicas";"Ambos Sexos";"Exito"
"2018-2019";"85.44";"Ciencias Físicas, químicas, geológicas";"Ambos Sexos";"Exito"
"2017-2018";"85.34";"Ciencias Físicas, químicas, geológicas";"Ambos Sexos";"Exito"
"2016-2017";"84.49";"Ciencias Físicas, químicas, geológicas";"Ambos Sexos";"Exito"
"2015-2016";"83.7";"Ciencias Físicas, químicas, geológicas";"Ambos Sexos";"Exito"
"2022-2023";"88.31";"Matemáticas y Estadística";"Ambos Sexos";"Exito"
"2021-2022";"87.52";"Matemáticas y Estadística";"Ambos Sexos";"Exito"
"2020-2021";"83.8";"Matemáticas y Estadística";"Ambos Sexos";"Exito"
"2019-2020";"89.22";"Matemáticas y Estadística";"Ambos Sexos";"Exito"
"2018-2019";"75.16";"Matemáticas y Estadística";"Ambos Sexos";"Exito"
"2017-2018";"74.62";"Matemáticas y Estadística";"Ambos Sexos";"Exito"
"2016-2017";"77.11";"Matemáticas y Estadística";"Ambos Sexos";"Exito"
"2015-2016";"75.84";"Matemáticas y Estadística";"Ambos Sexos";"Exito"
"2022-2023";"79.57";"Total Informática";"Ambos Sexos";"Exito"
"2021-2022";"79.43";"Total Informática";"Ambos Sexos";"Exito"
"2020-2021";"79.48";"Total Informática";"Ambos Sexos";"Exito"
"2019-2020";"80.63";"Total Informática";"Ambos Sexos";"Exito"
"2018-2019";"77.75";"Total Informática";"Ambos Sexos";"Exito"
"2017-2018";"78.5";"Total Informática";"Ambos Sexos";"Exito"
"2016-2017";"76.82";"Total Informática";"Ambos Sexos";"Exito"
"2015-2016";"76.24";"Total Informática";"Ambos Sexos";"Exito"
"2022-2023";"79.57";"Informática";"Ambos Sexos";"Exito"
"2021-2022";"79.43";"Informática";"Ambos Sexos";"Exito"
"2020-2021";"79.48";"Informática";"Ambos Sexos";"Exito"
"2019-2020";"80.63";"Informática";"Ambos Sexos";"Exito"
"2018-2019";"77.75";"Informática";"Ambos Sexos";"Exito"
"2017-2018";"78.5";"Informática";"Ambos Sexos";"Exito"
"2016-2017";"76.82";"Informática";"Ambos Sexos";"Exito"
"2015-2016";"76.24";"Informática";"Ambos Sexos";"Exito"
"2022-2023";"76.79";"Total Ingeniería, industria y construcción";"Ambos Sexos";"Exito"
"2021-2022";"76.21";"Total Ingeniería, industria y construcción";"Ambos Sexos";"Exito"
"2020-2021";"75.18";"Total Ingeniería, industria y construcción";"Ambos Sexos";"Exito"
"2019-2020";"80.99";"Total Ingeniería, industria y construcción";"Ambos Sexos";"Exito"
"2018-2019";"77.41";"Total Ingeniería, industria y construcción";"Ambos Sexos";"Exito"
"2017-2018";"76.85";"Total Ingeniería, industria y construcción";"Ambos Sexos";"Exito"
"2016-2017";"76.28";"Total Ingeniería, industria y construcción";"Ambos Sexos";"Exito"
"2015-2016";"76.82";"Total Ingeniería, industria y construcción";"Ambos Sexos";"Exito"
"2022-2023";"75.81";"Ingenierías";"Ambos Sexos";"Exito"
"2021-2022";"75.2";"Ingenierías";"Ambos Sexos";"Exito"
"2020-2021";"74.59";"Ingenierías";"Ambos Sexos";"Exito"
"2019-2020";"80.42";"Ingenierías";"Ambos Sexos";"Exito"
"2018-2019";"76.58";"Ingenierías";"Ambos Sexos";"Exito"
"2017-2018";"76.11";"Ingenierías";"Ambos Sexos";"Exito"
"2016-2017";"76.12";"Ingenierías";"Ambos Sexos";"Exito"
"2015-2016";"76.1";"Ingenierías";"Ambos Sexos";"Exito"
"2022-2023";"85.76";"Arquitectura y construcción";"Ambos Sexos";"Exito"
"2021-2022";"84.98";"Arquitectura y construcción";"Ambos Sexos";"Exito"
"2020-2021";"79.95";"Arquitectura y construcción";"Ambos Sexos";"Exito"
"2019-2020";"85.85";"Arquitectura y construcción";"Ambos Sexos";"Exito"
"2018-2019";"83.97";"Arquitectura y construcción";"Ambos Sexos";"Exito"
"2017-2018";"82.81";"Arquitectura y construcción";"Ambos Sexos";"Exito"
"2016-2017";"77.51";"Arquitectura y construcción";"Ambos Sexos";"Exito"
"2015-2016";"82.09";"Arquitectura y construcción";"Ambos Sexos";"Exito"
"2022-2023";"83.33";"Total Agricultura, ganadería,  silvicultura, pesca, y veterinaria";"Ambos Sexos";"Exito"
"2021-2022";"83.91";"Total Agricultura, ganadería,  silvicultura, pesca, y veterinaria";"Ambos Sexos";"Exito"
"2020-2021";"79.58";"Total Agricultura, ganadería,  silvicultura, pesca, y veterinaria";"Ambos Sexos";"Exito"
"2019-2020";"80.61";"Total Agricultura, ganadería,  silvicultura, pesca, y veterinaria";"Ambos Sexos";"Exito"
"2018-2019";"79.02";"Total Agricultura, ganadería,  silvicultura, pesca, y veterinaria";"Ambos Sexos";"Exito"
"2017-2018";"76.69";"Total Agricultura, ganadería,  silvicultura, pesca, y veterinaria";"Ambos Sexos";"Exito"
"2016-2017";"81.19";"Total Agricultura, ganadería,  silvicultura, pesca, y veterinaria";"Ambos Sexos";"Exito"
"2015-2016";"76.25";"Total Agricultura, ganadería,  silvicultura, pesca, y veterinaria";"Ambos Sexos";"Exito"
"2022-2023";"83.33";"Agricultura, ganadería y pesca";"Ambos Sexos";"Exito"
"2021-2022";"83.91";"Agricultura, ganadería y pesca";"Ambos Sexos";"Exito"
"2020-2021";"79.58";"Agricultura, ganadería y pesca";"Ambos Sexos";"Exito"
"2019-2020";"80.61";"Agricultura, ganadería y pesca";"Ambos Sexos";"Exito"
"2018-2019";"79.02";"Agricultura, ganadería y pesca";"Ambos Sexos";"Exito"
"2017-2018";"76.69";"Agricultura, ganadería y pesca";"Ambos Sexos";"Exito"
"2016-2017";"81.19";"Agricultura, ganadería y pesca";"Ambos Sexos";"Exito"
"2015-2016";"76.25";"Agricultura, ganadería y pesca";"Ambos Sexos";"Exito"
"2022-2023";"..";"Veterinaria";"Ambos Sexos";"Exito"
"2021-2022";"..";"Veterinaria";"Ambos Sexos";"Exito"
"2020-2021";"..";"Veterinaria";"Ambos Sexos";"Exito"
"2019-2020";"..";"Veterinaria";"Ambos Sexos";"Exito"
"2018-2019";"..";"Veterinaria";"Ambos Sexos";"Exito"
"2017-2018";"..";"Veterinaria";"Ambos Sexos";"Exito"
"2016-2017";"..";"Veterinaria";"Ambos Sexos";"Exito"
"2015-2016";"..";"Veterinaria";"Ambos Sexos";"Exito"
"2022-2023";"91.5";"Total Salud y servicios sociales";"Ambos Sexos";"Exito"
"2021-2022";"92.1";"Total Salud y servicios sociales";"Ambos Sexos";"Exito"
"2020-2021";"91.62";"Total Salud y servicios sociales";"Ambos Sexos";"Exito"
"2019-2020";"95.65";"Total Salud y servicios sociales";"Ambos Sexos";"Exito"
"2018-2019";"92.22";"Total Salud y servicios sociales";"Ambos Sexos";"Exito"
"2017-2018";"91.88";"Total Salud y servicios sociales";"Ambos Sexos";"Exito"
"2016-2017";"93.06";"Total Salud y servicios sociales";"Ambos Sexos";"Exito"
"2015-2016";"92.65";"Total Salud y servicios sociales";"Ambos Sexos";"Exito"
"2022-2023";"92.4";"Medicina";"Ambos Sexos";"Exito"
"2021-2022";"93.43";"Medicina";"Ambos Sexos";"Exito"
"2020-2021";"93.35";"Medicina";"Ambos Sexos";"Exito"
"2019-2020";"96.24";"Medicina";"Ambos Sexos";"Exito"
"2018-2019";"94.11";"Medicina";"Ambos Sexos";"Exito"
"2017-2018";"93.8";"Medicina";"Ambos Sexos";"Exito"
"2016-2017";"95.74";"Medicina";"Ambos Sexos";"Exito"
"2015-2016";"95.06";"Medicina";"Ambos Sexos";"Exito"
"2022-2023";"93.98";"Enfermería y atención a enfermos";"Ambos Sexos";"Exito"
"2021-2022";"93.69";"Enfermería y atención a enfermos";"Ambos Sexos";"Exito"
"2020-2021";"92.06";"Enfermería y atención a enfermos";"Ambos Sexos";"Exito"
"2019-2020";"96.46";"Enfermería y atención a enfermos";"Ambos Sexos";"Exito"
"2018-2019";"92.53";"Enfermería y atención a enfermos";"Ambos Sexos";"Exito"
"2017-2018";"93.98";"Enfermería y atención a enfermos";"Ambos Sexos";"Exito"
"2016-2017";"92.86";"Enfermería y atención a enfermos";"Ambos Sexos";"Exito"
"2015-2016";"94.27";"Enfermería y atención a enfermos";"Ambos Sexos";"Exito"
"2022-2023";"89.95";"Otras ciencias de la Salud";"Ambos Sexos";"Exito"
"2021-2022";"91.51";"Otras ciencias de la Salud";"Ambos Sexos";"Exito"
"2020-2021";"91.26";"Otras ciencias de la Salud";"Ambos Sexos";"Exito"
"2019-2020";"95.45";"Otras ciencias de la Salud";"Ambos Sexos";"Exito"
"2018-2019";"91.63";"Otras ciencias de la Salud";"Ambos Sexos";"Exito"
"2017-2018";"90.68";"Otras ciencias de la Salud";"Ambos Sexos";"Exito"
"2016-2017";"92.74";"Otras ciencias de la Salud";"Ambos Sexos";"Exito"
"2015-2016";"90.66";"Otras ciencias de la Salud";"Ambos Sexos";"Exito"
"2022-2023";"85.81";"Trabajo social y orientación";"Ambos Sexos";"Exito"
"2021-2022";"85.95";"Trabajo social y orientación";"Ambos Sexos";"Exito"
"2020-2021";"86.45";"Trabajo social y orientación";"Ambos Sexos";"Exito"
"2019-2020";"92.83";"Trabajo social y orientación";"Ambos Sexos";"Exito"
"2018-2019";"86.88";"Trabajo social y orientación";"Ambos Sexos";"Exito"
"2017-2018";"83.24";"Trabajo social y orientación";"Ambos Sexos";"Exito"
"2016-2017";"85.09";"Trabajo social y orientación";"Ambos Sexos";"Exito"
"2015-2016";"84.88";"Trabajo social y orientación";"Ambos Sexos";"Exito"
"2022-2023";"82.05";"Total Servicios";"Ambos Sexos";"Exito"
"2021-2022";"82.66";"Total Servicios";"Ambos Sexos";"Exito"
"2020-2021";"82.02";"Total Servicios";"Ambos Sexos";"Exito"
"2019-2020";"87.24";"Total Servicios";"Ambos Sexos";"Exito"
"2018-2019";"81.76";"Total Servicios";"Ambos Sexos";"Exito"
"2017-2018";"84.23";"Total Servicios";"Ambos Sexos";"Exito"
"2016-2017";"86.46";"Total Servicios";"Ambos Sexos";"Exito"
"2015-2016";"86.44";"Total Servicios";"Ambos Sexos";"Exito"
"2022-2023";"..";"Deportes";"Ambos Sexos";"Exito"
"2021-2022";"..";"Deportes";"Ambos Sexos";"Exito"
"2020-2021";"..";"Deportes";"Ambos Sexos";"Exito"
"2019-2020";"..";"Deportes";"Ambos Sexos";"Exito"
"2018-2019";"..";"Deportes";"Ambos Sexos";"Exito"
"2017-2018";"..";"Deportes";"Ambos Sexos";"Exito"
"2016-2017";"..";"Deportes";"Ambos Sexos";"Exito"
"2015-2016";"..";"Deportes";"Ambos Sexos";"Exito"
"2022-2023";"84.82";"Turismo y Hostelería";"Ambos Sexos";"Exito"
"2021-2022";"84.62";"Turismo y Hostelería";"Ambos Sexos";"Exito"
"2020-2021";"84.18";"Turismo y Hostelería";"Ambos Sexos";"Exito"
"2019-2020";"90.79";"Turismo y Hostelería";"Ambos Sexos";"Exito"
"2018-2019";"83.92";"Turismo y Hostelería";"Ambos Sexos";"Exito"
"2017-2018";"84.64";"Turismo y Hostelería";"Ambos Sexos";"Exito"
"2016-2017";"88.49";"Turismo y Hostelería";"Ambos Sexos";"Exito"
"2015-2016";"88.03";"Turismo y Hostelería";"Ambos Sexos";"Exito"
"2022-2023";"78.23";"Otros Servicios";"Ambos Sexos";"Exito"
"2021-2022";"78.89";"Otros Servicios";"Ambos Sexos";"Exito"
"2020-2021";"75.89";"Otros Servicios";"Ambos Sexos";"Exito"
"2019-2020";"76.82";"Otros Servicios";"Ambos Sexos";"Exito"
"2018-2019";"75.38";"Otros Servicios";"Ambos Sexos";"Exito"
"2017-2018";"83.05";"Otros Servicios";"Ambos Sexos";"Exito"
"2016-2017";"78.66";"Otros Servicios";"Ambos Sexos";"Exito"
"2015-2016";"80.11";"Otros Servicios";"Ambos Sexos";"Exito"
"2022-2023";"???";"Oviedo";"Ambos Sexos";"Evaluacion"
"2021-2022";"???";"Oviedo";"Ambos Sexos";"Evaluacion"
"2020-2021";"???";"Oviedo";"Ambos Sexos";"Evaluacion"
"2019-2020";"???";"Oviedo";"Ambos Sexos";"Evaluacion"
"2018-2019";"???";"Oviedo";"Ambos Sexos";"Evaluacion"
"2017-2018";"???";"Oviedo";"Ambos Sexos";"Evaluacion"
"2016-2017";"???";"Oviedo";"Ambos Sexos";"Evaluacion"
"2015-2016";"???";"Oviedo";"Ambos Sexos";"Evaluacion"
"2022-2023";"88.51";"Todos los ámbitos";"Ambos Sexos";"Evaluacion"
"2021-2022";"87.32";"Todos los ámbitos";"Ambos Sexos";"Evaluacion"
"2020-2021";"87.41";"Todos los ámbitos";"Ambos Sexos";"Evaluacion"
"2019-2020";"91.38";"Todos los ámbitos";"Ambos Sexos";"Evaluacion"
"2018-2019";"88.24";"Todos los ámbitos";"Ambos Sexos";"Evaluacion"
"2017-2018";"88.23";"Todos los ámbitos";"Ambos Sexos";"Evaluacion"
"2016-2017";"88.11";"Todos los ámbitos";"Ambos Sexos";"Evaluacion"
"2015-2016";"88.36";"Todos los ámbitos";"Ambos Sexos";"Evaluacion"
"2022-2023";"94.52";"Total Educación";"Ambos Sexos";"Evaluacion"
"2021-2022";"94.23";"Total Educación";"Ambos Sexos";"Evaluacion"
"2020-2021";"94.89";"Total Educación";"Ambos Sexos";"Evaluacion"
"2019-2020";"96.09";"Total Educación";"Ambos Sexos";"Evaluacion"
"2018-2019";"93.48";"Total Educación";"Ambos Sexos";"Evaluacion"
"2017-2018";"93.08";"Total Educación";"Ambos Sexos";"Evaluacion"
"2016-2017";"92.65";"Total Educación";"Ambos Sexos";"Evaluacion"
"2015-2016";"93.48";"Total Educación";"Ambos Sexos";"Evaluacion"
"2022-2023";"95.13";"Formación de docentes de enseñanza infantil";"Ambos Sexos";"Evaluacion"
"2021-2022";"94.57";"Formación de docentes de enseñanza infantil";"Ambos Sexos";"Evaluacion"
"2020-2021";"95.72";"Formación de docentes de enseñanza infantil";"Ambos Sexos";"Evaluacion"
"2019-2020";"96.2";"Formación de docentes de enseñanza infantil";"Ambos Sexos";"Evaluacion"
"2018-2019";"95.28";"Formación de docentes de enseñanza infantil";"Ambos Sexos";"Evaluacion"
"2017-2018";"94.94";"Formación de docentes de enseñanza infantil";"Ambos Sexos";"Evaluacion"
"2016-2017";"94.52";"Formación de docentes de enseñanza infantil";"Ambos Sexos";"Evaluacion"
"2015-2016";"94.89";"Formación de docentes de enseñanza infantil";"Ambos Sexos";"Evaluacion"
"2022-2023";"94.92";"Formación de docentes de enseñanza primaria";"Ambos Sexos";"Evaluacion"
"2021-2022";"94.39";"Formación de docentes de enseñanza primaria";"Ambos Sexos";"Evaluacion"
"2020-2021";"94.41";"Formación de docentes de enseñanza primaria";"Ambos Sexos";"Evaluacion"
"2019-2020";"96.3";"Formación de docentes de enseñanza primaria";"Ambos Sexos";"Evaluacion"
"2018-2019";"92.87";"Formación de docentes de enseñanza primaria";"Ambos Sexos";"Evaluacion"
"2017-2018";"92.02";"Formación de docentes de enseñanza primaria";"Ambos Sexos";"Evaluacion"
"2016-2017";"91.87";"Formación de docentes de enseñanza primaria";"Ambos Sexos";"Evaluacion"
"2015-2016";"93.19";"Formación de docentes de enseñanza primaria";"Ambos Sexos";"Evaluacion"
"2022-2023";"92.38";"Otra Formación de personal docente y ciencias de la educación";"Ambos Sexos";"Evaluacion"
"2021-2022";"93.22";"Otra Formación de personal docente y ciencias de la educación";"Ambos Sexos";"Evaluacion"
"2020-2021";"94.86";"Otra Formación de personal docente y ciencias de la educación";"Ambos Sexos";"Evaluacion"
"2019-2020";"95.32";"Otra Formación de personal docente y ciencias de la educación";"Ambos Sexos";"Evaluacion"
"2018-2019";"92.33";"Otra Formación de personal docente y ciencias de la educación";"Ambos Sexos";"Evaluacion"
"2017-2018";"93.02";"Otra Formación de personal docente y ciencias de la educación";"Ambos Sexos";"Evaluacion"
"2016-2017";"91.77";"Otra Formación de personal docente y ciencias de la educación";"Ambos Sexos";"Evaluacion"
"2015-2016";"92.03";"Otra Formación de personal docente y ciencias de la educación";"Ambos Sexos";"Evaluacion"
"2022-2023";"85.98";"Total Artes y humanidades";"Ambos Sexos";"Evaluacion"
"2021-2022";"85.42";"Total Artes y humanidades";"Ambos Sexos";"Evaluacion"
"2020-2021";"85.99";"Total Artes y humanidades";"Ambos Sexos";"Evaluacion"
"2019-2020";"89.29";"Total Artes y humanidades";"Ambos Sexos";"Evaluacion"
"2018-2019";"85.5";"Total Artes y humanidades";"Ambos Sexos";"Evaluacion"
"2017-2018";"86.88";"Total Artes y humanidades";"Ambos Sexos";"Evaluacion"
"2016-2017";"85.36";"Total Artes y humanidades";"Ambos Sexos";"Evaluacion"
"2015-2016";"87.47";"Total Artes y humanidades";"Ambos Sexos";"Evaluacion"
"2022-2023";"..";"Técnicas audiovisuales y medios de comunicación";"Ambos Sexos";"Evaluacion"
"2021-2022";"..";"Técnicas audiovisuales y medios de comunicación";"Ambos Sexos";"Evaluacion"
"2020-2021";"..";"Técnicas audiovisuales y medios de comunicación";"Ambos Sexos";"Evaluacion"
"2019-2020";"..";"Técnicas audiovisuales y medios de comunicación";"Ambos Sexos";"Evaluacion"
"2018-2019";"..";"Técnicas audiovisuales y medios de comunicación";"Ambos Sexos";"Evaluacion"
"2017-2018";"..";"Técnicas audiovisuales y medios de comunicación";"Ambos Sexos";"Evaluacion"
"2016-2017";"..";"Técnicas audiovisuales y medios de comunicación";"Ambos Sexos";"Evaluacion"
"2015-2016";"..";"Técnicas audiovisuales y medios de comunicación";"Ambos Sexos";"Evaluacion"
"2022-2023";"89.31";"Artes";"Ambos Sexos";"Evaluacion"
"2021-2022";"86.61";"Artes";"Ambos Sexos";"Evaluacion"
"2020-2021";"87.8";"Artes";"Ambos Sexos";"Evaluacion"
"2019-2020";"89.27";"Artes";"Ambos Sexos";"Evaluacion"
"2018-2019";"84.27";"Artes";"Ambos Sexos";"Evaluacion"
"2017-2018";"84.02";"Artes";"Ambos Sexos";"Evaluacion"
"2016-2017";"84.48";"Artes";"Ambos Sexos";"Evaluacion"
"2015-2016";"81.37";"Artes";"Ambos Sexos";"Evaluacion"
"2022-2023";"86.35";"Lenguas";"Ambos Sexos";"Evaluacion"
"2021-2022";"86.32";"Lenguas";"Ambos Sexos";"Evaluacion"
"2020-2021";"87.72";"Lenguas";"Ambos Sexos";"Evaluacion"
"2019-2020";"90.14";"Lenguas";"Ambos Sexos";"Evaluacion"
"2018-2019";"87.93";"Lenguas";"Ambos Sexos";"Evaluacion"
"2017-2018";"88.88";"Lenguas";"Ambos Sexos";"Evaluacion"
"2016-2017";"87.76";"Lenguas";"Ambos Sexos";"Evaluacion"
"2015-2016";"89.73";"Lenguas";"Ambos Sexos";"Evaluacion"
"2022-2023";"83.48";"Humanidades";"Ambos Sexos";"Evaluacion"
"2021-2022";"83.02";"Humanidades";"Ambos Sexos";"Evaluacion"
"2020-2021";"81.52";"Humanidades";"Ambos Sexos";"Evaluacion"
"2019-2020";"87.57";"Humanidades";"Ambos Sexos";"Evaluacion"
"2018-2019";"80.95";"Humanidades";"Ambos Sexos";"Evaluacion"
"2017-2018";"83.88";"Humanidades";"Ambos Sexos";"Evaluacion"
"2016-2017";"79.85";"Humanidades";"Ambos Sexos";"Evaluacion"
"2015-2016";"85.52";"Humanidades";"Ambos Sexos";"Evaluacion"
"2022-2023";"90.61";"Total Ciencias sociales, periodismo y documentación";"Ambos Sexos";"Evaluacion"
"2021-2022";"88.64";"Total Ciencias sociales, periodismo y documentación";"Ambos Sexos";"Evaluacion"
"2020-2021";"90.96";"Total Ciencias sociales, periodismo y documentación";"Ambos Sexos";"Evaluacion"
"2019-2020";"94.0";"Total Ciencias sociales, periodismo y documentación";"Ambos Sexos";"Evaluacion"
"2018-2019";"92.33";"Total Ciencias sociales, periodismo y documentación";"Ambos Sexos";"Evaluacion"
"2017-2018";"92.15";"Total Ciencias sociales, periodismo y documentación";"Ambos Sexos";"Evaluacion"
"2016-2017";"91.99";"Total Ciencias sociales, periodismo y documentación";"Ambos Sexos";"Evaluacion"
"2015-2016";"92.52";"Total Ciencias sociales, periodismo y documentación";"Ambos Sexos";"Evaluacion"
"2022-2023";"95.14";"Psicología";"Ambos Sexos";"Evaluacion"
"2021-2022";"94.1";"Psicología";"Ambos Sexos";"Evaluacion"
"2020-2021";"96.9";"Psicología";"Ambos Sexos";"Evaluacion"
"2019-2020";"97.26";"Psicología";"Ambos Sexos";"Evaluacion"
"2018-2019";"96.5";"Psicología";"Ambos Sexos";"Evaluacion"
"2017-2018";"95.25";"Psicología";"Ambos Sexos";"Evaluacion"
"2016-2017";"95.99";"Psicología";"Ambos Sexos";"Evaluacion"
"2015-2016";"95.82";"Psicología";"Ambos Sexos";"Evaluacion"
"2022-2023";"83.69";"Economía";"Ambos Sexos";"Evaluacion"
"2021-2022";"80.54";"Economía";"Ambos Sexos";"Evaluacion"
"2020-2021";"83.52";"Economía";"Ambos Sexos";"Evaluacion"
"2019-2020";"89.9";"Economía";"Ambos Sexos";"Evaluacion"
"2018-2019";"87.44";"Economía";"Ambos Sexos";"Evaluacion"
"2017-2018";"88.58";"Economía";"Ambos Sexos";"Evaluacion"
"2016-2017";"87.52";"Economía";"Ambos Sexos";"Evaluacion"
"2015-2016";"89.01";"Economía";"Ambos Sexos";"Evaluacion"
"2022-2023";"..";"Otras Ciencias sociales y del comportamiento";"Ambos Sexos";"Evaluacion"
"2021-2022";"..";"Otras Ciencias sociales y del comportamiento";"Ambos Sexos";"Evaluacion"
"2020-2021";"..";"Otras Ciencias sociales y del comportamiento";"Ambos Sexos";"Evaluacion"
"2019-2020";"..";"Otras Ciencias sociales y del comportamiento";"Ambos Sexos";"Evaluacion"
"2018-2019";"..";"Otras Ciencias sociales y del comportamiento";"Ambos Sexos";"Evaluacion"
"2017-2018";"..";"Otras Ciencias sociales y del comportamiento";"Ambos Sexos";"Evaluacion"
"2016-2017";"..";"Otras Ciencias sociales y del comportamiento";"Ambos Sexos";"Evaluacion"
"2015-2016";"..";"Otras Ciencias sociales y del comportamiento";"Ambos Sexos";"Evaluacion"
"2022-2023";"..";"Periodismo e información";"Ambos Sexos";"Evaluacion"
"2021-2022";"..";"Periodismo e información";"Ambos Sexos";"Evaluacion"
"2020-2021";"..";"Periodismo e información";"Ambos Sexos";"Evaluacion"
"2019-2020";"..";"Periodismo e información";"Ambos Sexos";"Evaluacion"
"2018-2019";"..";"Periodismo e información";"Ambos Sexos";"Evaluacion"
"2017-2018";"..";"Periodismo e información";"Ambos Sexos";"Evaluacion"
"2016-2017";"..";"Periodismo e información";"Ambos Sexos";"Evaluacion"
"2015-2016";"..";"Periodismo e información";"Ambos Sexos";"Evaluacion"
"2022-2023";"85.59";"Total Negocios, administración y derecho";"Ambos Sexos";"Evaluacion"
"2021-2022";"84.02";"Total Negocios, administración y derecho";"Ambos Sexos";"Evaluacion"
"2020-2021";"84.3";"Total Negocios, administración y derecho";"Ambos Sexos";"Evaluacion"
"2019-2020";"89.86";"Total Negocios, administración y derecho";"Ambos Sexos";"Evaluacion"
"2018-2019";"85.3";"Total Negocios, administración y derecho";"Ambos Sexos";"Evaluacion"
"2017-2018";"85.21";"Total Negocios, administración y derecho";"Ambos Sexos";"Evaluacion"
"2016-2017";"85.82";"Total Negocios, administración y derecho";"Ambos Sexos";"Evaluacion"
"2015-2016";"86.01";"Total Negocios, administración y derecho";"Ambos Sexos";"Evaluacion"
"2022-2023";"85.33";"Administración y gestión de empresas";"Ambos Sexos";"Evaluacion"
"2021-2022";"84.55";"Administración y gestión de empresas";"Ambos Sexos";"Evaluacion"
"2020-2021";"82.89";"Administración y gestión de empresas";"Ambos Sexos";"Evaluacion"
"2019-2020";"89.31";"Administración y gestión de empresas";"Ambos Sexos";"Evaluacion"
"2018-2019";"84.05";"Administración y gestión de empresas";"Ambos Sexos";"Evaluacion"
"2017-2018";"83.93";"Administración y gestión de empresas";"Ambos Sexos";"Evaluacion"
"2016-2017";"85.35";"Administración y gestión de empresas";"Ambos Sexos";"Evaluacion"
"2015-2016";"86.42";"Administración y gestión de empresas";"Ambos Sexos";"Evaluacion"
"2022-2023";"86.8";"Otra Educación comercial y empresarial";"Ambos Sexos";"Evaluacion"
"2021-2022";"84.33";"Otra Educación comercial y empresarial";"Ambos Sexos";"Evaluacion"
"2020-2021";"86.49";"Otra Educación comercial y empresarial";"Ambos Sexos";"Evaluacion"
"2019-2020";"91.04";"Otra Educación comercial y empresarial";"Ambos Sexos";"Evaluacion"
"2018-2019";"87.27";"Otra Educación comercial y empresarial";"Ambos Sexos";"Evaluacion"
"2017-2018";"85.58";"Otra Educación comercial y empresarial";"Ambos Sexos";"Evaluacion"
"2016-2017";"86.18";"Otra Educación comercial y empresarial";"Ambos Sexos";"Evaluacion"
"2015-2016";"87.05";"Otra Educación comercial y empresarial";"Ambos Sexos";"Evaluacion"
"2022-2023";"85.12";"Derecho";"Ambos Sexos";"Evaluacion"
"2021-2022";"83.51";"Derecho";"Ambos Sexos";"Evaluacion"
"2020-2021";"84.05";"Derecho";"Ambos Sexos";"Evaluacion"
"2019-2020";"89.6";"Derecho";"Ambos Sexos";"Evaluacion"
"2018-2019";"85.11";"Derecho";"Ambos Sexos";"Evaluacion"
"2017-2018";"85.8";"Derecho";"Ambos Sexos";"Evaluacion"
"2016-2017";"85.94";"Derecho";"Ambos Sexos";"Evaluacion"
"2015-2016";"85.09";"Derecho";"Ambos Sexos";"Evaluacion"
"2022-2023";"89.85";"Total Ciencias";"Ambos Sexos";"Evaluacion"
"2021-2022";"88.95";"Total Ciencias";"Ambos Sexos";"Evaluacion"
"2020-2021";"88.86";"Total Ciencias";"Ambos Sexos";"Evaluacion"
"2019-2020";"92.59";"Total Ciencias";"Ambos Sexos";"Evaluacion"
"2018-2019";"89.57";"Total Ciencias";"Ambos Sexos";"Evaluacion"
"2017-2018";"89.38";"Total Ciencias";"Ambos Sexos";"Evaluacion"
"2016-2017";"88.84";"Total Ciencias";"Ambos Sexos";"Evaluacion"
"2015-2016";"87.37";"Total Ciencias";"Ambos Sexos";"Evaluacion"
"2022-2023";"89.61";"Ciencias de la vida";"Ambos Sexos";"Evaluacion"
"2021-2022";"90.43";"Ciencias de la vida";"Ambos Sexos";"Evaluacion"
"2020-2021";"88.75";"Ciencias de la vida";"Ambos Sexos";"Evaluacion"
"2019-2020";"95.44";"Ciencias de la vida";"Ambos Sexos";"Evaluacion"
"2018-2019";"90.28";"Ciencias de la vida";"Ambos Sexos";"Evaluacion"
"2017-2018";"90.84";"Ciencias de la vida";"Ambos Sexos";"Evaluacion"
"2016-2017";"90.6";"Ciencias de la vida";"Ambos Sexos";"Evaluacion"
"2015-2016";"89.27";"Ciencias de la vida";"Ambos Sexos";"Evaluacion"
"2022-2023";"88.77";"Ciencias Físicas, químicas, geológicas";"Ambos Sexos";"Evaluacion"
"2021-2022";"86.86";"Ciencias Físicas, químicas, geológicas";"Ambos Sexos";"Evaluacion"
"2020-2021";"89.0";"Ciencias Físicas, químicas, geológicas";"Ambos Sexos";"Evaluacion"
"2019-2020";"90.98";"Ciencias Físicas, químicas, geológicas";"Ambos Sexos";"Evaluacion"
"2018-2019";"89.56";"Ciencias Físicas, químicas, geológicas";"Ambos Sexos";"Evaluacion"
"2017-2018";"89.01";"Ciencias Físicas, químicas, geológicas";"Ambos Sexos";"Evaluacion"
"2016-2017";"88.45";"Ciencias Físicas, químicas, geológicas";"Ambos Sexos";"Evaluacion"
"2015-2016";"86.39";"Ciencias Físicas, químicas, geológicas";"Ambos Sexos";"Evaluacion"
"2022-2023";"91.96";"Matemáticas y Estadística";"Ambos Sexos";"Evaluacion"
"2021-2022";"91.54";"Matemáticas y Estadística";"Ambos Sexos";"Evaluacion"
"2020-2021";"88.6";"Matemáticas y Estadística";"Ambos Sexos";"Evaluacion"
"2019-2020";"90.52";"Matemáticas y Estadística";"Ambos Sexos";"Evaluacion"
"2018-2019";"85.84";"Matemáticas y Estadística";"Ambos Sexos";"Evaluacion"
"2017-2018";"84.52";"Matemáticas y Estadística";"Ambos Sexos";"Evaluacion"
"2016-2017";"82.25";"Matemáticas y Estadística";"Ambos Sexos";"Evaluacion"
"2015-2016";"84.06";"Matemáticas y Estadística";"Ambos Sexos";"Evaluacion"
"2022-2023";"84.89";"Total Informática";"Ambos Sexos";"Evaluacion"
"2021-2022";"81.89";"Total Informática";"Ambos Sexos";"Evaluacion"
"2020-2021";"79.63";"Total Informática";"Ambos Sexos";"Evaluacion"
"2019-2020";"85.73";"Total Informática";"Ambos Sexos";"Evaluacion"
"2018-2019";"84.41";"Total Informática";"Ambos Sexos";"Evaluacion"
"2017-2018";"84.86";"Total Informática";"Ambos Sexos";"Evaluacion"
"2016-2017";"84.08";"Total Informática";"Ambos Sexos";"Evaluacion"
"2015-2016";"85.06";"Total Informática";"Ambos Sexos";"Evaluacion"
"2022-2023";"84.89";"Informática";"Ambos Sexos";"Evaluacion"
"2021-2022";"81.89";"Informática";"Ambos Sexos";"Evaluacion"
"2020-2021";"79.63";"Informática";"Ambos Sexos";"Evaluacion"
"2019-2020";"85.73";"Informática";"Ambos Sexos";"Evaluacion"
"2018-2019";"84.41";"Informática";"Ambos Sexos";"Evaluacion"
"2017-2018";"84.86";"Informática";"Ambos Sexos";"Evaluacion"
"2016-2017";"84.08";"Informática";"Ambos Sexos";"Evaluacion"
"2015-2016";"85.06";"Informática";"Ambos Sexos";"Evaluacion"
"2022-2023";"81.91";"Total Ingeniería, industria y construcción";"Ambos Sexos";"Evaluacion"
"2021-2022";"80.45";"Total Ingeniería, industria y construcción";"Ambos Sexos";"Evaluacion"
"2020-2021";"80.0";"Total Ingeniería, industria y construcción";"Ambos Sexos";"Evaluacion"
"2019-2020";"85.31";"Total Ingeniería, industria y construcción";"Ambos Sexos";"Evaluacion"
"2018-2019";"82.57";"Total Ingeniería, industria y construcción";"Ambos Sexos";"Evaluacion"
"2017-2018";"83.03";"Total Ingeniería, industria y construcción";"Ambos Sexos";"Evaluacion"
"2016-2017";"83.5";"Total Ingeniería, industria y construcción";"Ambos Sexos";"Evaluacion"
"2015-2016";"83.5";"Total Ingeniería, industria y construcción";"Ambos Sexos";"Evaluacion"
"2022-2023";"81.57";"Ingenierías";"Ambos Sexos";"Evaluacion"
"2021-2022";"80.13";"Ingenierías";"Ambos Sexos";"Evaluacion"
"2020-2021";"79.48";"Ingenierías";"Ambos Sexos";"Evaluacion"
"2019-2020";"84.96";"Ingenierías";"Ambos Sexos";"Evaluacion"
"2018-2019";"82.3";"Ingenierías";"Ambos Sexos";"Evaluacion"
"2017-2018";"82.78";"Ingenierías";"Ambos Sexos";"Evaluacion"
"2016-2017";"83.29";"Ingenierías";"Ambos Sexos";"Evaluacion"
"2015-2016";"83.29";"Ingenierías";"Ambos Sexos";"Evaluacion"
"2022-2023";"85.16";"Arquitectura y construcción";"Ambos Sexos";"Evaluacion"
"2021-2022";"83.37";"Arquitectura y construcción";"Ambos Sexos";"Evaluacion"
"2020-2021";"84.44";"Arquitectura y construcción";"Ambos Sexos";"Evaluacion"
"2019-2020";"88.4";"Arquitectura y construcción";"Ambos Sexos";"Evaluacion"
"2018-2019";"84.73";"Arquitectura y construcción";"Ambos Sexos";"Evaluacion"
"2017-2018";"85.05";"Arquitectura y construcción";"Ambos Sexos";"Evaluacion"
"2016-2017";"85.18";"Arquitectura y construcción";"Ambos Sexos";"Evaluacion"
"2015-2016";"85.15";"Arquitectura y construcción";"Ambos Sexos";"Evaluacion"
"2022-2023";"83.13";"Total Agricultura, ganadería,  silvicultura, pesca, y veterinaria";"Ambos Sexos";"Evaluacion"
"2021-2022";"81.6";"Total Agricultura, ganadería,  silvicultura, pesca, y veterinaria";"Ambos Sexos";"Evaluacion"
"2020-2021";"79.7";"Total Agricultura, ganadería,  silvicultura, pesca, y veterinaria";"Ambos Sexos";"Evaluacion"
"2019-2020";"82.47";"Total Agricultura, ganadería,  silvicultura, pesca, y veterinaria";"Ambos Sexos";"Evaluacion"
"2018-2019";"83.85";"Total Agricultura, ganadería,  silvicultura, pesca, y veterinaria";"Ambos Sexos";"Evaluacion"
"2017-2018";"82.81";"Total Agricultura, ganadería,  silvicultura, pesca, y veterinaria";"Ambos Sexos";"Evaluacion"
"2016-2017";"82.21";"Total Agricultura, ganadería,  silvicultura, pesca, y veterinaria";"Ambos Sexos";"Evaluacion"
"2015-2016";"85.52";"Total Agricultura, ganadería,  silvicultura, pesca, y veterinaria";"Ambos Sexos";"Evaluacion"
"2022-2023";"83.13";"Agricultura, ganadería y pesca";"Ambos Sexos";"Evaluacion"
"2021-2022";"81.6";"Agricultura, ganadería y pesca";"Ambos Sexos";"Evaluacion"
"2020-2021";"79.7";"Agricultura, ganadería y pesca";"Ambos Sexos";"Evaluacion"
"2019-2020";"82.47";"Agricultura, ganadería y pesca";"Ambos Sexos";"Evaluacion"
"2018-2019";"83.85";"Agricultura, ganadería y pesca";"Ambos Sexos";"Evaluacion"
"2017-2018";"82.81";"Agricultura, ganadería y pesca";"Ambos Sexos";"Evaluacion"
"2016-2017";"82.21";"Agricultura, ganadería y pesca";"Ambos Sexos";"Evaluacion"
"2015-2016";"85.52";"Agricultura, ganadería y pesca";"Ambos Sexos";"Evaluacion"
"2022-2023";"..";"Veterinaria";"Ambos Sexos";"Evaluacion"
"2021-2022";"..";"Veterinaria";"Ambos Sexos";"Evaluacion"
"2020-2021";"..";"Veterinaria";"Ambos Sexos";"Evaluacion"
"2019-2020";"..";"Veterinaria";"Ambos Sexos";"Evaluacion"
"2018-2019";"..";"Veterinaria";"Ambos Sexos";"Evaluacion"
"2017-2018";"..";"Veterinaria";"Ambos Sexos";"Evaluacion"
"2016-2017";"..";"Veterinaria";"Ambos Sexos";"Evaluacion"
"2015-2016";"..";"Veterinaria";"Ambos Sexos";"Evaluacion"
"2022-2023";"94.57";"Total Salud y servicios sociales";"Ambos Sexos";"Evaluacion"
"2021-2022";"93.87";"Total Salud y servicios sociales";"Ambos Sexos";"Evaluacion"
"2020-2021";"94.09";"Total Salud y servicios sociales";"Ambos Sexos";"Evaluacion"
"2019-2020";"97.13";"Total Salud y servicios sociales";"Ambos Sexos";"Evaluacion"
"2018-2019";"94.35";"Total Salud y servicios sociales";"Ambos Sexos";"Evaluacion"
"2017-2018";"94.1";"Total Salud y servicios sociales";"Ambos Sexos";"Evaluacion"
"2016-2017";"94.48";"Total Salud y servicios sociales";"Ambos Sexos";"Evaluacion"
"2015-2016";"94.68";"Total Salud y servicios sociales";"Ambos Sexos";"Evaluacion"
"2022-2023";"95.38";"Medicina";"Ambos Sexos";"Evaluacion"
"2021-2022";"96.33";"Medicina";"Ambos Sexos";"Evaluacion"
"2020-2021";"96.09";"Medicina";"Ambos Sexos";"Evaluacion"
"2019-2020";"98.18";"Medicina";"Ambos Sexos";"Evaluacion"
"2018-2019";"95.03";"Medicina";"Ambos Sexos";"Evaluacion"
"2017-2018";"95.15";"Medicina";"Ambos Sexos";"Evaluacion"
"2016-2017";"95.48";"Medicina";"Ambos Sexos";"Evaluacion"
"2015-2016";"95.17";"Medicina";"Ambos Sexos";"Evaluacion"
"2022-2023";"95.75";"Enfermería y atención a enfermos";"Ambos Sexos";"Evaluacion"
"2021-2022";"95.06";"Enfermería y atención a enfermos";"Ambos Sexos";"Evaluacion"
"2020-2021";"94.42";"Enfermería y atención a enfermos";"Ambos Sexos";"Evaluacion"
"2019-2020";"97.0";"Enfermería y atención a enfermos";"Ambos Sexos";"Evaluacion"
"2018-2019";"95.3";"Enfermería y atención a enfermos";"Ambos Sexos";"Evaluacion"
"2017-2018";"95.07";"Enfermería y atención a enfermos";"Ambos Sexos";"Evaluacion"
"2016-2017";"96.43";"Enfermería y atención a enfermos";"Ambos Sexos";"Evaluacion"
"2015-2016";"96.62";"Enfermería y atención a enfermos";"Ambos Sexos";"Evaluacion"
"2022-2023";"94.85";"Otras ciencias de la Salud";"Ambos Sexos";"Evaluacion"
"2021-2022";"92.89";"Otras ciencias de la Salud";"Ambos Sexos";"Evaluacion"
"2020-2021";"93.07";"Otras ciencias de la Salud";"Ambos Sexos";"Evaluacion"
"2019-2020";"97.27";"Otras ciencias de la Salud";"Ambos Sexos";"Evaluacion"
"2018-2019";"93.9";"Otras ciencias de la Salud";"Ambos Sexos";"Evaluacion"
"2017-2018";"94.57";"Otras ciencias de la Salud";"Ambos Sexos";"Evaluacion"
"2016-2017";"94.29";"Otras ciencias de la Salud";"Ambos Sexos";"Evaluacion"
"2015-2016";"94.49";"Otras ciencias de la Salud";"Ambos Sexos";"Evaluacion"
"2022-2023";"88.9";"Trabajo social y orientación";"Ambos Sexos";"Evaluacion"
"2021-2022";"86.77";"Trabajo social y orientación";"Ambos Sexos";"Evaluacion"
"2020-2021";"89.83";"Trabajo social y orientación";"Ambos Sexos";"Evaluacion"
"2019-2020";"94.47";"Trabajo social y orientación";"Ambos Sexos";"Evaluacion"
"2018-2019";"91.29";"Trabajo social y orientación";"Ambos Sexos";"Evaluacion"
"2017-2018";"87.8";"Trabajo social y orientación";"Ambos Sexos";"Evaluacion"
"2016-2017";"87.68";"Trabajo social y orientación";"Ambos Sexos";"Evaluacion"
"2015-2016";"89.17";"Trabajo social y orientación";"Ambos Sexos";"Evaluacion"
"2022-2023";"86.06";"Total Servicios";"Ambos Sexos";"Evaluacion"
"2021-2022";"84.38";"Total Servicios";"Ambos Sexos";"Evaluacion"
"2020-2021";"85.32";"Total Servicios";"Ambos Sexos";"Evaluacion"
"2019-2020";"87.8";"Total Servicios";"Ambos Sexos";"Evaluacion"
"2018-2019";"87.54";"Total Servicios";"Ambos Sexos";"Evaluacion"
"2017-2018";"87.92";"Total Servicios";"Ambos Sexos";"Evaluacion"
"2016-2017";"89.03";"Total Servicios";"Ambos Sexos";"Evaluacion"
"2015-2016";"87.19";"Total Servicios";"Ambos Sexos";"Evaluacion"
"2022-2023";"..";"Deportes";"Ambos Sexos";"Evaluacion"
"2021-2022";"..";"Deportes";"Ambos Sexos";"Evaluacion"
"2020-2021";"..";"Deportes";"Ambos Sexos";"Evaluacion"
"2019-2020";"..";"Deportes";"Ambos Sexos";"Evaluacion"
"2018-2019";"..";"Deportes";"Ambos Sexos";"Evaluacion"
"2017-2018";"..";"Deportes";"Ambos Sexos";"Evaluacion"
"2016-2017";"..";"Deportes";"Ambos Sexos";"Evaluacion"
"2015-2016";"..";"Deportes";"Ambos Sexos";"Evaluacion"
"2022-2023";"85.97";"Turismo y Hostelería";"Ambos Sexos";"Evaluacion"
"2021-2022";"84.92";"Turismo y Hostelería";"Ambos Sexos";"Evaluacion"
"2020-2021";"88.17";"Turismo y Hostelería";"Ambos Sexos";"Evaluacion"
"2019-2020";"90.97";"Turismo y Hostelería";"Ambos Sexos";"Evaluacion"
"2018-2019";"89.32";"Turismo y Hostelería";"Ambos Sexos";"Evaluacion"
"2017-2018";"87.66";"Turismo y Hostelería";"Ambos Sexos";"Evaluacion"
"2016-2017";"90.03";"Turismo y Hostelería";"Ambos Sexos";"Evaluacion"
"2015-2016";"90.35";"Turismo y Hostelería";"Ambos Sexos";"Evaluacion"
"2022-2023";"86.19";"Otros Servicios";"Ambos Sexos";"Evaluacion"
"2021-2022";"83.36";"Otros Servicios";"Ambos Sexos";"Evaluacion"
"2020-2021";"78.14";"Otros Servicios";"Ambos Sexos";"Evaluacion"
"2019-2020";"79.64";"Otros Servicios";"Ambos Sexos";"Evaluacion"
"2018-2019";"82.67";"Otros Servicios";"Ambos Sexos";"Evaluacion"
"2017-2018";"88.69";"Otros Servicios";"Ambos Sexos";"Evaluacion"
"2016-2017";"85.39";"Otros Servicios";"Ambos Sexos";"Evaluacion"
"2015-2016";"76.54";"Otros Servicios";"Ambos Sexos";"Evaluacion"
"2022-2023";"???";"Oviedo";"Hombres";"Rendimiento"
"2021-2022";"???";"Oviedo";"Hombres";"Rendimiento"
"2020-2021";"???";"Oviedo";"Hombres";"Rendimiento"
"2019-2020";"???";"Oviedo";"Hombres";"Rendimiento"
"2018-2019";"???";"Oviedo";"Hombres";"Rendimiento"
"2017-2018";"???";"Oviedo";"Hombres";"Rendimiento"
"2016-2017";"???";"Oviedo";"Hombres";"Rendimiento"
"2015-2016";"???";"Oviedo";"Hombres";"Rendimiento"
"2022-2023";"71.3";"Todos los ámbitos";"Hombres";"Rendimiento"
"2021-2022";"69.61";"Todos los ámbitos";"Hombres";"Rendimiento"
"2020-2021";"68.29";"Todos los ámbitos";"Hombres";"Rendimiento"
"2019-2020";"76.81";"Todos los ámbitos";"Hombres";"Rendimiento"
"2018-2019";"70.99";"Todos los ámbitos";"Hombres";"Rendimiento"
"2017-2018";"70.43";"Todos los ámbitos";"Hombres";"Rendimiento"
"2016-2017";"70.15";"Todos los ámbitos";"Hombres";"Rendimiento"
"2015-2016";"69.54";"Todos los ámbitos";"Hombres";"Rendimiento"
"2022-2023";"82.32";"Total Educación";"Hombres";"Rendimiento"
"2021-2022";"80.95";"Total Educación";"Hombres";"Rendimiento"
"2020-2021";"82.18";"Total Educación";"Hombres";"Rendimiento"
"2019-2020";"86.82";"Total Educación";"Hombres";"Rendimiento"
"2018-2019";"78.98";"Total Educación";"Hombres";"Rendimiento"
"2017-2018";"77.57";"Total Educación";"Hombres";"Rendimiento"
"2016-2017";"79.25";"Total Educación";"Hombres";"Rendimiento"
"2015-2016";"77.87";"Total Educación";"Hombres";"Rendimiento"
"2022-2023";"77.88";"Formación de docentes de enseñanza infantil";"Hombres";"Rendimiento"
"2021-2022";"73.37";"Formación de docentes de enseñanza infantil";"Hombres";"Rendimiento"
"2020-2021";"80.52";"Formación de docentes de enseñanza infantil";"Hombres";"Rendimiento"
"2019-2020";"82.22";"Formación de docentes de enseñanza infantil";"Hombres";"Rendimiento"
"2018-2019";"83.47";"Formación de docentes de enseñanza infantil";"Hombres";"Rendimiento"
"2017-2018";"77.49";"Formación de docentes de enseñanza infantil";"Hombres";"Rendimiento"
"2016-2017";"74.88";"Formación de docentes de enseñanza infantil";"Hombres";"Rendimiento"
"2015-2016";"66.34";"Formación de docentes de enseñanza infantil";"Hombres";"Rendimiento"
"2022-2023";"84.5";"Formación de docentes de enseñanza primaria";"Hombres";"Rendimiento"
"2021-2022";"83.2";"Formación de docentes de enseñanza primaria";"Hombres";"Rendimiento"
"2020-2021";"83.14";"Formación de docentes de enseñanza primaria";"Hombres";"Rendimiento"
"2019-2020";"88.56";"Formación de docentes de enseñanza primaria";"Hombres";"Rendimiento"
"2018-2019";"78.78";"Formación de docentes de enseñanza primaria";"Hombres";"Rendimiento"
"2017-2018";"78.14";"Formación de docentes de enseñanza primaria";"Hombres";"Rendimiento"
"2016-2017";"79.99";"Formación de docentes de enseñanza primaria";"Hombres";"Rendimiento"
"2015-2016";"79.78";"Formación de docentes de enseñanza primaria";"Hombres";"Rendimiento"
"2022-2023";"74.94";"Otra Formación de personal docente y ciencias de la educación";"Hombres";"Rendimiento"
"2021-2022";"75.81";"Otra Formación de personal docente y ciencias de la educación";"Hombres";"Rendimiento"
"2020-2021";"77.64";"Otra Formación de personal docente y ciencias de la educación";"Hombres";"Rendimiento"
"2019-2020";"81.21";"Otra Formación de personal docente y ciencias de la educación";"Hombres";"Rendimiento"
"2018-2019";"76.36";"Otra Formación de personal docente y ciencias de la educación";"Hombres";"Rendimiento"
"2017-2018";"74.71";"Otra Formación de personal docente y ciencias de la educación";"Hombres";"Rendimiento"
"2016-2017";"78.61";"Otra Formación de personal docente y ciencias de la educación";"Hombres";"Rendimiento"
"2015-2016";"76.12";"Otra Formación de personal docente y ciencias de la educación";"Hombres";"Rendimiento"
"2022-2023";"71.22";"Total Artes y humanidades";"Hombres";"Rendimiento"
"2021-2022";"70.35";"Total Artes y humanidades";"Hombres";"Rendimiento"
"2020-2021";"68.6";"Total Artes y humanidades";"Hombres";"Rendimiento"
"2019-2020";"77.61";"Total Artes y humanidades";"Hombres";"Rendimiento"
"2018-2019";"71.38";"Total Artes y humanidades";"Hombres";"Rendimiento"
"2017-2018";"72.54";"Total Artes y humanidades";"Hombres";"Rendimiento"
"2016-2017";"70.37";"Total Artes y humanidades";"Hombres";"Rendimiento"
"2015-2016";"72.56";"Total Artes y humanidades";"Hombres";"Rendimiento"
"2022-2023";"..";"Técnicas audiovisuales y medios de comunicación";"Hombres";"Rendimiento"
"2021-2022";"..";"Técnicas audiovisuales y medios de comunicación";"Hombres";"Rendimiento"
"2020-2021";"..";"Técnicas audiovisuales y medios de comunicación";"Hombres";"Rendimiento"
"2019-2020";"..";"Técnicas audiovisuales y medios de comunicación";"Hombres";"Rendimiento"
"2018-2019";"..";"Técnicas audiovisuales y medios de comunicación";"Hombres";"Rendimiento"
"2017-2018";"..";"Técnicas audiovisuales y medios de comunicación";"Hombres";"Rendimiento"
"2016-2017";"..";"Técnicas audiovisuales y medios de comunicación";"Hombres";"Rendimiento"
"2015-2016";"..";"Técnicas audiovisuales y medios de comunicación";"Hombres";"Rendimiento"
"2022-2023";"81.45";"Artes";"Hombres";"Rendimiento"
"2021-2022";"72.33";"Artes";"Hombres";"Rendimiento"
"2020-2021";"74.47";"Artes";"Hombres";"Rendimiento"
"2019-2020";"81.3";"Artes";"Hombres";"Rendimiento"
"2018-2019";"69.35";"Artes";"Hombres";"Rendimiento"
"2017-2018";"73.22";"Artes";"Hombres";"Rendimiento"
"2016-2017";"70.27";"Artes";"Hombres";"Rendimiento"
"2015-2016";"73.11";"Artes";"Hombres";"Rendimiento"
"2022-2023";"69.43";"Lenguas";"Hombres";"Rendimiento"
"2021-2022";"68.7";"Lenguas";"Hombres";"Rendimiento"
"2020-2021";"66.8";"Lenguas";"Hombres";"Rendimiento"
"2019-2020";"73.06";"Lenguas";"Hombres";"Rendimiento"
"2018-2019";"72.01";"Lenguas";"Hombres";"Rendimiento"
"2017-2018";"73.63";"Lenguas";"Hombres";"Rendimiento"
"2016-2017";"72.15";"Lenguas";"Hombres";"Rendimiento"
"2015-2016";"70.57";"Lenguas";"Hombres";"Rendimiento"
"2022-2023";"70.04";"Humanidades";"Hombres";"Rendimiento"
"2021-2022";"70.86";"Humanidades";"Hombres";"Rendimiento"
"2020-2021";"68.02";"Humanidades";"Hombres";"Rendimiento"
"2019-2020";"79.84";"Humanidades";"Hombres";"Rendimiento"
"2018-2019";"71.47";"Humanidades";"Hombres";"Rendimiento"
"2017-2018";"71.41";"Humanidades";"Hombres";"Rendimiento"
"2016-2017";"68.92";"Humanidades";"Hombres";"Rendimiento"
"2015-2016";"74.14";"Humanidades";"Hombres";"Rendimiento"
"2022-2023";"69.1";"Total Ciencias sociales, periodismo y documentación";"Hombres";"Rendimiento"
"2021-2022";"68.58";"Total Ciencias sociales, periodismo y documentación";"Hombres";"Rendimiento"
"2020-2021";"68.55";"Total Ciencias sociales, periodismo y documentación";"Hombres";"Rendimiento"
"2019-2020";"77.37";"Total Ciencias sociales, periodismo y documentación";"Hombres";"Rendimiento"
"2018-2019";"74.94";"Total Ciencias sociales, periodismo y documentación";"Hombres";"Rendimiento"
"2017-2018";"75.89";"Total Ciencias sociales, periodismo y documentación";"Hombres";"Rendimiento"
"2016-2017";"73.47";"Total Ciencias sociales, periodismo y documentación";"Hombres";"Rendimiento"
"2015-2016";"74.27";"Total Ciencias sociales, periodismo y documentación";"Hombres";"Rendimiento"
"2022-2023";"83.58";"Psicología";"Hombres";"Rendimiento"
"2021-2022";"84.59";"Psicología";"Hombres";"Rendimiento"
"2020-2021";"86.86";"Psicología";"Hombres";"Rendimiento"
"2019-2020";"91.09";"Psicología";"Hombres";"Rendimiento"
"2018-2019";"87.14";"Psicología";"Hombres";"Rendimiento"
"2017-2018";"87.91";"Psicología";"Hombres";"Rendimiento"
"2016-2017";"86.84";"Psicología";"Hombres";"Rendimiento"
"2015-2016";"81.81";"Psicología";"Hombres";"Rendimiento"
"2022-2023";"62.95";"Economía";"Hombres";"Rendimiento"
"2021-2022";"61.1";"Economía";"Hombres";"Rendimiento"
"2020-2021";"61.04";"Economía";"Hombres";"Rendimiento"
"2019-2020";"71.37";"Economía";"Hombres";"Rendimiento"
"2018-2019";"70.06";"Economía";"Hombres";"Rendimiento"
"2017-2018";"71.47";"Economía";"Hombres";"Rendimiento"
"2016-2017";"68.74";"Economía";"Hombres";"Rendimiento"
"2015-2016";"72.02";"Economía";"Hombres";"Rendimiento"
"2022-2023";"..";"Otras Ciencias sociales y del comportamiento";"Hombres";"Rendimiento"
"2021-2022";"..";"Otras Ciencias sociales y del comportamiento";"Hombres";"Rendimiento"
"2020-2021";"..";"Otras Ciencias sociales y del comportamiento";"Hombres";"Rendimiento"
"2019-2020";"..";"Otras Ciencias sociales y del comportamiento";"Hombres";"Rendimiento"
"2018-2019";"..";"Otras Ciencias sociales y del comportamiento";"Hombres";"Rendimiento"
"2017-2018";"..";"Otras Ciencias sociales y del comportamiento";"Hombres";"Rendimiento"
"2016-2017";"..";"Otras Ciencias sociales y del comportamiento";"Hombres";"Rendimiento"
"2015-2016";"..";"Otras Ciencias sociales y del comportamiento";"Hombres";"Rendimiento"
"2022-2023";"..";"Periodismo e información";"Hombres";"Rendimiento"
"2021-2022";"..";"Periodismo e información";"Hombres";"Rendimiento"
"2020-2021";"..";"Periodismo e información";"Hombres";"Rendimiento"
"2019-2020";"..";"Periodismo e información";"Hombres";"Rendimiento"
"2018-2019";"..";"Periodismo e información";"Hombres";"Rendimiento"
"2017-2018";"..";"Periodismo e información";"Hombres";"Rendimiento"
"2016-2017";"..";"Periodismo e información";"Hombres";"Rendimiento"
"2015-2016";"..";"Periodismo e información";"Hombres";"Rendimiento"
"2022-2023";"68.69";"Total Negocios, administración y derecho";"Hombres";"Rendimiento"
"2021-2022";"66.27";"Total Negocios, administración y derecho";"Hombres";"Rendimiento"
"2020-2021";"65.35";"Total Negocios, administración y derecho";"Hombres";"Rendimiento"
"2019-2020";"77.1";"Total Negocios, administración y derecho";"Hombres";"Rendimiento"
"2018-2019";"69.96";"Total Negocios, administración y derecho";"Hombres";"Rendimiento"
"2017-2018";"68.09";"Total Negocios, administración y derecho";"Hombres";"Rendimiento"
"2016-2017";"67.49";"Total Negocios, administración y derecho";"Hombres";"Rendimiento"
"2015-2016";"67.8";"Total Negocios, administración y derecho";"Hombres";"Rendimiento"
"2022-2023";"64.83";"Administración y gestión de empresas";"Hombres";"Rendimiento"
"2021-2022";"64.45";"Administración y gestión de empresas";"Hombres";"Rendimiento"
"2020-2021";"59.99";"Administración y gestión de empresas";"Hombres";"Rendimiento"
"2019-2020";"71.92";"Administración y gestión de empresas";"Hombres";"Rendimiento"
"2018-2019";"66.38";"Administración y gestión de empresas";"Hombres";"Rendimiento"
"2017-2018";"62.98";"Administración y gestión de empresas";"Hombres";"Rendimiento"
"2016-2017";"65.74";"Administración y gestión de empresas";"Hombres";"Rendimiento"
"2015-2016";"64.87";"Administración y gestión de empresas";"Hombres";"Rendimiento"
"2022-2023";"69.55";"Otra Educación comercial y empresarial";"Hombres";"Rendimiento"
"2021-2022";"67.09";"Otra Educación comercial y empresarial";"Hombres";"Rendimiento"
"2020-2021";"68.34";"Otra Educación comercial y empresarial";"Hombres";"Rendimiento"
"2019-2020";"79.42";"Otra Educación comercial y empresarial";"Hombres";"Rendimiento"
"2018-2019";"71.16";"Otra Educación comercial y empresarial";"Hombres";"Rendimiento"
"2017-2018";"69.13";"Otra Educación comercial y empresarial";"Hombres";"Rendimiento"
"2016-2017";"64.89";"Otra Educación comercial y empresarial";"Hombres";"Rendimiento"
"2015-2016";"67.78";"Otra Educación comercial y empresarial";"Hombres";"Rendimiento"
"2022-2023";"71.34";"Derecho";"Hombres";"Rendimiento"
"2021-2022";"67.14";"Derecho";"Hombres";"Rendimiento"
"2020-2021";"67.69";"Derecho";"Hombres";"Rendimiento"
"2019-2020";"79.78";"Derecho";"Hombres";"Rendimiento"
"2018-2019";"71.84";"Derecho";"Hombres";"Rendimiento"
"2017-2018";"71.27";"Derecho";"Hombres";"Rendimiento"
"2016-2017";"70.48";"Derecho";"Hombres";"Rendimiento"
"2015-2016";"70.39";"Derecho";"Hombres";"Rendimiento"
"2022-2023";"78.39";"Total Ciencias";"Hombres";"Rendimiento"
"2021-2022";"77.63";"Total Ciencias";"Hombres";"Rendimiento"
"2020-2021";"77.04";"Total Ciencias";"Hombres";"Rendimiento"
"2019-2020";"83.16";"Total Ciencias";"Hombres";"Rendimiento"
"2018-2019";"77.76";"Total Ciencias";"Hombres";"Rendimiento"
"2017-2018";"75.64";"Total Ciencias";"Hombres";"Rendimiento"
"2016-2017";"77.04";"Total Ciencias";"Hombres";"Rendimiento"
"2015-2016";"74.44";"Total Ciencias";"Hombres";"Rendimiento"
"2022-2023";"78.73";"Ciencias de la vida";"Hombres";"Rendimiento"
"2021-2022";"80.0";"Ciencias de la vida";"Hombres";"Rendimiento"
"2020-2021";"76.16";"Ciencias de la vida";"Hombres";"Rendimiento"
"2019-2020";"87.27";"Ciencias de la vida";"Hombres";"Rendimiento"
"2018-2019";"79.89";"Ciencias de la vida";"Hombres";"Rendimiento"
"2017-2018";"80.08";"Ciencias de la vida";"Hombres";"Rendimiento"
"2016-2017";"81.49";"Ciencias de la vida";"Hombres";"Rendimiento"
"2015-2016";"79.53";"Ciencias de la vida";"Hombres";"Rendimiento"
"2022-2023";"76.74";"Ciencias Físicas, químicas, geológicas";"Hombres";"Rendimiento"
"2021-2022";"75.05";"Ciencias Físicas, químicas, geológicas";"Hombres";"Rendimiento"
"2020-2021";"78.04";"Ciencias Físicas, químicas, geológicas";"Hombres";"Rendimiento"
"2019-2020";"81.99";"Ciencias Físicas, químicas, geológicas";"Hombres";"Rendimiento"
"2018-2019";"77.76";"Ciencias Físicas, químicas, geológicas";"Hombres";"Rendimiento"
"2017-2018";"75.34";"Ciencias Físicas, químicas, geológicas";"Hombres";"Rendimiento"
"2016-2017";"76.38";"Ciencias Físicas, químicas, geológicas";"Hombres";"Rendimiento"
"2015-2016";"73.2";"Ciencias Físicas, químicas, geológicas";"Hombres";"Rendimiento"
"2022-2023";"80.63";"Matemáticas y Estadística";"Hombres";"Rendimiento"
"2021-2022";"81.16";"Matemáticas y Estadística";"Hombres";"Rendimiento"
"2020-2021";"74.47";"Matemáticas y Estadística";"Hombres";"Rendimiento"
"2019-2020";"78.11";"Matemáticas y Estadística";"Hombres";"Rendimiento"
"2018-2019";"69.51";"Matemáticas y Estadística";"Hombres";"Rendimiento"
"2017-2018";"60.58";"Matemáticas y Estadística";"Hombres";"Rendimiento"
"2016-2017";"64.15";"Matemáticas y Estadística";"Hombres";"Rendimiento"
"2015-2016";"63.49";"Matemáticas y Estadística";"Hombres";"Rendimiento"
"2022-2023";"66.7";"Total Informática";"Hombres";"Rendimiento"
"2021-2022";"64.95";"Total Informática";"Hombres";"Rendimiento"
"2020-2021";"61.89";"Total Informática";"Hombres";"Rendimiento"
"2019-2020";"68.29";"Total Informática";"Hombres";"Rendimiento"
"2018-2019";"64.4";"Total Informática";"Hombres";"Rendimiento"
"2017-2018";"65.26";"Total Informática";"Hombres";"Rendimiento"
"2016-2017";"63.86";"Total Informática";"Hombres";"Rendimiento"
"2015-2016";"63.87";"Total Informática";"Hombres";"Rendimiento"
"2022-2023";"66.7";"Informática";"Hombres";"Rendimiento"
"2021-2022";"64.95";"Informática";"Hombres";"Rendimiento"
"2020-2021";"61.89";"Informática";"Hombres";"Rendimiento"
"2019-2020";"68.29";"Informática";"Hombres";"Rendimiento"
"2018-2019";"64.4";"Informática";"Hombres";"Rendimiento"
"2017-2018";"65.26";"Informática";"Hombres";"Rendimiento"
"2016-2017";"63.86";"Informática";"Hombres";"Rendimiento"
"2015-2016";"63.87";"Informática";"Hombres";"Rendimiento"
"2022-2023";"62.12";"Total Ingeniería, industria y construcción";"Hombres";"Rendimiento"
"2021-2022";"60.38";"Total Ingeniería, industria y construcción";"Hombres";"Rendimiento"
"2020-2021";"58.81";"Total Ingeniería, industria y construcción";"Hombres";"Rendimiento"
"2019-2020";"67.95";"Total Ingeniería, industria y construcción";"Hombres";"Rendimiento"
"2018-2019";"62.87";"Total Ingeniería, industria y construcción";"Hombres";"Rendimiento"
"2017-2018";"62.95";"Total Ingeniería, industria y construcción";"Hombres";"Rendimiento"
"2016-2017";"62.91";"Total Ingeniería, industria y construcción";"Hombres";"Rendimiento"
"2015-2016";"62.57";"Total Ingeniería, industria y construcción";"Hombres";"Rendimiento"
"2022-2023";"60.91";"Ingenierías";"Hombres";"Rendimiento"
"2021-2022";"59.3";"Ingenierías";"Hombres";"Rendimiento"
"2020-2021";"58.21";"Ingenierías";"Hombres";"Rendimiento"
"2019-2020";"67.26";"Ingenierías";"Hombres";"Rendimiento"
"2018-2019";"62.23";"Ingenierías";"Hombres";"Rendimiento"
"2017-2018";"62.27";"Ingenierías";"Hombres";"Rendimiento"
"2016-2017";"62.64";"Ingenierías";"Hombres";"Rendimiento"
"2015-2016";"61.55";"Ingenierías";"Hombres";"Rendimiento"
"2022-2023";"74.17";"Arquitectura y construcción";"Hombres";"Rendimiento"
"2021-2022";"70.46";"Arquitectura y construcción";"Hombres";"Rendimiento"
"2020-2021";"64.46";"Arquitectura y construcción";"Hombres";"Rendimiento"
"2019-2020";"74.98";"Arquitectura y construcción";"Hombres";"Rendimiento"
"2018-2019";"68.81";"Arquitectura y construcción";"Hombres";"Rendimiento"
"2017-2018";"69.49";"Arquitectura y construcción";"Hombres";"Rendimiento"
"2016-2017";"65.27";"Arquitectura y construcción";"Hombres";"Rendimiento"
"2015-2016";"70.66";"Arquitectura y construcción";"Hombres";"Rendimiento"
"2022-2023";"66.06";"Total Agricultura, ganadería,  silvicultura, pesca, y veterinaria";"Hombres";"Rendimiento"
"2021-2022";"67.58";"Total Agricultura, ganadería,  silvicultura, pesca, y veterinaria";"Hombres";"Rendimiento"
"2020-2021";"64.89";"Total Agricultura, ganadería,  silvicultura, pesca, y veterinaria";"Hombres";"Rendimiento"
"2019-2020";"66.43";"Total Agricultura, ganadería,  silvicultura, pesca, y veterinaria";"Hombres";"Rendimiento"
"2018-2019";"65.69";"Total Agricultura, ganadería,  silvicultura, pesca, y veterinaria";"Hombres";"Rendimiento"
"2017-2018";"64.36";"Total Agricultura, ganadería,  silvicultura, pesca, y veterinaria";"Hombres";"Rendimiento"
"2016-2017";"65.83";"Total Agricultura, ganadería,  silvicultura, pesca, y veterinaria";"Hombres";"Rendimiento"
"2015-2016";"62.85";"Total Agricultura, ganadería,  silvicultura, pesca, y veterinaria";"Hombres";"Rendimiento"
"2022-2023";"66.06";"Agricultura, ganadería y pesca";"Hombres";"Rendimiento"
"2021-2022";"67.58";"Agricultura, ganadería y pesca";"Hombres";"Rendimiento"
"2020-2021";"64.89";"Agricultura, ganadería y pesca";"Hombres";"Rendimiento"
"2019-2020";"66.43";"Agricultura, ganadería y pesca";"Hombres";"Rendimiento"
"2018-2019";"65.69";"Agricultura, ganadería y pesca";"Hombres";"Rendimiento"
"2017-2018";"64.36";"Agricultura, ganadería y pesca";"Hombres";"Rendimiento"
"2016-2017";"65.83";"Agricultura, ganadería y pesca";"Hombres";"Rendimiento"
"2015-2016";"62.85";"Agricultura, ganadería y pesca";"Hombres";"Rendimiento"
"2022-2023";"..";"Veterinaria";"Hombres";"Rendimiento"
"2021-2022";"..";"Veterinaria";"Hombres";"Rendimiento"
"2020-2021";"..";"Veterinaria";"Hombres";"Rendimiento"
"2019-2020";"..";"Veterinaria";"Hombres";"Rendimiento"
"2018-2019";"..";"Veterinaria";"Hombres";"Rendimiento"
"2017-2018";"..";"Veterinaria";"Hombres";"Rendimiento"
"2016-2017";"..";"Veterinaria";"Hombres";"Rendimiento"
"2015-2016";"..";"Veterinaria";"Hombres";"Rendimiento"
"2022-2023";"86.48";"Total Salud y servicios sociales";"Hombres";"Rendimiento"
"2021-2022";"84.23";"Total Salud y servicios sociales";"Hombres";"Rendimiento"
"2020-2021";"82.71";"Total Salud y servicios sociales";"Hombres";"Rendimiento"
"2019-2020";"91.48";"Total Salud y servicios sociales";"Hombres";"Rendimiento"
"2018-2019";"85.25";"Total Salud y servicios sociales";"Hombres";"Rendimiento"
"2017-2018";"85.05";"Total Salud y servicios sociales";"Hombres";"Rendimiento"
"2016-2017";"87.08";"Total Salud y servicios sociales";"Hombres";"Rendimiento"
"2015-2016";"86.24";"Total Salud y servicios sociales";"Hombres";"Rendimiento"
"2022-2023";"90.2";"Medicina";"Hombres";"Rendimiento"
"2021-2022";"90.12";"Medicina";"Hombres";"Rendimiento"
"2020-2021";"88.3";"Medicina";"Hombres";"Rendimiento"
"2019-2020";"93.16";"Medicina";"Hombres";"Rendimiento"
"2018-2019";"87.05";"Medicina";"Hombres";"Rendimiento"
"2017-2018";"87.69";"Medicina";"Hombres";"Rendimiento"
"2016-2017";"91.29";"Medicina";"Hombres";"Rendimiento"
"2015-2016";"89.35";"Medicina";"Hombres";"Rendimiento"
"2022-2023";"84.67";"Enfermería y atención a enfermos";"Hombres";"Rendimiento"
"2021-2022";"84.26";"Enfermería y atención a enfermos";"Hombres";"Rendimiento"
"2020-2021";"84.85";"Enfermería y atención a enfermos";"Hombres";"Rendimiento"
"2019-2020";"91.25";"Enfermería y atención a enfermos";"Hombres";"Rendimiento"
"2018-2019";"86.34";"Enfermería y atención a enfermos";"Hombres";"Rendimiento"
"2017-2018";"86.96";"Enfermería y atención a enfermos";"Hombres";"Rendimiento"
"2016-2017";"86.21";"Enfermería y atención a enfermos";"Hombres";"Rendimiento"
"2015-2016";"86.24";"Enfermería y atención a enfermos";"Hombres";"Rendimiento"
"2022-2023";"85.1";"Otras ciencias de la Salud";"Hombres";"Rendimiento"
"2021-2022";"80.01";"Otras ciencias de la Salud";"Hombres";"Rendimiento"
"2020-2021";"77.16";"Otras ciencias de la Salud";"Hombres";"Rendimiento"
"2019-2020";"91.55";"Otras ciencias de la Salud";"Hombres";"Rendimiento"
"2018-2019";"84.25";"Otras ciencias de la Salud";"Hombres";"Rendimiento"
"2017-2018";"84.8";"Otras ciencias de la Salud";"Hombres";"Rendimiento"
"2016-2017";"85.39";"Otras ciencias de la Salud";"Hombres";"Rendimiento"
"2015-2016";"84.36";"Otras ciencias de la Salud";"Hombres";"Rendimiento"
"2022-2023";"70.22";"Trabajo social y orientación";"Hombres";"Rendimiento"
"2021-2022";"67.25";"Trabajo social y orientación";"Hombres";"Rendimiento"
"2020-2021";"66.46";"Trabajo social y orientación";"Hombres";"Rendimiento"
"2019-2020";"82.21";"Trabajo social y orientación";"Hombres";"Rendimiento"
"2018-2019";"74.95";"Trabajo social y orientación";"Hombres";"Rendimiento"
"2017-2018";"67.31";"Trabajo social y orientación";"Hombres";"Rendimiento"
"2016-2017";"71.0";"Trabajo social y orientación";"Hombres";"Rendimiento"
"2015-2016";"73.91";"Trabajo social y orientación";"Hombres";"Rendimiento"
"2022-2023";"66.68";"Total Servicios";"Hombres";"Rendimiento"
"2021-2022";"63.0";"Total Servicios";"Hombres";"Rendimiento"
"2020-2021";"64.66";"Total Servicios";"Hombres";"Rendimiento"
"2019-2020";"69.18";"Total Servicios";"Hombres";"Rendimiento"
"2018-2019";"67.0";"Total Servicios";"Hombres";"Rendimiento"
"2017-2018";"72.86";"Total Servicios";"Hombres";"Rendimiento"
"2016-2017";"72.42";"Total Servicios";"Hombres";"Rendimiento"
"2015-2016";"66.81";"Total Servicios";"Hombres";"Rendimiento"
"2022-2023";"..";"Deportes";"Hombres";"Rendimiento"
"2021-2022";"..";"Deportes";"Hombres";"Rendimiento"
"2020-2021";"..";"Deportes";"Hombres";"Rendimiento"
"2019-2020";"..";"Deportes";"Hombres";"Rendimiento"
"2018-2019";"..";"Deportes";"Hombres";"Rendimiento"
"2017-2018";"..";"Deportes";"Hombres";"Rendimiento"
"2016-2017";"..";"Deportes";"Hombres";"Rendimiento"
"2015-2016";"..";"Deportes";"Hombres";"Rendimiento"
"2022-2023";"66.17";"Turismo y Hostelería";"Hombres";"Rendimiento"
"2021-2022";"62.14";"Turismo y Hostelería";"Hombres";"Rendimiento"
"2020-2021";"70.68";"Turismo y Hostelería";"Hombres";"Rendimiento"
"2019-2020";"77.96";"Turismo y Hostelería";"Hombres";"Rendimiento"
"2018-2019";"72.11";"Turismo y Hostelería";"Hombres";"Rendimiento"
"2017-2018";"73.53";"Turismo y Hostelería";"Hombres";"Rendimiento"
"2016-2017";"77.26";"Turismo y Hostelería";"Hombres";"Rendimiento"
"2015-2016";"73.14";"Turismo y Hostelería";"Hombres";"Rendimiento"
"2022-2023";"67.04";"Otros Servicios";"Hombres";"Rendimiento"
"2021-2022";"63.77";"Otros Servicios";"Hombres";"Rendimiento"
"2020-2021";"57.41";"Otros Servicios";"Hombres";"Rendimiento"
"2019-2020";"59.09";"Otros Servicios";"Hombres";"Rendimiento"
"2018-2019";"60.73";"Otros Servicios";"Hombres";"Rendimiento"
"2017-2018";"72.09";"Otros Servicios";"Hombres";"Rendimiento"
"2016-2017";"65.77";"Otros Servicios";"Hombres";"Rendimiento"
"2015-2016";"58.99";"Otros Servicios";"Hombres";"Rendimiento"
"2022-2023";"???";"Oviedo";"Hombres";"Exito"
"2021-2022";"???";"Oviedo";"Hombres";"Exito"
"2020-2021";"???";"Oviedo";"Hombres";"Exito"
"2019-2020";"???";"Oviedo";"Hombres";"Exito"
"2018-2019";"???";"Oviedo";"Hombres";"Exito"
"2017-2018";"???";"Oviedo";"Hombres";"Exito"
"2016-2017";"???";"Oviedo";"Hombres";"Exito"
"2015-2016";"???";"Oviedo";"Hombres";"Exito"
"2022-2023";"83.51";"Todos los ámbitos";"Hombres";"Exito"
"2021-2022";"83.16";"Todos los ámbitos";"Hombres";"Exito"
"2020-2021";"82.07";"Todos los ámbitos";"Hombres";"Exito"
"2019-2020";"87.02";"Todos los ámbitos";"Hombres";"Exito"
"2018-2019";"83.3";"Todos los ámbitos";"Hombres";"Exito"
"2017-2018";"82.53";"Todos los ámbitos";"Hombres";"Exito"
"2016-2017";"82.45";"Todos los ámbitos";"Hombres";"Exito"
"2015-2016";"81.74";"Todos los ámbitos";"Hombres";"Exito"
"2022-2023";"89.61";"Total Educación";"Hombres";"Exito"
"2021-2022";"88.8";"Total Educación";"Hombres";"Exito"
"2020-2021";"90.57";"Total Educación";"Hombres";"Exito"
"2019-2020";"92.87";"Total Educación";"Hombres";"Exito"
"2018-2019";"88.01";"Total Educación";"Hombres";"Exito"
"2017-2018";"87.29";"Total Educación";"Hombres";"Exito"
"2016-2017";"88.63";"Total Educación";"Hombres";"Exito"
"2015-2016";"86.81";"Total Educación";"Hombres";"Exito"
"2022-2023";"85.85";"Formación de docentes de enseñanza infantil";"Hombres";"Exito"
"2021-2022";"81.45";"Formación de docentes de enseñanza infantil";"Hombres";"Exito"
"2020-2021";"88.87";"Formación de docentes de enseñanza infantil";"Hombres";"Exito"
"2019-2020";"88.16";"Formación de docentes de enseñanza infantil";"Hombres";"Exito"
"2018-2019";"89.23";"Formación de docentes de enseñanza infantil";"Hombres";"Exito"
"2017-2018";"87.75";"Formación de docentes de enseñanza infantil";"Hombres";"Exito"
"2016-2017";"86.87";"Formación de docentes de enseñanza infantil";"Hombres";"Exito"
"2015-2016";"79.88";"Formación de docentes de enseñanza infantil";"Hombres";"Exito"
"2022-2023";"90.99";"Formación de docentes de enseñanza primaria";"Hombres";"Exito"
"2021-2022";"90.47";"Formación de docentes de enseñanza primaria";"Hombres";"Exito"
"2020-2021";"90.9";"Formación de docentes de enseñanza primaria";"Hombres";"Exito"
"2019-2020";"94.06";"Formación de docentes de enseñanza primaria";"Hombres";"Exito"
"2018-2019";"88.21";"Formación de docentes de enseñanza primaria";"Hombres";"Exito"
"2017-2018";"87.2";"Formación de docentes de enseñanza primaria";"Hombres";"Exito"
"2016-2017";"89.01";"Formación de docentes de enseñanza primaria";"Hombres";"Exito"
"2015-2016";"87.62";"Formación de docentes de enseñanza primaria";"Hombres";"Exito"
"2022-2023";"85.67";"Otra Formación de personal docente y ciencias de la educación";"Hombres";"Exito"
"2021-2022";"86.57";"Otra Formación de personal docente y ciencias de la educación";"Hombres";"Exito"
"2020-2021";"90.18";"Otra Formación de personal docente y ciencias de la educación";"Hombres";"Exito"
"2019-2020";"90.38";"Otra Formación de personal docente y ciencias de la educación";"Hombres";"Exito"
"2018-2019";"86.04";"Otra Formación de personal docente y ciencias de la educación";"Hombres";"Exito"
"2017-2018";"87.44";"Otra Formación de personal docente y ciencias de la educación";"Hombres";"Exito"
"2016-2017";"87.97";"Otra Formación de personal docente y ciencias de la educación";"Hombres";"Exito"
"2015-2016";"86.96";"Otra Formación de personal docente y ciencias de la educación";"Hombres";"Exito"
"2022-2023";"86.41";"Total Artes y humanidades";"Hombres";"Exito"
"2021-2022";"87.1";"Total Artes y humanidades";"Hombres";"Exito"
"2020-2021";"85.5";"Total Artes y humanidades";"Hombres";"Exito"
"2019-2020";"91.46";"Total Artes y humanidades";"Hombres";"Exito"
"2018-2019";"86.89";"Total Artes y humanidades";"Hombres";"Exito"
"2017-2018";"86.67";"Total Artes y humanidades";"Hombres";"Exito"
"2016-2017";"86.99";"Total Artes y humanidades";"Hombres";"Exito"
"2015-2016";"85.83";"Total Artes y humanidades";"Hombres";"Exito"
"2022-2023";"..";"Técnicas audiovisuales y medios de comunicación";"Hombres";"Exito"
"2021-2022";"..";"Técnicas audiovisuales y medios de comunicación";"Hombres";"Exito"
"2020-2021";"..";"Técnicas audiovisuales y medios de comunicación";"Hombres";"Exito"
"2019-2020";"..";"Técnicas audiovisuales y medios de comunicación";"Hombres";"Exito"
"2018-2019";"..";"Técnicas audiovisuales y medios de comunicación";"Hombres";"Exito"
"2017-2018";"..";"Técnicas audiovisuales y medios de comunicación";"Hombres";"Exito"
"2016-2017";"..";"Técnicas audiovisuales y medios de comunicación";"Hombres";"Exito"
"2015-2016";"..";"Técnicas audiovisuales y medios de comunicación";"Hombres";"Exito"
"2022-2023";"92.17";"Artes";"Hombres";"Exito"
"2021-2022";"90.8";"Artes";"Hombres";"Exito"
"2020-2021";"87.83";"Artes";"Hombres";"Exito"
"2019-2020";"93.49";"Artes";"Hombres";"Exito"
"2018-2019";"87.33";"Artes";"Hombres";"Exito"
"2017-2018";"87.21";"Artes";"Hombres";"Exito"
"2016-2017";"87.83";"Artes";"Hombres";"Exito"
"2015-2016";"89.73";"Artes";"Hombres";"Exito"
"2022-2023";"84.88";"Lenguas";"Hombres";"Exito"
"2021-2022";"85.95";"Lenguas";"Hombres";"Exito"
"2020-2021";"83.34";"Lenguas";"Hombres";"Exito"
"2019-2020";"88.73";"Lenguas";"Hombres";"Exito"
"2018-2019";"84.88";"Lenguas";"Hombres";"Exito"
"2017-2018";"86.11";"Lenguas";"Hombres";"Exito"
"2016-2017";"85.57";"Lenguas";"Hombres";"Exito"
"2015-2016";"82.86";"Lenguas";"Hombres";"Exito"
"2022-2023";"86.0";"Humanidades";"Hombres";"Exito"
"2021-2022";"86.78";"Humanidades";"Hombres";"Exito"
"2020-2021";"86.21";"Humanidades";"Hombres";"Exito"
"2019-2020";"92.76";"Humanidades";"Hombres";"Exito"
"2018-2019";"88.36";"Humanidades";"Hombres";"Exito"
"2017-2018";"87.0";"Humanidades";"Hombres";"Exito"
"2016-2017";"88.01";"Humanidades";"Hombres";"Exito"
"2015-2016";"87.37";"Humanidades";"Hombres";"Exito"
"2022-2023";"81.59";"Total Ciencias sociales, periodismo y documentación";"Hombres";"Exito"
"2021-2022";"82.55";"Total Ciencias sociales, periodismo y documentación";"Hombres";"Exito"
"2020-2021";"80.42";"Total Ciencias sociales, periodismo y documentación";"Hombres";"Exito"
"2019-2020";"85.88";"Total Ciencias sociales, periodismo y documentación";"Hombres";"Exito"
"2018-2019";"85.01";"Total Ciencias sociales, periodismo y documentación";"Hombres";"Exito"
"2017-2018";"85.15";"Total Ciencias sociales, periodismo y documentación";"Hombres";"Exito"
"2016-2017";"83.68";"Total Ciencias sociales, periodismo y documentación";"Hombres";"Exito"
"2015-2016";"84.43";"Total Ciencias sociales, periodismo y documentación";"Hombres";"Exito"
"2022-2023";"90.08";"Psicología";"Hombres";"Exito"
"2021-2022";"91.04";"Psicología";"Hombres";"Exito"
"2020-2021";"91.35";"Psicología";"Hombres";"Exito"
"2019-2020";"94.48";"Psicología";"Hombres";"Exito"
"2018-2019";"92.15";"Psicología";"Hombres";"Exito"
"2017-2018";"92.3";"Psicología";"Hombres";"Exito"
"2016-2017";"90.93";"Psicología";"Hombres";"Exito"
"2015-2016";"88.23";"Psicología";"Hombres";"Exito"
"2022-2023";"77.46";"Economía";"Hombres";"Exito"
"2021-2022";"77.86";"Economía";"Hombres";"Exito"
"2020-2021";"75.16";"Economía";"Hombres";"Exito"
"2019-2020";"81.74";"Economía";"Hombres";"Exito"
"2018-2019";"81.85";"Economía";"Hombres";"Exito"
"2017-2018";"82.26";"Economía";"Hombres";"Exito"
"2016-2017";"80.81";"Economía";"Hombres";"Exito"
"2015-2016";"83.22";"Economía";"Hombres";"Exito"
"2022-2023";"..";"Otras Ciencias sociales y del comportamiento";"Hombres";"Exito"
"2021-2022";"..";"Otras Ciencias sociales y del comportamiento";"Hombres";"Exito"
"2020-2021";"..";"Otras Ciencias sociales y del comportamiento";"Hombres";"Exito"
"2019-2020";"..";"Otras Ciencias sociales y del comportamiento";"Hombres";"Exito"
"2018-2019";"..";"Otras Ciencias sociales y del comportamiento";"Hombres";"Exito"
"2017-2018";"..";"Otras Ciencias sociales y del comportamiento";"Hombres";"Exito"
"2016-2017";"..";"Otras Ciencias sociales y del comportamiento";"Hombres";"Exito"
"2015-2016";"..";"Otras Ciencias sociales y del comportamiento";"Hombres";"Exito"
"2022-2023";"..";"Periodismo e información";"Hombres";"Exito"
"2021-2022";"..";"Periodismo e información";"Hombres";"Exito"
"2020-2021";"..";"Periodismo e información";"Hombres";"Exito"
"2019-2020";"..";"Periodismo e información";"Hombres";"Exito"
"2018-2019";"..";"Periodismo e información";"Hombres";"Exito"
"2017-2018";"..";"Periodismo e información";"Hombres";"Exito"
"2016-2017";"..";"Periodismo e información";"Hombres";"Exito"
"2015-2016";"..";"Periodismo e información";"Hombres";"Exito"
"2022-2023";"81.95";"Total Negocios, administración y derecho";"Hombres";"Exito"
"2021-2022";"80.63";"Total Negocios, administración y derecho";"Hombres";"Exito"
"2020-2021";"79.8";"Total Negocios, administración y derecho";"Hombres";"Exito"
"2019-2020";"87.39";"Total Negocios, administración y derecho";"Hombres";"Exito"
"2018-2019";"83.97";"Total Negocios, administración y derecho";"Hombres";"Exito"
"2017-2018";"81.83";"Total Negocios, administración y derecho";"Hombres";"Exito"
"2016-2017";"80.98";"Total Negocios, administración y derecho";"Hombres";"Exito"
"2015-2016";"80.9";"Total Negocios, administración y derecho";"Hombres";"Exito"
"2022-2023";"77.26";"Administración y gestión de empresas";"Hombres";"Exito"
"2021-2022";"76.91";"Administración y gestión de empresas";"Hombres";"Exito"
"2020-2021";"75.41";"Administración y gestión de empresas";"Hombres";"Exito"
"2019-2020";"82.8";"Administración y gestión de empresas";"Hombres";"Exito"
"2018-2019";"80.93";"Administración y gestión de empresas";"Hombres";"Exito"
"2017-2018";"77.1";"Administración y gestión de empresas";"Hombres";"Exito"
"2016-2017";"78.83";"Administración y gestión de empresas";"Hombres";"Exito"
"2015-2016";"77.64";"Administración y gestión de empresas";"Hombres";"Exito"
"2022-2023";"83.16";"Otra Educación comercial y empresarial";"Hombres";"Exito"
"2021-2022";"81.46";"Otra Educación comercial y empresarial";"Hombres";"Exito"
"2020-2021";"81.99";"Otra Educación comercial y empresarial";"Hombres";"Exito"
"2019-2020";"89.33";"Otra Educación comercial y empresarial";"Hombres";"Exito"
"2018-2019";"85.75";"Otra Educación comercial y empresarial";"Hombres";"Exito"
"2017-2018";"84.83";"Otra Educación comercial y empresarial";"Hombres";"Exito"
"2016-2017";"79.27";"Otra Educación comercial y empresarial";"Hombres";"Exito"
"2015-2016";"80.94";"Otra Educación comercial y empresarial";"Hombres";"Exito"
"2022-2023";"85.08";"Derecho";"Hombres";"Exito"
"2021-2022";"83.12";"Derecho";"Hombres";"Exito"
"2020-2021";"81.72";"Derecho";"Hombres";"Exito"
"2019-2020";"89.76";"Derecho";"Hombres";"Exito"
"2018-2019";"85.08";"Derecho";"Hombres";"Exito"
"2017-2018";"83.51";"Derecho";"Hombres";"Exito"
"2016-2017";"83.67";"Derecho";"Hombres";"Exito"
"2015-2016";"83.72";"Derecho";"Hombres";"Exito"
"2022-2023";"88.36";"Total Ciencias";"Hombres";"Exito"
"2021-2022";"88.18";"Total Ciencias";"Hombres";"Exito"
"2020-2021";"86.96";"Total Ciencias";"Hombres";"Exito"
"2019-2020";"90.51";"Total Ciencias";"Hombres";"Exito"
"2018-2019";"85.86";"Total Ciencias";"Hombres";"Exito"
"2017-2018";"84.89";"Total Ciencias";"Hombres";"Exito"
"2016-2017";"86.27";"Total Ciencias";"Hombres";"Exito"
"2015-2016";"85.49";"Total Ciencias";"Hombres";"Exito"
"2022-2023";"89.73";"Ciencias de la vida";"Hombres";"Exito"
"2021-2022";"89.27";"Ciencias de la vida";"Hombres";"Exito"
"2020-2021";"86.08";"Ciencias de la vida";"Hombres";"Exito"
"2019-2020";"91.49";"Ciencias de la vida";"Hombres";"Exito"
"2018-2019";"87.45";"Ciencias de la vida";"Hombres";"Exito"
"2017-2018";"86.26";"Ciencias de la vida";"Hombres";"Exito"
"2016-2017";"87.66";"Ciencias de la vida";"Hombres";"Exito"
"2015-2016";"88.68";"Ciencias de la vida";"Hombres";"Exito"
"2022-2023";"87.68";"Ciencias Físicas, químicas, geológicas";"Hombres";"Exito"
"2021-2022";"87.23";"Ciencias Físicas, químicas, geológicas";"Hombres";"Exito"
"2020-2021";"88.04";"Ciencias Físicas, químicas, geológicas";"Hombres";"Exito"
"2019-2020";"90.46";"Ciencias Físicas, químicas, geológicas";"Hombres";"Exito"
"2018-2019";"85.99";"Ciencias Físicas, químicas, geológicas";"Hombres";"Exito"
"2017-2018";"85.46";"Ciencias Físicas, químicas, geológicas";"Hombres";"Exito"
"2016-2017";"86.54";"Ciencias Físicas, químicas, geológicas";"Hombres";"Exito"
"2015-2016";"84.65";"Ciencias Físicas, químicas, geológicas";"Hombres";"Exito"
"2022-2023";"88.33";"Matemáticas y Estadística";"Hombres";"Exito"
"2021-2022";"89.11";"Matemáticas y Estadística";"Hombres";"Exito"
"2020-2021";"84.04";"Matemáticas y Estadística";"Hombres";"Exito"
"2019-2020";"87.27";"Matemáticas y Estadística";"Hombres";"Exito"
"2018-2019";"78.43";"Matemáticas y Estadística";"Hombres";"Exito"
"2017-2018";"72.69";"Matemáticas y Estadística";"Hombres";"Exito"
"2016-2017";"75.92";"Matemáticas y Estadística";"Hombres";"Exito"
"2015-2016";"78.27";"Matemáticas y Estadística";"Hombres";"Exito"
"2022-2023";"79.12";"Total Informática";"Hombres";"Exito"
"2021-2022";"79.52";"Total Informática";"Hombres";"Exito"
"2020-2021";"78.8";"Total Informática";"Hombres";"Exito"
"2019-2020";"80.24";"Total Informática";"Hombres";"Exito"
"2018-2019";"77.05";"Total Informática";"Hombres";"Exito"
"2017-2018";"77.94";"Total Informática";"Hombres";"Exito"
"2016-2017";"76.6";"Total Informática";"Hombres";"Exito"
"2015-2016";"75.91";"Total Informática";"Hombres";"Exito"
"2022-2023";"79.12";"Informática";"Hombres";"Exito"
"2021-2022";"79.52";"Informática";"Hombres";"Exito"
"2020-2021";"78.8";"Informática";"Hombres";"Exito"
"2019-2020";"80.24";"Informática";"Hombres";"Exito"
"2018-2019";"77.05";"Informática";"Hombres";"Exito"
"2017-2018";"77.94";"Informática";"Hombres";"Exito"
"2016-2017";"76.6";"Informática";"Hombres";"Exito"
"2015-2016";"75.91";"Informática";"Hombres";"Exito"
"2022-2023";"76.88";"Total Ingeniería, industria y construcción";"Hombres";"Exito"
"2021-2022";"76.12";"Total Ingeniería, industria y construcción";"Hombres";"Exito"
"2020-2021";"74.79";"Total Ingeniería, industria y construcción";"Hombres";"Exito"
"2019-2020";"80.78";"Total Ingeniería, industria y construcción";"Hombres";"Exito"
"2018-2019";"77.21";"Total Ingeniería, industria y construcción";"Hombres";"Exito"
"2017-2018";"76.57";"Total Ingeniería, industria y construcción";"Hombres";"Exito"
"2016-2017";"76.31";"Total Ingeniería, industria y construcción";"Hombres";"Exito"
"2015-2016";"76.08";"Total Ingeniería, industria y construcción";"Hombres";"Exito"
"2022-2023";"75.78";"Ingenierías";"Hombres";"Exito"
"2021-2022";"75.2";"Ingenierías";"Hombres";"Exito"
"2020-2021";"74.54";"Ingenierías";"Hombres";"Exito"
"2019-2020";"80.39";"Ingenierías";"Hombres";"Exito"
"2018-2019";"76.6";"Ingenierías";"Hombres";"Exito"
"2017-2018";"75.94";"Ingenierías";"Hombres";"Exito"
"2016-2017";"76.01";"Ingenierías";"Hombres";"Exito"
"2015-2016";"75.14";"Ingenierías";"Hombres";"Exito"
"2022-2023";"87.28";"Arquitectura y construcción";"Hombres";"Exito"
"2021-2022";"84.1";"Arquitectura y construcción";"Hombres";"Exito"
"2020-2021";"76.9";"Arquitectura y construcción";"Hombres";"Exito"
"2019-2020";"84.63";"Arquitectura y construcción";"Hombres";"Exito"
"2018-2019";"82.73";"Arquitectura y construcción";"Hombres";"Exito"
"2017-2018";"82.44";"Arquitectura y construcción";"Hombres";"Exito"
"2016-2017";"78.87";"Arquitectura y construcción";"Hombres";"Exito"
"2015-2016";"83.34";"Arquitectura y construcción";"Hombres";"Exito"
"2022-2023";"81.23";"Total Agricultura, ganadería,  silvicultura, pesca, y veterinaria";"Hombres";"Exito"
"2021-2022";"84.32";"Total Agricultura, ganadería,  silvicultura, pesca, y veterinaria";"Hombres";"Exito"
"2020-2021";"82.29";"Total Agricultura, ganadería,  silvicultura, pesca, y veterinaria";"Hombres";"Exito"
"2019-2020";"80.69";"Total Agricultura, ganadería,  silvicultura, pesca, y veterinaria";"Hombres";"Exito"
"2018-2019";"79.01";"Total Agricultura, ganadería,  silvicultura, pesca, y veterinaria";"Hombres";"Exito"
"2017-2018";"77.22";"Total Agricultura, ganadería,  silvicultura, pesca, y veterinaria";"Hombres";"Exito"
"2016-2017";"80.6";"Total Agricultura, ganadería,  silvicultura, pesca, y veterinaria";"Hombres";"Exito"
"2015-2016";"73.78";"Total Agricultura, ganadería,  silvicultura, pesca, y veterinaria";"Hombres";"Exito"
"2022-2023";"81.23";"Agricultura, ganadería y pesca";"Hombres";"Exito"
"2021-2022";"84.32";"Agricultura, ganadería y pesca";"Hombres";"Exito"
"2020-2021";"82.29";"Agricultura, ganadería y pesca";"Hombres";"Exito"
"2019-2020";"80.69";"Agricultura, ganadería y pesca";"Hombres";"Exito"
"2018-2019";"79.01";"Agricultura, ganadería y pesca";"Hombres";"Exito"
"2017-2018";"77.22";"Agricultura, ganadería y pesca";"Hombres";"Exito"
"2016-2017";"80.6";"Agricultura, ganadería y pesca";"Hombres";"Exito"
"2015-2016";"73.78";"Agricultura, ganadería y pesca";"Hombres";"Exito"
"2022-2023";"..";"Veterinaria";"Hombres";"Exito"
"2021-2022";"..";"Veterinaria";"Hombres";"Exito"
"2020-2021";"..";"Veterinaria";"Hombres";"Exito"
"2019-2020";"..";"Veterinaria";"Hombres";"Exito"
"2018-2019";"..";"Veterinaria";"Hombres";"Exito"
"2017-2018";"..";"Veterinaria";"Hombres";"Exito"
"2016-2017";"..";"Veterinaria";"Hombres";"Exito"
"2015-2016";"..";"Veterinaria";"Hombres";"Exito"
"2022-2023";"92.24";"Total Salud y servicios sociales";"Hombres";"Exito"
"2021-2022";"92.54";"Total Salud y servicios sociales";"Hombres";"Exito"
"2020-2021";"90.24";"Total Salud y servicios sociales";"Hombres";"Exito"
"2019-2020";"95.04";"Total Salud y servicios sociales";"Hombres";"Exito"
"2018-2019";"92.54";"Total Salud y servicios sociales";"Hombres";"Exito"
"2017-2018";"92.19";"Total Salud y servicios sociales";"Hombres";"Exito"
"2016-2017";"93.54";"Total Salud y servicios sociales";"Hombres";"Exito"
"2015-2016";"92.58";"Total Salud y servicios sociales";"Hombres";"Exito"
"2022-2023";"94.94";"Medicina";"Hombres";"Exito"
"2021-2022";"94.36";"Medicina";"Hombres";"Exito"
"2020-2021";"93.48";"Medicina";"Hombres";"Exito"
"2019-2020";"95.83";"Medicina";"Hombres";"Exito"
"2018-2019";"93.74";"Medicina";"Hombres";"Exito"
"2017-2018";"94.03";"Medicina";"Hombres";"Exito"
"2016-2017";"95.8";"Medicina";"Hombres";"Exito"
"2015-2016";"95.57";"Medicina";"Hombres";"Exito"
"2022-2023";"92.19";"Enfermería y atención a enfermos";"Hombres";"Exito"
"2021-2022";"92.8";"Enfermería y atención a enfermos";"Hombres";"Exito"
"2020-2021";"90.99";"Enfermería y atención a enfermos";"Hombres";"Exito"
"2019-2020";"96.66";"Enfermería y atención a enfermos";"Hombres";"Exito"
"2018-2019";"93.22";"Enfermería y atención a enfermos";"Hombres";"Exito"
"2017-2018";"95.08";"Enfermería y atención a enfermos";"Hombres";"Exito"
"2016-2017";"91.2";"Enfermería y atención a enfermos";"Hombres";"Exito"
"2015-2016";"91.43";"Enfermería y atención a enfermos";"Hombres";"Exito"
"2022-2023";"91.02";"Otras ciencias de la Salud";"Hombres";"Exito"
"2021-2022";"90.89";"Otras ciencias de la Salud";"Hombres";"Exito"
"2020-2021";"87.91";"Otras ciencias de la Salud";"Hombres";"Exito"
"2019-2020";"94.07";"Otras ciencias de la Salud";"Hombres";"Exito"
"2018-2019";"91.91";"Otras ciencias de la Salud";"Hombres";"Exito"
"2017-2018";"90.47";"Otras ciencias de la Salud";"Hombres";"Exito"
"2016-2017";"92.96";"Otras ciencias de la Salud";"Hombres";"Exito"
"2015-2016";"90.75";"Otras ciencias de la Salud";"Hombres";"Exito"
"2022-2023";"77.41";"Trabajo social y orientación";"Hombres";"Exito"
"2021-2022";"86.47";"Trabajo social y orientación";"Hombres";"Exito"
"2020-2021";"76.83";"Trabajo social y orientación";"Hombres";"Exito"
"2019-2020";"90.89";"Trabajo social y orientación";"Hombres";"Exito"
"2018-2019";"85.17";"Trabajo social y orientación";"Hombres";"Exito"
"2017-2018";"81.02";"Trabajo social y orientación";"Hombres";"Exito"
"2016-2017";"85.77";"Trabajo social y orientación";"Hombres";"Exito"
"2015-2016";"82.56";"Trabajo social y orientación";"Hombres";"Exito"
"2022-2023";"79.82";"Total Servicios";"Hombres";"Exito"
"2021-2022";"78.96";"Total Servicios";"Hombres";"Exito"
"2020-2021";"78.77";"Total Servicios";"Hombres";"Exito"
"2019-2020";"82.91";"Total Servicios";"Hombres";"Exito"
"2018-2019";"78.37";"Total Servicios";"Hombres";"Exito"
"2017-2018";"82.7";"Total Servicios";"Hombres";"Exito"
"2016-2017";"83.08";"Total Servicios";"Hombres";"Exito"
"2015-2016";"83.74";"Total Servicios";"Hombres";"Exito"
"2022-2023";"..";"Deportes";"Hombres";"Exito"
"2021-2022";"..";"Deportes";"Hombres";"Exito"
"2020-2021";"..";"Deportes";"Hombres";"Exito"
"2019-2020";"..";"Deportes";"Hombres";"Exito"
"2018-2019";"..";"Deportes";"Hombres";"Exito"
"2017-2018";"..";"Deportes";"Hombres";"Exito"
"2016-2017";"..";"Deportes";"Hombres";"Exito"
"2015-2016";"..";"Deportes";"Hombres";"Exito"
"2022-2023";"82.18";"Turismo y Hostelería";"Hombres";"Exito"
"2021-2022";"79.67";"Turismo y Hostelería";"Hombres";"Exito"
"2020-2021";"81.52";"Turismo y Hostelería";"Hombres";"Exito"
"2019-2020";"88.41";"Turismo y Hostelería";"Hombres";"Exito"
"2018-2019";"81.73";"Turismo y Hostelería";"Hombres";"Exito"
"2017-2018";"83.16";"Turismo y Hostelería";"Hombres";"Exito"
"2016-2017";"86.26";"Turismo y Hostelería";"Hombres";"Exito"
"2015-2016";"87.15";"Turismo y Hostelería";"Hombres";"Exito"
"2022-2023";"78.28";"Otros Servicios";"Hombres";"Exito"
"2021-2022";"78.36";"Otros Servicios";"Hombres";"Exito"
"2020-2021";"75.03";"Otros Servicios";"Hombres";"Exito"
"2019-2020";"75.77";"Otros Servicios";"Hombres";"Exito"
"2018-2019";"73.94";"Otros Servicios";"Hombres";"Exito"
"2017-2018";"82.18";"Otros Servicios";"Hombres";"Exito"
"2016-2017";"78.42";"Otros Servicios";"Hombres";"Exito"
"2015-2016";"79.0";"Otros Servicios";"Hombres";"Exito"
"2022-2023";"???";"Oviedo";"Hombres";"Evaluacion"
"2021-2022";"???";"Oviedo";"Hombres";"Evaluacion"
"2020-2021";"???";"Oviedo";"Hombres";"Evaluacion"
"2019-2020";"???";"Oviedo";"Hombres";"Evaluacion"
"2018-2019";"???";"Oviedo";"Hombres";"Evaluacion"
"2017-2018";"???";"Oviedo";"Hombres";"Evaluacion"
"2016-2017";"???";"Oviedo";"Hombres";"Evaluacion"
"2015-2016";"???";"Oviedo";"Hombres";"Evaluacion"
"2022-2023";"85.38";"Todos los ámbitos";"Hombres";"Evaluacion"
"2021-2022";"83.7";"Todos los ámbitos";"Hombres";"Evaluacion"
"2020-2021";"83.21";"Todos los ámbitos";"Hombres";"Evaluacion"
"2019-2020";"88.26";"Todos los ámbitos";"Hombres";"Evaluacion"
"2018-2019";"85.23";"Todos los ámbitos";"Hombres";"Evaluacion"
"2017-2018";"85.33";"Todos los ámbitos";"Hombres";"Evaluacion"
"2016-2017";"85.08";"Todos los ámbitos";"Hombres";"Evaluacion"
"2015-2016";"85.08";"Todos los ámbitos";"Hombres";"Evaluacion"
"2022-2023";"91.87";"Total Educación";"Hombres";"Evaluacion"
"2021-2022";"91.16";"Total Educación";"Hombres";"Evaluacion"
"2020-2021";"90.74";"Total Educación";"Hombres";"Evaluacion"
"2019-2020";"93.49";"Total Educación";"Hombres";"Evaluacion"
"2018-2019";"89.74";"Total Educación";"Hombres";"Evaluacion"
"2017-2018";"88.85";"Total Educación";"Hombres";"Evaluacion"
"2016-2017";"89.41";"Total Educación";"Hombres";"Evaluacion"
"2015-2016";"89.69";"Total Educación";"Hombres";"Evaluacion"
"2022-2023";"90.71";"Formación de docentes de enseñanza infantil";"Hombres";"Evaluacion"
"2021-2022";"90.09";"Formación de docentes de enseñanza infantil";"Hombres";"Evaluacion"
"2020-2021";"90.61";"Formación de docentes de enseñanza infantil";"Hombres";"Evaluacion"
"2019-2020";"93.26";"Formación de docentes de enseñanza infantil";"Hombres";"Evaluacion"
"2018-2019";"93.55";"Formación de docentes de enseñanza infantil";"Hombres";"Evaluacion"
"2017-2018";"88.3";"Formación de docentes de enseñanza infantil";"Hombres";"Evaluacion"
"2016-2017";"86.2";"Formación de docentes de enseñanza infantil";"Hombres";"Evaluacion"
"2015-2016";"83.05";"Formación de docentes de enseñanza infantil";"Hombres";"Evaluacion"
"2022-2023";"92.86";"Formación de docentes de enseñanza primaria";"Hombres";"Evaluacion"
"2021-2022";"91.96";"Formación de docentes de enseñanza primaria";"Hombres";"Evaluacion"
"2020-2021";"91.46";"Formación de docentes de enseñanza primaria";"Hombres";"Evaluacion"
"2019-2020";"94.15";"Formación de docentes de enseñanza primaria";"Hombres";"Evaluacion"
"2018-2019";"89.3";"Formación de docentes de enseñanza primaria";"Hombres";"Evaluacion"
"2017-2018";"89.61";"Formación de docentes de enseñanza primaria";"Hombres";"Evaluacion"
"2016-2017";"89.87";"Formación de docentes de enseñanza primaria";"Hombres";"Evaluacion"
"2015-2016";"91.06";"Formación de docentes de enseñanza primaria";"Hombres";"Evaluacion"
"2022-2023";"87.47";"Otra Formación de personal docente y ciencias de la educación";"Hombres";"Evaluacion"
"2021-2022";"87.57";"Otra Formación de personal docente y ciencias de la educación";"Hombres";"Evaluacion"
"2020-2021";"86.1";"Otra Formación de personal docente y ciencias de la educación";"Hombres";"Evaluacion"
"2019-2020";"89.85";"Otra Formación de personal docente y ciencias de la educación";"Hombres";"Evaluacion"
"2018-2019";"88.75";"Otra Formación de personal docente y ciencias de la educación";"Hombres";"Evaluacion"
"2017-2018";"85.44";"Otra Formación de personal docente y ciencias de la educación";"Hombres";"Evaluacion"
"2016-2017";"89.37";"Otra Formación de personal docente y ciencias de la educación";"Hombres";"Evaluacion"
"2015-2016";"87.53";"Otra Formación de personal docente y ciencias de la educación";"Hombres";"Evaluacion"
"2022-2023";"82.42";"Total Artes y humanidades";"Hombres";"Evaluacion"
"2021-2022";"80.76";"Total Artes y humanidades";"Hombres";"Evaluacion"
"2020-2021";"80.24";"Total Artes y humanidades";"Hombres";"Evaluacion"
"2019-2020";"84.86";"Total Artes y humanidades";"Hombres";"Evaluacion"
"2018-2019";"82.15";"Total Artes y humanidades";"Hombres";"Evaluacion"
"2017-2018";"83.69";"Total Artes y humanidades";"Hombres";"Evaluacion"
"2016-2017";"80.9";"Total Artes y humanidades";"Hombres";"Evaluacion"
"2015-2016";"84.55";"Total Artes y humanidades";"Hombres";"Evaluacion"
"2022-2023";"..";"Técnicas audiovisuales y medios de comunicación";"Hombres";"Evaluacion"
"2021-2022";"..";"Técnicas audiovisuales y medios de comunicación";"Hombres";"Evaluacion"
"2020-2021";"..";"Técnicas audiovisuales y medios de comunicación";"Hombres";"Evaluacion"
"2019-2020";"..";"Técnicas audiovisuales y medios de comunicación";"Hombres";"Evaluacion"
"2018-2019";"..";"Técnicas audiovisuales y medios de comunicación";"Hombres";"Evaluacion"
"2017-2018";"..";"Técnicas audiovisuales y medios de comunicación";"Hombres";"Evaluacion"
"2016-2017";"..";"Técnicas audiovisuales y medios de comunicación";"Hombres";"Evaluacion"
"2015-2016";"..";"Técnicas audiovisuales y medios de comunicación";"Hombres";"Evaluacion"
"2022-2023";"88.36";"Artes";"Hombres";"Evaluacion"
"2021-2022";"79.65";"Artes";"Hombres";"Evaluacion"
"2020-2021";"84.79";"Artes";"Hombres";"Evaluacion"
"2019-2020";"86.96";"Artes";"Hombres";"Evaluacion"
"2018-2019";"79.41";"Artes";"Hombres";"Evaluacion"
"2017-2018";"83.95";"Artes";"Hombres";"Evaluacion"
"2016-2017";"80.0";"Artes";"Hombres";"Evaluacion"
"2015-2016";"81.49";"Artes";"Hombres";"Evaluacion"
"2022-2023";"81.79";"Lenguas";"Hombres";"Evaluacion"
"2021-2022";"79.93";"Lenguas";"Hombres";"Evaluacion"
"2020-2021";"80.15";"Lenguas";"Hombres";"Evaluacion"
"2019-2020";"82.34";"Lenguas";"Hombres";"Evaluacion"
"2018-2019";"84.84";"Lenguas";"Hombres";"Evaluacion"
"2017-2018";"85.51";"Lenguas";"Hombres";"Evaluacion"
"2016-2017";"84.31";"Lenguas";"Hombres";"Evaluacion"
"2015-2016";"85.17";"Lenguas";"Hombres";"Evaluacion"
"2022-2023";"81.45";"Humanidades";"Hombres";"Evaluacion"
"2021-2022";"81.65";"Humanidades";"Hombres";"Evaluacion"
"2020-2021";"78.9";"Humanidades";"Hombres";"Evaluacion"
"2019-2020";"86.07";"Humanidades";"Hombres";"Evaluacion"
"2018-2019";"80.88";"Humanidades";"Hombres";"Evaluacion"
"2017-2018";"82.09";"Humanidades";"Hombres";"Evaluacion"
"2016-2017";"78.31";"Humanidades";"Hombres";"Evaluacion"
"2015-2016";"84.86";"Humanidades";"Hombres";"Evaluacion"
"2022-2023";"84.7";"Total Ciencias sociales, periodismo y documentación";"Hombres";"Evaluacion"
"2021-2022";"83.07";"Total Ciencias sociales, periodismo y documentación";"Hombres";"Evaluacion"
"2020-2021";"85.25";"Total Ciencias sociales, periodismo y documentación";"Hombres";"Evaluacion"
"2019-2020";"90.08";"Total Ciencias sociales, periodismo y documentación";"Hombres";"Evaluacion"
"2018-2019";"88.16";"Total Ciencias sociales, periodismo y documentación";"Hombres";"Evaluacion"
"2017-2018";"89.13";"Total Ciencias sociales, periodismo y documentación";"Hombres";"Evaluacion"
"2016-2017";"87.79";"Total Ciencias sociales, periodismo y documentación";"Hombres";"Evaluacion"
"2015-2016";"87.96";"Total Ciencias sociales, periodismo y documentación";"Hombres";"Evaluacion"
"2022-2023";"92.79";"Psicología";"Hombres";"Evaluacion"
"2021-2022";"92.91";"Psicología";"Hombres";"Evaluacion"
"2020-2021";"95.09";"Psicología";"Hombres";"Evaluacion"
"2019-2020";"96.42";"Psicología";"Hombres";"Evaluacion"
"2018-2019";"94.56";"Psicología";"Hombres";"Evaluacion"
"2017-2018";"95.25";"Psicología";"Hombres";"Evaluacion"
"2016-2017";"95.5";"Psicología";"Hombres";"Evaluacion"
"2015-2016";"92.72";"Psicología";"Hombres";"Evaluacion"
"2022-2023";"81.26";"Economía";"Hombres";"Evaluacion"
"2021-2022";"78.48";"Economía";"Hombres";"Evaluacion"
"2020-2021";"81.21";"Economía";"Hombres";"Evaluacion"
"2019-2020";"87.31";"Economía";"Hombres";"Evaluacion"
"2018-2019";"85.59";"Economía";"Hombres";"Evaluacion"
"2017-2018";"86.87";"Economía";"Hombres";"Evaluacion"
"2016-2017";"85.07";"Economía";"Hombres";"Evaluacion"
"2015-2016";"86.54";"Economía";"Hombres";"Evaluacion"
"2022-2023";"..";"Otras Ciencias sociales y del comportamiento";"Hombres";"Evaluacion"
"2021-2022";"..";"Otras Ciencias sociales y del comportamiento";"Hombres";"Evaluacion"
"2020-2021";"..";"Otras Ciencias sociales y del comportamiento";"Hombres";"Evaluacion"
"2019-2020";"..";"Otras Ciencias sociales y del comportamiento";"Hombres";"Evaluacion"
"2018-2019";"..";"Otras Ciencias sociales y del comportamiento";"Hombres";"Evaluacion"
"2017-2018";"..";"Otras Ciencias sociales y del comportamiento";"Hombres";"Evaluacion"
"2016-2017";"..";"Otras Ciencias sociales y del comportamiento";"Hombres";"Evaluacion"
"2015-2016";"..";"Otras Ciencias sociales y del comportamiento";"Hombres";"Evaluacion"
"2022-2023";"..";"Periodismo e información";"Hombres";"Evaluacion"
"2021-2022";"..";"Periodismo e información";"Hombres";"Evaluacion"
"2020-2021";"..";"Periodismo e información";"Hombres";"Evaluacion"
"2019-2020";"..";"Periodismo e información";"Hombres";"Evaluacion"
"2018-2019";"..";"Periodismo e información";"Hombres";"Evaluacion"
"2017-2018";"..";"Periodismo e información";"Hombres";"Evaluacion"
"2016-2017";"..";"Periodismo e información";"Hombres";"Evaluacion"
"2015-2016";"..";"Periodismo e información";"Hombres";"Evaluacion"
"2022-2023";"83.81";"Total Negocios, administración y derecho";"Hombres";"Evaluacion"
"2021-2022";"82.18";"Total Negocios, administración y derecho";"Hombres";"Evaluacion"
"2020-2021";"81.9";"Total Negocios, administración y derecho";"Hombres";"Evaluacion"
"2019-2020";"88.22";"Total Negocios, administración y derecho";"Hombres";"Evaluacion"
"2018-2019";"83.32";"Total Negocios, administración y derecho";"Hombres";"Evaluacion"
"2017-2018";"83.21";"Total Negocios, administración y derecho";"Hombres";"Evaluacion"
"2016-2017";"83.34";"Total Negocios, administración y derecho";"Hombres";"Evaluacion"
"2015-2016";"83.81";"Total Negocios, administración y derecho";"Hombres";"Evaluacion"
"2022-2023";"83.92";"Administración y gestión de empresas";"Hombres";"Evaluacion"
"2021-2022";"83.8";"Administración y gestión de empresas";"Hombres";"Evaluacion"
"2020-2021";"79.55";"Administración y gestión de empresas";"Hombres";"Evaluacion"
"2019-2020";"86.86";"Administración y gestión de empresas";"Hombres";"Evaluacion"
"2018-2019";"82.02";"Administración y gestión de empresas";"Hombres";"Evaluacion"
"2017-2018";"81.69";"Administración y gestión de empresas";"Hombres";"Evaluacion"
"2016-2017";"83.4";"Administración y gestión de empresas";"Hombres";"Evaluacion"
"2015-2016";"83.55";"Administración y gestión de empresas";"Hombres";"Evaluacion"
"2022-2023";"83.63";"Otra Educación comercial y empresarial";"Hombres";"Evaluacion"
"2021-2022";"82.35";"Otra Educación comercial y empresarial";"Hombres";"Evaluacion"
"2020-2021";"83.35";"Otra Educación comercial y empresarial";"Hombres";"Evaluacion"
"2019-2020";"88.91";"Otra Educación comercial y empresarial";"Hombres";"Evaluacion"
"2018-2019";"82.98";"Otra Educación comercial y empresarial";"Hombres";"Evaluacion"
"2017-2018";"81.5";"Otra Educación comercial y empresarial";"Hombres";"Evaluacion"
"2016-2017";"81.86";"Otra Educación comercial y empresarial";"Hombres";"Evaluacion"
"2015-2016";"83.74";"Otra Educación comercial y empresarial";"Hombres";"Evaluacion"
"2022-2023";"83.84";"Derecho";"Hombres";"Evaluacion"
"2021-2022";"80.77";"Derecho";"Hombres";"Evaluacion"
"2020-2021";"82.83";"Derecho";"Hombres";"Evaluacion"
"2019-2020";"88.88";"Derecho";"Hombres";"Evaluacion"
"2018-2019";"84.44";"Derecho";"Hombres";"Evaluacion"
"2017-2018";"85.34";"Derecho";"Hombres";"Evaluacion"
"2016-2017";"84.23";"Derecho";"Hombres";"Evaluacion"
"2015-2016";"84.09";"Derecho";"Hombres";"Evaluacion"
"2022-2023";"88.71";"Total Ciencias";"Hombres";"Evaluacion"
"2021-2022";"88.04";"Total Ciencias";"Hombres";"Evaluacion"
"2020-2021";"88.59";"Total Ciencias";"Hombres";"Evaluacion"
"2019-2020";"91.88";"Total Ciencias";"Hombres";"Evaluacion"
"2018-2019";"90.56";"Total Ciencias";"Hombres";"Evaluacion"
"2017-2018";"89.11";"Total Ciencias";"Hombres";"Evaluacion"
"2016-2017";"89.3";"Total Ciencias";"Hombres";"Evaluacion"
"2015-2016";"87.07";"Total Ciencias";"Hombres";"Evaluacion"
"2022-2023";"87.74";"Ciencias de la vida";"Hombres";"Evaluacion"
"2021-2022";"89.61";"Ciencias de la vida";"Hombres";"Evaluacion"
"2020-2021";"88.48";"Ciencias de la vida";"Hombres";"Evaluacion"
"2019-2020";"95.38";"Ciencias de la vida";"Hombres";"Evaluacion"
"2018-2019";"91.36";"Ciencias de la vida";"Hombres";"Evaluacion"
"2017-2018";"92.83";"Ciencias de la vida";"Hombres";"Evaluacion"
"2016-2017";"92.96";"Ciencias de la vida";"Hombres";"Evaluacion"
"2015-2016";"89.68";"Ciencias de la vida";"Hombres";"Evaluacion"
"2022-2023";"87.53";"Ciencias Físicas, químicas, geológicas";"Hombres";"Evaluacion"
"2021-2022";"86.04";"Ciencias Físicas, químicas, geológicas";"Hombres";"Evaluacion"
"2020-2021";"88.64";"Ciencias Físicas, químicas, geológicas";"Hombres";"Evaluacion"
"2019-2020";"90.63";"Ciencias Físicas, químicas, geológicas";"Hombres";"Evaluacion"
"2018-2019";"90.43";"Ciencias Físicas, químicas, geológicas";"Hombres";"Evaluacion"
"2017-2018";"88.15";"Ciencias Físicas, químicas, geológicas";"Hombres";"Evaluacion"
"2016-2017";"88.26";"Ciencias Físicas, químicas, geológicas";"Hombres";"Evaluacion"
"2015-2016";"86.47";"Ciencias Físicas, químicas, geológicas";"Hombres";"Evaluacion"
"2022-2023";"91.29";"Matemáticas y Estadística";"Hombres";"Evaluacion"
"2021-2022";"91.09";"Matemáticas y Estadística";"Hombres";"Evaluacion"
"2020-2021";"88.61";"Matemáticas y Estadística";"Hombres";"Evaluacion"
"2019-2020";"89.5";"Matemáticas y Estadística";"Hombres";"Evaluacion"
"2018-2019";"88.64";"Matemáticas y Estadística";"Hombres";"Evaluacion"
"2017-2018";"83.33";"Matemáticas y Estadística";"Hombres";"Evaluacion"
"2016-2017";"84.5";"Matemáticas y Estadística";"Hombres";"Evaluacion"
"2015-2016";"81.11";"Matemáticas y Estadística";"Hombres";"Evaluacion"
"2022-2023";"84.29";"Total Informática";"Hombres";"Evaluacion"
"2021-2022";"81.68";"Total Informática";"Hombres";"Evaluacion"
"2020-2021";"78.54";"Total Informática";"Hombres";"Evaluacion"
"2019-2020";"85.11";"Total Informática";"Hombres";"Evaluacion"
"2018-2019";"83.57";"Total Informática";"Hombres";"Evaluacion"
"2017-2018";"83.72";"Total Informática";"Hombres";"Evaluacion"
"2016-2017";"83.37";"Total Informática";"Hombres";"Evaluacion"
"2015-2016";"84.14";"Total Informática";"Hombres";"Evaluacion"
"2022-2023";"84.29";"Informática";"Hombres";"Evaluacion"
"2021-2022";"81.68";"Informática";"Hombres";"Evaluacion"
"2020-2021";"78.54";"Informática";"Hombres";"Evaluacion"
"2019-2020";"85.11";"Informática";"Hombres";"Evaluacion"
"2018-2019";"83.57";"Informática";"Hombres";"Evaluacion"
"2017-2018";"83.72";"Informática";"Hombres";"Evaluacion"
"2016-2017";"83.37";"Informática";"Hombres";"Evaluacion"
"2015-2016";"84.14";"Informática";"Hombres";"Evaluacion"
"2022-2023";"80.8";"Total Ingeniería, industria y construcción";"Hombres";"Evaluacion"
"2021-2022";"79.33";"Total Ingeniería, industria y construcción";"Hombres";"Evaluacion"
"2020-2021";"78.64";"Total Ingeniería, industria y construcción";"Hombres";"Evaluacion"
"2019-2020";"84.11";"Total Ingeniería, industria y construcción";"Hombres";"Evaluacion"
"2018-2019";"81.43";"Total Ingeniería, industria y construcción";"Hombres";"Evaluacion"
"2017-2018";"82.21";"Total Ingeniería, industria y construcción";"Hombres";"Evaluacion"
"2016-2017";"82.45";"Total Ingeniería, industria y construcción";"Hombres";"Evaluacion"
"2015-2016";"82.24";"Total Ingeniería, industria y construcción";"Hombres";"Evaluacion"
"2022-2023";"80.38";"Ingenierías";"Hombres";"Evaluacion"
"2021-2022";"78.85";"Ingenierías";"Hombres";"Evaluacion"
"2020-2021";"78.08";"Ingenierías";"Hombres";"Evaluacion"
"2019-2020";"83.67";"Ingenierías";"Hombres";"Evaluacion"
"2018-2019";"81.24";"Ingenierías";"Hombres";"Evaluacion"
"2017-2018";"82.0";"Ingenierías";"Hombres";"Evaluacion"
"2016-2017";"82.41";"Ingenierías";"Hombres";"Evaluacion"
"2015-2016";"81.92";"Ingenierías";"Hombres";"Evaluacion"
"2022-2023";"84.98";"Arquitectura y construcción";"Hombres";"Evaluacion"
"2021-2022";"83.78";"Arquitectura y construcción";"Hombres";"Evaluacion"
"2020-2021";"83.82";"Arquitectura y construcción";"Hombres";"Evaluacion"
"2019-2020";"88.59";"Arquitectura y construcción";"Hombres";"Evaluacion"
"2018-2019";"83.18";"Arquitectura y construcción";"Hombres";"Evaluacion"
"2017-2018";"84.29";"Arquitectura y construcción";"Hombres";"Evaluacion"
"2016-2017";"82.75";"Arquitectura y construcción";"Hombres";"Evaluacion"
"2015-2016";"84.79";"Arquitectura y construcción";"Hombres";"Evaluacion"
"2022-2023";"81.33";"Total Agricultura, ganadería,  silvicultura, pesca, y veterinaria";"Hombres";"Evaluacion"
"2021-2022";"80.15";"Total Agricultura, ganadería,  silvicultura, pesca, y veterinaria";"Hombres";"Evaluacion"
"2020-2021";"78.85";"Total Agricultura, ganadería,  silvicultura, pesca, y veterinaria";"Hombres";"Evaluacion"
"2019-2020";"82.33";"Total Agricultura, ganadería,  silvicultura, pesca, y veterinaria";"Hombres";"Evaluacion"
"2018-2019";"83.15";"Total Agricultura, ganadería,  silvicultura, pesca, y veterinaria";"Hombres";"Evaluacion"
"2017-2018";"83.34";"Total Agricultura, ganadería,  silvicultura, pesca, y veterinaria";"Hombres";"Evaluacion"
"2016-2017";"81.67";"Total Agricultura, ganadería,  silvicultura, pesca, y veterinaria";"Hombres";"Evaluacion"
"2015-2016";"85.18";"Total Agricultura, ganadería,  silvicultura, pesca, y veterinaria";"Hombres";"Evaluacion"
"2022-2023";"81.33";"Agricultura, ganadería y pesca";"Hombres";"Evaluacion"
"2021-2022";"80.15";"Agricultura, ganadería y pesca";"Hombres";"Evaluacion"
"2020-2021";"78.85";"Agricultura, ganadería y pesca";"Hombres";"Evaluacion"
"2019-2020";"82.33";"Agricultura, ganadería y pesca";"Hombres";"Evaluacion"
"2018-2019";"83.15";"Agricultura, ganadería y pesca";"Hombres";"Evaluacion"
"2017-2018";"83.34";"Agricultura, ganadería y pesca";"Hombres";"Evaluacion"
"2016-2017";"81.67";"Agricultura, ganadería y pesca";"Hombres";"Evaluacion"
"2015-2016";"85.18";"Agricultura, ganadería y pesca";"Hombres";"Evaluacion"
"2022-2023";"..";"Veterinaria";"Hombres";"Evaluacion"
"2021-2022";"..";"Veterinaria";"Hombres";"Evaluacion"
"2020-2021";"..";"Veterinaria";"Hombres";"Evaluacion"
"2019-2020";"..";"Veterinaria";"Hombres";"Evaluacion"
"2018-2019";"..";"Veterinaria";"Hombres";"Evaluacion"
"2017-2018";"..";"Veterinaria";"Hombres";"Evaluacion"
"2016-2017";"..";"Veterinaria";"Hombres";"Evaluacion"
"2015-2016";"..";"Veterinaria";"Hombres";"Evaluacion"
"2022-2023";"93.75";"Total Salud y servicios sociales";"Hombres";"Evaluacion"
"2021-2022";"91.02";"Total Salud y servicios sociales";"Hombres";"Evaluacion"
"2020-2021";"91.65";"Total Salud y servicios sociales";"Hombres";"Evaluacion"
"2019-2020";"96.25";"Total Salud y servicios sociales";"Hombres";"Evaluacion"
"2018-2019";"92.13";"Total Salud y servicios sociales";"Hombres";"Evaluacion"
"2017-2018";"92.25";"Total Salud y servicios sociales";"Hombres";"Evaluacion"
"2016-2017";"93.1";"Total Salud y servicios sociales";"Hombres";"Evaluacion"
"2015-2016";"93.14";"Total Salud y servicios sociales";"Hombres";"Evaluacion"
"2022-2023";"95.01";"Medicina";"Hombres";"Evaluacion"
"2021-2022";"95.51";"Medicina";"Hombres";"Evaluacion"
"2020-2021";"94.46";"Medicina";"Hombres";"Evaluacion"
"2019-2020";"97.21";"Medicina";"Hombres";"Evaluacion"
"2018-2019";"92.86";"Medicina";"Hombres";"Evaluacion"
"2017-2018";"93.26";"Medicina";"Hombres";"Evaluacion"
"2016-2017";"95.29";"Medicina";"Hombres";"Evaluacion"
"2015-2016";"93.49";"Medicina";"Hombres";"Evaluacion"
"2022-2023";"91.85";"Enfermería y atención a enfermos";"Hombres";"Evaluacion"
"2021-2022";"90.8";"Enfermería y atención a enfermos";"Hombres";"Evaluacion"
"2020-2021";"93.26";"Enfermería y atención a enfermos";"Hombres";"Evaluacion"
"2019-2020";"94.4";"Enfermería y atención a enfermos";"Hombres";"Evaluacion"
"2018-2019";"92.61";"Enfermería y atención a enfermos";"Hombres";"Evaluacion"
"2017-2018";"91.46";"Enfermería y atención a enfermos";"Hombres";"Evaluacion"
"2016-2017";"94.53";"Enfermería y atención a enfermos";"Hombres";"Evaluacion"
"2015-2016";"94.33";"Enfermería y atención a enfermos";"Hombres";"Evaluacion"
"2022-2023";"93.5";"Otras ciencias de la Salud";"Hombres";"Evaluacion"
"2021-2022";"88.02";"Otras ciencias de la Salud";"Hombres";"Evaluacion"
"2020-2021";"87.78";"Otras ciencias de la Salud";"Hombres";"Evaluacion"
"2019-2020";"97.32";"Otras ciencias de la Salud";"Hombres";"Evaluacion"
"2018-2019";"91.66";"Otras ciencias de la Salud";"Hombres";"Evaluacion"
"2017-2018";"93.74";"Otras ciencias de la Salud";"Hombres";"Evaluacion"
"2016-2017";"91.85";"Otras ciencias de la Salud";"Hombres";"Evaluacion"
"2015-2016";"92.96";"Otras ciencias de la Salud";"Hombres";"Evaluacion"
"2022-2023";"90.71";"Trabajo social y orientación";"Hombres";"Evaluacion"
"2021-2022";"77.78";"Trabajo social y orientación";"Hombres";"Evaluacion"
"2020-2021";"86.5";"Trabajo social y orientación";"Hombres";"Evaluacion"
"2019-2020";"90.45";"Trabajo social y orientación";"Hombres";"Evaluacion"
"2018-2019";"88.0";"Trabajo social y orientación";"Hombres";"Evaluacion"
"2017-2018";"83.08";"Trabajo social y orientación";"Hombres";"Evaluacion"
"2016-2017";"82.78";"Trabajo social y orientación";"Hombres";"Evaluacion"
"2015-2016";"89.53";"Trabajo social y orientación";"Hombres";"Evaluacion"
"2022-2023";"83.54";"Total Servicios";"Hombres";"Evaluacion"
"2021-2022";"79.79";"Total Servicios";"Hombres";"Evaluacion"
"2020-2021";"82.09";"Total Servicios";"Hombres";"Evaluacion"
"2019-2020";"83.44";"Total Servicios";"Hombres";"Evaluacion"
"2018-2019";"85.49";"Total Servicios";"Hombres";"Evaluacion"
"2017-2018";"88.1";"Total Servicios";"Hombres";"Evaluacion"
"2016-2017";"87.16";"Total Servicios";"Hombres";"Evaluacion"
"2015-2016";"79.78";"Total Servicios";"Hombres";"Evaluacion"
"2022-2023";"..";"Deportes";"Hombres";"Evaluacion"
"2021-2022";"..";"Deportes";"Hombres";"Evaluacion"
"2020-2021";"..";"Deportes";"Hombres";"Evaluacion"
"2019-2020";"..";"Deportes";"Hombres";"Evaluacion"
"2018-2019";"..";"Deportes";"Hombres";"Evaluacion"
"2017-2018";"..";"Deportes";"Hombres";"Evaluacion"
"2016-2017";"..";"Deportes";"Hombres";"Evaluacion"
"2015-2016";"..";"Deportes";"Hombres";"Evaluacion"
"2022-2023";"80.51";"Turismo y Hostelería";"Hombres";"Evaluacion"
"2021-2022";"77.99";"Turismo y Hostelería";"Hombres";"Evaluacion"
"2020-2021";"86.71";"Turismo y Hostelería";"Hombres";"Evaluacion"
"2019-2020";"88.18";"Turismo y Hostelería";"Hombres";"Evaluacion"
"2018-2019";"88.24";"Turismo y Hostelería";"Hombres";"Evaluacion"
"2017-2018";"88.42";"Turismo y Hostelería";"Hombres";"Evaluacion"
"2016-2017";"89.57";"Turismo y Hostelería";"Hombres";"Evaluacion"
"2015-2016";"83.92";"Turismo y Hostelería";"Hombres";"Evaluacion"
"2022-2023";"85.64";"Otros Servicios";"Hombres";"Evaluacion"
"2021-2022";"81.38";"Otros Servicios";"Hombres";"Evaluacion"
"2020-2021";"76.52";"Otros Servicios";"Hombres";"Evaluacion"
"2019-2020";"77.99";"Otros Servicios";"Hombres";"Evaluacion"
"2018-2019";"82.13";"Otros Servicios";"Hombres";"Evaluacion"
"2017-2018";"87.73";"Otros Servicios";"Hombres";"Evaluacion"
"2016-2017";"83.86";"Otros Servicios";"Hombres";"Evaluacion"
"2015-2016";"74.67";"Otros Servicios";"Hombres";"Evaluacion"
"2022-2023";"???";"Oviedo";"Mujeres";"Rendimiento"
"2021-2022";"???";"Oviedo";"Mujeres";"Rendimiento"
"2020-2021";"???";"Oviedo";"Mujeres";"Rendimiento"
"2019-2020";"???";"Oviedo";"Mujeres";"Rendimiento"
"2018-2019";"???";"Oviedo";"Mujeres";"Rendimiento"
"2017-2018";"???";"Oviedo";"Mujeres";"Rendimiento"
"2016-2017";"???";"Oviedo";"Mujeres";"Rendimiento"
"2015-2016";"???";"Oviedo";"Mujeres";"Rendimiento"
"2022-2023";"80.23";"Todos los ámbitos";"Mujeres";"Rendimiento"
"2021-2022";"79.12";"Todos los ámbitos";"Mujeres";"Rendimiento"
"2020-2021";"79.87";"Todos los ámbitos";"Mujeres";"Rendimiento"
"2019-2020";"86.66";"Todos los ámbitos";"Mujeres";"Rendimiento"
"2018-2019";"80.13";"Todos los ámbitos";"Mujeres";"Rendimiento"
"2017-2018";"79.32";"Todos los ámbitos";"Mujeres";"Rendimiento"
"2016-2017";"79.45";"Todos los ámbitos";"Mujeres";"Rendimiento"
"2015-2016";"79.6";"Todos los ámbitos";"Mujeres";"Rendimiento"
"2022-2023";"89.1";"Total Educación";"Mujeres";"Rendimiento"
"2021-2022";"88.2";"Total Educación";"Mujeres";"Rendimiento"
"2020-2021";"91.16";"Total Educación";"Mujeres";"Rendimiento"
"2019-2020";"92.36";"Total Educación";"Mujeres";"Rendimiento"
"2018-2019";"87.61";"Total Educación";"Mujeres";"Rendimiento"
"2017-2018";"86.67";"Total Educación";"Mujeres";"Rendimiento"
"2016-2017";"86.71";"Total Educación";"Mujeres";"Rendimiento"
"2015-2016";"86.96";"Total Educación";"Mujeres";"Rendimiento"
"2022-2023";"90.29";"Formación de docentes de enseñanza infantil";"Mujeres";"Rendimiento"
"2021-2022";"87.49";"Formación de docentes de enseñanza infantil";"Mujeres";"Rendimiento"
"2020-2021";"91.34";"Formación de docentes de enseñanza infantil";"Mujeres";"Rendimiento"
"2019-2020";"90.43";"Formación de docentes de enseñanza infantil";"Mujeres";"Rendimiento"
"2018-2019";"89.37";"Formación de docentes de enseñanza infantil";"Mujeres";"Rendimiento"
"2017-2018";"88.66";"Formación de docentes de enseñanza infantil";"Mujeres";"Rendimiento"
"2016-2017";"89.56";"Formación de docentes de enseñanza infantil";"Mujeres";"Rendimiento"
"2015-2016";"88.97";"Formación de docentes de enseñanza infantil";"Mujeres";"Rendimiento"
"2022-2023";"90.91";"Formación de docentes de enseñanza primaria";"Mujeres";"Rendimiento"
"2021-2022";"90.32";"Formación de docentes de enseñanza primaria";"Mujeres";"Rendimiento"
"2020-2021";"91.92";"Formación de docentes de enseñanza primaria";"Mujeres";"Rendimiento"
"2019-2020";"94.75";"Formación de docentes de enseñanza primaria";"Mujeres";"Rendimiento"
"2018-2019";"89.16";"Formación de docentes de enseñanza primaria";"Mujeres";"Rendimiento"
"2017-2018";"86.32";"Formación de docentes de enseñanza primaria";"Mujeres";"Rendimiento"
"2016-2017";"86.52";"Formación de docentes de enseñanza primaria";"Mujeres";"Rendimiento"
"2015-2016";"87.29";"Formación de docentes de enseñanza primaria";"Mujeres";"Rendimiento"
"2022-2023";"83.18";"Otra Formación de personal docente y ciencias de la educación";"Mujeres";"Rendimiento"
"2021-2022";"85.15";"Otra Formación de personal docente y ciencias de la educación";"Mujeres";"Rendimiento"
"2020-2021";"89.36";"Otra Formación de personal docente y ciencias de la educación";"Mujeres";"Rendimiento"
"2019-2020";"90.8";"Otra Formación de personal docente y ciencias de la educación";"Mujeres";"Rendimiento"
"2018-2019";"81.77";"Otra Formación de personal docente y ciencias de la educación";"Mujeres";"Rendimiento"
"2017-2018";"84.11";"Otra Formación de personal docente y ciencias de la educación";"Mujeres";"Rendimiento"
"2016-2017";"82.17";"Otra Formación de personal docente y ciencias de la educación";"Mujeres";"Rendimiento"
"2015-2016";"82.72";"Otra Formación de personal docente y ciencias de la educación";"Mujeres";"Rendimiento"
"2022-2023";"78.68";"Total Artes y humanidades";"Mujeres";"Rendimiento"
"2021-2022";"78.51";"Total Artes y humanidades";"Mujeres";"Rendimiento"
"2020-2021";"77.98";"Total Artes y humanidades";"Mujeres";"Rendimiento"
"2019-2020";"86.09";"Total Artes y humanidades";"Mujeres";"Rendimiento"
"2018-2019";"77.82";"Total Artes y humanidades";"Mujeres";"Rendimiento"
"2017-2018";"78.36";"Total Artes y humanidades";"Mujeres";"Rendimiento"
"2016-2017";"77.14";"Total Artes y humanidades";"Mujeres";"Rendimiento"
"2015-2016";"78.75";"Total Artes y humanidades";"Mujeres";"Rendimiento"
"2022-2023";"..";"Técnicas audiovisuales y medios de comunicación";"Mujeres";"Rendimiento"
"2021-2022";"..";"Técnicas audiovisuales y medios de comunicación";"Mujeres";"Rendimiento"
"2020-2021";"..";"Técnicas audiovisuales y medios de comunicación";"Mujeres";"Rendimiento"
"2019-2020";"..";"Técnicas audiovisuales y medios de comunicación";"Mujeres";"Rendimiento"
"2018-2019";"..";"Técnicas audiovisuales y medios de comunicación";"Mujeres";"Rendimiento"
"2017-2018";"..";"Técnicas audiovisuales y medios de comunicación";"Mujeres";"Rendimiento"
"2016-2017";"..";"Técnicas audiovisuales y medios de comunicación";"Mujeres";"Rendimiento"
"2015-2016";"..";"Técnicas audiovisuales y medios de comunicación";"Mujeres";"Rendimiento"
"2022-2023";"82.13";"Artes";"Mujeres";"Rendimiento"
"2021-2022";"82.75";"Artes";"Mujeres";"Rendimiento"
"2020-2021";"81.84";"Artes";"Mujeres";"Rendimiento"
"2019-2020";"86.65";"Artes";"Mujeres";"Rendimiento"
"2018-2019";"78.28";"Artes";"Mujeres";"Rendimiento"
"2017-2018";"75.35";"Artes";"Mujeres";"Rendimiento"
"2016-2017";"77.98";"Artes";"Mujeres";"Rendimiento"
"2015-2016";"72.55";"Artes";"Mujeres";"Rendimiento"
"2022-2023";"77.64";"Lenguas";"Mujeres";"Rendimiento"
"2021-2022";"77.58";"Lenguas";"Mujeres";"Rendimiento"
"2020-2021";"76.99";"Lenguas";"Mujeres";"Rendimiento"
"2019-2020";"85.92";"Lenguas";"Mujeres";"Rendimiento"
"2018-2019";"78.43";"Lenguas";"Mujeres";"Rendimiento"
"2017-2018";"78.86";"Lenguas";"Mujeres";"Rendimiento"
"2016-2017";"76.84";"Lenguas";"Mujeres";"Rendimiento"
"2015-2016";"79.74";"Lenguas";"Mujeres";"Rendimiento"
"2022-2023";"78.68";"Humanidades";"Mujeres";"Rendimiento"
"2021-2022";"77.36";"Humanidades";"Mujeres";"Rendimiento"
"2020-2021";"77.6";"Humanidades";"Mujeres";"Rendimiento"
"2019-2020";"86.17";"Humanidades";"Mujeres";"Rendimiento"
"2018-2019";"73.88";"Humanidades";"Mujeres";"Rendimiento"
"2017-2018";"79.42";"Humanidades";"Mujeres";"Rendimiento"
"2016-2017";"78.04";"Humanidades";"Mujeres";"Rendimiento"
"2015-2016";"80.36";"Humanidades";"Mujeres";"Rendimiento"
"2022-2023";"84.6";"Total Ciencias sociales, periodismo y documentación";"Mujeres";"Rendimiento"
"2021-2022";"82.03";"Total Ciencias sociales, periodismo y documentación";"Mujeres";"Rendimiento"
"2020-2021";"85.42";"Total Ciencias sociales, periodismo y documentación";"Mujeres";"Rendimiento"
"2019-2020";"90.28";"Total Ciencias sociales, periodismo y documentación";"Mujeres";"Rendimiento"
"2018-2019";"86.01";"Total Ciencias sociales, periodismo y documentación";"Mujeres";"Rendimiento"
"2017-2018";"83.71";"Total Ciencias sociales, periodismo y documentación";"Mujeres";"Rendimiento"
"2016-2017";"84.69";"Total Ciencias sociales, periodismo y documentación";"Mujeres";"Rendimiento"
"2015-2016";"84.1";"Total Ciencias sociales, periodismo y documentación";"Mujeres";"Rendimiento"
"2022-2023";"88.35";"Psicología";"Mujeres";"Rendimiento"
"2021-2022";"86.94";"Psicología";"Mujeres";"Rendimiento"
"2020-2021";"91.46";"Psicología";"Mujeres";"Rendimiento"
"2019-2020";"93.6";"Psicología";"Mujeres";"Rendimiento"
"2018-2019";"89.61";"Psicología";"Mujeres";"Rendimiento"
"2017-2018";"87.1";"Psicología";"Mujeres";"Rendimiento"
"2016-2017";"88.1";"Psicología";"Mujeres";"Rendimiento"
"2015-2016";"86.87";"Psicología";"Mujeres";"Rendimiento"
"2022-2023";"71.69";"Economía";"Mujeres";"Rendimiento"
"2021-2022";"67.16";"Economía";"Mujeres";"Rendimiento"
"2020-2021";"69.92";"Economía";"Mujeres";"Rendimiento"
"2019-2020";"81.49";"Economía";"Mujeres";"Rendimiento"
"2018-2019";"77.29";"Economía";"Mujeres";"Rendimiento"
"2017-2018";"75.57";"Economía";"Mujeres";"Rendimiento"
"2016-2017";"77.16";"Economía";"Mujeres";"Rendimiento"
"2015-2016";"78.19";"Economía";"Mujeres";"Rendimiento"
"2022-2023";"..";"Otras Ciencias sociales y del comportamiento";"Mujeres";"Rendimiento"
"2021-2022";"..";"Otras Ciencias sociales y del comportamiento";"Mujeres";"Rendimiento"
"2020-2021";"..";"Otras Ciencias sociales y del comportamiento";"Mujeres";"Rendimiento"
"2019-2020";"..";"Otras Ciencias sociales y del comportamiento";"Mujeres";"Rendimiento"
"2018-2019";"..";"Otras Ciencias sociales y del comportamiento";"Mujeres";"Rendimiento"
"2017-2018";"..";"Otras Ciencias sociales y del comportamiento";"Mujeres";"Rendimiento"
"2016-2017";"..";"Otras Ciencias sociales y del comportamiento";"Mujeres";"Rendimiento"
"2015-2016";"..";"Otras Ciencias sociales y del comportamiento";"Mujeres";"Rendimiento"
"2022-2023";"..";"Periodismo e información";"Mujeres";"Rendimiento"
"2021-2022";"..";"Periodismo e información";"Mujeres";"Rendimiento"
"2020-2021";"..";"Periodismo e información";"Mujeres";"Rendimiento"
"2019-2020";"..";"Periodismo e información";"Mujeres";"Rendimiento"
"2018-2019";"..";"Periodismo e información";"Mujeres";"Rendimiento"
"2017-2018";"..";"Periodismo e información";"Mujeres";"Rendimiento"
"2016-2017";"..";"Periodismo e información";"Mujeres";"Rendimiento"
"2015-2016";"..";"Periodismo e información";"Mujeres";"Rendimiento"
"2022-2023";"72.88";"Total Negocios, administración y derecho";"Mujeres";"Rendimiento"
"2021-2022";"70.39";"Total Negocios, administración y derecho";"Mujeres";"Rendimiento"
"2020-2021";"71.34";"Total Negocios, administración y derecho";"Mujeres";"Rendimiento"
"2019-2020";"81.5";"Total Negocios, administración y derecho";"Mujeres";"Rendimiento"
"2018-2019";"74.36";"Total Negocios, administración y derecho";"Mujeres";"Rendimiento"
"2017-2018";"73.16";"Total Negocios, administración y derecho";"Mujeres";"Rendimiento"
"2016-2017";"74.57";"Total Negocios, administración y derecho";"Mujeres";"Rendimiento"
"2015-2016";"73.33";"Total Negocios, administración y derecho";"Mujeres";"Rendimiento"
"2022-2023";"69.23";"Administración y gestión de empresas";"Mujeres";"Rendimiento"
"2021-2022";"68.22";"Administración y gestión de empresas";"Mujeres";"Rendimiento"
"2020-2021";"67.99";"Administración y gestión de empresas";"Mujeres";"Rendimiento"
"2019-2020";"79.69";"Administración y gestión de empresas";"Mujeres";"Rendimiento"
"2018-2019";"71.49";"Administración y gestión de empresas";"Mujeres";"Rendimiento"
"2017-2018";"70.2";"Administración y gestión de empresas";"Mujeres";"Rendimiento"
"2016-2017";"72.46";"Administración y gestión de empresas";"Mujeres";"Rendimiento"
"2015-2016";"72.58";"Administración y gestión de empresas";"Mujeres";"Rendimiento"
"2022-2023";"77.08";"Otra Educación comercial y empresarial";"Mujeres";"Rendimiento"
"2021-2022";"70.92";"Otra Educación comercial y empresarial";"Mujeres";"Rendimiento"
"2020-2021";"76.19";"Otra Educación comercial y empresarial";"Mujeres";"Rendimiento"
"2019-2020";"84.13";"Otra Educación comercial y empresarial";"Mujeres";"Rendimiento"
"2018-2019";"80.37";"Otra Educación comercial y empresarial";"Mujeres";"Rendimiento"
"2017-2018";"78.05";"Otra Educación comercial y empresarial";"Mujeres";"Rendimiento"
"2016-2017";"76.03";"Otra Educación comercial y empresarial";"Mujeres";"Rendimiento"
"2015-2016";"77.0";"Otra Educación comercial y empresarial";"Mujeres";"Rendimiento"
"2022-2023";"72.9";"Derecho";"Mujeres";"Rendimiento"
"2021-2022";"71.29";"Derecho";"Mujeres";"Rendimiento"
"2020-2021";"70.97";"Derecho";"Mujeres";"Rendimiento"
"2019-2020";"81.27";"Derecho";"Mujeres";"Rendimiento"
"2018-2019";"73.31";"Derecho";"Mujeres";"Rendimiento"
"2017-2018";"72.4";"Derecho";"Mujeres";"Rendimiento"
"2016-2017";"75.13";"Derecho";"Mujeres";"Rendimiento"
"2015-2016";"71.84";"Derecho";"Mujeres";"Rendimiento"
"2022-2023";"78.81";"Total Ciencias";"Mujeres";"Rendimiento"
"2021-2022";"78.27";"Total Ciencias";"Mujeres";"Rendimiento"
"2020-2021";"75.78";"Total Ciencias";"Mujeres";"Rendimiento"
"2019-2020";"85.55";"Total Ciencias";"Mujeres";"Rendimiento"
"2018-2019";"75.42";"Total Ciencias";"Mujeres";"Rendimiento"
"2017-2018";"76.55";"Total Ciencias";"Mujeres";"Rendimiento"
"2016-2017";"74.26";"Total Ciencias";"Mujeres";"Rendimiento"
"2015-2016";"73.86";"Total Ciencias";"Mujeres";"Rendimiento"
"2022-2023";"79.52";"Ciencias de la vida";"Mujeres";"Rendimiento"
"2021-2022";"80.47";"Ciencias de la vida";"Mujeres";"Rendimiento"
"2020-2021";"75.9";"Ciencias de la vida";"Mujeres";"Rendimiento"
"2019-2020";"87.88";"Ciencias de la vida";"Mujeres";"Rendimiento"
"2018-2019";"78.57";"Ciencias de la vida";"Mujeres";"Rendimiento"
"2017-2018";"77.7";"Ciencias de la vida";"Mujeres";"Rendimiento"
"2016-2017";"77.92";"Ciencias de la vida";"Mujeres";"Rendimiento"
"2015-2016";"77.68";"Ciencias de la vida";"Mujeres";"Rendimiento"
"2022-2023";"76.06";"Ciencias Físicas, químicas, geológicas";"Mujeres";"Rendimiento"
"2021-2022";"75.76";"Ciencias Físicas, químicas, geológicas";"Mujeres";"Rendimiento"
"2020-2021";"76.04";"Ciencias Físicas, químicas, geológicas";"Mujeres";"Rendimiento"
"2019-2020";"83.34";"Ciencias Físicas, químicas, geológicas";"Mujeres";"Rendimiento"
"2018-2019";"74.63";"Ciencias Físicas, químicas, geológicas";"Mujeres";"Rendimiento"
"2017-2018";"76.95";"Ciencias Físicas, químicas, geológicas";"Mujeres";"Rendimiento"
"2016-2017";"72.32";"Ciencias Físicas, químicas, geológicas";"Mujeres";"Rendimiento"
"2015-2016";"71.07";"Ciencias Físicas, químicas, geológicas";"Mujeres";"Rendimiento"
"2022-2023";"82.39";"Matemáticas y Estadística";"Mujeres";"Rendimiento"
"2021-2022";"78.05";"Matemáticas y Estadística";"Mujeres";"Rendimiento"
"2020-2021";"73.86";"Matemáticas y Estadística";"Mujeres";"Rendimiento"
"2019-2020";"84.45";"Matemáticas y Estadística";"Mujeres";"Rendimiento"
"2018-2019";"58.41";"Matemáticas y Estadística";"Mujeres";"Rendimiento"
"2017-2018";"65.8";"Matemáticas y Estadística";"Mujeres";"Rendimiento"
"2016-2017";"62.82";"Matemáticas y Estadística";"Mujeres";"Rendimiento"
"2015-2016";"64.05";"Matemáticas y Estadística";"Mujeres";"Rendimiento"
"2022-2023";"72.29";"Total Informática";"Mujeres";"Rendimiento"
"2021-2022";"65.48";"Total Informática";"Mujeres";"Rendimiento"
"2020-2021";"70.23";"Total Informática";"Mujeres";"Rendimiento"
"2019-2020";"73.08";"Total Informática";"Mujeres";"Rendimiento"
"2018-2019";"71.66";"Total Informática";"Mujeres";"Rendimiento"
"2017-2018";"73.58";"Total Informática";"Mujeres";"Rendimiento"
"2016-2017";"68.67";"Total Informática";"Mujeres";"Rendimiento"
"2015-2016";"70.39";"Total Informática";"Mujeres";"Rendimiento"
"2022-2023";"72.29";"Informática";"Mujeres";"Rendimiento"
"2021-2022";"65.48";"Informática";"Mujeres";"Rendimiento"
"2020-2021";"70.23";"Informática";"Mujeres";"Rendimiento"
"2019-2020";"73.08";"Informática";"Mujeres";"Rendimiento"
"2018-2019";"71.66";"Informática";"Mujeres";"Rendimiento"
"2017-2018";"73.58";"Informática";"Mujeres";"Rendimiento"
"2016-2017";"68.67";"Informática";"Mujeres";"Rendimiento"
"2015-2016";"70.39";"Informática";"Mujeres";"Rendimiento"
"2022-2023";"64.68";"Total Ingeniería, industria y construcción";"Mujeres";"Rendimiento"
"2021-2022";"63.36";"Total Ingeniería, industria y construcción";"Mujeres";"Rendimiento"
"2020-2021";"63.36";"Total Ingeniería, industria y construcción";"Mujeres";"Rendimiento"
"2019-2020";"71.93";"Total Ingeniería, industria y construcción";"Mujeres";"Rendimiento"
"2018-2019";"66.47";"Total Ingeniería, industria y construcción";"Mujeres";"Rendimiento"
"2017-2018";"65.89";"Total Ingeniería, industria y construcción";"Mujeres";"Rendimiento"
"2016-2017";"65.49";"Total Ingeniería, industria y construcción";"Mujeres";"Rendimiento"
"2015-2016";"67.91";"Total Ingeniería, industria y construcción";"Mujeres";"Rendimiento"
"2022-2023";"63.97";"Ingenierías";"Mujeres";"Rendimiento"
"2021-2022";"62.38";"Ingenierías";"Mujeres";"Rendimiento"
"2020-2021";"61.96";"Ingenierías";"Mujeres";"Rendimiento"
"2019-2020";"71.09";"Ingenierías";"Mujeres";"Rendimiento"
"2018-2019";"65.07";"Ingenierías";"Mujeres";"Rendimiento"
"2017-2018";"64.87";"Ingenierías";"Mujeres";"Rendimiento"
"2016-2017";"65.2";"Ingenierías";"Mujeres";"Rendimiento"
"2015-2016";"67.85";"Ingenierías";"Mujeres";"Rendimiento"
"2022-2023";"70.78";"Arquitectura y construcción";"Mujeres";"Rendimiento"
"2021-2022";"71.63";"Arquitectura y construcción";"Mujeres";"Rendimiento"
"2020-2021";"73.2";"Arquitectura y construcción";"Mujeres";"Rendimiento"
"2019-2020";"77.4";"Arquitectura y construcción";"Mujeres";"Rendimiento"
"2018-2019";"75.16";"Arquitectura y construcción";"Mujeres";"Rendimiento"
"2017-2018";"71.89";"Arquitectura y construcción";"Mujeres";"Rendimiento"
"2016-2017";"67.41";"Arquitectura y construcción";"Mujeres";"Rendimiento"
"2015-2016";"68.34";"Arquitectura y construcción";"Mujeres";"Rendimiento"
"2022-2023";"..";"Total Agricultura, ganadería,  silvicultura, pesca, y veterinaria";"Mujeres";"Rendimiento"
"2021-2022";"70.99";"Total Agricultura, ganadería,  silvicultura, pesca, y veterinaria";"Mujeres";"Rendimiento"
"2020-2021";"58.96";"Total Agricultura, ganadería,  silvicultura, pesca, y veterinaria";"Mujeres";"Rendimiento"
"2019-2020";"66.67";"Total Agricultura, ganadería,  silvicultura, pesca, y veterinaria";"Mujeres";"Rendimiento"
"2018-2019";"67.89";"Total Agricultura, ganadería,  silvicultura, pesca, y veterinaria";"Mujeres";"Rendimiento"
"2017-2018";"61.4";"Total Agricultura, ganadería,  silvicultura, pesca, y veterinaria";"Mujeres";"Rendimiento"
"2016-2017";"68.7";"Total Agricultura, ganadería,  silvicultura, pesca, y veterinaria";"Mujeres";"Rendimiento"
"2015-2016";"71.15";"Total Agricultura, ganadería,  silvicultura, pesca, y veterinaria";"Mujeres";"Rendimiento"
"2022-2023";"..";"Agricultura, ganadería y pesca";"Mujeres";"Rendimiento"
"2021-2022";"70.99";"Agricultura, ganadería y pesca";"Mujeres";"Rendimiento"
"2020-2021";"58.96";"Agricultura, ganadería y pesca";"Mujeres";"Rendimiento"
"2019-2020";"66.67";"Agricultura, ganadería y pesca";"Mujeres";"Rendimiento"
"2018-2019";"67.89";"Agricultura, ganadería y pesca";"Mujeres";"Rendimiento"
"2017-2018";"61.4";"Agricultura, ganadería y pesca";"Mujeres";"Rendimiento"
"2016-2017";"68.7";"Agricultura, ganadería y pesca";"Mujeres";"Rendimiento"
"2015-2016";"71.15";"Agricultura, ganadería y pesca";"Mujeres";"Rendimiento"
"2022-2023";"..";"Veterinaria";"Mujeres";"Rendimiento"
"2021-2022";"..";"Veterinaria";"Mujeres";"Rendimiento"
"2020-2021";"..";"Veterinaria";"Mujeres";"Rendimiento"
"2019-2020";"..";"Veterinaria";"Mujeres";"Rendimiento"
"2018-2019";"..";"Veterinaria";"Mujeres";"Rendimiento"
"2017-2018";"..";"Veterinaria";"Mujeres";"Rendimiento"
"2016-2017";"..";"Veterinaria";"Mujeres";"Rendimiento"
"2015-2016";"..";"Veterinaria";"Mujeres";"Rendimiento"
"2022-2023";"86.55";"Total Salud y servicios sociales";"Mujeres";"Rendimiento"
"2021-2022";"87.18";"Total Salud y servicios sociales";"Mujeres";"Rendimiento"
"2020-2021";"87.37";"Total Salud y servicios sociales";"Mujeres";"Rendimiento"
"2019-2020";"93.41";"Total Salud y servicios sociales";"Mujeres";"Rendimiento"
"2018-2019";"87.62";"Total Salud y servicios sociales";"Mujeres";"Rendimiento"
"2017-2018";"86.95";"Total Salud y servicios sociales";"Mujeres";"Rendimiento"
"2016-2017";"88.22";"Total Salud y servicios sociales";"Mujeres";"Rendimiento"
"2015-2016";"88.23";"Total Salud y servicios sociales";"Mujeres";"Rendimiento"
"2022-2023";"87.24";"Medicina";"Mujeres";"Rendimiento"
"2021-2022";"89.95";"Medicina";"Mujeres";"Rendimiento"
"2020-2021";"90.35";"Medicina";"Mujeres";"Rendimiento"
"2019-2020";"95.18";"Medicina";"Mujeres";"Rendimiento"
"2018-2019";"90.64";"Medicina";"Mujeres";"Rendimiento"
"2017-2018";"90.0";"Medicina";"Mujeres";"Rendimiento"
"2016-2017";"91.49";"Medicina";"Mujeres";"Rendimiento"
"2015-2016";"91.02";"Medicina";"Mujeres";"Rendimiento"
"2022-2023";"90.93";"Enfermería y atención a enfermos";"Mujeres";"Rendimiento"
"2021-2022";"89.93";"Enfermería y atención a enfermos";"Mujeres";"Rendimiento"
"2020-2021";"87.28";"Enfermería y atención a enfermos";"Mujeres";"Rendimiento"
"2019-2020";"93.96";"Enfermería y atención a enfermos";"Mujeres";"Rendimiento"
"2018-2019";"88.54";"Enfermería y atención a enfermos";"Mujeres";"Rendimiento"
"2017-2018";"89.81";"Enfermería y atención a enfermos";"Mujeres";"Rendimiento"
"2016-2017";"90.13";"Enfermería y atención a enfermos";"Mujeres";"Rendimiento"
"2015-2016";"91.94";"Enfermería y atención a enfermos";"Mujeres";"Rendimiento"
"2022-2023";"85.4";"Otras ciencias de la Salud";"Mujeres";"Rendimiento"
"2021-2022";"87.23";"Otras ciencias de la Salud";"Mujeres";"Rendimiento"
"2020-2021";"88.57";"Otras ciencias de la Salud";"Mujeres";"Rendimiento"
"2019-2020";"93.45";"Otras ciencias de la Salud";"Mujeres";"Rendimiento"
"2018-2019";"86.81";"Otras ciencias de la Salud";"Mujeres";"Rendimiento"
"2017-2018";"86.16";"Otras ciencias de la Salud";"Mujeres";"Rendimiento"
"2016-2017";"88.29";"Otras ciencias de la Salud";"Mujeres";"Rendimiento"
"2015-2016";"86.17";"Otras ciencias de la Salud";"Mujeres";"Rendimiento"
"2022-2023";"77.22";"Trabajo social y orientación";"Mujeres";"Rendimiento"
"2021-2022";"75.93";"Trabajo social y orientación";"Mujeres";"Rendimiento"
"2020-2021";"79.54";"Trabajo social y orientación";"Mujeres";"Rendimiento"
"2019-2020";"88.73";"Trabajo social y orientación";"Mujeres";"Rendimiento"
"2018-2019";"80.11";"Trabajo social y orientación";"Mujeres";"Rendimiento"
"2017-2018";"74.34";"Trabajo social y orientación";"Mujeres";"Rendimiento"
"2016-2017";"75.47";"Trabajo social y orientación";"Mujeres";"Rendimiento"
"2015-2016";"76.07";"Trabajo social y orientación";"Mujeres";"Rendimiento"
"2022-2023";"74.53";"Total Servicios";"Mujeres";"Rendimiento"
"2021-2022";"75.42";"Total Servicios";"Mujeres";"Rendimiento"
"2020-2021";"74.17";"Total Servicios";"Mujeres";"Rendimiento"
"2019-2020";"82.63";"Total Servicios";"Mujeres";"Rendimiento"
"2018-2019";"75.55";"Total Servicios";"Mujeres";"Rendimiento"
"2017-2018";"74.96";"Total Servicios";"Mujeres";"Rendimiento"
"2016-2017";"80.12";"Total Servicios";"Mujeres";"Rendimiento"
"2015-2016";"81.73";"Total Servicios";"Mujeres";"Rendimiento"
"2022-2023";"..";"Deportes";"Mujeres";"Rendimiento"
"2021-2022";"..";"Deportes";"Mujeres";"Rendimiento"
"2020-2021";"..";"Deportes";"Mujeres";"Rendimiento"
"2019-2020";"..";"Deportes";"Mujeres";"Rendimiento"
"2018-2019";"..";"Deportes";"Mujeres";"Rendimiento"
"2017-2018";"..";"Deportes";"Mujeres";"Rendimiento"
"2016-2017";"..";"Deportes";"Mujeres";"Rendimiento"
"2015-2016";"..";"Deportes";"Mujeres";"Rendimiento"
"2022-2023";"76.6";"Turismo y Hostelería";"Mujeres";"Rendimiento"
"2021-2022";"76.6";"Turismo y Hostelería";"Mujeres";"Rendimiento"
"2020-2021";"76.01";"Turismo y Hostelería";"Mujeres";"Rendimiento"
"2019-2020";"84.91";"Turismo y Hostelería";"Mujeres";"Rendimiento"
"2018-2019";"76.49";"Turismo y Hostelería";"Mujeres";"Rendimiento"
"2017-2018";"74.49";"Turismo y Hostelería";"Mujeres";"Rendimiento"
"2016-2017";"80.71";"Turismo y Hostelería";"Mujeres";"Rendimiento"
"2015-2016";"82.36";"Turismo y Hostelería";"Mujeres";"Rendimiento"
"2022-2023";"68.35";"Otros Servicios";"Mujeres";"Rendimiento"
"2021-2022";"70.4";"Otros Servicios";"Mujeres";"Rendimiento"
"2020-2021";"63.8";"Otros Servicios";"Mujeres";"Rendimiento"
"2019-2020";"67.29";"Otros Servicios";"Mujeres";"Rendimiento"
"2018-2019";"67.93";"Otros Servicios";"Mujeres";"Rendimiento"
"2017-2018";"79.17";"Otros Servicios";"Mujeres";"Rendimiento"
"2016-2017";"..";"Otros Servicios";"Mujeres";"Rendimiento"
"2015-2016";"..";"Otros Servicios";"Mujeres";"Rendimiento"
"2022-2023";"???";"Oviedo";"Mujeres";"Exito"
"2021-2022";"???";"Oviedo";"Mujeres";"Exito"
"2020-2021";"???";"Oviedo";"Mujeres";"Exito"
"2019-2020";"???";"Oviedo";"Mujeres";"Exito"
"2018-2019";"???";"Oviedo";"Mujeres";"Exito"
"2017-2018";"???";"Oviedo";"Mujeres";"Exito"
"2016-2017";"???";"Oviedo";"Mujeres";"Exito"
"2015-2016";"???";"Oviedo";"Mujeres";"Exito"
"2022-2023";"88.06";"Todos los ámbitos";"Mujeres";"Exito"
"2021-2022";"87.7";"Todos los ámbitos";"Mujeres";"Exito"
"2020-2021";"87.9";"Todos los ámbitos";"Mujeres";"Exito"
"2019-2020";"92.22";"Todos los ámbitos";"Mujeres";"Exito"
"2018-2019";"88.29";"Todos los ámbitos";"Mujeres";"Exito"
"2017-2018";"87.5";"Todos los ámbitos";"Mujeres";"Exito"
"2016-2017";"87.68";"Todos los ámbitos";"Mujeres";"Exito"
"2015-2016";"87.38";"Todos los ámbitos";"Mujeres";"Exito"
"2022-2023";"93.25";"Total Educación";"Mujeres";"Exito"
"2021-2022";"92.53";"Total Educación";"Mujeres";"Exito"
"2020-2021";"94.61";"Total Educación";"Mujeres";"Exito"
"2019-2020";"95.22";"Total Educación";"Mujeres";"Exito"
"2018-2019";"92.53";"Total Educación";"Mujeres";"Exito"
"2017-2018";"91.71";"Total Educación";"Mujeres";"Exito"
"2016-2017";"92.47";"Total Educación";"Mujeres";"Exito"
"2015-2016";"91.75";"Total Educación";"Mujeres";"Exito"
"2022-2023";"94.24";"Formación de docentes de enseñanza infantil";"Mujeres";"Exito"
"2021-2022";"91.94";"Formación de docentes de enseñanza infantil";"Mujeres";"Exito"
"2020-2021";"94.79";"Formación de docentes de enseñanza infantil";"Mujeres";"Exito"
"2019-2020";"93.67";"Formación de docentes de enseñanza infantil";"Mujeres";"Exito"
"2018-2019";"93.62";"Formación de docentes de enseñanza infantil";"Mujeres";"Exito"
"2017-2018";"92.72";"Formación de docentes de enseñanza infantil";"Mujeres";"Exito"
"2016-2017";"93.95";"Formación de docentes de enseñanza infantil";"Mujeres";"Exito"
"2015-2016";"92.71";"Formación de docentes de enseñanza infantil";"Mujeres";"Exito"
"2022-2023";"94.41";"Formación de docentes de enseñanza primaria";"Mujeres";"Exito"
"2021-2022";"94.17";"Formación de docentes de enseñanza primaria";"Mujeres";"Exito"
"2020-2021";"95.48";"Formación de docentes de enseñanza primaria";"Mujeres";"Exito"
"2019-2020";"97.07";"Formación de docentes de enseñanza primaria";"Mujeres";"Exito"
"2018-2019";"94.02";"Formación de docentes de enseñanza primaria";"Mujeres";"Exito"
"2017-2018";"92.38";"Formación de docentes de enseñanza primaria";"Mujeres";"Exito"
"2016-2017";"92.93";"Formación de docentes de enseñanza primaria";"Mujeres";"Exito"
"2015-2016";"92.39";"Formación de docentes de enseñanza primaria";"Mujeres";"Exito"
"2022-2023";"88.92";"Otra Formación de personal docente y ciencias de la educación";"Mujeres";"Exito"
"2021-2022";"90.18";"Otra Formación de personal docente y ciencias de la educación";"Mujeres";"Exito"
"2020-2021";"92.59";"Otra Formación de personal docente y ciencias de la educación";"Mujeres";"Exito"
"2019-2020";"94.08";"Otra Formación de personal docente y ciencias de la educación";"Mujeres";"Exito"
"2018-2019";"87.81";"Otra Formación de personal docente y ciencias de la educación";"Mujeres";"Exito"
"2017-2018";"88.78";"Otra Formación de personal docente y ciencias de la educación";"Mujeres";"Exito"
"2016-2017";"88.94";"Otra Formación de personal docente y ciencias de la educación";"Mujeres";"Exito"
"2015-2016";"88.69";"Otra Formación de personal docente y ciencias de la educación";"Mujeres";"Exito"
"2022-2023";"89.47";"Total Artes y humanidades";"Mujeres";"Exito"
"2021-2022";"89.15";"Total Artes y humanidades";"Mujeres";"Exito"
"2020-2021";"87.35";"Total Artes y humanidades";"Mujeres";"Exito"
"2019-2020";"93.65";"Total Artes y humanidades";"Mujeres";"Exito"
"2018-2019";"88.84";"Total Artes y humanidades";"Mujeres";"Exito"
"2017-2018";"88.24";"Total Artes y humanidades";"Mujeres";"Exito"
"2016-2017";"87.72";"Total Artes y humanidades";"Mujeres";"Exito"
"2015-2016";"88.25";"Total Artes y humanidades";"Mujeres";"Exito"
"2022-2023";"..";"Técnicas audiovisuales y medios de comunicación";"Mujeres";"Exito"
"2021-2022";"..";"Técnicas audiovisuales y medios de comunicación";"Mujeres";"Exito"
"2020-2021";"..";"Técnicas audiovisuales y medios de comunicación";"Mujeres";"Exito"
"2019-2020";"..";"Técnicas audiovisuales y medios de comunicación";"Mujeres";"Exito"
"2018-2019";"..";"Técnicas audiovisuales y medios de comunicación";"Mujeres";"Exito"
"2017-2018";"..";"Técnicas audiovisuales y medios de comunicación";"Mujeres";"Exito"
"2016-2017";"..";"Técnicas audiovisuales y medios de comunicación";"Mujeres";"Exito"
"2015-2016";"..";"Técnicas audiovisuales y medios de comunicación";"Mujeres";"Exito"
"2022-2023";"91.61";"Artes";"Mujeres";"Exito"
"2021-2022";"92.15";"Artes";"Mujeres";"Exito"
"2020-2021";"91.72";"Artes";"Mujeres";"Exito"
"2019-2020";"95.96";"Artes";"Mujeres";"Exito"
"2018-2019";"90.15";"Artes";"Mujeres";"Exito"
"2017-2018";"89.64";"Artes";"Mujeres";"Exito"
"2016-2017";"89.54";"Artes";"Mujeres";"Exito"
"2015-2016";"89.23";"Artes";"Mujeres";"Exito"
"2022-2023";"88.43";"Lenguas";"Mujeres";"Exito"
"2021-2022";"87.95";"Lenguas";"Mujeres";"Exito"
"2020-2021";"85.59";"Lenguas";"Mujeres";"Exito"
"2019-2020";"92.79";"Lenguas";"Mujeres";"Exito"
"2018-2019";"88.18";"Lenguas";"Mujeres";"Exito"
"2017-2018";"87.63";"Lenguas";"Mujeres";"Exito"
"2016-2017";"86.52";"Lenguas";"Mujeres";"Exito"
"2015-2016";"87.37";"Lenguas";"Mujeres";"Exito"
"2022-2023";"90.8";"Humanidades";"Mujeres";"Exito"
"2021-2022";"90.49";"Humanidades";"Mujeres";"Exito"
"2020-2021";"89.76";"Humanidades";"Mujeres";"Exito"
"2019-2020";"94.87";"Humanidades";"Mujeres";"Exito"
"2018-2019";"91.08";"Humanidades";"Mujeres";"Exito"
"2017-2018";"90.15";"Humanidades";"Mujeres";"Exito"
"2016-2017";"93.54";"Humanidades";"Mujeres";"Exito"
"2015-2016";"92.42";"Humanidades";"Mujeres";"Exito"
"2022-2023";"90.09";"Total Ciencias sociales, periodismo y documentación";"Mujeres";"Exito"
"2021-2022";"89.43";"Total Ciencias sociales, periodismo y documentación";"Mujeres";"Exito"
"2020-2021";"90.4";"Total Ciencias sociales, periodismo y documentación";"Mujeres";"Exito"
"2019-2020";"93.45";"Total Ciencias sociales, periodismo y documentación";"Mujeres";"Exito"
"2018-2019";"90.44";"Total Ciencias sociales, periodismo y documentación";"Mujeres";"Exito"
"2017-2018";"88.97";"Total Ciencias sociales, periodismo y documentación";"Mujeres";"Exito"
"2016-2017";"89.59";"Total Ciencias sociales, periodismo y documentación";"Mujeres";"Exito"
"2015-2016";"88.38";"Total Ciencias sociales, periodismo y documentación";"Mujeres";"Exito"
"2022-2023";"92.37";"Psicología";"Mujeres";"Exito"
"2021-2022";"92.11";"Psicología";"Mujeres";"Exito"
"2020-2021";"93.94";"Psicología";"Mujeres";"Exito"
"2019-2020";"96.01";"Psicología";"Mujeres";"Exito"
"2018-2019";"92.36";"Psicología";"Mujeres";"Exito"
"2017-2018";"91.45";"Psicología";"Mujeres";"Exito"
"2016-2017";"91.68";"Psicología";"Mujeres";"Exito"
"2015-2016";"90.09";"Psicología";"Mujeres";"Exito"
"2022-2023";"81.55";"Economía";"Mujeres";"Exito"
"2021-2022";"80.24";"Economía";"Mujeres";"Exito"
"2020-2021";"80.27";"Economía";"Mujeres";"Exito"
"2019-2020";"86.43";"Economía";"Mujeres";"Exito"
"2018-2019";"85.46";"Economía";"Mujeres";"Exito"
"2017-2018";"82.79";"Economía";"Mujeres";"Exito"
"2016-2017";"84.75";"Economía";"Mujeres";"Exito"
"2015-2016";"84.57";"Economía";"Mujeres";"Exito"
"2022-2023";"..";"Otras Ciencias sociales y del comportamiento";"Mujeres";"Exito"
"2021-2022";"..";"Otras Ciencias sociales y del comportamiento";"Mujeres";"Exito"
"2020-2021";"..";"Otras Ciencias sociales y del comportamiento";"Mujeres";"Exito"
"2019-2020";"..";"Otras Ciencias sociales y del comportamiento";"Mujeres";"Exito"
"2018-2019";"..";"Otras Ciencias sociales y del comportamiento";"Mujeres";"Exito"
"2017-2018";"..";"Otras Ciencias sociales y del comportamiento";"Mujeres";"Exito"
"2016-2017";"..";"Otras Ciencias sociales y del comportamiento";"Mujeres";"Exito"
"2015-2016";"..";"Otras Ciencias sociales y del comportamiento";"Mujeres";"Exito"
"2022-2023";"..";"Periodismo e información";"Mujeres";"Exito"
"2021-2022";"..";"Periodismo e información";"Mujeres";"Exito"
"2020-2021";"..";"Periodismo e información";"Mujeres";"Exito"
"2019-2020";"..";"Periodismo e información";"Mujeres";"Exito"
"2018-2019";"..";"Periodismo e información";"Mujeres";"Exito"
"2017-2018";"..";"Periodismo e información";"Mujeres";"Exito"
"2016-2017";"..";"Periodismo e información";"Mujeres";"Exito"
"2015-2016";"..";"Periodismo e información";"Mujeres";"Exito"
"2022-2023";"83.64";"Total Negocios, administración y derecho";"Mujeres";"Exito"
"2021-2022";"82.26";"Total Negocios, administración y derecho";"Mujeres";"Exito"
"2020-2021";"82.66";"Total Negocios, administración y derecho";"Mujeres";"Exito"
"2019-2020";"89.31";"Total Negocios, administración y derecho";"Mujeres";"Exito"
"2018-2019";"85.49";"Total Negocios, administración y derecho";"Mujeres";"Exito"
"2017-2018";"84.19";"Total Negocios, administración y derecho";"Mujeres";"Exito"
"2016-2017";"84.85";"Total Negocios, administración y derecho";"Mujeres";"Exito"
"2015-2016";"83.51";"Total Negocios, administración y derecho";"Mujeres";"Exito"
"2022-2023";"79.69";"Administración y gestión de empresas";"Mujeres";"Exito"
"2021-2022";"79.96";"Administración y gestión de empresas";"Mujeres";"Exito"
"2020-2021";"78.87";"Administración y gestión de empresas";"Mujeres";"Exito"
"2019-2020";"86.74";"Administración y gestión de empresas";"Mujeres";"Exito"
"2018-2019";"83.1";"Administración y gestión de empresas";"Mujeres";"Exito"
"2017-2018";"81.41";"Administración y gestión de empresas";"Mujeres";"Exito"
"2016-2017";"83.16";"Administración y gestión de empresas";"Mujeres";"Exito"
"2015-2016";"81.49";"Administración y gestión de empresas";"Mujeres";"Exito"
"2022-2023";"85.62";"Otra Educación comercial y empresarial";"Mujeres";"Exito"
"2021-2022";"82.11";"Otra Educación comercial y empresarial";"Mujeres";"Exito"
"2020-2021";"85.12";"Otra Educación comercial y empresarial";"Mujeres";"Exito"
"2019-2020";"90.39";"Otra Educación comercial y empresarial";"Mujeres";"Exito"
"2018-2019";"87.95";"Otra Educación comercial y empresarial";"Mujeres";"Exito"
"2017-2018";"87.44";"Otra Educación comercial y empresarial";"Mujeres";"Exito"
"2016-2017";"84.37";"Otra Educación comercial y empresarial";"Mujeres";"Exito"
"2015-2016";"85.69";"Otra Educación comercial y empresarial";"Mujeres";"Exito"
"2022-2023";"84.78";"Derecho";"Mujeres";"Exito"
"2021-2022";"83.53";"Derecho";"Mujeres";"Exito"
"2020-2021";"83.6";"Derecho";"Mujeres";"Exito"
"2019-2020";"90.2";"Derecho";"Mujeres";"Exito"
"2018-2019";"85.64";"Derecho";"Mujeres";"Exito"
"2017-2018";"84.06";"Derecho";"Mujeres";"Exito"
"2016-2017";"86.15";"Derecho";"Mujeres";"Exito"
"2015-2016";"83.71";"Derecho";"Mujeres";"Exito"
"2022-2023";"86.35";"Total Ciencias";"Mujeres";"Exito"
"2021-2022";"86.95";"Total Ciencias";"Mujeres";"Exito"
"2020-2021";"84.97";"Total Ciencias";"Mujeres";"Exito"
"2019-2020";"91.59";"Total Ciencias";"Mujeres";"Exito"
"2018-2019";"85.24";"Total Ciencias";"Mujeres";"Exito"
"2017-2018";"85.36";"Total Ciencias";"Mujeres";"Exito"
"2016-2017";"84.03";"Total Ciencias";"Mujeres";"Exito"
"2015-2016";"84.26";"Total Ciencias";"Mujeres";"Exito"
"2022-2023";"87.54";"Ciencias de la vida";"Mujeres";"Exito"
"2021-2022";"88.48";"Ciencias de la vida";"Mujeres";"Exito"
"2020-2021";"85.34";"Ciencias de la vida";"Mujeres";"Exito"
"2019-2020";"92.04";"Ciencias de la vida";"Mujeres";"Exito"
"2018-2019";"87.71";"Ciencias de la vida";"Mujeres";"Exito"
"2017-2018";"86.74";"Ciencias de la vida";"Mujeres";"Exito"
"2016-2017";"87.34";"Ciencias de la vida";"Mujeres";"Exito"
"2015-2016";"87.26";"Ciencias de la vida";"Mujeres";"Exito"
"2022-2023";"83.82";"Ciencias Físicas, químicas, geológicas";"Mujeres";"Exito"
"2021-2022";"85.95";"Ciencias Físicas, químicas, geológicas";"Mujeres";"Exito"
"2020-2021";"84.89";"Ciencias Físicas, químicas, geológicas";"Mujeres";"Exito"
"2019-2020";"91.06";"Ciencias Físicas, químicas, geológicas";"Mujeres";"Exito"
"2018-2019";"84.59";"Ciencias Físicas, químicas, geológicas";"Mujeres";"Exito"
"2017-2018";"85.15";"Ciencias Físicas, químicas, geológicas";"Mujeres";"Exito"
"2016-2017";"81.51";"Ciencias Físicas, químicas, geológicas";"Mujeres";"Exito"
"2015-2016";"82.39";"Ciencias Físicas, químicas, geológicas";"Mujeres";"Exito"
"2022-2023";"88.29";"Matemáticas y Estadística";"Mujeres";"Exito"
"2021-2022";"84.44";"Matemáticas y Estadística";"Mujeres";"Exito"
"2020-2021";"83.39";"Matemáticas y Estadística";"Mujeres";"Exito"
"2019-2020";"91.86";"Matemáticas y Estadística";"Mujeres";"Exito"
"2018-2019";"70.86";"Matemáticas y Estadística";"Mujeres";"Exito"
"2017-2018";"76.67";"Matemáticas y Estadística";"Mujeres";"Exito"
"2016-2017";"78.16";"Matemáticas y Estadística";"Mujeres";"Exito"
"2015-2016";"73.32";"Matemáticas y Estadística";"Mujeres";"Exito"
"2022-2023";"81.94";"Total Informática";"Mujeres";"Exito"
"2021-2022";"78.99";"Total Informática";"Mujeres";"Exito"
"2020-2021";"82.57";"Total Informática";"Mujeres";"Exito"
"2019-2020";"82.39";"Total Informática";"Mujeres";"Exito"
"2018-2019";"80.97";"Total Informática";"Mujeres";"Exito"
"2017-2018";"81.16";"Total Informática";"Mujeres";"Exito"
"2016-2017";"77.96";"Total Informática";"Mujeres";"Exito"
"2015-2016";"78.0";"Total Informática";"Mujeres";"Exito"
"2022-2023";"81.94";"Informática";"Mujeres";"Exito"
"2021-2022";"78.99";"Informática";"Mujeres";"Exito"
"2020-2021";"82.57";"Informática";"Mujeres";"Exito"
"2019-2020";"82.39";"Informática";"Mujeres";"Exito"
"2018-2019";"80.97";"Informática";"Mujeres";"Exito"
"2017-2018";"81.16";"Informática";"Mujeres";"Exito"
"2016-2017";"77.96";"Informática";"Mujeres";"Exito"
"2015-2016";"78.0";"Informática";"Mujeres";"Exito"
"2022-2023";"76.61";"Total Ingeniería, industria y construcción";"Mujeres";"Exito"
"2021-2022";"76.42";"Total Ingeniería, industria y construcción";"Mujeres";"Exito"
"2020-2021";"76.08";"Total Ingeniería, industria y construcción";"Mujeres";"Exito"
"2019-2020";"81.47";"Total Ingeniería, industria y construcción";"Mujeres";"Exito"
"2018-2019";"77.87";"Total Ingeniería, industria y construcción";"Mujeres";"Exito"
"2017-2018";"77.52";"Total Ingeniería, industria y construcción";"Mujeres";"Exito"
"2016-2017";"76.22";"Total Ingeniería, industria y construcción";"Mujeres";"Exito"
"2015-2016";"78.49";"Total Ingeniería, industria y construcción";"Mujeres";"Exito"
"2022-2023";"75.89";"Ingenierías";"Mujeres";"Exito"
"2021-2022";"75.19";"Ingenierías";"Mujeres";"Exito"
"2020-2021";"74.7";"Ingenierías";"Mujeres";"Exito"
"2019-2020";"80.49";"Ingenierías";"Mujeres";"Exito"
"2018-2019";"76.53";"Ingenierías";"Mujeres";"Exito"
"2017-2018";"76.51";"Ingenierías";"Mujeres";"Exito"
"2016-2017";"76.37";"Ingenierías";"Mujeres";"Exito"
"2015-2016";"78.33";"Ingenierías";"Mujeres";"Exito"
"2022-2023";"82.78";"Arquitectura y construcción";"Mujeres";"Exito"
"2021-2022";"86.76";"Arquitectura y construcción";"Mujeres";"Exito"
"2020-2021";"85.51";"Arquitectura y construcción";"Mujeres";"Exito"
"2019-2020";"87.88";"Arquitectura y construcción";"Mujeres";"Exito"
"2018-2019";"85.99";"Arquitectura y construcción";"Mujeres";"Exito"
"2017-2018";"83.38";"Arquitectura y construcción";"Mujeres";"Exito"
"2016-2017";"75.22";"Arquitectura y construcción";"Mujeres";"Exito"
"2015-2016";"79.57";"Arquitectura y construcción";"Mujeres";"Exito"
"2022-2023";"..";"Total Agricultura, ganadería,  silvicultura, pesca, y veterinaria";"Mujeres";"Exito"
"2021-2022";"82.8";"Total Agricultura, ganadería,  silvicultura, pesca, y veterinaria";"Mujeres";"Exito"
"2020-2021";"71.64";"Total Agricultura, ganadería,  silvicultura, pesca, y veterinaria";"Mujeres";"Exito"
"2019-2020";"80.35";"Total Agricultura, ganadería,  silvicultura, pesca, y veterinaria";"Mujeres";"Exito"
"2018-2019";"79.05";"Total Agricultura, ganadería,  silvicultura, pesca, y veterinaria";"Mujeres";"Exito"
"2017-2018";"75.34";"Total Agricultura, ganadería,  silvicultura, pesca, y veterinaria";"Mujeres";"Exito"
"2016-2017";"82.42";"Total Agricultura, ganadería,  silvicultura, pesca, y veterinaria";"Mujeres";"Exito"
"2015-2016";"82.38";"Total Agricultura, ganadería,  silvicultura, pesca, y veterinaria";"Mujeres";"Exito"
"2022-2023";"..";"Agricultura, ganadería y pesca";"Mujeres";"Exito"
"2021-2022";"82.8";"Agricultura, ganadería y pesca";"Mujeres";"Exito"
"2020-2021";"71.64";"Agricultura, ganadería y pesca";"Mujeres";"Exito"
"2019-2020";"80.35";"Agricultura, ganadería y pesca";"Mujeres";"Exito"
"2018-2019";"79.05";"Agricultura, ganadería y pesca";"Mujeres";"Exito"
"2017-2018";"75.34";"Agricultura, ganadería y pesca";"Mujeres";"Exito"
"2016-2017";"82.42";"Agricultura, ganadería y pesca";"Mujeres";"Exito"
"2015-2016";"82.38";"Agricultura, ganadería y pesca";"Mujeres";"Exito"
"2022-2023";"..";"Veterinaria";"Mujeres";"Exito"
"2021-2022";"..";"Veterinaria";"Mujeres";"Exito"
"2020-2021";"..";"Veterinaria";"Mujeres";"Exito"
"2019-2020";"..";"Veterinaria";"Mujeres";"Exito"
"2018-2019";"..";"Veterinaria";"Mujeres";"Exito"
"2017-2018";"..";"Veterinaria";"Mujeres";"Exito"
"2016-2017";"..";"Veterinaria";"Mujeres";"Exito"
"2015-2016";"..";"Veterinaria";"Mujeres";"Exito"
"2022-2023";"91.28";"Total Salud y servicios sociales";"Mujeres";"Exito"
"2021-2022";"91.96";"Total Salud y servicios sociales";"Mujeres";"Exito"
"2020-2021";"92.06";"Total Salud y servicios sociales";"Mujeres";"Exito"
"2019-2020";"95.86";"Total Salud y servicios sociales";"Mujeres";"Exito"
"2018-2019";"92.11";"Total Salud y servicios sociales";"Mujeres";"Exito"
"2017-2018";"91.78";"Total Salud y servicios sociales";"Mujeres";"Exito"
"2016-2017";"92.9";"Total Salud y servicios sociales";"Mujeres";"Exito"
"2015-2016";"92.68";"Total Salud y servicios sociales";"Mujeres";"Exito"
"2022-2023";"91.3";"Medicina";"Mujeres";"Exito"
"2021-2022";"93.03";"Medicina";"Mujeres";"Exito"
"2020-2021";"93.29";"Medicina";"Mujeres";"Exito"
"2019-2020";"96.46";"Medicina";"Mujeres";"Exito"
"2018-2019";"94.29";"Medicina";"Mujeres";"Exito"
"2017-2018";"93.69";"Medicina";"Mujeres";"Exito"
"2016-2017";"95.71";"Medicina";"Mujeres";"Exito"
"2015-2016";"94.81";"Medicina";"Mujeres";"Exito"
"2022-2023";"94.28";"Enfermería y atención a enfermos";"Mujeres";"Exito"
"2021-2022";"93.85";"Enfermería y atención a enfermos";"Mujeres";"Exito"
"2020-2021";"92.24";"Enfermería y atención a enfermos";"Mujeres";"Exito"
"2019-2020";"96.43";"Enfermería y atención a enfermos";"Mujeres";"Exito"
"2018-2019";"92.4";"Enfermería y atención a enfermos";"Mujeres";"Exito"
"2017-2018";"93.78";"Enfermería y atención a enfermos";"Mujeres";"Exito"
"2016-2017";"93.15";"Enfermería y atención a enfermos";"Mujeres";"Exito"
"2015-2016";"94.76";"Enfermería y atención a enfermos";"Mujeres";"Exito"
"2022-2023";"89.55";"Otras ciencias de la Salud";"Mujeres";"Exito"
"2021-2022";"91.76";"Otras ciencias de la Salud";"Mujeres";"Exito"
"2020-2021";"92.7";"Otras ciencias de la Salud";"Mujeres";"Exito"
"2019-2020";"96.1";"Otras ciencias de la Salud";"Mujeres";"Exito"
"2018-2019";"91.52";"Otras ciencias de la Salud";"Mujeres";"Exito"
"2017-2018";"90.76";"Otras ciencias de la Salud";"Mujeres";"Exito"
"2016-2017";"92.65";"Otras ciencias de la Salud";"Mujeres";"Exito"
"2015-2016";"90.62";"Otras ciencias de la Salud";"Mujeres";"Exito"
"2022-2023";"87.12";"Trabajo social y orientación";"Mujeres";"Exito"
"2021-2022";"85.86";"Trabajo social y orientación";"Mujeres";"Exito"
"2020-2021";"88.0";"Trabajo social y orientación";"Mujeres";"Exito"
"2019-2020";"93.18";"Trabajo social y orientación";"Mujeres";"Exito"
"2018-2019";"87.18";"Trabajo social y orientación";"Mujeres";"Exito"
"2017-2018";"83.69";"Trabajo social y orientación";"Mujeres";"Exito"
"2016-2017";"84.94";"Trabajo social y orientación";"Mujeres";"Exito"
"2015-2016";"85.39";"Trabajo social y orientación";"Mujeres";"Exito"
"2022-2023";"84.15";"Total Servicios";"Mujeres";"Exito"
"2021-2022";"85.47";"Total Servicios";"Mujeres";"Exito"
"2020-2021";"84.41";"Total Servicios";"Mujeres";"Exito"
"2019-2020";"90.46";"Total Servicios";"Mujeres";"Exito"
"2018-2019";"84.58";"Total Servicios";"Mujeres";"Exito"
"2017-2018";"85.38";"Total Servicios";"Mujeres";"Exito"
"2016-2017";"88.71";"Total Servicios";"Mujeres";"Exito"
"2015-2016";"88.16";"Total Servicios";"Mujeres";"Exito"
"2022-2023";"..";"Deportes";"Mujeres";"Exito"
"2021-2022";"..";"Deportes";"Mujeres";"Exito"
"2020-2021";"..";"Deportes";"Mujeres";"Exito"
"2019-2020";"..";"Deportes";"Mujeres";"Exito"
"2018-2019";"..";"Deportes";"Mujeres";"Exito"
"2017-2018";"..";"Deportes";"Mujeres";"Exito"
"2016-2017";"..";"Deportes";"Mujeres";"Exito"
"2015-2016";"..";"Deportes";"Mujeres";"Exito"
"2022-2023";"86.13";"Turismo y Hostelería";"Mujeres";"Exito"
"2021-2022";"86.75";"Turismo y Hostelería";"Mujeres";"Exito"
"2020-2021";"85.49";"Turismo y Hostelería";"Mujeres";"Exito"
"2019-2020";"91.93";"Turismo y Hostelería";"Mujeres";"Exito"
"2018-2019";"85.07";"Turismo y Hostelería";"Mujeres";"Exito"
"2017-2018";"85.31";"Turismo y Hostelería";"Mujeres";"Exito"
"2016-2017";"89.45";"Turismo y Hostelería";"Mujeres";"Exito"
"2015-2016";"88.38";"Turismo y Hostelería";"Mujeres";"Exito"
"2022-2023";"78.13";"Otros Servicios";"Mujeres";"Exito"
"2021-2022";"80.04";"Otros Servicios";"Mujeres";"Exito"
"2020-2021";"77.8";"Otros Servicios";"Mujeres";"Exito"
"2019-2020";"79.66";"Otros Servicios";"Mujeres";"Exito"
"2018-2019";"80.34";"Otros Servicios";"Mujeres";"Exito"
"2017-2018";"85.97";"Otros Servicios";"Mujeres";"Exito"
"2016-2017";"..";"Otros Servicios";"Mujeres";"Exito"
"2015-2016";"..";"Otros Servicios";"Mujeres";"Exito"
"2022-2023";"???";"Oviedo";"Mujeres";"Evaluacion"
"2021-2022";"???";"Oviedo";"Mujeres";"Evaluacion"
"2020-2021";"???";"Oviedo";"Mujeres";"Evaluacion"
"2019-2020";"???";"Oviedo";"Mujeres";"Evaluacion"
"2018-2019";"???";"Oviedo";"Mujeres";"Evaluacion"
"2017-2018";"???";"Oviedo";"Mujeres";"Evaluacion"
"2016-2017";"???";"Oviedo";"Mujeres";"Evaluacion"
"2015-2016";"???";"Oviedo";"Mujeres";"Evaluacion"
"2022-2023";"91.1";"Todos los ámbitos";"Mujeres";"Evaluacion"
"2021-2022";"90.22";"Todos los ámbitos";"Mujeres";"Evaluacion"
"2020-2021";"90.87";"Todos los ámbitos";"Mujeres";"Evaluacion"
"2019-2020";"93.97";"Todos los ámbitos";"Mujeres";"Evaluacion"
"2018-2019";"90.75";"Todos los ámbitos";"Mujeres";"Evaluacion"
"2017-2018";"90.66";"Todos los ámbitos";"Mujeres";"Evaluacion"
"2016-2017";"90.61";"Todos los ámbitos";"Mujeres";"Evaluacion"
"2015-2016";"91.1";"Todos los ámbitos";"Mujeres";"Evaluacion"
"2022-2023";"95.55";"Total Educación";"Mujeres";"Evaluacion"
"2021-2022";"95.32";"Total Educación";"Mujeres";"Evaluacion"
"2020-2021";"96.35";"Total Educación";"Mujeres";"Evaluacion"
"2019-2020";"97.0";"Total Educación";"Mujeres";"Evaluacion"
"2018-2019";"94.68";"Total Educación";"Mujeres";"Evaluacion"
"2017-2018";"94.5";"Total Educación";"Mujeres";"Evaluacion"
"2016-2017";"93.77";"Total Educación";"Mujeres";"Evaluacion"
"2015-2016";"94.78";"Total Educación";"Mujeres";"Evaluacion"
"2022-2023";"95.81";"Formación de docentes de enseñanza infantil";"Mujeres";"Evaluacion"
"2021-2022";"95.16";"Formación de docentes de enseñanza infantil";"Mujeres";"Evaluacion"
"2020-2021";"96.36";"Formación de docentes de enseñanza infantil";"Mujeres";"Evaluacion"
"2019-2020";"96.55";"Formación de docentes de enseñanza infantil";"Mujeres";"Evaluacion"
"2018-2019";"95.46";"Formación de docentes de enseñanza infantil";"Mujeres";"Evaluacion"
"2017-2018";"95.62";"Formación de docentes de enseñanza infantil";"Mujeres";"Evaluacion"
"2016-2017";"95.33";"Formación de docentes de enseñanza infantil";"Mujeres";"Evaluacion"
"2015-2016";"95.96";"Formación de docentes de enseñanza infantil";"Mujeres";"Evaluacion"
"2022-2023";"96.29";"Formación de docentes de enseñanza primaria";"Mujeres";"Evaluacion"
"2021-2022";"95.91";"Formación de docentes de enseñanza primaria";"Mujeres";"Evaluacion"
"2020-2021";"96.28";"Formación de docentes de enseñanza primaria";"Mujeres";"Evaluacion"
"2019-2020";"97.61";"Formación de docentes de enseñanza primaria";"Mujeres";"Evaluacion"
"2018-2019";"94.84";"Formación de docentes de enseñanza primaria";"Mujeres";"Evaluacion"
"2017-2018";"93.44";"Formación de docentes de enseñanza primaria";"Mujeres";"Evaluacion"
"2016-2017";"93.1";"Formación de docentes de enseñanza primaria";"Mujeres";"Evaluacion"
"2015-2016";"94.49";"Formación de docentes de enseñanza primaria";"Mujeres";"Evaluacion"
"2022-2023";"93.55";"Otra Formación de personal docente y ciencias de la educación";"Mujeres";"Evaluacion"
"2021-2022";"94.43";"Otra Formación de personal docente y ciencias de la educación";"Mujeres";"Evaluacion"
"2020-2021";"96.51";"Otra Formación de personal docente y ciencias de la educación";"Mujeres";"Evaluacion"
"2019-2020";"96.51";"Otra Formación de personal docente y ciencias de la educación";"Mujeres";"Evaluacion"
"2018-2019";"93.12";"Otra Formación de personal docente y ciencias de la educación";"Mujeres";"Evaluacion"
"2017-2018";"94.73";"Otra Formación de personal docente y ciencias de la educación";"Mujeres";"Evaluacion"
"2016-2017";"92.39";"Otra Formación de personal docente y ciencias de la educación";"Mujeres";"Evaluacion"
"2015-2016";"93.27";"Otra Formación de personal docente y ciencias de la educación";"Mujeres";"Evaluacion"
"2022-2023";"87.94";"Total Artes y humanidades";"Mujeres";"Evaluacion"
"2021-2022";"88.07";"Total Artes y humanidades";"Mujeres";"Evaluacion"
"2020-2021";"89.28";"Total Artes y humanidades";"Mujeres";"Evaluacion"
"2019-2020";"91.93";"Total Artes y humanidades";"Mujeres";"Evaluacion"
"2018-2019";"87.6";"Total Artes y humanidades";"Mujeres";"Evaluacion"
"2017-2018";"88.81";"Total Artes y humanidades";"Mujeres";"Evaluacion"
"2016-2017";"87.94";"Total Artes y humanidades";"Mujeres";"Evaluacion"
"2015-2016";"89.23";"Total Artes y humanidades";"Mujeres";"Evaluacion"
"2022-2023";"..";"Técnicas audiovisuales y medios de comunicación";"Mujeres";"Evaluacion"
"2021-2022";"..";"Técnicas audiovisuales y medios de comunicación";"Mujeres";"Evaluacion"
"2020-2021";"..";"Técnicas audiovisuales y medios de comunicación";"Mujeres";"Evaluacion"
"2019-2020";"..";"Técnicas audiovisuales y medios de comunicación";"Mujeres";"Evaluacion"
"2018-2019";"..";"Técnicas audiovisuales y medios de comunicación";"Mujeres";"Evaluacion"
"2017-2018";"..";"Técnicas audiovisuales y medios de comunicación";"Mujeres";"Evaluacion"
"2016-2017";"..";"Técnicas audiovisuales y medios de comunicación";"Mujeres";"Evaluacion"
"2015-2016";"..";"Técnicas audiovisuales y medios de comunicación";"Mujeres";"Evaluacion"
"2022-2023";"89.64";"Artes";"Mujeres";"Evaluacion"
"2021-2022";"89.8";"Artes";"Mujeres";"Evaluacion"
"2020-2021";"89.23";"Artes";"Mujeres";"Evaluacion"
"2019-2020";"90.3";"Artes";"Mujeres";"Evaluacion"
"2018-2019";"86.83";"Artes";"Mujeres";"Evaluacion"
"2017-2018";"84.06";"Artes";"Mujeres";"Evaluacion"
"2016-2017";"87.09";"Artes";"Mujeres";"Evaluacion"
"2015-2016";"81.3";"Artes";"Mujeres";"Evaluacion"
"2022-2023";"87.79";"Lenguas";"Mujeres";"Evaluacion"
"2021-2022";"88.22";"Lenguas";"Mujeres";"Evaluacion"
"2020-2021";"89.95";"Lenguas";"Mujeres";"Evaluacion"
"2019-2020";"92.6";"Lenguas";"Mujeres";"Evaluacion"
"2018-2019";"88.94";"Lenguas";"Mujeres";"Evaluacion"
"2017-2018";"89.99";"Lenguas";"Mujeres";"Evaluacion"
"2016-2017";"88.81";"Lenguas";"Mujeres";"Evaluacion"
"2015-2016";"91.26";"Lenguas";"Mujeres";"Evaluacion"
"2022-2023";"86.64";"Humanidades";"Mujeres";"Evaluacion"
"2021-2022";"85.48";"Humanidades";"Mujeres";"Evaluacion"
"2020-2021";"86.46";"Humanidades";"Mujeres";"Evaluacion"
"2019-2020";"90.83";"Humanidades";"Mujeres";"Evaluacion"
"2018-2019";"81.12";"Humanidades";"Mujeres";"Evaluacion"
"2017-2018";"88.09";"Humanidades";"Mujeres";"Evaluacion"
"2016-2017";"83.44";"Humanidades";"Mujeres";"Evaluacion"
"2015-2016";"86.96";"Humanidades";"Mujeres";"Evaluacion"
"2022-2023";"93.9";"Total Ciencias sociales, periodismo y documentación";"Mujeres";"Evaluacion"
"2021-2022";"91.73";"Total Ciencias sociales, periodismo y documentación";"Mujeres";"Evaluacion"
"2020-2021";"94.48";"Total Ciencias sociales, periodismo y documentación";"Mujeres";"Evaluacion"
"2019-2020";"96.61";"Total Ciencias sociales, periodismo y documentación";"Mujeres";"Evaluacion"
"2018-2019";"95.1";"Total Ciencias sociales, periodismo y documentación";"Mujeres";"Evaluacion"
"2017-2018";"94.08";"Total Ciencias sociales, periodismo y documentación";"Mujeres";"Evaluacion"
"2016-2017";"94.52";"Total Ciencias sociales, periodismo y documentación";"Mujeres";"Evaluacion"
"2015-2016";"95.16";"Total Ciencias sociales, periodismo y documentación";"Mujeres";"Evaluacion"
"2022-2023";"95.64";"Psicología";"Mujeres";"Evaluacion"
"2021-2022";"94.38";"Psicología";"Mujeres";"Evaluacion"
"2020-2021";"97.36";"Psicología";"Mujeres";"Evaluacion"
"2019-2020";"97.49";"Psicología";"Mujeres";"Evaluacion"
"2018-2019";"97.02";"Psicología";"Mujeres";"Evaluacion"
"2017-2018";"95.25";"Psicología";"Mujeres";"Evaluacion"
"2016-2017";"96.1";"Psicología";"Mujeres";"Evaluacion"
"2015-2016";"96.42";"Psicología";"Mujeres";"Evaluacion"
"2022-2023";"87.91";"Economía";"Mujeres";"Evaluacion"
"2021-2022";"83.7";"Economía";"Mujeres";"Evaluacion"
"2020-2021";"87.12";"Economía";"Mujeres";"Evaluacion"
"2019-2020";"94.28";"Economía";"Mujeres";"Evaluacion"
"2018-2019";"90.43";"Economía";"Mujeres";"Evaluacion"
"2017-2018";"91.28";"Economía";"Mujeres";"Evaluacion"
"2016-2017";"91.04";"Economía";"Mujeres";"Evaluacion"
"2015-2016";"92.46";"Economía";"Mujeres";"Evaluacion"
"2022-2023";"..";"Otras Ciencias sociales y del comportamiento";"Mujeres";"Evaluacion"
"2021-2022";"..";"Otras Ciencias sociales y del comportamiento";"Mujeres";"Evaluacion"
"2020-2021";"..";"Otras Ciencias sociales y del comportamiento";"Mujeres";"Evaluacion"
"2019-2020";"..";"Otras Ciencias sociales y del comportamiento";"Mujeres";"Evaluacion"
"2018-2019";"..";"Otras Ciencias sociales y del comportamiento";"Mujeres";"Evaluacion"
"2017-2018";"..";"Otras Ciencias sociales y del comportamiento";"Mujeres";"Evaluacion"
"2016-2017";"..";"Otras Ciencias sociales y del comportamiento";"Mujeres";"Evaluacion"
"2015-2016";"..";"Otras Ciencias sociales y del comportamiento";"Mujeres";"Evaluacion"
"2022-2023";"..";"Periodismo e información";"Mujeres";"Evaluacion"
"2021-2022";"..";"Periodismo e información";"Mujeres";"Evaluacion"
"2020-2021";"..";"Periodismo e información";"Mujeres";"Evaluacion"
"2019-2020";"..";"Periodismo e información";"Mujeres";"Evaluacion"
"2018-2019";"..";"Periodismo e información";"Mujeres";"Evaluacion"
"2017-2018";"..";"Periodismo e información";"Mujeres";"Evaluacion"
"2016-2017";"..";"Periodismo e información";"Mujeres";"Evaluacion"
"2015-2016";"..";"Periodismo e información";"Mujeres";"Evaluacion"
"2022-2023";"87.14";"Total Negocios, administración y derecho";"Mujeres";"Evaluacion"
"2021-2022";"85.57";"Total Negocios, administración y derecho";"Mujeres";"Evaluacion"
"2020-2021";"86.31";"Total Negocios, administración y derecho";"Mujeres";"Evaluacion"
"2019-2020";"91.25";"Total Negocios, administración y derecho";"Mujeres";"Evaluacion"
"2018-2019";"86.98";"Total Negocios, administración y derecho";"Mujeres";"Evaluacion"
"2017-2018";"86.9";"Total Negocios, administración y derecho";"Mujeres";"Evaluacion"
"2016-2017";"87.89";"Total Negocios, administración y derecho";"Mujeres";"Evaluacion"
"2015-2016";"87.82";"Total Negocios, administración y derecho";"Mujeres";"Evaluacion"
"2022-2023";"86.87";"Administración y gestión de empresas";"Mujeres";"Evaluacion"
"2021-2022";"85.32";"Administración y gestión de empresas";"Mujeres";"Evaluacion"
"2020-2021";"86.21";"Administración y gestión de empresas";"Mujeres";"Evaluacion"
"2019-2020";"91.87";"Administración y gestión de empresas";"Mujeres";"Evaluacion"
"2018-2019";"86.03";"Administración y gestión de empresas";"Mujeres";"Evaluacion"
"2017-2018";"86.23";"Administración y gestión de empresas";"Mujeres";"Evaluacion"
"2016-2017";"87.13";"Administración y gestión de empresas";"Mujeres";"Evaluacion"
"2015-2016";"89.07";"Administración y gestión de empresas";"Mujeres";"Evaluacion"
"2022-2023";"90.02";"Otra Educación comercial y empresarial";"Mujeres";"Evaluacion"
"2021-2022";"86.37";"Otra Educación comercial y empresarial";"Mujeres";"Evaluacion"
"2020-2021";"89.51";"Otra Educación comercial y empresarial";"Mujeres";"Evaluacion"
"2019-2020";"93.08";"Otra Educación comercial y empresarial";"Mujeres";"Evaluacion"
"2018-2019";"91.37";"Otra Educación comercial y empresarial";"Mujeres";"Evaluacion"
"2017-2018";"89.26";"Otra Educación comercial y empresarial";"Mujeres";"Evaluacion"
"2016-2017";"90.11";"Otra Educación comercial y empresarial";"Mujeres";"Evaluacion"
"2015-2016";"89.85";"Otra Educación comercial y empresarial";"Mujeres";"Evaluacion"
"2022-2023";"85.99";"Derecho";"Mujeres";"Evaluacion"
"2021-2022";"85.34";"Derecho";"Mujeres";"Evaluacion"
"2020-2021";"84.89";"Derecho";"Mujeres";"Evaluacion"
"2019-2020";"90.11";"Derecho";"Mujeres";"Evaluacion"
"2018-2019";"85.6";"Derecho";"Mujeres";"Evaluacion"
"2017-2018";"86.13";"Derecho";"Mujeres";"Evaluacion"
"2016-2017";"87.2";"Derecho";"Mujeres";"Evaluacion"
"2015-2016";"85.82";"Derecho";"Mujeres";"Evaluacion"
"2022-2023";"91.27";"Total Ciencias";"Mujeres";"Evaluacion"
"2021-2022";"90.01";"Total Ciencias";"Mujeres";"Evaluacion"
"2020-2021";"89.18";"Total Ciencias";"Mujeres";"Evaluacion"
"2019-2020";"93.41";"Total Ciencias";"Mujeres";"Evaluacion"
"2018-2019";"88.48";"Total Ciencias";"Mujeres";"Evaluacion"
"2017-2018";"89.69";"Total Ciencias";"Mujeres";"Evaluacion"
"2016-2017";"88.37";"Total Ciencias";"Mujeres";"Evaluacion"
"2015-2016";"87.66";"Total Ciencias";"Mujeres";"Evaluacion"
"2022-2023";"90.84";"Ciencias de la vida";"Mujeres";"Evaluacion"
"2021-2022";"90.94";"Ciencias de la vida";"Mujeres";"Evaluacion"
"2020-2021";"88.93";"Ciencias de la vida";"Mujeres";"Evaluacion"
"2019-2020";"95.48";"Ciencias de la vida";"Mujeres";"Evaluacion"
"2018-2019";"89.57";"Ciencias de la vida";"Mujeres";"Evaluacion"
"2017-2018";"89.57";"Ciencias de la vida";"Mujeres";"Evaluacion"
"2016-2017";"89.22";"Ciencias de la vida";"Mujeres";"Evaluacion"
"2015-2016";"89.03";"Ciencias de la vida";"Mujeres";"Evaluacion"
"2022-2023";"90.75";"Ciencias Físicas, químicas, geológicas";"Mujeres";"Evaluacion"
"2021-2022";"88.14";"Ciencias Físicas, químicas, geológicas";"Mujeres";"Evaluacion"
"2020-2021";"89.58";"Ciencias Físicas, químicas, geológicas";"Mujeres";"Evaluacion"
"2019-2020";"91.52";"Ciencias Físicas, químicas, geológicas";"Mujeres";"Evaluacion"
"2018-2019";"88.22";"Ciencias Físicas, químicas, geológicas";"Mujeres";"Evaluacion"
"2017-2018";"90.37";"Ciencias Físicas, químicas, geológicas";"Mujeres";"Evaluacion"
"2016-2017";"88.73";"Ciencias Físicas, químicas, geológicas";"Mujeres";"Evaluacion"
"2015-2016";"86.27";"Ciencias Físicas, químicas, geológicas";"Mujeres";"Evaluacion"
"2022-2023";"93.31";"Matemáticas y Estadística";"Mujeres";"Evaluacion"
"2021-2022";"92.44";"Matemáticas y Estadística";"Mujeres";"Evaluacion"
"2020-2021";"88.58";"Matemáticas y Estadística";"Mujeres";"Evaluacion"
"2019-2020";"91.94";"Matemáticas y Estadística";"Mujeres";"Evaluacion"
"2018-2019";"82.42";"Matemáticas y Estadística";"Mujeres";"Evaluacion"
"2017-2018";"85.82";"Matemáticas y Estadística";"Mujeres";"Evaluacion"
"2016-2017";"80.38";"Matemáticas y Estadística";"Mujeres";"Evaluacion"
"2015-2016";"87.36";"Matemáticas y Estadística";"Mujeres";"Evaluacion"
"2022-2023";"88.22";"Total Informática";"Mujeres";"Evaluacion"
"2021-2022";"82.89";"Total Informática";"Mujeres";"Evaluacion"
"2020-2021";"85.05";"Total Informática";"Mujeres";"Evaluacion"
"2019-2020";"88.69";"Total Informática";"Mujeres";"Evaluacion"
"2018-2019";"88.51";"Total Informática";"Mujeres";"Evaluacion"
"2017-2018";"90.67";"Total Informática";"Mujeres";"Evaluacion"
"2016-2017";"88.08";"Total Informática";"Mujeres";"Evaluacion"
"2015-2016";"90.25";"Total Informática";"Mujeres";"Evaluacion"
"2022-2023";"88.22";"Informática";"Mujeres";"Evaluacion"
"2021-2022";"82.89";"Informática";"Mujeres";"Evaluacion"
"2020-2021";"85.05";"Informática";"Mujeres";"Evaluacion"
"2019-2020";"88.69";"Informática";"Mujeres";"Evaluacion"
"2018-2019";"88.51";"Informática";"Mujeres";"Evaluacion"
"2017-2018";"90.67";"Informática";"Mujeres";"Evaluacion"
"2016-2017";"88.08";"Informática";"Mujeres";"Evaluacion"
"2015-2016";"90.25";"Informática";"Mujeres";"Evaluacion"
"2022-2023";"84.42";"Total Ingeniería, industria y construcción";"Mujeres";"Evaluacion"
"2021-2022";"82.91";"Total Ingeniería, industria y construcción";"Mujeres";"Evaluacion"
"2020-2021";"83.28";"Total Ingeniería, industria y construcción";"Mujeres";"Evaluacion"
"2019-2020";"88.29";"Total Ingeniería, industria y construcción";"Mujeres";"Evaluacion"
"2018-2019";"85.36";"Total Ingeniería, industria y construcción";"Mujeres";"Evaluacion"
"2017-2018";"84.99";"Total Ingeniería, industria y construcción";"Mujeres";"Evaluacion"
"2016-2017";"85.93";"Total Ingeniería, industria y construcción";"Mujeres";"Evaluacion"
"2015-2016";"86.52";"Total Ingeniería, industria y construcción";"Mujeres";"Evaluacion"
"2022-2023";"84.29";"Ingenierías";"Mujeres";"Evaluacion"
"2021-2022";"82.96";"Ingenierías";"Mujeres";"Evaluacion"
"2020-2021";"82.95";"Ingenierías";"Mujeres";"Evaluacion"
"2019-2020";"88.32";"Ingenierías";"Mujeres";"Evaluacion"
"2018-2019";"85.03";"Ingenierías";"Mujeres";"Evaluacion"
"2017-2018";"84.79";"Ingenierías";"Mujeres";"Evaluacion"
"2016-2017";"85.37";"Ingenierías";"Mujeres";"Evaluacion"
"2015-2016";"86.62";"Ingenierías";"Mujeres";"Evaluacion"
"2022-2023";"85.51";"Arquitectura y construcción";"Mujeres";"Evaluacion"
"2021-2022";"82.56";"Arquitectura y construcción";"Mujeres";"Evaluacion"
"2020-2021";"85.6";"Arquitectura y construcción";"Mujeres";"Evaluacion"
"2019-2020";"88.07";"Arquitectura y construcción";"Mujeres";"Evaluacion"
"2018-2019";"87.4";"Arquitectura y construcción";"Mujeres";"Evaluacion"
"2017-2018";"86.21";"Arquitectura y construcción";"Mujeres";"Evaluacion"
"2016-2017";"89.62";"Arquitectura y construcción";"Mujeres";"Evaluacion"
"2015-2016";"85.89";"Arquitectura y construcción";"Mujeres";"Evaluacion"
"2022-2023";"..";"Total Agricultura, ganadería,  silvicultura, pesca, y veterinaria";"Mujeres";"Evaluacion"
"2021-2022";"85.73";"Total Agricultura, ganadería,  silvicultura, pesca, y veterinaria";"Mujeres";"Evaluacion"
"2020-2021";"82.3";"Total Agricultura, ganadería,  silvicultura, pesca, y veterinaria";"Mujeres";"Evaluacion"
"2019-2020";"82.97";"Total Agricultura, ganadería,  silvicultura, pesca, y veterinaria";"Mujeres";"Evaluacion"
"2018-2019";"85.89";"Total Agricultura, ganadería,  silvicultura, pesca, y veterinaria";"Mujeres";"Evaluacion"
"2017-2018";"81.5";"Total Agricultura, ganadería,  silvicultura, pesca, y veterinaria";"Mujeres";"Evaluacion"
"2016-2017";"83.36";"Total Agricultura, ganadería,  silvicultura, pesca, y veterinaria";"Mujeres";"Evaluacion"
"2015-2016";"86.36";"Total Agricultura, ganadería,  silvicultura, pesca, y veterinaria";"Mujeres";"Evaluacion"
"2022-2023";"..";"Agricultura, ganadería y pesca";"Mujeres";"Evaluacion"
"2021-2022";"85.73";"Agricultura, ganadería y pesca";"Mujeres";"Evaluacion"
"2020-2021";"82.3";"Agricultura, ganadería y pesca";"Mujeres";"Evaluacion"
"2019-2020";"82.97";"Agricultura, ganadería y pesca";"Mujeres";"Evaluacion"
"2018-2019";"85.89";"Agricultura, ganadería y pesca";"Mujeres";"Evaluacion"
"2017-2018";"81.5";"Agricultura, ganadería y pesca";"Mujeres";"Evaluacion"
"2016-2017";"83.36";"Agricultura, ganadería y pesca";"Mujeres";"Evaluacion"
"2015-2016";"86.36";"Agricultura, ganadería y pesca";"Mujeres";"Evaluacion"
"2022-2023";"..";"Veterinaria";"Mujeres";"Evaluacion"
"2021-2022";"..";"Veterinaria";"Mujeres";"Evaluacion"
"2020-2021";"..";"Veterinaria";"Mujeres";"Evaluacion"
"2019-2020";"..";"Veterinaria";"Mujeres";"Evaluacion"
"2018-2019";"..";"Veterinaria";"Mujeres";"Evaluacion"
"2017-2018";"..";"Veterinaria";"Mujeres";"Evaluacion"
"2016-2017";"..";"Veterinaria";"Mujeres";"Evaluacion"
"2015-2016";"..";"Veterinaria";"Mujeres";"Evaluacion"
"2022-2023";"94.82";"Total Salud y servicios sociales";"Mujeres";"Evaluacion"
"2021-2022";"94.8";"Total Salud y servicios sociales";"Mujeres";"Evaluacion"
"2020-2021";"94.9";"Total Salud y servicios sociales";"Mujeres";"Evaluacion"
"2019-2020";"97.44";"Total Salud y servicios sociales";"Mujeres";"Evaluacion"
"2018-2019";"95.13";"Total Salud y servicios sociales";"Mujeres";"Evaluacion"
"2017-2018";"94.74";"Total Salud y servicios sociales";"Mujeres";"Evaluacion"
"2016-2017";"94.96";"Total Salud y servicios sociales";"Mujeres";"Evaluacion"
"2015-2016";"95.2";"Total Salud y servicios sociales";"Mujeres";"Evaluacion"
"2022-2023";"95.54";"Medicina";"Mujeres";"Evaluacion"
"2021-2022";"96.69";"Medicina";"Mujeres";"Evaluacion"
"2020-2021";"96.85";"Medicina";"Mujeres";"Evaluacion"
"2019-2020";"98.67";"Medicina";"Mujeres";"Evaluacion"
"2018-2019";"96.13";"Medicina";"Mujeres";"Evaluacion"
"2017-2018";"96.06";"Medicina";"Mujeres";"Evaluacion"
"2016-2017";"95.58";"Medicina";"Mujeres";"Evaluacion"
"2015-2016";"96.0";"Medicina";"Mujeres";"Evaluacion"
"2022-2023";"96.45";"Enfermería y atención a enfermos";"Mujeres";"Evaluacion"
"2021-2022";"95.83";"Enfermería y atención a enfermos";"Mujeres";"Evaluacion"
"2020-2021";"94.62";"Enfermería y atención a enfermos";"Mujeres";"Evaluacion"
"2019-2020";"97.44";"Enfermería y atención a enfermos";"Mujeres";"Evaluacion"
"2018-2019";"95.82";"Enfermería y atención a enfermos";"Mujeres";"Evaluacion"
"2017-2018";"95.77";"Enfermería y atención a enfermos";"Mujeres";"Evaluacion"
"2016-2017";"96.76";"Enfermería y atención a enfermos";"Mujeres";"Evaluacion"
"2015-2016";"97.02";"Enfermería y atención a enfermos";"Mujeres";"Evaluacion"
"2022-2023";"95.37";"Otras ciencias de la Salud";"Mujeres";"Evaluacion"
"2021-2022";"95.06";"Otras ciencias de la Salud";"Mujeres";"Evaluacion"
"2020-2021";"95.54";"Otras ciencias de la Salud";"Mujeres";"Evaluacion"
"2019-2020";"97.24";"Otras ciencias de la Salud";"Mujeres";"Evaluacion"
"2018-2019";"94.85";"Otras ciencias de la Salud";"Mujeres";"Evaluacion"
"2017-2018";"94.93";"Otras ciencias de la Salud";"Mujeres";"Evaluacion"
"2016-2017";"95.3";"Otras ciencias de la Salud";"Mujeres";"Evaluacion"
"2015-2016";"95.09";"Otras ciencias de la Salud";"Mujeres";"Evaluacion"
"2022-2023";"88.63";"Trabajo social y orientación";"Mujeres";"Evaluacion"
"2021-2022";"88.44";"Trabajo social y orientación";"Mujeres";"Evaluacion"
"2020-2021";"90.39";"Trabajo social y orientación";"Mujeres";"Evaluacion"
"2019-2020";"95.23";"Trabajo social y orientación";"Mujeres";"Evaluacion"
"2018-2019";"91.89";"Trabajo social y orientación";"Mujeres";"Evaluacion"
"2017-2018";"88.83";"Trabajo social y orientación";"Mujeres";"Evaluacion"
"2016-2017";"88.86";"Trabajo social y orientación";"Mujeres";"Evaluacion"
"2015-2016";"89.09";"Trabajo social y orientación";"Mujeres";"Evaluacion"
"2022-2023";"88.57";"Total Servicios";"Mujeres";"Evaluacion"
"2021-2022";"88.24";"Total Servicios";"Mujeres";"Evaluacion"
"2020-2021";"87.86";"Total Servicios";"Mujeres";"Evaluacion"
"2019-2020";"91.34";"Total Servicios";"Mujeres";"Evaluacion"
"2018-2019";"89.32";"Total Servicios";"Mujeres";"Evaluacion"
"2017-2018";"87.79";"Total Servicios";"Mujeres";"Evaluacion"
"2016-2017";"90.31";"Total Servicios";"Mujeres";"Evaluacion"
"2015-2016";"92.7";"Total Servicios";"Mujeres";"Evaluacion"
"2022-2023";"..";"Deportes";"Mujeres";"Evaluacion"
"2021-2022";"..";"Deportes";"Mujeres";"Evaluacion"
"2020-2021";"..";"Deportes";"Mujeres";"Evaluacion"
"2019-2020";"..";"Deportes";"Mujeres";"Evaluacion"
"2018-2019";"..";"Deportes";"Mujeres";"Evaluacion"
"2017-2018";"..";"Deportes";"Mujeres";"Evaluacion"
"2016-2017";"..";"Deportes";"Mujeres";"Evaluacion"
"2015-2016";"..";"Deportes";"Mujeres";"Evaluacion"
"2022-2023";"88.94";"Turismo y Hostelería";"Mujeres";"Evaluacion"
"2021-2022";"88.3";"Turismo y Hostelería";"Mujeres";"Evaluacion"
"2020-2021";"88.9";"Turismo y Hostelería";"Mujeres";"Evaluacion"
"2019-2020";"92.36";"Turismo y Hostelería";"Mujeres";"Evaluacion"
"2018-2019";"89.91";"Turismo y Hostelería";"Mujeres";"Evaluacion"
"2017-2018";"87.31";"Turismo y Hostelería";"Mujeres";"Evaluacion"
"2016-2017";"90.23";"Turismo y Hostelería";"Mujeres";"Evaluacion"
"2015-2016";"93.19";"Turismo y Hostelería";"Mujeres";"Evaluacion"
"2022-2023";"87.48";"Otros Servicios";"Mujeres";"Evaluacion"
"2021-2022";"87.96";"Otros Servicios";"Mujeres";"Evaluacion"
"2020-2021";"82.0";"Otros Servicios";"Mujeres";"Evaluacion"
"2019-2020";"84.47";"Otros Servicios";"Mujeres";"Evaluacion"
"2018-2019";"84.56";"Otros Servicios";"Mujeres";"Evaluacion"
"2017-2018";"92.08";"Otros Servicios";"Mujeres";"Evaluacion"
"2016-2017";"..";"Otros Servicios";"Mujeres";"Evaluacion"
"2015-2016";"..";"Otros Servicios";"Mujeres";"Evaluacion"
