"Anio";"Valor";"Carrera";"Genero";"Tasa"
"2022-2023";"???";"Málaga";"Ambos Sexos";"Rendimiento"
"2021-2022";"???";"Málaga";"Ambos Sexos";"Rendimiento"
"2020-2021";"???";"Málaga";"Ambos Sexos";"Rendimiento"
"2019-2020";"???";"Málaga";"Ambos Sexos";"Rendimiento"
"2018-2019";"???";"Málaga";"Ambos Sexos";"Rendimiento"
"2017-2018";"???";"Málaga";"Ambos Sexos";"Rendimiento"
"2016-2017";"???";"Málaga";"Ambos Sexos";"Rendimiento"
"2015-2016";"???";"Málaga";"Ambos Sexos";"Rendimiento"
"2022-2023";"75.64";"Todos los ámbitos";"Ambos Sexos";"Rendimiento"
"2021-2022";"73.51";"Todos los ámbitos";"Ambos Sexos";"Rendimiento"
"2020-2021";"78.11";"Todos los ámbitos";"Ambos Sexos";"Rendimiento"
"2019-2020";"81.55";"Todos los ámbitos";"Ambos Sexos";"Rendimiento"
"2018-2019";"74.51";"Todos los ámbitos";"Ambos Sexos";"Rendimiento"
"2017-2018";"74.94";"Todos los ámbitos";"Ambos Sexos";"Rendimiento"
"2016-2017";"76.26";"Todos los ámbitos";"Ambos Sexos";"Rendimiento"
"2015-2016";"75.61";"Todos los ámbitos";"Ambos Sexos";"Rendimiento"
"2022-2023";"95.78";"Total Educación";"Ambos Sexos";"Rendimiento"
"2021-2022";"95.83";"Total Educación";"Ambos Sexos";"Rendimiento"
"2020-2021";"96.63";"Total Educación";"Ambos Sexos";"Rendimiento"
"2019-2020";"96.83";"Total Educación";"Ambos Sexos";"Rendimiento"
"2018-2019";"94.75";"Total Educación";"Ambos Sexos";"Rendimiento"
"2017-2018";"95.02";"Total Educación";"Ambos Sexos";"Rendimiento"
"2016-2017";"95.08";"Total Educación";"Ambos Sexos";"Rendimiento"
"2015-2016";"95.19";"Total Educación";"Ambos Sexos";"Rendimiento"
"2022-2023";"97.96";"Formación de docentes de enseñanza infantil";"Ambos Sexos";"Rendimiento"
"2021-2022";"97.26";"Formación de docentes de enseñanza infantil";"Ambos Sexos";"Rendimiento"
"2020-2021";"97.07";"Formación de docentes de enseñanza infantil";"Ambos Sexos";"Rendimiento"
"2019-2020";"97.9";"Formación de docentes de enseñanza infantil";"Ambos Sexos";"Rendimiento"
"2018-2019";"96.73";"Formación de docentes de enseñanza infantil";"Ambos Sexos";"Rendimiento"
"2017-2018";"96.69";"Formación de docentes de enseñanza infantil";"Ambos Sexos";"Rendimiento"
"2016-2017";"96.96";"Formación de docentes de enseñanza infantil";"Ambos Sexos";"Rendimiento"
"2015-2016";"96.8";"Formación de docentes de enseñanza infantil";"Ambos Sexos";"Rendimiento"
"2022-2023";"95.9";"Formación de docentes de enseñanza primaria";"Ambos Sexos";"Rendimiento"
"2021-2022";"96.22";"Formación de docentes de enseñanza primaria";"Ambos Sexos";"Rendimiento"
"2020-2021";"97.06";"Formación de docentes de enseñanza primaria";"Ambos Sexos";"Rendimiento"
"2019-2020";"97.06";"Formación de docentes de enseñanza primaria";"Ambos Sexos";"Rendimiento"
"2018-2019";"94.69";"Formación de docentes de enseñanza primaria";"Ambos Sexos";"Rendimiento"
"2017-2018";"94.7";"Formación de docentes de enseñanza primaria";"Ambos Sexos";"Rendimiento"
"2016-2017";"94.17";"Formación de docentes de enseñanza primaria";"Ambos Sexos";"Rendimiento"
"2015-2016";"94.09";"Formación de docentes de enseñanza primaria";"Ambos Sexos";"Rendimiento"
"2022-2023";"92.74";"Otra Formación de personal docente y ciencias de la educación";"Ambos Sexos";"Rendimiento"
"2021-2022";"93.01";"Otra Formación de personal docente y ciencias de la educación";"Ambos Sexos";"Rendimiento"
"2020-2021";"94.92";"Otra Formación de personal docente y ciencias de la educación";"Ambos Sexos";"Rendimiento"
"2019-2020";"94.94";"Otra Formación de personal docente y ciencias de la educación";"Ambos Sexos";"Rendimiento"
"2018-2019";"92.44";"Otra Formación de personal docente y ciencias de la educación";"Ambos Sexos";"Rendimiento"
"2017-2018";"93.85";"Otra Formación de personal docente y ciencias de la educación";"Ambos Sexos";"Rendimiento"
"2016-2017";"95.1";"Otra Formación de personal docente y ciencias de la educación";"Ambos Sexos";"Rendimiento"
"2015-2016";"96.04";"Otra Formación de personal docente y ciencias de la educación";"Ambos Sexos";"Rendimiento"
"2022-2023";"79.29";"Total Artes y humanidades";"Ambos Sexos";"Rendimiento"
"2021-2022";"77.15";"Total Artes y humanidades";"Ambos Sexos";"Rendimiento"
"2020-2021";"83.22";"Total Artes y humanidades";"Ambos Sexos";"Rendimiento"
"2019-2020";"84.88";"Total Artes y humanidades";"Ambos Sexos";"Rendimiento"
"2018-2019";"78.23";"Total Artes y humanidades";"Ambos Sexos";"Rendimiento"
"2017-2018";"78.0";"Total Artes y humanidades";"Ambos Sexos";"Rendimiento"
"2016-2017";"78.99";"Total Artes y humanidades";"Ambos Sexos";"Rendimiento"
"2015-2016";"78.54";"Total Artes y humanidades";"Ambos Sexos";"Rendimiento"
"2022-2023";"90.85";"Técnicas audiovisuales y medios de comunicación";"Ambos Sexos";"Rendimiento"
"2021-2022";"89.78";"Técnicas audiovisuales y medios de comunicación";"Ambos Sexos";"Rendimiento"
"2020-2021";"92.06";"Técnicas audiovisuales y medios de comunicación";"Ambos Sexos";"Rendimiento"
"2019-2020";"92.28";"Técnicas audiovisuales y medios de comunicación";"Ambos Sexos";"Rendimiento"
"2018-2019";"88.73";"Técnicas audiovisuales y medios de comunicación";"Ambos Sexos";"Rendimiento"
"2017-2018";"87.5";"Técnicas audiovisuales y medios de comunicación";"Ambos Sexos";"Rendimiento"
"2016-2017";"90.18";"Técnicas audiovisuales y medios de comunicación";"Ambos Sexos";"Rendimiento"
"2015-2016";"89.9";"Técnicas audiovisuales y medios de comunicación";"Ambos Sexos";"Rendimiento"
"2022-2023";"80.17";"Artes";"Ambos Sexos";"Rendimiento"
"2021-2022";"79.58";"Artes";"Ambos Sexos";"Rendimiento"
"2020-2021";"83.15";"Artes";"Ambos Sexos";"Rendimiento"
"2019-2020";"84.7";"Artes";"Ambos Sexos";"Rendimiento"
"2018-2019";"78.78";"Artes";"Ambos Sexos";"Rendimiento"
"2017-2018";"79.53";"Artes";"Ambos Sexos";"Rendimiento"
"2016-2017";"79.58";"Artes";"Ambos Sexos";"Rendimiento"
"2015-2016";"79.94";"Artes";"Ambos Sexos";"Rendimiento"
"2022-2023";"78.12";"Lenguas";"Ambos Sexos";"Rendimiento"
"2021-2022";"76.43";"Lenguas";"Ambos Sexos";"Rendimiento"
"2020-2021";"84.53";"Lenguas";"Ambos Sexos";"Rendimiento"
"2019-2020";"86.29";"Lenguas";"Ambos Sexos";"Rendimiento"
"2018-2019";"78.11";"Lenguas";"Ambos Sexos";"Rendimiento"
"2017-2018";"78.12";"Lenguas";"Ambos Sexos";"Rendimiento"
"2016-2017";"79.6";"Lenguas";"Ambos Sexos";"Rendimiento"
"2015-2016";"78.5";"Lenguas";"Ambos Sexos";"Rendimiento"
"2022-2023";"72.8";"Humanidades";"Ambos Sexos";"Rendimiento"
"2021-2022";"67.87";"Humanidades";"Ambos Sexos";"Rendimiento"
"2020-2021";"74.45";"Humanidades";"Ambos Sexos";"Rendimiento"
"2019-2020";"76.77";"Humanidades";"Ambos Sexos";"Rendimiento"
"2018-2019";"70.9";"Humanidades";"Ambos Sexos";"Rendimiento"
"2017-2018";"69.89";"Humanidades";"Ambos Sexos";"Rendimiento"
"2016-2017";"70.01";"Humanidades";"Ambos Sexos";"Rendimiento"
"2015-2016";"70.86";"Humanidades";"Ambos Sexos";"Rendimiento"
"2022-2023";"81.96";"Total Ciencias sociales, periodismo y documentación";"Ambos Sexos";"Rendimiento"
"2021-2022";"80.68";"Total Ciencias sociales, periodismo y documentación";"Ambos Sexos";"Rendimiento"
"2020-2021";"85.3";"Total Ciencias sociales, periodismo y documentación";"Ambos Sexos";"Rendimiento"
"2019-2020";"87.2";"Total Ciencias sociales, periodismo y documentación";"Ambos Sexos";"Rendimiento"
"2018-2019";"81.49";"Total Ciencias sociales, periodismo y documentación";"Ambos Sexos";"Rendimiento"
"2017-2018";"81.8";"Total Ciencias sociales, periodismo y documentación";"Ambos Sexos";"Rendimiento"
"2016-2017";"81.49";"Total Ciencias sociales, periodismo y documentación";"Ambos Sexos";"Rendimiento"
"2015-2016";"80.31";"Total Ciencias sociales, periodismo y documentación";"Ambos Sexos";"Rendimiento"
"2022-2023";"85.67";"Psicología";"Ambos Sexos";"Rendimiento"
"2021-2022";"83.84";"Psicología";"Ambos Sexos";"Rendimiento"
"2020-2021";"85.31";"Psicología";"Ambos Sexos";"Rendimiento"
"2019-2020";"91.0";"Psicología";"Ambos Sexos";"Rendimiento"
"2018-2019";"85.55";"Psicología";"Ambos Sexos";"Rendimiento"
"2017-2018";"86.75";"Psicología";"Ambos Sexos";"Rendimiento"
"2016-2017";"87.39";"Psicología";"Ambos Sexos";"Rendimiento"
"2015-2016";"86.38";"Psicología";"Ambos Sexos";"Rendimiento"
"2022-2023";"65.21";"Economía";"Ambos Sexos";"Rendimiento"
"2021-2022";"64.13";"Economía";"Ambos Sexos";"Rendimiento"
"2020-2021";"77.65";"Economía";"Ambos Sexos";"Rendimiento"
"2019-2020";"79.16";"Economía";"Ambos Sexos";"Rendimiento"
"2018-2019";"66.77";"Economía";"Ambos Sexos";"Rendimiento"
"2017-2018";"67.02";"Economía";"Ambos Sexos";"Rendimiento"
"2016-2017";"63.02";"Economía";"Ambos Sexos";"Rendimiento"
"2015-2016";"63.76";"Economía";"Ambos Sexos";"Rendimiento"
"2022-2023";"85.56";"Otras Ciencias sociales y del comportamiento";"Ambos Sexos";"Rendimiento"
"2021-2022";"85.66";"Otras Ciencias sociales y del comportamiento";"Ambos Sexos";"Rendimiento"
"2020-2021";"88.62";"Otras Ciencias sociales y del comportamiento";"Ambos Sexos";"Rendimiento"
"2019-2020";"87.45";"Otras Ciencias sociales y del comportamiento";"Ambos Sexos";"Rendimiento"
"2018-2019";"84.33";"Otras Ciencias sociales y del comportamiento";"Ambos Sexos";"Rendimiento"
"2017-2018";"86.35";"Otras Ciencias sociales y del comportamiento";"Ambos Sexos";"Rendimiento"
"2016-2017";"86.71";"Otras Ciencias sociales y del comportamiento";"Ambos Sexos";"Rendimiento"
"2015-2016";"83.53";"Otras Ciencias sociales y del comportamiento";"Ambos Sexos";"Rendimiento"
"2022-2023";"84.54";"Periodismo e información";"Ambos Sexos";"Rendimiento"
"2021-2022";"83.08";"Periodismo e información";"Ambos Sexos";"Rendimiento"
"2020-2021";"88.35";"Periodismo e información";"Ambos Sexos";"Rendimiento"
"2019-2020";"86.08";"Periodismo e información";"Ambos Sexos";"Rendimiento"
"2018-2019";"84.03";"Periodismo e información";"Ambos Sexos";"Rendimiento"
"2017-2018";"82.87";"Periodismo e información";"Ambos Sexos";"Rendimiento"
"2016-2017";"85.67";"Periodismo e información";"Ambos Sexos";"Rendimiento"
"2015-2016";"84.93";"Periodismo e información";"Ambos Sexos";"Rendimiento"
"2022-2023";"72.37";"Total Negocios, administración y derecho";"Ambos Sexos";"Rendimiento"
"2021-2022";"69.24";"Total Negocios, administración y derecho";"Ambos Sexos";"Rendimiento"
"2020-2021";"78.25";"Total Negocios, administración y derecho";"Ambos Sexos";"Rendimiento"
"2019-2020";"80.84";"Total Negocios, administración y derecho";"Ambos Sexos";"Rendimiento"
"2018-2019";"70.39";"Total Negocios, administración y derecho";"Ambos Sexos";"Rendimiento"
"2017-2018";"71.6";"Total Negocios, administración y derecho";"Ambos Sexos";"Rendimiento"
"2016-2017";"73.24";"Total Negocios, administración y derecho";"Ambos Sexos";"Rendimiento"
"2015-2016";"72.5";"Total Negocios, administración y derecho";"Ambos Sexos";"Rendimiento"
"2022-2023";"75.03";"Administración y gestión de empresas";"Ambos Sexos";"Rendimiento"
"2021-2022";"71.54";"Administración y gestión de empresas";"Ambos Sexos";"Rendimiento"
"2020-2021";"80.93";"Administración y gestión de empresas";"Ambos Sexos";"Rendimiento"
"2019-2020";"81.81";"Administración y gestión de empresas";"Ambos Sexos";"Rendimiento"
"2018-2019";"72.37";"Administración y gestión de empresas";"Ambos Sexos";"Rendimiento"
"2017-2018";"73.17";"Administración y gestión de empresas";"Ambos Sexos";"Rendimiento"
"2016-2017";"74.29";"Administración y gestión de empresas";"Ambos Sexos";"Rendimiento"
"2015-2016";"73.06";"Administración y gestión de empresas";"Ambos Sexos";"Rendimiento"
"2022-2023";"73.17";"Otra Educación comercial y empresarial";"Ambos Sexos";"Rendimiento"
"2021-2022";"70.05";"Otra Educación comercial y empresarial";"Ambos Sexos";"Rendimiento"
"2020-2021";"78.24";"Otra Educación comercial y empresarial";"Ambos Sexos";"Rendimiento"
"2019-2020";"80.18";"Otra Educación comercial y empresarial";"Ambos Sexos";"Rendimiento"
"2018-2019";"69.13";"Otra Educación comercial y empresarial";"Ambos Sexos";"Rendimiento"
"2017-2018";"71.0";"Otra Educación comercial y empresarial";"Ambos Sexos";"Rendimiento"
"2016-2017";"73.79";"Otra Educación comercial y empresarial";"Ambos Sexos";"Rendimiento"
"2015-2016";"73.11";"Otra Educación comercial y empresarial";"Ambos Sexos";"Rendimiento"
"2022-2023";"67.63";"Derecho";"Ambos Sexos";"Rendimiento"
"2021-2022";"65.08";"Derecho";"Ambos Sexos";"Rendimiento"
"2020-2021";"74.38";"Derecho";"Ambos Sexos";"Rendimiento"
"2019-2020";"80.26";"Derecho";"Ambos Sexos";"Rendimiento"
"2018-2019";"69.19";"Derecho";"Ambos Sexos";"Rendimiento"
"2017-2018";"70.16";"Derecho";"Ambos Sexos";"Rendimiento"
"2016-2017";"71.06";"Derecho";"Ambos Sexos";"Rendimiento"
"2015-2016";"70.92";"Derecho";"Ambos Sexos";"Rendimiento"
"2022-2023";"65.72";"Total Ciencias";"Ambos Sexos";"Rendimiento"
"2021-2022";"62.83";"Total Ciencias";"Ambos Sexos";"Rendimiento"
"2020-2021";"66.38";"Total Ciencias";"Ambos Sexos";"Rendimiento"
"2019-2020";"75.57";"Total Ciencias";"Ambos Sexos";"Rendimiento"
"2018-2019";"64.27";"Total Ciencias";"Ambos Sexos";"Rendimiento"
"2017-2018";"65.92";"Total Ciencias";"Ambos Sexos";"Rendimiento"
"2016-2017";"66.65";"Total Ciencias";"Ambos Sexos";"Rendimiento"
"2015-2016";"65.62";"Total Ciencias";"Ambos Sexos";"Rendimiento"
"2022-2023";"68.57";"Ciencias de la vida";"Ambos Sexos";"Rendimiento"
"2021-2022";"64.34";"Ciencias de la vida";"Ambos Sexos";"Rendimiento"
"2020-2021";"68.29";"Ciencias de la vida";"Ambos Sexos";"Rendimiento"
"2019-2020";"77.74";"Ciencias de la vida";"Ambos Sexos";"Rendimiento"
"2018-2019";"65.34";"Ciencias de la vida";"Ambos Sexos";"Rendimiento"
"2017-2018";"66.9";"Ciencias de la vida";"Ambos Sexos";"Rendimiento"
"2016-2017";"68.3";"Ciencias de la vida";"Ambos Sexos";"Rendimiento"
"2015-2016";"65.96";"Ciencias de la vida";"Ambos Sexos";"Rendimiento"
"2022-2023";"56.72";"Ciencias Físicas, químicas, geológicas";"Ambos Sexos";"Rendimiento"
"2021-2022";"54.46";"Ciencias Físicas, químicas, geológicas";"Ambos Sexos";"Rendimiento"
"2020-2021";"61.92";"Ciencias Físicas, químicas, geológicas";"Ambos Sexos";"Rendimiento"
"2019-2020";"72.9";"Ciencias Físicas, químicas, geológicas";"Ambos Sexos";"Rendimiento"
"2018-2019";"62.45";"Ciencias Físicas, químicas, geológicas";"Ambos Sexos";"Rendimiento"
"2017-2018";"64.89";"Ciencias Físicas, químicas, geológicas";"Ambos Sexos";"Rendimiento"
"2016-2017";"64.7";"Ciencias Físicas, químicas, geológicas";"Ambos Sexos";"Rendimiento"
"2015-2016";"67.26";"Ciencias Físicas, químicas, geológicas";"Ambos Sexos";"Rendimiento"
"2022-2023";"65.24";"Matemáticas y Estadística";"Ambos Sexos";"Rendimiento"
"2021-2022";"65.92";"Matemáticas y Estadística";"Ambos Sexos";"Rendimiento"
"2020-2021";"64.41";"Matemáticas y Estadística";"Ambos Sexos";"Rendimiento"
"2019-2020";"70.66";"Matemáticas y Estadística";"Ambos Sexos";"Rendimiento"
"2018-2019";"62.04";"Matemáticas y Estadística";"Ambos Sexos";"Rendimiento"
"2017-2018";"62.89";"Matemáticas y Estadística";"Ambos Sexos";"Rendimiento"
"2016-2017";"61.39";"Matemáticas y Estadística";"Ambos Sexos";"Rendimiento"
"2015-2016";"61.0";"Matemáticas y Estadística";"Ambos Sexos";"Rendimiento"
"2022-2023";"69.71";"Total Informática";"Ambos Sexos";"Rendimiento"
"2021-2022";"67.08";"Total Informática";"Ambos Sexos";"Rendimiento"
"2020-2021";"63.58";"Total Informática";"Ambos Sexos";"Rendimiento"
"2019-2020";"65.84";"Total Informática";"Ambos Sexos";"Rendimiento"
"2018-2019";"63.06";"Total Informática";"Ambos Sexos";"Rendimiento"
"2017-2018";"61.3";"Total Informática";"Ambos Sexos";"Rendimiento"
"2016-2017";"59.21";"Total Informática";"Ambos Sexos";"Rendimiento"
"2015-2016";"57.65";"Total Informática";"Ambos Sexos";"Rendimiento"
"2022-2023";"69.71";"Informática";"Ambos Sexos";"Rendimiento"
"2021-2022";"67.08";"Informática";"Ambos Sexos";"Rendimiento"
"2020-2021";"63.58";"Informática";"Ambos Sexos";"Rendimiento"
"2019-2020";"65.84";"Informática";"Ambos Sexos";"Rendimiento"
"2018-2019";"63.06";"Informática";"Ambos Sexos";"Rendimiento"
"2017-2018";"61.3";"Informática";"Ambos Sexos";"Rendimiento"
"2016-2017";"59.21";"Informática";"Ambos Sexos";"Rendimiento"
"2015-2016";"57.65";"Informática";"Ambos Sexos";"Rendimiento"
"2022-2023";"54.55";"Total Ingeniería, industria y construcción";"Ambos Sexos";"Rendimiento"
"2021-2022";"51.53";"Total Ingeniería, industria y construcción";"Ambos Sexos";"Rendimiento"
"2020-2021";"55.42";"Total Ingeniería, industria y construcción";"Ambos Sexos";"Rendimiento"
"2019-2020";"62.79";"Total Ingeniería, industria y construcción";"Ambos Sexos";"Rendimiento"
"2018-2019";"55.51";"Total Ingeniería, industria y construcción";"Ambos Sexos";"Rendimiento"
"2017-2018";"55.52";"Total Ingeniería, industria y construcción";"Ambos Sexos";"Rendimiento"
"2016-2017";"58.27";"Total Ingeniería, industria y construcción";"Ambos Sexos";"Rendimiento"
"2015-2016";"56.35";"Total Ingeniería, industria y construcción";"Ambos Sexos";"Rendimiento"
"2022-2023";"52.71";"Ingenierías";"Ambos Sexos";"Rendimiento"
"2021-2022";"49.7";"Ingenierías";"Ambos Sexos";"Rendimiento"
"2020-2021";"53.58";"Ingenierías";"Ambos Sexos";"Rendimiento"
"2019-2020";"61.56";"Ingenierías";"Ambos Sexos";"Rendimiento"
"2018-2019";"54.22";"Ingenierías";"Ambos Sexos";"Rendimiento"
"2017-2018";"54.03";"Ingenierías";"Ambos Sexos";"Rendimiento"
"2016-2017";"56.68";"Ingenierías";"Ambos Sexos";"Rendimiento"
"2015-2016";"54.88";"Ingenierías";"Ambos Sexos";"Rendimiento"
"2022-2023";"73.56";"Arquitectura y construcción";"Ambos Sexos";"Rendimiento"
"2021-2022";"71.39";"Arquitectura y construcción";"Ambos Sexos";"Rendimiento"
"2020-2021";"75.76";"Arquitectura y construcción";"Ambos Sexos";"Rendimiento"
"2019-2020";"76.35";"Arquitectura y construcción";"Ambos Sexos";"Rendimiento"
"2018-2019";"69.57";"Arquitectura y construcción";"Ambos Sexos";"Rendimiento"
"2017-2018";"72.86";"Arquitectura y construcción";"Ambos Sexos";"Rendimiento"
"2016-2017";"77.58";"Arquitectura y construcción";"Ambos Sexos";"Rendimiento"
"2015-2016";"74.49";"Arquitectura y construcción";"Ambos Sexos";"Rendimiento"
"2022-2023";"..";"Total Agricultura, ganadería,  silvicultura, pesca, y veterinaria";"Ambos Sexos";"Rendimiento"
"2021-2022";"..";"Total Agricultura, ganadería,  silvicultura, pesca, y veterinaria";"Ambos Sexos";"Rendimiento"
"2020-2021";"..";"Total Agricultura, ganadería,  silvicultura, pesca, y veterinaria";"Ambos Sexos";"Rendimiento"
"2019-2020";"..";"Total Agricultura, ganadería,  silvicultura, pesca, y veterinaria";"Ambos Sexos";"Rendimiento"
"2018-2019";"..";"Total Agricultura, ganadería,  silvicultura, pesca, y veterinaria";"Ambos Sexos";"Rendimiento"
"2017-2018";"..";"Total Agricultura, ganadería,  silvicultura, pesca, y veterinaria";"Ambos Sexos";"Rendimiento"
"2016-2017";"..";"Total Agricultura, ganadería,  silvicultura, pesca, y veterinaria";"Ambos Sexos";"Rendimiento"
"2015-2016";"..";"Total Agricultura, ganadería,  silvicultura, pesca, y veterinaria";"Ambos Sexos";"Rendimiento"
"2022-2023";"..";"Agricultura, ganadería y pesca";"Ambos Sexos";"Rendimiento"
"2021-2022";"..";"Agricultura, ganadería y pesca";"Ambos Sexos";"Rendimiento"
"2020-2021";"..";"Agricultura, ganadería y pesca";"Ambos Sexos";"Rendimiento"
"2019-2020";"..";"Agricultura, ganadería y pesca";"Ambos Sexos";"Rendimiento"
"2018-2019";"..";"Agricultura, ganadería y pesca";"Ambos Sexos";"Rendimiento"
"2017-2018";"..";"Agricultura, ganadería y pesca";"Ambos Sexos";"Rendimiento"
"2016-2017";"..";"Agricultura, ganadería y pesca";"Ambos Sexos";"Rendimiento"
"2015-2016";"..";"Agricultura, ganadería y pesca";"Ambos Sexos";"Rendimiento"
"2022-2023";"..";"Veterinaria";"Ambos Sexos";"Rendimiento"
"2021-2022";"..";"Veterinaria";"Ambos Sexos";"Rendimiento"
"2020-2021";"..";"Veterinaria";"Ambos Sexos";"Rendimiento"
"2019-2020";"..";"Veterinaria";"Ambos Sexos";"Rendimiento"
"2018-2019";"..";"Veterinaria";"Ambos Sexos";"Rendimiento"
"2017-2018";"..";"Veterinaria";"Ambos Sexos";"Rendimiento"
"2016-2017";"..";"Veterinaria";"Ambos Sexos";"Rendimiento"
"2015-2016";"..";"Veterinaria";"Ambos Sexos";"Rendimiento"
"2022-2023";"89.74";"Total Salud y servicios sociales";"Ambos Sexos";"Rendimiento"
"2021-2022";"88.74";"Total Salud y servicios sociales";"Ambos Sexos";"Rendimiento"
"2020-2021";"91.01";"Total Salud y servicios sociales";"Ambos Sexos";"Rendimiento"
"2019-2020";"93.0";"Total Salud y servicios sociales";"Ambos Sexos";"Rendimiento"
"2018-2019";"88.8";"Total Salud y servicios sociales";"Ambos Sexos";"Rendimiento"
"2017-2018";"87.37";"Total Salud y servicios sociales";"Ambos Sexos";"Rendimiento"
"2016-2017";"89.2";"Total Salud y servicios sociales";"Ambos Sexos";"Rendimiento"
"2015-2016";"88.58";"Total Salud y servicios sociales";"Ambos Sexos";"Rendimiento"
"2022-2023";"85.44";"Medicina";"Ambos Sexos";"Rendimiento"
"2021-2022";"84.0";"Medicina";"Ambos Sexos";"Rendimiento"
"2020-2021";"87.62";"Medicina";"Ambos Sexos";"Rendimiento"
"2019-2020";"90.89";"Medicina";"Ambos Sexos";"Rendimiento"
"2018-2019";"83.79";"Medicina";"Ambos Sexos";"Rendimiento"
"2017-2018";"83.52";"Medicina";"Ambos Sexos";"Rendimiento"
"2016-2017";"86.87";"Medicina";"Ambos Sexos";"Rendimiento"
"2015-2016";"86.36";"Medicina";"Ambos Sexos";"Rendimiento"
"2022-2023";"93.49";"Enfermería y atención a enfermos";"Ambos Sexos";"Rendimiento"
"2021-2022";"93.11";"Enfermería y atención a enfermos";"Ambos Sexos";"Rendimiento"
"2020-2021";"95.22";"Enfermería y atención a enfermos";"Ambos Sexos";"Rendimiento"
"2019-2020";"96.83";"Enfermería y atención a enfermos";"Ambos Sexos";"Rendimiento"
"2018-2019";"94.47";"Enfermería y atención a enfermos";"Ambos Sexos";"Rendimiento"
"2017-2018";"94.88";"Enfermería y atención a enfermos";"Ambos Sexos";"Rendimiento"
"2016-2017";"94.83";"Enfermería y atención a enfermos";"Ambos Sexos";"Rendimiento"
"2015-2016";"94.72";"Enfermería y atención a enfermos";"Ambos Sexos";"Rendimiento"
"2022-2023";"90.1";"Otras ciencias de la Salud";"Ambos Sexos";"Rendimiento"
"2021-2022";"89.81";"Otras ciencias de la Salud";"Ambos Sexos";"Rendimiento"
"2020-2021";"91.11";"Otras ciencias de la Salud";"Ambos Sexos";"Rendimiento"
"2019-2020";"93.18";"Otras ciencias de la Salud";"Ambos Sexos";"Rendimiento"
"2018-2019";"90.83";"Otras ciencias de la Salud";"Ambos Sexos";"Rendimiento"
"2017-2018";"86.43";"Otras ciencias de la Salud";"Ambos Sexos";"Rendimiento"
"2016-2017";"87.71";"Otras ciencias de la Salud";"Ambos Sexos";"Rendimiento"
"2015-2016";"86.88";"Otras ciencias de la Salud";"Ambos Sexos";"Rendimiento"
"2022-2023";"91.79";"Trabajo social y orientación";"Ambos Sexos";"Rendimiento"
"2021-2022";"89.17";"Trabajo social y orientación";"Ambos Sexos";"Rendimiento"
"2020-2021";"90.99";"Trabajo social y orientación";"Ambos Sexos";"Rendimiento"
"2019-2020";"90.87";"Trabajo social y orientación";"Ambos Sexos";"Rendimiento"
"2018-2019";"86.57";"Trabajo social y orientación";"Ambos Sexos";"Rendimiento"
"2017-2018";"86.05";"Trabajo social y orientación";"Ambos Sexos";"Rendimiento"
"2016-2017";"88.59";"Trabajo social y orientación";"Ambos Sexos";"Rendimiento"
"2015-2016";"86.82";"Trabajo social y orientación";"Ambos Sexos";"Rendimiento"
"2022-2023";"76.84";"Total Servicios";"Ambos Sexos";"Rendimiento"
"2021-2022";"75.38";"Total Servicios";"Ambos Sexos";"Rendimiento"
"2020-2021";"83.04";"Total Servicios";"Ambos Sexos";"Rendimiento"
"2019-2020";"88.26";"Total Servicios";"Ambos Sexos";"Rendimiento"
"2018-2019";"77.42";"Total Servicios";"Ambos Sexos";"Rendimiento"
"2017-2018";"80.31";"Total Servicios";"Ambos Sexos";"Rendimiento"
"2016-2017";"81.54";"Total Servicios";"Ambos Sexos";"Rendimiento"
"2015-2016";"82.06";"Total Servicios";"Ambos Sexos";"Rendimiento"
"2022-2023";"97.46";"Deportes";"Ambos Sexos";"Rendimiento"
"2021-2022";"..";"Deportes";"Ambos Sexos";"Rendimiento"
"2020-2021";"..";"Deportes";"Ambos Sexos";"Rendimiento"
"2019-2020";"..";"Deportes";"Ambos Sexos";"Rendimiento"
"2018-2019";"..";"Deportes";"Ambos Sexos";"Rendimiento"
"2017-2018";"..";"Deportes";"Ambos Sexos";"Rendimiento"
"2016-2017";"..";"Deportes";"Ambos Sexos";"Rendimiento"
"2015-2016";"..";"Deportes";"Ambos Sexos";"Rendimiento"
"2022-2023";"75.29";"Turismo y Hostelería";"Ambos Sexos";"Rendimiento"
"2021-2022";"75.38";"Turismo y Hostelería";"Ambos Sexos";"Rendimiento"
"2020-2021";"83.04";"Turismo y Hostelería";"Ambos Sexos";"Rendimiento"
"2019-2020";"88.26";"Turismo y Hostelería";"Ambos Sexos";"Rendimiento"
"2018-2019";"77.42";"Turismo y Hostelería";"Ambos Sexos";"Rendimiento"
"2017-2018";"80.31";"Turismo y Hostelería";"Ambos Sexos";"Rendimiento"
"2016-2017";"81.54";"Turismo y Hostelería";"Ambos Sexos";"Rendimiento"
"2015-2016";"82.06";"Turismo y Hostelería";"Ambos Sexos";"Rendimiento"
"2022-2023";"..";"Otros Servicios";"Ambos Sexos";"Rendimiento"
"2021-2022";"..";"Otros Servicios";"Ambos Sexos";"Rendimiento"
"2020-2021";"..";"Otros Servicios";"Ambos Sexos";"Rendimiento"
"2019-2020";"..";"Otros Servicios";"Ambos Sexos";"Rendimiento"
"2018-2019";"..";"Otros Servicios";"Ambos Sexos";"Rendimiento"
"2017-2018";"..";"Otros Servicios";"Ambos Sexos";"Rendimiento"
"2016-2017";"..";"Otros Servicios";"Ambos Sexos";"Rendimiento"
"2015-2016";"..";"Otros Servicios";"Ambos Sexos";"Rendimiento"
"2022-2023";"???";"Málaga";"Ambos Sexos";"Exito"
"2021-2022";"???";"Málaga";"Ambos Sexos";"Exito"
"2020-2021";"???";"Málaga";"Ambos Sexos";"Exito"
"2019-2020";"???";"Málaga";"Ambos Sexos";"Exito"
"2018-2019";"???";"Málaga";"Ambos Sexos";"Exito"
"2017-2018";"???";"Málaga";"Ambos Sexos";"Exito"
"2016-2017";"???";"Málaga";"Ambos Sexos";"Exito"
"2015-2016";"???";"Málaga";"Ambos Sexos";"Exito"
"2022-2023";"86.97";"Todos los ámbitos";"Ambos Sexos";"Exito"
"2021-2022";"85.95";"Todos los ámbitos";"Ambos Sexos";"Exito"
"2020-2021";"88.14";"Todos los ámbitos";"Ambos Sexos";"Exito"
"2019-2020";"90.7";"Todos los ámbitos";"Ambos Sexos";"Exito"
"2018-2019";"86.89";"Todos los ámbitos";"Ambos Sexos";"Exito"
"2017-2018";"87.22";"Todos los ámbitos";"Ambos Sexos";"Exito"
"2016-2017";"87.57";"Todos los ámbitos";"Ambos Sexos";"Exito"
"2015-2016";"87.33";"Todos los ámbitos";"Ambos Sexos";"Exito"
"2022-2023";"98.07";"Total Educación";"Ambos Sexos";"Exito"
"2021-2022";"98.15";"Total Educación";"Ambos Sexos";"Exito"
"2020-2021";"98.61";"Total Educación";"Ambos Sexos";"Exito"
"2019-2020";"98.72";"Total Educación";"Ambos Sexos";"Exito"
"2018-2019";"97.89";"Total Educación";"Ambos Sexos";"Exito"
"2017-2018";"97.98";"Total Educación";"Ambos Sexos";"Exito"
"2016-2017";"97.97";"Total Educación";"Ambos Sexos";"Exito"
"2015-2016";"97.64";"Total Educación";"Ambos Sexos";"Exito"
"2022-2023";"98.8";"Formación de docentes de enseñanza infantil";"Ambos Sexos";"Exito"
"2021-2022";"98.26";"Formación de docentes de enseñanza infantil";"Ambos Sexos";"Exito"
"2020-2021";"98.86";"Formación de docentes de enseñanza infantil";"Ambos Sexos";"Exito"
"2019-2020";"99.08";"Formación de docentes de enseñanza infantil";"Ambos Sexos";"Exito"
"2018-2019";"98.62";"Formación de docentes de enseñanza infantil";"Ambos Sexos";"Exito"
"2017-2018";"98.68";"Formación de docentes de enseñanza infantil";"Ambos Sexos";"Exito"
"2016-2017";"98.79";"Formación de docentes de enseñanza infantil";"Ambos Sexos";"Exito"
"2015-2016";"98.6";"Formación de docentes de enseñanza infantil";"Ambos Sexos";"Exito"
"2022-2023";"98.31";"Formación de docentes de enseñanza primaria";"Ambos Sexos";"Exito"
"2021-2022";"98.49";"Formación de docentes de enseñanza primaria";"Ambos Sexos";"Exito"
"2020-2021";"98.68";"Formación de docentes de enseñanza primaria";"Ambos Sexos";"Exito"
"2019-2020";"98.91";"Formación de docentes de enseñanza primaria";"Ambos Sexos";"Exito"
"2018-2019";"97.77";"Formación de docentes de enseñanza primaria";"Ambos Sexos";"Exito"
"2017-2018";"97.73";"Formación de docentes de enseñanza primaria";"Ambos Sexos";"Exito"
"2016-2017";"97.59";"Formación de docentes de enseñanza primaria";"Ambos Sexos";"Exito"
"2015-2016";"96.89";"Formación de docentes de enseñanza primaria";"Ambos Sexos";"Exito"
"2022-2023";"96.49";"Otra Formación de personal docente y ciencias de la educación";"Ambos Sexos";"Exito"
"2021-2022";"97.07";"Otra Formación de personal docente y ciencias de la educación";"Ambos Sexos";"Exito"
"2020-2021";"98.15";"Otra Formación de personal docente y ciencias de la educación";"Ambos Sexos";"Exito"
"2019-2020";"97.78";"Otra Formación de personal docente y ciencias de la educación";"Ambos Sexos";"Exito"
"2018-2019";"97.26";"Otra Formación de personal docente y ciencias de la educación";"Ambos Sexos";"Exito"
"2017-2018";"97.76";"Otra Formación de personal docente y ciencias de la educación";"Ambos Sexos";"Exito"
"2016-2017";"97.94";"Otra Formación de personal docente y ciencias de la educación";"Ambos Sexos";"Exito"
"2015-2016";"98.4";"Otra Formación de personal docente y ciencias de la educación";"Ambos Sexos";"Exito"
"2022-2023";"90.19";"Total Artes y humanidades";"Ambos Sexos";"Exito"
"2021-2022";"88.58";"Total Artes y humanidades";"Ambos Sexos";"Exito"
"2020-2021";"91.72";"Total Artes y humanidades";"Ambos Sexos";"Exito"
"2019-2020";"93.83";"Total Artes y humanidades";"Ambos Sexos";"Exito"
"2018-2019";"90.5";"Total Artes y humanidades";"Ambos Sexos";"Exito"
"2017-2018";"90.2";"Total Artes y humanidades";"Ambos Sexos";"Exito"
"2016-2017";"90.27";"Total Artes y humanidades";"Ambos Sexos";"Exito"
"2015-2016";"89.83";"Total Artes y humanidades";"Ambos Sexos";"Exito"
"2022-2023";"97.06";"Técnicas audiovisuales y medios de comunicación";"Ambos Sexos";"Exito"
"2021-2022";"94.85";"Técnicas audiovisuales y medios de comunicación";"Ambos Sexos";"Exito"
"2020-2021";"96.18";"Técnicas audiovisuales y medios de comunicación";"Ambos Sexos";"Exito"
"2019-2020";"97.0";"Técnicas audiovisuales y medios de comunicación";"Ambos Sexos";"Exito"
"2018-2019";"94.52";"Técnicas audiovisuales y medios de comunicación";"Ambos Sexos";"Exito"
"2017-2018";"94.89";"Técnicas audiovisuales y medios de comunicación";"Ambos Sexos";"Exito"
"2016-2017";"94.74";"Técnicas audiovisuales y medios de comunicación";"Ambos Sexos";"Exito"
"2015-2016";"94.92";"Técnicas audiovisuales y medios de comunicación";"Ambos Sexos";"Exito"
"2022-2023";"92.95";"Artes";"Ambos Sexos";"Exito"
"2021-2022";"92.0";"Artes";"Ambos Sexos";"Exito"
"2020-2021";"94.0";"Artes";"Ambos Sexos";"Exito"
"2019-2020";"95.46";"Artes";"Ambos Sexos";"Exito"
"2018-2019";"93.61";"Artes";"Ambos Sexos";"Exito"
"2017-2018";"92.59";"Artes";"Ambos Sexos";"Exito"
"2016-2017";"92.92";"Artes";"Ambos Sexos";"Exito"
"2015-2016";"91.6";"Artes";"Ambos Sexos";"Exito"
"2022-2023";"88.67";"Lenguas";"Ambos Sexos";"Exito"
"2021-2022";"87.48";"Lenguas";"Ambos Sexos";"Exito"
"2020-2021";"91.29";"Lenguas";"Ambos Sexos";"Exito"
"2019-2020";"93.71";"Lenguas";"Ambos Sexos";"Exito"
"2018-2019";"89.28";"Lenguas";"Ambos Sexos";"Exito"
"2017-2018";"89.27";"Lenguas";"Ambos Sexos";"Exito"
"2016-2017";"89.78";"Lenguas";"Ambos Sexos";"Exito"
"2015-2016";"89.22";"Lenguas";"Ambos Sexos";"Exito"
"2022-2023";"85.7";"Humanidades";"Ambos Sexos";"Exito"
"2021-2022";"82.93";"Humanidades";"Ambos Sexos";"Exito"
"2020-2021";"87.34";"Humanidades";"Ambos Sexos";"Exito"
"2019-2020";"90.19";"Humanidades";"Ambos Sexos";"Exito"
"2018-2019";"87.47";"Humanidades";"Ambos Sexos";"Exito"
"2017-2018";"86.84";"Humanidades";"Ambos Sexos";"Exito"
"2016-2017";"86.01";"Humanidades";"Ambos Sexos";"Exito"
"2015-2016";"86.42";"Humanidades";"Ambos Sexos";"Exito"
"2022-2023";"90.34";"Total Ciencias sociales, periodismo y documentación";"Ambos Sexos";"Exito"
"2021-2022";"89.28";"Total Ciencias sociales, periodismo y documentación";"Ambos Sexos";"Exito"
"2020-2021";"91.57";"Total Ciencias sociales, periodismo y documentación";"Ambos Sexos";"Exito"
"2019-2020";"94.19";"Total Ciencias sociales, periodismo y documentación";"Ambos Sexos";"Exito"
"2018-2019";"90.43";"Total Ciencias sociales, periodismo y documentación";"Ambos Sexos";"Exito"
"2017-2018";"90.89";"Total Ciencias sociales, periodismo y documentación";"Ambos Sexos";"Exito"
"2016-2017";"90.26";"Total Ciencias sociales, periodismo y documentación";"Ambos Sexos";"Exito"
"2015-2016";"89.42";"Total Ciencias sociales, periodismo y documentación";"Ambos Sexos";"Exito"
"2022-2023";"91.65";"Psicología";"Ambos Sexos";"Exito"
"2021-2022";"90.67";"Psicología";"Ambos Sexos";"Exito"
"2020-2021";"90.36";"Psicología";"Ambos Sexos";"Exito"
"2019-2020";"95.31";"Psicología";"Ambos Sexos";"Exito"
"2018-2019";"91.44";"Psicología";"Ambos Sexos";"Exito"
"2017-2018";"92.15";"Psicología";"Ambos Sexos";"Exito"
"2016-2017";"92.84";"Psicología";"Ambos Sexos";"Exito"
"2015-2016";"91.57";"Psicología";"Ambos Sexos";"Exito"
"2022-2023";"79.88";"Economía";"Ambos Sexos";"Exito"
"2021-2022";"77.45";"Economía";"Ambos Sexos";"Exito"
"2020-2021";"87.19";"Economía";"Ambos Sexos";"Exito"
"2019-2020";"88.84";"Economía";"Ambos Sexos";"Exito"
"2018-2019";"80.82";"Economía";"Ambos Sexos";"Exito"
"2017-2018";"82.28";"Economía";"Ambos Sexos";"Exito"
"2016-2017";"78.45";"Economía";"Ambos Sexos";"Exito"
"2015-2016";"79.51";"Economía";"Ambos Sexos";"Exito"
"2022-2023";"92.88";"Otras Ciencias sociales y del comportamiento";"Ambos Sexos";"Exito"
"2021-2022";"93.88";"Otras Ciencias sociales y del comportamiento";"Ambos Sexos";"Exito"
"2020-2021";"94.4";"Otras Ciencias sociales y del comportamiento";"Ambos Sexos";"Exito"
"2019-2020";"95.68";"Otras Ciencias sociales y del comportamiento";"Ambos Sexos";"Exito"
"2018-2019";"93.27";"Otras Ciencias sociales y del comportamiento";"Ambos Sexos";"Exito"
"2017-2018";"93.89";"Otras Ciencias sociales y del comportamiento";"Ambos Sexos";"Exito"
"2016-2017";"93.4";"Otras Ciencias sociales y del comportamiento";"Ambos Sexos";"Exito"
"2015-2016";"90.92";"Otras Ciencias sociales y del comportamiento";"Ambos Sexos";"Exito"
"2022-2023";"92.73";"Periodismo e información";"Ambos Sexos";"Exito"
"2021-2022";"90.46";"Periodismo e información";"Ambos Sexos";"Exito"
"2020-2021";"94.63";"Periodismo e información";"Ambos Sexos";"Exito"
"2019-2020";"94.65";"Periodismo e información";"Ambos Sexos";"Exito"
"2018-2019";"93.44";"Periodismo e información";"Ambos Sexos";"Exito"
"2017-2018";"93.6";"Periodismo e información";"Ambos Sexos";"Exito"
"2016-2017";"93.78";"Periodismo e información";"Ambos Sexos";"Exito"
"2015-2016";"94.19";"Periodismo e información";"Ambos Sexos";"Exito"
"2022-2023";"84.04";"Total Negocios, administración y derecho";"Ambos Sexos";"Exito"
"2021-2022";"82.35";"Total Negocios, administración y derecho";"Ambos Sexos";"Exito"
"2020-2021";"87.0";"Total Negocios, administración y derecho";"Ambos Sexos";"Exito"
"2019-2020";"89.74";"Total Negocios, administración y derecho";"Ambos Sexos";"Exito"
"2018-2019";"83.49";"Total Negocios, administración y derecho";"Ambos Sexos";"Exito"
"2017-2018";"84.44";"Total Negocios, administración y derecho";"Ambos Sexos";"Exito"
"2016-2017";"84.91";"Total Negocios, administración y derecho";"Ambos Sexos";"Exito"
"2015-2016";"84.79";"Total Negocios, administración y derecho";"Ambos Sexos";"Exito"
"2022-2023";"84.96";"Administración y gestión de empresas";"Ambos Sexos";"Exito"
"2021-2022";"82.96";"Administración y gestión de empresas";"Ambos Sexos";"Exito"
"2020-2021";"89.31";"Administración y gestión de empresas";"Ambos Sexos";"Exito"
"2019-2020";"90.09";"Administración y gestión de empresas";"Ambos Sexos";"Exito"
"2018-2019";"83.51";"Administración y gestión de empresas";"Ambos Sexos";"Exito"
"2017-2018";"84.36";"Administración y gestión de empresas";"Ambos Sexos";"Exito"
"2016-2017";"85.06";"Administración y gestión de empresas";"Ambos Sexos";"Exito"
"2015-2016";"85.38";"Administración y gestión de empresas";"Ambos Sexos";"Exito"
"2022-2023";"84.49";"Otra Educación comercial y empresarial";"Ambos Sexos";"Exito"
"2021-2022";"83.55";"Otra Educación comercial y empresarial";"Ambos Sexos";"Exito"
"2020-2021";"87.92";"Otra Educación comercial y empresarial";"Ambos Sexos";"Exito"
"2019-2020";"89.26";"Otra Educación comercial y empresarial";"Ambos Sexos";"Exito"
"2018-2019";"82.37";"Otra Educación comercial y empresarial";"Ambos Sexos";"Exito"
"2017-2018";"83.64";"Otra Educación comercial y empresarial";"Ambos Sexos";"Exito"
"2016-2017";"84.85";"Otra Educación comercial y empresarial";"Ambos Sexos";"Exito"
"2015-2016";"84.02";"Otra Educación comercial y empresarial";"Ambos Sexos";"Exito"
"2022-2023";"82.06";"Derecho";"Ambos Sexos";"Exito"
"2021-2022";"80.02";"Derecho";"Ambos Sexos";"Exito"
"2020-2021";"82.56";"Derecho";"Ambos Sexos";"Exito"
"2019-2020";"89.82";"Derecho";"Ambos Sexos";"Exito"
"2018-2019";"84.93";"Derecho";"Ambos Sexos";"Exito"
"2017-2018";"85.63";"Derecho";"Ambos Sexos";"Exito"
"2016-2017";"84.77";"Derecho";"Ambos Sexos";"Exito"
"2015-2016";"85.01";"Derecho";"Ambos Sexos";"Exito"
"2022-2023";"79.15";"Total Ciencias";"Ambos Sexos";"Exito"
"2021-2022";"78.05";"Total Ciencias";"Ambos Sexos";"Exito"
"2020-2021";"78.79";"Total Ciencias";"Ambos Sexos";"Exito"
"2019-2020";"84.64";"Total Ciencias";"Ambos Sexos";"Exito"
"2018-2019";"78.65";"Total Ciencias";"Ambos Sexos";"Exito"
"2017-2018";"79.35";"Total Ciencias";"Ambos Sexos";"Exito"
"2016-2017";"79.97";"Total Ciencias";"Ambos Sexos";"Exito"
"2015-2016";"78.58";"Total Ciencias";"Ambos Sexos";"Exito"
"2022-2023";"80.29";"Ciencias de la vida";"Ambos Sexos";"Exito"
"2021-2022";"78.41";"Ciencias de la vida";"Ambos Sexos";"Exito"
"2020-2021";"79.75";"Ciencias de la vida";"Ambos Sexos";"Exito"
"2019-2020";"85.3";"Ciencias de la vida";"Ambos Sexos";"Exito"
"2018-2019";"78.92";"Ciencias de la vida";"Ambos Sexos";"Exito"
"2017-2018";"78.97";"Ciencias de la vida";"Ambos Sexos";"Exito"
"2016-2017";"80.76";"Ciencias de la vida";"Ambos Sexos";"Exito"
"2015-2016";"78.19";"Ciencias de la vida";"Ambos Sexos";"Exito"
"2022-2023";"73.56";"Ciencias Físicas, químicas, geológicas";"Ambos Sexos";"Exito"
"2021-2022";"72.71";"Ciencias Físicas, químicas, geológicas";"Ambos Sexos";"Exito"
"2020-2021";"75.6";"Ciencias Físicas, químicas, geológicas";"Ambos Sexos";"Exito"
"2019-2020";"83.82";"Ciencias Físicas, químicas, geológicas";"Ambos Sexos";"Exito"
"2018-2019";"78.53";"Ciencias Físicas, químicas, geológicas";"Ambos Sexos";"Exito"
"2017-2018";"80.53";"Ciencias Físicas, químicas, geológicas";"Ambos Sexos";"Exito"
"2016-2017";"78.37";"Ciencias Físicas, químicas, geológicas";"Ambos Sexos";"Exito"
"2015-2016";"80.57";"Ciencias Físicas, químicas, geológicas";"Ambos Sexos";"Exito"
"2022-2023";"80.11";"Matemáticas y Estadística";"Ambos Sexos";"Exito"
"2021-2022";"81.47";"Matemáticas y Estadística";"Ambos Sexos";"Exito"
"2020-2021";"78.65";"Matemáticas y Estadística";"Ambos Sexos";"Exito"
"2019-2020";"83.01";"Matemáticas y Estadística";"Ambos Sexos";"Exito"
"2018-2019";"77.56";"Matemáticas y Estadística";"Ambos Sexos";"Exito"
"2017-2018";"79.43";"Matemáticas y Estadística";"Ambos Sexos";"Exito"
"2016-2017";"78.42";"Matemáticas y Estadística";"Ambos Sexos";"Exito"
"2015-2016";"77.36";"Matemáticas y Estadística";"Ambos Sexos";"Exito"
"2022-2023";"84.15";"Total Informática";"Ambos Sexos";"Exito"
"2021-2022";"83.36";"Total Informática";"Ambos Sexos";"Exito"
"2020-2021";"79.86";"Total Informática";"Ambos Sexos";"Exito"
"2019-2020";"81.2";"Total Informática";"Ambos Sexos";"Exito"
"2018-2019";"79.48";"Total Informática";"Ambos Sexos";"Exito"
"2017-2018";"79.62";"Total Informática";"Ambos Sexos";"Exito"
"2016-2017";"77.94";"Total Informática";"Ambos Sexos";"Exito"
"2015-2016";"78.53";"Total Informática";"Ambos Sexos";"Exito"
"2022-2023";"84.15";"Informática";"Ambos Sexos";"Exito"
"2021-2022";"83.36";"Informática";"Ambos Sexos";"Exito"
"2020-2021";"79.86";"Informática";"Ambos Sexos";"Exito"
"2019-2020";"81.2";"Informática";"Ambos Sexos";"Exito"
"2018-2019";"79.48";"Informática";"Ambos Sexos";"Exito"
"2017-2018";"79.62";"Informática";"Ambos Sexos";"Exito"
"2016-2017";"77.94";"Informática";"Ambos Sexos";"Exito"
"2015-2016";"78.53";"Informática";"Ambos Sexos";"Exito"
"2022-2023";"73.57";"Total Ingeniería, industria y construcción";"Ambos Sexos";"Exito"
"2021-2022";"72.31";"Total Ingeniería, industria y construcción";"Ambos Sexos";"Exito"
"2020-2021";"74.26";"Total Ingeniería, industria y construcción";"Ambos Sexos";"Exito"
"2019-2020";"79.72";"Total Ingeniería, industria y construcción";"Ambos Sexos";"Exito"
"2018-2019";"75.16";"Total Ingeniería, industria y construcción";"Ambos Sexos";"Exito"
"2017-2018";"75.19";"Total Ingeniería, industria y construcción";"Ambos Sexos";"Exito"
"2016-2017";"76.32";"Total Ingeniería, industria y construcción";"Ambos Sexos";"Exito"
"2015-2016";"75.71";"Total Ingeniería, industria y construcción";"Ambos Sexos";"Exito"
"2022-2023";"72.12";"Ingenierías";"Ambos Sexos";"Exito"
"2021-2022";"70.66";"Ingenierías";"Ambos Sexos";"Exito"
"2020-2021";"72.67";"Ingenierías";"Ambos Sexos";"Exito"
"2019-2020";"78.74";"Ingenierías";"Ambos Sexos";"Exito"
"2018-2019";"74.02";"Ingenierías";"Ambos Sexos";"Exito"
"2017-2018";"73.77";"Ingenierías";"Ambos Sexos";"Exito"
"2016-2017";"75.08";"Ingenierías";"Ambos Sexos";"Exito"
"2015-2016";"74.34";"Ingenierías";"Ambos Sexos";"Exito"
"2022-2023";"86.57";"Arquitectura y construcción";"Ambos Sexos";"Exito"
"2021-2022";"87.81";"Arquitectura y construcción";"Ambos Sexos";"Exito"
"2020-2021";"89.61";"Arquitectura y construcción";"Ambos Sexos";"Exito"
"2019-2020";"89.69";"Arquitectura y construcción";"Ambos Sexos";"Exito"
"2018-2019";"86.62";"Arquitectura y construcción";"Ambos Sexos";"Exito"
"2017-2018";"90.07";"Arquitectura y construcción";"Ambos Sexos";"Exito"
"2016-2017";"89.4";"Arquitectura y construcción";"Ambos Sexos";"Exito"
"2015-2016";"90.99";"Arquitectura y construcción";"Ambos Sexos";"Exito"
"2022-2023";"..";"Total Agricultura, ganadería,  silvicultura, pesca, y veterinaria";"Ambos Sexos";"Exito"
"2021-2022";"..";"Total Agricultura, ganadería,  silvicultura, pesca, y veterinaria";"Ambos Sexos";"Exito"
"2020-2021";"..";"Total Agricultura, ganadería,  silvicultura, pesca, y veterinaria";"Ambos Sexos";"Exito"
"2019-2020";"..";"Total Agricultura, ganadería,  silvicultura, pesca, y veterinaria";"Ambos Sexos";"Exito"
"2018-2019";"..";"Total Agricultura, ganadería,  silvicultura, pesca, y veterinaria";"Ambos Sexos";"Exito"
"2017-2018";"..";"Total Agricultura, ganadería,  silvicultura, pesca, y veterinaria";"Ambos Sexos";"Exito"
"2016-2017";"..";"Total Agricultura, ganadería,  silvicultura, pesca, y veterinaria";"Ambos Sexos";"Exito"
"2015-2016";"..";"Total Agricultura, ganadería,  silvicultura, pesca, y veterinaria";"Ambos Sexos";"Exito"
"2022-2023";"..";"Agricultura, ganadería y pesca";"Ambos Sexos";"Exito"
"2021-2022";"..";"Agricultura, ganadería y pesca";"Ambos Sexos";"Exito"
"2020-2021";"..";"Agricultura, ganadería y pesca";"Ambos Sexos";"Exito"
"2019-2020";"..";"Agricultura, ganadería y pesca";"Ambos Sexos";"Exito"
"2018-2019";"..";"Agricultura, ganadería y pesca";"Ambos Sexos";"Exito"
"2017-2018";"..";"Agricultura, ganadería y pesca";"Ambos Sexos";"Exito"
"2016-2017";"..";"Agricultura, ganadería y pesca";"Ambos Sexos";"Exito"
"2015-2016";"..";"Agricultura, ganadería y pesca";"Ambos Sexos";"Exito"
"2022-2023";"..";"Veterinaria";"Ambos Sexos";"Exito"
"2021-2022";"..";"Veterinaria";"Ambos Sexos";"Exito"
"2020-2021";"..";"Veterinaria";"Ambos Sexos";"Exito"
"2019-2020";"..";"Veterinaria";"Ambos Sexos";"Exito"
"2018-2019";"..";"Veterinaria";"Ambos Sexos";"Exito"
"2017-2018";"..";"Veterinaria";"Ambos Sexos";"Exito"
"2016-2017";"..";"Veterinaria";"Ambos Sexos";"Exito"
"2015-2016";"..";"Veterinaria";"Ambos Sexos";"Exito"
"2022-2023";"94.42";"Total Salud y servicios sociales";"Ambos Sexos";"Exito"
"2021-2022";"93.84";"Total Salud y servicios sociales";"Ambos Sexos";"Exito"
"2020-2021";"95.27";"Total Salud y servicios sociales";"Ambos Sexos";"Exito"
"2019-2020";"96.55";"Total Salud y servicios sociales";"Ambos Sexos";"Exito"
"2018-2019";"94.4";"Total Salud y servicios sociales";"Ambos Sexos";"Exito"
"2017-2018";"93.61";"Total Salud y servicios sociales";"Ambos Sexos";"Exito"
"2016-2017";"94.49";"Total Salud y servicios sociales";"Ambos Sexos";"Exito"
"2015-2016";"94.31";"Total Salud y servicios sociales";"Ambos Sexos";"Exito"
"2022-2023";"92.89";"Medicina";"Ambos Sexos";"Exito"
"2021-2022";"92.31";"Medicina";"Ambos Sexos";"Exito"
"2020-2021";"93.68";"Medicina";"Ambos Sexos";"Exito"
"2019-2020";"95.32";"Medicina";"Ambos Sexos";"Exito"
"2018-2019";"92.77";"Medicina";"Ambos Sexos";"Exito"
"2017-2018";"92.64";"Medicina";"Ambos Sexos";"Exito"
"2016-2017";"94.27";"Medicina";"Ambos Sexos";"Exito"
"2015-2016";"94.25";"Medicina";"Ambos Sexos";"Exito"
"2022-2023";"96.12";"Enfermería y atención a enfermos";"Ambos Sexos";"Exito"
"2021-2022";"95.53";"Enfermería y atención a enfermos";"Ambos Sexos";"Exito"
"2020-2021";"97.19";"Enfermería y atención a enfermos";"Ambos Sexos";"Exito"
"2019-2020";"98.39";"Enfermería y atención a enfermos";"Ambos Sexos";"Exito"
"2018-2019";"96.73";"Enfermería y atención a enfermos";"Ambos Sexos";"Exito"
"2017-2018";"97.12";"Enfermería y atención a enfermos";"Ambos Sexos";"Exito"
"2016-2017";"97.18";"Enfermería y atención a enfermos";"Ambos Sexos";"Exito"
"2015-2016";"97.19";"Enfermería y atención a enfermos";"Ambos Sexos";"Exito"
"2022-2023";"93.7";"Otras ciencias de la Salud";"Ambos Sexos";"Exito"
"2021-2022";"93.21";"Otras ciencias de la Salud";"Ambos Sexos";"Exito"
"2020-2021";"94.73";"Otras ciencias de la Salud";"Ambos Sexos";"Exito"
"2019-2020";"96.35";"Otras ciencias de la Salud";"Ambos Sexos";"Exito"
"2018-2019";"94.72";"Otras ciencias de la Salud";"Ambos Sexos";"Exito"
"2017-2018";"92.1";"Otras ciencias de la Salud";"Ambos Sexos";"Exito"
"2016-2017";"92.87";"Otras ciencias de la Salud";"Ambos Sexos";"Exito"
"2015-2016";"92.73";"Otras ciencias de la Salud";"Ambos Sexos";"Exito"
"2022-2023";"96.02";"Trabajo social y orientación";"Ambos Sexos";"Exito"
"2021-2022";"95.27";"Trabajo social y orientación";"Ambos Sexos";"Exito"
"2020-2021";"96.36";"Trabajo social y orientación";"Ambos Sexos";"Exito"
"2019-2020";"96.5";"Trabajo social y orientación";"Ambos Sexos";"Exito"
"2018-2019";"93.22";"Trabajo social y orientación";"Ambos Sexos";"Exito"
"2017-2018";"93.49";"Trabajo social y orientación";"Ambos Sexos";"Exito"
"2016-2017";"94.3";"Trabajo social y orientación";"Ambos Sexos";"Exito"
"2015-2016";"93.01";"Trabajo social y orientación";"Ambos Sexos";"Exito"
"2022-2023";"86.79";"Total Servicios";"Ambos Sexos";"Exito"
"2021-2022";"85.09";"Total Servicios";"Ambos Sexos";"Exito"
"2020-2021";"90.86";"Total Servicios";"Ambos Sexos";"Exito"
"2019-2020";"93.11";"Total Servicios";"Ambos Sexos";"Exito"
"2018-2019";"88.16";"Total Servicios";"Ambos Sexos";"Exito"
"2017-2018";"90.19";"Total Servicios";"Ambos Sexos";"Exito"
"2016-2017";"89.93";"Total Servicios";"Ambos Sexos";"Exito"
"2015-2016";"90.94";"Total Servicios";"Ambos Sexos";"Exito"
"2022-2023";"98.97";"Deportes";"Ambos Sexos";"Exito"
"2021-2022";"..";"Deportes";"Ambos Sexos";"Exito"
"2020-2021";"..";"Deportes";"Ambos Sexos";"Exito"
"2019-2020";"..";"Deportes";"Ambos Sexos";"Exito"
"2018-2019";"..";"Deportes";"Ambos Sexos";"Exito"
"2017-2018";"..";"Deportes";"Ambos Sexos";"Exito"
"2016-2017";"..";"Deportes";"Ambos Sexos";"Exito"
"2015-2016";"..";"Deportes";"Ambos Sexos";"Exito"
"2022-2023";"85.77";"Turismo y Hostelería";"Ambos Sexos";"Exito"
"2021-2022";"85.09";"Turismo y Hostelería";"Ambos Sexos";"Exito"
"2020-2021";"90.86";"Turismo y Hostelería";"Ambos Sexos";"Exito"
"2019-2020";"93.11";"Turismo y Hostelería";"Ambos Sexos";"Exito"
"2018-2019";"88.16";"Turismo y Hostelería";"Ambos Sexos";"Exito"
"2017-2018";"90.19";"Turismo y Hostelería";"Ambos Sexos";"Exito"
"2016-2017";"89.93";"Turismo y Hostelería";"Ambos Sexos";"Exito"
"2015-2016";"90.94";"Turismo y Hostelería";"Ambos Sexos";"Exito"
"2022-2023";"..";"Otros Servicios";"Ambos Sexos";"Exito"
"2021-2022";"..";"Otros Servicios";"Ambos Sexos";"Exito"
"2020-2021";"..";"Otros Servicios";"Ambos Sexos";"Exito"
"2019-2020";"..";"Otros Servicios";"Ambos Sexos";"Exito"
"2018-2019";"..";"Otros Servicios";"Ambos Sexos";"Exito"
"2017-2018";"..";"Otros Servicios";"Ambos Sexos";"Exito"
"2016-2017";"..";"Otros Servicios";"Ambos Sexos";"Exito"
"2015-2016";"..";"Otros Servicios";"Ambos Sexos";"Exito"
"2022-2023";"???";"Málaga";"Ambos Sexos";"Evaluacion"
"2021-2022";"???";"Málaga";"Ambos Sexos";"Evaluacion"
"2020-2021";"???";"Málaga";"Ambos Sexos";"Evaluacion"
"2019-2020";"???";"Málaga";"Ambos Sexos";"Evaluacion"
"2018-2019";"???";"Málaga";"Ambos Sexos";"Evaluacion"
"2017-2018";"???";"Málaga";"Ambos Sexos";"Evaluacion"
"2016-2017";"???";"Málaga";"Ambos Sexos";"Evaluacion"
"2015-2016";"???";"Málaga";"Ambos Sexos";"Evaluacion"
"2022-2023";"86.98";"Todos los ámbitos";"Ambos Sexos";"Evaluacion"
"2021-2022";"85.53";"Todos los ámbitos";"Ambos Sexos";"Evaluacion"
"2020-2021";"88.63";"Todos los ámbitos";"Ambos Sexos";"Evaluacion"
"2019-2020";"89.9";"Todos los ámbitos";"Ambos Sexos";"Evaluacion"
"2018-2019";"85.75";"Todos los ámbitos";"Ambos Sexos";"Evaluacion"
"2017-2018";"85.93";"Todos los ámbitos";"Ambos Sexos";"Evaluacion"
"2016-2017";"87.09";"Todos los ámbitos";"Ambos Sexos";"Evaluacion"
"2015-2016";"86.58";"Todos los ámbitos";"Ambos Sexos";"Evaluacion"
"2022-2023";"97.66";"Total Educación";"Ambos Sexos";"Evaluacion"
"2021-2022";"97.63";"Total Educación";"Ambos Sexos";"Evaluacion"
"2020-2021";"97.98";"Total Educación";"Ambos Sexos";"Evaluacion"
"2019-2020";"98.08";"Total Educación";"Ambos Sexos";"Evaluacion"
"2018-2019";"96.79";"Total Educación";"Ambos Sexos";"Evaluacion"
"2017-2018";"96.98";"Total Educación";"Ambos Sexos";"Evaluacion"
"2016-2017";"97.05";"Total Educación";"Ambos Sexos";"Evaluacion"
"2015-2016";"97.49";"Total Educación";"Ambos Sexos";"Evaluacion"
"2022-2023";"99.15";"Formación de docentes de enseñanza infantil";"Ambos Sexos";"Evaluacion"
"2021-2022";"98.99";"Formación de docentes de enseñanza infantil";"Ambos Sexos";"Evaluacion"
"2020-2021";"98.19";"Formación de docentes de enseñanza infantil";"Ambos Sexos";"Evaluacion"
"2019-2020";"98.82";"Formación de docentes de enseñanza infantil";"Ambos Sexos";"Evaluacion"
"2018-2019";"98.09";"Formación de docentes de enseñanza infantil";"Ambos Sexos";"Evaluacion"
"2017-2018";"97.98";"Formación de docentes de enseñanza infantil";"Ambos Sexos";"Evaluacion"
"2016-2017";"98.15";"Formación de docentes de enseñanza infantil";"Ambos Sexos";"Evaluacion"
"2015-2016";"98.17";"Formación de docentes de enseñanza infantil";"Ambos Sexos";"Evaluacion"
"2022-2023";"97.56";"Formación de docentes de enseñanza primaria";"Ambos Sexos";"Evaluacion"
"2021-2022";"97.7";"Formación de docentes de enseñanza primaria";"Ambos Sexos";"Evaluacion"
"2020-2021";"98.36";"Formación de docentes de enseñanza primaria";"Ambos Sexos";"Evaluacion"
"2019-2020";"98.12";"Formación de docentes de enseñanza primaria";"Ambos Sexos";"Evaluacion"
"2018-2019";"96.85";"Formación de docentes de enseñanza primaria";"Ambos Sexos";"Evaluacion"
"2017-2018";"96.89";"Formación de docentes de enseñanza primaria";"Ambos Sexos";"Evaluacion"
"2016-2017";"96.5";"Formación de docentes de enseñanza primaria";"Ambos Sexos";"Evaluacion"
"2015-2016";"97.11";"Formación de docentes de enseñanza primaria";"Ambos Sexos";"Evaluacion"
"2022-2023";"96.12";"Otra Formación de personal docente y ciencias de la educación";"Ambos Sexos";"Evaluacion"
"2021-2022";"95.82";"Otra Formación de personal docente y ciencias de la educación";"Ambos Sexos";"Evaluacion"
"2020-2021";"96.71";"Otra Formación de personal docente y ciencias de la educación";"Ambos Sexos";"Evaluacion"
"2019-2020";"97.09";"Otra Formación de personal docente y ciencias de la educación";"Ambos Sexos";"Evaluacion"
"2018-2019";"95.04";"Otra Formación de personal docente y ciencias de la educación";"Ambos Sexos";"Evaluacion"
"2017-2018";"96.0";"Otra Formación de personal docente y ciencias de la educación";"Ambos Sexos";"Evaluacion"
"2016-2017";"97.1";"Otra Formación de personal docente y ciencias de la educación";"Ambos Sexos";"Evaluacion"
"2015-2016";"97.6";"Otra Formación de personal docente y ciencias de la educación";"Ambos Sexos";"Evaluacion"
"2022-2023";"87.92";"Total Artes y humanidades";"Ambos Sexos";"Evaluacion"
"2021-2022";"87.1";"Total Artes y humanidades";"Ambos Sexos";"Evaluacion"
"2020-2021";"90.73";"Total Artes y humanidades";"Ambos Sexos";"Evaluacion"
"2019-2020";"90.47";"Total Artes y humanidades";"Ambos Sexos";"Evaluacion"
"2018-2019";"86.44";"Total Artes y humanidades";"Ambos Sexos";"Evaluacion"
"2017-2018";"86.48";"Total Artes y humanidades";"Ambos Sexos";"Evaluacion"
"2016-2017";"87.5";"Total Artes y humanidades";"Ambos Sexos";"Evaluacion"
"2015-2016";"87.43";"Total Artes y humanidades";"Ambos Sexos";"Evaluacion"
"2022-2023";"93.61";"Técnicas audiovisuales y medios de comunicación";"Ambos Sexos";"Evaluacion"
"2021-2022";"94.65";"Técnicas audiovisuales y medios de comunicación";"Ambos Sexos";"Evaluacion"
"2020-2021";"95.72";"Técnicas audiovisuales y medios de comunicación";"Ambos Sexos";"Evaluacion"
"2019-2020";"95.13";"Técnicas audiovisuales y medios de comunicación";"Ambos Sexos";"Evaluacion"
"2018-2019";"93.87";"Técnicas audiovisuales y medios de comunicación";"Ambos Sexos";"Evaluacion"
"2017-2018";"92.21";"Técnicas audiovisuales y medios de comunicación";"Ambos Sexos";"Evaluacion"
"2016-2017";"95.19";"Técnicas audiovisuales y medios de comunicación";"Ambos Sexos";"Evaluacion"
"2015-2016";"94.71";"Técnicas audiovisuales y medios de comunicación";"Ambos Sexos";"Evaluacion"
"2022-2023";"86.26";"Artes";"Ambos Sexos";"Evaluacion"
"2021-2022";"86.5";"Artes";"Ambos Sexos";"Evaluacion"
"2020-2021";"88.46";"Artes";"Ambos Sexos";"Evaluacion"
"2019-2020";"88.73";"Artes";"Ambos Sexos";"Evaluacion"
"2018-2019";"84.15";"Artes";"Ambos Sexos";"Evaluacion"
"2017-2018";"85.89";"Artes";"Ambos Sexos";"Evaluacion"
"2016-2017";"85.65";"Artes";"Ambos Sexos";"Evaluacion"
"2015-2016";"87.27";"Artes";"Ambos Sexos";"Evaluacion"
"2022-2023";"88.1";"Lenguas";"Ambos Sexos";"Evaluacion"
"2021-2022";"87.37";"Lenguas";"Ambos Sexos";"Evaluacion"
"2020-2021";"92.59";"Lenguas";"Ambos Sexos";"Evaluacion"
"2019-2020";"92.09";"Lenguas";"Ambos Sexos";"Evaluacion"
"2018-2019";"87.5";"Lenguas";"Ambos Sexos";"Evaluacion"
"2017-2018";"87.51";"Lenguas";"Ambos Sexos";"Evaluacion"
"2016-2017";"88.66";"Lenguas";"Ambos Sexos";"Evaluacion"
"2015-2016";"87.98";"Lenguas";"Ambos Sexos";"Evaluacion"
"2022-2023";"84.94";"Humanidades";"Ambos Sexos";"Evaluacion"
"2021-2022";"81.84";"Humanidades";"Ambos Sexos";"Evaluacion"
"2020-2021";"85.24";"Humanidades";"Ambos Sexos";"Evaluacion"
"2019-2020";"85.13";"Humanidades";"Ambos Sexos";"Evaluacion"
"2018-2019";"81.06";"Humanidades";"Ambos Sexos";"Evaluacion"
"2017-2018";"80.49";"Humanidades";"Ambos Sexos";"Evaluacion"
"2016-2017";"81.4";"Humanidades";"Ambos Sexos";"Evaluacion"
"2015-2016";"81.99";"Humanidades";"Ambos Sexos";"Evaluacion"
"2022-2023";"90.72";"Total Ciencias sociales, periodismo y documentación";"Ambos Sexos";"Evaluacion"
"2021-2022";"90.38";"Total Ciencias sociales, periodismo y documentación";"Ambos Sexos";"Evaluacion"
"2020-2021";"93.15";"Total Ciencias sociales, periodismo y documentación";"Ambos Sexos";"Evaluacion"
"2019-2020";"92.57";"Total Ciencias sociales, periodismo y documentación";"Ambos Sexos";"Evaluacion"
"2018-2019";"90.12";"Total Ciencias sociales, periodismo y documentación";"Ambos Sexos";"Evaluacion"
"2017-2018";"90.0";"Total Ciencias sociales, periodismo y documentación";"Ambos Sexos";"Evaluacion"
"2016-2017";"90.28";"Total Ciencias sociales, periodismo y documentación";"Ambos Sexos";"Evaluacion"
"2015-2016";"89.81";"Total Ciencias sociales, periodismo y documentación";"Ambos Sexos";"Evaluacion"
"2022-2023";"93.48";"Psicología";"Ambos Sexos";"Evaluacion"
"2021-2022";"92.46";"Psicología";"Ambos Sexos";"Evaluacion"
"2020-2021";"94.41";"Psicología";"Ambos Sexos";"Evaluacion"
"2019-2020";"95.48";"Psicología";"Ambos Sexos";"Evaluacion"
"2018-2019";"93.56";"Psicología";"Ambos Sexos";"Evaluacion"
"2017-2018";"94.13";"Psicología";"Ambos Sexos";"Evaluacion"
"2016-2017";"94.13";"Psicología";"Ambos Sexos";"Evaluacion"
"2015-2016";"94.34";"Psicología";"Ambos Sexos";"Evaluacion"
"2022-2023";"81.63";"Economía";"Ambos Sexos";"Evaluacion"
"2021-2022";"82.81";"Economía";"Ambos Sexos";"Evaluacion"
"2020-2021";"89.06";"Economía";"Ambos Sexos";"Evaluacion"
"2019-2020";"89.11";"Economía";"Ambos Sexos";"Evaluacion"
"2018-2019";"82.62";"Economía";"Ambos Sexos";"Evaluacion"
"2017-2018";"81.46";"Economía";"Ambos Sexos";"Evaluacion"
"2016-2017";"80.33";"Economía";"Ambos Sexos";"Evaluacion"
"2015-2016";"80.2";"Economía";"Ambos Sexos";"Evaluacion"
"2022-2023";"92.12";"Otras Ciencias sociales y del comportamiento";"Ambos Sexos";"Evaluacion"
"2021-2022";"91.25";"Otras Ciencias sociales y del comportamiento";"Ambos Sexos";"Evaluacion"
"2020-2021";"93.88";"Otras Ciencias sociales y del comportamiento";"Ambos Sexos";"Evaluacion"
"2019-2020";"91.4";"Otras Ciencias sociales y del comportamiento";"Ambos Sexos";"Evaluacion"
"2018-2019";"90.41";"Otras Ciencias sociales y del comportamiento";"Ambos Sexos";"Evaluacion"
"2017-2018";"91.96";"Otras Ciencias sociales y del comportamiento";"Ambos Sexos";"Evaluacion"
"2016-2017";"92.84";"Otras Ciencias sociales y del comportamiento";"Ambos Sexos";"Evaluacion"
"2015-2016";"91.88";"Otras Ciencias sociales y del comportamiento";"Ambos Sexos";"Evaluacion"
"2022-2023";"91.17";"Periodismo e información";"Ambos Sexos";"Evaluacion"
"2021-2022";"91.84";"Periodismo e información";"Ambos Sexos";"Evaluacion"
"2020-2021";"93.36";"Periodismo e información";"Ambos Sexos";"Evaluacion"
"2019-2020";"90.95";"Periodismo e información";"Ambos Sexos";"Evaluacion"
"2018-2019";"89.92";"Periodismo e información";"Ambos Sexos";"Evaluacion"
"2017-2018";"88.54";"Periodismo e información";"Ambos Sexos";"Evaluacion"
"2016-2017";"91.34";"Periodismo e información";"Ambos Sexos";"Evaluacion"
"2015-2016";"90.17";"Periodismo e información";"Ambos Sexos";"Evaluacion"
"2022-2023";"86.12";"Total Negocios, administración y derecho";"Ambos Sexos";"Evaluacion"
"2021-2022";"84.08";"Total Negocios, administración y derecho";"Ambos Sexos";"Evaluacion"
"2020-2021";"89.94";"Total Negocios, administración y derecho";"Ambos Sexos";"Evaluacion"
"2019-2020";"90.08";"Total Negocios, administración y derecho";"Ambos Sexos";"Evaluacion"
"2018-2019";"84.31";"Total Negocios, administración y derecho";"Ambos Sexos";"Evaluacion"
"2017-2018";"84.78";"Total Negocios, administración y derecho";"Ambos Sexos";"Evaluacion"
"2016-2017";"86.26";"Total Negocios, administración y derecho";"Ambos Sexos";"Evaluacion"
"2015-2016";"85.51";"Total Negocios, administración y derecho";"Ambos Sexos";"Evaluacion"
"2022-2023";"88.31";"Administración y gestión de empresas";"Ambos Sexos";"Evaluacion"
"2021-2022";"86.24";"Administración y gestión de empresas";"Ambos Sexos";"Evaluacion"
"2020-2021";"90.62";"Administración y gestión de empresas";"Ambos Sexos";"Evaluacion"
"2019-2020";"90.81";"Administración y gestión de empresas";"Ambos Sexos";"Evaluacion"
"2018-2019";"86.65";"Administración y gestión de empresas";"Ambos Sexos";"Evaluacion"
"2017-2018";"86.74";"Administración y gestión de empresas";"Ambos Sexos";"Evaluacion"
"2016-2017";"87.34";"Administración y gestión de empresas";"Ambos Sexos";"Evaluacion"
"2015-2016";"85.57";"Administración y gestión de empresas";"Ambos Sexos";"Evaluacion"
"2022-2023";"86.6";"Otra Educación comercial y empresarial";"Ambos Sexos";"Evaluacion"
"2021-2022";"83.85";"Otra Educación comercial y empresarial";"Ambos Sexos";"Evaluacion"
"2020-2021";"88.99";"Otra Educación comercial y empresarial";"Ambos Sexos";"Evaluacion"
"2019-2020";"89.82";"Otra Educación comercial y empresarial";"Ambos Sexos";"Evaluacion"
"2018-2019";"83.92";"Otra Educación comercial y empresarial";"Ambos Sexos";"Evaluacion"
"2017-2018";"84.88";"Otra Educación comercial y empresarial";"Ambos Sexos";"Evaluacion"
"2016-2017";"86.97";"Otra Educación comercial y empresarial";"Ambos Sexos";"Evaluacion"
"2015-2016";"87.02";"Otra Educación comercial y empresarial";"Ambos Sexos";"Evaluacion"
"2022-2023";"82.41";"Derecho";"Ambos Sexos";"Evaluacion"
"2021-2022";"81.33";"Derecho";"Ambos Sexos";"Evaluacion"
"2020-2021";"90.1";"Derecho";"Ambos Sexos";"Evaluacion"
"2019-2020";"89.35";"Derecho";"Ambos Sexos";"Evaluacion"
"2018-2019";"81.47";"Derecho";"Ambos Sexos";"Evaluacion"
"2017-2018";"81.93";"Derecho";"Ambos Sexos";"Evaluacion"
"2016-2017";"83.83";"Derecho";"Ambos Sexos";"Evaluacion"
"2015-2016";"83.43";"Derecho";"Ambos Sexos";"Evaluacion"
"2022-2023";"83.04";"Total Ciencias";"Ambos Sexos";"Evaluacion"
"2021-2022";"80.5";"Total Ciencias";"Ambos Sexos";"Evaluacion"
"2020-2021";"84.25";"Total Ciencias";"Ambos Sexos";"Evaluacion"
"2019-2020";"89.28";"Total Ciencias";"Ambos Sexos";"Evaluacion"
"2018-2019";"81.71";"Total Ciencias";"Ambos Sexos";"Evaluacion"
"2017-2018";"83.07";"Total Ciencias";"Ambos Sexos";"Evaluacion"
"2016-2017";"83.34";"Total Ciencias";"Ambos Sexos";"Evaluacion"
"2015-2016";"83.51";"Total Ciencias";"Ambos Sexos";"Evaluacion"
"2022-2023";"85.4";"Ciencias de la vida";"Ambos Sexos";"Evaluacion"
"2021-2022";"82.05";"Ciencias de la vida";"Ambos Sexos";"Evaluacion"
"2020-2021";"85.63";"Ciencias de la vida";"Ambos Sexos";"Evaluacion"
"2019-2020";"91.13";"Ciencias de la vida";"Ambos Sexos";"Evaluacion"
"2018-2019";"82.8";"Ciencias de la vida";"Ambos Sexos";"Evaluacion"
"2017-2018";"84.72";"Ciencias de la vida";"Ambos Sexos";"Evaluacion"
"2016-2017";"84.58";"Ciencias de la vida";"Ambos Sexos";"Evaluacion"
"2015-2016";"84.35";"Ciencias de la vida";"Ambos Sexos";"Evaluacion"
"2022-2023";"77.11";"Ciencias Físicas, químicas, geológicas";"Ambos Sexos";"Evaluacion"
"2021-2022";"74.91";"Ciencias Físicas, químicas, geológicas";"Ambos Sexos";"Evaluacion"
"2020-2021";"81.9";"Ciencias Físicas, químicas, geológicas";"Ambos Sexos";"Evaluacion"
"2019-2020";"86.97";"Ciencias Físicas, químicas, geológicas";"Ambos Sexos";"Evaluacion"
"2018-2019";"79.52";"Ciencias Físicas, químicas, geológicas";"Ambos Sexos";"Evaluacion"
"2017-2018";"80.58";"Ciencias Físicas, químicas, geológicas";"Ambos Sexos";"Evaluacion"
"2016-2017";"82.56";"Ciencias Físicas, químicas, geológicas";"Ambos Sexos";"Evaluacion"
"2015-2016";"83.48";"Ciencias Físicas, químicas, geológicas";"Ambos Sexos";"Evaluacion"
"2022-2023";"81.45";"Matemáticas y Estadística";"Ambos Sexos";"Evaluacion"
"2021-2022";"80.91";"Matemáticas y Estadística";"Ambos Sexos";"Evaluacion"
"2020-2021";"81.89";"Matemáticas y Estadística";"Ambos Sexos";"Evaluacion"
"2019-2020";"85.13";"Matemáticas y Estadística";"Ambos Sexos";"Evaluacion"
"2018-2019";"79.99";"Matemáticas y Estadística";"Ambos Sexos";"Evaluacion"
"2017-2018";"79.18";"Matemáticas y Estadística";"Ambos Sexos";"Evaluacion"
"2016-2017";"78.29";"Matemáticas y Estadística";"Ambos Sexos";"Evaluacion"
"2015-2016";"78.85";"Matemáticas y Estadística";"Ambos Sexos";"Evaluacion"
"2022-2023";"82.84";"Total Informática";"Ambos Sexos";"Evaluacion"
"2021-2022";"80.47";"Total Informática";"Ambos Sexos";"Evaluacion"
"2020-2021";"79.62";"Total Informática";"Ambos Sexos";"Evaluacion"
"2019-2020";"81.09";"Total Informática";"Ambos Sexos";"Evaluacion"
"2018-2019";"79.35";"Total Informática";"Ambos Sexos";"Evaluacion"
"2017-2018";"76.99";"Total Informática";"Ambos Sexos";"Evaluacion"
"2016-2017";"75.97";"Total Informática";"Ambos Sexos";"Evaluacion"
"2015-2016";"73.41";"Total Informática";"Ambos Sexos";"Evaluacion"
"2022-2023";"82.84";"Informática";"Ambos Sexos";"Evaluacion"
"2021-2022";"80.47";"Informática";"Ambos Sexos";"Evaluacion"
"2020-2021";"79.62";"Informática";"Ambos Sexos";"Evaluacion"
"2019-2020";"81.09";"Informática";"Ambos Sexos";"Evaluacion"
"2018-2019";"79.35";"Informática";"Ambos Sexos";"Evaluacion"
"2017-2018";"76.99";"Informática";"Ambos Sexos";"Evaluacion"
"2016-2017";"75.97";"Informática";"Ambos Sexos";"Evaluacion"
"2015-2016";"73.41";"Informática";"Ambos Sexos";"Evaluacion"
"2022-2023";"74.14";"Total Ingeniería, industria y construcción";"Ambos Sexos";"Evaluacion"
"2021-2022";"71.26";"Total Ingeniería, industria y construcción";"Ambos Sexos";"Evaluacion"
"2020-2021";"74.63";"Total Ingeniería, industria y construcción";"Ambos Sexos";"Evaluacion"
"2019-2020";"78.76";"Total Ingeniería, industria y construcción";"Ambos Sexos";"Evaluacion"
"2018-2019";"73.85";"Total Ingeniería, industria y construcción";"Ambos Sexos";"Evaluacion"
"2017-2018";"73.85";"Total Ingeniería, industria y construcción";"Ambos Sexos";"Evaluacion"
"2016-2017";"76.35";"Total Ingeniería, industria y construcción";"Ambos Sexos";"Evaluacion"
"2015-2016";"74.43";"Total Ingeniería, industria y construcción";"Ambos Sexos";"Evaluacion"
"2022-2023";"73.09";"Ingenierías";"Ambos Sexos";"Evaluacion"
"2021-2022";"70.34";"Ingenierías";"Ambos Sexos";"Evaluacion"
"2020-2021";"73.74";"Ingenierías";"Ambos Sexos";"Evaluacion"
"2019-2020";"78.18";"Ingenierías";"Ambos Sexos";"Evaluacion"
"2018-2019";"73.26";"Ingenierías";"Ambos Sexos";"Evaluacion"
"2017-2018";"73.24";"Ingenierías";"Ambos Sexos";"Evaluacion"
"2016-2017";"75.49";"Ingenierías";"Ambos Sexos";"Evaluacion"
"2015-2016";"73.83";"Ingenierías";"Ambos Sexos";"Evaluacion"
"2022-2023";"84.97";"Arquitectura y construcción";"Ambos Sexos";"Evaluacion"
"2021-2022";"81.3";"Arquitectura y construcción";"Ambos Sexos";"Evaluacion"
"2020-2021";"84.55";"Arquitectura y construcción";"Ambos Sexos";"Evaluacion"
"2019-2020";"85.12";"Arquitectura y construcción";"Ambos Sexos";"Evaluacion"
"2018-2019";"80.32";"Arquitectura y construcción";"Ambos Sexos";"Evaluacion"
"2017-2018";"80.89";"Arquitectura y construcción";"Ambos Sexos";"Evaluacion"
"2016-2017";"86.78";"Arquitectura y construcción";"Ambos Sexos";"Evaluacion"
"2015-2016";"81.87";"Arquitectura y construcción";"Ambos Sexos";"Evaluacion"
"2022-2023";"..";"Total Agricultura, ganadería,  silvicultura, pesca, y veterinaria";"Ambos Sexos";"Evaluacion"
"2021-2022";"..";"Total Agricultura, ganadería,  silvicultura, pesca, y veterinaria";"Ambos Sexos";"Evaluacion"
"2020-2021";"..";"Total Agricultura, ganadería,  silvicultura, pesca, y veterinaria";"Ambos Sexos";"Evaluacion"
"2019-2020";"..";"Total Agricultura, ganadería,  silvicultura, pesca, y veterinaria";"Ambos Sexos";"Evaluacion"
"2018-2019";"..";"Total Agricultura, ganadería,  silvicultura, pesca, y veterinaria";"Ambos Sexos";"Evaluacion"
"2017-2018";"..";"Total Agricultura, ganadería,  silvicultura, pesca, y veterinaria";"Ambos Sexos";"Evaluacion"
"2016-2017";"..";"Total Agricultura, ganadería,  silvicultura, pesca, y veterinaria";"Ambos Sexos";"Evaluacion"
"2015-2016";"..";"Total Agricultura, ganadería,  silvicultura, pesca, y veterinaria";"Ambos Sexos";"Evaluacion"
"2022-2023";"..";"Agricultura, ganadería y pesca";"Ambos Sexos";"Evaluacion"
"2021-2022";"..";"Agricultura, ganadería y pesca";"Ambos Sexos";"Evaluacion"
"2020-2021";"..";"Agricultura, ganadería y pesca";"Ambos Sexos";"Evaluacion"
"2019-2020";"..";"Agricultura, ganadería y pesca";"Ambos Sexos";"Evaluacion"
"2018-2019";"..";"Agricultura, ganadería y pesca";"Ambos Sexos";"Evaluacion"
"2017-2018";"..";"Agricultura, ganadería y pesca";"Ambos Sexos";"Evaluacion"
"2016-2017";"..";"Agricultura, ganadería y pesca";"Ambos Sexos";"Evaluacion"
"2015-2016";"..";"Agricultura, ganadería y pesca";"Ambos Sexos";"Evaluacion"
"2022-2023";"..";"Veterinaria";"Ambos Sexos";"Evaluacion"
"2021-2022";"..";"Veterinaria";"Ambos Sexos";"Evaluacion"
"2020-2021";"..";"Veterinaria";"Ambos Sexos";"Evaluacion"
"2019-2020";"..";"Veterinaria";"Ambos Sexos";"Evaluacion"
"2018-2019";"..";"Veterinaria";"Ambos Sexos";"Evaluacion"
"2017-2018";"..";"Veterinaria";"Ambos Sexos";"Evaluacion"
"2016-2017";"..";"Veterinaria";"Ambos Sexos";"Evaluacion"
"2015-2016";"..";"Veterinaria";"Ambos Sexos";"Evaluacion"
"2022-2023";"95.04";"Total Salud y servicios sociales";"Ambos Sexos";"Evaluacion"
"2021-2022";"94.56";"Total Salud y servicios sociales";"Ambos Sexos";"Evaluacion"
"2020-2021";"95.53";"Total Salud y servicios sociales";"Ambos Sexos";"Evaluacion"
"2019-2020";"96.32";"Total Salud y servicios sociales";"Ambos Sexos";"Evaluacion"
"2018-2019";"94.07";"Total Salud y servicios sociales";"Ambos Sexos";"Evaluacion"
"2017-2018";"93.34";"Total Salud y servicios sociales";"Ambos Sexos";"Evaluacion"
"2016-2017";"94.4";"Total Salud y servicios sociales";"Ambos Sexos";"Evaluacion"
"2015-2016";"93.93";"Total Salud y servicios sociales";"Ambos Sexos";"Evaluacion"
"2022-2023";"91.98";"Medicina";"Ambos Sexos";"Evaluacion"
"2021-2022";"91.0";"Medicina";"Ambos Sexos";"Evaluacion"
"2020-2021";"93.53";"Medicina";"Ambos Sexos";"Evaluacion"
"2019-2020";"95.36";"Medicina";"Ambos Sexos";"Evaluacion"
"2018-2019";"90.32";"Medicina";"Ambos Sexos";"Evaluacion"
"2017-2018";"90.16";"Medicina";"Ambos Sexos";"Evaluacion"
"2016-2017";"92.15";"Medicina";"Ambos Sexos";"Evaluacion"
"2015-2016";"91.63";"Medicina";"Ambos Sexos";"Evaluacion"
"2022-2023";"97.27";"Enfermería y atención a enfermos";"Ambos Sexos";"Evaluacion"
"2021-2022";"97.46";"Enfermería y atención a enfermos";"Ambos Sexos";"Evaluacion"
"2020-2021";"97.98";"Enfermería y atención a enfermos";"Ambos Sexos";"Evaluacion"
"2019-2020";"98.42";"Enfermería y atención a enfermos";"Ambos Sexos";"Evaluacion"
"2018-2019";"97.66";"Enfermería y atención a enfermos";"Ambos Sexos";"Evaluacion"
"2017-2018";"97.7";"Enfermería y atención a enfermos";"Ambos Sexos";"Evaluacion"
"2016-2017";"97.58";"Enfermería y atención a enfermos";"Ambos Sexos";"Evaluacion"
"2015-2016";"97.46";"Enfermería y atención a enfermos";"Ambos Sexos";"Evaluacion"
"2022-2023";"96.15";"Otras ciencias de la Salud";"Ambos Sexos";"Evaluacion"
"2021-2022";"96.35";"Otras ciencias de la Salud";"Ambos Sexos";"Evaluacion"
"2020-2021";"96.19";"Otras ciencias de la Salud";"Ambos Sexos";"Evaluacion"
"2019-2020";"96.71";"Otras ciencias de la Salud";"Ambos Sexos";"Evaluacion"
"2018-2019";"95.9";"Otras ciencias de la Salud";"Ambos Sexos";"Evaluacion"
"2017-2018";"93.85";"Otras ciencias de la Salud";"Ambos Sexos";"Evaluacion"
"2016-2017";"94.44";"Otras ciencias de la Salud";"Ambos Sexos";"Evaluacion"
"2015-2016";"93.7";"Otras ciencias de la Salud";"Ambos Sexos";"Evaluacion"
"2022-2023";"95.59";"Trabajo social y orientación";"Ambos Sexos";"Evaluacion"
"2021-2022";"93.6";"Trabajo social y orientación";"Ambos Sexos";"Evaluacion"
"2020-2021";"94.42";"Trabajo social y orientación";"Ambos Sexos";"Evaluacion"
"2019-2020";"94.16";"Trabajo social y orientación";"Ambos Sexos";"Evaluacion"
"2018-2019";"92.87";"Trabajo social y orientación";"Ambos Sexos";"Evaluacion"
"2017-2018";"92.05";"Trabajo social y orientación";"Ambos Sexos";"Evaluacion"
"2016-2017";"93.94";"Trabajo social y orientación";"Ambos Sexos";"Evaluacion"
"2015-2016";"93.34";"Trabajo social y orientación";"Ambos Sexos";"Evaluacion"
"2022-2023";"88.53";"Total Servicios";"Ambos Sexos";"Evaluacion"
"2021-2022";"88.59";"Total Servicios";"Ambos Sexos";"Evaluacion"
"2020-2021";"91.39";"Total Servicios";"Ambos Sexos";"Evaluacion"
"2019-2020";"94.8";"Total Servicios";"Ambos Sexos";"Evaluacion"
"2018-2019";"87.81";"Total Servicios";"Ambos Sexos";"Evaluacion"
"2017-2018";"89.04";"Total Servicios";"Ambos Sexos";"Evaluacion"
"2016-2017";"90.67";"Total Servicios";"Ambos Sexos";"Evaluacion"
"2015-2016";"90.23";"Total Servicios";"Ambos Sexos";"Evaluacion"
"2022-2023";"98.47";"Deportes";"Ambos Sexos";"Evaluacion"
"2021-2022";"..";"Deportes";"Ambos Sexos";"Evaluacion"
"2020-2021";"..";"Deportes";"Ambos Sexos";"Evaluacion"
"2019-2020";"..";"Deportes";"Ambos Sexos";"Evaluacion"
"2018-2019";"..";"Deportes";"Ambos Sexos";"Evaluacion"
"2017-2018";"..";"Deportes";"Ambos Sexos";"Evaluacion"
"2016-2017";"..";"Deportes";"Ambos Sexos";"Evaluacion"
"2015-2016";"..";"Deportes";"Ambos Sexos";"Evaluacion"
"2022-2023";"87.79";"Turismo y Hostelería";"Ambos Sexos";"Evaluacion"
"2021-2022";"88.59";"Turismo y Hostelería";"Ambos Sexos";"Evaluacion"
"2020-2021";"91.39";"Turismo y Hostelería";"Ambos Sexos";"Evaluacion"
"2019-2020";"94.8";"Turismo y Hostelería";"Ambos Sexos";"Evaluacion"
"2018-2019";"87.81";"Turismo y Hostelería";"Ambos Sexos";"Evaluacion"
"2017-2018";"89.04";"Turismo y Hostelería";"Ambos Sexos";"Evaluacion"
"2016-2017";"90.67";"Turismo y Hostelería";"Ambos Sexos";"Evaluacion"
"2015-2016";"90.23";"Turismo y Hostelería";"Ambos Sexos";"Evaluacion"
"2022-2023";"..";"Otros Servicios";"Ambos Sexos";"Evaluacion"
"2021-2022";"..";"Otros Servicios";"Ambos Sexos";"Evaluacion"
"2020-2021";"..";"Otros Servicios";"Ambos Sexos";"Evaluacion"
"2019-2020";"..";"Otros Servicios";"Ambos Sexos";"Evaluacion"
"2018-2019";"..";"Otros Servicios";"Ambos Sexos";"Evaluacion"
"2017-2018";"..";"Otros Servicios";"Ambos Sexos";"Evaluacion"
"2016-2017";"..";"Otros Servicios";"Ambos Sexos";"Evaluacion"
"2015-2016";"..";"Otros Servicios";"Ambos Sexos";"Evaluacion"
"2022-2023";"???";"Málaga";"Hombres";"Rendimiento"
"2021-2022";"???";"Málaga";"Hombres";"Rendimiento"
"2020-2021";"???";"Málaga";"Hombres";"Rendimiento"
"2019-2020";"???";"Málaga";"Hombres";"Rendimiento"
"2018-2019";"???";"Málaga";"Hombres";"Rendimiento"
"2017-2018";"???";"Málaga";"Hombres";"Rendimiento"
"2016-2017";"???";"Málaga";"Hombres";"Rendimiento"
"2015-2016";"???";"Málaga";"Hombres";"Rendimiento"
"2022-2023";"68.43";"Todos los ámbitos";"Hombres";"Rendimiento"
"2021-2022";"65.6";"Todos los ámbitos";"Hombres";"Rendimiento"
"2020-2021";"70.4";"Todos los ámbitos";"Hombres";"Rendimiento"
"2019-2020";"74.36";"Todos los ámbitos";"Hombres";"Rendimiento"
"2018-2019";"66.93";"Todos los ámbitos";"Hombres";"Rendimiento"
"2017-2018";"67.27";"Todos los ámbitos";"Hombres";"Rendimiento"
"2016-2017";"68.9";"Todos los ámbitos";"Hombres";"Rendimiento"
"2015-2016";"68.07";"Todos los ámbitos";"Hombres";"Rendimiento"
"2022-2023";"93.65";"Total Educación";"Hombres";"Rendimiento"
"2021-2022";"93.33";"Total Educación";"Hombres";"Rendimiento"
"2020-2021";"93.73";"Total Educación";"Hombres";"Rendimiento"
"2019-2020";"94.48";"Total Educación";"Hombres";"Rendimiento"
"2018-2019";"90.87";"Total Educación";"Hombres";"Rendimiento"
"2017-2018";"92.11";"Total Educación";"Hombres";"Rendimiento"
"2016-2017";"90.89";"Total Educación";"Hombres";"Rendimiento"
"2015-2016";"91.65";"Total Educación";"Hombres";"Rendimiento"
"2022-2023";"94.74";"Formación de docentes de enseñanza infantil";"Hombres";"Rendimiento"
"2021-2022";"97.01";"Formación de docentes de enseñanza infantil";"Hombres";"Rendimiento"
"2020-2021";"91.58";"Formación de docentes de enseñanza infantil";"Hombres";"Rendimiento"
"2019-2020";"93.46";"Formación de docentes de enseñanza infantil";"Hombres";"Rendimiento"
"2018-2019";"90.75";"Formación de docentes de enseñanza infantil";"Hombres";"Rendimiento"
"2017-2018";"86.23";"Formación de docentes de enseñanza infantil";"Hombres";"Rendimiento"
"2016-2017";"90.08";"Formación de docentes de enseñanza infantil";"Hombres";"Rendimiento"
"2015-2016";"85.16";"Formación de docentes de enseñanza infantil";"Hombres";"Rendimiento"
"2022-2023";"94.09";"Formación de docentes de enseñanza primaria";"Hombres";"Rendimiento"
"2021-2022";"93.79";"Formación de docentes de enseñanza primaria";"Hombres";"Rendimiento"
"2020-2021";"94.54";"Formación de docentes de enseñanza primaria";"Hombres";"Rendimiento"
"2019-2020";"95.21";"Formación de docentes de enseñanza primaria";"Hombres";"Rendimiento"
"2018-2019";"91.76";"Formación de docentes de enseñanza primaria";"Hombres";"Rendimiento"
"2017-2018";"92.47";"Formación de docentes de enseñanza primaria";"Hombres";"Rendimiento"
"2016-2017";"90.82";"Formación de docentes de enseñanza primaria";"Hombres";"Rendimiento"
"2015-2016";"91.59";"Formación de docentes de enseñanza primaria";"Hombres";"Rendimiento"
"2022-2023";"90.75";"Otra Formación de personal docente y ciencias de la educación";"Hombres";"Rendimiento"
"2021-2022";"89.76";"Otra Formación de personal docente y ciencias de la educación";"Hombres";"Rendimiento"
"2020-2021";"90.33";"Otra Formación de personal docente y ciencias de la educación";"Hombres";"Rendimiento"
"2019-2020";"90.85";"Otra Formación de personal docente y ciencias de la educación";"Hombres";"Rendimiento"
"2018-2019";"86.27";"Otra Formación de personal docente y ciencias de la educación";"Hombres";"Rendimiento"
"2017-2018";"91.67";"Otra Formación de personal docente y ciencias de la educación";"Hombres";"Rendimiento"
"2016-2017";"91.47";"Otra Formación de personal docente y ciencias de la educación";"Hombres";"Rendimiento"
"2015-2016";"93.47";"Otra Formación de personal docente y ciencias de la educación";"Hombres";"Rendimiento"
"2022-2023";"76.19";"Total Artes y humanidades";"Hombres";"Rendimiento"
"2021-2022";"73.53";"Total Artes y humanidades";"Hombres";"Rendimiento"
"2020-2021";"79.75";"Total Artes y humanidades";"Hombres";"Rendimiento"
"2019-2020";"80.59";"Total Artes y humanidades";"Hombres";"Rendimiento"
"2018-2019";"74.94";"Total Artes y humanidades";"Hombres";"Rendimiento"
"2017-2018";"74.53";"Total Artes y humanidades";"Hombres";"Rendimiento"
"2016-2017";"75.69";"Total Artes y humanidades";"Hombres";"Rendimiento"
"2015-2016";"75.21";"Total Artes y humanidades";"Hombres";"Rendimiento"
"2022-2023";"87.63";"Técnicas audiovisuales y medios de comunicación";"Hombres";"Rendimiento"
"2021-2022";"87.58";"Técnicas audiovisuales y medios de comunicación";"Hombres";"Rendimiento"
"2020-2021";"89.63";"Técnicas audiovisuales y medios de comunicación";"Hombres";"Rendimiento"
"2019-2020";"91.51";"Técnicas audiovisuales y medios de comunicación";"Hombres";"Rendimiento"
"2018-2019";"87.89";"Técnicas audiovisuales y medios de comunicación";"Hombres";"Rendimiento"
"2017-2018";"87.1";"Técnicas audiovisuales y medios de comunicación";"Hombres";"Rendimiento"
"2016-2017";"88.93";"Técnicas audiovisuales y medios de comunicación";"Hombres";"Rendimiento"
"2015-2016";"88.34";"Técnicas audiovisuales y medios de comunicación";"Hombres";"Rendimiento"
"2022-2023";"81.37";"Artes";"Hombres";"Rendimiento"
"2021-2022";"77.58";"Artes";"Hombres";"Rendimiento"
"2020-2021";"77.24";"Artes";"Hombres";"Rendimiento"
"2019-2020";"80.41";"Artes";"Hombres";"Rendimiento"
"2018-2019";"73.81";"Artes";"Hombres";"Rendimiento"
"2017-2018";"76.63";"Artes";"Hombres";"Rendimiento"
"2016-2017";"78.84";"Artes";"Hombres";"Rendimiento"
"2015-2016";"76.91";"Artes";"Hombres";"Rendimiento"
"2022-2023";"72.57";"Lenguas";"Hombres";"Rendimiento"
"2021-2022";"72.82";"Lenguas";"Hombres";"Rendimiento"
"2020-2021";"83.99";"Lenguas";"Hombres";"Rendimiento"
"2019-2020";"80.16";"Lenguas";"Hombres";"Rendimiento"
"2018-2019";"72.35";"Lenguas";"Hombres";"Rendimiento"
"2017-2018";"71.77";"Lenguas";"Hombres";"Rendimiento"
"2016-2017";"75.09";"Lenguas";"Hombres";"Rendimiento"
"2015-2016";"74.49";"Lenguas";"Hombres";"Rendimiento"
"2022-2023";"72.1";"Humanidades";"Hombres";"Rendimiento"
"2021-2022";"66.21";"Humanidades";"Hombres";"Rendimiento"
"2020-2021";"72.46";"Humanidades";"Hombres";"Rendimiento"
"2019-2020";"75.33";"Humanidades";"Hombres";"Rendimiento"
"2018-2019";"71.2";"Humanidades";"Hombres";"Rendimiento"
"2017-2018";"69.67";"Humanidades";"Hombres";"Rendimiento"
"2016-2017";"68.82";"Humanidades";"Hombres";"Rendimiento"
"2015-2016";"69.46";"Humanidades";"Hombres";"Rendimiento"
"2022-2023";"76.83";"Total Ciencias sociales, periodismo y documentación";"Hombres";"Rendimiento"
"2021-2022";"74.84";"Total Ciencias sociales, periodismo y documentación";"Hombres";"Rendimiento"
"2020-2021";"80.62";"Total Ciencias sociales, periodismo y documentación";"Hombres";"Rendimiento"
"2019-2020";"82.01";"Total Ciencias sociales, periodismo y documentación";"Hombres";"Rendimiento"
"2018-2019";"74.95";"Total Ciencias sociales, periodismo y documentación";"Hombres";"Rendimiento"
"2017-2018";"74.12";"Total Ciencias sociales, periodismo y documentación";"Hombres";"Rendimiento"
"2016-2017";"75.74";"Total Ciencias sociales, periodismo y documentación";"Hombres";"Rendimiento"
"2015-2016";"74.53";"Total Ciencias sociales, periodismo y documentación";"Hombres";"Rendimiento"
"2022-2023";"81.66";"Psicología";"Hombres";"Rendimiento"
"2021-2022";"77.97";"Psicología";"Hombres";"Rendimiento"
"2020-2021";"80.16";"Psicología";"Hombres";"Rendimiento"
"2019-2020";"86.46";"Psicología";"Hombres";"Rendimiento"
"2018-2019";"80.31";"Psicología";"Hombres";"Rendimiento"
"2017-2018";"81.22";"Psicología";"Hombres";"Rendimiento"
"2016-2017";"83.64";"Psicología";"Hombres";"Rendimiento"
"2015-2016";"81.76";"Psicología";"Hombres";"Rendimiento"
"2022-2023";"63.43";"Economía";"Hombres";"Rendimiento"
"2021-2022";"60.63";"Economía";"Hombres";"Rendimiento"
"2020-2021";"73.83";"Economía";"Hombres";"Rendimiento"
"2019-2020";"75.22";"Economía";"Hombres";"Rendimiento"
"2018-2019";"61.6";"Economía";"Hombres";"Rendimiento"
"2017-2018";"61.75";"Economía";"Hombres";"Rendimiento"
"2016-2017";"61.0";"Economía";"Hombres";"Rendimiento"
"2015-2016";"62.67";"Economía";"Hombres";"Rendimiento"
"2022-2023";"82.21";"Otras Ciencias sociales y del comportamiento";"Hombres";"Rendimiento"
"2021-2022";"83.53";"Otras Ciencias sociales y del comportamiento";"Hombres";"Rendimiento"
"2020-2021";"85.75";"Otras Ciencias sociales y del comportamiento";"Hombres";"Rendimiento"
"2019-2020";"83.26";"Otras Ciencias sociales y del comportamiento";"Hombres";"Rendimiento"
"2018-2019";"81.2";"Otras Ciencias sociales y del comportamiento";"Hombres";"Rendimiento"
"2017-2018";"79.99";"Otras Ciencias sociales y del comportamiento";"Hombres";"Rendimiento"
"2016-2017";"84.27";"Otras Ciencias sociales y del comportamiento";"Hombres";"Rendimiento"
"2015-2016";"77.85";"Otras Ciencias sociales y del comportamiento";"Hombres";"Rendimiento"
"2022-2023";"83.16";"Periodismo e información";"Hombres";"Rendimiento"
"2021-2022";"82.11";"Periodismo e información";"Hombres";"Rendimiento"
"2020-2021";"86.0";"Periodismo e información";"Hombres";"Rendimiento"
"2019-2020";"84.21";"Periodismo e información";"Hombres";"Rendimiento"
"2018-2019";"81.14";"Periodismo e información";"Hombres";"Rendimiento"
"2017-2018";"79.28";"Periodismo e información";"Hombres";"Rendimiento"
"2016-2017";"83.98";"Periodismo e información";"Hombres";"Rendimiento"
"2015-2016";"82.7";"Periodismo e información";"Hombres";"Rendimiento"
"2022-2023";"68.37";"Total Negocios, administración y derecho";"Hombres";"Rendimiento"
"2021-2022";"64.85";"Total Negocios, administración y derecho";"Hombres";"Rendimiento"
"2020-2021";"74.8";"Total Negocios, administración y derecho";"Hombres";"Rendimiento"
"2019-2020";"78.12";"Total Negocios, administración y derecho";"Hombres";"Rendimiento"
"2018-2019";"66.91";"Total Negocios, administración y derecho";"Hombres";"Rendimiento"
"2017-2018";"67.66";"Total Negocios, administración y derecho";"Hombres";"Rendimiento"
"2016-2017";"69.61";"Total Negocios, administración y derecho";"Hombres";"Rendimiento"
"2015-2016";"68.26";"Total Negocios, administración y derecho";"Hombres";"Rendimiento"
"2022-2023";"71.03";"Administración y gestión de empresas";"Hombres";"Rendimiento"
"2021-2022";"66.65";"Administración y gestión de empresas";"Hombres";"Rendimiento"
"2020-2021";"76.78";"Administración y gestión de empresas";"Hombres";"Rendimiento"
"2019-2020";"79.31";"Administración y gestión de empresas";"Hombres";"Rendimiento"
"2018-2019";"69.15";"Administración y gestión de empresas";"Hombres";"Rendimiento"
"2017-2018";"69.67";"Administración y gestión de empresas";"Hombres";"Rendimiento"
"2016-2017";"71.34";"Administración y gestión de empresas";"Hombres";"Rendimiento"
"2015-2016";"69.19";"Administración y gestión de empresas";"Hombres";"Rendimiento"
"2022-2023";"65.25";"Otra Educación comercial y empresarial";"Hombres";"Rendimiento"
"2021-2022";"63.13";"Otra Educación comercial y empresarial";"Hombres";"Rendimiento"
"2020-2021";"73.06";"Otra Educación comercial y empresarial";"Hombres";"Rendimiento"
"2019-2020";"76.13";"Otra Educación comercial y empresarial";"Hombres";"Rendimiento"
"2018-2019";"64.6";"Otra Educación comercial y empresarial";"Hombres";"Rendimiento"
"2017-2018";"65.02";"Otra Educación comercial y empresarial";"Hombres";"Rendimiento"
"2016-2017";"68.31";"Otra Educación comercial y empresarial";"Hombres";"Rendimiento"
"2015-2016";"67.52";"Otra Educación comercial y empresarial";"Hombres";"Rendimiento"
"2022-2023";"67.78";"Derecho";"Hombres";"Rendimiento"
"2021-2022";"64.08";"Derecho";"Hombres";"Rendimiento"
"2020-2021";"73.81";"Derecho";"Hombres";"Rendimiento"
"2019-2020";"79.02";"Derecho";"Hombres";"Rendimiento"
"2018-2019";"66.75";"Derecho";"Hombres";"Rendimiento"
"2017-2018";"68.46";"Derecho";"Hombres";"Rendimiento"
"2016-2017";"68.79";"Derecho";"Hombres";"Rendimiento"
"2015-2016";"67.94";"Derecho";"Hombres";"Rendimiento"
"2022-2023";"65.79";"Total Ciencias";"Hombres";"Rendimiento"
"2021-2022";"62.07";"Total Ciencias";"Hombres";"Rendimiento"
"2020-2021";"65.36";"Total Ciencias";"Hombres";"Rendimiento"
"2019-2020";"74.05";"Total Ciencias";"Hombres";"Rendimiento"
"2018-2019";"64.51";"Total Ciencias";"Hombres";"Rendimiento"
"2017-2018";"64.59";"Total Ciencias";"Hombres";"Rendimiento"
"2016-2017";"65.24";"Total Ciencias";"Hombres";"Rendimiento"
"2015-2016";"63.99";"Total Ciencias";"Hombres";"Rendimiento"
"2022-2023";"67.7";"Ciencias de la vida";"Hombres";"Rendimiento"
"2021-2022";"61.16";"Ciencias de la vida";"Hombres";"Rendimiento"
"2020-2021";"65.82";"Ciencias de la vida";"Hombres";"Rendimiento"
"2019-2020";"76.31";"Ciencias de la vida";"Hombres";"Rendimiento"
"2018-2019";"65.2";"Ciencias de la vida";"Hombres";"Rendimiento"
"2017-2018";"65.34";"Ciencias de la vida";"Hombres";"Rendimiento"
"2016-2017";"66.59";"Ciencias de la vida";"Hombres";"Rendimiento"
"2015-2016";"63.47";"Ciencias de la vida";"Hombres";"Rendimiento"
"2022-2023";"59.72";"Ciencias Físicas, químicas, geológicas";"Hombres";"Rendimiento"
"2021-2022";"57.89";"Ciencias Físicas, químicas, geológicas";"Hombres";"Rendimiento"
"2020-2021";"62.66";"Ciencias Físicas, químicas, geológicas";"Hombres";"Rendimiento"
"2019-2020";"71.92";"Ciencias Físicas, químicas, geológicas";"Hombres";"Rendimiento"
"2018-2019";"64.01";"Ciencias Físicas, químicas, geológicas";"Hombres";"Rendimiento"
"2017-2018";"65.27";"Ciencias Físicas, químicas, geológicas";"Hombres";"Rendimiento"
"2016-2017";"65.01";"Ciencias Físicas, químicas, geológicas";"Hombres";"Rendimiento"
"2015-2016";"67.57";"Ciencias Físicas, químicas, geológicas";"Hombres";"Rendimiento"
"2022-2023";"66.41";"Matemáticas y Estadística";"Hombres";"Rendimiento"
"2021-2022";"67.38";"Matemáticas y Estadística";"Hombres";"Rendimiento"
"2020-2021";"66.61";"Matemáticas y Estadística";"Hombres";"Rendimiento"
"2019-2020";"70.17";"Matemáticas y Estadística";"Hombres";"Rendimiento"
"2018-2019";"62.9";"Matemáticas y Estadística";"Hombres";"Rendimiento"
"2017-2018";"60.92";"Matemáticas y Estadística";"Hombres";"Rendimiento"
"2016-2017";"60.09";"Matemáticas y Estadística";"Hombres";"Rendimiento"
"2015-2016";"59.84";"Matemáticas y Estadística";"Hombres";"Rendimiento"
"2022-2023";"70.66";"Total Informática";"Hombres";"Rendimiento"
"2021-2022";"67.91";"Total Informática";"Hombres";"Rendimiento"
"2020-2021";"63.13";"Total Informática";"Hombres";"Rendimiento"
"2019-2020";"65.61";"Total Informática";"Hombres";"Rendimiento"
"2018-2019";"62.9";"Total Informática";"Hombres";"Rendimiento"
"2017-2018";"61.69";"Total Informática";"Hombres";"Rendimiento"
"2016-2017";"59.24";"Total Informática";"Hombres";"Rendimiento"
"2015-2016";"57.96";"Total Informática";"Hombres";"Rendimiento"
"2022-2023";"70.66";"Informática";"Hombres";"Rendimiento"
"2021-2022";"67.91";"Informática";"Hombres";"Rendimiento"
"2020-2021";"63.13";"Informática";"Hombres";"Rendimiento"
"2019-2020";"65.61";"Informática";"Hombres";"Rendimiento"
"2018-2019";"62.9";"Informática";"Hombres";"Rendimiento"
"2017-2018";"61.69";"Informática";"Hombres";"Rendimiento"
"2016-2017";"59.24";"Informática";"Hombres";"Rendimiento"
"2015-2016";"57.96";"Informática";"Hombres";"Rendimiento"
"2022-2023";"52.54";"Total Ingeniería, industria y construcción";"Hombres";"Rendimiento"
"2021-2022";"49.84";"Total Ingeniería, industria y construcción";"Hombres";"Rendimiento"
"2020-2021";"53.58";"Total Ingeniería, industria y construcción";"Hombres";"Rendimiento"
"2019-2020";"60.3";"Total Ingeniería, industria y construcción";"Hombres";"Rendimiento"
"2018-2019";"53.88";"Total Ingeniería, industria y construcción";"Hombres";"Rendimiento"
"2017-2018";"54.21";"Total Ingeniería, industria y construcción";"Hombres";"Rendimiento"
"2016-2017";"56.55";"Total Ingeniería, industria y construcción";"Hombres";"Rendimiento"
"2015-2016";"54.57";"Total Ingeniería, industria y construcción";"Hombres";"Rendimiento"
"2022-2023";"51.63";"Ingenierías";"Hombres";"Rendimiento"
"2021-2022";"48.67";"Ingenierías";"Hombres";"Rendimiento"
"2020-2021";"52.43";"Ingenierías";"Hombres";"Rendimiento"
"2019-2020";"59.62";"Ingenierías";"Hombres";"Rendimiento"
"2018-2019";"53.17";"Ingenierías";"Hombres";"Rendimiento"
"2017-2018";"53.27";"Ingenierías";"Hombres";"Rendimiento"
"2016-2017";"55.5";"Ingenierías";"Hombres";"Rendimiento"
"2015-2016";"53.66";"Ingenierías";"Hombres";"Rendimiento"
"2022-2023";"67.68";"Arquitectura y construcción";"Hombres";"Rendimiento"
"2021-2022";"69.08";"Arquitectura y construcción";"Hombres";"Rendimiento"
"2020-2021";"72.59";"Arquitectura y construcción";"Hombres";"Rendimiento"
"2019-2020";"71.07";"Arquitectura y construcción";"Hombres";"Rendimiento"
"2018-2019";"65.4";"Arquitectura y construcción";"Hombres";"Rendimiento"
"2017-2018";"70.16";"Arquitectura y construcción";"Hombres";"Rendimiento"
"2016-2017";"76.43";"Arquitectura y construcción";"Hombres";"Rendimiento"
"2015-2016";"71.28";"Arquitectura y construcción";"Hombres";"Rendimiento"
"2022-2023";"..";"Total Agricultura, ganadería,  silvicultura, pesca, y veterinaria";"Hombres";"Rendimiento"
"2021-2022";"..";"Total Agricultura, ganadería,  silvicultura, pesca, y veterinaria";"Hombres";"Rendimiento"
"2020-2021";"..";"Total Agricultura, ganadería,  silvicultura, pesca, y veterinaria";"Hombres";"Rendimiento"
"2019-2020";"..";"Total Agricultura, ganadería,  silvicultura, pesca, y veterinaria";"Hombres";"Rendimiento"
"2018-2019";"..";"Total Agricultura, ganadería,  silvicultura, pesca, y veterinaria";"Hombres";"Rendimiento"
"2017-2018";"..";"Total Agricultura, ganadería,  silvicultura, pesca, y veterinaria";"Hombres";"Rendimiento"
"2016-2017";"..";"Total Agricultura, ganadería,  silvicultura, pesca, y veterinaria";"Hombres";"Rendimiento"
"2015-2016";"..";"Total Agricultura, ganadería,  silvicultura, pesca, y veterinaria";"Hombres";"Rendimiento"
"2022-2023";"..";"Agricultura, ganadería y pesca";"Hombres";"Rendimiento"
"2021-2022";"..";"Agricultura, ganadería y pesca";"Hombres";"Rendimiento"
"2020-2021";"..";"Agricultura, ganadería y pesca";"Hombres";"Rendimiento"
"2019-2020";"..";"Agricultura, ganadería y pesca";"Hombres";"Rendimiento"
"2018-2019";"..";"Agricultura, ganadería y pesca";"Hombres";"Rendimiento"
"2017-2018";"..";"Agricultura, ganadería y pesca";"Hombres";"Rendimiento"
"2016-2017";"..";"Agricultura, ganadería y pesca";"Hombres";"Rendimiento"
"2015-2016";"..";"Agricultura, ganadería y pesca";"Hombres";"Rendimiento"
"2022-2023";"..";"Veterinaria";"Hombres";"Rendimiento"
"2021-2022";"..";"Veterinaria";"Hombres";"Rendimiento"
"2020-2021";"..";"Veterinaria";"Hombres";"Rendimiento"
"2019-2020";"..";"Veterinaria";"Hombres";"Rendimiento"
"2018-2019";"..";"Veterinaria";"Hombres";"Rendimiento"
"2017-2018";"..";"Veterinaria";"Hombres";"Rendimiento"
"2016-2017";"..";"Veterinaria";"Hombres";"Rendimiento"
"2015-2016";"..";"Veterinaria";"Hombres";"Rendimiento"
"2022-2023";"86.14";"Total Salud y servicios sociales";"Hombres";"Rendimiento"
"2021-2022";"85.06";"Total Salud y servicios sociales";"Hombres";"Rendimiento"
"2020-2021";"88.51";"Total Salud y servicios sociales";"Hombres";"Rendimiento"
"2019-2020";"90.37";"Total Salud y servicios sociales";"Hombres";"Rendimiento"
"2018-2019";"84.8";"Total Salud y servicios sociales";"Hombres";"Rendimiento"
"2017-2018";"82.53";"Total Salud y servicios sociales";"Hombres";"Rendimiento"
"2016-2017";"85.18";"Total Salud y servicios sociales";"Hombres";"Rendimiento"
"2015-2016";"85.22";"Total Salud y servicios sociales";"Hombres";"Rendimiento"
"2022-2023";"81.15";"Medicina";"Hombres";"Rendimiento"
"2021-2022";"81.07";"Medicina";"Hombres";"Rendimiento"
"2020-2021";"85.79";"Medicina";"Hombres";"Rendimiento"
"2019-2020";"89.44";"Medicina";"Hombres";"Rendimiento"
"2018-2019";"79.66";"Medicina";"Hombres";"Rendimiento"
"2017-2018";"79.26";"Medicina";"Hombres";"Rendimiento"
"2016-2017";"83.9";"Medicina";"Hombres";"Rendimiento"
"2015-2016";"83.9";"Medicina";"Hombres";"Rendimiento"
"2022-2023";"92.19";"Enfermería y atención a enfermos";"Hombres";"Rendimiento"
"2021-2022";"89.19";"Enfermería y atención a enfermos";"Hombres";"Rendimiento"
"2020-2021";"93.8";"Enfermería y atención a enfermos";"Hombres";"Rendimiento"
"2019-2020";"95.51";"Enfermería y atención a enfermos";"Hombres";"Rendimiento"
"2018-2019";"93.11";"Enfermería y atención a enfermos";"Hombres";"Rendimiento"
"2017-2018";"93.1";"Enfermería y atención a enfermos";"Hombres";"Rendimiento"
"2016-2017";"94.05";"Enfermería y atención a enfermos";"Hombres";"Rendimiento"
"2015-2016";"93.64";"Enfermería y atención a enfermos";"Hombres";"Rendimiento"
"2022-2023";"87.96";"Otras ciencias de la Salud";"Hombres";"Rendimiento"
"2021-2022";"88.18";"Otras ciencias de la Salud";"Hombres";"Rendimiento"
"2020-2021";"89.58";"Otras ciencias de la Salud";"Hombres";"Rendimiento"
"2019-2020";"90.65";"Otras ciencias de la Salud";"Hombres";"Rendimiento"
"2018-2019";"89.71";"Otras ciencias de la Salud";"Hombres";"Rendimiento"
"2017-2018";"82.18";"Otras ciencias de la Salud";"Hombres";"Rendimiento"
"2016-2017";"82.83";"Otras ciencias de la Salud";"Hombres";"Rendimiento"
"2015-2016";"83.12";"Otras ciencias de la Salud";"Hombres";"Rendimiento"
"2022-2023";"89.14";"Trabajo social y orientación";"Hombres";"Rendimiento"
"2021-2022";"83.81";"Trabajo social y orientación";"Hombres";"Rendimiento"
"2020-2021";"87.82";"Trabajo social y orientación";"Hombres";"Rendimiento"
"2019-2020";"82.35";"Trabajo social y orientación";"Hombres";"Rendimiento"
"2018-2019";"77.32";"Trabajo social y orientación";"Hombres";"Rendimiento"
"2017-2018";"77.72";"Trabajo social y orientación";"Hombres";"Rendimiento"
"2016-2017";"82.34";"Trabajo social y orientación";"Hombres";"Rendimiento"
"2015-2016";"80.02";"Trabajo social y orientación";"Hombres";"Rendimiento"
"2022-2023";"75.37";"Total Servicios";"Hombres";"Rendimiento"
"2021-2022";"70.22";"Total Servicios";"Hombres";"Rendimiento"
"2020-2021";"78.28";"Total Servicios";"Hombres";"Rendimiento"
"2019-2020";"85.84";"Total Servicios";"Hombres";"Rendimiento"
"2018-2019";"73.16";"Total Servicios";"Hombres";"Rendimiento"
"2017-2018";"76.58";"Total Servicios";"Hombres";"Rendimiento"
"2016-2017";"78.09";"Total Servicios";"Hombres";"Rendimiento"
"2015-2016";"78.18";"Total Servicios";"Hombres";"Rendimiento"
"2022-2023";"99.27";"Deportes";"Hombres";"Rendimiento"
"2021-2022";"..";"Deportes";"Hombres";"Rendimiento"
"2020-2021";"..";"Deportes";"Hombres";"Rendimiento"
"2019-2020";"..";"Deportes";"Hombres";"Rendimiento"
"2018-2019";"..";"Deportes";"Hombres";"Rendimiento"
"2017-2018";"..";"Deportes";"Hombres";"Rendimiento"
"2016-2017";"..";"Deportes";"Hombres";"Rendimiento"
"2015-2016";"..";"Deportes";"Hombres";"Rendimiento"
"2022-2023";"72.08";"Turismo y Hostelería";"Hombres";"Rendimiento"
"2021-2022";"70.22";"Turismo y Hostelería";"Hombres";"Rendimiento"
"2020-2021";"78.28";"Turismo y Hostelería";"Hombres";"Rendimiento"
"2019-2020";"85.84";"Turismo y Hostelería";"Hombres";"Rendimiento"
"2018-2019";"73.16";"Turismo y Hostelería";"Hombres";"Rendimiento"
"2017-2018";"76.58";"Turismo y Hostelería";"Hombres";"Rendimiento"
"2016-2017";"78.09";"Turismo y Hostelería";"Hombres";"Rendimiento"
"2015-2016";"78.18";"Turismo y Hostelería";"Hombres";"Rendimiento"
"2022-2023";"..";"Otros Servicios";"Hombres";"Rendimiento"
"2021-2022";"..";"Otros Servicios";"Hombres";"Rendimiento"
"2020-2021";"..";"Otros Servicios";"Hombres";"Rendimiento"
"2019-2020";"..";"Otros Servicios";"Hombres";"Rendimiento"
"2018-2019";"..";"Otros Servicios";"Hombres";"Rendimiento"
"2017-2018";"..";"Otros Servicios";"Hombres";"Rendimiento"
"2016-2017";"..";"Otros Servicios";"Hombres";"Rendimiento"
"2015-2016";"..";"Otros Servicios";"Hombres";"Rendimiento"
"2022-2023";"???";"Málaga";"Hombres";"Exito"
"2021-2022";"???";"Málaga";"Hombres";"Exito"
"2020-2021";"???";"Málaga";"Hombres";"Exito"
"2019-2020";"???";"Málaga";"Hombres";"Exito"
"2018-2019";"???";"Málaga";"Hombres";"Exito"
"2017-2018";"???";"Málaga";"Hombres";"Exito"
"2016-2017";"???";"Málaga";"Hombres";"Exito"
"2015-2016";"???";"Málaga";"Hombres";"Exito"
"2022-2023";"83.16";"Todos los ámbitos";"Hombres";"Exito"
"2021-2022";"81.73";"Todos los ámbitos";"Hombres";"Exito"
"2020-2021";"83.85";"Todos los ámbitos";"Hombres";"Exito"
"2019-2020";"87.05";"Todos los ámbitos";"Hombres";"Exito"
"2018-2019";"82.8";"Todos los ámbitos";"Hombres";"Exito"
"2017-2018";"83.05";"Todos los ámbitos";"Hombres";"Exito"
"2016-2017";"83.58";"Todos los ámbitos";"Hombres";"Exito"
"2015-2016";"83.43";"Todos los ámbitos";"Hombres";"Exito"
"2022-2023";"97.01";"Total Educación";"Hombres";"Exito"
"2021-2022";"97.01";"Total Educación";"Hombres";"Exito"
"2020-2021";"97.65";"Total Educación";"Hombres";"Exito"
"2019-2020";"97.6";"Total Educación";"Hombres";"Exito"
"2018-2019";"96.33";"Total Educación";"Hombres";"Exito"
"2017-2018";"96.46";"Total Educación";"Hombres";"Exito"
"2016-2017";"96.24";"Total Educación";"Hombres";"Exito"
"2015-2016";"95.85";"Total Educación";"Hombres";"Exito"
"2022-2023";"97.41";"Formación de docentes de enseñanza infantil";"Hombres";"Exito"
"2021-2022";"97.27";"Formación de docentes de enseñanza infantil";"Hombres";"Exito"
"2020-2021";"96.77";"Formación de docentes de enseñanza infantil";"Hombres";"Exito"
"2019-2020";"98.07";"Formación de docentes de enseñanza infantil";"Hombres";"Exito"
"2018-2019";"94.84";"Formación de docentes de enseñanza infantil";"Hombres";"Exito"
"2017-2018";"94.72";"Formación de docentes de enseñanza infantil";"Hombres";"Exito"
"2016-2017";"96.08";"Formación de docentes de enseñanza infantil";"Hombres";"Exito"
"2015-2016";"94.33";"Formación de docentes de enseñanza infantil";"Hombres";"Exito"
"2022-2023";"97.27";"Formación de docentes de enseñanza primaria";"Hombres";"Exito"
"2021-2022";"97.27";"Formación de docentes de enseñanza primaria";"Hombres";"Exito"
"2020-2021";"97.73";"Formación de docentes de enseñanza primaria";"Hombres";"Exito"
"2019-2020";"97.85";"Formación de docentes de enseñanza primaria";"Hombres";"Exito"
"2018-2019";"96.49";"Formación de docentes de enseñanza primaria";"Hombres";"Exito"
"2017-2018";"96.53";"Formación de docentes de enseñanza primaria";"Hombres";"Exito"
"2016-2017";"96.21";"Formación de docentes de enseñanza primaria";"Hombres";"Exito"
"2015-2016";"95.55";"Formación de docentes de enseñanza primaria";"Hombres";"Exito"
"2022-2023";"95.38";"Otra Formación de personal docente y ciencias de la educación";"Hombres";"Exito"
"2021-2022";"95.56";"Otra Formación de personal docente y ciencias de la educación";"Hombres";"Exito"
"2020-2021";"97.5";"Otra Formación de personal docente y ciencias de la educación";"Hombres";"Exito"
"2019-2020";"96.11";"Otra Formación de personal docente y ciencias de la educación";"Hombres";"Exito"
"2018-2019";"95.83";"Otra Formación de personal docente y ciencias de la educación";"Hombres";"Exito"
"2017-2018";"96.51";"Otra Formación de personal docente y ciencias de la educación";"Hombres";"Exito"
"2016-2017";"96.42";"Otra Formación de personal docente y ciencias de la educación";"Hombres";"Exito"
"2015-2016";"97.77";"Otra Formación de personal docente y ciencias de la educación";"Hombres";"Exito"
"2022-2023";"88.87";"Total Artes y humanidades";"Hombres";"Exito"
"2021-2022";"87.12";"Total Artes y humanidades";"Hombres";"Exito"
"2020-2021";"90.46";"Total Artes y humanidades";"Hombres";"Exito"
"2019-2020";"92.59";"Total Artes y humanidades";"Hombres";"Exito"
"2018-2019";"90.04";"Total Artes y humanidades";"Hombres";"Exito"
"2017-2018";"89.1";"Total Artes y humanidades";"Hombres";"Exito"
"2016-2017";"88.98";"Total Artes y humanidades";"Hombres";"Exito"
"2015-2016";"88.51";"Total Artes y humanidades";"Hombres";"Exito"
"2022-2023";"96.32";"Técnicas audiovisuales y medios de comunicación";"Hombres";"Exito"
"2021-2022";"94.33";"Técnicas audiovisuales y medios de comunicación";"Hombres";"Exito"
"2020-2021";"95.49";"Técnicas audiovisuales y medios de comunicación";"Hombres";"Exito"
"2019-2020";"96.49";"Técnicas audiovisuales y medios de comunicación";"Hombres";"Exito"
"2018-2019";"94.19";"Técnicas audiovisuales y medios de comunicación";"Hombres";"Exito"
"2017-2018";"94.94";"Técnicas audiovisuales y medios de comunicación";"Hombres";"Exito"
"2016-2017";"94.0";"Técnicas audiovisuales y medios de comunicación";"Hombres";"Exito"
"2015-2016";"94.29";"Técnicas audiovisuales y medios de comunicación";"Hombres";"Exito"
"2022-2023";"94.07";"Artes";"Hombres";"Exito"
"2021-2022";"92.69";"Artes";"Hombres";"Exito"
"2020-2021";"91.81";"Artes";"Hombres";"Exito"
"2019-2020";"94.38";"Artes";"Hombres";"Exito"
"2018-2019";"93.2";"Artes";"Hombres";"Exito"
"2017-2018";"92.66";"Artes";"Hombres";"Exito"
"2016-2017";"92.37";"Artes";"Hombres";"Exito"
"2015-2016";"90.21";"Artes";"Hombres";"Exito"
"2022-2023";"87.23";"Lenguas";"Hombres";"Exito"
"2021-2022";"86.71";"Lenguas";"Hombres";"Exito"
"2020-2021";"91.46";"Lenguas";"Hombres";"Exito"
"2019-2020";"92.47";"Lenguas";"Hombres";"Exito"
"2018-2019";"87.79";"Lenguas";"Hombres";"Exito"
"2017-2018";"86.02";"Lenguas";"Hombres";"Exito"
"2016-2017";"87.69";"Lenguas";"Hombres";"Exito"
"2015-2016";"87.02";"Lenguas";"Hombres";"Exito"
"2022-2023";"84.73";"Humanidades";"Hombres";"Exito"
"2021-2022";"81.8";"Humanidades";"Hombres";"Exito"
"2020-2021";"86.44";"Humanidades";"Hombres";"Exito"
"2019-2020";"89.79";"Humanidades";"Hombres";"Exito"
"2018-2019";"88.59";"Humanidades";"Hombres";"Exito"
"2017-2018";"87.22";"Humanidades";"Hombres";"Exito"
"2016-2017";"86.17";"Humanidades";"Hombres";"Exito"
"2015-2016";"86.38";"Humanidades";"Hombres";"Exito"
"2022-2023";"87.82";"Total Ciencias sociales, periodismo y documentación";"Hombres";"Exito"
"2021-2022";"85.91";"Total Ciencias sociales, periodismo y documentación";"Hombres";"Exito"
"2020-2021";"89.43";"Total Ciencias sociales, periodismo y documentación";"Hombres";"Exito"
"2019-2020";"91.62";"Total Ciencias sociales, periodismo y documentación";"Hombres";"Exito"
"2018-2019";"87.04";"Total Ciencias sociales, periodismo y documentación";"Hombres";"Exito"
"2017-2018";"87.36";"Total Ciencias sociales, periodismo y documentación";"Hombres";"Exito"
"2016-2017";"86.91";"Total Ciencias sociales, periodismo y documentación";"Hombres";"Exito"
"2015-2016";"87.01";"Total Ciencias sociales, periodismo y documentación";"Hombres";"Exito"
"2022-2023";"89.26";"Psicología";"Hombres";"Exito"
"2021-2022";"88.78";"Psicología";"Hombres";"Exito"
"2020-2021";"87.9";"Psicología";"Hombres";"Exito"
"2019-2020";"94.0";"Psicología";"Hombres";"Exito"
"2018-2019";"89.69";"Psicología";"Hombres";"Exito"
"2017-2018";"90.44";"Psicología";"Hombres";"Exito"
"2016-2017";"90.9";"Psicología";"Hombres";"Exito"
"2015-2016";"88.78";"Psicología";"Hombres";"Exito"
"2022-2023";"79.19";"Economía";"Hombres";"Exito"
"2021-2022";"76.32";"Economía";"Hombres";"Exito"
"2020-2021";"85.29";"Economía";"Hombres";"Exito"
"2019-2020";"86.77";"Economía";"Hombres";"Exito"
"2018-2019";"77.49";"Economía";"Hombres";"Exito"
"2017-2018";"78.72";"Economía";"Hombres";"Exito"
"2016-2017";"76.43";"Economía";"Hombres";"Exito"
"2015-2016";"80.06";"Economía";"Hombres";"Exito"
"2022-2023";"91.39";"Otras Ciencias sociales y del comportamiento";"Hombres";"Exito"
"2021-2022";"91.67";"Otras Ciencias sociales y del comportamiento";"Hombres";"Exito"
"2020-2021";"93.31";"Otras Ciencias sociales y del comportamiento";"Hombres";"Exito"
"2019-2020";"93.4";"Otras Ciencias sociales y del comportamiento";"Hombres";"Exito"
"2018-2019";"91.55";"Otras Ciencias sociales y del comportamiento";"Hombres";"Exito"
"2017-2018";"90.7";"Otras Ciencias sociales y del comportamiento";"Hombres";"Exito"
"2016-2017";"92.9";"Otras Ciencias sociales y del comportamiento";"Hombres";"Exito"
"2015-2016";"89.18";"Otras Ciencias sociales y del comportamiento";"Hombres";"Exito"
"2022-2023";"92.47";"Periodismo e información";"Hombres";"Exito"
"2021-2022";"88.73";"Periodismo e información";"Hombres";"Exito"
"2020-2021";"93.3";"Periodismo e información";"Hombres";"Exito"
"2019-2020";"93.1";"Periodismo e información";"Hombres";"Exito"
"2018-2019";"91.51";"Periodismo e información";"Hombres";"Exito"
"2017-2018";"92.34";"Periodismo e información";"Hombres";"Exito"
"2016-2017";"92.66";"Periodismo e información";"Hombres";"Exito"
"2015-2016";"93.46";"Periodismo e información";"Hombres";"Exito"
"2022-2023";"82.24";"Total Negocios, administración y derecho";"Hombres";"Exito"
"2021-2022";"80.34";"Total Negocios, administración y derecho";"Hombres";"Exito"
"2020-2021";"85.12";"Total Negocios, administración y derecho";"Hombres";"Exito"
"2019-2020";"88.46";"Total Negocios, administración y derecho";"Hombres";"Exito"
"2018-2019";"81.57";"Total Negocios, administración y derecho";"Hombres";"Exito"
"2017-2018";"82.35";"Total Negocios, administración y derecho";"Hombres";"Exito"
"2016-2017";"82.96";"Total Negocios, administración y derecho";"Hombres";"Exito"
"2015-2016";"82.86";"Total Negocios, administración y derecho";"Hombres";"Exito"
"2022-2023";"83.32";"Administración y gestión de empresas";"Hombres";"Exito"
"2021-2022";"80.81";"Administración y gestión de empresas";"Hombres";"Exito"
"2020-2021";"87.13";"Administración y gestión de empresas";"Hombres";"Exito"
"2019-2020";"88.97";"Administración y gestión de empresas";"Hombres";"Exito"
"2018-2019";"82.09";"Administración y gestión de empresas";"Hombres";"Exito"
"2017-2018";"82.66";"Administración y gestión de empresas";"Hombres";"Exito"
"2016-2017";"83.52";"Administración y gestión de empresas";"Hombres";"Exito"
"2015-2016";"83.6";"Administración y gestión de empresas";"Hombres";"Exito"
"2022-2023";"80.22";"Otra Educación comercial y empresarial";"Hombres";"Exito"
"2021-2022";"80.01";"Otra Educación comercial y empresarial";"Hombres";"Exito"
"2020-2021";"84.7";"Otra Educación comercial y empresarial";"Hombres";"Exito"
"2019-2020";"87.34";"Otra Educación comercial y empresarial";"Hombres";"Exito"
"2018-2019";"79.84";"Otra Educación comercial y empresarial";"Hombres";"Exito"
"2017-2018";"80.41";"Otra Educación comercial y empresarial";"Hombres";"Exito"
"2016-2017";"81.68";"Otra Educación comercial y empresarial";"Hombres";"Exito"
"2015-2016";"81.31";"Otra Educación comercial y empresarial";"Hombres";"Exito"
"2022-2023";"82.94";"Derecho";"Hombres";"Exito"
"2021-2022";"79.93";"Derecho";"Hombres";"Exito"
"2020-2021";"82.23";"Derecho";"Hombres";"Exito"
"2019-2020";"89.22";"Derecho";"Hombres";"Exito"
"2018-2019";"83.39";"Derecho";"Hombres";"Exito"
"2017-2018";"84.87";"Derecho";"Hombres";"Exito"
"2016-2017";"84.03";"Derecho";"Hombres";"Exito"
"2015-2016";"84.12";"Derecho";"Hombres";"Exito"
"2022-2023";"80.49";"Total Ciencias";"Hombres";"Exito"
"2021-2022";"78.61";"Total Ciencias";"Hombres";"Exito"
"2020-2021";"78.82";"Total Ciencias";"Hombres";"Exito"
"2019-2020";"84.69";"Total Ciencias";"Hombres";"Exito"
"2018-2019";"79.71";"Total Ciencias";"Hombres";"Exito"
"2017-2018";"79.36";"Total Ciencias";"Hombres";"Exito"
"2016-2017";"80.11";"Total Ciencias";"Hombres";"Exito"
"2015-2016";"78.45";"Total Ciencias";"Hombres";"Exito"
"2022-2023";"80.45";"Ciencias de la vida";"Hombres";"Exito"
"2021-2022";"77.0";"Ciencias de la vida";"Hombres";"Exito"
"2020-2021";"78.6";"Ciencias de la vida";"Hombres";"Exito"
"2019-2020";"84.92";"Ciencias de la vida";"Hombres";"Exito"
"2018-2019";"79.06";"Ciencias de la vida";"Hombres";"Exito"
"2017-2018";"78.36";"Ciencias de la vida";"Hombres";"Exito"
"2016-2017";"80.39";"Ciencias de la vida";"Hombres";"Exito"
"2015-2016";"77.71";"Ciencias de la vida";"Hombres";"Exito"
"2022-2023";"79.66";"Ciencias Físicas, químicas, geológicas";"Hombres";"Exito"
"2021-2022";"76.97";"Ciencias Físicas, químicas, geológicas";"Hombres";"Exito"
"2020-2021";"77.43";"Ciencias Físicas, químicas, geológicas";"Hombres";"Exito"
"2019-2020";"85.37";"Ciencias Físicas, químicas, geológicas";"Hombres";"Exito"
"2018-2019";"81.83";"Ciencias Físicas, químicas, geológicas";"Hombres";"Exito"
"2017-2018";"81.83";"Ciencias Físicas, químicas, geológicas";"Hombres";"Exito"
"2016-2017";"79.77";"Ciencias Físicas, químicas, geológicas";"Hombres";"Exito"
"2015-2016";"81.43";"Ciencias Físicas, químicas, geológicas";"Hombres";"Exito"
"2022-2023";"81.05";"Matemáticas y Estadística";"Hombres";"Exito"
"2021-2022";"83.37";"Matemáticas y Estadística";"Hombres";"Exito"
"2020-2021";"80.57";"Matemáticas y Estadística";"Hombres";"Exito"
"2019-2020";"83.35";"Matemáticas y Estadística";"Hombres";"Exito"
"2018-2019";"79.06";"Matemáticas y Estadística";"Hombres";"Exito"
"2017-2018";"79.57";"Matemáticas y Estadística";"Hombres";"Exito"
"2016-2017";"79.46";"Matemáticas y Estadística";"Hombres";"Exito"
"2015-2016";"76.28";"Matemáticas y Estadística";"Hombres";"Exito"
"2022-2023";"85.15";"Total Informática";"Hombres";"Exito"
"2021-2022";"84.17";"Total Informática";"Hombres";"Exito"
"2020-2021";"79.51";"Total Informática";"Hombres";"Exito"
"2019-2020";"81.58";"Total Informática";"Hombres";"Exito"
"2018-2019";"80.05";"Total Informática";"Hombres";"Exito"
"2017-2018";"79.82";"Total Informática";"Hombres";"Exito"
"2016-2017";"78.2";"Total Informática";"Hombres";"Exito"
"2015-2016";"79.3";"Total Informática";"Hombres";"Exito"
"2022-2023";"85.15";"Informática";"Hombres";"Exito"
"2021-2022";"84.17";"Informática";"Hombres";"Exito"
"2020-2021";"79.51";"Informática";"Hombres";"Exito"
"2019-2020";"81.58";"Informática";"Hombres";"Exito"
"2018-2019";"80.05";"Informática";"Hombres";"Exito"
"2017-2018";"79.82";"Informática";"Hombres";"Exito"
"2016-2017";"78.2";"Informática";"Hombres";"Exito"
"2015-2016";"79.3";"Informática";"Hombres";"Exito"
"2022-2023";"72.41";"Total Ingeniería, industria y construcción";"Hombres";"Exito"
"2021-2022";"71.25";"Total Ingeniería, industria y construcción";"Hombres";"Exito"
"2020-2021";"73.1";"Total Ingeniería, industria y construcción";"Hombres";"Exito"
"2019-2020";"78.45";"Total Ingeniería, industria y construcción";"Hombres";"Exito"
"2018-2019";"74.19";"Total Ingeniería, industria y construcción";"Hombres";"Exito"
"2017-2018";"74.52";"Total Ingeniería, industria y construcción";"Hombres";"Exito"
"2016-2017";"75.54";"Total Ingeniería, industria y construcción";"Hombres";"Exito"
"2015-2016";"74.71";"Total Ingeniería, industria y construcción";"Hombres";"Exito"
"2022-2023";"71.65";"Ingenierías";"Hombres";"Exito"
"2021-2022";"70.19";"Ingenierías";"Hombres";"Exito"
"2020-2021";"72.12";"Ingenierías";"Hombres";"Exito"
"2019-2020";"77.88";"Ingenierías";"Hombres";"Exito"
"2018-2019";"73.54";"Ingenierías";"Hombres";"Exito"
"2017-2018";"73.59";"Ingenierías";"Hombres";"Exito"
"2016-2017";"74.71";"Ingenierías";"Hombres";"Exito"
"2015-2016";"73.86";"Ingenierías";"Hombres";"Exito"
"2022-2023";"83.75";"Arquitectura y construcción";"Hombres";"Exito"
"2021-2022";"86.44";"Arquitectura y construcción";"Hombres";"Exito"
"2020-2021";"87.22";"Arquitectura y construcción";"Hombres";"Exito"
"2019-2020";"86.87";"Arquitectura y construcción";"Hombres";"Exito"
"2018-2019";"83.9";"Arquitectura y construcción";"Hombres";"Exito"
"2017-2018";"89.2";"Arquitectura y construcción";"Hombres";"Exito"
"2016-2017";"89.14";"Arquitectura y construcción";"Hombres";"Exito"
"2015-2016";"88.73";"Arquitectura y construcción";"Hombres";"Exito"
"2022-2023";"..";"Total Agricultura, ganadería,  silvicultura, pesca, y veterinaria";"Hombres";"Exito"
"2021-2022";"..";"Total Agricultura, ganadería,  silvicultura, pesca, y veterinaria";"Hombres";"Exito"
"2020-2021";"..";"Total Agricultura, ganadería,  silvicultura, pesca, y veterinaria";"Hombres";"Exito"
"2019-2020";"..";"Total Agricultura, ganadería,  silvicultura, pesca, y veterinaria";"Hombres";"Exito"
"2018-2019";"..";"Total Agricultura, ganadería,  silvicultura, pesca, y veterinaria";"Hombres";"Exito"
"2017-2018";"..";"Total Agricultura, ganadería,  silvicultura, pesca, y veterinaria";"Hombres";"Exito"
"2016-2017";"..";"Total Agricultura, ganadería,  silvicultura, pesca, y veterinaria";"Hombres";"Exito"
"2015-2016";"..";"Total Agricultura, ganadería,  silvicultura, pesca, y veterinaria";"Hombres";"Exito"
"2022-2023";"..";"Agricultura, ganadería y pesca";"Hombres";"Exito"
"2021-2022";"..";"Agricultura, ganadería y pesca";"Hombres";"Exito"
"2020-2021";"..";"Agricultura, ganadería y pesca";"Hombres";"Exito"
"2019-2020";"..";"Agricultura, ganadería y pesca";"Hombres";"Exito"
"2018-2019";"..";"Agricultura, ganadería y pesca";"Hombres";"Exito"
"2017-2018";"..";"Agricultura, ganadería y pesca";"Hombres";"Exito"
"2016-2017";"..";"Agricultura, ganadería y pesca";"Hombres";"Exito"
"2015-2016";"..";"Agricultura, ganadería y pesca";"Hombres";"Exito"
"2022-2023";"..";"Veterinaria";"Hombres";"Exito"
"2021-2022";"..";"Veterinaria";"Hombres";"Exito"
"2020-2021";"..";"Veterinaria";"Hombres";"Exito"
"2019-2020";"..";"Veterinaria";"Hombres";"Exito"
"2018-2019";"..";"Veterinaria";"Hombres";"Exito"
"2017-2018";"..";"Veterinaria";"Hombres";"Exito"
"2016-2017";"..";"Veterinaria";"Hombres";"Exito"
"2015-2016";"..";"Veterinaria";"Hombres";"Exito"
"2022-2023";"93.07";"Total Salud y servicios sociales";"Hombres";"Exito"
"2021-2022";"92.5";"Total Salud y servicios sociales";"Hombres";"Exito"
"2020-2021";"93.87";"Total Salud y servicios sociales";"Hombres";"Exito"
"2019-2020";"95.59";"Total Salud y servicios sociales";"Hombres";"Exito"
"2018-2019";"93.31";"Total Salud y servicios sociales";"Hombres";"Exito"
"2017-2018";"91.65";"Total Salud y servicios sociales";"Hombres";"Exito"
"2016-2017";"92.95";"Total Salud y servicios sociales";"Hombres";"Exito"
"2015-2016";"93.0";"Total Salud y servicios sociales";"Hombres";"Exito"
"2022-2023";"91.75";"Medicina";"Hombres";"Exito"
"2021-2022";"91.9";"Medicina";"Hombres";"Exito"
"2020-2021";"93.27";"Medicina";"Hombres";"Exito"
"2019-2020";"95.04";"Medicina";"Hombres";"Exito"
"2018-2019";"91.83";"Medicina";"Hombres";"Exito"
"2017-2018";"91.29";"Medicina";"Hombres";"Exito"
"2016-2017";"93.05";"Medicina";"Hombres";"Exito"
"2015-2016";"93.62";"Medicina";"Hombres";"Exito"
"2022-2023";"95.19";"Enfermería y atención a enfermos";"Hombres";"Exito"
"2021-2022";"92.54";"Enfermería y atención a enfermos";"Hombres";"Exito"
"2020-2021";"95.6";"Enfermería y atención a enfermos";"Hombres";"Exito"
"2019-2020";"97.23";"Enfermería y atención a enfermos";"Hombres";"Exito"
"2018-2019";"96.21";"Enfermería y atención a enfermos";"Hombres";"Exito"
"2017-2018";"96.2";"Enfermería y atención a enfermos";"Hombres";"Exito"
"2016-2017";"96.59";"Enfermería y atención a enfermos";"Hombres";"Exito"
"2015-2016";"96.64";"Enfermería y atención a enfermos";"Hombres";"Exito"
"2022-2023";"92.74";"Otras ciencias de la Salud";"Hombres";"Exito"
"2021-2022";"92.82";"Otras ciencias de la Salud";"Hombres";"Exito"
"2020-2021";"93.32";"Otras ciencias de la Salud";"Hombres";"Exito"
"2019-2020";"95.42";"Otras ciencias de la Salud";"Hombres";"Exito"
"2018-2019";"94.24";"Otras ciencias de la Salud";"Hombres";"Exito"
"2017-2018";"90.16";"Otras ciencias de la Salud";"Hombres";"Exito"
"2016-2017";"91.2";"Otras ciencias de la Salud";"Hombres";"Exito"
"2015-2016";"91.11";"Otras ciencias de la Salud";"Hombres";"Exito"
"2022-2023";"95.32";"Trabajo social y orientación";"Hombres";"Exito"
"2021-2022";"94.58";"Trabajo social y orientación";"Hombres";"Exito"
"2020-2021";"95.32";"Trabajo social y orientación";"Hombres";"Exito"
"2019-2020";"95.4";"Trabajo social y orientación";"Hombres";"Exito"
"2018-2019";"90.52";"Trabajo social y orientación";"Hombres";"Exito"
"2017-2018";"89.94";"Trabajo social y orientación";"Hombres";"Exito"
"2016-2017";"91.53";"Trabajo social y orientación";"Hombres";"Exito"
"2015-2016";"88.56";"Trabajo social y orientación";"Hombres";"Exito"
"2022-2023";"86.49";"Total Servicios";"Hombres";"Exito"
"2021-2022";"82.6";"Total Servicios";"Hombres";"Exito"
"2020-2021";"87.79";"Total Servicios";"Hombres";"Exito"
"2019-2020";"91.73";"Total Servicios";"Hombres";"Exito"
"2018-2019";"86.21";"Total Servicios";"Hombres";"Exito"
"2017-2018";"88.57";"Total Servicios";"Hombres";"Exito"
"2016-2017";"89.35";"Total Servicios";"Hombres";"Exito"
"2015-2016";"89.92";"Total Servicios";"Hombres";"Exito"
"2022-2023";"99.27";"Deportes";"Hombres";"Exito"
"2021-2022";"..";"Deportes";"Hombres";"Exito"
"2020-2021";"..";"Deportes";"Hombres";"Exito"
"2019-2020";"..";"Deportes";"Hombres";"Exito"
"2018-2019";"..";"Deportes";"Hombres";"Exito"
"2017-2018";"..";"Deportes";"Hombres";"Exito"
"2016-2017";"..";"Deportes";"Hombres";"Exito"
"2015-2016";"..";"Deportes";"Hombres";"Exito"
"2022-2023";"84.43";"Turismo y Hostelería";"Hombres";"Exito"
"2021-2022";"82.6";"Turismo y Hostelería";"Hombres";"Exito"
"2020-2021";"87.79";"Turismo y Hostelería";"Hombres";"Exito"
"2019-2020";"91.73";"Turismo y Hostelería";"Hombres";"Exito"
"2018-2019";"86.21";"Turismo y Hostelería";"Hombres";"Exito"
"2017-2018";"88.57";"Turismo y Hostelería";"Hombres";"Exito"
"2016-2017";"89.35";"Turismo y Hostelería";"Hombres";"Exito"
"2015-2016";"89.92";"Turismo y Hostelería";"Hombres";"Exito"
"2022-2023";"..";"Otros Servicios";"Hombres";"Exito"
"2021-2022";"..";"Otros Servicios";"Hombres";"Exito"
"2020-2021";"..";"Otros Servicios";"Hombres";"Exito"
"2019-2020";"..";"Otros Servicios";"Hombres";"Exito"
"2018-2019";"..";"Otros Servicios";"Hombres";"Exito"
"2017-2018";"..";"Otros Servicios";"Hombres";"Exito"
"2016-2017";"..";"Otros Servicios";"Hombres";"Exito"
"2015-2016";"..";"Otros Servicios";"Hombres";"Exito"
"2022-2023";"???";"Málaga";"Hombres";"Evaluacion"
"2021-2022";"???";"Málaga";"Hombres";"Evaluacion"
"2020-2021";"???";"Málaga";"Hombres";"Evaluacion"
"2019-2020";"???";"Málaga";"Hombres";"Evaluacion"
"2018-2019";"???";"Málaga";"Hombres";"Evaluacion"
"2017-2018";"???";"Málaga";"Hombres";"Evaluacion"
"2016-2017";"???";"Málaga";"Hombres";"Evaluacion"
"2015-2016";"???";"Málaga";"Hombres";"Evaluacion"
"2022-2023";"82.3";"Todos los ámbitos";"Hombres";"Evaluacion"
"2021-2022";"80.27";"Todos los ámbitos";"Hombres";"Evaluacion"
"2020-2021";"83.96";"Todos los ámbitos";"Hombres";"Evaluacion"
"2019-2020";"85.43";"Todos los ámbitos";"Hombres";"Evaluacion"
"2018-2019";"80.83";"Todos los ámbitos";"Hombres";"Evaluacion"
"2017-2018";"81.0";"Todos los ámbitos";"Hombres";"Evaluacion"
"2016-2017";"82.44";"Todos los ámbitos";"Hombres";"Evaluacion"
"2015-2016";"81.59";"Todos los ámbitos";"Hombres";"Evaluacion"
"2022-2023";"96.53";"Total Educación";"Hombres";"Evaluacion"
"2021-2022";"96.21";"Total Educación";"Hombres";"Evaluacion"
"2020-2021";"95.99";"Total Educación";"Hombres";"Evaluacion"
"2019-2020";"96.8";"Total Educación";"Hombres";"Evaluacion"
"2018-2019";"94.33";"Total Educación";"Hombres";"Evaluacion"
"2017-2018";"95.49";"Total Educación";"Hombres";"Evaluacion"
"2016-2017";"94.45";"Total Educación";"Hombres";"Evaluacion"
"2015-2016";"95.62";"Total Educación";"Hombres";"Evaluacion"
"2022-2023";"97.27";"Formación de docentes de enseñanza infantil";"Hombres";"Evaluacion"
"2021-2022";"99.74";"Formación de docentes de enseñanza infantil";"Hombres";"Evaluacion"
"2020-2021";"94.63";"Formación de docentes de enseñanza infantil";"Hombres";"Evaluacion"
"2019-2020";"95.29";"Formación de docentes de enseñanza infantil";"Hombres";"Evaluacion"
"2018-2019";"95.69";"Formación de docentes de enseñanza infantil";"Hombres";"Evaluacion"
"2017-2018";"91.04";"Formación de docentes de enseñanza infantil";"Hombres";"Evaluacion"
"2016-2017";"93.76";"Formación de docentes de enseñanza infantil";"Hombres";"Evaluacion"
"2015-2016";"90.28";"Formación de docentes de enseñanza infantil";"Hombres";"Evaluacion"
"2022-2023";"96.73";"Formación de docentes de enseñanza primaria";"Hombres";"Evaluacion"
"2021-2022";"96.42";"Formación de docentes de enseñanza primaria";"Hombres";"Evaluacion"
"2020-2021";"96.74";"Formación de docentes de enseñanza primaria";"Hombres";"Evaluacion"
"2019-2020";"97.3";"Formación de docentes de enseñanza primaria";"Hombres";"Evaluacion"
"2018-2019";"95.1";"Formación de docentes de enseñanza primaria";"Hombres";"Evaluacion"
"2017-2018";"95.8";"Formación de docentes de enseñanza primaria";"Hombres";"Evaluacion"
"2016-2017";"94.4";"Formación de docentes de enseñanza primaria";"Hombres";"Evaluacion"
"2015-2016";"95.86";"Formación de docentes de enseñanza primaria";"Hombres";"Evaluacion"
"2022-2023";"95.14";"Otra Formación de personal docente y ciencias de la educación";"Hombres";"Evaluacion"
"2021-2022";"93.92";"Otra Formación de personal docente y ciencias de la educación";"Hombres";"Evaluacion"
"2020-2021";"92.65";"Otra Formación de personal docente y ciencias de la educación";"Hombres";"Evaluacion"
"2019-2020";"94.53";"Otra Formación de personal docente y ciencias de la educación";"Hombres";"Evaluacion"
"2018-2019";"90.02";"Otra Formación de personal docente y ciencias de la educación";"Hombres";"Evaluacion"
"2017-2018";"94.98";"Otra Formación de personal docente y ciencias de la educación";"Hombres";"Evaluacion"
"2016-2017";"94.87";"Otra Formación de personal docente y ciencias de la educación";"Hombres";"Evaluacion"
"2015-2016";"95.6";"Otra Formación de personal docente y ciencias de la educación";"Hombres";"Evaluacion"
"2022-2023";"85.73";"Total Artes y humanidades";"Hombres";"Evaluacion"
"2021-2022";"84.4";"Total Artes y humanidades";"Hombres";"Evaluacion"
"2020-2021";"88.16";"Total Artes y humanidades";"Hombres";"Evaluacion"
"2019-2020";"87.04";"Total Artes y humanidades";"Hombres";"Evaluacion"
"2018-2019";"83.23";"Total Artes y humanidades";"Hombres";"Evaluacion"
"2017-2018";"83.65";"Total Artes y humanidades";"Hombres";"Evaluacion"
"2016-2017";"85.06";"Total Artes y humanidades";"Hombres";"Evaluacion"
"2015-2016";"84.98";"Total Artes y humanidades";"Hombres";"Evaluacion"
"2022-2023";"90.98";"Técnicas audiovisuales y medios de comunicación";"Hombres";"Evaluacion"
"2021-2022";"92.85";"Técnicas audiovisuales y medios de comunicación";"Hombres";"Evaluacion"
"2020-2021";"93.86";"Técnicas audiovisuales y medios de comunicación";"Hombres";"Evaluacion"
"2019-2020";"94.84";"Técnicas audiovisuales y medios de comunicación";"Hombres";"Evaluacion"
"2018-2019";"93.31";"Técnicas audiovisuales y medios de comunicación";"Hombres";"Evaluacion"
"2017-2018";"91.74";"Técnicas audiovisuales y medios de comunicación";"Hombres";"Evaluacion"
"2016-2017";"94.61";"Técnicas audiovisuales y medios de comunicación";"Hombres";"Evaluacion"
"2015-2016";"93.7";"Técnicas audiovisuales y medios de comunicación";"Hombres";"Evaluacion"
"2022-2023";"86.5";"Artes";"Hombres";"Evaluacion"
"2021-2022";"83.7";"Artes";"Hombres";"Evaluacion"
"2020-2021";"84.13";"Artes";"Hombres";"Evaluacion"
"2019-2020";"85.2";"Artes";"Hombres";"Evaluacion"
"2018-2019";"79.2";"Artes";"Hombres";"Evaluacion"
"2017-2018";"82.71";"Artes";"Hombres";"Evaluacion"
"2016-2017";"85.35";"Artes";"Hombres";"Evaluacion"
"2015-2016";"85.25";"Artes";"Hombres";"Evaluacion"
"2022-2023";"83.19";"Lenguas";"Hombres";"Evaluacion"
"2021-2022";"83.98";"Lenguas";"Hombres";"Evaluacion"
"2020-2021";"91.83";"Lenguas";"Hombres";"Evaluacion"
"2019-2020";"86.69";"Lenguas";"Hombres";"Evaluacion"
"2018-2019";"82.41";"Lenguas";"Hombres";"Evaluacion"
"2017-2018";"83.44";"Lenguas";"Hombres";"Evaluacion"
"2016-2017";"85.62";"Lenguas";"Hombres";"Evaluacion"
"2015-2016";"85.59";"Lenguas";"Hombres";"Evaluacion"
"2022-2023";"85.09";"Humanidades";"Hombres";"Evaluacion"
"2021-2022";"80.95";"Humanidades";"Hombres";"Evaluacion"
"2020-2021";"83.82";"Humanidades";"Hombres";"Evaluacion"
"2019-2020";"83.9";"Humanidades";"Hombres";"Evaluacion"
"2018-2019";"80.37";"Humanidades";"Hombres";"Evaluacion"
"2017-2018";"79.87";"Humanidades";"Hombres";"Evaluacion"
"2016-2017";"79.87";"Humanidades";"Hombres";"Evaluacion"
"2015-2016";"80.41";"Humanidades";"Hombres";"Evaluacion"
"2022-2023";"87.49";"Total Ciencias sociales, periodismo y documentación";"Hombres";"Evaluacion"
"2021-2022";"87.11";"Total Ciencias sociales, periodismo y documentación";"Hombres";"Evaluacion"
"2020-2021";"90.15";"Total Ciencias sociales, periodismo y documentación";"Hombres";"Evaluacion"
"2019-2020";"89.51";"Total Ciencias sociales, periodismo y documentación";"Hombres";"Evaluacion"
"2018-2019";"86.11";"Total Ciencias sociales, periodismo y documentación";"Hombres";"Evaluacion"
"2017-2018";"84.84";"Total Ciencias sociales, periodismo y documentación";"Hombres";"Evaluacion"
"2016-2017";"87.15";"Total Ciencias sociales, periodismo y documentación";"Hombres";"Evaluacion"
"2015-2016";"85.66";"Total Ciencias sociales, periodismo y documentación";"Hombres";"Evaluacion"
"2022-2023";"91.48";"Psicología";"Hombres";"Evaluacion"
"2021-2022";"87.82";"Psicología";"Hombres";"Evaluacion"
"2020-2021";"91.2";"Psicología";"Hombres";"Evaluacion"
"2019-2020";"91.98";"Psicología";"Hombres";"Evaluacion"
"2018-2019";"89.54";"Psicología";"Hombres";"Evaluacion"
"2017-2018";"89.81";"Psicología";"Hombres";"Evaluacion"
"2016-2017";"92.01";"Psicología";"Hombres";"Evaluacion"
"2015-2016";"92.08";"Psicología";"Hombres";"Evaluacion"
"2022-2023";"80.1";"Economía";"Hombres";"Evaluacion"
"2021-2022";"79.44";"Economía";"Hombres";"Evaluacion"
"2020-2021";"86.56";"Economía";"Hombres";"Evaluacion"
"2019-2020";"86.68";"Economía";"Hombres";"Evaluacion"
"2018-2019";"79.5";"Economía";"Hombres";"Evaluacion"
"2017-2018";"78.44";"Economía";"Hombres";"Evaluacion"
"2016-2017";"79.81";"Economía";"Hombres";"Evaluacion"
"2015-2016";"78.28";"Economía";"Hombres";"Evaluacion"
"2022-2023";"89.96";"Otras Ciencias sociales y del comportamiento";"Hombres";"Evaluacion"
"2021-2022";"91.12";"Otras Ciencias sociales y del comportamiento";"Hombres";"Evaluacion"
"2020-2021";"91.9";"Otras Ciencias sociales y del comportamiento";"Hombres";"Evaluacion"
"2019-2020";"89.14";"Otras Ciencias sociales y del comportamiento";"Hombres";"Evaluacion"
"2018-2019";"88.7";"Otras Ciencias sociales y del comportamiento";"Hombres";"Evaluacion"
"2017-2018";"88.19";"Otras Ciencias sociales y del comportamiento";"Hombres";"Evaluacion"
"2016-2017";"90.71";"Otras Ciencias sociales y del comportamiento";"Hombres";"Evaluacion"
"2015-2016";"87.29";"Otras Ciencias sociales y del comportamiento";"Hombres";"Evaluacion"
"2022-2023";"89.93";"Periodismo e información";"Hombres";"Evaluacion"
"2021-2022";"92.55";"Periodismo e información";"Hombres";"Evaluacion"
"2020-2021";"92.18";"Periodismo e información";"Hombres";"Evaluacion"
"2019-2020";"90.45";"Periodismo e información";"Hombres";"Evaluacion"
"2018-2019";"88.67";"Periodismo e información";"Hombres";"Evaluacion"
"2017-2018";"85.86";"Periodismo e información";"Hombres";"Evaluacion"
"2016-2017";"90.63";"Periodismo e información";"Hombres";"Evaluacion"
"2015-2016";"88.48";"Periodismo e información";"Hombres";"Evaluacion"
"2022-2023";"83.13";"Total Negocios, administración y derecho";"Hombres";"Evaluacion"
"2021-2022";"80.72";"Total Negocios, administración y derecho";"Hombres";"Evaluacion"
"2020-2021";"87.87";"Total Negocios, administración y derecho";"Hombres";"Evaluacion"
"2019-2020";"88.31";"Total Negocios, administración y derecho";"Hombres";"Evaluacion"
"2018-2019";"82.02";"Total Negocios, administración y derecho";"Hombres";"Evaluacion"
"2017-2018";"82.16";"Total Negocios, administración y derecho";"Hombres";"Evaluacion"
"2016-2017";"83.9";"Total Negocios, administración y derecho";"Hombres";"Evaluacion"
"2015-2016";"82.38";"Total Negocios, administración y derecho";"Hombres";"Evaluacion"
"2022-2023";"85.25";"Administración y gestión de empresas";"Hombres";"Evaluacion"
"2021-2022";"82.47";"Administración y gestión de empresas";"Hombres";"Evaluacion"
"2020-2021";"88.12";"Administración y gestión de empresas";"Hombres";"Evaluacion"
"2019-2020";"89.15";"Administración y gestión de empresas";"Hombres";"Evaluacion"
"2018-2019";"84.24";"Administración y gestión de empresas";"Hombres";"Evaluacion"
"2017-2018";"84.29";"Administración y gestión de empresas";"Hombres";"Evaluacion"
"2016-2017";"85.42";"Administración y gestión de empresas";"Hombres";"Evaluacion"
"2015-2016";"82.77";"Administración y gestión de empresas";"Hombres";"Evaluacion"
"2022-2023";"81.34";"Otra Educación comercial y empresarial";"Hombres";"Evaluacion"
"2021-2022";"78.9";"Otra Educación comercial y empresarial";"Hombres";"Evaluacion"
"2020-2021";"86.26";"Otra Educación comercial y empresarial";"Hombres";"Evaluacion"
"2019-2020";"87.17";"Otra Educación comercial y empresarial";"Hombres";"Evaluacion"
"2018-2019";"80.9";"Otra Educación comercial y empresarial";"Hombres";"Evaluacion"
"2017-2018";"80.85";"Otra Educación comercial y empresarial";"Hombres";"Evaluacion"
"2016-2017";"83.63";"Otra Educación comercial y empresarial";"Hombres";"Evaluacion"
"2015-2016";"83.04";"Otra Educación comercial y empresarial";"Hombres";"Evaluacion"
"2022-2023";"81.72";"Derecho";"Hombres";"Evaluacion"
"2021-2022";"80.17";"Derecho";"Hombres";"Evaluacion"
"2020-2021";"89.75";"Derecho";"Hombres";"Evaluacion"
"2019-2020";"88.57";"Derecho";"Hombres";"Evaluacion"
"2018-2019";"80.04";"Derecho";"Hombres";"Evaluacion"
"2017-2018";"80.66";"Derecho";"Hombres";"Evaluacion"
"2016-2017";"81.87";"Derecho";"Hombres";"Evaluacion"
"2015-2016";"80.77";"Derecho";"Hombres";"Evaluacion"
"2022-2023";"81.73";"Total Ciencias";"Hombres";"Evaluacion"
"2021-2022";"78.95";"Total Ciencias";"Hombres";"Evaluacion"
"2020-2021";"82.93";"Total Ciencias";"Hombres";"Evaluacion"
"2019-2020";"87.43";"Total Ciencias";"Hombres";"Evaluacion"
"2018-2019";"80.94";"Total Ciencias";"Hombres";"Evaluacion"
"2017-2018";"81.4";"Total Ciencias";"Hombres";"Evaluacion"
"2016-2017";"81.43";"Total Ciencias";"Hombres";"Evaluacion"
"2015-2016";"81.58";"Total Ciencias";"Hombres";"Evaluacion"
"2022-2023";"84.15";"Ciencias de la vida";"Hombres";"Evaluacion"
"2021-2022";"79.44";"Ciencias de la vida";"Hombres";"Evaluacion"
"2020-2021";"83.74";"Ciencias de la vida";"Hombres";"Evaluacion"
"2019-2020";"89.85";"Ciencias de la vida";"Hombres";"Evaluacion"
"2018-2019";"82.47";"Ciencias de la vida";"Hombres";"Evaluacion"
"2017-2018";"83.39";"Ciencias de la vida";"Hombres";"Evaluacion"
"2016-2017";"82.84";"Ciencias de la vida";"Hombres";"Evaluacion"
"2015-2016";"81.68";"Ciencias de la vida";"Hombres";"Evaluacion"
"2022-2023";"74.97";"Ciencias Físicas, químicas, geológicas";"Hombres";"Evaluacion"
"2021-2022";"75.21";"Ciencias Físicas, químicas, geológicas";"Hombres";"Evaluacion"
"2020-2021";"80.92";"Ciencias Físicas, químicas, geológicas";"Hombres";"Evaluacion"
"2019-2020";"84.25";"Ciencias Físicas, químicas, geológicas";"Hombres";"Evaluacion"
"2018-2019";"78.22";"Ciencias Físicas, químicas, geológicas";"Hombres";"Evaluacion"
"2017-2018";"79.76";"Ciencias Físicas, químicas, geológicas";"Hombres";"Evaluacion"
"2016-2017";"81.5";"Ciencias Físicas, químicas, geológicas";"Hombres";"Evaluacion"
"2015-2016";"82.97";"Ciencias Físicas, químicas, geológicas";"Hombres";"Evaluacion"
"2022-2023";"81.93";"Matemáticas y Estadística";"Hombres";"Evaluacion"
"2021-2022";"80.82";"Matemáticas y Estadística";"Hombres";"Evaluacion"
"2020-2021";"82.67";"Matemáticas y Estadística";"Hombres";"Evaluacion"
"2019-2020";"84.18";"Matemáticas y Estadística";"Hombres";"Evaluacion"
"2018-2019";"79.56";"Matemáticas y Estadística";"Hombres";"Evaluacion"
"2017-2018";"76.56";"Matemáticas y Estadística";"Hombres";"Evaluacion"
"2016-2017";"75.62";"Matemáticas y Estadística";"Hombres";"Evaluacion"
"2015-2016";"78.45";"Matemáticas y Estadística";"Hombres";"Evaluacion"
"2022-2023";"82.98";"Total Informática";"Hombres";"Evaluacion"
"2021-2022";"80.67";"Total Informática";"Hombres";"Evaluacion"
"2020-2021";"79.39";"Total Informática";"Hombres";"Evaluacion"
"2019-2020";"80.43";"Total Informática";"Hombres";"Evaluacion"
"2018-2019";"78.57";"Total Informática";"Hombres";"Evaluacion"
"2017-2018";"77.28";"Total Informática";"Hombres";"Evaluacion"
"2016-2017";"75.76";"Total Informática";"Hombres";"Evaluacion"
"2015-2016";"73.09";"Total Informática";"Hombres";"Evaluacion"
"2022-2023";"82.98";"Informática";"Hombres";"Evaluacion"
"2021-2022";"80.67";"Informática";"Hombres";"Evaluacion"
"2020-2021";"79.39";"Informática";"Hombres";"Evaluacion"
"2019-2020";"80.43";"Informática";"Hombres";"Evaluacion"
"2018-2019";"78.57";"Informática";"Hombres";"Evaluacion"
"2017-2018";"77.28";"Informática";"Hombres";"Evaluacion"
"2016-2017";"75.76";"Informática";"Hombres";"Evaluacion"
"2015-2016";"73.09";"Informática";"Hombres";"Evaluacion"
"2022-2023";"72.55";"Total Ingeniería, industria y construcción";"Hombres";"Evaluacion"
"2021-2022";"69.94";"Total Ingeniería, industria y construcción";"Hombres";"Evaluacion"
"2020-2021";"73.3";"Total Ingeniería, industria y construcción";"Hombres";"Evaluacion"
"2019-2020";"76.86";"Total Ingeniería, industria y construcción";"Hombres";"Evaluacion"
"2018-2019";"72.62";"Total Ingeniería, industria y construcción";"Hombres";"Evaluacion"
"2017-2018";"72.74";"Total Ingeniería, industria y construcción";"Hombres";"Evaluacion"
"2016-2017";"74.86";"Total Ingeniería, industria y construcción";"Hombres";"Evaluacion"
"2015-2016";"73.05";"Total Ingeniería, industria y construcción";"Hombres";"Evaluacion"
"2022-2023";"72.06";"Ingenierías";"Hombres";"Evaluacion"
"2021-2022";"69.34";"Ingenierías";"Hombres";"Evaluacion"
"2020-2021";"72.7";"Ingenierías";"Hombres";"Evaluacion"
"2019-2020";"76.54";"Ingenierías";"Hombres";"Evaluacion"
"2018-2019";"72.29";"Ingenierías";"Hombres";"Evaluacion"
"2017-2018";"72.39";"Ingenierías";"Hombres";"Evaluacion"
"2016-2017";"74.29";"Ingenierías";"Hombres";"Evaluacion"
"2015-2016";"72.65";"Ingenierías";"Hombres";"Evaluacion"
"2022-2023";"80.81";"Arquitectura y construcción";"Hombres";"Evaluacion"
"2021-2022";"79.92";"Arquitectura y construcción";"Hombres";"Evaluacion"
"2020-2021";"83.23";"Arquitectura y construcción";"Hombres";"Evaluacion"
"2019-2020";"81.81";"Arquitectura y construcción";"Hombres";"Evaluacion"
"2018-2019";"77.94";"Arquitectura y construcción";"Hombres";"Evaluacion"
"2017-2018";"78.66";"Arquitectura y construcción";"Hombres";"Evaluacion"
"2016-2017";"85.74";"Arquitectura y construcción";"Hombres";"Evaluacion"
"2015-2016";"80.33";"Arquitectura y construcción";"Hombres";"Evaluacion"
"2022-2023";"..";"Total Agricultura, ganadería,  silvicultura, pesca, y veterinaria";"Hombres";"Evaluacion"
"2021-2022";"..";"Total Agricultura, ganadería,  silvicultura, pesca, y veterinaria";"Hombres";"Evaluacion"
"2020-2021";"..";"Total Agricultura, ganadería,  silvicultura, pesca, y veterinaria";"Hombres";"Evaluacion"
"2019-2020";"..";"Total Agricultura, ganadería,  silvicultura, pesca, y veterinaria";"Hombres";"Evaluacion"
"2018-2019";"..";"Total Agricultura, ganadería,  silvicultura, pesca, y veterinaria";"Hombres";"Evaluacion"
"2017-2018";"..";"Total Agricultura, ganadería,  silvicultura, pesca, y veterinaria";"Hombres";"Evaluacion"
"2016-2017";"..";"Total Agricultura, ganadería,  silvicultura, pesca, y veterinaria";"Hombres";"Evaluacion"
"2015-2016";"..";"Total Agricultura, ganadería,  silvicultura, pesca, y veterinaria";"Hombres";"Evaluacion"
"2022-2023";"..";"Agricultura, ganadería y pesca";"Hombres";"Evaluacion"
"2021-2022";"..";"Agricultura, ganadería y pesca";"Hombres";"Evaluacion"
"2020-2021";"..";"Agricultura, ganadería y pesca";"Hombres";"Evaluacion"
"2019-2020";"..";"Agricultura, ganadería y pesca";"Hombres";"Evaluacion"
"2018-2019";"..";"Agricultura, ganadería y pesca";"Hombres";"Evaluacion"
"2017-2018";"..";"Agricultura, ganadería y pesca";"Hombres";"Evaluacion"
"2016-2017";"..";"Agricultura, ganadería y pesca";"Hombres";"Evaluacion"
"2015-2016";"..";"Agricultura, ganadería y pesca";"Hombres";"Evaluacion"
"2022-2023";"..";"Veterinaria";"Hombres";"Evaluacion"
"2021-2022";"..";"Veterinaria";"Hombres";"Evaluacion"
"2020-2021";"..";"Veterinaria";"Hombres";"Evaluacion"
"2019-2020";"..";"Veterinaria";"Hombres";"Evaluacion"
"2018-2019";"..";"Veterinaria";"Hombres";"Evaluacion"
"2017-2018";"..";"Veterinaria";"Hombres";"Evaluacion"
"2016-2017";"..";"Veterinaria";"Hombres";"Evaluacion"
"2015-2016";"..";"Veterinaria";"Hombres";"Evaluacion"
"2022-2023";"92.55";"Total Salud y servicios sociales";"Hombres";"Evaluacion"
"2021-2022";"91.96";"Total Salud y servicios sociales";"Hombres";"Evaluacion"
"2020-2021";"94.3";"Total Salud y servicios sociales";"Hombres";"Evaluacion"
"2019-2020";"94.54";"Total Salud y servicios sociales";"Hombres";"Evaluacion"
"2018-2019";"90.88";"Total Salud y servicios sociales";"Hombres";"Evaluacion"
"2017-2018";"90.04";"Total Salud y servicios sociales";"Hombres";"Evaluacion"
"2016-2017";"91.65";"Total Salud y servicios sociales";"Hombres";"Evaluacion"
"2015-2016";"91.64";"Total Salud y servicios sociales";"Hombres";"Evaluacion"
"2022-2023";"88.44";"Medicina";"Hombres";"Evaluacion"
"2021-2022";"88.21";"Medicina";"Hombres";"Evaluacion"
"2020-2021";"91.98";"Medicina";"Hombres";"Evaluacion"
"2019-2020";"94.11";"Medicina";"Hombres";"Evaluacion"
"2018-2019";"86.74";"Medicina";"Hombres";"Evaluacion"
"2017-2018";"86.82";"Medicina";"Hombres";"Evaluacion"
"2016-2017";"90.16";"Medicina";"Hombres";"Evaluacion"
"2015-2016";"89.62";"Medicina";"Hombres";"Evaluacion"
"2022-2023";"96.86";"Enfermería y atención a enfermos";"Hombres";"Evaluacion"
"2021-2022";"96.39";"Enfermería y atención a enfermos";"Hombres";"Evaluacion"
"2020-2021";"98.13";"Enfermería y atención a enfermos";"Hombres";"Evaluacion"
"2019-2020";"98.23";"Enfermería y atención a enfermos";"Hombres";"Evaluacion"
"2018-2019";"96.78";"Enfermería y atención a enfermos";"Hombres";"Evaluacion"
"2017-2018";"96.77";"Enfermería y atención a enfermos";"Hombres";"Evaluacion"
"2016-2017";"97.37";"Enfermería y atención a enfermos";"Hombres";"Evaluacion"
"2015-2016";"96.9";"Enfermería y atención a enfermos";"Hombres";"Evaluacion"
"2022-2023";"94.85";"Otras ciencias de la Salud";"Hombres";"Evaluacion"
"2021-2022";"95.01";"Otras ciencias de la Salud";"Hombres";"Evaluacion"
"2020-2021";"96.0";"Otras ciencias de la Salud";"Hombres";"Evaluacion"
"2019-2020";"95.0";"Otras ciencias de la Salud";"Hombres";"Evaluacion"
"2018-2019";"95.19";"Otras ciencias de la Salud";"Hombres";"Evaluacion"
"2017-2018";"91.15";"Otras ciencias de la Salud";"Hombres";"Evaluacion"
"2016-2017";"90.82";"Otras ciencias de la Salud";"Hombres";"Evaluacion"
"2015-2016";"91.24";"Otras ciencias de la Salud";"Hombres";"Evaluacion"
"2022-2023";"93.52";"Trabajo social y orientación";"Hombres";"Evaluacion"
"2021-2022";"88.61";"Trabajo social y orientación";"Hombres";"Evaluacion"
"2020-2021";"92.12";"Trabajo social y orientación";"Hombres";"Evaluacion"
"2019-2020";"86.32";"Trabajo social y orientación";"Hombres";"Evaluacion"
"2018-2019";"85.42";"Trabajo social y orientación";"Hombres";"Evaluacion"
"2017-2018";"86.41";"Trabajo social y orientación";"Hombres";"Evaluacion"
"2016-2017";"89.96";"Trabajo social y orientación";"Hombres";"Evaluacion"
"2015-2016";"90.36";"Trabajo social y orientación";"Hombres";"Evaluacion"
"2022-2023";"87.14";"Total Servicios";"Hombres";"Evaluacion"
"2021-2022";"85.02";"Total Servicios";"Hombres";"Evaluacion"
"2020-2021";"89.17";"Total Servicios";"Hombres";"Evaluacion"
"2019-2020";"93.58";"Total Servicios";"Hombres";"Evaluacion"
"2018-2019";"84.86";"Total Servicios";"Hombres";"Evaluacion"
"2017-2018";"86.47";"Total Servicios";"Hombres";"Evaluacion"
"2016-2017";"87.4";"Total Servicios";"Hombres";"Evaluacion"
"2015-2016";"86.95";"Total Servicios";"Hombres";"Evaluacion"
"2022-2023";"100.0";"Deportes";"Hombres";"Evaluacion"
"2021-2022";"..";"Deportes";"Hombres";"Evaluacion"
"2020-2021";"..";"Deportes";"Hombres";"Evaluacion"
"2019-2020";"..";"Deportes";"Hombres";"Evaluacion"
"2018-2019";"..";"Deportes";"Hombres";"Evaluacion"
"2017-2018";"..";"Deportes";"Hombres";"Evaluacion"
"2016-2017";"..";"Deportes";"Hombres";"Evaluacion"
"2015-2016";"..";"Deportes";"Hombres";"Evaluacion"
"2022-2023";"85.37";"Turismo y Hostelería";"Hombres";"Evaluacion"
"2021-2022";"85.02";"Turismo y Hostelería";"Hombres";"Evaluacion"
"2020-2021";"89.17";"Turismo y Hostelería";"Hombres";"Evaluacion"
"2019-2020";"93.58";"Turismo y Hostelería";"Hombres";"Evaluacion"
"2018-2019";"84.86";"Turismo y Hostelería";"Hombres";"Evaluacion"
"2017-2018";"86.47";"Turismo y Hostelería";"Hombres";"Evaluacion"
"2016-2017";"87.4";"Turismo y Hostelería";"Hombres";"Evaluacion"
"2015-2016";"86.95";"Turismo y Hostelería";"Hombres";"Evaluacion"
"2022-2023";"..";"Otros Servicios";"Hombres";"Evaluacion"
"2021-2022";"..";"Otros Servicios";"Hombres";"Evaluacion"
"2020-2021";"..";"Otros Servicios";"Hombres";"Evaluacion"
"2019-2020";"..";"Otros Servicios";"Hombres";"Evaluacion"
"2018-2019";"..";"Otros Servicios";"Hombres";"Evaluacion"
"2017-2018";"..";"Otros Servicios";"Hombres";"Evaluacion"
"2016-2017";"..";"Otros Servicios";"Hombres";"Evaluacion"
"2015-2016";"..";"Otros Servicios";"Hombres";"Evaluacion"
"2022-2023";"???";"Málaga";"Mujeres";"Rendimiento"
"2021-2022";"???";"Málaga";"Mujeres";"Rendimiento"
"2020-2021";"???";"Málaga";"Mujeres";"Rendimiento"
"2019-2020";"???";"Málaga";"Mujeres";"Rendimiento"
"2018-2019";"???";"Málaga";"Mujeres";"Rendimiento"
"2017-2018";"???";"Málaga";"Mujeres";"Rendimiento"
"2016-2017";"???";"Málaga";"Mujeres";"Rendimiento"
"2015-2016";"???";"Málaga";"Mujeres";"Rendimiento"
"2022-2023";"81.08";"Todos los ámbitos";"Mujeres";"Rendimiento"
"2021-2022";"79.6";"Todos los ámbitos";"Mujeres";"Rendimiento"
"2020-2021";"84.13";"Todos los ámbitos";"Mujeres";"Rendimiento"
"2019-2020";"87.21";"Todos los ámbitos";"Mujeres";"Rendimiento"
"2018-2019";"80.66";"Todos los ámbitos";"Mujeres";"Rendimiento"
"2017-2018";"81.32";"Todos los ámbitos";"Mujeres";"Rendimiento"
"2016-2017";"82.48";"Todos los ámbitos";"Mujeres";"Rendimiento"
"2015-2016";"81.95";"Todos los ámbitos";"Mujeres";"Rendimiento"
"2022-2023";"96.38";"Total Educación";"Mujeres";"Rendimiento"
"2021-2022";"96.55";"Total Educación";"Mujeres";"Rendimiento"
"2020-2021";"97.5";"Total Educación";"Mujeres";"Rendimiento"
"2019-2020";"97.51";"Total Educación";"Mujeres";"Rendimiento"
"2018-2019";"95.9";"Total Educación";"Mujeres";"Rendimiento"
"2017-2018";"95.88";"Total Educación";"Mujeres";"Rendimiento"
"2016-2017";"96.39";"Total Educación";"Mujeres";"Rendimiento"
"2015-2016";"96.36";"Total Educación";"Mujeres";"Rendimiento"
"2022-2023";"98.16";"Formación de docentes de enseñanza infantil";"Mujeres";"Rendimiento"
"2021-2022";"97.28";"Formación de docentes de enseñanza infantil";"Mujeres";"Rendimiento"
"2020-2021";"97.33";"Formación de docentes de enseñanza infantil";"Mujeres";"Rendimiento"
"2019-2020";"98.06";"Formación de docentes de enseñanza infantil";"Mujeres";"Rendimiento"
"2018-2019";"96.95";"Formación de docentes de enseñanza infantil";"Mujeres";"Rendimiento"
"2017-2018";"97.06";"Formación de docentes de enseñanza infantil";"Mujeres";"Rendimiento"
"2016-2017";"97.19";"Formación de docentes de enseñanza infantil";"Mujeres";"Rendimiento"
"2015-2016";"97.21";"Formación de docentes de enseñanza infantil";"Mujeres";"Rendimiento"
"2022-2023";"96.74";"Formación de docentes de enseñanza primaria";"Mujeres";"Rendimiento"
"2021-2022";"97.34";"Formación de docentes de enseñanza primaria";"Mujeres";"Rendimiento"
"2020-2021";"98.31";"Formación de docentes de enseñanza primaria";"Mujeres";"Rendimiento"
"2019-2020";"97.97";"Formación de docentes de enseñanza primaria";"Mujeres";"Rendimiento"
"2018-2019";"96.23";"Formación de docentes de enseñanza primaria";"Mujeres";"Rendimiento"
"2017-2018";"95.84";"Formación de docentes de enseñanza primaria";"Mujeres";"Rendimiento"
"2016-2017";"96.06";"Formación de docentes de enseñanza primaria";"Mujeres";"Rendimiento"
"2015-2016";"95.59";"Formación de docentes de enseñanza primaria";"Mujeres";"Rendimiento"
"2022-2023";"93.12";"Otra Formación de personal docente y ciencias de la educación";"Mujeres";"Rendimiento"
"2021-2022";"93.69";"Otra Formación de personal docente y ciencias de la educación";"Mujeres";"Rendimiento"
"2020-2021";"95.94";"Otra Formación de personal docente y ciencias de la educación";"Mujeres";"Rendimiento"
"2019-2020";"95.76";"Otra Formación de personal docente y ciencias de la educación";"Mujeres";"Rendimiento"
"2018-2019";"93.72";"Otra Formación de personal docente y ciencias de la educación";"Mujeres";"Rendimiento"
"2017-2018";"94.31";"Otra Formación de personal docente y ciencias de la educación";"Mujeres";"Rendimiento"
"2016-2017";"95.89";"Otra Formación de personal docente y ciencias de la educación";"Mujeres";"Rendimiento"
"2015-2016";"96.64";"Otra Formación de personal docente y ciencias de la educación";"Mujeres";"Rendimiento"
"2022-2023";"81.01";"Total Artes y humanidades";"Mujeres";"Rendimiento"
"2021-2022";"79.24";"Total Artes y humanidades";"Mujeres";"Rendimiento"
"2020-2021";"85.25";"Total Artes y humanidades";"Mujeres";"Rendimiento"
"2019-2020";"87.42";"Total Artes y humanidades";"Mujeres";"Rendimiento"
"2018-2019";"80.23";"Total Artes y humanidades";"Mujeres";"Rendimiento"
"2017-2018";"80.15";"Total Artes y humanidades";"Mujeres";"Rendimiento"
"2016-2017";"81.04";"Total Artes y humanidades";"Mujeres";"Rendimiento"
"2015-2016";"80.63";"Total Artes y humanidades";"Mujeres";"Rendimiento"
"2022-2023";"93.49";"Técnicas audiovisuales y medios de comunicación";"Mujeres";"Rendimiento"
"2021-2022";"91.65";"Técnicas audiovisuales y medios de comunicación";"Mujeres";"Rendimiento"
"2020-2021";"94.24";"Técnicas audiovisuales y medios de comunicación";"Mujeres";"Rendimiento"
"2019-2020";"93.04";"Técnicas audiovisuales y medios de comunicación";"Mujeres";"Rendimiento"
"2018-2019";"89.52";"Técnicas audiovisuales y medios de comunicación";"Mujeres";"Rendimiento"
"2017-2018";"87.91";"Técnicas audiovisuales y medios de comunicación";"Mujeres";"Rendimiento"
"2016-2017";"91.46";"Técnicas audiovisuales y medios de comunicación";"Mujeres";"Rendimiento"
"2015-2016";"91.47";"Técnicas audiovisuales y medios de comunicación";"Mujeres";"Rendimiento"
"2022-2023";"79.85";"Artes";"Mujeres";"Rendimiento"
"2021-2022";"80.2";"Artes";"Mujeres";"Rendimiento"
"2020-2021";"85.16";"Artes";"Mujeres";"Rendimiento"
"2019-2020";"86.19";"Artes";"Mujeres";"Rendimiento"
"2018-2019";"80.65";"Artes";"Mujeres";"Rendimiento"
"2017-2018";"80.79";"Artes";"Mujeres";"Rendimiento"
"2016-2017";"79.88";"Artes";"Mujeres";"Rendimiento"
"2015-2016";"81.16";"Artes";"Mujeres";"Rendimiento"
"2022-2023";"79.98";"Lenguas";"Mujeres";"Rendimiento"
"2021-2022";"77.6";"Lenguas";"Mujeres";"Rendimiento"
"2020-2021";"84.7";"Lenguas";"Mujeres";"Rendimiento"
"2019-2020";"88.3";"Lenguas";"Mujeres";"Rendimiento"
"2018-2019";"80.22";"Lenguas";"Mujeres";"Rendimiento"
"2017-2018";"80.39";"Lenguas";"Mujeres";"Rendimiento"
"2016-2017";"81.22";"Lenguas";"Mujeres";"Rendimiento"
"2015-2016";"79.97";"Lenguas";"Mujeres";"Rendimiento"
"2022-2023";"74.11";"Humanidades";"Mujeres";"Rendimiento"
"2021-2022";"71.25";"Humanidades";"Mujeres";"Rendimiento"
"2020-2021";"78.46";"Humanidades";"Mujeres";"Rendimiento"
"2019-2020";"79.61";"Humanidades";"Mujeres";"Rendimiento"
"2018-2019";"70.36";"Humanidades";"Mujeres";"Rendimiento"
"2017-2018";"70.32";"Humanidades";"Mujeres";"Rendimiento"
"2016-2017";"72.36";"Humanidades";"Mujeres";"Rendimiento"
"2015-2016";"73.62";"Humanidades";"Mujeres";"Rendimiento"
"2022-2023";"84.71";"Total Ciencias sociales, periodismo y documentación";"Mujeres";"Rendimiento"
"2021-2022";"83.78";"Total Ciencias sociales, periodismo y documentación";"Mujeres";"Rendimiento"
"2020-2021";"87.79";"Total Ciencias sociales, periodismo y documentación";"Mujeres";"Rendimiento"
"2019-2020";"89.84";"Total Ciencias sociales, periodismo y documentación";"Mujeres";"Rendimiento"
"2018-2019";"84.82";"Total Ciencias sociales, periodismo y documentación";"Mujeres";"Rendimiento"
"2017-2018";"86.15";"Total Ciencias sociales, periodismo y documentación";"Mujeres";"Rendimiento"
"2016-2017";"84.82";"Total Ciencias sociales, periodismo y documentación";"Mujeres";"Rendimiento"
"2015-2016";"83.74";"Total Ciencias sociales, periodismo y documentación";"Mujeres";"Rendimiento"
"2022-2023";"86.86";"Psicología";"Mujeres";"Rendimiento"
"2021-2022";"85.63";"Psicología";"Mujeres";"Rendimiento"
"2020-2021";"86.94";"Psicología";"Mujeres";"Rendimiento"
"2019-2020";"92.34";"Psicología";"Mujeres";"Rendimiento"
"2018-2019";"87.13";"Psicología";"Mujeres";"Rendimiento"
"2017-2018";"88.46";"Psicología";"Mujeres";"Rendimiento"
"2016-2017";"88.56";"Psicología";"Mujeres";"Rendimiento"
"2015-2016";"87.97";"Psicología";"Mujeres";"Rendimiento"
"2022-2023";"67.85";"Economía";"Mujeres";"Rendimiento"
"2021-2022";"69.14";"Economía";"Mujeres";"Rendimiento"
"2020-2021";"83.35";"Economía";"Mujeres";"Rendimiento"
"2019-2020";"84.29";"Economía";"Mujeres";"Rendimiento"
"2018-2019";"73.22";"Economía";"Mujeres";"Rendimiento"
"2017-2018";"74.22";"Economía";"Mujeres";"Rendimiento"
"2016-2017";"65.88";"Economía";"Mujeres";"Rendimiento"
"2015-2016";"65.16";"Economía";"Mujeres";"Rendimiento"
"2022-2023";"86.74";"Otras Ciencias sociales y del comportamiento";"Mujeres";"Rendimiento"
"2021-2022";"86.37";"Otras Ciencias sociales y del comportamiento";"Mujeres";"Rendimiento"
"2020-2021";"89.65";"Otras Ciencias sociales y del comportamiento";"Mujeres";"Rendimiento"
"2019-2020";"89.06";"Otras Ciencias sociales y del comportamiento";"Mujeres";"Rendimiento"
"2018-2019";"85.52";"Otras Ciencias sociales y del comportamiento";"Mujeres";"Rendimiento"
"2017-2018";"89.38";"Otras Ciencias sociales y del comportamiento";"Mujeres";"Rendimiento"
"2016-2017";"87.99";"Otras Ciencias sociales y del comportamiento";"Mujeres";"Rendimiento"
"2015-2016";"86.71";"Otras Ciencias sociales y del comportamiento";"Mujeres";"Rendimiento"
"2022-2023";"85.96";"Periodismo e información";"Mujeres";"Rendimiento"
"2021-2022";"83.99";"Periodismo e información";"Mujeres";"Rendimiento"
"2020-2021";"90.23";"Periodismo e información";"Mujeres";"Rendimiento"
"2019-2020";"87.57";"Periodismo e información";"Mujeres";"Rendimiento"
"2018-2019";"86.16";"Periodismo e información";"Mujeres";"Rendimiento"
"2017-2018";"85.57";"Periodismo e información";"Mujeres";"Rendimiento"
"2016-2017";"86.83";"Periodismo e información";"Mujeres";"Rendimiento"
"2015-2016";"86.41";"Periodismo e información";"Mujeres";"Rendimiento"
"2022-2023";"75.32";"Total Negocios, administración y derecho";"Mujeres";"Rendimiento"
"2021-2022";"72.68";"Total Negocios, administración y derecho";"Mujeres";"Rendimiento"
"2020-2021";"80.9";"Total Negocios, administración y derecho";"Mujeres";"Rendimiento"
"2019-2020";"83.0";"Total Negocios, administración y derecho";"Mujeres";"Rendimiento"
"2018-2019";"73.24";"Total Negocios, administración y derecho";"Mujeres";"Rendimiento"
"2017-2018";"74.89";"Total Negocios, administración y derecho";"Mujeres";"Rendimiento"
"2016-2017";"76.33";"Total Negocios, administración y derecho";"Mujeres";"Rendimiento"
"2015-2016";"76.03";"Total Negocios, administración y derecho";"Mujeres";"Rendimiento"
"2022-2023";"78.43";"Administración y gestión de empresas";"Mujeres";"Rendimiento"
"2021-2022";"75.93";"Administración y gestión de empresas";"Mujeres";"Rendimiento"
"2020-2021";"84.45";"Administración y gestión de empresas";"Mujeres";"Rendimiento"
"2019-2020";"83.92";"Administración y gestión de empresas";"Mujeres";"Rendimiento"
"2018-2019";"75.16";"Administración y gestión de empresas";"Mujeres";"Rendimiento"
"2017-2018";"76.29";"Administración y gestión de empresas";"Mujeres";"Rendimiento"
"2016-2017";"76.96";"Administración y gestión de empresas";"Mujeres";"Rendimiento"
"2015-2016";"76.4";"Administración y gestión de empresas";"Mujeres";"Rendimiento"
"2022-2023";"79.14";"Otra Educación comercial y empresarial";"Mujeres";"Rendimiento"
"2021-2022";"75.89";"Otra Educación comercial y empresarial";"Mujeres";"Rendimiento"
"2020-2021";"82.52";"Otra Educación comercial y empresarial";"Mujeres";"Rendimiento"
"2019-2020";"83.76";"Otra Educación comercial y empresarial";"Mujeres";"Rendimiento"
"2018-2019";"73.33";"Otra Educación comercial y empresarial";"Mujeres";"Rendimiento"
"2017-2018";"76.62";"Otra Educación comercial y empresarial";"Mujeres";"Rendimiento"
"2016-2017";"78.9";"Otra Educación comercial y empresarial";"Mujeres";"Rendimiento"
"2015-2016";"78.23";"Otra Educación comercial y empresarial";"Mujeres";"Rendimiento"
"2022-2023";"67.53";"Derecho";"Mujeres";"Rendimiento"
"2021-2022";"65.66";"Derecho";"Mujeres";"Rendimiento"
"2020-2021";"74.73";"Derecho";"Mujeres";"Rendimiento"
"2019-2020";"81.04";"Derecho";"Mujeres";"Rendimiento"
"2018-2019";"70.76";"Derecho";"Mujeres";"Rendimiento"
"2017-2018";"71.28";"Derecho";"Mujeres";"Rendimiento"
"2016-2017";"72.63";"Derecho";"Mujeres";"Rendimiento"
"2015-2016";"73.01";"Derecho";"Mujeres";"Rendimiento"
"2022-2023";"65.66";"Total Ciencias";"Mujeres";"Rendimiento"
"2021-2022";"63.54";"Total Ciencias";"Mujeres";"Rendimiento"
"2020-2021";"67.34";"Total Ciencias";"Mujeres";"Rendimiento"
"2019-2020";"77.07";"Total Ciencias";"Mujeres";"Rendimiento"
"2018-2019";"64.02";"Total Ciencias";"Mujeres";"Rendimiento"
"2017-2018";"67.27";"Total Ciencias";"Mujeres";"Rendimiento"
"2016-2017";"68.06";"Total Ciencias";"Mujeres";"Rendimiento"
"2015-2016";"67.23";"Total Ciencias";"Mujeres";"Rendimiento"
"2022-2023";"69.16";"Ciencias de la vida";"Mujeres";"Rendimiento"
"2021-2022";"66.76";"Ciencias de la vida";"Mujeres";"Rendimiento"
"2020-2021";"70.24";"Ciencias de la vida";"Mujeres";"Rendimiento"
"2019-2020";"78.9";"Ciencias de la vida";"Mujeres";"Rendimiento"
"2018-2019";"65.45";"Ciencias de la vida";"Mujeres";"Rendimiento"
"2017-2018";"68.25";"Ciencias de la vida";"Mujeres";"Rendimiento"
"2016-2017";"69.77";"Ciencias de la vida";"Mujeres";"Rendimiento"
"2015-2016";"68.09";"Ciencias de la vida";"Mujeres";"Rendimiento"
"2022-2023";"53.55";"Ciencias Físicas, químicas, geológicas";"Mujeres";"Rendimiento"
"2021-2022";"50.9";"Ciencias Físicas, químicas, geológicas";"Mujeres";"Rendimiento"
"2020-2021";"61.15";"Ciencias Físicas, químicas, geológicas";"Mujeres";"Rendimiento"
"2019-2020";"74.05";"Ciencias Físicas, químicas, geológicas";"Mujeres";"Rendimiento"
"2018-2019";"60.35";"Ciencias Físicas, químicas, geológicas";"Mujeres";"Rendimiento"
"2017-2018";"64.41";"Ciencias Físicas, químicas, geológicas";"Mujeres";"Rendimiento"
"2016-2017";"64.29";"Ciencias Físicas, químicas, geológicas";"Mujeres";"Rendimiento"
"2015-2016";"66.81";"Ciencias Físicas, químicas, geológicas";"Mujeres";"Rendimiento"
"2022-2023";"63.42";"Matemáticas y Estadística";"Mujeres";"Rendimiento"
"2021-2022";"63.75";"Matemáticas y Estadística";"Mujeres";"Rendimiento"
"2020-2021";"60.9";"Matemáticas y Estadística";"Mujeres";"Rendimiento"
"2019-2020";"71.48";"Matemáticas y Estadística";"Mujeres";"Rendimiento"
"2018-2019";"60.74";"Matemáticas y Estadística";"Mujeres";"Rendimiento"
"2017-2018";"65.89";"Matemáticas y Estadística";"Mujeres";"Rendimiento"
"2016-2017";"63.18";"Matemáticas y Estadística";"Mujeres";"Rendimiento"
"2015-2016";"62.32";"Matemáticas y Estadística";"Mujeres";"Rendimiento"
"2022-2023";"66.16";"Total Informática";"Mujeres";"Rendimiento"
"2021-2022";"63.92";"Total Informática";"Mujeres";"Rendimiento"
"2020-2021";"65.39";"Total Informática";"Mujeres";"Rendimiento"
"2019-2020";"66.77";"Total Informática";"Mujeres";"Rendimiento"
"2018-2019";"63.72";"Total Informática";"Mujeres";"Rendimiento"
"2017-2018";"57.17";"Total Informática";"Mujeres";"Rendimiento"
"2016-2017";"58.9";"Total Informática";"Mujeres";"Rendimiento"
"2015-2016";"54.84";"Total Informática";"Mujeres";"Rendimiento"
"2022-2023";"66.16";"Informática";"Mujeres";"Rendimiento"
"2021-2022";"63.92";"Informática";"Mujeres";"Rendimiento"
"2020-2021";"65.39";"Informática";"Mujeres";"Rendimiento"
"2019-2020";"66.77";"Informática";"Mujeres";"Rendimiento"
"2018-2019";"63.72";"Informática";"Mujeres";"Rendimiento"
"2017-2018";"57.17";"Informática";"Mujeres";"Rendimiento"
"2016-2017";"58.9";"Informática";"Mujeres";"Rendimiento"
"2015-2016";"54.84";"Informática";"Mujeres";"Rendimiento"
"2022-2023";"59.56";"Total Ingeniería, industria y construcción";"Mujeres";"Rendimiento"
"2021-2022";"55.96";"Total Ingeniería, industria y construcción";"Mujeres";"Rendimiento"
"2020-2021";"60.54";"Total Ingeniería, industria y construcción";"Mujeres";"Rendimiento"
"2019-2020";"70.19";"Total Ingeniería, industria y construcción";"Mujeres";"Rendimiento"
"2018-2019";"60.69";"Total Ingeniería, industria y construcción";"Mujeres";"Rendimiento"
"2017-2018";"59.7";"Total Ingeniería, industria y construcción";"Mujeres";"Rendimiento"
"2016-2017";"63.94";"Total Ingeniería, industria y construcción";"Mujeres";"Rendimiento"
"2015-2016";"62.39";"Total Ingeniería, industria y construcción";"Mujeres";"Rendimiento"
"2022-2023";"55.76";"Ingenierías";"Mujeres";"Rendimiento"
"2021-2022";"52.7";"Ingenierías";"Mujeres";"Rendimiento"
"2020-2021";"57.16";"Ingenierías";"Mujeres";"Rendimiento"
"2019-2020";"67.96";"Ingenierías";"Mujeres";"Rendimiento"
"2018-2019";"58.01";"Ingenierías";"Mujeres";"Rendimiento"
"2017-2018";"56.69";"Ingenierías";"Mujeres";"Rendimiento"
"2016-2017";"61.09";"Ingenierías";"Mujeres";"Rendimiento"
"2015-2016";"59.53";"Ingenierías";"Mujeres";"Rendimiento"
"2022-2023";"78.52";"Arquitectura y construcción";"Mujeres";"Rendimiento"
"2021-2022";"73.61";"Arquitectura y construcción";"Mujeres";"Rendimiento"
"2020-2021";"79.02";"Arquitectura y construcción";"Mujeres";"Rendimiento"
"2019-2020";"82.37";"Arquitectura y construcción";"Mujeres";"Rendimiento"
"2018-2019";"74.22";"Arquitectura y construcción";"Mujeres";"Rendimiento"
"2017-2018";"75.86";"Arquitectura y construcción";"Mujeres";"Rendimiento"
"2016-2017";"78.75";"Arquitectura y construcción";"Mujeres";"Rendimiento"
"2015-2016";"78.16";"Arquitectura y construcción";"Mujeres";"Rendimiento"
"2022-2023";"..";"Total Agricultura, ganadería,  silvicultura, pesca, y veterinaria";"Mujeres";"Rendimiento"
"2021-2022";"..";"Total Agricultura, ganadería,  silvicultura, pesca, y veterinaria";"Mujeres";"Rendimiento"
"2020-2021";"..";"Total Agricultura, ganadería,  silvicultura, pesca, y veterinaria";"Mujeres";"Rendimiento"
"2019-2020";"..";"Total Agricultura, ganadería,  silvicultura, pesca, y veterinaria";"Mujeres";"Rendimiento"
"2018-2019";"..";"Total Agricultura, ganadería,  silvicultura, pesca, y veterinaria";"Mujeres";"Rendimiento"
"2017-2018";"..";"Total Agricultura, ganadería,  silvicultura, pesca, y veterinaria";"Mujeres";"Rendimiento"
"2016-2017";"..";"Total Agricultura, ganadería,  silvicultura, pesca, y veterinaria";"Mujeres";"Rendimiento"
"2015-2016";"..";"Total Agricultura, ganadería,  silvicultura, pesca, y veterinaria";"Mujeres";"Rendimiento"
"2022-2023";"..";"Agricultura, ganadería y pesca";"Mujeres";"Rendimiento"
"2021-2022";"..";"Agricultura, ganadería y pesca";"Mujeres";"Rendimiento"
"2020-2021";"..";"Agricultura, ganadería y pesca";"Mujeres";"Rendimiento"
"2019-2020";"..";"Agricultura, ganadería y pesca";"Mujeres";"Rendimiento"
"2018-2019";"..";"Agricultura, ganadería y pesca";"Mujeres";"Rendimiento"
"2017-2018";"..";"Agricultura, ganadería y pesca";"Mujeres";"Rendimiento"
"2016-2017";"..";"Agricultura, ganadería y pesca";"Mujeres";"Rendimiento"
"2015-2016";"..";"Agricultura, ganadería y pesca";"Mujeres";"Rendimiento"
"2022-2023";"..";"Veterinaria";"Mujeres";"Rendimiento"
"2021-2022";"..";"Veterinaria";"Mujeres";"Rendimiento"
"2020-2021";"..";"Veterinaria";"Mujeres";"Rendimiento"
"2019-2020";"..";"Veterinaria";"Mujeres";"Rendimiento"
"2018-2019";"..";"Veterinaria";"Mujeres";"Rendimiento"
"2017-2018";"..";"Veterinaria";"Mujeres";"Rendimiento"
"2016-2017";"..";"Veterinaria";"Mujeres";"Rendimiento"
"2015-2016";"..";"Veterinaria";"Mujeres";"Rendimiento"
"2022-2023";"90.94";"Total Salud y servicios sociales";"Mujeres";"Rendimiento"
"2021-2022";"89.93";"Total Salud y servicios sociales";"Mujeres";"Rendimiento"
"2020-2021";"91.84";"Total Salud y servicios sociales";"Mujeres";"Rendimiento"
"2019-2020";"93.88";"Total Salud y servicios sociales";"Mujeres";"Rendimiento"
"2018-2019";"90.22";"Total Salud y servicios sociales";"Mujeres";"Rendimiento"
"2017-2018";"89.37";"Total Salud y servicios sociales";"Mujeres";"Rendimiento"
"2016-2017";"90.94";"Total Salud y servicios sociales";"Mujeres";"Rendimiento"
"2015-2016";"90.1";"Total Salud y servicios sociales";"Mujeres";"Rendimiento"
"2022-2023";"87.53";"Medicina";"Mujeres";"Rendimiento"
"2021-2022";"85.48";"Medicina";"Mujeres";"Rendimiento"
"2020-2021";"88.6";"Medicina";"Mujeres";"Rendimiento"
"2019-2020";"91.68";"Medicina";"Mujeres";"Rendimiento"
"2018-2019";"86.26";"Medicina";"Mujeres";"Rendimiento"
"2017-2018";"86.13";"Medicina";"Mujeres";"Rendimiento"
"2016-2017";"88.82";"Medicina";"Mujeres";"Rendimiento"
"2015-2016";"88.01";"Medicina";"Mujeres";"Rendimiento"
"2022-2023";"93.83";"Enfermería y atención a enfermos";"Mujeres";"Rendimiento"
"2021-2022";"94.0";"Enfermería y atención a enfermos";"Mujeres";"Rendimiento"
"2020-2021";"95.53";"Enfermería y atención a enfermos";"Mujeres";"Rendimiento"
"2019-2020";"97.13";"Enfermería y atención a enfermos";"Mujeres";"Rendimiento"
"2018-2019";"94.79";"Enfermería y atención a enfermos";"Mujeres";"Rendimiento"
"2017-2018";"95.38";"Enfermería y atención a enfermos";"Mujeres";"Rendimiento"
"2016-2017";"95.07";"Enfermería y atención a enfermos";"Mujeres";"Rendimiento"
"2015-2016";"95.08";"Enfermería y atención a enfermos";"Mujeres";"Rendimiento"
"2022-2023";"90.88";"Otras ciencias de la Salud";"Mujeres";"Rendimiento"
"2021-2022";"90.41";"Otras ciencias de la Salud";"Mujeres";"Rendimiento"
"2020-2021";"91.66";"Otras ciencias de la Salud";"Mujeres";"Rendimiento"
"2019-2020";"94.1";"Otras ciencias de la Salud";"Mujeres";"Rendimiento"
"2018-2019";"91.23";"Otras ciencias de la Salud";"Mujeres";"Rendimiento"
"2017-2018";"88.44";"Otras ciencias de la Salud";"Mujeres";"Rendimiento"
"2016-2017";"90.03";"Otras ciencias de la Salud";"Mujeres";"Rendimiento"
"2015-2016";"88.74";"Otras ciencias de la Salud";"Mujeres";"Rendimiento"
"2022-2023";"92.17";"Trabajo social y orientación";"Mujeres";"Rendimiento"
"2021-2022";"89.82";"Trabajo social y orientación";"Mujeres";"Rendimiento"
"2020-2021";"91.45";"Trabajo social y orientación";"Mujeres";"Rendimiento"
"2019-2020";"92.1";"Trabajo social y orientación";"Mujeres";"Rendimiento"
"2018-2019";"87.91";"Trabajo social y orientación";"Mujeres";"Rendimiento"
"2017-2018";"87.53";"Trabajo social y orientación";"Mujeres";"Rendimiento"
"2016-2017";"89.75";"Trabajo social y orientación";"Mujeres";"Rendimiento"
"2015-2016";"88.18";"Trabajo social y orientación";"Mujeres";"Rendimiento"
"2022-2023";"77.83";"Total Servicios";"Mujeres";"Rendimiento"
"2021-2022";"78.34";"Total Servicios";"Mujeres";"Rendimiento"
"2020-2021";"85.61";"Total Servicios";"Mujeres";"Rendimiento"
"2019-2020";"89.45";"Total Servicios";"Mujeres";"Rendimiento"
"2018-2019";"79.6";"Total Servicios";"Mujeres";"Rendimiento"
"2017-2018";"81.99";"Total Servicios";"Mujeres";"Rendimiento"
"2016-2017";"83.15";"Total Servicios";"Mujeres";"Rendimiento"
"2015-2016";"83.88";"Total Servicios";"Mujeres";"Rendimiento"
"2022-2023";"..";"Deportes";"Mujeres";"Rendimiento"
"2021-2022";"..";"Deportes";"Mujeres";"Rendimiento"
"2020-2021";"..";"Deportes";"Mujeres";"Rendimiento"
"2019-2020";"..";"Deportes";"Mujeres";"Rendimiento"
"2018-2019";"..";"Deportes";"Mujeres";"Rendimiento"
"2017-2018";"..";"Deportes";"Mujeres";"Rendimiento"
"2016-2017";"..";"Deportes";"Mujeres";"Rendimiento"
"2015-2016";"..";"Deportes";"Mujeres";"Rendimiento"
"2022-2023";"77.26";"Turismo y Hostelería";"Mujeres";"Rendimiento"
"2021-2022";"78.34";"Turismo y Hostelería";"Mujeres";"Rendimiento"
"2020-2021";"85.61";"Turismo y Hostelería";"Mujeres";"Rendimiento"
"2019-2020";"89.45";"Turismo y Hostelería";"Mujeres";"Rendimiento"
"2018-2019";"79.6";"Turismo y Hostelería";"Mujeres";"Rendimiento"
"2017-2018";"81.99";"Turismo y Hostelería";"Mujeres";"Rendimiento"
"2016-2017";"83.15";"Turismo y Hostelería";"Mujeres";"Rendimiento"
"2015-2016";"83.88";"Turismo y Hostelería";"Mujeres";"Rendimiento"
"2022-2023";"..";"Otros Servicios";"Mujeres";"Rendimiento"
"2021-2022";"..";"Otros Servicios";"Mujeres";"Rendimiento"
"2020-2021";"..";"Otros Servicios";"Mujeres";"Rendimiento"
"2019-2020";"..";"Otros Servicios";"Mujeres";"Rendimiento"
"2018-2019";"..";"Otros Servicios";"Mujeres";"Rendimiento"
"2017-2018";"..";"Otros Servicios";"Mujeres";"Rendimiento"
"2016-2017";"..";"Otros Servicios";"Mujeres";"Rendimiento"
"2015-2016";"..";"Otros Servicios";"Mujeres";"Rendimiento"
"2022-2023";"???";"Málaga";"Mujeres";"Exito"
"2021-2022";"???";"Málaga";"Mujeres";"Exito"
"2020-2021";"???";"Málaga";"Mujeres";"Exito"
"2019-2020";"???";"Málaga";"Mujeres";"Exito"
"2018-2019";"???";"Málaga";"Mujeres";"Exito"
"2017-2018";"???";"Málaga";"Mujeres";"Exito"
"2016-2017";"???";"Málaga";"Mujeres";"Exito"
"2015-2016";"???";"Málaga";"Mujeres";"Exito"
"2022-2023";"89.59";"Todos los ámbitos";"Mujeres";"Exito"
"2021-2022";"88.87";"Todos los ámbitos";"Mujeres";"Exito"
"2020-2021";"91.18";"Todos los ámbitos";"Mujeres";"Exito"
"2019-2020";"93.34";"Todos los ámbitos";"Mujeres";"Exito"
"2018-2019";"89.88";"Todos los ámbitos";"Mujeres";"Exito"
"2017-2018";"90.33";"Todos los ámbitos";"Mujeres";"Exito"
"2016-2017";"90.62";"Todos los ámbitos";"Mujeres";"Exito"
"2015-2016";"90.27";"Todos los ámbitos";"Mujeres";"Exito"
"2022-2023";"98.37";"Total Educación";"Mujeres";"Exito"
"2021-2022";"98.47";"Total Educación";"Mujeres";"Exito"
"2020-2021";"98.9";"Total Educación";"Mujeres";"Exito"
"2019-2020";"99.04";"Total Educación";"Mujeres";"Exito"
"2018-2019";"98.34";"Total Educación";"Mujeres";"Exito"
"2017-2018";"98.42";"Total Educación";"Mujeres";"Exito"
"2016-2017";"98.5";"Total Educación";"Mujeres";"Exito"
"2015-2016";"98.22";"Total Educación";"Mujeres";"Exito"
"2022-2023";"98.89";"Formación de docentes de enseñanza infantil";"Mujeres";"Exito"
"2021-2022";"98.31";"Formación de docentes de enseñanza infantil";"Mujeres";"Exito"
"2020-2021";"98.96";"Formación de docentes de enseñanza infantil";"Mujeres";"Exito"
"2019-2020";"99.11";"Formación de docentes de enseñanza infantil";"Mujeres";"Exito"
"2018-2019";"98.75";"Formación de docentes de enseñanza infantil";"Mujeres";"Exito"
"2017-2018";"98.81";"Formación de docentes de enseñanza infantil";"Mujeres";"Exito"
"2016-2017";"98.87";"Formación de docentes de enseñanza infantil";"Mujeres";"Exito"
"2015-2016";"98.74";"Formación de docentes de enseñanza infantil";"Mujeres";"Exito"
"2022-2023";"98.77";"Formación de docentes de enseñanza primaria";"Mujeres";"Exito"
"2021-2022";"99.04";"Formación de docentes de enseñanza primaria";"Mujeres";"Exito"
"2020-2021";"99.13";"Formación de docentes de enseñanza primaria";"Mujeres";"Exito"
"2019-2020";"99.43";"Formación de docentes de enseñanza primaria";"Mujeres";"Exito"
"2018-2019";"98.43";"Formación de docentes de enseñanza primaria";"Mujeres";"Exito"
"2017-2018";"98.34";"Formación de docentes de enseñanza primaria";"Mujeres";"Exito"
"2016-2017";"98.34";"Formación de docentes de enseñanza primaria";"Mujeres";"Exito"
"2015-2016";"97.68";"Formación de docentes de enseñanza primaria";"Mujeres";"Exito"
"2022-2023";"96.69";"Otra Formación de personal docente y ciencias de la educación";"Mujeres";"Exito"
"2021-2022";"97.38";"Otra Formación de personal docente y ciencias de la educación";"Mujeres";"Exito"
"2020-2021";"98.29";"Otra Formación de personal docente y ciencias de la educación";"Mujeres";"Exito"
"2019-2020";"98.11";"Otra Formación de personal docente y ciencias de la educación";"Mujeres";"Exito"
"2018-2019";"97.54";"Otra Formación de personal docente y ciencias de la educación";"Mujeres";"Exito"
"2017-2018";"98.02";"Otra Formación de personal docente y ciencias de la educación";"Mujeres";"Exito"
"2016-2017";"98.26";"Otra Formación de personal docente y ciencias de la educación";"Mujeres";"Exito"
"2015-2016";"98.54";"Otra Formación de personal docente y ciencias de la educación";"Mujeres";"Exito"
"2022-2023";"90.89";"Total Artes y humanidades";"Mujeres";"Exito"
"2021-2022";"89.38";"Total Artes y humanidades";"Mujeres";"Exito"
"2020-2021";"92.43";"Total Artes y humanidades";"Mujeres";"Exito"
"2019-2020";"94.52";"Total Artes y humanidades";"Mujeres";"Exito"
"2018-2019";"90.76";"Total Artes y humanidades";"Mujeres";"Exito"
"2017-2018";"90.85";"Total Artes y humanidades";"Mujeres";"Exito"
"2016-2017";"91.04";"Total Artes y humanidades";"Mujeres";"Exito"
"2015-2016";"90.63";"Total Artes y humanidades";"Mujeres";"Exito"
"2022-2023";"97.63";"Técnicas audiovisuales y medios de comunicación";"Mujeres";"Exito"
"2021-2022";"95.28";"Técnicas audiovisuales y medios de comunicación";"Mujeres";"Exito"
"2020-2021";"96.77";"Técnicas audiovisuales y medios de comunicación";"Mujeres";"Exito"
"2019-2020";"97.51";"Técnicas audiovisuales y medios de comunicación";"Mujeres";"Exito"
"2018-2019";"94.83";"Técnicas audiovisuales y medios de comunicación";"Mujeres";"Exito"
"2017-2018";"94.84";"Técnicas audiovisuales y medios de comunicación";"Mujeres";"Exito"
"2016-2017";"95.48";"Técnicas audiovisuales y medios de comunicación";"Mujeres";"Exito"
"2015-2016";"95.54";"Técnicas audiovisuales y medios de comunicación";"Mujeres";"Exito"
"2022-2023";"92.64";"Artes";"Mujeres";"Exito"
"2021-2022";"91.8";"Artes";"Mujeres";"Exito"
"2020-2021";"94.7";"Artes";"Mujeres";"Exito"
"2019-2020";"95.81";"Artes";"Mujeres";"Exito"
"2018-2019";"93.75";"Artes";"Mujeres";"Exito"
"2017-2018";"92.56";"Artes";"Mujeres";"Exito"
"2016-2017";"93.14";"Artes";"Mujeres";"Exito"
"2015-2016";"92.14";"Artes";"Mujeres";"Exito"
"2022-2023";"89.11";"Lenguas";"Mujeres";"Exito"
"2021-2022";"87.72";"Lenguas";"Mujeres";"Exito"
"2020-2021";"91.23";"Lenguas";"Mujeres";"Exito"
"2019-2020";"94.08";"Lenguas";"Mujeres";"Exito"
"2018-2019";"89.78";"Lenguas";"Mujeres";"Exito"
"2017-2018";"90.36";"Lenguas";"Mujeres";"Exito"
"2016-2017";"90.5";"Lenguas";"Mujeres";"Exito"
"2015-2016";"90.0";"Lenguas";"Mujeres";"Exito"
"2022-2023";"87.54";"Humanidades";"Mujeres";"Exito"
"2021-2022";"85.19";"Humanidades";"Mujeres";"Exito"
"2020-2021";"89.07";"Humanidades";"Mujeres";"Exito"
"2019-2020";"90.94";"Humanidades";"Mujeres";"Exito"
"2018-2019";"85.46";"Humanidades";"Mujeres";"Exito"
"2017-2018";"86.12";"Humanidades";"Mujeres";"Exito"
"2016-2017";"85.71";"Humanidades";"Mujeres";"Exito"
"2015-2016";"86.51";"Humanidades";"Mujeres";"Exito"
"2022-2023";"91.62";"Total Ciencias sociales, periodismo y documentación";"Mujeres";"Exito"
"2021-2022";"90.96";"Total Ciencias sociales, periodismo y documentación";"Mujeres";"Exito"
"2020-2021";"92.66";"Total Ciencias sociales, periodismo y documentación";"Mujeres";"Exito"
"2019-2020";"95.44";"Total Ciencias sociales, periodismo y documentación";"Mujeres";"Exito"
"2018-2019";"92.04";"Total Ciencias sociales, periodismo y documentación";"Mujeres";"Exito"
"2017-2018";"92.72";"Total Ciencias sociales, periodismo y documentación";"Mujeres";"Exito"
"2016-2017";"92.1";"Total Ciencias sociales, periodismo y documentación";"Mujeres";"Exito"
"2015-2016";"90.75";"Total Ciencias sociales, periodismo y documentación";"Mujeres";"Exito"
"2022-2023";"92.34";"Psicología";"Mujeres";"Exito"
"2021-2022";"91.21";"Psicología";"Mujeres";"Exito"
"2020-2021";"91.11";"Psicología";"Mujeres";"Exito"
"2019-2020";"95.68";"Psicología";"Mujeres";"Exito"
"2018-2019";"91.94";"Psicología";"Mujeres";"Exito"
"2017-2018";"92.65";"Psicología";"Mujeres";"Exito"
"2016-2017";"93.42";"Psicología";"Mujeres";"Exito"
"2015-2016";"92.49";"Psicología";"Mujeres";"Exito"
"2022-2023";"80.87";"Economía";"Mujeres";"Exito"
"2021-2022";"78.91";"Economía";"Mujeres";"Exito"
"2020-2021";"89.84";"Economía";"Mujeres";"Exito"
"2019-2020";"91.36";"Economía";"Mujeres";"Exito"
"2018-2019";"84.65";"Economía";"Mujeres";"Exito"
"2017-2018";"86.72";"Economía";"Mujeres";"Exito"
"2016-2017";"81.27";"Economía";"Mujeres";"Exito"
"2015-2016";"78.84";"Economía";"Mujeres";"Exito"
"2022-2023";"93.39";"Otras Ciencias sociales y del comportamiento";"Mujeres";"Exito"
"2021-2022";"94.61";"Otras Ciencias sociales y del comportamiento";"Mujeres";"Exito"
"2020-2021";"94.78";"Otras Ciencias sociales y del comportamiento";"Mujeres";"Exito"
"2019-2020";"96.52";"Otras Ciencias sociales y del comportamiento";"Mujeres";"Exito"
"2018-2019";"93.91";"Otras Ciencias sociales y del comportamiento";"Mujeres";"Exito"
"2017-2018";"95.33";"Otras Ciencias sociales y del comportamiento";"Mujeres";"Exito"
"2016-2017";"93.65";"Otras Ciencias sociales y del comportamiento";"Mujeres";"Exito"
"2015-2016";"91.81";"Otras Ciencias sociales y del comportamiento";"Mujeres";"Exito"
"2022-2023";"92.99";"Periodismo e información";"Mujeres";"Exito"
"2021-2022";"92.12";"Periodismo e información";"Mujeres";"Exito"
"2020-2021";"95.67";"Periodismo e información";"Mujeres";"Exito"
"2019-2020";"95.88";"Periodismo e información";"Mujeres";"Exito"
"2018-2019";"94.83";"Periodismo e información";"Mujeres";"Exito"
"2017-2018";"94.5";"Periodismo e información";"Mujeres";"Exito"
"2016-2017";"94.55";"Periodismo e información";"Mujeres";"Exito"
"2015-2016";"94.66";"Periodismo e información";"Mujeres";"Exito"
"2022-2023";"85.28";"Total Negocios, administración y derecho";"Mujeres";"Exito"
"2021-2022";"83.81";"Total Negocios, administración y derecho";"Mujeres";"Exito"
"2020-2021";"88.39";"Total Negocios, administración y derecho";"Mujeres";"Exito"
"2019-2020";"90.72";"Total Negocios, administración y derecho";"Mujeres";"Exito"
"2018-2019";"84.99";"Total Negocios, administración y derecho";"Mujeres";"Exito"
"2017-2018";"86.1";"Total Negocios, administración y derecho";"Mujeres";"Exito"
"2016-2017";"86.48";"Total Negocios, administración y derecho";"Mujeres";"Exito"
"2015-2016";"86.29";"Total Negocios, administración y derecho";"Mujeres";"Exito"
"2022-2023";"86.27";"Administración y gestión de empresas";"Mujeres";"Exito"
"2021-2022";"84.73";"Administración y gestión de empresas";"Mujeres";"Exito"
"2020-2021";"91.07";"Administración y gestión de empresas";"Mujeres";"Exito"
"2019-2020";"91.01";"Administración y gestión de empresas";"Mujeres";"Exito"
"2018-2019";"84.68";"Administración y gestión de empresas";"Mujeres";"Exito"
"2017-2018";"85.8";"Administración y gestión de empresas";"Mujeres";"Exito"
"2016-2017";"86.4";"Administración y gestión de empresas";"Mujeres";"Exito"
"2015-2016";"86.82";"Administración y gestión de empresas";"Mujeres";"Exito"
"2022-2023";"87.39";"Otra Educación comercial y empresarial";"Mujeres";"Exito"
"2021-2022";"86.23";"Otra Educación comercial y empresarial";"Mujeres";"Exito"
"2020-2021";"90.43";"Otra Educación comercial y empresarial";"Mujeres";"Exito"
"2019-2020";"90.87";"Otra Educación comercial y empresarial";"Mujeres";"Exito"
"2018-2019";"84.56";"Otra Educación comercial y empresarial";"Mujeres";"Exito"
"2017-2018";"86.41";"Otra Educación comercial y empresarial";"Mujeres";"Exito"
"2016-2017";"87.6";"Otra Educación comercial y empresarial";"Mujeres";"Exito"
"2015-2016";"86.29";"Otra Educación comercial y empresarial";"Mujeres";"Exito"
"2022-2023";"81.55";"Derecho";"Mujeres";"Exito"
"2021-2022";"80.07";"Derecho";"Mujeres";"Exito"
"2020-2021";"82.76";"Derecho";"Mujeres";"Exito"
"2019-2020";"90.19";"Derecho";"Mujeres";"Exito"
"2018-2019";"85.89";"Derecho";"Mujeres";"Exito"
"2017-2018";"86.12";"Derecho";"Mujeres";"Exito"
"2016-2017";"85.26";"Derecho";"Mujeres";"Exito"
"2015-2016";"85.6";"Derecho";"Mujeres";"Exito"
"2022-2023";"77.98";"Total Ciencias";"Mujeres";"Exito"
"2021-2022";"77.55";"Total Ciencias";"Mujeres";"Exito"
"2020-2021";"78.77";"Total Ciencias";"Mujeres";"Exito"
"2019-2020";"84.6";"Total Ciencias";"Mujeres";"Exito"
"2018-2019";"77.63";"Total Ciencias";"Mujeres";"Exito"
"2017-2018";"79.35";"Total Ciencias";"Mujeres";"Exito"
"2016-2017";"79.84";"Total Ciencias";"Mujeres";"Exito"
"2015-2016";"78.7";"Total Ciencias";"Mujeres";"Exito"
"2022-2023";"80.18";"Ciencias de la vida";"Mujeres";"Exito"
"2021-2022";"79.44";"Ciencias de la vida";"Mujeres";"Exito"
"2020-2021";"80.62";"Ciencias de la vida";"Mujeres";"Exito"
"2019-2020";"85.61";"Ciencias de la vida";"Mujeres";"Exito"
"2018-2019";"78.8";"Ciencias de la vida";"Mujeres";"Exito"
"2017-2018";"79.49";"Ciencias de la vida";"Mujeres";"Exito"
"2016-2017";"81.05";"Ciencias de la vida";"Mujeres";"Exito"
"2015-2016";"78.58";"Ciencias de la vida";"Mujeres";"Exito"
"2022-2023";"67.47";"Ciencias Físicas, químicas, geológicas";"Mujeres";"Exito"
"2021-2022";"68.24";"Ciencias Físicas, químicas, geológicas";"Mujeres";"Exito"
"2020-2021";"73.73";"Ciencias Físicas, químicas, geológicas";"Mujeres";"Exito"
"2019-2020";"82.12";"Ciencias Físicas, químicas, geológicas";"Mujeres";"Exito"
"2018-2019";"74.26";"Ciencias Físicas, químicas, geológicas";"Mujeres";"Exito"
"2017-2018";"78.89";"Ciencias Físicas, químicas, geológicas";"Mujeres";"Exito"
"2016-2017";"76.55";"Ciencias Físicas, químicas, geológicas";"Mujeres";"Exito"
"2015-2016";"79.33";"Ciencias Físicas, químicas, geológicas";"Mujeres";"Exito"
"2022-2023";"78.6";"Matemáticas y Estadística";"Mujeres";"Exito"
"2021-2022";"78.66";"Matemáticas y Estadística";"Mujeres";"Exito"
"2020-2021";"75.5";"Matemáticas y Estadística";"Mujeres";"Exito"
"2019-2020";"82.46";"Matemáticas y Estadística";"Mujeres";"Exito"
"2018-2019";"75.34";"Matemáticas y Estadística";"Mujeres";"Exito"
"2017-2018";"79.23";"Matemáticas y Estadística";"Mujeres";"Exito"
"2016-2017";"77.11";"Matemáticas y Estadística";"Mujeres";"Exito"
"2015-2016";"78.57";"Matemáticas y Estadística";"Mujeres";"Exito"
"2022-2023";"80.37";"Total Informática";"Mujeres";"Exito"
"2021-2022";"80.21";"Total Informática";"Mujeres";"Exito"
"2020-2021";"81.23";"Total Informática";"Mujeres";"Exito"
"2019-2020";"79.7";"Total Informática";"Mujeres";"Exito"
"2018-2019";"77.3";"Total Informática";"Mujeres";"Exito"
"2017-2018";"77.43";"Total Informática";"Mujeres";"Exito"
"2016-2017";"75.32";"Total Informática";"Mujeres";"Exito"
"2015-2016";"71.83";"Total Informática";"Mujeres";"Exito"
"2022-2023";"80.37";"Informática";"Mujeres";"Exito"
"2021-2022";"80.21";"Informática";"Mujeres";"Exito"
"2020-2021";"81.23";"Informática";"Mujeres";"Exito"
"2019-2020";"79.7";"Informática";"Mujeres";"Exito"
"2018-2019";"77.3";"Informática";"Mujeres";"Exito"
"2017-2018";"77.43";"Informática";"Mujeres";"Exito"
"2016-2017";"75.32";"Informática";"Mujeres";"Exito"
"2015-2016";"71.83";"Informática";"Mujeres";"Exito"
"2022-2023";"76.27";"Total Ingeniería, industria y construcción";"Mujeres";"Exito"
"2021-2022";"74.88";"Total Ingeniería, industria y construcción";"Mujeres";"Exito"
"2020-2021";"77.28";"Total Ingeniería, industria y construcción";"Mujeres";"Exito"
"2019-2020";"83.16";"Total Ingeniería, industria y construcción";"Mujeres";"Exito"
"2018-2019";"78.06";"Total Ingeniería, industria y construcción";"Mujeres";"Exito"
"2017-2018";"77.17";"Total Ingeniería, industria y construcción";"Mujeres";"Exito"
"2016-2017";"78.68";"Total Ingeniería, industria y construcción";"Mujeres";"Exito"
"2015-2016";"78.86";"Total Ingeniería, industria y construcción";"Mujeres";"Exito"
"2022-2023";"73.36";"Ingenierías";"Mujeres";"Exito"
"2021-2022";"71.93";"Ingenierías";"Mujeres";"Exito"
"2020-2021";"74.27";"Ingenierías";"Mujeres";"Exito"
"2019-2020";"81.31";"Ingenierías";"Mujeres";"Exito"
"2018-2019";"75.61";"Ingenierías";"Mujeres";"Exito"
"2017-2018";"74.37";"Ingenierías";"Mujeres";"Exito"
"2016-2017";"76.36";"Ingenierías";"Mujeres";"Exito"
"2015-2016";"76.03";"Ingenierías";"Mujeres";"Exito"
"2022-2023";"88.75";"Arquitectura y construcción";"Mujeres";"Exito"
"2021-2022";"89.07";"Arquitectura y construcción";"Mujeres";"Exito"
"2020-2021";"91.98";"Arquitectura y construcción";"Mujeres";"Exito"
"2019-2020";"92.65";"Arquitectura y construcción";"Mujeres";"Exito"
"2018-2019";"89.46";"Arquitectura y construcción";"Mujeres";"Exito"
"2017-2018";"90.99";"Arquitectura y construcción";"Mujeres";"Exito"
"2016-2017";"89.65";"Arquitectura y construcción";"Mujeres";"Exito"
"2015-2016";"93.47";"Arquitectura y construcción";"Mujeres";"Exito"
"2022-2023";"..";"Total Agricultura, ganadería,  silvicultura, pesca, y veterinaria";"Mujeres";"Exito"
"2021-2022";"..";"Total Agricultura, ganadería,  silvicultura, pesca, y veterinaria";"Mujeres";"Exito"
"2020-2021";"..";"Total Agricultura, ganadería,  silvicultura, pesca, y veterinaria";"Mujeres";"Exito"
"2019-2020";"..";"Total Agricultura, ganadería,  silvicultura, pesca, y veterinaria";"Mujeres";"Exito"
"2018-2019";"..";"Total Agricultura, ganadería,  silvicultura, pesca, y veterinaria";"Mujeres";"Exito"
"2017-2018";"..";"Total Agricultura, ganadería,  silvicultura, pesca, y veterinaria";"Mujeres";"Exito"
"2016-2017";"..";"Total Agricultura, ganadería,  silvicultura, pesca, y veterinaria";"Mujeres";"Exito"
"2015-2016";"..";"Total Agricultura, ganadería,  silvicultura, pesca, y veterinaria";"Mujeres";"Exito"
"2022-2023";"..";"Agricultura, ganadería y pesca";"Mujeres";"Exito"
"2021-2022";"..";"Agricultura, ganadería y pesca";"Mujeres";"Exito"
"2020-2021";"..";"Agricultura, ganadería y pesca";"Mujeres";"Exito"
"2019-2020";"..";"Agricultura, ganadería y pesca";"Mujeres";"Exito"
"2018-2019";"..";"Agricultura, ganadería y pesca";"Mujeres";"Exito"
"2017-2018";"..";"Agricultura, ganadería y pesca";"Mujeres";"Exito"
"2016-2017";"..";"Agricultura, ganadería y pesca";"Mujeres";"Exito"
"2015-2016";"..";"Agricultura, ganadería y pesca";"Mujeres";"Exito"
"2022-2023";"..";"Veterinaria";"Mujeres";"Exito"
"2021-2022";"..";"Veterinaria";"Mujeres";"Exito"
"2020-2021";"..";"Veterinaria";"Mujeres";"Exito"
"2019-2020";"..";"Veterinaria";"Mujeres";"Exito"
"2018-2019";"..";"Veterinaria";"Mujeres";"Exito"
"2017-2018";"..";"Veterinaria";"Mujeres";"Exito"
"2016-2017";"..";"Veterinaria";"Mujeres";"Exito"
"2015-2016";"..";"Veterinaria";"Mujeres";"Exito"
"2022-2023";"94.85";"Total Salud y servicios sociales";"Mujeres";"Exito"
"2021-2022";"94.26";"Total Salud y servicios sociales";"Mujeres";"Exito"
"2020-2021";"95.72";"Total Salud y servicios sociales";"Mujeres";"Exito"
"2019-2020";"96.87";"Total Salud y servicios sociales";"Mujeres";"Exito"
"2018-2019";"94.77";"Total Salud y servicios sociales";"Mujeres";"Exito"
"2017-2018";"94.38";"Total Salud y servicios sociales";"Mujeres";"Exito"
"2016-2017";"95.13";"Total Salud y servicios sociales";"Mujeres";"Exito"
"2015-2016";"94.88";"Total Salud y servicios sociales";"Mujeres";"Exito"
"2022-2023";"93.41";"Medicina";"Mujeres";"Exito"
"2021-2022";"92.5";"Medicina";"Mujeres";"Exito"
"2020-2021";"93.89";"Medicina";"Mujeres";"Exito"
"2019-2020";"95.46";"Medicina";"Mujeres";"Exito"
"2018-2019";"93.3";"Medicina";"Mujeres";"Exito"
"2017-2018";"93.42";"Medicina";"Mujeres";"Exito"
"2016-2017";"95.05";"Medicina";"Mujeres";"Exito"
"2015-2016";"94.65";"Medicina";"Mujeres";"Exito"
"2022-2023";"96.36";"Enfermería y atención a enfermos";"Mujeres";"Exito"
"2021-2022";"96.2";"Enfermería y atención a enfermos";"Mujeres";"Exito"
"2020-2021";"97.53";"Enfermería y atención a enfermos";"Mujeres";"Exito"
"2019-2020";"98.65";"Enfermería y atención a enfermos";"Mujeres";"Exito"
"2018-2019";"96.85";"Enfermería y atención a enfermos";"Mujeres";"Exito"
"2017-2018";"97.37";"Enfermería y atención a enfermos";"Mujeres";"Exito"
"2016-2017";"97.36";"Enfermería y atención a enfermos";"Mujeres";"Exito"
"2015-2016";"97.38";"Enfermería y atención a enfermos";"Mujeres";"Exito"
"2022-2023";"94.05";"Otras ciencias de la Salud";"Mujeres";"Exito"
"2021-2022";"93.35";"Otras ciencias de la Salud";"Mujeres";"Exito"
"2020-2021";"95.22";"Otras ciencias de la Salud";"Mujeres";"Exito"
"2019-2020";"96.68";"Otras ciencias de la Salud";"Mujeres";"Exito"
"2018-2019";"94.89";"Otras ciencias de la Salud";"Mujeres";"Exito"
"2017-2018";"92.97";"Otras ciencias de la Salud";"Mujeres";"Exito"
"2016-2017";"93.62";"Otras ciencias de la Salud";"Mujeres";"Exito"
"2015-2016";"93.5";"Otras ciencias de la Salud";"Mujeres";"Exito"
"2022-2023";"96.12";"Trabajo social y orientación";"Mujeres";"Exito"
"2021-2022";"95.35";"Trabajo social y orientación";"Mujeres";"Exito"
"2020-2021";"96.51";"Trabajo social y orientación";"Mujeres";"Exito"
"2019-2020";"96.65";"Trabajo social y orientación";"Mujeres";"Exito"
"2018-2019";"93.58";"Trabajo social y orientación";"Mujeres";"Exito"
"2017-2018";"94.07";"Trabajo social y orientación";"Mujeres";"Exito"
"2016-2017";"94.79";"Trabajo social y orientación";"Mujeres";"Exito"
"2015-2016";"93.87";"Trabajo social y orientación";"Mujeres";"Exito"
"2022-2023";"86.99";"Total Servicios";"Mujeres";"Exito"
"2021-2022";"86.43";"Total Servicios";"Mujeres";"Exito"
"2020-2021";"92.45";"Total Servicios";"Mujeres";"Exito"
"2019-2020";"93.77";"Total Servicios";"Mujeres";"Exito"
"2018-2019";"89.11";"Total Servicios";"Mujeres";"Exito"
"2017-2018";"90.89";"Total Servicios";"Mujeres";"Exito"
"2016-2017";"90.19";"Total Servicios";"Mujeres";"Exito"
"2015-2016";"91.4";"Total Servicios";"Mujeres";"Exito"
"2022-2023";"..";"Deportes";"Mujeres";"Exito"
"2021-2022";"..";"Deportes";"Mujeres";"Exito"
"2020-2021";"..";"Deportes";"Mujeres";"Exito"
"2019-2020";"..";"Deportes";"Mujeres";"Exito"
"2018-2019";"..";"Deportes";"Mujeres";"Exito"
"2017-2018";"..";"Deportes";"Mujeres";"Exito"
"2016-2017";"..";"Deportes";"Mujeres";"Exito"
"2015-2016";"..";"Deportes";"Mujeres";"Exito"
"2022-2023";"86.55";"Turismo y Hostelería";"Mujeres";"Exito"
"2021-2022";"86.43";"Turismo y Hostelería";"Mujeres";"Exito"
"2020-2021";"92.45";"Turismo y Hostelería";"Mujeres";"Exito"
"2019-2020";"93.77";"Turismo y Hostelería";"Mujeres";"Exito"
"2018-2019";"89.11";"Turismo y Hostelería";"Mujeres";"Exito"
"2017-2018";"90.89";"Turismo y Hostelería";"Mujeres";"Exito"
"2016-2017";"90.19";"Turismo y Hostelería";"Mujeres";"Exito"
"2015-2016";"91.4";"Turismo y Hostelería";"Mujeres";"Exito"
"2022-2023";"..";"Otros Servicios";"Mujeres";"Exito"
"2021-2022";"..";"Otros Servicios";"Mujeres";"Exito"
"2020-2021";"..";"Otros Servicios";"Mujeres";"Exito"
"2019-2020";"..";"Otros Servicios";"Mujeres";"Exito"
"2018-2019";"..";"Otros Servicios";"Mujeres";"Exito"
"2017-2018";"..";"Otros Servicios";"Mujeres";"Exito"
"2016-2017";"..";"Otros Servicios";"Mujeres";"Exito"
"2015-2016";"..";"Otros Servicios";"Mujeres";"Exito"
"2022-2023";"???";"Málaga";"Mujeres";"Evaluacion"
"2021-2022";"???";"Málaga";"Mujeres";"Evaluacion"
"2020-2021";"???";"Málaga";"Mujeres";"Evaluacion"
"2019-2020";"???";"Málaga";"Mujeres";"Evaluacion"
"2018-2019";"???";"Málaga";"Mujeres";"Evaluacion"
"2017-2018";"???";"Málaga";"Mujeres";"Evaluacion"
"2016-2017";"???";"Málaga";"Mujeres";"Evaluacion"
"2015-2016";"???";"Málaga";"Mujeres";"Evaluacion"
"2022-2023";"90.5";"Todos los ámbitos";"Mujeres";"Evaluacion"
"2021-2022";"89.57";"Todos los ámbitos";"Mujeres";"Evaluacion"
"2020-2021";"92.27";"Todos los ámbitos";"Mujeres";"Evaluacion"
"2019-2020";"93.43";"Todos los ámbitos";"Mujeres";"Evaluacion"
"2018-2019";"89.74";"Todos los ámbitos";"Mujeres";"Evaluacion"
"2017-2018";"90.02";"Todos los ámbitos";"Mujeres";"Evaluacion"
"2016-2017";"91.02";"Todos los ámbitos";"Mujeres";"Evaluacion"
"2015-2016";"90.78";"Todos los ámbitos";"Mujeres";"Evaluacion"
"2022-2023";"97.98";"Total Educación";"Mujeres";"Evaluacion"
"2021-2022";"98.04";"Total Educación";"Mujeres";"Evaluacion"
"2020-2021";"98.59";"Total Educación";"Mujeres";"Evaluacion"
"2019-2020";"98.45";"Total Educación";"Mujeres";"Evaluacion"
"2018-2019";"97.52";"Total Educación";"Mujeres";"Evaluacion"
"2017-2018";"97.42";"Total Educación";"Mujeres";"Evaluacion"
"2016-2017";"97.86";"Total Educación";"Mujeres";"Evaluacion"
"2015-2016";"98.1";"Total Educación";"Mujeres";"Evaluacion"
"2022-2023";"99.26";"Formación de docentes de enseñanza infantil";"Mujeres";"Evaluacion"
"2021-2022";"98.95";"Formación de docentes de enseñanza infantil";"Mujeres";"Evaluacion"
"2020-2021";"98.35";"Formación de docentes de enseñanza infantil";"Mujeres";"Evaluacion"
"2019-2020";"98.94";"Formación de docentes de enseñanza infantil";"Mujeres";"Evaluacion"
"2018-2019";"98.18";"Formación de docentes de enseñanza infantil";"Mujeres";"Evaluacion"
"2017-2018";"98.23";"Formación de docentes de enseñanza infantil";"Mujeres";"Evaluacion"
"2016-2017";"98.3";"Formación de docentes de enseñanza infantil";"Mujeres";"Evaluacion"
"2015-2016";"98.45";"Formación de docentes de enseñanza infantil";"Mujeres";"Evaluacion"
"2022-2023";"97.94";"Formación de docentes de enseñanza primaria";"Mujeres";"Evaluacion"
"2021-2022";"98.29";"Formación de docentes de enseñanza primaria";"Mujeres";"Evaluacion"
"2020-2021";"99.17";"Formación de docentes de enseñanza primaria";"Mujeres";"Evaluacion"
"2019-2020";"98.53";"Formación de docentes de enseñanza primaria";"Mujeres";"Evaluacion"
"2018-2019";"97.77";"Formación de docentes de enseñanza primaria";"Mujeres";"Evaluacion"
"2017-2018";"97.45";"Formación de docentes de enseñanza primaria";"Mujeres";"Evaluacion"
"2016-2017";"97.68";"Formación de docentes de enseñanza primaria";"Mujeres";"Evaluacion"
"2015-2016";"97.87";"Formación de docentes de enseñanza primaria";"Mujeres";"Evaluacion"
"2022-2023";"96.3";"Otra Formación de personal docente y ciencias de la educación";"Mujeres";"Evaluacion"
"2021-2022";"96.21";"Otra Formación de personal docente y ciencias de la educación";"Mujeres";"Evaluacion"
"2020-2021";"97.62";"Otra Formación de personal docente y ciencias de la educación";"Mujeres";"Evaluacion"
"2019-2020";"97.61";"Otra Formación de personal docente y ciencias de la educación";"Mujeres";"Evaluacion"
"2018-2019";"96.08";"Otra Formación de personal docente y ciencias de la educación";"Mujeres";"Evaluacion"
"2017-2018";"96.21";"Otra Formación de personal docente y ciencias de la educación";"Mujeres";"Evaluacion"
"2016-2017";"97.59";"Otra Formación de personal docente y ciencias de la educación";"Mujeres";"Evaluacion"
"2015-2016";"98.06";"Otra Formación de personal docente y ciencias de la educación";"Mujeres";"Evaluacion"
"2022-2023";"89.13";"Total Artes y humanidades";"Mujeres";"Evaluacion"
"2021-2022";"88.65";"Total Artes y humanidades";"Mujeres";"Evaluacion"
"2020-2021";"92.23";"Total Artes y humanidades";"Mujeres";"Evaluacion"
"2019-2020";"92.49";"Total Artes y humanidades";"Mujeres";"Evaluacion"
"2018-2019";"88.4";"Total Artes y humanidades";"Mujeres";"Evaluacion"
"2017-2018";"88.23";"Total Artes y humanidades";"Mujeres";"Evaluacion"
"2016-2017";"89.02";"Total Artes y humanidades";"Mujeres";"Evaluacion"
"2015-2016";"88.97";"Total Artes y humanidades";"Mujeres";"Evaluacion"
"2022-2023";"95.76";"Técnicas audiovisuales y medios de comunicación";"Mujeres";"Evaluacion"
"2021-2022";"96.19";"Técnicas audiovisuales y medios de comunicación";"Mujeres";"Evaluacion"
"2020-2021";"97.39";"Técnicas audiovisuales y medios de comunicación";"Mujeres";"Evaluacion"
"2019-2020";"95.41";"Técnicas audiovisuales y medios de comunicación";"Mujeres";"Evaluacion"
"2018-2019";"94.4";"Técnicas audiovisuales y medios de comunicación";"Mujeres";"Evaluacion"
"2017-2018";"92.7";"Técnicas audiovisuales y medios de comunicación";"Mujeres";"Evaluacion"
"2016-2017";"95.79";"Técnicas audiovisuales y medios de comunicación";"Mujeres";"Evaluacion"
"2015-2016";"95.73";"Técnicas audiovisuales y medios de comunicación";"Mujeres";"Evaluacion"
"2022-2023";"86.19";"Artes";"Mujeres";"Evaluacion"
"2021-2022";"87.37";"Artes";"Mujeres";"Evaluacion"
"2020-2021";"89.94";"Artes";"Mujeres";"Evaluacion"
"2019-2020";"89.95";"Artes";"Mujeres";"Evaluacion"
"2018-2019";"86.02";"Artes";"Mujeres";"Evaluacion"
"2017-2018";"87.28";"Artes";"Mujeres";"Evaluacion"
"2016-2017";"85.77";"Artes";"Mujeres";"Evaluacion"
"2015-2016";"88.08";"Artes";"Mujeres";"Evaluacion"
"2022-2023";"89.75";"Lenguas";"Mujeres";"Evaluacion"
"2021-2022";"88.47";"Lenguas";"Mujeres";"Evaluacion"
"2020-2021";"92.84";"Lenguas";"Mujeres";"Evaluacion"
"2019-2020";"93.86";"Lenguas";"Mujeres";"Evaluacion"
"2018-2019";"89.36";"Lenguas";"Mujeres";"Evaluacion"
"2017-2018";"88.97";"Lenguas";"Mujeres";"Evaluacion"
"2016-2017";"89.75";"Lenguas";"Mujeres";"Evaluacion"
"2015-2016";"88.86";"Lenguas";"Mujeres";"Evaluacion"
"2022-2023";"84.66";"Humanidades";"Mujeres";"Evaluacion"
"2021-2022";"83.64";"Humanidades";"Mujeres";"Evaluacion"
"2020-2021";"88.09";"Humanidades";"Mujeres";"Evaluacion"
"2019-2020";"87.54";"Humanidades";"Mujeres";"Evaluacion"
"2018-2019";"82.33";"Humanidades";"Mujeres";"Evaluacion"
"2017-2018";"81.65";"Humanidades";"Mujeres";"Evaluacion"
"2016-2017";"84.42";"Humanidades";"Mujeres";"Evaluacion"
"2015-2016";"85.1";"Humanidades";"Mujeres";"Evaluacion"
"2022-2023";"92.45";"Total Ciencias sociales, periodismo y documentación";"Mujeres";"Evaluacion"
"2021-2022";"92.1";"Total Ciencias sociales, periodismo y documentación";"Mujeres";"Evaluacion"
"2020-2021";"94.75";"Total Ciencias sociales, periodismo y documentación";"Mujeres";"Evaluacion"
"2019-2020";"94.13";"Total Ciencias sociales, periodismo y documentación";"Mujeres";"Evaluacion"
"2018-2019";"92.16";"Total Ciencias sociales, periodismo y documentación";"Mujeres";"Evaluacion"
"2017-2018";"92.92";"Total Ciencias sociales, periodismo y documentación";"Mujeres";"Evaluacion"
"2016-2017";"92.1";"Total Ciencias sociales, periodismo y documentación";"Mujeres";"Evaluacion"
"2015-2016";"92.27";"Total Ciencias sociales, periodismo y documentación";"Mujeres";"Evaluacion"
"2022-2023";"94.07";"Psicología";"Mujeres";"Evaluacion"
"2021-2022";"93.88";"Psicología";"Mujeres";"Evaluacion"
"2020-2021";"95.43";"Psicología";"Mujeres";"Evaluacion"
"2019-2020";"96.51";"Psicología";"Mujeres";"Evaluacion"
"2018-2019";"94.76";"Psicología";"Mujeres";"Evaluacion"
"2017-2018";"95.48";"Psicología";"Mujeres";"Evaluacion"
"2016-2017";"94.79";"Psicología";"Mujeres";"Evaluacion"
"2015-2016";"95.11";"Psicología";"Mujeres";"Evaluacion"
"2022-2023";"83.9";"Economía";"Mujeres";"Evaluacion"
"2021-2022";"87.61";"Economía";"Mujeres";"Evaluacion"
"2020-2021";"92.78";"Economía";"Mujeres";"Evaluacion"
"2019-2020";"92.27";"Economía";"Mujeres";"Evaluacion"
"2018-2019";"86.5";"Economía";"Mujeres";"Evaluacion"
"2017-2018";"85.58";"Economía";"Mujeres";"Evaluacion"
"2016-2017";"81.06";"Economía";"Mujeres";"Evaluacion"
"2015-2016";"82.65";"Economía";"Mujeres";"Evaluacion"
"2022-2023";"92.88";"Otras Ciencias sociales y del comportamiento";"Mujeres";"Evaluacion"
"2021-2022";"91.29";"Otras Ciencias sociales y del comportamiento";"Mujeres";"Evaluacion"
"2020-2021";"94.59";"Otras Ciencias sociales y del comportamiento";"Mujeres";"Evaluacion"
"2019-2020";"92.27";"Otras Ciencias sociales y del comportamiento";"Mujeres";"Evaluacion"
"2018-2019";"91.07";"Otras Ciencias sociales y del comportamiento";"Mujeres";"Evaluacion"
"2017-2018";"93.76";"Otras Ciencias sociales y del comportamiento";"Mujeres";"Evaluacion"
"2016-2017";"93.96";"Otras Ciencias sociales y del comportamiento";"Mujeres";"Evaluacion"
"2015-2016";"94.44";"Otras Ciencias sociales y del comportamiento";"Mujeres";"Evaluacion"
"2022-2023";"92.43";"Periodismo e información";"Mujeres";"Evaluacion"
"2021-2022";"91.17";"Periodismo e información";"Mujeres";"Evaluacion"
"2020-2021";"94.31";"Periodismo e información";"Mujeres";"Evaluacion"
"2019-2020";"91.34";"Periodismo e información";"Mujeres";"Evaluacion"
"2018-2019";"90.86";"Periodismo e información";"Mujeres";"Evaluacion"
"2017-2018";"90.55";"Periodismo e información";"Mujeres";"Evaluacion"
"2016-2017";"91.83";"Periodismo e información";"Mujeres";"Evaluacion"
"2015-2016";"91.29";"Periodismo e información";"Mujeres";"Evaluacion"
"2022-2023";"88.32";"Total Negocios, administración y derecho";"Mujeres";"Evaluacion"
"2021-2022";"86.71";"Total Negocios, administración y derecho";"Mujeres";"Evaluacion"
"2020-2021";"91.53";"Total Negocios, administración y derecho";"Mujeres";"Evaluacion"
"2019-2020";"91.49";"Total Negocios, administración y derecho";"Mujeres";"Evaluacion"
"2018-2019";"86.18";"Total Negocios, administración y derecho";"Mujeres";"Evaluacion"
"2017-2018";"86.98";"Total Negocios, administración y derecho";"Mujeres";"Evaluacion"
"2016-2017";"88.26";"Total Negocios, administración y derecho";"Mujeres";"Evaluacion"
"2015-2016";"88.11";"Total Negocios, administración y derecho";"Mujeres";"Evaluacion"
"2022-2023";"90.91";"Administración y gestión de empresas";"Mujeres";"Evaluacion"
"2021-2022";"89.62";"Administración y gestión de empresas";"Mujeres";"Evaluacion"
"2020-2021";"92.74";"Administración y gestión de empresas";"Mujeres";"Evaluacion"
"2019-2020";"92.22";"Administración y gestión de empresas";"Mujeres";"Evaluacion"
"2018-2019";"88.75";"Administración y gestión de empresas";"Mujeres";"Evaluacion"
"2017-2018";"88.91";"Administración y gestión de empresas";"Mujeres";"Evaluacion"
"2016-2017";"89.08";"Administración y gestión de empresas";"Mujeres";"Evaluacion"
"2015-2016";"88.0";"Administración y gestión de empresas";"Mujeres";"Evaluacion"
"2022-2023";"90.55";"Otra Educación comercial y empresarial";"Mujeres";"Evaluacion"
"2021-2022";"88.01";"Otra Educación comercial y empresarial";"Mujeres";"Evaluacion"
"2020-2021";"91.25";"Otra Educación comercial y empresarial";"Mujeres";"Evaluacion"
"2019-2020";"92.17";"Otra Educación comercial y empresarial";"Mujeres";"Evaluacion"
"2018-2019";"86.72";"Otra Educación comercial y empresarial";"Mujeres";"Evaluacion"
"2017-2018";"88.67";"Otra Educación comercial y empresarial";"Mujeres";"Evaluacion"
"2016-2017";"90.07";"Otra Educación comercial y empresarial";"Mujeres";"Evaluacion"
"2015-2016";"90.66";"Otra Educación comercial y empresarial";"Mujeres";"Evaluacion"
"2022-2023";"82.81";"Derecho";"Mujeres";"Evaluacion"
"2021-2022";"82.01";"Derecho";"Mujeres";"Evaluacion"
"2020-2021";"90.3";"Derecho";"Mujeres";"Evaluacion"
"2019-2020";"89.86";"Derecho";"Mujeres";"Evaluacion"
"2018-2019";"82.38";"Derecho";"Mujeres";"Evaluacion"
"2017-2018";"82.77";"Derecho";"Mujeres";"Evaluacion"
"2016-2017";"85.19";"Derecho";"Mujeres";"Evaluacion"
"2015-2016";"85.29";"Derecho";"Mujeres";"Evaluacion"
"2022-2023";"84.21";"Total Ciencias";"Mujeres";"Evaluacion"
"2021-2022";"81.94";"Total Ciencias";"Mujeres";"Evaluacion"
"2020-2021";"85.5";"Total Ciencias";"Mujeres";"Evaluacion"
"2019-2020";"91.1";"Total Ciencias";"Mujeres";"Evaluacion"
"2018-2019";"82.47";"Total Ciencias";"Mujeres";"Evaluacion"
"2017-2018";"84.77";"Total Ciencias";"Mujeres";"Evaluacion"
"2016-2017";"85.24";"Total Ciencias";"Mujeres";"Evaluacion"
"2015-2016";"85.43";"Total Ciencias";"Mujeres";"Evaluacion"
"2022-2023";"86.26";"Ciencias de la vida";"Mujeres";"Evaluacion"
"2021-2022";"84.04";"Ciencias de la vida";"Mujeres";"Evaluacion"
"2020-2021";"87.12";"Ciencias de la vida";"Mujeres";"Evaluacion"
"2019-2020";"92.16";"Ciencias de la vida";"Mujeres";"Evaluacion"
"2018-2019";"83.06";"Ciencias de la vida";"Mujeres";"Evaluacion"
"2017-2018";"85.87";"Ciencias de la vida";"Mujeres";"Evaluacion"
"2016-2017";"86.07";"Ciencias de la vida";"Mujeres";"Evaluacion"
"2015-2016";"86.65";"Ciencias de la vida";"Mujeres";"Evaluacion"
"2022-2023";"79.36";"Ciencias Físicas, químicas, geológicas";"Mujeres";"Evaluacion"
"2021-2022";"74.59";"Ciencias Físicas, químicas, geológicas";"Mujeres";"Evaluacion"
"2020-2021";"82.93";"Ciencias Físicas, químicas, geológicas";"Mujeres";"Evaluacion"
"2019-2020";"90.17";"Ciencias Físicas, químicas, geológicas";"Mujeres";"Evaluacion"
"2018-2019";"81.27";"Ciencias Físicas, químicas, geológicas";"Mujeres";"Evaluacion"
"2017-2018";"81.64";"Ciencias Físicas, químicas, geológicas";"Mujeres";"Evaluacion"
"2016-2017";"83.98";"Ciencias Físicas, químicas, geológicas";"Mujeres";"Evaluacion"
"2015-2016";"84.22";"Ciencias Físicas, químicas, geológicas";"Mujeres";"Evaluacion"
"2022-2023";"80.68";"Matemáticas y Estadística";"Mujeres";"Evaluacion"
"2021-2022";"81.05";"Matemáticas y Estadística";"Mujeres";"Evaluacion"
"2020-2021";"80.66";"Matemáticas y Estadística";"Mujeres";"Evaluacion"
"2019-2020";"86.69";"Matemáticas y Estadística";"Mujeres";"Evaluacion"
"2018-2019";"80.62";"Matemáticas y Estadística";"Mujeres";"Evaluacion"
"2017-2018";"83.16";"Matemáticas y Estadística";"Mujeres";"Evaluacion"
"2016-2017";"81.93";"Matemáticas y Estadística";"Mujeres";"Evaluacion"
"2015-2016";"79.31";"Matemáticas y Estadística";"Mujeres";"Evaluacion"
"2022-2023";"82.31";"Total Informática";"Mujeres";"Evaluacion"
"2021-2022";"79.68";"Total Informática";"Mujeres";"Evaluacion"
"2020-2021";"80.51";"Total Informática";"Mujeres";"Evaluacion"
"2019-2020";"83.77";"Total Informática";"Mujeres";"Evaluacion"
"2018-2019";"82.43";"Total Informática";"Mujeres";"Evaluacion"
"2017-2018";"73.83";"Total Informática";"Mujeres";"Evaluacion"
"2016-2017";"78.2";"Total Informática";"Mujeres";"Evaluacion"
"2015-2016";"76.35";"Total Informática";"Mujeres";"Evaluacion"
"2022-2023";"82.31";"Informática";"Mujeres";"Evaluacion"
"2021-2022";"79.68";"Informática";"Mujeres";"Evaluacion"
"2020-2021";"80.51";"Informática";"Mujeres";"Evaluacion"
"2019-2020";"83.77";"Informática";"Mujeres";"Evaluacion"
"2018-2019";"82.43";"Informática";"Mujeres";"Evaluacion"
"2017-2018";"73.83";"Informática";"Mujeres";"Evaluacion"
"2016-2017";"78.2";"Informática";"Mujeres";"Evaluacion"
"2015-2016";"76.35";"Informática";"Mujeres";"Evaluacion"
"2022-2023";"78.09";"Total Ingeniería, industria y construcción";"Mujeres";"Evaluacion"
"2021-2022";"74.73";"Total Ingeniería, industria y construcción";"Mujeres";"Evaluacion"
"2020-2021";"78.34";"Total Ingeniería, industria y construcción";"Mujeres";"Evaluacion"
"2019-2020";"84.4";"Total Ingeniería, industria y construcción";"Mujeres";"Evaluacion"
"2018-2019";"77.76";"Total Ingeniería, industria y construcción";"Mujeres";"Evaluacion"
"2017-2018";"77.35";"Total Ingeniería, industria y construcción";"Mujeres";"Evaluacion"
"2016-2017";"81.26";"Total Ingeniería, industria y construcción";"Mujeres";"Evaluacion"
"2015-2016";"79.12";"Total Ingeniería, industria y construcción";"Mujeres";"Evaluacion"
"2022-2023";"76.01";"Ingenierías";"Mujeres";"Evaluacion"
"2021-2022";"73.27";"Ingenierías";"Mujeres";"Evaluacion"
"2020-2021";"76.96";"Ingenierías";"Mujeres";"Evaluacion"
"2019-2020";"83.58";"Ingenierías";"Mujeres";"Evaluacion"
"2018-2019";"76.73";"Ingenierías";"Mujeres";"Evaluacion"
"2017-2018";"76.24";"Ingenierías";"Mujeres";"Evaluacion"
"2016-2017";"80.0";"Ingenierías";"Mujeres";"Evaluacion"
"2015-2016";"78.3";"Ingenierías";"Mujeres";"Evaluacion"
"2022-2023";"88.48";"Arquitectura y construcción";"Mujeres";"Evaluacion"
"2021-2022";"82.63";"Arquitectura y construcción";"Mujeres";"Evaluacion"
"2020-2021";"85.91";"Arquitectura y construcción";"Mujeres";"Evaluacion"
"2019-2020";"88.9";"Arquitectura y construcción";"Mujeres";"Evaluacion"
"2018-2019";"82.96";"Arquitectura y construcción";"Mujeres";"Evaluacion"
"2017-2018";"83.38";"Arquitectura y construcción";"Mujeres";"Evaluacion"
"2016-2017";"87.84";"Arquitectura y construcción";"Mujeres";"Evaluacion"
"2015-2016";"83.62";"Arquitectura y construcción";"Mujeres";"Evaluacion"
"2022-2023";"..";"Total Agricultura, ganadería,  silvicultura, pesca, y veterinaria";"Mujeres";"Evaluacion"
"2021-2022";"..";"Total Agricultura, ganadería,  silvicultura, pesca, y veterinaria";"Mujeres";"Evaluacion"
"2020-2021";"..";"Total Agricultura, ganadería,  silvicultura, pesca, y veterinaria";"Mujeres";"Evaluacion"
"2019-2020";"..";"Total Agricultura, ganadería,  silvicultura, pesca, y veterinaria";"Mujeres";"Evaluacion"
"2018-2019";"..";"Total Agricultura, ganadería,  silvicultura, pesca, y veterinaria";"Mujeres";"Evaluacion"
"2017-2018";"..";"Total Agricultura, ganadería,  silvicultura, pesca, y veterinaria";"Mujeres";"Evaluacion"
"2016-2017";"..";"Total Agricultura, ganadería,  silvicultura, pesca, y veterinaria";"Mujeres";"Evaluacion"
"2015-2016";"..";"Total Agricultura, ganadería,  silvicultura, pesca, y veterinaria";"Mujeres";"Evaluacion"
"2022-2023";"..";"Agricultura, ganadería y pesca";"Mujeres";"Evaluacion"
"2021-2022";"..";"Agricultura, ganadería y pesca";"Mujeres";"Evaluacion"
"2020-2021";"..";"Agricultura, ganadería y pesca";"Mujeres";"Evaluacion"
"2019-2020";"..";"Agricultura, ganadería y pesca";"Mujeres";"Evaluacion"
"2018-2019";"..";"Agricultura, ganadería y pesca";"Mujeres";"Evaluacion"
"2017-2018";"..";"Agricultura, ganadería y pesca";"Mujeres";"Evaluacion"
"2016-2017";"..";"Agricultura, ganadería y pesca";"Mujeres";"Evaluacion"
"2015-2016";"..";"Agricultura, ganadería y pesca";"Mujeres";"Evaluacion"
"2022-2023";"..";"Veterinaria";"Mujeres";"Evaluacion"
"2021-2022";"..";"Veterinaria";"Mujeres";"Evaluacion"
"2020-2021";"..";"Veterinaria";"Mujeres";"Evaluacion"
"2019-2020";"..";"Veterinaria";"Mujeres";"Evaluacion"
"2018-2019";"..";"Veterinaria";"Mujeres";"Evaluacion"
"2017-2018";"..";"Veterinaria";"Mujeres";"Evaluacion"
"2016-2017";"..";"Veterinaria";"Mujeres";"Evaluacion"
"2015-2016";"..";"Veterinaria";"Mujeres";"Evaluacion"
"2022-2023";"95.88";"Total Salud y servicios sociales";"Mujeres";"Evaluacion"
"2021-2022";"95.41";"Total Salud y servicios sociales";"Mujeres";"Evaluacion"
"2020-2021";"95.94";"Total Salud y servicios sociales";"Mujeres";"Evaluacion"
"2019-2020";"96.92";"Total Salud y servicios sociales";"Mujeres";"Evaluacion"
"2018-2019";"95.2";"Total Salud y servicios sociales";"Mujeres";"Evaluacion"
"2017-2018";"94.69";"Total Salud y servicios sociales";"Mujeres";"Evaluacion"
"2016-2017";"95.59";"Total Salud y servicios sociales";"Mujeres";"Evaluacion"
"2015-2016";"94.96";"Total Salud y servicios sociales";"Mujeres";"Evaluacion"
"2022-2023";"93.7";"Medicina";"Mujeres";"Evaluacion"
"2021-2022";"92.41";"Medicina";"Mujeres";"Evaluacion"
"2020-2021";"94.37";"Medicina";"Mujeres";"Evaluacion"
"2019-2020";"96.03";"Medicina";"Mujeres";"Evaluacion"
"2018-2019";"92.46";"Medicina";"Mujeres";"Evaluacion"
"2017-2018";"92.19";"Medicina";"Mujeres";"Evaluacion"
"2016-2017";"93.45";"Medicina";"Mujeres";"Evaluacion"
"2015-2016";"92.98";"Medicina";"Mujeres";"Evaluacion"
"2022-2023";"97.38";"Enfermería y atención a enfermos";"Mujeres";"Evaluacion"
"2021-2022";"97.71";"Enfermería y atención a enfermos";"Mujeres";"Evaluacion"
"2020-2021";"97.95";"Enfermería y atención a enfermos";"Mujeres";"Evaluacion"
"2019-2020";"98.47";"Enfermería y atención a enfermos";"Mujeres";"Evaluacion"
"2018-2019";"97.88";"Enfermería y atención a enfermos";"Mujeres";"Evaluacion"
"2017-2018";"97.95";"Enfermería y atención a enfermos";"Mujeres";"Evaluacion"
"2016-2017";"97.64";"Enfermería y atención a enfermos";"Mujeres";"Evaluacion"
"2015-2016";"97.64";"Enfermería y atención a enfermos";"Mujeres";"Evaluacion"
"2022-2023";"96.63";"Otras ciencias de la Salud";"Mujeres";"Evaluacion"
"2021-2022";"96.85";"Otras ciencias de la Salud";"Mujeres";"Evaluacion"
"2020-2021";"96.25";"Otras ciencias de la Salud";"Mujeres";"Evaluacion"
"2019-2020";"97.32";"Otras ciencias de la Salud";"Mujeres";"Evaluacion"
"2018-2019";"96.15";"Otras ciencias de la Salud";"Mujeres";"Evaluacion"
"2017-2018";"95.12";"Otras ciencias de la Salud";"Mujeres";"Evaluacion"
"2016-2017";"96.16";"Otras ciencias de la Salud";"Mujeres";"Evaluacion"
"2015-2016";"94.91";"Otras ciencias de la Salud";"Mujeres";"Evaluacion"
"2022-2023";"95.89";"Trabajo social y orientación";"Mujeres";"Evaluacion"
"2021-2022";"94.21";"Trabajo social y orientación";"Mujeres";"Evaluacion"
"2020-2021";"94.76";"Trabajo social y orientación";"Mujeres";"Evaluacion"
"2019-2020";"95.29";"Trabajo social y orientación";"Mujeres";"Evaluacion"
"2018-2019";"93.95";"Trabajo social y orientación";"Mujeres";"Evaluacion"
"2017-2018";"93.05";"Trabajo social y orientación";"Mujeres";"Evaluacion"
"2016-2017";"94.68";"Trabajo social y orientación";"Mujeres";"Evaluacion"
"2015-2016";"93.94";"Trabajo social y orientación";"Mujeres";"Evaluacion"
"2022-2023";"89.47";"Total Servicios";"Mujeres";"Evaluacion"
"2021-2022";"90.64";"Total Servicios";"Mujeres";"Evaluacion"
"2020-2021";"92.6";"Total Servicios";"Mujeres";"Evaluacion"
"2019-2020";"95.39";"Total Servicios";"Mujeres";"Evaluacion"
"2018-2019";"89.33";"Total Servicios";"Mujeres";"Evaluacion"
"2017-2018";"90.21";"Total Servicios";"Mujeres";"Evaluacion"
"2016-2017";"92.2";"Total Servicios";"Mujeres";"Evaluacion"
"2015-2016";"91.77";"Total Servicios";"Mujeres";"Evaluacion"
"2022-2023";"..";"Deportes";"Mujeres";"Evaluacion"
"2021-2022";"..";"Deportes";"Mujeres";"Evaluacion"
"2020-2021";"..";"Deportes";"Mujeres";"Evaluacion"
"2019-2020";"..";"Deportes";"Mujeres";"Evaluacion"
"2018-2019";"..";"Deportes";"Mujeres";"Evaluacion"
"2017-2018";"..";"Deportes";"Mujeres";"Evaluacion"
"2016-2017";"..";"Deportes";"Mujeres";"Evaluacion"
"2015-2016";"..";"Deportes";"Mujeres";"Evaluacion"
"2022-2023";"89.27";"Turismo y Hostelería";"Mujeres";"Evaluacion"
"2021-2022";"90.64";"Turismo y Hostelería";"Mujeres";"Evaluacion"
"2020-2021";"92.6";"Turismo y Hostelería";"Mujeres";"Evaluacion"
"2019-2020";"95.39";"Turismo y Hostelería";"Mujeres";"Evaluacion"
"2018-2019";"89.33";"Turismo y Hostelería";"Mujeres";"Evaluacion"
"2017-2018";"90.21";"Turismo y Hostelería";"Mujeres";"Evaluacion"
"2016-2017";"92.2";"Turismo y Hostelería";"Mujeres";"Evaluacion"
"2015-2016";"91.77";"Turismo y Hostelería";"Mujeres";"Evaluacion"
"2022-2023";"..";"Otros Servicios";"Mujeres";"Evaluacion"
"2021-2022";"..";"Otros Servicios";"Mujeres";"Evaluacion"
"2020-2021";"..";"Otros Servicios";"Mujeres";"Evaluacion"
"2019-2020";"..";"Otros Servicios";"Mujeres";"Evaluacion"
"2018-2019";"..";"Otros Servicios";"Mujeres";"Evaluacion"
"2017-2018";"..";"Otros Servicios";"Mujeres";"Evaluacion"
"2016-2017";"..";"Otros Servicios";"Mujeres";"Evaluacion"
"2015-2016";"..";"Otros Servicios";"Mujeres";"Evaluacion"
