"Anio";"Valor";"Carrera";"Genero";"Tasa"
"2022-2023";"???";"Jaén";"Ambos Sexos";"Rendimiento"
"2021-2022";"???";"Jaén";"Ambos Sexos";"Rendimiento"
"2020-2021";"???";"Jaén";"Ambos Sexos";"Rendimiento"
"2019-2020";"???";"Jaén";"Ambos Sexos";"Rendimiento"
"2018-2019";"???";"Jaén";"Ambos Sexos";"Rendimiento"
"2017-2018";"???";"Jaén";"Ambos Sexos";"Rendimiento"
"2016-2017";"???";"Jaén";"Ambos Sexos";"Rendimiento"
"2015-2016";"???";"Jaén";"Ambos Sexos";"Rendimiento"
"2022-2023";"76.49";"Todos los ámbitos";"Ambos Sexos";"Rendimiento"
"2021-2022";"75.4";"Todos los ámbitos";"Ambos Sexos";"Rendimiento"
"2020-2021";"76.82";"Todos los ámbitos";"Ambos Sexos";"Rendimiento"
"2019-2020";"84.59";"Todos los ámbitos";"Ambos Sexos";"Rendimiento"
"2018-2019";"77.18";"Todos los ámbitos";"Ambos Sexos";"Rendimiento"
"2017-2018";"77.51";"Todos los ámbitos";"Ambos Sexos";"Rendimiento"
"2016-2017";"77.86";"Todos los ámbitos";"Ambos Sexos";"Rendimiento"
"2015-2016";"77.51";"Todos los ámbitos";"Ambos Sexos";"Rendimiento"
"2022-2023";"88.9";"Total Educación";"Ambos Sexos";"Rendimiento"
"2021-2022";"88.98";"Total Educación";"Ambos Sexos";"Rendimiento"
"2020-2021";"91.31";"Total Educación";"Ambos Sexos";"Rendimiento"
"2019-2020";"94.44";"Total Educación";"Ambos Sexos";"Rendimiento"
"2018-2019";"89.98";"Total Educación";"Ambos Sexos";"Rendimiento"
"2017-2018";"90.41";"Total Educación";"Ambos Sexos";"Rendimiento"
"2016-2017";"90.86";"Total Educación";"Ambos Sexos";"Rendimiento"
"2015-2016";"90.87";"Total Educación";"Ambos Sexos";"Rendimiento"
"2022-2023";"90.54";"Formación de docentes de enseñanza infantil";"Ambos Sexos";"Rendimiento"
"2021-2022";"89.56";"Formación de docentes de enseñanza infantil";"Ambos Sexos";"Rendimiento"
"2020-2021";"92.14";"Formación de docentes de enseñanza infantil";"Ambos Sexos";"Rendimiento"
"2019-2020";"94.71";"Formación de docentes de enseñanza infantil";"Ambos Sexos";"Rendimiento"
"2018-2019";"91.91";"Formación de docentes de enseñanza infantil";"Ambos Sexos";"Rendimiento"
"2017-2018";"91.78";"Formación de docentes de enseñanza infantil";"Ambos Sexos";"Rendimiento"
"2016-2017";"92.19";"Formación de docentes de enseñanza infantil";"Ambos Sexos";"Rendimiento"
"2015-2016";"91.56";"Formación de docentes de enseñanza infantil";"Ambos Sexos";"Rendimiento"
"2022-2023";"86.59";"Formación de docentes de enseñanza primaria";"Ambos Sexos";"Rendimiento"
"2021-2022";"87.5";"Formación de docentes de enseñanza primaria";"Ambos Sexos";"Rendimiento"
"2020-2021";"89.85";"Formación de docentes de enseñanza primaria";"Ambos Sexos";"Rendimiento"
"2019-2020";"93.81";"Formación de docentes de enseñanza primaria";"Ambos Sexos";"Rendimiento"
"2018-2019";"87.9";"Formación de docentes de enseñanza primaria";"Ambos Sexos";"Rendimiento"
"2017-2018";"88.4";"Formación de docentes de enseñanza primaria";"Ambos Sexos";"Rendimiento"
"2016-2017";"89.49";"Formación de docentes de enseñanza primaria";"Ambos Sexos";"Rendimiento"
"2015-2016";"89.99";"Formación de docentes de enseñanza primaria";"Ambos Sexos";"Rendimiento"
"2022-2023";"95.24";"Otra Formación de personal docente y ciencias de la educación";"Ambos Sexos";"Rendimiento"
"2021-2022";"94.55";"Otra Formación de personal docente y ciencias de la educación";"Ambos Sexos";"Rendimiento"
"2020-2021";"95.9";"Otra Formación de personal docente y ciencias de la educación";"Ambos Sexos";"Rendimiento"
"2019-2020";"96.7";"Otra Formación de personal docente y ciencias de la educación";"Ambos Sexos";"Rendimiento"
"2018-2019";"94.07";"Otra Formación de personal docente y ciencias de la educación";"Ambos Sexos";"Rendimiento"
"2017-2018";"96.2";"Otra Formación de personal docente y ciencias de la educación";"Ambos Sexos";"Rendimiento"
"2016-2017";"93.72";"Otra Formación de personal docente y ciencias de la educación";"Ambos Sexos";"Rendimiento"
"2015-2016";"95.26";"Otra Formación de personal docente y ciencias de la educación";"Ambos Sexos";"Rendimiento"
"2022-2023";"78.54";"Total Artes y humanidades";"Ambos Sexos";"Rendimiento"
"2021-2022";"74.98";"Total Artes y humanidades";"Ambos Sexos";"Rendimiento"
"2020-2021";"73.81";"Total Artes y humanidades";"Ambos Sexos";"Rendimiento"
"2019-2020";"81.54";"Total Artes y humanidades";"Ambos Sexos";"Rendimiento"
"2018-2019";"72.94";"Total Artes y humanidades";"Ambos Sexos";"Rendimiento"
"2017-2018";"73.9";"Total Artes y humanidades";"Ambos Sexos";"Rendimiento"
"2016-2017";"76.96";"Total Artes y humanidades";"Ambos Sexos";"Rendimiento"
"2015-2016";"76.19";"Total Artes y humanidades";"Ambos Sexos";"Rendimiento"
"2022-2023";"..";"Técnicas audiovisuales y medios de comunicación";"Ambos Sexos";"Rendimiento"
"2021-2022";"..";"Técnicas audiovisuales y medios de comunicación";"Ambos Sexos";"Rendimiento"
"2020-2021";"..";"Técnicas audiovisuales y medios de comunicación";"Ambos Sexos";"Rendimiento"
"2019-2020";"..";"Técnicas audiovisuales y medios de comunicación";"Ambos Sexos";"Rendimiento"
"2018-2019";"..";"Técnicas audiovisuales y medios de comunicación";"Ambos Sexos";"Rendimiento"
"2017-2018";"..";"Técnicas audiovisuales y medios de comunicación";"Ambos Sexos";"Rendimiento"
"2016-2017";"..";"Técnicas audiovisuales y medios de comunicación";"Ambos Sexos";"Rendimiento"
"2015-2016";"..";"Técnicas audiovisuales y medios de comunicación";"Ambos Sexos";"Rendimiento"
"2022-2023";"81.82";"Artes";"Ambos Sexos";"Rendimiento"
"2021-2022";"79.56";"Artes";"Ambos Sexos";"Rendimiento"
"2020-2021";"86.09";"Artes";"Ambos Sexos";"Rendimiento"
"2019-2020";"85.11";"Artes";"Ambos Sexos";"Rendimiento"
"2018-2019";"76.99";"Artes";"Ambos Sexos";"Rendimiento"
"2017-2018";"79.5";"Artes";"Ambos Sexos";"Rendimiento"
"2016-2017";"81.75";"Artes";"Ambos Sexos";"Rendimiento"
"2015-2016";"80.88";"Artes";"Ambos Sexos";"Rendimiento"
"2022-2023";"79.18";"Lenguas";"Ambos Sexos";"Rendimiento"
"2021-2022";"76.65";"Lenguas";"Ambos Sexos";"Rendimiento"
"2020-2021";"72.44";"Lenguas";"Ambos Sexos";"Rendimiento"
"2019-2020";"80.76";"Lenguas";"Ambos Sexos";"Rendimiento"
"2018-2019";"73.62";"Lenguas";"Ambos Sexos";"Rendimiento"
"2017-2018";"74.99";"Lenguas";"Ambos Sexos";"Rendimiento"
"2016-2017";"77.64";"Lenguas";"Ambos Sexos";"Rendimiento"
"2015-2016";"76.65";"Lenguas";"Ambos Sexos";"Rendimiento"
"2022-2023";"76.53";"Humanidades";"Ambos Sexos";"Rendimiento"
"2021-2022";"70.75";"Humanidades";"Ambos Sexos";"Rendimiento"
"2020-2021";"71.04";"Humanidades";"Ambos Sexos";"Rendimiento"
"2019-2020";"81.49";"Humanidades";"Ambos Sexos";"Rendimiento"
"2018-2019";"70.74";"Humanidades";"Ambos Sexos";"Rendimiento"
"2017-2018";"70.33";"Humanidades";"Ambos Sexos";"Rendimiento"
"2016-2017";"74.07";"Humanidades";"Ambos Sexos";"Rendimiento"
"2015-2016";"72.86";"Humanidades";"Ambos Sexos";"Rendimiento"
"2022-2023";"80.21";"Total Ciencias sociales, periodismo y documentación";"Ambos Sexos";"Rendimiento"
"2021-2022";"75.77";"Total Ciencias sociales, periodismo y documentación";"Ambos Sexos";"Rendimiento"
"2020-2021";"83.59";"Total Ciencias sociales, periodismo y documentación";"Ambos Sexos";"Rendimiento"
"2019-2020";"91.48";"Total Ciencias sociales, periodismo y documentación";"Ambos Sexos";"Rendimiento"
"2018-2019";"79.73";"Total Ciencias sociales, periodismo y documentación";"Ambos Sexos";"Rendimiento"
"2017-2018";"81.92";"Total Ciencias sociales, periodismo y documentación";"Ambos Sexos";"Rendimiento"
"2016-2017";"82.26";"Total Ciencias sociales, periodismo y documentación";"Ambos Sexos";"Rendimiento"
"2015-2016";"80.78";"Total Ciencias sociales, periodismo y documentación";"Ambos Sexos";"Rendimiento"
"2022-2023";"80.21";"Psicología";"Ambos Sexos";"Rendimiento"
"2021-2022";"75.77";"Psicología";"Ambos Sexos";"Rendimiento"
"2020-2021";"83.59";"Psicología";"Ambos Sexos";"Rendimiento"
"2019-2020";"91.48";"Psicología";"Ambos Sexos";"Rendimiento"
"2018-2019";"79.73";"Psicología";"Ambos Sexos";"Rendimiento"
"2017-2018";"81.92";"Psicología";"Ambos Sexos";"Rendimiento"
"2016-2017";"82.26";"Psicología";"Ambos Sexos";"Rendimiento"
"2015-2016";"80.78";"Psicología";"Ambos Sexos";"Rendimiento"
"2022-2023";"..";"Economía";"Ambos Sexos";"Rendimiento"
"2021-2022";"..";"Economía";"Ambos Sexos";"Rendimiento"
"2020-2021";"..";"Economía";"Ambos Sexos";"Rendimiento"
"2019-2020";"..";"Economía";"Ambos Sexos";"Rendimiento"
"2018-2019";"..";"Economía";"Ambos Sexos";"Rendimiento"
"2017-2018";"..";"Economía";"Ambos Sexos";"Rendimiento"
"2016-2017";"..";"Economía";"Ambos Sexos";"Rendimiento"
"2015-2016";"..";"Economía";"Ambos Sexos";"Rendimiento"
"2022-2023";"..";"Otras Ciencias sociales y del comportamiento";"Ambos Sexos";"Rendimiento"
"2021-2022";"..";"Otras Ciencias sociales y del comportamiento";"Ambos Sexos";"Rendimiento"
"2020-2021";"..";"Otras Ciencias sociales y del comportamiento";"Ambos Sexos";"Rendimiento"
"2019-2020";"..";"Otras Ciencias sociales y del comportamiento";"Ambos Sexos";"Rendimiento"
"2018-2019";"..";"Otras Ciencias sociales y del comportamiento";"Ambos Sexos";"Rendimiento"
"2017-2018";"..";"Otras Ciencias sociales y del comportamiento";"Ambos Sexos";"Rendimiento"
"2016-2017";"..";"Otras Ciencias sociales y del comportamiento";"Ambos Sexos";"Rendimiento"
"2015-2016";"..";"Otras Ciencias sociales y del comportamiento";"Ambos Sexos";"Rendimiento"
"2022-2023";"..";"Periodismo e información";"Ambos Sexos";"Rendimiento"
"2021-2022";"..";"Periodismo e información";"Ambos Sexos";"Rendimiento"
"2020-2021";"..";"Periodismo e información";"Ambos Sexos";"Rendimiento"
"2019-2020";"..";"Periodismo e información";"Ambos Sexos";"Rendimiento"
"2018-2019";"..";"Periodismo e información";"Ambos Sexos";"Rendimiento"
"2017-2018";"..";"Periodismo e información";"Ambos Sexos";"Rendimiento"
"2016-2017";"..";"Periodismo e información";"Ambos Sexos";"Rendimiento"
"2015-2016";"..";"Periodismo e información";"Ambos Sexos";"Rendimiento"
"2022-2023";"66.89";"Total Negocios, administración y derecho";"Ambos Sexos";"Rendimiento"
"2021-2022";"64.71";"Total Negocios, administración y derecho";"Ambos Sexos";"Rendimiento"
"2020-2021";"67.91";"Total Negocios, administración y derecho";"Ambos Sexos";"Rendimiento"
"2019-2020";"79.69";"Total Negocios, administración y derecho";"Ambos Sexos";"Rendimiento"
"2018-2019";"71.04";"Total Negocios, administración y derecho";"Ambos Sexos";"Rendimiento"
"2017-2018";"70.93";"Total Negocios, administración y derecho";"Ambos Sexos";"Rendimiento"
"2016-2017";"72.07";"Total Negocios, administración y derecho";"Ambos Sexos";"Rendimiento"
"2015-2016";"72.31";"Total Negocios, administración y derecho";"Ambos Sexos";"Rendimiento"
"2022-2023";"65.81";"Administración y gestión de empresas";"Ambos Sexos";"Rendimiento"
"2021-2022";"65.09";"Administración y gestión de empresas";"Ambos Sexos";"Rendimiento"
"2020-2021";"66.02";"Administración y gestión de empresas";"Ambos Sexos";"Rendimiento"
"2019-2020";"76.97";"Administración y gestión de empresas";"Ambos Sexos";"Rendimiento"
"2018-2019";"70.53";"Administración y gestión de empresas";"Ambos Sexos";"Rendimiento"
"2017-2018";"68.59";"Administración y gestión de empresas";"Ambos Sexos";"Rendimiento"
"2016-2017";"69.23";"Administración y gestión de empresas";"Ambos Sexos";"Rendimiento"
"2015-2016";"71.09";"Administración y gestión de empresas";"Ambos Sexos";"Rendimiento"
"2022-2023";"65.19";"Otra Educación comercial y empresarial";"Ambos Sexos";"Rendimiento"
"2021-2022";"64.29";"Otra Educación comercial y empresarial";"Ambos Sexos";"Rendimiento"
"2020-2021";"65.03";"Otra Educación comercial y empresarial";"Ambos Sexos";"Rendimiento"
"2019-2020";"78.01";"Otra Educación comercial y empresarial";"Ambos Sexos";"Rendimiento"
"2018-2019";"67.76";"Otra Educación comercial y empresarial";"Ambos Sexos";"Rendimiento"
"2017-2018";"63.55";"Otra Educación comercial y empresarial";"Ambos Sexos";"Rendimiento"
"2016-2017";"61.8";"Otra Educación comercial y empresarial";"Ambos Sexos";"Rendimiento"
"2015-2016";"60.79";"Otra Educación comercial y empresarial";"Ambos Sexos";"Rendimiento"
"2022-2023";"68.34";"Derecho";"Ambos Sexos";"Rendimiento"
"2021-2022";"64.34";"Derecho";"Ambos Sexos";"Rendimiento"
"2020-2021";"70.48";"Derecho";"Ambos Sexos";"Rendimiento"
"2019-2020";"83.09";"Derecho";"Ambos Sexos";"Rendimiento"
"2018-2019";"72.22";"Derecho";"Ambos Sexos";"Rendimiento"
"2017-2018";"75.17";"Derecho";"Ambos Sexos";"Rendimiento"
"2016-2017";"77.85";"Derecho";"Ambos Sexos";"Rendimiento"
"2015-2016";"76.39";"Derecho";"Ambos Sexos";"Rendimiento"
"2022-2023";"72.23";"Total Ciencias";"Ambos Sexos";"Rendimiento"
"2021-2022";"72.34";"Total Ciencias";"Ambos Sexos";"Rendimiento"
"2020-2021";"70.17";"Total Ciencias";"Ambos Sexos";"Rendimiento"
"2019-2020";"81.7";"Total Ciencias";"Ambos Sexos";"Rendimiento"
"2018-2019";"69.69";"Total Ciencias";"Ambos Sexos";"Rendimiento"
"2017-2018";"69.31";"Total Ciencias";"Ambos Sexos";"Rendimiento"
"2016-2017";"70.46";"Total Ciencias";"Ambos Sexos";"Rendimiento"
"2015-2016";"68.19";"Total Ciencias";"Ambos Sexos";"Rendimiento"
"2022-2023";"74.26";"Ciencias de la vida";"Ambos Sexos";"Rendimiento"
"2021-2022";"74.27";"Ciencias de la vida";"Ambos Sexos";"Rendimiento"
"2020-2021";"71.68";"Ciencias de la vida";"Ambos Sexos";"Rendimiento"
"2019-2020";"85.85";"Ciencias de la vida";"Ambos Sexos";"Rendimiento"
"2018-2019";"71.84";"Ciencias de la vida";"Ambos Sexos";"Rendimiento"
"2017-2018";"73.43";"Ciencias de la vida";"Ambos Sexos";"Rendimiento"
"2016-2017";"74.99";"Ciencias de la vida";"Ambos Sexos";"Rendimiento"
"2015-2016";"72.17";"Ciencias de la vida";"Ambos Sexos";"Rendimiento"
"2022-2023";"68.66";"Ciencias Físicas, químicas, geológicas";"Ambos Sexos";"Rendimiento"
"2021-2022";"68.83";"Ciencias Físicas, químicas, geológicas";"Ambos Sexos";"Rendimiento"
"2020-2021";"67.26";"Ciencias Físicas, químicas, geológicas";"Ambos Sexos";"Rendimiento"
"2019-2020";"73.69";"Ciencias Físicas, químicas, geológicas";"Ambos Sexos";"Rendimiento"
"2018-2019";"65.63";"Ciencias Físicas, químicas, geológicas";"Ambos Sexos";"Rendimiento"
"2017-2018";"61.13";"Ciencias Físicas, químicas, geológicas";"Ambos Sexos";"Rendimiento"
"2016-2017";"62.24";"Ciencias Físicas, químicas, geológicas";"Ambos Sexos";"Rendimiento"
"2015-2016";"60.68";"Ciencias Físicas, químicas, geológicas";"Ambos Sexos";"Rendimiento"
"2022-2023";"..";"Matemáticas y Estadística";"Ambos Sexos";"Rendimiento"
"2021-2022";"..";"Matemáticas y Estadística";"Ambos Sexos";"Rendimiento"
"2020-2021";"..";"Matemáticas y Estadística";"Ambos Sexos";"Rendimiento"
"2019-2020";"..";"Matemáticas y Estadística";"Ambos Sexos";"Rendimiento"
"2018-2019";"..";"Matemáticas y Estadística";"Ambos Sexos";"Rendimiento"
"2017-2018";"..";"Matemáticas y Estadística";"Ambos Sexos";"Rendimiento"
"2016-2017";"..";"Matemáticas y Estadística";"Ambos Sexos";"Rendimiento"
"2015-2016";"..";"Matemáticas y Estadística";"Ambos Sexos";"Rendimiento"
"2022-2023";"63.18";"Total Informática";"Ambos Sexos";"Rendimiento"
"2021-2022";"60.04";"Total Informática";"Ambos Sexos";"Rendimiento"
"2020-2021";"59.42";"Total Informática";"Ambos Sexos";"Rendimiento"
"2019-2020";"66.77";"Total Informática";"Ambos Sexos";"Rendimiento"
"2018-2019";"58.37";"Total Informática";"Ambos Sexos";"Rendimiento"
"2017-2018";"60.99";"Total Informática";"Ambos Sexos";"Rendimiento"
"2016-2017";"60.82";"Total Informática";"Ambos Sexos";"Rendimiento"
"2015-2016";"59.03";"Total Informática";"Ambos Sexos";"Rendimiento"
"2022-2023";"63.18";"Informática";"Ambos Sexos";"Rendimiento"
"2021-2022";"60.04";"Informática";"Ambos Sexos";"Rendimiento"
"2020-2021";"59.42";"Informática";"Ambos Sexos";"Rendimiento"
"2019-2020";"66.77";"Informática";"Ambos Sexos";"Rendimiento"
"2018-2019";"58.37";"Informática";"Ambos Sexos";"Rendimiento"
"2017-2018";"60.99";"Informática";"Ambos Sexos";"Rendimiento"
"2016-2017";"60.82";"Informática";"Ambos Sexos";"Rendimiento"
"2015-2016";"59.03";"Informática";"Ambos Sexos";"Rendimiento"
"2022-2023";"56.48";"Total Ingeniería, industria y construcción";"Ambos Sexos";"Rendimiento"
"2021-2022";"55.28";"Total Ingeniería, industria y construcción";"Ambos Sexos";"Rendimiento"
"2020-2021";"52.39";"Total Ingeniería, industria y construcción";"Ambos Sexos";"Rendimiento"
"2019-2020";"65.85";"Total Ingeniería, industria y construcción";"Ambos Sexos";"Rendimiento"
"2018-2019";"58.5";"Total Ingeniería, industria y construcción";"Ambos Sexos";"Rendimiento"
"2017-2018";"58.95";"Total Ingeniería, industria y construcción";"Ambos Sexos";"Rendimiento"
"2016-2017";"59.56";"Total Ingeniería, industria y construcción";"Ambos Sexos";"Rendimiento"
"2015-2016";"59.07";"Total Ingeniería, industria y construcción";"Ambos Sexos";"Rendimiento"
"2022-2023";"56.69";"Ingenierías";"Ambos Sexos";"Rendimiento"
"2021-2022";"55.83";"Ingenierías";"Ambos Sexos";"Rendimiento"
"2020-2021";"52.54";"Ingenierías";"Ambos Sexos";"Rendimiento"
"2019-2020";"65.78";"Ingenierías";"Ambos Sexos";"Rendimiento"
"2018-2019";"58.33";"Ingenierías";"Ambos Sexos";"Rendimiento"
"2017-2018";"59.04";"Ingenierías";"Ambos Sexos";"Rendimiento"
"2016-2017";"59.33";"Ingenierías";"Ambos Sexos";"Rendimiento"
"2015-2016";"58.92";"Ingenierías";"Ambos Sexos";"Rendimiento"
"2022-2023";"54.02";"Arquitectura y construcción";"Ambos Sexos";"Rendimiento"
"2021-2022";"48.68";"Arquitectura y construcción";"Ambos Sexos";"Rendimiento"
"2020-2021";"50.51";"Arquitectura y construcción";"Ambos Sexos";"Rendimiento"
"2019-2020";"66.81";"Arquitectura y construcción";"Ambos Sexos";"Rendimiento"
"2018-2019";"60.52";"Arquitectura y construcción";"Ambos Sexos";"Rendimiento"
"2017-2018";"58.03";"Arquitectura y construcción";"Ambos Sexos";"Rendimiento"
"2016-2017";"61.53";"Arquitectura y construcción";"Ambos Sexos";"Rendimiento"
"2015-2016";"60.11";"Arquitectura y construcción";"Ambos Sexos";"Rendimiento"
"2022-2023";"..";"Total Agricultura, ganadería,  silvicultura, pesca, y veterinaria";"Ambos Sexos";"Rendimiento"
"2021-2022";"..";"Total Agricultura, ganadería,  silvicultura, pesca, y veterinaria";"Ambos Sexos";"Rendimiento"
"2020-2021";"..";"Total Agricultura, ganadería,  silvicultura, pesca, y veterinaria";"Ambos Sexos";"Rendimiento"
"2019-2020";"..";"Total Agricultura, ganadería,  silvicultura, pesca, y veterinaria";"Ambos Sexos";"Rendimiento"
"2018-2019";"..";"Total Agricultura, ganadería,  silvicultura, pesca, y veterinaria";"Ambos Sexos";"Rendimiento"
"2017-2018";"..";"Total Agricultura, ganadería,  silvicultura, pesca, y veterinaria";"Ambos Sexos";"Rendimiento"
"2016-2017";"..";"Total Agricultura, ganadería,  silvicultura, pesca, y veterinaria";"Ambos Sexos";"Rendimiento"
"2015-2016";"..";"Total Agricultura, ganadería,  silvicultura, pesca, y veterinaria";"Ambos Sexos";"Rendimiento"
"2022-2023";"..";"Agricultura, ganadería y pesca";"Ambos Sexos";"Rendimiento"
"2021-2022";"..";"Agricultura, ganadería y pesca";"Ambos Sexos";"Rendimiento"
"2020-2021";"..";"Agricultura, ganadería y pesca";"Ambos Sexos";"Rendimiento"
"2019-2020";"..";"Agricultura, ganadería y pesca";"Ambos Sexos";"Rendimiento"
"2018-2019";"..";"Agricultura, ganadería y pesca";"Ambos Sexos";"Rendimiento"
"2017-2018";"..";"Agricultura, ganadería y pesca";"Ambos Sexos";"Rendimiento"
"2016-2017";"..";"Agricultura, ganadería y pesca";"Ambos Sexos";"Rendimiento"
"2015-2016";"..";"Agricultura, ganadería y pesca";"Ambos Sexos";"Rendimiento"
"2022-2023";"..";"Veterinaria";"Ambos Sexos";"Rendimiento"
"2021-2022";"..";"Veterinaria";"Ambos Sexos";"Rendimiento"
"2020-2021";"..";"Veterinaria";"Ambos Sexos";"Rendimiento"
"2019-2020";"..";"Veterinaria";"Ambos Sexos";"Rendimiento"
"2018-2019";"..";"Veterinaria";"Ambos Sexos";"Rendimiento"
"2017-2018";"..";"Veterinaria";"Ambos Sexos";"Rendimiento"
"2016-2017";"..";"Veterinaria";"Ambos Sexos";"Rendimiento"
"2015-2016";"..";"Veterinaria";"Ambos Sexos";"Rendimiento"
"2022-2023";"91.13";"Total Salud y servicios sociales";"Ambos Sexos";"Rendimiento"
"2021-2022";"91.34";"Total Salud y servicios sociales";"Ambos Sexos";"Rendimiento"
"2020-2021";"93.0";"Total Salud y servicios sociales";"Ambos Sexos";"Rendimiento"
"2019-2020";"95.74";"Total Salud y servicios sociales";"Ambos Sexos";"Rendimiento"
"2018-2019";"92.86";"Total Salud y servicios sociales";"Ambos Sexos";"Rendimiento"
"2017-2018";"93.76";"Total Salud y servicios sociales";"Ambos Sexos";"Rendimiento"
"2016-2017";"93.49";"Total Salud y servicios sociales";"Ambos Sexos";"Rendimiento"
"2015-2016";"94.12";"Total Salud y servicios sociales";"Ambos Sexos";"Rendimiento"
"2022-2023";"95.96";"Medicina";"Ambos Sexos";"Rendimiento"
"2021-2022";"..";"Medicina";"Ambos Sexos";"Rendimiento"
"2020-2021";"..";"Medicina";"Ambos Sexos";"Rendimiento"
"2019-2020";"..";"Medicina";"Ambos Sexos";"Rendimiento"
"2018-2019";"..";"Medicina";"Ambos Sexos";"Rendimiento"
"2017-2018";"..";"Medicina";"Ambos Sexos";"Rendimiento"
"2016-2017";"..";"Medicina";"Ambos Sexos";"Rendimiento"
"2015-2016";"..";"Medicina";"Ambos Sexos";"Rendimiento"
"2022-2023";"95.33";"Enfermería y atención a enfermos";"Ambos Sexos";"Rendimiento"
"2021-2022";"93.86";"Enfermería y atención a enfermos";"Ambos Sexos";"Rendimiento"
"2020-2021";"94.37";"Enfermería y atención a enfermos";"Ambos Sexos";"Rendimiento"
"2019-2020";"96.9";"Enfermería y atención a enfermos";"Ambos Sexos";"Rendimiento"
"2018-2019";"95.95";"Enfermería y atención a enfermos";"Ambos Sexos";"Rendimiento"
"2017-2018";"97.13";"Enfermería y atención a enfermos";"Ambos Sexos";"Rendimiento"
"2016-2017";"97.1";"Enfermería y atención a enfermos";"Ambos Sexos";"Rendimiento"
"2015-2016";"97.29";"Enfermería y atención a enfermos";"Ambos Sexos";"Rendimiento"
"2022-2023";"93.98";"Otras ciencias de la Salud";"Ambos Sexos";"Rendimiento"
"2021-2022";"94.4";"Otras ciencias de la Salud";"Ambos Sexos";"Rendimiento"
"2020-2021";"97.55";"Otras ciencias de la Salud";"Ambos Sexos";"Rendimiento"
"2019-2020";"97.83";"Otras ciencias de la Salud";"Ambos Sexos";"Rendimiento"
"2018-2019";"96.75";"Otras ciencias de la Salud";"Ambos Sexos";"Rendimiento"
"2017-2018";"96.02";"Otras ciencias de la Salud";"Ambos Sexos";"Rendimiento"
"2016-2017";"96.83";"Otras ciencias de la Salud";"Ambos Sexos";"Rendimiento"
"2015-2016";"95.26";"Otras ciencias de la Salud";"Ambos Sexos";"Rendimiento"
"2022-2023";"84.39";"Trabajo social y orientación";"Ambos Sexos";"Rendimiento"
"2021-2022";"86.95";"Trabajo social y orientación";"Ambos Sexos";"Rendimiento"
"2020-2021";"89.17";"Trabajo social y orientación";"Ambos Sexos";"Rendimiento"
"2019-2020";"93.46";"Trabajo social y orientación";"Ambos Sexos";"Rendimiento"
"2018-2019";"87.64";"Trabajo social y orientación";"Ambos Sexos";"Rendimiento"
"2017-2018";"89.01";"Trabajo social y orientación";"Ambos Sexos";"Rendimiento"
"2016-2017";"87.83";"Trabajo social y orientación";"Ambos Sexos";"Rendimiento"
"2015-2016";"90.1";"Trabajo social y orientación";"Ambos Sexos";"Rendimiento"
"2022-2023";"72.91";"Total Servicios";"Ambos Sexos";"Rendimiento"
"2021-2022";"72.65";"Total Servicios";"Ambos Sexos";"Rendimiento"
"2020-2021";"79.81";"Total Servicios";"Ambos Sexos";"Rendimiento"
"2019-2020";"81.71";"Total Servicios";"Ambos Sexos";"Rendimiento"
"2018-2019";"73.85";"Total Servicios";"Ambos Sexos";"Rendimiento"
"2017-2018";"75.93";"Total Servicios";"Ambos Sexos";"Rendimiento"
"2016-2017";"72.58";"Total Servicios";"Ambos Sexos";"Rendimiento"
"2015-2016";"75.75";"Total Servicios";"Ambos Sexos";"Rendimiento"
"2022-2023";"..";"Deportes";"Ambos Sexos";"Rendimiento"
"2021-2022";"..";"Deportes";"Ambos Sexos";"Rendimiento"
"2020-2021";"..";"Deportes";"Ambos Sexos";"Rendimiento"
"2019-2020";"..";"Deportes";"Ambos Sexos";"Rendimiento"
"2018-2019";"..";"Deportes";"Ambos Sexos";"Rendimiento"
"2017-2018";"..";"Deportes";"Ambos Sexos";"Rendimiento"
"2016-2017";"..";"Deportes";"Ambos Sexos";"Rendimiento"
"2015-2016";"..";"Deportes";"Ambos Sexos";"Rendimiento"
"2022-2023";"72.91";"Turismo y Hostelería";"Ambos Sexos";"Rendimiento"
"2021-2022";"72.65";"Turismo y Hostelería";"Ambos Sexos";"Rendimiento"
"2020-2021";"79.81";"Turismo y Hostelería";"Ambos Sexos";"Rendimiento"
"2019-2020";"81.71";"Turismo y Hostelería";"Ambos Sexos";"Rendimiento"
"2018-2019";"73.85";"Turismo y Hostelería";"Ambos Sexos";"Rendimiento"
"2017-2018";"75.93";"Turismo y Hostelería";"Ambos Sexos";"Rendimiento"
"2016-2017";"72.58";"Turismo y Hostelería";"Ambos Sexos";"Rendimiento"
"2015-2016";"75.75";"Turismo y Hostelería";"Ambos Sexos";"Rendimiento"
"2022-2023";"..";"Otros Servicios";"Ambos Sexos";"Rendimiento"
"2021-2022";"..";"Otros Servicios";"Ambos Sexos";"Rendimiento"
"2020-2021";"..";"Otros Servicios";"Ambos Sexos";"Rendimiento"
"2019-2020";"..";"Otros Servicios";"Ambos Sexos";"Rendimiento"
"2018-2019";"..";"Otros Servicios";"Ambos Sexos";"Rendimiento"
"2017-2018";"..";"Otros Servicios";"Ambos Sexos";"Rendimiento"
"2016-2017";"..";"Otros Servicios";"Ambos Sexos";"Rendimiento"
"2015-2016";"..";"Otros Servicios";"Ambos Sexos";"Rendimiento"
"2022-2023";"???";"Jaén";"Ambos Sexos";"Exito"
"2021-2022";"???";"Jaén";"Ambos Sexos";"Exito"
"2020-2021";"???";"Jaén";"Ambos Sexos";"Exito"
"2019-2020";"???";"Jaén";"Ambos Sexos";"Exito"
"2018-2019";"???";"Jaén";"Ambos Sexos";"Exito"
"2017-2018";"???";"Jaén";"Ambos Sexos";"Exito"
"2016-2017";"???";"Jaén";"Ambos Sexos";"Exito"
"2015-2016";"???";"Jaén";"Ambos Sexos";"Exito"
"2022-2023";"84.65";"Todos los ámbitos";"Ambos Sexos";"Exito"
"2021-2022";"84.3";"Todos los ámbitos";"Ambos Sexos";"Exito"
"2020-2021";"85.41";"Todos los ámbitos";"Ambos Sexos";"Exito"
"2019-2020";"91.45";"Todos los ámbitos";"Ambos Sexos";"Exito"
"2018-2019";"86.27";"Todos los ámbitos";"Ambos Sexos";"Exito"
"2017-2018";"86.19";"Todos los ámbitos";"Ambos Sexos";"Exito"
"2016-2017";"86.06";"Todos los ámbitos";"Ambos Sexos";"Exito"
"2015-2016";"85.72";"Todos los ámbitos";"Ambos Sexos";"Exito"
"2022-2023";"91.57";"Total Educación";"Ambos Sexos";"Exito"
"2021-2022";"91.86";"Total Educación";"Ambos Sexos";"Exito"
"2020-2021";"93.63";"Total Educación";"Ambos Sexos";"Exito"
"2019-2020";"96.92";"Total Educación";"Ambos Sexos";"Exito"
"2018-2019";"93.38";"Total Educación";"Ambos Sexos";"Exito"
"2017-2018";"93.36";"Total Educación";"Ambos Sexos";"Exito"
"2016-2017";"93.79";"Total Educación";"Ambos Sexos";"Exito"
"2015-2016";"93.97";"Total Educación";"Ambos Sexos";"Exito"
"2022-2023";"92.61";"Formación de docentes de enseñanza infantil";"Ambos Sexos";"Exito"
"2021-2022";"91.98";"Formación de docentes de enseñanza infantil";"Ambos Sexos";"Exito"
"2020-2021";"93.72";"Formación de docentes de enseñanza infantil";"Ambos Sexos";"Exito"
"2019-2020";"96.72";"Formación de docentes de enseñanza infantil";"Ambos Sexos";"Exito"
"2018-2019";"94.35";"Formación de docentes de enseñanza infantil";"Ambos Sexos";"Exito"
"2017-2018";"94.01";"Formación de docentes de enseñanza infantil";"Ambos Sexos";"Exito"
"2016-2017";"94.47";"Formación de docentes de enseñanza infantil";"Ambos Sexos";"Exito"
"2015-2016";"94.42";"Formación de docentes de enseñanza infantil";"Ambos Sexos";"Exito"
"2022-2023";"89.89";"Formación de docentes de enseñanza primaria";"Ambos Sexos";"Exito"
"2021-2022";"90.91";"Formación de docentes de enseñanza primaria";"Ambos Sexos";"Exito"
"2020-2021";"92.88";"Formación de docentes de enseñanza primaria";"Ambos Sexos";"Exito"
"2019-2020";"96.73";"Formación de docentes de enseñanza primaria";"Ambos Sexos";"Exito"
"2018-2019";"92.21";"Formación de docentes de enseñanza primaria";"Ambos Sexos";"Exito"
"2017-2018";"92.14";"Formación de docentes de enseñanza primaria";"Ambos Sexos";"Exito"
"2016-2017";"93.04";"Formación de docentes de enseñanza primaria";"Ambos Sexos";"Exito"
"2015-2016";"93.45";"Formación de docentes de enseñanza primaria";"Ambos Sexos";"Exito"
"2022-2023";"96.5";"Otra Formación de personal docente y ciencias de la educación";"Ambos Sexos";"Exito"
"2021-2022";"96.24";"Otra Formación de personal docente y ciencias de la educación";"Ambos Sexos";"Exito"
"2020-2021";"97.09";"Otra Formación de personal docente y ciencias de la educación";"Ambos Sexos";"Exito"
"2019-2020";"98.63";"Otra Formación de personal docente y ciencias de la educación";"Ambos Sexos";"Exito"
"2018-2019";"96.0";"Otra Formación de personal docente y ciencias de la educación";"Ambos Sexos";"Exito"
"2017-2018";"97.4";"Otra Formación de personal docente y ciencias de la educación";"Ambos Sexos";"Exito"
"2016-2017";"95.56";"Otra Formación de personal docente y ciencias de la educación";"Ambos Sexos";"Exito"
"2015-2016";"96.2";"Otra Formación de personal docente y ciencias de la educación";"Ambos Sexos";"Exito"
"2022-2023";"87.59";"Total Artes y humanidades";"Ambos Sexos";"Exito"
"2021-2022";"85.75";"Total Artes y humanidades";"Ambos Sexos";"Exito"
"2020-2021";"86.61";"Total Artes y humanidades";"Ambos Sexos";"Exito"
"2019-2020";"91.35";"Total Artes y humanidades";"Ambos Sexos";"Exito"
"2018-2019";"84.32";"Total Artes y humanidades";"Ambos Sexos";"Exito"
"2017-2018";"84.82";"Total Artes y humanidades";"Ambos Sexos";"Exito"
"2016-2017";"85.92";"Total Artes y humanidades";"Ambos Sexos";"Exito"
"2015-2016";"85.57";"Total Artes y humanidades";"Ambos Sexos";"Exito"
"2022-2023";"..";"Técnicas audiovisuales y medios de comunicación";"Ambos Sexos";"Exito"
"2021-2022";"..";"Técnicas audiovisuales y medios de comunicación";"Ambos Sexos";"Exito"
"2020-2021";"..";"Técnicas audiovisuales y medios de comunicación";"Ambos Sexos";"Exito"
"2019-2020";"..";"Técnicas audiovisuales y medios de comunicación";"Ambos Sexos";"Exito"
"2018-2019";"..";"Técnicas audiovisuales y medios de comunicación";"Ambos Sexos";"Exito"
"2017-2018";"..";"Técnicas audiovisuales y medios de comunicación";"Ambos Sexos";"Exito"
"2016-2017";"..";"Técnicas audiovisuales y medios de comunicación";"Ambos Sexos";"Exito"
"2015-2016";"..";"Técnicas audiovisuales y medios de comunicación";"Ambos Sexos";"Exito"
"2022-2023";"89.28";"Artes";"Ambos Sexos";"Exito"
"2021-2022";"89.77";"Artes";"Ambos Sexos";"Exito"
"2020-2021";"93.31";"Artes";"Ambos Sexos";"Exito"
"2019-2020";"95.15";"Artes";"Ambos Sexos";"Exito"
"2018-2019";"90.15";"Artes";"Ambos Sexos";"Exito"
"2017-2018";"92.46";"Artes";"Ambos Sexos";"Exito"
"2016-2017";"92.92";"Artes";"Ambos Sexos";"Exito"
"2015-2016";"89.8";"Artes";"Ambos Sexos";"Exito"
"2022-2023";"87.22";"Lenguas";"Ambos Sexos";"Exito"
"2021-2022";"86.12";"Lenguas";"Ambos Sexos";"Exito"
"2020-2021";"85.89";"Lenguas";"Ambos Sexos";"Exito"
"2019-2020";"90.63";"Lenguas";"Ambos Sexos";"Exito"
"2018-2019";"83.49";"Lenguas";"Ambos Sexos";"Exito"
"2017-2018";"83.98";"Lenguas";"Ambos Sexos";"Exito"
"2016-2017";"84.3";"Lenguas";"Ambos Sexos";"Exito"
"2015-2016";"85.7";"Lenguas";"Ambos Sexos";"Exito"
"2022-2023";"87.52";"Humanidades";"Ambos Sexos";"Exito"
"2021-2022";"83.48";"Humanidades";"Ambos Sexos";"Exito"
"2020-2021";"84.81";"Humanidades";"Ambos Sexos";"Exito"
"2019-2020";"91.15";"Humanidades";"Ambos Sexos";"Exito"
"2018-2019";"83.66";"Humanidades";"Ambos Sexos";"Exito"
"2017-2018";"83.26";"Humanidades";"Ambos Sexos";"Exito"
"2016-2017";"85.6";"Humanidades";"Ambos Sexos";"Exito"
"2015-2016";"83.01";"Humanidades";"Ambos Sexos";"Exito"
"2022-2023";"84.51";"Total Ciencias sociales, periodismo y documentación";"Ambos Sexos";"Exito"
"2021-2022";"80.88";"Total Ciencias sociales, periodismo y documentación";"Ambos Sexos";"Exito"
"2020-2021";"86.79";"Total Ciencias sociales, periodismo y documentación";"Ambos Sexos";"Exito"
"2019-2020";"94.61";"Total Ciencias sociales, periodismo y documentación";"Ambos Sexos";"Exito"
"2018-2019";"85.36";"Total Ciencias sociales, periodismo y documentación";"Ambos Sexos";"Exito"
"2017-2018";"86.25";"Total Ciencias sociales, periodismo y documentación";"Ambos Sexos";"Exito"
"2016-2017";"86.28";"Total Ciencias sociales, periodismo y documentación";"Ambos Sexos";"Exito"
"2015-2016";"84.81";"Total Ciencias sociales, periodismo y documentación";"Ambos Sexos";"Exito"
"2022-2023";"84.51";"Psicología";"Ambos Sexos";"Exito"
"2021-2022";"80.88";"Psicología";"Ambos Sexos";"Exito"
"2020-2021";"86.79";"Psicología";"Ambos Sexos";"Exito"
"2019-2020";"94.61";"Psicología";"Ambos Sexos";"Exito"
"2018-2019";"85.36";"Psicología";"Ambos Sexos";"Exito"
"2017-2018";"86.25";"Psicología";"Ambos Sexos";"Exito"
"2016-2017";"86.28";"Psicología";"Ambos Sexos";"Exito"
"2015-2016";"84.81";"Psicología";"Ambos Sexos";"Exito"
"2022-2023";"..";"Economía";"Ambos Sexos";"Exito"
"2021-2022";"..";"Economía";"Ambos Sexos";"Exito"
"2020-2021";"..";"Economía";"Ambos Sexos";"Exito"
"2019-2020";"..";"Economía";"Ambos Sexos";"Exito"
"2018-2019";"..";"Economía";"Ambos Sexos";"Exito"
"2017-2018";"..";"Economía";"Ambos Sexos";"Exito"
"2016-2017";"..";"Economía";"Ambos Sexos";"Exito"
"2015-2016";"..";"Economía";"Ambos Sexos";"Exito"
"2022-2023";"..";"Otras Ciencias sociales y del comportamiento";"Ambos Sexos";"Exito"
"2021-2022";"..";"Otras Ciencias sociales y del comportamiento";"Ambos Sexos";"Exito"
"2020-2021";"..";"Otras Ciencias sociales y del comportamiento";"Ambos Sexos";"Exito"
"2019-2020";"..";"Otras Ciencias sociales y del comportamiento";"Ambos Sexos";"Exito"
"2018-2019";"..";"Otras Ciencias sociales y del comportamiento";"Ambos Sexos";"Exito"
"2017-2018";"..";"Otras Ciencias sociales y del comportamiento";"Ambos Sexos";"Exito"
"2016-2017";"..";"Otras Ciencias sociales y del comportamiento";"Ambos Sexos";"Exito"
"2015-2016";"..";"Otras Ciencias sociales y del comportamiento";"Ambos Sexos";"Exito"
"2022-2023";"..";"Periodismo e información";"Ambos Sexos";"Exito"
"2021-2022";"..";"Periodismo e información";"Ambos Sexos";"Exito"
"2020-2021";"..";"Periodismo e información";"Ambos Sexos";"Exito"
"2019-2020";"..";"Periodismo e información";"Ambos Sexos";"Exito"
"2018-2019";"..";"Periodismo e información";"Ambos Sexos";"Exito"
"2017-2018";"..";"Periodismo e información";"Ambos Sexos";"Exito"
"2016-2017";"..";"Periodismo e información";"Ambos Sexos";"Exito"
"2015-2016";"..";"Periodismo e información";"Ambos Sexos";"Exito"
"2022-2023";"77.78";"Total Negocios, administración y derecho";"Ambos Sexos";"Exito"
"2021-2022";"76.8";"Total Negocios, administración y derecho";"Ambos Sexos";"Exito"
"2020-2021";"78.18";"Total Negocios, administración y derecho";"Ambos Sexos";"Exito"
"2019-2020";"87.48";"Total Negocios, administración y derecho";"Ambos Sexos";"Exito"
"2018-2019";"81.67";"Total Negocios, administración y derecho";"Ambos Sexos";"Exito"
"2017-2018";"81.54";"Total Negocios, administración y derecho";"Ambos Sexos";"Exito"
"2016-2017";"81.8";"Total Negocios, administración y derecho";"Ambos Sexos";"Exito"
"2015-2016";"81.15";"Total Negocios, administración y derecho";"Ambos Sexos";"Exito"
"2022-2023";"75.91";"Administración y gestión de empresas";"Ambos Sexos";"Exito"
"2021-2022";"76.37";"Administración y gestión de empresas";"Ambos Sexos";"Exito"
"2020-2021";"75.57";"Administración y gestión de empresas";"Ambos Sexos";"Exito"
"2019-2020";"84.83";"Administración y gestión de empresas";"Ambos Sexos";"Exito"
"2018-2019";"80.7";"Administración y gestión de empresas";"Ambos Sexos";"Exito"
"2017-2018";"79.5";"Administración y gestión de empresas";"Ambos Sexos";"Exito"
"2016-2017";"79.26";"Administración y gestión de empresas";"Ambos Sexos";"Exito"
"2015-2016";"79.95";"Administración y gestión de empresas";"Ambos Sexos";"Exito"
"2022-2023";"76.08";"Otra Educación comercial y empresarial";"Ambos Sexos";"Exito"
"2021-2022";"75.14";"Otra Educación comercial y empresarial";"Ambos Sexos";"Exito"
"2020-2021";"76.4";"Otra Educación comercial y empresarial";"Ambos Sexos";"Exito"
"2019-2020";"87.03";"Otra Educación comercial y empresarial";"Ambos Sexos";"Exito"
"2018-2019";"80.33";"Otra Educación comercial y empresarial";"Ambos Sexos";"Exito"
"2017-2018";"76.29";"Otra Educación comercial y empresarial";"Ambos Sexos";"Exito"
"2016-2017";"73.64";"Otra Educación comercial y empresarial";"Ambos Sexos";"Exito"
"2015-2016";"70.42";"Otra Educación comercial y empresarial";"Ambos Sexos";"Exito"
"2022-2023";"80.21";"Derecho";"Ambos Sexos";"Exito"
"2021-2022";"77.52";"Derecho";"Ambos Sexos";"Exito"
"2020-2021";"81.42";"Derecho";"Ambos Sexos";"Exito"
"2019-2020";"90.55";"Derecho";"Ambos Sexos";"Exito"
"2018-2019";"83.04";"Derecho";"Ambos Sexos";"Exito"
"2017-2018";"84.89";"Derecho";"Ambos Sexos";"Exito"
"2016-2017";"86.55";"Derecho";"Ambos Sexos";"Exito"
"2015-2016";"84.92";"Derecho";"Ambos Sexos";"Exito"
"2022-2023";"82.46";"Total Ciencias";"Ambos Sexos";"Exito"
"2021-2022";"81.79";"Total Ciencias";"Ambos Sexos";"Exito"
"2020-2021";"80.67";"Total Ciencias";"Ambos Sexos";"Exito"
"2019-2020";"89.43";"Total Ciencias";"Ambos Sexos";"Exito"
"2018-2019";"81.0";"Total Ciencias";"Ambos Sexos";"Exito"
"2017-2018";"79.95";"Total Ciencias";"Ambos Sexos";"Exito"
"2016-2017";"80.89";"Total Ciencias";"Ambos Sexos";"Exito"
"2015-2016";"78.52";"Total Ciencias";"Ambos Sexos";"Exito"
"2022-2023";"84.29";"Ciencias de la vida";"Ambos Sexos";"Exito"
"2021-2022";"83.81";"Ciencias de la vida";"Ambos Sexos";"Exito"
"2020-2021";"81.39";"Ciencias de la vida";"Ambos Sexos";"Exito"
"2019-2020";"92.0";"Ciencias de la vida";"Ambos Sexos";"Exito"
"2018-2019";"81.76";"Ciencias de la vida";"Ambos Sexos";"Exito"
"2017-2018";"83.41";"Ciencias de la vida";"Ambos Sexos";"Exito"
"2016-2017";"84.45";"Ciencias de la vida";"Ambos Sexos";"Exito"
"2015-2016";"80.7";"Ciencias de la vida";"Ambos Sexos";"Exito"
"2022-2023";"79.2";"Ciencias Físicas, químicas, geológicas";"Ambos Sexos";"Exito"
"2021-2022";"78.1";"Ciencias Físicas, químicas, geológicas";"Ambos Sexos";"Exito"
"2020-2021";"79.22";"Ciencias Físicas, químicas, geológicas";"Ambos Sexos";"Exito"
"2019-2020";"84.13";"Ciencias Físicas, químicas, geológicas";"Ambos Sexos";"Exito"
"2018-2019";"79.5";"Ciencias Físicas, químicas, geológicas";"Ambos Sexos";"Exito"
"2017-2018";"72.75";"Ciencias Físicas, químicas, geológicas";"Ambos Sexos";"Exito"
"2016-2017";"74.07";"Ciencias Físicas, químicas, geológicas";"Ambos Sexos";"Exito"
"2015-2016";"74.05";"Ciencias Físicas, químicas, geológicas";"Ambos Sexos";"Exito"
"2022-2023";"..";"Matemáticas y Estadística";"Ambos Sexos";"Exito"
"2021-2022";"..";"Matemáticas y Estadística";"Ambos Sexos";"Exito"
"2020-2021";"..";"Matemáticas y Estadística";"Ambos Sexos";"Exito"
"2019-2020";"..";"Matemáticas y Estadística";"Ambos Sexos";"Exito"
"2018-2019";"..";"Matemáticas y Estadística";"Ambos Sexos";"Exito"
"2017-2018";"..";"Matemáticas y Estadística";"Ambos Sexos";"Exito"
"2016-2017";"..";"Matemáticas y Estadística";"Ambos Sexos";"Exito"
"2015-2016";"..";"Matemáticas y Estadística";"Ambos Sexos";"Exito"
"2022-2023";"75.61";"Total Informática";"Ambos Sexos";"Exito"
"2021-2022";"71.75";"Total Informática";"Ambos Sexos";"Exito"
"2020-2021";"74.13";"Total Informática";"Ambos Sexos";"Exito"
"2019-2020";"79.04";"Total Informática";"Ambos Sexos";"Exito"
"2018-2019";"73.6";"Total Informática";"Ambos Sexos";"Exito"
"2017-2018";"74.89";"Total Informática";"Ambos Sexos";"Exito"
"2016-2017";"74.4";"Total Informática";"Ambos Sexos";"Exito"
"2015-2016";"74.6";"Total Informática";"Ambos Sexos";"Exito"
"2022-2023";"75.61";"Informática";"Ambos Sexos";"Exito"
"2021-2022";"71.75";"Informática";"Ambos Sexos";"Exito"
"2020-2021";"74.13";"Informática";"Ambos Sexos";"Exito"
"2019-2020";"79.04";"Informática";"Ambos Sexos";"Exito"
"2018-2019";"73.6";"Informática";"Ambos Sexos";"Exito"
"2017-2018";"74.89";"Informática";"Ambos Sexos";"Exito"
"2016-2017";"74.4";"Informática";"Ambos Sexos";"Exito"
"2015-2016";"74.6";"Informática";"Ambos Sexos";"Exito"
"2022-2023";"71.71";"Total Ingeniería, industria y construcción";"Ambos Sexos";"Exito"
"2021-2022";"73.15";"Total Ingeniería, industria y construcción";"Ambos Sexos";"Exito"
"2020-2021";"69.8";"Total Ingeniería, industria y construcción";"Ambos Sexos";"Exito"
"2019-2020";"80.99";"Total Ingeniería, industria y construcción";"Ambos Sexos";"Exito"
"2018-2019";"75.75";"Total Ingeniería, industria y construcción";"Ambos Sexos";"Exito"
"2017-2018";"75.25";"Total Ingeniería, industria y construcción";"Ambos Sexos";"Exito"
"2016-2017";"74.92";"Total Ingeniería, industria y construcción";"Ambos Sexos";"Exito"
"2015-2016";"74.97";"Total Ingeniería, industria y construcción";"Ambos Sexos";"Exito"
"2022-2023";"71.51";"Ingenierías";"Ambos Sexos";"Exito"
"2021-2022";"73.22";"Ingenierías";"Ambos Sexos";"Exito"
"2020-2021";"69.84";"Ingenierías";"Ambos Sexos";"Exito"
"2019-2020";"80.68";"Ingenierías";"Ambos Sexos";"Exito"
"2018-2019";"75.23";"Ingenierías";"Ambos Sexos";"Exito"
"2017-2018";"74.8";"Ingenierías";"Ambos Sexos";"Exito"
"2016-2017";"74.65";"Ingenierías";"Ambos Sexos";"Exito"
"2015-2016";"75.01";"Ingenierías";"Ambos Sexos";"Exito"
"2022-2023";"74.19";"Arquitectura y construcción";"Ambos Sexos";"Exito"
"2021-2022";"72.12";"Arquitectura y construcción";"Ambos Sexos";"Exito"
"2020-2021";"69.24";"Arquitectura y construcción";"Ambos Sexos";"Exito"
"2019-2020";"85.37";"Arquitectura y construcción";"Ambos Sexos";"Exito"
"2018-2019";"82.16";"Arquitectura y construcción";"Ambos Sexos";"Exito"
"2017-2018";"80.29";"Arquitectura y construcción";"Ambos Sexos";"Exito"
"2016-2017";"77.28";"Arquitectura y construcción";"Ambos Sexos";"Exito"
"2015-2016";"74.73";"Arquitectura y construcción";"Ambos Sexos";"Exito"
"2022-2023";"..";"Total Agricultura, ganadería,  silvicultura, pesca, y veterinaria";"Ambos Sexos";"Exito"
"2021-2022";"..";"Total Agricultura, ganadería,  silvicultura, pesca, y veterinaria";"Ambos Sexos";"Exito"
"2020-2021";"..";"Total Agricultura, ganadería,  silvicultura, pesca, y veterinaria";"Ambos Sexos";"Exito"
"2019-2020";"..";"Total Agricultura, ganadería,  silvicultura, pesca, y veterinaria";"Ambos Sexos";"Exito"
"2018-2019";"..";"Total Agricultura, ganadería,  silvicultura, pesca, y veterinaria";"Ambos Sexos";"Exito"
"2017-2018";"..";"Total Agricultura, ganadería,  silvicultura, pesca, y veterinaria";"Ambos Sexos";"Exito"
"2016-2017";"..";"Total Agricultura, ganadería,  silvicultura, pesca, y veterinaria";"Ambos Sexos";"Exito"
"2015-2016";"..";"Total Agricultura, ganadería,  silvicultura, pesca, y veterinaria";"Ambos Sexos";"Exito"
"2022-2023";"..";"Agricultura, ganadería y pesca";"Ambos Sexos";"Exito"
"2021-2022";"..";"Agricultura, ganadería y pesca";"Ambos Sexos";"Exito"
"2020-2021";"..";"Agricultura, ganadería y pesca";"Ambos Sexos";"Exito"
"2019-2020";"..";"Agricultura, ganadería y pesca";"Ambos Sexos";"Exito"
"2018-2019";"..";"Agricultura, ganadería y pesca";"Ambos Sexos";"Exito"
"2017-2018";"..";"Agricultura, ganadería y pesca";"Ambos Sexos";"Exito"
"2016-2017";"..";"Agricultura, ganadería y pesca";"Ambos Sexos";"Exito"
"2015-2016";"..";"Agricultura, ganadería y pesca";"Ambos Sexos";"Exito"
"2022-2023";"..";"Veterinaria";"Ambos Sexos";"Exito"
"2021-2022";"..";"Veterinaria";"Ambos Sexos";"Exito"
"2020-2021";"..";"Veterinaria";"Ambos Sexos";"Exito"
"2019-2020";"..";"Veterinaria";"Ambos Sexos";"Exito"
"2018-2019";"..";"Veterinaria";"Ambos Sexos";"Exito"
"2017-2018";"..";"Veterinaria";"Ambos Sexos";"Exito"
"2016-2017";"..";"Veterinaria";"Ambos Sexos";"Exito"
"2015-2016";"..";"Veterinaria";"Ambos Sexos";"Exito"
"2022-2023";"93.71";"Total Salud y servicios sociales";"Ambos Sexos";"Exito"
"2021-2022";"94.31";"Total Salud y servicios sociales";"Ambos Sexos";"Exito"
"2020-2021";"95.15";"Total Salud y servicios sociales";"Ambos Sexos";"Exito"
"2019-2020";"97.51";"Total Salud y servicios sociales";"Ambos Sexos";"Exito"
"2018-2019";"95.45";"Total Salud y servicios sociales";"Ambos Sexos";"Exito"
"2017-2018";"96.06";"Total Salud y servicios sociales";"Ambos Sexos";"Exito"
"2016-2017";"95.39";"Total Salud y servicios sociales";"Ambos Sexos";"Exito"
"2015-2016";"96.15";"Total Salud y servicios sociales";"Ambos Sexos";"Exito"
"2022-2023";"97.86";"Medicina";"Ambos Sexos";"Exito"
"2021-2022";"..";"Medicina";"Ambos Sexos";"Exito"
"2020-2021";"..";"Medicina";"Ambos Sexos";"Exito"
"2019-2020";"..";"Medicina";"Ambos Sexos";"Exito"
"2018-2019";"..";"Medicina";"Ambos Sexos";"Exito"
"2017-2018";"..";"Medicina";"Ambos Sexos";"Exito"
"2016-2017";"..";"Medicina";"Ambos Sexos";"Exito"
"2015-2016";"..";"Medicina";"Ambos Sexos";"Exito"
"2022-2023";"96.74";"Enfermería y atención a enfermos";"Ambos Sexos";"Exito"
"2021-2022";"95.32";"Enfermería y atención a enfermos";"Ambos Sexos";"Exito"
"2020-2021";"95.78";"Enfermería y atención a enfermos";"Ambos Sexos";"Exito"
"2019-2020";"97.99";"Enfermería y atención a enfermos";"Ambos Sexos";"Exito"
"2018-2019";"97.52";"Enfermería y atención a enfermos";"Ambos Sexos";"Exito"
"2017-2018";"98.1";"Enfermería y atención a enfermos";"Ambos Sexos";"Exito"
"2016-2017";"98.5";"Enfermería y atención a enfermos";"Ambos Sexos";"Exito"
"2015-2016";"98.26";"Enfermería y atención a enfermos";"Ambos Sexos";"Exito"
"2022-2023";"97.04";"Otras ciencias de la Salud";"Ambos Sexos";"Exito"
"2021-2022";"97.46";"Otras ciencias de la Salud";"Ambos Sexos";"Exito"
"2020-2021";"98.86";"Otras ciencias de la Salud";"Ambos Sexos";"Exito"
"2019-2020";"99.5";"Otras ciencias de la Salud";"Ambos Sexos";"Exito"
"2018-2019";"98.69";"Otras ciencias de la Salud";"Ambos Sexos";"Exito"
"2017-2018";"98.69";"Otras ciencias de la Salud";"Ambos Sexos";"Exito"
"2016-2017";"98.59";"Otras ciencias de la Salud";"Ambos Sexos";"Exito"
"2015-2016";"97.9";"Otras ciencias de la Salud";"Ambos Sexos";"Exito"
"2022-2023";"87.93";"Trabajo social y orientación";"Ambos Sexos";"Exito"
"2021-2022";"91.43";"Trabajo social y orientación";"Ambos Sexos";"Exito"
"2020-2021";"92.47";"Trabajo social y orientación";"Ambos Sexos";"Exito"
"2019-2020";"95.93";"Trabajo social y orientación";"Ambos Sexos";"Exito"
"2018-2019";"91.5";"Trabajo social y orientación";"Ambos Sexos";"Exito"
"2017-2018";"92.43";"Trabajo social y orientación";"Ambos Sexos";"Exito"
"2016-2017";"90.26";"Trabajo social y orientación";"Ambos Sexos";"Exito"
"2015-2016";"92.88";"Trabajo social y orientación";"Ambos Sexos";"Exito"
"2022-2023";"87.01";"Total Servicios";"Ambos Sexos";"Exito"
"2021-2022";"83.43";"Total Servicios";"Ambos Sexos";"Exito"
"2020-2021";"87.88";"Total Servicios";"Ambos Sexos";"Exito"
"2019-2020";"91.91";"Total Servicios";"Ambos Sexos";"Exito"
"2018-2019";"85.49";"Total Servicios";"Ambos Sexos";"Exito"
"2017-2018";"86.0";"Total Servicios";"Ambos Sexos";"Exito"
"2016-2017";"82.63";"Total Servicios";"Ambos Sexos";"Exito"
"2015-2016";"82.42";"Total Servicios";"Ambos Sexos";"Exito"
"2022-2023";"..";"Deportes";"Ambos Sexos";"Exito"
"2021-2022";"..";"Deportes";"Ambos Sexos";"Exito"
"2020-2021";"..";"Deportes";"Ambos Sexos";"Exito"
"2019-2020";"..";"Deportes";"Ambos Sexos";"Exito"
"2018-2019";"..";"Deportes";"Ambos Sexos";"Exito"
"2017-2018";"..";"Deportes";"Ambos Sexos";"Exito"
"2016-2017";"..";"Deportes";"Ambos Sexos";"Exito"
"2015-2016";"..";"Deportes";"Ambos Sexos";"Exito"
"2022-2023";"87.01";"Turismo y Hostelería";"Ambos Sexos";"Exito"
"2021-2022";"83.43";"Turismo y Hostelería";"Ambos Sexos";"Exito"
"2020-2021";"87.88";"Turismo y Hostelería";"Ambos Sexos";"Exito"
"2019-2020";"91.91";"Turismo y Hostelería";"Ambos Sexos";"Exito"
"2018-2019";"85.49";"Turismo y Hostelería";"Ambos Sexos";"Exito"
"2017-2018";"86.0";"Turismo y Hostelería";"Ambos Sexos";"Exito"
"2016-2017";"82.63";"Turismo y Hostelería";"Ambos Sexos";"Exito"
"2015-2016";"82.42";"Turismo y Hostelería";"Ambos Sexos";"Exito"
"2022-2023";"..";"Otros Servicios";"Ambos Sexos";"Exito"
"2021-2022";"..";"Otros Servicios";"Ambos Sexos";"Exito"
"2020-2021";"..";"Otros Servicios";"Ambos Sexos";"Exito"
"2019-2020";"..";"Otros Servicios";"Ambos Sexos";"Exito"
"2018-2019";"..";"Otros Servicios";"Ambos Sexos";"Exito"
"2017-2018";"..";"Otros Servicios";"Ambos Sexos";"Exito"
"2016-2017";"..";"Otros Servicios";"Ambos Sexos";"Exito"
"2015-2016";"..";"Otros Servicios";"Ambos Sexos";"Exito"
"2022-2023";"???";"Jaén";"Ambos Sexos";"Evaluacion"
"2021-2022";"???";"Jaén";"Ambos Sexos";"Evaluacion"
"2020-2021";"???";"Jaén";"Ambos Sexos";"Evaluacion"
"2019-2020";"???";"Jaén";"Ambos Sexos";"Evaluacion"
"2018-2019";"???";"Jaén";"Ambos Sexos";"Evaluacion"
"2017-2018";"???";"Jaén";"Ambos Sexos";"Evaluacion"
"2016-2017";"???";"Jaén";"Ambos Sexos";"Evaluacion"
"2015-2016";"???";"Jaén";"Ambos Sexos";"Evaluacion"
"2022-2023";"90.36";"Todos los ámbitos";"Ambos Sexos";"Evaluacion"
"2021-2022";"89.45";"Todos los ámbitos";"Ambos Sexos";"Evaluacion"
"2020-2021";"89.94";"Todos los ámbitos";"Ambos Sexos";"Evaluacion"
"2019-2020";"92.5";"Todos los ámbitos";"Ambos Sexos";"Evaluacion"
"2018-2019";"89.46";"Todos los ámbitos";"Ambos Sexos";"Evaluacion"
"2017-2018";"89.92";"Todos los ámbitos";"Ambos Sexos";"Evaluacion"
"2016-2017";"90.48";"Todos los ámbitos";"Ambos Sexos";"Evaluacion"
"2015-2016";"90.42";"Todos los ámbitos";"Ambos Sexos";"Evaluacion"
"2022-2023";"97.09";"Total Educación";"Ambos Sexos";"Evaluacion"
"2021-2022";"96.86";"Total Educación";"Ambos Sexos";"Evaluacion"
"2020-2021";"97.53";"Total Educación";"Ambos Sexos";"Evaluacion"
"2019-2020";"97.43";"Total Educación";"Ambos Sexos";"Evaluacion"
"2018-2019";"96.36";"Total Educación";"Ambos Sexos";"Evaluacion"
"2017-2018";"96.84";"Total Educación";"Ambos Sexos";"Evaluacion"
"2016-2017";"96.87";"Total Educación";"Ambos Sexos";"Evaluacion"
"2015-2016";"96.7";"Total Educación";"Ambos Sexos";"Evaluacion"
"2022-2023";"97.77";"Formación de docentes de enseñanza infantil";"Ambos Sexos";"Evaluacion"
"2021-2022";"97.37";"Formación de docentes de enseñanza infantil";"Ambos Sexos";"Evaluacion"
"2020-2021";"98.32";"Formación de docentes de enseñanza infantil";"Ambos Sexos";"Evaluacion"
"2019-2020";"97.92";"Formación de docentes de enseñanza infantil";"Ambos Sexos";"Evaluacion"
"2018-2019";"97.42";"Formación de docentes de enseñanza infantil";"Ambos Sexos";"Evaluacion"
"2017-2018";"97.63";"Formación de docentes de enseñanza infantil";"Ambos Sexos";"Evaluacion"
"2016-2017";"97.59";"Formación de docentes de enseñanza infantil";"Ambos Sexos";"Evaluacion"
"2015-2016";"96.97";"Formación de docentes de enseñanza infantil";"Ambos Sexos";"Evaluacion"
"2022-2023";"96.33";"Formación de docentes de enseñanza primaria";"Ambos Sexos";"Evaluacion"
"2021-2022";"96.25";"Formación de docentes de enseñanza primaria";"Ambos Sexos";"Evaluacion"
"2020-2021";"96.74";"Formación de docentes de enseñanza primaria";"Ambos Sexos";"Evaluacion"
"2019-2020";"96.97";"Formación de docentes de enseñanza primaria";"Ambos Sexos";"Evaluacion"
"2018-2019";"95.32";"Formación de docentes de enseñanza primaria";"Ambos Sexos";"Evaluacion"
"2017-2018";"95.94";"Formación de docentes de enseñanza primaria";"Ambos Sexos";"Evaluacion"
"2016-2017";"96.19";"Formación de docentes de enseñanza primaria";"Ambos Sexos";"Evaluacion"
"2015-2016";"96.3";"Formación de docentes de enseñanza primaria";"Ambos Sexos";"Evaluacion"
"2022-2023";"98.69";"Otra Formación de personal docente y ciencias de la educación";"Ambos Sexos";"Evaluacion"
"2021-2022";"98.24";"Otra Formación de personal docente y ciencias de la educación";"Ambos Sexos";"Evaluacion"
"2020-2021";"98.77";"Otra Formación de personal docente y ciencias de la educación";"Ambos Sexos";"Evaluacion"
"2019-2020";"98.04";"Otra Formación de personal docente y ciencias de la educación";"Ambos Sexos";"Evaluacion"
"2018-2019";"97.99";"Otra Formación de personal docente y ciencias de la educación";"Ambos Sexos";"Evaluacion"
"2017-2018";"98.77";"Otra Formación de personal docente y ciencias de la educación";"Ambos Sexos";"Evaluacion"
"2016-2017";"98.08";"Otra Formación de personal docente y ciencias de la educación";"Ambos Sexos";"Evaluacion"
"2015-2016";"99.03";"Otra Formación de personal docente y ciencias de la educación";"Ambos Sexos";"Evaluacion"
"2022-2023";"89.67";"Total Artes y humanidades";"Ambos Sexos";"Evaluacion"
"2021-2022";"87.44";"Total Artes y humanidades";"Ambos Sexos";"Evaluacion"
"2020-2021";"85.22";"Total Artes y humanidades";"Ambos Sexos";"Evaluacion"
"2019-2020";"89.26";"Total Artes y humanidades";"Ambos Sexos";"Evaluacion"
"2018-2019";"86.51";"Total Artes y humanidades";"Ambos Sexos";"Evaluacion"
"2017-2018";"87.12";"Total Artes y humanidades";"Ambos Sexos";"Evaluacion"
"2016-2017";"89.58";"Total Artes y humanidades";"Ambos Sexos";"Evaluacion"
"2015-2016";"89.04";"Total Artes y humanidades";"Ambos Sexos";"Evaluacion"
"2022-2023";"..";"Técnicas audiovisuales y medios de comunicación";"Ambos Sexos";"Evaluacion"
"2021-2022";"..";"Técnicas audiovisuales y medios de comunicación";"Ambos Sexos";"Evaluacion"
"2020-2021";"..";"Técnicas audiovisuales y medios de comunicación";"Ambos Sexos";"Evaluacion"
"2019-2020";"..";"Técnicas audiovisuales y medios de comunicación";"Ambos Sexos";"Evaluacion"
"2018-2019";"..";"Técnicas audiovisuales y medios de comunicación";"Ambos Sexos";"Evaluacion"
"2017-2018";"..";"Técnicas audiovisuales y medios de comunicación";"Ambos Sexos";"Evaluacion"
"2016-2017";"..";"Técnicas audiovisuales y medios de comunicación";"Ambos Sexos";"Evaluacion"
"2015-2016";"..";"Técnicas audiovisuales y medios de comunicación";"Ambos Sexos";"Evaluacion"
"2022-2023";"91.65";"Artes";"Ambos Sexos";"Evaluacion"
"2021-2022";"88.62";"Artes";"Ambos Sexos";"Evaluacion"
"2020-2021";"92.26";"Artes";"Ambos Sexos";"Evaluacion"
"2019-2020";"89.45";"Artes";"Ambos Sexos";"Evaluacion"
"2018-2019";"85.4";"Artes";"Ambos Sexos";"Evaluacion"
"2017-2018";"85.98";"Artes";"Ambos Sexos";"Evaluacion"
"2016-2017";"87.99";"Artes";"Ambos Sexos";"Evaluacion"
"2015-2016";"90.07";"Artes";"Ambos Sexos";"Evaluacion"
"2022-2023";"90.79";"Lenguas";"Ambos Sexos";"Evaluacion"
"2021-2022";"89.01";"Lenguas";"Ambos Sexos";"Evaluacion"
"2020-2021";"84.34";"Lenguas";"Ambos Sexos";"Evaluacion"
"2019-2020";"89.11";"Lenguas";"Ambos Sexos";"Evaluacion"
"2018-2019";"88.17";"Lenguas";"Ambos Sexos";"Evaluacion"
"2017-2018";"89.29";"Lenguas";"Ambos Sexos";"Evaluacion"
"2016-2017";"92.11";"Lenguas";"Ambos Sexos";"Evaluacion"
"2015-2016";"89.44";"Lenguas";"Ambos Sexos";"Evaluacion"
"2022-2023";"87.45";"Humanidades";"Ambos Sexos";"Evaluacion"
"2021-2022";"84.74";"Humanidades";"Ambos Sexos";"Evaluacion"
"2020-2021";"83.76";"Humanidades";"Ambos Sexos";"Evaluacion"
"2019-2020";"89.41";"Humanidades";"Ambos Sexos";"Evaluacion"
"2018-2019";"84.55";"Humanidades";"Ambos Sexos";"Evaluacion"
"2017-2018";"84.47";"Humanidades";"Ambos Sexos";"Evaluacion"
"2016-2017";"86.52";"Humanidades";"Ambos Sexos";"Evaluacion"
"2015-2016";"87.78";"Humanidades";"Ambos Sexos";"Evaluacion"
"2022-2023";"94.91";"Total Ciencias sociales, periodismo y documentación";"Ambos Sexos";"Evaluacion"
"2021-2022";"93.69";"Total Ciencias sociales, periodismo y documentación";"Ambos Sexos";"Evaluacion"
"2020-2021";"96.32";"Total Ciencias sociales, periodismo y documentación";"Ambos Sexos";"Evaluacion"
"2019-2020";"96.68";"Total Ciencias sociales, periodismo y documentación";"Ambos Sexos";"Evaluacion"
"2018-2019";"93.41";"Total Ciencias sociales, periodismo y documentación";"Ambos Sexos";"Evaluacion"
"2017-2018";"94.97";"Total Ciencias sociales, periodismo y documentación";"Ambos Sexos";"Evaluacion"
"2016-2017";"95.35";"Total Ciencias sociales, periodismo y documentación";"Ambos Sexos";"Evaluacion"
"2015-2016";"95.25";"Total Ciencias sociales, periodismo y documentación";"Ambos Sexos";"Evaluacion"
"2022-2023";"94.91";"Psicología";"Ambos Sexos";"Evaluacion"
"2021-2022";"93.69";"Psicología";"Ambos Sexos";"Evaluacion"
"2020-2021";"96.32";"Psicología";"Ambos Sexos";"Evaluacion"
"2019-2020";"96.68";"Psicología";"Ambos Sexos";"Evaluacion"
"2018-2019";"93.41";"Psicología";"Ambos Sexos";"Evaluacion"
"2017-2018";"94.97";"Psicología";"Ambos Sexos";"Evaluacion"
"2016-2017";"95.35";"Psicología";"Ambos Sexos";"Evaluacion"
"2015-2016";"95.25";"Psicología";"Ambos Sexos";"Evaluacion"
"2022-2023";"..";"Economía";"Ambos Sexos";"Evaluacion"
"2021-2022";"..";"Economía";"Ambos Sexos";"Evaluacion"
"2020-2021";"..";"Economía";"Ambos Sexos";"Evaluacion"
"2019-2020";"..";"Economía";"Ambos Sexos";"Evaluacion"
"2018-2019";"..";"Economía";"Ambos Sexos";"Evaluacion"
"2017-2018";"..";"Economía";"Ambos Sexos";"Evaluacion"
"2016-2017";"..";"Economía";"Ambos Sexos";"Evaluacion"
"2015-2016";"..";"Economía";"Ambos Sexos";"Evaluacion"
"2022-2023";"..";"Otras Ciencias sociales y del comportamiento";"Ambos Sexos";"Evaluacion"
"2021-2022";"..";"Otras Ciencias sociales y del comportamiento";"Ambos Sexos";"Evaluacion"
"2020-2021";"..";"Otras Ciencias sociales y del comportamiento";"Ambos Sexos";"Evaluacion"
"2019-2020";"..";"Otras Ciencias sociales y del comportamiento";"Ambos Sexos";"Evaluacion"
"2018-2019";"..";"Otras Ciencias sociales y del comportamiento";"Ambos Sexos";"Evaluacion"
"2017-2018";"..";"Otras Ciencias sociales y del comportamiento";"Ambos Sexos";"Evaluacion"
"2016-2017";"..";"Otras Ciencias sociales y del comportamiento";"Ambos Sexos";"Evaluacion"
"2015-2016";"..";"Otras Ciencias sociales y del comportamiento";"Ambos Sexos";"Evaluacion"
"2022-2023";"..";"Periodismo e información";"Ambos Sexos";"Evaluacion"
"2021-2022";"..";"Periodismo e información";"Ambos Sexos";"Evaluacion"
"2020-2021";"..";"Periodismo e información";"Ambos Sexos";"Evaluacion"
"2019-2020";"..";"Periodismo e información";"Ambos Sexos";"Evaluacion"
"2018-2019";"..";"Periodismo e información";"Ambos Sexos";"Evaluacion"
"2017-2018";"..";"Periodismo e información";"Ambos Sexos";"Evaluacion"
"2016-2017";"..";"Periodismo e información";"Ambos Sexos";"Evaluacion"
"2015-2016";"..";"Periodismo e información";"Ambos Sexos";"Evaluacion"
"2022-2023";"85.99";"Total Negocios, administración y derecho";"Ambos Sexos";"Evaluacion"
"2021-2022";"84.26";"Total Negocios, administración y derecho";"Ambos Sexos";"Evaluacion"
"2020-2021";"86.86";"Total Negocios, administración y derecho";"Ambos Sexos";"Evaluacion"
"2019-2020";"91.1";"Total Negocios, administración y derecho";"Ambos Sexos";"Evaluacion"
"2018-2019";"86.99";"Total Negocios, administración y derecho";"Ambos Sexos";"Evaluacion"
"2017-2018";"86.99";"Total Negocios, administración y derecho";"Ambos Sexos";"Evaluacion"
"2016-2017";"88.11";"Total Negocios, administración y derecho";"Ambos Sexos";"Evaluacion"
"2015-2016";"89.11";"Total Negocios, administración y derecho";"Ambos Sexos";"Evaluacion"
"2022-2023";"86.7";"Administración y gestión de empresas";"Ambos Sexos";"Evaluacion"
"2021-2022";"85.24";"Administración y gestión de empresas";"Ambos Sexos";"Evaluacion"
"2020-2021";"87.36";"Administración y gestión de empresas";"Ambos Sexos";"Evaluacion"
"2019-2020";"90.73";"Administración y gestión de empresas";"Ambos Sexos";"Evaluacion"
"2018-2019";"87.4";"Administración y gestión de empresas";"Ambos Sexos";"Evaluacion"
"2017-2018";"86.28";"Administración y gestión de empresas";"Ambos Sexos";"Evaluacion"
"2016-2017";"87.36";"Administración y gestión de empresas";"Ambos Sexos";"Evaluacion"
"2015-2016";"88.92";"Administración y gestión de empresas";"Ambos Sexos";"Evaluacion"
"2022-2023";"85.69";"Otra Educación comercial y empresarial";"Ambos Sexos";"Evaluacion"
"2021-2022";"85.56";"Otra Educación comercial y empresarial";"Ambos Sexos";"Evaluacion"
"2020-2021";"85.12";"Otra Educación comercial y empresarial";"Ambos Sexos";"Evaluacion"
"2019-2020";"89.64";"Otra Educación comercial y empresarial";"Ambos Sexos";"Evaluacion"
"2018-2019";"84.35";"Otra Educación comercial y empresarial";"Ambos Sexos";"Evaluacion"
"2017-2018";"83.3";"Otra Educación comercial y empresarial";"Ambos Sexos";"Evaluacion"
"2016-2017";"83.92";"Otra Educación comercial y empresarial";"Ambos Sexos";"Evaluacion"
"2015-2016";"86.32";"Otra Educación comercial y empresarial";"Ambos Sexos";"Evaluacion"
"2022-2023";"85.2";"Derecho";"Ambos Sexos";"Evaluacion"
"2021-2022";"82.99";"Derecho";"Ambos Sexos";"Evaluacion"
"2020-2021";"86.56";"Derecho";"Ambos Sexos";"Evaluacion"
"2019-2020";"91.77";"Derecho";"Ambos Sexos";"Evaluacion"
"2018-2019";"86.97";"Derecho";"Ambos Sexos";"Evaluacion"
"2017-2018";"88.55";"Derecho";"Ambos Sexos";"Evaluacion"
"2016-2017";"89.95";"Derecho";"Ambos Sexos";"Evaluacion"
"2015-2016";"89.96";"Derecho";"Ambos Sexos";"Evaluacion"
"2022-2023";"87.59";"Total Ciencias";"Ambos Sexos";"Evaluacion"
"2021-2022";"88.44";"Total Ciencias";"Ambos Sexos";"Evaluacion"
"2020-2021";"86.99";"Total Ciencias";"Ambos Sexos";"Evaluacion"
"2019-2020";"91.36";"Total Ciencias";"Ambos Sexos";"Evaluacion"
"2018-2019";"86.03";"Total Ciencias";"Ambos Sexos";"Evaluacion"
"2017-2018";"86.69";"Total Ciencias";"Ambos Sexos";"Evaluacion"
"2016-2017";"87.1";"Total Ciencias";"Ambos Sexos";"Evaluacion"
"2015-2016";"86.84";"Total Ciencias";"Ambos Sexos";"Evaluacion"
"2022-2023";"88.11";"Ciencias de la vida";"Ambos Sexos";"Evaluacion"
"2021-2022";"88.62";"Ciencias de la vida";"Ambos Sexos";"Evaluacion"
"2020-2021";"88.07";"Ciencias de la vida";"Ambos Sexos";"Evaluacion"
"2019-2020";"93.32";"Ciencias de la vida";"Ambos Sexos";"Evaluacion"
"2018-2019";"87.87";"Ciencias de la vida";"Ambos Sexos";"Evaluacion"
"2017-2018";"88.04";"Ciencias de la vida";"Ambos Sexos";"Evaluacion"
"2016-2017";"88.8";"Ciencias de la vida";"Ambos Sexos";"Evaluacion"
"2015-2016";"89.43";"Ciencias de la vida";"Ambos Sexos";"Evaluacion"
"2022-2023";"86.69";"Ciencias Físicas, químicas, geológicas";"Ambos Sexos";"Evaluacion"
"2021-2022";"88.13";"Ciencias Físicas, químicas, geológicas";"Ambos Sexos";"Evaluacion"
"2020-2021";"84.9";"Ciencias Físicas, químicas, geológicas";"Ambos Sexos";"Evaluacion"
"2019-2020";"87.58";"Ciencias Físicas, químicas, geológicas";"Ambos Sexos";"Evaluacion"
"2018-2019";"82.56";"Ciencias Físicas, químicas, geológicas";"Ambos Sexos";"Evaluacion"
"2017-2018";"84.03";"Ciencias Físicas, químicas, geológicas";"Ambos Sexos";"Evaluacion"
"2016-2017";"84.02";"Ciencias Físicas, químicas, geológicas";"Ambos Sexos";"Evaluacion"
"2015-2016";"81.95";"Ciencias Físicas, químicas, geológicas";"Ambos Sexos";"Evaluacion"
"2022-2023";"..";"Matemáticas y Estadística";"Ambos Sexos";"Evaluacion"
"2021-2022";"..";"Matemáticas y Estadística";"Ambos Sexos";"Evaluacion"
"2020-2021";"..";"Matemáticas y Estadística";"Ambos Sexos";"Evaluacion"
"2019-2020";"..";"Matemáticas y Estadística";"Ambos Sexos";"Evaluacion"
"2018-2019";"..";"Matemáticas y Estadística";"Ambos Sexos";"Evaluacion"
"2017-2018";"..";"Matemáticas y Estadística";"Ambos Sexos";"Evaluacion"
"2016-2017";"..";"Matemáticas y Estadística";"Ambos Sexos";"Evaluacion"
"2015-2016";"..";"Matemáticas y Estadística";"Ambos Sexos";"Evaluacion"
"2022-2023";"83.56";"Total Informática";"Ambos Sexos";"Evaluacion"
"2021-2022";"83.68";"Total Informática";"Ambos Sexos";"Evaluacion"
"2020-2021";"80.16";"Total Informática";"Ambos Sexos";"Evaluacion"
"2019-2020";"84.47";"Total Informática";"Ambos Sexos";"Evaluacion"
"2018-2019";"79.3";"Total Informática";"Ambos Sexos";"Evaluacion"
"2017-2018";"81.43";"Total Informática";"Ambos Sexos";"Evaluacion"
"2016-2017";"81.76";"Total Informática";"Ambos Sexos";"Evaluacion"
"2015-2016";"79.14";"Total Informática";"Ambos Sexos";"Evaluacion"
"2022-2023";"83.56";"Informática";"Ambos Sexos";"Evaluacion"
"2021-2022";"83.68";"Informática";"Ambos Sexos";"Evaluacion"
"2020-2021";"80.16";"Informática";"Ambos Sexos";"Evaluacion"
"2019-2020";"84.47";"Informática";"Ambos Sexos";"Evaluacion"
"2018-2019";"79.3";"Informática";"Ambos Sexos";"Evaluacion"
"2017-2018";"81.43";"Informática";"Ambos Sexos";"Evaluacion"
"2016-2017";"81.76";"Informática";"Ambos Sexos";"Evaluacion"
"2015-2016";"79.14";"Informática";"Ambos Sexos";"Evaluacion"
"2022-2023";"78.76";"Total Ingeniería, industria y construcción";"Ambos Sexos";"Evaluacion"
"2021-2022";"75.58";"Total Ingeniería, industria y construcción";"Ambos Sexos";"Evaluacion"
"2020-2021";"75.06";"Total Ingeniería, industria y construcción";"Ambos Sexos";"Evaluacion"
"2019-2020";"81.3";"Total Ingeniería, industria y construcción";"Ambos Sexos";"Evaluacion"
"2018-2019";"77.24";"Total Ingeniería, industria y construcción";"Ambos Sexos";"Evaluacion"
"2017-2018";"78.34";"Total Ingeniería, industria y construcción";"Ambos Sexos";"Evaluacion"
"2016-2017";"79.5";"Total Ingeniería, industria y construcción";"Ambos Sexos";"Evaluacion"
"2015-2016";"78.79";"Total Ingeniería, industria y construcción";"Ambos Sexos";"Evaluacion"
"2022-2023";"79.27";"Ingenierías";"Ambos Sexos";"Evaluacion"
"2021-2022";"76.24";"Ingenierías";"Ambos Sexos";"Evaluacion"
"2020-2021";"75.23";"Ingenierías";"Ambos Sexos";"Evaluacion"
"2019-2020";"81.53";"Ingenierías";"Ambos Sexos";"Evaluacion"
"2018-2019";"77.54";"Ingenierías";"Ambos Sexos";"Evaluacion"
"2017-2018";"78.93";"Ingenierías";"Ambos Sexos";"Evaluacion"
"2016-2017";"79.48";"Ingenierías";"Ambos Sexos";"Evaluacion"
"2015-2016";"78.55";"Ingenierías";"Ambos Sexos";"Evaluacion"
"2022-2023";"72.82";"Arquitectura y construcción";"Ambos Sexos";"Evaluacion"
"2021-2022";"67.5";"Arquitectura y construcción";"Ambos Sexos";"Evaluacion"
"2020-2021";"72.95";"Arquitectura y construcción";"Ambos Sexos";"Evaluacion"
"2019-2020";"78.26";"Arquitectura y construcción";"Ambos Sexos";"Evaluacion"
"2018-2019";"73.66";"Arquitectura y construcción";"Ambos Sexos";"Evaluacion"
"2017-2018";"72.27";"Arquitectura y construcción";"Ambos Sexos";"Evaluacion"
"2016-2017";"79.62";"Arquitectura y construcción";"Ambos Sexos";"Evaluacion"
"2015-2016";"80.43";"Arquitectura y construcción";"Ambos Sexos";"Evaluacion"
"2022-2023";"..";"Total Agricultura, ganadería,  silvicultura, pesca, y veterinaria";"Ambos Sexos";"Evaluacion"
"2021-2022";"..";"Total Agricultura, ganadería,  silvicultura, pesca, y veterinaria";"Ambos Sexos";"Evaluacion"
"2020-2021";"..";"Total Agricultura, ganadería,  silvicultura, pesca, y veterinaria";"Ambos Sexos";"Evaluacion"
"2019-2020";"..";"Total Agricultura, ganadería,  silvicultura, pesca, y veterinaria";"Ambos Sexos";"Evaluacion"
"2018-2019";"..";"Total Agricultura, ganadería,  silvicultura, pesca, y veterinaria";"Ambos Sexos";"Evaluacion"
"2017-2018";"..";"Total Agricultura, ganadería,  silvicultura, pesca, y veterinaria";"Ambos Sexos";"Evaluacion"
"2016-2017";"..";"Total Agricultura, ganadería,  silvicultura, pesca, y veterinaria";"Ambos Sexos";"Evaluacion"
"2015-2016";"..";"Total Agricultura, ganadería,  silvicultura, pesca, y veterinaria";"Ambos Sexos";"Evaluacion"
"2022-2023";"..";"Agricultura, ganadería y pesca";"Ambos Sexos";"Evaluacion"
"2021-2022";"..";"Agricultura, ganadería y pesca";"Ambos Sexos";"Evaluacion"
"2020-2021";"..";"Agricultura, ganadería y pesca";"Ambos Sexos";"Evaluacion"
"2019-2020";"..";"Agricultura, ganadería y pesca";"Ambos Sexos";"Evaluacion"
"2018-2019";"..";"Agricultura, ganadería y pesca";"Ambos Sexos";"Evaluacion"
"2017-2018";"..";"Agricultura, ganadería y pesca";"Ambos Sexos";"Evaluacion"
"2016-2017";"..";"Agricultura, ganadería y pesca";"Ambos Sexos";"Evaluacion"
"2015-2016";"..";"Agricultura, ganadería y pesca";"Ambos Sexos";"Evaluacion"
"2022-2023";"..";"Veterinaria";"Ambos Sexos";"Evaluacion"
"2021-2022";"..";"Veterinaria";"Ambos Sexos";"Evaluacion"
"2020-2021";"..";"Veterinaria";"Ambos Sexos";"Evaluacion"
"2019-2020";"..";"Veterinaria";"Ambos Sexos";"Evaluacion"
"2018-2019";"..";"Veterinaria";"Ambos Sexos";"Evaluacion"
"2017-2018";"..";"Veterinaria";"Ambos Sexos";"Evaluacion"
"2016-2017";"..";"Veterinaria";"Ambos Sexos";"Evaluacion"
"2015-2016";"..";"Veterinaria";"Ambos Sexos";"Evaluacion"
"2022-2023";"97.25";"Total Salud y servicios sociales";"Ambos Sexos";"Evaluacion"
"2021-2022";"96.85";"Total Salud y servicios sociales";"Ambos Sexos";"Evaluacion"
"2020-2021";"97.74";"Total Salud y servicios sociales";"Ambos Sexos";"Evaluacion"
"2019-2020";"98.19";"Total Salud y servicios sociales";"Ambos Sexos";"Evaluacion"
"2018-2019";"97.29";"Total Salud y servicios sociales";"Ambos Sexos";"Evaluacion"
"2017-2018";"97.6";"Total Salud y servicios sociales";"Ambos Sexos";"Evaluacion"
"2016-2017";"98.02";"Total Salud y servicios sociales";"Ambos Sexos";"Evaluacion"
"2015-2016";"97.88";"Total Salud y servicios sociales";"Ambos Sexos";"Evaluacion"
"2022-2023";"98.07";"Medicina";"Ambos Sexos";"Evaluacion"
"2021-2022";"..";"Medicina";"Ambos Sexos";"Evaluacion"
"2020-2021";"..";"Medicina";"Ambos Sexos";"Evaluacion"
"2019-2020";"..";"Medicina";"Ambos Sexos";"Evaluacion"
"2018-2019";"..";"Medicina";"Ambos Sexos";"Evaluacion"
"2017-2018";"..";"Medicina";"Ambos Sexos";"Evaluacion"
"2016-2017";"..";"Medicina";"Ambos Sexos";"Evaluacion"
"2015-2016";"..";"Medicina";"Ambos Sexos";"Evaluacion"
"2022-2023";"98.54";"Enfermería y atención a enfermos";"Ambos Sexos";"Evaluacion"
"2021-2022";"98.48";"Enfermería y atención a enfermos";"Ambos Sexos";"Evaluacion"
"2020-2021";"98.53";"Enfermería y atención a enfermos";"Ambos Sexos";"Evaluacion"
"2019-2020";"98.88";"Enfermería y atención a enfermos";"Ambos Sexos";"Evaluacion"
"2018-2019";"98.39";"Enfermería y atención a enfermos";"Ambos Sexos";"Evaluacion"
"2017-2018";"99.02";"Enfermería y atención a enfermos";"Ambos Sexos";"Evaluacion"
"2016-2017";"98.57";"Enfermería y atención a enfermos";"Ambos Sexos";"Evaluacion"
"2015-2016";"99.01";"Enfermería y atención a enfermos";"Ambos Sexos";"Evaluacion"
"2022-2023";"96.84";"Otras ciencias de la Salud";"Ambos Sexos";"Evaluacion"
"2021-2022";"96.86";"Otras ciencias de la Salud";"Ambos Sexos";"Evaluacion"
"2020-2021";"98.67";"Otras ciencias de la Salud";"Ambos Sexos";"Evaluacion"
"2019-2020";"98.32";"Otras ciencias de la Salud";"Ambos Sexos";"Evaluacion"
"2018-2019";"98.03";"Otras ciencias de la Salud";"Ambos Sexos";"Evaluacion"
"2017-2018";"97.29";"Otras ciencias de la Salud";"Ambos Sexos";"Evaluacion"
"2016-2017";"98.22";"Otras ciencias de la Salud";"Ambos Sexos";"Evaluacion"
"2015-2016";"97.31";"Otras ciencias de la Salud";"Ambos Sexos";"Evaluacion"
"2022-2023";"95.98";"Trabajo social y orientación";"Ambos Sexos";"Evaluacion"
"2021-2022";"95.1";"Trabajo social y orientación";"Ambos Sexos";"Evaluacion"
"2020-2021";"96.44";"Trabajo social y orientación";"Ambos Sexos";"Evaluacion"
"2019-2020";"97.42";"Trabajo social y orientación";"Ambos Sexos";"Evaluacion"
"2018-2019";"95.78";"Trabajo social y orientación";"Ambos Sexos";"Evaluacion"
"2017-2018";"96.29";"Trabajo social y orientación";"Ambos Sexos";"Evaluacion"
"2016-2017";"97.31";"Trabajo social y orientación";"Ambos Sexos";"Evaluacion"
"2015-2016";"97.01";"Trabajo social y orientación";"Ambos Sexos";"Evaluacion"
"2022-2023";"83.8";"Total Servicios";"Ambos Sexos";"Evaluacion"
"2021-2022";"87.08";"Total Servicios";"Ambos Sexos";"Evaluacion"
"2020-2021";"90.81";"Total Servicios";"Ambos Sexos";"Evaluacion"
"2019-2020";"88.91";"Total Servicios";"Ambos Sexos";"Evaluacion"
"2018-2019";"86.38";"Total Servicios";"Ambos Sexos";"Evaluacion"
"2017-2018";"88.3";"Total Servicios";"Ambos Sexos";"Evaluacion"
"2016-2017";"87.84";"Total Servicios";"Ambos Sexos";"Evaluacion"
"2015-2016";"91.91";"Total Servicios";"Ambos Sexos";"Evaluacion"
"2022-2023";"..";"Deportes";"Ambos Sexos";"Evaluacion"
"2021-2022";"..";"Deportes";"Ambos Sexos";"Evaluacion"
"2020-2021";"..";"Deportes";"Ambos Sexos";"Evaluacion"
"2019-2020";"..";"Deportes";"Ambos Sexos";"Evaluacion"
"2018-2019";"..";"Deportes";"Ambos Sexos";"Evaluacion"
"2017-2018";"..";"Deportes";"Ambos Sexos";"Evaluacion"
"2016-2017";"..";"Deportes";"Ambos Sexos";"Evaluacion"
"2015-2016";"..";"Deportes";"Ambos Sexos";"Evaluacion"
"2022-2023";"83.8";"Turismo y Hostelería";"Ambos Sexos";"Evaluacion"
"2021-2022";"87.08";"Turismo y Hostelería";"Ambos Sexos";"Evaluacion"
"2020-2021";"90.81";"Turismo y Hostelería";"Ambos Sexos";"Evaluacion"
"2019-2020";"88.91";"Turismo y Hostelería";"Ambos Sexos";"Evaluacion"
"2018-2019";"86.38";"Turismo y Hostelería";"Ambos Sexos";"Evaluacion"
"2017-2018";"88.3";"Turismo y Hostelería";"Ambos Sexos";"Evaluacion"
"2016-2017";"87.84";"Turismo y Hostelería";"Ambos Sexos";"Evaluacion"
"2015-2016";"91.91";"Turismo y Hostelería";"Ambos Sexos";"Evaluacion"
"2022-2023";"..";"Otros Servicios";"Ambos Sexos";"Evaluacion"
"2021-2022";"..";"Otros Servicios";"Ambos Sexos";"Evaluacion"
"2020-2021";"..";"Otros Servicios";"Ambos Sexos";"Evaluacion"
"2019-2020";"..";"Otros Servicios";"Ambos Sexos";"Evaluacion"
"2018-2019";"..";"Otros Servicios";"Ambos Sexos";"Evaluacion"
"2017-2018";"..";"Otros Servicios";"Ambos Sexos";"Evaluacion"
"2016-2017";"..";"Otros Servicios";"Ambos Sexos";"Evaluacion"
"2015-2016";"..";"Otros Servicios";"Ambos Sexos";"Evaluacion"
"2022-2023";"???";"Jaén";"Hombres";"Rendimiento"
"2021-2022";"???";"Jaén";"Hombres";"Rendimiento"
"2020-2021";"???";"Jaén";"Hombres";"Rendimiento"
"2019-2020";"???";"Jaén";"Hombres";"Rendimiento"
"2018-2019";"???";"Jaén";"Hombres";"Rendimiento"
"2017-2018";"???";"Jaén";"Hombres";"Rendimiento"
"2016-2017";"???";"Jaén";"Hombres";"Rendimiento"
"2015-2016";"???";"Jaén";"Hombres";"Rendimiento"
"2022-2023";"68.88";"Todos los ámbitos";"Hombres";"Rendimiento"
"2021-2022";"67.48";"Todos los ámbitos";"Hombres";"Rendimiento"
"2020-2021";"67.79";"Todos los ámbitos";"Hombres";"Rendimiento"
"2019-2020";"77.62";"Todos los ámbitos";"Hombres";"Rendimiento"
"2018-2019";"69.48";"Todos los ámbitos";"Hombres";"Rendimiento"
"2017-2018";"69.82";"Todos los ámbitos";"Hombres";"Rendimiento"
"2016-2017";"70.59";"Todos los ámbitos";"Hombres";"Rendimiento"
"2015-2016";"70.22";"Todos los ámbitos";"Hombres";"Rendimiento"
"2022-2023";"82.34";"Total Educación";"Hombres";"Rendimiento"
"2021-2022";"82.81";"Total Educación";"Hombres";"Rendimiento"
"2020-2021";"86.2";"Total Educación";"Hombres";"Rendimiento"
"2019-2020";"91.32";"Total Educación";"Hombres";"Rendimiento"
"2018-2019";"84.89";"Total Educación";"Hombres";"Rendimiento"
"2017-2018";"86.15";"Total Educación";"Hombres";"Rendimiento"
"2016-2017";"87.66";"Total Educación";"Hombres";"Rendimiento"
"2015-2016";"87.1";"Total Educación";"Hombres";"Rendimiento"
"2022-2023";"82.76";"Formación de docentes de enseñanza infantil";"Hombres";"Rendimiento"
"2021-2022";"81.71";"Formación de docentes de enseñanza infantil";"Hombres";"Rendimiento"
"2020-2021";"85.77";"Formación de docentes de enseñanza infantil";"Hombres";"Rendimiento"
"2019-2020";"90.4";"Formación de docentes de enseñanza infantil";"Hombres";"Rendimiento"
"2018-2019";"87.81";"Formación de docentes de enseñanza infantil";"Hombres";"Rendimiento"
"2017-2018";"86.57";"Formación de docentes de enseñanza infantil";"Hombres";"Rendimiento"
"2016-2017";"88.04";"Formación de docentes de enseñanza infantil";"Hombres";"Rendimiento"
"2015-2016";"80.69";"Formación de docentes de enseñanza infantil";"Hombres";"Rendimiento"
"2022-2023";"81.65";"Formación de docentes de enseñanza primaria";"Hombres";"Rendimiento"
"2021-2022";"82.66";"Formación de docentes de enseñanza primaria";"Hombres";"Rendimiento"
"2020-2021";"85.85";"Formación de docentes de enseñanza primaria";"Hombres";"Rendimiento"
"2019-2020";"91.28";"Formación de docentes de enseñanza primaria";"Hombres";"Rendimiento"
"2018-2019";"84.44";"Formación de docentes de enseñanza primaria";"Hombres";"Rendimiento"
"2017-2018";"85.72";"Formación de docentes de enseñanza primaria";"Hombres";"Rendimiento"
"2016-2017";"87.47";"Formación de docentes de enseñanza primaria";"Hombres";"Rendimiento"
"2015-2016";"87.87";"Formación de docentes de enseñanza primaria";"Hombres";"Rendimiento"
"2022-2023";"90.89";"Otra Formación de personal docente y ciencias de la educación";"Hombres";"Rendimiento"
"2021-2022";"86.75";"Otra Formación de personal docente y ciencias de la educación";"Hombres";"Rendimiento"
"2020-2021";"91.81";"Otra Formación de personal docente y ciencias de la educación";"Hombres";"Rendimiento"
"2019-2020";"93.71";"Otra Formación de personal docente y ciencias de la educación";"Hombres";"Rendimiento"
"2018-2019";"85.91";"Otra Formación de personal docente y ciencias de la educación";"Hombres";"Rendimiento"
"2017-2018";"91.95";"Otra Formación de personal docente y ciencias de la educación";"Hombres";"Rendimiento"
"2016-2017";"90.03";"Otra Formación de personal docente y ciencias de la educación";"Hombres";"Rendimiento"
"2015-2016";"89.78";"Otra Formación de personal docente y ciencias de la educación";"Hombres";"Rendimiento"
"2022-2023";"73.07";"Total Artes y humanidades";"Hombres";"Rendimiento"
"2021-2022";"70.04";"Total Artes y humanidades";"Hombres";"Rendimiento"
"2020-2021";"69.45";"Total Artes y humanidades";"Hombres";"Rendimiento"
"2019-2020";"78.12";"Total Artes y humanidades";"Hombres";"Rendimiento"
"2018-2019";"69.19";"Total Artes y humanidades";"Hombres";"Rendimiento"
"2017-2018";"70.78";"Total Artes y humanidades";"Hombres";"Rendimiento"
"2016-2017";"74.77";"Total Artes y humanidades";"Hombres";"Rendimiento"
"2015-2016";"73.23";"Total Artes y humanidades";"Hombres";"Rendimiento"
"2022-2023";"..";"Técnicas audiovisuales y medios de comunicación";"Hombres";"Rendimiento"
"2021-2022";"..";"Técnicas audiovisuales y medios de comunicación";"Hombres";"Rendimiento"
"2020-2021";"..";"Técnicas audiovisuales y medios de comunicación";"Hombres";"Rendimiento"
"2019-2020";"..";"Técnicas audiovisuales y medios de comunicación";"Hombres";"Rendimiento"
"2018-2019";"..";"Técnicas audiovisuales y medios de comunicación";"Hombres";"Rendimiento"
"2017-2018";"..";"Técnicas audiovisuales y medios de comunicación";"Hombres";"Rendimiento"
"2016-2017";"..";"Técnicas audiovisuales y medios de comunicación";"Hombres";"Rendimiento"
"2015-2016";"..";"Técnicas audiovisuales y medios de comunicación";"Hombres";"Rendimiento"
"2022-2023";"..";"Artes";"Hombres";"Rendimiento"
"2021-2022";"80.24";"Artes";"Hombres";"Rendimiento"
"2020-2021";"89.6";"Artes";"Hombres";"Rendimiento"
"2019-2020";"89.92";"Artes";"Hombres";"Rendimiento"
"2018-2019";"81.93";"Artes";"Hombres";"Rendimiento"
"2017-2018";"78.28";"Artes";"Hombres";"Rendimiento"
"2016-2017";"83.06";"Artes";"Hombres";"Rendimiento"
"2015-2016";"80.2";"Artes";"Hombres";"Rendimiento"
"2022-2023";"69.3";"Lenguas";"Hombres";"Rendimiento"
"2021-2022";"66.23";"Lenguas";"Hombres";"Rendimiento"
"2020-2021";"63.82";"Lenguas";"Hombres";"Rendimiento"
"2019-2020";"74.44";"Lenguas";"Hombres";"Rendimiento"
"2018-2019";"66.85";"Lenguas";"Hombres";"Rendimiento"
"2017-2018";"70.17";"Lenguas";"Hombres";"Rendimiento"
"2016-2017";"74.78";"Lenguas";"Hombres";"Rendimiento"
"2015-2016";"72.99";"Lenguas";"Hombres";"Rendimiento"
"2022-2023";"74.8";"Humanidades";"Hombres";"Rendimiento"
"2021-2022";"70.75";"Humanidades";"Hombres";"Rendimiento"
"2020-2021";"69.69";"Humanidades";"Hombres";"Rendimiento"
"2019-2020";"79.03";"Humanidades";"Hombres";"Rendimiento"
"2018-2019";"69.2";"Humanidades";"Hombres";"Rendimiento"
"2017-2018";"69.69";"Humanidades";"Hombres";"Rendimiento"
"2016-2017";"73.1";"Humanidades";"Hombres";"Rendimiento"
"2015-2016";"71.46";"Humanidades";"Hombres";"Rendimiento"
"2022-2023";"78.38";"Total Ciencias sociales, periodismo y documentación";"Hombres";"Rendimiento"
"2021-2022";"73.85";"Total Ciencias sociales, periodismo y documentación";"Hombres";"Rendimiento"
"2020-2021";"76.29";"Total Ciencias sociales, periodismo y documentación";"Hombres";"Rendimiento"
"2019-2020";"86.91";"Total Ciencias sociales, periodismo y documentación";"Hombres";"Rendimiento"
"2018-2019";"74.75";"Total Ciencias sociales, periodismo y documentación";"Hombres";"Rendimiento"
"2017-2018";"79.03";"Total Ciencias sociales, periodismo y documentación";"Hombres";"Rendimiento"
"2016-2017";"78.16";"Total Ciencias sociales, periodismo y documentación";"Hombres";"Rendimiento"
"2015-2016";"77.79";"Total Ciencias sociales, periodismo y documentación";"Hombres";"Rendimiento"
"2022-2023";"78.38";"Psicología";"Hombres";"Rendimiento"
"2021-2022";"73.85";"Psicología";"Hombres";"Rendimiento"
"2020-2021";"76.29";"Psicología";"Hombres";"Rendimiento"
"2019-2020";"86.91";"Psicología";"Hombres";"Rendimiento"
"2018-2019";"74.75";"Psicología";"Hombres";"Rendimiento"
"2017-2018";"79.03";"Psicología";"Hombres";"Rendimiento"
"2016-2017";"78.16";"Psicología";"Hombres";"Rendimiento"
"2015-2016";"77.79";"Psicología";"Hombres";"Rendimiento"
"2022-2023";"..";"Economía";"Hombres";"Rendimiento"
"2021-2022";"..";"Economía";"Hombres";"Rendimiento"
"2020-2021";"..";"Economía";"Hombres";"Rendimiento"
"2019-2020";"..";"Economía";"Hombres";"Rendimiento"
"2018-2019";"..";"Economía";"Hombres";"Rendimiento"
"2017-2018";"..";"Economía";"Hombres";"Rendimiento"
"2016-2017";"..";"Economía";"Hombres";"Rendimiento"
"2015-2016";"..";"Economía";"Hombres";"Rendimiento"
"2022-2023";"..";"Otras Ciencias sociales y del comportamiento";"Hombres";"Rendimiento"
"2021-2022";"..";"Otras Ciencias sociales y del comportamiento";"Hombres";"Rendimiento"
"2020-2021";"..";"Otras Ciencias sociales y del comportamiento";"Hombres";"Rendimiento"
"2019-2020";"..";"Otras Ciencias sociales y del comportamiento";"Hombres";"Rendimiento"
"2018-2019";"..";"Otras Ciencias sociales y del comportamiento";"Hombres";"Rendimiento"
"2017-2018";"..";"Otras Ciencias sociales y del comportamiento";"Hombres";"Rendimiento"
"2016-2017";"..";"Otras Ciencias sociales y del comportamiento";"Hombres";"Rendimiento"
"2015-2016";"..";"Otras Ciencias sociales y del comportamiento";"Hombres";"Rendimiento"
"2022-2023";"..";"Periodismo e información";"Hombres";"Rendimiento"
"2021-2022";"..";"Periodismo e información";"Hombres";"Rendimiento"
"2020-2021";"..";"Periodismo e información";"Hombres";"Rendimiento"
"2019-2020";"..";"Periodismo e información";"Hombres";"Rendimiento"
"2018-2019";"..";"Periodismo e información";"Hombres";"Rendimiento"
"2017-2018";"..";"Periodismo e información";"Hombres";"Rendimiento"
"2016-2017";"..";"Periodismo e información";"Hombres";"Rendimiento"
"2015-2016";"..";"Periodismo e información";"Hombres";"Rendimiento"
"2022-2023";"63.05";"Total Negocios, administración y derecho";"Hombres";"Rendimiento"
"2021-2022";"62.06";"Total Negocios, administración y derecho";"Hombres";"Rendimiento"
"2020-2021";"64.4";"Total Negocios, administración y derecho";"Hombres";"Rendimiento"
"2019-2020";"77.19";"Total Negocios, administración y derecho";"Hombres";"Rendimiento"
"2018-2019";"68.61";"Total Negocios, administración y derecho";"Hombres";"Rendimiento"
"2017-2018";"67.27";"Total Negocios, administración y derecho";"Hombres";"Rendimiento"
"2016-2017";"68.93";"Total Negocios, administración y derecho";"Hombres";"Rendimiento"
"2015-2016";"69.93";"Total Negocios, administración y derecho";"Hombres";"Rendimiento"
"2022-2023";"61.54";"Administración y gestión de empresas";"Hombres";"Rendimiento"
"2021-2022";"62.12";"Administración y gestión de empresas";"Hombres";"Rendimiento"
"2020-2021";"62.54";"Administración y gestión de empresas";"Hombres";"Rendimiento"
"2019-2020";"74.87";"Administración y gestión de empresas";"Hombres";"Rendimiento"
"2018-2019";"67.88";"Administración y gestión de empresas";"Hombres";"Rendimiento"
"2017-2018";"65.39";"Administración y gestión de empresas";"Hombres";"Rendimiento"
"2016-2017";"66.49";"Administración y gestión de empresas";"Hombres";"Rendimiento"
"2015-2016";"68.52";"Administración y gestión de empresas";"Hombres";"Rendimiento"
"2022-2023";"64.5";"Otra Educación comercial y empresarial";"Hombres";"Rendimiento"
"2021-2022";"63.91";"Otra Educación comercial y empresarial";"Hombres";"Rendimiento"
"2020-2021";"60.62";"Otra Educación comercial y empresarial";"Hombres";"Rendimiento"
"2019-2020";"73.83";"Otra Educación comercial y empresarial";"Hombres";"Rendimiento"
"2018-2019";"63.28";"Otra Educación comercial y empresarial";"Hombres";"Rendimiento"
"2017-2018";"58.11";"Otra Educación comercial y empresarial";"Hombres";"Rendimiento"
"2016-2017";"58.95";"Otra Educación comercial y empresarial";"Hombres";"Rendimiento"
"2015-2016";"61.1";"Otra Educación comercial y empresarial";"Hombres";"Rendimiento"
"2022-2023";"65.05";"Derecho";"Hombres";"Rendimiento"
"2021-2022";"61.6";"Derecho";"Hombres";"Rendimiento"
"2020-2021";"67.93";"Derecho";"Hombres";"Rendimiento"
"2019-2020";"81.5";"Derecho";"Hombres";"Rendimiento"
"2018-2019";"71.06";"Derecho";"Hombres";"Rendimiento"
"2017-2018";"72.42";"Derecho";"Hombres";"Rendimiento"
"2016-2017";"75.47";"Derecho";"Hombres";"Rendimiento"
"2015-2016";"74.55";"Derecho";"Hombres";"Rendimiento"
"2022-2023";"68.54";"Total Ciencias";"Hombres";"Rendimiento"
"2021-2022";"70.48";"Total Ciencias";"Hombres";"Rendimiento"
"2020-2021";"67.98";"Total Ciencias";"Hombres";"Rendimiento"
"2019-2020";"79.56";"Total Ciencias";"Hombres";"Rendimiento"
"2018-2019";"66.5";"Total Ciencias";"Hombres";"Rendimiento"
"2017-2018";"65.69";"Total Ciencias";"Hombres";"Rendimiento"
"2016-2017";"65.78";"Total Ciencias";"Hombres";"Rendimiento"
"2015-2016";"63.86";"Total Ciencias";"Hombres";"Rendimiento"
"2022-2023";"70.02";"Ciencias de la vida";"Hombres";"Rendimiento"
"2021-2022";"72.05";"Ciencias de la vida";"Hombres";"Rendimiento"
"2020-2021";"69.57";"Ciencias de la vida";"Hombres";"Rendimiento"
"2019-2020";"82.2";"Ciencias de la vida";"Hombres";"Rendimiento"
"2018-2019";"67.76";"Ciencias de la vida";"Hombres";"Rendimiento"
"2017-2018";"67.57";"Ciencias de la vida";"Hombres";"Rendimiento"
"2016-2017";"69.01";"Ciencias de la vida";"Hombres";"Rendimiento"
"2015-2016";"65.66";"Ciencias de la vida";"Hombres";"Rendimiento"
"2022-2023";"65.68";"Ciencias Físicas, químicas, geológicas";"Hombres";"Rendimiento"
"2021-2022";"66.92";"Ciencias Físicas, químicas, geológicas";"Hombres";"Rendimiento"
"2020-2021";"64.01";"Ciencias Físicas, químicas, geológicas";"Hombres";"Rendimiento"
"2019-2020";"73.24";"Ciencias Físicas, químicas, geológicas";"Hombres";"Rendimiento"
"2018-2019";"63.89";"Ciencias Físicas, químicas, geológicas";"Hombres";"Rendimiento"
"2017-2018";"61.78";"Ciencias Físicas, químicas, geológicas";"Hombres";"Rendimiento"
"2016-2017";"59.68";"Ciencias Físicas, químicas, geológicas";"Hombres";"Rendimiento"
"2015-2016";"60.67";"Ciencias Físicas, químicas, geológicas";"Hombres";"Rendimiento"
"2022-2023";"..";"Matemáticas y Estadística";"Hombres";"Rendimiento"
"2021-2022";"..";"Matemáticas y Estadística";"Hombres";"Rendimiento"
"2020-2021";"..";"Matemáticas y Estadística";"Hombres";"Rendimiento"
"2019-2020";"..";"Matemáticas y Estadística";"Hombres";"Rendimiento"
"2018-2019";"..";"Matemáticas y Estadística";"Hombres";"Rendimiento"
"2017-2018";"..";"Matemáticas y Estadística";"Hombres";"Rendimiento"
"2016-2017";"..";"Matemáticas y Estadística";"Hombres";"Rendimiento"
"2015-2016";"..";"Matemáticas y Estadística";"Hombres";"Rendimiento"
"2022-2023";"62.89";"Total Informática";"Hombres";"Rendimiento"
"2021-2022";"59.83";"Total Informática";"Hombres";"Rendimiento"
"2020-2021";"59.7";"Total Informática";"Hombres";"Rendimiento"
"2019-2020";"66.46";"Total Informática";"Hombres";"Rendimiento"
"2018-2019";"57.94";"Total Informática";"Hombres";"Rendimiento"
"2017-2018";"60.65";"Total Informática";"Hombres";"Rendimiento"
"2016-2017";"60.96";"Total Informática";"Hombres";"Rendimiento"
"2015-2016";"59.55";"Total Informática";"Hombres";"Rendimiento"
"2022-2023";"62.89";"Informática";"Hombres";"Rendimiento"
"2021-2022";"59.83";"Informática";"Hombres";"Rendimiento"
"2020-2021";"59.7";"Informática";"Hombres";"Rendimiento"
"2019-2020";"66.46";"Informática";"Hombres";"Rendimiento"
"2018-2019";"57.94";"Informática";"Hombres";"Rendimiento"
"2017-2018";"60.65";"Informática";"Hombres";"Rendimiento"
"2016-2017";"60.96";"Informática";"Hombres";"Rendimiento"
"2015-2016";"59.55";"Informática";"Hombres";"Rendimiento"
"2022-2023";"57.75";"Total Ingeniería, industria y construcción";"Hombres";"Rendimiento"
"2021-2022";"55.28";"Total Ingeniería, industria y construcción";"Hombres";"Rendimiento"
"2020-2021";"51.83";"Total Ingeniería, industria y construcción";"Hombres";"Rendimiento"
"2019-2020";"65.0";"Total Ingeniería, industria y construcción";"Hombres";"Rendimiento"
"2018-2019";"57.87";"Total Ingeniería, industria y construcción";"Hombres";"Rendimiento"
"2017-2018";"57.84";"Total Ingeniería, industria y construcción";"Hombres";"Rendimiento"
"2016-2017";"58.29";"Total Ingeniería, industria y construcción";"Hombres";"Rendimiento"
"2015-2016";"57.83";"Total Ingeniería, industria y construcción";"Hombres";"Rendimiento"
"2022-2023";"58.13";"Ingenierías";"Hombres";"Rendimiento"
"2021-2022";"55.99";"Ingenierías";"Hombres";"Rendimiento"
"2020-2021";"51.74";"Ingenierías";"Hombres";"Rendimiento"
"2019-2020";"64.93";"Ingenierías";"Hombres";"Rendimiento"
"2018-2019";"57.76";"Ingenierías";"Hombres";"Rendimiento"
"2017-2018";"58.05";"Ingenierías";"Hombres";"Rendimiento"
"2016-2017";"58.0";"Ingenierías";"Hombres";"Rendimiento"
"2015-2016";"57.61";"Ingenierías";"Hombres";"Rendimiento"
"2022-2023";"52.63";"Arquitectura y construcción";"Hombres";"Rendimiento"
"2021-2022";"45.86";"Arquitectura y construcción";"Hombres";"Rendimiento"
"2020-2021";"53.18";"Arquitectura y construcción";"Hombres";"Rendimiento"
"2019-2020";"66.28";"Arquitectura y construcción";"Hombres";"Rendimiento"
"2018-2019";"59.24";"Arquitectura y construcción";"Hombres";"Rendimiento"
"2017-2018";"55.26";"Arquitectura y construcción";"Hombres";"Rendimiento"
"2016-2017";"61.33";"Arquitectura y construcción";"Hombres";"Rendimiento"
"2015-2016";"59.6";"Arquitectura y construcción";"Hombres";"Rendimiento"
"2022-2023";"..";"Total Agricultura, ganadería,  silvicultura, pesca, y veterinaria";"Hombres";"Rendimiento"
"2021-2022";"..";"Total Agricultura, ganadería,  silvicultura, pesca, y veterinaria";"Hombres";"Rendimiento"
"2020-2021";"..";"Total Agricultura, ganadería,  silvicultura, pesca, y veterinaria";"Hombres";"Rendimiento"
"2019-2020";"..";"Total Agricultura, ganadería,  silvicultura, pesca, y veterinaria";"Hombres";"Rendimiento"
"2018-2019";"..";"Total Agricultura, ganadería,  silvicultura, pesca, y veterinaria";"Hombres";"Rendimiento"
"2017-2018";"..";"Total Agricultura, ganadería,  silvicultura, pesca, y veterinaria";"Hombres";"Rendimiento"
"2016-2017";"..";"Total Agricultura, ganadería,  silvicultura, pesca, y veterinaria";"Hombres";"Rendimiento"
"2015-2016";"..";"Total Agricultura, ganadería,  silvicultura, pesca, y veterinaria";"Hombres";"Rendimiento"
"2022-2023";"..";"Agricultura, ganadería y pesca";"Hombres";"Rendimiento"
"2021-2022";"..";"Agricultura, ganadería y pesca";"Hombres";"Rendimiento"
"2020-2021";"..";"Agricultura, ganadería y pesca";"Hombres";"Rendimiento"
"2019-2020";"..";"Agricultura, ganadería y pesca";"Hombres";"Rendimiento"
"2018-2019";"..";"Agricultura, ganadería y pesca";"Hombres";"Rendimiento"
"2017-2018";"..";"Agricultura, ganadería y pesca";"Hombres";"Rendimiento"
"2016-2017";"..";"Agricultura, ganadería y pesca";"Hombres";"Rendimiento"
"2015-2016";"..";"Agricultura, ganadería y pesca";"Hombres";"Rendimiento"
"2022-2023";"..";"Veterinaria";"Hombres";"Rendimiento"
"2021-2022";"..";"Veterinaria";"Hombres";"Rendimiento"
"2020-2021";"..";"Veterinaria";"Hombres";"Rendimiento"
"2019-2020";"..";"Veterinaria";"Hombres";"Rendimiento"
"2018-2019";"..";"Veterinaria";"Hombres";"Rendimiento"
"2017-2018";"..";"Veterinaria";"Hombres";"Rendimiento"
"2016-2017";"..";"Veterinaria";"Hombres";"Rendimiento"
"2015-2016";"..";"Veterinaria";"Hombres";"Rendimiento"
"2022-2023";"91.07";"Total Salud y servicios sociales";"Hombres";"Rendimiento"
"2021-2022";"90.15";"Total Salud y servicios sociales";"Hombres";"Rendimiento"
"2020-2021";"91.57";"Total Salud y servicios sociales";"Hombres";"Rendimiento"
"2019-2020";"95.91";"Total Salud y servicios sociales";"Hombres";"Rendimiento"
"2018-2019";"91.86";"Total Salud y servicios sociales";"Hombres";"Rendimiento"
"2017-2018";"92.78";"Total Salud y servicios sociales";"Hombres";"Rendimiento"
"2016-2017";"93.3";"Total Salud y servicios sociales";"Hombres";"Rendimiento"
"2015-2016";"93.02";"Total Salud y servicios sociales";"Hombres";"Rendimiento"
"2022-2023";"..";"Medicina";"Hombres";"Rendimiento"
"2021-2022";"..";"Medicina";"Hombres";"Rendimiento"
"2020-2021";"..";"Medicina";"Hombres";"Rendimiento"
"2019-2020";"..";"Medicina";"Hombres";"Rendimiento"
"2018-2019";"..";"Medicina";"Hombres";"Rendimiento"
"2017-2018";"..";"Medicina";"Hombres";"Rendimiento"
"2016-2017";"..";"Medicina";"Hombres";"Rendimiento"
"2015-2016";"..";"Medicina";"Hombres";"Rendimiento"
"2022-2023";"95.63";"Enfermería y atención a enfermos";"Hombres";"Rendimiento"
"2021-2022";"93.11";"Enfermería y atención a enfermos";"Hombres";"Rendimiento"
"2020-2021";"93.67";"Enfermería y atención a enfermos";"Hombres";"Rendimiento"
"2019-2020";"95.9";"Enfermería y atención a enfermos";"Hombres";"Rendimiento"
"2018-2019";"93.99";"Enfermería y atención a enfermos";"Hombres";"Rendimiento"
"2017-2018";"95.29";"Enfermería y atención a enfermos";"Hombres";"Rendimiento"
"2016-2017";"96.25";"Enfermería y atención a enfermos";"Hombres";"Rendimiento"
"2015-2016";"95.01";"Enfermería y atención a enfermos";"Hombres";"Rendimiento"
"2022-2023";"94.68";"Otras ciencias de la Salud";"Hombres";"Rendimiento"
"2021-2022";"93.68";"Otras ciencias de la Salud";"Hombres";"Rendimiento"
"2020-2021";"96.44";"Otras ciencias de la Salud";"Hombres";"Rendimiento"
"2019-2020";"97.68";"Otras ciencias de la Salud";"Hombres";"Rendimiento"
"2018-2019";"95.63";"Otras ciencias de la Salud";"Hombres";"Rendimiento"
"2017-2018";"95.52";"Otras ciencias de la Salud";"Hombres";"Rendimiento"
"2016-2017";"96.12";"Otras ciencias de la Salud";"Hombres";"Rendimiento"
"2015-2016";"93.62";"Otras ciencias de la Salud";"Hombres";"Rendimiento"
"2022-2023";"79.02";"Trabajo social y orientación";"Hombres";"Rendimiento"
"2021-2022";"80.43";"Trabajo social y orientación";"Hombres";"Rendimiento"
"2020-2021";"80.82";"Trabajo social y orientación";"Hombres";"Rendimiento"
"2019-2020";"92.92";"Trabajo social y orientación";"Hombres";"Rendimiento"
"2018-2019";"83.0";"Trabajo social y orientación";"Hombres";"Rendimiento"
"2017-2018";"84.11";"Trabajo social y orientación";"Hombres";"Rendimiento"
"2016-2017";"84.7";"Trabajo social y orientación";"Hombres";"Rendimiento"
"2015-2016";"88.48";"Trabajo social y orientación";"Hombres";"Rendimiento"
"2022-2023";"73.01";"Total Servicios";"Hombres";"Rendimiento"
"2021-2022";"65.59";"Total Servicios";"Hombres";"Rendimiento"
"2020-2021";"73.05";"Total Servicios";"Hombres";"Rendimiento"
"2019-2020";"71.26";"Total Servicios";"Hombres";"Rendimiento"
"2018-2019";"68.29";"Total Servicios";"Hombres";"Rendimiento"
"2017-2018";"73.44";"Total Servicios";"Hombres";"Rendimiento"
"2016-2017";"69.6";"Total Servicios";"Hombres";"Rendimiento"
"2015-2016";"74.5";"Total Servicios";"Hombres";"Rendimiento"
"2022-2023";"..";"Deportes";"Hombres";"Rendimiento"
"2021-2022";"..";"Deportes";"Hombres";"Rendimiento"
"2020-2021";"..";"Deportes";"Hombres";"Rendimiento"
"2019-2020";"..";"Deportes";"Hombres";"Rendimiento"
"2018-2019";"..";"Deportes";"Hombres";"Rendimiento"
"2017-2018";"..";"Deportes";"Hombres";"Rendimiento"
"2016-2017";"..";"Deportes";"Hombres";"Rendimiento"
"2015-2016";"..";"Deportes";"Hombres";"Rendimiento"
"2022-2023";"73.01";"Turismo y Hostelería";"Hombres";"Rendimiento"
"2021-2022";"65.59";"Turismo y Hostelería";"Hombres";"Rendimiento"
"2020-2021";"73.05";"Turismo y Hostelería";"Hombres";"Rendimiento"
"2019-2020";"71.26";"Turismo y Hostelería";"Hombres";"Rendimiento"
"2018-2019";"68.29";"Turismo y Hostelería";"Hombres";"Rendimiento"
"2017-2018";"73.44";"Turismo y Hostelería";"Hombres";"Rendimiento"
"2016-2017";"69.6";"Turismo y Hostelería";"Hombres";"Rendimiento"
"2015-2016";"74.5";"Turismo y Hostelería";"Hombres";"Rendimiento"
"2022-2023";"..";"Otros Servicios";"Hombres";"Rendimiento"
"2021-2022";"..";"Otros Servicios";"Hombres";"Rendimiento"
"2020-2021";"..";"Otros Servicios";"Hombres";"Rendimiento"
"2019-2020";"..";"Otros Servicios";"Hombres";"Rendimiento"
"2018-2019";"..";"Otros Servicios";"Hombres";"Rendimiento"
"2017-2018";"..";"Otros Servicios";"Hombres";"Rendimiento"
"2016-2017";"..";"Otros Servicios";"Hombres";"Rendimiento"
"2015-2016";"..";"Otros Servicios";"Hombres";"Rendimiento"
"2022-2023";"???";"Jaén";"Hombres";"Exito"
"2021-2022";"???";"Jaén";"Hombres";"Exito"
"2020-2021";"???";"Jaén";"Hombres";"Exito"
"2019-2020";"???";"Jaén";"Hombres";"Exito"
"2018-2019";"???";"Jaén";"Hombres";"Exito"
"2017-2018";"???";"Jaén";"Hombres";"Exito"
"2016-2017";"???";"Jaén";"Hombres";"Exito"
"2015-2016";"???";"Jaén";"Hombres";"Exito"
"2022-2023";"80.49";"Todos los ámbitos";"Hombres";"Exito"
"2021-2022";"80.16";"Todos los ámbitos";"Hombres";"Exito"
"2020-2021";"80.29";"Todos los ámbitos";"Hombres";"Exito"
"2019-2020";"87.8";"Todos los ámbitos";"Hombres";"Exito"
"2018-2019";"82.1";"Todos los ámbitos";"Hombres";"Exito"
"2017-2018";"81.86";"Todos los ámbitos";"Hombres";"Exito"
"2016-2017";"82.15";"Todos los ámbitos";"Hombres";"Exito"
"2015-2016";"81.92";"Todos los ámbitos";"Hombres";"Exito"
"2022-2023";"87.34";"Total Educación";"Hombres";"Exito"
"2021-2022";"87.91";"Total Educación";"Hombres";"Exito"
"2020-2021";"90.57";"Total Educación";"Hombres";"Exito"
"2019-2020";"95.53";"Total Educación";"Hombres";"Exito"
"2018-2019";"90.54";"Total Educación";"Hombres";"Exito"
"2017-2018";"90.66";"Total Educación";"Hombres";"Exito"
"2016-2017";"92.12";"Total Educación";"Hombres";"Exito"
"2015-2016";"91.92";"Total Educación";"Hombres";"Exito"
"2022-2023";"88.31";"Formación de docentes de enseñanza infantil";"Hombres";"Exito"
"2021-2022";"87.09";"Formación de docentes de enseñanza infantil";"Hombres";"Exito"
"2020-2021";"89.25";"Formación de docentes de enseñanza infantil";"Hombres";"Exito"
"2019-2020";"94.45";"Formación de docentes de enseñanza infantil";"Hombres";"Exito"
"2018-2019";"91.44";"Formación de docentes de enseñanza infantil";"Hombres";"Exito"
"2017-2018";"90.86";"Formación de docentes de enseñanza infantil";"Hombres";"Exito"
"2016-2017";"91.03";"Formación de docentes de enseñanza infantil";"Hombres";"Exito"
"2015-2016";"87.67";"Formación de docentes de enseñanza infantil";"Hombres";"Exito"
"2022-2023";"86.61";"Formación de docentes de enseñanza primaria";"Hombres";"Exito"
"2021-2022";"87.68";"Formación de docentes de enseñanza primaria";"Hombres";"Exito"
"2020-2021";"90.52";"Formación de docentes de enseñanza primaria";"Hombres";"Exito"
"2019-2020";"95.63";"Formación de docentes de enseñanza primaria";"Hombres";"Exito"
"2018-2019";"90.27";"Formación de docentes de enseñanza primaria";"Hombres";"Exito"
"2017-2018";"90.32";"Formación de docentes de enseñanza primaria";"Hombres";"Exito"
"2016-2017";"92.1";"Formación de docentes de enseñanza primaria";"Hombres";"Exito"
"2015-2016";"92.4";"Formación de docentes de enseñanza primaria";"Hombres";"Exito"
"2022-2023";"95.23";"Otra Formación de personal docente y ciencias de la educación";"Hombres";"Exito"
"2021-2022";"92.27";"Otra Formación de personal docente y ciencias de la educación";"Hombres";"Exito"
"2020-2021";"93.68";"Otra Formación de personal docente y ciencias de la educación";"Hombres";"Exito"
"2019-2020";"96.45";"Otra Formación de personal docente y ciencias de la educación";"Hombres";"Exito"
"2018-2019";"92.77";"Otra Formación de personal docente y ciencias de la educación";"Hombres";"Exito"
"2017-2018";"95.69";"Otra Formación de personal docente y ciencias de la educación";"Hombres";"Exito"
"2016-2017";"95.43";"Otra Formación de personal docente y ciencias de la educación";"Hombres";"Exito"
"2015-2016";"93.89";"Otra Formación de personal docente y ciencias de la educación";"Hombres";"Exito"
"2022-2023";"86.41";"Total Artes y humanidades";"Hombres";"Exito"
"2021-2022";"84.6";"Total Artes y humanidades";"Hombres";"Exito"
"2020-2021";"84.89";"Total Artes y humanidades";"Hombres";"Exito"
"2019-2020";"89.81";"Total Artes y humanidades";"Hombres";"Exito"
"2018-2019";"83.15";"Total Artes y humanidades";"Hombres";"Exito"
"2017-2018";"83.83";"Total Artes y humanidades";"Hombres";"Exito"
"2016-2017";"85.68";"Total Artes y humanidades";"Hombres";"Exito"
"2015-2016";"84.55";"Total Artes y humanidades";"Hombres";"Exito"
"2022-2023";"..";"Técnicas audiovisuales y medios de comunicación";"Hombres";"Exito"
"2021-2022";"..";"Técnicas audiovisuales y medios de comunicación";"Hombres";"Exito"
"2020-2021";"..";"Técnicas audiovisuales y medios de comunicación";"Hombres";"Exito"
"2019-2020";"..";"Técnicas audiovisuales y medios de comunicación";"Hombres";"Exito"
"2018-2019";"..";"Técnicas audiovisuales y medios de comunicación";"Hombres";"Exito"
"2017-2018";"..";"Técnicas audiovisuales y medios de comunicación";"Hombres";"Exito"
"2016-2017";"..";"Técnicas audiovisuales y medios de comunicación";"Hombres";"Exito"
"2015-2016";"..";"Técnicas audiovisuales y medios de comunicación";"Hombres";"Exito"
"2022-2023";"..";"Artes";"Hombres";"Exito"
"2021-2022";"91.03";"Artes";"Hombres";"Exito"
"2020-2021";"94.68";"Artes";"Hombres";"Exito"
"2019-2020";"99.15";"Artes";"Hombres";"Exito"
"2018-2019";"92.86";"Artes";"Hombres";"Exito"
"2017-2018";"94.5";"Artes";"Hombres";"Exito"
"2016-2017";"94.7";"Artes";"Hombres";"Exito"
"2015-2016";"91.34";"Artes";"Hombres";"Exito"
"2022-2023";"84.66";"Lenguas";"Hombres";"Exito"
"2021-2022";"83.35";"Lenguas";"Hombres";"Exito"
"2020-2021";"82.76";"Lenguas";"Hombres";"Exito"
"2019-2020";"87.02";"Lenguas";"Hombres";"Exito"
"2018-2019";"79.91";"Lenguas";"Hombres";"Exito"
"2017-2018";"81.8";"Lenguas";"Hombres";"Exito"
"2016-2017";"84.08";"Lenguas";"Hombres";"Exito"
"2015-2016";"83.44";"Lenguas";"Hombres";"Exito"
"2022-2023";"87.02";"Humanidades";"Hombres";"Exito"
"2021-2022";"84.18";"Humanidades";"Hombres";"Exito"
"2020-2021";"84.22";"Humanidades";"Hombres";"Exito"
"2019-2020";"90.33";"Humanidades";"Hombres";"Exito"
"2018-2019";"84.2";"Humanidades";"Hombres";"Exito"
"2017-2018";"83.29";"Humanidades";"Hombres";"Exito"
"2016-2017";"85.09";"Humanidades";"Hombres";"Exito"
"2015-2016";"83.49";"Humanidades";"Hombres";"Exito"
"2022-2023";"84.47";"Total Ciencias sociales, periodismo y documentación";"Hombres";"Exito"
"2021-2022";"81.31";"Total Ciencias sociales, periodismo y documentación";"Hombres";"Exito"
"2020-2021";"82.15";"Total Ciencias sociales, periodismo y documentación";"Hombres";"Exito"
"2019-2020";"91.99";"Total Ciencias sociales, periodismo y documentación";"Hombres";"Exito"
"2018-2019";"83.4";"Total Ciencias sociales, periodismo y documentación";"Hombres";"Exito"
"2017-2018";"85.02";"Total Ciencias sociales, periodismo y documentación";"Hombres";"Exito"
"2016-2017";"84.67";"Total Ciencias sociales, periodismo y documentación";"Hombres";"Exito"
"2015-2016";"83.12";"Total Ciencias sociales, periodismo y documentación";"Hombres";"Exito"
"2022-2023";"84.47";"Psicología";"Hombres";"Exito"
"2021-2022";"81.31";"Psicología";"Hombres";"Exito"
"2020-2021";"82.15";"Psicología";"Hombres";"Exito"
"2019-2020";"91.99";"Psicología";"Hombres";"Exito"
"2018-2019";"83.4";"Psicología";"Hombres";"Exito"
"2017-2018";"85.02";"Psicología";"Hombres";"Exito"
"2016-2017";"84.67";"Psicología";"Hombres";"Exito"
"2015-2016";"83.12";"Psicología";"Hombres";"Exito"
"2022-2023";"..";"Economía";"Hombres";"Exito"
"2021-2022";"..";"Economía";"Hombres";"Exito"
"2020-2021";"..";"Economía";"Hombres";"Exito"
"2019-2020";"..";"Economía";"Hombres";"Exito"
"2018-2019";"..";"Economía";"Hombres";"Exito"
"2017-2018";"..";"Economía";"Hombres";"Exito"
"2016-2017";"..";"Economía";"Hombres";"Exito"
"2015-2016";"..";"Economía";"Hombres";"Exito"
"2022-2023";"..";"Otras Ciencias sociales y del comportamiento";"Hombres";"Exito"
"2021-2022";"..";"Otras Ciencias sociales y del comportamiento";"Hombres";"Exito"
"2020-2021";"..";"Otras Ciencias sociales y del comportamiento";"Hombres";"Exito"
"2019-2020";"..";"Otras Ciencias sociales y del comportamiento";"Hombres";"Exito"
"2018-2019";"..";"Otras Ciencias sociales y del comportamiento";"Hombres";"Exito"
"2017-2018";"..";"Otras Ciencias sociales y del comportamiento";"Hombres";"Exito"
"2016-2017";"..";"Otras Ciencias sociales y del comportamiento";"Hombres";"Exito"
"2015-2016";"..";"Otras Ciencias sociales y del comportamiento";"Hombres";"Exito"
"2022-2023";"..";"Periodismo e información";"Hombres";"Exito"
"2021-2022";"..";"Periodismo e información";"Hombres";"Exito"
"2020-2021";"..";"Periodismo e información";"Hombres";"Exito"
"2019-2020";"..";"Periodismo e información";"Hombres";"Exito"
"2018-2019";"..";"Periodismo e información";"Hombres";"Exito"
"2017-2018";"..";"Periodismo e información";"Hombres";"Exito"
"2016-2017";"..";"Periodismo e información";"Hombres";"Exito"
"2015-2016";"..";"Periodismo e información";"Hombres";"Exito"
"2022-2023";"75.78";"Total Negocios, administración y derecho";"Hombres";"Exito"
"2021-2022";"76.42";"Total Negocios, administración y derecho";"Hombres";"Exito"
"2020-2021";"76.35";"Total Negocios, administración y derecho";"Hombres";"Exito"
"2019-2020";"86.6";"Total Negocios, administración y derecho";"Hombres";"Exito"
"2018-2019";"80.68";"Total Negocios, administración y derecho";"Hombres";"Exito"
"2017-2018";"79.49";"Total Negocios, administración y derecho";"Hombres";"Exito"
"2016-2017";"80.66";"Total Negocios, administración y derecho";"Hombres";"Exito"
"2015-2016";"80.55";"Total Negocios, administración y derecho";"Hombres";"Exito"
"2022-2023";"73.15";"Administración y gestión de empresas";"Hombres";"Exito"
"2021-2022";"75.37";"Administración y gestión de empresas";"Hombres";"Exito"
"2020-2021";"74.15";"Administración y gestión de empresas";"Hombres";"Exito"
"2019-2020";"84.45";"Administración y gestión de empresas";"Hombres";"Exito"
"2018-2019";"79.29";"Administración y gestión de empresas";"Hombres";"Exito"
"2017-2018";"77.28";"Administración y gestión de empresas";"Hombres";"Exito"
"2016-2017";"78.1";"Administración y gestión de empresas";"Hombres";"Exito"
"2015-2016";"78.99";"Administración y gestión de empresas";"Hombres";"Exito"
"2022-2023";"76.56";"Otra Educación comercial y empresarial";"Hombres";"Exito"
"2021-2022";"75.79";"Otra Educación comercial y empresarial";"Hombres";"Exito"
"2020-2021";"74.35";"Otra Educación comercial y empresarial";"Hombres";"Exito"
"2019-2020";"83.92";"Otra Educación comercial y empresarial";"Hombres";"Exito"
"2018-2019";"78.07";"Otra Educación comercial y empresarial";"Hombres";"Exito"
"2017-2018";"72.95";"Otra Educación comercial y empresarial";"Hombres";"Exito"
"2016-2017";"72.45";"Otra Educación comercial y empresarial";"Hombres";"Exito"
"2015-2016";"71.58";"Otra Educación comercial y empresarial";"Hombres";"Exito"
"2022-2023";"79.74";"Derecho";"Hombres";"Exito"
"2021-2022";"78.09";"Derecho";"Hombres";"Exito"
"2020-2021";"79.93";"Derecho";"Hombres";"Exito"
"2019-2020";"90.41";"Derecho";"Hombres";"Exito"
"2018-2019";"83.43";"Derecho";"Hombres";"Exito"
"2017-2018";"84.26";"Derecho";"Hombres";"Exito"
"2016-2017";"86.66";"Derecho";"Hombres";"Exito"
"2015-2016";"85.37";"Derecho";"Hombres";"Exito"
"2022-2023";"81.57";"Total Ciencias";"Hombres";"Exito"
"2021-2022";"81.38";"Total Ciencias";"Hombres";"Exito"
"2020-2021";"80.46";"Total Ciencias";"Hombres";"Exito"
"2019-2020";"88.49";"Total Ciencias";"Hombres";"Exito"
"2018-2019";"79.51";"Total Ciencias";"Hombres";"Exito"
"2017-2018";"78.04";"Total Ciencias";"Hombres";"Exito"
"2016-2017";"78.56";"Total Ciencias";"Hombres";"Exito"
"2015-2016";"75.8";"Total Ciencias";"Hombres";"Exito"
"2022-2023";"81.94";"Ciencias de la vida";"Hombres";"Exito"
"2021-2022";"82.71";"Ciencias de la vida";"Hombres";"Exito"
"2020-2021";"81.41";"Ciencias de la vida";"Hombres";"Exito"
"2019-2020";"89.92";"Ciencias de la vida";"Hombres";"Exito"
"2018-2019";"79.42";"Ciencias de la vida";"Hombres";"Exito"
"2017-2018";"79.87";"Ciencias de la vida";"Hombres";"Exito"
"2016-2017";"81.18";"Ciencias de la vida";"Hombres";"Exito"
"2015-2016";"75.5";"Ciencias de la vida";"Hombres";"Exito"
"2022-2023";"80.82";"Ciencias Físicas, químicas, geológicas";"Hombres";"Exito"
"2021-2022";"78.29";"Ciencias Físicas, químicas, geológicas";"Hombres";"Exito"
"2020-2021";"78.0";"Ciencias Físicas, químicas, geológicas";"Hombres";"Exito"
"2019-2020";"84.86";"Ciencias Físicas, químicas, geológicas";"Hombres";"Exito"
"2018-2019";"79.7";"Ciencias Físicas, químicas, geológicas";"Hombres";"Exito"
"2017-2018";"74.17";"Ciencias Físicas, químicas, geológicas";"Hombres";"Exito"
"2016-2017";"73.37";"Ciencias Físicas, químicas, geológicas";"Hombres";"Exito"
"2015-2016";"76.4";"Ciencias Físicas, químicas, geológicas";"Hombres";"Exito"
"2022-2023";"..";"Matemáticas y Estadística";"Hombres";"Exito"
"2021-2022";"..";"Matemáticas y Estadística";"Hombres";"Exito"
"2020-2021";"..";"Matemáticas y Estadística";"Hombres";"Exito"
"2019-2020";"..";"Matemáticas y Estadística";"Hombres";"Exito"
"2018-2019";"..";"Matemáticas y Estadística";"Hombres";"Exito"
"2017-2018";"..";"Matemáticas y Estadística";"Hombres";"Exito"
"2016-2017";"..";"Matemáticas y Estadística";"Hombres";"Exito"
"2015-2016";"..";"Matemáticas y Estadística";"Hombres";"Exito"
"2022-2023";"76.26";"Total Informática";"Hombres";"Exito"
"2021-2022";"71.91";"Total Informática";"Hombres";"Exito"
"2020-2021";"74.79";"Total Informática";"Hombres";"Exito"
"2019-2020";"79.06";"Total Informática";"Hombres";"Exito"
"2018-2019";"73.49";"Total Informática";"Hombres";"Exito"
"2017-2018";"74.67";"Total Informática";"Hombres";"Exito"
"2016-2017";"74.88";"Total Informática";"Hombres";"Exito"
"2015-2016";"75.5";"Total Informática";"Hombres";"Exito"
"2022-2023";"76.26";"Informática";"Hombres";"Exito"
"2021-2022";"71.91";"Informática";"Hombres";"Exito"
"2020-2021";"74.79";"Informática";"Hombres";"Exito"
"2019-2020";"79.06";"Informática";"Hombres";"Exito"
"2018-2019";"73.49";"Informática";"Hombres";"Exito"
"2017-2018";"74.67";"Informática";"Hombres";"Exito"
"2016-2017";"74.88";"Informática";"Hombres";"Exito"
"2015-2016";"75.5";"Informática";"Hombres";"Exito"
"2022-2023";"73.24";"Total Ingeniería, industria y construcción";"Hombres";"Exito"
"2021-2022";"73.77";"Total Ingeniería, industria y construcción";"Hombres";"Exito"
"2020-2021";"69.56";"Total Ingeniería, industria y construcción";"Hombres";"Exito"
"2019-2020";"80.66";"Total Ingeniería, industria y construcción";"Hombres";"Exito"
"2018-2019";"75.44";"Total Ingeniería, industria y construcción";"Hombres";"Exito"
"2017-2018";"74.8";"Total Ingeniería, industria y construcción";"Hombres";"Exito"
"2016-2017";"74.07";"Total Ingeniería, industria y construcción";"Hombres";"Exito"
"2015-2016";"74.59";"Total Ingeniería, industria y construcción";"Hombres";"Exito"
"2022-2023";"73.11";"Ingenierías";"Hombres";"Exito"
"2021-2022";"74.02";"Ingenierías";"Hombres";"Exito"
"2020-2021";"69.33";"Ingenierías";"Hombres";"Exito"
"2019-2020";"80.26";"Ingenierías";"Hombres";"Exito"
"2018-2019";"74.99";"Ingenierías";"Hombres";"Exito"
"2017-2018";"74.54";"Ingenierías";"Hombres";"Exito"
"2016-2017";"73.7";"Ingenierías";"Hombres";"Exito"
"2015-2016";"74.57";"Ingenierías";"Hombres";"Exito"
"2022-2023";"75.25";"Arquitectura y construcción";"Hombres";"Exito"
"2021-2022";"69.94";"Arquitectura y construcción";"Hombres";"Exito"
"2020-2021";"73.11";"Arquitectura y construcción";"Hombres";"Exito"
"2019-2020";"87.77";"Arquitectura y construcción";"Hombres";"Exito"
"2018-2019";"82.1";"Arquitectura y construcción";"Hombres";"Exito"
"2017-2018";"78.25";"Arquitectura y construcción";"Hombres";"Exito"
"2016-2017";"77.91";"Arquitectura y construcción";"Hombres";"Exito"
"2015-2016";"74.76";"Arquitectura y construcción";"Hombres";"Exito"
"2022-2023";"..";"Total Agricultura, ganadería,  silvicultura, pesca, y veterinaria";"Hombres";"Exito"
"2021-2022";"..";"Total Agricultura, ganadería,  silvicultura, pesca, y veterinaria";"Hombres";"Exito"
"2020-2021";"..";"Total Agricultura, ganadería,  silvicultura, pesca, y veterinaria";"Hombres";"Exito"
"2019-2020";"..";"Total Agricultura, ganadería,  silvicultura, pesca, y veterinaria";"Hombres";"Exito"
"2018-2019";"..";"Total Agricultura, ganadería,  silvicultura, pesca, y veterinaria";"Hombres";"Exito"
"2017-2018";"..";"Total Agricultura, ganadería,  silvicultura, pesca, y veterinaria";"Hombres";"Exito"
"2016-2017";"..";"Total Agricultura, ganadería,  silvicultura, pesca, y veterinaria";"Hombres";"Exito"
"2015-2016";"..";"Total Agricultura, ganadería,  silvicultura, pesca, y veterinaria";"Hombres";"Exito"
"2022-2023";"..";"Agricultura, ganadería y pesca";"Hombres";"Exito"
"2021-2022";"..";"Agricultura, ganadería y pesca";"Hombres";"Exito"
"2020-2021";"..";"Agricultura, ganadería y pesca";"Hombres";"Exito"
"2019-2020";"..";"Agricultura, ganadería y pesca";"Hombres";"Exito"
"2018-2019";"..";"Agricultura, ganadería y pesca";"Hombres";"Exito"
"2017-2018";"..";"Agricultura, ganadería y pesca";"Hombres";"Exito"
"2016-2017";"..";"Agricultura, ganadería y pesca";"Hombres";"Exito"
"2015-2016";"..";"Agricultura, ganadería y pesca";"Hombres";"Exito"
"2022-2023";"..";"Veterinaria";"Hombres";"Exito"
"2021-2022";"..";"Veterinaria";"Hombres";"Exito"
"2020-2021";"..";"Veterinaria";"Hombres";"Exito"
"2019-2020";"..";"Veterinaria";"Hombres";"Exito"
"2018-2019";"..";"Veterinaria";"Hombres";"Exito"
"2017-2018";"..";"Veterinaria";"Hombres";"Exito"
"2016-2017";"..";"Veterinaria";"Hombres";"Exito"
"2015-2016";"..";"Veterinaria";"Hombres";"Exito"
"2022-2023";"94.07";"Total Salud y servicios sociales";"Hombres";"Exito"
"2021-2022";"93.82";"Total Salud y servicios sociales";"Hombres";"Exito"
"2020-2021";"95.48";"Total Salud y servicios sociales";"Hombres";"Exito"
"2019-2020";"97.68";"Total Salud y servicios sociales";"Hombres";"Exito"
"2018-2019";"95.34";"Total Salud y servicios sociales";"Hombres";"Exito"
"2017-2018";"95.88";"Total Salud y servicios sociales";"Hombres";"Exito"
"2016-2017";"95.66";"Total Salud y servicios sociales";"Hombres";"Exito"
"2015-2016";"95.61";"Total Salud y servicios sociales";"Hombres";"Exito"
"2022-2023";"..";"Medicina";"Hombres";"Exito"
"2021-2022";"..";"Medicina";"Hombres";"Exito"
"2020-2021";"..";"Medicina";"Hombres";"Exito"
"2019-2020";"..";"Medicina";"Hombres";"Exito"
"2018-2019";"..";"Medicina";"Hombres";"Exito"
"2017-2018";"..";"Medicina";"Hombres";"Exito"
"2016-2017";"..";"Medicina";"Hombres";"Exito"
"2015-2016";"..";"Medicina";"Hombres";"Exito"
"2022-2023";"96.73";"Enfermería y atención a enfermos";"Hombres";"Exito"
"2021-2022";"94.01";"Enfermería y atención a enfermos";"Hombres";"Exito"
"2020-2021";"95.33";"Enfermería y atención a enfermos";"Hombres";"Exito"
"2019-2020";"97.95";"Enfermería y atención a enfermos";"Hombres";"Exito"
"2018-2019";"97.44";"Enfermería y atención a enfermos";"Hombres";"Exito"
"2017-2018";"96.92";"Enfermería y atención a enfermos";"Hombres";"Exito"
"2016-2017";"97.36";"Enfermería y atención a enfermos";"Hombres";"Exito"
"2015-2016";"97.15";"Enfermería y atención a enfermos";"Hombres";"Exito"
"2022-2023";"97.27";"Otras ciencias de la Salud";"Hombres";"Exito"
"2021-2022";"97.55";"Otras ciencias de la Salud";"Hombres";"Exito"
"2020-2021";"98.64";"Otras ciencias de la Salud";"Hombres";"Exito"
"2019-2020";"99.33";"Otras ciencias de la Salud";"Hombres";"Exito"
"2018-2019";"97.87";"Otras ciencias de la Salud";"Hombres";"Exito"
"2017-2018";"98.16";"Otras ciencias de la Salud";"Hombres";"Exito"
"2016-2017";"98.21";"Otras ciencias de la Salud";"Hombres";"Exito"
"2015-2016";"96.67";"Otras ciencias de la Salud";"Hombres";"Exito"
"2022-2023";"84.38";"Trabajo social y orientación";"Hombres";"Exito"
"2021-2022";"87.26";"Trabajo social y orientación";"Hombres";"Exito"
"2020-2021";"90.08";"Trabajo social y orientación";"Hombres";"Exito"
"2019-2020";"94.52";"Trabajo social y orientación";"Hombres";"Exito"
"2018-2019";"88.26";"Trabajo social y orientación";"Hombres";"Exito"
"2017-2018";"89.91";"Trabajo social y orientación";"Hombres";"Exito"
"2016-2017";"89.01";"Trabajo social y orientación";"Hombres";"Exito"
"2015-2016";"91.04";"Trabajo social y orientación";"Hombres";"Exito"
"2022-2023";"86.54";"Total Servicios";"Hombres";"Exito"
"2021-2022";"78.81";"Total Servicios";"Hombres";"Exito"
"2020-2021";"86.1";"Total Servicios";"Hombres";"Exito"
"2019-2020";"89.02";"Total Servicios";"Hombres";"Exito"
"2018-2019";"81.87";"Total Servicios";"Hombres";"Exito"
"2017-2018";"86.56";"Total Servicios";"Hombres";"Exito"
"2016-2017";"82.45";"Total Servicios";"Hombres";"Exito"
"2015-2016";"83.06";"Total Servicios";"Hombres";"Exito"
"2022-2023";"..";"Deportes";"Hombres";"Exito"
"2021-2022";"..";"Deportes";"Hombres";"Exito"
"2020-2021";"..";"Deportes";"Hombres";"Exito"
"2019-2020";"..";"Deportes";"Hombres";"Exito"
"2018-2019";"..";"Deportes";"Hombres";"Exito"
"2017-2018";"..";"Deportes";"Hombres";"Exito"
"2016-2017";"..";"Deportes";"Hombres";"Exito"
"2015-2016";"..";"Deportes";"Hombres";"Exito"
"2022-2023";"86.54";"Turismo y Hostelería";"Hombres";"Exito"
"2021-2022";"78.81";"Turismo y Hostelería";"Hombres";"Exito"
"2020-2021";"86.1";"Turismo y Hostelería";"Hombres";"Exito"
"2019-2020";"89.02";"Turismo y Hostelería";"Hombres";"Exito"
"2018-2019";"81.87";"Turismo y Hostelería";"Hombres";"Exito"
"2017-2018";"86.56";"Turismo y Hostelería";"Hombres";"Exito"
"2016-2017";"82.45";"Turismo y Hostelería";"Hombres";"Exito"
"2015-2016";"83.06";"Turismo y Hostelería";"Hombres";"Exito"
"2022-2023";"..";"Otros Servicios";"Hombres";"Exito"
"2021-2022";"..";"Otros Servicios";"Hombres";"Exito"
"2020-2021";"..";"Otros Servicios";"Hombres";"Exito"
"2019-2020";"..";"Otros Servicios";"Hombres";"Exito"
"2018-2019";"..";"Otros Servicios";"Hombres";"Exito"
"2017-2018";"..";"Otros Servicios";"Hombres";"Exito"
"2016-2017";"..";"Otros Servicios";"Hombres";"Exito"
"2015-2016";"..";"Otros Servicios";"Hombres";"Exito"
"2022-2023";"???";"Jaén";"Hombres";"Evaluacion"
"2021-2022";"???";"Jaén";"Hombres";"Evaluacion"
"2020-2021";"???";"Jaén";"Hombres";"Evaluacion"
"2019-2020";"???";"Jaén";"Hombres";"Evaluacion"
"2018-2019";"???";"Jaén";"Hombres";"Evaluacion"
"2017-2018";"???";"Jaén";"Hombres";"Evaluacion"
"2016-2017";"???";"Jaén";"Hombres";"Evaluacion"
"2015-2016";"???";"Jaén";"Hombres";"Evaluacion"
"2022-2023";"85.58";"Todos los ámbitos";"Hombres";"Evaluacion"
"2021-2022";"84.18";"Todos los ámbitos";"Hombres";"Evaluacion"
"2020-2021";"84.43";"Todos los ámbitos";"Hombres";"Evaluacion"
"2019-2020";"88.4";"Todos los ámbitos";"Hombres";"Evaluacion"
"2018-2019";"84.62";"Todos los ámbitos";"Hombres";"Evaluacion"
"2017-2018";"85.29";"Todos los ámbitos";"Hombres";"Evaluacion"
"2016-2017";"85.93";"Todos los ámbitos";"Hombres";"Evaluacion"
"2015-2016";"85.73";"Todos los ámbitos";"Hombres";"Evaluacion"
"2022-2023";"94.27";"Total Educación";"Hombres";"Evaluacion"
"2021-2022";"94.2";"Total Educación";"Hombres";"Evaluacion"
"2020-2021";"95.17";"Total Educación";"Hombres";"Evaluacion"
"2019-2020";"95.59";"Total Educación";"Hombres";"Evaluacion"
"2018-2019";"93.77";"Total Educación";"Hombres";"Evaluacion"
"2017-2018";"95.02";"Total Educación";"Hombres";"Evaluacion"
"2016-2017";"95.16";"Total Educación";"Hombres";"Evaluacion"
"2015-2016";"94.76";"Total Educación";"Hombres";"Evaluacion"
"2022-2023";"93.72";"Formación de docentes de enseñanza infantil";"Hombres";"Evaluacion"
"2021-2022";"93.82";"Formación de docentes de enseñanza infantil";"Hombres";"Evaluacion"
"2020-2021";"96.1";"Formación de docentes de enseñanza infantil";"Hombres";"Evaluacion"
"2019-2020";"95.71";"Formación de docentes de enseñanza infantil";"Hombres";"Evaluacion"
"2018-2019";"96.03";"Formación de docentes de enseñanza infantil";"Hombres";"Evaluacion"
"2017-2018";"95.28";"Formación de docentes de enseñanza infantil";"Hombres";"Evaluacion"
"2016-2017";"96.72";"Formación de docentes de enseñanza infantil";"Hombres";"Evaluacion"
"2015-2016";"92.03";"Formación de docentes de enseñanza infantil";"Hombres";"Evaluacion"
"2022-2023";"94.27";"Formación de docentes de enseñanza primaria";"Hombres";"Evaluacion"
"2021-2022";"94.27";"Formación de docentes de enseñanza primaria";"Hombres";"Evaluacion"
"2020-2021";"94.84";"Formación de docentes de enseñanza primaria";"Hombres";"Evaluacion"
"2019-2020";"95.45";"Formación de docentes de enseñanza primaria";"Hombres";"Evaluacion"
"2018-2019";"93.54";"Formación de docentes de enseñanza primaria";"Hombres";"Evaluacion"
"2017-2018";"94.91";"Formación de docentes de enseñanza primaria";"Hombres";"Evaluacion"
"2016-2017";"94.98";"Formación de docentes de enseñanza primaria";"Hombres";"Evaluacion"
"2015-2016";"95.1";"Formación de docentes de enseñanza primaria";"Hombres";"Evaluacion"
"2022-2023";"95.44";"Otra Formación de personal docente y ciencias de la educación";"Hombres";"Evaluacion"
"2021-2022";"94.02";"Otra Formación de personal docente y ciencias de la educación";"Hombres";"Evaluacion"
"2020-2021";"98.01";"Otra Formación de personal docente y ciencias de la educación";"Hombres";"Evaluacion"
"2019-2020";"97.16";"Otra Formación de personal docente y ciencias de la educación";"Hombres";"Evaluacion"
"2018-2019";"92.61";"Otra Formación de personal docente y ciencias de la educación";"Hombres";"Evaluacion"
"2017-2018";"96.1";"Otra Formación de personal docente y ciencias de la educación";"Hombres";"Evaluacion"
"2016-2017";"94.34";"Otra Formación de personal docente y ciencias de la educación";"Hombres";"Evaluacion"
"2015-2016";"95.62";"Otra Formación de personal docente y ciencias de la educación";"Hombres";"Evaluacion"
"2022-2023";"84.56";"Total Artes y humanidades";"Hombres";"Evaluacion"
"2021-2022";"82.79";"Total Artes y humanidades";"Hombres";"Evaluacion"
"2020-2021";"81.82";"Total Artes y humanidades";"Hombres";"Evaluacion"
"2019-2020";"86.98";"Total Artes y humanidades";"Hombres";"Evaluacion"
"2018-2019";"83.21";"Total Artes y humanidades";"Hombres";"Evaluacion"
"2017-2018";"84.43";"Total Artes y humanidades";"Hombres";"Evaluacion"
"2016-2017";"87.26";"Total Artes y humanidades";"Hombres";"Evaluacion"
"2015-2016";"86.62";"Total Artes y humanidades";"Hombres";"Evaluacion"
"2022-2023";"..";"Técnicas audiovisuales y medios de comunicación";"Hombres";"Evaluacion"
"2021-2022";"..";"Técnicas audiovisuales y medios de comunicación";"Hombres";"Evaluacion"
"2020-2021";"..";"Técnicas audiovisuales y medios de comunicación";"Hombres";"Evaluacion"
"2019-2020";"..";"Técnicas audiovisuales y medios de comunicación";"Hombres";"Evaluacion"
"2018-2019";"..";"Técnicas audiovisuales y medios de comunicación";"Hombres";"Evaluacion"
"2017-2018";"..";"Técnicas audiovisuales y medios de comunicación";"Hombres";"Evaluacion"
"2016-2017";"..";"Técnicas audiovisuales y medios de comunicación";"Hombres";"Evaluacion"
"2015-2016";"..";"Técnicas audiovisuales y medios de comunicación";"Hombres";"Evaluacion"
"2022-2023";"..";"Artes";"Hombres";"Evaluacion"
"2021-2022";"88.14";"Artes";"Hombres";"Evaluacion"
"2020-2021";"94.63";"Artes";"Hombres";"Evaluacion"
"2019-2020";"90.7";"Artes";"Hombres";"Evaluacion"
"2018-2019";"88.24";"Artes";"Hombres";"Evaluacion"
"2017-2018";"82.84";"Artes";"Hombres";"Evaluacion"
"2016-2017";"87.7";"Artes";"Hombres";"Evaluacion"
"2015-2016";"87.8";"Artes";"Hombres";"Evaluacion"
"2022-2023";"81.85";"Lenguas";"Hombres";"Evaluacion"
"2021-2022";"79.46";"Lenguas";"Hombres";"Evaluacion"
"2020-2021";"77.11";"Lenguas";"Hombres";"Evaluacion"
"2019-2020";"85.55";"Lenguas";"Hombres";"Evaluacion"
"2018-2019";"83.65";"Lenguas";"Hombres";"Evaluacion"
"2017-2018";"85.77";"Lenguas";"Hombres";"Evaluacion"
"2016-2017";"88.95";"Lenguas";"Hombres";"Evaluacion"
"2015-2016";"87.47";"Lenguas";"Hombres";"Evaluacion"
"2022-2023";"85.96";"Humanidades";"Hombres";"Evaluacion"
"2021-2022";"84.04";"Humanidades";"Hombres";"Evaluacion"
"2020-2021";"82.75";"Humanidades";"Hombres";"Evaluacion"
"2019-2020";"87.49";"Humanidades";"Hombres";"Evaluacion"
"2018-2019";"82.18";"Humanidades";"Hombres";"Evaluacion"
"2017-2018";"83.66";"Humanidades";"Hombres";"Evaluacion"
"2016-2017";"85.91";"Humanidades";"Hombres";"Evaluacion"
"2015-2016";"85.59";"Humanidades";"Hombres";"Evaluacion"
"2022-2023";"92.79";"Total Ciencias sociales, periodismo y documentación";"Hombres";"Evaluacion"
"2021-2022";"90.83";"Total Ciencias sociales, periodismo y documentación";"Hombres";"Evaluacion"
"2020-2021";"92.86";"Total Ciencias sociales, periodismo y documentación";"Hombres";"Evaluacion"
"2019-2020";"94.48";"Total Ciencias sociales, periodismo y documentación";"Hombres";"Evaluacion"
"2018-2019";"89.63";"Total Ciencias sociales, periodismo y documentación";"Hombres";"Evaluacion"
"2017-2018";"92.96";"Total Ciencias sociales, periodismo y documentación";"Hombres";"Evaluacion"
"2016-2017";"92.32";"Total Ciencias sociales, periodismo y documentación";"Hombres";"Evaluacion"
"2015-2016";"93.58";"Total Ciencias sociales, periodismo y documentación";"Hombres";"Evaluacion"
"2022-2023";"92.79";"Psicología";"Hombres";"Evaluacion"
"2021-2022";"90.83";"Psicología";"Hombres";"Evaluacion"
"2020-2021";"92.86";"Psicología";"Hombres";"Evaluacion"
"2019-2020";"94.48";"Psicología";"Hombres";"Evaluacion"
"2018-2019";"89.63";"Psicología";"Hombres";"Evaluacion"
"2017-2018";"92.96";"Psicología";"Hombres";"Evaluacion"
"2016-2017";"92.32";"Psicología";"Hombres";"Evaluacion"
"2015-2016";"93.58";"Psicología";"Hombres";"Evaluacion"
"2022-2023";"..";"Economía";"Hombres";"Evaluacion"
"2021-2022";"..";"Economía";"Hombres";"Evaluacion"
"2020-2021";"..";"Economía";"Hombres";"Evaluacion"
"2019-2020";"..";"Economía";"Hombres";"Evaluacion"
"2018-2019";"..";"Economía";"Hombres";"Evaluacion"
"2017-2018";"..";"Economía";"Hombres";"Evaluacion"
"2016-2017";"..";"Economía";"Hombres";"Evaluacion"
"2015-2016";"..";"Economía";"Hombres";"Evaluacion"
"2022-2023";"..";"Otras Ciencias sociales y del comportamiento";"Hombres";"Evaluacion"
"2021-2022";"..";"Otras Ciencias sociales y del comportamiento";"Hombres";"Evaluacion"
"2020-2021";"..";"Otras Ciencias sociales y del comportamiento";"Hombres";"Evaluacion"
"2019-2020";"..";"Otras Ciencias sociales y del comportamiento";"Hombres";"Evaluacion"
"2018-2019";"..";"Otras Ciencias sociales y del comportamiento";"Hombres";"Evaluacion"
"2017-2018";"..";"Otras Ciencias sociales y del comportamiento";"Hombres";"Evaluacion"
"2016-2017";"..";"Otras Ciencias sociales y del comportamiento";"Hombres";"Evaluacion"
"2015-2016";"..";"Otras Ciencias sociales y del comportamiento";"Hombres";"Evaluacion"
"2022-2023";"..";"Periodismo e información";"Hombres";"Evaluacion"
"2021-2022";"..";"Periodismo e información";"Hombres";"Evaluacion"
"2020-2021";"..";"Periodismo e información";"Hombres";"Evaluacion"
"2019-2020";"..";"Periodismo e información";"Hombres";"Evaluacion"
"2018-2019";"..";"Periodismo e información";"Hombres";"Evaluacion"
"2017-2018";"..";"Periodismo e información";"Hombres";"Evaluacion"
"2016-2017";"..";"Periodismo e información";"Hombres";"Evaluacion"
"2015-2016";"..";"Periodismo e información";"Hombres";"Evaluacion"
"2022-2023";"83.19";"Total Negocios, administración y derecho";"Hombres";"Evaluacion"
"2021-2022";"81.21";"Total Negocios, administración y derecho";"Hombres";"Evaluacion"
"2020-2021";"84.34";"Total Negocios, administración y derecho";"Hombres";"Evaluacion"
"2019-2020";"89.14";"Total Negocios, administración y derecho";"Hombres";"Evaluacion"
"2018-2019";"85.05";"Total Negocios, administración y derecho";"Hombres";"Evaluacion"
"2017-2018";"84.64";"Total Negocios, administración y derecho";"Hombres";"Evaluacion"
"2016-2017";"85.45";"Total Negocios, administración y derecho";"Hombres";"Evaluacion"
"2015-2016";"86.81";"Total Negocios, administración y derecho";"Hombres";"Evaluacion"
"2022-2023";"84.13";"Administración y gestión de empresas";"Hombres";"Evaluacion"
"2021-2022";"82.41";"Administración y gestión de empresas";"Hombres";"Evaluacion"
"2020-2021";"84.34";"Administración y gestión de empresas";"Hombres";"Evaluacion"
"2019-2020";"88.66";"Administración y gestión de empresas";"Hombres";"Evaluacion"
"2018-2019";"85.61";"Administración y gestión de empresas";"Hombres";"Evaluacion"
"2017-2018";"84.61";"Administración y gestión de empresas";"Hombres";"Evaluacion"
"2016-2017";"85.13";"Administración y gestión de empresas";"Hombres";"Evaluacion"
"2015-2016";"86.74";"Administración y gestión de empresas";"Hombres";"Evaluacion"
"2022-2023";"84.25";"Otra Educación comercial y empresarial";"Hombres";"Evaluacion"
"2021-2022";"84.33";"Otra Educación comercial y empresarial";"Hombres";"Evaluacion"
"2020-2021";"81.54";"Otra Educación comercial y empresarial";"Hombres";"Evaluacion"
"2019-2020";"87.98";"Otra Educación comercial y empresarial";"Hombres";"Evaluacion"
"2018-2019";"81.06";"Otra Educación comercial y empresarial";"Hombres";"Evaluacion"
"2017-2018";"79.66";"Otra Educación comercial y empresarial";"Hombres";"Evaluacion"
"2016-2017";"81.37";"Otra Educación comercial y empresarial";"Hombres";"Evaluacion"
"2015-2016";"85.36";"Otra Educación comercial y empresarial";"Hombres";"Evaluacion"
"2022-2023";"81.58";"Derecho";"Hombres";"Evaluacion"
"2021-2022";"78.88";"Derecho";"Hombres";"Evaluacion"
"2020-2021";"84.98";"Derecho";"Hombres";"Evaluacion"
"2019-2020";"90.15";"Derecho";"Hombres";"Evaluacion"
"2018-2019";"85.17";"Derecho";"Hombres";"Evaluacion"
"2017-2018";"85.94";"Derecho";"Hombres";"Evaluacion"
"2016-2017";"87.08";"Derecho";"Hombres";"Evaluacion"
"2015-2016";"87.32";"Derecho";"Hombres";"Evaluacion"
"2022-2023";"84.03";"Total Ciencias";"Hombres";"Evaluacion"
"2021-2022";"86.6";"Total Ciencias";"Hombres";"Evaluacion"
"2020-2021";"84.49";"Total Ciencias";"Hombres";"Evaluacion"
"2019-2020";"89.91";"Total Ciencias";"Hombres";"Evaluacion"
"2018-2019";"83.64";"Total Ciencias";"Hombres";"Evaluacion"
"2017-2018";"84.18";"Total Ciencias";"Hombres";"Evaluacion"
"2016-2017";"83.74";"Total Ciencias";"Hombres";"Evaluacion"
"2015-2016";"84.25";"Total Ciencias";"Hombres";"Evaluacion"
"2022-2023";"85.45";"Ciencias de la vida";"Hombres";"Evaluacion"
"2021-2022";"87.1";"Ciencias de la vida";"Hombres";"Evaluacion"
"2020-2021";"85.46";"Ciencias de la vida";"Hombres";"Evaluacion"
"2019-2020";"91.41";"Ciencias de la vida";"Hombres";"Evaluacion"
"2018-2019";"85.32";"Ciencias de la vida";"Hombres";"Evaluacion"
"2017-2018";"84.6";"Ciencias de la vida";"Hombres";"Evaluacion"
"2016-2017";"85.0";"Ciencias de la vida";"Hombres";"Evaluacion"
"2015-2016";"86.96";"Ciencias de la vida";"Hombres";"Evaluacion"
"2022-2023";"81.27";"Ciencias Físicas, químicas, geológicas";"Hombres";"Evaluacion"
"2021-2022";"85.47";"Ciencias Físicas, químicas, geológicas";"Hombres";"Evaluacion"
"2020-2021";"82.07";"Ciencias Físicas, químicas, geológicas";"Hombres";"Evaluacion"
"2019-2020";"86.3";"Ciencias Físicas, químicas, geológicas";"Hombres";"Evaluacion"
"2018-2019";"80.17";"Ciencias Físicas, químicas, geológicas";"Hombres";"Evaluacion"
"2017-2018";"83.3";"Ciencias Físicas, químicas, geológicas";"Hombres";"Evaluacion"
"2016-2017";"81.34";"Ciencias Físicas, químicas, geológicas";"Hombres";"Evaluacion"
"2015-2016";"79.41";"Ciencias Físicas, químicas, geológicas";"Hombres";"Evaluacion"
"2022-2023";"..";"Matemáticas y Estadística";"Hombres";"Evaluacion"
"2021-2022";"..";"Matemáticas y Estadística";"Hombres";"Evaluacion"
"2020-2021";"..";"Matemáticas y Estadística";"Hombres";"Evaluacion"
"2019-2020";"..";"Matemáticas y Estadística";"Hombres";"Evaluacion"
"2018-2019";"..";"Matemáticas y Estadística";"Hombres";"Evaluacion"
"2017-2018";"..";"Matemáticas y Estadística";"Hombres";"Evaluacion"
"2016-2017";"..";"Matemáticas y Estadística";"Hombres";"Evaluacion"
"2015-2016";"..";"Matemáticas y Estadística";"Hombres";"Evaluacion"
"2022-2023";"82.47";"Total Informática";"Hombres";"Evaluacion"
"2021-2022";"83.2";"Total Informática";"Hombres";"Evaluacion"
"2020-2021";"79.82";"Total Informática";"Hombres";"Evaluacion"
"2019-2020";"84.06";"Total Informática";"Hombres";"Evaluacion"
"2018-2019";"78.84";"Total Informática";"Hombres";"Evaluacion"
"2017-2018";"81.22";"Total Informática";"Hombres";"Evaluacion"
"2016-2017";"81.4";"Total Informática";"Hombres";"Evaluacion"
"2015-2016";"78.88";"Total Informática";"Hombres";"Evaluacion"
"2022-2023";"82.47";"Informática";"Hombres";"Evaluacion"
"2021-2022";"83.2";"Informática";"Hombres";"Evaluacion"
"2020-2021";"79.82";"Informática";"Hombres";"Evaluacion"
"2019-2020";"84.06";"Informática";"Hombres";"Evaluacion"
"2018-2019";"78.84";"Informática";"Hombres";"Evaluacion"
"2017-2018";"81.22";"Informática";"Hombres";"Evaluacion"
"2016-2017";"81.4";"Informática";"Hombres";"Evaluacion"
"2015-2016";"78.88";"Informática";"Hombres";"Evaluacion"
"2022-2023";"78.86";"Total Ingeniería, industria y construcción";"Hombres";"Evaluacion"
"2021-2022";"74.94";"Total Ingeniería, industria y construcción";"Hombres";"Evaluacion"
"2020-2021";"74.51";"Total Ingeniería, industria y construcción";"Hombres";"Evaluacion"
"2019-2020";"80.59";"Total Ingeniería, industria y construcción";"Hombres";"Evaluacion"
"2018-2019";"76.71";"Total Ingeniería, industria y construcción";"Hombres";"Evaluacion"
"2017-2018";"77.33";"Total Ingeniería, industria y construcción";"Hombres";"Evaluacion"
"2016-2017";"78.69";"Total Ingeniería, industria y construcción";"Hombres";"Evaluacion"
"2015-2016";"77.52";"Total Ingeniería, industria y construcción";"Hombres";"Evaluacion"
"2022-2023";"79.51";"Ingenierías";"Hombres";"Evaluacion"
"2021-2022";"75.64";"Ingenierías";"Hombres";"Evaluacion"
"2020-2021";"74.63";"Ingenierías";"Hombres";"Evaluacion"
"2019-2020";"80.89";"Ingenierías";"Hombres";"Evaluacion"
"2018-2019";"77.04";"Ingenierías";"Hombres";"Evaluacion"
"2017-2018";"77.88";"Ingenierías";"Hombres";"Evaluacion"
"2016-2017";"78.69";"Ingenierías";"Hombres";"Evaluacion"
"2015-2016";"77.26";"Ingenierías";"Hombres";"Evaluacion"
"2022-2023";"69.95";"Arquitectura y construcción";"Hombres";"Evaluacion"
"2021-2022";"65.56";"Arquitectura y construcción";"Hombres";"Evaluacion"
"2020-2021";"72.73";"Arquitectura y construcción";"Hombres";"Evaluacion"
"2019-2020";"75.51";"Arquitectura y construcción";"Hombres";"Evaluacion"
"2018-2019";"72.16";"Arquitectura y construcción";"Hombres";"Evaluacion"
"2017-2018";"70.62";"Arquitectura y construcción";"Hombres";"Evaluacion"
"2016-2017";"78.73";"Arquitectura y construcción";"Hombres";"Evaluacion"
"2015-2016";"79.72";"Arquitectura y construcción";"Hombres";"Evaluacion"
"2022-2023";"..";"Total Agricultura, ganadería,  silvicultura, pesca, y veterinaria";"Hombres";"Evaluacion"
"2021-2022";"..";"Total Agricultura, ganadería,  silvicultura, pesca, y veterinaria";"Hombres";"Evaluacion"
"2020-2021";"..";"Total Agricultura, ganadería,  silvicultura, pesca, y veterinaria";"Hombres";"Evaluacion"
"2019-2020";"..";"Total Agricultura, ganadería,  silvicultura, pesca, y veterinaria";"Hombres";"Evaluacion"
"2018-2019";"..";"Total Agricultura, ganadería,  silvicultura, pesca, y veterinaria";"Hombres";"Evaluacion"
"2017-2018";"..";"Total Agricultura, ganadería,  silvicultura, pesca, y veterinaria";"Hombres";"Evaluacion"
"2016-2017";"..";"Total Agricultura, ganadería,  silvicultura, pesca, y veterinaria";"Hombres";"Evaluacion"
"2015-2016";"..";"Total Agricultura, ganadería,  silvicultura, pesca, y veterinaria";"Hombres";"Evaluacion"
"2022-2023";"..";"Agricultura, ganadería y pesca";"Hombres";"Evaluacion"
"2021-2022";"..";"Agricultura, ganadería y pesca";"Hombres";"Evaluacion"
"2020-2021";"..";"Agricultura, ganadería y pesca";"Hombres";"Evaluacion"
"2019-2020";"..";"Agricultura, ganadería y pesca";"Hombres";"Evaluacion"
"2018-2019";"..";"Agricultura, ganadería y pesca";"Hombres";"Evaluacion"
"2017-2018";"..";"Agricultura, ganadería y pesca";"Hombres";"Evaluacion"
"2016-2017";"..";"Agricultura, ganadería y pesca";"Hombres";"Evaluacion"
"2015-2016";"..";"Agricultura, ganadería y pesca";"Hombres";"Evaluacion"
"2022-2023";"..";"Veterinaria";"Hombres";"Evaluacion"
"2021-2022";"..";"Veterinaria";"Hombres";"Evaluacion"
"2020-2021";"..";"Veterinaria";"Hombres";"Evaluacion"
"2019-2020";"..";"Veterinaria";"Hombres";"Evaluacion"
"2018-2019";"..";"Veterinaria";"Hombres";"Evaluacion"
"2017-2018";"..";"Veterinaria";"Hombres";"Evaluacion"
"2016-2017";"..";"Veterinaria";"Hombres";"Evaluacion"
"2015-2016";"..";"Veterinaria";"Hombres";"Evaluacion"
"2022-2023";"96.81";"Total Salud y servicios sociales";"Hombres";"Evaluacion"
"2021-2022";"96.09";"Total Salud y servicios sociales";"Hombres";"Evaluacion"
"2020-2021";"95.9";"Total Salud y servicios sociales";"Hombres";"Evaluacion"
"2019-2020";"98.19";"Total Salud y servicios sociales";"Hombres";"Evaluacion"
"2018-2019";"96.35";"Total Salud y servicios sociales";"Hombres";"Evaluacion"
"2017-2018";"96.77";"Total Salud y servicios sociales";"Hombres";"Evaluacion"
"2016-2017";"97.53";"Total Salud y servicios sociales";"Hombres";"Evaluacion"
"2015-2016";"97.29";"Total Salud y servicios sociales";"Hombres";"Evaluacion"
"2022-2023";"..";"Medicina";"Hombres";"Evaluacion"
"2021-2022";"..";"Medicina";"Hombres";"Evaluacion"
"2020-2021";"..";"Medicina";"Hombres";"Evaluacion"
"2019-2020";"..";"Medicina";"Hombres";"Evaluacion"
"2018-2019";"..";"Medicina";"Hombres";"Evaluacion"
"2017-2018";"..";"Medicina";"Hombres";"Evaluacion"
"2016-2017";"..";"Medicina";"Hombres";"Evaluacion"
"2015-2016";"..";"Medicina";"Hombres";"Evaluacion"
"2022-2023";"98.86";"Enfermería y atención a enfermos";"Hombres";"Evaluacion"
"2021-2022";"99.04";"Enfermería y atención a enfermos";"Hombres";"Evaluacion"
"2020-2021";"98.27";"Enfermería y atención a enfermos";"Hombres";"Evaluacion"
"2019-2020";"97.91";"Enfermería y atención a enfermos";"Hombres";"Evaluacion"
"2018-2019";"96.46";"Enfermería y atención a enfermos";"Hombres";"Evaluacion"
"2017-2018";"98.32";"Enfermería y atención a enfermos";"Hombres";"Evaluacion"
"2016-2017";"98.86";"Enfermería y atención a enfermos";"Hombres";"Evaluacion"
"2015-2016";"97.8";"Enfermería y atención a enfermos";"Hombres";"Evaluacion"
"2022-2023";"97.34";"Otras ciencias de la Salud";"Hombres";"Evaluacion"
"2021-2022";"96.03";"Otras ciencias de la Salud";"Hombres";"Evaluacion"
"2020-2021";"97.77";"Otras ciencias de la Salud";"Hombres";"Evaluacion"
"2019-2020";"98.34";"Otras ciencias de la Salud";"Hombres";"Evaluacion"
"2018-2019";"97.71";"Otras ciencias de la Salud";"Hombres";"Evaluacion"
"2017-2018";"97.31";"Otras ciencias de la Salud";"Hombres";"Evaluacion"
"2016-2017";"97.87";"Otras ciencias de la Salud";"Hombres";"Evaluacion"
"2015-2016";"96.85";"Otras ciencias de la Salud";"Hombres";"Evaluacion"
"2022-2023";"93.66";"Trabajo social y orientación";"Hombres";"Evaluacion"
"2021-2022";"92.17";"Trabajo social y orientación";"Hombres";"Evaluacion"
"2020-2021";"89.73";"Trabajo social y orientación";"Hombres";"Evaluacion"
"2019-2020";"98.3";"Trabajo social y orientación";"Hombres";"Evaluacion"
"2018-2019";"94.04";"Trabajo social y orientación";"Hombres";"Evaluacion"
"2017-2018";"93.55";"Trabajo social y orientación";"Hombres";"Evaluacion"
"2016-2017";"95.16";"Trabajo social y orientación";"Hombres";"Evaluacion"
"2015-2016";"97.18";"Trabajo social y orientación";"Hombres";"Evaluacion"
"2022-2023";"84.36";"Total Servicios";"Hombres";"Evaluacion"
"2021-2022";"83.23";"Total Servicios";"Hombres";"Evaluacion"
"2020-2021";"84.84";"Total Servicios";"Hombres";"Evaluacion"
"2019-2020";"80.05";"Total Servicios";"Hombres";"Evaluacion"
"2018-2019";"83.41";"Total Servicios";"Hombres";"Evaluacion"
"2017-2018";"84.84";"Total Servicios";"Hombres";"Evaluacion"
"2016-2017";"84.41";"Total Servicios";"Hombres";"Evaluacion"
"2015-2016";"89.69";"Total Servicios";"Hombres";"Evaluacion"
"2022-2023";"..";"Deportes";"Hombres";"Evaluacion"
"2021-2022";"..";"Deportes";"Hombres";"Evaluacion"
"2020-2021";"..";"Deportes";"Hombres";"Evaluacion"
"2019-2020";"..";"Deportes";"Hombres";"Evaluacion"
"2018-2019";"..";"Deportes";"Hombres";"Evaluacion"
"2017-2018";"..";"Deportes";"Hombres";"Evaluacion"
"2016-2017";"..";"Deportes";"Hombres";"Evaluacion"
"2015-2016";"..";"Deportes";"Hombres";"Evaluacion"
"2022-2023";"84.36";"Turismo y Hostelería";"Hombres";"Evaluacion"
"2021-2022";"83.23";"Turismo y Hostelería";"Hombres";"Evaluacion"
"2020-2021";"84.84";"Turismo y Hostelería";"Hombres";"Evaluacion"
"2019-2020";"80.05";"Turismo y Hostelería";"Hombres";"Evaluacion"
"2018-2019";"83.41";"Turismo y Hostelería";"Hombres";"Evaluacion"
"2017-2018";"84.84";"Turismo y Hostelería";"Hombres";"Evaluacion"
"2016-2017";"84.41";"Turismo y Hostelería";"Hombres";"Evaluacion"
"2015-2016";"89.69";"Turismo y Hostelería";"Hombres";"Evaluacion"
"2022-2023";"..";"Otros Servicios";"Hombres";"Evaluacion"
"2021-2022";"..";"Otros Servicios";"Hombres";"Evaluacion"
"2020-2021";"..";"Otros Servicios";"Hombres";"Evaluacion"
"2019-2020";"..";"Otros Servicios";"Hombres";"Evaluacion"
"2018-2019";"..";"Otros Servicios";"Hombres";"Evaluacion"
"2017-2018";"..";"Otros Servicios";"Hombres";"Evaluacion"
"2016-2017";"..";"Otros Servicios";"Hombres";"Evaluacion"
"2015-2016";"..";"Otros Servicios";"Hombres";"Evaluacion"
"2022-2023";"???";"Jaén";"Mujeres";"Rendimiento"
"2021-2022";"???";"Jaén";"Mujeres";"Rendimiento"
"2020-2021";"???";"Jaén";"Mujeres";"Rendimiento"
"2019-2020";"???";"Jaén";"Mujeres";"Rendimiento"
"2018-2019";"???";"Jaén";"Mujeres";"Rendimiento"
"2017-2018";"???";"Jaén";"Mujeres";"Rendimiento"
"2016-2017";"???";"Jaén";"Mujeres";"Rendimiento"
"2015-2016";"???";"Jaén";"Mujeres";"Rendimiento"
"2022-2023";"82.0";"Todos los ámbitos";"Mujeres";"Rendimiento"
"2021-2022";"81.13";"Todos los ámbitos";"Mujeres";"Rendimiento"
"2020-2021";"83.47";"Todos los ámbitos";"Mujeres";"Rendimiento"
"2019-2020";"89.67";"Todos los ámbitos";"Mujeres";"Rendimiento"
"2018-2019";"82.97";"Todos los ámbitos";"Mujeres";"Rendimiento"
"2017-2018";"83.5";"Todos los ámbitos";"Mujeres";"Rendimiento"
"2016-2017";"83.61";"Todos los ámbitos";"Mujeres";"Rendimiento"
"2015-2016";"83.28";"Todos los ámbitos";"Mujeres";"Rendimiento"
"2022-2023";"91.39";"Total Educación";"Mujeres";"Rendimiento"
"2021-2022";"91.25";"Total Educación";"Mujeres";"Rendimiento"
"2020-2021";"93.24";"Total Educación";"Mujeres";"Rendimiento"
"2019-2020";"95.6";"Total Educación";"Mujeres";"Rendimiento"
"2018-2019";"91.91";"Total Educación";"Mujeres";"Rendimiento"
"2017-2018";"92.08";"Total Educación";"Mujeres";"Rendimiento"
"2016-2017";"92.15";"Total Educación";"Mujeres";"Rendimiento"
"2015-2016";"92.42";"Total Educación";"Mujeres";"Rendimiento"
"2022-2023";"91.4";"Formación de docentes de enseñanza infantil";"Mujeres";"Rendimiento"
"2021-2022";"90.26";"Formación de docentes de enseñanza infantil";"Mujeres";"Rendimiento"
"2020-2021";"92.74";"Formación de docentes de enseñanza infantil";"Mujeres";"Rendimiento"
"2019-2020";"95.17";"Formación de docentes de enseñanza infantil";"Mujeres";"Rendimiento"
"2018-2019";"92.28";"Formación de docentes de enseñanza infantil";"Mujeres";"Rendimiento"
"2017-2018";"92.34";"Formación de docentes de enseñanza infantil";"Mujeres";"Rendimiento"
"2016-2017";"92.62";"Formación de docentes de enseñanza infantil";"Mujeres";"Rendimiento"
"2015-2016";"92.61";"Formación de docentes de enseñanza infantil";"Mujeres";"Rendimiento"
"2022-2023";"90.11";"Formación de docentes de enseñanza primaria";"Mujeres";"Rendimiento"
"2021-2022";"90.94";"Formación de docentes de enseñanza primaria";"Mujeres";"Rendimiento"
"2020-2021";"92.81";"Formación de docentes de enseñanza primaria";"Mujeres";"Rendimiento"
"2019-2020";"95.61";"Formación de docentes de enseñanza primaria";"Mujeres";"Rendimiento"
"2018-2019";"90.51";"Formación de docentes de enseñanza primaria";"Mujeres";"Rendimiento"
"2017-2018";"90.45";"Formación de docentes de enseñanza primaria";"Mujeres";"Rendimiento"
"2016-2017";"91.1";"Formación de docentes de enseñanza primaria";"Mujeres";"Rendimiento"
"2015-2016";"91.65";"Formación de docentes de enseñanza primaria";"Mujeres";"Rendimiento"
"2022-2023";"96.04";"Otra Formación de personal docente y ciencias de la educación";"Mujeres";"Rendimiento"
"2021-2022";"96.09";"Otra Formación de personal docente y ciencias de la educación";"Mujeres";"Rendimiento"
"2020-2021";"96.67";"Otra Formación de personal docente y ciencias de la educación";"Mujeres";"Rendimiento"
"2019-2020";"97.31";"Otra Formación de personal docente y ciencias de la educación";"Mujeres";"Rendimiento"
"2018-2019";"95.54";"Otra Formación de personal docente y ciencias de la educación";"Mujeres";"Rendimiento"
"2017-2018";"96.92";"Otra Formación de personal docente y ciencias de la educación";"Mujeres";"Rendimiento"
"2016-2017";"94.48";"Otra Formación de personal docente y ciencias de la educación";"Mujeres";"Rendimiento"
"2015-2016";"96.56";"Otra Formación de personal docente y ciencias de la educación";"Mujeres";"Rendimiento"
"2022-2023";"82.17";"Total Artes y humanidades";"Mujeres";"Rendimiento"
"2021-2022";"78.34";"Total Artes y humanidades";"Mujeres";"Rendimiento"
"2020-2021";"77.26";"Total Artes y humanidades";"Mujeres";"Rendimiento"
"2019-2020";"84.25";"Total Artes y humanidades";"Mujeres";"Rendimiento"
"2018-2019";"75.91";"Total Artes y humanidades";"Mujeres";"Rendimiento"
"2017-2018";"76.49";"Total Artes y humanidades";"Mujeres";"Rendimiento"
"2016-2017";"78.76";"Total Artes y humanidades";"Mujeres";"Rendimiento"
"2015-2016";"78.61";"Total Artes y humanidades";"Mujeres";"Rendimiento"
"2022-2023";"..";"Técnicas audiovisuales y medios de comunicación";"Mujeres";"Rendimiento"
"2021-2022";"..";"Técnicas audiovisuales y medios de comunicación";"Mujeres";"Rendimiento"
"2020-2021";"..";"Técnicas audiovisuales y medios de comunicación";"Mujeres";"Rendimiento"
"2019-2020";"..";"Técnicas audiovisuales y medios de comunicación";"Mujeres";"Rendimiento"
"2018-2019";"..";"Técnicas audiovisuales y medios de comunicación";"Mujeres";"Rendimiento"
"2017-2018";"..";"Técnicas audiovisuales y medios de comunicación";"Mujeres";"Rendimiento"
"2016-2017";"..";"Técnicas audiovisuales y medios de comunicación";"Mujeres";"Rendimiento"
"2015-2016";"..";"Técnicas audiovisuales y medios de comunicación";"Mujeres";"Rendimiento"
"2022-2023";"84.23";"Artes";"Mujeres";"Rendimiento"
"2021-2022";"79.31";"Artes";"Mujeres";"Rendimiento"
"2020-2021";"84.5";"Artes";"Mujeres";"Rendimiento"
"2019-2020";"82.85";"Artes";"Mujeres";"Rendimiento"
"2018-2019";"75.08";"Artes";"Mujeres";"Rendimiento"
"2017-2018";"80.18";"Artes";"Mujeres";"Rendimiento"
"2016-2017";"81.11";"Artes";"Mujeres";"Rendimiento"
"2015-2016";"81.28";"Artes";"Mujeres";"Rendimiento"
"2022-2023";"82.74";"Lenguas";"Mujeres";"Rendimiento"
"2021-2022";"80.96";"Lenguas";"Mujeres";"Rendimiento"
"2020-2021";"76.66";"Lenguas";"Mujeres";"Rendimiento"
"2019-2020";"84.03";"Lenguas";"Mujeres";"Rendimiento"
"2018-2019";"77.16";"Lenguas";"Mujeres";"Rendimiento"
"2017-2018";"77.7";"Lenguas";"Mujeres";"Rendimiento"
"2016-2017";"79.12";"Lenguas";"Mujeres";"Rendimiento"
"2015-2016";"78.43";"Lenguas";"Mujeres";"Rendimiento"
"2022-2023";"79.34";"Humanidades";"Mujeres";"Rendimiento"
"2021-2022";"70.74";"Humanidades";"Mujeres";"Rendimiento"
"2020-2021";"73.51";"Humanidades";"Mujeres";"Rendimiento"
"2019-2020";"85.7";"Humanidades";"Mujeres";"Rendimiento"
"2018-2019";"73.36";"Humanidades";"Mujeres";"Rendimiento"
"2017-2018";"71.38";"Humanidades";"Mujeres";"Rendimiento"
"2016-2017";"75.93";"Humanidades";"Mujeres";"Rendimiento"
"2015-2016";"76.21";"Humanidades";"Mujeres";"Rendimiento"
"2022-2023";"80.72";"Total Ciencias sociales, periodismo y documentación";"Mujeres";"Rendimiento"
"2021-2022";"76.33";"Total Ciencias sociales, periodismo y documentación";"Mujeres";"Rendimiento"
"2020-2021";"85.61";"Total Ciencias sociales, periodismo y documentación";"Mujeres";"Rendimiento"
"2019-2020";"92.66";"Total Ciencias sociales, periodismo y documentación";"Mujeres";"Rendimiento"
"2018-2019";"81.08";"Total Ciencias sociales, periodismo y documentación";"Mujeres";"Rendimiento"
"2017-2018";"82.72";"Total Ciencias sociales, periodismo y documentación";"Mujeres";"Rendimiento"
"2016-2017";"83.42";"Total Ciencias sociales, periodismo y documentación";"Mujeres";"Rendimiento"
"2015-2016";"81.61";"Total Ciencias sociales, periodismo y documentación";"Mujeres";"Rendimiento"
"2022-2023";"80.72";"Psicología";"Mujeres";"Rendimiento"
"2021-2022";"76.33";"Psicología";"Mujeres";"Rendimiento"
"2020-2021";"85.61";"Psicología";"Mujeres";"Rendimiento"
"2019-2020";"92.66";"Psicología";"Mujeres";"Rendimiento"
"2018-2019";"81.08";"Psicología";"Mujeres";"Rendimiento"
"2017-2018";"82.72";"Psicología";"Mujeres";"Rendimiento"
"2016-2017";"83.42";"Psicología";"Mujeres";"Rendimiento"
"2015-2016";"81.61";"Psicología";"Mujeres";"Rendimiento"
"2022-2023";"..";"Economía";"Mujeres";"Rendimiento"
"2021-2022";"..";"Economía";"Mujeres";"Rendimiento"
"2020-2021";"..";"Economía";"Mujeres";"Rendimiento"
"2019-2020";"..";"Economía";"Mujeres";"Rendimiento"
"2018-2019";"..";"Economía";"Mujeres";"Rendimiento"
"2017-2018";"..";"Economía";"Mujeres";"Rendimiento"
"2016-2017";"..";"Economía";"Mujeres";"Rendimiento"
"2015-2016";"..";"Economía";"Mujeres";"Rendimiento"
"2022-2023";"..";"Otras Ciencias sociales y del comportamiento";"Mujeres";"Rendimiento"
"2021-2022";"..";"Otras Ciencias sociales y del comportamiento";"Mujeres";"Rendimiento"
"2020-2021";"..";"Otras Ciencias sociales y del comportamiento";"Mujeres";"Rendimiento"
"2019-2020";"..";"Otras Ciencias sociales y del comportamiento";"Mujeres";"Rendimiento"
"2018-2019";"..";"Otras Ciencias sociales y del comportamiento";"Mujeres";"Rendimiento"
"2017-2018";"..";"Otras Ciencias sociales y del comportamiento";"Mujeres";"Rendimiento"
"2016-2017";"..";"Otras Ciencias sociales y del comportamiento";"Mujeres";"Rendimiento"
"2015-2016";"..";"Otras Ciencias sociales y del comportamiento";"Mujeres";"Rendimiento"
"2022-2023";"..";"Periodismo e información";"Mujeres";"Rendimiento"
"2021-2022";"..";"Periodismo e información";"Mujeres";"Rendimiento"
"2020-2021";"..";"Periodismo e información";"Mujeres";"Rendimiento"
"2019-2020";"..";"Periodismo e información";"Mujeres";"Rendimiento"
"2018-2019";"..";"Periodismo e información";"Mujeres";"Rendimiento"
"2017-2018";"..";"Periodismo e información";"Mujeres";"Rendimiento"
"2016-2017";"..";"Periodismo e información";"Mujeres";"Rendimiento"
"2015-2016";"..";"Periodismo e información";"Mujeres";"Rendimiento"
"2022-2023";"70.15";"Total Negocios, administración y derecho";"Mujeres";"Rendimiento"
"2021-2022";"67.06";"Total Negocios, administración y derecho";"Mujeres";"Rendimiento"
"2020-2021";"70.95";"Total Negocios, administración y derecho";"Mujeres";"Rendimiento"
"2019-2020";"81.88";"Total Negocios, administración y derecho";"Mujeres";"Rendimiento"
"2018-2019";"73.23";"Total Negocios, administración y derecho";"Mujeres";"Rendimiento"
"2017-2018";"74.33";"Total Negocios, administración y derecho";"Mujeres";"Rendimiento"
"2016-2017";"75.02";"Total Negocios, administración y derecho";"Mujeres";"Rendimiento"
"2015-2016";"74.5";"Total Negocios, administración y derecho";"Mujeres";"Rendimiento"
"2022-2023";"70.12";"Administración y gestión de empresas";"Mujeres";"Rendimiento"
"2021-2022";"68.14";"Administración y gestión de empresas";"Mujeres";"Rendimiento"
"2020-2021";"69.56";"Administración y gestión de empresas";"Mujeres";"Rendimiento"
"2019-2020";"79.25";"Administración y gestión de empresas";"Mujeres";"Rendimiento"
"2018-2019";"73.45";"Administración y gestión de empresas";"Mujeres";"Rendimiento"
"2017-2018";"72.06";"Administración y gestión de empresas";"Mujeres";"Rendimiento"
"2016-2017";"72.19";"Administración y gestión de empresas";"Mujeres";"Rendimiento"
"2015-2016";"73.87";"Administración y gestión de empresas";"Mujeres";"Rendimiento"
"2022-2023";"66.42";"Otra Educación comercial y empresarial";"Mujeres";"Rendimiento"
"2021-2022";"64.97";"Otra Educación comercial y empresarial";"Mujeres";"Rendimiento"
"2020-2021";"71.75";"Otra Educación comercial y empresarial";"Mujeres";"Rendimiento"
"2019-2020";"82.91";"Otra Educación comercial y empresarial";"Mujeres";"Rendimiento"
"2018-2019";"73.53";"Otra Educación comercial y empresarial";"Mujeres";"Rendimiento"
"2017-2018";"70.37";"Otra Educación comercial y empresarial";"Mujeres";"Rendimiento"
"2016-2017";"65.34";"Otra Educación comercial y empresarial";"Mujeres";"Rendimiento"
"2015-2016";"60.45";"Otra Educación comercial y empresarial";"Mujeres";"Rendimiento"
"2022-2023";"70.43";"Derecho";"Mujeres";"Rendimiento"
"2021-2022";"66.21";"Derecho";"Mujeres";"Rendimiento"
"2020-2021";"72.16";"Derecho";"Mujeres";"Rendimiento"
"2019-2020";"84.13";"Derecho";"Mujeres";"Rendimiento"
"2018-2019";"73.0";"Derecho";"Mujeres";"Rendimiento"
"2017-2018";"77.17";"Derecho";"Mujeres";"Rendimiento"
"2016-2017";"79.61";"Derecho";"Mujeres";"Rendimiento"
"2015-2016";"77.72";"Derecho";"Mujeres";"Rendimiento"
"2022-2023";"74.75";"Total Ciencias";"Mujeres";"Rendimiento"
"2021-2022";"73.68";"Total Ciencias";"Mujeres";"Rendimiento"
"2020-2021";"71.75";"Total Ciencias";"Mujeres";"Rendimiento"
"2019-2020";"83.19";"Total Ciencias";"Mujeres";"Rendimiento"
"2018-2019";"72.03";"Total Ciencias";"Mujeres";"Rendimiento"
"2017-2018";"71.93";"Total Ciencias";"Mujeres";"Rendimiento"
"2016-2017";"73.8";"Total Ciencias";"Mujeres";"Rendimiento"
"2015-2016";"71.37";"Total Ciencias";"Mujeres";"Rendimiento"
"2022-2023";"77.35";"Ciencias de la vida";"Mujeres";"Rendimiento"
"2021-2022";"76.1";"Ciencias de la vida";"Mujeres";"Rendimiento"
"2020-2021";"73.43";"Ciencias de la vida";"Mujeres";"Rendimiento"
"2019-2020";"88.69";"Ciencias de la vida";"Mujeres";"Rendimiento"
"2018-2019";"75.01";"Ciencias de la vida";"Mujeres";"Rendimiento"
"2017-2018";"77.76";"Ciencias de la vida";"Mujeres";"Rendimiento"
"2016-2017";"79.4";"Ciencias de la vida";"Mujeres";"Rendimiento"
"2015-2016";"76.83";"Ciencias de la vida";"Mujeres";"Rendimiento"
"2022-2023";"70.49";"Ciencias Físicas, químicas, geológicas";"Mujeres";"Rendimiento"
"2021-2022";"69.91";"Ciencias Físicas, químicas, geológicas";"Mujeres";"Rendimiento"
"2020-2021";"69.02";"Ciencias Físicas, químicas, geológicas";"Mujeres";"Rendimiento"
"2019-2020";"73.93";"Ciencias Físicas, químicas, geológicas";"Mujeres";"Rendimiento"
"2018-2019";"66.78";"Ciencias Físicas, químicas, geológicas";"Mujeres";"Rendimiento"
"2017-2018";"60.68";"Ciencias Físicas, químicas, geológicas";"Mujeres";"Rendimiento"
"2016-2017";"63.98";"Ciencias Físicas, químicas, geológicas";"Mujeres";"Rendimiento"
"2015-2016";"60.69";"Ciencias Físicas, químicas, geológicas";"Mujeres";"Rendimiento"
"2022-2023";"..";"Matemáticas y Estadística";"Mujeres";"Rendimiento"
"2021-2022";"..";"Matemáticas y Estadística";"Mujeres";"Rendimiento"
"2020-2021";"..";"Matemáticas y Estadística";"Mujeres";"Rendimiento"
"2019-2020";"..";"Matemáticas y Estadística";"Mujeres";"Rendimiento"
"2018-2019";"..";"Matemáticas y Estadística";"Mujeres";"Rendimiento"
"2017-2018";"..";"Matemáticas y Estadística";"Mujeres";"Rendimiento"
"2016-2017";"..";"Matemáticas y Estadística";"Mujeres";"Rendimiento"
"2015-2016";"..";"Matemáticas y Estadística";"Mujeres";"Rendimiento"
"2022-2023";"65.17";"Total Informática";"Mujeres";"Rendimiento"
"2021-2022";"61.48";"Total Informática";"Mujeres";"Rendimiento"
"2020-2021";"57.45";"Total Informática";"Mujeres";"Rendimiento"
"2019-2020";"69.41";"Total Informática";"Mujeres";"Rendimiento"
"2018-2019";"62.53";"Total Informática";"Mujeres";"Rendimiento"
"2017-2018";"64.81";"Total Informática";"Mujeres";"Rendimiento"
"2016-2017";"59.41";"Total Informática";"Mujeres";"Rendimiento"
"2015-2016";"54.32";"Total Informática";"Mujeres";"Rendimiento"
"2022-2023";"65.17";"Informática";"Mujeres";"Rendimiento"
"2021-2022";"61.48";"Informática";"Mujeres";"Rendimiento"
"2020-2021";"57.45";"Informática";"Mujeres";"Rendimiento"
"2019-2020";"69.41";"Informática";"Mujeres";"Rendimiento"
"2018-2019";"62.53";"Informática";"Mujeres";"Rendimiento"
"2017-2018";"64.81";"Informática";"Mujeres";"Rendimiento"
"2016-2017";"59.41";"Informática";"Mujeres";"Rendimiento"
"2015-2016";"54.32";"Informática";"Mujeres";"Rendimiento"
"2022-2023";"51.76";"Total Ingeniería, industria y construcción";"Mujeres";"Rendimiento"
"2021-2022";"55.29";"Total Ingeniería, industria y construcción";"Mujeres";"Rendimiento"
"2020-2021";"54.69";"Total Ingeniería, industria y construcción";"Mujeres";"Rendimiento"
"2019-2020";"69.4";"Total Ingeniería, industria y construcción";"Mujeres";"Rendimiento"
"2018-2019";"61.14";"Total Ingeniería, industria y construcción";"Mujeres";"Rendimiento"
"2017-2018";"63.61";"Total Ingeniería, industria y construcción";"Mujeres";"Rendimiento"
"2016-2017";"65.0";"Total Ingeniería, industria y construcción";"Mujeres";"Rendimiento"
"2015-2016";"64.59";"Total Ingeniería, industria y construcción";"Mujeres";"Rendimiento"
"2022-2023";"51.05";"Ingenierías";"Mujeres";"Rendimiento"
"2021-2022";"55.16";"Ingenierías";"Mujeres";"Rendimiento"
"2020-2021";"56.06";"Ingenierías";"Mujeres";"Rendimiento"
"2019-2020";"69.59";"Ingenierías";"Mujeres";"Rendimiento"
"2018-2019";"60.82";"Ingenierías";"Mujeres";"Rendimiento"
"2017-2018";"63.51";"Ingenierías";"Mujeres";"Rendimiento"
"2016-2017";"65.68";"Ingenierías";"Mujeres";"Rendimiento"
"2015-2016";"65.42";"Ingenierías";"Mujeres";"Rendimiento"
"2022-2023";"56.94";"Arquitectura y construcción";"Mujeres";"Rendimiento"
"2021-2022";"56.43";"Arquitectura y construcción";"Mujeres";"Rendimiento"
"2020-2021";"44.93";"Arquitectura y construcción";"Mujeres";"Rendimiento"
"2019-2020";"67.91";"Arquitectura y construcción";"Mujeres";"Rendimiento"
"2018-2019";"63.39";"Arquitectura y construcción";"Mujeres";"Rendimiento"
"2017-2018";"64.24";"Arquitectura y construcción";"Mujeres";"Rendimiento"
"2016-2017";"61.93";"Arquitectura y construcción";"Mujeres";"Rendimiento"
"2015-2016";"61.31";"Arquitectura y construcción";"Mujeres";"Rendimiento"
"2022-2023";"..";"Total Agricultura, ganadería,  silvicultura, pesca, y veterinaria";"Mujeres";"Rendimiento"
"2021-2022";"..";"Total Agricultura, ganadería,  silvicultura, pesca, y veterinaria";"Mujeres";"Rendimiento"
"2020-2021";"..";"Total Agricultura, ganadería,  silvicultura, pesca, y veterinaria";"Mujeres";"Rendimiento"
"2019-2020";"..";"Total Agricultura, ganadería,  silvicultura, pesca, y veterinaria";"Mujeres";"Rendimiento"
"2018-2019";"..";"Total Agricultura, ganadería,  silvicultura, pesca, y veterinaria";"Mujeres";"Rendimiento"
"2017-2018";"..";"Total Agricultura, ganadería,  silvicultura, pesca, y veterinaria";"Mujeres";"Rendimiento"
"2016-2017";"..";"Total Agricultura, ganadería,  silvicultura, pesca, y veterinaria";"Mujeres";"Rendimiento"
"2015-2016";"..";"Total Agricultura, ganadería,  silvicultura, pesca, y veterinaria";"Mujeres";"Rendimiento"
"2022-2023";"..";"Agricultura, ganadería y pesca";"Mujeres";"Rendimiento"
"2021-2022";"..";"Agricultura, ganadería y pesca";"Mujeres";"Rendimiento"
"2020-2021";"..";"Agricultura, ganadería y pesca";"Mujeres";"Rendimiento"
"2019-2020";"..";"Agricultura, ganadería y pesca";"Mujeres";"Rendimiento"
"2018-2019";"..";"Agricultura, ganadería y pesca";"Mujeres";"Rendimiento"
"2017-2018";"..";"Agricultura, ganadería y pesca";"Mujeres";"Rendimiento"
"2016-2017";"..";"Agricultura, ganadería y pesca";"Mujeres";"Rendimiento"
"2015-2016";"..";"Agricultura, ganadería y pesca";"Mujeres";"Rendimiento"
"2022-2023";"..";"Veterinaria";"Mujeres";"Rendimiento"
"2021-2022";"..";"Veterinaria";"Mujeres";"Rendimiento"
"2020-2021";"..";"Veterinaria";"Mujeres";"Rendimiento"
"2019-2020";"..";"Veterinaria";"Mujeres";"Rendimiento"
"2018-2019";"..";"Veterinaria";"Mujeres";"Rendimiento"
"2017-2018";"..";"Veterinaria";"Mujeres";"Rendimiento"
"2016-2017";"..";"Veterinaria";"Mujeres";"Rendimiento"
"2015-2016";"..";"Veterinaria";"Mujeres";"Rendimiento"
"2022-2023";"91.15";"Total Salud y servicios sociales";"Mujeres";"Rendimiento"
"2021-2022";"91.72";"Total Salud y servicios sociales";"Mujeres";"Rendimiento"
"2020-2021";"93.47";"Total Salud y servicios sociales";"Mujeres";"Rendimiento"
"2019-2020";"95.69";"Total Salud y servicios sociales";"Mujeres";"Rendimiento"
"2018-2019";"93.19";"Total Salud y servicios sociales";"Mujeres";"Rendimiento"
"2017-2018";"94.08";"Total Salud y servicios sociales";"Mujeres";"Rendimiento"
"2016-2017";"93.56";"Total Salud y servicios sociales";"Mujeres";"Rendimiento"
"2015-2016";"94.47";"Total Salud y servicios sociales";"Mujeres";"Rendimiento"
"2022-2023";"98.81";"Medicina";"Mujeres";"Rendimiento"
"2021-2022";"..";"Medicina";"Mujeres";"Rendimiento"
"2020-2021";"..";"Medicina";"Mujeres";"Rendimiento"
"2019-2020";"..";"Medicina";"Mujeres";"Rendimiento"
"2018-2019";"..";"Medicina";"Mujeres";"Rendimiento"
"2017-2018";"..";"Medicina";"Mujeres";"Rendimiento"
"2016-2017";"..";"Medicina";"Mujeres";"Rendimiento"
"2015-2016";"..";"Medicina";"Mujeres";"Rendimiento"
"2022-2023";"95.25";"Enfermería y atención a enfermos";"Mujeres";"Rendimiento"
"2021-2022";"94.05";"Enfermería y atención a enfermos";"Mujeres";"Rendimiento"
"2020-2021";"94.55";"Enfermería y atención a enfermos";"Mujeres";"Rendimiento"
"2019-2020";"97.16";"Enfermería y atención a enfermos";"Mujeres";"Rendimiento"
"2018-2019";"96.48";"Enfermería y atención a enfermos";"Mujeres";"Rendimiento"
"2017-2018";"97.61";"Enfermería y atención a enfermos";"Mujeres";"Rendimiento"
"2016-2017";"97.32";"Enfermería y atención a enfermos";"Mujeres";"Rendimiento"
"2015-2016";"97.98";"Enfermería y atención a enfermos";"Mujeres";"Rendimiento"
"2022-2023";"93.3";"Otras ciencias de la Salud";"Mujeres";"Rendimiento"
"2021-2022";"95.03";"Otras ciencias de la Salud";"Mujeres";"Rendimiento"
"2020-2021";"98.61";"Otras ciencias de la Salud";"Mujeres";"Rendimiento"
"2019-2020";"97.98";"Otras ciencias de la Salud";"Mujeres";"Rendimiento"
"2018-2019";"97.75";"Otras ciencias de la Salud";"Mujeres";"Rendimiento"
"2017-2018";"96.55";"Otras ciencias de la Salud";"Mujeres";"Rendimiento"
"2016-2017";"97.47";"Otras ciencias de la Salud";"Mujeres";"Rendimiento"
"2015-2016";"96.54";"Otras ciencias de la Salud";"Mujeres";"Rendimiento"
"2022-2023";"85.42";"Trabajo social y orientación";"Mujeres";"Rendimiento"
"2021-2022";"88.18";"Trabajo social y orientación";"Mujeres";"Rendimiento"
"2020-2021";"90.75";"Trabajo social y orientación";"Mujeres";"Rendimiento"
"2019-2020";"93.56";"Trabajo social y orientación";"Mujeres";"Rendimiento"
"2018-2019";"88.52";"Trabajo social y orientación";"Mujeres";"Rendimiento"
"2017-2018";"89.87";"Trabajo social y orientación";"Mujeres";"Rendimiento"
"2016-2017";"88.43";"Trabajo social y orientación";"Mujeres";"Rendimiento"
"2015-2016";"90.36";"Trabajo social y orientación";"Mujeres";"Rendimiento"
"2022-2023";"72.85";"Total Servicios";"Mujeres";"Rendimiento"
"2021-2022";"77.72";"Total Servicios";"Mujeres";"Rendimiento"
"2020-2021";"83.15";"Total Servicios";"Mujeres";"Rendimiento"
"2019-2020";"88.58";"Total Servicios";"Mujeres";"Rendimiento"
"2018-2019";"77.12";"Total Servicios";"Mujeres";"Rendimiento"
"2017-2018";"77.34";"Total Servicios";"Mujeres";"Rendimiento"
"2016-2017";"74.16";"Total Servicios";"Mujeres";"Rendimiento"
"2015-2016";"76.26";"Total Servicios";"Mujeres";"Rendimiento"
"2022-2023";"..";"Deportes";"Mujeres";"Rendimiento"
"2021-2022";"..";"Deportes";"Mujeres";"Rendimiento"
"2020-2021";"..";"Deportes";"Mujeres";"Rendimiento"
"2019-2020";"..";"Deportes";"Mujeres";"Rendimiento"
"2018-2019";"..";"Deportes";"Mujeres";"Rendimiento"
"2017-2018";"..";"Deportes";"Mujeres";"Rendimiento"
"2016-2017";"..";"Deportes";"Mujeres";"Rendimiento"
"2015-2016";"..";"Deportes";"Mujeres";"Rendimiento"
"2022-2023";"72.85";"Turismo y Hostelería";"Mujeres";"Rendimiento"
"2021-2022";"77.72";"Turismo y Hostelería";"Mujeres";"Rendimiento"
"2020-2021";"83.15";"Turismo y Hostelería";"Mujeres";"Rendimiento"
"2019-2020";"88.58";"Turismo y Hostelería";"Mujeres";"Rendimiento"
"2018-2019";"77.12";"Turismo y Hostelería";"Mujeres";"Rendimiento"
"2017-2018";"77.34";"Turismo y Hostelería";"Mujeres";"Rendimiento"
"2016-2017";"74.16";"Turismo y Hostelería";"Mujeres";"Rendimiento"
"2015-2016";"76.26";"Turismo y Hostelería";"Mujeres";"Rendimiento"
"2022-2023";"..";"Otros Servicios";"Mujeres";"Rendimiento"
"2021-2022";"..";"Otros Servicios";"Mujeres";"Rendimiento"
"2020-2021";"..";"Otros Servicios";"Mujeres";"Rendimiento"
"2019-2020";"..";"Otros Servicios";"Mujeres";"Rendimiento"
"2018-2019";"..";"Otros Servicios";"Mujeres";"Rendimiento"
"2017-2018";"..";"Otros Servicios";"Mujeres";"Rendimiento"
"2016-2017";"..";"Otros Servicios";"Mujeres";"Rendimiento"
"2015-2016";"..";"Otros Servicios";"Mujeres";"Rendimiento"
"2022-2023";"???";"Jaén";"Mujeres";"Exito"
"2021-2022";"???";"Jaén";"Mujeres";"Exito"
"2020-2021";"???";"Jaén";"Mujeres";"Exito"
"2019-2020";"???";"Jaén";"Mujeres";"Exito"
"2018-2019";"???";"Jaén";"Mujeres";"Exito"
"2017-2018";"???";"Jaén";"Mujeres";"Exito"
"2016-2017";"???";"Jaén";"Mujeres";"Exito"
"2015-2016";"???";"Jaén";"Mujeres";"Exito"
"2022-2023";"87.4";"Todos los ámbitos";"Mujeres";"Exito"
"2021-2022";"87.01";"Todos los ámbitos";"Mujeres";"Exito"
"2020-2021";"88.8";"Todos los ámbitos";"Mujeres";"Exito"
"2019-2020";"93.92";"Todos los ámbitos";"Mujeres";"Exito"
"2018-2019";"89.13";"Todos los ámbitos";"Mujeres";"Exito"
"2017-2018";"89.27";"Todos los ámbitos";"Mujeres";"Exito"
"2016-2017";"88.87";"Todos los ámbitos";"Mujeres";"Exito"
"2015-2016";"88.46";"Todos los ámbitos";"Mujeres";"Exito"
"2022-2023";"93.11";"Total Educación";"Mujeres";"Exito"
"2021-2022";"93.27";"Total Educación";"Mujeres";"Exito"
"2020-2021";"94.74";"Total Educación";"Mujeres";"Exito"
"2019-2020";"97.43";"Total Educación";"Mujeres";"Exito"
"2018-2019";"94.43";"Total Educación";"Mujeres";"Exito"
"2017-2018";"94.4";"Total Educación";"Mujeres";"Exito"
"2016-2017";"94.45";"Total Educación";"Mujeres";"Exito"
"2015-2016";"94.79";"Total Educación";"Mujeres";"Exito"
"2022-2023";"93.06";"Formación de docentes de enseñanza infantil";"Mujeres";"Exito"
"2021-2022";"92.4";"Formación de docentes de enseñanza infantil";"Mujeres";"Exito"
"2020-2021";"94.13";"Formación de docentes de enseñanza infantil";"Mujeres";"Exito"
"2019-2020";"96.95";"Formación de docentes de enseñanza infantil";"Mujeres";"Exito"
"2018-2019";"94.6";"Formación de docentes de enseñanza infantil";"Mujeres";"Exito"
"2017-2018";"94.34";"Formación de docentes de enseñanza infantil";"Mujeres";"Exito"
"2016-2017";"94.82";"Formación de docentes de enseñanza infantil";"Mujeres";"Exito"
"2015-2016";"95.03";"Formación de docentes de enseñanza infantil";"Mujeres";"Exito"
"2022-2023";"92.14";"Formación de docentes de enseñanza primaria";"Mujeres";"Exito"
"2021-2022";"93.12";"Formación de docentes de enseñanza primaria";"Mujeres";"Exito"
"2020-2021";"94.56";"Formación de docentes de enseñanza primaria";"Mujeres";"Exito"
"2019-2020";"97.5";"Formación de docentes de enseñanza primaria";"Mujeres";"Exito"
"2018-2019";"93.63";"Formación de docentes de enseñanza primaria";"Mujeres";"Exito"
"2017-2018";"93.51";"Formación de docentes de enseñanza primaria";"Mujeres";"Exito"
"2016-2017";"93.77";"Formación de docentes de enseñanza primaria";"Mujeres";"Exito"
"2015-2016";"94.25";"Formación de docentes de enseñanza primaria";"Mujeres";"Exito"
"2022-2023";"96.73";"Otra Formación de personal docente y ciencias de la educación";"Mujeres";"Exito"
"2021-2022";"96.99";"Otra Formación de personal docente y ciencias de la educación";"Mujeres";"Exito"
"2020-2021";"97.72";"Otra Formación de personal docente y ciencias de la educación";"Mujeres";"Exito"
"2019-2020";"99.07";"Otra Formación de personal docente y ciencias de la educación";"Mujeres";"Exito"
"2018-2019";"96.55";"Otra Formación de personal docente y ciencias de la educación";"Mujeres";"Exito"
"2017-2018";"97.68";"Otra Formación de personal docente y ciencias de la educación";"Mujeres";"Exito"
"2016-2017";"95.59";"Otra Formación de personal docente y ciencias de la educación";"Mujeres";"Exito"
"2015-2016";"96.72";"Otra Formación de personal docente y ciencias de la educación";"Mujeres";"Exito"
"2022-2023";"88.3";"Total Artes y humanidades";"Mujeres";"Exito"
"2021-2022";"86.47";"Total Artes y humanidades";"Mujeres";"Exito"
"2020-2021";"87.88";"Total Artes y humanidades";"Mujeres";"Exito"
"2019-2020";"92.52";"Total Artes y humanidades";"Mujeres";"Exito"
"2018-2019";"85.18";"Total Artes y humanidades";"Mujeres";"Exito"
"2017-2018";"85.6";"Total Artes y humanidades";"Mujeres";"Exito"
"2016-2017";"86.1";"Total Artes y humanidades";"Mujeres";"Exito"
"2015-2016";"86.37";"Total Artes y humanidades";"Mujeres";"Exito"
"2022-2023";"..";"Técnicas audiovisuales y medios de comunicación";"Mujeres";"Exito"
"2021-2022";"..";"Técnicas audiovisuales y medios de comunicación";"Mujeres";"Exito"
"2020-2021";"..";"Técnicas audiovisuales y medios de comunicación";"Mujeres";"Exito"
"2019-2020";"..";"Técnicas audiovisuales y medios de comunicación";"Mujeres";"Exito"
"2018-2019";"..";"Técnicas audiovisuales y medios de comunicación";"Mujeres";"Exito"
"2017-2018";"..";"Técnicas audiovisuales y medios de comunicación";"Mujeres";"Exito"
"2016-2017";"..";"Técnicas audiovisuales y medios de comunicación";"Mujeres";"Exito"
"2015-2016";"..";"Técnicas audiovisuales y medios de comunicación";"Mujeres";"Exito"
"2022-2023";"89.5";"Artes";"Mujeres";"Exito"
"2021-2022";"89.32";"Artes";"Mujeres";"Exito"
"2020-2021";"92.67";"Artes";"Mujeres";"Exito"
"2019-2020";"93.22";"Artes";"Mujeres";"Exito"
"2018-2019";"89.06";"Artes";"Mujeres";"Exito"
"2017-2018";"91.38";"Artes";"Mujeres";"Exito"
"2016-2017";"92.04";"Artes";"Mujeres";"Exito"
"2015-2016";"88.93";"Artes";"Mujeres";"Exito"
"2022-2023";"88.02";"Lenguas";"Mujeres";"Exito"
"2021-2022";"87.1";"Lenguas";"Mujeres";"Exito"
"2020-2021";"87.23";"Lenguas";"Mujeres";"Exito"
"2019-2020";"92.39";"Lenguas";"Mujeres";"Exito"
"2018-2019";"85.22";"Lenguas";"Mujeres";"Exito"
"2017-2018";"85.13";"Lenguas";"Mujeres";"Exito"
"2016-2017";"84.41";"Lenguas";"Mujeres";"Exito"
"2015-2016";"86.77";"Lenguas";"Mujeres";"Exito"
"2022-2023";"88.29";"Humanidades";"Mujeres";"Exito"
"2021-2022";"82.37";"Humanidades";"Mujeres";"Exito"
"2020-2021";"85.86";"Humanidades";"Mujeres";"Exito"
"2019-2020";"92.46";"Humanidades";"Mujeres";"Exito"
"2018-2019";"82.81";"Humanidades";"Mujeres";"Exito"
"2017-2018";"83.21";"Humanidades";"Mujeres";"Exito"
"2016-2017";"86.58";"Humanidades";"Mujeres";"Exito"
"2015-2016";"81.94";"Humanidades";"Mujeres";"Exito"
"2022-2023";"84.52";"Total Ciencias sociales, periodismo y documentación";"Mujeres";"Exito"
"2021-2022";"80.75";"Total Ciencias sociales, periodismo y documentación";"Mujeres";"Exito"
"2020-2021";"88.01";"Total Ciencias sociales, periodismo y documentación";"Mujeres";"Exito"
"2019-2020";"95.28";"Total Ciencias sociales, periodismo y documentación";"Mujeres";"Exito"
"2018-2019";"85.86";"Total Ciencias sociales, periodismo y documentación";"Mujeres";"Exito"
"2017-2018";"86.59";"Total Ciencias sociales, periodismo y documentación";"Mujeres";"Exito"
"2016-2017";"86.71";"Total Ciencias sociales, periodismo y documentación";"Mujeres";"Exito"
"2015-2016";"85.26";"Total Ciencias sociales, periodismo y documentación";"Mujeres";"Exito"
"2022-2023";"84.52";"Psicología";"Mujeres";"Exito"
"2021-2022";"80.75";"Psicología";"Mujeres";"Exito"
"2020-2021";"88.01";"Psicología";"Mujeres";"Exito"
"2019-2020";"95.28";"Psicología";"Mujeres";"Exito"
"2018-2019";"85.86";"Psicología";"Mujeres";"Exito"
"2017-2018";"86.59";"Psicología";"Mujeres";"Exito"
"2016-2017";"86.71";"Psicología";"Mujeres";"Exito"
"2015-2016";"85.26";"Psicología";"Mujeres";"Exito"
"2022-2023";"..";"Economía";"Mujeres";"Exito"
"2021-2022";"..";"Economía";"Mujeres";"Exito"
"2020-2021";"..";"Economía";"Mujeres";"Exito"
"2019-2020";"..";"Economía";"Mujeres";"Exito"
"2018-2019";"..";"Economía";"Mujeres";"Exito"
"2017-2018";"..";"Economía";"Mujeres";"Exito"
"2016-2017";"..";"Economía";"Mujeres";"Exito"
"2015-2016";"..";"Economía";"Mujeres";"Exito"
"2022-2023";"..";"Otras Ciencias sociales y del comportamiento";"Mujeres";"Exito"
"2021-2022";"..";"Otras Ciencias sociales y del comportamiento";"Mujeres";"Exito"
"2020-2021";"..";"Otras Ciencias sociales y del comportamiento";"Mujeres";"Exito"
"2019-2020";"..";"Otras Ciencias sociales y del comportamiento";"Mujeres";"Exito"
"2018-2019";"..";"Otras Ciencias sociales y del comportamiento";"Mujeres";"Exito"
"2017-2018";"..";"Otras Ciencias sociales y del comportamiento";"Mujeres";"Exito"
"2016-2017";"..";"Otras Ciencias sociales y del comportamiento";"Mujeres";"Exito"
"2015-2016";"..";"Otras Ciencias sociales y del comportamiento";"Mujeres";"Exito"
"2022-2023";"..";"Periodismo e información";"Mujeres";"Exito"
"2021-2022";"..";"Periodismo e información";"Mujeres";"Exito"
"2020-2021";"..";"Periodismo e información";"Mujeres";"Exito"
"2019-2020";"..";"Periodismo e información";"Mujeres";"Exito"
"2018-2019";"..";"Periodismo e información";"Mujeres";"Exito"
"2017-2018";"..";"Periodismo e información";"Mujeres";"Exito"
"2016-2017";"..";"Periodismo e información";"Mujeres";"Exito"
"2015-2016";"..";"Periodismo e información";"Mujeres";"Exito"
"2022-2023";"79.38";"Total Negocios, administración y derecho";"Mujeres";"Exito"
"2021-2022";"77.11";"Total Negocios, administración y derecho";"Mujeres";"Exito"
"2020-2021";"79.69";"Total Negocios, administración y derecho";"Mujeres";"Exito"
"2019-2020";"88.22";"Total Negocios, administración y derecho";"Mujeres";"Exito"
"2018-2019";"82.53";"Total Negocios, administración y derecho";"Mujeres";"Exito"
"2017-2018";"83.35";"Total Negocios, administración y derecho";"Mujeres";"Exito"
"2016-2017";"82.81";"Total Negocios, administración y derecho";"Mujeres";"Exito"
"2015-2016";"81.67";"Total Negocios, administración y derecho";"Mujeres";"Exito"
"2022-2023";"78.53";"Administración y gestión de empresas";"Mujeres";"Exito"
"2021-2022";"77.32";"Administración y gestión de empresas";"Mujeres";"Exito"
"2020-2021";"76.92";"Administración y gestión de empresas";"Mujeres";"Exito"
"2019-2020";"85.22";"Administración y gestión de empresas";"Mujeres";"Exito"
"2018-2019";"82.19";"Administración y gestión de empresas";"Mujeres";"Exito"
"2017-2018";"81.81";"Administración y gestión de empresas";"Mujeres";"Exito"
"2016-2017";"80.43";"Administración y gestión de empresas";"Mujeres";"Exito"
"2015-2016";"80.93";"Administración y gestión de empresas";"Mujeres";"Exito"
"2022-2023";"75.28";"Otra Educación comercial y empresarial";"Mujeres";"Exito"
"2021-2022";"73.99";"Otra Educación comercial y empresarial";"Mujeres";"Exito"
"2020-2021";"79.21";"Otra Educación comercial y empresarial";"Mujeres";"Exito"
"2019-2020";"90.53";"Otra Educación comercial y empresarial";"Mujeres";"Exito"
"2018-2019";"83.0";"Otra Educación comercial y empresarial";"Mujeres";"Exito"
"2017-2018";"80.09";"Otra Educación comercial y empresarial";"Mujeres";"Exito"
"2016-2017";"75.03";"Otra Educación comercial y empresarial";"Mujeres";"Exito"
"2015-2016";"69.2";"Otra Educación comercial y empresarial";"Mujeres";"Exito"
"2022-2023";"80.5";"Derecho";"Mujeres";"Exito"
"2021-2022";"77.16";"Derecho";"Mujeres";"Exito"
"2020-2021";"82.37";"Derecho";"Mujeres";"Exito"
"2019-2020";"90.63";"Derecho";"Mujeres";"Exito"
"2018-2019";"82.79";"Derecho";"Mujeres";"Exito"
"2017-2018";"85.32";"Derecho";"Mujeres";"Exito"
"2016-2017";"86.48";"Derecho";"Mujeres";"Exito"
"2015-2016";"84.61";"Derecho";"Mujeres";"Exito"
"2022-2023";"83.02";"Total Ciencias";"Mujeres";"Exito"
"2021-2022";"82.07";"Total Ciencias";"Mujeres";"Exito"
"2020-2021";"80.8";"Total Ciencias";"Mujeres";"Exito"
"2019-2020";"90.06";"Total Ciencias";"Mujeres";"Exito"
"2018-2019";"82.05";"Total Ciencias";"Mujeres";"Exito"
"2017-2018";"81.27";"Total Ciencias";"Mujeres";"Exito"
"2016-2017";"82.45";"Total Ciencias";"Mujeres";"Exito"
"2015-2016";"80.42";"Total Ciencias";"Mujeres";"Exito"
"2022-2023";"85.91";"Ciencias de la vida";"Mujeres";"Exito"
"2021-2022";"84.68";"Ciencias de la vida";"Mujeres";"Exito"
"2020-2021";"81.37";"Ciencias de la vida";"Mujeres";"Exito"
"2019-2020";"93.55";"Ciencias de la vida";"Mujeres";"Exito"
"2018-2019";"83.48";"Ciencias de la vida";"Mujeres";"Exito"
"2017-2018";"85.85";"Ciencias de la vida";"Mujeres";"Exito"
"2016-2017";"86.69";"Ciencias de la vida";"Mujeres";"Exito"
"2015-2016";"84.24";"Ciencias de la vida";"Mujeres";"Exito"
"2022-2023";"78.31";"Ciencias Físicas, químicas, geológicas";"Mujeres";"Exito"
"2021-2022";"78.0";"Ciencias Físicas, químicas, geológicas";"Mujeres";"Exito"
"2020-2021";"79.85";"Ciencias Físicas, químicas, geológicas";"Mujeres";"Exito"
"2019-2020";"83.74";"Ciencias Físicas, químicas, geológicas";"Mujeres";"Exito"
"2018-2019";"79.38";"Ciencias Físicas, químicas, geológicas";"Mujeres";"Exito"
"2017-2018";"71.79";"Ciencias Físicas, químicas, geológicas";"Mujeres";"Exito"
"2016-2017";"74.52";"Ciencias Físicas, químicas, geológicas";"Mujeres";"Exito"
"2015-2016";"72.3";"Ciencias Físicas, químicas, geológicas";"Mujeres";"Exito"
"2022-2023";"..";"Matemáticas y Estadística";"Mujeres";"Exito"
"2021-2022";"..";"Matemáticas y Estadística";"Mujeres";"Exito"
"2020-2021";"..";"Matemáticas y Estadística";"Mujeres";"Exito"
"2019-2020";"..";"Matemáticas y Estadística";"Mujeres";"Exito"
"2018-2019";"..";"Matemáticas y Estadística";"Mujeres";"Exito"
"2017-2018";"..";"Matemáticas y Estadística";"Mujeres";"Exito"
"2016-2017";"..";"Matemáticas y Estadística";"Mujeres";"Exito"
"2015-2016";"..";"Matemáticas y Estadística";"Mujeres";"Exito"
"2022-2023";"71.6";"Total Informática";"Mujeres";"Exito"
"2021-2022";"70.62";"Total Informática";"Mujeres";"Exito"
"2020-2021";"69.61";"Total Informática";"Mujeres";"Exito"
"2019-2020";"78.91";"Total Informática";"Mujeres";"Exito"
"2018-2019";"74.62";"Total Informática";"Mujeres";"Exito"
"2017-2018";"77.34";"Total Informática";"Mujeres";"Exito"
"2016-2017";"69.5";"Total Informática";"Mujeres";"Exito"
"2015-2016";"66.67";"Total Informática";"Mujeres";"Exito"
"2022-2023";"71.6";"Informática";"Mujeres";"Exito"
"2021-2022";"70.62";"Informática";"Mujeres";"Exito"
"2020-2021";"69.61";"Informática";"Mujeres";"Exito"
"2019-2020";"78.91";"Informática";"Mujeres";"Exito"
"2018-2019";"74.62";"Informática";"Mujeres";"Exito"
"2017-2018";"77.34";"Informática";"Mujeres";"Exito"
"2016-2017";"69.5";"Informática";"Mujeres";"Exito"
"2015-2016";"66.67";"Informática";"Mujeres";"Exito"
"2022-2023";"66.02";"Total Ingeniería, industria y construcción";"Mujeres";"Exito"
"2021-2022";"70.75";"Total Ingeniería, industria y construcción";"Mujeres";"Exito"
"2020-2021";"70.74";"Total Ingeniería, industria y construcción";"Mujeres";"Exito"
"2019-2020";"82.31";"Total Ingeniería, industria y construcción";"Mujeres";"Exito"
"2018-2019";"76.98";"Total Ingeniería, industria y construcción";"Mujeres";"Exito"
"2017-2018";"77.04";"Total Ingeniería, industria y construcción";"Mujeres";"Exito"
"2016-2017";"78.38";"Total Ingeniería, industria y construcción";"Mujeres";"Exito"
"2015-2016";"76.53";"Total Ingeniería, industria y construcción";"Mujeres";"Exito"
"2022-2023";"65.17";"Ingenierías";"Mujeres";"Exito"
"2021-2022";"70.04";"Ingenierías";"Mujeres";"Exito"
"2020-2021";"72.0";"Ingenierías";"Mujeres";"Exito"
"2019-2020";"82.49";"Ingenierías";"Mujeres";"Exito"
"2018-2019";"76.26";"Ingenierías";"Mujeres";"Exito"
"2017-2018";"75.91";"Ingenierías";"Mujeres";"Exito"
"2016-2017";"78.88";"Ingenierías";"Mujeres";"Exito"
"2015-2016";"76.97";"Ingenierías";"Mujeres";"Exito"
"2022-2023";"72.22";"Arquitectura y construcción";"Mujeres";"Exito"
"2021-2022";"77.49";"Arquitectura y construcción";"Mujeres";"Exito"
"2020-2021";"61.21";"Arquitectura y construcción";"Mujeres";"Exito"
"2019-2020";"80.93";"Arquitectura y construcción";"Mujeres";"Exito"
"2018-2019";"82.3";"Arquitectura y construcción";"Mujeres";"Exito"
"2017-2018";"84.54";"Arquitectura y construcción";"Mujeres";"Exito"
"2016-2017";"76.01";"Arquitectura y construcción";"Mujeres";"Exito"
"2015-2016";"74.67";"Arquitectura y construcción";"Mujeres";"Exito"
"2022-2023";"..";"Total Agricultura, ganadería,  silvicultura, pesca, y veterinaria";"Mujeres";"Exito"
"2021-2022";"..";"Total Agricultura, ganadería,  silvicultura, pesca, y veterinaria";"Mujeres";"Exito"
"2020-2021";"..";"Total Agricultura, ganadería,  silvicultura, pesca, y veterinaria";"Mujeres";"Exito"
"2019-2020";"..";"Total Agricultura, ganadería,  silvicultura, pesca, y veterinaria";"Mujeres";"Exito"
"2018-2019";"..";"Total Agricultura, ganadería,  silvicultura, pesca, y veterinaria";"Mujeres";"Exito"
"2017-2018";"..";"Total Agricultura, ganadería,  silvicultura, pesca, y veterinaria";"Mujeres";"Exito"
"2016-2017";"..";"Total Agricultura, ganadería,  silvicultura, pesca, y veterinaria";"Mujeres";"Exito"
"2015-2016";"..";"Total Agricultura, ganadería,  silvicultura, pesca, y veterinaria";"Mujeres";"Exito"
"2022-2023";"..";"Agricultura, ganadería y pesca";"Mujeres";"Exito"
"2021-2022";"..";"Agricultura, ganadería y pesca";"Mujeres";"Exito"
"2020-2021";"..";"Agricultura, ganadería y pesca";"Mujeres";"Exito"
"2019-2020";"..";"Agricultura, ganadería y pesca";"Mujeres";"Exito"
"2018-2019";"..";"Agricultura, ganadería y pesca";"Mujeres";"Exito"
"2017-2018";"..";"Agricultura, ganadería y pesca";"Mujeres";"Exito"
"2016-2017";"..";"Agricultura, ganadería y pesca";"Mujeres";"Exito"
"2015-2016";"..";"Agricultura, ganadería y pesca";"Mujeres";"Exito"
"2022-2023";"..";"Veterinaria";"Mujeres";"Exito"
"2021-2022";"..";"Veterinaria";"Mujeres";"Exito"
"2020-2021";"..";"Veterinaria";"Mujeres";"Exito"
"2019-2020";"..";"Veterinaria";"Mujeres";"Exito"
"2018-2019";"..";"Veterinaria";"Mujeres";"Exito"
"2017-2018";"..";"Veterinaria";"Mujeres";"Exito"
"2016-2017";"..";"Veterinaria";"Mujeres";"Exito"
"2015-2016";"..";"Veterinaria";"Mujeres";"Exito"
"2022-2023";"93.59";"Total Salud y servicios sociales";"Mujeres";"Exito"
"2021-2022";"94.47";"Total Salud y servicios sociales";"Mujeres";"Exito"
"2020-2021";"95.04";"Total Salud y servicios sociales";"Mujeres";"Exito"
"2019-2020";"97.45";"Total Salud y servicios sociales";"Mujeres";"Exito"
"2018-2019";"95.48";"Total Salud y servicios sociales";"Mujeres";"Exito"
"2017-2018";"96.12";"Total Salud y servicios sociales";"Mujeres";"Exito"
"2016-2017";"95.3";"Total Salud y servicios sociales";"Mujeres";"Exito"
"2015-2016";"96.32";"Total Salud y servicios sociales";"Mujeres";"Exito"
"2022-2023";"99.05";"Medicina";"Mujeres";"Exito"
"2021-2022";"..";"Medicina";"Mujeres";"Exito"
"2020-2021";"..";"Medicina";"Mujeres";"Exito"
"2019-2020";"..";"Medicina";"Mujeres";"Exito"
"2018-2019";"..";"Medicina";"Mujeres";"Exito"
"2017-2018";"..";"Medicina";"Mujeres";"Exito"
"2016-2017";"..";"Medicina";"Mujeres";"Exito"
"2015-2016";"..";"Medicina";"Mujeres";"Exito"
"2022-2023";"96.75";"Enfermería y atención a enfermos";"Mujeres";"Exito"
"2021-2022";"95.65";"Enfermería y atención a enfermos";"Mujeres";"Exito"
"2020-2021";"95.9";"Enfermería y atención a enfermos";"Mujeres";"Exito"
"2019-2020";"98.01";"Enfermería y atención a enfermos";"Mujeres";"Exito"
"2018-2019";"97.54";"Enfermería y atención a enfermos";"Mujeres";"Exito"
"2017-2018";"98.4";"Enfermería y atención a enfermos";"Mujeres";"Exito"
"2016-2017";"98.8";"Enfermería y atención a enfermos";"Mujeres";"Exito"
"2015-2016";"98.59";"Enfermería y atención a enfermos";"Mujeres";"Exito"
"2022-2023";"96.83";"Otras ciencias de la Salud";"Mujeres";"Exito"
"2021-2022";"97.38";"Otras ciencias de la Salud";"Mujeres";"Exito"
"2020-2021";"99.07";"Otras ciencias de la Salud";"Mujeres";"Exito"
"2019-2020";"99.67";"Otras ciencias de la Salud";"Mujeres";"Exito"
"2018-2019";"99.43";"Otras ciencias de la Salud";"Mujeres";"Exito"
"2017-2018";"99.25";"Otras ciencias de la Salud";"Mujeres";"Exito"
"2016-2017";"98.92";"Otras ciencias de la Salud";"Mujeres";"Exito"
"2015-2016";"98.84";"Otras ciencias de la Salud";"Mujeres";"Exito"
"2022-2023";"88.59";"Trabajo social y orientación";"Mujeres";"Exito"
"2021-2022";"92.19";"Trabajo social y orientación";"Mujeres";"Exito"
"2020-2021";"92.88";"Trabajo social y orientación";"Mujeres";"Exito"
"2019-2020";"96.2";"Trabajo social y orientación";"Mujeres";"Exito"
"2018-2019";"92.1";"Trabajo social y orientación";"Mujeres";"Exito"
"2017-2018";"92.86";"Trabajo social y orientación";"Mujeres";"Exito"
"2016-2017";"90.49";"Trabajo social y orientación";"Mujeres";"Exito"
"2015-2016";"93.18";"Trabajo social y orientación";"Mujeres";"Exito"
"2022-2023";"87.28";"Total Servicios";"Mujeres";"Exito"
"2021-2022";"86.51";"Total Servicios";"Mujeres";"Exito"
"2020-2021";"88.68";"Total Servicios";"Mujeres";"Exito"
"2019-2020";"93.51";"Total Servicios";"Mujeres";"Exito"
"2018-2019";"87.51";"Total Servicios";"Mujeres";"Exito"
"2017-2018";"85.69";"Total Servicios";"Mujeres";"Exito"
"2016-2017";"82.72";"Total Servicios";"Mujeres";"Exito"
"2015-2016";"82.17";"Total Servicios";"Mujeres";"Exito"
"2022-2023";"..";"Deportes";"Mujeres";"Exito"
"2021-2022";"..";"Deportes";"Mujeres";"Exito"
"2020-2021";"..";"Deportes";"Mujeres";"Exito"
"2019-2020";"..";"Deportes";"Mujeres";"Exito"
"2018-2019";"..";"Deportes";"Mujeres";"Exito"
"2017-2018";"..";"Deportes";"Mujeres";"Exito"
"2016-2017";"..";"Deportes";"Mujeres";"Exito"
"2015-2016";"..";"Deportes";"Mujeres";"Exito"
"2022-2023";"87.28";"Turismo y Hostelería";"Mujeres";"Exito"
"2021-2022";"86.51";"Turismo y Hostelería";"Mujeres";"Exito"
"2020-2021";"88.68";"Turismo y Hostelería";"Mujeres";"Exito"
"2019-2020";"93.51";"Turismo y Hostelería";"Mujeres";"Exito"
"2018-2019";"87.51";"Turismo y Hostelería";"Mujeres";"Exito"
"2017-2018";"85.69";"Turismo y Hostelería";"Mujeres";"Exito"
"2016-2017";"82.72";"Turismo y Hostelería";"Mujeres";"Exito"
"2015-2016";"82.17";"Turismo y Hostelería";"Mujeres";"Exito"
"2022-2023";"..";"Otros Servicios";"Mujeres";"Exito"
"2021-2022";"..";"Otros Servicios";"Mujeres";"Exito"
"2020-2021";"..";"Otros Servicios";"Mujeres";"Exito"
"2019-2020";"..";"Otros Servicios";"Mujeres";"Exito"
"2018-2019";"..";"Otros Servicios";"Mujeres";"Exito"
"2017-2018";"..";"Otros Servicios";"Mujeres";"Exito"
"2016-2017";"..";"Otros Servicios";"Mujeres";"Exito"
"2015-2016";"..";"Otros Servicios";"Mujeres";"Exito"
"2022-2023";"???";"Jaén";"Mujeres";"Evaluacion"
"2021-2022";"???";"Jaén";"Mujeres";"Evaluacion"
"2020-2021";"???";"Jaén";"Mujeres";"Evaluacion"
"2019-2020";"???";"Jaén";"Mujeres";"Evaluacion"
"2018-2019";"???";"Jaén";"Mujeres";"Evaluacion"
"2017-2018";"???";"Jaén";"Mujeres";"Evaluacion"
"2016-2017";"???";"Jaén";"Mujeres";"Evaluacion"
"2015-2016";"???";"Jaén";"Mujeres";"Evaluacion"
"2022-2023";"93.82";"Todos los ámbitos";"Mujeres";"Evaluacion"
"2021-2022";"93.25";"Todos los ámbitos";"Mujeres";"Evaluacion"
"2020-2021";"94.0";"Todos los ámbitos";"Mujeres";"Evaluacion"
"2019-2020";"95.48";"Todos los ámbitos";"Mujeres";"Evaluacion"
"2018-2019";"93.09";"Todos los ámbitos";"Mujeres";"Evaluacion"
"2017-2018";"93.54";"Todos los ámbitos";"Mujeres";"Evaluacion"
"2016-2017";"94.07";"Todos los ámbitos";"Mujeres";"Evaluacion"
"2015-2016";"94.14";"Todos los ámbitos";"Mujeres";"Evaluacion"
"2022-2023";"98.16";"Total Educación";"Mujeres";"Evaluacion"
"2021-2022";"97.84";"Total Educación";"Mujeres";"Evaluacion"
"2020-2021";"98.42";"Total Educación";"Mujeres";"Evaluacion"
"2019-2020";"98.12";"Total Educación";"Mujeres";"Evaluacion"
"2018-2019";"97.34";"Total Educación";"Mujeres";"Evaluacion"
"2017-2018";"97.55";"Total Educación";"Mujeres";"Evaluacion"
"2016-2017";"97.56";"Total Educación";"Mujeres";"Evaluacion"
"2015-2016";"97.5";"Total Educación";"Mujeres";"Evaluacion"
"2022-2023";"98.21";"Formación de docentes de enseñanza infantil";"Mujeres";"Evaluacion"
"2021-2022";"97.69";"Formación de docentes de enseñanza infantil";"Mujeres";"Evaluacion"
"2020-2021";"98.53";"Formación de docentes de enseñanza infantil";"Mujeres";"Evaluacion"
"2019-2020";"98.16";"Formación de docentes de enseñanza infantil";"Mujeres";"Evaluacion"
"2018-2019";"97.55";"Formación de docentes de enseñanza infantil";"Mujeres";"Evaluacion"
"2017-2018";"97.88";"Formación de docentes de enseñanza infantil";"Mujeres";"Evaluacion"
"2016-2017";"97.68";"Formación de docentes de enseñanza infantil";"Mujeres";"Evaluacion"
"2015-2016";"97.45";"Formación de docentes de enseñanza infantil";"Mujeres";"Evaluacion"
"2022-2023";"97.79";"Formación de docentes de enseñanza primaria";"Mujeres";"Evaluacion"
"2021-2022";"97.66";"Formación de docentes de enseñanza primaria";"Mujeres";"Evaluacion"
"2020-2021";"98.16";"Formación de docentes de enseñanza primaria";"Mujeres";"Evaluacion"
"2019-2020";"98.06";"Formación de docentes de enseñanza primaria";"Mujeres";"Evaluacion"
"2018-2019";"96.67";"Formación de docentes de enseñanza primaria";"Mujeres";"Evaluacion"
"2017-2018";"96.73";"Formación de docentes de enseñanza primaria";"Mujeres";"Evaluacion"
"2016-2017";"97.16";"Formación de docentes de enseñanza primaria";"Mujeres";"Evaluacion"
"2015-2016";"97.24";"Formación de docentes de enseñanza primaria";"Mujeres";"Evaluacion"
"2022-2023";"99.29";"Otra Formación de personal docente y ciencias de la educación";"Mujeres";"Evaluacion"
"2021-2022";"99.07";"Otra Formación de personal docente y ciencias de la educación";"Mujeres";"Evaluacion"
"2020-2021";"98.92";"Otra Formación de personal docente y ciencias de la educación";"Mujeres";"Evaluacion"
"2019-2020";"98.22";"Otra Formación de personal docente y ciencias de la educación";"Mujeres";"Evaluacion"
"2018-2019";"98.96";"Otra Formación de personal docente y ciencias de la educación";"Mujeres";"Evaluacion"
"2017-2018";"99.22";"Otra Formación de personal docente y ciencias de la educación";"Mujeres";"Evaluacion"
"2016-2017";"98.84";"Otra Formación de personal docente y ciencias de la educación";"Mujeres";"Evaluacion"
"2015-2016";"99.83";"Otra Formación de personal docente y ciencias de la educación";"Mujeres";"Evaluacion"
"2022-2023";"93.05";"Total Artes y humanidades";"Mujeres";"Evaluacion"
"2021-2022";"90.6";"Total Artes y humanidades";"Mujeres";"Evaluacion"
"2020-2021";"87.91";"Total Artes y humanidades";"Mujeres";"Evaluacion"
"2019-2020";"91.06";"Total Artes y humanidades";"Mujeres";"Evaluacion"
"2018-2019";"89.12";"Total Artes y humanidades";"Mujeres";"Evaluacion"
"2017-2018";"89.35";"Total Artes y humanidades";"Mujeres";"Evaluacion"
"2016-2017";"91.47";"Total Artes y humanidades";"Mujeres";"Evaluacion"
"2015-2016";"91.02";"Total Artes y humanidades";"Mujeres";"Evaluacion"
"2022-2023";"..";"Técnicas audiovisuales y medios de comunicación";"Mujeres";"Evaluacion"
"2021-2022";"..";"Técnicas audiovisuales y medios de comunicación";"Mujeres";"Evaluacion"
"2020-2021";"..";"Técnicas audiovisuales y medios de comunicación";"Mujeres";"Evaluacion"
"2019-2020";"..";"Técnicas audiovisuales y medios de comunicación";"Mujeres";"Evaluacion"
"2018-2019";"..";"Técnicas audiovisuales y medios de comunicación";"Mujeres";"Evaluacion"
"2017-2018";"..";"Técnicas audiovisuales y medios de comunicación";"Mujeres";"Evaluacion"
"2016-2017";"..";"Técnicas audiovisuales y medios de comunicación";"Mujeres";"Evaluacion"
"2015-2016";"..";"Técnicas audiovisuales y medios de comunicación";"Mujeres";"Evaluacion"
"2022-2023";"94.11";"Artes";"Mujeres";"Evaluacion"
"2021-2022";"88.79";"Artes";"Mujeres";"Evaluacion"
"2020-2021";"91.19";"Artes";"Mujeres";"Evaluacion"
"2019-2020";"88.87";"Artes";"Mujeres";"Evaluacion"
"2018-2019";"84.3";"Artes";"Mujeres";"Evaluacion"
"2017-2018";"87.75";"Artes";"Mujeres";"Evaluacion"
"2016-2017";"88.12";"Artes";"Mujeres";"Evaluacion"
"2015-2016";"91.4";"Artes";"Mujeres";"Evaluacion"
"2022-2023";"94.0";"Lenguas";"Mujeres";"Evaluacion"
"2021-2022";"92.95";"Lenguas";"Mujeres";"Evaluacion"
"2020-2021";"87.88";"Lenguas";"Mujeres";"Evaluacion"
"2019-2020";"90.95";"Lenguas";"Mujeres";"Evaluacion"
"2018-2019";"90.53";"Lenguas";"Mujeres";"Evaluacion"
"2017-2018";"91.27";"Lenguas";"Mujeres";"Evaluacion"
"2016-2017";"93.74";"Lenguas";"Mujeres";"Evaluacion"
"2015-2016";"90.4";"Lenguas";"Mujeres";"Evaluacion"
"2022-2023";"89.87";"Humanidades";"Mujeres";"Evaluacion"
"2021-2022";"85.89";"Humanidades";"Mujeres";"Evaluacion"
"2020-2021";"85.61";"Humanidades";"Mujeres";"Evaluacion"
"2019-2020";"92.68";"Humanidades";"Mujeres";"Evaluacion"
"2018-2019";"88.59";"Humanidades";"Mujeres";"Evaluacion"
"2017-2018";"85.78";"Humanidades";"Mujeres";"Evaluacion"
"2016-2017";"87.7";"Humanidades";"Mujeres";"Evaluacion"
"2015-2016";"93.01";"Humanidades";"Mujeres";"Evaluacion"
"2022-2023";"95.5";"Total Ciencias sociales, periodismo y documentación";"Mujeres";"Evaluacion"
"2021-2022";"94.53";"Total Ciencias sociales, periodismo y documentación";"Mujeres";"Evaluacion"
"2020-2021";"97.27";"Total Ciencias sociales, periodismo y documentación";"Mujeres";"Evaluacion"
"2019-2020";"97.25";"Total Ciencias sociales, periodismo y documentación";"Mujeres";"Evaluacion"
"2018-2019";"94.43";"Total Ciencias sociales, periodismo y documentación";"Mujeres";"Evaluacion"
"2017-2018";"95.53";"Total Ciencias sociales, periodismo y documentación";"Mujeres";"Evaluacion"
"2016-2017";"96.21";"Total Ciencias sociales, periodismo y documentación";"Mujeres";"Evaluacion"
"2015-2016";"95.72";"Total Ciencias sociales, periodismo y documentación";"Mujeres";"Evaluacion"
"2022-2023";"95.5";"Psicología";"Mujeres";"Evaluacion"
"2021-2022";"94.53";"Psicología";"Mujeres";"Evaluacion"
"2020-2021";"97.27";"Psicología";"Mujeres";"Evaluacion"
"2019-2020";"97.25";"Psicología";"Mujeres";"Evaluacion"
"2018-2019";"94.43";"Psicología";"Mujeres";"Evaluacion"
"2017-2018";"95.53";"Psicología";"Mujeres";"Evaluacion"
"2016-2017";"96.21";"Psicología";"Mujeres";"Evaluacion"
"2015-2016";"95.72";"Psicología";"Mujeres";"Evaluacion"
"2022-2023";"..";"Economía";"Mujeres";"Evaluacion"
"2021-2022";"..";"Economía";"Mujeres";"Evaluacion"
"2020-2021";"..";"Economía";"Mujeres";"Evaluacion"
"2019-2020";"..";"Economía";"Mujeres";"Evaluacion"
"2018-2019";"..";"Economía";"Mujeres";"Evaluacion"
"2017-2018";"..";"Economía";"Mujeres";"Evaluacion"
"2016-2017";"..";"Economía";"Mujeres";"Evaluacion"
"2015-2016";"..";"Economía";"Mujeres";"Evaluacion"
"2022-2023";"..";"Otras Ciencias sociales y del comportamiento";"Mujeres";"Evaluacion"
"2021-2022";"..";"Otras Ciencias sociales y del comportamiento";"Mujeres";"Evaluacion"
"2020-2021";"..";"Otras Ciencias sociales y del comportamiento";"Mujeres";"Evaluacion"
"2019-2020";"..";"Otras Ciencias sociales y del comportamiento";"Mujeres";"Evaluacion"
"2018-2019";"..";"Otras Ciencias sociales y del comportamiento";"Mujeres";"Evaluacion"
"2017-2018";"..";"Otras Ciencias sociales y del comportamiento";"Mujeres";"Evaluacion"
"2016-2017";"..";"Otras Ciencias sociales y del comportamiento";"Mujeres";"Evaluacion"
"2015-2016";"..";"Otras Ciencias sociales y del comportamiento";"Mujeres";"Evaluacion"
"2022-2023";"..";"Periodismo e información";"Mujeres";"Evaluacion"
"2021-2022";"..";"Periodismo e información";"Mujeres";"Evaluacion"
"2020-2021";"..";"Periodismo e información";"Mujeres";"Evaluacion"
"2019-2020";"..";"Periodismo e información";"Mujeres";"Evaluacion"
"2018-2019";"..";"Periodismo e información";"Mujeres";"Evaluacion"
"2017-2018";"..";"Periodismo e información";"Mujeres";"Evaluacion"
"2016-2017";"..";"Periodismo e información";"Mujeres";"Evaluacion"
"2015-2016";"..";"Periodismo e información";"Mujeres";"Evaluacion"
"2022-2023";"88.37";"Total Negocios, administración y derecho";"Mujeres";"Evaluacion"
"2021-2022";"86.96";"Total Negocios, administración y derecho";"Mujeres";"Evaluacion"
"2020-2021";"89.04";"Total Negocios, administración y derecho";"Mujeres";"Evaluacion"
"2019-2020";"92.82";"Total Negocios, administración y derecho";"Mujeres";"Evaluacion"
"2018-2019";"88.73";"Total Negocios, administración y derecho";"Mujeres";"Evaluacion"
"2017-2018";"89.17";"Total Negocios, administración y derecho";"Mujeres";"Evaluacion"
"2016-2017";"90.59";"Total Negocios, administración y derecho";"Mujeres";"Evaluacion"
"2015-2016";"91.22";"Total Negocios, administración y derecho";"Mujeres";"Evaluacion"
"2022-2023";"89.29";"Administración y gestión de empresas";"Mujeres";"Evaluacion"
"2021-2022";"88.13";"Administración y gestión de empresas";"Mujeres";"Evaluacion"
"2020-2021";"90.43";"Administración y gestión de empresas";"Mujeres";"Evaluacion"
"2019-2020";"92.99";"Administración y gestión de empresas";"Mujeres";"Evaluacion"
"2018-2019";"89.37";"Administración y gestión de empresas";"Mujeres";"Evaluacion"
"2017-2018";"88.08";"Administración y gestión de empresas";"Mujeres";"Evaluacion"
"2016-2017";"89.75";"Administración y gestión de empresas";"Mujeres";"Evaluacion"
"2015-2016";"91.28";"Administración y gestión de empresas";"Mujeres";"Evaluacion"
"2022-2023";"88.24";"Otra Educación comercial y empresarial";"Mujeres";"Evaluacion"
"2021-2022";"87.8";"Otra Educación comercial y empresarial";"Mujeres";"Evaluacion"
"2020-2021";"90.58";"Otra Educación comercial y empresarial";"Mujeres";"Evaluacion"
"2019-2020";"91.58";"Otra Educación comercial y empresarial";"Mujeres";"Evaluacion"
"2018-2019";"88.59";"Otra Educación comercial y empresarial";"Mujeres";"Evaluacion"
"2017-2018";"87.87";"Otra Educación comercial y empresarial";"Mujeres";"Evaluacion"
"2016-2017";"87.09";"Otra Educación comercial y empresarial";"Mujeres";"Evaluacion"
"2015-2016";"87.36";"Otra Educación comercial y empresarial";"Mujeres";"Evaluacion"
"2022-2023";"87.5";"Derecho";"Mujeres";"Evaluacion"
"2021-2022";"85.81";"Derecho";"Mujeres";"Evaluacion"
"2020-2021";"87.6";"Derecho";"Mujeres";"Evaluacion"
"2019-2020";"92.82";"Derecho";"Mujeres";"Evaluacion"
"2018-2019";"88.17";"Derecho";"Mujeres";"Evaluacion"
"2017-2018";"90.45";"Derecho";"Mujeres";"Evaluacion"
"2016-2017";"92.06";"Derecho";"Mujeres";"Evaluacion"
"2015-2016";"91.87";"Derecho";"Mujeres";"Evaluacion"
"2022-2023";"90.03";"Total Ciencias";"Mujeres";"Evaluacion"
"2021-2022";"89.78";"Total Ciencias";"Mujeres";"Evaluacion"
"2020-2021";"88.8";"Total Ciencias";"Mujeres";"Evaluacion"
"2019-2020";"92.37";"Total Ciencias";"Mujeres";"Evaluacion"
"2018-2019";"87.78";"Total Ciencias";"Mujeres";"Evaluacion"
"2017-2018";"88.51";"Total Ciencias";"Mujeres";"Evaluacion"
"2016-2017";"89.51";"Total Ciencias";"Mujeres";"Evaluacion"
"2015-2016";"88.74";"Total Ciencias";"Mujeres";"Evaluacion"
"2022-2023";"90.04";"Ciencias de la vida";"Mujeres";"Evaluacion"
"2021-2022";"89.87";"Ciencias de la vida";"Mujeres";"Evaluacion"
"2020-2021";"90.25";"Ciencias de la vida";"Mujeres";"Evaluacion"
"2019-2020";"94.8";"Ciencias de la vida";"Mujeres";"Evaluacion"
"2018-2019";"89.85";"Ciencias de la vida";"Mujeres";"Evaluacion"
"2017-2018";"90.58";"Ciencias de la vida";"Mujeres";"Evaluacion"
"2016-2017";"91.6";"Ciencias de la vida";"Mujeres";"Evaluacion"
"2015-2016";"91.2";"Ciencias de la vida";"Mujeres";"Evaluacion"
"2022-2023";"90.01";"Ciencias Físicas, químicas, geológicas";"Mujeres";"Evaluacion"
"2021-2022";"89.63";"Ciencias Físicas, químicas, geológicas";"Mujeres";"Evaluacion"
"2020-2021";"86.44";"Ciencias Físicas, químicas, geológicas";"Mujeres";"Evaluacion"
"2019-2020";"88.29";"Ciencias Físicas, químicas, geológicas";"Mujeres";"Evaluacion"
"2018-2019";"84.13";"Ciencias Físicas, químicas, geológicas";"Mujeres";"Evaluacion"
"2017-2018";"84.52";"Ciencias Físicas, químicas, geológicas";"Mujeres";"Evaluacion"
"2016-2017";"85.85";"Ciencias Físicas, químicas, geológicas";"Mujeres";"Evaluacion"
"2015-2016";"83.93";"Ciencias Físicas, químicas, geológicas";"Mujeres";"Evaluacion"
"2022-2023";"..";"Matemáticas y Estadística";"Mujeres";"Evaluacion"
"2021-2022";"..";"Matemáticas y Estadística";"Mujeres";"Evaluacion"
"2020-2021";"..";"Matemáticas y Estadística";"Mujeres";"Evaluacion"
"2019-2020";"..";"Matemáticas y Estadística";"Mujeres";"Evaluacion"
"2018-2019";"..";"Matemáticas y Estadística";"Mujeres";"Evaluacion"
"2017-2018";"..";"Matemáticas y Estadística";"Mujeres";"Evaluacion"
"2016-2017";"..";"Matemáticas y Estadística";"Mujeres";"Evaluacion"
"2015-2016";"..";"Matemáticas y Estadística";"Mujeres";"Evaluacion"
"2022-2023";"91.02";"Total Informática";"Mujeres";"Evaluacion"
"2021-2022";"87.06";"Total Informática";"Mujeres";"Evaluacion"
"2020-2021";"82.52";"Total Informática";"Mujeres";"Evaluacion"
"2019-2020";"87.95";"Total Informática";"Mujeres";"Evaluacion"
"2018-2019";"83.79";"Total Informática";"Mujeres";"Evaluacion"
"2017-2018";"83.8";"Total Informática";"Mujeres";"Evaluacion"
"2016-2017";"85.48";"Total Informática";"Mujeres";"Evaluacion"
"2015-2016";"81.48";"Total Informática";"Mujeres";"Evaluacion"
"2022-2023";"91.02";"Informática";"Mujeres";"Evaluacion"
"2021-2022";"87.06";"Informática";"Mujeres";"Evaluacion"
"2020-2021";"82.52";"Informática";"Mujeres";"Evaluacion"
"2019-2020";"87.95";"Informática";"Mujeres";"Evaluacion"
"2018-2019";"83.79";"Informática";"Mujeres";"Evaluacion"
"2017-2018";"83.8";"Informática";"Mujeres";"Evaluacion"
"2016-2017";"85.48";"Informática";"Mujeres";"Evaluacion"
"2015-2016";"81.48";"Informática";"Mujeres";"Evaluacion"
"2022-2023";"78.4";"Total Ingeniería, industria y construcción";"Mujeres";"Evaluacion"
"2021-2022";"78.15";"Total Ingeniería, industria y construcción";"Mujeres";"Evaluacion"
"2020-2021";"77.31";"Total Ingeniería, industria y construcción";"Mujeres";"Evaluacion"
"2019-2020";"84.31";"Total Ingeniería, industria y construcción";"Mujeres";"Evaluacion"
"2018-2019";"79.42";"Total Ingeniería, industria y construcción";"Mujeres";"Evaluacion"
"2017-2018";"82.57";"Total Ingeniería, industria y construcción";"Mujeres";"Evaluacion"
"2016-2017";"82.94";"Total Ingeniería, industria y construcción";"Mujeres";"Evaluacion"
"2015-2016";"84.41";"Total Ingeniería, industria y construcción";"Mujeres";"Evaluacion"
"2022-2023";"78.34";"Ingenierías";"Mujeres";"Evaluacion"
"2021-2022";"78.75";"Ingenierías";"Mujeres";"Evaluacion"
"2020-2021";"77.86";"Ingenierías";"Mujeres";"Evaluacion"
"2019-2020";"84.36";"Ingenierías";"Mujeres";"Evaluacion"
"2018-2019";"79.76";"Ingenierías";"Mujeres";"Evaluacion"
"2017-2018";"83.66";"Ingenierías";"Mujeres";"Evaluacion"
"2016-2017";"83.26";"Ingenierías";"Mujeres";"Evaluacion"
"2015-2016";"84.98";"Ingenierías";"Mujeres";"Evaluacion"
"2022-2023";"78.84";"Arquitectura y construcción";"Mujeres";"Evaluacion"
"2021-2022";"72.82";"Arquitectura y construcción";"Mujeres";"Evaluacion"
"2020-2021";"73.39";"Arquitectura y construcción";"Mujeres";"Evaluacion"
"2019-2020";"83.91";"Arquitectura y construcción";"Mujeres";"Evaluacion"
"2018-2019";"77.02";"Arquitectura y construcción";"Mujeres";"Evaluacion"
"2017-2018";"75.99";"Arquitectura y construcción";"Mujeres";"Evaluacion"
"2016-2017";"81.48";"Arquitectura y construcción";"Mujeres";"Evaluacion"
"2015-2016";"82.11";"Arquitectura y construcción";"Mujeres";"Evaluacion"
"2022-2023";"..";"Total Agricultura, ganadería,  silvicultura, pesca, y veterinaria";"Mujeres";"Evaluacion"
"2021-2022";"..";"Total Agricultura, ganadería,  silvicultura, pesca, y veterinaria";"Mujeres";"Evaluacion"
"2020-2021";"..";"Total Agricultura, ganadería,  silvicultura, pesca, y veterinaria";"Mujeres";"Evaluacion"
"2019-2020";"..";"Total Agricultura, ganadería,  silvicultura, pesca, y veterinaria";"Mujeres";"Evaluacion"
"2018-2019";"..";"Total Agricultura, ganadería,  silvicultura, pesca, y veterinaria";"Mujeres";"Evaluacion"
"2017-2018";"..";"Total Agricultura, ganadería,  silvicultura, pesca, y veterinaria";"Mujeres";"Evaluacion"
"2016-2017";"..";"Total Agricultura, ganadería,  silvicultura, pesca, y veterinaria";"Mujeres";"Evaluacion"
"2015-2016";"..";"Total Agricultura, ganadería,  silvicultura, pesca, y veterinaria";"Mujeres";"Evaluacion"
"2022-2023";"..";"Agricultura, ganadería y pesca";"Mujeres";"Evaluacion"
"2021-2022";"..";"Agricultura, ganadería y pesca";"Mujeres";"Evaluacion"
"2020-2021";"..";"Agricultura, ganadería y pesca";"Mujeres";"Evaluacion"
"2019-2020";"..";"Agricultura, ganadería y pesca";"Mujeres";"Evaluacion"
"2018-2019";"..";"Agricultura, ganadería y pesca";"Mujeres";"Evaluacion"
"2017-2018";"..";"Agricultura, ganadería y pesca";"Mujeres";"Evaluacion"
"2016-2017";"..";"Agricultura, ganadería y pesca";"Mujeres";"Evaluacion"
"2015-2016";"..";"Agricultura, ganadería y pesca";"Mujeres";"Evaluacion"
"2022-2023";"..";"Veterinaria";"Mujeres";"Evaluacion"
"2021-2022";"..";"Veterinaria";"Mujeres";"Evaluacion"
"2020-2021";"..";"Veterinaria";"Mujeres";"Evaluacion"
"2019-2020";"..";"Veterinaria";"Mujeres";"Evaluacion"
"2018-2019";"..";"Veterinaria";"Mujeres";"Evaluacion"
"2017-2018";"..";"Veterinaria";"Mujeres";"Evaluacion"
"2016-2017";"..";"Veterinaria";"Mujeres";"Evaluacion"
"2015-2016";"..";"Veterinaria";"Mujeres";"Evaluacion"
"2022-2023";"97.4";"Total Salud y servicios sociales";"Mujeres";"Evaluacion"
"2021-2022";"97.09";"Total Salud y servicios sociales";"Mujeres";"Evaluacion"
"2020-2021";"98.34";"Total Salud y servicios sociales";"Mujeres";"Evaluacion"
"2019-2020";"98.19";"Total Salud y servicios sociales";"Mujeres";"Evaluacion"
"2018-2019";"97.6";"Total Salud y servicios sociales";"Mujeres";"Evaluacion"
"2017-2018";"97.87";"Total Salud y servicios sociales";"Mujeres";"Evaluacion"
"2016-2017";"98.17";"Total Salud y servicios sociales";"Mujeres";"Evaluacion"
"2015-2016";"98.07";"Total Salud y servicios sociales";"Mujeres";"Evaluacion"
"2022-2023";"99.76";"Medicina";"Mujeres";"Evaluacion"
"2021-2022";"..";"Medicina";"Mujeres";"Evaluacion"
"2020-2021";"..";"Medicina";"Mujeres";"Evaluacion"
"2019-2020";"..";"Medicina";"Mujeres";"Evaluacion"
"2018-2019";"..";"Medicina";"Mujeres";"Evaluacion"
"2017-2018";"..";"Medicina";"Mujeres";"Evaluacion"
"2016-2017";"..";"Medicina";"Mujeres";"Evaluacion"
"2015-2016";"..";"Medicina";"Mujeres";"Evaluacion"
"2022-2023";"98.45";"Enfermería y atención a enfermos";"Mujeres";"Evaluacion"
"2021-2022";"98.33";"Enfermería y atención a enfermos";"Mujeres";"Evaluacion"
"2020-2021";"98.6";"Enfermería y atención a enfermos";"Mujeres";"Evaluacion"
"2019-2020";"99.14";"Enfermería y atención a enfermos";"Mujeres";"Evaluacion"
"2018-2019";"98.91";"Enfermería y atención a enfermos";"Mujeres";"Evaluacion"
"2017-2018";"99.2";"Enfermería y atención a enfermos";"Mujeres";"Evaluacion"
"2016-2017";"98.5";"Enfermería y atención a enfermos";"Mujeres";"Evaluacion"
"2015-2016";"99.38";"Enfermería y atención a enfermos";"Mujeres";"Evaluacion"
"2022-2023";"96.36";"Otras ciencias de la Salud";"Mujeres";"Evaluacion"
"2021-2022";"97.59";"Otras ciencias de la Salud";"Mujeres";"Evaluacion"
"2020-2021";"99.54";"Otras ciencias de la Salud";"Mujeres";"Evaluacion"
"2019-2020";"98.3";"Otras ciencias de la Salud";"Mujeres";"Evaluacion"
"2018-2019";"98.31";"Otras ciencias de la Salud";"Mujeres";"Evaluacion"
"2017-2018";"97.28";"Otras ciencias de la Salud";"Mujeres";"Evaluacion"
"2016-2017";"98.53";"Otras ciencias de la Salud";"Mujeres";"Evaluacion"
"2015-2016";"97.67";"Otras ciencias de la Salud";"Mujeres";"Evaluacion"
"2022-2023";"96.42";"Trabajo social y orientación";"Mujeres";"Evaluacion"
"2021-2022";"95.65";"Trabajo social y orientación";"Mujeres";"Evaluacion"
"2020-2021";"97.71";"Trabajo social y orientación";"Mujeres";"Evaluacion"
"2019-2020";"97.26";"Trabajo social y orientación";"Mujeres";"Evaluacion"
"2018-2019";"96.11";"Trabajo social y orientación";"Mujeres";"Evaluacion"
"2017-2018";"96.78";"Trabajo social y orientación";"Mujeres";"Evaluacion"
"2016-2017";"97.72";"Trabajo social y orientación";"Mujeres";"Evaluacion"
"2015-2016";"96.98";"Trabajo social y orientación";"Mujeres";"Evaluacion"
"2022-2023";"83.47";"Total Servicios";"Mujeres";"Evaluacion"
"2021-2022";"89.84";"Total Servicios";"Mujeres";"Evaluacion"
"2020-2021";"93.76";"Total Servicios";"Mujeres";"Evaluacion"
"2019-2020";"94.73";"Total Servicios";"Mujeres";"Evaluacion"
"2018-2019";"88.13";"Total Servicios";"Mujeres";"Evaluacion"
"2017-2018";"90.25";"Total Servicios";"Mujeres";"Evaluacion"
"2016-2017";"89.66";"Total Servicios";"Mujeres";"Evaluacion"
"2015-2016";"92.81";"Total Servicios";"Mujeres";"Evaluacion"
"2022-2023";"..";"Deportes";"Mujeres";"Evaluacion"
"2021-2022";"..";"Deportes";"Mujeres";"Evaluacion"
"2020-2021";"..";"Deportes";"Mujeres";"Evaluacion"
"2019-2020";"..";"Deportes";"Mujeres";"Evaluacion"
"2018-2019";"..";"Deportes";"Mujeres";"Evaluacion"
"2017-2018";"..";"Deportes";"Mujeres";"Evaluacion"
"2016-2017";"..";"Deportes";"Mujeres";"Evaluacion"
"2015-2016";"..";"Deportes";"Mujeres";"Evaluacion"
"2022-2023";"83.47";"Turismo y Hostelería";"Mujeres";"Evaluacion"
"2021-2022";"89.84";"Turismo y Hostelería";"Mujeres";"Evaluacion"
"2020-2021";"93.76";"Turismo y Hostelería";"Mujeres";"Evaluacion"
"2019-2020";"94.73";"Turismo y Hostelería";"Mujeres";"Evaluacion"
"2018-2019";"88.13";"Turismo y Hostelería";"Mujeres";"Evaluacion"
"2017-2018";"90.25";"Turismo y Hostelería";"Mujeres";"Evaluacion"
"2016-2017";"89.66";"Turismo y Hostelería";"Mujeres";"Evaluacion"
"2015-2016";"92.81";"Turismo y Hostelería";"Mujeres";"Evaluacion"
"2022-2023";"..";"Otros Servicios";"Mujeres";"Evaluacion"
"2021-2022";"..";"Otros Servicios";"Mujeres";"Evaluacion"
"2020-2021";"..";"Otros Servicios";"Mujeres";"Evaluacion"
"2019-2020";"..";"Otros Servicios";"Mujeres";"Evaluacion"
"2018-2019";"..";"Otros Servicios";"Mujeres";"Evaluacion"
"2017-2018";"..";"Otros Servicios";"Mujeres";"Evaluacion"
"2016-2017";"..";"Otros Servicios";"Mujeres";"Evaluacion"
"2015-2016";"..";"Otros Servicios";"Mujeres";"Evaluacion"
