"Anio";"Valor";"Carrera";"Genero";"Tasa"
"2022-2023";"???";"Vigo";"Ambos Sexos";"Rendimiento"
"2021-2022";"???";"Vigo";"Ambos Sexos";"Rendimiento"
"2020-2021";"???";"Vigo";"Ambos Sexos";"Rendimiento"
"2019-2020";"???";"Vigo";"Ambos Sexos";"Rendimiento"
"2018-2019";"???";"Vigo";"Ambos Sexos";"Rendimiento"
"2017-2018";"???";"Vigo";"Ambos Sexos";"Rendimiento"
"2016-2017";"???";"Vigo";"Ambos Sexos";"Rendimiento"
"2015-2016";"???";"Vigo";"Ambos Sexos";"Rendimiento"
"2022-2023";"74.2";"Todos los ámbitos";"Ambos Sexos";"Rendimiento"
"2021-2022";"74.05";"Todos los ámbitos";"Ambos Sexos";"Rendimiento"
"2020-2021";"74.31";"Todos los ámbitos";"Ambos Sexos";"Rendimiento"
"2019-2020";"81.17";"Todos los ámbitos";"Ambos Sexos";"Rendimiento"
"2018-2019";"73.24";"Todos los ámbitos";"Ambos Sexos";"Rendimiento"
"2017-2018";"72.36";"Todos los ámbitos";"Ambos Sexos";"Rendimiento"
"2016-2017";"72.51";"Todos los ámbitos";"Ambos Sexos";"Rendimiento"
"2015-2016";"71.97";"Todos los ámbitos";"Ambos Sexos";"Rendimiento"
"2022-2023";"92.39";"Total Educación";"Ambos Sexos";"Rendimiento"
"2021-2022";"92.85";"Total Educación";"Ambos Sexos";"Rendimiento"
"2020-2021";"93.71";"Total Educación";"Ambos Sexos";"Rendimiento"
"2019-2020";"94.65";"Total Educación";"Ambos Sexos";"Rendimiento"
"2018-2019";"91.27";"Total Educación";"Ambos Sexos";"Rendimiento"
"2017-2018";"90.85";"Total Educación";"Ambos Sexos";"Rendimiento"
"2016-2017";"89.3";"Total Educación";"Ambos Sexos";"Rendimiento"
"2015-2016";"88.59";"Total Educación";"Ambos Sexos";"Rendimiento"
"2022-2023";"92.0";"Formación de docentes de enseñanza infantil";"Ambos Sexos";"Rendimiento"
"2021-2022";"93.57";"Formación de docentes de enseñanza infantil";"Ambos Sexos";"Rendimiento"
"2020-2021";"92.55";"Formación de docentes de enseñanza infantil";"Ambos Sexos";"Rendimiento"
"2019-2020";"94.17";"Formación de docentes de enseñanza infantil";"Ambos Sexos";"Rendimiento"
"2018-2019";"92.62";"Formación de docentes de enseñanza infantil";"Ambos Sexos";"Rendimiento"
"2017-2018";"92.51";"Formación de docentes de enseñanza infantil";"Ambos Sexos";"Rendimiento"
"2016-2017";"91.25";"Formación de docentes de enseñanza infantil";"Ambos Sexos";"Rendimiento"
"2015-2016";"90.32";"Formación de docentes de enseñanza infantil";"Ambos Sexos";"Rendimiento"
"2022-2023";"92.37";"Formación de docentes de enseñanza primaria";"Ambos Sexos";"Rendimiento"
"2021-2022";"92.06";"Formación de docentes de enseñanza primaria";"Ambos Sexos";"Rendimiento"
"2020-2021";"94.69";"Formación de docentes de enseñanza primaria";"Ambos Sexos";"Rendimiento"
"2019-2020";"95.44";"Formación de docentes de enseñanza primaria";"Ambos Sexos";"Rendimiento"
"2018-2019";"90.39";"Formación de docentes de enseñanza primaria";"Ambos Sexos";"Rendimiento"
"2017-2018";"89.49";"Formación de docentes de enseñanza primaria";"Ambos Sexos";"Rendimiento"
"2016-2017";"87.83";"Formación de docentes de enseñanza primaria";"Ambos Sexos";"Rendimiento"
"2015-2016";"86.99";"Formación de docentes de enseñanza primaria";"Ambos Sexos";"Rendimiento"
"2022-2023";"93.67";"Otra Formación de personal docente y ciencias de la educación";"Ambos Sexos";"Rendimiento"
"2021-2022";"93.28";"Otra Formación de personal docente y ciencias de la educación";"Ambos Sexos";"Rendimiento"
"2020-2021";"94.07";"Otra Formación de personal docente y ciencias de la educación";"Ambos Sexos";"Rendimiento"
"2019-2020";"93.6";"Otra Formación de personal docente y ciencias de la educación";"Ambos Sexos";"Rendimiento"
"2018-2019";"89.96";"Otra Formación de personal docente y ciencias de la educación";"Ambos Sexos";"Rendimiento"
"2017-2018";"90.29";"Otra Formación de personal docente y ciencias de la educación";"Ambos Sexos";"Rendimiento"
"2016-2017";"88.34";"Otra Formación de personal docente y ciencias de la educación";"Ambos Sexos";"Rendimiento"
"2015-2016";"88.64";"Otra Formación de personal docente y ciencias de la educación";"Ambos Sexos";"Rendimiento"
"2022-2023";"81.48";"Total Artes y humanidades";"Ambos Sexos";"Rendimiento"
"2021-2022";"81.5";"Total Artes y humanidades";"Ambos Sexos";"Rendimiento"
"2020-2021";"83.88";"Total Artes y humanidades";"Ambos Sexos";"Rendimiento"
"2019-2020";"85.98";"Total Artes y humanidades";"Ambos Sexos";"Rendimiento"
"2018-2019";"82.32";"Total Artes y humanidades";"Ambos Sexos";"Rendimiento"
"2017-2018";"82.69";"Total Artes y humanidades";"Ambos Sexos";"Rendimiento"
"2016-2017";"82.07";"Total Artes y humanidades";"Ambos Sexos";"Rendimiento"
"2015-2016";"82.65";"Total Artes y humanidades";"Ambos Sexos";"Rendimiento"
"2022-2023";"92.12";"Técnicas audiovisuales y medios de comunicación";"Ambos Sexos";"Rendimiento"
"2021-2022";"95.12";"Técnicas audiovisuales y medios de comunicación";"Ambos Sexos";"Rendimiento"
"2020-2021";"95.07";"Técnicas audiovisuales y medios de comunicación";"Ambos Sexos";"Rendimiento"
"2019-2020";"94.74";"Técnicas audiovisuales y medios de comunicación";"Ambos Sexos";"Rendimiento"
"2018-2019";"93.51";"Técnicas audiovisuales y medios de comunicación";"Ambos Sexos";"Rendimiento"
"2017-2018";"92.91";"Técnicas audiovisuales y medios de comunicación";"Ambos Sexos";"Rendimiento"
"2016-2017";"91.47";"Técnicas audiovisuales y medios de comunicación";"Ambos Sexos";"Rendimiento"
"2015-2016";"93.24";"Técnicas audiovisuales y medios de comunicación";"Ambos Sexos";"Rendimiento"
"2022-2023";"85.01";"Artes";"Ambos Sexos";"Rendimiento"
"2021-2022";"85.41";"Artes";"Ambos Sexos";"Rendimiento"
"2020-2021";"87.66";"Artes";"Ambos Sexos";"Rendimiento"
"2019-2020";"90.09";"Artes";"Ambos Sexos";"Rendimiento"
"2018-2019";"86.02";"Artes";"Ambos Sexos";"Rendimiento"
"2017-2018";"85.62";"Artes";"Ambos Sexos";"Rendimiento"
"2016-2017";"83.52";"Artes";"Ambos Sexos";"Rendimiento"
"2015-2016";"83.02";"Artes";"Ambos Sexos";"Rendimiento"
"2022-2023";"79.59";"Lenguas";"Ambos Sexos";"Rendimiento"
"2021-2022";"78.87";"Lenguas";"Ambos Sexos";"Rendimiento"
"2020-2021";"80.04";"Lenguas";"Ambos Sexos";"Rendimiento"
"2019-2020";"82.88";"Lenguas";"Ambos Sexos";"Rendimiento"
"2018-2019";"78.51";"Lenguas";"Ambos Sexos";"Rendimiento"
"2017-2018";"80.76";"Lenguas";"Ambos Sexos";"Rendimiento"
"2016-2017";"80.24";"Lenguas";"Ambos Sexos";"Rendimiento"
"2015-2016";"81.89";"Lenguas";"Ambos Sexos";"Rendimiento"
"2022-2023";"69.2";"Humanidades";"Ambos Sexos";"Rendimiento"
"2021-2022";"67.59";"Humanidades";"Ambos Sexos";"Rendimiento"
"2020-2021";"76.93";"Humanidades";"Ambos Sexos";"Rendimiento"
"2019-2020";"76.0";"Humanidades";"Ambos Sexos";"Rendimiento"
"2018-2019";"73.61";"Humanidades";"Ambos Sexos";"Rendimiento"
"2017-2018";"68.01";"Humanidades";"Ambos Sexos";"Rendimiento"
"2016-2017";"72.36";"Humanidades";"Ambos Sexos";"Rendimiento"
"2015-2016";"69.61";"Humanidades";"Ambos Sexos";"Rendimiento"
"2022-2023";"63.95";"Total Ciencias sociales, periodismo y documentación";"Ambos Sexos";"Rendimiento"
"2021-2022";"63.79";"Total Ciencias sociales, periodismo y documentación";"Ambos Sexos";"Rendimiento"
"2020-2021";"63.72";"Total Ciencias sociales, periodismo y documentación";"Ambos Sexos";"Rendimiento"
"2019-2020";"76.38";"Total Ciencias sociales, periodismo y documentación";"Ambos Sexos";"Rendimiento"
"2018-2019";"63.82";"Total Ciencias sociales, periodismo y documentación";"Ambos Sexos";"Rendimiento"
"2017-2018";"63.66";"Total Ciencias sociales, periodismo y documentación";"Ambos Sexos";"Rendimiento"
"2016-2017";"65.19";"Total Ciencias sociales, periodismo y documentación";"Ambos Sexos";"Rendimiento"
"2015-2016";"67.86";"Total Ciencias sociales, periodismo y documentación";"Ambos Sexos";"Rendimiento"
"2022-2023";"..";"Psicología";"Ambos Sexos";"Rendimiento"
"2021-2022";"..";"Psicología";"Ambos Sexos";"Rendimiento"
"2020-2021";"..";"Psicología";"Ambos Sexos";"Rendimiento"
"2019-2020";"..";"Psicología";"Ambos Sexos";"Rendimiento"
"2018-2019";"..";"Psicología";"Ambos Sexos";"Rendimiento"
"2017-2018";"..";"Psicología";"Ambos Sexos";"Rendimiento"
"2016-2017";"..";"Psicología";"Ambos Sexos";"Rendimiento"
"2015-2016";"..";"Psicología";"Ambos Sexos";"Rendimiento"
"2022-2023";"60.51";"Economía";"Ambos Sexos";"Rendimiento"
"2021-2022";"63.79";"Economía";"Ambos Sexos";"Rendimiento"
"2020-2021";"63.72";"Economía";"Ambos Sexos";"Rendimiento"
"2019-2020";"76.38";"Economía";"Ambos Sexos";"Rendimiento"
"2018-2019";"63.76";"Economía";"Ambos Sexos";"Rendimiento"
"2017-2018";"63.71";"Economía";"Ambos Sexos";"Rendimiento"
"2016-2017";"65.27";"Economía";"Ambos Sexos";"Rendimiento"
"2015-2016";"68.14";"Economía";"Ambos Sexos";"Rendimiento"
"2022-2023";"97.28";"Otras Ciencias sociales y del comportamiento";"Ambos Sexos";"Rendimiento"
"2021-2022";"..";"Otras Ciencias sociales y del comportamiento";"Ambos Sexos";"Rendimiento"
"2020-2021";"..";"Otras Ciencias sociales y del comportamiento";"Ambos Sexos";"Rendimiento"
"2019-2020";"..";"Otras Ciencias sociales y del comportamiento";"Ambos Sexos";"Rendimiento"
"2018-2019";"..";"Otras Ciencias sociales y del comportamiento";"Ambos Sexos";"Rendimiento"
"2017-2018";"..";"Otras Ciencias sociales y del comportamiento";"Ambos Sexos";"Rendimiento"
"2016-2017";"..";"Otras Ciencias sociales y del comportamiento";"Ambos Sexos";"Rendimiento"
"2015-2016";"..";"Otras Ciencias sociales y del comportamiento";"Ambos Sexos";"Rendimiento"
"2022-2023";"..";"Periodismo e información";"Ambos Sexos";"Rendimiento"
"2021-2022";"..";"Periodismo e información";"Ambos Sexos";"Rendimiento"
"2020-2021";"..";"Periodismo e información";"Ambos Sexos";"Rendimiento"
"2019-2020";"..";"Periodismo e información";"Ambos Sexos";"Rendimiento"
"2018-2019";"..";"Periodismo e información";"Ambos Sexos";"Rendimiento"
"2017-2018";"..";"Periodismo e información";"Ambos Sexos";"Rendimiento"
"2016-2017";"..";"Periodismo e información";"Ambos Sexos";"Rendimiento"
"2015-2016";"..";"Periodismo e información";"Ambos Sexos";"Rendimiento"
"2022-2023";"69.13";"Total Negocios, administración y derecho";"Ambos Sexos";"Rendimiento"
"2021-2022";"68.58";"Total Negocios, administración y derecho";"Ambos Sexos";"Rendimiento"
"2020-2021";"69.99";"Total Negocios, administración y derecho";"Ambos Sexos";"Rendimiento"
"2019-2020";"79.1";"Total Negocios, administración y derecho";"Ambos Sexos";"Rendimiento"
"2018-2019";"68.32";"Total Negocios, administración y derecho";"Ambos Sexos";"Rendimiento"
"2017-2018";"67.08";"Total Negocios, administración y derecho";"Ambos Sexos";"Rendimiento"
"2016-2017";"66.92";"Total Negocios, administración y derecho";"Ambos Sexos";"Rendimiento"
"2015-2016";"67.3";"Total Negocios, administración y derecho";"Ambos Sexos";"Rendimiento"
"2022-2023";"64.27";"Administración y gestión de empresas";"Ambos Sexos";"Rendimiento"
"2021-2022";"63.5";"Administración y gestión de empresas";"Ambos Sexos";"Rendimiento"
"2020-2021";"65.2";"Administración y gestión de empresas";"Ambos Sexos";"Rendimiento"
"2019-2020";"74.54";"Administración y gestión de empresas";"Ambos Sexos";"Rendimiento"
"2018-2019";"62.46";"Administración y gestión de empresas";"Ambos Sexos";"Rendimiento"
"2017-2018";"61.96";"Administración y gestión de empresas";"Ambos Sexos";"Rendimiento"
"2016-2017";"61.36";"Administración y gestión de empresas";"Ambos Sexos";"Rendimiento"
"2015-2016";"61.53";"Administración y gestión de empresas";"Ambos Sexos";"Rendimiento"
"2022-2023";"77.71";"Otra Educación comercial y empresarial";"Ambos Sexos";"Rendimiento"
"2021-2022";"77.6";"Otra Educación comercial y empresarial";"Ambos Sexos";"Rendimiento"
"2020-2021";"81.47";"Otra Educación comercial y empresarial";"Ambos Sexos";"Rendimiento"
"2019-2020";"85.08";"Otra Educación comercial y empresarial";"Ambos Sexos";"Rendimiento"
"2018-2019";"78.69";"Otra Educación comercial y empresarial";"Ambos Sexos";"Rendimiento"
"2017-2018";"76.69";"Otra Educación comercial y empresarial";"Ambos Sexos";"Rendimiento"
"2016-2017";"79.78";"Otra Educación comercial y empresarial";"Ambos Sexos";"Rendimiento"
"2015-2016";"78.88";"Otra Educación comercial y empresarial";"Ambos Sexos";"Rendimiento"
"2022-2023";"71.04";"Derecho";"Ambos Sexos";"Rendimiento"
"2021-2022";"70.98";"Derecho";"Ambos Sexos";"Rendimiento"
"2020-2021";"70.25";"Derecho";"Ambos Sexos";"Rendimiento"
"2019-2020";"83.26";"Derecho";"Ambos Sexos";"Rendimiento"
"2018-2019";"72.04";"Derecho";"Ambos Sexos";"Rendimiento"
"2017-2018";"70.23";"Derecho";"Ambos Sexos";"Rendimiento"
"2016-2017";"69.11";"Derecho";"Ambos Sexos";"Rendimiento"
"2015-2016";"71.18";"Derecho";"Ambos Sexos";"Rendimiento"
"2022-2023";"71.59";"Total Ciencias";"Ambos Sexos";"Rendimiento"
"2021-2022";"72.2";"Total Ciencias";"Ambos Sexos";"Rendimiento"
"2020-2021";"71.57";"Total Ciencias";"Ambos Sexos";"Rendimiento"
"2019-2020";"81.51";"Total Ciencias";"Ambos Sexos";"Rendimiento"
"2018-2019";"72.56";"Total Ciencias";"Ambos Sexos";"Rendimiento"
"2017-2018";"70.65";"Total Ciencias";"Ambos Sexos";"Rendimiento"
"2016-2017";"72.54";"Total Ciencias";"Ambos Sexos";"Rendimiento"
"2015-2016";"71.35";"Total Ciencias";"Ambos Sexos";"Rendimiento"
"2022-2023";"77.29";"Ciencias de la vida";"Ambos Sexos";"Rendimiento"
"2021-2022";"76.38";"Ciencias de la vida";"Ambos Sexos";"Rendimiento"
"2020-2021";"77.61";"Ciencias de la vida";"Ambos Sexos";"Rendimiento"
"2019-2020";"86.68";"Ciencias de la vida";"Ambos Sexos";"Rendimiento"
"2018-2019";"77.35";"Ciencias de la vida";"Ambos Sexos";"Rendimiento"
"2017-2018";"76.28";"Ciencias de la vida";"Ambos Sexos";"Rendimiento"
"2016-2017";"77.1";"Ciencias de la vida";"Ambos Sexos";"Rendimiento"
"2015-2016";"77.69";"Ciencias de la vida";"Ambos Sexos";"Rendimiento"
"2022-2023";"65.87";"Ciencias Físicas, químicas, geológicas";"Ambos Sexos";"Rendimiento"
"2021-2022";"67.73";"Ciencias Físicas, químicas, geológicas";"Ambos Sexos";"Rendimiento"
"2020-2021";"65.48";"Ciencias Físicas, químicas, geológicas";"Ambos Sexos";"Rendimiento"
"2019-2020";"76.17";"Ciencias Físicas, químicas, geológicas";"Ambos Sexos";"Rendimiento"
"2018-2019";"67.86";"Ciencias Físicas, químicas, geológicas";"Ambos Sexos";"Rendimiento"
"2017-2018";"64.8";"Ciencias Físicas, químicas, geológicas";"Ambos Sexos";"Rendimiento"
"2016-2017";"67.85";"Ciencias Físicas, químicas, geológicas";"Ambos Sexos";"Rendimiento"
"2015-2016";"64.58";"Ciencias Físicas, químicas, geológicas";"Ambos Sexos";"Rendimiento"
"2022-2023";"..";"Matemáticas y Estadística";"Ambos Sexos";"Rendimiento"
"2021-2022";"..";"Matemáticas y Estadística";"Ambos Sexos";"Rendimiento"
"2020-2021";"..";"Matemáticas y Estadística";"Ambos Sexos";"Rendimiento"
"2019-2020";"..";"Matemáticas y Estadística";"Ambos Sexos";"Rendimiento"
"2018-2019";"..";"Matemáticas y Estadística";"Ambos Sexos";"Rendimiento"
"2017-2018";"..";"Matemáticas y Estadística";"Ambos Sexos";"Rendimiento"
"2016-2017";"..";"Matemáticas y Estadística";"Ambos Sexos";"Rendimiento"
"2015-2016";"..";"Matemáticas y Estadística";"Ambos Sexos";"Rendimiento"
"2022-2023";"64.94";"Total Informática";"Ambos Sexos";"Rendimiento"
"2021-2022";"65.18";"Total Informática";"Ambos Sexos";"Rendimiento"
"2020-2021";"62.42";"Total Informática";"Ambos Sexos";"Rendimiento"
"2019-2020";"76.4";"Total Informática";"Ambos Sexos";"Rendimiento"
"2018-2019";"66.4";"Total Informática";"Ambos Sexos";"Rendimiento"
"2017-2018";"65.93";"Total Informática";"Ambos Sexos";"Rendimiento"
"2016-2017";"63.7";"Total Informática";"Ambos Sexos";"Rendimiento"
"2015-2016";"59.32";"Total Informática";"Ambos Sexos";"Rendimiento"
"2022-2023";"64.94";"Informática";"Ambos Sexos";"Rendimiento"
"2021-2022";"65.18";"Informática";"Ambos Sexos";"Rendimiento"
"2020-2021";"62.42";"Informática";"Ambos Sexos";"Rendimiento"
"2019-2020";"76.4";"Informática";"Ambos Sexos";"Rendimiento"
"2018-2019";"66.4";"Informática";"Ambos Sexos";"Rendimiento"
"2017-2018";"65.93";"Informática";"Ambos Sexos";"Rendimiento"
"2016-2017";"63.7";"Informática";"Ambos Sexos";"Rendimiento"
"2015-2016";"59.32";"Informática";"Ambos Sexos";"Rendimiento"
"2022-2023";"59.04";"Total Ingeniería, industria y construcción";"Ambos Sexos";"Rendimiento"
"2021-2022";"58.62";"Total Ingeniería, industria y construcción";"Ambos Sexos";"Rendimiento"
"2020-2021";"58.82";"Total Ingeniería, industria y construcción";"Ambos Sexos";"Rendimiento"
"2019-2020";"68.17";"Total Ingeniería, industria y construcción";"Ambos Sexos";"Rendimiento"
"2018-2019";"58.42";"Total Ingeniería, industria y construcción";"Ambos Sexos";"Rendimiento"
"2017-2018";"57.21";"Total Ingeniería, industria y construcción";"Ambos Sexos";"Rendimiento"
"2016-2017";"59.24";"Total Ingeniería, industria y construcción";"Ambos Sexos";"Rendimiento"
"2015-2016";"58.29";"Total Ingeniería, industria y construcción";"Ambos Sexos";"Rendimiento"
"2022-2023";"59.04";"Ingenierías";"Ambos Sexos";"Rendimiento"
"2021-2022";"58.62";"Ingenierías";"Ambos Sexos";"Rendimiento"
"2020-2021";"58.82";"Ingenierías";"Ambos Sexos";"Rendimiento"
"2019-2020";"68.17";"Ingenierías";"Ambos Sexos";"Rendimiento"
"2018-2019";"58.42";"Ingenierías";"Ambos Sexos";"Rendimiento"
"2017-2018";"57.21";"Ingenierías";"Ambos Sexos";"Rendimiento"
"2016-2017";"59.24";"Ingenierías";"Ambos Sexos";"Rendimiento"
"2015-2016";"58.29";"Ingenierías";"Ambos Sexos";"Rendimiento"
"2022-2023";"..";"Arquitectura y construcción";"Ambos Sexos";"Rendimiento"
"2021-2022";"..";"Arquitectura y construcción";"Ambos Sexos";"Rendimiento"
"2020-2021";"..";"Arquitectura y construcción";"Ambos Sexos";"Rendimiento"
"2019-2020";"..";"Arquitectura y construcción";"Ambos Sexos";"Rendimiento"
"2018-2019";"..";"Arquitectura y construcción";"Ambos Sexos";"Rendimiento"
"2017-2018";"..";"Arquitectura y construcción";"Ambos Sexos";"Rendimiento"
"2016-2017";"..";"Arquitectura y construcción";"Ambos Sexos";"Rendimiento"
"2015-2016";"..";"Arquitectura y construcción";"Ambos Sexos";"Rendimiento"
"2022-2023";"57.54";"Total Agricultura, ganadería,  silvicultura, pesca, y veterinaria";"Ambos Sexos";"Rendimiento"
"2021-2022";"60.13";"Total Agricultura, ganadería,  silvicultura, pesca, y veterinaria";"Ambos Sexos";"Rendimiento"
"2020-2021";"60.64";"Total Agricultura, ganadería,  silvicultura, pesca, y veterinaria";"Ambos Sexos";"Rendimiento"
"2019-2020";"71.15";"Total Agricultura, ganadería,  silvicultura, pesca, y veterinaria";"Ambos Sexos";"Rendimiento"
"2018-2019";"60.21";"Total Agricultura, ganadería,  silvicultura, pesca, y veterinaria";"Ambos Sexos";"Rendimiento"
"2017-2018";"62.97";"Total Agricultura, ganadería,  silvicultura, pesca, y veterinaria";"Ambos Sexos";"Rendimiento"
"2016-2017";"64.45";"Total Agricultura, ganadería,  silvicultura, pesca, y veterinaria";"Ambos Sexos";"Rendimiento"
"2015-2016";"66.79";"Total Agricultura, ganadería,  silvicultura, pesca, y veterinaria";"Ambos Sexos";"Rendimiento"
"2022-2023";"57.54";"Agricultura, ganadería y pesca";"Ambos Sexos";"Rendimiento"
"2021-2022";"60.13";"Agricultura, ganadería y pesca";"Ambos Sexos";"Rendimiento"
"2020-2021";"60.64";"Agricultura, ganadería y pesca";"Ambos Sexos";"Rendimiento"
"2019-2020";"71.15";"Agricultura, ganadería y pesca";"Ambos Sexos";"Rendimiento"
"2018-2019";"60.21";"Agricultura, ganadería y pesca";"Ambos Sexos";"Rendimiento"
"2017-2018";"62.97";"Agricultura, ganadería y pesca";"Ambos Sexos";"Rendimiento"
"2016-2017";"64.45";"Agricultura, ganadería y pesca";"Ambos Sexos";"Rendimiento"
"2015-2016";"66.79";"Agricultura, ganadería y pesca";"Ambos Sexos";"Rendimiento"
"2022-2023";"..";"Veterinaria";"Ambos Sexos";"Rendimiento"
"2021-2022";"..";"Veterinaria";"Ambos Sexos";"Rendimiento"
"2020-2021";"..";"Veterinaria";"Ambos Sexos";"Rendimiento"
"2019-2020";"..";"Veterinaria";"Ambos Sexos";"Rendimiento"
"2018-2019";"..";"Veterinaria";"Ambos Sexos";"Rendimiento"
"2017-2018";"..";"Veterinaria";"Ambos Sexos";"Rendimiento"
"2016-2017";"..";"Veterinaria";"Ambos Sexos";"Rendimiento"
"2015-2016";"..";"Veterinaria";"Ambos Sexos";"Rendimiento"
"2022-2023";"87.99";"Total Salud y servicios sociales";"Ambos Sexos";"Rendimiento"
"2021-2022";"88.86";"Total Salud y servicios sociales";"Ambos Sexos";"Rendimiento"
"2020-2021";"88.34";"Total Salud y servicios sociales";"Ambos Sexos";"Rendimiento"
"2019-2020";"93.29";"Total Salud y servicios sociales";"Ambos Sexos";"Rendimiento"
"2018-2019";"89.13";"Total Salud y servicios sociales";"Ambos Sexos";"Rendimiento"
"2017-2018";"89.08";"Total Salud y servicios sociales";"Ambos Sexos";"Rendimiento"
"2016-2017";"89.68";"Total Salud y servicios sociales";"Ambos Sexos";"Rendimiento"
"2015-2016";"88.11";"Total Salud y servicios sociales";"Ambos Sexos";"Rendimiento"
"2022-2023";"..";"Medicina";"Ambos Sexos";"Rendimiento"
"2021-2022";"..";"Medicina";"Ambos Sexos";"Rendimiento"
"2020-2021";"..";"Medicina";"Ambos Sexos";"Rendimiento"
"2019-2020";"..";"Medicina";"Ambos Sexos";"Rendimiento"
"2018-2019";"..";"Medicina";"Ambos Sexos";"Rendimiento"
"2017-2018";"..";"Medicina";"Ambos Sexos";"Rendimiento"
"2016-2017";"..";"Medicina";"Ambos Sexos";"Rendimiento"
"2015-2016";"..";"Medicina";"Ambos Sexos";"Rendimiento"
"2022-2023";"90.63";"Enfermería y atención a enfermos";"Ambos Sexos";"Rendimiento"
"2021-2022";"91.76";"Enfermería y atención a enfermos";"Ambos Sexos";"Rendimiento"
"2020-2021";"89.82";"Enfermería y atención a enfermos";"Ambos Sexos";"Rendimiento"
"2019-2020";"94.11";"Enfermería y atención a enfermos";"Ambos Sexos";"Rendimiento"
"2018-2019";"90.04";"Enfermería y atención a enfermos";"Ambos Sexos";"Rendimiento"
"2017-2018";"90.45";"Enfermería y atención a enfermos";"Ambos Sexos";"Rendimiento"
"2016-2017";"91.44";"Enfermería y atención a enfermos";"Ambos Sexos";"Rendimiento"
"2015-2016";"89.77";"Enfermería y atención a enfermos";"Ambos Sexos";"Rendimiento"
"2022-2023";"82.74";"Otras ciencias de la Salud";"Ambos Sexos";"Rendimiento"
"2021-2022";"85.59";"Otras ciencias de la Salud";"Ambos Sexos";"Rendimiento"
"2020-2021";"85.22";"Otras ciencias de la Salud";"Ambos Sexos";"Rendimiento"
"2019-2020";"93.42";"Otras ciencias de la Salud";"Ambos Sexos";"Rendimiento"
"2018-2019";"88.09";"Otras ciencias de la Salud";"Ambos Sexos";"Rendimiento"
"2017-2018";"88.33";"Otras ciencias de la Salud";"Ambos Sexos";"Rendimiento"
"2016-2017";"91.13";"Otras ciencias de la Salud";"Ambos Sexos";"Rendimiento"
"2015-2016";"88.19";"Otras ciencias de la Salud";"Ambos Sexos";"Rendimiento"
"2022-2023";"87.86";"Trabajo social y orientación";"Ambos Sexos";"Rendimiento"
"2021-2022";"85.73";"Trabajo social y orientación";"Ambos Sexos";"Rendimiento"
"2020-2021";"88.19";"Trabajo social y orientación";"Ambos Sexos";"Rendimiento"
"2019-2020";"90.7";"Trabajo social y orientación";"Ambos Sexos";"Rendimiento"
"2018-2019";"87.49";"Trabajo social y orientación";"Ambos Sexos";"Rendimiento"
"2017-2018";"85.46";"Trabajo social y orientación";"Ambos Sexos";"Rendimiento"
"2016-2017";"82.95";"Trabajo social y orientación";"Ambos Sexos";"Rendimiento"
"2015-2016";"82.61";"Trabajo social y orientación";"Ambos Sexos";"Rendimiento"
"2022-2023";"80.69";"Total Servicios";"Ambos Sexos";"Rendimiento"
"2021-2022";"78.73";"Total Servicios";"Ambos Sexos";"Rendimiento"
"2020-2021";"79.54";"Total Servicios";"Ambos Sexos";"Rendimiento"
"2019-2020";"84.93";"Total Servicios";"Ambos Sexos";"Rendimiento"
"2018-2019";"76.75";"Total Servicios";"Ambos Sexos";"Rendimiento"
"2017-2018";"77.82";"Total Servicios";"Ambos Sexos";"Rendimiento"
"2016-2017";"77.22";"Total Servicios";"Ambos Sexos";"Rendimiento"
"2015-2016";"78.7";"Total Servicios";"Ambos Sexos";"Rendimiento"
"2022-2023";"84.65";"Deportes";"Ambos Sexos";"Rendimiento"
"2021-2022";"83.03";"Deportes";"Ambos Sexos";"Rendimiento"
"2020-2021";"82.99";"Deportes";"Ambos Sexos";"Rendimiento"
"2019-2020";"88.53";"Deportes";"Ambos Sexos";"Rendimiento"
"2018-2019";"80.05";"Deportes";"Ambos Sexos";"Rendimiento"
"2017-2018";"81.11";"Deportes";"Ambos Sexos";"Rendimiento"
"2016-2017";"79.74";"Deportes";"Ambos Sexos";"Rendimiento"
"2015-2016";"80.66";"Deportes";"Ambos Sexos";"Rendimiento"
"2022-2023";"71.2";"Turismo y Hostelería";"Ambos Sexos";"Rendimiento"
"2021-2022";"69.29";"Turismo y Hostelería";"Ambos Sexos";"Rendimiento"
"2020-2021";"72.76";"Turismo y Hostelería";"Ambos Sexos";"Rendimiento"
"2019-2020";"77.95";"Turismo y Hostelería";"Ambos Sexos";"Rendimiento"
"2018-2019";"70.11";"Turismo y Hostelería";"Ambos Sexos";"Rendimiento"
"2017-2018";"71.47";"Turismo y Hostelería";"Ambos Sexos";"Rendimiento"
"2016-2017";"72.45";"Turismo y Hostelería";"Ambos Sexos";"Rendimiento"
"2015-2016";"75.04";"Turismo y Hostelería";"Ambos Sexos";"Rendimiento"
"2022-2023";"..";"Otros Servicios";"Ambos Sexos";"Rendimiento"
"2021-2022";"..";"Otros Servicios";"Ambos Sexos";"Rendimiento"
"2020-2021";"..";"Otros Servicios";"Ambos Sexos";"Rendimiento"
"2019-2020";"..";"Otros Servicios";"Ambos Sexos";"Rendimiento"
"2018-2019";"..";"Otros Servicios";"Ambos Sexos";"Rendimiento"
"2017-2018";"..";"Otros Servicios";"Ambos Sexos";"Rendimiento"
"2016-2017";"..";"Otros Servicios";"Ambos Sexos";"Rendimiento"
"2015-2016";"..";"Otros Servicios";"Ambos Sexos";"Rendimiento"
"2022-2023";"???";"Vigo";"Ambos Sexos";"Exito"
"2021-2022";"???";"Vigo";"Ambos Sexos";"Exito"
"2020-2021";"???";"Vigo";"Ambos Sexos";"Exito"
"2019-2020";"???";"Vigo";"Ambos Sexos";"Exito"
"2018-2019";"???";"Vigo";"Ambos Sexos";"Exito"
"2017-2018";"???";"Vigo";"Ambos Sexos";"Exito"
"2016-2017";"???";"Vigo";"Ambos Sexos";"Exito"
"2015-2016";"???";"Vigo";"Ambos Sexos";"Exito"
"2022-2023";"84.83";"Todos los ámbitos";"Ambos Sexos";"Exito"
"2021-2022";"85.37";"Todos los ámbitos";"Ambos Sexos";"Exito"
"2020-2021";"84.95";"Todos los ámbitos";"Ambos Sexos";"Exito"
"2019-2020";"90.05";"Todos los ámbitos";"Ambos Sexos";"Exito"
"2018-2019";"84.75";"Todos los ámbitos";"Ambos Sexos";"Exito"
"2017-2018";"83.56";"Todos los ámbitos";"Ambos Sexos";"Exito"
"2016-2017";"83.45";"Todos los ámbitos";"Ambos Sexos";"Exito"
"2015-2016";"82.47";"Todos los ámbitos";"Ambos Sexos";"Exito"
"2022-2023";"96.13";"Total Educación";"Ambos Sexos";"Exito"
"2021-2022";"96.85";"Total Educación";"Ambos Sexos";"Exito"
"2020-2021";"97.37";"Total Educación";"Ambos Sexos";"Exito"
"2019-2020";"98.42";"Total Educación";"Ambos Sexos";"Exito"
"2018-2019";"96.76";"Total Educación";"Ambos Sexos";"Exito"
"2017-2018";"96.56";"Total Educación";"Ambos Sexos";"Exito"
"2016-2017";"95.68";"Total Educación";"Ambos Sexos";"Exito"
"2015-2016";"95.24";"Total Educación";"Ambos Sexos";"Exito"
"2022-2023";"95.73";"Formación de docentes de enseñanza infantil";"Ambos Sexos";"Exito"
"2021-2022";"96.68";"Formación de docentes de enseñanza infantil";"Ambos Sexos";"Exito"
"2020-2021";"96.72";"Formación de docentes de enseñanza infantil";"Ambos Sexos";"Exito"
"2019-2020";"98.02";"Formación de docentes de enseñanza infantil";"Ambos Sexos";"Exito"
"2018-2019";"97.05";"Formación de docentes de enseñanza infantil";"Ambos Sexos";"Exito"
"2017-2018";"97.49";"Formación de docentes de enseñanza infantil";"Ambos Sexos";"Exito"
"2016-2017";"96.58";"Formación de docentes de enseñanza infantil";"Ambos Sexos";"Exito"
"2015-2016";"95.82";"Formación de docentes de enseñanza infantil";"Ambos Sexos";"Exito"
"2022-2023";"95.83";"Formación de docentes de enseñanza primaria";"Ambos Sexos";"Exito"
"2021-2022";"96.62";"Formación de docentes de enseñanza primaria";"Ambos Sexos";"Exito"
"2020-2021";"97.93";"Formación de docentes de enseñanza primaria";"Ambos Sexos";"Exito"
"2019-2020";"98.76";"Formación de docentes de enseñanza primaria";"Ambos Sexos";"Exito"
"2018-2019";"96.17";"Formación de docentes de enseñanza primaria";"Ambos Sexos";"Exito"
"2017-2018";"95.4";"Formación de docentes de enseñanza primaria";"Ambos Sexos";"Exito"
"2016-2017";"94.57";"Formación de docentes de enseñanza primaria";"Ambos Sexos";"Exito"
"2015-2016";"94.21";"Formación de docentes de enseñanza primaria";"Ambos Sexos";"Exito"
"2022-2023";"98.41";"Otra Formación de personal docente y ciencias de la educación";"Ambos Sexos";"Exito"
"2021-2022";"98.08";"Otra Formación de personal docente y ciencias de la educación";"Ambos Sexos";"Exito"
"2020-2021";"97.54";"Otra Formación de personal docente y ciencias de la educación";"Ambos Sexos";"Exito"
"2019-2020";"98.56";"Otra Formación de personal docente y ciencias de la educación";"Ambos Sexos";"Exito"
"2018-2019";"97.71";"Otra Formación de personal docente y ciencias de la educación";"Ambos Sexos";"Exito"
"2017-2018";"97.45";"Otra Formación de personal docente y ciencias de la educación";"Ambos Sexos";"Exito"
"2016-2017";"96.55";"Otra Formación de personal docente y ciencias de la educación";"Ambos Sexos";"Exito"
"2015-2016";"96.74";"Otra Formación de personal docente y ciencias de la educación";"Ambos Sexos";"Exito"
"2022-2023";"91.64";"Total Artes y humanidades";"Ambos Sexos";"Exito"
"2021-2022";"92.38";"Total Artes y humanidades";"Ambos Sexos";"Exito"
"2020-2021";"94.05";"Total Artes y humanidades";"Ambos Sexos";"Exito"
"2019-2020";"95.53";"Total Artes y humanidades";"Ambos Sexos";"Exito"
"2018-2019";"93.48";"Total Artes y humanidades";"Ambos Sexos";"Exito"
"2017-2018";"93.36";"Total Artes y humanidades";"Ambos Sexos";"Exito"
"2016-2017";"92.79";"Total Artes y humanidades";"Ambos Sexos";"Exito"
"2015-2016";"93.55";"Total Artes y humanidades";"Ambos Sexos";"Exito"
"2022-2023";"98.49";"Técnicas audiovisuales y medios de comunicación";"Ambos Sexos";"Exito"
"2021-2022";"98.68";"Técnicas audiovisuales y medios de comunicación";"Ambos Sexos";"Exito"
"2020-2021";"99.38";"Técnicas audiovisuales y medios de comunicación";"Ambos Sexos";"Exito"
"2019-2020";"99.61";"Técnicas audiovisuales y medios de comunicación";"Ambos Sexos";"Exito"
"2018-2019";"98.41";"Técnicas audiovisuales y medios de comunicación";"Ambos Sexos";"Exito"
"2017-2018";"99.19";"Técnicas audiovisuales y medios de comunicación";"Ambos Sexos";"Exito"
"2016-2017";"98.72";"Técnicas audiovisuales y medios de comunicación";"Ambos Sexos";"Exito"
"2015-2016";"98.7";"Técnicas audiovisuales y medios de comunicación";"Ambos Sexos";"Exito"
"2022-2023";"95.48";"Artes";"Ambos Sexos";"Exito"
"2021-2022";"96.25";"Artes";"Ambos Sexos";"Exito"
"2020-2021";"97.16";"Artes";"Ambos Sexos";"Exito"
"2019-2020";"98.45";"Artes";"Ambos Sexos";"Exito"
"2018-2019";"96.53";"Artes";"Ambos Sexos";"Exito"
"2017-2018";"96.04";"Artes";"Ambos Sexos";"Exito"
"2016-2017";"95.07";"Artes";"Ambos Sexos";"Exito"
"2015-2016";"95.79";"Artes";"Ambos Sexos";"Exito"
"2022-2023";"88.86";"Lenguas";"Ambos Sexos";"Exito"
"2021-2022";"89.02";"Lenguas";"Ambos Sexos";"Exito"
"2020-2021";"90.94";"Lenguas";"Ambos Sexos";"Exito"
"2019-2020";"93.07";"Lenguas";"Ambos Sexos";"Exito"
"2018-2019";"90.23";"Lenguas";"Ambos Sexos";"Exito"
"2017-2018";"90.73";"Lenguas";"Ambos Sexos";"Exito"
"2016-2017";"90.16";"Lenguas";"Ambos Sexos";"Exito"
"2015-2016";"90.94";"Lenguas";"Ambos Sexos";"Exito"
"2022-2023";"84.3";"Humanidades";"Ambos Sexos";"Exito"
"2021-2022";"87.06";"Humanidades";"Ambos Sexos";"Exito"
"2020-2021";"91.44";"Humanidades";"Ambos Sexos";"Exito"
"2019-2020";"91.49";"Humanidades";"Ambos Sexos";"Exito"
"2018-2019";"92.06";"Humanidades";"Ambos Sexos";"Exito"
"2017-2018";"89.66";"Humanidades";"Ambos Sexos";"Exito"
"2016-2017";"90.53";"Humanidades";"Ambos Sexos";"Exito"
"2015-2016";"93.14";"Humanidades";"Ambos Sexos";"Exito"
"2022-2023";"78.7";"Total Ciencias sociales, periodismo y documentación";"Ambos Sexos";"Exito"
"2021-2022";"77.44";"Total Ciencias sociales, periodismo y documentación";"Ambos Sexos";"Exito"
"2020-2021";"78.31";"Total Ciencias sociales, periodismo y documentación";"Ambos Sexos";"Exito"
"2019-2020";"87.05";"Total Ciencias sociales, periodismo y documentación";"Ambos Sexos";"Exito"
"2018-2019";"78.42";"Total Ciencias sociales, periodismo y documentación";"Ambos Sexos";"Exito"
"2017-2018";"78.51";"Total Ciencias sociales, periodismo y documentación";"Ambos Sexos";"Exito"
"2016-2017";"77.16";"Total Ciencias sociales, periodismo y documentación";"Ambos Sexos";"Exito"
"2015-2016";"79.72";"Total Ciencias sociales, periodismo y documentación";"Ambos Sexos";"Exito"
"2022-2023";"..";"Psicología";"Ambos Sexos";"Exito"
"2021-2022";"..";"Psicología";"Ambos Sexos";"Exito"
"2020-2021";"..";"Psicología";"Ambos Sexos";"Exito"
"2019-2020";"..";"Psicología";"Ambos Sexos";"Exito"
"2018-2019";"..";"Psicología";"Ambos Sexos";"Exito"
"2017-2018";"..";"Psicología";"Ambos Sexos";"Exito"
"2016-2017";"..";"Psicología";"Ambos Sexos";"Exito"
"2015-2016";"..";"Psicología";"Ambos Sexos";"Exito"
"2022-2023";"76.01";"Economía";"Ambos Sexos";"Exito"
"2021-2022";"77.44";"Economía";"Ambos Sexos";"Exito"
"2020-2021";"78.31";"Economía";"Ambos Sexos";"Exito"
"2019-2020";"87.05";"Economía";"Ambos Sexos";"Exito"
"2018-2019";"78.38";"Economía";"Ambos Sexos";"Exito"
"2017-2018";"78.48";"Economía";"Ambos Sexos";"Exito"
"2016-2017";"77.12";"Economía";"Ambos Sexos";"Exito"
"2015-2016";"79.68";"Economía";"Ambos Sexos";"Exito"
"2022-2023";"100.0";"Otras Ciencias sociales y del comportamiento";"Ambos Sexos";"Exito"
"2021-2022";"..";"Otras Ciencias sociales y del comportamiento";"Ambos Sexos";"Exito"
"2020-2021";"..";"Otras Ciencias sociales y del comportamiento";"Ambos Sexos";"Exito"
"2019-2020";"..";"Otras Ciencias sociales y del comportamiento";"Ambos Sexos";"Exito"
"2018-2019";"..";"Otras Ciencias sociales y del comportamiento";"Ambos Sexos";"Exito"
"2017-2018";"..";"Otras Ciencias sociales y del comportamiento";"Ambos Sexos";"Exito"
"2016-2017";"..";"Otras Ciencias sociales y del comportamiento";"Ambos Sexos";"Exito"
"2015-2016";"..";"Otras Ciencias sociales y del comportamiento";"Ambos Sexos";"Exito"
"2022-2023";"..";"Periodismo e información";"Ambos Sexos";"Exito"
"2021-2022";"..";"Periodismo e información";"Ambos Sexos";"Exito"
"2020-2021";"..";"Periodismo e información";"Ambos Sexos";"Exito"
"2019-2020";"..";"Periodismo e información";"Ambos Sexos";"Exito"
"2018-2019";"..";"Periodismo e información";"Ambos Sexos";"Exito"
"2017-2018";"..";"Periodismo e información";"Ambos Sexos";"Exito"
"2016-2017";"..";"Periodismo e información";"Ambos Sexos";"Exito"
"2015-2016";"..";"Periodismo e información";"Ambos Sexos";"Exito"
"2022-2023";"82.41";"Total Negocios, administración y derecho";"Ambos Sexos";"Exito"
"2021-2022";"82.95";"Total Negocios, administración y derecho";"Ambos Sexos";"Exito"
"2020-2021";"83.08";"Total Negocios, administración y derecho";"Ambos Sexos";"Exito"
"2019-2020";"89.68";"Total Negocios, administración y derecho";"Ambos Sexos";"Exito"
"2018-2019";"82.96";"Total Negocios, administración y derecho";"Ambos Sexos";"Exito"
"2017-2018";"80.89";"Total Negocios, administración y derecho";"Ambos Sexos";"Exito"
"2016-2017";"80.97";"Total Negocios, administración y derecho";"Ambos Sexos";"Exito"
"2015-2016";"80.24";"Total Negocios, administración y derecho";"Ambos Sexos";"Exito"
"2022-2023";"78.56";"Administración y gestión de empresas";"Ambos Sexos";"Exito"
"2021-2022";"80.06";"Administración y gestión de empresas";"Ambos Sexos";"Exito"
"2020-2021";"79.78";"Administración y gestión de empresas";"Ambos Sexos";"Exito"
"2019-2020";"87.22";"Administración y gestión de empresas";"Ambos Sexos";"Exito"
"2018-2019";"78.51";"Administración y gestión de empresas";"Ambos Sexos";"Exito"
"2017-2018";"76.99";"Administración y gestión de empresas";"Ambos Sexos";"Exito"
"2016-2017";"76.54";"Administración y gestión de empresas";"Ambos Sexos";"Exito"
"2015-2016";"75.5";"Administración y gestión de empresas";"Ambos Sexos";"Exito"
"2022-2023";"89.23";"Otra Educación comercial y empresarial";"Ambos Sexos";"Exito"
"2021-2022";"87.8";"Otra Educación comercial y empresarial";"Ambos Sexos";"Exito"
"2020-2021";"89.88";"Otra Educación comercial y empresarial";"Ambos Sexos";"Exito"
"2019-2020";"93.72";"Otra Educación comercial y empresarial";"Ambos Sexos";"Exito"
"2018-2019";"90.38";"Otra Educación comercial y empresarial";"Ambos Sexos";"Exito"
"2017-2018";"87.62";"Otra Educación comercial y empresarial";"Ambos Sexos";"Exito"
"2016-2017";"90.53";"Otra Educación comercial y empresarial";"Ambos Sexos";"Exito"
"2015-2016";"89.22";"Otra Educación comercial y empresarial";"Ambos Sexos";"Exito"
"2022-2023";"83.52";"Derecho";"Ambos Sexos";"Exito"
"2021-2022";"84.05";"Derecho";"Ambos Sexos";"Exito"
"2020-2021";"83.5";"Derecho";"Ambos Sexos";"Exito"
"2019-2020";"91.06";"Derecho";"Ambos Sexos";"Exito"
"2018-2019";"85.44";"Derecho";"Ambos Sexos";"Exito"
"2017-2018";"83.19";"Derecho";"Ambos Sexos";"Exito"
"2016-2017";"82.44";"Derecho";"Ambos Sexos";"Exito"
"2015-2016";"83.09";"Derecho";"Ambos Sexos";"Exito"
"2022-2023";"79.67";"Total Ciencias";"Ambos Sexos";"Exito"
"2021-2022";"80.84";"Total Ciencias";"Ambos Sexos";"Exito"
"2020-2021";"79.39";"Total Ciencias";"Ambos Sexos";"Exito"
"2019-2020";"88.59";"Total Ciencias";"Ambos Sexos";"Exito"
"2018-2019";"80.21";"Total Ciencias";"Ambos Sexos";"Exito"
"2017-2018";"78.42";"Total Ciencias";"Ambos Sexos";"Exito"
"2016-2017";"79.31";"Total Ciencias";"Ambos Sexos";"Exito"
"2015-2016";"78.29";"Total Ciencias";"Ambos Sexos";"Exito"
"2022-2023";"85.86";"Ciencias de la vida";"Ambos Sexos";"Exito"
"2021-2022";"84.86";"Ciencias de la vida";"Ambos Sexos";"Exito"
"2020-2021";"84.86";"Ciencias de la vida";"Ambos Sexos";"Exito"
"2019-2020";"92.9";"Ciencias de la vida";"Ambos Sexos";"Exito"
"2018-2019";"84.59";"Ciencias de la vida";"Ambos Sexos";"Exito"
"2017-2018";"84.73";"Ciencias de la vida";"Ambos Sexos";"Exito"
"2016-2017";"84.64";"Ciencias de la vida";"Ambos Sexos";"Exito"
"2015-2016";"85.01";"Ciencias de la vida";"Ambos Sexos";"Exito"
"2022-2023";"73.42";"Ciencias Físicas, químicas, geológicas";"Ambos Sexos";"Exito"
"2021-2022";"76.48";"Ciencias Físicas, químicas, geológicas";"Ambos Sexos";"Exito"
"2020-2021";"73.72";"Ciencias Físicas, químicas, geológicas";"Ambos Sexos";"Exito"
"2019-2020";"84.0";"Ciencias Físicas, químicas, geológicas";"Ambos Sexos";"Exito"
"2018-2019";"75.83";"Ciencias Físicas, químicas, geológicas";"Ambos Sexos";"Exito"
"2017-2018";"71.87";"Ciencias Físicas, químicas, geológicas";"Ambos Sexos";"Exito"
"2016-2017";"73.88";"Ciencias Físicas, químicas, geológicas";"Ambos Sexos";"Exito"
"2015-2016";"71.07";"Ciencias Físicas, químicas, geológicas";"Ambos Sexos";"Exito"
"2022-2023";"..";"Matemáticas y Estadística";"Ambos Sexos";"Exito"
"2021-2022";"..";"Matemáticas y Estadística";"Ambos Sexos";"Exito"
"2020-2021";"..";"Matemáticas y Estadística";"Ambos Sexos";"Exito"
"2019-2020";"..";"Matemáticas y Estadística";"Ambos Sexos";"Exito"
"2018-2019";"..";"Matemáticas y Estadística";"Ambos Sexos";"Exito"
"2017-2018";"..";"Matemáticas y Estadística";"Ambos Sexos";"Exito"
"2016-2017";"..";"Matemáticas y Estadística";"Ambos Sexos";"Exito"
"2015-2016";"..";"Matemáticas y Estadística";"Ambos Sexos";"Exito"
"2022-2023";"76.84";"Total Informática";"Ambos Sexos";"Exito"
"2021-2022";"78.59";"Total Informática";"Ambos Sexos";"Exito"
"2020-2021";"76.67";"Total Informática";"Ambos Sexos";"Exito"
"2019-2020";"87.08";"Total Informática";"Ambos Sexos";"Exito"
"2018-2019";"80.06";"Total Informática";"Ambos Sexos";"Exito"
"2017-2018";"79.1";"Total Informática";"Ambos Sexos";"Exito"
"2016-2017";"77.58";"Total Informática";"Ambos Sexos";"Exito"
"2015-2016";"72.07";"Total Informática";"Ambos Sexos";"Exito"
"2022-2023";"76.84";"Informática";"Ambos Sexos";"Exito"
"2021-2022";"78.59";"Informática";"Ambos Sexos";"Exito"
"2020-2021";"76.67";"Informática";"Ambos Sexos";"Exito"
"2019-2020";"87.08";"Informática";"Ambos Sexos";"Exito"
"2018-2019";"80.06";"Informática";"Ambos Sexos";"Exito"
"2017-2018";"79.1";"Informática";"Ambos Sexos";"Exito"
"2016-2017";"77.58";"Informática";"Ambos Sexos";"Exito"
"2015-2016";"72.07";"Informática";"Ambos Sexos";"Exito"
"2022-2023";"72.92";"Total Ingeniería, industria y construcción";"Ambos Sexos";"Exito"
"2021-2022";"72.98";"Total Ingeniería, industria y construcción";"Ambos Sexos";"Exito"
"2020-2021";"71.94";"Total Ingeniería, industria y construcción";"Ambos Sexos";"Exito"
"2019-2020";"79.15";"Total Ingeniería, industria y construcción";"Ambos Sexos";"Exito"
"2018-2019";"71.48";"Total Ingeniería, industria y construcción";"Ambos Sexos";"Exito"
"2017-2018";"69.7";"Total Ingeniería, industria y construcción";"Ambos Sexos";"Exito"
"2016-2017";"70.84";"Total Ingeniería, industria y construcción";"Ambos Sexos";"Exito"
"2015-2016";"69.31";"Total Ingeniería, industria y construcción";"Ambos Sexos";"Exito"
"2022-2023";"72.92";"Ingenierías";"Ambos Sexos";"Exito"
"2021-2022";"72.98";"Ingenierías";"Ambos Sexos";"Exito"
"2020-2021";"71.94";"Ingenierías";"Ambos Sexos";"Exito"
"2019-2020";"79.15";"Ingenierías";"Ambos Sexos";"Exito"
"2018-2019";"71.48";"Ingenierías";"Ambos Sexos";"Exito"
"2017-2018";"69.7";"Ingenierías";"Ambos Sexos";"Exito"
"2016-2017";"70.84";"Ingenierías";"Ambos Sexos";"Exito"
"2015-2016";"69.31";"Ingenierías";"Ambos Sexos";"Exito"
"2022-2023";"..";"Arquitectura y construcción";"Ambos Sexos";"Exito"
"2021-2022";"..";"Arquitectura y construcción";"Ambos Sexos";"Exito"
"2020-2021";"..";"Arquitectura y construcción";"Ambos Sexos";"Exito"
"2019-2020";"..";"Arquitectura y construcción";"Ambos Sexos";"Exito"
"2018-2019";"..";"Arquitectura y construcción";"Ambos Sexos";"Exito"
"2017-2018";"..";"Arquitectura y construcción";"Ambos Sexos";"Exito"
"2016-2017";"..";"Arquitectura y construcción";"Ambos Sexos";"Exito"
"2015-2016";"..";"Arquitectura y construcción";"Ambos Sexos";"Exito"
"2022-2023";"78.25";"Total Agricultura, ganadería,  silvicultura, pesca, y veterinaria";"Ambos Sexos";"Exito"
"2021-2022";"77.91";"Total Agricultura, ganadería,  silvicultura, pesca, y veterinaria";"Ambos Sexos";"Exito"
"2020-2021";"77.3";"Total Agricultura, ganadería,  silvicultura, pesca, y veterinaria";"Ambos Sexos";"Exito"
"2019-2020";"88.0";"Total Agricultura, ganadería,  silvicultura, pesca, y veterinaria";"Ambos Sexos";"Exito"
"2018-2019";"80.11";"Total Agricultura, ganadería,  silvicultura, pesca, y veterinaria";"Ambos Sexos";"Exito"
"2017-2018";"81.37";"Total Agricultura, ganadería,  silvicultura, pesca, y veterinaria";"Ambos Sexos";"Exito"
"2016-2017";"82.86";"Total Agricultura, ganadería,  silvicultura, pesca, y veterinaria";"Ambos Sexos";"Exito"
"2015-2016";"85.08";"Total Agricultura, ganadería,  silvicultura, pesca, y veterinaria";"Ambos Sexos";"Exito"
"2022-2023";"78.25";"Agricultura, ganadería y pesca";"Ambos Sexos";"Exito"
"2021-2022";"77.91";"Agricultura, ganadería y pesca";"Ambos Sexos";"Exito"
"2020-2021";"77.3";"Agricultura, ganadería y pesca";"Ambos Sexos";"Exito"
"2019-2020";"88.0";"Agricultura, ganadería y pesca";"Ambos Sexos";"Exito"
"2018-2019";"80.11";"Agricultura, ganadería y pesca";"Ambos Sexos";"Exito"
"2017-2018";"81.37";"Agricultura, ganadería y pesca";"Ambos Sexos";"Exito"
"2016-2017";"82.86";"Agricultura, ganadería y pesca";"Ambos Sexos";"Exito"
"2015-2016";"85.08";"Agricultura, ganadería y pesca";"Ambos Sexos";"Exito"
"2022-2023";"..";"Veterinaria";"Ambos Sexos";"Exito"
"2021-2022";"..";"Veterinaria";"Ambos Sexos";"Exito"
"2020-2021";"..";"Veterinaria";"Ambos Sexos";"Exito"
"2019-2020";"..";"Veterinaria";"Ambos Sexos";"Exito"
"2018-2019";"..";"Veterinaria";"Ambos Sexos";"Exito"
"2017-2018";"..";"Veterinaria";"Ambos Sexos";"Exito"
"2016-2017";"..";"Veterinaria";"Ambos Sexos";"Exito"
"2015-2016";"..";"Veterinaria";"Ambos Sexos";"Exito"
"2022-2023";"92.27";"Total Salud y servicios sociales";"Ambos Sexos";"Exito"
"2021-2022";"93.08";"Total Salud y servicios sociales";"Ambos Sexos";"Exito"
"2020-2021";"92.56";"Total Salud y servicios sociales";"Ambos Sexos";"Exito"
"2019-2020";"96.63";"Total Salud y servicios sociales";"Ambos Sexos";"Exito"
"2018-2019";"93.64";"Total Salud y servicios sociales";"Ambos Sexos";"Exito"
"2017-2018";"93.87";"Total Salud y servicios sociales";"Ambos Sexos";"Exito"
"2016-2017";"93.99";"Total Salud y servicios sociales";"Ambos Sexos";"Exito"
"2015-2016";"92.49";"Total Salud y servicios sociales";"Ambos Sexos";"Exito"
"2022-2023";"..";"Medicina";"Ambos Sexos";"Exito"
"2021-2022";"..";"Medicina";"Ambos Sexos";"Exito"
"2020-2021";"..";"Medicina";"Ambos Sexos";"Exito"
"2019-2020";"..";"Medicina";"Ambos Sexos";"Exito"
"2018-2019";"..";"Medicina";"Ambos Sexos";"Exito"
"2017-2018";"..";"Medicina";"Ambos Sexos";"Exito"
"2016-2017";"..";"Medicina";"Ambos Sexos";"Exito"
"2015-2016";"..";"Medicina";"Ambos Sexos";"Exito"
"2022-2023";"93.32";"Enfermería y atención a enfermos";"Ambos Sexos";"Exito"
"2021-2022";"94.43";"Enfermería y atención a enfermos";"Ambos Sexos";"Exito"
"2020-2021";"93.71";"Enfermería y atención a enfermos";"Ambos Sexos";"Exito"
"2019-2020";"96.87";"Enfermería y atención a enfermos";"Ambos Sexos";"Exito"
"2018-2019";"93.94";"Enfermería y atención a enfermos";"Ambos Sexos";"Exito"
"2017-2018";"94.71";"Enfermería y atención a enfermos";"Ambos Sexos";"Exito"
"2016-2017";"94.65";"Enfermería y atención a enfermos";"Ambos Sexos";"Exito"
"2015-2016";"93.12";"Enfermería y atención a enfermos";"Ambos Sexos";"Exito"
"2022-2023";"88.93";"Otras ciencias de la Salud";"Ambos Sexos";"Exito"
"2021-2022";"91.05";"Otras ciencias de la Salud";"Ambos Sexos";"Exito"
"2020-2021";"89.26";"Otras ciencias de la Salud";"Ambos Sexos";"Exito"
"2019-2020";"96.31";"Otras ciencias de la Salud";"Ambos Sexos";"Exito"
"2018-2019";"91.92";"Otras ciencias de la Salud";"Ambos Sexos";"Exito"
"2017-2018";"92.92";"Otras ciencias de la Salud";"Ambos Sexos";"Exito"
"2016-2017";"95.12";"Otras ciencias de la Salud";"Ambos Sexos";"Exito"
"2015-2016";"91.96";"Otras ciencias de la Salud";"Ambos Sexos";"Exito"
"2022-2023";"93.84";"Trabajo social y orientación";"Ambos Sexos";"Exito"
"2021-2022";"92.22";"Trabajo social y orientación";"Ambos Sexos";"Exito"
"2020-2021";"93.57";"Trabajo social y orientación";"Ambos Sexos";"Exito"
"2019-2020";"96.29";"Trabajo social y orientación";"Ambos Sexos";"Exito"
"2018-2019";"94.36";"Trabajo social y orientación";"Ambos Sexos";"Exito"
"2017-2018";"92.0";"Trabajo social y orientación";"Ambos Sexos";"Exito"
"2016-2017";"90.78";"Trabajo social y orientación";"Ambos Sexos";"Exito"
"2015-2016";"90.74";"Trabajo social y orientación";"Ambos Sexos";"Exito"
"2022-2023";"90.44";"Total Servicios";"Ambos Sexos";"Exito"
"2021-2022";"90.41";"Total Servicios";"Ambos Sexos";"Exito"
"2020-2021";"90.03";"Total Servicios";"Ambos Sexos";"Exito"
"2019-2020";"94.16";"Total Servicios";"Ambos Sexos";"Exito"
"2018-2019";"88.8";"Total Servicios";"Ambos Sexos";"Exito"
"2017-2018";"89.42";"Total Servicios";"Ambos Sexos";"Exito"
"2016-2017";"88.29";"Total Servicios";"Ambos Sexos";"Exito"
"2015-2016";"88.21";"Total Servicios";"Ambos Sexos";"Exito"
"2022-2023";"91.9";"Deportes";"Ambos Sexos";"Exito"
"2021-2022";"91.27";"Deportes";"Ambos Sexos";"Exito"
"2020-2021";"92.62";"Deportes";"Ambos Sexos";"Exito"
"2019-2020";"96.13";"Deportes";"Ambos Sexos";"Exito"
"2018-2019";"90.87";"Deportes";"Ambos Sexos";"Exito"
"2017-2018";"90.2";"Deportes";"Ambos Sexos";"Exito"
"2016-2017";"89.28";"Deportes";"Ambos Sexos";"Exito"
"2015-2016";"88.67";"Deportes";"Ambos Sexos";"Exito"
"2022-2023";"86.52";"Turismo y Hostelería";"Ambos Sexos";"Exito"
"2021-2022";"88.22";"Turismo y Hostelería";"Ambos Sexos";"Exito"
"2020-2021";"84.74";"Turismo y Hostelería";"Ambos Sexos";"Exito"
"2019-2020";"90.09";"Turismo y Hostelería";"Ambos Sexos";"Exito"
"2018-2019";"84.38";"Turismo y Hostelería";"Ambos Sexos";"Exito"
"2017-2018";"87.76";"Turismo y Hostelería";"Ambos Sexos";"Exito"
"2016-2017";"86.29";"Turismo y Hostelería";"Ambos Sexos";"Exito"
"2015-2016";"87.31";"Turismo y Hostelería";"Ambos Sexos";"Exito"
"2022-2023";"..";"Otros Servicios";"Ambos Sexos";"Exito"
"2021-2022";"..";"Otros Servicios";"Ambos Sexos";"Exito"
"2020-2021";"..";"Otros Servicios";"Ambos Sexos";"Exito"
"2019-2020";"..";"Otros Servicios";"Ambos Sexos";"Exito"
"2018-2019";"..";"Otros Servicios";"Ambos Sexos";"Exito"
"2017-2018";"..";"Otros Servicios";"Ambos Sexos";"Exito"
"2016-2017";"..";"Otros Servicios";"Ambos Sexos";"Exito"
"2015-2016";"..";"Otros Servicios";"Ambos Sexos";"Exito"
"2022-2023";"???";"Vigo";"Ambos Sexos";"Evaluacion"
"2021-2022";"???";"Vigo";"Ambos Sexos";"Evaluacion"
"2020-2021";"???";"Vigo";"Ambos Sexos";"Evaluacion"
"2019-2020";"???";"Vigo";"Ambos Sexos";"Evaluacion"
"2018-2019";"???";"Vigo";"Ambos Sexos";"Evaluacion"
"2017-2018";"???";"Vigo";"Ambos Sexos";"Evaluacion"
"2016-2017";"???";"Vigo";"Ambos Sexos";"Evaluacion"
"2015-2016";"???";"Vigo";"Ambos Sexos";"Evaluacion"
"2022-2023";"87.46";"Todos los ámbitos";"Ambos Sexos";"Evaluacion"
"2021-2022";"86.74";"Todos los ámbitos";"Ambos Sexos";"Evaluacion"
"2020-2021";"87.47";"Todos los ámbitos";"Ambos Sexos";"Evaluacion"
"2019-2020";"90.14";"Todos los ámbitos";"Ambos Sexos";"Evaluacion"
"2018-2019";"86.43";"Todos los ámbitos";"Ambos Sexos";"Evaluacion"
"2017-2018";"86.59";"Todos los ámbitos";"Ambos Sexos";"Evaluacion"
"2016-2017";"86.89";"Todos los ámbitos";"Ambos Sexos";"Evaluacion"
"2015-2016";"87.27";"Todos los ámbitos";"Ambos Sexos";"Evaluacion"
"2022-2023";"96.11";"Total Educación";"Ambos Sexos";"Evaluacion"
"2021-2022";"95.87";"Total Educación";"Ambos Sexos";"Evaluacion"
"2020-2021";"96.24";"Total Educación";"Ambos Sexos";"Evaluacion"
"2019-2020";"96.17";"Total Educación";"Ambos Sexos";"Evaluacion"
"2018-2019";"94.33";"Total Educación";"Ambos Sexos";"Evaluacion"
"2017-2018";"94.09";"Total Educación";"Ambos Sexos";"Evaluacion"
"2016-2017";"93.33";"Total Educación";"Ambos Sexos";"Evaluacion"
"2015-2016";"93.01";"Total Educación";"Ambos Sexos";"Evaluacion"
"2022-2023";"96.11";"Formación de docentes de enseñanza infantil";"Ambos Sexos";"Evaluacion"
"2021-2022";"96.78";"Formación de docentes de enseñanza infantil";"Ambos Sexos";"Evaluacion"
"2020-2021";"95.68";"Formación de docentes de enseñanza infantil";"Ambos Sexos";"Evaluacion"
"2019-2020";"96.07";"Formación de docentes de enseñanza infantil";"Ambos Sexos";"Evaluacion"
"2018-2019";"95.43";"Formación de docentes de enseñanza infantil";"Ambos Sexos";"Evaluacion"
"2017-2018";"94.89";"Formación de docentes de enseñanza infantil";"Ambos Sexos";"Evaluacion"
"2016-2017";"94.48";"Formación de docentes de enseñanza infantil";"Ambos Sexos";"Evaluacion"
"2015-2016";"94.26";"Formación de docentes de enseñanza infantil";"Ambos Sexos";"Evaluacion"
"2022-2023";"96.39";"Formación de docentes de enseñanza primaria";"Ambos Sexos";"Evaluacion"
"2021-2022";"95.28";"Formación de docentes de enseñanza primaria";"Ambos Sexos";"Evaluacion"
"2020-2021";"96.69";"Formación de docentes de enseñanza primaria";"Ambos Sexos";"Evaluacion"
"2019-2020";"96.64";"Formación de docentes de enseñanza primaria";"Ambos Sexos";"Evaluacion"
"2018-2019";"93.98";"Formación de docentes de enseñanza primaria";"Ambos Sexos";"Evaluacion"
"2017-2018";"93.8";"Formación de docentes de enseñanza primaria";"Ambos Sexos";"Evaluacion"
"2016-2017";"92.88";"Formación de docentes de enseñanza primaria";"Ambos Sexos";"Evaluacion"
"2015-2016";"92.33";"Formación de docentes de enseñanza primaria";"Ambos Sexos";"Evaluacion"
"2022-2023";"95.18";"Otra Formación de personal docente y ciencias de la educación";"Ambos Sexos";"Evaluacion"
"2021-2022";"95.11";"Otra Formación de personal docente y ciencias de la educación";"Ambos Sexos";"Evaluacion"
"2020-2021";"96.44";"Otra Formación de personal docente y ciencias de la educación";"Ambos Sexos";"Evaluacion"
"2019-2020";"94.97";"Otra Formación de personal docente y ciencias de la educación";"Ambos Sexos";"Evaluacion"
"2018-2019";"92.06";"Otra Formación de personal docente y ciencias de la educación";"Ambos Sexos";"Evaluacion"
"2017-2018";"92.65";"Otra Formación de personal docente y ciencias de la educación";"Ambos Sexos";"Evaluacion"
"2016-2017";"91.49";"Otra Formación de personal docente y ciencias de la educación";"Ambos Sexos";"Evaluacion"
"2015-2016";"91.63";"Otra Formación de personal docente y ciencias de la educación";"Ambos Sexos";"Evaluacion"
"2022-2023";"88.91";"Total Artes y humanidades";"Ambos Sexos";"Evaluacion"
"2021-2022";"88.22";"Total Artes y humanidades";"Ambos Sexos";"Evaluacion"
"2020-2021";"89.19";"Total Artes y humanidades";"Ambos Sexos";"Evaluacion"
"2019-2020";"90.01";"Total Artes y humanidades";"Ambos Sexos";"Evaluacion"
"2018-2019";"88.06";"Total Artes y humanidades";"Ambos Sexos";"Evaluacion"
"2017-2018";"88.57";"Total Artes y humanidades";"Ambos Sexos";"Evaluacion"
"2016-2017";"88.44";"Total Artes y humanidades";"Ambos Sexos";"Evaluacion"
"2015-2016";"88.34";"Total Artes y humanidades";"Ambos Sexos";"Evaluacion"
"2022-2023";"93.53";"Técnicas audiovisuales y medios de comunicación";"Ambos Sexos";"Evaluacion"
"2021-2022";"96.4";"Técnicas audiovisuales y medios de comunicación";"Ambos Sexos";"Evaluacion"
"2020-2021";"95.67";"Técnicas audiovisuales y medios de comunicación";"Ambos Sexos";"Evaluacion"
"2019-2020";"95.11";"Técnicas audiovisuales y medios de comunicación";"Ambos Sexos";"Evaluacion"
"2018-2019";"95.02";"Técnicas audiovisuales y medios de comunicación";"Ambos Sexos";"Evaluacion"
"2017-2018";"93.67";"Técnicas audiovisuales y medios de comunicación";"Ambos Sexos";"Evaluacion"
"2016-2017";"92.66";"Técnicas audiovisuales y medios de comunicación";"Ambos Sexos";"Evaluacion"
"2015-2016";"94.46";"Técnicas audiovisuales y medios de comunicación";"Ambos Sexos";"Evaluacion"
"2022-2023";"89.04";"Artes";"Ambos Sexos";"Evaluacion"
"2021-2022";"88.73";"Artes";"Ambos Sexos";"Evaluacion"
"2020-2021";"90.22";"Artes";"Ambos Sexos";"Evaluacion"
"2019-2020";"91.5";"Artes";"Ambos Sexos";"Evaluacion"
"2018-2019";"89.11";"Artes";"Ambos Sexos";"Evaluacion"
"2017-2018";"89.15";"Artes";"Ambos Sexos";"Evaluacion"
"2016-2017";"87.84";"Artes";"Ambos Sexos";"Evaluacion"
"2015-2016";"86.67";"Artes";"Ambos Sexos";"Evaluacion"
"2022-2023";"89.57";"Lenguas";"Ambos Sexos";"Evaluacion"
"2021-2022";"88.6";"Lenguas";"Ambos Sexos";"Evaluacion"
"2020-2021";"88.02";"Lenguas";"Ambos Sexos";"Evaluacion"
"2019-2020";"89.05";"Lenguas";"Ambos Sexos";"Evaluacion"
"2018-2019";"87.02";"Lenguas";"Ambos Sexos";"Evaluacion"
"2017-2018";"89.01";"Lenguas";"Ambos Sexos";"Evaluacion"
"2016-2017";"88.99";"Lenguas";"Ambos Sexos";"Evaluacion"
"2015-2016";"90.05";"Lenguas";"Ambos Sexos";"Evaluacion"
"2022-2023";"82.09";"Humanidades";"Ambos Sexos";"Evaluacion"
"2021-2022";"77.64";"Humanidades";"Ambos Sexos";"Evaluacion"
"2020-2021";"84.13";"Humanidades";"Ambos Sexos";"Evaluacion"
"2019-2020";"83.07";"Humanidades";"Ambos Sexos";"Evaluacion"
"2018-2019";"79.96";"Humanidades";"Ambos Sexos";"Evaluacion"
"2017-2018";"75.85";"Humanidades";"Ambos Sexos";"Evaluacion"
"2016-2017";"79.93";"Humanidades";"Ambos Sexos";"Evaluacion"
"2015-2016";"74.74";"Humanidades";"Ambos Sexos";"Evaluacion"
"2022-2023";"81.27";"Total Ciencias sociales, periodismo y documentación";"Ambos Sexos";"Evaluacion"
"2021-2022";"82.38";"Total Ciencias sociales, periodismo y documentación";"Ambos Sexos";"Evaluacion"
"2020-2021";"81.36";"Total Ciencias sociales, periodismo y documentación";"Ambos Sexos";"Evaluacion"
"2019-2020";"87.75";"Total Ciencias sociales, periodismo y documentación";"Ambos Sexos";"Evaluacion"
"2018-2019";"81.38";"Total Ciencias sociales, periodismo y documentación";"Ambos Sexos";"Evaluacion"
"2017-2018";"81.09";"Total Ciencias sociales, periodismo y documentación";"Ambos Sexos";"Evaluacion"
"2016-2017";"84.5";"Total Ciencias sociales, periodismo y documentación";"Ambos Sexos";"Evaluacion"
"2015-2016";"85.12";"Total Ciencias sociales, periodismo y documentación";"Ambos Sexos";"Evaluacion"
"2022-2023";"..";"Psicología";"Ambos Sexos";"Evaluacion"
"2021-2022";"..";"Psicología";"Ambos Sexos";"Evaluacion"
"2020-2021";"..";"Psicología";"Ambos Sexos";"Evaluacion"
"2019-2020";"..";"Psicología";"Ambos Sexos";"Evaluacion"
"2018-2019";"..";"Psicología";"Ambos Sexos";"Evaluacion"
"2017-2018";"..";"Psicología";"Ambos Sexos";"Evaluacion"
"2016-2017";"..";"Psicología";"Ambos Sexos";"Evaluacion"
"2015-2016";"..";"Psicología";"Ambos Sexos";"Evaluacion"
"2022-2023";"79.61";"Economía";"Ambos Sexos";"Evaluacion"
"2021-2022";"82.38";"Economía";"Ambos Sexos";"Evaluacion"
"2020-2021";"81.36";"Economía";"Ambos Sexos";"Evaluacion"
"2019-2020";"87.75";"Economía";"Ambos Sexos";"Evaluacion"
"2018-2019";"81.35";"Economía";"Ambos Sexos";"Evaluacion"
"2017-2018";"81.18";"Economía";"Ambos Sexos";"Evaluacion"
"2016-2017";"84.63";"Economía";"Ambos Sexos";"Evaluacion"
"2015-2016";"85.51";"Economía";"Ambos Sexos";"Evaluacion"
"2022-2023";"97.28";"Otras Ciencias sociales y del comportamiento";"Ambos Sexos";"Evaluacion"
"2021-2022";"..";"Otras Ciencias sociales y del comportamiento";"Ambos Sexos";"Evaluacion"
"2020-2021";"..";"Otras Ciencias sociales y del comportamiento";"Ambos Sexos";"Evaluacion"
"2019-2020";"..";"Otras Ciencias sociales y del comportamiento";"Ambos Sexos";"Evaluacion"
"2018-2019";"..";"Otras Ciencias sociales y del comportamiento";"Ambos Sexos";"Evaluacion"
"2017-2018";"..";"Otras Ciencias sociales y del comportamiento";"Ambos Sexos";"Evaluacion"
"2016-2017";"..";"Otras Ciencias sociales y del comportamiento";"Ambos Sexos";"Evaluacion"
"2015-2016";"..";"Otras Ciencias sociales y del comportamiento";"Ambos Sexos";"Evaluacion"
"2022-2023";"..";"Periodismo e información";"Ambos Sexos";"Evaluacion"
"2021-2022";"..";"Periodismo e información";"Ambos Sexos";"Evaluacion"
"2020-2021";"..";"Periodismo e información";"Ambos Sexos";"Evaluacion"
"2019-2020";"..";"Periodismo e información";"Ambos Sexos";"Evaluacion"
"2018-2019";"..";"Periodismo e información";"Ambos Sexos";"Evaluacion"
"2017-2018";"..";"Periodismo e información";"Ambos Sexos";"Evaluacion"
"2016-2017";"..";"Periodismo e información";"Ambos Sexos";"Evaluacion"
"2015-2016";"..";"Periodismo e información";"Ambos Sexos";"Evaluacion"
"2022-2023";"83.89";"Total Negocios, administración y derecho";"Ambos Sexos";"Evaluacion"
"2021-2022";"82.68";"Total Negocios, administración y derecho";"Ambos Sexos";"Evaluacion"
"2020-2021";"84.25";"Total Negocios, administración y derecho";"Ambos Sexos";"Evaluacion"
"2019-2020";"88.2";"Total Negocios, administración y derecho";"Ambos Sexos";"Evaluacion"
"2018-2019";"82.36";"Total Negocios, administración y derecho";"Ambos Sexos";"Evaluacion"
"2017-2018";"82.93";"Total Negocios, administración y derecho";"Ambos Sexos";"Evaluacion"
"2016-2017";"82.65";"Total Negocios, administración y derecho";"Ambos Sexos";"Evaluacion"
"2015-2016";"83.87";"Total Negocios, administración y derecho";"Ambos Sexos";"Evaluacion"
"2022-2023";"81.81";"Administración y gestión de empresas";"Ambos Sexos";"Evaluacion"
"2021-2022";"79.32";"Administración y gestión de empresas";"Ambos Sexos";"Evaluacion"
"2020-2021";"81.72";"Administración y gestión de empresas";"Ambos Sexos";"Evaluacion"
"2019-2020";"85.46";"Administración y gestión de empresas";"Ambos Sexos";"Evaluacion"
"2018-2019";"79.56";"Administración y gestión de empresas";"Ambos Sexos";"Evaluacion"
"2017-2018";"80.49";"Administración y gestión de empresas";"Ambos Sexos";"Evaluacion"
"2016-2017";"80.17";"Administración y gestión de empresas";"Ambos Sexos";"Evaluacion"
"2015-2016";"81.5";"Administración y gestión de empresas";"Ambos Sexos";"Evaluacion"
"2022-2023";"87.09";"Otra Educación comercial y empresarial";"Ambos Sexos";"Evaluacion"
"2021-2022";"88.39";"Otra Educación comercial y empresarial";"Ambos Sexos";"Evaluacion"
"2020-2021";"90.64";"Otra Educación comercial y empresarial";"Ambos Sexos";"Evaluacion"
"2019-2020";"90.79";"Otra Educación comercial y empresarial";"Ambos Sexos";"Evaluacion"
"2018-2019";"87.07";"Otra Educación comercial y empresarial";"Ambos Sexos";"Evaluacion"
"2017-2018";"87.53";"Otra Educación comercial y empresarial";"Ambos Sexos";"Evaluacion"
"2016-2017";"88.13";"Otra Educación comercial y empresarial";"Ambos Sexos";"Evaluacion"
"2015-2016";"88.42";"Otra Educación comercial y empresarial";"Ambos Sexos";"Evaluacion"
"2022-2023";"85.06";"Derecho";"Ambos Sexos";"Evaluacion"
"2021-2022";"84.45";"Derecho";"Ambos Sexos";"Evaluacion"
"2020-2021";"84.14";"Derecho";"Ambos Sexos";"Evaluacion"
"2019-2020";"91.43";"Derecho";"Ambos Sexos";"Evaluacion"
"2018-2019";"84.32";"Derecho";"Ambos Sexos";"Evaluacion"
"2017-2018";"84.42";"Derecho";"Ambos Sexos";"Evaluacion"
"2016-2017";"83.83";"Derecho";"Ambos Sexos";"Evaluacion"
"2015-2016";"85.66";"Derecho";"Ambos Sexos";"Evaluacion"
"2022-2023";"89.87";"Total Ciencias";"Ambos Sexos";"Evaluacion"
"2021-2022";"89.31";"Total Ciencias";"Ambos Sexos";"Evaluacion"
"2020-2021";"90.15";"Total Ciencias";"Ambos Sexos";"Evaluacion"
"2019-2020";"92.01";"Total Ciencias";"Ambos Sexos";"Evaluacion"
"2018-2019";"90.45";"Total Ciencias";"Ambos Sexos";"Evaluacion"
"2017-2018";"90.09";"Total Ciencias";"Ambos Sexos";"Evaluacion"
"2016-2017";"91.46";"Total Ciencias";"Ambos Sexos";"Evaluacion"
"2015-2016";"91.13";"Total Ciencias";"Ambos Sexos";"Evaluacion"
"2022-2023";"90.02";"Ciencias de la vida";"Ambos Sexos";"Evaluacion"
"2021-2022";"90.01";"Ciencias de la vida";"Ambos Sexos";"Evaluacion"
"2020-2021";"91.46";"Ciencias de la vida";"Ambos Sexos";"Evaluacion"
"2019-2020";"93.3";"Ciencias de la vida";"Ambos Sexos";"Evaluacion"
"2018-2019";"91.44";"Ciencias de la vida";"Ambos Sexos";"Evaluacion"
"2017-2018";"90.03";"Ciencias de la vida";"Ambos Sexos";"Evaluacion"
"2016-2017";"91.1";"Ciencias de la vida";"Ambos Sexos";"Evaluacion"
"2015-2016";"91.39";"Ciencias de la vida";"Ambos Sexos";"Evaluacion"
"2022-2023";"89.72";"Ciencias Físicas, químicas, geológicas";"Ambos Sexos";"Evaluacion"
"2021-2022";"88.56";"Ciencias Físicas, químicas, geológicas";"Ambos Sexos";"Evaluacion"
"2020-2021";"88.83";"Ciencias Físicas, químicas, geológicas";"Ambos Sexos";"Evaluacion"
"2019-2020";"90.67";"Ciencias Físicas, químicas, geológicas";"Ambos Sexos";"Evaluacion"
"2018-2019";"89.49";"Ciencias Físicas, químicas, geológicas";"Ambos Sexos";"Evaluacion"
"2017-2018";"90.16";"Ciencias Físicas, químicas, geológicas";"Ambos Sexos";"Evaluacion"
"2016-2017";"91.84";"Ciencias Físicas, químicas, geológicas";"Ambos Sexos";"Evaluacion"
"2015-2016";"90.86";"Ciencias Físicas, químicas, geológicas";"Ambos Sexos";"Evaluacion"
"2022-2023";"..";"Matemáticas y Estadística";"Ambos Sexos";"Evaluacion"
"2021-2022";"..";"Matemáticas y Estadística";"Ambos Sexos";"Evaluacion"
"2020-2021";"..";"Matemáticas y Estadística";"Ambos Sexos";"Evaluacion"
"2019-2020";"..";"Matemáticas y Estadística";"Ambos Sexos";"Evaluacion"
"2018-2019";"..";"Matemáticas y Estadística";"Ambos Sexos";"Evaluacion"
"2017-2018";"..";"Matemáticas y Estadística";"Ambos Sexos";"Evaluacion"
"2016-2017";"..";"Matemáticas y Estadística";"Ambos Sexos";"Evaluacion"
"2015-2016";"..";"Matemáticas y Estadística";"Ambos Sexos";"Evaluacion"
"2022-2023";"84.51";"Total Informática";"Ambos Sexos";"Evaluacion"
"2021-2022";"82.95";"Total Informática";"Ambos Sexos";"Evaluacion"
"2020-2021";"81.42";"Total Informática";"Ambos Sexos";"Evaluacion"
"2019-2020";"87.73";"Total Informática";"Ambos Sexos";"Evaluacion"
"2018-2019";"82.94";"Total Informática";"Ambos Sexos";"Evaluacion"
"2017-2018";"83.35";"Total Informática";"Ambos Sexos";"Evaluacion"
"2016-2017";"82.11";"Total Informática";"Ambos Sexos";"Evaluacion"
"2015-2016";"82.31";"Total Informática";"Ambos Sexos";"Evaluacion"
"2022-2023";"84.51";"Informática";"Ambos Sexos";"Evaluacion"
"2021-2022";"82.95";"Informática";"Ambos Sexos";"Evaluacion"
"2020-2021";"81.42";"Informática";"Ambos Sexos";"Evaluacion"
"2019-2020";"87.73";"Informática";"Ambos Sexos";"Evaluacion"
"2018-2019";"82.94";"Informática";"Ambos Sexos";"Evaluacion"
"2017-2018";"83.35";"Informática";"Ambos Sexos";"Evaluacion"
"2016-2017";"82.11";"Informática";"Ambos Sexos";"Evaluacion"
"2015-2016";"82.31";"Informática";"Ambos Sexos";"Evaluacion"
"2022-2023";"80.97";"Total Ingeniería, industria y construcción";"Ambos Sexos";"Evaluacion"
"2021-2022";"80.32";"Total Ingeniería, industria y construcción";"Ambos Sexos";"Evaluacion"
"2020-2021";"81.77";"Total Ingeniería, industria y construcción";"Ambos Sexos";"Evaluacion"
"2019-2020";"86.13";"Total Ingeniería, industria y construcción";"Ambos Sexos";"Evaluacion"
"2018-2019";"81.72";"Total Ingeniería, industria y construcción";"Ambos Sexos";"Evaluacion"
"2017-2018";"82.08";"Total Ingeniería, industria y construcción";"Ambos Sexos";"Evaluacion"
"2016-2017";"83.63";"Total Ingeniería, industria y construcción";"Ambos Sexos";"Evaluacion"
"2015-2016";"84.1";"Total Ingeniería, industria y construcción";"Ambos Sexos";"Evaluacion"
"2022-2023";"80.97";"Ingenierías";"Ambos Sexos";"Evaluacion"
"2021-2022";"80.32";"Ingenierías";"Ambos Sexos";"Evaluacion"
"2020-2021";"81.77";"Ingenierías";"Ambos Sexos";"Evaluacion"
"2019-2020";"86.13";"Ingenierías";"Ambos Sexos";"Evaluacion"
"2018-2019";"81.72";"Ingenierías";"Ambos Sexos";"Evaluacion"
"2017-2018";"82.08";"Ingenierías";"Ambos Sexos";"Evaluacion"
"2016-2017";"83.63";"Ingenierías";"Ambos Sexos";"Evaluacion"
"2015-2016";"84.1";"Ingenierías";"Ambos Sexos";"Evaluacion"
"2022-2023";"..";"Arquitectura y construcción";"Ambos Sexos";"Evaluacion"
"2021-2022";"..";"Arquitectura y construcción";"Ambos Sexos";"Evaluacion"
"2020-2021";"..";"Arquitectura y construcción";"Ambos Sexos";"Evaluacion"
"2019-2020";"..";"Arquitectura y construcción";"Ambos Sexos";"Evaluacion"
"2018-2019";"..";"Arquitectura y construcción";"Ambos Sexos";"Evaluacion"
"2017-2018";"..";"Arquitectura y construcción";"Ambos Sexos";"Evaluacion"
"2016-2017";"..";"Arquitectura y construcción";"Ambos Sexos";"Evaluacion"
"2015-2016";"..";"Arquitectura y construcción";"Ambos Sexos";"Evaluacion"
"2022-2023";"73.53";"Total Agricultura, ganadería,  silvicultura, pesca, y veterinaria";"Ambos Sexos";"Evaluacion"
"2021-2022";"77.18";"Total Agricultura, ganadería,  silvicultura, pesca, y veterinaria";"Ambos Sexos";"Evaluacion"
"2020-2021";"78.45";"Total Agricultura, ganadería,  silvicultura, pesca, y veterinaria";"Ambos Sexos";"Evaluacion"
"2019-2020";"80.86";"Total Agricultura, ganadería,  silvicultura, pesca, y veterinaria";"Ambos Sexos";"Evaluacion"
"2018-2019";"75.17";"Total Agricultura, ganadería,  silvicultura, pesca, y veterinaria";"Ambos Sexos";"Evaluacion"
"2017-2018";"77.38";"Total Agricultura, ganadería,  silvicultura, pesca, y veterinaria";"Ambos Sexos";"Evaluacion"
"2016-2017";"77.78";"Total Agricultura, ganadería,  silvicultura, pesca, y veterinaria";"Ambos Sexos";"Evaluacion"
"2015-2016";"78.5";"Total Agricultura, ganadería,  silvicultura, pesca, y veterinaria";"Ambos Sexos";"Evaluacion"
"2022-2023";"73.53";"Agricultura, ganadería y pesca";"Ambos Sexos";"Evaluacion"
"2021-2022";"77.18";"Agricultura, ganadería y pesca";"Ambos Sexos";"Evaluacion"
"2020-2021";"78.45";"Agricultura, ganadería y pesca";"Ambos Sexos";"Evaluacion"
"2019-2020";"80.86";"Agricultura, ganadería y pesca";"Ambos Sexos";"Evaluacion"
"2018-2019";"75.17";"Agricultura, ganadería y pesca";"Ambos Sexos";"Evaluacion"
"2017-2018";"77.38";"Agricultura, ganadería y pesca";"Ambos Sexos";"Evaluacion"
"2016-2017";"77.78";"Agricultura, ganadería y pesca";"Ambos Sexos";"Evaluacion"
"2015-2016";"78.5";"Agricultura, ganadería y pesca";"Ambos Sexos";"Evaluacion"
"2022-2023";"..";"Veterinaria";"Ambos Sexos";"Evaluacion"
"2021-2022";"..";"Veterinaria";"Ambos Sexos";"Evaluacion"
"2020-2021";"..";"Veterinaria";"Ambos Sexos";"Evaluacion"
"2019-2020";"..";"Veterinaria";"Ambos Sexos";"Evaluacion"
"2018-2019";"..";"Veterinaria";"Ambos Sexos";"Evaluacion"
"2017-2018";"..";"Veterinaria";"Ambos Sexos";"Evaluacion"
"2016-2017";"..";"Veterinaria";"Ambos Sexos";"Evaluacion"
"2015-2016";"..";"Veterinaria";"Ambos Sexos";"Evaluacion"
"2022-2023";"95.36";"Total Salud y servicios sociales";"Ambos Sexos";"Evaluacion"
"2021-2022";"95.47";"Total Salud y servicios sociales";"Ambos Sexos";"Evaluacion"
"2020-2021";"95.44";"Total Salud y servicios sociales";"Ambos Sexos";"Evaluacion"
"2019-2020";"96.54";"Total Salud y servicios sociales";"Ambos Sexos";"Evaluacion"
"2018-2019";"95.18";"Total Salud y servicios sociales";"Ambos Sexos";"Evaluacion"
"2017-2018";"94.89";"Total Salud y servicios sociales";"Ambos Sexos";"Evaluacion"
"2016-2017";"95.42";"Total Salud y servicios sociales";"Ambos Sexos";"Evaluacion"
"2015-2016";"95.27";"Total Salud y servicios sociales";"Ambos Sexos";"Evaluacion"
"2022-2023";"..";"Medicina";"Ambos Sexos";"Evaluacion"
"2021-2022";"..";"Medicina";"Ambos Sexos";"Evaluacion"
"2020-2021";"..";"Medicina";"Ambos Sexos";"Evaluacion"
"2019-2020";"..";"Medicina";"Ambos Sexos";"Evaluacion"
"2018-2019";"..";"Medicina";"Ambos Sexos";"Evaluacion"
"2017-2018";"..";"Medicina";"Ambos Sexos";"Evaluacion"
"2016-2017";"..";"Medicina";"Ambos Sexos";"Evaluacion"
"2015-2016";"..";"Medicina";"Ambos Sexos";"Evaluacion"
"2022-2023";"97.12";"Enfermería y atención a enfermos";"Ambos Sexos";"Evaluacion"
"2021-2022";"97.17";"Enfermería y atención a enfermos";"Ambos Sexos";"Evaluacion"
"2020-2021";"95.85";"Enfermería y atención a enfermos";"Ambos Sexos";"Evaluacion"
"2019-2020";"97.15";"Enfermería y atención a enfermos";"Ambos Sexos";"Evaluacion"
"2018-2019";"95.85";"Enfermería y atención a enfermos";"Ambos Sexos";"Evaluacion"
"2017-2018";"95.5";"Enfermería y atención a enfermos";"Ambos Sexos";"Evaluacion"
"2016-2017";"96.6";"Enfermería y atención a enfermos";"Ambos Sexos";"Evaluacion"
"2015-2016";"96.4";"Enfermería y atención a enfermos";"Ambos Sexos";"Evaluacion"
"2022-2023";"93.03";"Otras ciencias de la Salud";"Ambos Sexos";"Evaluacion"
"2021-2022";"94.01";"Otras ciencias de la Salud";"Ambos Sexos";"Evaluacion"
"2020-2021";"95.48";"Otras ciencias de la Salud";"Ambos Sexos";"Evaluacion"
"2019-2020";"97.0";"Otras ciencias de la Salud";"Ambos Sexos";"Evaluacion"
"2018-2019";"95.84";"Otras ciencias de la Salud";"Ambos Sexos";"Evaluacion"
"2017-2018";"95.05";"Otras ciencias de la Salud";"Ambos Sexos";"Evaluacion"
"2016-2017";"95.81";"Otras ciencias de la Salud";"Ambos Sexos";"Evaluacion"
"2015-2016";"95.9";"Otras ciencias de la Salud";"Ambos Sexos";"Evaluacion"
"2022-2023";"93.63";"Trabajo social y orientación";"Ambos Sexos";"Evaluacion"
"2021-2022";"92.96";"Trabajo social y orientación";"Ambos Sexos";"Evaluacion"
"2020-2021";"94.25";"Trabajo social y orientación";"Ambos Sexos";"Evaluacion"
"2019-2020";"94.19";"Trabajo social y orientación";"Ambos Sexos";"Evaluacion"
"2018-2019";"92.72";"Trabajo social y orientación";"Ambos Sexos";"Evaluacion"
"2017-2018";"92.9";"Trabajo social y orientación";"Ambos Sexos";"Evaluacion"
"2016-2017";"91.38";"Trabajo social y orientación";"Ambos Sexos";"Evaluacion"
"2015-2016";"91.04";"Trabajo social y orientación";"Ambos Sexos";"Evaluacion"
"2022-2023";"89.22";"Total Servicios";"Ambos Sexos";"Evaluacion"
"2021-2022";"87.09";"Total Servicios";"Ambos Sexos";"Evaluacion"
"2020-2021";"88.34";"Total Servicios";"Ambos Sexos";"Evaluacion"
"2019-2020";"90.2";"Total Servicios";"Ambos Sexos";"Evaluacion"
"2018-2019";"86.43";"Total Servicios";"Ambos Sexos";"Evaluacion"
"2017-2018";"87.02";"Total Servicios";"Ambos Sexos";"Evaluacion"
"2016-2017";"87.47";"Total Servicios";"Ambos Sexos";"Evaluacion"
"2015-2016";"89.22";"Total Servicios";"Ambos Sexos";"Evaluacion"
"2022-2023";"92.11";"Deportes";"Ambos Sexos";"Evaluacion"
"2021-2022";"90.97";"Deportes";"Ambos Sexos";"Evaluacion"
"2020-2021";"89.61";"Deportes";"Ambos Sexos";"Evaluacion"
"2019-2020";"92.09";"Deportes";"Ambos Sexos";"Evaluacion"
"2018-2019";"88.09";"Deportes";"Ambos Sexos";"Evaluacion"
"2017-2018";"89.92";"Deportes";"Ambos Sexos";"Evaluacion"
"2016-2017";"89.32";"Deportes";"Ambos Sexos";"Evaluacion"
"2015-2016";"90.97";"Deportes";"Ambos Sexos";"Evaluacion"
"2022-2023";"82.3";"Turismo y Hostelería";"Ambos Sexos";"Evaluacion"
"2021-2022";"78.55";"Turismo y Hostelería";"Ambos Sexos";"Evaluacion"
"2020-2021";"85.86";"Turismo y Hostelería";"Ambos Sexos";"Evaluacion"
"2019-2020";"86.53";"Turismo y Hostelería";"Ambos Sexos";"Evaluacion"
"2018-2019";"83.09";"Turismo y Hostelería";"Ambos Sexos";"Evaluacion"
"2017-2018";"81.44";"Turismo y Hostelería";"Ambos Sexos";"Evaluacion"
"2016-2017";"83.96";"Turismo y Hostelería";"Ambos Sexos";"Evaluacion"
"2015-2016";"85.95";"Turismo y Hostelería";"Ambos Sexos";"Evaluacion"
"2022-2023";"..";"Otros Servicios";"Ambos Sexos";"Evaluacion"
"2021-2022";"..";"Otros Servicios";"Ambos Sexos";"Evaluacion"
"2020-2021";"..";"Otros Servicios";"Ambos Sexos";"Evaluacion"
"2019-2020";"..";"Otros Servicios";"Ambos Sexos";"Evaluacion"
"2018-2019";"..";"Otros Servicios";"Ambos Sexos";"Evaluacion"
"2017-2018";"..";"Otros Servicios";"Ambos Sexos";"Evaluacion"
"2016-2017";"..";"Otros Servicios";"Ambos Sexos";"Evaluacion"
"2015-2016";"..";"Otros Servicios";"Ambos Sexos";"Evaluacion"
"2022-2023";"???";"Vigo";"Hombres";"Rendimiento"
"2021-2022";"???";"Vigo";"Hombres";"Rendimiento"
"2020-2021";"???";"Vigo";"Hombres";"Rendimiento"
"2019-2020";"???";"Vigo";"Hombres";"Rendimiento"
"2018-2019";"???";"Vigo";"Hombres";"Rendimiento"
"2017-2018";"???";"Vigo";"Hombres";"Rendimiento"
"2016-2017";"???";"Vigo";"Hombres";"Rendimiento"
"2015-2016";"???";"Vigo";"Hombres";"Rendimiento"
"2022-2023";"66.6";"Todos los ámbitos";"Hombres";"Rendimiento"
"2021-2022";"66.34";"Todos los ámbitos";"Hombres";"Rendimiento"
"2020-2021";"66.57";"Todos los ámbitos";"Hombres";"Rendimiento"
"2019-2020";"75.15";"Todos los ámbitos";"Hombres";"Rendimiento"
"2018-2019";"65.94";"Todos los ámbitos";"Hombres";"Rendimiento"
"2017-2018";"64.54";"Todos los ámbitos";"Hombres";"Rendimiento"
"2016-2017";"64.94";"Todos los ámbitos";"Hombres";"Rendimiento"
"2015-2016";"64.39";"Todos los ámbitos";"Hombres";"Rendimiento"
"2022-2023";"86.6";"Total Educación";"Hombres";"Rendimiento"
"2021-2022";"87.11";"Total Educación";"Hombres";"Rendimiento"
"2020-2021";"89.27";"Total Educación";"Hombres";"Rendimiento"
"2019-2020";"92.13";"Total Educación";"Hombres";"Rendimiento"
"2018-2019";"86.64";"Total Educación";"Hombres";"Rendimiento"
"2017-2018";"85.24";"Total Educación";"Hombres";"Rendimiento"
"2016-2017";"81.71";"Total Educación";"Hombres";"Rendimiento"
"2015-2016";"79.76";"Total Educación";"Hombres";"Rendimiento"
"2022-2023";"82.71";"Formación de docentes de enseñanza infantil";"Hombres";"Rendimiento"
"2021-2022";"86.1";"Formación de docentes de enseñanza infantil";"Hombres";"Rendimiento"
"2020-2021";"83.67";"Formación de docentes de enseñanza infantil";"Hombres";"Rendimiento"
"2019-2020";"86.79";"Formación de docentes de enseñanza infantil";"Hombres";"Rendimiento"
"2018-2019";"88.22";"Formación de docentes de enseñanza infantil";"Hombres";"Rendimiento"
"2017-2018";"85.16";"Formación de docentes de enseñanza infantil";"Hombres";"Rendimiento"
"2016-2017";"79.94";"Formación de docentes de enseñanza infantil";"Hombres";"Rendimiento"
"2015-2016";"74.82";"Formación de docentes de enseñanza infantil";"Hombres";"Rendimiento"
"2022-2023";"88.33";"Formación de docentes de enseñanza primaria";"Hombres";"Rendimiento"
"2021-2022";"87.76";"Formación de docentes de enseñanza primaria";"Hombres";"Rendimiento"
"2020-2021";"91.18";"Formación de docentes de enseñanza primaria";"Hombres";"Rendimiento"
"2019-2020";"93.43";"Formación de docentes de enseñanza primaria";"Hombres";"Rendimiento"
"2018-2019";"86.43";"Formación de docentes de enseñanza primaria";"Hombres";"Rendimiento"
"2017-2018";"85.35";"Formación de docentes de enseñanza primaria";"Hombres";"Rendimiento"
"2016-2017";"82.66";"Formación de docentes de enseñanza primaria";"Hombres";"Rendimiento"
"2015-2016";"81.19";"Formación de docentes de enseñanza primaria";"Hombres";"Rendimiento"
"2022-2023";"83.29";"Otra Formación de personal docente y ciencias de la educación";"Hombres";"Rendimiento"
"2021-2022";"84.53";"Otra Formación de personal docente y ciencias de la educación";"Hombres";"Rendimiento"
"2020-2021";"89.86";"Otra Formación de personal docente y ciencias de la educación";"Hombres";"Rendimiento"
"2019-2020";"95.83";"Otra Formación de personal docente y ciencias de la educación";"Hombres";"Rendimiento"
"2018-2019";"85.23";"Otra Formación de personal docente y ciencias de la educación";"Hombres";"Rendimiento"
"2017-2018";"84.75";"Otra Formación de personal docente y ciencias de la educación";"Hombres";"Rendimiento"
"2016-2017";"78.53";"Otra Formación de personal docente y ciencias de la educación";"Hombres";"Rendimiento"
"2015-2016";"78.57";"Otra Formación de personal docente y ciencias de la educación";"Hombres";"Rendimiento"
"2022-2023";"75.86";"Total Artes y humanidades";"Hombres";"Rendimiento"
"2021-2022";"76.16";"Total Artes y humanidades";"Hombres";"Rendimiento"
"2020-2021";"77.98";"Total Artes y humanidades";"Hombres";"Rendimiento"
"2019-2020";"82.51";"Total Artes y humanidades";"Hombres";"Rendimiento"
"2018-2019";"78.01";"Total Artes y humanidades";"Hombres";"Rendimiento"
"2017-2018";"77.56";"Total Artes y humanidades";"Hombres";"Rendimiento"
"2016-2017";"76.33";"Total Artes y humanidades";"Hombres";"Rendimiento"
"2015-2016";"78.19";"Total Artes y humanidades";"Hombres";"Rendimiento"
"2022-2023";"89.31";"Técnicas audiovisuales y medios de comunicación";"Hombres";"Rendimiento"
"2021-2022";"94.28";"Técnicas audiovisuales y medios de comunicación";"Hombres";"Rendimiento"
"2020-2021";"95.8";"Técnicas audiovisuales y medios de comunicación";"Hombres";"Rendimiento"
"2019-2020";"95.34";"Técnicas audiovisuales y medios de comunicación";"Hombres";"Rendimiento"
"2018-2019";"94.93";"Técnicas audiovisuales y medios de comunicación";"Hombres";"Rendimiento"
"2017-2018";"92.29";"Técnicas audiovisuales y medios de comunicación";"Hombres";"Rendimiento"
"2016-2017";"86.97";"Técnicas audiovisuales y medios de comunicación";"Hombres";"Rendimiento"
"2015-2016";"91.39";"Técnicas audiovisuales y medios de comunicación";"Hombres";"Rendimiento"
"2022-2023";"80.02";"Artes";"Hombres";"Rendimiento"
"2021-2022";"79.63";"Artes";"Hombres";"Rendimiento"
"2020-2021";"80.46";"Artes";"Hombres";"Rendimiento"
"2019-2020";"87.2";"Artes";"Hombres";"Rendimiento"
"2018-2019";"81.0";"Artes";"Hombres";"Rendimiento"
"2017-2018";"76.27";"Artes";"Hombres";"Rendimiento"
"2016-2017";"75.32";"Artes";"Hombres";"Rendimiento"
"2015-2016";"80.69";"Artes";"Hombres";"Rendimiento"
"2022-2023";"73.4";"Lenguas";"Hombres";"Rendimiento"
"2021-2022";"74.35";"Lenguas";"Hombres";"Rendimiento"
"2020-2021";"69.72";"Lenguas";"Hombres";"Rendimiento"
"2019-2020";"75.97";"Lenguas";"Hombres";"Rendimiento"
"2018-2019";"70.78";"Lenguas";"Hombres";"Rendimiento"
"2017-2018";"76.93";"Lenguas";"Hombres";"Rendimiento"
"2016-2017";"75.24";"Lenguas";"Hombres";"Rendimiento"
"2015-2016";"75.55";"Lenguas";"Hombres";"Rendimiento"
"2022-2023";"67.47";"Humanidades";"Hombres";"Rendimiento"
"2021-2022";"64.57";"Humanidades";"Hombres";"Rendimiento"
"2020-2021";"75.35";"Humanidades";"Hombres";"Rendimiento"
"2019-2020";"76.46";"Humanidades";"Hombres";"Rendimiento"
"2018-2019";"69.93";"Humanidades";"Hombres";"Rendimiento"
"2017-2018";"66.62";"Humanidades";"Hombres";"Rendimiento"
"2016-2017";"69.03";"Humanidades";"Hombres";"Rendimiento"
"2015-2016";"65.65";"Humanidades";"Hombres";"Rendimiento"
"2022-2023";"58.1";"Total Ciencias sociales, periodismo y documentación";"Hombres";"Rendimiento"
"2021-2022";"60.21";"Total Ciencias sociales, periodismo y documentación";"Hombres";"Rendimiento"
"2020-2021";"63.67";"Total Ciencias sociales, periodismo y documentación";"Hombres";"Rendimiento"
"2019-2020";"76.63";"Total Ciencias sociales, periodismo y documentación";"Hombres";"Rendimiento"
"2018-2019";"63.79";"Total Ciencias sociales, periodismo y documentación";"Hombres";"Rendimiento"
"2017-2018";"64.1";"Total Ciencias sociales, periodismo y documentación";"Hombres";"Rendimiento"
"2016-2017";"62.95";"Total Ciencias sociales, periodismo y documentación";"Hombres";"Rendimiento"
"2015-2016";"65.71";"Total Ciencias sociales, periodismo y documentación";"Hombres";"Rendimiento"
"2022-2023";"..";"Psicología";"Hombres";"Rendimiento"
"2021-2022";"..";"Psicología";"Hombres";"Rendimiento"
"2020-2021";"..";"Psicología";"Hombres";"Rendimiento"
"2019-2020";"..";"Psicología";"Hombres";"Rendimiento"
"2018-2019";"..";"Psicología";"Hombres";"Rendimiento"
"2017-2018";"..";"Psicología";"Hombres";"Rendimiento"
"2016-2017";"..";"Psicología";"Hombres";"Rendimiento"
"2015-2016";"..";"Psicología";"Hombres";"Rendimiento"
"2022-2023";"57.82";"Economía";"Hombres";"Rendimiento"
"2021-2022";"60.21";"Economía";"Hombres";"Rendimiento"
"2020-2021";"63.67";"Economía";"Hombres";"Rendimiento"
"2019-2020";"76.63";"Economía";"Hombres";"Rendimiento"
"2018-2019";"63.79";"Economía";"Hombres";"Rendimiento"
"2017-2018";"64.1";"Economía";"Hombres";"Rendimiento"
"2016-2017";"62.95";"Economía";"Hombres";"Rendimiento"
"2015-2016";"66.04";"Economía";"Hombres";"Rendimiento"
"2022-2023";"..";"Otras Ciencias sociales y del comportamiento";"Hombres";"Rendimiento"
"2021-2022";"..";"Otras Ciencias sociales y del comportamiento";"Hombres";"Rendimiento"
"2020-2021";"..";"Otras Ciencias sociales y del comportamiento";"Hombres";"Rendimiento"
"2019-2020";"..";"Otras Ciencias sociales y del comportamiento";"Hombres";"Rendimiento"
"2018-2019";"..";"Otras Ciencias sociales y del comportamiento";"Hombres";"Rendimiento"
"2017-2018";"..";"Otras Ciencias sociales y del comportamiento";"Hombres";"Rendimiento"
"2016-2017";"..";"Otras Ciencias sociales y del comportamiento";"Hombres";"Rendimiento"
"2015-2016";"..";"Otras Ciencias sociales y del comportamiento";"Hombres";"Rendimiento"
"2022-2023";"..";"Periodismo e información";"Hombres";"Rendimiento"
"2021-2022";"..";"Periodismo e información";"Hombres";"Rendimiento"
"2020-2021";"..";"Periodismo e información";"Hombres";"Rendimiento"
"2019-2020";"..";"Periodismo e información";"Hombres";"Rendimiento"
"2018-2019";"..";"Periodismo e información";"Hombres";"Rendimiento"
"2017-2018";"..";"Periodismo e información";"Hombres";"Rendimiento"
"2016-2017";"..";"Periodismo e información";"Hombres";"Rendimiento"
"2015-2016";"..";"Periodismo e información";"Hombres";"Rendimiento"
"2022-2023";"64.37";"Total Negocios, administración y derecho";"Hombres";"Rendimiento"
"2021-2022";"63.56";"Total Negocios, administración y derecho";"Hombres";"Rendimiento"
"2020-2021";"64.82";"Total Negocios, administración y derecho";"Hombres";"Rendimiento"
"2019-2020";"74.64";"Total Negocios, administración y derecho";"Hombres";"Rendimiento"
"2018-2019";"63.38";"Total Negocios, administración y derecho";"Hombres";"Rendimiento"
"2017-2018";"61.69";"Total Negocios, administración y derecho";"Hombres";"Rendimiento"
"2016-2017";"61.96";"Total Negocios, administración y derecho";"Hombres";"Rendimiento"
"2015-2016";"62.34";"Total Negocios, administración y derecho";"Hombres";"Rendimiento"
"2022-2023";"61.71";"Administración y gestión de empresas";"Hombres";"Rendimiento"
"2021-2022";"60.95";"Administración y gestión de empresas";"Hombres";"Rendimiento"
"2020-2021";"61.21";"Administración y gestión de empresas";"Hombres";"Rendimiento"
"2019-2020";"71.48";"Administración y gestión de empresas";"Hombres";"Rendimiento"
"2018-2019";"59.44";"Administración y gestión de empresas";"Hombres";"Rendimiento"
"2017-2018";"58.78";"Administración y gestión de empresas";"Hombres";"Rendimiento"
"2016-2017";"58.78";"Administración y gestión de empresas";"Hombres";"Rendimiento"
"2015-2016";"58.64";"Administración y gestión de empresas";"Hombres";"Rendimiento"
"2022-2023";"66.28";"Otra Educación comercial y empresarial";"Hombres";"Rendimiento"
"2021-2022";"66.38";"Otra Educación comercial y empresarial";"Hombres";"Rendimiento"
"2020-2021";"73.15";"Otra Educación comercial y empresarial";"Hombres";"Rendimiento"
"2019-2020";"77.45";"Otra Educación comercial y empresarial";"Hombres";"Rendimiento"
"2018-2019";"68.82";"Otra Educación comercial y empresarial";"Hombres";"Rendimiento"
"2017-2018";"65.83";"Otra Educación comercial y empresarial";"Hombres";"Rendimiento"
"2016-2017";"69.33";"Otra Educación comercial y empresarial";"Hombres";"Rendimiento"
"2015-2016";"70.5";"Otra Educación comercial y empresarial";"Hombres";"Rendimiento"
"2022-2023";"69.72";"Derecho";"Hombres";"Rendimiento"
"2021-2022";"68.56";"Derecho";"Hombres";"Rendimiento"
"2020-2021";"68.51";"Derecho";"Hombres";"Rendimiento"
"2019-2020";"81.7";"Derecho";"Hombres";"Rendimiento"
"2018-2019";"71.3";"Derecho";"Hombres";"Rendimiento"
"2017-2018";"67.75";"Derecho";"Hombres";"Rendimiento"
"2016-2017";"67.04";"Derecho";"Hombres";"Rendimiento"
"2015-2016";"68.32";"Derecho";"Hombres";"Rendimiento"
"2022-2023";"68.33";"Total Ciencias";"Hombres";"Rendimiento"
"2021-2022";"68.9";"Total Ciencias";"Hombres";"Rendimiento"
"2020-2021";"68.4";"Total Ciencias";"Hombres";"Rendimiento"
"2019-2020";"80.06";"Total Ciencias";"Hombres";"Rendimiento"
"2018-2019";"69.0";"Total Ciencias";"Hombres";"Rendimiento"
"2017-2018";"67.17";"Total Ciencias";"Hombres";"Rendimiento"
"2016-2017";"68.69";"Total Ciencias";"Hombres";"Rendimiento"
"2015-2016";"67.65";"Total Ciencias";"Hombres";"Rendimiento"
"2022-2023";"73.92";"Ciencias de la vida";"Hombres";"Rendimiento"
"2021-2022";"73.27";"Ciencias de la vida";"Hombres";"Rendimiento"
"2020-2021";"73.55";"Ciencias de la vida";"Hombres";"Rendimiento"
"2019-2020";"84.31";"Ciencias de la vida";"Hombres";"Rendimiento"
"2018-2019";"74.84";"Ciencias de la vida";"Hombres";"Rendimiento"
"2017-2018";"72.61";"Ciencias de la vida";"Hombres";"Rendimiento"
"2016-2017";"74.47";"Ciencias de la vida";"Hombres";"Rendimiento"
"2015-2016";"73.18";"Ciencias de la vida";"Hombres";"Rendimiento"
"2022-2023";"63.22";"Ciencias Físicas, químicas, geológicas";"Hombres";"Rendimiento"
"2021-2022";"64.07";"Ciencias Físicas, químicas, geológicas";"Hombres";"Rendimiento"
"2020-2021";"62.58";"Ciencias Físicas, químicas, geológicas";"Hombres";"Rendimiento"
"2019-2020";"74.9";"Ciencias Físicas, químicas, geológicas";"Hombres";"Rendimiento"
"2018-2019";"62.56";"Ciencias Físicas, químicas, geológicas";"Hombres";"Rendimiento"
"2017-2018";"60.81";"Ciencias Físicas, químicas, geológicas";"Hombres";"Rendimiento"
"2016-2017";"62.59";"Ciencias Físicas, químicas, geológicas";"Hombres";"Rendimiento"
"2015-2016";"62.01";"Ciencias Físicas, químicas, geológicas";"Hombres";"Rendimiento"
"2022-2023";"..";"Matemáticas y Estadística";"Hombres";"Rendimiento"
"2021-2022";"..";"Matemáticas y Estadística";"Hombres";"Rendimiento"
"2020-2021";"..";"Matemáticas y Estadística";"Hombres";"Rendimiento"
"2019-2020";"..";"Matemáticas y Estadística";"Hombres";"Rendimiento"
"2018-2019";"..";"Matemáticas y Estadística";"Hombres";"Rendimiento"
"2017-2018";"..";"Matemáticas y Estadística";"Hombres";"Rendimiento"
"2016-2017";"..";"Matemáticas y Estadística";"Hombres";"Rendimiento"
"2015-2016";"..";"Matemáticas y Estadística";"Hombres";"Rendimiento"
"2022-2023";"65.18";"Total Informática";"Hombres";"Rendimiento"
"2021-2022";"65.16";"Total Informática";"Hombres";"Rendimiento"
"2020-2021";"62.26";"Total Informática";"Hombres";"Rendimiento"
"2019-2020";"75.85";"Total Informática";"Hombres";"Rendimiento"
"2018-2019";"65.39";"Total Informática";"Hombres";"Rendimiento"
"2017-2018";"64.88";"Total Informática";"Hombres";"Rendimiento"
"2016-2017";"63.95";"Total Informática";"Hombres";"Rendimiento"
"2015-2016";"58.37";"Total Informática";"Hombres";"Rendimiento"
"2022-2023";"65.18";"Informática";"Hombres";"Rendimiento"
"2021-2022";"65.16";"Informática";"Hombres";"Rendimiento"
"2020-2021";"62.26";"Informática";"Hombres";"Rendimiento"
"2019-2020";"75.85";"Informática";"Hombres";"Rendimiento"
"2018-2019";"65.39";"Informática";"Hombres";"Rendimiento"
"2017-2018";"64.88";"Informática";"Hombres";"Rendimiento"
"2016-2017";"63.95";"Informática";"Hombres";"Rendimiento"
"2015-2016";"58.37";"Informática";"Hombres";"Rendimiento"
"2022-2023";"58.83";"Total Ingeniería, industria y construcción";"Hombres";"Rendimiento"
"2021-2022";"58.3";"Total Ingeniería, industria y construcción";"Hombres";"Rendimiento"
"2020-2021";"58.36";"Total Ingeniería, industria y construcción";"Hombres";"Rendimiento"
"2019-2020";"66.69";"Total Ingeniería, industria y construcción";"Hombres";"Rendimiento"
"2018-2019";"57.72";"Total Ingeniería, industria y construcción";"Hombres";"Rendimiento"
"2017-2018";"56.08";"Total Ingeniería, industria y construcción";"Hombres";"Rendimiento"
"2016-2017";"58.0";"Total Ingeniería, industria y construcción";"Hombres";"Rendimiento"
"2015-2016";"57.21";"Total Ingeniería, industria y construcción";"Hombres";"Rendimiento"
"2022-2023";"58.83";"Ingenierías";"Hombres";"Rendimiento"
"2021-2022";"58.3";"Ingenierías";"Hombres";"Rendimiento"
"2020-2021";"58.36";"Ingenierías";"Hombres";"Rendimiento"
"2019-2020";"66.69";"Ingenierías";"Hombres";"Rendimiento"
"2018-2019";"57.72";"Ingenierías";"Hombres";"Rendimiento"
"2017-2018";"56.08";"Ingenierías";"Hombres";"Rendimiento"
"2016-2017";"58.0";"Ingenierías";"Hombres";"Rendimiento"
"2015-2016";"57.21";"Ingenierías";"Hombres";"Rendimiento"
"2022-2023";"..";"Arquitectura y construcción";"Hombres";"Rendimiento"
"2021-2022";"..";"Arquitectura y construcción";"Hombres";"Rendimiento"
"2020-2021";"..";"Arquitectura y construcción";"Hombres";"Rendimiento"
"2019-2020";"..";"Arquitectura y construcción";"Hombres";"Rendimiento"
"2018-2019";"..";"Arquitectura y construcción";"Hombres";"Rendimiento"
"2017-2018";"..";"Arquitectura y construcción";"Hombres";"Rendimiento"
"2016-2017";"..";"Arquitectura y construcción";"Hombres";"Rendimiento"
"2015-2016";"..";"Arquitectura y construcción";"Hombres";"Rendimiento"
"2022-2023";"55.92";"Total Agricultura, ganadería,  silvicultura, pesca, y veterinaria";"Hombres";"Rendimiento"
"2021-2022";"58.51";"Total Agricultura, ganadería,  silvicultura, pesca, y veterinaria";"Hombres";"Rendimiento"
"2020-2021";"59.82";"Total Agricultura, ganadería,  silvicultura, pesca, y veterinaria";"Hombres";"Rendimiento"
"2019-2020";"69.23";"Total Agricultura, ganadería,  silvicultura, pesca, y veterinaria";"Hombres";"Rendimiento"
"2018-2019";"57.03";"Total Agricultura, ganadería,  silvicultura, pesca, y veterinaria";"Hombres";"Rendimiento"
"2017-2018";"59.69";"Total Agricultura, ganadería,  silvicultura, pesca, y veterinaria";"Hombres";"Rendimiento"
"2016-2017";"60.76";"Total Agricultura, ganadería,  silvicultura, pesca, y veterinaria";"Hombres";"Rendimiento"
"2015-2016";"63.81";"Total Agricultura, ganadería,  silvicultura, pesca, y veterinaria";"Hombres";"Rendimiento"
"2022-2023";"55.92";"Agricultura, ganadería y pesca";"Hombres";"Rendimiento"
"2021-2022";"58.51";"Agricultura, ganadería y pesca";"Hombres";"Rendimiento"
"2020-2021";"59.82";"Agricultura, ganadería y pesca";"Hombres";"Rendimiento"
"2019-2020";"69.23";"Agricultura, ganadería y pesca";"Hombres";"Rendimiento"
"2018-2019";"57.03";"Agricultura, ganadería y pesca";"Hombres";"Rendimiento"
"2017-2018";"59.69";"Agricultura, ganadería y pesca";"Hombres";"Rendimiento"
"2016-2017";"60.76";"Agricultura, ganadería y pesca";"Hombres";"Rendimiento"
"2015-2016";"63.81";"Agricultura, ganadería y pesca";"Hombres";"Rendimiento"
"2022-2023";"..";"Veterinaria";"Hombres";"Rendimiento"
"2021-2022";"..";"Veterinaria";"Hombres";"Rendimiento"
"2020-2021";"..";"Veterinaria";"Hombres";"Rendimiento"
"2019-2020";"..";"Veterinaria";"Hombres";"Rendimiento"
"2018-2019";"..";"Veterinaria";"Hombres";"Rendimiento"
"2017-2018";"..";"Veterinaria";"Hombres";"Rendimiento"
"2016-2017";"..";"Veterinaria";"Hombres";"Rendimiento"
"2015-2016";"..";"Veterinaria";"Hombres";"Rendimiento"
"2022-2023";"82.09";"Total Salud y servicios sociales";"Hombres";"Rendimiento"
"2021-2022";"84.68";"Total Salud y servicios sociales";"Hombres";"Rendimiento"
"2020-2021";"84.13";"Total Salud y servicios sociales";"Hombres";"Rendimiento"
"2019-2020";"91.97";"Total Salud y servicios sociales";"Hombres";"Rendimiento"
"2018-2019";"85.12";"Total Salud y servicios sociales";"Hombres";"Rendimiento"
"2017-2018";"85.34";"Total Salud y servicios sociales";"Hombres";"Rendimiento"
"2016-2017";"85.66";"Total Salud y servicios sociales";"Hombres";"Rendimiento"
"2015-2016";"84.72";"Total Salud y servicios sociales";"Hombres";"Rendimiento"
"2022-2023";"..";"Medicina";"Hombres";"Rendimiento"
"2021-2022";"..";"Medicina";"Hombres";"Rendimiento"
"2020-2021";"..";"Medicina";"Hombres";"Rendimiento"
"2019-2020";"..";"Medicina";"Hombres";"Rendimiento"
"2018-2019";"..";"Medicina";"Hombres";"Rendimiento"
"2017-2018";"..";"Medicina";"Hombres";"Rendimiento"
"2016-2017";"..";"Medicina";"Hombres";"Rendimiento"
"2015-2016";"..";"Medicina";"Hombres";"Rendimiento"
"2022-2023";"88.34";"Enfermería y atención a enfermos";"Hombres";"Rendimiento"
"2021-2022";"88.71";"Enfermería y atención a enfermos";"Hombres";"Rendimiento"
"2020-2021";"84.97";"Enfermería y atención a enfermos";"Hombres";"Rendimiento"
"2019-2020";"93.23";"Enfermería y atención a enfermos";"Hombres";"Rendimiento"
"2018-2019";"85.67";"Enfermería y atención a enfermos";"Hombres";"Rendimiento"
"2017-2018";"86.97";"Enfermería y atención a enfermos";"Hombres";"Rendimiento"
"2016-2017";"86.16";"Enfermería y atención a enfermos";"Hombres";"Rendimiento"
"2015-2016";"83.96";"Enfermería y atención a enfermos";"Hombres";"Rendimiento"
"2022-2023";"80.19";"Otras ciencias de la Salud";"Hombres";"Rendimiento"
"2021-2022";"83.85";"Otras ciencias de la Salud";"Hombres";"Rendimiento"
"2020-2021";"83.7";"Otras ciencias de la Salud";"Hombres";"Rendimiento"
"2019-2020";"92.2";"Otras ciencias de la Salud";"Hombres";"Rendimiento"
"2018-2019";"85.58";"Otras ciencias de la Salud";"Hombres";"Rendimiento"
"2017-2018";"86.93";"Otras ciencias de la Salud";"Hombres";"Rendimiento"
"2016-2017";"89.39";"Otras ciencias de la Salud";"Hombres";"Rendimiento"
"2015-2016";"87.8";"Otras ciencias de la Salud";"Hombres";"Rendimiento"
"2022-2023";"69.96";"Trabajo social y orientación";"Hombres";"Rendimiento"
"2021-2022";"76.29";"Trabajo social y orientación";"Hombres";"Rendimiento"
"2020-2021";"83.15";"Trabajo social y orientación";"Hombres";"Rendimiento"
"2019-2020";"87.24";"Trabajo social y orientación";"Hombres";"Rendimiento"
"2018-2019";"82.58";"Trabajo social y orientación";"Hombres";"Rendimiento"
"2017-2018";"77.67";"Trabajo social y orientación";"Hombres";"Rendimiento"
"2016-2017";"76.19";"Trabajo social y orientación";"Hombres";"Rendimiento"
"2015-2016";"80.36";"Trabajo social y orientación";"Hombres";"Rendimiento"
"2022-2023";"80.17";"Total Servicios";"Hombres";"Rendimiento"
"2021-2022";"78.04";"Total Servicios";"Hombres";"Rendimiento"
"2020-2021";"77.95";"Total Servicios";"Hombres";"Rendimiento"
"2019-2020";"84.71";"Total Servicios";"Hombres";"Rendimiento"
"2018-2019";"76.05";"Total Servicios";"Hombres";"Rendimiento"
"2017-2018";"77.16";"Total Servicios";"Hombres";"Rendimiento"
"2016-2017";"75.3";"Total Servicios";"Hombres";"Rendimiento"
"2015-2016";"77.42";"Total Servicios";"Hombres";"Rendimiento"
"2022-2023";"82.95";"Deportes";"Hombres";"Rendimiento"
"2021-2022";"81.69";"Deportes";"Hombres";"Rendimiento"
"2020-2021";"81.4";"Deportes";"Hombres";"Rendimiento"
"2019-2020";"87.26";"Deportes";"Hombres";"Rendimiento"
"2018-2019";"79.57";"Deportes";"Hombres";"Rendimiento"
"2017-2018";"79.45";"Deportes";"Hombres";"Rendimiento"
"2016-2017";"77.93";"Deportes";"Hombres";"Rendimiento"
"2015-2016";"79.4";"Deportes";"Hombres";"Rendimiento"
"2022-2023";"64.94";"Turismo y Hostelería";"Hombres";"Rendimiento"
"2021-2022";"59.79";"Turismo y Hostelería";"Hombres";"Rendimiento"
"2020-2021";"63.06";"Turismo y Hostelería";"Hombres";"Rendimiento"
"2019-2020";"73.01";"Turismo y Hostelería";"Hombres";"Rendimiento"
"2018-2019";"60.31";"Turismo y Hostelería";"Hombres";"Rendimiento"
"2017-2018";"66.91";"Turismo y Hostelería";"Hombres";"Rendimiento"
"2016-2017";"62.19";"Turismo y Hostelería";"Hombres";"Rendimiento"
"2015-2016";"67.23";"Turismo y Hostelería";"Hombres";"Rendimiento"
"2022-2023";"..";"Otros Servicios";"Hombres";"Rendimiento"
"2021-2022";"..";"Otros Servicios";"Hombres";"Rendimiento"
"2020-2021";"..";"Otros Servicios";"Hombres";"Rendimiento"
"2019-2020";"..";"Otros Servicios";"Hombres";"Rendimiento"
"2018-2019";"..";"Otros Servicios";"Hombres";"Rendimiento"
"2017-2018";"..";"Otros Servicios";"Hombres";"Rendimiento"
"2016-2017";"..";"Otros Servicios";"Hombres";"Rendimiento"
"2015-2016";"..";"Otros Servicios";"Hombres";"Rendimiento"
"2022-2023";"???";"Vigo";"Hombres";"Exito"
"2021-2022";"???";"Vigo";"Hombres";"Exito"
"2020-2021";"???";"Vigo";"Hombres";"Exito"
"2019-2020";"???";"Vigo";"Hombres";"Exito"
"2018-2019";"???";"Vigo";"Hombres";"Exito"
"2017-2018";"???";"Vigo";"Hombres";"Exito"
"2016-2017";"???";"Vigo";"Hombres";"Exito"
"2015-2016";"???";"Vigo";"Hombres";"Exito"
"2022-2023";"80.08";"Todos los ámbitos";"Hombres";"Exito"
"2021-2022";"80.31";"Todos los ámbitos";"Hombres";"Exito"
"2020-2021";"79.76";"Todos los ámbitos";"Hombres";"Exito"
"2019-2020";"86.09";"Todos los ámbitos";"Hombres";"Exito"
"2018-2019";"79.58";"Todos los ámbitos";"Hombres";"Exito"
"2017-2018";"77.84";"Todos los ámbitos";"Hombres";"Exito"
"2016-2017";"77.91";"Todos los ámbitos";"Hombres";"Exito"
"2015-2016";"76.74";"Todos los ámbitos";"Hombres";"Exito"
"2022-2023";"93.24";"Total Educación";"Hombres";"Exito"
"2021-2022";"93.94";"Total Educación";"Hombres";"Exito"
"2020-2021";"94.97";"Total Educación";"Hombres";"Exito"
"2019-2020";"97.47";"Total Educación";"Hombres";"Exito"
"2018-2019";"94.23";"Total Educación";"Hombres";"Exito"
"2017-2018";"93.07";"Total Educación";"Hombres";"Exito"
"2016-2017";"92.36";"Total Educación";"Hombres";"Exito"
"2015-2016";"91.06";"Total Educación";"Hombres";"Exito"
"2022-2023";"90.19";"Formación de docentes de enseñanza infantil";"Hombres";"Exito"
"2021-2022";"91.75";"Formación de docentes de enseñanza infantil";"Hombres";"Exito"
"2020-2021";"91.3";"Formación de docentes de enseñanza infantil";"Hombres";"Exito"
"2019-2020";"95.14";"Formación de docentes de enseñanza infantil";"Hombres";"Exito"
"2018-2019";"92.47";"Formación de docentes de enseñanza infantil";"Hombres";"Exito"
"2017-2018";"94.02";"Formación de docentes de enseñanza infantil";"Hombres";"Exito"
"2016-2017";"92.79";"Formación de docentes de enseñanza infantil";"Hombres";"Exito"
"2015-2016";"88.02";"Formación de docentes de enseñanza infantil";"Hombres";"Exito"
"2022-2023";"93.96";"Formación de docentes de enseñanza primaria";"Hombres";"Exito"
"2021-2022";"94.41";"Formación de docentes de enseñanza primaria";"Hombres";"Exito"
"2020-2021";"96.07";"Formación de docentes de enseñanza primaria";"Hombres";"Exito"
"2019-2020";"97.99";"Formación de docentes de enseñanza primaria";"Hombres";"Exito"
"2018-2019";"94.29";"Formación de docentes de enseñanza primaria";"Hombres";"Exito"
"2017-2018";"92.26";"Formación de docentes de enseñanza primaria";"Hombres";"Exito"
"2016-2017";"92.09";"Formación de docentes de enseñanza primaria";"Hombres";"Exito"
"2015-2016";"91.48";"Formación de docentes de enseñanza primaria";"Hombres";"Exito"
"2022-2023";"96.66";"Otra Formación de personal docente y ciencias de la educación";"Hombres";"Exito"
"2021-2022";"96.53";"Otra Formación de personal docente y ciencias de la educación";"Hombres";"Exito"
"2020-2021";"96.37";"Otra Formación de personal docente y ciencias de la educación";"Hombres";"Exito"
"2019-2020";"99.14";"Otra Formación de personal docente y ciencias de la educación";"Hombres";"Exito"
"2018-2019";"97.27";"Otra Formación de personal docente y ciencias de la educación";"Hombres";"Exito"
"2017-2018";"96.57";"Otra Formación de personal docente y ciencias de la educación";"Hombres";"Exito"
"2016-2017";"93.4";"Otra Formación de personal docente y ciencias de la educación";"Hombres";"Exito"
"2015-2016";"92.61";"Otra Formación de personal docente y ciencias de la educación";"Hombres";"Exito"
"2022-2023";"89.95";"Total Artes y humanidades";"Hombres";"Exito"
"2021-2022";"90.71";"Total Artes y humanidades";"Hombres";"Exito"
"2020-2021";"92.31";"Total Artes y humanidades";"Hombres";"Exito"
"2019-2020";"95.24";"Total Artes y humanidades";"Hombres";"Exito"
"2018-2019";"92.23";"Total Artes y humanidades";"Hombres";"Exito"
"2017-2018";"92.23";"Total Artes y humanidades";"Hombres";"Exito"
"2016-2017";"91.76";"Total Artes y humanidades";"Hombres";"Exito"
"2015-2016";"93.57";"Total Artes y humanidades";"Hombres";"Exito"
"2022-2023";"97.27";"Técnicas audiovisuales y medios de comunicación";"Hombres";"Exito"
"2021-2022";"99.02";"Técnicas audiovisuales y medios de comunicación";"Hombres";"Exito"
"2020-2021";"99.32";"Técnicas audiovisuales y medios de comunicación";"Hombres";"Exito"
"2019-2020";"99.74";"Técnicas audiovisuales y medios de comunicación";"Hombres";"Exito"
"2018-2019";"98.21";"Técnicas audiovisuales y medios de comunicación";"Hombres";"Exito"
"2017-2018";"99.3";"Técnicas audiovisuales y medios de comunicación";"Hombres";"Exito"
"2016-2017";"97.83";"Técnicas audiovisuales y medios de comunicación";"Hombres";"Exito"
"2015-2016";"98.39";"Técnicas audiovisuales y medios de comunicación";"Hombres";"Exito"
"2022-2023";"95.69";"Artes";"Hombres";"Exito"
"2021-2022";"95.26";"Artes";"Hombres";"Exito"
"2020-2021";"95.7";"Artes";"Hombres";"Exito"
"2019-2020";"98.79";"Artes";"Hombres";"Exito"
"2018-2019";"96.11";"Artes";"Hombres";"Exito"
"2017-2018";"94.71";"Artes";"Hombres";"Exito"
"2016-2017";"93.43";"Artes";"Hombres";"Exito"
"2015-2016";"95.32";"Artes";"Hombres";"Exito"
"2022-2023";"87.15";"Lenguas";"Hombres";"Exito"
"2021-2022";"86.84";"Lenguas";"Hombres";"Exito"
"2020-2021";"87.36";"Lenguas";"Hombres";"Exito"
"2019-2020";"92.38";"Lenguas";"Hombres";"Exito"
"2018-2019";"86.39";"Lenguas";"Hombres";"Exito"
"2017-2018";"88.52";"Lenguas";"Hombres";"Exito"
"2016-2017";"88.45";"Lenguas";"Hombres";"Exito"
"2015-2016";"88.95";"Lenguas";"Hombres";"Exito"
"2022-2023";"83.53";"Humanidades";"Hombres";"Exito"
"2021-2022";"85.27";"Humanidades";"Hombres";"Exito"
"2020-2021";"90.17";"Humanidades";"Hombres";"Exito"
"2019-2020";"90.99";"Humanidades";"Hombres";"Exito"
"2018-2019";"89.93";"Humanidades";"Hombres";"Exito"
"2017-2018";"87.65";"Humanidades";"Hombres";"Exito"
"2016-2017";"88.4";"Humanidades";"Hombres";"Exito"
"2015-2016";"93.36";"Humanidades";"Hombres";"Exito"
"2022-2023";"74.98";"Total Ciencias sociales, periodismo y documentación";"Hombres";"Exito"
"2021-2022";"74.65";"Total Ciencias sociales, periodismo y documentación";"Hombres";"Exito"
"2020-2021";"76.35";"Total Ciencias sociales, periodismo y documentación";"Hombres";"Exito"
"2019-2020";"85.77";"Total Ciencias sociales, periodismo y documentación";"Hombres";"Exito"
"2018-2019";"77.98";"Total Ciencias sociales, periodismo y documentación";"Hombres";"Exito"
"2017-2018";"78.94";"Total Ciencias sociales, periodismo y documentación";"Hombres";"Exito"
"2016-2017";"76.03";"Total Ciencias sociales, periodismo y documentación";"Hombres";"Exito"
"2015-2016";"78.89";"Total Ciencias sociales, periodismo y documentación";"Hombres";"Exito"
"2022-2023";"..";"Psicología";"Hombres";"Exito"
"2021-2022";"..";"Psicología";"Hombres";"Exito"
"2020-2021";"..";"Psicología";"Hombres";"Exito"
"2019-2020";"..";"Psicología";"Hombres";"Exito"
"2018-2019";"..";"Psicología";"Hombres";"Exito"
"2017-2018";"..";"Psicología";"Hombres";"Exito"
"2016-2017";"..";"Psicología";"Hombres";"Exito"
"2015-2016";"..";"Psicología";"Hombres";"Exito"
"2022-2023";"74.56";"Economía";"Hombres";"Exito"
"2021-2022";"74.65";"Economía";"Hombres";"Exito"
"2020-2021";"76.35";"Economía";"Hombres";"Exito"
"2019-2020";"85.77";"Economía";"Hombres";"Exito"
"2018-2019";"77.98";"Economía";"Hombres";"Exito"
"2017-2018";"78.94";"Economía";"Hombres";"Exito"
"2016-2017";"76.03";"Economía";"Hombres";"Exito"
"2015-2016";"78.87";"Economía";"Hombres";"Exito"
"2022-2023";"..";"Otras Ciencias sociales y del comportamiento";"Hombres";"Exito"
"2021-2022";"..";"Otras Ciencias sociales y del comportamiento";"Hombres";"Exito"
"2020-2021";"..";"Otras Ciencias sociales y del comportamiento";"Hombres";"Exito"
"2019-2020";"..";"Otras Ciencias sociales y del comportamiento";"Hombres";"Exito"
"2018-2019";"..";"Otras Ciencias sociales y del comportamiento";"Hombres";"Exito"
"2017-2018";"..";"Otras Ciencias sociales y del comportamiento";"Hombres";"Exito"
"2016-2017";"..";"Otras Ciencias sociales y del comportamiento";"Hombres";"Exito"
"2015-2016";"..";"Otras Ciencias sociales y del comportamiento";"Hombres";"Exito"
"2022-2023";"..";"Periodismo e información";"Hombres";"Exito"
"2021-2022";"..";"Periodismo e información";"Hombres";"Exito"
"2020-2021";"..";"Periodismo e información";"Hombres";"Exito"
"2019-2020";"..";"Periodismo e información";"Hombres";"Exito"
"2018-2019";"..";"Periodismo e información";"Hombres";"Exito"
"2017-2018";"..";"Periodismo e información";"Hombres";"Exito"
"2016-2017";"..";"Periodismo e información";"Hombres";"Exito"
"2015-2016";"..";"Periodismo e información";"Hombres";"Exito"
"2022-2023";"80.25";"Total Negocios, administración y derecho";"Hombres";"Exito"
"2021-2022";"80.14";"Total Negocios, administración y derecho";"Hombres";"Exito"
"2020-2021";"80.57";"Total Negocios, administración y derecho";"Hombres";"Exito"
"2019-2020";"87.45";"Total Negocios, administración y derecho";"Hombres";"Exito"
"2018-2019";"80.55";"Total Negocios, administración y derecho";"Hombres";"Exito"
"2017-2018";"77.49";"Total Negocios, administración y derecho";"Hombres";"Exito"
"2016-2017";"77.39";"Total Negocios, administración y derecho";"Hombres";"Exito"
"2015-2016";"76.66";"Total Negocios, administración y derecho";"Hombres";"Exito"
"2022-2023";"77.52";"Administración y gestión de empresas";"Hombres";"Exito"
"2021-2022";"78.38";"Administración y gestión de empresas";"Hombres";"Exito"
"2020-2021";"78.1";"Administración y gestión de empresas";"Hombres";"Exito"
"2019-2020";"85.56";"Administración y gestión de empresas";"Hombres";"Exito"
"2018-2019";"77.38";"Administración y gestión de empresas";"Hombres";"Exito"
"2017-2018";"74.69";"Administración y gestión de empresas";"Hombres";"Exito"
"2016-2017";"74.41";"Administración y gestión de empresas";"Hombres";"Exito"
"2015-2016";"73.22";"Administración y gestión de empresas";"Hombres";"Exito"
"2022-2023";"84.91";"Otra Educación comercial y empresarial";"Hombres";"Exito"
"2021-2022";"81.59";"Otra Educación comercial y empresarial";"Hombres";"Exito"
"2020-2021";"84.98";"Otra Educación comercial y empresarial";"Hombres";"Exito"
"2019-2020";"90.26";"Otra Educación comercial y empresarial";"Hombres";"Exito"
"2018-2019";"85.48";"Otra Educación comercial y empresarial";"Hombres";"Exito"
"2017-2018";"82.44";"Otra Educación comercial y empresarial";"Hombres";"Exito"
"2016-2017";"85.34";"Otra Educación comercial y empresarial";"Hombres";"Exito"
"2015-2016";"84.12";"Otra Educación comercial y empresarial";"Hombres";"Exito"
"2022-2023";"83.76";"Derecho";"Hombres";"Exito"
"2021-2022";"83.56";"Derecho";"Hombres";"Exito"
"2020-2021";"83.55";"Derecho";"Hombres";"Exito"
"2019-2020";"90.59";"Derecho";"Hombres";"Exito"
"2018-2019";"85.91";"Derecho";"Hombres";"Exito"
"2017-2018";"82.22";"Derecho";"Hombres";"Exito"
"2016-2017";"81.01";"Derecho";"Hombres";"Exito"
"2015-2016";"81.79";"Derecho";"Hombres";"Exito"
"2022-2023";"77.82";"Total Ciencias";"Hombres";"Exito"
"2021-2022";"78.7";"Total Ciencias";"Hombres";"Exito"
"2020-2021";"77.52";"Total Ciencias";"Hombres";"Exito"
"2019-2020";"88.31";"Total Ciencias";"Hombres";"Exito"
"2018-2019";"78.31";"Total Ciencias";"Hombres";"Exito"
"2017-2018";"76.56";"Total Ciencias";"Hombres";"Exito"
"2016-2017";"76.98";"Total Ciencias";"Hombres";"Exito"
"2015-2016";"76.46";"Total Ciencias";"Hombres";"Exito"
"2022-2023";"83.88";"Ciencias de la vida";"Hombres";"Exito"
"2021-2022";"83.37";"Ciencias de la vida";"Hombres";"Exito"
"2020-2021";"82.12";"Ciencias de la vida";"Hombres";"Exito"
"2019-2020";"91.89";"Ciencias de la vida";"Hombres";"Exito"
"2018-2019";"82.87";"Ciencias de la vida";"Hombres";"Exito"
"2017-2018";"82.2";"Ciencias de la vida";"Hombres";"Exito"
"2016-2017";"83.15";"Ciencias de la vida";"Hombres";"Exito"
"2015-2016";"82.17";"Ciencias de la vida";"Hombres";"Exito"
"2022-2023";"72.26";"Ciencias Físicas, químicas, geológicas";"Hombres";"Exito"
"2021-2022";"73.49";"Ciencias Físicas, químicas, geológicas";"Hombres";"Exito"
"2020-2021";"72.16";"Ciencias Físicas, químicas, geológicas";"Hombres";"Exito"
"2019-2020";"83.84";"Ciencias Físicas, químicas, geológicas";"Hombres";"Exito"
"2018-2019";"73.02";"Ciencias Físicas, químicas, geológicas";"Hombres";"Exito"
"2017-2018";"69.88";"Ciencias Físicas, químicas, geológicas";"Hombres";"Exito"
"2016-2017";"70.42";"Ciencias Físicas, químicas, geológicas";"Hombres";"Exito"
"2015-2016";"70.56";"Ciencias Físicas, químicas, geológicas";"Hombres";"Exito"
"2022-2023";"..";"Matemáticas y Estadística";"Hombres";"Exito"
"2021-2022";"..";"Matemáticas y Estadística";"Hombres";"Exito"
"2020-2021";"..";"Matemáticas y Estadística";"Hombres";"Exito"
"2019-2020";"..";"Matemáticas y Estadística";"Hombres";"Exito"
"2018-2019";"..";"Matemáticas y Estadística";"Hombres";"Exito"
"2017-2018";"..";"Matemáticas y Estadística";"Hombres";"Exito"
"2016-2017";"..";"Matemáticas y Estadística";"Hombres";"Exito"
"2015-2016";"..";"Matemáticas y Estadística";"Hombres";"Exito"
"2022-2023";"77.36";"Total Informática";"Hombres";"Exito"
"2021-2022";"79.04";"Total Informática";"Hombres";"Exito"
"2020-2021";"76.88";"Total Informática";"Hombres";"Exito"
"2019-2020";"86.84";"Total Informática";"Hombres";"Exito"
"2018-2019";"78.9";"Total Informática";"Hombres";"Exito"
"2017-2018";"78.09";"Total Informática";"Hombres";"Exito"
"2016-2017";"77.15";"Total Informática";"Hombres";"Exito"
"2015-2016";"70.96";"Total Informática";"Hombres";"Exito"
"2022-2023";"77.36";"Informática";"Hombres";"Exito"
"2021-2022";"79.04";"Informática";"Hombres";"Exito"
"2020-2021";"76.88";"Informática";"Hombres";"Exito"
"2019-2020";"86.84";"Informática";"Hombres";"Exito"
"2018-2019";"78.9";"Informática";"Hombres";"Exito"
"2017-2018";"78.09";"Informática";"Hombres";"Exito"
"2016-2017";"77.15";"Informática";"Hombres";"Exito"
"2015-2016";"70.96";"Informática";"Hombres";"Exito"
"2022-2023";"73.11";"Total Ingeniería, industria y construcción";"Hombres";"Exito"
"2021-2022";"72.97";"Total Ingeniería, industria y construcción";"Hombres";"Exito"
"2020-2021";"71.88";"Total Ingeniería, industria y construcción";"Hombres";"Exito"
"2019-2020";"78.15";"Total Ingeniería, industria y construcción";"Hombres";"Exito"
"2018-2019";"71.06";"Total Ingeniería, industria y construcción";"Hombres";"Exito"
"2017-2018";"69.25";"Total Ingeniería, industria y construcción";"Hombres";"Exito"
"2016-2017";"70.32";"Total Ingeniería, industria y construcción";"Hombres";"Exito"
"2015-2016";"68.91";"Total Ingeniería, industria y construcción";"Hombres";"Exito"
"2022-2023";"73.11";"Ingenierías";"Hombres";"Exito"
"2021-2022";"72.97";"Ingenierías";"Hombres";"Exito"
"2020-2021";"71.88";"Ingenierías";"Hombres";"Exito"
"2019-2020";"78.15";"Ingenierías";"Hombres";"Exito"
"2018-2019";"71.06";"Ingenierías";"Hombres";"Exito"
"2017-2018";"69.25";"Ingenierías";"Hombres";"Exito"
"2016-2017";"70.32";"Ingenierías";"Hombres";"Exito"
"2015-2016";"68.91";"Ingenierías";"Hombres";"Exito"
"2022-2023";"..";"Arquitectura y construcción";"Hombres";"Exito"
"2021-2022";"..";"Arquitectura y construcción";"Hombres";"Exito"
"2020-2021";"..";"Arquitectura y construcción";"Hombres";"Exito"
"2019-2020";"..";"Arquitectura y construcción";"Hombres";"Exito"
"2018-2019";"..";"Arquitectura y construcción";"Hombres";"Exito"
"2017-2018";"..";"Arquitectura y construcción";"Hombres";"Exito"
"2016-2017";"..";"Arquitectura y construcción";"Hombres";"Exito"
"2015-2016";"..";"Arquitectura y construcción";"Hombres";"Exito"
"2022-2023";"79.55";"Total Agricultura, ganadería,  silvicultura, pesca, y veterinaria";"Hombres";"Exito"
"2021-2022";"76.59";"Total Agricultura, ganadería,  silvicultura, pesca, y veterinaria";"Hombres";"Exito"
"2020-2021";"75.94";"Total Agricultura, ganadería,  silvicultura, pesca, y veterinaria";"Hombres";"Exito"
"2019-2020";"85.89";"Total Agricultura, ganadería,  silvicultura, pesca, y veterinaria";"Hombres";"Exito"
"2018-2019";"77.13";"Total Agricultura, ganadería,  silvicultura, pesca, y veterinaria";"Hombres";"Exito"
"2017-2018";"77.32";"Total Agricultura, ganadería,  silvicultura, pesca, y veterinaria";"Hombres";"Exito"
"2016-2017";"80.15";"Total Agricultura, ganadería,  silvicultura, pesca, y veterinaria";"Hombres";"Exito"
"2015-2016";"82.61";"Total Agricultura, ganadería,  silvicultura, pesca, y veterinaria";"Hombres";"Exito"
"2022-2023";"79.55";"Agricultura, ganadería y pesca";"Hombres";"Exito"
"2021-2022";"76.59";"Agricultura, ganadería y pesca";"Hombres";"Exito"
"2020-2021";"75.94";"Agricultura, ganadería y pesca";"Hombres";"Exito"
"2019-2020";"85.89";"Agricultura, ganadería y pesca";"Hombres";"Exito"
"2018-2019";"77.13";"Agricultura, ganadería y pesca";"Hombres";"Exito"
"2017-2018";"77.32";"Agricultura, ganadería y pesca";"Hombres";"Exito"
"2016-2017";"80.15";"Agricultura, ganadería y pesca";"Hombres";"Exito"
"2015-2016";"82.61";"Agricultura, ganadería y pesca";"Hombres";"Exito"
"2022-2023";"..";"Veterinaria";"Hombres";"Exito"
"2021-2022";"..";"Veterinaria";"Hombres";"Exito"
"2020-2021";"..";"Veterinaria";"Hombres";"Exito"
"2019-2020";"..";"Veterinaria";"Hombres";"Exito"
"2018-2019";"..";"Veterinaria";"Hombres";"Exito"
"2017-2018";"..";"Veterinaria";"Hombres";"Exito"
"2016-2017";"..";"Veterinaria";"Hombres";"Exito"
"2015-2016";"..";"Veterinaria";"Hombres";"Exito"
"2022-2023";"89.13";"Total Salud y servicios sociales";"Hombres";"Exito"
"2021-2022";"90.84";"Total Salud y servicios sociales";"Hombres";"Exito"
"2020-2021";"90.11";"Total Salud y servicios sociales";"Hombres";"Exito"
"2019-2020";"95.88";"Total Salud y servicios sociales";"Hombres";"Exito"
"2018-2019";"90.58";"Total Salud y servicios sociales";"Hombres";"Exito"
"2017-2018";"91.45";"Total Salud y servicios sociales";"Hombres";"Exito"
"2016-2017";"91.97";"Total Salud y servicios sociales";"Hombres";"Exito"
"2015-2016";"90.01";"Total Salud y servicios sociales";"Hombres";"Exito"
"2022-2023";"..";"Medicina";"Hombres";"Exito"
"2021-2022";"..";"Medicina";"Hombres";"Exito"
"2020-2021";"..";"Medicina";"Hombres";"Exito"
"2019-2020";"..";"Medicina";"Hombres";"Exito"
"2018-2019";"..";"Medicina";"Hombres";"Exito"
"2017-2018";"..";"Medicina";"Hombres";"Exito"
"2016-2017";"..";"Medicina";"Hombres";"Exito"
"2015-2016";"..";"Medicina";"Hombres";"Exito"
"2022-2023";"91.71";"Enfermería y atención a enfermos";"Hombres";"Exito"
"2021-2022";"92.34";"Enfermería y atención a enfermos";"Hombres";"Exito"
"2020-2021";"92.03";"Enfermería y atención a enfermos";"Hombres";"Exito"
"2019-2020";"96.06";"Enfermería y atención a enfermos";"Hombres";"Exito"
"2018-2019";"91.14";"Enfermería y atención a enfermos";"Hombres";"Exito"
"2017-2018";"93.26";"Enfermería y atención a enfermos";"Hombres";"Exito"
"2016-2017";"91.35";"Enfermería y atención a enfermos";"Hombres";"Exito"
"2015-2016";"88.61";"Enfermería y atención a enfermos";"Hombres";"Exito"
"2022-2023";"88.15";"Otras ciencias de la Salud";"Hombres";"Exito"
"2021-2022";"90.22";"Otras ciencias de la Salud";"Hombres";"Exito"
"2020-2021";"88.08";"Otras ciencias de la Salud";"Hombres";"Exito"
"2019-2020";"95.84";"Otras ciencias de la Salud";"Hombres";"Exito"
"2018-2019";"89.67";"Otras ciencias de la Salud";"Hombres";"Exito"
"2017-2018";"90.83";"Otras ciencias de la Salud";"Hombres";"Exito"
"2016-2017";"93.66";"Otras ciencias de la Salud";"Hombres";"Exito"
"2015-2016";"91.23";"Otras ciencias de la Salud";"Hombres";"Exito"
"2022-2023";"83.95";"Trabajo social y orientación";"Hombres";"Exito"
"2021-2022";"88.8";"Trabajo social y orientación";"Hombres";"Exito"
"2020-2021";"93.01";"Trabajo social y orientación";"Hombres";"Exito"
"2019-2020";"95.43";"Trabajo social y orientación";"Hombres";"Exito"
"2018-2019";"91.54";"Trabajo social y orientación";"Hombres";"Exito"
"2017-2018";"87.73";"Trabajo social y orientación";"Hombres";"Exito"
"2016-2017";"89.8";"Trabajo social y orientación";"Hombres";"Exito"
"2015-2016";"91.26";"Trabajo social y orientación";"Hombres";"Exito"
"2022-2023";"90.5";"Total Servicios";"Hombres";"Exito"
"2021-2022";"90.33";"Total Servicios";"Hombres";"Exito"
"2020-2021";"89.63";"Total Servicios";"Hombres";"Exito"
"2019-2020";"94.01";"Total Servicios";"Hombres";"Exito"
"2018-2019";"89.01";"Total Servicios";"Hombres";"Exito"
"2017-2018";"88.69";"Total Servicios";"Hombres";"Exito"
"2016-2017";"86.99";"Total Servicios";"Hombres";"Exito"
"2015-2016";"87.08";"Total Servicios";"Hombres";"Exito"
"2022-2023";"91.49";"Deportes";"Hombres";"Exito"
"2021-2022";"90.85";"Deportes";"Hombres";"Exito"
"2020-2021";"92.14";"Deportes";"Hombres";"Exito"
"2019-2020";"95.55";"Deportes";"Hombres";"Exito"
"2018-2019";"90.57";"Deportes";"Hombres";"Exito"
"2017-2018";"89.39";"Deportes";"Hombres";"Exito"
"2016-2017";"88.59";"Deportes";"Hombres";"Exito"
"2015-2016";"87.84";"Deportes";"Hombres";"Exito"
"2022-2023";"84.13";"Turismo y Hostelería";"Hombres";"Exito"
"2021-2022";"86.93";"Turismo y Hostelería";"Hombres";"Exito"
"2020-2021";"77.81";"Turismo y Hostelería";"Hombres";"Exito"
"2019-2020";"86.4";"Turismo y Hostelería";"Hombres";"Exito"
"2018-2019";"80.75";"Turismo y Hostelería";"Hombres";"Exito"
"2017-2018";"85.19";"Turismo y Hostelería";"Hombres";"Exito"
"2016-2017";"78.16";"Turismo y Hostelería";"Hombres";"Exito"
"2015-2016";"82.78";"Turismo y Hostelería";"Hombres";"Exito"
"2022-2023";"..";"Otros Servicios";"Hombres";"Exito"
"2021-2022";"..";"Otros Servicios";"Hombres";"Exito"
"2020-2021";"..";"Otros Servicios";"Hombres";"Exito"
"2019-2020";"..";"Otros Servicios";"Hombres";"Exito"
"2018-2019";"..";"Otros Servicios";"Hombres";"Exito"
"2017-2018";"..";"Otros Servicios";"Hombres";"Exito"
"2016-2017";"..";"Otros Servicios";"Hombres";"Exito"
"2015-2016";"..";"Otros Servicios";"Hombres";"Exito"
"2022-2023";"???";"Vigo";"Hombres";"Evaluacion"
"2021-2022";"???";"Vigo";"Hombres";"Evaluacion"
"2020-2021";"???";"Vigo";"Hombres";"Evaluacion"
"2019-2020";"???";"Vigo";"Hombres";"Evaluacion"
"2018-2019";"???";"Vigo";"Hombres";"Evaluacion"
"2017-2018";"???";"Vigo";"Hombres";"Evaluacion"
"2016-2017";"???";"Vigo";"Hombres";"Evaluacion"
"2015-2016";"???";"Vigo";"Hombres";"Evaluacion"
"2022-2023";"83.16";"Todos los ámbitos";"Hombres";"Evaluacion"
"2021-2022";"82.61";"Todos los ámbitos";"Hombres";"Evaluacion"
"2020-2021";"83.46";"Todos los ámbitos";"Hombres";"Evaluacion"
"2019-2020";"87.29";"Todos los ámbitos";"Hombres";"Evaluacion"
"2018-2019";"82.86";"Todos los ámbitos";"Hombres";"Evaluacion"
"2017-2018";"82.92";"Todos los ámbitos";"Hombres";"Evaluacion"
"2016-2017";"83.35";"Todos los ámbitos";"Hombres";"Evaluacion"
"2015-2016";"83.91";"Todos los ámbitos";"Hombres";"Evaluacion"
"2022-2023";"92.87";"Total Educación";"Hombres";"Evaluacion"
"2021-2022";"92.74";"Total Educación";"Hombres";"Evaluacion"
"2020-2021";"93.99";"Total Educación";"Hombres";"Evaluacion"
"2019-2020";"94.52";"Total Educación";"Hombres";"Evaluacion"
"2018-2019";"91.94";"Total Educación";"Hombres";"Evaluacion"
"2017-2018";"91.59";"Total Educación";"Hombres";"Evaluacion"
"2016-2017";"88.47";"Total Educación";"Hombres";"Evaluacion"
"2015-2016";"87.59";"Total Educación";"Hombres";"Evaluacion"
"2022-2023";"91.7";"Formación de docentes de enseñanza infantil";"Hombres";"Evaluacion"
"2021-2022";"93.84";"Formación de docentes de enseñanza infantil";"Hombres";"Evaluacion"
"2020-2021";"91.64";"Formación de docentes de enseñanza infantil";"Hombres";"Evaluacion"
"2019-2020";"91.23";"Formación de docentes de enseñanza infantil";"Hombres";"Evaluacion"
"2018-2019";"95.4";"Formación de docentes de enseñanza infantil";"Hombres";"Evaluacion"
"2017-2018";"90.58";"Formación de docentes de enseñanza infantil";"Hombres";"Evaluacion"
"2016-2017";"86.16";"Formación de docentes de enseñanza infantil";"Hombres";"Evaluacion"
"2015-2016";"85.01";"Formación de docentes de enseñanza infantil";"Hombres";"Evaluacion"
"2022-2023";"94.01";"Formación de docentes de enseñanza primaria";"Hombres";"Evaluacion"
"2021-2022";"92.95";"Formación de docentes de enseñanza primaria";"Hombres";"Evaluacion"
"2020-2021";"94.92";"Formación de docentes de enseñanza primaria";"Hombres";"Evaluacion"
"2019-2020";"95.35";"Formación de docentes de enseñanza primaria";"Hombres";"Evaluacion"
"2018-2019";"91.66";"Formación de docentes de enseñanza primaria";"Hombres";"Evaluacion"
"2017-2018";"92.52";"Formación de docentes de enseñanza primaria";"Hombres";"Evaluacion"
"2016-2017";"89.76";"Formación de docentes de enseñanza primaria";"Hombres";"Evaluacion"
"2015-2016";"88.76";"Formación de docentes de enseñanza primaria";"Hombres";"Evaluacion"
"2022-2023";"86.17";"Otra Formación de personal docente y ciencias de la educación";"Hombres";"Evaluacion"
"2021-2022";"87.57";"Otra Formación de personal docente y ciencias de la educación";"Hombres";"Evaluacion"
"2020-2021";"93.24";"Otra Formación de personal docente y ciencias de la educación";"Hombres";"Evaluacion"
"2019-2020";"96.67";"Otra Formación de personal docente y ciencias de la educación";"Hombres";"Evaluacion"
"2018-2019";"87.62";"Otra Formación de personal docente y ciencias de la educación";"Hombres";"Evaluacion"
"2017-2018";"87.76";"Otra Formación de personal docente y ciencias de la educación";"Hombres";"Evaluacion"
"2016-2017";"84.08";"Otra Formación de personal docente y ciencias de la educación";"Hombres";"Evaluacion"
"2015-2016";"84.84";"Otra Formación de personal docente y ciencias de la educación";"Hombres";"Evaluacion"
"2022-2023";"84.33";"Total Artes y humanidades";"Hombres";"Evaluacion"
"2021-2022";"83.96";"Total Artes y humanidades";"Hombres";"Evaluacion"
"2020-2021";"84.48";"Total Artes y humanidades";"Hombres";"Evaluacion"
"2019-2020";"86.63";"Total Artes y humanidades";"Hombres";"Evaluacion"
"2018-2019";"84.59";"Total Artes y humanidades";"Hombres";"Evaluacion"
"2017-2018";"84.09";"Total Artes y humanidades";"Hombres";"Evaluacion"
"2016-2017";"83.19";"Total Artes y humanidades";"Hombres";"Evaluacion"
"2015-2016";"83.56";"Total Artes y humanidades";"Hombres";"Evaluacion"
"2022-2023";"91.82";"Técnicas audiovisuales y medios de comunicación";"Hombres";"Evaluacion"
"2021-2022";"95.21";"Técnicas audiovisuales y medios de comunicación";"Hombres";"Evaluacion"
"2020-2021";"96.45";"Técnicas audiovisuales y medios de comunicación";"Hombres";"Evaluacion"
"2019-2020";"95.59";"Técnicas audiovisuales y medios de comunicación";"Hombres";"Evaluacion"
"2018-2019";"96.66";"Técnicas audiovisuales y medios de comunicación";"Hombres";"Evaluacion"
"2017-2018";"92.94";"Técnicas audiovisuales y medios de comunicación";"Hombres";"Evaluacion"
"2016-2017";"88.9";"Técnicas audiovisuales y medios de comunicación";"Hombres";"Evaluacion"
"2015-2016";"92.88";"Técnicas audiovisuales y medios de comunicación";"Hombres";"Evaluacion"
"2022-2023";"83.63";"Artes";"Hombres";"Evaluacion"
"2021-2022";"83.59";"Artes";"Hombres";"Evaluacion"
"2020-2021";"84.08";"Artes";"Hombres";"Evaluacion"
"2019-2020";"88.27";"Artes";"Hombres";"Evaluacion"
"2018-2019";"84.28";"Artes";"Hombres";"Evaluacion"
"2017-2018";"80.53";"Artes";"Hombres";"Evaluacion"
"2016-2017";"80.62";"Artes";"Hombres";"Evaluacion"
"2015-2016";"84.65";"Artes";"Hombres";"Evaluacion"
"2022-2023";"84.22";"Lenguas";"Hombres";"Evaluacion"
"2021-2022";"85.61";"Lenguas";"Hombres";"Evaluacion"
"2020-2021";"79.82";"Lenguas";"Hombres";"Evaluacion"
"2019-2020";"82.23";"Lenguas";"Hombres";"Evaluacion"
"2018-2019";"81.93";"Lenguas";"Hombres";"Evaluacion"
"2017-2018";"86.9";"Lenguas";"Hombres";"Evaluacion"
"2016-2017";"85.06";"Lenguas";"Hombres";"Evaluacion"
"2015-2016";"84.93";"Lenguas";"Hombres";"Evaluacion"
"2022-2023";"80.77";"Humanidades";"Hombres";"Evaluacion"
"2021-2022";"75.73";"Humanidades";"Hombres";"Evaluacion"
"2020-2021";"83.57";"Humanidades";"Hombres";"Evaluacion"
"2019-2020";"84.03";"Humanidades";"Hombres";"Evaluacion"
"2018-2019";"77.76";"Humanidades";"Hombres";"Evaluacion"
"2017-2018";"76.02";"Humanidades";"Hombres";"Evaluacion"
"2016-2017";"78.08";"Humanidades";"Hombres";"Evaluacion"
"2015-2016";"70.33";"Humanidades";"Hombres";"Evaluacion"
"2022-2023";"77.49";"Total Ciencias sociales, periodismo y documentación";"Hombres";"Evaluacion"
"2021-2022";"80.66";"Total Ciencias sociales, periodismo y documentación";"Hombres";"Evaluacion"
"2020-2021";"83.4";"Total Ciencias sociales, periodismo y documentación";"Hombres";"Evaluacion"
"2019-2020";"89.35";"Total Ciencias sociales, periodismo y documentación";"Hombres";"Evaluacion"
"2018-2019";"81.8";"Total Ciencias sociales, periodismo y documentación";"Hombres";"Evaluacion"
"2017-2018";"81.2";"Total Ciencias sociales, periodismo y documentación";"Hombres";"Evaluacion"
"2016-2017";"82.8";"Total Ciencias sociales, periodismo y documentación";"Hombres";"Evaluacion"
"2015-2016";"83.29";"Total Ciencias sociales, periodismo y documentación";"Hombres";"Evaluacion"
"2022-2023";"..";"Psicología";"Hombres";"Evaluacion"
"2021-2022";"..";"Psicología";"Hombres";"Evaluacion"
"2020-2021";"..";"Psicología";"Hombres";"Evaluacion"
"2019-2020";"..";"Psicología";"Hombres";"Evaluacion"
"2018-2019";"..";"Psicología";"Hombres";"Evaluacion"
"2017-2018";"..";"Psicología";"Hombres";"Evaluacion"
"2016-2017";"..";"Psicología";"Hombres";"Evaluacion"
"2015-2016";"..";"Psicología";"Hombres";"Evaluacion"
"2022-2023";"77.55";"Economía";"Hombres";"Evaluacion"
"2021-2022";"80.66";"Economía";"Hombres";"Evaluacion"
"2020-2021";"83.4";"Economía";"Hombres";"Evaluacion"
"2019-2020";"89.35";"Economía";"Hombres";"Evaluacion"
"2018-2019";"81.8";"Economía";"Hombres";"Evaluacion"
"2017-2018";"81.2";"Economía";"Hombres";"Evaluacion"
"2016-2017";"82.8";"Economía";"Hombres";"Evaluacion"
"2015-2016";"83.73";"Economía";"Hombres";"Evaluacion"
"2022-2023";"..";"Otras Ciencias sociales y del comportamiento";"Hombres";"Evaluacion"
"2021-2022";"..";"Otras Ciencias sociales y del comportamiento";"Hombres";"Evaluacion"
"2020-2021";"..";"Otras Ciencias sociales y del comportamiento";"Hombres";"Evaluacion"
"2019-2020";"..";"Otras Ciencias sociales y del comportamiento";"Hombres";"Evaluacion"
"2018-2019";"..";"Otras Ciencias sociales y del comportamiento";"Hombres";"Evaluacion"
"2017-2018";"..";"Otras Ciencias sociales y del comportamiento";"Hombres";"Evaluacion"
"2016-2017";"..";"Otras Ciencias sociales y del comportamiento";"Hombres";"Evaluacion"
"2015-2016";"..";"Otras Ciencias sociales y del comportamiento";"Hombres";"Evaluacion"
"2022-2023";"..";"Periodismo e información";"Hombres";"Evaluacion"
"2021-2022";"..";"Periodismo e información";"Hombres";"Evaluacion"
"2020-2021";"..";"Periodismo e información";"Hombres";"Evaluacion"
"2019-2020";"..";"Periodismo e información";"Hombres";"Evaluacion"
"2018-2019";"..";"Periodismo e información";"Hombres";"Evaluacion"
"2017-2018";"..";"Periodismo e información";"Hombres";"Evaluacion"
"2016-2017";"..";"Periodismo e información";"Hombres";"Evaluacion"
"2015-2016";"..";"Periodismo e información";"Hombres";"Evaluacion"
"2022-2023";"80.22";"Total Negocios, administración y derecho";"Hombres";"Evaluacion"
"2021-2022";"79.31";"Total Negocios, administración y derecho";"Hombres";"Evaluacion"
"2020-2021";"80.45";"Total Negocios, administración y derecho";"Hombres";"Evaluacion"
"2019-2020";"85.35";"Total Negocios, administración y derecho";"Hombres";"Evaluacion"
"2018-2019";"78.69";"Total Negocios, administración y derecho";"Hombres";"Evaluacion"
"2017-2018";"79.61";"Total Negocios, administración y derecho";"Hombres";"Evaluacion"
"2016-2017";"80.06";"Total Negocios, administración y derecho";"Hombres";"Evaluacion"
"2015-2016";"81.33";"Total Negocios, administración y derecho";"Hombres";"Evaluacion"
"2022-2023";"79.6";"Administración y gestión de empresas";"Hombres";"Evaluacion"
"2021-2022";"77.75";"Administración y gestión de empresas";"Hombres";"Evaluacion"
"2020-2021";"78.37";"Administración y gestión de empresas";"Hombres";"Evaluacion"
"2019-2020";"83.54";"Administración y gestión de empresas";"Hombres";"Evaluacion"
"2018-2019";"76.82";"Administración y gestión de empresas";"Hombres";"Evaluacion"
"2017-2018";"78.7";"Administración y gestión de empresas";"Hombres";"Evaluacion"
"2016-2017";"78.99";"Administración y gestión de empresas";"Hombres";"Evaluacion"
"2015-2016";"80.09";"Administración y gestión de empresas";"Hombres";"Evaluacion"
"2022-2023";"78.06";"Otra Educación comercial y empresarial";"Hombres";"Evaluacion"
"2021-2022";"81.36";"Otra Educación comercial y empresarial";"Hombres";"Evaluacion"
"2020-2021";"86.08";"Otra Educación comercial y empresarial";"Hombres";"Evaluacion"
"2019-2020";"85.82";"Otra Educación comercial y empresarial";"Hombres";"Evaluacion"
"2018-2019";"80.51";"Otra Educación comercial y empresarial";"Hombres";"Evaluacion"
"2017-2018";"79.85";"Otra Educación comercial y empresarial";"Hombres";"Evaluacion"
"2016-2017";"81.24";"Otra Educación comercial y empresarial";"Hombres";"Evaluacion"
"2015-2016";"83.8";"Otra Educación comercial y empresarial";"Hombres";"Evaluacion"
"2022-2023";"83.23";"Derecho";"Hombres";"Evaluacion"
"2021-2022";"82.05";"Derecho";"Hombres";"Evaluacion"
"2020-2021";"82.0";"Derecho";"Hombres";"Evaluacion"
"2019-2020";"90.19";"Derecho";"Hombres";"Evaluacion"
"2018-2019";"83.0";"Derecho";"Hombres";"Evaluacion"
"2017-2018";"82.4";"Derecho";"Hombres";"Evaluacion"
"2016-2017";"82.75";"Derecho";"Hombres";"Evaluacion"
"2015-2016";"83.52";"Derecho";"Hombres";"Evaluacion"
"2022-2023";"87.8";"Total Ciencias";"Hombres";"Evaluacion"
"2021-2022";"87.54";"Total Ciencias";"Hombres";"Evaluacion"
"2020-2021";"88.23";"Total Ciencias";"Hombres";"Evaluacion"
"2019-2020";"90.66";"Total Ciencias";"Hombres";"Evaluacion"
"2018-2019";"88.11";"Total Ciencias";"Hombres";"Evaluacion"
"2017-2018";"87.73";"Total Ciencias";"Hombres";"Evaluacion"
"2016-2017";"89.23";"Total Ciencias";"Hombres";"Evaluacion"
"2015-2016";"88.48";"Total Ciencias";"Hombres";"Evaluacion"
"2022-2023";"88.13";"Ciencias de la vida";"Hombres";"Evaluacion"
"2021-2022";"87.88";"Ciencias de la vida";"Hombres";"Evaluacion"
"2020-2021";"89.56";"Ciencias de la vida";"Hombres";"Evaluacion"
"2019-2020";"91.75";"Ciencias de la vida";"Hombres";"Evaluacion"
"2018-2019";"90.32";"Ciencias de la vida";"Hombres";"Evaluacion"
"2017-2018";"88.33";"Ciencias de la vida";"Hombres";"Evaluacion"
"2016-2017";"89.57";"Ciencias de la vida";"Hombres";"Evaluacion"
"2015-2016";"89.06";"Ciencias de la vida";"Hombres";"Evaluacion"
"2022-2023";"87.5";"Ciencias Físicas, químicas, geológicas";"Hombres";"Evaluacion"
"2021-2022";"87.18";"Ciencias Físicas, químicas, geológicas";"Hombres";"Evaluacion"
"2020-2021";"86.73";"Ciencias Físicas, químicas, geológicas";"Hombres";"Evaluacion"
"2019-2020";"89.33";"Ciencias Físicas, químicas, geológicas";"Hombres";"Evaluacion"
"2018-2019";"85.68";"Ciencias Físicas, químicas, geológicas";"Hombres";"Evaluacion"
"2017-2018";"87.03";"Ciencias Físicas, químicas, geológicas";"Hombres";"Evaluacion"
"2016-2017";"88.88";"Ciencias Físicas, químicas, geológicas";"Hombres";"Evaluacion"
"2015-2016";"87.88";"Ciencias Físicas, químicas, geológicas";"Hombres";"Evaluacion"
"2022-2023";"..";"Matemáticas y Estadística";"Hombres";"Evaluacion"
"2021-2022";"..";"Matemáticas y Estadística";"Hombres";"Evaluacion"
"2020-2021";"..";"Matemáticas y Estadística";"Hombres";"Evaluacion"
"2019-2020";"..";"Matemáticas y Estadística";"Hombres";"Evaluacion"
"2018-2019";"..";"Matemáticas y Estadística";"Hombres";"Evaluacion"
"2017-2018";"..";"Matemáticas y Estadística";"Hombres";"Evaluacion"
"2016-2017";"..";"Matemáticas y Estadística";"Hombres";"Evaluacion"
"2015-2016";"..";"Matemáticas y Estadística";"Hombres";"Evaluacion"
"2022-2023";"84.26";"Total Informática";"Hombres";"Evaluacion"
"2021-2022";"82.44";"Total Informática";"Hombres";"Evaluacion"
"2020-2021";"80.99";"Total Informática";"Hombres";"Evaluacion"
"2019-2020";"87.35";"Total Informática";"Hombres";"Evaluacion"
"2018-2019";"82.88";"Total Informática";"Hombres";"Evaluacion"
"2017-2018";"83.09";"Total Informática";"Hombres";"Evaluacion"
"2016-2017";"82.89";"Total Informática";"Hombres";"Evaluacion"
"2015-2016";"82.26";"Total Informática";"Hombres";"Evaluacion"
"2022-2023";"84.26";"Informática";"Hombres";"Evaluacion"
"2021-2022";"82.44";"Informática";"Hombres";"Evaluacion"
"2020-2021";"80.99";"Informática";"Hombres";"Evaluacion"
"2019-2020";"87.35";"Informática";"Hombres";"Evaluacion"
"2018-2019";"82.88";"Informática";"Hombres";"Evaluacion"
"2017-2018";"83.09";"Informática";"Hombres";"Evaluacion"
"2016-2017";"82.89";"Informática";"Hombres";"Evaluacion"
"2015-2016";"82.26";"Informática";"Hombres";"Evaluacion"
"2022-2023";"80.47";"Total Ingeniería, industria y construcción";"Hombres";"Evaluacion"
"2021-2022";"79.89";"Total Ingeniería, industria y construcción";"Hombres";"Evaluacion"
"2020-2021";"81.2";"Total Ingeniería, industria y construcción";"Hombres";"Evaluacion"
"2019-2020";"85.34";"Total Ingeniería, industria y construcción";"Hombres";"Evaluacion"
"2018-2019";"81.22";"Total Ingeniería, industria y construcción";"Hombres";"Evaluacion"
"2017-2018";"80.98";"Total Ingeniería, industria y construcción";"Hombres";"Evaluacion"
"2016-2017";"82.48";"Total Ingeniería, industria y construcción";"Hombres";"Evaluacion"
"2015-2016";"83.02";"Total Ingeniería, industria y construcción";"Hombres";"Evaluacion"
"2022-2023";"80.47";"Ingenierías";"Hombres";"Evaluacion"
"2021-2022";"79.89";"Ingenierías";"Hombres";"Evaluacion"
"2020-2021";"81.2";"Ingenierías";"Hombres";"Evaluacion"
"2019-2020";"85.34";"Ingenierías";"Hombres";"Evaluacion"
"2018-2019";"81.22";"Ingenierías";"Hombres";"Evaluacion"
"2017-2018";"80.98";"Ingenierías";"Hombres";"Evaluacion"
"2016-2017";"82.48";"Ingenierías";"Hombres";"Evaluacion"
"2015-2016";"83.02";"Ingenierías";"Hombres";"Evaluacion"
"2022-2023";"..";"Arquitectura y construcción";"Hombres";"Evaluacion"
"2021-2022";"..";"Arquitectura y construcción";"Hombres";"Evaluacion"
"2020-2021";"..";"Arquitectura y construcción";"Hombres";"Evaluacion"
"2019-2020";"..";"Arquitectura y construcción";"Hombres";"Evaluacion"
"2018-2019";"..";"Arquitectura y construcción";"Hombres";"Evaluacion"
"2017-2018";"..";"Arquitectura y construcción";"Hombres";"Evaluacion"
"2016-2017";"..";"Arquitectura y construcción";"Hombres";"Evaluacion"
"2015-2016";"..";"Arquitectura y construcción";"Hombres";"Evaluacion"
"2022-2023";"70.29";"Total Agricultura, ganadería,  silvicultura, pesca, y veterinaria";"Hombres";"Evaluacion"
"2021-2022";"76.39";"Total Agricultura, ganadería,  silvicultura, pesca, y veterinaria";"Hombres";"Evaluacion"
"2020-2021";"78.77";"Total Agricultura, ganadería,  silvicultura, pesca, y veterinaria";"Hombres";"Evaluacion"
"2019-2020";"80.61";"Total Agricultura, ganadería,  silvicultura, pesca, y veterinaria";"Hombres";"Evaluacion"
"2018-2019";"73.94";"Total Agricultura, ganadería,  silvicultura, pesca, y veterinaria";"Hombres";"Evaluacion"
"2017-2018";"77.21";"Total Agricultura, ganadería,  silvicultura, pesca, y veterinaria";"Hombres";"Evaluacion"
"2016-2017";"75.81";"Total Agricultura, ganadería,  silvicultura, pesca, y veterinaria";"Hombres";"Evaluacion"
"2015-2016";"77.24";"Total Agricultura, ganadería,  silvicultura, pesca, y veterinaria";"Hombres";"Evaluacion"
"2022-2023";"70.29";"Agricultura, ganadería y pesca";"Hombres";"Evaluacion"
"2021-2022";"76.39";"Agricultura, ganadería y pesca";"Hombres";"Evaluacion"
"2020-2021";"78.77";"Agricultura, ganadería y pesca";"Hombres";"Evaluacion"
"2019-2020";"80.61";"Agricultura, ganadería y pesca";"Hombres";"Evaluacion"
"2018-2019";"73.94";"Agricultura, ganadería y pesca";"Hombres";"Evaluacion"
"2017-2018";"77.21";"Agricultura, ganadería y pesca";"Hombres";"Evaluacion"
"2016-2017";"75.81";"Agricultura, ganadería y pesca";"Hombres";"Evaluacion"
"2015-2016";"77.24";"Agricultura, ganadería y pesca";"Hombres";"Evaluacion"
"2022-2023";"..";"Veterinaria";"Hombres";"Evaluacion"
"2021-2022";"..";"Veterinaria";"Hombres";"Evaluacion"
"2020-2021";"..";"Veterinaria";"Hombres";"Evaluacion"
"2019-2020";"..";"Veterinaria";"Hombres";"Evaluacion"
"2018-2019";"..";"Veterinaria";"Hombres";"Evaluacion"
"2017-2018";"..";"Veterinaria";"Hombres";"Evaluacion"
"2016-2017";"..";"Veterinaria";"Hombres";"Evaluacion"
"2015-2016";"..";"Veterinaria";"Hombres";"Evaluacion"
"2022-2023";"92.1";"Total Salud y servicios sociales";"Hombres";"Evaluacion"
"2021-2022";"93.22";"Total Salud y servicios sociales";"Hombres";"Evaluacion"
"2020-2021";"93.37";"Total Salud y servicios sociales";"Hombres";"Evaluacion"
"2019-2020";"95.92";"Total Salud y servicios sociales";"Hombres";"Evaluacion"
"2018-2019";"93.98";"Total Salud y servicios sociales";"Hombres";"Evaluacion"
"2017-2018";"93.32";"Total Salud y servicios sociales";"Hombres";"Evaluacion"
"2016-2017";"93.14";"Total Salud y servicios sociales";"Hombres";"Evaluacion"
"2015-2016";"94.13";"Total Salud y servicios sociales";"Hombres";"Evaluacion"
"2022-2023";"..";"Medicina";"Hombres";"Evaluacion"
"2021-2022";"..";"Medicina";"Hombres";"Evaluacion"
"2020-2021";"..";"Medicina";"Hombres";"Evaluacion"
"2019-2020";"..";"Medicina";"Hombres";"Evaluacion"
"2018-2019";"..";"Medicina";"Hombres";"Evaluacion"
"2017-2018";"..";"Medicina";"Hombres";"Evaluacion"
"2016-2017";"..";"Medicina";"Hombres";"Evaluacion"
"2015-2016";"..";"Medicina";"Hombres";"Evaluacion"
"2022-2023";"96.33";"Enfermería y atención a enfermos";"Hombres";"Evaluacion"
"2021-2022";"96.07";"Enfermería y atención a enfermos";"Hombres";"Evaluacion"
"2020-2021";"92.33";"Enfermería y atención a enfermos";"Hombres";"Evaluacion"
"2019-2020";"97.06";"Enfermería y atención a enfermos";"Hombres";"Evaluacion"
"2018-2019";"94.0";"Enfermería y atención a enfermos";"Hombres";"Evaluacion"
"2017-2018";"93.26";"Enfermería y atención a enfermos";"Hombres";"Evaluacion"
"2016-2017";"94.32";"Enfermería y atención a enfermos";"Hombres";"Evaluacion"
"2015-2016";"94.75";"Enfermería y atención a enfermos";"Hombres";"Evaluacion"
"2022-2023";"90.97";"Otras ciencias de la Salud";"Hombres";"Evaluacion"
"2021-2022";"92.95";"Otras ciencias de la Salud";"Hombres";"Evaluacion"
"2020-2021";"95.03";"Otras ciencias de la Salud";"Hombres";"Evaluacion"
"2019-2020";"96.2";"Otras ciencias de la Salud";"Hombres";"Evaluacion"
"2018-2019";"95.44";"Otras ciencias de la Salud";"Hombres";"Evaluacion"
"2017-2018";"95.71";"Otras ciencias de la Salud";"Hombres";"Evaluacion"
"2016-2017";"95.45";"Otras ciencias de la Salud";"Hombres";"Evaluacion"
"2015-2016";"96.24";"Otras ciencias de la Salud";"Hombres";"Evaluacion"
"2022-2023";"83.33";"Trabajo social y orientación";"Hombres";"Evaluacion"
"2021-2022";"85.92";"Trabajo social y orientación";"Hombres";"Evaluacion"
"2020-2021";"89.4";"Trabajo social y orientación";"Hombres";"Evaluacion"
"2019-2020";"91.42";"Trabajo social y orientación";"Hombres";"Evaluacion"
"2018-2019";"90.22";"Trabajo social y orientación";"Hombres";"Evaluacion"
"2017-2018";"88.53";"Trabajo social y orientación";"Hombres";"Evaluacion"
"2016-2017";"84.85";"Trabajo social y orientación";"Hombres";"Evaluacion"
"2015-2016";"88.06";"Trabajo social y orientación";"Hombres";"Evaluacion"
"2022-2023";"88.59";"Total Servicios";"Hombres";"Evaluacion"
"2021-2022";"86.4";"Total Servicios";"Hombres";"Evaluacion"
"2020-2021";"86.97";"Total Servicios";"Hombres";"Evaluacion"
"2019-2020";"90.1";"Total Servicios";"Hombres";"Evaluacion"
"2018-2019";"85.45";"Total Servicios";"Hombres";"Evaluacion"
"2017-2018";"86.99";"Total Servicios";"Hombres";"Evaluacion"
"2016-2017";"86.56";"Total Servicios";"Hombres";"Evaluacion"
"2015-2016";"88.9";"Total Servicios";"Hombres";"Evaluacion"
"2022-2023";"90.66";"Deportes";"Hombres";"Evaluacion"
"2021-2022";"89.92";"Deportes";"Hombres";"Evaluacion"
"2020-2021";"88.34";"Deportes";"Hombres";"Evaluacion"
"2019-2020";"91.33";"Deportes";"Hombres";"Evaluacion"
"2018-2019";"87.84";"Deportes";"Hombres";"Evaluacion"
"2017-2018";"88.88";"Deportes";"Hombres";"Evaluacion"
"2016-2017";"87.96";"Deportes";"Hombres";"Evaluacion"
"2015-2016";"90.4";"Deportes";"Hombres";"Evaluacion"
"2022-2023";"77.19";"Turismo y Hostelería";"Hombres";"Evaluacion"
"2021-2022";"68.78";"Turismo y Hostelería";"Hombres";"Evaluacion"
"2020-2021";"81.04";"Turismo y Hostelería";"Hombres";"Evaluacion"
"2019-2020";"84.5";"Turismo y Hostelería";"Hombres";"Evaluacion"
"2018-2019";"74.69";"Turismo y Hostelería";"Hombres";"Evaluacion"
"2017-2018";"78.55";"Turismo y Hostelería";"Hombres";"Evaluacion"
"2016-2017";"79.58";"Turismo y Hostelería";"Hombres";"Evaluacion"
"2015-2016";"81.22";"Turismo y Hostelería";"Hombres";"Evaluacion"
"2022-2023";"..";"Otros Servicios";"Hombres";"Evaluacion"
"2021-2022";"..";"Otros Servicios";"Hombres";"Evaluacion"
"2020-2021";"..";"Otros Servicios";"Hombres";"Evaluacion"
"2019-2020";"..";"Otros Servicios";"Hombres";"Evaluacion"
"2018-2019";"..";"Otros Servicios";"Hombres";"Evaluacion"
"2017-2018";"..";"Otros Servicios";"Hombres";"Evaluacion"
"2016-2017";"..";"Otros Servicios";"Hombres";"Evaluacion"
"2015-2016";"..";"Otros Servicios";"Hombres";"Evaluacion"
"2022-2023";"???";"Vigo";"Mujeres";"Rendimiento"
"2021-2022";"???";"Vigo";"Mujeres";"Rendimiento"
"2020-2021";"???";"Vigo";"Mujeres";"Rendimiento"
"2019-2020";"???";"Vigo";"Mujeres";"Rendimiento"
"2018-2019";"???";"Vigo";"Mujeres";"Rendimiento"
"2017-2018";"???";"Vigo";"Mujeres";"Rendimiento"
"2016-2017";"???";"Vigo";"Mujeres";"Rendimiento"
"2015-2016";"???";"Vigo";"Mujeres";"Rendimiento"
"2022-2023";"80.95";"Todos los ámbitos";"Mujeres";"Rendimiento"
"2021-2022";"80.99";"Todos los ámbitos";"Mujeres";"Rendimiento"
"2020-2021";"81.3";"Todos los ámbitos";"Mujeres";"Rendimiento"
"2019-2020";"86.68";"Todos los ámbitos";"Mujeres";"Rendimiento"
"2018-2019";"80.03";"Todos los ámbitos";"Mujeres";"Rendimiento"
"2017-2018";"79.6";"Todos los ámbitos";"Mujeres";"Rendimiento"
"2016-2017";"79.58";"Todos los ámbitos";"Mujeres";"Rendimiento"
"2015-2016";"79.16";"Todos los ámbitos";"Mujeres";"Rendimiento"
"2022-2023";"94.01";"Total Educación";"Mujeres";"Rendimiento"
"2021-2022";"94.41";"Total Educación";"Mujeres";"Rendimiento"
"2020-2021";"94.87";"Total Educación";"Mujeres";"Rendimiento"
"2019-2020";"95.35";"Total Educación";"Mujeres";"Rendimiento"
"2018-2019";"92.64";"Total Educación";"Mujeres";"Rendimiento"
"2017-2018";"92.41";"Total Educación";"Mujeres";"Rendimiento"
"2016-2017";"91.41";"Total Educación";"Mujeres";"Rendimiento"
"2015-2016";"90.92";"Total Educación";"Mujeres";"Rendimiento"
"2022-2023";"93.39";"Formación de docentes de enseñanza infantil";"Mujeres";"Rendimiento"
"2021-2022";"94.61";"Formación de docentes de enseñanza infantil";"Mujeres";"Rendimiento"
"2020-2021";"93.75";"Formación de docentes de enseñanza infantil";"Mujeres";"Rendimiento"
"2019-2020";"95.19";"Formación de docentes de enseñanza infantil";"Mujeres";"Rendimiento"
"2018-2019";"93.12";"Formación de docentes de enseñanza infantil";"Mujeres";"Rendimiento"
"2017-2018";"93.32";"Formación de docentes de enseñanza infantil";"Mujeres";"Rendimiento"
"2016-2017";"92.31";"Formación de docentes de enseñanza infantil";"Mujeres";"Rendimiento"
"2015-2016";"91.79";"Formación de docentes de enseñanza infantil";"Mujeres";"Rendimiento"
"2022-2023";"94.33";"Formación de docentes de enseñanza primaria";"Mujeres";"Rendimiento"
"2021-2022";"94.14";"Formación de docentes de enseñanza primaria";"Mujeres";"Rendimiento"
"2020-2021";"96.34";"Formación de docentes de enseñanza primaria";"Mujeres";"Rendimiento"
"2019-2020";"96.41";"Formación de docentes de enseñanza primaria";"Mujeres";"Rendimiento"
"2018-2019";"92.66";"Formación de docentes de enseñanza primaria";"Mujeres";"Rendimiento"
"2017-2018";"91.62";"Formación de docentes de enseñanza primaria";"Mujeres";"Rendimiento"
"2016-2017";"90.59";"Formación de docentes de enseñanza primaria";"Mujeres";"Rendimiento"
"2015-2016";"89.78";"Formación de docentes de enseñanza primaria";"Mujeres";"Rendimiento"
"2022-2023";"95.08";"Otra Formación de personal docente y ciencias de la educación";"Mujeres";"Rendimiento"
"2021-2022";"94.53";"Otra Formación de personal docente y ciencias de la educación";"Mujeres";"Rendimiento"
"2020-2021";"94.67";"Otra Formación de personal docente y ciencias de la educación";"Mujeres";"Rendimiento"
"2019-2020";"93.17";"Otra Formación de personal docente y ciencias de la educación";"Mujeres";"Rendimiento"
"2018-2019";"90.97";"Otra Formación de personal docente y ciencias de la educación";"Mujeres";"Rendimiento"
"2017-2018";"91.47";"Otra Formación de personal docente y ciencias de la educación";"Mujeres";"Rendimiento"
"2016-2017";"90.63";"Otra Formación de personal docente y ciencias de la educación";"Mujeres";"Rendimiento"
"2015-2016";"91.11";"Otra Formación de personal docente y ciencias de la educación";"Mujeres";"Rendimiento"
"2022-2023";"84.0";"Total Artes y humanidades";"Mujeres";"Rendimiento"
"2021-2022";"83.82";"Total Artes y humanidades";"Mujeres";"Rendimiento"
"2020-2021";"86.43";"Total Artes y humanidades";"Mujeres";"Rendimiento"
"2019-2020";"87.36";"Total Artes y humanidades";"Mujeres";"Rendimiento"
"2018-2019";"84.04";"Total Artes y humanidades";"Mujeres";"Rendimiento"
"2017-2018";"84.63";"Total Artes y humanidades";"Mujeres";"Rendimiento"
"2016-2017";"84.43";"Total Artes y humanidades";"Mujeres";"Rendimiento"
"2015-2016";"84.51";"Total Artes y humanidades";"Mujeres";"Rendimiento"
"2022-2023";"94.38";"Técnicas audiovisuales y medios de comunicación";"Mujeres";"Rendimiento"
"2021-2022";"95.78";"Técnicas audiovisuales y medios de comunicación";"Mujeres";"Rendimiento"
"2020-2021";"94.57";"Técnicas audiovisuales y medios de comunicación";"Mujeres";"Rendimiento"
"2019-2020";"94.31";"Técnicas audiovisuales y medios de comunicación";"Mujeres";"Rendimiento"
"2018-2019";"92.41";"Técnicas audiovisuales y medios de comunicación";"Mujeres";"Rendimiento"
"2017-2018";"93.3";"Técnicas audiovisuales y medios de comunicación";"Mujeres";"Rendimiento"
"2016-2017";"94.61";"Técnicas audiovisuales y medios de comunicación";"Mujeres";"Rendimiento"
"2015-2016";"94.43";"Técnicas audiovisuales y medios de comunicación";"Mujeres";"Rendimiento"
"2022-2023";"86.45";"Artes";"Mujeres";"Rendimiento"
"2021-2022";"87.06";"Artes";"Mujeres";"Rendimiento"
"2020-2021";"89.9";"Artes";"Mujeres";"Rendimiento"
"2019-2020";"90.96";"Artes";"Mujeres";"Rendimiento"
"2018-2019";"87.65";"Artes";"Mujeres";"Rendimiento"
"2017-2018";"89.19";"Artes";"Mujeres";"Rendimiento"
"2016-2017";"87.18";"Artes";"Mujeres";"Rendimiento"
"2015-2016";"84.19";"Artes";"Mujeres";"Rendimiento"
"2022-2023";"81.35";"Lenguas";"Mujeres";"Rendimiento"
"2021-2022";"80.13";"Lenguas";"Mujeres";"Rendimiento"
"2020-2021";"83.11";"Lenguas";"Mujeres";"Rendimiento"
"2019-2020";"84.67";"Lenguas";"Mujeres";"Rendimiento"
"2018-2019";"80.54";"Lenguas";"Mujeres";"Rendimiento"
"2017-2018";"81.66";"Lenguas";"Mujeres";"Rendimiento"
"2016-2017";"81.49";"Lenguas";"Mujeres";"Rendimiento"
"2015-2016";"83.34";"Lenguas";"Mujeres";"Rendimiento"
"2022-2023";"73.47";"Humanidades";"Mujeres";"Rendimiento"
"2021-2022";"74.86";"Humanidades";"Mujeres";"Rendimiento"
"2020-2021";"80.11";"Humanidades";"Mujeres";"Rendimiento"
"2019-2020";"75.1";"Humanidades";"Mujeres";"Rendimiento"
"2018-2019";"79.77";"Humanidades";"Mujeres";"Rendimiento"
"2017-2018";"70.2";"Humanidades";"Mujeres";"Rendimiento"
"2016-2017";"78.5";"Humanidades";"Mujeres";"Rendimiento"
"2015-2016";"76.81";"Humanidades";"Mujeres";"Rendimiento"
"2022-2023";"71.57";"Total Ciencias sociales, periodismo y documentación";"Mujeres";"Rendimiento"
"2021-2022";"70.67";"Total Ciencias sociales, periodismo y documentación";"Mujeres";"Rendimiento"
"2020-2021";"63.8";"Total Ciencias sociales, periodismo y documentación";"Mujeres";"Rendimiento"
"2019-2020";"75.95";"Total Ciencias sociales, periodismo y documentación";"Mujeres";"Rendimiento"
"2018-2019";"63.87";"Total Ciencias sociales, periodismo y documentación";"Mujeres";"Rendimiento"
"2017-2018";"62.99";"Total Ciencias sociales, periodismo y documentación";"Mujeres";"Rendimiento"
"2016-2017";"68.53";"Total Ciencias sociales, periodismo y documentación";"Mujeres";"Rendimiento"
"2015-2016";"70.71";"Total Ciencias sociales, periodismo y documentación";"Mujeres";"Rendimiento"
"2022-2023";"..";"Psicología";"Mujeres";"Rendimiento"
"2021-2022";"..";"Psicología";"Mujeres";"Rendimiento"
"2020-2021";"..";"Psicología";"Mujeres";"Rendimiento"
"2019-2020";"..";"Psicología";"Mujeres";"Rendimiento"
"2018-2019";"..";"Psicología";"Mujeres";"Rendimiento"
"2017-2018";"..";"Psicología";"Mujeres";"Rendimiento"
"2016-2017";"..";"Psicología";"Mujeres";"Rendimiento"
"2015-2016";"..";"Psicología";"Mujeres";"Rendimiento"
"2022-2023";"64.78";"Economía";"Mujeres";"Rendimiento"
"2021-2022";"70.67";"Economía";"Mujeres";"Rendimiento"
"2020-2021";"63.8";"Economía";"Mujeres";"Rendimiento"
"2019-2020";"75.95";"Economía";"Mujeres";"Rendimiento"
"2018-2019";"63.71";"Economía";"Mujeres";"Rendimiento"
"2017-2018";"63.12";"Economía";"Mujeres";"Rendimiento"
"2016-2017";"68.76";"Economía";"Mujeres";"Rendimiento"
"2015-2016";"71.03";"Economía";"Mujeres";"Rendimiento"
"2022-2023";"..";"Otras Ciencias sociales y del comportamiento";"Mujeres";"Rendimiento"
"2021-2022";"..";"Otras Ciencias sociales y del comportamiento";"Mujeres";"Rendimiento"
"2020-2021";"..";"Otras Ciencias sociales y del comportamiento";"Mujeres";"Rendimiento"
"2019-2020";"..";"Otras Ciencias sociales y del comportamiento";"Mujeres";"Rendimiento"
"2018-2019";"..";"Otras Ciencias sociales y del comportamiento";"Mujeres";"Rendimiento"
"2017-2018";"..";"Otras Ciencias sociales y del comportamiento";"Mujeres";"Rendimiento"
"2016-2017";"..";"Otras Ciencias sociales y del comportamiento";"Mujeres";"Rendimiento"
"2015-2016";"..";"Otras Ciencias sociales y del comportamiento";"Mujeres";"Rendimiento"
"2022-2023";"..";"Periodismo e información";"Mujeres";"Rendimiento"
"2021-2022";"..";"Periodismo e información";"Mujeres";"Rendimiento"
"2020-2021";"..";"Periodismo e información";"Mujeres";"Rendimiento"
"2019-2020";"..";"Periodismo e información";"Mujeres";"Rendimiento"
"2018-2019";"..";"Periodismo e información";"Mujeres";"Rendimiento"
"2017-2018";"..";"Periodismo e información";"Mujeres";"Rendimiento"
"2016-2017";"..";"Periodismo e información";"Mujeres";"Rendimiento"
"2015-2016";"..";"Periodismo e información";"Mujeres";"Rendimiento"
"2022-2023";"72.96";"Total Negocios, administración y derecho";"Mujeres";"Rendimiento"
"2021-2022";"72.67";"Total Negocios, administración y derecho";"Mujeres";"Rendimiento"
"2020-2021";"74.15";"Total Negocios, administración y derecho";"Mujeres";"Rendimiento"
"2019-2020";"82.78";"Total Negocios, administración y derecho";"Mujeres";"Rendimiento"
"2018-2019";"72.35";"Total Negocios, administración y derecho";"Mujeres";"Rendimiento"
"2017-2018";"71.56";"Total Negocios, administración y derecho";"Mujeres";"Rendimiento"
"2016-2017";"71.04";"Total Negocios, administración y derecho";"Mujeres";"Rendimiento"
"2015-2016";"71.39";"Total Negocios, administración y derecho";"Mujeres";"Rendimiento"
"2022-2023";"67.26";"Administración y gestión de empresas";"Mujeres";"Rendimiento"
"2021-2022";"66.55";"Administración y gestión de empresas";"Mujeres";"Rendimiento"
"2020-2021";"69.75";"Administración y gestión de empresas";"Mujeres";"Rendimiento"
"2019-2020";"78.21";"Administración y gestión de empresas";"Mujeres";"Rendimiento"
"2018-2019";"66.01";"Administración y gestión de empresas";"Mujeres";"Rendimiento"
"2017-2018";"65.61";"Administración y gestión de empresas";"Mujeres";"Rendimiento"
"2016-2017";"64.33";"Administración y gestión de empresas";"Mujeres";"Rendimiento"
"2015-2016";"64.68";"Administración y gestión de empresas";"Mujeres";"Rendimiento"
"2022-2023";"83.58";"Otra Educación comercial y empresarial";"Mujeres";"Rendimiento"
"2021-2022";"83.23";"Otra Educación comercial y empresarial";"Mujeres";"Rendimiento"
"2020-2021";"85.99";"Otra Educación comercial y empresarial";"Mujeres";"Rendimiento"
"2019-2020";"89.02";"Otra Educación comercial y empresarial";"Mujeres";"Rendimiento"
"2018-2019";"83.75";"Otra Educación comercial y empresarial";"Mujeres";"Rendimiento"
"2017-2018";"82.86";"Otra Educación comercial y empresarial";"Mujeres";"Rendimiento"
"2016-2017";"85.06";"Otra Educación comercial y empresarial";"Mujeres";"Rendimiento"
"2015-2016";"83.3";"Otra Educación comercial y empresarial";"Mujeres";"Rendimiento"
"2022-2023";"71.81";"Derecho";"Mujeres";"Rendimiento"
"2021-2022";"72.38";"Derecho";"Mujeres";"Rendimiento"
"2020-2021";"71.22";"Derecho";"Mujeres";"Rendimiento"
"2019-2020";"84.12";"Derecho";"Mujeres";"Rendimiento"
"2018-2019";"72.45";"Derecho";"Mujeres";"Rendimiento"
"2017-2018";"71.6";"Derecho";"Mujeres";"Rendimiento"
"2016-2017";"70.31";"Derecho";"Mujeres";"Rendimiento"
"2015-2016";"72.94";"Derecho";"Mujeres";"Rendimiento"
"2022-2023";"74.29";"Total Ciencias";"Mujeres";"Rendimiento"
"2021-2022";"74.95";"Total Ciencias";"Mujeres";"Rendimiento"
"2020-2021";"74.3";"Total Ciencias";"Mujeres";"Rendimiento"
"2019-2020";"82.75";"Total Ciencias";"Mujeres";"Rendimiento"
"2018-2019";"75.82";"Total Ciencias";"Mujeres";"Rendimiento"
"2017-2018";"73.68";"Total Ciencias";"Mujeres";"Rendimiento"
"2016-2017";"75.83";"Total Ciencias";"Mujeres";"Rendimiento"
"2015-2016";"74.47";"Total Ciencias";"Mujeres";"Rendimiento"
"2022-2023";"79.83";"Ciencias de la vida";"Mujeres";"Rendimiento"
"2021-2022";"79.08";"Ciencias de la vida";"Mujeres";"Rendimiento"
"2020-2021";"81.47";"Ciencias de la vida";"Mujeres";"Rendimiento"
"2019-2020";"89.03";"Ciencias de la vida";"Mujeres";"Rendimiento"
"2018-2019";"79.92";"Ciencias de la vida";"Mujeres";"Rendimiento"
"2017-2018";"79.83";"Ciencias de la vida";"Mujeres";"Rendimiento"
"2016-2017";"79.41";"Ciencias de la vida";"Mujeres";"Rendimiento"
"2015-2016";"81.35";"Ciencias de la vida";"Mujeres";"Rendimiento"
"2022-2023";"68.27";"Ciencias Físicas, químicas, geológicas";"Mujeres";"Rendimiento"
"2021-2022";"70.69";"Ciencias Físicas, químicas, geológicas";"Mujeres";"Rendimiento"
"2020-2021";"67.72";"Ciencias Físicas, químicas, geológicas";"Mujeres";"Rendimiento"
"2019-2020";"77.1";"Ciencias Físicas, químicas, geológicas";"Mujeres";"Rendimiento"
"2018-2019";"72.21";"Ciencias Físicas, químicas, geológicas";"Mujeres";"Rendimiento"
"2017-2018";"67.9";"Ciencias Físicas, químicas, geológicas";"Mujeres";"Rendimiento"
"2016-2017";"72.24";"Ciencias Físicas, químicas, geológicas";"Mujeres";"Rendimiento"
"2015-2016";"66.85";"Ciencias Físicas, químicas, geológicas";"Mujeres";"Rendimiento"
"2022-2023";"..";"Matemáticas y Estadística";"Mujeres";"Rendimiento"
"2021-2022";"..";"Matemáticas y Estadística";"Mujeres";"Rendimiento"
"2020-2021";"..";"Matemáticas y Estadística";"Mujeres";"Rendimiento"
"2019-2020";"..";"Matemáticas y Estadística";"Mujeres";"Rendimiento"
"2018-2019";"..";"Matemáticas y Estadística";"Mujeres";"Rendimiento"
"2017-2018";"..";"Matemáticas y Estadística";"Mujeres";"Rendimiento"
"2016-2017";"..";"Matemáticas y Estadística";"Mujeres";"Rendimiento"
"2015-2016";"..";"Matemáticas y Estadística";"Mujeres";"Rendimiento"
"2022-2023";"63.51";"Total Informática";"Mujeres";"Rendimiento"
"2021-2022";"65.34";"Total Informática";"Mujeres";"Rendimiento"
"2020-2021";"63.55";"Total Informática";"Mujeres";"Rendimiento"
"2019-2020";"80.92";"Total Informática";"Mujeres";"Rendimiento"
"2018-2019";"74.39";"Total Informática";"Mujeres";"Rendimiento"
"2017-2018";"75.36";"Total Informática";"Mujeres";"Rendimiento"
"2016-2017";"61.86";"Total Informática";"Mujeres";"Rendimiento"
"2015-2016";"65.91";"Total Informática";"Mujeres";"Rendimiento"
"2022-2023";"63.51";"Informática";"Mujeres";"Rendimiento"
"2021-2022";"65.34";"Informática";"Mujeres";"Rendimiento"
"2020-2021";"63.55";"Informática";"Mujeres";"Rendimiento"
"2019-2020";"80.92";"Informática";"Mujeres";"Rendimiento"
"2018-2019";"74.39";"Informática";"Mujeres";"Rendimiento"
"2017-2018";"75.36";"Informática";"Mujeres";"Rendimiento"
"2016-2017";"61.86";"Informática";"Mujeres";"Rendimiento"
"2015-2016";"65.91";"Informática";"Mujeres";"Rendimiento"
"2022-2023";"59.73";"Total Ingeniería, industria y construcción";"Mujeres";"Rendimiento"
"2021-2022";"59.7";"Total Ingeniería, industria y construcción";"Mujeres";"Rendimiento"
"2020-2021";"60.31";"Total Ingeniería, industria y construcción";"Mujeres";"Rendimiento"
"2019-2020";"72.86";"Total Ingeniería, industria y construcción";"Mujeres";"Rendimiento"
"2018-2019";"60.62";"Total Ingeniería, industria y construcción";"Mujeres";"Rendimiento"
"2017-2018";"60.79";"Total Ingeniería, industria y construcción";"Mujeres";"Rendimiento"
"2016-2017";"63.1";"Total Ingeniería, industria y construcción";"Mujeres";"Rendimiento"
"2015-2016";"61.83";"Total Ingeniería, industria y construcción";"Mujeres";"Rendimiento"
"2022-2023";"59.73";"Ingenierías";"Mujeres";"Rendimiento"
"2021-2022";"59.7";"Ingenierías";"Mujeres";"Rendimiento"
"2020-2021";"60.31";"Ingenierías";"Mujeres";"Rendimiento"
"2019-2020";"72.86";"Ingenierías";"Mujeres";"Rendimiento"
"2018-2019";"60.62";"Ingenierías";"Mujeres";"Rendimiento"
"2017-2018";"60.79";"Ingenierías";"Mujeres";"Rendimiento"
"2016-2017";"63.1";"Ingenierías";"Mujeres";"Rendimiento"
"2015-2016";"61.83";"Ingenierías";"Mujeres";"Rendimiento"
"2022-2023";"..";"Arquitectura y construcción";"Mujeres";"Rendimiento"
"2021-2022";"..";"Arquitectura y construcción";"Mujeres";"Rendimiento"
"2020-2021";"..";"Arquitectura y construcción";"Mujeres";"Rendimiento"
"2019-2020";"..";"Arquitectura y construcción";"Mujeres";"Rendimiento"
"2018-2019";"..";"Arquitectura y construcción";"Mujeres";"Rendimiento"
"2017-2018";"..";"Arquitectura y construcción";"Mujeres";"Rendimiento"
"2016-2017";"..";"Arquitectura y construcción";"Mujeres";"Rendimiento"
"2015-2016";"..";"Arquitectura y construcción";"Mujeres";"Rendimiento"
"2022-2023";"61.64";"Total Agricultura, ganadería,  silvicultura, pesca, y veterinaria";"Mujeres";"Rendimiento"
"2021-2022";"64.85";"Total Agricultura, ganadería,  silvicultura, pesca, y veterinaria";"Mujeres";"Rendimiento"
"2020-2021";"62.73";"Total Agricultura, ganadería,  silvicultura, pesca, y veterinaria";"Mujeres";"Rendimiento"
"2019-2020";"76.28";"Total Agricultura, ganadería,  silvicultura, pesca, y veterinaria";"Mujeres";"Rendimiento"
"2018-2019";"67.89";"Total Agricultura, ganadería,  silvicultura, pesca, y veterinaria";"Mujeres";"Rendimiento"
"2017-2018";"69.26";"Total Agricultura, ganadería,  silvicultura, pesca, y veterinaria";"Mujeres";"Rendimiento"
"2016-2017";"71.44";"Total Agricultura, ganadería,  silvicultura, pesca, y veterinaria";"Mujeres";"Rendimiento"
"2015-2016";"72.77";"Total Agricultura, ganadería,  silvicultura, pesca, y veterinaria";"Mujeres";"Rendimiento"
"2022-2023";"61.64";"Agricultura, ganadería y pesca";"Mujeres";"Rendimiento"
"2021-2022";"64.85";"Agricultura, ganadería y pesca";"Mujeres";"Rendimiento"
"2020-2021";"62.73";"Agricultura, ganadería y pesca";"Mujeres";"Rendimiento"
"2019-2020";"76.28";"Agricultura, ganadería y pesca";"Mujeres";"Rendimiento"
"2018-2019";"67.89";"Agricultura, ganadería y pesca";"Mujeres";"Rendimiento"
"2017-2018";"69.26";"Agricultura, ganadería y pesca";"Mujeres";"Rendimiento"
"2016-2017";"71.44";"Agricultura, ganadería y pesca";"Mujeres";"Rendimiento"
"2015-2016";"72.77";"Agricultura, ganadería y pesca";"Mujeres";"Rendimiento"
"2022-2023";"..";"Veterinaria";"Mujeres";"Rendimiento"
"2021-2022";"..";"Veterinaria";"Mujeres";"Rendimiento"
"2020-2021";"..";"Veterinaria";"Mujeres";"Rendimiento"
"2019-2020";"..";"Veterinaria";"Mujeres";"Rendimiento"
"2018-2019";"..";"Veterinaria";"Mujeres";"Rendimiento"
"2017-2018";"..";"Veterinaria";"Mujeres";"Rendimiento"
"2016-2017";"..";"Veterinaria";"Mujeres";"Rendimiento"
"2015-2016";"..";"Veterinaria";"Mujeres";"Rendimiento"
"2022-2023";"89.62";"Total Salud y servicios sociales";"Mujeres";"Rendimiento"
"2021-2022";"90.09";"Total Salud y servicios sociales";"Mujeres";"Rendimiento"
"2020-2021";"89.54";"Total Salud y servicios sociales";"Mujeres";"Rendimiento"
"2019-2020";"93.68";"Total Salud y servicios sociales";"Mujeres";"Rendimiento"
"2018-2019";"90.28";"Total Salud y servicios sociales";"Mujeres";"Rendimiento"
"2017-2018";"90.11";"Total Salud y servicios sociales";"Mujeres";"Rendimiento"
"2016-2017";"90.78";"Total Salud y servicios sociales";"Mujeres";"Rendimiento"
"2015-2016";"89.04";"Total Salud y servicios sociales";"Mujeres";"Rendimiento"
"2022-2023";"..";"Medicina";"Mujeres";"Rendimiento"
"2021-2022";"..";"Medicina";"Mujeres";"Rendimiento"
"2020-2021";"..";"Medicina";"Mujeres";"Rendimiento"
"2019-2020";"..";"Medicina";"Mujeres";"Rendimiento"
"2018-2019";"..";"Medicina";"Mujeres";"Rendimiento"
"2017-2018";"..";"Medicina";"Mujeres";"Rendimiento"
"2016-2017";"..";"Medicina";"Mujeres";"Rendimiento"
"2015-2016";"..";"Medicina";"Mujeres";"Rendimiento"
"2022-2023";"91.07";"Enfermería y atención a enfermos";"Mujeres";"Rendimiento"
"2021-2022";"92.31";"Enfermería y atención a enfermos";"Mujeres";"Rendimiento"
"2020-2021";"90.71";"Enfermería y atención a enfermos";"Mujeres";"Rendimiento"
"2019-2020";"94.28";"Enfermería y atención a enfermos";"Mujeres";"Rendimiento"
"2018-2019";"90.82";"Enfermería y atención a enfermos";"Mujeres";"Rendimiento"
"2017-2018";"91.12";"Enfermería y atención a enfermos";"Mujeres";"Rendimiento"
"2016-2017";"92.44";"Enfermería y atención a enfermos";"Mujeres";"Rendimiento"
"2015-2016";"90.84";"Enfermería y atención a enfermos";"Mujeres";"Rendimiento"
"2022-2023";"84.34";"Otras ciencias de la Salud";"Mujeres";"Rendimiento"
"2021-2022";"86.87";"Otras ciencias de la Salud";"Mujeres";"Rendimiento"
"2020-2021";"86.44";"Otras ciencias de la Salud";"Mujeres";"Rendimiento"
"2019-2020";"94.44";"Otras ciencias de la Salud";"Mujeres";"Rendimiento"
"2018-2019";"90.59";"Otras ciencias de la Salud";"Mujeres";"Rendimiento"
"2017-2018";"89.62";"Otras ciencias de la Salud";"Mujeres";"Rendimiento"
"2016-2017";"92.65";"Otras ciencias de la Salud";"Mujeres";"Rendimiento"
"2015-2016";"88.54";"Otras ciencias de la Salud";"Mujeres";"Rendimiento"
"2022-2023";"90.93";"Trabajo social y orientación";"Mujeres";"Rendimiento"
"2021-2022";"87.26";"Trabajo social y orientación";"Mujeres";"Rendimiento"
"2020-2021";"88.9";"Trabajo social y orientación";"Mujeres";"Rendimiento"
"2019-2020";"91.33";"Trabajo social y orientación";"Mujeres";"Rendimiento"
"2018-2019";"88.53";"Trabajo social y orientación";"Mujeres";"Rendimiento"
"2017-2018";"87.2";"Trabajo social y orientación";"Mujeres";"Rendimiento"
"2016-2017";"84.43";"Trabajo social y orientación";"Mujeres";"Rendimiento"
"2015-2016";"83.14";"Trabajo social y orientación";"Mujeres";"Rendimiento"
"2022-2023";"81.51";"Total Servicios";"Mujeres";"Rendimiento"
"2021-2022";"79.79";"Total Servicios";"Mujeres";"Rendimiento"
"2020-2021";"81.99";"Total Servicios";"Mujeres";"Rendimiento"
"2019-2020";"85.3";"Total Servicios";"Mujeres";"Rendimiento"
"2018-2019";"77.94";"Total Servicios";"Mujeres";"Rendimiento"
"2017-2018";"79.0";"Total Servicios";"Mujeres";"Rendimiento"
"2016-2017";"80.56";"Total Servicios";"Mujeres";"Rendimiento"
"2015-2016";"80.93";"Total Servicios";"Mujeres";"Rendimiento"
"2022-2023";"89.31";"Deportes";"Mujeres";"Rendimiento"
"2021-2022";"86.72";"Deportes";"Mujeres";"Rendimiento"
"2020-2021";"87.63";"Deportes";"Mujeres";"Rendimiento"
"2019-2020";"92.63";"Deportes";"Mujeres";"Rendimiento"
"2018-2019";"81.71";"Deportes";"Mujeres";"Rendimiento"
"2017-2018";"87.61";"Deportes";"Mujeres";"Rendimiento"
"2016-2017";"87.29";"Deportes";"Mujeres";"Rendimiento"
"2015-2016";"86.15";"Deportes";"Mujeres";"Rendimiento"
"2022-2023";"74.15";"Turismo y Hostelería";"Mujeres";"Rendimiento"
"2021-2022";"73.81";"Turismo y Hostelería";"Mujeres";"Rendimiento"
"2020-2021";"77.71";"Turismo y Hostelería";"Mujeres";"Rendimiento"
"2019-2020";"80.32";"Turismo y Hostelería";"Mujeres";"Rendimiento"
"2018-2019";"75.32";"Turismo y Hostelería";"Mujeres";"Rendimiento"
"2017-2018";"73.86";"Turismo y Hostelería";"Mujeres";"Rendimiento"
"2016-2017";"76.99";"Turismo y Hostelería";"Mujeres";"Rendimiento"
"2015-2016";"78.34";"Turismo y Hostelería";"Mujeres";"Rendimiento"
"2022-2023";"..";"Otros Servicios";"Mujeres";"Rendimiento"
"2021-2022";"..";"Otros Servicios";"Mujeres";"Rendimiento"
"2020-2021";"..";"Otros Servicios";"Mujeres";"Rendimiento"
"2019-2020";"..";"Otros Servicios";"Mujeres";"Rendimiento"
"2018-2019";"..";"Otros Servicios";"Mujeres";"Rendimiento"
"2017-2018";"..";"Otros Servicios";"Mujeres";"Rendimiento"
"2016-2017";"..";"Otros Servicios";"Mujeres";"Rendimiento"
"2015-2016";"..";"Otros Servicios";"Mujeres";"Rendimiento"
"2022-2023";"???";"Vigo";"Mujeres";"Exito"
"2021-2022";"???";"Vigo";"Mujeres";"Exito"
"2020-2021";"???";"Vigo";"Mujeres";"Exito"
"2019-2020";"???";"Vigo";"Mujeres";"Exito"
"2018-2019";"???";"Vigo";"Mujeres";"Exito"
"2017-2018";"???";"Vigo";"Mujeres";"Exito"
"2016-2017";"???";"Vigo";"Mujeres";"Exito"
"2015-2016";"???";"Vigo";"Mujeres";"Exito"
"2022-2023";"88.68";"Todos los ámbitos";"Mujeres";"Exito"
"2021-2022";"89.53";"Todos los ámbitos";"Mujeres";"Exito"
"2020-2021";"89.25";"Todos los ámbitos";"Mujeres";"Exito"
"2019-2020";"93.45";"Todos los ámbitos";"Mujeres";"Exito"
"2018-2019";"89.18";"Todos los ámbitos";"Mujeres";"Exito"
"2017-2018";"88.46";"Todos los ámbitos";"Mujeres";"Exito"
"2016-2017";"88.24";"Todos los ámbitos";"Mujeres";"Exito"
"2015-2016";"87.52";"Todos los ámbitos";"Mujeres";"Exito"
"2022-2023";"96.9";"Total Educación";"Mujeres";"Exito"
"2021-2022";"97.61";"Total Educación";"Mujeres";"Exito"
"2020-2021";"97.98";"Total Educación";"Mujeres";"Exito"
"2019-2020";"98.68";"Total Educación";"Mujeres";"Exito"
"2018-2019";"97.48";"Total Educación";"Mujeres";"Exito"
"2017-2018";"97.5";"Total Educación";"Mujeres";"Exito"
"2016-2017";"96.55";"Total Educación";"Mujeres";"Exito"
"2015-2016";"96.27";"Total Educación";"Mujeres";"Exito"
"2022-2023";"96.51";"Formación de docentes de enseñanza infantil";"Mujeres";"Exito"
"2021-2022";"97.35";"Formación de docentes de enseñanza infantil";"Mujeres";"Exito"
"2020-2021";"97.42";"Formación de docentes de enseñanza infantil";"Mujeres";"Exito"
"2019-2020";"98.39";"Formación de docentes de enseñanza infantil";"Mujeres";"Exito"
"2018-2019";"97.58";"Formación de docentes de enseñanza infantil";"Mujeres";"Exito"
"2017-2018";"97.86";"Formación de docentes de enseñanza infantil";"Mujeres";"Exito"
"2016-2017";"96.9";"Formación de docentes de enseñanza infantil";"Mujeres";"Exito"
"2015-2016";"96.49";"Formación de docentes de enseñanza infantil";"Mujeres";"Exito"
"2022-2023";"96.71";"Formación de docentes de enseñanza primaria";"Mujeres";"Exito"
"2021-2022";"97.65";"Formación de docentes de enseñanza primaria";"Mujeres";"Exito"
"2020-2021";"98.78";"Formación de docentes de enseñanza primaria";"Mujeres";"Exito"
"2019-2020";"99.12";"Formación de docentes de enseñanza primaria";"Mujeres";"Exito"
"2018-2019";"97.21";"Formación de docentes de enseñanza primaria";"Mujeres";"Exito"
"2017-2018";"96.98";"Formación de docentes de enseñanza primaria";"Mujeres";"Exito"
"2016-2017";"95.82";"Formación de docentes de enseñanza primaria";"Mujeres";"Exito"
"2015-2016";"95.46";"Formación de docentes de enseñanza primaria";"Mujeres";"Exito"
"2022-2023";"98.62";"Otra Formación de personal docente y ciencias de la educación";"Mujeres";"Exito"
"2021-2022";"98.28";"Otra Formación de personal docente y ciencias de la educación";"Mujeres";"Exito"
"2020-2021";"97.7";"Otra Formación de personal docente y ciencias de la educación";"Mujeres";"Exito"
"2019-2020";"98.44";"Otra Formación de personal docente y ciencias de la educación";"Mujeres";"Exito"
"2018-2019";"97.8";"Otra Formación de personal docente y ciencias de la educación";"Mujeres";"Exito"
"2017-2018";"97.63";"Otra Formación de personal docente y ciencias de la educación";"Mujeres";"Exito"
"2016-2017";"97.22";"Otra Formación de personal docente y ciencias de la educación";"Mujeres";"Exito"
"2015-2016";"97.66";"Otra Formación de personal docente y ciencias de la educación";"Mujeres";"Exito"
"2022-2023";"92.35";"Total Artes y humanidades";"Mujeres";"Exito"
"2021-2022";"93.05";"Total Artes y humanidades";"Mujeres";"Exito"
"2020-2021";"94.74";"Total Artes y humanidades";"Mujeres";"Exito"
"2019-2020";"95.63";"Total Artes y humanidades";"Mujeres";"Exito"
"2018-2019";"93.96";"Total Artes y humanidades";"Mujeres";"Exito"
"2017-2018";"93.76";"Total Artes y humanidades";"Mujeres";"Exito"
"2016-2017";"93.18";"Total Artes y humanidades";"Mujeres";"Exito"
"2015-2016";"93.55";"Total Artes y humanidades";"Mujeres";"Exito"
"2022-2023";"99.44";"Técnicas audiovisuales y medios de comunicación";"Mujeres";"Exito"
"2021-2022";"98.41";"Técnicas audiovisuales y medios de comunicación";"Mujeres";"Exito"
"2020-2021";"99.42";"Técnicas audiovisuales y medios de comunicación";"Mujeres";"Exito"
"2019-2020";"99.52";"Técnicas audiovisuales y medios de comunicación";"Mujeres";"Exito"
"2018-2019";"98.57";"Técnicas audiovisuales y medios de comunicación";"Mujeres";"Exito"
"2017-2018";"99.13";"Técnicas audiovisuales y medios de comunicación";"Mujeres";"Exito"
"2016-2017";"99.29";"Técnicas audiovisuales y medios de comunicación";"Mujeres";"Exito"
"2015-2016";"98.9";"Técnicas audiovisuales y medios de comunicación";"Mujeres";"Exito"
"2022-2023";"95.42";"Artes";"Mujeres";"Exito"
"2021-2022";"96.52";"Artes";"Mujeres";"Exito"
"2020-2021";"97.58";"Artes";"Mujeres";"Exito"
"2019-2020";"98.36";"Artes";"Mujeres";"Exito"
"2018-2019";"96.66";"Artes";"Mujeres";"Exito"
"2017-2018";"96.49";"Artes";"Mujeres";"Exito"
"2016-2017";"95.72";"Artes";"Mujeres";"Exito"
"2015-2016";"96.02";"Artes";"Mujeres";"Exito"
"2022-2023";"89.31";"Lenguas";"Mujeres";"Exito"
"2021-2022";"89.6";"Lenguas";"Mujeres";"Exito"
"2020-2021";"91.88";"Lenguas";"Mujeres";"Exito"
"2019-2020";"93.23";"Lenguas";"Mujeres";"Exito"
"2018-2019";"91.16";"Lenguas";"Mujeres";"Exito"
"2017-2018";"91.23";"Lenguas";"Mujeres";"Exito"
"2016-2017";"90.57";"Lenguas";"Mujeres";"Exito"
"2015-2016";"91.36";"Lenguas";"Mujeres";"Exito"
"2022-2023";"86.09";"Humanidades";"Mujeres";"Exito"
"2021-2022";"91.03";"Humanidades";"Mujeres";"Exito"
"2020-2021";"93.96";"Humanidades";"Mujeres";"Exito"
"2019-2020";"92.52";"Humanidades";"Mujeres";"Exito"
"2018-2019";"95.39";"Humanidades";"Mujeres";"Exito"
"2017-2018";"92.86";"Humanidades";"Mujeres";"Exito"
"2016-2017";"94.2";"Humanidades";"Mujeres";"Exito"
"2015-2016";"92.8";"Humanidades";"Mujeres";"Exito"
"2022-2023";"83.04";"Total Ciencias sociales, periodismo y documentación";"Mujeres";"Exito"
"2021-2022";"82.48";"Total Ciencias sociales, periodismo y documentación";"Mujeres";"Exito"
"2020-2021";"81.7";"Total Ciencias sociales, periodismo y documentación";"Mujeres";"Exito"
"2019-2020";"89.36";"Total Ciencias sociales, periodismo y documentación";"Mujeres";"Exito"
"2018-2019";"79.22";"Total Ciencias sociales, periodismo y documentación";"Mujeres";"Exito"
"2017-2018";"77.85";"Total Ciencias sociales, periodismo y documentación";"Mujeres";"Exito"
"2016-2017";"78.75";"Total Ciencias sociales, periodismo y documentación";"Mujeres";"Exito"
"2015-2016";"80.77";"Total Ciencias sociales, periodismo y documentación";"Mujeres";"Exito"
"2022-2023";"..";"Psicología";"Mujeres";"Exito"
"2021-2022";"..";"Psicología";"Mujeres";"Exito"
"2020-2021";"..";"Psicología";"Mujeres";"Exito"
"2019-2020";"..";"Psicología";"Mujeres";"Exito"
"2018-2019";"..";"Psicología";"Mujeres";"Exito"
"2017-2018";"..";"Psicología";"Mujeres";"Exito"
"2016-2017";"..";"Psicología";"Mujeres";"Exito"
"2015-2016";"..";"Psicología";"Mujeres";"Exito"
"2022-2023";"78.16";"Economía";"Mujeres";"Exito"
"2021-2022";"82.48";"Economía";"Mujeres";"Exito"
"2020-2021";"81.7";"Economía";"Mujeres";"Exito"
"2019-2020";"89.36";"Economía";"Mujeres";"Exito"
"2018-2019";"79.1";"Economía";"Mujeres";"Exito"
"2017-2018";"77.77";"Economía";"Mujeres";"Exito"
"2016-2017";"78.69";"Economía";"Mujeres";"Exito"
"2015-2016";"80.74";"Economía";"Mujeres";"Exito"
"2022-2023";"..";"Otras Ciencias sociales y del comportamiento";"Mujeres";"Exito"
"2021-2022";"..";"Otras Ciencias sociales y del comportamiento";"Mujeres";"Exito"
"2020-2021";"..";"Otras Ciencias sociales y del comportamiento";"Mujeres";"Exito"
"2019-2020";"..";"Otras Ciencias sociales y del comportamiento";"Mujeres";"Exito"
"2018-2019";"..";"Otras Ciencias sociales y del comportamiento";"Mujeres";"Exito"
"2017-2018";"..";"Otras Ciencias sociales y del comportamiento";"Mujeres";"Exito"
"2016-2017";"..";"Otras Ciencias sociales y del comportamiento";"Mujeres";"Exito"
"2015-2016";"..";"Otras Ciencias sociales y del comportamiento";"Mujeres";"Exito"
"2022-2023";"..";"Periodismo e información";"Mujeres";"Exito"
"2021-2022";"..";"Periodismo e información";"Mujeres";"Exito"
"2020-2021";"..";"Periodismo e información";"Mujeres";"Exito"
"2019-2020";"..";"Periodismo e información";"Mujeres";"Exito"
"2018-2019";"..";"Periodismo e información";"Mujeres";"Exito"
"2017-2018";"..";"Periodismo e información";"Mujeres";"Exito"
"2016-2017";"..";"Periodismo e información";"Mujeres";"Exito"
"2015-2016";"..";"Periodismo e información";"Mujeres";"Exito"
"2022-2023";"84.01";"Total Negocios, administración y derecho";"Mujeres";"Exito"
"2021-2022";"85.08";"Total Negocios, administración y derecho";"Mujeres";"Exito"
"2020-2021";"84.94";"Total Negocios, administración y derecho";"Mujeres";"Exito"
"2019-2020";"91.41";"Total Negocios, administración y derecho";"Mujeres";"Exito"
"2018-2019";"84.77";"Total Negocios, administración y derecho";"Mujeres";"Exito"
"2017-2018";"83.52";"Total Negocios, administración y derecho";"Mujeres";"Exito"
"2016-2017";"83.78";"Total Negocios, administración y derecho";"Mujeres";"Exito"
"2015-2016";"83.05";"Total Negocios, administración y derecho";"Mujeres";"Exito"
"2022-2023";"79.7";"Administración y gestión de empresas";"Mujeres";"Exito"
"2021-2022";"81.96";"Administración y gestión de empresas";"Mujeres";"Exito"
"2020-2021";"81.53";"Administración y gestión de empresas";"Mujeres";"Exito"
"2019-2020";"89.1";"Administración y gestión de empresas";"Mujeres";"Exito"
"2018-2019";"79.75";"Administración y gestión de empresas";"Mujeres";"Exito"
"2017-2018";"79.5";"Administración y gestión de empresas";"Mujeres";"Exito"
"2016-2017";"78.91";"Administración y gestión de empresas";"Mujeres";"Exito"
"2015-2016";"77.9";"Administración y gestión de empresas";"Mujeres";"Exito"
"2022-2023";"91.12";"Otra Educación comercial y empresarial";"Mujeres";"Exito"
"2021-2022";"90.55";"Otra Educación comercial y empresarial";"Mujeres";"Exito"
"2020-2021";"92.35";"Otra Educación comercial y empresarial";"Mujeres";"Exito"
"2019-2020";"95.36";"Otra Educación comercial y empresarial";"Mujeres";"Exito"
"2018-2019";"92.62";"Otra Educación comercial y empresarial";"Mujeres";"Exito"
"2017-2018";"90.18";"Otra Educación comercial y empresarial";"Mujeres";"Exito"
"2016-2017";"92.86";"Otra Educación comercial y empresarial";"Mujeres";"Exito"
"2015-2016";"91.69";"Otra Educación comercial y empresarial";"Mujeres";"Exito"
"2022-2023";"83.38";"Derecho";"Mujeres";"Exito"
"2021-2022";"84.33";"Derecho";"Mujeres";"Exito"
"2020-2021";"83.47";"Derecho";"Mujeres";"Exito"
"2019-2020";"91.32";"Derecho";"Mujeres";"Exito"
"2018-2019";"85.19";"Derecho";"Mujeres";"Exito"
"2017-2018";"83.71";"Derecho";"Mujeres";"Exito"
"2016-2017";"83.25";"Derecho";"Mujeres";"Exito"
"2015-2016";"83.86";"Derecho";"Mujeres";"Exito"
"2022-2023";"81.12";"Total Ciencias";"Mujeres";"Exito"
"2021-2022";"82.56";"Total Ciencias";"Mujeres";"Exito"
"2020-2021";"80.94";"Total Ciencias";"Mujeres";"Exito"
"2019-2020";"88.82";"Total Ciencias";"Mujeres";"Exito"
"2018-2019";"81.87";"Total Ciencias";"Mujeres";"Exito"
"2017-2018";"79.96";"Total Ciencias";"Mujeres";"Exito"
"2016-2017";"81.21";"Total Ciencias";"Mujeres";"Exito"
"2015-2016";"79.76";"Total Ciencias";"Mujeres";"Exito"
"2022-2023";"87.3";"Ciencias de la vida";"Mujeres";"Exito"
"2021-2022";"86.09";"Ciencias de la vida";"Mujeres";"Exito"
"2020-2021";"87.36";"Ciencias de la vida";"Mujeres";"Exito"
"2019-2020";"93.87";"Ciencias de la vida";"Mujeres";"Exito"
"2018-2019";"86.32";"Ciencias de la vida";"Mujeres";"Exito"
"2017-2018";"87.09";"Ciencias de la vida";"Mujeres";"Exito"
"2016-2017";"85.91";"Ciencias de la vida";"Mujeres";"Exito"
"2015-2016";"87.22";"Ciencias de la vida";"Mujeres";"Exito"
"2022-2023";"74.42";"Ciencias Físicas, químicas, geológicas";"Mujeres";"Exito"
"2021-2022";"78.82";"Ciencias Físicas, químicas, geológicas";"Mujeres";"Exito"
"2020-2021";"74.87";"Ciencias Físicas, químicas, geológicas";"Mujeres";"Exito"
"2019-2020";"84.12";"Ciencias Físicas, químicas, geológicas";"Mujeres";"Exito"
"2018-2019";"77.96";"Ciencias Físicas, químicas, geológicas";"Mujeres";"Exito"
"2017-2018";"73.33";"Ciencias Físicas, químicas, geológicas";"Mujeres";"Exito"
"2016-2017";"76.6";"Ciencias Físicas, químicas, geológicas";"Mujeres";"Exito"
"2015-2016";"71.5";"Ciencias Físicas, químicas, geológicas";"Mujeres";"Exito"
"2022-2023";"..";"Matemáticas y Estadística";"Mujeres";"Exito"
"2021-2022";"..";"Matemáticas y Estadística";"Mujeres";"Exito"
"2020-2021";"..";"Matemáticas y Estadística";"Mujeres";"Exito"
"2019-2020";"..";"Matemáticas y Estadística";"Mujeres";"Exito"
"2018-2019";"..";"Matemáticas y Estadística";"Mujeres";"Exito"
"2017-2018";"..";"Matemáticas y Estadística";"Mujeres";"Exito"
"2016-2017";"..";"Matemáticas y Estadística";"Mujeres";"Exito"
"2015-2016";"..";"Matemáticas y Estadística";"Mujeres";"Exito"
"2022-2023";"73.88";"Total Informática";"Mujeres";"Exito"
"2021-2022";"75.86";"Total Informática";"Mujeres";"Exito"
"2020-2021";"75.25";"Total Informática";"Mujeres";"Exito"
"2019-2020";"88.96";"Total Informática";"Mujeres";"Exito"
"2018-2019";"89.19";"Total Informática";"Mujeres";"Exito"
"2017-2018";"87.99";"Total Informática";"Mujeres";"Exito"
"2016-2017";"81.08";"Total Informática";"Mujeres";"Exito"
"2015-2016";"79.73";"Total Informática";"Mujeres";"Exito"
"2022-2023";"73.88";"Informática";"Mujeres";"Exito"
"2021-2022";"75.86";"Informática";"Mujeres";"Exito"
"2020-2021";"75.25";"Informática";"Mujeres";"Exito"
"2019-2020";"88.96";"Informática";"Mujeres";"Exito"
"2018-2019";"89.19";"Informática";"Mujeres";"Exito"
"2017-2018";"87.99";"Informática";"Mujeres";"Exito"
"2016-2017";"81.08";"Informática";"Mujeres";"Exito"
"2015-2016";"79.73";"Informática";"Mujeres";"Exito"
"2022-2023";"72.3";"Total Ingeniería, industria y construcción";"Mujeres";"Exito"
"2021-2022";"73.01";"Total Ingeniería, industria y construcción";"Mujeres";"Exito"
"2020-2021";"72.14";"Total Ingeniería, industria y construcción";"Mujeres";"Exito"
"2019-2020";"82.21";"Total Ingeniería, industria y construcción";"Mujeres";"Exito"
"2018-2019";"72.76";"Total Ingeniería, industria y construcción";"Mujeres";"Exito"
"2017-2018";"71.05";"Total Ingeniería, industria y construcción";"Mujeres";"Exito"
"2016-2017";"72.36";"Total Ingeniería, industria y construcción";"Mujeres";"Exito"
"2015-2016";"70.55";"Total Ingeniería, industria y construcción";"Mujeres";"Exito"
"2022-2023";"72.3";"Ingenierías";"Mujeres";"Exito"
"2021-2022";"73.01";"Ingenierías";"Mujeres";"Exito"
"2020-2021";"72.14";"Ingenierías";"Mujeres";"Exito"
"2019-2020";"82.21";"Ingenierías";"Mujeres";"Exito"
"2018-2019";"72.76";"Ingenierías";"Mujeres";"Exito"
"2017-2018";"71.05";"Ingenierías";"Mujeres";"Exito"
"2016-2017";"72.36";"Ingenierías";"Mujeres";"Exito"
"2015-2016";"70.55";"Ingenierías";"Mujeres";"Exito"
"2022-2023";"..";"Arquitectura y construcción";"Mujeres";"Exito"
"2021-2022";"..";"Arquitectura y construcción";"Mujeres";"Exito"
"2020-2021";"..";"Arquitectura y construcción";"Mujeres";"Exito"
"2019-2020";"..";"Arquitectura y construcción";"Mujeres";"Exito"
"2018-2019";"..";"Arquitectura y construcción";"Mujeres";"Exito"
"2017-2018";"..";"Arquitectura y construcción";"Mujeres";"Exito"
"2016-2017";"..";"Arquitectura y construcción";"Mujeres";"Exito"
"2015-2016";"..";"Arquitectura y construcción";"Mujeres";"Exito"
"2022-2023";"75.43";"Total Agricultura, ganadería,  silvicultura, pesca, y veterinaria";"Mujeres";"Exito"
"2021-2022";"81.57";"Total Agricultura, ganadería,  silvicultura, pesca, y veterinaria";"Mujeres";"Exito"
"2020-2021";"80.8";"Total Agricultura, ganadería,  silvicultura, pesca, y veterinaria";"Mujeres";"Exito"
"2019-2020";"93.57";"Total Agricultura, ganadería,  silvicultura, pesca, y veterinaria";"Mujeres";"Exito"
"2018-2019";"86.9";"Total Agricultura, ganadería,  silvicultura, pesca, y veterinaria";"Mujeres";"Exito"
"2017-2018";"89.12";"Total Agricultura, ganadería,  silvicultura, pesca, y veterinaria";"Mujeres";"Exito"
"2016-2017";"87.64";"Total Agricultura, ganadería,  silvicultura, pesca, y veterinaria";"Mujeres";"Exito"
"2015-2016";"89.8";"Total Agricultura, ganadería,  silvicultura, pesca, y veterinaria";"Mujeres";"Exito"
"2022-2023";"75.43";"Agricultura, ganadería y pesca";"Mujeres";"Exito"
"2021-2022";"81.57";"Agricultura, ganadería y pesca";"Mujeres";"Exito"
"2020-2021";"80.8";"Agricultura, ganadería y pesca";"Mujeres";"Exito"
"2019-2020";"93.57";"Agricultura, ganadería y pesca";"Mujeres";"Exito"
"2018-2019";"86.9";"Agricultura, ganadería y pesca";"Mujeres";"Exito"
"2017-2018";"89.12";"Agricultura, ganadería y pesca";"Mujeres";"Exito"
"2016-2017";"87.64";"Agricultura, ganadería y pesca";"Mujeres";"Exito"
"2015-2016";"89.8";"Agricultura, ganadería y pesca";"Mujeres";"Exito"
"2022-2023";"..";"Veterinaria";"Mujeres";"Exito"
"2021-2022";"..";"Veterinaria";"Mujeres";"Exito"
"2020-2021";"..";"Veterinaria";"Mujeres";"Exito"
"2019-2020";"..";"Veterinaria";"Mujeres";"Exito"
"2018-2019";"..";"Veterinaria";"Mujeres";"Exito"
"2017-2018";"..";"Veterinaria";"Mujeres";"Exito"
"2016-2017";"..";"Veterinaria";"Mujeres";"Exito"
"2015-2016";"..";"Veterinaria";"Mujeres";"Exito"
"2022-2023";"93.11";"Total Salud y servicios sociales";"Mujeres";"Exito"
"2021-2022";"93.72";"Total Salud y servicios sociales";"Mujeres";"Exito"
"2020-2021";"93.24";"Total Salud y servicios sociales";"Mujeres";"Exito"
"2019-2020";"96.85";"Total Salud y servicios sociales";"Mujeres";"Exito"
"2018-2019";"94.51";"Total Salud y servicios sociales";"Mujeres";"Exito"
"2017-2018";"94.53";"Total Salud y servicios sociales";"Mujeres";"Exito"
"2016-2017";"94.52";"Total Salud y servicios sociales";"Mujeres";"Exito"
"2015-2016";"93.15";"Total Salud y servicios sociales";"Mujeres";"Exito"
"2022-2023";"..";"Medicina";"Mujeres";"Exito"
"2021-2022";"..";"Medicina";"Mujeres";"Exito"
"2020-2021";"..";"Medicina";"Mujeres";"Exito"
"2019-2020";"..";"Medicina";"Mujeres";"Exito"
"2018-2019";"..";"Medicina";"Mujeres";"Exito"
"2017-2018";"..";"Medicina";"Mujeres";"Exito"
"2016-2017";"..";"Medicina";"Mujeres";"Exito"
"2015-2016";"..";"Medicina";"Mujeres";"Exito"
"2022-2023";"93.62";"Enfermería y atención a enfermos";"Mujeres";"Exito"
"2021-2022";"94.8";"Enfermería y atención a enfermos";"Mujeres";"Exito"
"2020-2021";"94.0";"Enfermería y atención a enfermos";"Mujeres";"Exito"
"2019-2020";"97.03";"Enfermería y atención a enfermos";"Mujeres";"Exito"
"2018-2019";"94.43";"Enfermería y atención a enfermos";"Mujeres";"Exito"
"2017-2018";"94.98";"Enfermería y atención a enfermos";"Mujeres";"Exito"
"2016-2017";"95.26";"Enfermería y atención a enfermos";"Mujeres";"Exito"
"2015-2016";"93.94";"Enfermería y atención a enfermos";"Mujeres";"Exito"
"2022-2023";"89.4";"Otras ciencias de la Salud";"Mujeres";"Exito"
"2021-2022";"91.65";"Otras ciencias de la Salud";"Mujeres";"Exito"
"2020-2021";"90.2";"Otras ciencias de la Salud";"Mujeres";"Exito"
"2019-2020";"96.7";"Otras ciencias de la Salud";"Mujeres";"Exito"
"2018-2019";"94.13";"Otras ciencias de la Salud";"Mujeres";"Exito"
"2017-2018";"94.89";"Otras ciencias de la Salud";"Mujeres";"Exito"
"2016-2017";"96.38";"Otras ciencias de la Salud";"Mujeres";"Exito"
"2015-2016";"92.61";"Otras ciencias de la Salud";"Mujeres";"Exito"
"2022-2023";"95.32";"Trabajo social y orientación";"Mujeres";"Exito"
"2021-2022";"92.73";"Trabajo social y orientación";"Mujeres";"Exito"
"2020-2021";"93.65";"Trabajo social y orientación";"Mujeres";"Exito"
"2019-2020";"96.44";"Trabajo social y orientación";"Mujeres";"Exito"
"2018-2019";"94.94";"Trabajo social y orientación";"Mujeres";"Exito"
"2017-2018";"92.89";"Trabajo social y orientación";"Mujeres";"Exito"
"2016-2017";"90.97";"Trabajo social y orientación";"Mujeres";"Exito"
"2015-2016";"90.63";"Trabajo social y orientación";"Mujeres";"Exito"
"2022-2023";"90.34";"Total Servicios";"Mujeres";"Exito"
"2021-2022";"90.53";"Total Servicios";"Mujeres";"Exito"
"2020-2021";"90.63";"Total Servicios";"Mujeres";"Exito"
"2019-2020";"94.4";"Total Servicios";"Mujeres";"Exito"
"2018-2019";"88.44";"Total Servicios";"Mujeres";"Exito"
"2017-2018";"90.72";"Total Servicios";"Mujeres";"Exito"
"2016-2017";"90.47";"Total Servicios";"Mujeres";"Exito"
"2015-2016";"90.15";"Total Servicios";"Mujeres";"Exito"
"2022-2023";"92.95";"Deportes";"Mujeres";"Exito"
"2021-2022";"92.38";"Deportes";"Mujeres";"Exito"
"2020-2021";"93.94";"Deportes";"Mujeres";"Exito"
"2019-2020";"97.95";"Deportes";"Mujeres";"Exito"
"2018-2019";"91.87";"Deportes";"Mujeres";"Exito"
"2017-2018";"93.21";"Deportes";"Mujeres";"Exito"
"2016-2017";"91.91";"Deportes";"Mujeres";"Exito"
"2015-2016";"92.19";"Deportes";"Mujeres";"Exito"
"2022-2023";"87.54";"Turismo y Hostelería";"Mujeres";"Exito"
"2021-2022";"88.73";"Turismo y Hostelería";"Mujeres";"Exito"
"2020-2021";"87.98";"Turismo y Hostelería";"Mujeres";"Exito"
"2019-2020";"91.79";"Turismo y Hostelería";"Mujeres";"Exito"
"2018-2019";"86.02";"Turismo y Hostelería";"Mujeres";"Exito"
"2017-2018";"89.04";"Turismo y Hostelería";"Mujeres";"Exito"
"2016-2017";"89.63";"Turismo y Hostelería";"Mujeres";"Exito"
"2015-2016";"89.08";"Turismo y Hostelería";"Mujeres";"Exito"
"2022-2023";"..";"Otros Servicios";"Mujeres";"Exito"
"2021-2022";"..";"Otros Servicios";"Mujeres";"Exito"
"2020-2021";"..";"Otros Servicios";"Mujeres";"Exito"
"2019-2020";"..";"Otros Servicios";"Mujeres";"Exito"
"2018-2019";"..";"Otros Servicios";"Mujeres";"Exito"
"2017-2018";"..";"Otros Servicios";"Mujeres";"Exito"
"2016-2017";"..";"Otros Servicios";"Mujeres";"Exito"
"2015-2016";"..";"Otros Servicios";"Mujeres";"Exito"
"2022-2023";"???";"Vigo";"Mujeres";"Evaluacion"
"2021-2022";"???";"Vigo";"Mujeres";"Evaluacion"
"2020-2021";"???";"Vigo";"Mujeres";"Evaluacion"
"2019-2020";"???";"Vigo";"Mujeres";"Evaluacion"
"2018-2019";"???";"Vigo";"Mujeres";"Evaluacion"
"2017-2018";"???";"Vigo";"Mujeres";"Evaluacion"
"2016-2017";"???";"Vigo";"Mujeres";"Evaluacion"
"2015-2016";"???";"Vigo";"Mujeres";"Evaluacion"
"2022-2023";"91.28";"Todos los ámbitos";"Mujeres";"Evaluacion"
"2021-2022";"90.46";"Todos los ámbitos";"Mujeres";"Evaluacion"
"2020-2021";"91.1";"Todos los ámbitos";"Mujeres";"Evaluacion"
"2019-2020";"92.75";"Todos los ámbitos";"Mujeres";"Evaluacion"
"2018-2019";"89.74";"Todos los ámbitos";"Mujeres";"Evaluacion"
"2017-2018";"89.99";"Todos los ámbitos";"Mujeres";"Evaluacion"
"2016-2017";"90.19";"Todos los ámbitos";"Mujeres";"Evaluacion"
"2015-2016";"90.45";"Todos los ámbitos";"Mujeres";"Evaluacion"
"2022-2023";"97.01";"Total Educación";"Mujeres";"Evaluacion"
"2021-2022";"96.73";"Total Educación";"Mujeres";"Evaluacion"
"2020-2021";"96.82";"Total Educación";"Mujeres";"Evaluacion"
"2019-2020";"96.63";"Total Educación";"Mujeres";"Evaluacion"
"2018-2019";"95.04";"Total Educación";"Mujeres";"Evaluacion"
"2017-2018";"94.78";"Total Educación";"Mujeres";"Evaluacion"
"2016-2017";"94.68";"Total Educación";"Mujeres";"Evaluacion"
"2015-2016";"94.45";"Total Educación";"Mujeres";"Evaluacion"
"2022-2023";"96.76";"Formación de docentes de enseñanza infantil";"Mujeres";"Evaluacion"
"2021-2022";"97.19";"Formación de docentes de enseñanza infantil";"Mujeres";"Evaluacion"
"2020-2021";"96.23";"Formación de docentes de enseñanza infantil";"Mujeres";"Evaluacion"
"2019-2020";"96.75";"Formación de docentes de enseñanza infantil";"Mujeres";"Evaluacion"
"2018-2019";"95.44";"Formación de docentes de enseñanza infantil";"Mujeres";"Evaluacion"
"2017-2018";"95.37";"Formación de docentes de enseñanza infantil";"Mujeres";"Evaluacion"
"2016-2017";"95.25";"Formación de docentes de enseñanza infantil";"Mujeres";"Evaluacion"
"2015-2016";"95.14";"Formación de docentes de enseñanza infantil";"Mujeres";"Evaluacion"
"2022-2023";"97.54";"Formación de docentes de enseñanza primaria";"Mujeres";"Evaluacion"
"2021-2022";"96.4";"Formación de docentes de enseñanza primaria";"Mujeres";"Evaluacion"
"2020-2021";"97.53";"Formación de docentes de enseñanza primaria";"Mujeres";"Evaluacion"
"2019-2020";"97.26";"Formación de docentes de enseñanza primaria";"Mujeres";"Evaluacion"
"2018-2019";"95.32";"Formación de docentes de enseñanza primaria";"Mujeres";"Evaluacion"
"2017-2018";"94.47";"Formación de docentes de enseñanza primaria";"Mujeres";"Evaluacion"
"2016-2017";"94.54";"Formación de docentes de enseñanza primaria";"Mujeres";"Evaluacion"
"2015-2016";"94.05";"Formación de docentes de enseñanza primaria";"Mujeres";"Evaluacion"
"2022-2023";"96.4";"Otra Formación de personal docente y ciencias de la educación";"Mujeres";"Evaluacion"
"2021-2022";"96.18";"Otra Formación de personal docente y ciencias de la educación";"Mujeres";"Evaluacion"
"2020-2021";"96.9";"Otra Formación de personal docente y ciencias de la educación";"Mujeres";"Evaluacion"
"2019-2020";"94.64";"Otra Formación de personal docente y ciencias de la educación";"Mujeres";"Evaluacion"
"2018-2019";"93.01";"Otra Formación de personal docente y ciencias de la educación";"Mujeres";"Evaluacion"
"2017-2018";"93.7";"Otra Formación de personal docente y ciencias de la educación";"Mujeres";"Evaluacion"
"2016-2017";"93.22";"Otra Formación de personal docente y ciencias de la educación";"Mujeres";"Evaluacion"
"2015-2016";"93.29";"Otra Formación de personal docente y ciencias de la educación";"Mujeres";"Evaluacion"
"2022-2023";"90.96";"Total Artes y humanidades";"Mujeres";"Evaluacion"
"2021-2022";"90.08";"Total Artes y humanidades";"Mujeres";"Evaluacion"
"2020-2021";"91.23";"Total Artes y humanidades";"Mujeres";"Evaluacion"
"2019-2020";"91.35";"Total Artes y humanidades";"Mujeres";"Evaluacion"
"2018-2019";"89.44";"Total Artes y humanidades";"Mujeres";"Evaluacion"
"2017-2018";"90.26";"Total Artes y humanidades";"Mujeres";"Evaluacion"
"2016-2017";"90.61";"Total Artes y humanidades";"Mujeres";"Evaluacion"
"2015-2016";"90.33";"Total Artes y humanidades";"Mujeres";"Evaluacion"
"2022-2023";"94.91";"Técnicas audiovisuales y medios de comunicación";"Mujeres";"Evaluacion"
"2021-2022";"97.32";"Técnicas audiovisuales y medios de comunicación";"Mujeres";"Evaluacion"
"2020-2021";"95.12";"Técnicas audiovisuales y medios de comunicación";"Mujeres";"Evaluacion"
"2019-2020";"94.77";"Técnicas audiovisuales y medios de comunicación";"Mujeres";"Evaluacion"
"2018-2019";"93.75";"Técnicas audiovisuales y medios de comunicación";"Mujeres";"Evaluacion"
"2017-2018";"94.12";"Técnicas audiovisuales y medios de comunicación";"Mujeres";"Evaluacion"
"2016-2017";"95.29";"Técnicas audiovisuales y medios de comunicación";"Mujeres";"Evaluacion"
"2015-2016";"95.48";"Técnicas audiovisuales y medios de comunicación";"Mujeres";"Evaluacion"
"2022-2023";"90.59";"Artes";"Mujeres";"Evaluacion"
"2021-2022";"90.2";"Artes";"Mujeres";"Evaluacion"
"2020-2021";"92.13";"Artes";"Mujeres";"Evaluacion"
"2019-2020";"92.48";"Artes";"Mujeres";"Evaluacion"
"2018-2019";"90.68";"Artes";"Mujeres";"Evaluacion"
"2017-2018";"92.43";"Artes";"Mujeres";"Evaluacion"
"2016-2017";"91.07";"Artes";"Mujeres";"Evaluacion"
"2015-2016";"87.68";"Artes";"Mujeres";"Evaluacion"
"2022-2023";"91.09";"Lenguas";"Mujeres";"Evaluacion"
"2021-2022";"89.44";"Lenguas";"Mujeres";"Evaluacion"
"2020-2021";"90.46";"Lenguas";"Mujeres";"Evaluacion"
"2019-2020";"90.82";"Lenguas";"Mujeres";"Evaluacion"
"2018-2019";"88.35";"Lenguas";"Mujeres";"Evaluacion"
"2017-2018";"89.51";"Lenguas";"Mujeres";"Evaluacion"
"2016-2017";"89.97";"Lenguas";"Mujeres";"Evaluacion"
"2015-2016";"91.22";"Lenguas";"Mujeres";"Evaluacion"
"2022-2023";"85.34";"Humanidades";"Mujeres";"Evaluacion"
"2021-2022";"82.23";"Humanidades";"Mujeres";"Evaluacion"
"2020-2021";"85.26";"Humanidades";"Mujeres";"Evaluacion"
"2019-2020";"81.17";"Humanidades";"Mujeres";"Evaluacion"
"2018-2019";"83.62";"Humanidades";"Mujeres";"Evaluacion"
"2017-2018";"75.6";"Humanidades";"Mujeres";"Evaluacion"
"2016-2017";"83.33";"Humanidades";"Mujeres";"Evaluacion"
"2015-2016";"82.77";"Humanidades";"Mujeres";"Evaluacion"
"2022-2023";"86.18";"Total Ciencias sociales, periodismo y documentación";"Mujeres";"Evaluacion"
"2021-2022";"85.68";"Total Ciencias sociales, periodismo y documentación";"Mujeres";"Evaluacion"
"2020-2021";"78.08";"Total Ciencias sociales, periodismo y documentación";"Mujeres";"Evaluacion"
"2019-2020";"84.99";"Total Ciencias sociales, periodismo y documentación";"Mujeres";"Evaluacion"
"2018-2019";"80.63";"Total Ciencias sociales, periodismo y documentación";"Mujeres";"Evaluacion"
"2017-2018";"80.91";"Total Ciencias sociales, periodismo y documentación";"Mujeres";"Evaluacion"
"2016-2017";"87.02";"Total Ciencias sociales, periodismo y documentación";"Mujeres";"Evaluacion"
"2015-2016";"87.53";"Total Ciencias sociales, periodismo y documentación";"Mujeres";"Evaluacion"
"2022-2023";"..";"Psicología";"Mujeres";"Evaluacion"
"2021-2022";"..";"Psicología";"Mujeres";"Evaluacion"
"2020-2021";"..";"Psicología";"Mujeres";"Evaluacion"
"2019-2020";"..";"Psicología";"Mujeres";"Evaluacion"
"2018-2019";"..";"Psicología";"Mujeres";"Evaluacion"
"2017-2018";"..";"Psicología";"Mujeres";"Evaluacion"
"2016-2017";"..";"Psicología";"Mujeres";"Evaluacion"
"2015-2016";"..";"Psicología";"Mujeres";"Evaluacion"
"2022-2023";"82.88";"Economía";"Mujeres";"Evaluacion"
"2021-2022";"85.68";"Economía";"Mujeres";"Evaluacion"
"2020-2021";"78.08";"Economía";"Mujeres";"Evaluacion"
"2019-2020";"84.99";"Economía";"Mujeres";"Evaluacion"
"2018-2019";"80.54";"Economía";"Mujeres";"Evaluacion"
"2017-2018";"81.16";"Economía";"Mujeres";"Evaluacion"
"2016-2017";"87.38";"Economía";"Mujeres";"Evaluacion"
"2015-2016";"87.97";"Economía";"Mujeres";"Evaluacion"
"2022-2023";"..";"Otras Ciencias sociales y del comportamiento";"Mujeres";"Evaluacion"
"2021-2022";"..";"Otras Ciencias sociales y del comportamiento";"Mujeres";"Evaluacion"
"2020-2021";"..";"Otras Ciencias sociales y del comportamiento";"Mujeres";"Evaluacion"
"2019-2020";"..";"Otras Ciencias sociales y del comportamiento";"Mujeres";"Evaluacion"
"2018-2019";"..";"Otras Ciencias sociales y del comportamiento";"Mujeres";"Evaluacion"
"2017-2018";"..";"Otras Ciencias sociales y del comportamiento";"Mujeres";"Evaluacion"
"2016-2017";"..";"Otras Ciencias sociales y del comportamiento";"Mujeres";"Evaluacion"
"2015-2016";"..";"Otras Ciencias sociales y del comportamiento";"Mujeres";"Evaluacion"
"2022-2023";"..";"Periodismo e información";"Mujeres";"Evaluacion"
"2021-2022";"..";"Periodismo e información";"Mujeres";"Evaluacion"
"2020-2021";"..";"Periodismo e información";"Mujeres";"Evaluacion"
"2019-2020";"..";"Periodismo e información";"Mujeres";"Evaluacion"
"2018-2019";"..";"Periodismo e información";"Mujeres";"Evaluacion"
"2017-2018";"..";"Periodismo e información";"Mujeres";"Evaluacion"
"2016-2017";"..";"Periodismo e información";"Mujeres";"Evaluacion"
"2015-2016";"..";"Periodismo e información";"Mujeres";"Evaluacion"
"2022-2023";"86.85";"Total Negocios, administración y derecho";"Mujeres";"Evaluacion"
"2021-2022";"85.42";"Total Negocios, administración y derecho";"Mujeres";"Evaluacion"
"2020-2021";"87.3";"Total Negocios, administración y derecho";"Mujeres";"Evaluacion"
"2019-2020";"90.55";"Total Negocios, administración y derecho";"Mujeres";"Evaluacion"
"2018-2019";"85.35";"Total Negocios, administración y derecho";"Mujeres";"Evaluacion"
"2017-2018";"85.69";"Total Negocios, administración y derecho";"Mujeres";"Evaluacion"
"2016-2017";"84.79";"Total Negocios, administración y derecho";"Mujeres";"Evaluacion"
"2015-2016";"85.97";"Total Negocios, administración y derecho";"Mujeres";"Evaluacion"
"2022-2023";"84.39";"Administración y gestión de empresas";"Mujeres";"Evaluacion"
"2021-2022";"81.19";"Administración y gestión de empresas";"Mujeres";"Evaluacion"
"2020-2021";"85.56";"Administración y gestión de empresas";"Mujeres";"Evaluacion"
"2019-2020";"87.77";"Administración y gestión de empresas";"Mujeres";"Evaluacion"
"2018-2019";"82.77";"Administración y gestión de empresas";"Mujeres";"Evaluacion"
"2017-2018";"82.53";"Administración y gestión de empresas";"Mujeres";"Evaluacion"
"2016-2017";"81.52";"Administración y gestión de empresas";"Mujeres";"Evaluacion"
"2015-2016";"83.03";"Administración y gestión de empresas";"Mujeres";"Evaluacion"
"2022-2023";"91.72";"Otra Educación comercial y empresarial";"Mujeres";"Evaluacion"
"2021-2022";"91.91";"Otra Educación comercial y empresarial";"Mujeres";"Evaluacion"
"2020-2021";"93.12";"Otra Educación comercial y empresarial";"Mujeres";"Evaluacion"
"2019-2020";"93.35";"Otra Educación comercial y empresarial";"Mujeres";"Evaluacion"
"2018-2019";"90.43";"Otra Educación comercial y empresarial";"Mujeres";"Evaluacion"
"2017-2018";"91.89";"Otra Educación comercial y empresarial";"Mujeres";"Evaluacion"
"2016-2017";"91.6";"Otra Educación comercial y empresarial";"Mujeres";"Evaluacion"
"2015-2016";"90.85";"Otra Educación comercial y empresarial";"Mujeres";"Evaluacion"
"2022-2023";"86.12";"Derecho";"Mujeres";"Evaluacion"
"2021-2022";"85.83";"Derecho";"Mujeres";"Evaluacion"
"2020-2021";"85.33";"Derecho";"Mujeres";"Evaluacion"
"2019-2020";"92.12";"Derecho";"Mujeres";"Evaluacion"
"2018-2019";"85.04";"Derecho";"Mujeres";"Evaluacion"
"2017-2018";"85.54";"Derecho";"Mujeres";"Evaluacion"
"2016-2017";"84.45";"Derecho";"Mujeres";"Evaluacion"
"2015-2016";"86.97";"Derecho";"Mujeres";"Evaluacion"
"2022-2023";"91.58";"Total Ciencias";"Mujeres";"Evaluacion"
"2021-2022";"90.79";"Total Ciencias";"Mujeres";"Evaluacion"
"2020-2021";"91.8";"Total Ciencias";"Mujeres";"Evaluacion"
"2019-2020";"93.17";"Total Ciencias";"Mujeres";"Evaluacion"
"2018-2019";"92.61";"Total Ciencias";"Mujeres";"Evaluacion"
"2017-2018";"92.15";"Total Ciencias";"Mujeres";"Evaluacion"
"2016-2017";"93.37";"Total Ciencias";"Mujeres";"Evaluacion"
"2015-2016";"93.38";"Total Ciencias";"Mujeres";"Evaluacion"
"2022-2023";"91.44";"Ciencias de la vida";"Mujeres";"Evaluacion"
"2021-2022";"91.86";"Ciencias de la vida";"Mujeres";"Evaluacion"
"2020-2021";"93.26";"Ciencias de la vida";"Mujeres";"Evaluacion"
"2019-2020";"94.85";"Ciencias de la vida";"Mujeres";"Evaluacion"
"2018-2019";"92.59";"Ciencias de la vida";"Mujeres";"Evaluacion"
"2017-2018";"91.67";"Ciencias de la vida";"Mujeres";"Evaluacion"
"2016-2017";"92.44";"Ciencias de la vida";"Mujeres";"Evaluacion"
"2015-2016";"93.27";"Ciencias de la vida";"Mujeres";"Evaluacion"
"2022-2023";"91.73";"Ciencias Físicas, químicas, geológicas";"Mujeres";"Evaluacion"
"2021-2022";"89.68";"Ciencias Físicas, químicas, geológicas";"Mujeres";"Evaluacion"
"2020-2021";"90.46";"Ciencias Físicas, químicas, geológicas";"Mujeres";"Evaluacion"
"2019-2020";"91.66";"Ciencias Físicas, químicas, geológicas";"Mujeres";"Evaluacion"
"2018-2019";"92.62";"Ciencias Físicas, químicas, geológicas";"Mujeres";"Evaluacion"
"2017-2018";"92.6";"Ciencias Físicas, químicas, geológicas";"Mujeres";"Evaluacion"
"2016-2017";"94.31";"Ciencias Físicas, químicas, geológicas";"Mujeres";"Evaluacion"
"2015-2016";"93.49";"Ciencias Físicas, químicas, geológicas";"Mujeres";"Evaluacion"
"2022-2023";"..";"Matemáticas y Estadística";"Mujeres";"Evaluacion"
"2021-2022";"..";"Matemáticas y Estadística";"Mujeres";"Evaluacion"
"2020-2021";"..";"Matemáticas y Estadística";"Mujeres";"Evaluacion"
"2019-2020";"..";"Matemáticas y Estadística";"Mujeres";"Evaluacion"
"2018-2019";"..";"Matemáticas y Estadística";"Mujeres";"Evaluacion"
"2017-2018";"..";"Matemáticas y Estadística";"Mujeres";"Evaluacion"
"2016-2017";"..";"Matemáticas y Estadística";"Mujeres";"Evaluacion"
"2015-2016";"..";"Matemáticas y Estadística";"Mujeres";"Evaluacion"
"2022-2023";"85.96";"Total Informática";"Mujeres";"Evaluacion"
"2021-2022";"86.14";"Total Informática";"Mujeres";"Evaluacion"
"2020-2021";"84.45";"Total Informática";"Mujeres";"Evaluacion"
"2019-2020";"90.96";"Total Informática";"Mujeres";"Evaluacion"
"2018-2019";"83.4";"Total Informática";"Mujeres";"Evaluacion"
"2017-2018";"85.65";"Total Informática";"Mujeres";"Evaluacion"
"2016-2017";"76.29";"Total Informática";"Mujeres";"Evaluacion"
"2015-2016";"82.67";"Total Informática";"Mujeres";"Evaluacion"
"2022-2023";"85.96";"Informática";"Mujeres";"Evaluacion"
"2021-2022";"86.14";"Informática";"Mujeres";"Evaluacion"
"2020-2021";"84.45";"Informática";"Mujeres";"Evaluacion"
"2019-2020";"90.96";"Informática";"Mujeres";"Evaluacion"
"2018-2019";"83.4";"Informática";"Mujeres";"Evaluacion"
"2017-2018";"85.65";"Informática";"Mujeres";"Evaluacion"
"2016-2017";"76.29";"Informática";"Mujeres";"Evaluacion"
"2015-2016";"82.67";"Informática";"Mujeres";"Evaluacion"
"2022-2023";"82.61";"Total Ingeniería, industria y construcción";"Mujeres";"Evaluacion"
"2021-2022";"81.77";"Total Ingeniería, industria y construcción";"Mujeres";"Evaluacion"
"2020-2021";"83.59";"Total Ingeniería, industria y construcción";"Mujeres";"Evaluacion"
"2019-2020";"88.62";"Total Ingeniería, industria y construcción";"Mujeres";"Evaluacion"
"2018-2019";"83.31";"Total Ingeniería, industria y construcción";"Mujeres";"Evaluacion"
"2017-2018";"85.56";"Total Ingeniería, industria y construcción";"Mujeres";"Evaluacion"
"2016-2017";"87.2";"Total Ingeniería, industria y construcción";"Mujeres";"Evaluacion"
"2015-2016";"87.64";"Total Ingeniería, industria y construcción";"Mujeres";"Evaluacion"
"2022-2023";"82.61";"Ingenierías";"Mujeres";"Evaluacion"
"2021-2022";"81.77";"Ingenierías";"Mujeres";"Evaluacion"
"2020-2021";"83.59";"Ingenierías";"Mujeres";"Evaluacion"
"2019-2020";"88.62";"Ingenierías";"Mujeres";"Evaluacion"
"2018-2019";"83.31";"Ingenierías";"Mujeres";"Evaluacion"
"2017-2018";"85.56";"Ingenierías";"Mujeres";"Evaluacion"
"2016-2017";"87.2";"Ingenierías";"Mujeres";"Evaluacion"
"2015-2016";"87.64";"Ingenierías";"Mujeres";"Evaluacion"
"2022-2023";"..";"Arquitectura y construcción";"Mujeres";"Evaluacion"
"2021-2022";"..";"Arquitectura y construcción";"Mujeres";"Evaluacion"
"2020-2021";"..";"Arquitectura y construcción";"Mujeres";"Evaluacion"
"2019-2020";"..";"Arquitectura y construcción";"Mujeres";"Evaluacion"
"2018-2019";"..";"Arquitectura y construcción";"Mujeres";"Evaluacion"
"2017-2018";"..";"Arquitectura y construcción";"Mujeres";"Evaluacion"
"2016-2017";"..";"Arquitectura y construcción";"Mujeres";"Evaluacion"
"2015-2016";"..";"Arquitectura y construcción";"Mujeres";"Evaluacion"
"2022-2023";"81.71";"Total Agricultura, ganadería,  silvicultura, pesca, y veterinaria";"Mujeres";"Evaluacion"
"2021-2022";"79.49";"Total Agricultura, ganadería,  silvicultura, pesca, y veterinaria";"Mujeres";"Evaluacion"
"2020-2021";"77.64";"Total Agricultura, ganadería,  silvicultura, pesca, y veterinaria";"Mujeres";"Evaluacion"
"2019-2020";"81.53";"Total Agricultura, ganadería,  silvicultura, pesca, y veterinaria";"Mujeres";"Evaluacion"
"2018-2019";"78.12";"Total Agricultura, ganadería,  silvicultura, pesca, y veterinaria";"Mujeres";"Evaluacion"
"2017-2018";"77.72";"Total Agricultura, ganadería,  silvicultura, pesca, y veterinaria";"Mujeres";"Evaluacion"
"2016-2017";"81.51";"Total Agricultura, ganadería,  silvicultura, pesca, y veterinaria";"Mujeres";"Evaluacion"
"2015-2016";"81.04";"Total Agricultura, ganadería,  silvicultura, pesca, y veterinaria";"Mujeres";"Evaluacion"
"2022-2023";"81.71";"Agricultura, ganadería y pesca";"Mujeres";"Evaluacion"
"2021-2022";"79.49";"Agricultura, ganadería y pesca";"Mujeres";"Evaluacion"
"2020-2021";"77.64";"Agricultura, ganadería y pesca";"Mujeres";"Evaluacion"
"2019-2020";"81.53";"Agricultura, ganadería y pesca";"Mujeres";"Evaluacion"
"2018-2019";"78.12";"Agricultura, ganadería y pesca";"Mujeres";"Evaluacion"
"2017-2018";"77.72";"Agricultura, ganadería y pesca";"Mujeres";"Evaluacion"
"2016-2017";"81.51";"Agricultura, ganadería y pesca";"Mujeres";"Evaluacion"
"2015-2016";"81.04";"Agricultura, ganadería y pesca";"Mujeres";"Evaluacion"
"2022-2023";"..";"Veterinaria";"Mujeres";"Evaluacion"
"2021-2022";"..";"Veterinaria";"Mujeres";"Evaluacion"
"2020-2021";"..";"Veterinaria";"Mujeres";"Evaluacion"
"2019-2020";"..";"Veterinaria";"Mujeres";"Evaluacion"
"2018-2019";"..";"Veterinaria";"Mujeres";"Evaluacion"
"2017-2018";"..";"Veterinaria";"Mujeres";"Evaluacion"
"2016-2017";"..";"Veterinaria";"Mujeres";"Evaluacion"
"2015-2016";"..";"Veterinaria";"Mujeres";"Evaluacion"
"2022-2023";"96.26";"Total Salud y servicios sociales";"Mujeres";"Evaluacion"
"2021-2022";"96.13";"Total Salud y servicios sociales";"Mujeres";"Evaluacion"
"2020-2021";"96.03";"Total Salud y servicios sociales";"Mujeres";"Evaluacion"
"2019-2020";"96.72";"Total Salud y servicios sociales";"Mujeres";"Evaluacion"
"2018-2019";"95.53";"Total Salud y servicios sociales";"Mujeres";"Evaluacion"
"2017-2018";"95.33";"Total Salud y servicios sociales";"Mujeres";"Evaluacion"
"2016-2017";"96.05";"Total Salud y servicios sociales";"Mujeres";"Evaluacion"
"2015-2016";"95.58";"Total Salud y servicios sociales";"Mujeres";"Evaluacion"
"2022-2023";"..";"Medicina";"Mujeres";"Evaluacion"
"2021-2022";"..";"Medicina";"Mujeres";"Evaluacion"
"2020-2021";"..";"Medicina";"Mujeres";"Evaluacion"
"2019-2020";"..";"Medicina";"Mujeres";"Evaluacion"
"2018-2019";"..";"Medicina";"Mujeres";"Evaluacion"
"2017-2018";"..";"Medicina";"Mujeres";"Evaluacion"
"2016-2017";"..";"Medicina";"Mujeres";"Evaluacion"
"2015-2016";"..";"Medicina";"Mujeres";"Evaluacion"
"2022-2023";"97.27";"Enfermería y atención a enfermos";"Mujeres";"Evaluacion"
"2021-2022";"97.37";"Enfermería y atención a enfermos";"Mujeres";"Evaluacion"
"2020-2021";"96.5";"Enfermería y atención a enfermos";"Mujeres";"Evaluacion"
"2019-2020";"97.17";"Enfermería y atención a enfermos";"Mujeres";"Evaluacion"
"2018-2019";"96.18";"Enfermería y atención a enfermos";"Mujeres";"Evaluacion"
"2017-2018";"95.93";"Enfermería y atención a enfermos";"Mujeres";"Evaluacion"
"2016-2017";"97.04";"Enfermería y atención a enfermos";"Mujeres";"Evaluacion"
"2015-2016";"96.7";"Enfermería y atención a enfermos";"Mujeres";"Evaluacion"
"2022-2023";"94.34";"Otras ciencias de la Salud";"Mujeres";"Evaluacion"
"2021-2022";"94.78";"Otras ciencias de la Salud";"Mujeres";"Evaluacion"
"2020-2021";"95.84";"Otras ciencias de la Salud";"Mujeres";"Evaluacion"
"2019-2020";"97.66";"Otras ciencias de la Salud";"Mujeres";"Evaluacion"
"2018-2019";"96.24";"Otras ciencias de la Salud";"Mujeres";"Evaluacion"
"2017-2018";"94.45";"Otras ciencias de la Salud";"Mujeres";"Evaluacion"
"2016-2017";"96.13";"Otras ciencias de la Salud";"Mujeres";"Evaluacion"
"2015-2016";"95.61";"Otras ciencias de la Salud";"Mujeres";"Evaluacion"
"2022-2023";"95.39";"Trabajo social y orientación";"Mujeres";"Evaluacion"
"2021-2022";"94.11";"Trabajo social y orientación";"Mujeres";"Evaluacion"
"2020-2021";"94.93";"Trabajo social y orientación";"Mujeres";"Evaluacion"
"2019-2020";"94.7";"Trabajo social y orientación";"Mujeres";"Evaluacion"
"2018-2019";"93.25";"Trabajo social y orientación";"Mujeres";"Evaluacion"
"2017-2018";"93.87";"Trabajo social y orientación";"Mujeres";"Evaluacion"
"2016-2017";"92.81";"Trabajo social y orientación";"Mujeres";"Evaluacion"
"2015-2016";"91.73";"Trabajo social y orientación";"Mujeres";"Evaluacion"
"2022-2023";"90.22";"Total Servicios";"Mujeres";"Evaluacion"
"2021-2022";"88.14";"Total Servicios";"Mujeres";"Evaluacion"
"2020-2021";"90.47";"Total Servicios";"Mujeres";"Evaluacion"
"2019-2020";"90.36";"Total Servicios";"Mujeres";"Evaluacion"
"2018-2019";"88.13";"Total Servicios";"Mujeres";"Evaluacion"
"2017-2018";"87.08";"Total Servicios";"Mujeres";"Evaluacion"
"2016-2017";"89.05";"Total Servicios";"Mujeres";"Evaluacion"
"2015-2016";"89.77";"Total Servicios";"Mujeres";"Evaluacion"
"2022-2023";"96.08";"Deportes";"Mujeres";"Evaluacion"
"2021-2022";"93.87";"Deportes";"Mujeres";"Evaluacion"
"2020-2021";"93.29";"Deportes";"Mujeres";"Evaluacion"
"2019-2020";"94.57";"Deportes";"Mujeres";"Evaluacion"
"2018-2019";"88.94";"Deportes";"Mujeres";"Evaluacion"
"2017-2018";"93.99";"Deportes";"Mujeres";"Evaluacion"
"2016-2017";"94.97";"Deportes";"Mujeres";"Evaluacion"
"2015-2016";"93.45";"Deportes";"Mujeres";"Evaluacion"
"2022-2023";"84.7";"Turismo y Hostelería";"Mujeres";"Evaluacion"
"2021-2022";"83.19";"Turismo y Hostelería";"Mujeres";"Evaluacion"
"2020-2021";"88.32";"Turismo y Hostelería";"Mujeres";"Evaluacion"
"2019-2020";"87.5";"Turismo y Hostelería";"Mujeres";"Evaluacion"
"2018-2019";"87.56";"Turismo y Hostelería";"Mujeres";"Evaluacion"
"2017-2018";"82.95";"Turismo y Hostelería";"Mujeres";"Evaluacion"
"2016-2017";"85.9";"Turismo y Hostelería";"Mujeres";"Evaluacion"
"2015-2016";"87.94";"Turismo y Hostelería";"Mujeres";"Evaluacion"
"2022-2023";"..";"Otros Servicios";"Mujeres";"Evaluacion"
"2021-2022";"..";"Otros Servicios";"Mujeres";"Evaluacion"
"2020-2021";"..";"Otros Servicios";"Mujeres";"Evaluacion"
"2019-2020";"..";"Otros Servicios";"Mujeres";"Evaluacion"
"2018-2019";"..";"Otros Servicios";"Mujeres";"Evaluacion"
"2017-2018";"..";"Otros Servicios";"Mujeres";"Evaluacion"
"2016-2017";"..";"Otros Servicios";"Mujeres";"Evaluacion"
"2015-2016";"..";"Otros Servicios";"Mujeres";"Evaluacion"
