"Anio";"Valor";"Carrera";"Genero";"Tasa"
"2022-2023";"???";"Alicante";"Ambos Sexos";"Rendimiento"
"2021-2022";"???";"Alicante";"Ambos Sexos";"Rendimiento"
"2020-2021";"???";"Alicante";"Ambos Sexos";"Rendimiento"
"2019-2020";"???";"Alicante";"Ambos Sexos";"Rendimiento"
"2018-2019";"???";"Alicante";"Ambos Sexos";"Rendimiento"
"2017-2018";"???";"Alicante";"Ambos Sexos";"Rendimiento"
"2016-2017";"???";"Alicante";"Ambos Sexos";"Rendimiento"
"2015-2016";"???";"Alicante";"Ambos Sexos";"Rendimiento"
"2022-2023";"78.83";"Todos los ámbitos";"Ambos Sexos";"Rendimiento"
"2021-2022";"77.72";"Todos los ámbitos";"Ambos Sexos";"Rendimiento"
"2020-2021";"82.07";"Todos los ámbitos";"Ambos Sexos";"Rendimiento"
"2019-2020";"87.22";"Todos los ámbitos";"Ambos Sexos";"Rendimiento"
"2018-2019";"79.94";"Todos los ámbitos";"Ambos Sexos";"Rendimiento"
"2017-2018";"79.24";"Todos los ámbitos";"Ambos Sexos";"Rendimiento"
"2016-2017";"80.1";"Todos los ámbitos";"Ambos Sexos";"Rendimiento"
"2015-2016";"80.26";"Todos los ámbitos";"Ambos Sexos";"Rendimiento"
"2022-2023";"92.35";"Total Educación";"Ambos Sexos";"Rendimiento"
"2021-2022";"92.54";"Total Educación";"Ambos Sexos";"Rendimiento"
"2020-2021";"95.08";"Total Educación";"Ambos Sexos";"Rendimiento"
"2019-2020";"96.25";"Total Educación";"Ambos Sexos";"Rendimiento"
"2018-2019";"92.05";"Total Educación";"Ambos Sexos";"Rendimiento"
"2017-2018";"91.69";"Total Educación";"Ambos Sexos";"Rendimiento"
"2016-2017";"92.18";"Total Educación";"Ambos Sexos";"Rendimiento"
"2015-2016";"92.09";"Total Educación";"Ambos Sexos";"Rendimiento"
"2022-2023";"92.51";"Formación de docentes de enseñanza infantil";"Ambos Sexos";"Rendimiento"
"2021-2022";"93.21";"Formación de docentes de enseñanza infantil";"Ambos Sexos";"Rendimiento"
"2020-2021";"95.38";"Formación de docentes de enseñanza infantil";"Ambos Sexos";"Rendimiento"
"2019-2020";"96.64";"Formación de docentes de enseñanza infantil";"Ambos Sexos";"Rendimiento"
"2018-2019";"92.49";"Formación de docentes de enseñanza infantil";"Ambos Sexos";"Rendimiento"
"2017-2018";"92.03";"Formación de docentes de enseñanza infantil";"Ambos Sexos";"Rendimiento"
"2016-2017";"92.26";"Formación de docentes de enseñanza infantil";"Ambos Sexos";"Rendimiento"
"2015-2016";"92.88";"Formación de docentes de enseñanza infantil";"Ambos Sexos";"Rendimiento"
"2022-2023";"92.23";"Formación de docentes de enseñanza primaria";"Ambos Sexos";"Rendimiento"
"2021-2022";"92.04";"Formación de docentes de enseñanza primaria";"Ambos Sexos";"Rendimiento"
"2020-2021";"94.87";"Formación de docentes de enseñanza primaria";"Ambos Sexos";"Rendimiento"
"2019-2020";"95.96";"Formación de docentes de enseñanza primaria";"Ambos Sexos";"Rendimiento"
"2018-2019";"91.72";"Formación de docentes de enseñanza primaria";"Ambos Sexos";"Rendimiento"
"2017-2018";"91.43";"Formación de docentes de enseñanza primaria";"Ambos Sexos";"Rendimiento"
"2016-2017";"92.11";"Formación de docentes de enseñanza primaria";"Ambos Sexos";"Rendimiento"
"2015-2016";"91.46";"Formación de docentes de enseñanza primaria";"Ambos Sexos";"Rendimiento"
"2022-2023";"..";"Otra Formación de personal docente y ciencias de la educación";"Ambos Sexos";"Rendimiento"
"2021-2022";"..";"Otra Formación de personal docente y ciencias de la educación";"Ambos Sexos";"Rendimiento"
"2020-2021";"..";"Otra Formación de personal docente y ciencias de la educación";"Ambos Sexos";"Rendimiento"
"2019-2020";"..";"Otra Formación de personal docente y ciencias de la educación";"Ambos Sexos";"Rendimiento"
"2018-2019";"..";"Otra Formación de personal docente y ciencias de la educación";"Ambos Sexos";"Rendimiento"
"2017-2018";"..";"Otra Formación de personal docente y ciencias de la educación";"Ambos Sexos";"Rendimiento"
"2016-2017";"..";"Otra Formación de personal docente y ciencias de la educación";"Ambos Sexos";"Rendimiento"
"2015-2016";"..";"Otra Formación de personal docente y ciencias de la educación";"Ambos Sexos";"Rendimiento"
"2022-2023";"79.46";"Total Artes y humanidades";"Ambos Sexos";"Rendimiento"
"2021-2022";"79.69";"Total Artes y humanidades";"Ambos Sexos";"Rendimiento"
"2020-2021";"84.72";"Total Artes y humanidades";"Ambos Sexos";"Rendimiento"
"2019-2020";"88.74";"Total Artes y humanidades";"Ambos Sexos";"Rendimiento"
"2018-2019";"83.45";"Total Artes y humanidades";"Ambos Sexos";"Rendimiento"
"2017-2018";"83.88";"Total Artes y humanidades";"Ambos Sexos";"Rendimiento"
"2016-2017";"85.14";"Total Artes y humanidades";"Ambos Sexos";"Rendimiento"
"2015-2016";"86.29";"Total Artes y humanidades";"Ambos Sexos";"Rendimiento"
"2022-2023";"..";"Técnicas audiovisuales y medios de comunicación";"Ambos Sexos";"Rendimiento"
"2021-2022";"..";"Técnicas audiovisuales y medios de comunicación";"Ambos Sexos";"Rendimiento"
"2020-2021";"..";"Técnicas audiovisuales y medios de comunicación";"Ambos Sexos";"Rendimiento"
"2019-2020";"..";"Técnicas audiovisuales y medios de comunicación";"Ambos Sexos";"Rendimiento"
"2018-2019";"..";"Técnicas audiovisuales y medios de comunicación";"Ambos Sexos";"Rendimiento"
"2017-2018";"..";"Técnicas audiovisuales y medios de comunicación";"Ambos Sexos";"Rendimiento"
"2016-2017";"..";"Técnicas audiovisuales y medios de comunicación";"Ambos Sexos";"Rendimiento"
"2015-2016";"..";"Técnicas audiovisuales y medios de comunicación";"Ambos Sexos";"Rendimiento"
"2022-2023";"..";"Artes";"Ambos Sexos";"Rendimiento"
"2021-2022";"..";"Artes";"Ambos Sexos";"Rendimiento"
"2020-2021";"..";"Artes";"Ambos Sexos";"Rendimiento"
"2019-2020";"..";"Artes";"Ambos Sexos";"Rendimiento"
"2018-2019";"..";"Artes";"Ambos Sexos";"Rendimiento"
"2017-2018";"..";"Artes";"Ambos Sexos";"Rendimiento"
"2016-2017";"..";"Artes";"Ambos Sexos";"Rendimiento"
"2015-2016";"..";"Artes";"Ambos Sexos";"Rendimiento"
"2022-2023";"80.74";"Lenguas";"Ambos Sexos";"Rendimiento"
"2021-2022";"80.62";"Lenguas";"Ambos Sexos";"Rendimiento"
"2020-2021";"85.34";"Lenguas";"Ambos Sexos";"Rendimiento"
"2019-2020";"88.97";"Lenguas";"Ambos Sexos";"Rendimiento"
"2018-2019";"85.02";"Lenguas";"Ambos Sexos";"Rendimiento"
"2017-2018";"85.67";"Lenguas";"Ambos Sexos";"Rendimiento"
"2016-2017";"86.43";"Lenguas";"Ambos Sexos";"Rendimiento"
"2015-2016";"86.94";"Lenguas";"Ambos Sexos";"Rendimiento"
"2022-2023";"76.17";"Humanidades";"Ambos Sexos";"Rendimiento"
"2021-2022";"77.28";"Humanidades";"Ambos Sexos";"Rendimiento"
"2020-2021";"83.0";"Humanidades";"Ambos Sexos";"Rendimiento"
"2019-2020";"88.1";"Humanidades";"Ambos Sexos";"Rendimiento"
"2018-2019";"78.88";"Humanidades";"Ambos Sexos";"Rendimiento"
"2017-2018";"78.38";"Humanidades";"Ambos Sexos";"Rendimiento"
"2016-2017";"81.35";"Humanidades";"Ambos Sexos";"Rendimiento"
"2015-2016";"84.43";"Humanidades";"Ambos Sexos";"Rendimiento"
"2022-2023";"80.12";"Total Ciencias sociales, periodismo y documentación";"Ambos Sexos";"Rendimiento"
"2021-2022";"80.52";"Total Ciencias sociales, periodismo y documentación";"Ambos Sexos";"Rendimiento"
"2020-2021";"85.38";"Total Ciencias sociales, periodismo y documentación";"Ambos Sexos";"Rendimiento"
"2019-2020";"88.35";"Total Ciencias sociales, periodismo y documentación";"Ambos Sexos";"Rendimiento"
"2018-2019";"80.82";"Total Ciencias sociales, periodismo y documentación";"Ambos Sexos";"Rendimiento"
"2017-2018";"81.98";"Total Ciencias sociales, periodismo y documentación";"Ambos Sexos";"Rendimiento"
"2016-2017";"82.08";"Total Ciencias sociales, periodismo y documentación";"Ambos Sexos";"Rendimiento"
"2015-2016";"82.79";"Total Ciencias sociales, periodismo y documentación";"Ambos Sexos";"Rendimiento"
"2022-2023";"..";"Psicología";"Ambos Sexos";"Rendimiento"
"2021-2022";"..";"Psicología";"Ambos Sexos";"Rendimiento"
"2020-2021";"..";"Psicología";"Ambos Sexos";"Rendimiento"
"2019-2020";"..";"Psicología";"Ambos Sexos";"Rendimiento"
"2018-2019";"..";"Psicología";"Ambos Sexos";"Rendimiento"
"2017-2018";"..";"Psicología";"Ambos Sexos";"Rendimiento"
"2016-2017";"..";"Psicología";"Ambos Sexos";"Rendimiento"
"2015-2016";"..";"Psicología";"Ambos Sexos";"Rendimiento"
"2022-2023";"69.94";"Economía";"Ambos Sexos";"Rendimiento"
"2021-2022";"71.82";"Economía";"Ambos Sexos";"Rendimiento"
"2020-2021";"77.93";"Economía";"Ambos Sexos";"Rendimiento"
"2019-2020";"80.38";"Economía";"Ambos Sexos";"Rendimiento"
"2018-2019";"74.3";"Economía";"Ambos Sexos";"Rendimiento"
"2017-2018";"76.36";"Economía";"Ambos Sexos";"Rendimiento"
"2016-2017";"77.42";"Economía";"Ambos Sexos";"Rendimiento"
"2015-2016";"76.73";"Economía";"Ambos Sexos";"Rendimiento"
"2022-2023";"83.56";"Otras Ciencias sociales y del comportamiento";"Ambos Sexos";"Rendimiento"
"2021-2022";"83.55";"Otras Ciencias sociales y del comportamiento";"Ambos Sexos";"Rendimiento"
"2020-2021";"88.17";"Otras Ciencias sociales y del comportamiento";"Ambos Sexos";"Rendimiento"
"2019-2020";"91.51";"Otras Ciencias sociales y del comportamiento";"Ambos Sexos";"Rendimiento"
"2018-2019";"83.77";"Otras Ciencias sociales y del comportamiento";"Ambos Sexos";"Rendimiento"
"2017-2018";"84.62";"Otras Ciencias sociales y del comportamiento";"Ambos Sexos";"Rendimiento"
"2016-2017";"84.22";"Otras Ciencias sociales y del comportamiento";"Ambos Sexos";"Rendimiento"
"2015-2016";"85.45";"Otras Ciencias sociales y del comportamiento";"Ambos Sexos";"Rendimiento"
"2022-2023";"..";"Periodismo e información";"Ambos Sexos";"Rendimiento"
"2021-2022";"..";"Periodismo e información";"Ambos Sexos";"Rendimiento"
"2020-2021";"..";"Periodismo e información";"Ambos Sexos";"Rendimiento"
"2019-2020";"..";"Periodismo e información";"Ambos Sexos";"Rendimiento"
"2018-2019";"..";"Periodismo e información";"Ambos Sexos";"Rendimiento"
"2017-2018";"..";"Periodismo e información";"Ambos Sexos";"Rendimiento"
"2016-2017";"..";"Periodismo e información";"Ambos Sexos";"Rendimiento"
"2015-2016";"..";"Periodismo e información";"Ambos Sexos";"Rendimiento"
"2022-2023";"71.09";"Total Negocios, administración y derecho";"Ambos Sexos";"Rendimiento"
"2021-2022";"69.2";"Total Negocios, administración y derecho";"Ambos Sexos";"Rendimiento"
"2020-2021";"78.03";"Total Negocios, administración y derecho";"Ambos Sexos";"Rendimiento"
"2019-2020";"84.88";"Total Negocios, administración y derecho";"Ambos Sexos";"Rendimiento"
"2018-2019";"74.44";"Total Negocios, administración y derecho";"Ambos Sexos";"Rendimiento"
"2017-2018";"73.3";"Total Negocios, administración y derecho";"Ambos Sexos";"Rendimiento"
"2016-2017";"74.67";"Total Negocios, administración y derecho";"Ambos Sexos";"Rendimiento"
"2015-2016";"73.83";"Total Negocios, administración y derecho";"Ambos Sexos";"Rendimiento"
"2022-2023";"57.11";"Administración y gestión de empresas";"Ambos Sexos";"Rendimiento"
"2021-2022";"55.39";"Administración y gestión de empresas";"Ambos Sexos";"Rendimiento"
"2020-2021";"64.56";"Administración y gestión de empresas";"Ambos Sexos";"Rendimiento"
"2019-2020";"73.79";"Administración y gestión de empresas";"Ambos Sexos";"Rendimiento"
"2018-2019";"65.29";"Administración y gestión de empresas";"Ambos Sexos";"Rendimiento"
"2017-2018";"63.39";"Administración y gestión de empresas";"Ambos Sexos";"Rendimiento"
"2016-2017";"67.97";"Administración y gestión de empresas";"Ambos Sexos";"Rendimiento"
"2015-2016";"67.63";"Administración y gestión de empresas";"Ambos Sexos";"Rendimiento"
"2022-2023";"85.98";"Otra Educación comercial y empresarial";"Ambos Sexos";"Rendimiento"
"2021-2022";"85.85";"Otra Educación comercial y empresarial";"Ambos Sexos";"Rendimiento"
"2020-2021";"91.06";"Otra Educación comercial y empresarial";"Ambos Sexos";"Rendimiento"
"2019-2020";"93.19";"Otra Educación comercial y empresarial";"Ambos Sexos";"Rendimiento"
"2018-2019";"89.36";"Otra Educación comercial y empresarial";"Ambos Sexos";"Rendimiento"
"2017-2018";"89.34";"Otra Educación comercial y empresarial";"Ambos Sexos";"Rendimiento"
"2016-2017";"90.76";"Otra Educación comercial y empresarial";"Ambos Sexos";"Rendimiento"
"2015-2016";"89.71";"Otra Educación comercial y empresarial";"Ambos Sexos";"Rendimiento"
"2022-2023";"74.73";"Derecho";"Ambos Sexos";"Rendimiento"
"2021-2022";"72.98";"Derecho";"Ambos Sexos";"Rendimiento"
"2020-2021";"83.49";"Derecho";"Ambos Sexos";"Rendimiento"
"2019-2020";"90.75";"Derecho";"Ambos Sexos";"Rendimiento"
"2018-2019";"76.13";"Derecho";"Ambos Sexos";"Rendimiento"
"2017-2018";"76.43";"Derecho";"Ambos Sexos";"Rendimiento"
"2016-2017";"75.13";"Derecho";"Ambos Sexos";"Rendimiento"
"2015-2016";"74.24";"Derecho";"Ambos Sexos";"Rendimiento"
"2022-2023";"78.58";"Total Ciencias";"Ambos Sexos";"Rendimiento"
"2021-2022";"76.25";"Total Ciencias";"Ambos Sexos";"Rendimiento"
"2020-2021";"77.25";"Total Ciencias";"Ambos Sexos";"Rendimiento"
"2019-2020";"86.68";"Total Ciencias";"Ambos Sexos";"Rendimiento"
"2018-2019";"77.16";"Total Ciencias";"Ambos Sexos";"Rendimiento"
"2017-2018";"75.79";"Total Ciencias";"Ambos Sexos";"Rendimiento"
"2016-2017";"75.56";"Total Ciencias";"Ambos Sexos";"Rendimiento"
"2015-2016";"77.56";"Total Ciencias";"Ambos Sexos";"Rendimiento"
"2022-2023";"79.48";"Ciencias de la vida";"Ambos Sexos";"Rendimiento"
"2021-2022";"78.94";"Ciencias de la vida";"Ambos Sexos";"Rendimiento"
"2020-2021";"83.57";"Ciencias de la vida";"Ambos Sexos";"Rendimiento"
"2019-2020";"92.27";"Ciencias de la vida";"Ambos Sexos";"Rendimiento"
"2018-2019";"82.96";"Ciencias de la vida";"Ambos Sexos";"Rendimiento"
"2017-2018";"80.82";"Ciencias de la vida";"Ambos Sexos";"Rendimiento"
"2016-2017";"82.86";"Ciencias de la vida";"Ambos Sexos";"Rendimiento"
"2015-2016";"81.78";"Ciencias de la vida";"Ambos Sexos";"Rendimiento"
"2022-2023";"78.58";"Ciencias Físicas, químicas, geológicas";"Ambos Sexos";"Rendimiento"
"2021-2022";"75.14";"Ciencias Físicas, químicas, geológicas";"Ambos Sexos";"Rendimiento"
"2020-2021";"74.35";"Ciencias Físicas, químicas, geológicas";"Ambos Sexos";"Rendimiento"
"2019-2020";"84.39";"Ciencias Físicas, químicas, geológicas";"Ambos Sexos";"Rendimiento"
"2018-2019";"75.03";"Ciencias Físicas, químicas, geológicas";"Ambos Sexos";"Rendimiento"
"2017-2018";"74.57";"Ciencias Físicas, químicas, geológicas";"Ambos Sexos";"Rendimiento"
"2016-2017";"72.67";"Ciencias Físicas, químicas, geológicas";"Ambos Sexos";"Rendimiento"
"2015-2016";"76.25";"Ciencias Físicas, químicas, geológicas";"Ambos Sexos";"Rendimiento"
"2022-2023";"76.46";"Matemáticas y Estadística";"Ambos Sexos";"Rendimiento"
"2021-2022";"72.74";"Matemáticas y Estadística";"Ambos Sexos";"Rendimiento"
"2020-2021";"69.21";"Matemáticas y Estadística";"Ambos Sexos";"Rendimiento"
"2019-2020";"78.0";"Matemáticas y Estadística";"Ambos Sexos";"Rendimiento"
"2018-2019";"67.51";"Matemáticas y Estadística";"Ambos Sexos";"Rendimiento"
"2017-2018";"63.28";"Matemáticas y Estadística";"Ambos Sexos";"Rendimiento"
"2016-2017";"61.74";"Matemáticas y Estadística";"Ambos Sexos";"Rendimiento"
"2015-2016";"68.29";"Matemáticas y Estadística";"Ambos Sexos";"Rendimiento"
"2022-2023";"72.66";"Total Informática";"Ambos Sexos";"Rendimiento"
"2021-2022";"69.08";"Total Informática";"Ambos Sexos";"Rendimiento"
"2020-2021";"69.51";"Total Informática";"Ambos Sexos";"Rendimiento"
"2019-2020";"76.28";"Total Informática";"Ambos Sexos";"Rendimiento"
"2018-2019";"72.33";"Total Informática";"Ambos Sexos";"Rendimiento"
"2017-2018";"69.09";"Total Informática";"Ambos Sexos";"Rendimiento"
"2016-2017";"69.97";"Total Informática";"Ambos Sexos";"Rendimiento"
"2015-2016";"69.14";"Total Informática";"Ambos Sexos";"Rendimiento"
"2022-2023";"72.66";"Informática";"Ambos Sexos";"Rendimiento"
"2021-2022";"69.08";"Informática";"Ambos Sexos";"Rendimiento"
"2020-2021";"69.51";"Informática";"Ambos Sexos";"Rendimiento"
"2019-2020";"76.28";"Informática";"Ambos Sexos";"Rendimiento"
"2018-2019";"72.33";"Informática";"Ambos Sexos";"Rendimiento"
"2017-2018";"69.09";"Informática";"Ambos Sexos";"Rendimiento"
"2016-2017";"69.97";"Informática";"Ambos Sexos";"Rendimiento"
"2015-2016";"69.14";"Informática";"Ambos Sexos";"Rendimiento"
"2022-2023";"68.26";"Total Ingeniería, industria y construcción";"Ambos Sexos";"Rendimiento"
"2021-2022";"66.12";"Total Ingeniería, industria y construcción";"Ambos Sexos";"Rendimiento"
"2020-2021";"66.45";"Total Ingeniería, industria y construcción";"Ambos Sexos";"Rendimiento"
"2019-2020";"73.63";"Total Ingeniería, industria y construcción";"Ambos Sexos";"Rendimiento"
"2018-2019";"67.77";"Total Ingeniería, industria y construcción";"Ambos Sexos";"Rendimiento"
"2017-2018";"66.7";"Total Ingeniería, industria y construcción";"Ambos Sexos";"Rendimiento"
"2016-2017";"67.38";"Total Ingeniería, industria y construcción";"Ambos Sexos";"Rendimiento"
"2015-2016";"68.77";"Total Ingeniería, industria y construcción";"Ambos Sexos";"Rendimiento"
"2022-2023";"73.16";"Ingenierías";"Ambos Sexos";"Rendimiento"
"2021-2022";"71.92";"Ingenierías";"Ambos Sexos";"Rendimiento"
"2020-2021";"74.46";"Ingenierías";"Ambos Sexos";"Rendimiento"
"2019-2020";"78.61";"Ingenierías";"Ambos Sexos";"Rendimiento"
"2018-2019";"71.7";"Ingenierías";"Ambos Sexos";"Rendimiento"
"2017-2018";"70.87";"Ingenierías";"Ambos Sexos";"Rendimiento"
"2016-2017";"69.93";"Ingenierías";"Ambos Sexos";"Rendimiento"
"2015-2016";"71.64";"Ingenierías";"Ambos Sexos";"Rendimiento"
"2022-2023";"63.84";"Arquitectura y construcción";"Ambos Sexos";"Rendimiento"
"2021-2022";"60.76";"Arquitectura y construcción";"Ambos Sexos";"Rendimiento"
"2020-2021";"58.89";"Arquitectura y construcción";"Ambos Sexos";"Rendimiento"
"2019-2020";"68.91";"Arquitectura y construcción";"Ambos Sexos";"Rendimiento"
"2018-2019";"64.4";"Arquitectura y construcción";"Ambos Sexos";"Rendimiento"
"2017-2018";"63.73";"Arquitectura y construcción";"Ambos Sexos";"Rendimiento"
"2016-2017";"65.93";"Arquitectura y construcción";"Ambos Sexos";"Rendimiento"
"2015-2016";"67.52";"Arquitectura y construcción";"Ambos Sexos";"Rendimiento"
"2022-2023";"..";"Total Agricultura, ganadería,  silvicultura, pesca, y veterinaria";"Ambos Sexos";"Rendimiento"
"2021-2022";"..";"Total Agricultura, ganadería,  silvicultura, pesca, y veterinaria";"Ambos Sexos";"Rendimiento"
"2020-2021";"..";"Total Agricultura, ganadería,  silvicultura, pesca, y veterinaria";"Ambos Sexos";"Rendimiento"
"2019-2020";"..";"Total Agricultura, ganadería,  silvicultura, pesca, y veterinaria";"Ambos Sexos";"Rendimiento"
"2018-2019";"..";"Total Agricultura, ganadería,  silvicultura, pesca, y veterinaria";"Ambos Sexos";"Rendimiento"
"2017-2018";"..";"Total Agricultura, ganadería,  silvicultura, pesca, y veterinaria";"Ambos Sexos";"Rendimiento"
"2016-2017";"..";"Total Agricultura, ganadería,  silvicultura, pesca, y veterinaria";"Ambos Sexos";"Rendimiento"
"2015-2016";"..";"Total Agricultura, ganadería,  silvicultura, pesca, y veterinaria";"Ambos Sexos";"Rendimiento"
"2022-2023";"..";"Agricultura, ganadería y pesca";"Ambos Sexos";"Rendimiento"
"2021-2022";"..";"Agricultura, ganadería y pesca";"Ambos Sexos";"Rendimiento"
"2020-2021";"..";"Agricultura, ganadería y pesca";"Ambos Sexos";"Rendimiento"
"2019-2020";"..";"Agricultura, ganadería y pesca";"Ambos Sexos";"Rendimiento"
"2018-2019";"..";"Agricultura, ganadería y pesca";"Ambos Sexos";"Rendimiento"
"2017-2018";"..";"Agricultura, ganadería y pesca";"Ambos Sexos";"Rendimiento"
"2016-2017";"..";"Agricultura, ganadería y pesca";"Ambos Sexos";"Rendimiento"
"2015-2016";"..";"Agricultura, ganadería y pesca";"Ambos Sexos";"Rendimiento"
"2022-2023";"..";"Veterinaria";"Ambos Sexos";"Rendimiento"
"2021-2022";"..";"Veterinaria";"Ambos Sexos";"Rendimiento"
"2020-2021";"..";"Veterinaria";"Ambos Sexos";"Rendimiento"
"2019-2020";"..";"Veterinaria";"Ambos Sexos";"Rendimiento"
"2018-2019";"..";"Veterinaria";"Ambos Sexos";"Rendimiento"
"2017-2018";"..";"Veterinaria";"Ambos Sexos";"Rendimiento"
"2016-2017";"..";"Veterinaria";"Ambos Sexos";"Rendimiento"
"2015-2016";"..";"Veterinaria";"Ambos Sexos";"Rendimiento"
"2022-2023";"88.33";"Total Salud y servicios sociales";"Ambos Sexos";"Rendimiento"
"2021-2022";"87.71";"Total Salud y servicios sociales";"Ambos Sexos";"Rendimiento"
"2020-2021";"90.14";"Total Salud y servicios sociales";"Ambos Sexos";"Rendimiento"
"2019-2020";"94.51";"Total Salud y servicios sociales";"Ambos Sexos";"Rendimiento"
"2018-2019";"88.37";"Total Salud y servicios sociales";"Ambos Sexos";"Rendimiento"
"2017-2018";"88.0";"Total Salud y servicios sociales";"Ambos Sexos";"Rendimiento"
"2016-2017";"89.46";"Total Salud y servicios sociales";"Ambos Sexos";"Rendimiento"
"2015-2016";"89.66";"Total Salud y servicios sociales";"Ambos Sexos";"Rendimiento"
"2022-2023";"..";"Medicina";"Ambos Sexos";"Rendimiento"
"2021-2022";"..";"Medicina";"Ambos Sexos";"Rendimiento"
"2020-2021";"..";"Medicina";"Ambos Sexos";"Rendimiento"
"2019-2020";"..";"Medicina";"Ambos Sexos";"Rendimiento"
"2018-2019";"..";"Medicina";"Ambos Sexos";"Rendimiento"
"2017-2018";"..";"Medicina";"Ambos Sexos";"Rendimiento"
"2016-2017";"..";"Medicina";"Ambos Sexos";"Rendimiento"
"2015-2016";"..";"Medicina";"Ambos Sexos";"Rendimiento"
"2022-2023";"94.67";"Enfermería y atención a enfermos";"Ambos Sexos";"Rendimiento"
"2021-2022";"96.31";"Enfermería y atención a enfermos";"Ambos Sexos";"Rendimiento"
"2020-2021";"96.85";"Enfermería y atención a enfermos";"Ambos Sexos";"Rendimiento"
"2019-2020";"98.61";"Enfermería y atención a enfermos";"Ambos Sexos";"Rendimiento"
"2018-2019";"97.35";"Enfermería y atención a enfermos";"Ambos Sexos";"Rendimiento"
"2017-2018";"97.51";"Enfermería y atención a enfermos";"Ambos Sexos";"Rendimiento"
"2016-2017";"97.63";"Enfermería y atención a enfermos";"Ambos Sexos";"Rendimiento"
"2015-2016";"97.78";"Enfermería y atención a enfermos";"Ambos Sexos";"Rendimiento"
"2022-2023";"82.13";"Otras ciencias de la Salud";"Ambos Sexos";"Rendimiento"
"2021-2022";"79.66";"Otras ciencias de la Salud";"Ambos Sexos";"Rendimiento"
"2020-2021";"81.61";"Otras ciencias de la Salud";"Ambos Sexos";"Rendimiento"
"2019-2020";"89.89";"Otras ciencias de la Salud";"Ambos Sexos";"Rendimiento"
"2018-2019";"79.39";"Otras ciencias de la Salud";"Ambos Sexos";"Rendimiento"
"2017-2018";"79.33";"Otras ciencias de la Salud";"Ambos Sexos";"Rendimiento"
"2016-2017";"81.02";"Otras ciencias de la Salud";"Ambos Sexos";"Rendimiento"
"2015-2016";"82.59";"Otras ciencias de la Salud";"Ambos Sexos";"Rendimiento"
"2022-2023";"88.61";"Trabajo social y orientación";"Ambos Sexos";"Rendimiento"
"2021-2022";"87.89";"Trabajo social y orientación";"Ambos Sexos";"Rendimiento"
"2020-2021";"92.87";"Trabajo social y orientación";"Ambos Sexos";"Rendimiento"
"2019-2020";"95.1";"Trabajo social y orientación";"Ambos Sexos";"Rendimiento"
"2018-2019";"87.9";"Trabajo social y orientación";"Ambos Sexos";"Rendimiento"
"2017-2018";"86.17";"Trabajo social y orientación";"Ambos Sexos";"Rendimiento"
"2016-2017";"88.4";"Trabajo social y orientación";"Ambos Sexos";"Rendimiento"
"2015-2016";"86.63";"Trabajo social y orientación";"Ambos Sexos";"Rendimiento"
"2022-2023";"81.8";"Total Servicios";"Ambos Sexos";"Rendimiento"
"2021-2022";"81.38";"Total Servicios";"Ambos Sexos";"Rendimiento"
"2020-2021";"85.31";"Total Servicios";"Ambos Sexos";"Rendimiento"
"2019-2020";"87.97";"Total Servicios";"Ambos Sexos";"Rendimiento"
"2018-2019";"80.84";"Total Servicios";"Ambos Sexos";"Rendimiento"
"2017-2018";"81.56";"Total Servicios";"Ambos Sexos";"Rendimiento"
"2016-2017";"82.1";"Total Servicios";"Ambos Sexos";"Rendimiento"
"2015-2016";"82.68";"Total Servicios";"Ambos Sexos";"Rendimiento"
"2022-2023";"90.63";"Deportes";"Ambos Sexos";"Rendimiento"
"2021-2022";"90.18";"Deportes";"Ambos Sexos";"Rendimiento"
"2020-2021";"91.25";"Deportes";"Ambos Sexos";"Rendimiento"
"2019-2020";"94.32";"Deportes";"Ambos Sexos";"Rendimiento"
"2018-2019";"90.4";"Deportes";"Ambos Sexos";"Rendimiento"
"2017-2018";"90.6";"Deportes";"Ambos Sexos";"Rendimiento"
"2016-2017";"91.36";"Deportes";"Ambos Sexos";"Rendimiento"
"2015-2016";"92.27";"Deportes";"Ambos Sexos";"Rendimiento"
"2022-2023";"77.41";"Turismo y Hostelería";"Ambos Sexos";"Rendimiento"
"2021-2022";"77.3";"Turismo y Hostelería";"Ambos Sexos";"Rendimiento"
"2020-2021";"82.65";"Turismo y Hostelería";"Ambos Sexos";"Rendimiento"
"2019-2020";"84.97";"Turismo y Hostelería";"Ambos Sexos";"Rendimiento"
"2018-2019";"76.12";"Turismo y Hostelería";"Ambos Sexos";"Rendimiento"
"2017-2018";"76.66";"Turismo y Hostelería";"Ambos Sexos";"Rendimiento"
"2016-2017";"77.31";"Turismo y Hostelería";"Ambos Sexos";"Rendimiento"
"2015-2016";"78.23";"Turismo y Hostelería";"Ambos Sexos";"Rendimiento"
"2022-2023";"..";"Otros Servicios";"Ambos Sexos";"Rendimiento"
"2021-2022";"..";"Otros Servicios";"Ambos Sexos";"Rendimiento"
"2020-2021";"..";"Otros Servicios";"Ambos Sexos";"Rendimiento"
"2019-2020";"..";"Otros Servicios";"Ambos Sexos";"Rendimiento"
"2018-2019";"..";"Otros Servicios";"Ambos Sexos";"Rendimiento"
"2017-2018";"..";"Otros Servicios";"Ambos Sexos";"Rendimiento"
"2016-2017";"..";"Otros Servicios";"Ambos Sexos";"Rendimiento"
"2015-2016";"..";"Otros Servicios";"Ambos Sexos";"Rendimiento"
"2022-2023";"???";"Alicante";"Ambos Sexos";"Exito"
"2021-2022";"???";"Alicante";"Ambos Sexos";"Exito"
"2020-2021";"???";"Alicante";"Ambos Sexos";"Exito"
"2019-2020";"???";"Alicante";"Ambos Sexos";"Exito"
"2018-2019";"???";"Alicante";"Ambos Sexos";"Exito"
"2017-2018";"???";"Alicante";"Ambos Sexos";"Exito"
"2016-2017";"???";"Alicante";"Ambos Sexos";"Exito"
"2015-2016";"???";"Alicante";"Ambos Sexos";"Exito"
"2022-2023";"84.7";"Todos los ámbitos";"Ambos Sexos";"Exito"
"2021-2022";"83.99";"Todos los ámbitos";"Ambos Sexos";"Exito"
"2020-2021";"87.01";"Todos los ámbitos";"Ambos Sexos";"Exito"
"2019-2020";"91.16";"Todos los ámbitos";"Ambos Sexos";"Exito"
"2018-2019";"85.96";"Todos los ámbitos";"Ambos Sexos";"Exito"
"2017-2018";"85.3";"Todos los ámbitos";"Ambos Sexos";"Exito"
"2016-2017";"85.89";"Todos los ámbitos";"Ambos Sexos";"Exito"
"2015-2016";"85.64";"Todos los ámbitos";"Ambos Sexos";"Exito"
"2022-2023";"94.89";"Total Educación";"Ambos Sexos";"Exito"
"2021-2022";"94.71";"Total Educación";"Ambos Sexos";"Exito"
"2020-2021";"96.52";"Total Educación";"Ambos Sexos";"Exito"
"2019-2020";"97.86";"Total Educación";"Ambos Sexos";"Exito"
"2018-2019";"94.88";"Total Educación";"Ambos Sexos";"Exito"
"2017-2018";"94.45";"Total Educación";"Ambos Sexos";"Exito"
"2016-2017";"94.81";"Total Educación";"Ambos Sexos";"Exito"
"2015-2016";"94.49";"Total Educación";"Ambos Sexos";"Exito"
"2022-2023";"94.76";"Formación de docentes de enseñanza infantil";"Ambos Sexos";"Exito"
"2021-2022";"94.9";"Formación de docentes de enseñanza infantil";"Ambos Sexos";"Exito"
"2020-2021";"96.51";"Formación de docentes de enseñanza infantil";"Ambos Sexos";"Exito"
"2019-2020";"97.99";"Formación de docentes de enseñanza infantil";"Ambos Sexos";"Exito"
"2018-2019";"94.81";"Formación de docentes de enseñanza infantil";"Ambos Sexos";"Exito"
"2017-2018";"94.58";"Formación de docentes de enseñanza infantil";"Ambos Sexos";"Exito"
"2016-2017";"94.77";"Formación de docentes de enseñanza infantil";"Ambos Sexos";"Exito"
"2015-2016";"94.88";"Formación de docentes de enseñanza infantil";"Ambos Sexos";"Exito"
"2022-2023";"94.99";"Formación de docentes de enseñanza primaria";"Ambos Sexos";"Exito"
"2021-2022";"94.57";"Formación de docentes de enseñanza primaria";"Ambos Sexos";"Exito"
"2020-2021";"96.52";"Formación de docentes de enseñanza primaria";"Ambos Sexos";"Exito"
"2019-2020";"97.76";"Formación de docentes de enseñanza primaria";"Ambos Sexos";"Exito"
"2018-2019";"94.94";"Formación de docentes de enseñanza primaria";"Ambos Sexos";"Exito"
"2017-2018";"94.36";"Formación de docentes de enseñanza primaria";"Ambos Sexos";"Exito"
"2016-2017";"94.84";"Formación de docentes de enseñanza primaria";"Ambos Sexos";"Exito"
"2015-2016";"94.17";"Formación de docentes de enseñanza primaria";"Ambos Sexos";"Exito"
"2022-2023";"..";"Otra Formación de personal docente y ciencias de la educación";"Ambos Sexos";"Exito"
"2021-2022";"..";"Otra Formación de personal docente y ciencias de la educación";"Ambos Sexos";"Exito"
"2020-2021";"..";"Otra Formación de personal docente y ciencias de la educación";"Ambos Sexos";"Exito"
"2019-2020";"..";"Otra Formación de personal docente y ciencias de la educación";"Ambos Sexos";"Exito"
"2018-2019";"..";"Otra Formación de personal docente y ciencias de la educación";"Ambos Sexos";"Exito"
"2017-2018";"..";"Otra Formación de personal docente y ciencias de la educación";"Ambos Sexos";"Exito"
"2016-2017";"..";"Otra Formación de personal docente y ciencias de la educación";"Ambos Sexos";"Exito"
"2015-2016";"..";"Otra Formación de personal docente y ciencias de la educación";"Ambos Sexos";"Exito"
"2022-2023";"87.01";"Total Artes y humanidades";"Ambos Sexos";"Exito"
"2021-2022";"86.96";"Total Artes y humanidades";"Ambos Sexos";"Exito"
"2020-2021";"89.67";"Total Artes y humanidades";"Ambos Sexos";"Exito"
"2019-2020";"93.87";"Total Artes y humanidades";"Ambos Sexos";"Exito"
"2018-2019";"89.67";"Total Artes y humanidades";"Ambos Sexos";"Exito"
"2017-2018";"90.27";"Total Artes y humanidades";"Ambos Sexos";"Exito"
"2016-2017";"90.93";"Total Artes y humanidades";"Ambos Sexos";"Exito"
"2015-2016";"91.24";"Total Artes y humanidades";"Ambos Sexos";"Exito"
"2022-2023";"..";"Técnicas audiovisuales y medios de comunicación";"Ambos Sexos";"Exito"
"2021-2022";"..";"Técnicas audiovisuales y medios de comunicación";"Ambos Sexos";"Exito"
"2020-2021";"..";"Técnicas audiovisuales y medios de comunicación";"Ambos Sexos";"Exito"
"2019-2020";"..";"Técnicas audiovisuales y medios de comunicación";"Ambos Sexos";"Exito"
"2018-2019";"..";"Técnicas audiovisuales y medios de comunicación";"Ambos Sexos";"Exito"
"2017-2018";"..";"Técnicas audiovisuales y medios de comunicación";"Ambos Sexos";"Exito"
"2016-2017";"..";"Técnicas audiovisuales y medios de comunicación";"Ambos Sexos";"Exito"
"2015-2016";"..";"Técnicas audiovisuales y medios de comunicación";"Ambos Sexos";"Exito"
"2022-2023";"..";"Artes";"Ambos Sexos";"Exito"
"2021-2022";"..";"Artes";"Ambos Sexos";"Exito"
"2020-2021";"..";"Artes";"Ambos Sexos";"Exito"
"2019-2020";"..";"Artes";"Ambos Sexos";"Exito"
"2018-2019";"..";"Artes";"Ambos Sexos";"Exito"
"2017-2018";"..";"Artes";"Ambos Sexos";"Exito"
"2016-2017";"..";"Artes";"Ambos Sexos";"Exito"
"2015-2016";"..";"Artes";"Ambos Sexos";"Exito"
"2022-2023";"88.16";"Lenguas";"Ambos Sexos";"Exito"
"2021-2022";"88.26";"Lenguas";"Ambos Sexos";"Exito"
"2020-2021";"90.37";"Lenguas";"Ambos Sexos";"Exito"
"2019-2020";"94.24";"Lenguas";"Ambos Sexos";"Exito"
"2018-2019";"91.03";"Lenguas";"Ambos Sexos";"Exito"
"2017-2018";"91.77";"Lenguas";"Ambos Sexos";"Exito"
"2016-2017";"92.3";"Lenguas";"Ambos Sexos";"Exito"
"2015-2016";"92.29";"Lenguas";"Ambos Sexos";"Exito"
"2022-2023";"84.02";"Humanidades";"Ambos Sexos";"Exito"
"2021-2022";"83.62";"Humanidades";"Ambos Sexos";"Exito"
"2020-2021";"87.75";"Humanidades";"Ambos Sexos";"Exito"
"2019-2020";"92.83";"Humanidades";"Ambos Sexos";"Exito"
"2018-2019";"85.62";"Humanidades";"Ambos Sexos";"Exito"
"2017-2018";"85.56";"Humanidades";"Ambos Sexos";"Exito"
"2016-2017";"86.9";"Humanidades";"Ambos Sexos";"Exito"
"2015-2016";"88.29";"Humanidades";"Ambos Sexos";"Exito"
"2022-2023";"85.75";"Total Ciencias sociales, periodismo y documentación";"Ambos Sexos";"Exito"
"2021-2022";"86.3";"Total Ciencias sociales, periodismo y documentación";"Ambos Sexos";"Exito"
"2020-2021";"89.61";"Total Ciencias sociales, periodismo y documentación";"Ambos Sexos";"Exito"
"2019-2020";"92.44";"Total Ciencias sociales, periodismo y documentación";"Ambos Sexos";"Exito"
"2018-2019";"86.8";"Total Ciencias sociales, periodismo y documentación";"Ambos Sexos";"Exito"
"2017-2018";"86.65";"Total Ciencias sociales, periodismo y documentación";"Ambos Sexos";"Exito"
"2016-2017";"87.6";"Total Ciencias sociales, periodismo y documentación";"Ambos Sexos";"Exito"
"2015-2016";"87.89";"Total Ciencias sociales, periodismo y documentación";"Ambos Sexos";"Exito"
"2022-2023";"..";"Psicología";"Ambos Sexos";"Exito"
"2021-2022";"..";"Psicología";"Ambos Sexos";"Exito"
"2020-2021";"..";"Psicología";"Ambos Sexos";"Exito"
"2019-2020";"..";"Psicología";"Ambos Sexos";"Exito"
"2018-2019";"..";"Psicología";"Ambos Sexos";"Exito"
"2017-2018";"..";"Psicología";"Ambos Sexos";"Exito"
"2016-2017";"..";"Psicología";"Ambos Sexos";"Exito"
"2015-2016";"..";"Psicología";"Ambos Sexos";"Exito"
"2022-2023";"76.79";"Economía";"Ambos Sexos";"Exito"
"2021-2022";"78.31";"Economía";"Ambos Sexos";"Exito"
"2020-2021";"83.03";"Economía";"Ambos Sexos";"Exito"
"2019-2020";"84.97";"Economía";"Ambos Sexos";"Exito"
"2018-2019";"80.43";"Economía";"Ambos Sexos";"Exito"
"2017-2018";"80.68";"Economía";"Ambos Sexos";"Exito"
"2016-2017";"80.86";"Economía";"Ambos Sexos";"Exito"
"2015-2016";"80.75";"Economía";"Ambos Sexos";"Exito"
"2022-2023";"88.68";"Otras Ciencias sociales y del comportamiento";"Ambos Sexos";"Exito"
"2021-2022";"89.03";"Otras Ciencias sociales y del comportamiento";"Ambos Sexos";"Exito"
"2020-2021";"92.01";"Otras Ciencias sociales y del comportamiento";"Ambos Sexos";"Exito"
"2019-2020";"95.36";"Otras Ciencias sociales y del comportamiento";"Ambos Sexos";"Exito"
"2018-2019";"89.65";"Otras Ciencias sociales y del comportamiento";"Ambos Sexos";"Exito"
"2017-2018";"89.46";"Otras Ciencias sociales y del comportamiento";"Ambos Sexos";"Exito"
"2016-2017";"90.8";"Otras Ciencias sociales y del comportamiento";"Ambos Sexos";"Exito"
"2015-2016";"91.06";"Otras Ciencias sociales y del comportamiento";"Ambos Sexos";"Exito"
"2022-2023";"..";"Periodismo e información";"Ambos Sexos";"Exito"
"2021-2022";"..";"Periodismo e información";"Ambos Sexos";"Exito"
"2020-2021";"..";"Periodismo e información";"Ambos Sexos";"Exito"
"2019-2020";"..";"Periodismo e información";"Ambos Sexos";"Exito"
"2018-2019";"..";"Periodismo e información";"Ambos Sexos";"Exito"
"2017-2018";"..";"Periodismo e información";"Ambos Sexos";"Exito"
"2016-2017";"..";"Periodismo e información";"Ambos Sexos";"Exito"
"2015-2016";"..";"Periodismo e información";"Ambos Sexos";"Exito"
"2022-2023";"78.49";"Total Negocios, administración y derecho";"Ambos Sexos";"Exito"
"2021-2022";"76.93";"Total Negocios, administración y derecho";"Ambos Sexos";"Exito"
"2020-2021";"83.26";"Total Negocios, administración y derecho";"Ambos Sexos";"Exito"
"2019-2020";"88.34";"Total Negocios, administración y derecho";"Ambos Sexos";"Exito"
"2018-2019";"81.47";"Total Negocios, administración y derecho";"Ambos Sexos";"Exito"
"2017-2018";"80.27";"Total Negocios, administración y derecho";"Ambos Sexos";"Exito"
"2016-2017";"81.1";"Total Negocios, administración y derecho";"Ambos Sexos";"Exito"
"2015-2016";"79.73";"Total Negocios, administración y derecho";"Ambos Sexos";"Exito"
"2022-2023";"65.7";"Administración y gestión de empresas";"Ambos Sexos";"Exito"
"2021-2022";"63.89";"Administración y gestión de empresas";"Ambos Sexos";"Exito"
"2020-2021";"71.0";"Administración y gestión de empresas";"Ambos Sexos";"Exito"
"2019-2020";"78.38";"Administración y gestión de empresas";"Ambos Sexos";"Exito"
"2018-2019";"72.38";"Administración y gestión de empresas";"Ambos Sexos";"Exito"
"2017-2018";"70.56";"Administración y gestión de empresas";"Ambos Sexos";"Exito"
"2016-2017";"74.23";"Administración y gestión de empresas";"Ambos Sexos";"Exito"
"2015-2016";"73.25";"Administración y gestión de empresas";"Ambos Sexos";"Exito"
"2022-2023";"89.34";"Otra Educación comercial y empresarial";"Ambos Sexos";"Exito"
"2021-2022";"89.4";"Otra Educación comercial y empresarial";"Ambos Sexos";"Exito"
"2020-2021";"94.11";"Otra Educación comercial y empresarial";"Ambos Sexos";"Exito"
"2019-2020";"95.83";"Otra Educación comercial y empresarial";"Ambos Sexos";"Exito"
"2018-2019";"93.47";"Otra Educación comercial y empresarial";"Ambos Sexos";"Exito"
"2017-2018";"93.58";"Otra Educación comercial y empresarial";"Ambos Sexos";"Exito"
"2016-2017";"94.22";"Otra Educación comercial y empresarial";"Ambos Sexos";"Exito"
"2015-2016";"93.64";"Otra Educación comercial y empresarial";"Ambos Sexos";"Exito"
"2022-2023";"82.42";"Derecho";"Ambos Sexos";"Exito"
"2021-2022";"81.28";"Derecho";"Ambos Sexos";"Exito"
"2020-2021";"88.18";"Derecho";"Ambos Sexos";"Exito"
"2019-2020";"93.34";"Derecho";"Ambos Sexos";"Exito"
"2018-2019";"84.04";"Derecho";"Ambos Sexos";"Exito"
"2017-2018";"83.97";"Derecho";"Ambos Sexos";"Exito"
"2016-2017";"82.78";"Derecho";"Ambos Sexos";"Exito"
"2015-2016";"81.17";"Derecho";"Ambos Sexos";"Exito"
"2022-2023";"82.28";"Total Ciencias";"Ambos Sexos";"Exito"
"2021-2022";"80.6";"Total Ciencias";"Ambos Sexos";"Exito"
"2020-2021";"81.22";"Total Ciencias";"Ambos Sexos";"Exito"
"2019-2020";"89.48";"Total Ciencias";"Ambos Sexos";"Exito"
"2018-2019";"81.34";"Total Ciencias";"Ambos Sexos";"Exito"
"2017-2018";"80.54";"Total Ciencias";"Ambos Sexos";"Exito"
"2016-2017";"79.62";"Total Ciencias";"Ambos Sexos";"Exito"
"2015-2016";"81.36";"Total Ciencias";"Ambos Sexos";"Exito"
"2022-2023";"82.49";"Ciencias de la vida";"Ambos Sexos";"Exito"
"2021-2022";"82.07";"Ciencias de la vida";"Ambos Sexos";"Exito"
"2020-2021";"86.21";"Ciencias de la vida";"Ambos Sexos";"Exito"
"2019-2020";"94.28";"Ciencias de la vida";"Ambos Sexos";"Exito"
"2018-2019";"85.87";"Ciencias de la vida";"Ambos Sexos";"Exito"
"2017-2018";"84.53";"Ciencias de la vida";"Ambos Sexos";"Exito"
"2016-2017";"85.63";"Ciencias de la vida";"Ambos Sexos";"Exito"
"2015-2016";"85.79";"Ciencias de la vida";"Ambos Sexos";"Exito"
"2022-2023";"82.61";"Ciencias Físicas, químicas, geológicas";"Ambos Sexos";"Exito"
"2021-2022";"79.93";"Ciencias Físicas, químicas, geológicas";"Ambos Sexos";"Exito"
"2020-2021";"78.54";"Ciencias Físicas, químicas, geológicas";"Ambos Sexos";"Exito"
"2019-2020";"87.08";"Ciencias Físicas, químicas, geológicas";"Ambos Sexos";"Exito"
"2018-2019";"79.13";"Ciencias Físicas, químicas, geológicas";"Ambos Sexos";"Exito"
"2017-2018";"79.11";"Ciencias Físicas, químicas, geológicas";"Ambos Sexos";"Exito"
"2016-2017";"76.72";"Ciencias Físicas, químicas, geológicas";"Ambos Sexos";"Exito"
"2015-2016";"79.16";"Ciencias Físicas, químicas, geológicas";"Ambos Sexos";"Exito"
"2022-2023";"80.72";"Matemáticas y Estadística";"Ambos Sexos";"Exito"
"2021-2022";"78.8";"Matemáticas y Estadística";"Ambos Sexos";"Exito"
"2020-2021";"75.72";"Matemáticas y Estadística";"Ambos Sexos";"Exito"
"2019-2020";"83.26";"Matemáticas y Estadística";"Ambos Sexos";"Exito"
"2018-2019";"75.51";"Matemáticas y Estadística";"Ambos Sexos";"Exito"
"2017-2018";"71.77";"Matemáticas y Estadística";"Ambos Sexos";"Exito"
"2016-2017";"69.21";"Matemáticas y Estadística";"Ambos Sexos";"Exito"
"2015-2016";"74.49";"Matemáticas y Estadística";"Ambos Sexos";"Exito"
"2022-2023";"78.78";"Total Informática";"Ambos Sexos";"Exito"
"2021-2022";"76.49";"Total Informática";"Ambos Sexos";"Exito"
"2020-2021";"77.41";"Total Informática";"Ambos Sexos";"Exito"
"2019-2020";"83.34";"Total Informática";"Ambos Sexos";"Exito"
"2018-2019";"79.97";"Total Informática";"Ambos Sexos";"Exito"
"2017-2018";"77.75";"Total Informática";"Ambos Sexos";"Exito"
"2016-2017";"79.14";"Total Informática";"Ambos Sexos";"Exito"
"2015-2016";"77.28";"Total Informática";"Ambos Sexos";"Exito"
"2022-2023";"78.78";"Informática";"Ambos Sexos";"Exito"
"2021-2022";"76.49";"Informática";"Ambos Sexos";"Exito"
"2020-2021";"77.41";"Informática";"Ambos Sexos";"Exito"
"2019-2020";"83.34";"Informática";"Ambos Sexos";"Exito"
"2018-2019";"79.97";"Informática";"Ambos Sexos";"Exito"
"2017-2018";"77.75";"Informática";"Ambos Sexos";"Exito"
"2016-2017";"79.14";"Informática";"Ambos Sexos";"Exito"
"2015-2016";"77.28";"Informática";"Ambos Sexos";"Exito"
"2022-2023";"77.16";"Total Ingeniería, industria y construcción";"Ambos Sexos";"Exito"
"2021-2022";"76.83";"Total Ingeniería, industria y construcción";"Ambos Sexos";"Exito"
"2020-2021";"77.64";"Total Ingeniería, industria y construcción";"Ambos Sexos";"Exito"
"2019-2020";"82.5";"Total Ingeniería, industria y construcción";"Ambos Sexos";"Exito"
"2018-2019";"79.48";"Total Ingeniería, industria y construcción";"Ambos Sexos";"Exito"
"2017-2018";"79.1";"Total Ingeniería, industria y construcción";"Ambos Sexos";"Exito"
"2016-2017";"79.11";"Total Ingeniería, industria y construcción";"Ambos Sexos";"Exito"
"2015-2016";"79.29";"Total Ingeniería, industria y construcción";"Ambos Sexos";"Exito"
"2022-2023";"79.02";"Ingenierías";"Ambos Sexos";"Exito"
"2021-2022";"77.92";"Ingenierías";"Ambos Sexos";"Exito"
"2020-2021";"79.98";"Ingenierías";"Ambos Sexos";"Exito"
"2019-2020";"83.16";"Ingenierías";"Ambos Sexos";"Exito"
"2018-2019";"76.95";"Ingenierías";"Ambos Sexos";"Exito"
"2017-2018";"75.96";"Ingenierías";"Ambos Sexos";"Exito"
"2016-2017";"75.18";"Ingenierías";"Ambos Sexos";"Exito"
"2015-2016";"76.83";"Ingenierías";"Ambos Sexos";"Exito"
"2022-2023";"75.33";"Arquitectura y construcción";"Ambos Sexos";"Exito"
"2021-2022";"75.67";"Arquitectura y construcción";"Ambos Sexos";"Exito"
"2020-2021";"75.02";"Arquitectura y construcción";"Ambos Sexos";"Exito"
"2019-2020";"81.8";"Arquitectura y construcción";"Ambos Sexos";"Exito"
"2018-2019";"82.04";"Arquitectura y construcción";"Ambos Sexos";"Exito"
"2017-2018";"81.78";"Arquitectura y construcción";"Ambos Sexos";"Exito"
"2016-2017";"81.69";"Arquitectura y construcción";"Ambos Sexos";"Exito"
"2015-2016";"80.49";"Arquitectura y construcción";"Ambos Sexos";"Exito"
"2022-2023";"..";"Total Agricultura, ganadería,  silvicultura, pesca, y veterinaria";"Ambos Sexos";"Exito"
"2021-2022";"..";"Total Agricultura, ganadería,  silvicultura, pesca, y veterinaria";"Ambos Sexos";"Exito"
"2020-2021";"..";"Total Agricultura, ganadería,  silvicultura, pesca, y veterinaria";"Ambos Sexos";"Exito"
"2019-2020";"..";"Total Agricultura, ganadería,  silvicultura, pesca, y veterinaria";"Ambos Sexos";"Exito"
"2018-2019";"..";"Total Agricultura, ganadería,  silvicultura, pesca, y veterinaria";"Ambos Sexos";"Exito"
"2017-2018";"..";"Total Agricultura, ganadería,  silvicultura, pesca, y veterinaria";"Ambos Sexos";"Exito"
"2016-2017";"..";"Total Agricultura, ganadería,  silvicultura, pesca, y veterinaria";"Ambos Sexos";"Exito"
"2015-2016";"..";"Total Agricultura, ganadería,  silvicultura, pesca, y veterinaria";"Ambos Sexos";"Exito"
"2022-2023";"..";"Agricultura, ganadería y pesca";"Ambos Sexos";"Exito"
"2021-2022";"..";"Agricultura, ganadería y pesca";"Ambos Sexos";"Exito"
"2020-2021";"..";"Agricultura, ganadería y pesca";"Ambos Sexos";"Exito"
"2019-2020";"..";"Agricultura, ganadería y pesca";"Ambos Sexos";"Exito"
"2018-2019";"..";"Agricultura, ganadería y pesca";"Ambos Sexos";"Exito"
"2017-2018";"..";"Agricultura, ganadería y pesca";"Ambos Sexos";"Exito"
"2016-2017";"..";"Agricultura, ganadería y pesca";"Ambos Sexos";"Exito"
"2015-2016";"..";"Agricultura, ganadería y pesca";"Ambos Sexos";"Exito"
"2022-2023";"..";"Veterinaria";"Ambos Sexos";"Exito"
"2021-2022";"..";"Veterinaria";"Ambos Sexos";"Exito"
"2020-2021";"..";"Veterinaria";"Ambos Sexos";"Exito"
"2019-2020";"..";"Veterinaria";"Ambos Sexos";"Exito"
"2018-2019";"..";"Veterinaria";"Ambos Sexos";"Exito"
"2017-2018";"..";"Veterinaria";"Ambos Sexos";"Exito"
"2016-2017";"..";"Veterinaria";"Ambos Sexos";"Exito"
"2015-2016";"..";"Veterinaria";"Ambos Sexos";"Exito"
"2022-2023";"91.3";"Total Salud y servicios sociales";"Ambos Sexos";"Exito"
"2021-2022";"90.99";"Total Salud y servicios sociales";"Ambos Sexos";"Exito"
"2020-2021";"92.7";"Total Salud y servicios sociales";"Ambos Sexos";"Exito"
"2019-2020";"96.06";"Total Salud y servicios sociales";"Ambos Sexos";"Exito"
"2018-2019";"91.34";"Total Salud y servicios sociales";"Ambos Sexos";"Exito"
"2017-2018";"90.56";"Total Salud y servicios sociales";"Ambos Sexos";"Exito"
"2016-2017";"91.76";"Total Salud y servicios sociales";"Ambos Sexos";"Exito"
"2015-2016";"92.42";"Total Salud y servicios sociales";"Ambos Sexos";"Exito"
"2022-2023";"..";"Medicina";"Ambos Sexos";"Exito"
"2021-2022";"..";"Medicina";"Ambos Sexos";"Exito"
"2020-2021";"..";"Medicina";"Ambos Sexos";"Exito"
"2019-2020";"..";"Medicina";"Ambos Sexos";"Exito"
"2018-2019";"..";"Medicina";"Ambos Sexos";"Exito"
"2017-2018";"..";"Medicina";"Ambos Sexos";"Exito"
"2016-2017";"..";"Medicina";"Ambos Sexos";"Exito"
"2015-2016";"..";"Medicina";"Ambos Sexos";"Exito"
"2022-2023";"95.9";"Enfermería y atención a enfermos";"Ambos Sexos";"Exito"
"2021-2022";"97.31";"Enfermería y atención a enfermos";"Ambos Sexos";"Exito"
"2020-2021";"97.42";"Enfermería y atención a enfermos";"Ambos Sexos";"Exito"
"2019-2020";"98.79";"Enfermería y atención a enfermos";"Ambos Sexos";"Exito"
"2018-2019";"98.02";"Enfermería y atención a enfermos";"Ambos Sexos";"Exito"
"2017-2018";"98.3";"Enfermería y atención a enfermos";"Ambos Sexos";"Exito"
"2016-2017";"98.5";"Enfermería y atención a enfermos";"Ambos Sexos";"Exito"
"2015-2016";"98.92";"Enfermería y atención a enfermos";"Ambos Sexos";"Exito"
"2022-2023";"85.34";"Otras ciencias de la Salud";"Ambos Sexos";"Exito"
"2021-2022";"83.96";"Otras ciencias de la Salud";"Ambos Sexos";"Exito"
"2020-2021";"85.18";"Otras ciencias de la Salud";"Ambos Sexos";"Exito"
"2019-2020";"92.32";"Otras ciencias de la Salud";"Ambos Sexos";"Exito"
"2018-2019";"83.13";"Otras ciencias de la Salud";"Ambos Sexos";"Exito"
"2017-2018";"82.29";"Otras ciencias de la Salud";"Ambos Sexos";"Exito"
"2016-2017";"83.63";"Otras ciencias de la Salud";"Ambos Sexos";"Exito"
"2015-2016";"85.32";"Otras ciencias de la Salud";"Ambos Sexos";"Exito"
"2022-2023";"93.4";"Trabajo social y orientación";"Ambos Sexos";"Exito"
"2021-2022";"92.29";"Trabajo social y orientación";"Ambos Sexos";"Exito"
"2020-2021";"96.35";"Trabajo social y orientación";"Ambos Sexos";"Exito"
"2019-2020";"97.23";"Trabajo social y orientación";"Ambos Sexos";"Exito"
"2018-2019";"92.63";"Trabajo social y orientación";"Ambos Sexos";"Exito"
"2017-2018";"90.3";"Trabajo social y orientación";"Ambos Sexos";"Exito"
"2016-2017";"92.09";"Trabajo social y orientación";"Ambos Sexos";"Exito"
"2015-2016";"91.33";"Trabajo social y orientación";"Ambos Sexos";"Exito"
"2022-2023";"88.05";"Total Servicios";"Ambos Sexos";"Exito"
"2021-2022";"87.9";"Total Servicios";"Ambos Sexos";"Exito"
"2020-2021";"90.2";"Total Servicios";"Ambos Sexos";"Exito"
"2019-2020";"92.4";"Total Servicios";"Ambos Sexos";"Exito"
"2018-2019";"86.25";"Total Servicios";"Ambos Sexos";"Exito"
"2017-2018";"86.75";"Total Servicios";"Ambos Sexos";"Exito"
"2016-2017";"87.11";"Total Servicios";"Ambos Sexos";"Exito"
"2015-2016";"87.69";"Total Servicios";"Ambos Sexos";"Exito"
"2022-2023";"93.57";"Deportes";"Ambos Sexos";"Exito"
"2021-2022";"94.21";"Deportes";"Ambos Sexos";"Exito"
"2020-2021";"94.35";"Deportes";"Ambos Sexos";"Exito"
"2019-2020";"96.65";"Deportes";"Ambos Sexos";"Exito"
"2018-2019";"94.5";"Deportes";"Ambos Sexos";"Exito"
"2017-2018";"94.99";"Deportes";"Ambos Sexos";"Exito"
"2016-2017";"95.52";"Deportes";"Ambos Sexos";"Exito"
"2015-2016";"95.85";"Deportes";"Ambos Sexos";"Exito"
"2022-2023";"85.12";"Turismo y Hostelería";"Ambos Sexos";"Exito"
"2021-2022";"84.82";"Turismo y Hostelería";"Ambos Sexos";"Exito"
"2020-2021";"88.28";"Turismo y Hostelería";"Ambos Sexos";"Exito"
"2019-2020";"90.33";"Turismo y Hostelería";"Ambos Sexos";"Exito"
"2018-2019";"82.05";"Turismo y Hostelería";"Ambos Sexos";"Exito"
"2017-2018";"82.18";"Turismo y Hostelería";"Ambos Sexos";"Exito"
"2016-2017";"82.65";"Turismo y Hostelería";"Ambos Sexos";"Exito"
"2015-2016";"83.78";"Turismo y Hostelería";"Ambos Sexos";"Exito"
"2022-2023";"..";"Otros Servicios";"Ambos Sexos";"Exito"
"2021-2022";"..";"Otros Servicios";"Ambos Sexos";"Exito"
"2020-2021";"..";"Otros Servicios";"Ambos Sexos";"Exito"
"2019-2020";"..";"Otros Servicios";"Ambos Sexos";"Exito"
"2018-2019";"..";"Otros Servicios";"Ambos Sexos";"Exito"
"2017-2018";"..";"Otros Servicios";"Ambos Sexos";"Exito"
"2016-2017";"..";"Otros Servicios";"Ambos Sexos";"Exito"
"2015-2016";"..";"Otros Servicios";"Ambos Sexos";"Exito"
"2022-2023";"???";"Alicante";"Ambos Sexos";"Evaluacion"
"2021-2022";"???";"Alicante";"Ambos Sexos";"Evaluacion"
"2020-2021";"???";"Alicante";"Ambos Sexos";"Evaluacion"
"2019-2020";"???";"Alicante";"Ambos Sexos";"Evaluacion"
"2018-2019";"???";"Alicante";"Ambos Sexos";"Evaluacion"
"2017-2018";"???";"Alicante";"Ambos Sexos";"Evaluacion"
"2016-2017";"???";"Alicante";"Ambos Sexos";"Evaluacion"
"2015-2016";"???";"Alicante";"Ambos Sexos";"Evaluacion"
"2022-2023";"93.06";"Todos los ámbitos";"Ambos Sexos";"Evaluacion"
"2021-2022";"92.53";"Todos los ámbitos";"Ambos Sexos";"Evaluacion"
"2020-2021";"94.32";"Todos los ámbitos";"Ambos Sexos";"Evaluacion"
"2019-2020";"95.68";"Todos los ámbitos";"Ambos Sexos";"Evaluacion"
"2018-2019";"92.99";"Todos los ámbitos";"Ambos Sexos";"Evaluacion"
"2017-2018";"92.9";"Todos los ámbitos";"Ambos Sexos";"Evaluacion"
"2016-2017";"93.26";"Todos los ámbitos";"Ambos Sexos";"Evaluacion"
"2015-2016";"93.72";"Todos los ámbitos";"Ambos Sexos";"Evaluacion"
"2022-2023";"97.33";"Total Educación";"Ambos Sexos";"Evaluacion"
"2021-2022";"97.71";"Total Educación";"Ambos Sexos";"Evaluacion"
"2020-2021";"98.51";"Total Educación";"Ambos Sexos";"Evaluacion"
"2019-2020";"98.36";"Total Educación";"Ambos Sexos";"Evaluacion"
"2018-2019";"97.02";"Total Educación";"Ambos Sexos";"Evaluacion"
"2017-2018";"97.08";"Total Educación";"Ambos Sexos";"Evaluacion"
"2016-2017";"97.22";"Total Educación";"Ambos Sexos";"Evaluacion"
"2015-2016";"97.46";"Total Educación";"Ambos Sexos";"Evaluacion"
"2022-2023";"97.63";"Formación de docentes de enseñanza infantil";"Ambos Sexos";"Evaluacion"
"2021-2022";"98.22";"Formación de docentes de enseñanza infantil";"Ambos Sexos";"Evaluacion"
"2020-2021";"98.82";"Formación de docentes de enseñanza infantil";"Ambos Sexos";"Evaluacion"
"2019-2020";"98.62";"Formación de docentes de enseñanza infantil";"Ambos Sexos";"Evaluacion"
"2018-2019";"97.54";"Formación de docentes de enseñanza infantil";"Ambos Sexos";"Evaluacion"
"2017-2018";"97.31";"Formación de docentes de enseñanza infantil";"Ambos Sexos";"Evaluacion"
"2016-2017";"97.35";"Formación de docentes de enseñanza infantil";"Ambos Sexos";"Evaluacion"
"2015-2016";"97.89";"Formación de docentes de enseñanza infantil";"Ambos Sexos";"Evaluacion"
"2022-2023";"97.1";"Formación de docentes de enseñanza primaria";"Ambos Sexos";"Evaluacion"
"2021-2022";"97.32";"Formación de docentes de enseñanza primaria";"Ambos Sexos";"Evaluacion"
"2020-2021";"98.28";"Formación de docentes de enseñanza primaria";"Ambos Sexos";"Evaluacion"
"2019-2020";"98.16";"Formación de docentes de enseñanza primaria";"Ambos Sexos";"Evaluacion"
"2018-2019";"96.61";"Formación de docentes de enseñanza primaria";"Ambos Sexos";"Evaluacion"
"2017-2018";"96.9";"Formación de docentes de enseñanza primaria";"Ambos Sexos";"Evaluacion"
"2016-2017";"97.13";"Formación de docentes de enseñanza primaria";"Ambos Sexos";"Evaluacion"
"2015-2016";"97.12";"Formación de docentes de enseñanza primaria";"Ambos Sexos";"Evaluacion"
"2022-2023";"..";"Otra Formación de personal docente y ciencias de la educación";"Ambos Sexos";"Evaluacion"
"2021-2022";"..";"Otra Formación de personal docente y ciencias de la educación";"Ambos Sexos";"Evaluacion"
"2020-2021";"..";"Otra Formación de personal docente y ciencias de la educación";"Ambos Sexos";"Evaluacion"
"2019-2020";"..";"Otra Formación de personal docente y ciencias de la educación";"Ambos Sexos";"Evaluacion"
"2018-2019";"..";"Otra Formación de personal docente y ciencias de la educación";"Ambos Sexos";"Evaluacion"
"2017-2018";"..";"Otra Formación de personal docente y ciencias de la educación";"Ambos Sexos";"Evaluacion"
"2016-2017";"..";"Otra Formación de personal docente y ciencias de la educación";"Ambos Sexos";"Evaluacion"
"2015-2016";"..";"Otra Formación de personal docente y ciencias de la educación";"Ambos Sexos";"Evaluacion"
"2022-2023";"91.32";"Total Artes y humanidades";"Ambos Sexos";"Evaluacion"
"2021-2022";"91.64";"Total Artes y humanidades";"Ambos Sexos";"Evaluacion"
"2020-2021";"94.48";"Total Artes y humanidades";"Ambos Sexos";"Evaluacion"
"2019-2020";"94.54";"Total Artes y humanidades";"Ambos Sexos";"Evaluacion"
"2018-2019";"93.07";"Total Artes y humanidades";"Ambos Sexos";"Evaluacion"
"2017-2018";"92.93";"Total Artes y humanidades";"Ambos Sexos";"Evaluacion"
"2016-2017";"93.63";"Total Artes y humanidades";"Ambos Sexos";"Evaluacion"
"2015-2016";"94.57";"Total Artes y humanidades";"Ambos Sexos";"Evaluacion"
"2022-2023";"..";"Técnicas audiovisuales y medios de comunicación";"Ambos Sexos";"Evaluacion"
"2021-2022";"..";"Técnicas audiovisuales y medios de comunicación";"Ambos Sexos";"Evaluacion"
"2020-2021";"..";"Técnicas audiovisuales y medios de comunicación";"Ambos Sexos";"Evaluacion"
"2019-2020";"..";"Técnicas audiovisuales y medios de comunicación";"Ambos Sexos";"Evaluacion"
"2018-2019";"..";"Técnicas audiovisuales y medios de comunicación";"Ambos Sexos";"Evaluacion"
"2017-2018";"..";"Técnicas audiovisuales y medios de comunicación";"Ambos Sexos";"Evaluacion"
"2016-2017";"..";"Técnicas audiovisuales y medios de comunicación";"Ambos Sexos";"Evaluacion"
"2015-2016";"..";"Técnicas audiovisuales y medios de comunicación";"Ambos Sexos";"Evaluacion"
"2022-2023";"..";"Artes";"Ambos Sexos";"Evaluacion"
"2021-2022";"..";"Artes";"Ambos Sexos";"Evaluacion"
"2020-2021";"..";"Artes";"Ambos Sexos";"Evaluacion"
"2019-2020";"..";"Artes";"Ambos Sexos";"Evaluacion"
"2018-2019";"..";"Artes";"Ambos Sexos";"Evaluacion"
"2017-2018";"..";"Artes";"Ambos Sexos";"Evaluacion"
"2016-2017";"..";"Artes";"Ambos Sexos";"Evaluacion"
"2015-2016";"..";"Artes";"Ambos Sexos";"Evaluacion"
"2022-2023";"91.58";"Lenguas";"Ambos Sexos";"Evaluacion"
"2021-2022";"91.34";"Lenguas";"Ambos Sexos";"Evaluacion"
"2020-2021";"94.44";"Lenguas";"Ambos Sexos";"Evaluacion"
"2019-2020";"94.41";"Lenguas";"Ambos Sexos";"Evaluacion"
"2018-2019";"93.4";"Lenguas";"Ambos Sexos";"Evaluacion"
"2017-2018";"93.36";"Lenguas";"Ambos Sexos";"Evaluacion"
"2016-2017";"93.64";"Lenguas";"Ambos Sexos";"Evaluacion"
"2015-2016";"94.19";"Lenguas";"Ambos Sexos";"Evaluacion"
"2022-2023";"90.65";"Humanidades";"Ambos Sexos";"Evaluacion"
"2021-2022";"92.42";"Humanidades";"Ambos Sexos";"Evaluacion"
"2020-2021";"94.59";"Humanidades";"Ambos Sexos";"Evaluacion"
"2019-2020";"94.91";"Humanidades";"Ambos Sexos";"Evaluacion"
"2018-2019";"92.13";"Humanidades";"Ambos Sexos";"Evaluacion"
"2017-2018";"91.61";"Humanidades";"Ambos Sexos";"Evaluacion"
"2016-2017";"93.62";"Humanidades";"Ambos Sexos";"Evaluacion"
"2015-2016";"95.63";"Humanidades";"Ambos Sexos";"Evaluacion"
"2022-2023";"93.44";"Total Ciencias sociales, periodismo y documentación";"Ambos Sexos";"Evaluacion"
"2021-2022";"93.3";"Total Ciencias sociales, periodismo y documentación";"Ambos Sexos";"Evaluacion"
"2020-2021";"95.29";"Total Ciencias sociales, periodismo y documentación";"Ambos Sexos";"Evaluacion"
"2019-2020";"95.58";"Total Ciencias sociales, periodismo y documentación";"Ambos Sexos";"Evaluacion"
"2018-2019";"93.11";"Total Ciencias sociales, periodismo y documentación";"Ambos Sexos";"Evaluacion"
"2017-2018";"94.61";"Total Ciencias sociales, periodismo y documentación";"Ambos Sexos";"Evaluacion"
"2016-2017";"93.69";"Total Ciencias sociales, periodismo y documentación";"Ambos Sexos";"Evaluacion"
"2015-2016";"94.2";"Total Ciencias sociales, periodismo y documentación";"Ambos Sexos";"Evaluacion"
"2022-2023";"..";"Psicología";"Ambos Sexos";"Evaluacion"
"2021-2022";"..";"Psicología";"Ambos Sexos";"Evaluacion"
"2020-2021";"..";"Psicología";"Ambos Sexos";"Evaluacion"
"2019-2020";"..";"Psicología";"Ambos Sexos";"Evaluacion"
"2018-2019";"..";"Psicología";"Ambos Sexos";"Evaluacion"
"2017-2018";"..";"Psicología";"Ambos Sexos";"Evaluacion"
"2016-2017";"..";"Psicología";"Ambos Sexos";"Evaluacion"
"2015-2016";"..";"Psicología";"Ambos Sexos";"Evaluacion"
"2022-2023";"91.09";"Economía";"Ambos Sexos";"Evaluacion"
"2021-2022";"91.72";"Economía";"Ambos Sexos";"Evaluacion"
"2020-2021";"93.86";"Economía";"Ambos Sexos";"Evaluacion"
"2019-2020";"94.59";"Economía";"Ambos Sexos";"Evaluacion"
"2018-2019";"92.39";"Economía";"Ambos Sexos";"Evaluacion"
"2017-2018";"94.65";"Economía";"Ambos Sexos";"Evaluacion"
"2016-2017";"95.74";"Economía";"Ambos Sexos";"Evaluacion"
"2015-2016";"95.01";"Economía";"Ambos Sexos";"Evaluacion"
"2022-2023";"94.23";"Otras Ciencias sociales y del comportamiento";"Ambos Sexos";"Evaluacion"
"2021-2022";"93.85";"Otras Ciencias sociales y del comportamiento";"Ambos Sexos";"Evaluacion"
"2020-2021";"95.82";"Otras Ciencias sociales y del comportamiento";"Ambos Sexos";"Evaluacion"
"2019-2020";"95.97";"Otras Ciencias sociales y del comportamiento";"Ambos Sexos";"Evaluacion"
"2018-2019";"93.44";"Otras Ciencias sociales y del comportamiento";"Ambos Sexos";"Evaluacion"
"2017-2018";"94.6";"Otras Ciencias sociales y del comportamiento";"Ambos Sexos";"Evaluacion"
"2016-2017";"92.75";"Otras Ciencias sociales y del comportamiento";"Ambos Sexos";"Evaluacion"
"2015-2016";"93.84";"Otras Ciencias sociales y del comportamiento";"Ambos Sexos";"Evaluacion"
"2022-2023";"..";"Periodismo e información";"Ambos Sexos";"Evaluacion"
"2021-2022";"..";"Periodismo e información";"Ambos Sexos";"Evaluacion"
"2020-2021";"..";"Periodismo e información";"Ambos Sexos";"Evaluacion"
"2019-2020";"..";"Periodismo e información";"Ambos Sexos";"Evaluacion"
"2018-2019";"..";"Periodismo e información";"Ambos Sexos";"Evaluacion"
"2017-2018";"..";"Periodismo e información";"Ambos Sexos";"Evaluacion"
"2016-2017";"..";"Periodismo e información";"Ambos Sexos";"Evaluacion"
"2015-2016";"..";"Periodismo e información";"Ambos Sexos";"Evaluacion"
"2022-2023";"90.58";"Total Negocios, administración y derecho";"Ambos Sexos";"Evaluacion"
"2021-2022";"89.95";"Total Negocios, administración y derecho";"Ambos Sexos";"Evaluacion"
"2020-2021";"93.72";"Total Negocios, administración y derecho";"Ambos Sexos";"Evaluacion"
"2019-2020";"96.07";"Total Negocios, administración y derecho";"Ambos Sexos";"Evaluacion"
"2018-2019";"91.37";"Total Negocios, administración y derecho";"Ambos Sexos";"Evaluacion"
"2017-2018";"91.31";"Total Negocios, administración y derecho";"Ambos Sexos";"Evaluacion"
"2016-2017";"92.06";"Total Negocios, administración y derecho";"Ambos Sexos";"Evaluacion"
"2015-2016";"92.61";"Total Negocios, administración y derecho";"Ambos Sexos";"Evaluacion"
"2022-2023";"86.93";"Administración y gestión de empresas";"Ambos Sexos";"Evaluacion"
"2021-2022";"86.69";"Administración y gestión de empresas";"Ambos Sexos";"Evaluacion"
"2020-2021";"90.94";"Administración y gestión de empresas";"Ambos Sexos";"Evaluacion"
"2019-2020";"94.14";"Administración y gestión de empresas";"Ambos Sexos";"Evaluacion"
"2018-2019";"90.2";"Administración y gestión de empresas";"Ambos Sexos";"Evaluacion"
"2017-2018";"89.84";"Administración y gestión de empresas";"Ambos Sexos";"Evaluacion"
"2016-2017";"91.56";"Administración y gestión de empresas";"Ambos Sexos";"Evaluacion"
"2015-2016";"92.33";"Administración y gestión de empresas";"Ambos Sexos";"Evaluacion"
"2022-2023";"96.24";"Otra Educación comercial y empresarial";"Ambos Sexos";"Evaluacion"
"2021-2022";"96.02";"Otra Educación comercial y empresarial";"Ambos Sexos";"Evaluacion"
"2020-2021";"96.76";"Otra Educación comercial y empresarial";"Ambos Sexos";"Evaluacion"
"2019-2020";"97.24";"Otra Educación comercial y empresarial";"Ambos Sexos";"Evaluacion"
"2018-2019";"95.61";"Otra Educación comercial y empresarial";"Ambos Sexos";"Evaluacion"
"2017-2018";"95.47";"Otra Educación comercial y empresarial";"Ambos Sexos";"Evaluacion"
"2016-2017";"96.32";"Otra Educación comercial y empresarial";"Ambos Sexos";"Evaluacion"
"2015-2016";"95.81";"Otra Educación comercial y empresarial";"Ambos Sexos";"Evaluacion"
"2022-2023";"90.68";"Derecho";"Ambos Sexos";"Evaluacion"
"2021-2022";"89.79";"Derecho";"Ambos Sexos";"Evaluacion"
"2020-2021";"94.69";"Derecho";"Ambos Sexos";"Evaluacion"
"2019-2020";"97.23";"Derecho";"Ambos Sexos";"Evaluacion"
"2018-2019";"90.59";"Derecho";"Ambos Sexos";"Evaluacion"
"2017-2018";"91.02";"Derecho";"Ambos Sexos";"Evaluacion"
"2016-2017";"90.76";"Derecho";"Ambos Sexos";"Evaluacion"
"2015-2016";"91.46";"Derecho";"Ambos Sexos";"Evaluacion"
"2022-2023";"95.51";"Total Ciencias";"Ambos Sexos";"Evaluacion"
"2021-2022";"94.61";"Total Ciencias";"Ambos Sexos";"Evaluacion"
"2020-2021";"95.11";"Total Ciencias";"Ambos Sexos";"Evaluacion"
"2019-2020";"96.87";"Total Ciencias";"Ambos Sexos";"Evaluacion"
"2018-2019";"94.86";"Total Ciencias";"Ambos Sexos";"Evaluacion"
"2017-2018";"94.1";"Total Ciencias";"Ambos Sexos";"Evaluacion"
"2016-2017";"94.91";"Total Ciencias";"Ambos Sexos";"Evaluacion"
"2015-2016";"95.33";"Total Ciencias";"Ambos Sexos";"Evaluacion"
"2022-2023";"96.35";"Ciencias de la vida";"Ambos Sexos";"Evaluacion"
"2021-2022";"96.2";"Ciencias de la vida";"Ambos Sexos";"Evaluacion"
"2020-2021";"96.93";"Ciencias de la vida";"Ambos Sexos";"Evaluacion"
"2019-2020";"97.86";"Ciencias de la vida";"Ambos Sexos";"Evaluacion"
"2018-2019";"96.62";"Ciencias de la vida";"Ambos Sexos";"Evaluacion"
"2017-2018";"95.61";"Ciencias de la vida";"Ambos Sexos";"Evaluacion"
"2016-2017";"96.76";"Ciencias de la vida";"Ambos Sexos";"Evaluacion"
"2015-2016";"95.32";"Ciencias de la vida";"Ambos Sexos";"Evaluacion"
"2022-2023";"95.13";"Ciencias Físicas, químicas, geológicas";"Ambos Sexos";"Evaluacion"
"2021-2022";"94.01";"Ciencias Físicas, químicas, geológicas";"Ambos Sexos";"Evaluacion"
"2020-2021";"94.67";"Ciencias Físicas, químicas, geológicas";"Ambos Sexos";"Evaluacion"
"2019-2020";"96.91";"Ciencias Físicas, químicas, geológicas";"Ambos Sexos";"Evaluacion"
"2018-2019";"94.82";"Ciencias Físicas, químicas, geológicas";"Ambos Sexos";"Evaluacion"
"2017-2018";"94.26";"Ciencias Físicas, químicas, geológicas";"Ambos Sexos";"Evaluacion"
"2016-2017";"94.72";"Ciencias Físicas, químicas, geológicas";"Ambos Sexos";"Evaluacion"
"2015-2016";"96.33";"Ciencias Físicas, químicas, geológicas";"Ambos Sexos";"Evaluacion"
"2022-2023";"94.73";"Matemáticas y Estadística";"Ambos Sexos";"Evaluacion"
"2021-2022";"92.31";"Matemáticas y Estadística";"Ambos Sexos";"Evaluacion"
"2020-2021";"91.41";"Matemáticas y Estadística";"Ambos Sexos";"Evaluacion"
"2019-2020";"93.69";"Matemáticas y Estadística";"Ambos Sexos";"Evaluacion"
"2018-2019";"89.41";"Matemáticas y Estadística";"Ambos Sexos";"Evaluacion"
"2017-2018";"88.17";"Matemáticas y Estadística";"Ambos Sexos";"Evaluacion"
"2016-2017";"89.2";"Matemáticas y Estadística";"Ambos Sexos";"Evaluacion"
"2015-2016";"91.69";"Matemáticas y Estadística";"Ambos Sexos";"Evaluacion"
"2022-2023";"92.23";"Total Informática";"Ambos Sexos";"Evaluacion"
"2021-2022";"90.31";"Total Informática";"Ambos Sexos";"Evaluacion"
"2020-2021";"89.79";"Total Informática";"Ambos Sexos";"Evaluacion"
"2019-2020";"91.53";"Total Informática";"Ambos Sexos";"Evaluacion"
"2018-2019";"90.44";"Total Informática";"Ambos Sexos";"Evaluacion"
"2017-2018";"88.87";"Total Informática";"Ambos Sexos";"Evaluacion"
"2016-2017";"88.4";"Total Informática";"Ambos Sexos";"Evaluacion"
"2015-2016";"89.46";"Total Informática";"Ambos Sexos";"Evaluacion"
"2022-2023";"92.23";"Informática";"Ambos Sexos";"Evaluacion"
"2021-2022";"90.31";"Informática";"Ambos Sexos";"Evaluacion"
"2020-2021";"89.79";"Informática";"Ambos Sexos";"Evaluacion"
"2019-2020";"91.53";"Informática";"Ambos Sexos";"Evaluacion"
"2018-2019";"90.44";"Informática";"Ambos Sexos";"Evaluacion"
"2017-2018";"88.87";"Informática";"Ambos Sexos";"Evaluacion"
"2016-2017";"88.4";"Informática";"Ambos Sexos";"Evaluacion"
"2015-2016";"89.46";"Informática";"Ambos Sexos";"Evaluacion"
"2022-2023";"88.47";"Total Ingeniería, industria y construcción";"Ambos Sexos";"Evaluacion"
"2021-2022";"86.07";"Total Ingeniería, industria y construcción";"Ambos Sexos";"Evaluacion"
"2020-2021";"85.6";"Total Ingeniería, industria y construcción";"Ambos Sexos";"Evaluacion"
"2019-2020";"89.24";"Total Ingeniería, industria y construcción";"Ambos Sexos";"Evaluacion"
"2018-2019";"85.27";"Total Ingeniería, industria y construcción";"Ambos Sexos";"Evaluacion"
"2017-2018";"84.33";"Total Ingeniería, industria y construcción";"Ambos Sexos";"Evaluacion"
"2016-2017";"85.17";"Total Ingeniería, industria y construcción";"Ambos Sexos";"Evaluacion"
"2015-2016";"86.73";"Total Ingeniería, industria y construcción";"Ambos Sexos";"Evaluacion"
"2022-2023";"92.58";"Ingenierías";"Ambos Sexos";"Evaluacion"
"2021-2022";"92.3";"Ingenierías";"Ambos Sexos";"Evaluacion"
"2020-2021";"93.1";"Ingenierías";"Ambos Sexos";"Evaluacion"
"2019-2020";"94.53";"Ingenierías";"Ambos Sexos";"Evaluacion"
"2018-2019";"93.17";"Ingenierías";"Ambos Sexos";"Evaluacion"
"2017-2018";"93.3";"Ingenierías";"Ambos Sexos";"Evaluacion"
"2016-2017";"93.0";"Ingenierías";"Ambos Sexos";"Evaluacion"
"2015-2016";"93.24";"Ingenierías";"Ambos Sexos";"Evaluacion"
"2022-2023";"84.76";"Arquitectura y construcción";"Ambos Sexos";"Evaluacion"
"2021-2022";"80.3";"Arquitectura y construcción";"Ambos Sexos";"Evaluacion"
"2020-2021";"78.51";"Arquitectura y construcción";"Ambos Sexos";"Evaluacion"
"2019-2020";"84.24";"Arquitectura y construcción";"Ambos Sexos";"Evaluacion"
"2018-2019";"78.5";"Arquitectura y construcción";"Ambos Sexos";"Evaluacion"
"2017-2018";"77.93";"Arquitectura y construcción";"Ambos Sexos";"Evaluacion"
"2016-2017";"80.71";"Arquitectura y construcción";"Ambos Sexos";"Evaluacion"
"2015-2016";"83.89";"Arquitectura y construcción";"Ambos Sexos";"Evaluacion"
"2022-2023";"..";"Total Agricultura, ganadería,  silvicultura, pesca, y veterinaria";"Ambos Sexos";"Evaluacion"
"2021-2022";"..";"Total Agricultura, ganadería,  silvicultura, pesca, y veterinaria";"Ambos Sexos";"Evaluacion"
"2020-2021";"..";"Total Agricultura, ganadería,  silvicultura, pesca, y veterinaria";"Ambos Sexos";"Evaluacion"
"2019-2020";"..";"Total Agricultura, ganadería,  silvicultura, pesca, y veterinaria";"Ambos Sexos";"Evaluacion"
"2018-2019";"..";"Total Agricultura, ganadería,  silvicultura, pesca, y veterinaria";"Ambos Sexos";"Evaluacion"
"2017-2018";"..";"Total Agricultura, ganadería,  silvicultura, pesca, y veterinaria";"Ambos Sexos";"Evaluacion"
"2016-2017";"..";"Total Agricultura, ganadería,  silvicultura, pesca, y veterinaria";"Ambos Sexos";"Evaluacion"
"2015-2016";"..";"Total Agricultura, ganadería,  silvicultura, pesca, y veterinaria";"Ambos Sexos";"Evaluacion"
"2022-2023";"..";"Agricultura, ganadería y pesca";"Ambos Sexos";"Evaluacion"
"2021-2022";"..";"Agricultura, ganadería y pesca";"Ambos Sexos";"Evaluacion"
"2020-2021";"..";"Agricultura, ganadería y pesca";"Ambos Sexos";"Evaluacion"
"2019-2020";"..";"Agricultura, ganadería y pesca";"Ambos Sexos";"Evaluacion"
"2018-2019";"..";"Agricultura, ganadería y pesca";"Ambos Sexos";"Evaluacion"
"2017-2018";"..";"Agricultura, ganadería y pesca";"Ambos Sexos";"Evaluacion"
"2016-2017";"..";"Agricultura, ganadería y pesca";"Ambos Sexos";"Evaluacion"
"2015-2016";"..";"Agricultura, ganadería y pesca";"Ambos Sexos";"Evaluacion"
"2022-2023";"..";"Veterinaria";"Ambos Sexos";"Evaluacion"
"2021-2022";"..";"Veterinaria";"Ambos Sexos";"Evaluacion"
"2020-2021";"..";"Veterinaria";"Ambos Sexos";"Evaluacion"
"2019-2020";"..";"Veterinaria";"Ambos Sexos";"Evaluacion"
"2018-2019";"..";"Veterinaria";"Ambos Sexos";"Evaluacion"
"2017-2018";"..";"Veterinaria";"Ambos Sexos";"Evaluacion"
"2016-2017";"..";"Veterinaria";"Ambos Sexos";"Evaluacion"
"2015-2016";"..";"Veterinaria";"Ambos Sexos";"Evaluacion"
"2022-2023";"96.75";"Total Salud y servicios sociales";"Ambos Sexos";"Evaluacion"
"2021-2022";"96.4";"Total Salud y servicios sociales";"Ambos Sexos";"Evaluacion"
"2020-2021";"97.23";"Total Salud y servicios sociales";"Ambos Sexos";"Evaluacion"
"2019-2020";"98.39";"Total Salud y servicios sociales";"Ambos Sexos";"Evaluacion"
"2018-2019";"96.74";"Total Salud y servicios sociales";"Ambos Sexos";"Evaluacion"
"2017-2018";"97.18";"Total Salud y servicios sociales";"Ambos Sexos";"Evaluacion"
"2016-2017";"97.5";"Total Salud y servicios sociales";"Ambos Sexos";"Evaluacion"
"2015-2016";"97.02";"Total Salud y servicios sociales";"Ambos Sexos";"Evaluacion"
"2022-2023";"..";"Medicina";"Ambos Sexos";"Evaluacion"
"2021-2022";"..";"Medicina";"Ambos Sexos";"Evaluacion"
"2020-2021";"..";"Medicina";"Ambos Sexos";"Evaluacion"
"2019-2020";"..";"Medicina";"Ambos Sexos";"Evaluacion"
"2018-2019";"..";"Medicina";"Ambos Sexos";"Evaluacion"
"2017-2018";"..";"Medicina";"Ambos Sexos";"Evaluacion"
"2016-2017";"..";"Medicina";"Ambos Sexos";"Evaluacion"
"2015-2016";"..";"Medicina";"Ambos Sexos";"Evaluacion"
"2022-2023";"98.72";"Enfermería y atención a enfermos";"Ambos Sexos";"Evaluacion"
"2021-2022";"98.98";"Enfermería y atención a enfermos";"Ambos Sexos";"Evaluacion"
"2020-2021";"99.41";"Enfermería y atención a enfermos";"Ambos Sexos";"Evaluacion"
"2019-2020";"99.82";"Enfermería y atención a enfermos";"Ambos Sexos";"Evaluacion"
"2018-2019";"99.31";"Enfermería y atención a enfermos";"Ambos Sexos";"Evaluacion"
"2017-2018";"99.19";"Enfermería y atención a enfermos";"Ambos Sexos";"Evaluacion"
"2016-2017";"99.12";"Enfermería y atención a enfermos";"Ambos Sexos";"Evaluacion"
"2015-2016";"98.84";"Enfermería y atención a enfermos";"Ambos Sexos";"Evaluacion"
"2022-2023";"96.24";"Otras ciencias de la Salud";"Ambos Sexos";"Evaluacion"
"2021-2022";"94.87";"Otras ciencias de la Salud";"Ambos Sexos";"Evaluacion"
"2020-2021";"95.81";"Otras ciencias de la Salud";"Ambos Sexos";"Evaluacion"
"2019-2020";"97.37";"Otras ciencias de la Salud";"Ambos Sexos";"Evaluacion"
"2018-2019";"95.5";"Otras ciencias de la Salud";"Ambos Sexos";"Evaluacion"
"2017-2018";"96.4";"Otras ciencias de la Salud";"Ambos Sexos";"Evaluacion"
"2016-2017";"96.88";"Otras ciencias de la Salud";"Ambos Sexos";"Evaluacion"
"2015-2016";"96.8";"Otras ciencias de la Salud";"Ambos Sexos";"Evaluacion"
"2022-2023";"94.88";"Trabajo social y orientación";"Ambos Sexos";"Evaluacion"
"2021-2022";"95.23";"Trabajo social y orientación";"Ambos Sexos";"Evaluacion"
"2020-2021";"96.39";"Trabajo social y orientación";"Ambos Sexos";"Evaluacion"
"2019-2020";"97.81";"Trabajo social y orientación";"Ambos Sexos";"Evaluacion"
"2018-2019";"94.9";"Trabajo social y orientación";"Ambos Sexos";"Evaluacion"
"2017-2018";"95.43";"Trabajo social y orientación";"Ambos Sexos";"Evaluacion"
"2016-2017";"95.99";"Trabajo social y orientación";"Ambos Sexos";"Evaluacion"
"2015-2016";"94.85";"Trabajo social y orientación";"Ambos Sexos";"Evaluacion"
"2022-2023";"92.91";"Total Servicios";"Ambos Sexos";"Evaluacion"
"2021-2022";"92.58";"Total Servicios";"Ambos Sexos";"Evaluacion"
"2020-2021";"94.58";"Total Servicios";"Ambos Sexos";"Evaluacion"
"2019-2020";"95.2";"Total Servicios";"Ambos Sexos";"Evaluacion"
"2018-2019";"93.73";"Total Servicios";"Ambos Sexos";"Evaluacion"
"2017-2018";"94.02";"Total Servicios";"Ambos Sexos";"Evaluacion"
"2016-2017";"94.25";"Total Servicios";"Ambos Sexos";"Evaluacion"
"2015-2016";"94.29";"Total Servicios";"Ambos Sexos";"Evaluacion"
"2022-2023";"96.86";"Deportes";"Ambos Sexos";"Evaluacion"
"2021-2022";"95.72";"Deportes";"Ambos Sexos";"Evaluacion"
"2020-2021";"96.72";"Deportes";"Ambos Sexos";"Evaluacion"
"2019-2020";"97.59";"Deportes";"Ambos Sexos";"Evaluacion"
"2018-2019";"95.66";"Deportes";"Ambos Sexos";"Evaluacion"
"2017-2018";"95.37";"Deportes";"Ambos Sexos";"Evaluacion"
"2016-2017";"95.64";"Deportes";"Ambos Sexos";"Evaluacion"
"2015-2016";"96.26";"Deportes";"Ambos Sexos";"Evaluacion"
"2022-2023";"90.95";"Turismo y Hostelería";"Ambos Sexos";"Evaluacion"
"2021-2022";"91.13";"Turismo y Hostelería";"Ambos Sexos";"Evaluacion"
"2020-2021";"93.63";"Turismo y Hostelería";"Ambos Sexos";"Evaluacion"
"2019-2020";"94.07";"Turismo y Hostelería";"Ambos Sexos";"Evaluacion"
"2018-2019";"92.78";"Turismo y Hostelería";"Ambos Sexos";"Evaluacion"
"2017-2018";"93.29";"Turismo y Hostelería";"Ambos Sexos";"Evaluacion"
"2016-2017";"93.53";"Turismo y Hostelería";"Ambos Sexos";"Evaluacion"
"2015-2016";"93.37";"Turismo y Hostelería";"Ambos Sexos";"Evaluacion"
"2022-2023";"..";"Otros Servicios";"Ambos Sexos";"Evaluacion"
"2021-2022";"..";"Otros Servicios";"Ambos Sexos";"Evaluacion"
"2020-2021";"..";"Otros Servicios";"Ambos Sexos";"Evaluacion"
"2019-2020";"..";"Otros Servicios";"Ambos Sexos";"Evaluacion"
"2018-2019";"..";"Otros Servicios";"Ambos Sexos";"Evaluacion"
"2017-2018";"..";"Otros Servicios";"Ambos Sexos";"Evaluacion"
"2016-2017";"..";"Otros Servicios";"Ambos Sexos";"Evaluacion"
"2015-2016";"..";"Otros Servicios";"Ambos Sexos";"Evaluacion"
"2022-2023";"???";"Alicante";"Hombres";"Rendimiento"
"2021-2022";"???";"Alicante";"Hombres";"Rendimiento"
"2020-2021";"???";"Alicante";"Hombres";"Rendimiento"
"2019-2020";"???";"Alicante";"Hombres";"Rendimiento"
"2018-2019";"???";"Alicante";"Hombres";"Rendimiento"
"2017-2018";"???";"Alicante";"Hombres";"Rendimiento"
"2016-2017";"???";"Alicante";"Hombres";"Rendimiento"
"2015-2016";"???";"Alicante";"Hombres";"Rendimiento"
"2022-2023";"73.88";"Todos los ámbitos";"Hombres";"Rendimiento"
"2021-2022";"72.37";"Todos los ámbitos";"Hombres";"Rendimiento"
"2020-2021";"75.91";"Todos los ámbitos";"Hombres";"Rendimiento"
"2019-2020";"82.11";"Todos los ámbitos";"Hombres";"Rendimiento"
"2018-2019";"74.62";"Todos los ámbitos";"Hombres";"Rendimiento"
"2017-2018";"73.8";"Todos los ámbitos";"Hombres";"Rendimiento"
"2016-2017";"74.97";"Todos los ámbitos";"Hombres";"Rendimiento"
"2015-2016";"75.37";"Todos los ámbitos";"Hombres";"Rendimiento"
"2022-2023";"88.28";"Total Educación";"Hombres";"Rendimiento"
"2021-2022";"88.21";"Total Educación";"Hombres";"Rendimiento"
"2020-2021";"92.21";"Total Educación";"Hombres";"Rendimiento"
"2019-2020";"93.2";"Total Educación";"Hombres";"Rendimiento"
"2018-2019";"87.56";"Total Educación";"Hombres";"Rendimiento"
"2017-2018";"88.93";"Total Educación";"Hombres";"Rendimiento"
"2016-2017";"89.53";"Total Educación";"Hombres";"Rendimiento"
"2015-2016";"88.82";"Total Educación";"Hombres";"Rendimiento"
"2022-2023";"84.27";"Formación de docentes de enseñanza infantil";"Hombres";"Rendimiento"
"2021-2022";"86.66";"Formación de docentes de enseñanza infantil";"Hombres";"Rendimiento"
"2020-2021";"87.77";"Formación de docentes de enseñanza infantil";"Hombres";"Rendimiento"
"2019-2020";"90.46";"Formación de docentes de enseñanza infantil";"Hombres";"Rendimiento"
"2018-2019";"81.86";"Formación de docentes de enseñanza infantil";"Hombres";"Rendimiento"
"2017-2018";"85.86";"Formación de docentes de enseñanza infantil";"Hombres";"Rendimiento"
"2016-2017";"88.21";"Formación de docentes de enseñanza infantil";"Hombres";"Rendimiento"
"2015-2016";"89.02";"Formación de docentes de enseñanza infantil";"Hombres";"Rendimiento"
"2022-2023";"89.34";"Formación de docentes de enseñanza primaria";"Hombres";"Rendimiento"
"2021-2022";"88.59";"Formación de docentes de enseñanza primaria";"Hombres";"Rendimiento"
"2020-2021";"93.12";"Formación de docentes de enseñanza primaria";"Hombres";"Rendimiento"
"2019-2020";"93.76";"Formación de docentes de enseñanza primaria";"Hombres";"Rendimiento"
"2018-2019";"88.61";"Formación de docentes de enseñanza primaria";"Hombres";"Rendimiento"
"2017-2018";"89.52";"Formación de docentes de enseñanza primaria";"Hombres";"Rendimiento"
"2016-2017";"89.8";"Formación de docentes de enseñanza primaria";"Hombres";"Rendimiento"
"2015-2016";"88.78";"Formación de docentes de enseñanza primaria";"Hombres";"Rendimiento"
"2022-2023";"..";"Otra Formación de personal docente y ciencias de la educación";"Hombres";"Rendimiento"
"2021-2022";"..";"Otra Formación de personal docente y ciencias de la educación";"Hombres";"Rendimiento"
"2020-2021";"..";"Otra Formación de personal docente y ciencias de la educación";"Hombres";"Rendimiento"
"2019-2020";"..";"Otra Formación de personal docente y ciencias de la educación";"Hombres";"Rendimiento"
"2018-2019";"..";"Otra Formación de personal docente y ciencias de la educación";"Hombres";"Rendimiento"
"2017-2018";"..";"Otra Formación de personal docente y ciencias de la educación";"Hombres";"Rendimiento"
"2016-2017";"..";"Otra Formación de personal docente y ciencias de la educación";"Hombres";"Rendimiento"
"2015-2016";"..";"Otra Formación de personal docente y ciencias de la educación";"Hombres";"Rendimiento"
"2022-2023";"76.29";"Total Artes y humanidades";"Hombres";"Rendimiento"
"2021-2022";"75.86";"Total Artes y humanidades";"Hombres";"Rendimiento"
"2020-2021";"80.07";"Total Artes y humanidades";"Hombres";"Rendimiento"
"2019-2020";"84.55";"Total Artes y humanidades";"Hombres";"Rendimiento"
"2018-2019";"78.51";"Total Artes y humanidades";"Hombres";"Rendimiento"
"2017-2018";"76.79";"Total Artes y humanidades";"Hombres";"Rendimiento"
"2016-2017";"79.57";"Total Artes y humanidades";"Hombres";"Rendimiento"
"2015-2016";"83.32";"Total Artes y humanidades";"Hombres";"Rendimiento"
"2022-2023";"..";"Técnicas audiovisuales y medios de comunicación";"Hombres";"Rendimiento"
"2021-2022";"..";"Técnicas audiovisuales y medios de comunicación";"Hombres";"Rendimiento"
"2020-2021";"..";"Técnicas audiovisuales y medios de comunicación";"Hombres";"Rendimiento"
"2019-2020";"..";"Técnicas audiovisuales y medios de comunicación";"Hombres";"Rendimiento"
"2018-2019";"..";"Técnicas audiovisuales y medios de comunicación";"Hombres";"Rendimiento"
"2017-2018";"..";"Técnicas audiovisuales y medios de comunicación";"Hombres";"Rendimiento"
"2016-2017";"..";"Técnicas audiovisuales y medios de comunicación";"Hombres";"Rendimiento"
"2015-2016";"..";"Técnicas audiovisuales y medios de comunicación";"Hombres";"Rendimiento"
"2022-2023";"..";"Artes";"Hombres";"Rendimiento"
"2021-2022";"..";"Artes";"Hombres";"Rendimiento"
"2020-2021";"..";"Artes";"Hombres";"Rendimiento"
"2019-2020";"..";"Artes";"Hombres";"Rendimiento"
"2018-2019";"..";"Artes";"Hombres";"Rendimiento"
"2017-2018";"..";"Artes";"Hombres";"Rendimiento"
"2016-2017";"..";"Artes";"Hombres";"Rendimiento"
"2015-2016";"..";"Artes";"Hombres";"Rendimiento"
"2022-2023";"76.4";"Lenguas";"Hombres";"Rendimiento"
"2021-2022";"75.71";"Lenguas";"Hombres";"Rendimiento"
"2020-2021";"78.68";"Lenguas";"Hombres";"Rendimiento"
"2019-2020";"82.62";"Lenguas";"Hombres";"Rendimiento"
"2018-2019";"78.53";"Lenguas";"Hombres";"Rendimiento"
"2017-2018";"77.61";"Lenguas";"Hombres";"Rendimiento"
"2016-2017";"79.95";"Lenguas";"Hombres";"Rendimiento"
"2015-2016";"82.16";"Lenguas";"Hombres";"Rendimiento"
"2022-2023";"76.2";"Humanidades";"Hombres";"Rendimiento"
"2021-2022";"76.0";"Humanidades";"Hombres";"Rendimiento"
"2020-2021";"81.42";"Humanidades";"Hombres";"Rendimiento"
"2019-2020";"86.63";"Humanidades";"Hombres";"Rendimiento"
"2018-2019";"78.48";"Humanidades";"Hombres";"Rendimiento"
"2017-2018";"75.88";"Humanidades";"Hombres";"Rendimiento"
"2016-2017";"79.16";"Humanidades";"Hombres";"Rendimiento"
"2015-2016";"84.61";"Humanidades";"Hombres";"Rendimiento"
"2022-2023";"76.79";"Total Ciencias sociales, periodismo y documentación";"Hombres";"Rendimiento"
"2021-2022";"77.51";"Total Ciencias sociales, periodismo y documentación";"Hombres";"Rendimiento"
"2020-2021";"81.35";"Total Ciencias sociales, periodismo y documentación";"Hombres";"Rendimiento"
"2019-2020";"85.32";"Total Ciencias sociales, periodismo y documentación";"Hombres";"Rendimiento"
"2018-2019";"77.18";"Total Ciencias sociales, periodismo y documentación";"Hombres";"Rendimiento"
"2017-2018";"80.56";"Total Ciencias sociales, periodismo y documentación";"Hombres";"Rendimiento"
"2016-2017";"79.53";"Total Ciencias sociales, periodismo y documentación";"Hombres";"Rendimiento"
"2015-2016";"80.11";"Total Ciencias sociales, periodismo y documentación";"Hombres";"Rendimiento"
"2022-2023";"..";"Psicología";"Hombres";"Rendimiento"
"2021-2022";"..";"Psicología";"Hombres";"Rendimiento"
"2020-2021";"..";"Psicología";"Hombres";"Rendimiento"
"2019-2020";"..";"Psicología";"Hombres";"Rendimiento"
"2018-2019";"..";"Psicología";"Hombres";"Rendimiento"
"2017-2018";"..";"Psicología";"Hombres";"Rendimiento"
"2016-2017";"..";"Psicología";"Hombres";"Rendimiento"
"2015-2016";"..";"Psicología";"Hombres";"Rendimiento"
"2022-2023";"68.37";"Economía";"Hombres";"Rendimiento"
"2021-2022";"70.2";"Economía";"Hombres";"Rendimiento"
"2020-2021";"75.27";"Economía";"Hombres";"Rendimiento"
"2019-2020";"78.82";"Economía";"Hombres";"Rendimiento"
"2018-2019";"73.53";"Economía";"Hombres";"Rendimiento"
"2017-2018";"76.99";"Economía";"Hombres";"Rendimiento"
"2016-2017";"77.71";"Economía";"Hombres";"Rendimiento"
"2015-2016";"75.56";"Economía";"Hombres";"Rendimiento"
"2022-2023";"82.52";"Otras Ciencias sociales y del comportamiento";"Hombres";"Rendimiento"
"2021-2022";"82.61";"Otras Ciencias sociales y del comportamiento";"Hombres";"Rendimiento"
"2020-2021";"85.37";"Otras Ciencias sociales y del comportamiento";"Hombres";"Rendimiento"
"2019-2020";"89.66";"Otras Ciencias sociales y del comportamiento";"Hombres";"Rendimiento"
"2018-2019";"80.15";"Otras Ciencias sociales y del comportamiento";"Hombres";"Rendimiento"
"2017-2018";"83.34";"Otras Ciencias sociales y del comportamiento";"Hombres";"Rendimiento"
"2016-2017";"80.89";"Otras Ciencias sociales y del comportamiento";"Hombres";"Rendimiento"
"2015-2016";"83.13";"Otras Ciencias sociales y del comportamiento";"Hombres";"Rendimiento"
"2022-2023";"..";"Periodismo e información";"Hombres";"Rendimiento"
"2021-2022";"..";"Periodismo e información";"Hombres";"Rendimiento"
"2020-2021";"..";"Periodismo e información";"Hombres";"Rendimiento"
"2019-2020";"..";"Periodismo e información";"Hombres";"Rendimiento"
"2018-2019";"..";"Periodismo e información";"Hombres";"Rendimiento"
"2017-2018";"..";"Periodismo e información";"Hombres";"Rendimiento"
"2016-2017";"..";"Periodismo e información";"Hombres";"Rendimiento"
"2015-2016";"..";"Periodismo e información";"Hombres";"Rendimiento"
"2022-2023";"64.59";"Total Negocios, administración y derecho";"Hombres";"Rendimiento"
"2021-2022";"62.67";"Total Negocios, administración y derecho";"Hombres";"Rendimiento"
"2020-2021";"72.15";"Total Negocios, administración y derecho";"Hombres";"Rendimiento"
"2019-2020";"80.52";"Total Negocios, administración y derecho";"Hombres";"Rendimiento"
"2018-2019";"70.37";"Total Negocios, administración y derecho";"Hombres";"Rendimiento"
"2017-2018";"68.41";"Total Negocios, administración y derecho";"Hombres";"Rendimiento"
"2016-2017";"71.16";"Total Negocios, administración y derecho";"Hombres";"Rendimiento"
"2015-2016";"70.23";"Total Negocios, administración y derecho";"Hombres";"Rendimiento"
"2022-2023";"53.55";"Administración y gestión de empresas";"Hombres";"Rendimiento"
"2021-2022";"51.9";"Administración y gestión de empresas";"Hombres";"Rendimiento"
"2020-2021";"62.04";"Administración y gestión de empresas";"Hombres";"Rendimiento"
"2019-2020";"70.78";"Administración y gestión de empresas";"Hombres";"Rendimiento"
"2018-2019";"61.93";"Administración y gestión de empresas";"Hombres";"Rendimiento"
"2017-2018";"58.87";"Administración y gestión de empresas";"Hombres";"Rendimiento"
"2016-2017";"64.41";"Administración y gestión de empresas";"Hombres";"Rendimiento"
"2015-2016";"63.9";"Administración y gestión de empresas";"Hombres";"Rendimiento"
"2022-2023";"81.44";"Otra Educación comercial y empresarial";"Hombres";"Rendimiento"
"2021-2022";"79.71";"Otra Educación comercial y empresarial";"Hombres";"Rendimiento"
"2020-2021";"85.24";"Otra Educación comercial y empresarial";"Hombres";"Rendimiento"
"2019-2020";"89.18";"Otra Educación comercial y empresarial";"Hombres";"Rendimiento"
"2018-2019";"87.81";"Otra Educación comercial y empresarial";"Hombres";"Rendimiento"
"2017-2018";"86.91";"Otra Educación comercial y empresarial";"Hombres";"Rendimiento"
"2016-2017";"89.01";"Otra Educación comercial y empresarial";"Hombres";"Rendimiento"
"2015-2016";"87.94";"Otra Educación comercial y empresarial";"Hombres";"Rendimiento"
"2022-2023";"70.71";"Derecho";"Hombres";"Rendimiento"
"2021-2022";"69.41";"Derecho";"Hombres";"Rendimiento"
"2020-2021";"79.46";"Derecho";"Hombres";"Rendimiento"
"2019-2020";"89.07";"Derecho";"Hombres";"Rendimiento"
"2018-2019";"73.72";"Derecho";"Hombres";"Rendimiento"
"2017-2018";"74.45";"Derecho";"Hombres";"Rendimiento"
"2016-2017";"73.7";"Derecho";"Hombres";"Rendimiento"
"2015-2016";"72.25";"Derecho";"Hombres";"Rendimiento"
"2022-2023";"77.37";"Total Ciencias";"Hombres";"Rendimiento"
"2021-2022";"75.49";"Total Ciencias";"Hombres";"Rendimiento"
"2020-2021";"75.42";"Total Ciencias";"Hombres";"Rendimiento"
"2019-2020";"84.83";"Total Ciencias";"Hombres";"Rendimiento"
"2018-2019";"74.87";"Total Ciencias";"Hombres";"Rendimiento"
"2017-2018";"74.23";"Total Ciencias";"Hombres";"Rendimiento"
"2016-2017";"74.07";"Total Ciencias";"Hombres";"Rendimiento"
"2015-2016";"76.07";"Total Ciencias";"Hombres";"Rendimiento"
"2022-2023";"79.06";"Ciencias de la vida";"Hombres";"Rendimiento"
"2021-2022";"78.62";"Ciencias de la vida";"Hombres";"Rendimiento"
"2020-2021";"83.33";"Ciencias de la vida";"Hombres";"Rendimiento"
"2019-2020";"92.45";"Ciencias de la vida";"Hombres";"Rendimiento"
"2018-2019";"80.7";"Ciencias de la vida";"Hombres";"Rendimiento"
"2017-2018";"79.94";"Ciencias de la vida";"Hombres";"Rendimiento"
"2016-2017";"81.74";"Ciencias de la vida";"Hombres";"Rendimiento"
"2015-2016";"79.09";"Ciencias de la vida";"Hombres";"Rendimiento"
"2022-2023";"76.89";"Ciencias Físicas, químicas, geológicas";"Hombres";"Rendimiento"
"2021-2022";"73.96";"Ciencias Físicas, químicas, geológicas";"Hombres";"Rendimiento"
"2020-2021";"72.44";"Ciencias Físicas, químicas, geológicas";"Hombres";"Rendimiento"
"2019-2020";"82.2";"Ciencias Físicas, químicas, geológicas";"Hombres";"Rendimiento"
"2018-2019";"72.44";"Ciencias Físicas, químicas, geológicas";"Hombres";"Rendimiento"
"2017-2018";"72.47";"Ciencias Físicas, químicas, geológicas";"Hombres";"Rendimiento"
"2016-2017";"71.91";"Ciencias Físicas, químicas, geológicas";"Hombres";"Rendimiento"
"2015-2016";"76.64";"Ciencias Físicas, químicas, geológicas";"Hombres";"Rendimiento"
"2022-2023";"75.98";"Matemáticas y Estadística";"Hombres";"Rendimiento"
"2021-2022";"74.31";"Matemáticas y Estadística";"Hombres";"Rendimiento"
"2020-2021";"69.0";"Matemáticas y Estadística";"Hombres";"Rendimiento"
"2019-2020";"77.44";"Matemáticas y Estadística";"Hombres";"Rendimiento"
"2018-2019";"71.23";"Matemáticas y Estadística";"Hombres";"Rendimiento"
"2017-2018";"66.6";"Matemáticas y Estadística";"Hombres";"Rendimiento"
"2016-2017";"63.52";"Matemáticas y Estadística";"Hombres";"Rendimiento"
"2015-2016";"67.6";"Matemáticas y Estadística";"Hombres";"Rendimiento"
"2022-2023";"72.59";"Total Informática";"Hombres";"Rendimiento"
"2021-2022";"69.11";"Total Informática";"Hombres";"Rendimiento"
"2020-2021";"69.09";"Total Informática";"Hombres";"Rendimiento"
"2019-2020";"75.57";"Total Informática";"Hombres";"Rendimiento"
"2018-2019";"72.02";"Total Informática";"Hombres";"Rendimiento"
"2017-2018";"69.55";"Total Informática";"Hombres";"Rendimiento"
"2016-2017";"69.59";"Total Informática";"Hombres";"Rendimiento"
"2015-2016";"69.02";"Total Informática";"Hombres";"Rendimiento"
"2022-2023";"72.59";"Informática";"Hombres";"Rendimiento"
"2021-2022";"69.11";"Informática";"Hombres";"Rendimiento"
"2020-2021";"69.09";"Informática";"Hombres";"Rendimiento"
"2019-2020";"75.57";"Informática";"Hombres";"Rendimiento"
"2018-2019";"72.02";"Informática";"Hombres";"Rendimiento"
"2017-2018";"69.55";"Informática";"Hombres";"Rendimiento"
"2016-2017";"69.59";"Informática";"Hombres";"Rendimiento"
"2015-2016";"69.02";"Informática";"Hombres";"Rendimiento"
"2022-2023";"67.41";"Total Ingeniería, industria y construcción";"Hombres";"Rendimiento"
"2021-2022";"65.85";"Total Ingeniería, industria y construcción";"Hombres";"Rendimiento"
"2020-2021";"65.4";"Total Ingeniería, industria y construcción";"Hombres";"Rendimiento"
"2019-2020";"72.08";"Total Ingeniería, industria y construcción";"Hombres";"Rendimiento"
"2018-2019";"66.34";"Total Ingeniería, industria y construcción";"Hombres";"Rendimiento"
"2017-2018";"64.79";"Total Ingeniería, industria y construcción";"Hombres";"Rendimiento"
"2016-2017";"66.32";"Total Ingeniería, industria y construcción";"Hombres";"Rendimiento"
"2015-2016";"67.78";"Total Ingeniería, industria y construcción";"Hombres";"Rendimiento"
"2022-2023";"72.17";"Ingenierías";"Hombres";"Rendimiento"
"2021-2022";"72.43";"Ingenierías";"Hombres";"Rendimiento"
"2020-2021";"73.6";"Ingenierías";"Hombres";"Rendimiento"
"2019-2020";"77.63";"Ingenierías";"Hombres";"Rendimiento"
"2018-2019";"71.9";"Ingenierías";"Hombres";"Rendimiento"
"2017-2018";"69.47";"Ingenierías";"Hombres";"Rendimiento"
"2016-2017";"68.53";"Ingenierías";"Hombres";"Rendimiento"
"2015-2016";"69.82";"Ingenierías";"Hombres";"Rendimiento"
"2022-2023";"61.94";"Arquitectura y construcción";"Hombres";"Rendimiento"
"2021-2022";"58.04";"Arquitectura y construcción";"Hombres";"Rendimiento"
"2020-2021";"55.84";"Arquitectura y construcción";"Hombres";"Rendimiento"
"2019-2020";"65.6";"Arquitectura y construcción";"Hombres";"Rendimiento"
"2018-2019";"60.64";"Arquitectura y construcción";"Hombres";"Rendimiento"
"2017-2018";"60.94";"Arquitectura y construcción";"Hombres";"Rendimiento"
"2016-2017";"64.87";"Arquitectura y construcción";"Hombres";"Rendimiento"
"2015-2016";"66.8";"Arquitectura y construcción";"Hombres";"Rendimiento"
"2022-2023";"..";"Total Agricultura, ganadería,  silvicultura, pesca, y veterinaria";"Hombres";"Rendimiento"
"2021-2022";"..";"Total Agricultura, ganadería,  silvicultura, pesca, y veterinaria";"Hombres";"Rendimiento"
"2020-2021";"..";"Total Agricultura, ganadería,  silvicultura, pesca, y veterinaria";"Hombres";"Rendimiento"
"2019-2020";"..";"Total Agricultura, ganadería,  silvicultura, pesca, y veterinaria";"Hombres";"Rendimiento"
"2018-2019";"..";"Total Agricultura, ganadería,  silvicultura, pesca, y veterinaria";"Hombres";"Rendimiento"
"2017-2018";"..";"Total Agricultura, ganadería,  silvicultura, pesca, y veterinaria";"Hombres";"Rendimiento"
"2016-2017";"..";"Total Agricultura, ganadería,  silvicultura, pesca, y veterinaria";"Hombres";"Rendimiento"
"2015-2016";"..";"Total Agricultura, ganadería,  silvicultura, pesca, y veterinaria";"Hombres";"Rendimiento"
"2022-2023";"..";"Agricultura, ganadería y pesca";"Hombres";"Rendimiento"
"2021-2022";"..";"Agricultura, ganadería y pesca";"Hombres";"Rendimiento"
"2020-2021";"..";"Agricultura, ganadería y pesca";"Hombres";"Rendimiento"
"2019-2020";"..";"Agricultura, ganadería y pesca";"Hombres";"Rendimiento"
"2018-2019";"..";"Agricultura, ganadería y pesca";"Hombres";"Rendimiento"
"2017-2018";"..";"Agricultura, ganadería y pesca";"Hombres";"Rendimiento"
"2016-2017";"..";"Agricultura, ganadería y pesca";"Hombres";"Rendimiento"
"2015-2016";"..";"Agricultura, ganadería y pesca";"Hombres";"Rendimiento"
"2022-2023";"..";"Veterinaria";"Hombres";"Rendimiento"
"2021-2022";"..";"Veterinaria";"Hombres";"Rendimiento"
"2020-2021";"..";"Veterinaria";"Hombres";"Rendimiento"
"2019-2020";"..";"Veterinaria";"Hombres";"Rendimiento"
"2018-2019";"..";"Veterinaria";"Hombres";"Rendimiento"
"2017-2018";"..";"Veterinaria";"Hombres";"Rendimiento"
"2016-2017";"..";"Veterinaria";"Hombres";"Rendimiento"
"2015-2016";"..";"Veterinaria";"Hombres";"Rendimiento"
"2022-2023";"84.93";"Total Salud y servicios sociales";"Hombres";"Rendimiento"
"2021-2022";"83.87";"Total Salud y servicios sociales";"Hombres";"Rendimiento"
"2020-2021";"84.53";"Total Salud y servicios sociales";"Hombres";"Rendimiento"
"2019-2020";"91.2";"Total Salud y servicios sociales";"Hombres";"Rendimiento"
"2018-2019";"82.49";"Total Salud y servicios sociales";"Hombres";"Rendimiento"
"2017-2018";"83.8";"Total Salud y servicios sociales";"Hombres";"Rendimiento"
"2016-2017";"85.45";"Total Salud y servicios sociales";"Hombres";"Rendimiento"
"2015-2016";"87.56";"Total Salud y servicios sociales";"Hombres";"Rendimiento"
"2022-2023";"..";"Medicina";"Hombres";"Rendimiento"
"2021-2022";"..";"Medicina";"Hombres";"Rendimiento"
"2020-2021";"..";"Medicina";"Hombres";"Rendimiento"
"2019-2020";"..";"Medicina";"Hombres";"Rendimiento"
"2018-2019";"..";"Medicina";"Hombres";"Rendimiento"
"2017-2018";"..";"Medicina";"Hombres";"Rendimiento"
"2016-2017";"..";"Medicina";"Hombres";"Rendimiento"
"2015-2016";"..";"Medicina";"Hombres";"Rendimiento"
"2022-2023";"94.07";"Enfermería y atención a enfermos";"Hombres";"Rendimiento"
"2021-2022";"94.87";"Enfermería y atención a enfermos";"Hombres";"Rendimiento"
"2020-2021";"94.65";"Enfermería y atención a enfermos";"Hombres";"Rendimiento"
"2019-2020";"97.82";"Enfermería y atención a enfermos";"Hombres";"Rendimiento"
"2018-2019";"95.26";"Enfermería y atención a enfermos";"Hombres";"Rendimiento"
"2017-2018";"96.23";"Enfermería y atención a enfermos";"Hombres";"Rendimiento"
"2016-2017";"95.63";"Enfermería y atención a enfermos";"Hombres";"Rendimiento"
"2015-2016";"97.39";"Enfermería y atención a enfermos";"Hombres";"Rendimiento"
"2022-2023";"80.31";"Otras ciencias de la Salud";"Hombres";"Rendimiento"
"2021-2022";"77.86";"Otras ciencias de la Salud";"Hombres";"Rendimiento"
"2020-2021";"77.66";"Otras ciencias de la Salud";"Hombres";"Rendimiento"
"2019-2020";"87.25";"Otras ciencias de la Salud";"Hombres";"Rendimiento"
"2018-2019";"76.92";"Otras ciencias de la Salud";"Hombres";"Rendimiento"
"2017-2018";"77.79";"Otras ciencias de la Salud";"Hombres";"Rendimiento"
"2016-2017";"80.98";"Otras ciencias de la Salud";"Hombres";"Rendimiento"
"2015-2016";"81.61";"Otras ciencias de la Salud";"Hombres";"Rendimiento"
"2022-2023";"83.89";"Trabajo social y orientación";"Hombres";"Rendimiento"
"2021-2022";"83.28";"Trabajo social y orientación";"Hombres";"Rendimiento"
"2020-2021";"88.43";"Trabajo social y orientación";"Hombres";"Rendimiento"
"2019-2020";"92.28";"Trabajo social y orientación";"Hombres";"Rendimiento"
"2018-2019";"78.45";"Trabajo social y orientación";"Hombres";"Rendimiento"
"2017-2018";"80.17";"Trabajo social y orientación";"Hombres";"Rendimiento"
"2016-2017";"78.37";"Trabajo social y orientación";"Hombres";"Rendimiento"
"2015-2016";"81.91";"Trabajo social y orientación";"Hombres";"Rendimiento"
"2022-2023";"80.44";"Total Servicios";"Hombres";"Rendimiento"
"2021-2022";"80.54";"Total Servicios";"Hombres";"Rendimiento"
"2020-2021";"83.29";"Total Servicios";"Hombres";"Rendimiento"
"2019-2020";"86.06";"Total Servicios";"Hombres";"Rendimiento"
"2018-2019";"80.84";"Total Servicios";"Hombres";"Rendimiento"
"2017-2018";"83.36";"Total Servicios";"Hombres";"Rendimiento"
"2016-2017";"82.88";"Total Servicios";"Hombres";"Rendimiento"
"2015-2016";"83.74";"Total Servicios";"Hombres";"Rendimiento"
"2022-2023";"88.08";"Deportes";"Hombres";"Rendimiento"
"2021-2022";"88.36";"Deportes";"Hombres";"Rendimiento"
"2020-2021";"90.24";"Deportes";"Hombres";"Rendimiento"
"2019-2020";"93.48";"Deportes";"Hombres";"Rendimiento"
"2018-2019";"89.38";"Deportes";"Hombres";"Rendimiento"
"2017-2018";"89.5";"Deportes";"Hombres";"Rendimiento"
"2016-2017";"90.33";"Deportes";"Hombres";"Rendimiento"
"2015-2016";"91.63";"Deportes";"Hombres";"Rendimiento"
"2022-2023";"73.17";"Turismo y Hostelería";"Hombres";"Rendimiento"
"2021-2022";"74.12";"Turismo y Hostelería";"Hombres";"Rendimiento"
"2020-2021";"77.64";"Turismo y Hostelería";"Hombres";"Rendimiento"
"2019-2020";"79.59";"Turismo y Hostelería";"Hombres";"Rendimiento"
"2018-2019";"71.97";"Turismo y Hostelería";"Hombres";"Rendimiento"
"2017-2018";"75.95";"Turismo y Hostelería";"Hombres";"Rendimiento"
"2016-2017";"74.24";"Turismo y Hostelería";"Hombres";"Rendimiento"
"2015-2016";"75.81";"Turismo y Hostelería";"Hombres";"Rendimiento"
"2022-2023";"..";"Otros Servicios";"Hombres";"Rendimiento"
"2021-2022";"..";"Otros Servicios";"Hombres";"Rendimiento"
"2020-2021";"..";"Otros Servicios";"Hombres";"Rendimiento"
"2019-2020";"..";"Otros Servicios";"Hombres";"Rendimiento"
"2018-2019";"..";"Otros Servicios";"Hombres";"Rendimiento"
"2017-2018";"..";"Otros Servicios";"Hombres";"Rendimiento"
"2016-2017";"..";"Otros Servicios";"Hombres";"Rendimiento"
"2015-2016";"..";"Otros Servicios";"Hombres";"Rendimiento"
"2022-2023";"???";"Alicante";"Hombres";"Exito"
"2021-2022";"???";"Alicante";"Hombres";"Exito"
"2020-2021";"???";"Alicante";"Hombres";"Exito"
"2019-2020";"???";"Alicante";"Hombres";"Exito"
"2018-2019";"???";"Alicante";"Hombres";"Exito"
"2017-2018";"???";"Alicante";"Hombres";"Exito"
"2016-2017";"???";"Alicante";"Hombres";"Exito"
"2015-2016";"???";"Alicante";"Hombres";"Exito"
"2022-2023";"81.06";"Todos los ámbitos";"Hombres";"Exito"
"2021-2022";"80.28";"Todos los ámbitos";"Hombres";"Exito"
"2020-2021";"82.95";"Todos los ámbitos";"Hombres";"Exito"
"2019-2020";"87.83";"Todos los ámbitos";"Hombres";"Exito"
"2018-2019";"82.47";"Todos los ámbitos";"Hombres";"Exito"
"2017-2018";"81.68";"Todos los ámbitos";"Hombres";"Exito"
"2016-2017";"82.53";"Todos los ámbitos";"Hombres";"Exito"
"2015-2016";"82.33";"Todos los ámbitos";"Hombres";"Exito"
"2022-2023";"92.76";"Total Educación";"Hombres";"Exito"
"2021-2022";"92.5";"Total Educación";"Hombres";"Exito"
"2020-2021";"94.9";"Total Educación";"Hombres";"Exito"
"2019-2020";"96.49";"Total Educación";"Hombres";"Exito"
"2018-2019";"92.49";"Total Educación";"Hombres";"Exito"
"2017-2018";"92.95";"Total Educación";"Hombres";"Exito"
"2016-2017";"93.61";"Total Educación";"Hombres";"Exito"
"2015-2016";"92.57";"Total Educación";"Hombres";"Exito"
"2022-2023";"89.11";"Formación de docentes de enseñanza infantil";"Hombres";"Exito"
"2021-2022";"89.7";"Formación de docentes de enseñanza infantil";"Hombres";"Exito"
"2020-2021";"91.49";"Formación de docentes de enseñanza infantil";"Hombres";"Exito"
"2019-2020";"95.09";"Formación de docentes de enseñanza infantil";"Hombres";"Exito"
"2018-2019";"89.8";"Formación de docentes de enseñanza infantil";"Hombres";"Exito"
"2017-2018";"91.85";"Formación de docentes de enseñanza infantil";"Hombres";"Exito"
"2016-2017";"92.15";"Formación de docentes de enseñanza infantil";"Hombres";"Exito"
"2015-2016";"93.56";"Formación de docentes de enseñanza infantil";"Hombres";"Exito"
"2022-2023";"93.71";"Formación de docentes de enseñanza primaria";"Hombres";"Exito"
"2021-2022";"93.17";"Formación de docentes de enseñanza primaria";"Hombres";"Exito"
"2020-2021";"95.59";"Formación de docentes de enseñanza primaria";"Hombres";"Exito"
"2019-2020";"96.77";"Formación de docentes de enseñanza primaria";"Hombres";"Exito"
"2018-2019";"92.96";"Formación de docentes de enseñanza primaria";"Hombres";"Exito"
"2017-2018";"93.15";"Formación de docentes de enseñanza primaria";"Hombres";"Exito"
"2016-2017";"93.9";"Formación de docentes de enseñanza primaria";"Hombres";"Exito"
"2015-2016";"92.39";"Formación de docentes de enseñanza primaria";"Hombres";"Exito"
"2022-2023";"..";"Otra Formación de personal docente y ciencias de la educación";"Hombres";"Exito"
"2021-2022";"..";"Otra Formación de personal docente y ciencias de la educación";"Hombres";"Exito"
"2020-2021";"..";"Otra Formación de personal docente y ciencias de la educación";"Hombres";"Exito"
"2019-2020";"..";"Otra Formación de personal docente y ciencias de la educación";"Hombres";"Exito"
"2018-2019";"..";"Otra Formación de personal docente y ciencias de la educación";"Hombres";"Exito"
"2017-2018";"..";"Otra Formación de personal docente y ciencias de la educación";"Hombres";"Exito"
"2016-2017";"..";"Otra Formación de personal docente y ciencias de la educación";"Hombres";"Exito"
"2015-2016";"..";"Otra Formación de personal docente y ciencias de la educación";"Hombres";"Exito"
"2022-2023";"85.38";"Total Artes y humanidades";"Hombres";"Exito"
"2021-2022";"84.66";"Total Artes y humanidades";"Hombres";"Exito"
"2020-2021";"87.37";"Total Artes y humanidades";"Hombres";"Exito"
"2019-2020";"91.95";"Total Artes y humanidades";"Hombres";"Exito"
"2018-2019";"86.74";"Total Artes y humanidades";"Hombres";"Exito"
"2017-2018";"85.75";"Total Artes y humanidades";"Hombres";"Exito"
"2016-2017";"87.63";"Total Artes y humanidades";"Hombres";"Exito"
"2015-2016";"89.31";"Total Artes y humanidades";"Hombres";"Exito"
"2022-2023";"..";"Técnicas audiovisuales y medios de comunicación";"Hombres";"Exito"
"2021-2022";"..";"Técnicas audiovisuales y medios de comunicación";"Hombres";"Exito"
"2020-2021";"..";"Técnicas audiovisuales y medios de comunicación";"Hombres";"Exito"
"2019-2020";"..";"Técnicas audiovisuales y medios de comunicación";"Hombres";"Exito"
"2018-2019";"..";"Técnicas audiovisuales y medios de comunicación";"Hombres";"Exito"
"2017-2018";"..";"Técnicas audiovisuales y medios de comunicación";"Hombres";"Exito"
"2016-2017";"..";"Técnicas audiovisuales y medios de comunicación";"Hombres";"Exito"
"2015-2016";"..";"Técnicas audiovisuales y medios de comunicación";"Hombres";"Exito"
"2022-2023";"..";"Artes";"Hombres";"Exito"
"2021-2022";"..";"Artes";"Hombres";"Exito"
"2020-2021";"..";"Artes";"Hombres";"Exito"
"2019-2020";"..";"Artes";"Hombres";"Exito"
"2018-2019";"..";"Artes";"Hombres";"Exito"
"2017-2018";"..";"Artes";"Hombres";"Exito"
"2016-2017";"..";"Artes";"Hombres";"Exito"
"2015-2016";"..";"Artes";"Hombres";"Exito"
"2022-2023";"86.67";"Lenguas";"Hombres";"Exito"
"2021-2022";"86.1";"Lenguas";"Hombres";"Exito"
"2020-2021";"87.88";"Lenguas";"Hombres";"Exito"
"2019-2020";"91.85";"Lenguas";"Hombres";"Exito"
"2018-2019";"87.39";"Lenguas";"Hombres";"Exito"
"2017-2018";"87.54";"Lenguas";"Hombres";"Exito"
"2016-2017";"89.93";"Lenguas";"Hombres";"Exito"
"2015-2016";"89.68";"Lenguas";"Hombres";"Exito"
"2022-2023";"84.33";"Humanidades";"Hombres";"Exito"
"2021-2022";"83.42";"Humanidades";"Hombres";"Exito"
"2020-2021";"86.9";"Humanidades";"Hombres";"Exito"
"2019-2020";"92.06";"Humanidades";"Hombres";"Exito"
"2018-2019";"86.07";"Humanidades";"Hombres";"Exito"
"2017-2018";"83.8";"Humanidades";"Hombres";"Exito"
"2016-2017";"85.22";"Humanidades";"Hombres";"Exito"
"2015-2016";"88.91";"Humanidades";"Hombres";"Exito"
"2022-2023";"83.47";"Total Ciencias sociales, periodismo y documentación";"Hombres";"Exito"
"2021-2022";"84.41";"Total Ciencias sociales, periodismo y documentación";"Hombres";"Exito"
"2020-2021";"87.56";"Total Ciencias sociales, periodismo y documentación";"Hombres";"Exito"
"2019-2020";"90.95";"Total Ciencias sociales, periodismo y documentación";"Hombres";"Exito"
"2018-2019";"85.52";"Total Ciencias sociales, periodismo y documentación";"Hombres";"Exito"
"2017-2018";"85.89";"Total Ciencias sociales, periodismo y documentación";"Hombres";"Exito"
"2016-2017";"85.6";"Total Ciencias sociales, periodismo y documentación";"Hombres";"Exito"
"2015-2016";"86.09";"Total Ciencias sociales, periodismo y documentación";"Hombres";"Exito"
"2022-2023";"..";"Psicología";"Hombres";"Exito"
"2021-2022";"..";"Psicología";"Hombres";"Exito"
"2020-2021";"..";"Psicología";"Hombres";"Exito"
"2019-2020";"..";"Psicología";"Hombres";"Exito"
"2018-2019";"..";"Psicología";"Hombres";"Exito"
"2017-2018";"..";"Psicología";"Hombres";"Exito"
"2016-2017";"..";"Psicología";"Hombres";"Exito"
"2015-2016";"..";"Psicología";"Hombres";"Exito"
"2022-2023";"76.43";"Economía";"Hombres";"Exito"
"2021-2022";"77.46";"Economía";"Hombres";"Exito"
"2020-2021";"81.64";"Economía";"Hombres";"Exito"
"2019-2020";"84.85";"Economía";"Hombres";"Exito"
"2018-2019";"81.5";"Economía";"Hombres";"Exito"
"2017-2018";"82.02";"Economía";"Hombres";"Exito"
"2016-2017";"81.22";"Economía";"Hombres";"Exito"
"2015-2016";"80.23";"Economía";"Hombres";"Exito"
"2022-2023";"88.04";"Otras Ciencias sociales y del comportamiento";"Hombres";"Exito"
"2021-2022";"89.16";"Otras Ciencias sociales y del comportamiento";"Hombres";"Exito"
"2020-2021";"91.41";"Otras Ciencias sociales y del comportamiento";"Hombres";"Exito"
"2019-2020";"94.95";"Otras Ciencias sociales y del comportamiento";"Hombres";"Exito"
"2018-2019";"88.78";"Otras Ciencias sociales y del comportamiento";"Hombres";"Exito"
"2017-2018";"88.92";"Otras Ciencias sociales y del comportamiento";"Hombres";"Exito"
"2016-2017";"89.05";"Otras Ciencias sociales y del comportamiento";"Hombres";"Exito"
"2015-2016";"90.06";"Otras Ciencias sociales y del comportamiento";"Hombres";"Exito"
"2022-2023";"..";"Periodismo e información";"Hombres";"Exito"
"2021-2022";"..";"Periodismo e información";"Hombres";"Exito"
"2020-2021";"..";"Periodismo e información";"Hombres";"Exito"
"2019-2020";"..";"Periodismo e información";"Hombres";"Exito"
"2018-2019";"..";"Periodismo e información";"Hombres";"Exito"
"2017-2018";"..";"Periodismo e información";"Hombres";"Exito"
"2016-2017";"..";"Periodismo e información";"Hombres";"Exito"
"2015-2016";"..";"Periodismo e información";"Hombres";"Exito"
"2022-2023";"73.64";"Total Negocios, administración y derecho";"Hombres";"Exito"
"2021-2022";"72.24";"Total Negocios, administración y derecho";"Hombres";"Exito"
"2020-2021";"79.38";"Total Negocios, administración y derecho";"Hombres";"Exito"
"2019-2020";"85.29";"Total Negocios, administración y derecho";"Hombres";"Exito"
"2018-2019";"78.72";"Total Negocios, administración y derecho";"Hombres";"Exito"
"2017-2018";"76.72";"Total Negocios, administración y derecho";"Hombres";"Exito"
"2016-2017";"78.59";"Total Negocios, administración y derecho";"Hombres";"Exito"
"2015-2016";"77.22";"Total Negocios, administración y derecho";"Hombres";"Exito"
"2022-2023";"63.45";"Administración y gestión de empresas";"Hombres";"Exito"
"2021-2022";"61.63";"Administración y gestión de empresas";"Hombres";"Exito"
"2020-2021";"69.85";"Administración y gestión de empresas";"Hombres";"Exito"
"2019-2020";"76.49";"Administración y gestión de empresas";"Hombres";"Exito"
"2018-2019";"70.11";"Administración y gestión de empresas";"Hombres";"Exito"
"2017-2018";"67.19";"Administración y gestión de empresas";"Hombres";"Exito"
"2016-2017";"71.7";"Administración y gestión de empresas";"Hombres";"Exito"
"2015-2016";"70.31";"Administración y gestión de empresas";"Hombres";"Exito"
"2022-2023";"85.99";"Otra Educación comercial y empresarial";"Hombres";"Exito"
"2021-2022";"85.93";"Otra Educación comercial y empresarial";"Hombres";"Exito"
"2020-2021";"90.99";"Otra Educación comercial y empresarial";"Hombres";"Exito"
"2019-2020";"93.76";"Otra Educación comercial y empresarial";"Hombres";"Exito"
"2018-2019";"93.42";"Otra Educación comercial y empresarial";"Hombres";"Exito"
"2017-2018";"92.81";"Otra Educación comercial y empresarial";"Hombres";"Exito"
"2016-2017";"93.45";"Otra Educación comercial y empresarial";"Hombres";"Exito"
"2015-2016";"93.16";"Otra Educación comercial y empresarial";"Hombres";"Exito"
"2022-2023";"79.69";"Derecho";"Hombres";"Exito"
"2021-2022";"79.38";"Derecho";"Hombres";"Exito"
"2020-2021";"86.03";"Derecho";"Hombres";"Exito"
"2019-2020";"92.34";"Derecho";"Hombres";"Exito"
"2018-2019";"83.01";"Derecho";"Hombres";"Exito"
"2017-2018";"83.11";"Derecho";"Hombres";"Exito"
"2016-2017";"82.26";"Derecho";"Hombres";"Exito"
"2015-2016";"80.71";"Derecho";"Hombres";"Exito"
"2022-2023";"81.58";"Total Ciencias";"Hombres";"Exito"
"2021-2022";"80.15";"Total Ciencias";"Hombres";"Exito"
"2020-2021";"80.05";"Total Ciencias";"Hombres";"Exito"
"2019-2020";"88.19";"Total Ciencias";"Hombres";"Exito"
"2018-2019";"80.12";"Total Ciencias";"Hombres";"Exito"
"2017-2018";"79.91";"Total Ciencias";"Hombres";"Exito"
"2016-2017";"79.15";"Total Ciencias";"Hombres";"Exito"
"2015-2016";"81.0";"Total Ciencias";"Hombres";"Exito"
"2022-2023";"82.65";"Ciencias de la vida";"Hombres";"Exito"
"2021-2022";"82.1";"Ciencias de la vida";"Hombres";"Exito"
"2020-2021";"86.37";"Ciencias de la vida";"Hombres";"Exito"
"2019-2020";"94.0";"Ciencias de la vida";"Hombres";"Exito"
"2018-2019";"84.56";"Ciencias de la vida";"Hombres";"Exito"
"2017-2018";"84.94";"Ciencias de la vida";"Hombres";"Exito"
"2016-2017";"85.29";"Ciencias de la vida";"Hombres";"Exito"
"2015-2016";"85.23";"Ciencias de la vida";"Hombres";"Exito"
"2022-2023";"81.35";"Ciencias Físicas, químicas, geológicas";"Hombres";"Exito"
"2021-2022";"79.1";"Ciencias Físicas, químicas, geológicas";"Hombres";"Exito"
"2020-2021";"77.03";"Ciencias Físicas, químicas, geológicas";"Hombres";"Exito"
"2019-2020";"85.78";"Ciencias Físicas, químicas, geológicas";"Hombres";"Exito"
"2018-2019";"77.44";"Ciencias Físicas, químicas, geológicas";"Hombres";"Exito"
"2017-2018";"77.47";"Ciencias Físicas, químicas, geológicas";"Hombres";"Exito"
"2016-2017";"76.53";"Ciencias Físicas, químicas, geológicas";"Hombres";"Exito"
"2015-2016";"79.92";"Ciencias Físicas, químicas, geológicas";"Hombres";"Exito"
"2022-2023";"80.47";"Matemáticas y Estadística";"Hombres";"Exito"
"2021-2022";"79.61";"Matemáticas y Estadística";"Hombres";"Exito"
"2020-2021";"76.29";"Matemáticas y Estadística";"Hombres";"Exito"
"2019-2020";"83.36";"Matemáticas y Estadística";"Hombres";"Exito"
"2018-2019";"80.29";"Matemáticas y Estadística";"Hombres";"Exito"
"2017-2018";"76.16";"Matemáticas y Estadística";"Hombres";"Exito"
"2016-2017";"73.09";"Matemáticas y Estadística";"Hombres";"Exito"
"2015-2016";"75.13";"Matemáticas y Estadística";"Hombres";"Exito"
"2022-2023";"78.7";"Total Informática";"Hombres";"Exito"
"2021-2022";"76.7";"Total Informática";"Hombres";"Exito"
"2020-2021";"77.27";"Total Informática";"Hombres";"Exito"
"2019-2020";"82.83";"Total Informática";"Hombres";"Exito"
"2018-2019";"79.83";"Total Informática";"Hombres";"Exito"
"2017-2018";"78.4";"Total Informática";"Hombres";"Exito"
"2016-2017";"78.87";"Total Informática";"Hombres";"Exito"
"2015-2016";"77.34";"Total Informática";"Hombres";"Exito"
"2022-2023";"78.7";"Informática";"Hombres";"Exito"
"2021-2022";"76.7";"Informática";"Hombres";"Exito"
"2020-2021";"77.27";"Informática";"Hombres";"Exito"
"2019-2020";"82.83";"Informática";"Hombres";"Exito"
"2018-2019";"79.83";"Informática";"Hombres";"Exito"
"2017-2018";"78.4";"Informática";"Hombres";"Exito"
"2016-2017";"78.87";"Informática";"Hombres";"Exito"
"2015-2016";"77.34";"Informática";"Hombres";"Exito"
"2022-2023";"76.22";"Total Ingeniería, industria y construcción";"Hombres";"Exito"
"2021-2022";"76.94";"Total Ingeniería, industria y construcción";"Hombres";"Exito"
"2020-2021";"77.08";"Total Ingeniería, industria y construcción";"Hombres";"Exito"
"2019-2020";"81.51";"Total Ingeniería, industria y construcción";"Hombres";"Exito"
"2018-2019";"78.78";"Total Ingeniería, industria y construcción";"Hombres";"Exito"
"2017-2018";"77.97";"Total Ingeniería, industria y construcción";"Hombres";"Exito"
"2016-2017";"78.95";"Total Ingeniería, industria y construcción";"Hombres";"Exito"
"2015-2016";"79.07";"Total Ingeniería, industria y construcción";"Hombres";"Exito"
"2022-2023";"78.54";"Ingenierías";"Hombres";"Exito"
"2021-2022";"78.89";"Ingenierías";"Hombres";"Exito"
"2020-2021";"79.78";"Ingenierías";"Hombres";"Exito"
"2019-2020";"82.61";"Ingenierías";"Hombres";"Exito"
"2018-2019";"77.31";"Ingenierías";"Hombres";"Exito"
"2017-2018";"75.17";"Ingenierías";"Hombres";"Exito"
"2016-2017";"74.8";"Ingenierías";"Hombres";"Exito"
"2015-2016";"75.64";"Ingenierías";"Hombres";"Exito"
"2022-2023";"73.31";"Arquitectura y construcción";"Hombres";"Exito"
"2021-2022";"74.22";"Arquitectura y construcción";"Hombres";"Exito"
"2020-2021";"73.27";"Arquitectura y construcción";"Hombres";"Exito"
"2019-2020";"80.04";"Arquitectura y construcción";"Hombres";"Exito"
"2018-2019";"80.63";"Arquitectura y construcción";"Hombres";"Exito"
"2017-2018";"80.8";"Arquitectura y construcción";"Hombres";"Exito"
"2016-2017";"82.11";"Arquitectura y construcción";"Hombres";"Exito"
"2015-2016";"80.91";"Arquitectura y construcción";"Hombres";"Exito"
"2022-2023";"..";"Total Agricultura, ganadería,  silvicultura, pesca, y veterinaria";"Hombres";"Exito"
"2021-2022";"..";"Total Agricultura, ganadería,  silvicultura, pesca, y veterinaria";"Hombres";"Exito"
"2020-2021";"..";"Total Agricultura, ganadería,  silvicultura, pesca, y veterinaria";"Hombres";"Exito"
"2019-2020";"..";"Total Agricultura, ganadería,  silvicultura, pesca, y veterinaria";"Hombres";"Exito"
"2018-2019";"..";"Total Agricultura, ganadería,  silvicultura, pesca, y veterinaria";"Hombres";"Exito"
"2017-2018";"..";"Total Agricultura, ganadería,  silvicultura, pesca, y veterinaria";"Hombres";"Exito"
"2016-2017";"..";"Total Agricultura, ganadería,  silvicultura, pesca, y veterinaria";"Hombres";"Exito"
"2015-2016";"..";"Total Agricultura, ganadería,  silvicultura, pesca, y veterinaria";"Hombres";"Exito"
"2022-2023";"..";"Agricultura, ganadería y pesca";"Hombres";"Exito"
"2021-2022";"..";"Agricultura, ganadería y pesca";"Hombres";"Exito"
"2020-2021";"..";"Agricultura, ganadería y pesca";"Hombres";"Exito"
"2019-2020";"..";"Agricultura, ganadería y pesca";"Hombres";"Exito"
"2018-2019";"..";"Agricultura, ganadería y pesca";"Hombres";"Exito"
"2017-2018";"..";"Agricultura, ganadería y pesca";"Hombres";"Exito"
"2016-2017";"..";"Agricultura, ganadería y pesca";"Hombres";"Exito"
"2015-2016";"..";"Agricultura, ganadería y pesca";"Hombres";"Exito"
"2022-2023";"..";"Veterinaria";"Hombres";"Exito"
"2021-2022";"..";"Veterinaria";"Hombres";"Exito"
"2020-2021";"..";"Veterinaria";"Hombres";"Exito"
"2019-2020";"..";"Veterinaria";"Hombres";"Exito"
"2018-2019";"..";"Veterinaria";"Hombres";"Exito"
"2017-2018";"..";"Veterinaria";"Hombres";"Exito"
"2016-2017";"..";"Veterinaria";"Hombres";"Exito"
"2015-2016";"..";"Veterinaria";"Hombres";"Exito"
"2022-2023";"88.62";"Total Salud y servicios sociales";"Hombres";"Exito"
"2021-2022";"88.31";"Total Salud y servicios sociales";"Hombres";"Exito"
"2020-2021";"89.06";"Total Salud y servicios sociales";"Hombres";"Exito"
"2019-2020";"94.04";"Total Salud y servicios sociales";"Hombres";"Exito"
"2018-2019";"86.51";"Total Salud y servicios sociales";"Hombres";"Exito"
"2017-2018";"87.07";"Total Salud y servicios sociales";"Hombres";"Exito"
"2016-2017";"89.03";"Total Salud y servicios sociales";"Hombres";"Exito"
"2015-2016";"90.67";"Total Salud y servicios sociales";"Hombres";"Exito"
"2022-2023";"..";"Medicina";"Hombres";"Exito"
"2021-2022";"..";"Medicina";"Hombres";"Exito"
"2020-2021";"..";"Medicina";"Hombres";"Exito"
"2019-2020";"..";"Medicina";"Hombres";"Exito"
"2018-2019";"..";"Medicina";"Hombres";"Exito"
"2017-2018";"..";"Medicina";"Hombres";"Exito"
"2016-2017";"..";"Medicina";"Hombres";"Exito"
"2015-2016";"..";"Medicina";"Hombres";"Exito"
"2022-2023";"95.29";"Enfermería y atención a enfermos";"Hombres";"Exito"
"2021-2022";"96.52";"Enfermería y atención a enfermos";"Hombres";"Exito"
"2020-2021";"95.94";"Enfermería y atención a enfermos";"Hombres";"Exito"
"2019-2020";"98.44";"Enfermería y atención a enfermos";"Hombres";"Exito"
"2018-2019";"96.73";"Enfermería y atención a enfermos";"Hombres";"Exito"
"2017-2018";"97.44";"Enfermería y atención a enfermos";"Hombres";"Exito"
"2016-2017";"97.27";"Enfermería y atención a enfermos";"Hombres";"Exito"
"2015-2016";"98.15";"Enfermería y atención a enfermos";"Hombres";"Exito"
"2022-2023";"84.01";"Otras ciencias de la Salud";"Hombres";"Exito"
"2021-2022";"83.32";"Otras ciencias de la Salud";"Hombres";"Exito"
"2020-2021";"83.06";"Otras ciencias de la Salud";"Hombres";"Exito"
"2019-2020";"91.03";"Otras ciencias de la Salud";"Hombres";"Exito"
"2018-2019";"81.17";"Otras ciencias de la Salud";"Hombres";"Exito"
"2017-2018";"81.43";"Otras ciencias de la Salud";"Hombres";"Exito"
"2016-2017";"83.9";"Otras ciencias de la Salud";"Hombres";"Exito"
"2015-2016";"84.88";"Otras ciencias de la Salud";"Hombres";"Exito"
"2022-2023";"91.57";"Trabajo social y orientación";"Hombres";"Exito"
"2021-2022";"88.64";"Trabajo social y orientación";"Hombres";"Exito"
"2020-2021";"94.98";"Trabajo social y orientación";"Hombres";"Exito"
"2019-2020";"95.67";"Trabajo social y orientación";"Hombres";"Exito"
"2018-2019";"85.4";"Trabajo social y orientación";"Hombres";"Exito"
"2017-2018";"85.34";"Trabajo social y orientación";"Hombres";"Exito"
"2016-2017";"87.32";"Trabajo social y orientación";"Hombres";"Exito"
"2015-2016";"89.12";"Trabajo social y orientación";"Hombres";"Exito"
"2022-2023";"87.97";"Total Servicios";"Hombres";"Exito"
"2021-2022";"87.73";"Total Servicios";"Hombres";"Exito"
"2020-2021";"89.22";"Total Servicios";"Hombres";"Exito"
"2019-2020";"91.75";"Total Servicios";"Hombres";"Exito"
"2018-2019";"87.04";"Total Servicios";"Hombres";"Exito"
"2017-2018";"89.07";"Total Servicios";"Hombres";"Exito"
"2016-2017";"88.55";"Total Servicios";"Hombres";"Exito"
"2015-2016";"89.07";"Total Servicios";"Hombres";"Exito"
"2022-2023";"91.87";"Deportes";"Hombres";"Exito"
"2021-2022";"92.82";"Deportes";"Hombres";"Exito"
"2020-2021";"93.7";"Deportes";"Hombres";"Exito"
"2019-2020";"96.02";"Deportes";"Hombres";"Exito"
"2018-2019";"94.04";"Deportes";"Hombres";"Exito"
"2017-2018";"94.45";"Deportes";"Hombres";"Exito"
"2016-2017";"95.19";"Deportes";"Hombres";"Exito"
"2015-2016";"95.51";"Deportes";"Hombres";"Exito"
"2022-2023";"83.88";"Turismo y Hostelería";"Hombres";"Exito"
"2021-2022";"83.27";"Turismo y Hostelería";"Hombres";"Exito"
"2020-2021";"85.35";"Turismo y Hostelería";"Hombres";"Exito"
"2019-2020";"87.75";"Turismo y Hostelería";"Hombres";"Exito"
"2018-2019";"79.41";"Turismo y Hostelería";"Hombres";"Exito"
"2017-2018";"82.38";"Turismo y Hostelería";"Hombres";"Exito"
"2016-2017";"80.62";"Turismo y Hostelería";"Hombres";"Exito"
"2015-2016";"82.33";"Turismo y Hostelería";"Hombres";"Exito"
"2022-2023";"..";"Otros Servicios";"Hombres";"Exito"
"2021-2022";"..";"Otros Servicios";"Hombres";"Exito"
"2020-2021";"..";"Otros Servicios";"Hombres";"Exito"
"2019-2020";"..";"Otros Servicios";"Hombres";"Exito"
"2018-2019";"..";"Otros Servicios";"Hombres";"Exito"
"2017-2018";"..";"Otros Servicios";"Hombres";"Exito"
"2016-2017";"..";"Otros Servicios";"Hombres";"Exito"
"2015-2016";"..";"Otros Servicios";"Hombres";"Exito"
"2022-2023";"???";"Alicante";"Hombres";"Evaluacion"
"2021-2022";"???";"Alicante";"Hombres";"Evaluacion"
"2020-2021";"???";"Alicante";"Hombres";"Evaluacion"
"2019-2020";"???";"Alicante";"Hombres";"Evaluacion"
"2018-2019";"???";"Alicante";"Hombres";"Evaluacion"
"2017-2018";"???";"Alicante";"Hombres";"Evaluacion"
"2016-2017";"???";"Alicante";"Hombres";"Evaluacion"
"2015-2016";"???";"Alicante";"Hombres";"Evaluacion"
"2022-2023";"91.15";"Todos los ámbitos";"Hombres";"Evaluacion"
"2021-2022";"90.15";"Todos los ámbitos";"Hombres";"Evaluacion"
"2020-2021";"91.51";"Todos los ámbitos";"Hombres";"Evaluacion"
"2019-2020";"93.49";"Todos los ámbitos";"Hombres";"Evaluacion"
"2018-2019";"90.47";"Todos los ámbitos";"Hombres";"Evaluacion"
"2017-2018";"90.35";"Todos los ámbitos";"Hombres";"Evaluacion"
"2016-2017";"90.84";"Todos los ámbitos";"Hombres";"Evaluacion"
"2015-2016";"91.54";"Todos los ámbitos";"Hombres";"Evaluacion"
"2022-2023";"95.17";"Total Educación";"Hombres";"Evaluacion"
"2021-2022";"95.37";"Total Educación";"Hombres";"Evaluacion"
"2020-2021";"97.16";"Total Educación";"Hombres";"Evaluacion"
"2019-2020";"96.59";"Total Educación";"Hombres";"Evaluacion"
"2018-2019";"94.67";"Total Educación";"Hombres";"Evaluacion"
"2017-2018";"95.68";"Total Educación";"Hombres";"Evaluacion"
"2016-2017";"95.64";"Total Educación";"Hombres";"Evaluacion"
"2015-2016";"95.94";"Total Educación";"Hombres";"Evaluacion"
"2022-2023";"94.57";"Formación de docentes de enseñanza infantil";"Hombres";"Evaluacion"
"2021-2022";"96.6";"Formación de docentes de enseñanza infantil";"Hombres";"Evaluacion"
"2020-2021";"95.94";"Formación de docentes de enseñanza infantil";"Hombres";"Evaluacion"
"2019-2020";"95.14";"Formación de docentes de enseñanza infantil";"Hombres";"Evaluacion"
"2018-2019";"91.15";"Formación de docentes de enseñanza infantil";"Hombres";"Evaluacion"
"2017-2018";"93.48";"Formación de docentes de enseñanza infantil";"Hombres";"Evaluacion"
"2016-2017";"95.73";"Formación de docentes de enseñanza infantil";"Hombres";"Evaluacion"
"2015-2016";"95.15";"Formación de docentes de enseñanza infantil";"Hombres";"Evaluacion"
"2022-2023";"95.33";"Formación de docentes de enseñanza primaria";"Hombres";"Evaluacion"
"2021-2022";"95.08";"Formación de docentes de enseñanza primaria";"Hombres";"Evaluacion"
"2020-2021";"97.41";"Formación de docentes de enseñanza primaria";"Hombres";"Evaluacion"
"2019-2020";"96.89";"Formación de docentes de enseñanza primaria";"Hombres";"Evaluacion"
"2018-2019";"95.31";"Formación de docentes de enseñanza primaria";"Hombres";"Evaluacion"
"2017-2018";"96.11";"Formación de docentes de enseñanza primaria";"Hombres";"Evaluacion"
"2016-2017";"95.63";"Formación de docentes de enseñanza primaria";"Hombres";"Evaluacion"
"2015-2016";"96.09";"Formación de docentes de enseñanza primaria";"Hombres";"Evaluacion"
"2022-2023";"..";"Otra Formación de personal docente y ciencias de la educación";"Hombres";"Evaluacion"
"2021-2022";"..";"Otra Formación de personal docente y ciencias de la educación";"Hombres";"Evaluacion"
"2020-2021";"..";"Otra Formación de personal docente y ciencias de la educación";"Hombres";"Evaluacion"
"2019-2020";"..";"Otra Formación de personal docente y ciencias de la educación";"Hombres";"Evaluacion"
"2018-2019";"..";"Otra Formación de personal docente y ciencias de la educación";"Hombres";"Evaluacion"
"2017-2018";"..";"Otra Formación de personal docente y ciencias de la educación";"Hombres";"Evaluacion"
"2016-2017";"..";"Otra Formación de personal docente y ciencias de la educación";"Hombres";"Evaluacion"
"2015-2016";"..";"Otra Formación de personal docente y ciencias de la educación";"Hombres";"Evaluacion"
"2022-2023";"89.36";"Total Artes y humanidades";"Hombres";"Evaluacion"
"2021-2022";"89.61";"Total Artes y humanidades";"Hombres";"Evaluacion"
"2020-2021";"91.64";"Total Artes y humanidades";"Hombres";"Evaluacion"
"2019-2020";"91.95";"Total Artes y humanidades";"Hombres";"Evaluacion"
"2018-2019";"90.51";"Total Artes y humanidades";"Hombres";"Evaluacion"
"2017-2018";"89.55";"Total Artes y humanidades";"Hombres";"Evaluacion"
"2016-2017";"90.8";"Total Artes y humanidades";"Hombres";"Evaluacion"
"2015-2016";"93.3";"Total Artes y humanidades";"Hombres";"Evaluacion"
"2022-2023";"..";"Técnicas audiovisuales y medios de comunicación";"Hombres";"Evaluacion"
"2021-2022";"..";"Técnicas audiovisuales y medios de comunicación";"Hombres";"Evaluacion"
"2020-2021";"..";"Técnicas audiovisuales y medios de comunicación";"Hombres";"Evaluacion"
"2019-2020";"..";"Técnicas audiovisuales y medios de comunicación";"Hombres";"Evaluacion"
"2018-2019";"..";"Técnicas audiovisuales y medios de comunicación";"Hombres";"Evaluacion"
"2017-2018";"..";"Técnicas audiovisuales y medios de comunicación";"Hombres";"Evaluacion"
"2016-2017";"..";"Técnicas audiovisuales y medios de comunicación";"Hombres";"Evaluacion"
"2015-2016";"..";"Técnicas audiovisuales y medios de comunicación";"Hombres";"Evaluacion"
"2022-2023";"..";"Artes";"Hombres";"Evaluacion"
"2021-2022";"..";"Artes";"Hombres";"Evaluacion"
"2020-2021";"..";"Artes";"Hombres";"Evaluacion"
"2019-2020";"..";"Artes";"Hombres";"Evaluacion"
"2018-2019";"..";"Artes";"Hombres";"Evaluacion"
"2017-2018";"..";"Artes";"Hombres";"Evaluacion"
"2016-2017";"..";"Artes";"Hombres";"Evaluacion"
"2015-2016";"..";"Artes";"Hombres";"Evaluacion"
"2022-2023";"88.15";"Lenguas";"Hombres";"Evaluacion"
"2021-2022";"87.94";"Lenguas";"Hombres";"Evaluacion"
"2020-2021";"89.53";"Lenguas";"Hombres";"Evaluacion"
"2019-2020";"89.94";"Lenguas";"Hombres";"Evaluacion"
"2018-2019";"89.86";"Lenguas";"Hombres";"Evaluacion"
"2017-2018";"88.66";"Lenguas";"Hombres";"Evaluacion"
"2016-2017";"88.9";"Lenguas";"Hombres";"Evaluacion"
"2015-2016";"91.62";"Lenguas";"Hombres";"Evaluacion"
"2022-2023";"90.36";"Humanidades";"Hombres";"Evaluacion"
"2021-2022";"91.1";"Humanidades";"Hombres";"Evaluacion"
"2020-2021";"93.69";"Humanidades";"Hombres";"Evaluacion"
"2019-2020";"94.1";"Humanidades";"Hombres";"Evaluacion"
"2018-2019";"91.19";"Humanidades";"Hombres";"Evaluacion"
"2017-2018";"90.55";"Humanidades";"Hombres";"Evaluacion"
"2016-2017";"92.89";"Humanidades";"Hombres";"Evaluacion"
"2015-2016";"95.16";"Humanidades";"Hombres";"Evaluacion"
"2022-2023";"92.0";"Total Ciencias sociales, periodismo y documentación";"Hombres";"Evaluacion"
"2021-2022";"91.82";"Total Ciencias sociales, periodismo y documentación";"Hombres";"Evaluacion"
"2020-2021";"92.91";"Total Ciencias sociales, periodismo y documentación";"Hombres";"Evaluacion"
"2019-2020";"93.81";"Total Ciencias sociales, periodismo y documentación";"Hombres";"Evaluacion"
"2018-2019";"90.25";"Total Ciencias sociales, periodismo y documentación";"Hombres";"Evaluacion"
"2017-2018";"93.79";"Total Ciencias sociales, periodismo y documentación";"Hombres";"Evaluacion"
"2016-2017";"92.9";"Total Ciencias sociales, periodismo y documentación";"Hombres";"Evaluacion"
"2015-2016";"93.05";"Total Ciencias sociales, periodismo y documentación";"Hombres";"Evaluacion"
"2022-2023";"..";"Psicología";"Hombres";"Evaluacion"
"2021-2022";"..";"Psicología";"Hombres";"Evaluacion"
"2020-2021";"..";"Psicología";"Hombres";"Evaluacion"
"2019-2020";"..";"Psicología";"Hombres";"Evaluacion"
"2018-2019";"..";"Psicología";"Hombres";"Evaluacion"
"2017-2018";"..";"Psicología";"Hombres";"Evaluacion"
"2016-2017";"..";"Psicología";"Hombres";"Evaluacion"
"2015-2016";"..";"Psicología";"Hombres";"Evaluacion"
"2022-2023";"89.46";"Economía";"Hombres";"Evaluacion"
"2021-2022";"90.63";"Economía";"Hombres";"Evaluacion"
"2020-2021";"92.19";"Economía";"Hombres";"Evaluacion"
"2019-2020";"92.89";"Economía";"Hombres";"Evaluacion"
"2018-2019";"90.22";"Economía";"Hombres";"Evaluacion"
"2017-2018";"93.87";"Economía";"Hombres";"Evaluacion"
"2016-2017";"95.67";"Economía";"Hombres";"Evaluacion"
"2015-2016";"94.18";"Economía";"Hombres";"Evaluacion"
"2022-2023";"93.73";"Otras Ciencias sociales y del comportamiento";"Hombres";"Evaluacion"
"2021-2022";"92.66";"Otras Ciencias sociales y del comportamiento";"Hombres";"Evaluacion"
"2020-2021";"93.39";"Otras Ciencias sociales y del comportamiento";"Hombres";"Evaluacion"
"2019-2020";"94.42";"Otras Ciencias sociales y del comportamiento";"Hombres";"Evaluacion"
"2018-2019";"90.27";"Otras Ciencias sociales y del comportamiento";"Hombres";"Evaluacion"
"2017-2018";"93.73";"Otras Ciencias sociales y del comportamiento";"Hombres";"Evaluacion"
"2016-2017";"90.84";"Otras Ciencias sociales y del comportamiento";"Hombres";"Evaluacion"
"2015-2016";"92.31";"Otras Ciencias sociales y del comportamiento";"Hombres";"Evaluacion"
"2022-2023";"..";"Periodismo e información";"Hombres";"Evaluacion"
"2021-2022";"..";"Periodismo e información";"Hombres";"Evaluacion"
"2020-2021";"..";"Periodismo e información";"Hombres";"Evaluacion"
"2019-2020";"..";"Periodismo e información";"Hombres";"Evaluacion"
"2018-2019";"..";"Periodismo e información";"Hombres";"Evaluacion"
"2017-2018";"..";"Periodismo e información";"Hombres";"Evaluacion"
"2016-2017";"..";"Periodismo e información";"Hombres";"Evaluacion"
"2015-2016";"..";"Periodismo e información";"Hombres";"Evaluacion"
"2022-2023";"87.7";"Total Negocios, administración y derecho";"Hombres";"Evaluacion"
"2021-2022";"86.75";"Total Negocios, administración y derecho";"Hombres";"Evaluacion"
"2020-2021";"90.9";"Total Negocios, administración y derecho";"Hombres";"Evaluacion"
"2019-2020";"94.41";"Total Negocios, administración y derecho";"Hombres";"Evaluacion"
"2018-2019";"89.38";"Total Negocios, administración y derecho";"Hombres";"Evaluacion"
"2017-2018";"89.17";"Total Negocios, administración y derecho";"Hombres";"Evaluacion"
"2016-2017";"90.54";"Total Negocios, administración y derecho";"Hombres";"Evaluacion"
"2015-2016";"90.94";"Total Negocios, administración y derecho";"Hombres";"Evaluacion"
"2022-2023";"84.4";"Administración y gestión de empresas";"Hombres";"Evaluacion"
"2021-2022";"84.21";"Administración y gestión de empresas";"Hombres";"Evaluacion"
"2020-2021";"88.82";"Administración y gestión de empresas";"Hombres";"Evaluacion"
"2019-2020";"92.53";"Administración y gestión de empresas";"Hombres";"Evaluacion"
"2018-2019";"88.34";"Administración y gestión de empresas";"Hombres";"Evaluacion"
"2017-2018";"87.61";"Administración y gestión de empresas";"Hombres";"Evaluacion"
"2016-2017";"89.84";"Administración y gestión de empresas";"Hombres";"Evaluacion"
"2015-2016";"90.88";"Administración y gestión de empresas";"Hombres";"Evaluacion"
"2022-2023";"94.7";"Otra Educación comercial y empresarial";"Hombres";"Evaluacion"
"2021-2022";"92.77";"Otra Educación comercial y empresarial";"Hombres";"Evaluacion"
"2020-2021";"93.68";"Otra Educación comercial y empresarial";"Hombres";"Evaluacion"
"2019-2020";"95.11";"Otra Educación comercial y empresarial";"Hombres";"Evaluacion"
"2018-2019";"94.0";"Otra Educación comercial y empresarial";"Hombres";"Evaluacion"
"2017-2018";"93.65";"Otra Educación comercial y empresarial";"Hombres";"Evaluacion"
"2016-2017";"95.25";"Otra Educación comercial y empresarial";"Hombres";"Evaluacion"
"2015-2016";"94.4";"Otra Educación comercial y empresarial";"Hombres";"Evaluacion"
"2022-2023";"88.73";"Derecho";"Hombres";"Evaluacion"
"2021-2022";"87.44";"Derecho";"Hombres";"Evaluacion"
"2020-2021";"92.36";"Derecho";"Hombres";"Evaluacion"
"2019-2020";"96.46";"Derecho";"Hombres";"Evaluacion"
"2018-2019";"88.81";"Derecho";"Hombres";"Evaluacion"
"2017-2018";"89.58";"Derecho";"Hombres";"Evaluacion"
"2016-2017";"89.59";"Derecho";"Hombres";"Evaluacion"
"2015-2016";"89.52";"Derecho";"Hombres";"Evaluacion"
"2022-2023";"94.85";"Total Ciencias";"Hombres";"Evaluacion"
"2021-2022";"94.19";"Total Ciencias";"Hombres";"Evaluacion"
"2020-2021";"94.22";"Total Ciencias";"Hombres";"Evaluacion"
"2019-2020";"96.19";"Total Ciencias";"Hombres";"Evaluacion"
"2018-2019";"93.46";"Total Ciencias";"Hombres";"Evaluacion"
"2017-2018";"92.89";"Total Ciencias";"Hombres";"Evaluacion"
"2016-2017";"93.58";"Total Ciencias";"Hombres";"Evaluacion"
"2015-2016";"93.91";"Total Ciencias";"Hombres";"Evaluacion"
"2022-2023";"95.66";"Ciencias de la vida";"Hombres";"Evaluacion"
"2021-2022";"95.76";"Ciencias de la vida";"Hombres";"Evaluacion"
"2020-2021";"96.47";"Ciencias de la vida";"Hombres";"Evaluacion"
"2019-2020";"98.35";"Ciencias de la vida";"Hombres";"Evaluacion"
"2018-2019";"95.44";"Ciencias de la vida";"Hombres";"Evaluacion"
"2017-2018";"94.11";"Ciencias de la vida";"Hombres";"Evaluacion"
"2016-2017";"95.84";"Ciencias de la vida";"Hombres";"Evaluacion"
"2015-2016";"92.81";"Ciencias de la vida";"Hombres";"Evaluacion"
"2022-2023";"94.51";"Ciencias Físicas, químicas, geológicas";"Hombres";"Evaluacion"
"2021-2022";"93.51";"Ciencias Físicas, químicas, geológicas";"Hombres";"Evaluacion"
"2020-2021";"94.04";"Ciencias Físicas, químicas, geológicas";"Hombres";"Evaluacion"
"2019-2020";"95.83";"Ciencias Físicas, químicas, geológicas";"Hombres";"Evaluacion"
"2018-2019";"93.54";"Ciencias Físicas, químicas, geológicas";"Hombres";"Evaluacion"
"2017-2018";"93.56";"Ciencias Físicas, químicas, geológicas";"Hombres";"Evaluacion"
"2016-2017";"93.96";"Ciencias Físicas, químicas, geológicas";"Hombres";"Evaluacion"
"2015-2016";"95.9";"Ciencias Físicas, químicas, geológicas";"Hombres";"Evaluacion"
"2022-2023";"94.42";"Matemáticas y Estadística";"Hombres";"Evaluacion"
"2021-2022";"93.33";"Matemáticas y Estadística";"Hombres";"Evaluacion"
"2020-2021";"90.45";"Matemáticas y Estadística";"Hombres";"Evaluacion"
"2019-2020";"92.89";"Matemáticas y Estadística";"Hombres";"Evaluacion"
"2018-2019";"88.71";"Matemáticas y Estadística";"Hombres";"Evaluacion"
"2017-2018";"87.45";"Matemáticas y Estadística";"Hombres";"Evaluacion"
"2016-2017";"86.9";"Matemáticas y Estadística";"Hombres";"Evaluacion"
"2015-2016";"89.97";"Matemáticas y Estadística";"Hombres";"Evaluacion"
"2022-2023";"92.24";"Total Informática";"Hombres";"Evaluacion"
"2021-2022";"90.11";"Total Informática";"Hombres";"Evaluacion"
"2020-2021";"89.41";"Total Informática";"Hombres";"Evaluacion"
"2019-2020";"91.23";"Total Informática";"Hombres";"Evaluacion"
"2018-2019";"90.22";"Total Informática";"Hombres";"Evaluacion"
"2017-2018";"88.71";"Total Informática";"Hombres";"Evaluacion"
"2016-2017";"88.23";"Total Informática";"Hombres";"Evaluacion"
"2015-2016";"89.25";"Total Informática";"Hombres";"Evaluacion"
"2022-2023";"92.24";"Informática";"Hombres";"Evaluacion"
"2021-2022";"90.11";"Informática";"Hombres";"Evaluacion"
"2020-2021";"89.41";"Informática";"Hombres";"Evaluacion"
"2019-2020";"91.23";"Informática";"Hombres";"Evaluacion"
"2018-2019";"90.22";"Informática";"Hombres";"Evaluacion"
"2017-2018";"88.71";"Informática";"Hombres";"Evaluacion"
"2016-2017";"88.23";"Informática";"Hombres";"Evaluacion"
"2015-2016";"89.25";"Informática";"Hombres";"Evaluacion"
"2022-2023";"88.45";"Total Ingeniería, industria y construcción";"Hombres";"Evaluacion"
"2021-2022";"85.59";"Total Ingeniería, industria y construcción";"Hombres";"Evaluacion"
"2020-2021";"84.85";"Total Ingeniería, industria y construcción";"Hombres";"Evaluacion"
"2019-2020";"88.43";"Total Ingeniería, industria y construcción";"Hombres";"Evaluacion"
"2018-2019";"84.21";"Total Ingeniería, industria y construcción";"Hombres";"Evaluacion"
"2017-2018";"83.09";"Total Ingeniería, industria y construcción";"Hombres";"Evaluacion"
"2016-2017";"84.0";"Total Ingeniería, industria y construcción";"Hombres";"Evaluacion"
"2015-2016";"85.73";"Total Ingeniería, industria y construcción";"Hombres";"Evaluacion"
"2022-2023";"91.88";"Ingenierías";"Hombres";"Evaluacion"
"2021-2022";"91.81";"Ingenierías";"Hombres";"Evaluacion"
"2020-2021";"92.26";"Ingenierías";"Hombres";"Evaluacion"
"2019-2020";"93.97";"Ingenierías";"Hombres";"Evaluacion"
"2018-2019";"93.0";"Ingenierías";"Hombres";"Evaluacion"
"2017-2018";"92.42";"Ingenierías";"Hombres";"Evaluacion"
"2016-2017";"91.62";"Ingenierías";"Hombres";"Evaluacion"
"2015-2016";"92.3";"Ingenierías";"Hombres";"Evaluacion"
"2022-2023";"84.5";"Arquitectura y construcción";"Hombres";"Evaluacion"
"2021-2022";"78.2";"Arquitectura y construcción";"Hombres";"Evaluacion"
"2020-2021";"76.2";"Arquitectura y construcción";"Hombres";"Evaluacion"
"2019-2020";"81.96";"Arquitectura y construcción";"Hombres";"Evaluacion"
"2018-2019";"75.2";"Arquitectura y construcción";"Hombres";"Evaluacion"
"2017-2018";"75.42";"Arquitectura y construcción";"Hombres";"Evaluacion"
"2016-2017";"79.0";"Arquitectura y construcción";"Hombres";"Evaluacion"
"2015-2016";"82.57";"Arquitectura y construcción";"Hombres";"Evaluacion"
"2022-2023";"..";"Total Agricultura, ganadería,  silvicultura, pesca, y veterinaria";"Hombres";"Evaluacion"
"2021-2022";"..";"Total Agricultura, ganadería,  silvicultura, pesca, y veterinaria";"Hombres";"Evaluacion"
"2020-2021";"..";"Total Agricultura, ganadería,  silvicultura, pesca, y veterinaria";"Hombres";"Evaluacion"
"2019-2020";"..";"Total Agricultura, ganadería,  silvicultura, pesca, y veterinaria";"Hombres";"Evaluacion"
"2018-2019";"..";"Total Agricultura, ganadería,  silvicultura, pesca, y veterinaria";"Hombres";"Evaluacion"
"2017-2018";"..";"Total Agricultura, ganadería,  silvicultura, pesca, y veterinaria";"Hombres";"Evaluacion"
"2016-2017";"..";"Total Agricultura, ganadería,  silvicultura, pesca, y veterinaria";"Hombres";"Evaluacion"
"2015-2016";"..";"Total Agricultura, ganadería,  silvicultura, pesca, y veterinaria";"Hombres";"Evaluacion"
"2022-2023";"..";"Agricultura, ganadería y pesca";"Hombres";"Evaluacion"
"2021-2022";"..";"Agricultura, ganadería y pesca";"Hombres";"Evaluacion"
"2020-2021";"..";"Agricultura, ganadería y pesca";"Hombres";"Evaluacion"
"2019-2020";"..";"Agricultura, ganadería y pesca";"Hombres";"Evaluacion"
"2018-2019";"..";"Agricultura, ganadería y pesca";"Hombres";"Evaluacion"
"2017-2018";"..";"Agricultura, ganadería y pesca";"Hombres";"Evaluacion"
"2016-2017";"..";"Agricultura, ganadería y pesca";"Hombres";"Evaluacion"
"2015-2016";"..";"Agricultura, ganadería y pesca";"Hombres";"Evaluacion"
"2022-2023";"..";"Veterinaria";"Hombres";"Evaluacion"
"2021-2022";"..";"Veterinaria";"Hombres";"Evaluacion"
"2020-2021";"..";"Veterinaria";"Hombres";"Evaluacion"
"2019-2020";"..";"Veterinaria";"Hombres";"Evaluacion"
"2018-2019";"..";"Veterinaria";"Hombres";"Evaluacion"
"2017-2018";"..";"Veterinaria";"Hombres";"Evaluacion"
"2016-2017";"..";"Veterinaria";"Hombres";"Evaluacion"
"2015-2016";"..";"Veterinaria";"Hombres";"Evaluacion"
"2022-2023";"95.84";"Total Salud y servicios sociales";"Hombres";"Evaluacion"
"2021-2022";"94.98";"Total Salud y servicios sociales";"Hombres";"Evaluacion"
"2020-2021";"94.91";"Total Salud y servicios sociales";"Hombres";"Evaluacion"
"2019-2020";"96.99";"Total Salud y servicios sociales";"Hombres";"Evaluacion"
"2018-2019";"95.35";"Total Salud y servicios sociales";"Hombres";"Evaluacion"
"2017-2018";"96.25";"Total Salud y servicios sociales";"Hombres";"Evaluacion"
"2016-2017";"95.98";"Total Salud y servicios sociales";"Hombres";"Evaluacion"
"2015-2016";"96.57";"Total Salud y servicios sociales";"Hombres";"Evaluacion"
"2022-2023";"..";"Medicina";"Hombres";"Evaluacion"
"2021-2022";"..";"Medicina";"Hombres";"Evaluacion"
"2020-2021";"..";"Medicina";"Hombres";"Evaluacion"
"2019-2020";"..";"Medicina";"Hombres";"Evaluacion"
"2018-2019";"..";"Medicina";"Hombres";"Evaluacion"
"2017-2018";"..";"Medicina";"Hombres";"Evaluacion"
"2016-2017";"..";"Medicina";"Hombres";"Evaluacion"
"2015-2016";"..";"Medicina";"Hombres";"Evaluacion"
"2022-2023";"98.72";"Enfermería y atención a enfermos";"Hombres";"Evaluacion"
"2021-2022";"98.29";"Enfermería y atención a enfermos";"Hombres";"Evaluacion"
"2020-2021";"98.65";"Enfermería y atención a enfermos";"Hombres";"Evaluacion"
"2019-2020";"99.37";"Enfermería y atención a enfermos";"Hombres";"Evaluacion"
"2018-2019";"98.48";"Enfermería y atención a enfermos";"Hombres";"Evaluacion"
"2017-2018";"98.75";"Enfermería y atención a enfermos";"Hombres";"Evaluacion"
"2016-2017";"98.31";"Enfermería y atención a enfermos";"Hombres";"Evaluacion"
"2015-2016";"99.22";"Enfermería y atención a enfermos";"Hombres";"Evaluacion"
"2022-2023";"95.61";"Otras ciencias de la Salud";"Hombres";"Evaluacion"
"2021-2022";"93.45";"Otras ciencias de la Salud";"Hombres";"Evaluacion"
"2020-2021";"93.5";"Otras ciencias de la Salud";"Hombres";"Evaluacion"
"2019-2020";"95.85";"Otras ciencias de la Salud";"Hombres";"Evaluacion"
"2018-2019";"94.76";"Otras ciencias de la Salud";"Hombres";"Evaluacion"
"2017-2018";"95.52";"Otras ciencias de la Salud";"Hombres";"Evaluacion"
"2016-2017";"96.52";"Otras ciencias de la Salud";"Hombres";"Evaluacion"
"2015-2016";"96.15";"Otras ciencias de la Salud";"Hombres";"Evaluacion"
"2022-2023";"91.61";"Trabajo social y orientación";"Hombres";"Evaluacion"
"2021-2022";"93.95";"Trabajo social y orientación";"Hombres";"Evaluacion"
"2020-2021";"93.1";"Trabajo social y orientación";"Hombres";"Evaluacion"
"2019-2020";"96.46";"Trabajo social y orientación";"Hombres";"Evaluacion"
"2018-2019";"91.85";"Trabajo social y orientación";"Hombres";"Evaluacion"
"2017-2018";"93.94";"Trabajo social y orientación";"Hombres";"Evaluacion"
"2016-2017";"89.75";"Trabajo social y orientación";"Hombres";"Evaluacion"
"2015-2016";"91.91";"Trabajo social y orientación";"Hombres";"Evaluacion"
"2022-2023";"91.44";"Total Servicios";"Hombres";"Evaluacion"
"2021-2022";"91.8";"Total Servicios";"Hombres";"Evaluacion"
"2020-2021";"93.36";"Total Servicios";"Hombres";"Evaluacion"
"2019-2020";"93.8";"Total Servicios";"Hombres";"Evaluacion"
"2018-2019";"92.88";"Total Servicios";"Hombres";"Evaluacion"
"2017-2018";"93.59";"Total Servicios";"Hombres";"Evaluacion"
"2016-2017";"93.59";"Total Servicios";"Hombres";"Evaluacion"
"2015-2016";"94.01";"Total Servicios";"Hombres";"Evaluacion"
"2022-2023";"95.87";"Deportes";"Hombres";"Evaluacion"
"2021-2022";"95.2";"Deportes";"Hombres";"Evaluacion"
"2020-2021";"96.3";"Deportes";"Hombres";"Evaluacion"
"2019-2020";"97.36";"Deportes";"Hombres";"Evaluacion"
"2018-2019";"95.05";"Deportes";"Hombres";"Evaluacion"
"2017-2018";"94.76";"Deportes";"Hombres";"Evaluacion"
"2016-2017";"94.89";"Deportes";"Hombres";"Evaluacion"
"2015-2016";"95.93";"Deportes";"Hombres";"Evaluacion"
"2022-2023";"87.23";"Turismo y Hostelería";"Hombres";"Evaluacion"
"2021-2022";"89.01";"Turismo y Hostelería";"Hombres";"Evaluacion"
"2020-2021";"90.96";"Turismo y Hostelería";"Hombres";"Evaluacion"
"2019-2020";"90.7";"Turismo y Hostelería";"Hombres";"Evaluacion"
"2018-2019";"90.63";"Turismo y Hostelería";"Hombres";"Evaluacion"
"2017-2018";"92.19";"Turismo y Hostelería";"Hombres";"Evaluacion"
"2016-2017";"92.09";"Turismo y Hostelería";"Hombres";"Evaluacion"
"2015-2016";"92.09";"Turismo y Hostelería";"Hombres";"Evaluacion"
"2022-2023";"..";"Otros Servicios";"Hombres";"Evaluacion"
"2021-2022";"..";"Otros Servicios";"Hombres";"Evaluacion"
"2020-2021";"..";"Otros Servicios";"Hombres";"Evaluacion"
"2019-2020";"..";"Otros Servicios";"Hombres";"Evaluacion"
"2018-2019";"..";"Otros Servicios";"Hombres";"Evaluacion"
"2017-2018";"..";"Otros Servicios";"Hombres";"Evaluacion"
"2016-2017";"..";"Otros Servicios";"Hombres";"Evaluacion"
"2015-2016";"..";"Otros Servicios";"Hombres";"Evaluacion"
"2022-2023";"???";"Alicante";"Mujeres";"Rendimiento"
"2021-2022";"???";"Alicante";"Mujeres";"Rendimiento"
"2020-2021";"???";"Alicante";"Mujeres";"Rendimiento"
"2019-2020";"???";"Alicante";"Mujeres";"Rendimiento"
"2018-2019";"???";"Alicante";"Mujeres";"Rendimiento"
"2017-2018";"???";"Alicante";"Mujeres";"Rendimiento"
"2016-2017";"???";"Alicante";"Mujeres";"Rendimiento"
"2015-2016";"???";"Alicante";"Mujeres";"Rendimiento"
"2022-2023";"82.11";"Todos los ámbitos";"Mujeres";"Rendimiento"
"2021-2022";"81.28";"Todos los ámbitos";"Mujeres";"Rendimiento"
"2020-2021";"86.22";"Todos los ámbitos";"Mujeres";"Rendimiento"
"2019-2020";"90.74";"Todos los ámbitos";"Mujeres";"Rendimiento"
"2018-2019";"83.61";"Todos los ámbitos";"Mujeres";"Rendimiento"
"2017-2018";"82.78";"Todos los ámbitos";"Mujeres";"Rendimiento"
"2016-2017";"83.49";"Todos los ámbitos";"Mujeres";"Rendimiento"
"2015-2016";"83.53";"Todos los ámbitos";"Mujeres";"Rendimiento"
"2022-2023";"93.57";"Total Educación";"Mujeres";"Rendimiento"
"2021-2022";"93.81";"Total Educación";"Mujeres";"Rendimiento"
"2020-2021";"95.88";"Total Educación";"Mujeres";"Rendimiento"
"2019-2020";"97.11";"Total Educación";"Mujeres";"Rendimiento"
"2018-2019";"93.34";"Total Educación";"Mujeres";"Rendimiento"
"2017-2018";"92.41";"Total Educación";"Mujeres";"Rendimiento"
"2016-2017";"92.86";"Total Educación";"Mujeres";"Rendimiento"
"2015-2016";"92.94";"Total Educación";"Mujeres";"Rendimiento"
"2022-2023";"93.55";"Formación de docentes de enseñanza infantil";"Mujeres";"Rendimiento"
"2021-2022";"93.96";"Formación de docentes de enseñanza infantil";"Mujeres";"Rendimiento"
"2020-2021";"96.1";"Formación de docentes de enseñanza infantil";"Mujeres";"Rendimiento"
"2019-2020";"97.21";"Formación de docentes de enseñanza infantil";"Mujeres";"Rendimiento"
"2018-2019";"93.41";"Formación de docentes de enseñanza infantil";"Mujeres";"Rendimiento"
"2017-2018";"92.55";"Formación de docentes de enseñanza infantil";"Mujeres";"Rendimiento"
"2016-2017";"92.59";"Formación de docentes de enseñanza infantil";"Mujeres";"Rendimiento"
"2015-2016";"93.2";"Formación de docentes de enseñanza infantil";"Mujeres";"Rendimiento"
"2022-2023";"93.59";"Formación de docentes de enseñanza primaria";"Mujeres";"Rendimiento"
"2021-2022";"93.66";"Formación de docentes de enseñanza primaria";"Mujeres";"Rendimiento"
"2020-2021";"95.67";"Formación de docentes de enseñanza primaria";"Mujeres";"Rendimiento"
"2019-2020";"97.0";"Formación de docentes de enseñanza primaria";"Mujeres";"Rendimiento"
"2018-2019";"93.27";"Formación de docentes de enseñanza primaria";"Mujeres";"Rendimiento"
"2017-2018";"92.28";"Formación de docentes de enseñanza primaria";"Mujeres";"Rendimiento"
"2016-2017";"93.14";"Formación de docentes de enseñanza primaria";"Mujeres";"Rendimiento"
"2015-2016";"92.68";"Formación de docentes de enseñanza primaria";"Mujeres";"Rendimiento"
"2022-2023";"..";"Otra Formación de personal docente y ciencias de la educación";"Mujeres";"Rendimiento"
"2021-2022";"..";"Otra Formación de personal docente y ciencias de la educación";"Mujeres";"Rendimiento"
"2020-2021";"..";"Otra Formación de personal docente y ciencias de la educación";"Mujeres";"Rendimiento"
"2019-2020";"..";"Otra Formación de personal docente y ciencias de la educación";"Mujeres";"Rendimiento"
"2018-2019";"..";"Otra Formación de personal docente y ciencias de la educación";"Mujeres";"Rendimiento"
"2017-2018";"..";"Otra Formación de personal docente y ciencias de la educación";"Mujeres";"Rendimiento"
"2016-2017";"..";"Otra Formación de personal docente y ciencias de la educación";"Mujeres";"Rendimiento"
"2015-2016";"..";"Otra Formación de personal docente y ciencias de la educación";"Mujeres";"Rendimiento"
"2022-2023";"80.96";"Total Artes y humanidades";"Mujeres";"Rendimiento"
"2021-2022";"81.59";"Total Artes y humanidades";"Mujeres";"Rendimiento"
"2020-2021";"87.05";"Total Artes y humanidades";"Mujeres";"Rendimiento"
"2019-2020";"90.98";"Total Artes y humanidades";"Mujeres";"Rendimiento"
"2018-2019";"85.84";"Total Artes y humanidades";"Mujeres";"Rendimiento"
"2017-2018";"87.01";"Total Artes y humanidades";"Mujeres";"Rendimiento"
"2016-2017";"87.6";"Total Artes y humanidades";"Mujeres";"Rendimiento"
"2015-2016";"87.61";"Total Artes y humanidades";"Mujeres";"Rendimiento"
"2022-2023";"..";"Técnicas audiovisuales y medios de comunicación";"Mujeres";"Rendimiento"
"2021-2022";"..";"Técnicas audiovisuales y medios de comunicación";"Mujeres";"Rendimiento"
"2020-2021";"..";"Técnicas audiovisuales y medios de comunicación";"Mujeres";"Rendimiento"
"2019-2020";"..";"Técnicas audiovisuales y medios de comunicación";"Mujeres";"Rendimiento"
"2018-2019";"..";"Técnicas audiovisuales y medios de comunicación";"Mujeres";"Rendimiento"
"2017-2018";"..";"Técnicas audiovisuales y medios de comunicación";"Mujeres";"Rendimiento"
"2016-2017";"..";"Técnicas audiovisuales y medios de comunicación";"Mujeres";"Rendimiento"
"2015-2016";"..";"Técnicas audiovisuales y medios de comunicación";"Mujeres";"Rendimiento"
"2022-2023";"..";"Artes";"Mujeres";"Rendimiento"
"2021-2022";"..";"Artes";"Mujeres";"Rendimiento"
"2020-2021";"..";"Artes";"Mujeres";"Rendimiento"
"2019-2020";"..";"Artes";"Mujeres";"Rendimiento"
"2018-2019";"..";"Artes";"Mujeres";"Rendimiento"
"2017-2018";"..";"Artes";"Mujeres";"Rendimiento"
"2016-2017";"..";"Artes";"Mujeres";"Rendimiento"
"2015-2016";"..";"Artes";"Mujeres";"Rendimiento"
"2022-2023";"81.85";"Lenguas";"Mujeres";"Rendimiento"
"2021-2022";"81.98";"Lenguas";"Mujeres";"Rendimiento"
"2020-2021";"87.27";"Lenguas";"Mujeres";"Rendimiento"
"2019-2020";"91.01";"Lenguas";"Mujeres";"Rendimiento"
"2018-2019";"86.9";"Lenguas";"Mujeres";"Rendimiento"
"2017-2018";"87.87";"Lenguas";"Mujeres";"Rendimiento"
"2016-2017";"88.2";"Lenguas";"Mujeres";"Rendimiento"
"2015-2016";"88.28";"Lenguas";"Mujeres";"Rendimiento"
"2022-2023";"76.11";"Humanidades";"Mujeres";"Rendimiento"
"2021-2022";"79.47";"Humanidades";"Mujeres";"Rendimiento"
"2020-2021";"85.78";"Humanidades";"Mujeres";"Rendimiento"
"2019-2020";"90.78";"Humanidades";"Mujeres";"Rendimiento"
"2018-2019";"79.53";"Humanidades";"Mujeres";"Rendimiento"
"2017-2018";"81.97";"Humanidades";"Mujeres";"Rendimiento"
"2016-2017";"84.35";"Humanidades";"Mujeres";"Rendimiento"
"2015-2016";"84.19";"Humanidades";"Mujeres";"Rendimiento"
"2022-2023";"82.25";"Total Ciencias sociales, periodismo y documentación";"Mujeres";"Rendimiento"
"2021-2022";"82.41";"Total Ciencias sociales, periodismo y documentación";"Mujeres";"Rendimiento"
"2020-2021";"88.01";"Total Ciencias sociales, periodismo y documentación";"Mujeres";"Rendimiento"
"2019-2020";"90.57";"Total Ciencias sociales, periodismo y documentación";"Mujeres";"Rendimiento"
"2018-2019";"83.36";"Total Ciencias sociales, periodismo y documentación";"Mujeres";"Rendimiento"
"2017-2018";"82.99";"Total Ciencias sociales, periodismo y documentación";"Mujeres";"Rendimiento"
"2016-2017";"83.94";"Total Ciencias sociales, periodismo y documentación";"Mujeres";"Rendimiento"
"2015-2016";"84.76";"Total Ciencias sociales, periodismo y documentación";"Mujeres";"Rendimiento"
"2022-2023";"..";"Psicología";"Mujeres";"Rendimiento"
"2021-2022";"..";"Psicología";"Mujeres";"Rendimiento"
"2020-2021";"..";"Psicología";"Mujeres";"Rendimiento"
"2019-2020";"..";"Psicología";"Mujeres";"Rendimiento"
"2018-2019";"..";"Psicología";"Mujeres";"Rendimiento"
"2017-2018";"..";"Psicología";"Mujeres";"Rendimiento"
"2016-2017";"..";"Psicología";"Mujeres";"Rendimiento"
"2015-2016";"..";"Psicología";"Mujeres";"Rendimiento"
"2022-2023";"72.55";"Economía";"Mujeres";"Rendimiento"
"2021-2022";"74.4";"Economía";"Mujeres";"Rendimiento"
"2020-2021";"81.57";"Economía";"Mujeres";"Rendimiento"
"2019-2020";"82.68";"Economía";"Mujeres";"Rendimiento"
"2018-2019";"75.42";"Economía";"Mujeres";"Rendimiento"
"2017-2018";"75.54";"Economía";"Mujeres";"Rendimiento"
"2016-2017";"77.03";"Economía";"Mujeres";"Rendimiento"
"2015-2016";"78.18";"Economía";"Mujeres";"Rendimiento"
"2022-2023";"84.03";"Otras Ciencias sociales y del comportamiento";"Mujeres";"Rendimiento"
"2021-2022";"83.97";"Otras Ciencias sociales y del comportamiento";"Mujeres";"Rendimiento"
"2020-2021";"89.52";"Otras Ciencias sociales y del comportamiento";"Mujeres";"Rendimiento"
"2019-2020";"92.53";"Otras Ciencias sociales y del comportamiento";"Mujeres";"Rendimiento"
"2018-2019";"85.56";"Otras Ciencias sociales y del comportamiento";"Mujeres";"Rendimiento"
"2017-2018";"85.3";"Otras Ciencias sociales y del comportamiento";"Mujeres";"Rendimiento"
"2016-2017";"86.04";"Otras Ciencias sociales y del comportamiento";"Mujeres";"Rendimiento"
"2015-2016";"86.79";"Otras Ciencias sociales y del comportamiento";"Mujeres";"Rendimiento"
"2022-2023";"..";"Periodismo e información";"Mujeres";"Rendimiento"
"2021-2022";"..";"Periodismo e información";"Mujeres";"Rendimiento"
"2020-2021";"..";"Periodismo e información";"Mujeres";"Rendimiento"
"2019-2020";"..";"Periodismo e información";"Mujeres";"Rendimiento"
"2018-2019";"..";"Periodismo e información";"Mujeres";"Rendimiento"
"2017-2018";"..";"Periodismo e información";"Mujeres";"Rendimiento"
"2016-2017";"..";"Periodismo e información";"Mujeres";"Rendimiento"
"2015-2016";"..";"Periodismo e información";"Mujeres";"Rendimiento"
"2022-2023";"74.74";"Total Negocios, administración y derecho";"Mujeres";"Rendimiento"
"2021-2022";"73.02";"Total Negocios, administración y derecho";"Mujeres";"Rendimiento"
"2020-2021";"81.55";"Total Negocios, administración y derecho";"Mujeres";"Rendimiento"
"2019-2020";"87.66";"Total Negocios, administración y derecho";"Mujeres";"Rendimiento"
"2018-2019";"77.17";"Total Negocios, administración y derecho";"Mujeres";"Rendimiento"
"2017-2018";"76.51";"Total Negocios, administración y derecho";"Mujeres";"Rendimiento"
"2016-2017";"77.08";"Total Negocios, administración y derecho";"Mujeres";"Rendimiento"
"2015-2016";"76.4";"Total Negocios, administración y derecho";"Mujeres";"Rendimiento"
"2022-2023";"60.36";"Administración y gestión de empresas";"Mujeres";"Rendimiento"
"2021-2022";"58.64";"Administración y gestión de empresas";"Mujeres";"Rendimiento"
"2020-2021";"66.91";"Administración y gestión de empresas";"Mujeres";"Rendimiento"
"2019-2020";"76.66";"Administración y gestión de empresas";"Mujeres";"Rendimiento"
"2018-2019";"68.53";"Administración y gestión de empresas";"Mujeres";"Rendimiento"
"2017-2018";"67.6";"Administración y gestión de empresas";"Mujeres";"Rendimiento"
"2016-2017";"71.22";"Administración y gestión de empresas";"Mujeres";"Rendimiento"
"2015-2016";"70.88";"Administración y gestión de empresas";"Mujeres";"Rendimiento"
"2022-2023";"87.64";"Otra Educación comercial y empresarial";"Mujeres";"Rendimiento"
"2021-2022";"88.3";"Otra Educación comercial y empresarial";"Mujeres";"Rendimiento"
"2020-2021";"93.61";"Otra Educación comercial y empresarial";"Mujeres";"Rendimiento"
"2019-2020";"95.02";"Otra Educación comercial y empresarial";"Mujeres";"Rendimiento"
"2018-2019";"90.13";"Otra Educación comercial y empresarial";"Mujeres";"Rendimiento"
"2017-2018";"90.51";"Otra Educación comercial y empresarial";"Mujeres";"Rendimiento"
"2016-2017";"91.68";"Otra Educación comercial y empresarial";"Mujeres";"Rendimiento"
"2015-2016";"90.69";"Otra Educación comercial y empresarial";"Mujeres";"Rendimiento"
"2022-2023";"76.55";"Derecho";"Mujeres";"Rendimiento"
"2021-2022";"74.61";"Derecho";"Mujeres";"Rendimiento"
"2020-2021";"85.36";"Derecho";"Mujeres";"Rendimiento"
"2019-2020";"91.61";"Derecho";"Mujeres";"Rendimiento"
"2018-2019";"77.44";"Derecho";"Mujeres";"Rendimiento"
"2017-2018";"77.47";"Derecho";"Mujeres";"Rendimiento"
"2016-2017";"75.93";"Derecho";"Mujeres";"Rendimiento"
"2015-2016";"75.45";"Derecho";"Mujeres";"Rendimiento"
"2022-2023";"79.89";"Total Ciencias";"Mujeres";"Rendimiento"
"2021-2022";"77.06";"Total Ciencias";"Mujeres";"Rendimiento"
"2020-2021";"79.17";"Total Ciencias";"Mujeres";"Rendimiento"
"2019-2020";"88.46";"Total Ciencias";"Mujeres";"Rendimiento"
"2018-2019";"79.43";"Total Ciencias";"Mujeres";"Rendimiento"
"2017-2018";"77.2";"Total Ciencias";"Mujeres";"Rendimiento"
"2016-2017";"76.93";"Total Ciencias";"Mujeres";"Rendimiento"
"2015-2016";"78.92";"Total Ciencias";"Mujeres";"Rendimiento"
"2022-2023";"79.81";"Ciencias de la vida";"Mujeres";"Rendimiento"
"2021-2022";"79.18";"Ciencias de la vida";"Mujeres";"Rendimiento"
"2020-2021";"83.75";"Ciencias de la vida";"Mujeres";"Rendimiento"
"2019-2020";"92.14";"Ciencias de la vida";"Mujeres";"Rendimiento"
"2018-2019";"84.56";"Ciencias de la vida";"Mujeres";"Rendimiento"
"2017-2018";"81.43";"Ciencias de la vida";"Mujeres";"Rendimiento"
"2016-2017";"83.62";"Ciencias de la vida";"Mujeres";"Rendimiento"
"2015-2016";"83.49";"Ciencias de la vida";"Mujeres";"Rendimiento"
"2022-2023";"80.55";"Ciencias Físicas, químicas, geológicas";"Mujeres";"Rendimiento"
"2021-2022";"76.56";"Ciencias Físicas, químicas, geológicas";"Mujeres";"Rendimiento"
"2020-2021";"76.59";"Ciencias Físicas, químicas, geológicas";"Mujeres";"Rendimiento"
"2019-2020";"86.78";"Ciencias Físicas, químicas, geológicas";"Mujeres";"Rendimiento"
"2018-2019";"78.08";"Ciencias Físicas, químicas, geológicas";"Mujeres";"Rendimiento"
"2017-2018";"76.74";"Ciencias Físicas, químicas, geológicas";"Mujeres";"Rendimiento"
"2016-2017";"73.48";"Ciencias Físicas, químicas, geológicas";"Mujeres";"Rendimiento"
"2015-2016";"75.82";"Ciencias Físicas, químicas, geológicas";"Mujeres";"Rendimiento"
"2022-2023";"77.42";"Matemáticas y Estadística";"Mujeres";"Rendimiento"
"2021-2022";"69.92";"Matemáticas y Estadística";"Mujeres";"Rendimiento"
"2020-2021";"69.59";"Matemáticas y Estadística";"Mujeres";"Rendimiento"
"2019-2020";"78.91";"Matemáticas y Estadística";"Mujeres";"Rendimiento"
"2018-2019";"62.02";"Matemáticas y Estadística";"Mujeres";"Rendimiento"
"2017-2018";"58.77";"Matemáticas y Estadística";"Mujeres";"Rendimiento"
"2016-2017";"59.16";"Matemáticas y Estadística";"Mujeres";"Rendimiento"
"2015-2016";"69.33";"Matemáticas y Estadística";"Mujeres";"Rendimiento"
"2022-2023";"72.99";"Total Informática";"Mujeres";"Rendimiento"
"2021-2022";"68.93";"Total Informática";"Mujeres";"Rendimiento"
"2020-2021";"71.92";"Total Informática";"Mujeres";"Rendimiento"
"2019-2020";"80.67";"Total Informática";"Mujeres";"Rendimiento"
"2018-2019";"74.25";"Total Informática";"Mujeres";"Rendimiento"
"2017-2018";"66.9";"Total Informática";"Mujeres";"Rendimiento"
"2016-2017";"72.05";"Total Informática";"Mujeres";"Rendimiento"
"2015-2016";"69.76";"Total Informática";"Mujeres";"Rendimiento"
"2022-2023";"72.99";"Informática";"Mujeres";"Rendimiento"
"2021-2022";"68.93";"Informática";"Mujeres";"Rendimiento"
"2020-2021";"71.92";"Informática";"Mujeres";"Rendimiento"
"2019-2020";"80.67";"Informática";"Mujeres";"Rendimiento"
"2018-2019";"74.25";"Informática";"Mujeres";"Rendimiento"
"2017-2018";"66.9";"Informática";"Mujeres";"Rendimiento"
"2016-2017";"72.05";"Informática";"Mujeres";"Rendimiento"
"2015-2016";"69.76";"Informática";"Mujeres";"Rendimiento"
"2022-2023";"69.53";"Total Ingeniería, industria y construcción";"Mujeres";"Rendimiento"
"2021-2022";"66.55";"Total Ingeniería, industria y construcción";"Mujeres";"Rendimiento"
"2020-2021";"68.17";"Total Ingeniería, industria y construcción";"Mujeres";"Rendimiento"
"2019-2020";"76.2";"Total Ingeniería, industria y construcción";"Mujeres";"Rendimiento"
"2018-2019";"70.21";"Total Ingeniería, industria y construcción";"Mujeres";"Rendimiento"
"2017-2018";"69.73";"Total Ingeniería, industria y construcción";"Mujeres";"Rendimiento"
"2016-2017";"69.04";"Total Ingeniería, industria y construcción";"Mujeres";"Rendimiento"
"2015-2016";"70.39";"Total Ingeniería, industria y construcción";"Mujeres";"Rendimiento"
"2022-2023";"75.21";"Ingenierías";"Mujeres";"Rendimiento"
"2021-2022";"70.76";"Ingenierías";"Mujeres";"Rendimiento"
"2020-2021";"76.33";"Ingenierías";"Mujeres";"Rendimiento"
"2019-2020";"80.82";"Ingenierías";"Mujeres";"Rendimiento"
"2018-2019";"71.25";"Ingenierías";"Mujeres";"Rendimiento"
"2017-2018";"73.63";"Ingenierías";"Mujeres";"Rendimiento"
"2016-2017";"72.69";"Ingenierías";"Mujeres";"Rendimiento"
"2015-2016";"75.21";"Ingenierías";"Mujeres";"Rendimiento"
"2022-2023";"65.97";"Arquitectura y construcción";"Mujeres";"Rendimiento"
"2021-2022";"63.95";"Arquitectura y construcción";"Mujeres";"Rendimiento"
"2020-2021";"62.72";"Arquitectura y construcción";"Mujeres";"Rendimiento"
"2019-2020";"73.13";"Arquitectura y construcción";"Mujeres";"Rendimiento"
"2018-2019";"69.56";"Arquitectura y construcción";"Mujeres";"Rendimiento"
"2017-2018";"67.52";"Arquitectura y construcción";"Mujeres";"Rendimiento"
"2016-2017";"67.38";"Arquitectura y construcción";"Mujeres";"Rendimiento"
"2015-2016";"68.61";"Arquitectura y construcción";"Mujeres";"Rendimiento"
"2022-2023";"..";"Total Agricultura, ganadería,  silvicultura, pesca, y veterinaria";"Mujeres";"Rendimiento"
"2021-2022";"..";"Total Agricultura, ganadería,  silvicultura, pesca, y veterinaria";"Mujeres";"Rendimiento"
"2020-2021";"..";"Total Agricultura, ganadería,  silvicultura, pesca, y veterinaria";"Mujeres";"Rendimiento"
"2019-2020";"..";"Total Agricultura, ganadería,  silvicultura, pesca, y veterinaria";"Mujeres";"Rendimiento"
"2018-2019";"..";"Total Agricultura, ganadería,  silvicultura, pesca, y veterinaria";"Mujeres";"Rendimiento"
"2017-2018";"..";"Total Agricultura, ganadería,  silvicultura, pesca, y veterinaria";"Mujeres";"Rendimiento"
"2016-2017";"..";"Total Agricultura, ganadería,  silvicultura, pesca, y veterinaria";"Mujeres";"Rendimiento"
"2015-2016";"..";"Total Agricultura, ganadería,  silvicultura, pesca, y veterinaria";"Mujeres";"Rendimiento"
"2022-2023";"..";"Agricultura, ganadería y pesca";"Mujeres";"Rendimiento"
"2021-2022";"..";"Agricultura, ganadería y pesca";"Mujeres";"Rendimiento"
"2020-2021";"..";"Agricultura, ganadería y pesca";"Mujeres";"Rendimiento"
"2019-2020";"..";"Agricultura, ganadería y pesca";"Mujeres";"Rendimiento"
"2018-2019";"..";"Agricultura, ganadería y pesca";"Mujeres";"Rendimiento"
"2017-2018";"..";"Agricultura, ganadería y pesca";"Mujeres";"Rendimiento"
"2016-2017";"..";"Agricultura, ganadería y pesca";"Mujeres";"Rendimiento"
"2015-2016";"..";"Agricultura, ganadería y pesca";"Mujeres";"Rendimiento"
"2022-2023";"..";"Veterinaria";"Mujeres";"Rendimiento"
"2021-2022";"..";"Veterinaria";"Mujeres";"Rendimiento"
"2020-2021";"..";"Veterinaria";"Mujeres";"Rendimiento"
"2019-2020";"..";"Veterinaria";"Mujeres";"Rendimiento"
"2018-2019";"..";"Veterinaria";"Mujeres";"Rendimiento"
"2017-2018";"..";"Veterinaria";"Mujeres";"Rendimiento"
"2016-2017";"..";"Veterinaria";"Mujeres";"Rendimiento"
"2015-2016";"..";"Veterinaria";"Mujeres";"Rendimiento"
"2022-2023";"89.47";"Total Salud y servicios sociales";"Mujeres";"Rendimiento"
"2021-2022";"88.88";"Total Salud y servicios sociales";"Mujeres";"Rendimiento"
"2020-2021";"91.86";"Total Salud y servicios sociales";"Mujeres";"Rendimiento"
"2019-2020";"95.48";"Total Salud y servicios sociales";"Mujeres";"Rendimiento"
"2018-2019";"90.08";"Total Salud y servicios sociales";"Mujeres";"Rendimiento"
"2017-2018";"89.11";"Total Salud y servicios sociales";"Mujeres";"Rendimiento"
"2016-2017";"90.51";"Total Salud y servicios sociales";"Mujeres";"Rendimiento"
"2015-2016";"90.18";"Total Salud y servicios sociales";"Mujeres";"Rendimiento"
"2022-2023";"..";"Medicina";"Mujeres";"Rendimiento"
"2021-2022";"..";"Medicina";"Mujeres";"Rendimiento"
"2020-2021";"..";"Medicina";"Mujeres";"Rendimiento"
"2019-2020";"..";"Medicina";"Mujeres";"Rendimiento"
"2018-2019";"..";"Medicina";"Mujeres";"Rendimiento"
"2017-2018";"..";"Medicina";"Mujeres";"Rendimiento"
"2016-2017";"..";"Medicina";"Mujeres";"Rendimiento"
"2015-2016";"..";"Medicina";"Mujeres";"Rendimiento"
"2022-2023";"94.82";"Enfermería y atención a enfermos";"Mujeres";"Rendimiento"
"2021-2022";"96.67";"Enfermería y atención a enfermos";"Mujeres";"Rendimiento"
"2020-2021";"97.38";"Enfermería y atención a enfermos";"Mujeres";"Rendimiento"
"2019-2020";"98.79";"Enfermería y atención a enfermos";"Mujeres";"Rendimiento"
"2018-2019";"97.79";"Enfermería y atención a enfermos";"Mujeres";"Rendimiento"
"2017-2018";"97.78";"Enfermería y atención a enfermos";"Mujeres";"Rendimiento"
"2016-2017";"98.07";"Enfermería y atención a enfermos";"Mujeres";"Rendimiento"
"2015-2016";"97.87";"Enfermería y atención a enfermos";"Mujeres";"Rendimiento"
"2022-2023";"83.15";"Otras ciencias de la Salud";"Mujeres";"Rendimiento"
"2021-2022";"80.53";"Otras ciencias de la Salud";"Mujeres";"Rendimiento"
"2020-2021";"83.65";"Otras ciencias de la Salud";"Mujeres";"Rendimiento"
"2019-2020";"91.25";"Otras ciencias de la Salud";"Mujeres";"Rendimiento"
"2018-2019";"80.69";"Otras ciencias de la Salud";"Mujeres";"Rendimiento"
"2017-2018";"80.05";"Otras ciencias de la Salud";"Mujeres";"Rendimiento"
"2016-2017";"81.03";"Otras ciencias de la Salud";"Mujeres";"Rendimiento"
"2015-2016";"82.97";"Otras ciencias de la Salud";"Mujeres";"Rendimiento"
"2022-2023";"89.49";"Trabajo social y orientación";"Mujeres";"Rendimiento"
"2021-2022";"88.7";"Trabajo social y orientación";"Mujeres";"Rendimiento"
"2020-2021";"93.66";"Trabajo social y orientación";"Mujeres";"Rendimiento"
"2019-2020";"95.54";"Trabajo social y orientación";"Mujeres";"Rendimiento"
"2018-2019";"89.4";"Trabajo social y orientación";"Mujeres";"Rendimiento"
"2017-2018";"87.02";"Trabajo social y orientación";"Mujeres";"Rendimiento"
"2016-2017";"89.84";"Trabajo social y orientación";"Mujeres";"Rendimiento"
"2015-2016";"87.24";"Trabajo social y orientación";"Mujeres";"Rendimiento"
"2022-2023";"83.12";"Total Servicios";"Mujeres";"Rendimiento"
"2021-2022";"82.2";"Total Servicios";"Mujeres";"Rendimiento"
"2020-2021";"87.42";"Total Servicios";"Mujeres";"Rendimiento"
"2019-2020";"89.9";"Total Servicios";"Mujeres";"Rendimiento"
"2018-2019";"80.84";"Total Servicios";"Mujeres";"Rendimiento"
"2017-2018";"79.93";"Total Servicios";"Mujeres";"Rendimiento"
"2016-2017";"81.39";"Total Servicios";"Mujeres";"Rendimiento"
"2015-2016";"81.77";"Total Servicios";"Mujeres";"Rendimiento"
"2022-2023";"97.23";"Deportes";"Mujeres";"Rendimiento"
"2021-2022";"94.43";"Deportes";"Mujeres";"Rendimiento"
"2020-2021";"94.16";"Deportes";"Mujeres";"Rendimiento"
"2019-2020";"96.61";"Deportes";"Mujeres";"Rendimiento"
"2018-2019";"94.04";"Deportes";"Mujeres";"Rendimiento"
"2017-2018";"93.75";"Deportes";"Mujeres";"Rendimiento"
"2016-2017";"94.47";"Deportes";"Mujeres";"Rendimiento"
"2015-2016";"94.04";"Deportes";"Mujeres";"Rendimiento"
"2022-2023";"79.98";"Turismo y Hostelería";"Mujeres";"Rendimiento"
"2021-2022";"79.39";"Turismo y Hostelería";"Mujeres";"Rendimiento"
"2020-2021";"86.11";"Turismo y Hostelería";"Mujeres";"Rendimiento"
"2019-2020";"88.5";"Turismo y Hostelería";"Mujeres";"Rendimiento"
"2018-2019";"78.57";"Turismo y Hostelería";"Mujeres";"Rendimiento"
"2017-2018";"77.02";"Turismo y Hostelería";"Mujeres";"Rendimiento"
"2016-2017";"78.85";"Turismo y Hostelería";"Mujeres";"Rendimiento"
"2015-2016";"79.46";"Turismo y Hostelería";"Mujeres";"Rendimiento"
"2022-2023";"..";"Otros Servicios";"Mujeres";"Rendimiento"
"2021-2022";"..";"Otros Servicios";"Mujeres";"Rendimiento"
"2020-2021";"..";"Otros Servicios";"Mujeres";"Rendimiento"
"2019-2020";"..";"Otros Servicios";"Mujeres";"Rendimiento"
"2018-2019";"..";"Otros Servicios";"Mujeres";"Rendimiento"
"2017-2018";"..";"Otros Servicios";"Mujeres";"Rendimiento"
"2016-2017";"..";"Otros Servicios";"Mujeres";"Rendimiento"
"2015-2016";"..";"Otros Servicios";"Mujeres";"Rendimiento"
"2022-2023";"???";"Alicante";"Mujeres";"Exito"
"2021-2022";"???";"Alicante";"Mujeres";"Exito"
"2020-2021";"???";"Alicante";"Mujeres";"Exito"
"2019-2020";"???";"Alicante";"Mujeres";"Exito"
"2018-2019";"???";"Alicante";"Mujeres";"Exito"
"2017-2018";"???";"Alicante";"Mujeres";"Exito"
"2016-2017";"???";"Alicante";"Mujeres";"Exito"
"2015-2016";"???";"Alicante";"Mujeres";"Exito"
"2022-2023";"87.05";"Todos los ámbitos";"Mujeres";"Exito"
"2021-2022";"86.37";"Todos los ámbitos";"Mujeres";"Exito"
"2020-2021";"89.61";"Todos los ámbitos";"Mujeres";"Exito"
"2019-2020";"93.37";"Todos los ámbitos";"Mujeres";"Exito"
"2018-2019";"88.26";"Todos los ámbitos";"Mujeres";"Exito"
"2017-2018";"87.55";"Todos los ámbitos";"Mujeres";"Exito"
"2016-2017";"88.02";"Todos los ámbitos";"Mujeres";"Exito"
"2015-2016";"87.77";"Todos los ámbitos";"Mujeres";"Exito"
"2022-2023";"95.51";"Total Educación";"Mujeres";"Exito"
"2021-2022";"95.34";"Total Educación";"Mujeres";"Exito"
"2020-2021";"96.96";"Total Educación";"Mujeres";"Exito"
"2019-2020";"98.23";"Total Educación";"Mujeres";"Exito"
"2018-2019";"95.55";"Total Educación";"Mujeres";"Exito"
"2017-2018";"94.84";"Total Educación";"Mujeres";"Exito"
"2016-2017";"95.11";"Total Educación";"Mujeres";"Exito"
"2015-2016";"94.98";"Total Educación";"Mujeres";"Exito"
"2022-2023";"95.44";"Formación de docentes de enseñanza infantil";"Mujeres";"Exito"
"2021-2022";"95.48";"Formación de docentes de enseñanza infantil";"Mujeres";"Exito"
"2020-2021";"96.98";"Formación de docentes de enseñanza infantil";"Mujeres";"Exito"
"2019-2020";"98.25";"Formación de docentes de enseñanza infantil";"Mujeres";"Exito"
"2018-2019";"95.22";"Formación de docentes de enseñanza infantil";"Mujeres";"Exito"
"2017-2018";"94.8";"Formación de docentes de enseñanza infantil";"Mujeres";"Exito"
"2016-2017";"94.98";"Formación de docentes de enseñanza infantil";"Mujeres";"Exito"
"2015-2016";"94.99";"Formación de docentes de enseñanza infantil";"Mujeres";"Exito"
"2022-2023";"95.57";"Formación de docentes de enseñanza primaria";"Mujeres";"Exito"
"2021-2022";"95.21";"Formación de docentes de enseñanza primaria";"Mujeres";"Exito"
"2020-2021";"96.94";"Formación de docentes de enseñanza primaria";"Mujeres";"Exito"
"2019-2020";"98.21";"Formación de docentes de enseñanza primaria";"Mujeres";"Exito"
"2018-2019";"95.9";"Formación de docentes de enseñanza primaria";"Mujeres";"Exito"
"2017-2018";"94.88";"Formación de docentes de enseñanza primaria";"Mujeres";"Exito"
"2016-2017";"95.25";"Formación de docentes de enseñanza primaria";"Mujeres";"Exito"
"2015-2016";"94.97";"Formación de docentes de enseñanza primaria";"Mujeres";"Exito"
"2022-2023";"..";"Otra Formación de personal docente y ciencias de la educación";"Mujeres";"Exito"
"2021-2022";"..";"Otra Formación de personal docente y ciencias de la educación";"Mujeres";"Exito"
"2020-2021";"..";"Otra Formación de personal docente y ciencias de la educación";"Mujeres";"Exito"
"2019-2020";"..";"Otra Formación de personal docente y ciencias de la educación";"Mujeres";"Exito"
"2018-2019";"..";"Otra Formación de personal docente y ciencias de la educación";"Mujeres";"Exito"
"2017-2018";"..";"Otra Formación de personal docente y ciencias de la educación";"Mujeres";"Exito"
"2016-2017";"..";"Otra Formación de personal docente y ciencias de la educación";"Mujeres";"Exito"
"2015-2016";"..";"Otra Formación de personal docente y ciencias de la educación";"Mujeres";"Exito"
"2022-2023";"87.76";"Total Artes y humanidades";"Mujeres";"Exito"
"2021-2022";"88.06";"Total Artes y humanidades";"Mujeres";"Exito"
"2020-2021";"90.77";"Total Artes y humanidades";"Mujeres";"Exito"
"2019-2020";"94.85";"Total Artes y humanidades";"Mujeres";"Exito"
"2018-2019";"91.02";"Total Artes y humanidades";"Mujeres";"Exito"
"2017-2018";"92.15";"Total Artes y humanidades";"Mujeres";"Exito"
"2016-2017";"92.33";"Total Artes y humanidades";"Mujeres";"Exito"
"2015-2016";"92.09";"Total Artes y humanidades";"Mujeres";"Exito"
"2022-2023";"..";"Técnicas audiovisuales y medios de comunicación";"Mujeres";"Exito"
"2021-2022";"..";"Técnicas audiovisuales y medios de comunicación";"Mujeres";"Exito"
"2020-2021";"..";"Técnicas audiovisuales y medios de comunicación";"Mujeres";"Exito"
"2019-2020";"..";"Técnicas audiovisuales y medios de comunicación";"Mujeres";"Exito"
"2018-2019";"..";"Técnicas audiovisuales y medios de comunicación";"Mujeres";"Exito"
"2017-2018";"..";"Técnicas audiovisuales y medios de comunicación";"Mujeres";"Exito"
"2016-2017";"..";"Técnicas audiovisuales y medios de comunicación";"Mujeres";"Exito"
"2015-2016";"..";"Técnicas audiovisuales y medios de comunicación";"Mujeres";"Exito"
"2022-2023";"..";"Artes";"Mujeres";"Exito"
"2021-2022";"..";"Artes";"Mujeres";"Exito"
"2020-2021";"..";"Artes";"Mujeres";"Exito"
"2019-2020";"..";"Artes";"Mujeres";"Exito"
"2018-2019";"..";"Artes";"Mujeres";"Exito"
"2017-2018";"..";"Artes";"Mujeres";"Exito"
"2016-2017";"..";"Artes";"Mujeres";"Exito"
"2015-2016";"..";"Artes";"Mujeres";"Exito"
"2022-2023";"88.53";"Lenguas";"Mujeres";"Exito"
"2021-2022";"88.83";"Lenguas";"Mujeres";"Exito"
"2020-2021";"91.04";"Lenguas";"Mujeres";"Exito"
"2019-2020";"94.96";"Lenguas";"Mujeres";"Exito"
"2018-2019";"92.03";"Lenguas";"Mujeres";"Exito"
"2017-2018";"92.85";"Lenguas";"Mujeres";"Exito"
"2016-2017";"92.91";"Lenguas";"Mujeres";"Exito"
"2015-2016";"93.0";"Lenguas";"Mujeres";"Exito"
"2022-2023";"83.53";"Humanidades";"Mujeres";"Exito"
"2021-2022";"83.94";"Humanidades";"Mujeres";"Exito"
"2020-2021";"89.18";"Humanidades";"Mujeres";"Exito"
"2019-2020";"94.2";"Humanidades";"Mujeres";"Exito"
"2018-2019";"84.9";"Humanidades";"Mujeres";"Exito"
"2017-2018";"88.01";"Humanidades";"Mujeres";"Exito"
"2016-2017";"89.15";"Humanidades";"Mujeres";"Exito"
"2015-2016";"87.48";"Humanidades";"Mujeres";"Exito"
"2022-2023";"87.17";"Total Ciencias sociales, periodismo y documentación";"Mujeres";"Exito"
"2021-2022";"87.46";"Total Ciencias sociales, periodismo y documentación";"Mujeres";"Exito"
"2020-2021";"90.89";"Total Ciencias sociales, periodismo y documentación";"Mujeres";"Exito"
"2019-2020";"93.5";"Total Ciencias sociales, periodismo y documentación";"Mujeres";"Exito"
"2018-2019";"87.65";"Total Ciencias sociales, periodismo y documentación";"Mujeres";"Exito"
"2017-2018";"87.17";"Total Ciencias sociales, periodismo y documentación";"Mujeres";"Exito"
"2016-2017";"89.04";"Total Ciencias sociales, periodismo y documentación";"Mujeres";"Exito"
"2015-2016";"89.19";"Total Ciencias sociales, periodismo y documentación";"Mujeres";"Exito"
"2022-2023";"..";"Psicología";"Mujeres";"Exito"
"2021-2022";"..";"Psicología";"Mujeres";"Exito"
"2020-2021";"..";"Psicología";"Mujeres";"Exito"
"2019-2020";"..";"Psicología";"Mujeres";"Exito"
"2018-2019";"..";"Psicología";"Mujeres";"Exito"
"2017-2018";"..";"Psicología";"Mujeres";"Exito"
"2016-2017";"..";"Psicología";"Mujeres";"Exito"
"2015-2016";"..";"Psicología";"Mujeres";"Exito"
"2022-2023";"77.35";"Economía";"Mujeres";"Exito"
"2021-2022";"79.62";"Economía";"Mujeres";"Exito"
"2020-2021";"84.84";"Economía";"Mujeres";"Exito"
"2019-2020";"85.14";"Economía";"Mujeres";"Exito"
"2018-2019";"78.96";"Economía";"Mujeres";"Exito"
"2017-2018";"78.96";"Economía";"Mujeres";"Exito"
"2016-2017";"80.39";"Economía";"Mujeres";"Exito"
"2015-2016";"81.39";"Economía";"Mujeres";"Exito"
"2022-2023";"88.96";"Otras Ciencias sociales y del comportamiento";"Mujeres";"Exito"
"2021-2022";"88.97";"Otras Ciencias sociales y del comportamiento";"Mujeres";"Exito"
"2020-2021";"92.3";"Otras Ciencias sociales y del comportamiento";"Mujeres";"Exito"
"2019-2020";"95.58";"Otras Ciencias sociales y del comportamiento";"Mujeres";"Exito"
"2018-2019";"90.06";"Otras Ciencias sociales y del comportamiento";"Mujeres";"Exito"
"2017-2018";"89.74";"Otras Ciencias sociales y del comportamiento";"Mujeres";"Exito"
"2016-2017";"91.73";"Otras Ciencias sociales y del comportamiento";"Mujeres";"Exito"
"2015-2016";"91.62";"Otras Ciencias sociales y del comportamiento";"Mujeres";"Exito"
"2022-2023";"..";"Periodismo e información";"Mujeres";"Exito"
"2021-2022";"..";"Periodismo e información";"Mujeres";"Exito"
"2020-2021";"..";"Periodismo e información";"Mujeres";"Exito"
"2019-2020";"..";"Periodismo e información";"Mujeres";"Exito"
"2018-2019";"..";"Periodismo e información";"Mujeres";"Exito"
"2017-2018";"..";"Periodismo e información";"Mujeres";"Exito"
"2016-2017";"..";"Periodismo e información";"Mujeres";"Exito"
"2015-2016";"..";"Periodismo e información";"Mujeres";"Exito"
"2022-2023";"81.07";"Total Negocios, administración y derecho";"Mujeres";"Exito"
"2021-2022";"79.52";"Total Negocios, administración y derecho";"Mujeres";"Exito"
"2020-2021";"85.48";"Total Negocios, administración y derecho";"Mujeres";"Exito"
"2019-2020";"90.24";"Total Negocios, administración y derecho";"Mujeres";"Exito"
"2018-2019";"83.25";"Total Negocios, administración y derecho";"Mujeres";"Exito"
"2017-2018";"82.53";"Total Negocios, administración y derecho";"Mujeres";"Exito"
"2016-2017";"82.79";"Total Negocios, administración y derecho";"Mujeres";"Exito"
"2015-2016";"81.45";"Total Negocios, administración y derecho";"Mujeres";"Exito"
"2022-2023";"67.64";"Administración y gestión de empresas";"Mujeres";"Exito"
"2021-2022";"65.88";"Administración y gestión de empresas";"Mujeres";"Exito"
"2020-2021";"72.02";"Administración y gestión de empresas";"Mujeres";"Exito"
"2019-2020";"80.13";"Administración y gestión de empresas";"Mujeres";"Exito"
"2018-2019";"74.48";"Administración y gestión de empresas";"Mujeres";"Exito"
"2017-2018";"73.55";"Administración y gestión de empresas";"Mujeres";"Exito"
"2016-2017";"76.47";"Administración y gestión de empresas";"Mujeres";"Exito"
"2015-2016";"75.73";"Administración y gestión de empresas";"Mujeres";"Exito"
"2022-2023";"90.54";"Otra Educación comercial y empresarial";"Mujeres";"Exito"
"2021-2022";"90.73";"Otra Educación comercial y empresarial";"Mujeres";"Exito"
"2020-2021";"95.42";"Otra Educación comercial y empresarial";"Mujeres";"Exito"
"2019-2020";"96.75";"Otra Educación comercial y empresarial";"Mujeres";"Exito"
"2018-2019";"93.5";"Otra Educación comercial y empresarial";"Mujeres";"Exito"
"2017-2018";"93.95";"Otra Educación comercial y empresarial";"Mujeres";"Exito"
"2016-2017";"94.62";"Otra Educación comercial y empresarial";"Mujeres";"Exito"
"2015-2016";"93.9";"Otra Educación comercial y empresarial";"Mujeres";"Exito"
"2022-2023";"83.61";"Derecho";"Mujeres";"Exito"
"2021-2022";"82.11";"Derecho";"Mujeres";"Exito"
"2020-2021";"89.13";"Derecho";"Mujeres";"Exito"
"2019-2020";"93.85";"Derecho";"Mujeres";"Exito"
"2018-2019";"84.59";"Derecho";"Mujeres";"Exito"
"2017-2018";"84.4";"Derecho";"Mujeres";"Exito"
"2016-2017";"83.06";"Derecho";"Mujeres";"Exito"
"2015-2016";"81.44";"Derecho";"Mujeres";"Exito"
"2022-2023";"83.02";"Total Ciencias";"Mujeres";"Exito"
"2021-2022";"81.08";"Total Ciencias";"Mujeres";"Exito"
"2020-2021";"82.44";"Total Ciencias";"Mujeres";"Exito"
"2019-2020";"90.71";"Total Ciencias";"Mujeres";"Exito"
"2018-2019";"82.52";"Total Ciencias";"Mujeres";"Exito"
"2017-2018";"81.09";"Total Ciencias";"Mujeres";"Exito"
"2016-2017";"80.03";"Total Ciencias";"Mujeres";"Exito"
"2015-2016";"81.68";"Total Ciencias";"Mujeres";"Exito"
"2022-2023";"82.38";"Ciencias de la vida";"Mujeres";"Exito"
"2021-2022";"82.04";"Ciencias de la vida";"Mujeres";"Exito"
"2020-2021";"86.1";"Ciencias de la vida";"Mujeres";"Exito"
"2019-2020";"94.48";"Ciencias de la vida";"Mujeres";"Exito"
"2018-2019";"86.77";"Ciencias de la vida";"Mujeres";"Exito"
"2017-2018";"84.26";"Ciencias de la vida";"Mujeres";"Exito"
"2016-2017";"85.86";"Ciencias de la vida";"Mujeres";"Exito"
"2015-2016";"86.13";"Ciencias de la vida";"Mujeres";"Exito"
"2022-2023";"84.05";"Ciencias Físicas, químicas, geológicas";"Mujeres";"Exito"
"2021-2022";"80.91";"Ciencias Físicas, químicas, geológicas";"Mujeres";"Exito"
"2020-2021";"80.28";"Ciencias Físicas, químicas, geológicas";"Mujeres";"Exito"
"2019-2020";"88.47";"Ciencias Físicas, químicas, geológicas";"Mujeres";"Exito"
"2018-2019";"81.06";"Ciencias Físicas, químicas, geológicas";"Mujeres";"Exito"
"2017-2018";"80.78";"Ciencias Físicas, químicas, geológicas";"Mujeres";"Exito"
"2016-2017";"76.92";"Ciencias Físicas, químicas, geológicas";"Mujeres";"Exito"
"2015-2016";"78.34";"Ciencias Físicas, químicas, geológicas";"Mujeres";"Exito"
"2022-2023";"81.21";"Matemáticas y Estadística";"Mujeres";"Exito"
"2021-2022";"77.29";"Matemáticas y Estadística";"Mujeres";"Exito"
"2020-2021";"74.68";"Matemáticas y Estadística";"Mujeres";"Exito"
"2019-2020";"83.1";"Matemáticas y Estadística";"Mujeres";"Exito"
"2018-2019";"68.58";"Matemáticas y Estadística";"Mujeres";"Exito"
"2017-2018";"65.93";"Matemáticas y Estadística";"Mujeres";"Exito"
"2016-2017";"63.93";"Matemáticas y Estadística";"Mujeres";"Exito"
"2015-2016";"73.58";"Matemáticas y Estadística";"Mujeres";"Exito"
"2022-2023";"79.2";"Total Informática";"Mujeres";"Exito"
"2021-2022";"75.38";"Total Informática";"Mujeres";"Exito"
"2020-2021";"78.17";"Total Informática";"Mujeres";"Exito"
"2019-2020";"86.41";"Total Informática";"Mujeres";"Exito"
"2018-2019";"80.85";"Total Informática";"Mujeres";"Exito"
"2017-2018";"74.64";"Total Informática";"Mujeres";"Exito"
"2016-2017";"80.65";"Total Informática";"Mujeres";"Exito"
"2015-2016";"76.99";"Total Informática";"Mujeres";"Exito"
"2022-2023";"79.2";"Informática";"Mujeres";"Exito"
"2021-2022";"75.38";"Informática";"Mujeres";"Exito"
"2020-2021";"78.17";"Informática";"Mujeres";"Exito"
"2019-2020";"86.41";"Informática";"Mujeres";"Exito"
"2018-2019";"80.85";"Informática";"Mujeres";"Exito"
"2017-2018";"74.64";"Informática";"Mujeres";"Exito"
"2016-2017";"80.65";"Informática";"Mujeres";"Exito"
"2015-2016";"76.99";"Informática";"Mujeres";"Exito"
"2022-2023";"78.56";"Total Ingeniería, industria y construcción";"Mujeres";"Exito"
"2021-2022";"76.66";"Total Ingeniería, industria y construcción";"Mujeres";"Exito"
"2020-2021";"78.52";"Total Ingeniería, industria y construcción";"Mujeres";"Exito"
"2019-2020";"84.11";"Total Ingeniería, industria y construcción";"Mujeres";"Exito"
"2018-2019";"80.63";"Total Ingeniería, industria y construcción";"Mujeres";"Exito"
"2017-2018";"80.82";"Total Ingeniería, industria y construcción";"Mujeres";"Exito"
"2016-2017";"79.36";"Total Ingeniería, industria y construcción";"Mujeres";"Exito"
"2015-2016";"79.65";"Total Ingeniería, industria y construcción";"Mujeres";"Exito"
"2022-2023";"79.99";"Ingenierías";"Mujeres";"Exito"
"2021-2022";"75.76";"Ingenierías";"Mujeres";"Exito"
"2020-2021";"80.4";"Ingenierías";"Mujeres";"Exito"
"2019-2020";"84.38";"Ingenierías";"Mujeres";"Exito"
"2018-2019";"76.15";"Ingenierías";"Mujeres";"Exito"
"2017-2018";"77.5";"Ingenierías";"Mujeres";"Exito"
"2016-2017";"75.92";"Ingenierías";"Mujeres";"Exito"
"2015-2016";"79.08";"Ingenierías";"Mujeres";"Exito"
"2022-2023";"77.57";"Arquitectura y construcción";"Mujeres";"Exito"
"2021-2022";"77.28";"Arquitectura y construcción";"Mujeres";"Exito"
"2020-2021";"77.06";"Arquitectura y construcción";"Mujeres";"Exito"
"2019-2020";"83.91";"Arquitectura y construcción";"Mujeres";"Exito"
"2018-2019";"83.79";"Arquitectura y construcción";"Mujeres";"Exito"
"2017-2018";"83.01";"Arquitectura y construcción";"Mujeres";"Exito"
"2016-2017";"81.15";"Arquitectura y construcción";"Mujeres";"Exito"
"2015-2016";"79.89";"Arquitectura y construcción";"Mujeres";"Exito"
"2022-2023";"..";"Total Agricultura, ganadería,  silvicultura, pesca, y veterinaria";"Mujeres";"Exito"
"2021-2022";"..";"Total Agricultura, ganadería,  silvicultura, pesca, y veterinaria";"Mujeres";"Exito"
"2020-2021";"..";"Total Agricultura, ganadería,  silvicultura, pesca, y veterinaria";"Mujeres";"Exito"
"2019-2020";"..";"Total Agricultura, ganadería,  silvicultura, pesca, y veterinaria";"Mujeres";"Exito"
"2018-2019";"..";"Total Agricultura, ganadería,  silvicultura, pesca, y veterinaria";"Mujeres";"Exito"
"2017-2018";"..";"Total Agricultura, ganadería,  silvicultura, pesca, y veterinaria";"Mujeres";"Exito"
"2016-2017";"..";"Total Agricultura, ganadería,  silvicultura, pesca, y veterinaria";"Mujeres";"Exito"
"2015-2016";"..";"Total Agricultura, ganadería,  silvicultura, pesca, y veterinaria";"Mujeres";"Exito"
"2022-2023";"..";"Agricultura, ganadería y pesca";"Mujeres";"Exito"
"2021-2022";"..";"Agricultura, ganadería y pesca";"Mujeres";"Exito"
"2020-2021";"..";"Agricultura, ganadería y pesca";"Mujeres";"Exito"
"2019-2020";"..";"Agricultura, ganadería y pesca";"Mujeres";"Exito"
"2018-2019";"..";"Agricultura, ganadería y pesca";"Mujeres";"Exito"
"2017-2018";"..";"Agricultura, ganadería y pesca";"Mujeres";"Exito"
"2016-2017";"..";"Agricultura, ganadería y pesca";"Mujeres";"Exito"
"2015-2016";"..";"Agricultura, ganadería y pesca";"Mujeres";"Exito"
"2022-2023";"..";"Veterinaria";"Mujeres";"Exito"
"2021-2022";"..";"Veterinaria";"Mujeres";"Exito"
"2020-2021";"..";"Veterinaria";"Mujeres";"Exito"
"2019-2020";"..";"Veterinaria";"Mujeres";"Exito"
"2018-2019";"..";"Veterinaria";"Mujeres";"Exito"
"2017-2018";"..";"Veterinaria";"Mujeres";"Exito"
"2016-2017";"..";"Veterinaria";"Mujeres";"Exito"
"2015-2016";"..";"Veterinaria";"Mujeres";"Exito"
"2022-2023";"92.18";"Total Salud y servicios sociales";"Mujeres";"Exito"
"2021-2022";"91.79";"Total Salud y servicios sociales";"Mujeres";"Exito"
"2020-2021";"93.79";"Total Salud y servicios sociales";"Mujeres";"Exito"
"2019-2020";"96.65";"Total Salud y servicios sociales";"Mujeres";"Exito"
"2018-2019";"92.72";"Total Salud y servicios sociales";"Mujeres";"Exito"
"2017-2018";"91.47";"Total Salud y servicios sociales";"Mujeres";"Exito"
"2016-2017";"92.46";"Total Salud y servicios sociales";"Mujeres";"Exito"
"2015-2016";"92.85";"Total Salud y servicios sociales";"Mujeres";"Exito"
"2022-2023";"..";"Medicina";"Mujeres";"Exito"
"2021-2022";"..";"Medicina";"Mujeres";"Exito"
"2020-2021";"..";"Medicina";"Mujeres";"Exito"
"2019-2020";"..";"Medicina";"Mujeres";"Exito"
"2018-2019";"..";"Medicina";"Mujeres";"Exito"
"2017-2018";"..";"Medicina";"Mujeres";"Exito"
"2016-2017";"..";"Medicina";"Mujeres";"Exito"
"2015-2016";"..";"Medicina";"Mujeres";"Exito"
"2022-2023";"96.06";"Enfermería y atención a enfermos";"Mujeres";"Exito"
"2021-2022";"97.5";"Enfermería y atención a enfermos";"Mujeres";"Exito"
"2020-2021";"97.77";"Enfermería y atención a enfermos";"Mujeres";"Exito"
"2019-2020";"98.86";"Enfermería y atención a enfermos";"Mujeres";"Exito"
"2018-2019";"98.3";"Enfermería y atención a enfermos";"Mujeres";"Exito"
"2017-2018";"98.48";"Enfermería y atención a enfermos";"Mujeres";"Exito"
"2016-2017";"98.76";"Enfermería y atención a enfermos";"Mujeres";"Exito"
"2015-2016";"99.11";"Enfermería y atención a enfermos";"Mujeres";"Exito"
"2022-2023";"86.08";"Otras ciencias de la Salud";"Mujeres";"Exito"
"2021-2022";"84.27";"Otras ciencias de la Salud";"Mujeres";"Exito"
"2020-2021";"86.24";"Otras ciencias de la Salud";"Mujeres";"Exito"
"2019-2020";"92.97";"Otras ciencias de la Salud";"Mujeres";"Exito"
"2018-2019";"84.14";"Otras ciencias de la Salud";"Mujeres";"Exito"
"2017-2018";"82.68";"Otras ciencias de la Salud";"Mujeres";"Exito"
"2016-2017";"83.51";"Otras ciencias de la Salud";"Mujeres";"Exito"
"2015-2016";"85.49";"Otras ciencias de la Salud";"Mujeres";"Exito"
"2022-2023";"93.72";"Trabajo social y orientación";"Mujeres";"Exito"
"2021-2022";"92.92";"Trabajo social y orientación";"Mujeres";"Exito"
"2020-2021";"96.59";"Trabajo social y orientación";"Mujeres";"Exito"
"2019-2020";"97.47";"Trabajo social y orientación";"Mujeres";"Exito"
"2018-2019";"93.74";"Trabajo social y orientación";"Mujeres";"Exito"
"2017-2018";"90.99";"Trabajo social y orientación";"Mujeres";"Exito"
"2016-2017";"92.73";"Trabajo social y orientación";"Mujeres";"Exito"
"2015-2016";"91.6";"Trabajo social y orientación";"Mujeres";"Exito"
"2022-2023";"88.12";"Total Servicios";"Mujeres";"Exito"
"2021-2022";"88.06";"Total Servicios";"Mujeres";"Exito"
"2020-2021";"91.2";"Total Servicios";"Mujeres";"Exito"
"2019-2020";"93.05";"Total Servicios";"Mujeres";"Exito"
"2018-2019";"85.45";"Total Servicios";"Mujeres";"Exito"
"2017-2018";"84.66";"Total Servicios";"Mujeres";"Exito"
"2016-2017";"85.8";"Total Servicios";"Mujeres";"Exito"
"2015-2016";"86.51";"Total Servicios";"Mujeres";"Exito"
"2022-2023";"97.81";"Deportes";"Mujeres";"Exito"
"2021-2022";"97.42";"Deportes";"Mujeres";"Exito"
"2020-2021";"96.19";"Deportes";"Mujeres";"Exito"
"2019-2020";"98.36";"Deportes";"Mujeres";"Exito"
"2018-2019";"96.11";"Deportes";"Mujeres";"Exito"
"2017-2018";"96.51";"Deportes";"Mujeres";"Exito"
"2016-2017";"96.49";"Deportes";"Mujeres";"Exito"
"2015-2016";"96.78";"Deportes";"Mujeres";"Exito"
"2022-2023";"85.82";"Turismo y Hostelería";"Mujeres";"Exito"
"2021-2022";"85.81";"Turismo y Hostelería";"Mujeres";"Exito"
"2020-2021";"90.2";"Turismo y Hostelería";"Mujeres";"Exito"
"2019-2020";"91.92";"Turismo y Hostelería";"Mujeres";"Exito"
"2018-2019";"83.54";"Turismo y Hostelería";"Mujeres";"Exito"
"2017-2018";"82.08";"Turismo y Hostelería";"Mujeres";"Exito"
"2016-2017";"83.65";"Turismo y Hostelería";"Mujeres";"Exito"
"2015-2016";"84.51";"Turismo y Hostelería";"Mujeres";"Exito"
"2022-2023";"..";"Otros Servicios";"Mujeres";"Exito"
"2021-2022";"..";"Otros Servicios";"Mujeres";"Exito"
"2020-2021";"..";"Otros Servicios";"Mujeres";"Exito"
"2019-2020";"..";"Otros Servicios";"Mujeres";"Exito"
"2018-2019";"..";"Otros Servicios";"Mujeres";"Exito"
"2017-2018";"..";"Otros Servicios";"Mujeres";"Exito"
"2016-2017";"..";"Otros Servicios";"Mujeres";"Exito"
"2015-2016";"..";"Otros Servicios";"Mujeres";"Exito"
"2022-2023";"???";"Alicante";"Mujeres";"Evaluacion"
"2021-2022";"???";"Alicante";"Mujeres";"Evaluacion"
"2020-2021";"???";"Alicante";"Mujeres";"Evaluacion"
"2019-2020";"???";"Alicante";"Mujeres";"Evaluacion"
"2018-2019";"???";"Alicante";"Mujeres";"Evaluacion"
"2017-2018";"???";"Alicante";"Mujeres";"Evaluacion"
"2016-2017";"???";"Alicante";"Mujeres";"Evaluacion"
"2015-2016";"???";"Alicante";"Mujeres";"Evaluacion"
"2022-2023";"94.33";"Todos los ámbitos";"Mujeres";"Evaluacion"
"2021-2022";"94.11";"Todos los ámbitos";"Mujeres";"Evaluacion"
"2020-2021";"96.21";"Todos los ámbitos";"Mujeres";"Evaluacion"
"2019-2020";"97.19";"Todos los ámbitos";"Mujeres";"Evaluacion"
"2018-2019";"94.73";"Todos los ámbitos";"Mujeres";"Evaluacion"
"2017-2018";"94.55";"Todos los ámbitos";"Mujeres";"Evaluacion"
"2016-2017";"94.86";"Todos los ámbitos";"Mujeres";"Evaluacion"
"2015-2016";"95.18";"Todos los ámbitos";"Mujeres";"Evaluacion"
"2022-2023";"97.97";"Total Educación";"Mujeres";"Evaluacion"
"2021-2022";"98.39";"Total Educación";"Mujeres";"Evaluacion"
"2020-2021";"98.89";"Total Educación";"Mujeres";"Evaluacion"
"2019-2020";"98.86";"Total Educación";"Mujeres";"Evaluacion"
"2018-2019";"97.69";"Total Educación";"Mujeres";"Evaluacion"
"2017-2018";"97.44";"Total Educación";"Mujeres";"Evaluacion"
"2016-2017";"97.63";"Total Educación";"Mujeres";"Evaluacion"
"2015-2016";"97.86";"Total Educación";"Mujeres";"Evaluacion"
"2022-2023";"98.01";"Formación de docentes de enseñanza infantil";"Mujeres";"Evaluacion"
"2021-2022";"98.41";"Formación de docentes de enseñanza infantil";"Mujeres";"Evaluacion"
"2020-2021";"99.1";"Formación de docentes de enseñanza infantil";"Mujeres";"Evaluacion"
"2019-2020";"98.94";"Formación de docentes de enseñanza infantil";"Mujeres";"Evaluacion"
"2018-2019";"98.1";"Formación de docentes de enseñanza infantil";"Mujeres";"Evaluacion"
"2017-2018";"97.63";"Formación de docentes de enseñanza infantil";"Mujeres";"Evaluacion"
"2016-2017";"97.48";"Formación de docentes de enseñanza infantil";"Mujeres";"Evaluacion"
"2015-2016";"98.11";"Formación de docentes de enseñanza infantil";"Mujeres";"Evaluacion"
"2022-2023";"97.92";"Formación de docentes de enseñanza primaria";"Mujeres";"Evaluacion"
"2021-2022";"98.38";"Formación de docentes de enseñanza primaria";"Mujeres";"Evaluacion"
"2020-2021";"98.68";"Formación de docentes de enseñanza primaria";"Mujeres";"Evaluacion"
"2019-2020";"98.77";"Formación de docentes de enseñanza primaria";"Mujeres";"Evaluacion"
"2018-2019";"97.26";"Formación de docentes de enseñanza primaria";"Mujeres";"Evaluacion"
"2017-2018";"97.25";"Formación de docentes de enseñanza primaria";"Mujeres";"Evaluacion"
"2016-2017";"97.79";"Formación de docentes de enseñanza primaria";"Mujeres";"Evaluacion"
"2015-2016";"97.59";"Formación de docentes de enseñanza primaria";"Mujeres";"Evaluacion"
"2022-2023";"..";"Otra Formación de personal docente y ciencias de la educación";"Mujeres";"Evaluacion"
"2021-2022";"..";"Otra Formación de personal docente y ciencias de la educación";"Mujeres";"Evaluacion"
"2020-2021";"..";"Otra Formación de personal docente y ciencias de la educación";"Mujeres";"Evaluacion"
"2019-2020";"..";"Otra Formación de personal docente y ciencias de la educación";"Mujeres";"Evaluacion"
"2018-2019";"..";"Otra Formación de personal docente y ciencias de la educación";"Mujeres";"Evaluacion"
"2017-2018";"..";"Otra Formación de personal docente y ciencias de la educación";"Mujeres";"Evaluacion"
"2016-2017";"..";"Otra Formación de personal docente y ciencias de la educación";"Mujeres";"Evaluacion"
"2015-2016";"..";"Otra Formación de personal docente y ciencias de la educación";"Mujeres";"Evaluacion"
"2022-2023";"92.25";"Total Artes y humanidades";"Mujeres";"Evaluacion"
"2021-2022";"92.65";"Total Artes y humanidades";"Mujeres";"Evaluacion"
"2020-2021";"95.91";"Total Artes y humanidades";"Mujeres";"Evaluacion"
"2019-2020";"95.92";"Total Artes y humanidades";"Mujeres";"Evaluacion"
"2018-2019";"94.31";"Total Artes y humanidades";"Mujeres";"Evaluacion"
"2017-2018";"94.42";"Total Artes y humanidades";"Mujeres";"Evaluacion"
"2016-2017";"94.88";"Total Artes y humanidades";"Mujeres";"Evaluacion"
"2015-2016";"95.13";"Total Artes y humanidades";"Mujeres";"Evaluacion"
"2022-2023";"..";"Técnicas audiovisuales y medios de comunicación";"Mujeres";"Evaluacion"
"2021-2022";"..";"Técnicas audiovisuales y medios de comunicación";"Mujeres";"Evaluacion"
"2020-2021";"..";"Técnicas audiovisuales y medios de comunicación";"Mujeres";"Evaluacion"
"2019-2020";"..";"Técnicas audiovisuales y medios de comunicación";"Mujeres";"Evaluacion"
"2018-2019";"..";"Técnicas audiovisuales y medios de comunicación";"Mujeres";"Evaluacion"
"2017-2018";"..";"Técnicas audiovisuales y medios de comunicación";"Mujeres";"Evaluacion"
"2016-2017";"..";"Técnicas audiovisuales y medios de comunicación";"Mujeres";"Evaluacion"
"2015-2016";"..";"Técnicas audiovisuales y medios de comunicación";"Mujeres";"Evaluacion"
"2022-2023";"..";"Artes";"Mujeres";"Evaluacion"
"2021-2022";"..";"Artes";"Mujeres";"Evaluacion"
"2020-2021";"..";"Artes";"Mujeres";"Evaluacion"
"2019-2020";"..";"Artes";"Mujeres";"Evaluacion"
"2018-2019";"..";"Artes";"Mujeres";"Evaluacion"
"2017-2018";"..";"Artes";"Mujeres";"Evaluacion"
"2016-2017";"..";"Artes";"Mujeres";"Evaluacion"
"2015-2016";"..";"Artes";"Mujeres";"Evaluacion"
"2022-2023";"92.46";"Lenguas";"Mujeres";"Evaluacion"
"2021-2022";"92.28";"Lenguas";"Mujeres";"Evaluacion"
"2020-2021";"95.86";"Lenguas";"Mujeres";"Evaluacion"
"2019-2020";"95.84";"Lenguas";"Mujeres";"Evaluacion"
"2018-2019";"94.42";"Lenguas";"Mujeres";"Evaluacion"
"2017-2018";"94.64";"Lenguas";"Mujeres";"Evaluacion"
"2016-2017";"94.93";"Lenguas";"Mujeres";"Evaluacion"
"2015-2016";"94.92";"Lenguas";"Mujeres";"Evaluacion"
"2022-2023";"91.12";"Humanidades";"Mujeres";"Evaluacion"
"2021-2022";"94.67";"Humanidades";"Mujeres";"Evaluacion"
"2020-2021";"96.18";"Humanidades";"Mujeres";"Evaluacion"
"2019-2020";"96.38";"Humanidades";"Mujeres";"Evaluacion"
"2018-2019";"93.67";"Humanidades";"Mujeres";"Evaluacion"
"2017-2018";"93.14";"Humanidades";"Mujeres";"Evaluacion"
"2016-2017";"94.61";"Humanidades";"Mujeres";"Evaluacion"
"2015-2016";"96.24";"Humanidades";"Mujeres";"Evaluacion"
"2022-2023";"94.35";"Total Ciencias sociales, periodismo y documentación";"Mujeres";"Evaluacion"
"2021-2022";"94.23";"Total Ciencias sociales, periodismo y documentación";"Mujeres";"Evaluacion"
"2020-2021";"96.83";"Total Ciencias sociales, periodismo y documentación";"Mujeres";"Evaluacion"
"2019-2020";"96.87";"Total Ciencias sociales, periodismo y documentación";"Mujeres";"Evaluacion"
"2018-2019";"95.11";"Total Ciencias sociales, periodismo y documentación";"Mujeres";"Evaluacion"
"2017-2018";"95.2";"Total Ciencias sociales, periodismo y documentación";"Mujeres";"Evaluacion"
"2016-2017";"94.26";"Total Ciencias sociales, periodismo y documentación";"Mujeres";"Evaluacion"
"2015-2016";"95.04";"Total Ciencias sociales, periodismo y documentación";"Mujeres";"Evaluacion"
"2022-2023";"..";"Psicología";"Mujeres";"Evaluacion"
"2021-2022";"..";"Psicología";"Mujeres";"Evaluacion"
"2020-2021";"..";"Psicología";"Mujeres";"Evaluacion"
"2019-2020";"..";"Psicología";"Mujeres";"Evaluacion"
"2018-2019";"..";"Psicología";"Mujeres";"Evaluacion"
"2017-2018";"..";"Psicología";"Mujeres";"Evaluacion"
"2016-2017";"..";"Psicología";"Mujeres";"Evaluacion"
"2015-2016";"..";"Psicología";"Mujeres";"Evaluacion"
"2022-2023";"93.8";"Economía";"Mujeres";"Evaluacion"
"2021-2022";"93.45";"Economía";"Mujeres";"Evaluacion"
"2020-2021";"96.14";"Economía";"Mujeres";"Evaluacion"
"2019-2020";"97.1";"Economía";"Mujeres";"Evaluacion"
"2018-2019";"95.52";"Economía";"Mujeres";"Evaluacion"
"2017-2018";"95.68";"Economía";"Mujeres";"Evaluacion"
"2016-2017";"95.83";"Economía";"Mujeres";"Evaluacion"
"2015-2016";"96.05";"Economía";"Mujeres";"Evaluacion"
"2022-2023";"94.46";"Otras Ciencias sociales y del comportamiento";"Mujeres";"Evaluacion"
"2021-2022";"94.38";"Otras Ciencias sociales y del comportamiento";"Mujeres";"Evaluacion"
"2020-2021";"97.0";"Otras Ciencias sociales y del comportamiento";"Mujeres";"Evaluacion"
"2019-2020";"96.81";"Otras Ciencias sociales y del comportamiento";"Mujeres";"Evaluacion"
"2018-2019";"95.0";"Otras Ciencias sociales y del comportamiento";"Mujeres";"Evaluacion"
"2017-2018";"95.05";"Otras Ciencias sociales y del comportamiento";"Mujeres";"Evaluacion"
"2016-2017";"93.79";"Otras Ciencias sociales y del comportamiento";"Mujeres";"Evaluacion"
"2015-2016";"94.73";"Otras Ciencias sociales y del comportamiento";"Mujeres";"Evaluacion"
"2022-2023";"..";"Periodismo e información";"Mujeres";"Evaluacion"
"2021-2022";"..";"Periodismo e información";"Mujeres";"Evaluacion"
"2020-2021";"..";"Periodismo e información";"Mujeres";"Evaluacion"
"2019-2020";"..";"Periodismo e información";"Mujeres";"Evaluacion"
"2018-2019";"..";"Periodismo e información";"Mujeres";"Evaluacion"
"2017-2018";"..";"Periodismo e información";"Mujeres";"Evaluacion"
"2016-2017";"..";"Periodismo e información";"Mujeres";"Evaluacion"
"2015-2016";"..";"Periodismo e información";"Mujeres";"Evaluacion"
"2022-2023";"92.19";"Total Negocios, administración y derecho";"Mujeres";"Evaluacion"
"2021-2022";"91.82";"Total Negocios, administración y derecho";"Mujeres";"Evaluacion"
"2020-2021";"95.41";"Total Negocios, administración y derecho";"Mujeres";"Evaluacion"
"2019-2020";"97.14";"Total Negocios, administración y derecho";"Mujeres";"Evaluacion"
"2018-2019";"92.7";"Total Negocios, administración y derecho";"Mujeres";"Evaluacion"
"2017-2018";"92.71";"Total Negocios, administración y derecho";"Mujeres";"Evaluacion"
"2016-2017";"93.11";"Total Negocios, administración y derecho";"Mujeres";"Evaluacion"
"2015-2016";"93.79";"Total Negocios, administración y derecho";"Mujeres";"Evaluacion"
"2022-2023";"89.24";"Administración y gestión de empresas";"Mujeres";"Evaluacion"
"2021-2022";"89.01";"Administración y gestión de empresas";"Mujeres";"Evaluacion"
"2020-2021";"92.9";"Administración y gestión de empresas";"Mujeres";"Evaluacion"
"2019-2020";"95.67";"Administración y gestión de empresas";"Mujeres";"Evaluacion"
"2018-2019";"92.0";"Administración y gestión de empresas";"Mujeres";"Evaluacion"
"2017-2018";"91.92";"Administración y gestión de empresas";"Mujeres";"Evaluacion"
"2016-2017";"93.13";"Administración y gestión de empresas";"Mujeres";"Evaluacion"
"2015-2016";"93.59";"Administración y gestión de empresas";"Mujeres";"Evaluacion"
"2022-2023";"96.8";"Otra Educación comercial y empresarial";"Mujeres";"Evaluacion"
"2021-2022";"97.32";"Otra Educación comercial y empresarial";"Mujeres";"Evaluacion"
"2020-2021";"98.11";"Otra Educación comercial y empresarial";"Mujeres";"Evaluacion"
"2019-2020";"98.22";"Otra Educación comercial y empresarial";"Mujeres";"Evaluacion"
"2018-2019";"96.4";"Otra Educación comercial y empresarial";"Mujeres";"Evaluacion"
"2017-2018";"96.34";"Otra Educación comercial y empresarial";"Mujeres";"Evaluacion"
"2016-2017";"96.89";"Otra Educación comercial y empresarial";"Mujeres";"Evaluacion"
"2015-2016";"96.58";"Otra Educación comercial y empresarial";"Mujeres";"Evaluacion"
"2022-2023";"91.56";"Derecho";"Mujeres";"Evaluacion"
"2021-2022";"90.86";"Derecho";"Mujeres";"Evaluacion"
"2020-2021";"95.77";"Derecho";"Mujeres";"Evaluacion"
"2019-2020";"97.62";"Derecho";"Mujeres";"Evaluacion"
"2018-2019";"91.55";"Derecho";"Mujeres";"Evaluacion"
"2017-2018";"91.78";"Derecho";"Mujeres";"Evaluacion"
"2016-2017";"91.41";"Derecho";"Mujeres";"Evaluacion"
"2015-2016";"92.65";"Derecho";"Mujeres";"Evaluacion"
"2022-2023";"96.23";"Total Ciencias";"Mujeres";"Evaluacion"
"2021-2022";"95.05";"Total Ciencias";"Mujeres";"Evaluacion"
"2020-2021";"96.04";"Total Ciencias";"Mujeres";"Evaluacion"
"2019-2020";"97.52";"Total Ciencias";"Mujeres";"Evaluacion"
"2018-2019";"96.26";"Total Ciencias";"Mujeres";"Evaluacion"
"2017-2018";"95.2";"Total Ciencias";"Mujeres";"Evaluacion"
"2016-2017";"96.13";"Total Ciencias";"Mujeres";"Evaluacion"
"2015-2016";"96.62";"Total Ciencias";"Mujeres";"Evaluacion"
"2022-2023";"96.88";"Ciencias de la vida";"Mujeres";"Evaluacion"
"2021-2022";"96.52";"Ciencias de la vida";"Mujeres";"Evaluacion"
"2020-2021";"97.28";"Ciencias de la vida";"Mujeres";"Evaluacion"
"2019-2020";"97.52";"Ciencias de la vida";"Mujeres";"Evaluacion"
"2018-2019";"97.46";"Ciencias de la vida";"Mujeres";"Evaluacion"
"2017-2018";"96.64";"Ciencias de la vida";"Mujeres";"Evaluacion"
"2016-2017";"97.39";"Ciencias de la vida";"Mujeres";"Evaluacion"
"2015-2016";"96.94";"Ciencias de la vida";"Mujeres";"Evaluacion"
"2022-2023";"95.84";"Ciencias Físicas, químicas, geológicas";"Mujeres";"Evaluacion"
"2021-2022";"94.62";"Ciencias Físicas, químicas, geológicas";"Mujeres";"Evaluacion"
"2020-2021";"95.4";"Ciencias Físicas, químicas, geológicas";"Mujeres";"Evaluacion"
"2019-2020";"98.09";"Ciencias Físicas, químicas, geológicas";"Mujeres";"Evaluacion"
"2018-2019";"96.32";"Ciencias Físicas, químicas, geológicas";"Mujeres";"Evaluacion"
"2017-2018";"95.0";"Ciencias Físicas, químicas, geológicas";"Mujeres";"Evaluacion"
"2016-2017";"95.53";"Ciencias Físicas, químicas, geológicas";"Mujeres";"Evaluacion"
"2015-2016";"96.79";"Ciencias Físicas, químicas, geológicas";"Mujeres";"Evaluacion"
"2022-2023";"95.34";"Matemáticas y Estadística";"Mujeres";"Evaluacion"
"2021-2022";"90.48";"Matemáticas y Estadística";"Mujeres";"Evaluacion"
"2020-2021";"93.18";"Matemáticas y Estadística";"Mujeres";"Evaluacion"
"2019-2020";"94.96";"Matemáticas y Estadística";"Mujeres";"Evaluacion"
"2018-2019";"90.44";"Matemáticas y Estadística";"Mujeres";"Evaluacion"
"2017-2018";"89.14";"Matemáticas y Estadística";"Mujeres";"Evaluacion"
"2016-2017";"92.54";"Matemáticas y Estadística";"Mujeres";"Evaluacion"
"2015-2016";"94.22";"Matemáticas y Estadística";"Mujeres";"Evaluacion"
"2022-2023";"92.16";"Total Informática";"Mujeres";"Evaluacion"
"2021-2022";"91.44";"Total Informática";"Mujeres";"Evaluacion"
"2020-2021";"92.0";"Total Informática";"Mujeres";"Evaluacion"
"2019-2020";"93.36";"Total Informática";"Mujeres";"Evaluacion"
"2018-2019";"91.83";"Total Informática";"Mujeres";"Evaluacion"
"2017-2018";"89.63";"Total Informática";"Mujeres";"Evaluacion"
"2016-2017";"89.34";"Total Informática";"Mujeres";"Evaluacion"
"2015-2016";"90.6";"Total Informática";"Mujeres";"Evaluacion"
"2022-2023";"92.16";"Informática";"Mujeres";"Evaluacion"
"2021-2022";"91.44";"Informática";"Mujeres";"Evaluacion"
"2020-2021";"92.0";"Informática";"Mujeres";"Evaluacion"
"2019-2020";"93.36";"Informática";"Mujeres";"Evaluacion"
"2018-2019";"91.83";"Informática";"Mujeres";"Evaluacion"
"2017-2018";"89.63";"Informática";"Mujeres";"Evaluacion"
"2016-2017";"89.34";"Informática";"Mujeres";"Evaluacion"
"2015-2016";"90.6";"Informática";"Mujeres";"Evaluacion"
"2022-2023";"88.5";"Total Ingeniería, industria y construcción";"Mujeres";"Evaluacion"
"2021-2022";"86.82";"Total Ingeniería, industria y construcción";"Mujeres";"Evaluacion"
"2020-2021";"86.82";"Total Ingeniería, industria y construcción";"Mujeres";"Evaluacion"
"2019-2020";"90.6";"Total Ingeniería, industria y construcción";"Mujeres";"Evaluacion"
"2018-2019";"87.08";"Total Ingeniería, industria y construcción";"Mujeres";"Evaluacion"
"2017-2018";"86.28";"Total Ingeniería, industria y construcción";"Mujeres";"Evaluacion"
"2016-2017";"87.0";"Total Ingeniería, industria y construcción";"Mujeres";"Evaluacion"
"2015-2016";"88.38";"Total Ingeniería, industria y construcción";"Mujeres";"Evaluacion"
"2022-2023";"94.02";"Ingenierías";"Mujeres";"Evaluacion"
"2021-2022";"93.4";"Ingenierías";"Mujeres";"Evaluacion"
"2020-2021";"94.94";"Ingenierías";"Mujeres";"Evaluacion"
"2019-2020";"95.78";"Ingenierías";"Mujeres";"Evaluacion"
"2018-2019";"93.57";"Ingenierías";"Mujeres";"Evaluacion"
"2017-2018";"95.01";"Ingenierías";"Mujeres";"Evaluacion"
"2016-2017";"95.75";"Ingenierías";"Mujeres";"Evaluacion"
"2015-2016";"95.1";"Ingenierías";"Mujeres";"Evaluacion"
"2022-2023";"85.05";"Arquitectura y construcción";"Mujeres";"Evaluacion"
"2021-2022";"82.76";"Arquitectura y construcción";"Mujeres";"Evaluacion"
"2020-2021";"81.39";"Arquitectura y construcción";"Mujeres";"Evaluacion"
"2019-2020";"87.15";"Arquitectura y construcción";"Mujeres";"Evaluacion"
"2018-2019";"83.02";"Arquitectura y construcción";"Mujeres";"Evaluacion"
"2017-2018";"81.33";"Arquitectura y construcción";"Mujeres";"Evaluacion"
"2016-2017";"83.04";"Arquitectura y construcción";"Mujeres";"Evaluacion"
"2015-2016";"85.89";"Arquitectura y construcción";"Mujeres";"Evaluacion"
"2022-2023";"..";"Total Agricultura, ganadería,  silvicultura, pesca, y veterinaria";"Mujeres";"Evaluacion"
"2021-2022";"..";"Total Agricultura, ganadería,  silvicultura, pesca, y veterinaria";"Mujeres";"Evaluacion"
"2020-2021";"..";"Total Agricultura, ganadería,  silvicultura, pesca, y veterinaria";"Mujeres";"Evaluacion"
"2019-2020";"..";"Total Agricultura, ganadería,  silvicultura, pesca, y veterinaria";"Mujeres";"Evaluacion"
"2018-2019";"..";"Total Agricultura, ganadería,  silvicultura, pesca, y veterinaria";"Mujeres";"Evaluacion"
"2017-2018";"..";"Total Agricultura, ganadería,  silvicultura, pesca, y veterinaria";"Mujeres";"Evaluacion"
"2016-2017";"..";"Total Agricultura, ganadería,  silvicultura, pesca, y veterinaria";"Mujeres";"Evaluacion"
"2015-2016";"..";"Total Agricultura, ganadería,  silvicultura, pesca, y veterinaria";"Mujeres";"Evaluacion"
"2022-2023";"..";"Agricultura, ganadería y pesca";"Mujeres";"Evaluacion"
"2021-2022";"..";"Agricultura, ganadería y pesca";"Mujeres";"Evaluacion"
"2020-2021";"..";"Agricultura, ganadería y pesca";"Mujeres";"Evaluacion"
"2019-2020";"..";"Agricultura, ganadería y pesca";"Mujeres";"Evaluacion"
"2018-2019";"..";"Agricultura, ganadería y pesca";"Mujeres";"Evaluacion"
"2017-2018";"..";"Agricultura, ganadería y pesca";"Mujeres";"Evaluacion"
"2016-2017";"..";"Agricultura, ganadería y pesca";"Mujeres";"Evaluacion"
"2015-2016";"..";"Agricultura, ganadería y pesca";"Mujeres";"Evaluacion"
"2022-2023";"..";"Veterinaria";"Mujeres";"Evaluacion"
"2021-2022";"..";"Veterinaria";"Mujeres";"Evaluacion"
"2020-2021";"..";"Veterinaria";"Mujeres";"Evaluacion"
"2019-2020";"..";"Veterinaria";"Mujeres";"Evaluacion"
"2018-2019";"..";"Veterinaria";"Mujeres";"Evaluacion"
"2017-2018";"..";"Veterinaria";"Mujeres";"Evaluacion"
"2016-2017";"..";"Veterinaria";"Mujeres";"Evaluacion"
"2015-2016";"..";"Veterinaria";"Mujeres";"Evaluacion"
"2022-2023";"97.06";"Total Salud y servicios sociales";"Mujeres";"Evaluacion"
"2021-2022";"96.83";"Total Salud y servicios sociales";"Mujeres";"Evaluacion"
"2020-2021";"97.94";"Total Salud y servicios sociales";"Mujeres";"Evaluacion"
"2019-2020";"98.8";"Total Salud y servicios sociales";"Mujeres";"Evaluacion"
"2018-2019";"97.15";"Total Salud y servicios sociales";"Mujeres";"Evaluacion"
"2017-2018";"97.42";"Total Salud y servicios sociales";"Mujeres";"Evaluacion"
"2016-2017";"97.89";"Total Salud y servicios sociales";"Mujeres";"Evaluacion"
"2015-2016";"97.13";"Total Salud y servicios sociales";"Mujeres";"Evaluacion"
"2022-2023";"..";"Medicina";"Mujeres";"Evaluacion"
"2021-2022";"..";"Medicina";"Mujeres";"Evaluacion"
"2020-2021";"..";"Medicina";"Mujeres";"Evaluacion"
"2019-2020";"..";"Medicina";"Mujeres";"Evaluacion"
"2018-2019";"..";"Medicina";"Mujeres";"Evaluacion"
"2017-2018";"..";"Medicina";"Mujeres";"Evaluacion"
"2016-2017";"..";"Medicina";"Mujeres";"Evaluacion"
"2015-2016";"..";"Medicina";"Mujeres";"Evaluacion"
"2022-2023";"98.71";"Enfermería y atención a enfermos";"Mujeres";"Evaluacion"
"2021-2022";"99.15";"Enfermería y atención a enfermos";"Mujeres";"Evaluacion"
"2020-2021";"99.59";"Enfermería y atención a enfermos";"Mujeres";"Evaluacion"
"2019-2020";"99.92";"Enfermería y atención a enfermos";"Mujeres";"Evaluacion"
"2018-2019";"99.49";"Enfermería y atención a enfermos";"Mujeres";"Evaluacion"
"2017-2018";"99.29";"Enfermería y atención a enfermos";"Mujeres";"Evaluacion"
"2016-2017";"99.3";"Enfermería y atención a enfermos";"Mujeres";"Evaluacion"
"2015-2016";"98.75";"Enfermería y atención a enfermos";"Mujeres";"Evaluacion"
"2022-2023";"96.59";"Otras ciencias de la Salud";"Mujeres";"Evaluacion"
"2021-2022";"95.56";"Otras ciencias de la Salud";"Mujeres";"Evaluacion"
"2020-2021";"96.99";"Otras ciencias de la Salud";"Mujeres";"Evaluacion"
"2019-2020";"98.15";"Otras ciencias de la Salud";"Mujeres";"Evaluacion"
"2018-2019";"95.89";"Otras ciencias de la Salud";"Mujeres";"Evaluacion"
"2017-2018";"96.81";"Otras ciencias de la Salud";"Mujeres";"Evaluacion"
"2016-2017";"97.03";"Otras ciencias de la Salud";"Mujeres";"Evaluacion"
"2015-2016";"97.05";"Otras ciencias de la Salud";"Mujeres";"Evaluacion"
"2022-2023";"95.48";"Trabajo social y orientación";"Mujeres";"Evaluacion"
"2021-2022";"95.46";"Trabajo social y orientación";"Mujeres";"Evaluacion"
"2020-2021";"96.97";"Trabajo social y orientación";"Mujeres";"Evaluacion"
"2019-2020";"98.02";"Trabajo social y orientación";"Mujeres";"Evaluacion"
"2018-2019";"95.38";"Trabajo social y orientación";"Mujeres";"Evaluacion"
"2017-2018";"95.64";"Trabajo social y orientación";"Mujeres";"Evaluacion"
"2016-2017";"96.89";"Trabajo social y orientación";"Mujeres";"Evaluacion"
"2015-2016";"95.24";"Trabajo social y orientación";"Mujeres";"Evaluacion"
"2022-2023";"94.33";"Total Servicios";"Mujeres";"Evaluacion"
"2021-2022";"93.35";"Total Servicios";"Mujeres";"Evaluacion"
"2020-2021";"95.86";"Total Servicios";"Mujeres";"Evaluacion"
"2019-2020";"96.62";"Total Servicios";"Mujeres";"Evaluacion"
"2018-2019";"94.6";"Total Servicios";"Mujeres";"Evaluacion"
"2017-2018";"94.41";"Total Servicios";"Mujeres";"Evaluacion"
"2016-2017";"94.85";"Total Servicios";"Mujeres";"Evaluacion"
"2015-2016";"94.52";"Total Servicios";"Mujeres";"Evaluacion"
"2022-2023";"99.41";"Deportes";"Mujeres";"Evaluacion"
"2021-2022";"96.94";"Deportes";"Mujeres";"Evaluacion"
"2020-2021";"97.89";"Deportes";"Mujeres";"Evaluacion"
"2019-2020";"98.23";"Deportes";"Mujeres";"Evaluacion"
"2018-2019";"97.85";"Deportes";"Mujeres";"Evaluacion"
"2017-2018";"97.14";"Deportes";"Mujeres";"Evaluacion"
"2016-2017";"97.9";"Deportes";"Mujeres";"Evaluacion"
"2015-2016";"97.17";"Deportes";"Mujeres";"Evaluacion"
"2022-2023";"93.2";"Turismo y Hostelería";"Mujeres";"Evaluacion"
"2021-2022";"92.52";"Turismo y Hostelería";"Mujeres";"Evaluacion"
"2020-2021";"95.46";"Turismo y Hostelería";"Mujeres";"Evaluacion"
"2019-2020";"96.28";"Turismo y Hostelería";"Mujeres";"Evaluacion"
"2018-2019";"94.04";"Turismo y Hostelería";"Mujeres";"Evaluacion"
"2017-2018";"93.84";"Turismo y Hostelería";"Mujeres";"Evaluacion"
"2016-2017";"94.26";"Turismo y Hostelería";"Mujeres";"Evaluacion"
"2015-2016";"94.03";"Turismo y Hostelería";"Mujeres";"Evaluacion"
"2022-2023";"..";"Otros Servicios";"Mujeres";"Evaluacion"
"2021-2022";"..";"Otros Servicios";"Mujeres";"Evaluacion"
"2020-2021";"..";"Otros Servicios";"Mujeres";"Evaluacion"
"2019-2020";"..";"Otros Servicios";"Mujeres";"Evaluacion"
"2018-2019";"..";"Otros Servicios";"Mujeres";"Evaluacion"
"2017-2018";"..";"Otros Servicios";"Mujeres";"Evaluacion"
"2016-2017";"..";"Otros Servicios";"Mujeres";"Evaluacion"
"2015-2016";"..";"Otros Servicios";"Mujeres";"Evaluacion"
