"Anio";"Valor";"Carrera";"Genero";"Tasa"
"2022-2023";"???";"Ramón Llull";"Ambos Sexos";"Rendimiento"
"2021-2022";"???";"Ramón Llull";"Ambos Sexos";"Rendimiento"
"2020-2021";"???";"Ramón Llull";"Ambos Sexos";"Rendimiento"
"2019-2020";"???";"Ramón Llull";"Ambos Sexos";"Rendimiento"
"2018-2019";"???";"Ramón Llull";"Ambos Sexos";"Rendimiento"
"2017-2018";"???";"Ramón Llull";"Ambos Sexos";"Rendimiento"
"2016-2017";"???";"Ramón Llull";"Ambos Sexos";"Rendimiento"
"2015-2016";"???";"Ramón Llull";"Ambos Sexos";"Rendimiento"
"2022-2023";"89.89";"Todos los ámbitos";"Ambos Sexos";"Rendimiento"
"2021-2022";"88.93";"Todos los ámbitos";"Ambos Sexos";"Rendimiento"
"2020-2021";"90.76";"Todos los ámbitos";"Ambos Sexos";"Rendimiento"
"2019-2020";"91.32";"Todos los ámbitos";"Ambos Sexos";"Rendimiento"
"2018-2019";"89.02";"Todos los ámbitos";"Ambos Sexos";"Rendimiento"
"2017-2018";"88.09";"Todos los ámbitos";"Ambos Sexos";"Rendimiento"
"2016-2017";"86.96";"Todos los ámbitos";"Ambos Sexos";"Rendimiento"
"2015-2016";"86.82";"Todos los ámbitos";"Ambos Sexos";"Rendimiento"
"2022-2023";"94.92";"Total Educación";"Ambos Sexos";"Rendimiento"
"2021-2022";"94.32";"Total Educación";"Ambos Sexos";"Rendimiento"
"2020-2021";"96.0";"Total Educación";"Ambos Sexos";"Rendimiento"
"2019-2020";"96.16";"Total Educación";"Ambos Sexos";"Rendimiento"
"2018-2019";"91.78";"Total Educación";"Ambos Sexos";"Rendimiento"
"2017-2018";"90.63";"Total Educación";"Ambos Sexos";"Rendimiento"
"2016-2017";"89.84";"Total Educación";"Ambos Sexos";"Rendimiento"
"2015-2016";"89.95";"Total Educación";"Ambos Sexos";"Rendimiento"
"2022-2023";"96.11";"Formación de docentes de enseñanza infantil";"Ambos Sexos";"Rendimiento"
"2021-2022";"93.38";"Formación de docentes de enseñanza infantil";"Ambos Sexos";"Rendimiento"
"2020-2021";"96.05";"Formación de docentes de enseñanza infantil";"Ambos Sexos";"Rendimiento"
"2019-2020";"96.86";"Formación de docentes de enseñanza infantil";"Ambos Sexos";"Rendimiento"
"2018-2019";"92.25";"Formación de docentes de enseñanza infantil";"Ambos Sexos";"Rendimiento"
"2017-2018";"91.4";"Formación de docentes de enseñanza infantil";"Ambos Sexos";"Rendimiento"
"2016-2017";"90.3";"Formación de docentes de enseñanza infantil";"Ambos Sexos";"Rendimiento"
"2015-2016";"91.34";"Formación de docentes de enseñanza infantil";"Ambos Sexos";"Rendimiento"
"2022-2023";"95.0";"Formación de docentes de enseñanza primaria";"Ambos Sexos";"Rendimiento"
"2021-2022";"94.96";"Formación de docentes de enseñanza primaria";"Ambos Sexos";"Rendimiento"
"2020-2021";"96.45";"Formación de docentes de enseñanza primaria";"Ambos Sexos";"Rendimiento"
"2019-2020";"97.18";"Formación de docentes de enseñanza primaria";"Ambos Sexos";"Rendimiento"
"2018-2019";"92.01";"Formación de docentes de enseñanza primaria";"Ambos Sexos";"Rendimiento"
"2017-2018";"89.52";"Formación de docentes de enseñanza primaria";"Ambos Sexos";"Rendimiento"
"2016-2017";"89.0";"Formación de docentes de enseñanza primaria";"Ambos Sexos";"Rendimiento"
"2015-2016";"88.77";"Formación de docentes de enseñanza primaria";"Ambos Sexos";"Rendimiento"
"2022-2023";"93.75";"Otra Formación de personal docente y ciencias de la educación";"Ambos Sexos";"Rendimiento"
"2021-2022";"94.32";"Otra Formación de personal docente y ciencias de la educación";"Ambos Sexos";"Rendimiento"
"2020-2021";"95.39";"Otra Formación de personal docente y ciencias de la educación";"Ambos Sexos";"Rendimiento"
"2019-2020";"94.09";"Otra Formación de personal docente y ciencias de la educación";"Ambos Sexos";"Rendimiento"
"2018-2019";"90.96";"Otra Formación de personal docente y ciencias de la educación";"Ambos Sexos";"Rendimiento"
"2017-2018";"91.69";"Otra Formación de personal docente y ciencias de la educación";"Ambos Sexos";"Rendimiento"
"2016-2017";"90.91";"Otra Formación de personal docente y ciencias de la educación";"Ambos Sexos";"Rendimiento"
"2015-2016";"90.31";"Otra Formación de personal docente y ciencias de la educación";"Ambos Sexos";"Rendimiento"
"2022-2023";"90.44";"Total Artes y humanidades";"Ambos Sexos";"Rendimiento"
"2021-2022";"86.58";"Total Artes y humanidades";"Ambos Sexos";"Rendimiento"
"2020-2021";"90.93";"Total Artes y humanidades";"Ambos Sexos";"Rendimiento"
"2019-2020";"89.78";"Total Artes y humanidades";"Ambos Sexos";"Rendimiento"
"2018-2019";"93.46";"Total Artes y humanidades";"Ambos Sexos";"Rendimiento"
"2017-2018";"92.05";"Total Artes y humanidades";"Ambos Sexos";"Rendimiento"
"2016-2017";"89.08";"Total Artes y humanidades";"Ambos Sexos";"Rendimiento"
"2015-2016";"88.81";"Total Artes y humanidades";"Ambos Sexos";"Rendimiento"
"2022-2023";"93.92";"Técnicas audiovisuales y medios de comunicación";"Ambos Sexos";"Rendimiento"
"2021-2022";"91.59";"Técnicas audiovisuales y medios de comunicación";"Ambos Sexos";"Rendimiento"
"2020-2021";"91.79";"Técnicas audiovisuales y medios de comunicación";"Ambos Sexos";"Rendimiento"
"2019-2020";"91.46";"Técnicas audiovisuales y medios de comunicación";"Ambos Sexos";"Rendimiento"
"2018-2019";"93.78";"Técnicas audiovisuales y medios de comunicación";"Ambos Sexos";"Rendimiento"
"2017-2018";"92.34";"Técnicas audiovisuales y medios de comunicación";"Ambos Sexos";"Rendimiento"
"2016-2017";"92.5";"Técnicas audiovisuales y medios de comunicación";"Ambos Sexos";"Rendimiento"
"2015-2016";"90.72";"Técnicas audiovisuales y medios de comunicación";"Ambos Sexos";"Rendimiento"
"2022-2023";"86.37";"Artes";"Ambos Sexos";"Rendimiento"
"2021-2022";"79.87";"Artes";"Ambos Sexos";"Rendimiento"
"2020-2021";"90.45";"Artes";"Ambos Sexos";"Rendimiento"
"2019-2020";"87.8";"Artes";"Ambos Sexos";"Rendimiento"
"2018-2019";"..";"Artes";"Ambos Sexos";"Rendimiento"
"2017-2018";"..";"Artes";"Ambos Sexos";"Rendimiento"
"2016-2017";"86.01";"Artes";"Ambos Sexos";"Rendimiento"
"2015-2016";"87.73";"Artes";"Ambos Sexos";"Rendimiento"
"2022-2023";"..";"Lenguas";"Ambos Sexos";"Rendimiento"
"2021-2022";"..";"Lenguas";"Ambos Sexos";"Rendimiento"
"2020-2021";"..";"Lenguas";"Ambos Sexos";"Rendimiento"
"2019-2020";"..";"Lenguas";"Ambos Sexos";"Rendimiento"
"2018-2019";"..";"Lenguas";"Ambos Sexos";"Rendimiento"
"2017-2018";"..";"Lenguas";"Ambos Sexos";"Rendimiento"
"2016-2017";"..";"Lenguas";"Ambos Sexos";"Rendimiento"
"2015-2016";"..";"Lenguas";"Ambos Sexos";"Rendimiento"
"2022-2023";"..";"Humanidades";"Ambos Sexos";"Rendimiento"
"2021-2022";"..";"Humanidades";"Ambos Sexos";"Rendimiento"
"2020-2021";"..";"Humanidades";"Ambos Sexos";"Rendimiento"
"2019-2020";"..";"Humanidades";"Ambos Sexos";"Rendimiento"
"2018-2019";"..";"Humanidades";"Ambos Sexos";"Rendimiento"
"2017-2018";"..";"Humanidades";"Ambos Sexos";"Rendimiento"
"2016-2017";"..";"Humanidades";"Ambos Sexos";"Rendimiento"
"2015-2016";"92.19";"Humanidades";"Ambos Sexos";"Rendimiento"
"2022-2023";"92.6";"Total Ciencias sociales, periodismo y documentación";"Ambos Sexos";"Rendimiento"
"2021-2022";"92.09";"Total Ciencias sociales, periodismo y documentación";"Ambos Sexos";"Rendimiento"
"2020-2021";"93.49";"Total Ciencias sociales, periodismo y documentación";"Ambos Sexos";"Rendimiento"
"2019-2020";"93.14";"Total Ciencias sociales, periodismo y documentación";"Ambos Sexos";"Rendimiento"
"2018-2019";"90.79";"Total Ciencias sociales, periodismo y documentación";"Ambos Sexos";"Rendimiento"
"2017-2018";"89.61";"Total Ciencias sociales, periodismo y documentación";"Ambos Sexos";"Rendimiento"
"2016-2017";"88.32";"Total Ciencias sociales, periodismo y documentación";"Ambos Sexos";"Rendimiento"
"2015-2016";"87.51";"Total Ciencias sociales, periodismo y documentación";"Ambos Sexos";"Rendimiento"
"2022-2023";"92.1";"Psicología";"Ambos Sexos";"Rendimiento"
"2021-2022";"92.15";"Psicología";"Ambos Sexos";"Rendimiento"
"2020-2021";"94.68";"Psicología";"Ambos Sexos";"Rendimiento"
"2019-2020";"94.56";"Psicología";"Ambos Sexos";"Rendimiento"
"2018-2019";"90.18";"Psicología";"Ambos Sexos";"Rendimiento"
"2017-2018";"90.15";"Psicología";"Ambos Sexos";"Rendimiento"
"2016-2017";"90.03";"Psicología";"Ambos Sexos";"Rendimiento"
"2015-2016";"89.58";"Psicología";"Ambos Sexos";"Rendimiento"
"2022-2023";"96.02";"Economía";"Ambos Sexos";"Rendimiento"
"2021-2022";"95.38";"Economía";"Ambos Sexos";"Rendimiento"
"2020-2021";"92.58";"Economía";"Ambos Sexos";"Rendimiento"
"2019-2020";"94.96";"Economía";"Ambos Sexos";"Rendimiento"
"2018-2019";"..";"Economía";"Ambos Sexos";"Rendimiento"
"2017-2018";"..";"Economía";"Ambos Sexos";"Rendimiento"
"2016-2017";"..";"Economía";"Ambos Sexos";"Rendimiento"
"2015-2016";"..";"Economía";"Ambos Sexos";"Rendimiento"
"2022-2023";"92.32";"Otras Ciencias sociales y del comportamiento";"Ambos Sexos";"Rendimiento"
"2021-2022";"92.01";"Otras Ciencias sociales y del comportamiento";"Ambos Sexos";"Rendimiento"
"2020-2021";"93.75";"Otras Ciencias sociales y del comportamiento";"Ambos Sexos";"Rendimiento"
"2019-2020";"95.21";"Otras Ciencias sociales y del comportamiento";"Ambos Sexos";"Rendimiento"
"2018-2019";"92.68";"Otras Ciencias sociales y del comportamiento";"Ambos Sexos";"Rendimiento"
"2017-2018";"91.35";"Otras Ciencias sociales y del comportamiento";"Ambos Sexos";"Rendimiento"
"2016-2017";"91.39";"Otras Ciencias sociales y del comportamiento";"Ambos Sexos";"Rendimiento"
"2015-2016";"90.16";"Otras Ciencias sociales y del comportamiento";"Ambos Sexos";"Rendimiento"
"2022-2023";"90.62";"Periodismo e información";"Ambos Sexos";"Rendimiento"
"2021-2022";"90.28";"Periodismo e información";"Ambos Sexos";"Rendimiento"
"2020-2021";"92.75";"Periodismo e información";"Ambos Sexos";"Rendimiento"
"2019-2020";"91.0";"Periodismo e información";"Ambos Sexos";"Rendimiento"
"2018-2019";"90.59";"Periodismo e información";"Ambos Sexos";"Rendimiento"
"2017-2018";"88.61";"Periodismo e información";"Ambos Sexos";"Rendimiento"
"2016-2017";"85.98";"Periodismo e información";"Ambos Sexos";"Rendimiento"
"2015-2016";"85.25";"Periodismo e información";"Ambos Sexos";"Rendimiento"
"2022-2023";"94.71";"Total Negocios, administración y derecho";"Ambos Sexos";"Rendimiento"
"2021-2022";"93.04";"Total Negocios, administración y derecho";"Ambos Sexos";"Rendimiento"
"2020-2021";"94.34";"Total Negocios, administración y derecho";"Ambos Sexos";"Rendimiento"
"2019-2020";"95.76";"Total Negocios, administración y derecho";"Ambos Sexos";"Rendimiento"
"2018-2019";"94.66";"Total Negocios, administración y derecho";"Ambos Sexos";"Rendimiento"
"2017-2018";"95.08";"Total Negocios, administración y derecho";"Ambos Sexos";"Rendimiento"
"2016-2017";"94.61";"Total Negocios, administración y derecho";"Ambos Sexos";"Rendimiento"
"2015-2016";"93.8";"Total Negocios, administración y derecho";"Ambos Sexos";"Rendimiento"
"2022-2023";"94.14";"Administración y gestión de empresas";"Ambos Sexos";"Rendimiento"
"2021-2022";"92.39";"Administración y gestión de empresas";"Ambos Sexos";"Rendimiento"
"2020-2021";"93.99";"Administración y gestión de empresas";"Ambos Sexos";"Rendimiento"
"2019-2020";"95.47";"Administración y gestión de empresas";"Ambos Sexos";"Rendimiento"
"2018-2019";"93.96";"Administración y gestión de empresas";"Ambos Sexos";"Rendimiento"
"2017-2018";"94.45";"Administración y gestión de empresas";"Ambos Sexos";"Rendimiento"
"2016-2017";"94.06";"Administración y gestión de empresas";"Ambos Sexos";"Rendimiento"
"2015-2016";"93.52";"Administración y gestión de empresas";"Ambos Sexos";"Rendimiento"
"2022-2023";"96.56";"Otra Educación comercial y empresarial";"Ambos Sexos";"Rendimiento"
"2021-2022";"94.88";"Otra Educación comercial y empresarial";"Ambos Sexos";"Rendimiento"
"2020-2021";"96.33";"Otra Educación comercial y empresarial";"Ambos Sexos";"Rendimiento"
"2019-2020";"97.59";"Otra Educación comercial y empresarial";"Ambos Sexos";"Rendimiento"
"2018-2019";"97.2";"Otra Educación comercial y empresarial";"Ambos Sexos";"Rendimiento"
"2017-2018";"95.61";"Otra Educación comercial y empresarial";"Ambos Sexos";"Rendimiento"
"2016-2017";"96.59";"Otra Educación comercial y empresarial";"Ambos Sexos";"Rendimiento"
"2015-2016";"92.31";"Otra Educación comercial y empresarial";"Ambos Sexos";"Rendimiento"
"2022-2023";"96.42";"Derecho";"Ambos Sexos";"Rendimiento"
"2021-2022";"94.74";"Derecho";"Ambos Sexos";"Rendimiento"
"2020-2021";"94.54";"Derecho";"Ambos Sexos";"Rendimiento"
"2019-2020";"95.82";"Derecho";"Ambos Sexos";"Rendimiento"
"2018-2019";"95.63";"Derecho";"Ambos Sexos";"Rendimiento"
"2017-2018";"96.67";"Derecho";"Ambos Sexos";"Rendimiento"
"2016-2017";"95.49";"Derecho";"Ambos Sexos";"Rendimiento"
"2015-2016";"95.45";"Derecho";"Ambos Sexos";"Rendimiento"
"2022-2023";"85.9";"Total Ciencias";"Ambos Sexos";"Rendimiento"
"2021-2022";"86.45";"Total Ciencias";"Ambos Sexos";"Rendimiento"
"2020-2021";"90.2";"Total Ciencias";"Ambos Sexos";"Rendimiento"
"2019-2020";"89.2";"Total Ciencias";"Ambos Sexos";"Rendimiento"
"2018-2019";"88.9";"Total Ciencias";"Ambos Sexos";"Rendimiento"
"2017-2018";"85.36";"Total Ciencias";"Ambos Sexos";"Rendimiento"
"2016-2017";"85.86";"Total Ciencias";"Ambos Sexos";"Rendimiento"
"2015-2016";"86.23";"Total Ciencias";"Ambos Sexos";"Rendimiento"
"2022-2023";"86.43";"Ciencias de la vida";"Ambos Sexos";"Rendimiento"
"2021-2022";"88.88";"Ciencias de la vida";"Ambos Sexos";"Rendimiento"
"2020-2021";"91.24";"Ciencias de la vida";"Ambos Sexos";"Rendimiento"
"2019-2020";"90.92";"Ciencias de la vida";"Ambos Sexos";"Rendimiento"
"2018-2019";"88.57";"Ciencias de la vida";"Ambos Sexos";"Rendimiento"
"2017-2018";"83.44";"Ciencias de la vida";"Ambos Sexos";"Rendimiento"
"2016-2017";"85.63";"Ciencias de la vida";"Ambos Sexos";"Rendimiento"
"2015-2016";"85.39";"Ciencias de la vida";"Ambos Sexos";"Rendimiento"
"2022-2023";"84.94";"Ciencias Físicas, químicas, geológicas";"Ambos Sexos";"Rendimiento"
"2021-2022";"82.55";"Ciencias Físicas, químicas, geológicas";"Ambos Sexos";"Rendimiento"
"2020-2021";"87.79";"Ciencias Físicas, químicas, geológicas";"Ambos Sexos";"Rendimiento"
"2019-2020";"86.62";"Ciencias Físicas, químicas, geológicas";"Ambos Sexos";"Rendimiento"
"2018-2019";"89.33";"Ciencias Físicas, químicas, geológicas";"Ambos Sexos";"Rendimiento"
"2017-2018";"87.72";"Ciencias Físicas, químicas, geológicas";"Ambos Sexos";"Rendimiento"
"2016-2017";"86.1";"Ciencias Físicas, químicas, geológicas";"Ambos Sexos";"Rendimiento"
"2015-2016";"86.94";"Ciencias Físicas, químicas, geológicas";"Ambos Sexos";"Rendimiento"
"2022-2023";"..";"Matemáticas y Estadística";"Ambos Sexos";"Rendimiento"
"2021-2022";"..";"Matemáticas y Estadística";"Ambos Sexos";"Rendimiento"
"2020-2021";"..";"Matemáticas y Estadística";"Ambos Sexos";"Rendimiento"
"2019-2020";"..";"Matemáticas y Estadística";"Ambos Sexos";"Rendimiento"
"2018-2019";"..";"Matemáticas y Estadística";"Ambos Sexos";"Rendimiento"
"2017-2018";"..";"Matemáticas y Estadística";"Ambos Sexos";"Rendimiento"
"2016-2017";"..";"Matemáticas y Estadística";"Ambos Sexos";"Rendimiento"
"2015-2016";"..";"Matemáticas y Estadística";"Ambos Sexos";"Rendimiento"
"2022-2023";"73.73";"Total Informática";"Ambos Sexos";"Rendimiento"
"2021-2022";"73.57";"Total Informática";"Ambos Sexos";"Rendimiento"
"2020-2021";"76.62";"Total Informática";"Ambos Sexos";"Rendimiento"
"2019-2020";"76.25";"Total Informática";"Ambos Sexos";"Rendimiento"
"2018-2019";"68.1";"Total Informática";"Ambos Sexos";"Rendimiento"
"2017-2018";"71.14";"Total Informática";"Ambos Sexos";"Rendimiento"
"2016-2017";"69.64";"Total Informática";"Ambos Sexos";"Rendimiento"
"2015-2016";"72.06";"Total Informática";"Ambos Sexos";"Rendimiento"
"2022-2023";"73.73";"Informática";"Ambos Sexos";"Rendimiento"
"2021-2022";"73.57";"Informática";"Ambos Sexos";"Rendimiento"
"2020-2021";"76.62";"Informática";"Ambos Sexos";"Rendimiento"
"2019-2020";"76.25";"Informática";"Ambos Sexos";"Rendimiento"
"2018-2019";"68.1";"Informática";"Ambos Sexos";"Rendimiento"
"2017-2018";"71.14";"Informática";"Ambos Sexos";"Rendimiento"
"2016-2017";"69.64";"Informática";"Ambos Sexos";"Rendimiento"
"2015-2016";"72.06";"Informática";"Ambos Sexos";"Rendimiento"
"2022-2023";"69.28";"Total Ingeniería, industria y construcción";"Ambos Sexos";"Rendimiento"
"2021-2022";"68.2";"Total Ingeniería, industria y construcción";"Ambos Sexos";"Rendimiento"
"2020-2021";"67.89";"Total Ingeniería, industria y construcción";"Ambos Sexos";"Rendimiento"
"2019-2020";"74.54";"Total Ingeniería, industria y construcción";"Ambos Sexos";"Rendimiento"
"2018-2019";"68.61";"Total Ingeniería, industria y construcción";"Ambos Sexos";"Rendimiento"
"2017-2018";"67.09";"Total Ingeniería, industria y construcción";"Ambos Sexos";"Rendimiento"
"2016-2017";"64.97";"Total Ingeniería, industria y construcción";"Ambos Sexos";"Rendimiento"
"2015-2016";"69.68";"Total Ingeniería, industria y construcción";"Ambos Sexos";"Rendimiento"
"2022-2023";"64.78";"Ingenierías";"Ambos Sexos";"Rendimiento"
"2021-2022";"67.85";"Ingenierías";"Ambos Sexos";"Rendimiento"
"2020-2021";"66.89";"Ingenierías";"Ambos Sexos";"Rendimiento"
"2019-2020";"73.52";"Ingenierías";"Ambos Sexos";"Rendimiento"
"2018-2019";"67.8";"Ingenierías";"Ambos Sexos";"Rendimiento"
"2017-2018";"65.06";"Ingenierías";"Ambos Sexos";"Rendimiento"
"2016-2017";"65.58";"Ingenierías";"Ambos Sexos";"Rendimiento"
"2015-2016";"66.74";"Ingenierías";"Ambos Sexos";"Rendimiento"
"2022-2023";"77.29";"Arquitectura y construcción";"Ambos Sexos";"Rendimiento"
"2021-2022";"68.88";"Arquitectura y construcción";"Ambos Sexos";"Rendimiento"
"2020-2021";"70.1";"Arquitectura y construcción";"Ambos Sexos";"Rendimiento"
"2019-2020";"76.5";"Arquitectura y construcción";"Ambos Sexos";"Rendimiento"
"2018-2019";"69.98";"Arquitectura y construcción";"Ambos Sexos";"Rendimiento"
"2017-2018";"70.22";"Arquitectura y construcción";"Ambos Sexos";"Rendimiento"
"2016-2017";"64.18";"Arquitectura y construcción";"Ambos Sexos";"Rendimiento"
"2015-2016";"73.09";"Arquitectura y construcción";"Ambos Sexos";"Rendimiento"
"2022-2023";"..";"Total Agricultura, ganadería,  silvicultura, pesca, y veterinaria";"Ambos Sexos";"Rendimiento"
"2021-2022";"..";"Total Agricultura, ganadería,  silvicultura, pesca, y veterinaria";"Ambos Sexos";"Rendimiento"
"2020-2021";"..";"Total Agricultura, ganadería,  silvicultura, pesca, y veterinaria";"Ambos Sexos";"Rendimiento"
"2019-2020";"..";"Total Agricultura, ganadería,  silvicultura, pesca, y veterinaria";"Ambos Sexos";"Rendimiento"
"2018-2019";"..";"Total Agricultura, ganadería,  silvicultura, pesca, y veterinaria";"Ambos Sexos";"Rendimiento"
"2017-2018";"..";"Total Agricultura, ganadería,  silvicultura, pesca, y veterinaria";"Ambos Sexos";"Rendimiento"
"2016-2017";"..";"Total Agricultura, ganadería,  silvicultura, pesca, y veterinaria";"Ambos Sexos";"Rendimiento"
"2015-2016";"..";"Total Agricultura, ganadería,  silvicultura, pesca, y veterinaria";"Ambos Sexos";"Rendimiento"
"2022-2023";"..";"Agricultura, ganadería y pesca";"Ambos Sexos";"Rendimiento"
"2021-2022";"..";"Agricultura, ganadería y pesca";"Ambos Sexos";"Rendimiento"
"2020-2021";"..";"Agricultura, ganadería y pesca";"Ambos Sexos";"Rendimiento"
"2019-2020";"..";"Agricultura, ganadería y pesca";"Ambos Sexos";"Rendimiento"
"2018-2019";"..";"Agricultura, ganadería y pesca";"Ambos Sexos";"Rendimiento"
"2017-2018";"..";"Agricultura, ganadería y pesca";"Ambos Sexos";"Rendimiento"
"2016-2017";"..";"Agricultura, ganadería y pesca";"Ambos Sexos";"Rendimiento"
"2015-2016";"..";"Agricultura, ganadería y pesca";"Ambos Sexos";"Rendimiento"
"2022-2023";"..";"Veterinaria";"Ambos Sexos";"Rendimiento"
"2021-2022";"..";"Veterinaria";"Ambos Sexos";"Rendimiento"
"2020-2021";"..";"Veterinaria";"Ambos Sexos";"Rendimiento"
"2019-2020";"..";"Veterinaria";"Ambos Sexos";"Rendimiento"
"2018-2019";"..";"Veterinaria";"Ambos Sexos";"Rendimiento"
"2017-2018";"..";"Veterinaria";"Ambos Sexos";"Rendimiento"
"2016-2017";"..";"Veterinaria";"Ambos Sexos";"Rendimiento"
"2015-2016";"..";"Veterinaria";"Ambos Sexos";"Rendimiento"
"2022-2023";"89.01";"Total Salud y servicios sociales";"Ambos Sexos";"Rendimiento"
"2021-2022";"88.57";"Total Salud y servicios sociales";"Ambos Sexos";"Rendimiento"
"2020-2021";"90.42";"Total Salud y servicios sociales";"Ambos Sexos";"Rendimiento"
"2019-2020";"88.38";"Total Salud y servicios sociales";"Ambos Sexos";"Rendimiento"
"2018-2019";"87.06";"Total Salud y servicios sociales";"Ambos Sexos";"Rendimiento"
"2017-2018";"85.96";"Total Salud y servicios sociales";"Ambos Sexos";"Rendimiento"
"2016-2017";"84.46";"Total Salud y servicios sociales";"Ambos Sexos";"Rendimiento"
"2015-2016";"83.79";"Total Salud y servicios sociales";"Ambos Sexos";"Rendimiento"
"2022-2023";"..";"Medicina";"Ambos Sexos";"Rendimiento"
"2021-2022";"..";"Medicina";"Ambos Sexos";"Rendimiento"
"2020-2021";"..";"Medicina";"Ambos Sexos";"Rendimiento"
"2019-2020";"..";"Medicina";"Ambos Sexos";"Rendimiento"
"2018-2019";"..";"Medicina";"Ambos Sexos";"Rendimiento"
"2017-2018";"..";"Medicina";"Ambos Sexos";"Rendimiento"
"2016-2017";"..";"Medicina";"Ambos Sexos";"Rendimiento"
"2015-2016";"..";"Medicina";"Ambos Sexos";"Rendimiento"
"2022-2023";"92.82";"Enfermería y atención a enfermos";"Ambos Sexos";"Rendimiento"
"2021-2022";"90.77";"Enfermería y atención a enfermos";"Ambos Sexos";"Rendimiento"
"2020-2021";"89.08";"Enfermería y atención a enfermos";"Ambos Sexos";"Rendimiento"
"2019-2020";"83.3";"Enfermería y atención a enfermos";"Ambos Sexos";"Rendimiento"
"2018-2019";"85.08";"Enfermería y atención a enfermos";"Ambos Sexos";"Rendimiento"
"2017-2018";"84.42";"Enfermería y atención a enfermos";"Ambos Sexos";"Rendimiento"
"2016-2017";"86.04";"Enfermería y atención a enfermos";"Ambos Sexos";"Rendimiento"
"2015-2016";"86.86";"Enfermería y atención a enfermos";"Ambos Sexos";"Rendimiento"
"2022-2023";"87.16";"Otras ciencias de la Salud";"Ambos Sexos";"Rendimiento"
"2021-2022";"87.25";"Otras ciencias de la Salud";"Ambos Sexos";"Rendimiento"
"2020-2021";"90.15";"Otras ciencias de la Salud";"Ambos Sexos";"Rendimiento"
"2019-2020";"89.59";"Otras ciencias de la Salud";"Ambos Sexos";"Rendimiento"
"2018-2019";"87.15";"Otras ciencias de la Salud";"Ambos Sexos";"Rendimiento"
"2017-2018";"85.81";"Otras ciencias de la Salud";"Ambos Sexos";"Rendimiento"
"2016-2017";"83.18";"Otras ciencias de la Salud";"Ambos Sexos";"Rendimiento"
"2015-2016";"81.2";"Otras ciencias de la Salud";"Ambos Sexos";"Rendimiento"
"2022-2023";"90.49";"Trabajo social y orientación";"Ambos Sexos";"Rendimiento"
"2021-2022";"91.41";"Trabajo social y orientación";"Ambos Sexos";"Rendimiento"
"2020-2021";"96.07";"Trabajo social y orientación";"Ambos Sexos";"Rendimiento"
"2019-2020";"92.33";"Trabajo social y orientación";"Ambos Sexos";"Rendimiento"
"2018-2019";"91.41";"Trabajo social y orientación";"Ambos Sexos";"Rendimiento"
"2017-2018";"91.31";"Trabajo social y orientación";"Ambos Sexos";"Rendimiento"
"2016-2017";"89.57";"Trabajo social y orientación";"Ambos Sexos";"Rendimiento"
"2015-2016";"93.48";"Trabajo social y orientación";"Ambos Sexos";"Rendimiento"
"2022-2023";"89.38";"Total Servicios";"Ambos Sexos";"Rendimiento"
"2021-2022";"90.5";"Total Servicios";"Ambos Sexos";"Rendimiento"
"2020-2021";"93.72";"Total Servicios";"Ambos Sexos";"Rendimiento"
"2019-2020";"92.53";"Total Servicios";"Ambos Sexos";"Rendimiento"
"2018-2019";"88.37";"Total Servicios";"Ambos Sexos";"Rendimiento"
"2017-2018";"85.28";"Total Servicios";"Ambos Sexos";"Rendimiento"
"2016-2017";"83.78";"Total Servicios";"Ambos Sexos";"Rendimiento"
"2015-2016";"84.91";"Total Servicios";"Ambos Sexos";"Rendimiento"
"2022-2023";"89.45";"Deportes";"Ambos Sexos";"Rendimiento"
"2021-2022";"89.66";"Deportes";"Ambos Sexos";"Rendimiento"
"2020-2021";"92.59";"Deportes";"Ambos Sexos";"Rendimiento"
"2019-2020";"90.8";"Deportes";"Ambos Sexos";"Rendimiento"
"2018-2019";"84.81";"Deportes";"Ambos Sexos";"Rendimiento"
"2017-2018";"80.45";"Deportes";"Ambos Sexos";"Rendimiento"
"2016-2017";"79.43";"Deportes";"Ambos Sexos";"Rendimiento"
"2015-2016";"81.14";"Deportes";"Ambos Sexos";"Rendimiento"
"2022-2023";"89.04";"Turismo y Hostelería";"Ambos Sexos";"Rendimiento"
"2021-2022";"93.02";"Turismo y Hostelería";"Ambos Sexos";"Rendimiento"
"2020-2021";"96.7";"Turismo y Hostelería";"Ambos Sexos";"Rendimiento"
"2019-2020";"96.29";"Turismo y Hostelería";"Ambos Sexos";"Rendimiento"
"2018-2019";"95.64";"Turismo y Hostelería";"Ambos Sexos";"Rendimiento"
"2017-2018";"94.22";"Turismo y Hostelería";"Ambos Sexos";"Rendimiento"
"2016-2017";"91.98";"Turismo y Hostelería";"Ambos Sexos";"Rendimiento"
"2015-2016";"92.9";"Turismo y Hostelería";"Ambos Sexos";"Rendimiento"
"2022-2023";"..";"Otros Servicios";"Ambos Sexos";"Rendimiento"
"2021-2022";"..";"Otros Servicios";"Ambos Sexos";"Rendimiento"
"2020-2021";"..";"Otros Servicios";"Ambos Sexos";"Rendimiento"
"2019-2020";"..";"Otros Servicios";"Ambos Sexos";"Rendimiento"
"2018-2019";"..";"Otros Servicios";"Ambos Sexos";"Rendimiento"
"2017-2018";"..";"Otros Servicios";"Ambos Sexos";"Rendimiento"
"2016-2017";"..";"Otros Servicios";"Ambos Sexos";"Rendimiento"
"2015-2016";"..";"Otros Servicios";"Ambos Sexos";"Rendimiento"
"2022-2023";"???";"Ramón Llull";"Ambos Sexos";"Exito"
"2021-2022";"???";"Ramón Llull";"Ambos Sexos";"Exito"
"2020-2021";"???";"Ramón Llull";"Ambos Sexos";"Exito"
"2019-2020";"???";"Ramón Llull";"Ambos Sexos";"Exito"
"2018-2019";"???";"Ramón Llull";"Ambos Sexos";"Exito"
"2017-2018";"???";"Ramón Llull";"Ambos Sexos";"Exito"
"2016-2017";"???";"Ramón Llull";"Ambos Sexos";"Exito"
"2015-2016";"???";"Ramón Llull";"Ambos Sexos";"Exito"
"2022-2023";"94.59";"Todos los ámbitos";"Ambos Sexos";"Exito"
"2021-2022";"94.19";"Todos los ámbitos";"Ambos Sexos";"Exito"
"2020-2021";"95.57";"Todos los ámbitos";"Ambos Sexos";"Exito"
"2019-2020";"95.75";"Todos los ámbitos";"Ambos Sexos";"Exito"
"2018-2019";"94.5";"Todos los ámbitos";"Ambos Sexos";"Exito"
"2017-2018";"94.28";"Todos los ámbitos";"Ambos Sexos";"Exito"
"2016-2017";"93.71";"Todos los ámbitos";"Ambos Sexos";"Exito"
"2015-2016";"92.63";"Todos los ámbitos";"Ambos Sexos";"Exito"
"2022-2023";"97.63";"Total Educación";"Ambos Sexos";"Exito"
"2021-2022";"97.07";"Total Educación";"Ambos Sexos";"Exito"
"2020-2021";"97.74";"Total Educación";"Ambos Sexos";"Exito"
"2019-2020";"98.38";"Total Educación";"Ambos Sexos";"Exito"
"2018-2019";"95.74";"Total Educación";"Ambos Sexos";"Exito"
"2017-2018";"95.23";"Total Educación";"Ambos Sexos";"Exito"
"2016-2017";"95.1";"Total Educación";"Ambos Sexos";"Exito"
"2015-2016";"95.29";"Total Educación";"Ambos Sexos";"Exito"
"2022-2023";"97.04";"Formación de docentes de enseñanza infantil";"Ambos Sexos";"Exito"
"2021-2022";"95.56";"Formación de docentes de enseñanza infantil";"Ambos Sexos";"Exito"
"2020-2021";"96.88";"Formación de docentes de enseñanza infantil";"Ambos Sexos";"Exito"
"2019-2020";"97.78";"Formación de docentes de enseñanza infantil";"Ambos Sexos";"Exito"
"2018-2019";"94.79";"Formación de docentes de enseñanza infantil";"Ambos Sexos";"Exito"
"2017-2018";"95.14";"Formación de docentes de enseñanza infantil";"Ambos Sexos";"Exito"
"2016-2017";"94.76";"Formación de docentes de enseñanza infantil";"Ambos Sexos";"Exito"
"2015-2016";"95.19";"Formación de docentes de enseñanza infantil";"Ambos Sexos";"Exito"
"2022-2023";"97.28";"Formación de docentes de enseñanza primaria";"Ambos Sexos";"Exito"
"2021-2022";"96.58";"Formación de docentes de enseñanza primaria";"Ambos Sexos";"Exito"
"2020-2021";"97.24";"Formación de docentes de enseñanza primaria";"Ambos Sexos";"Exito"
"2019-2020";"98.17";"Formación de docentes de enseñanza primaria";"Ambos Sexos";"Exito"
"2018-2019";"95.11";"Formación de docentes de enseñanza primaria";"Ambos Sexos";"Exito"
"2017-2018";"93.48";"Formación de docentes de enseñanza primaria";"Ambos Sexos";"Exito"
"2016-2017";"93.73";"Formación de docentes de enseñanza primaria";"Ambos Sexos";"Exito"
"2015-2016";"94.24";"Formación de docentes de enseñanza primaria";"Ambos Sexos";"Exito"
"2022-2023";"98.61";"Otra Formación de personal docente y ciencias de la educación";"Ambos Sexos";"Exito"
"2021-2022";"98.98";"Otra Formación de personal docente y ciencias de la educación";"Ambos Sexos";"Exito"
"2020-2021";"99.15";"Otra Formación de personal docente y ciencias de la educación";"Ambos Sexos";"Exito"
"2019-2020";"99.25";"Otra Formación de personal docente y ciencias de la educación";"Ambos Sexos";"Exito"
"2018-2019";"97.73";"Otra Formación de personal docente y ciencias de la educación";"Ambos Sexos";"Exito"
"2017-2018";"98.55";"Otra Formación de personal docente y ciencias de la educación";"Ambos Sexos";"Exito"
"2016-2017";"98.4";"Otra Formación de personal docente y ciencias de la educación";"Ambos Sexos";"Exito"
"2015-2016";"97.78";"Otra Formación de personal docente y ciencias de la educación";"Ambos Sexos";"Exito"
"2022-2023";"98.16";"Total Artes y humanidades";"Ambos Sexos";"Exito"
"2021-2022";"96.12";"Total Artes y humanidades";"Ambos Sexos";"Exito"
"2020-2021";"98.32";"Total Artes y humanidades";"Ambos Sexos";"Exito"
"2019-2020";"95.87";"Total Artes y humanidades";"Ambos Sexos";"Exito"
"2018-2019";"98.31";"Total Artes y humanidades";"Ambos Sexos";"Exito"
"2017-2018";"98.46";"Total Artes y humanidades";"Ambos Sexos";"Exito"
"2016-2017";"96.33";"Total Artes y humanidades";"Ambos Sexos";"Exito"
"2015-2016";"95.67";"Total Artes y humanidades";"Ambos Sexos";"Exito"
"2022-2023";"98.55";"Técnicas audiovisuales y medios de comunicación";"Ambos Sexos";"Exito"
"2021-2022";"98.86";"Técnicas audiovisuales y medios de comunicación";"Ambos Sexos";"Exito"
"2020-2021";"98.63";"Técnicas audiovisuales y medios de comunicación";"Ambos Sexos";"Exito"
"2019-2020";"98.68";"Técnicas audiovisuales y medios de comunicación";"Ambos Sexos";"Exito"
"2018-2019";"98.27";"Técnicas audiovisuales y medios de comunicación";"Ambos Sexos";"Exito"
"2017-2018";"98.45";"Técnicas audiovisuales y medios de comunicación";"Ambos Sexos";"Exito"
"2016-2017";"98.32";"Técnicas audiovisuales y medios de comunicación";"Ambos Sexos";"Exito"
"2015-2016";"93.89";"Técnicas audiovisuales y medios de comunicación";"Ambos Sexos";"Exito"
"2022-2023";"97.57";"Artes";"Ambos Sexos";"Exito"
"2021-2022";"91.9";"Artes";"Ambos Sexos";"Exito"
"2020-2021";"98.12";"Artes";"Ambos Sexos";"Exito"
"2019-2020";"91.85";"Artes";"Ambos Sexos";"Exito"
"2018-2019";"..";"Artes";"Ambos Sexos";"Exito"
"2017-2018";"..";"Artes";"Ambos Sexos";"Exito"
"2016-2017";"94.44";"Artes";"Ambos Sexos";"Exito"
"2015-2016";"96.34";"Artes";"Ambos Sexos";"Exito"
"2022-2023";"..";"Lenguas";"Ambos Sexos";"Exito"
"2021-2022";"..";"Lenguas";"Ambos Sexos";"Exito"
"2020-2021";"..";"Lenguas";"Ambos Sexos";"Exito"
"2019-2020";"..";"Lenguas";"Ambos Sexos";"Exito"
"2018-2019";"..";"Lenguas";"Ambos Sexos";"Exito"
"2017-2018";"..";"Lenguas";"Ambos Sexos";"Exito"
"2016-2017";"..";"Lenguas";"Ambos Sexos";"Exito"
"2015-2016";"..";"Lenguas";"Ambos Sexos";"Exito"
"2022-2023";"..";"Humanidades";"Ambos Sexos";"Exito"
"2021-2022";"..";"Humanidades";"Ambos Sexos";"Exito"
"2020-2021";"..";"Humanidades";"Ambos Sexos";"Exito"
"2019-2020";"..";"Humanidades";"Ambos Sexos";"Exito"
"2018-2019";"..";"Humanidades";"Ambos Sexos";"Exito"
"2017-2018";"..";"Humanidades";"Ambos Sexos";"Exito"
"2016-2017";"..";"Humanidades";"Ambos Sexos";"Exito"
"2015-2016";"99.43";"Humanidades";"Ambos Sexos";"Exito"
"2022-2023";"94.69";"Total Ciencias sociales, periodismo y documentación";"Ambos Sexos";"Exito"
"2021-2022";"94.56";"Total Ciencias sociales, periodismo y documentación";"Ambos Sexos";"Exito"
"2020-2021";"95.9";"Total Ciencias sociales, periodismo y documentación";"Ambos Sexos";"Exito"
"2019-2020";"95.33";"Total Ciencias sociales, periodismo y documentación";"Ambos Sexos";"Exito"
"2018-2019";"93.46";"Total Ciencias sociales, periodismo y documentación";"Ambos Sexos";"Exito"
"2017-2018";"93.66";"Total Ciencias sociales, periodismo y documentación";"Ambos Sexos";"Exito"
"2016-2017";"91.87";"Total Ciencias sociales, periodismo y documentación";"Ambos Sexos";"Exito"
"2015-2016";"89.76";"Total Ciencias sociales, periodismo y documentación";"Ambos Sexos";"Exito"
"2022-2023";"95.08";"Psicología";"Ambos Sexos";"Exito"
"2021-2022";"95.84";"Psicología";"Ambos Sexos";"Exito"
"2020-2021";"97.25";"Psicología";"Ambos Sexos";"Exito"
"2019-2020";"97.5";"Psicología";"Ambos Sexos";"Exito"
"2018-2019";"93.83";"Psicología";"Ambos Sexos";"Exito"
"2017-2018";"95.64";"Psicología";"Ambos Sexos";"Exito"
"2016-2017";"95.0";"Psicología";"Ambos Sexos";"Exito"
"2015-2016";"94.54";"Psicología";"Ambos Sexos";"Exito"
"2022-2023";"97.84";"Economía";"Ambos Sexos";"Exito"
"2021-2022";"97.24";"Economía";"Ambos Sexos";"Exito"
"2020-2021";"96.31";"Economía";"Ambos Sexos";"Exito"
"2019-2020";"95.76";"Economía";"Ambos Sexos";"Exito"
"2018-2019";"..";"Economía";"Ambos Sexos";"Exito"
"2017-2018";"..";"Economía";"Ambos Sexos";"Exito"
"2016-2017";"..";"Economía";"Ambos Sexos";"Exito"
"2015-2016";"..";"Economía";"Ambos Sexos";"Exito"
"2022-2023";"94.09";"Otras Ciencias sociales y del comportamiento";"Ambos Sexos";"Exito"
"2021-2022";"93.76";"Otras Ciencias sociales y del comportamiento";"Ambos Sexos";"Exito"
"2020-2021";"95.74";"Otras Ciencias sociales y del comportamiento";"Ambos Sexos";"Exito"
"2019-2020";"96.41";"Otras Ciencias sociales y del comportamiento";"Ambos Sexos";"Exito"
"2018-2019";"94.33";"Otras Ciencias sociales y del comportamiento";"Ambos Sexos";"Exito"
"2017-2018";"93.56";"Otras Ciencias sociales y del comportamiento";"Ambos Sexos";"Exito"
"2016-2017";"93.95";"Otras Ciencias sociales y del comportamiento";"Ambos Sexos";"Exito"
"2015-2016";"90.99";"Otras Ciencias sociales y del comportamiento";"Ambos Sexos";"Exito"
"2022-2023";"92.26";"Periodismo e información";"Ambos Sexos";"Exito"
"2021-2022";"92.31";"Periodismo e información";"Ambos Sexos";"Exito"
"2020-2021";"94.73";"Periodismo e información";"Ambos Sexos";"Exito"
"2019-2020";"93.1";"Periodismo e información";"Ambos Sexos";"Exito"
"2018-2019";"92.85";"Periodismo e información";"Ambos Sexos";"Exito"
"2017-2018";"92.2";"Periodismo e información";"Ambos Sexos";"Exito"
"2016-2017";"88.81";"Periodismo e información";"Ambos Sexos";"Exito"
"2015-2016";"86.07";"Periodismo e información";"Ambos Sexos";"Exito"
"2022-2023";"97.11";"Total Negocios, administración y derecho";"Ambos Sexos";"Exito"
"2021-2022";"96.53";"Total Negocios, administración y derecho";"Ambos Sexos";"Exito"
"2020-2021";"97.45";"Total Negocios, administración y derecho";"Ambos Sexos";"Exito"
"2019-2020";"97.78";"Total Negocios, administración y derecho";"Ambos Sexos";"Exito"
"2018-2019";"97.19";"Total Negocios, administración y derecho";"Ambos Sexos";"Exito"
"2017-2018";"97.51";"Total Negocios, administración y derecho";"Ambos Sexos";"Exito"
"2016-2017";"96.96";"Total Negocios, administración y derecho";"Ambos Sexos";"Exito"
"2015-2016";"96.05";"Total Negocios, administración y derecho";"Ambos Sexos";"Exito"
"2022-2023";"96.87";"Administración y gestión de empresas";"Ambos Sexos";"Exito"
"2021-2022";"96.26";"Administración y gestión de empresas";"Ambos Sexos";"Exito"
"2020-2021";"97.39";"Administración y gestión de empresas";"Ambos Sexos";"Exito"
"2019-2020";"97.75";"Administración y gestión de empresas";"Ambos Sexos";"Exito"
"2018-2019";"97.0";"Administración y gestión de empresas";"Ambos Sexos";"Exito"
"2017-2018";"97.24";"Administración y gestión de empresas";"Ambos Sexos";"Exito"
"2016-2017";"96.89";"Administración y gestión de empresas";"Ambos Sexos";"Exito"
"2015-2016";"96.46";"Administración y gestión de empresas";"Ambos Sexos";"Exito"
"2022-2023";"98.2";"Otra Educación comercial y empresarial";"Ambos Sexos";"Exito"
"2021-2022";"97.94";"Otra Educación comercial y empresarial";"Ambos Sexos";"Exito"
"2020-2021";"98.9";"Otra Educación comercial y empresarial";"Ambos Sexos";"Exito"
"2019-2020";"98.17";"Otra Educación comercial y empresarial";"Ambos Sexos";"Exito"
"2018-2019";"98.51";"Otra Educación comercial y empresarial";"Ambos Sexos";"Exito"
"2017-2018";"97.54";"Otra Educación comercial y empresarial";"Ambos Sexos";"Exito"
"2016-2017";"97.63";"Otra Educación comercial y empresarial";"Ambos Sexos";"Exito"
"2015-2016";"92.54";"Otra Educación comercial y empresarial";"Ambos Sexos";"Exito"
"2022-2023";"97.65";"Derecho";"Ambos Sexos";"Exito"
"2021-2022";"96.94";"Derecho";"Ambos Sexos";"Exito"
"2020-2021";"96.97";"Derecho";"Ambos Sexos";"Exito"
"2019-2020";"97.68";"Derecho";"Ambos Sexos";"Exito"
"2018-2019";"97.23";"Derecho";"Ambos Sexos";"Exito"
"2017-2018";"98.27";"Derecho";"Ambos Sexos";"Exito"
"2016-2017";"96.91";"Derecho";"Ambos Sexos";"Exito"
"2015-2016";"96.37";"Derecho";"Ambos Sexos";"Exito"
"2022-2023";"90.23";"Total Ciencias";"Ambos Sexos";"Exito"
"2021-2022";"90.38";"Total Ciencias";"Ambos Sexos";"Exito"
"2020-2021";"93.47";"Total Ciencias";"Ambos Sexos";"Exito"
"2019-2020";"93.54";"Total Ciencias";"Ambos Sexos";"Exito"
"2018-2019";"92.78";"Total Ciencias";"Ambos Sexos";"Exito"
"2017-2018";"89.32";"Total Ciencias";"Ambos Sexos";"Exito"
"2016-2017";"91.46";"Total Ciencias";"Ambos Sexos";"Exito"
"2015-2016";"89.48";"Total Ciencias";"Ambos Sexos";"Exito"
"2022-2023";"91.51";"Ciencias de la vida";"Ambos Sexos";"Exito"
"2021-2022";"92.07";"Ciencias de la vida";"Ambos Sexos";"Exito"
"2020-2021";"94.46";"Ciencias de la vida";"Ambos Sexos";"Exito"
"2019-2020";"94.51";"Ciencias de la vida";"Ambos Sexos";"Exito"
"2018-2019";"92.76";"Ciencias de la vida";"Ambos Sexos";"Exito"
"2017-2018";"87.53";"Ciencias de la vida";"Ambos Sexos";"Exito"
"2016-2017";"91.46";"Ciencias de la vida";"Ambos Sexos";"Exito"
"2015-2016";"88.73";"Ciencias de la vida";"Ambos Sexos";"Exito"
"2022-2023";"87.94";"Ciencias Físicas, químicas, geológicas";"Ambos Sexos";"Exito"
"2021-2022";"87.61";"Ciencias Físicas, químicas, geológicas";"Ambos Sexos";"Exito"
"2020-2021";"91.16";"Ciencias Físicas, químicas, geológicas";"Ambos Sexos";"Exito"
"2019-2020";"92.05";"Ciencias Físicas, químicas, geológicas";"Ambos Sexos";"Exito"
"2018-2019";"92.8";"Ciencias Físicas, químicas, geológicas";"Ambos Sexos";"Exito"
"2017-2018";"91.52";"Ciencias Físicas, químicas, geológicas";"Ambos Sexos";"Exito"
"2016-2017";"91.46";"Ciencias Físicas, químicas, geológicas";"Ambos Sexos";"Exito"
"2015-2016";"90.12";"Ciencias Físicas, químicas, geológicas";"Ambos Sexos";"Exito"
"2022-2023";"..";"Matemáticas y Estadística";"Ambos Sexos";"Exito"
"2021-2022";"..";"Matemáticas y Estadística";"Ambos Sexos";"Exito"
"2020-2021";"..";"Matemáticas y Estadística";"Ambos Sexos";"Exito"
"2019-2020";"..";"Matemáticas y Estadística";"Ambos Sexos";"Exito"
"2018-2019";"..";"Matemáticas y Estadística";"Ambos Sexos";"Exito"
"2017-2018";"..";"Matemáticas y Estadística";"Ambos Sexos";"Exito"
"2016-2017";"..";"Matemáticas y Estadística";"Ambos Sexos";"Exito"
"2015-2016";"..";"Matemáticas y Estadística";"Ambos Sexos";"Exito"
"2022-2023";"87.26";"Total Informática";"Ambos Sexos";"Exito"
"2021-2022";"87.28";"Total Informática";"Ambos Sexos";"Exito"
"2020-2021";"90.08";"Total Informática";"Ambos Sexos";"Exito"
"2019-2020";"93.27";"Total Informática";"Ambos Sexos";"Exito"
"2018-2019";"89.3";"Total Informática";"Ambos Sexos";"Exito"
"2017-2018";"89.97";"Total Informática";"Ambos Sexos";"Exito"
"2016-2017";"89.9";"Total Informática";"Ambos Sexos";"Exito"
"2015-2016";"89.96";"Total Informática";"Ambos Sexos";"Exito"
"2022-2023";"87.26";"Informática";"Ambos Sexos";"Exito"
"2021-2022";"87.28";"Informática";"Ambos Sexos";"Exito"
"2020-2021";"90.08";"Informática";"Ambos Sexos";"Exito"
"2019-2020";"93.27";"Informática";"Ambos Sexos";"Exito"
"2018-2019";"89.3";"Informática";"Ambos Sexos";"Exito"
"2017-2018";"89.97";"Informática";"Ambos Sexos";"Exito"
"2016-2017";"89.9";"Informática";"Ambos Sexos";"Exito"
"2015-2016";"89.96";"Informática";"Ambos Sexos";"Exito"
"2022-2023";"85.27";"Total Ingeniería, industria y construcción";"Ambos Sexos";"Exito"
"2021-2022";"85.3";"Total Ingeniería, industria y construcción";"Ambos Sexos";"Exito"
"2020-2021";"86.41";"Total Ingeniería, industria y construcción";"Ambos Sexos";"Exito"
"2019-2020";"92.21";"Total Ingeniería, industria y construcción";"Ambos Sexos";"Exito"
"2018-2019";"88.78";"Total Ingeniería, industria y construcción";"Ambos Sexos";"Exito"
"2017-2018";"88.58";"Total Ingeniería, industria y construcción";"Ambos Sexos";"Exito"
"2016-2017";"88.41";"Total Ingeniería, industria y construcción";"Ambos Sexos";"Exito"
"2015-2016";"88.94";"Total Ingeniería, industria y construcción";"Ambos Sexos";"Exito"
"2022-2023";"81.12";"Ingenierías";"Ambos Sexos";"Exito"
"2021-2022";"83.83";"Ingenierías";"Ambos Sexos";"Exito"
"2020-2021";"84.55";"Ingenierías";"Ambos Sexos";"Exito"
"2019-2020";"90.69";"Ingenierías";"Ambos Sexos";"Exito"
"2018-2019";"87.37";"Ingenierías";"Ambos Sexos";"Exito"
"2017-2018";"85.71";"Ingenierías";"Ambos Sexos";"Exito"
"2016-2017";"85.39";"Ingenierías";"Ambos Sexos";"Exito"
"2015-2016";"85.41";"Ingenierías";"Ambos Sexos";"Exito"
"2022-2023";"92.31";"Arquitectura y construcción";"Ambos Sexos";"Exito"
"2021-2022";"88.28";"Arquitectura y construcción";"Ambos Sexos";"Exito"
"2020-2021";"90.61";"Arquitectura y construcción";"Ambos Sexos";"Exito"
"2019-2020";"95.16";"Arquitectura y construcción";"Ambos Sexos";"Exito"
"2018-2019";"91.17";"Arquitectura y construcción";"Ambos Sexos";"Exito"
"2017-2018";"93.04";"Arquitectura y construcción";"Ambos Sexos";"Exito"
"2016-2017";"92.76";"Arquitectura y construcción";"Ambos Sexos";"Exito"
"2015-2016";"92.99";"Arquitectura y construcción";"Ambos Sexos";"Exito"
"2022-2023";"..";"Total Agricultura, ganadería,  silvicultura, pesca, y veterinaria";"Ambos Sexos";"Exito"
"2021-2022";"..";"Total Agricultura, ganadería,  silvicultura, pesca, y veterinaria";"Ambos Sexos";"Exito"
"2020-2021";"..";"Total Agricultura, ganadería,  silvicultura, pesca, y veterinaria";"Ambos Sexos";"Exito"
"2019-2020";"..";"Total Agricultura, ganadería,  silvicultura, pesca, y veterinaria";"Ambos Sexos";"Exito"
"2018-2019";"..";"Total Agricultura, ganadería,  silvicultura, pesca, y veterinaria";"Ambos Sexos";"Exito"
"2017-2018";"..";"Total Agricultura, ganadería,  silvicultura, pesca, y veterinaria";"Ambos Sexos";"Exito"
"2016-2017";"..";"Total Agricultura, ganadería,  silvicultura, pesca, y veterinaria";"Ambos Sexos";"Exito"
"2015-2016";"..";"Total Agricultura, ganadería,  silvicultura, pesca, y veterinaria";"Ambos Sexos";"Exito"
"2022-2023";"..";"Agricultura, ganadería y pesca";"Ambos Sexos";"Exito"
"2021-2022";"..";"Agricultura, ganadería y pesca";"Ambos Sexos";"Exito"
"2020-2021";"..";"Agricultura, ganadería y pesca";"Ambos Sexos";"Exito"
"2019-2020";"..";"Agricultura, ganadería y pesca";"Ambos Sexos";"Exito"
"2018-2019";"..";"Agricultura, ganadería y pesca";"Ambos Sexos";"Exito"
"2017-2018";"..";"Agricultura, ganadería y pesca";"Ambos Sexos";"Exito"
"2016-2017";"..";"Agricultura, ganadería y pesca";"Ambos Sexos";"Exito"
"2015-2016";"..";"Agricultura, ganadería y pesca";"Ambos Sexos";"Exito"
"2022-2023";"..";"Veterinaria";"Ambos Sexos";"Exito"
"2021-2022";"..";"Veterinaria";"Ambos Sexos";"Exito"
"2020-2021";"..";"Veterinaria";"Ambos Sexos";"Exito"
"2019-2020";"..";"Veterinaria";"Ambos Sexos";"Exito"
"2018-2019";"..";"Veterinaria";"Ambos Sexos";"Exito"
"2017-2018";"..";"Veterinaria";"Ambos Sexos";"Exito"
"2016-2017";"..";"Veterinaria";"Ambos Sexos";"Exito"
"2015-2016";"..";"Veterinaria";"Ambos Sexos";"Exito"
"2022-2023";"92.34";"Total Salud y servicios sociales";"Ambos Sexos";"Exito"
"2021-2022";"91.9";"Total Salud y servicios sociales";"Ambos Sexos";"Exito"
"2020-2021";"93.42";"Total Salud y servicios sociales";"Ambos Sexos";"Exito"
"2019-2020";"92.1";"Total Salud y servicios sociales";"Ambos Sexos";"Exito"
"2018-2019";"91.57";"Total Salud y servicios sociales";"Ambos Sexos";"Exito"
"2017-2018";"91.84";"Total Salud y servicios sociales";"Ambos Sexos";"Exito"
"2016-2017";"91.41";"Total Salud y servicios sociales";"Ambos Sexos";"Exito"
"2015-2016";"88.83";"Total Salud y servicios sociales";"Ambos Sexos";"Exito"
"2022-2023";"..";"Medicina";"Ambos Sexos";"Exito"
"2021-2022";"..";"Medicina";"Ambos Sexos";"Exito"
"2020-2021";"..";"Medicina";"Ambos Sexos";"Exito"
"2019-2020";"..";"Medicina";"Ambos Sexos";"Exito"
"2018-2019";"..";"Medicina";"Ambos Sexos";"Exito"
"2017-2018";"..";"Medicina";"Ambos Sexos";"Exito"
"2016-2017";"..";"Medicina";"Ambos Sexos";"Exito"
"2015-2016";"..";"Medicina";"Ambos Sexos";"Exito"
"2022-2023";"95.01";"Enfermería y atención a enfermos";"Ambos Sexos";"Exito"
"2021-2022";"92.9";"Enfermería y atención a enfermos";"Ambos Sexos";"Exito"
"2020-2021";"91.8";"Enfermería y atención a enfermos";"Ambos Sexos";"Exito"
"2019-2020";"86.23";"Enfermería y atención a enfermos";"Ambos Sexos";"Exito"
"2018-2019";"89.64";"Enfermería y atención a enfermos";"Ambos Sexos";"Exito"
"2017-2018";"90.03";"Enfermería y atención a enfermos";"Ambos Sexos";"Exito"
"2016-2017";"92.25";"Enfermería y atención a enfermos";"Ambos Sexos";"Exito"
"2015-2016";"90.48";"Enfermería y atención a enfermos";"Ambos Sexos";"Exito"
"2022-2023";"90.55";"Otras ciencias de la Salud";"Ambos Sexos";"Exito"
"2021-2022";"90.69";"Otras ciencias de la Salud";"Ambos Sexos";"Exito"
"2020-2021";"93.19";"Otras ciencias de la Salud";"Ambos Sexos";"Exito"
"2019-2020";"93.21";"Otras ciencias de la Salud";"Ambos Sexos";"Exito"
"2018-2019";"91.39";"Otras ciencias de la Salud";"Ambos Sexos";"Exito"
"2017-2018";"91.56";"Otras ciencias de la Salud";"Ambos Sexos";"Exito"
"2016-2017";"90.25";"Otras ciencias de la Salud";"Ambos Sexos";"Exito"
"2015-2016";"86.78";"Otras ciencias de la Salud";"Ambos Sexos";"Exito"
"2022-2023";"97.72";"Trabajo social y orientación";"Ambos Sexos";"Exito"
"2021-2022";"97.61";"Trabajo social y orientación";"Ambos Sexos";"Exito"
"2020-2021";"99.67";"Trabajo social y orientación";"Ambos Sexos";"Exito"
"2019-2020";"99.26";"Trabajo social y orientación";"Ambos Sexos";"Exito"
"2018-2019";"98.27";"Trabajo social y orientación";"Ambos Sexos";"Exito"
"2017-2018";"99.11";"Trabajo social y orientación";"Ambos Sexos";"Exito"
"2016-2017";"97.7";"Trabajo social y orientación";"Ambos Sexos";"Exito"
"2015-2016";"98.51";"Trabajo social y orientación";"Ambos Sexos";"Exito"
"2022-2023";"93.16";"Total Servicios";"Ambos Sexos";"Exito"
"2021-2022";"93.83";"Total Servicios";"Ambos Sexos";"Exito"
"2020-2021";"95.99";"Total Servicios";"Ambos Sexos";"Exito"
"2019-2020";"95.0";"Total Servicios";"Ambos Sexos";"Exito"
"2018-2019";"93.5";"Total Servicios";"Ambos Sexos";"Exito"
"2017-2018";"91.67";"Total Servicios";"Ambos Sexos";"Exito"
"2016-2017";"90.65";"Total Servicios";"Ambos Sexos";"Exito"
"2015-2016";"90.55";"Total Servicios";"Ambos Sexos";"Exito"
"2022-2023";"92.1";"Deportes";"Ambos Sexos";"Exito"
"2021-2022";"92.7";"Deportes";"Ambos Sexos";"Exito"
"2020-2021";"95.23";"Deportes";"Ambos Sexos";"Exito"
"2019-2020";"93.65";"Deportes";"Ambos Sexos";"Exito"
"2018-2019";"91.13";"Deportes";"Ambos Sexos";"Exito"
"2017-2018";"88.98";"Deportes";"Ambos Sexos";"Exito"
"2016-2017";"88.56";"Deportes";"Ambos Sexos";"Exito"
"2015-2016";"88.48";"Deportes";"Ambos Sexos";"Exito"
"2022-2023";"98.02";"Turismo y Hostelería";"Ambos Sexos";"Exito"
"2021-2022";"97.25";"Turismo y Hostelería";"Ambos Sexos";"Exito"
"2020-2021";"97.95";"Turismo y Hostelería";"Ambos Sexos";"Exito"
"2019-2020";"97.89";"Turismo y Hostelería";"Ambos Sexos";"Exito"
"2018-2019";"98.12";"Turismo y Hostelería";"Ambos Sexos";"Exito"
"2017-2018";"96.28";"Turismo y Hostelería";"Ambos Sexos";"Exito"
"2016-2017";"94.28";"Turismo y Hostelería";"Ambos Sexos";"Exito"
"2015-2016";"94.67";"Turismo y Hostelería";"Ambos Sexos";"Exito"
"2022-2023";"..";"Otros Servicios";"Ambos Sexos";"Exito"
"2021-2022";"..";"Otros Servicios";"Ambos Sexos";"Exito"
"2020-2021";"..";"Otros Servicios";"Ambos Sexos";"Exito"
"2019-2020";"..";"Otros Servicios";"Ambos Sexos";"Exito"
"2018-2019";"..";"Otros Servicios";"Ambos Sexos";"Exito"
"2017-2018";"..";"Otros Servicios";"Ambos Sexos";"Exito"
"2016-2017";"..";"Otros Servicios";"Ambos Sexos";"Exito"
"2015-2016";"..";"Otros Servicios";"Ambos Sexos";"Exito"
"2022-2023";"???";"Ramón Llull";"Ambos Sexos";"Evaluacion"
"2021-2022";"???";"Ramón Llull";"Ambos Sexos";"Evaluacion"
"2020-2021";"???";"Ramón Llull";"Ambos Sexos";"Evaluacion"
"2019-2020";"???";"Ramón Llull";"Ambos Sexos";"Evaluacion"
"2018-2019";"???";"Ramón Llull";"Ambos Sexos";"Evaluacion"
"2017-2018";"???";"Ramón Llull";"Ambos Sexos";"Evaluacion"
"2016-2017";"???";"Ramón Llull";"Ambos Sexos";"Evaluacion"
"2015-2016";"???";"Ramón Llull";"Ambos Sexos";"Evaluacion"
"2022-2023";"95.03";"Todos los ámbitos";"Ambos Sexos";"Evaluacion"
"2021-2022";"94.41";"Todos los ámbitos";"Ambos Sexos";"Evaluacion"
"2020-2021";"94.97";"Todos los ámbitos";"Ambos Sexos";"Evaluacion"
"2019-2020";"95.37";"Todos los ámbitos";"Ambos Sexos";"Evaluacion"
"2018-2019";"94.2";"Todos los ámbitos";"Ambos Sexos";"Evaluacion"
"2017-2018";"93.43";"Todos los ámbitos";"Ambos Sexos";"Evaluacion"
"2016-2017";"92.79";"Todos los ámbitos";"Ambos Sexos";"Evaluacion"
"2015-2016";"93.73";"Todos los ámbitos";"Ambos Sexos";"Evaluacion"
"2022-2023";"97.23";"Total Educación";"Ambos Sexos";"Evaluacion"
"2021-2022";"97.17";"Total Educación";"Ambos Sexos";"Evaluacion"
"2020-2021";"98.22";"Total Educación";"Ambos Sexos";"Evaluacion"
"2019-2020";"97.74";"Total Educación";"Ambos Sexos";"Evaluacion"
"2018-2019";"95.87";"Total Educación";"Ambos Sexos";"Evaluacion"
"2017-2018";"95.17";"Total Educación";"Ambos Sexos";"Evaluacion"
"2016-2017";"94.47";"Total Educación";"Ambos Sexos";"Evaluacion"
"2015-2016";"94.39";"Total Educación";"Ambos Sexos";"Evaluacion"
"2022-2023";"99.04";"Formación de docentes de enseñanza infantil";"Ambos Sexos";"Evaluacion"
"2021-2022";"97.72";"Formación de docentes de enseñanza infantil";"Ambos Sexos";"Evaluacion"
"2020-2021";"99.14";"Formación de docentes de enseñanza infantil";"Ambos Sexos";"Evaluacion"
"2019-2020";"99.06";"Formación de docentes de enseñanza infantil";"Ambos Sexos";"Evaluacion"
"2018-2019";"97.32";"Formación de docentes de enseñanza infantil";"Ambos Sexos";"Evaluacion"
"2017-2018";"96.07";"Formación de docentes de enseñanza infantil";"Ambos Sexos";"Evaluacion"
"2016-2017";"95.28";"Formación de docentes de enseñanza infantil";"Ambos Sexos";"Evaluacion"
"2015-2016";"95.96";"Formación de docentes de enseñanza infantil";"Ambos Sexos";"Evaluacion"
"2022-2023";"97.65";"Formación de docentes de enseñanza primaria";"Ambos Sexos";"Evaluacion"
"2021-2022";"98.33";"Formación de docentes de enseñanza primaria";"Ambos Sexos";"Evaluacion"
"2020-2021";"99.19";"Formación de docentes de enseñanza primaria";"Ambos Sexos";"Evaluacion"
"2019-2020";"99.0";"Formación de docentes de enseñanza primaria";"Ambos Sexos";"Evaluacion"
"2018-2019";"96.75";"Formación de docentes de enseñanza primaria";"Ambos Sexos";"Evaluacion"
"2017-2018";"95.77";"Formación de docentes de enseñanza primaria";"Ambos Sexos";"Evaluacion"
"2016-2017";"94.96";"Formación de docentes de enseñanza primaria";"Ambos Sexos";"Evaluacion"
"2015-2016";"94.19";"Formación de docentes de enseñanza primaria";"Ambos Sexos";"Evaluacion"
"2022-2023";"95.07";"Otra Formación de personal docente y ciencias de la educación";"Ambos Sexos";"Evaluacion"
"2021-2022";"95.3";"Otra Formación de personal docente y ciencias de la educación";"Ambos Sexos";"Evaluacion"
"2020-2021";"96.2";"Otra Formación de personal docente y ciencias de la educación";"Ambos Sexos";"Evaluacion"
"2019-2020";"94.8";"Otra Formación de personal docente y ciencias de la educación";"Ambos Sexos";"Evaluacion"
"2018-2019";"93.07";"Otra Formación de personal docente y ciencias de la educación";"Ambos Sexos";"Evaluacion"
"2017-2018";"93.04";"Otra Formación de personal docente y ciencias de la educación";"Ambos Sexos";"Evaluacion"
"2016-2017";"92.39";"Otra Formación de personal docente y ciencias de la educación";"Ambos Sexos";"Evaluacion"
"2015-2016";"92.36";"Otra Formación de personal docente y ciencias de la educación";"Ambos Sexos";"Evaluacion"
"2022-2023";"92.13";"Total Artes y humanidades";"Ambos Sexos";"Evaluacion"
"2021-2022";"90.07";"Total Artes y humanidades";"Ambos Sexos";"Evaluacion"
"2020-2021";"92.48";"Total Artes y humanidades";"Ambos Sexos";"Evaluacion"
"2019-2020";"93.64";"Total Artes y humanidades";"Ambos Sexos";"Evaluacion"
"2018-2019";"95.06";"Total Artes y humanidades";"Ambos Sexos";"Evaluacion"
"2017-2018";"93.49";"Total Artes y humanidades";"Ambos Sexos";"Evaluacion"
"2016-2017";"92.47";"Total Artes y humanidades";"Ambos Sexos";"Evaluacion"
"2015-2016";"92.83";"Total Artes y humanidades";"Ambos Sexos";"Evaluacion"
"2022-2023";"95.3";"Técnicas audiovisuales y medios de comunicación";"Ambos Sexos";"Evaluacion"
"2021-2022";"92.64";"Técnicas audiovisuales y medios de comunicación";"Ambos Sexos";"Evaluacion"
"2020-2021";"93.06";"Técnicas audiovisuales y medios de comunicación";"Ambos Sexos";"Evaluacion"
"2019-2020";"92.68";"Técnicas audiovisuales y medios de comunicación";"Ambos Sexos";"Evaluacion"
"2018-2019";"95.43";"Técnicas audiovisuales y medios de comunicación";"Ambos Sexos";"Evaluacion"
"2017-2018";"93.79";"Técnicas audiovisuales y medios de comunicación";"Ambos Sexos";"Evaluacion"
"2016-2017";"94.08";"Técnicas audiovisuales y medios de comunicación";"Ambos Sexos";"Evaluacion"
"2015-2016";"96.62";"Técnicas audiovisuales y medios de comunicación";"Ambos Sexos";"Evaluacion"
"2022-2023";"88.52";"Artes";"Ambos Sexos";"Evaluacion"
"2021-2022";"86.91";"Artes";"Ambos Sexos";"Evaluacion"
"2020-2021";"92.18";"Artes";"Ambos Sexos";"Evaluacion"
"2019-2020";"95.59";"Artes";"Ambos Sexos";"Evaluacion"
"2018-2019";"..";"Artes";"Ambos Sexos";"Evaluacion"
"2017-2018";"..";"Artes";"Ambos Sexos";"Evaluacion"
"2016-2017";"91.08";"Artes";"Ambos Sexos";"Evaluacion"
"2015-2016";"91.06";"Artes";"Ambos Sexos";"Evaluacion"
"2022-2023";"..";"Lenguas";"Ambos Sexos";"Evaluacion"
"2021-2022";"..";"Lenguas";"Ambos Sexos";"Evaluacion"
"2020-2021";"..";"Lenguas";"Ambos Sexos";"Evaluacion"
"2019-2020";"..";"Lenguas";"Ambos Sexos";"Evaluacion"
"2018-2019";"..";"Lenguas";"Ambos Sexos";"Evaluacion"
"2017-2018";"..";"Lenguas";"Ambos Sexos";"Evaluacion"
"2016-2017";"..";"Lenguas";"Ambos Sexos";"Evaluacion"
"2015-2016";"..";"Lenguas";"Ambos Sexos";"Evaluacion"
"2022-2023";"..";"Humanidades";"Ambos Sexos";"Evaluacion"
"2021-2022";"..";"Humanidades";"Ambos Sexos";"Evaluacion"
"2020-2021";"..";"Humanidades";"Ambos Sexos";"Evaluacion"
"2019-2020";"..";"Humanidades";"Ambos Sexos";"Evaluacion"
"2018-2019";"..";"Humanidades";"Ambos Sexos";"Evaluacion"
"2017-2018";"..";"Humanidades";"Ambos Sexos";"Evaluacion"
"2016-2017";"..";"Humanidades";"Ambos Sexos";"Evaluacion"
"2015-2016";"92.72";"Humanidades";"Ambos Sexos";"Evaluacion"
"2022-2023";"97.79";"Total Ciencias sociales, periodismo y documentación";"Ambos Sexos";"Evaluacion"
"2021-2022";"97.39";"Total Ciencias sociales, periodismo y documentación";"Ambos Sexos";"Evaluacion"
"2020-2021";"97.49";"Total Ciencias sociales, periodismo y documentación";"Ambos Sexos";"Evaluacion"
"2019-2020";"97.7";"Total Ciencias sociales, periodismo y documentación";"Ambos Sexos";"Evaluacion"
"2018-2019";"97.14";"Total Ciencias sociales, periodismo y documentación";"Ambos Sexos";"Evaluacion"
"2017-2018";"95.68";"Total Ciencias sociales, periodismo y documentación";"Ambos Sexos";"Evaluacion"
"2016-2017";"96.14";"Total Ciencias sociales, periodismo y documentación";"Ambos Sexos";"Evaluacion"
"2015-2016";"97.49";"Total Ciencias sociales, periodismo y documentación";"Ambos Sexos";"Evaluacion"
"2022-2023";"96.86";"Psicología";"Ambos Sexos";"Evaluacion"
"2021-2022";"96.16";"Psicología";"Ambos Sexos";"Evaluacion"
"2020-2021";"97.36";"Psicología";"Ambos Sexos";"Evaluacion"
"2019-2020";"96.99";"Psicología";"Ambos Sexos";"Evaluacion"
"2018-2019";"96.12";"Psicología";"Ambos Sexos";"Evaluacion"
"2017-2018";"94.26";"Psicología";"Ambos Sexos";"Evaluacion"
"2016-2017";"94.77";"Psicología";"Ambos Sexos";"Evaluacion"
"2015-2016";"94.76";"Psicología";"Ambos Sexos";"Evaluacion"
"2022-2023";"98.14";"Economía";"Ambos Sexos";"Evaluacion"
"2021-2022";"98.09";"Economía";"Ambos Sexos";"Evaluacion"
"2020-2021";"96.13";"Economía";"Ambos Sexos";"Evaluacion"
"2019-2020";"99.16";"Economía";"Ambos Sexos";"Evaluacion"
"2018-2019";"..";"Economía";"Ambos Sexos";"Evaluacion"
"2017-2018";"..";"Economía";"Ambos Sexos";"Evaluacion"
"2016-2017";"..";"Economía";"Ambos Sexos";"Evaluacion"
"2015-2016";"..";"Economía";"Ambos Sexos";"Evaluacion"
"2022-2023";"98.11";"Otras Ciencias sociales y del comportamiento";"Ambos Sexos";"Evaluacion"
"2021-2022";"98.13";"Otras Ciencias sociales y del comportamiento";"Ambos Sexos";"Evaluacion"
"2020-2021";"97.92";"Otras Ciencias sociales y del comportamiento";"Ambos Sexos";"Evaluacion"
"2019-2020";"98.75";"Otras Ciencias sociales y del comportamiento";"Ambos Sexos";"Evaluacion"
"2018-2019";"98.25";"Otras Ciencias sociales y del comportamiento";"Ambos Sexos";"Evaluacion"
"2017-2018";"97.64";"Otras Ciencias sociales y del comportamiento";"Ambos Sexos";"Evaluacion"
"2016-2017";"97.27";"Otras Ciencias sociales y del comportamiento";"Ambos Sexos";"Evaluacion"
"2015-2016";"99.09";"Otras Ciencias sociales y del comportamiento";"Ambos Sexos";"Evaluacion"
"2022-2023";"98.23";"Periodismo e información";"Ambos Sexos";"Evaluacion"
"2021-2022";"97.8";"Periodismo e información";"Ambos Sexos";"Evaluacion"
"2020-2021";"97.91";"Periodismo e información";"Ambos Sexos";"Evaluacion"
"2019-2020";"97.75";"Periodismo e información";"Ambos Sexos";"Evaluacion"
"2018-2019";"97.57";"Periodismo e información";"Ambos Sexos";"Evaluacion"
"2017-2018";"96.11";"Periodismo e información";"Ambos Sexos";"Evaluacion"
"2016-2017";"96.81";"Periodismo e información";"Ambos Sexos";"Evaluacion"
"2015-2016";"99.05";"Periodismo e información";"Ambos Sexos";"Evaluacion"
"2022-2023";"97.53";"Total Negocios, administración y derecho";"Ambos Sexos";"Evaluacion"
"2021-2022";"96.39";"Total Negocios, administración y derecho";"Ambos Sexos";"Evaluacion"
"2020-2021";"96.8";"Total Negocios, administración y derecho";"Ambos Sexos";"Evaluacion"
"2019-2020";"97.94";"Total Negocios, administración y derecho";"Ambos Sexos";"Evaluacion"
"2018-2019";"97.39";"Total Negocios, administración y derecho";"Ambos Sexos";"Evaluacion"
"2017-2018";"97.5";"Total Negocios, administración y derecho";"Ambos Sexos";"Evaluacion"
"2016-2017";"97.58";"Total Negocios, administración y derecho";"Ambos Sexos";"Evaluacion"
"2015-2016";"97.66";"Total Negocios, administración y derecho";"Ambos Sexos";"Evaluacion"
"2022-2023";"97.18";"Administración y gestión de empresas";"Ambos Sexos";"Evaluacion"
"2021-2022";"95.98";"Administración y gestión de empresas";"Ambos Sexos";"Evaluacion"
"2020-2021";"96.5";"Administración y gestión de empresas";"Ambos Sexos";"Evaluacion"
"2019-2020";"97.67";"Administración y gestión de empresas";"Ambos Sexos";"Evaluacion"
"2018-2019";"96.87";"Administración y gestión de empresas";"Ambos Sexos";"Evaluacion"
"2017-2018";"97.13";"Administración y gestión de empresas";"Ambos Sexos";"Evaluacion"
"2016-2017";"97.08";"Administración y gestión de empresas";"Ambos Sexos";"Evaluacion"
"2015-2016";"96.95";"Administración y gestión de empresas";"Ambos Sexos";"Evaluacion"
"2022-2023";"98.33";"Otra Educación comercial y empresarial";"Ambos Sexos";"Evaluacion"
"2021-2022";"96.87";"Otra Educación comercial y empresarial";"Ambos Sexos";"Evaluacion"
"2020-2021";"97.41";"Otra Educación comercial y empresarial";"Ambos Sexos";"Evaluacion"
"2019-2020";"99.41";"Otra Educación comercial y empresarial";"Ambos Sexos";"Evaluacion"
"2018-2019";"98.67";"Otra Educación comercial y empresarial";"Ambos Sexos";"Evaluacion"
"2017-2018";"98.02";"Otra Educación comercial y empresarial";"Ambos Sexos";"Evaluacion"
"2016-2017";"98.94";"Otra Educación comercial y empresarial";"Ambos Sexos";"Evaluacion"
"2015-2016";"99.76";"Otra Educación comercial y empresarial";"Ambos Sexos";"Evaluacion"
"2022-2023";"98.74";"Derecho";"Ambos Sexos";"Evaluacion"
"2021-2022";"97.73";"Derecho";"Ambos Sexos";"Evaluacion"
"2020-2021";"97.49";"Derecho";"Ambos Sexos";"Evaluacion"
"2019-2020";"98.09";"Derecho";"Ambos Sexos";"Evaluacion"
"2018-2019";"98.35";"Derecho";"Ambos Sexos";"Evaluacion"
"2017-2018";"98.37";"Derecho";"Ambos Sexos";"Evaluacion"
"2016-2017";"98.54";"Derecho";"Ambos Sexos";"Evaluacion"
"2015-2016";"99.04";"Derecho";"Ambos Sexos";"Evaluacion"
"2022-2023";"95.2";"Total Ciencias";"Ambos Sexos";"Evaluacion"
"2021-2022";"95.65";"Total Ciencias";"Ambos Sexos";"Evaluacion"
"2020-2021";"96.5";"Total Ciencias";"Ambos Sexos";"Evaluacion"
"2019-2020";"95.36";"Total Ciencias";"Ambos Sexos";"Evaluacion"
"2018-2019";"95.82";"Total Ciencias";"Ambos Sexos";"Evaluacion"
"2017-2018";"95.56";"Total Ciencias";"Ambos Sexos";"Evaluacion"
"2016-2017";"93.87";"Total Ciencias";"Ambos Sexos";"Evaluacion"
"2015-2016";"96.36";"Total Ciencias";"Ambos Sexos";"Evaluacion"
"2022-2023";"94.44";"Ciencias de la vida";"Ambos Sexos";"Evaluacion"
"2021-2022";"96.53";"Ciencias de la vida";"Ambos Sexos";"Evaluacion"
"2020-2021";"96.59";"Ciencias de la vida";"Ambos Sexos";"Evaluacion"
"2019-2020";"96.19";"Ciencias de la vida";"Ambos Sexos";"Evaluacion"
"2018-2019";"95.48";"Ciencias de la vida";"Ambos Sexos";"Evaluacion"
"2017-2018";"95.33";"Ciencias de la vida";"Ambos Sexos";"Evaluacion"
"2016-2017";"93.63";"Ciencias de la vida";"Ambos Sexos";"Evaluacion"
"2015-2016";"96.23";"Ciencias de la vida";"Ambos Sexos";"Evaluacion"
"2022-2023";"96.59";"Ciencias Físicas, químicas, geológicas";"Ambos Sexos";"Evaluacion"
"2021-2022";"94.23";"Ciencias Físicas, químicas, geológicas";"Ambos Sexos";"Evaluacion"
"2020-2021";"96.3";"Ciencias Físicas, químicas, geológicas";"Ambos Sexos";"Evaluacion"
"2019-2020";"94.1";"Ciencias Físicas, químicas, geológicas";"Ambos Sexos";"Evaluacion"
"2018-2019";"96.26";"Ciencias Físicas, químicas, geológicas";"Ambos Sexos";"Evaluacion"
"2017-2018";"95.86";"Ciencias Físicas, químicas, geológicas";"Ambos Sexos";"Evaluacion"
"2016-2017";"94.14";"Ciencias Físicas, químicas, geológicas";"Ambos Sexos";"Evaluacion"
"2015-2016";"96.47";"Ciencias Físicas, químicas, geológicas";"Ambos Sexos";"Evaluacion"
"2022-2023";"..";"Matemáticas y Estadística";"Ambos Sexos";"Evaluacion"
"2021-2022";"..";"Matemáticas y Estadística";"Ambos Sexos";"Evaluacion"
"2020-2021";"..";"Matemáticas y Estadística";"Ambos Sexos";"Evaluacion"
"2019-2020";"..";"Matemáticas y Estadística";"Ambos Sexos";"Evaluacion"
"2018-2019";"..";"Matemáticas y Estadística";"Ambos Sexos";"Evaluacion"
"2017-2018";"..";"Matemáticas y Estadística";"Ambos Sexos";"Evaluacion"
"2016-2017";"..";"Matemáticas y Estadística";"Ambos Sexos";"Evaluacion"
"2015-2016";"..";"Matemáticas y Estadística";"Ambos Sexos";"Evaluacion"
"2022-2023";"84.49";"Total Informática";"Ambos Sexos";"Evaluacion"
"2021-2022";"84.28";"Total Informática";"Ambos Sexos";"Evaluacion"
"2020-2021";"85.05";"Total Informática";"Ambos Sexos";"Evaluacion"
"2019-2020";"81.75";"Total Informática";"Ambos Sexos";"Evaluacion"
"2018-2019";"76.27";"Total Informática";"Ambos Sexos";"Evaluacion"
"2017-2018";"79.07";"Total Informática";"Ambos Sexos";"Evaluacion"
"2016-2017";"77.47";"Total Informática";"Ambos Sexos";"Evaluacion"
"2015-2016";"80.11";"Total Informática";"Ambos Sexos";"Evaluacion"
"2022-2023";"84.49";"Informática";"Ambos Sexos";"Evaluacion"
"2021-2022";"84.28";"Informática";"Ambos Sexos";"Evaluacion"
"2020-2021";"85.05";"Informática";"Ambos Sexos";"Evaluacion"
"2019-2020";"81.75";"Informática";"Ambos Sexos";"Evaluacion"
"2018-2019";"76.27";"Informática";"Ambos Sexos";"Evaluacion"
"2017-2018";"79.07";"Informática";"Ambos Sexos";"Evaluacion"
"2016-2017";"77.47";"Informática";"Ambos Sexos";"Evaluacion"
"2015-2016";"80.11";"Informática";"Ambos Sexos";"Evaluacion"
"2022-2023";"81.25";"Total Ingeniería, industria y construcción";"Ambos Sexos";"Evaluacion"
"2021-2022";"79.95";"Total Ingeniería, industria y construcción";"Ambos Sexos";"Evaluacion"
"2020-2021";"78.57";"Total Ingeniería, industria y construcción";"Ambos Sexos";"Evaluacion"
"2019-2020";"80.84";"Total Ingeniería, industria y construcción";"Ambos Sexos";"Evaluacion"
"2018-2019";"77.28";"Total Ingeniería, industria y construcción";"Ambos Sexos";"Evaluacion"
"2017-2018";"75.74";"Total Ingeniería, industria y construcción";"Ambos Sexos";"Evaluacion"
"2016-2017";"73.48";"Total Ingeniería, industria y construcción";"Ambos Sexos";"Evaluacion"
"2015-2016";"78.35";"Total Ingeniería, industria y construcción";"Ambos Sexos";"Evaluacion"
"2022-2023";"79.86";"Ingenierías";"Ambos Sexos";"Evaluacion"
"2021-2022";"80.93";"Ingenierías";"Ambos Sexos";"Evaluacion"
"2020-2021";"79.11";"Ingenierías";"Ambos Sexos";"Evaluacion"
"2019-2020";"81.07";"Ingenierías";"Ambos Sexos";"Evaluacion"
"2018-2019";"77.6";"Ingenierías";"Ambos Sexos";"Evaluacion"
"2017-2018";"75.91";"Ingenierías";"Ambos Sexos";"Evaluacion"
"2016-2017";"76.8";"Ingenierías";"Ambos Sexos";"Evaluacion"
"2015-2016";"78.14";"Ingenierías";"Ambos Sexos";"Evaluacion"
"2022-2023";"83.73";"Arquitectura y construcción";"Ambos Sexos";"Evaluacion"
"2021-2022";"78.03";"Arquitectura y construcción";"Ambos Sexos";"Evaluacion"
"2020-2021";"77.36";"Arquitectura y construcción";"Ambos Sexos";"Evaluacion"
"2019-2020";"80.39";"Arquitectura y construcción";"Ambos Sexos";"Evaluacion"
"2018-2019";"76.76";"Arquitectura y construcción";"Ambos Sexos";"Evaluacion"
"2017-2018";"75.47";"Arquitectura y construcción";"Ambos Sexos";"Evaluacion"
"2016-2017";"69.19";"Arquitectura y construcción";"Ambos Sexos";"Evaluacion"
"2015-2016";"78.59";"Arquitectura y construcción";"Ambos Sexos";"Evaluacion"
"2022-2023";"..";"Total Agricultura, ganadería,  silvicultura, pesca, y veterinaria";"Ambos Sexos";"Evaluacion"
"2021-2022";"..";"Total Agricultura, ganadería,  silvicultura, pesca, y veterinaria";"Ambos Sexos";"Evaluacion"
"2020-2021";"..";"Total Agricultura, ganadería,  silvicultura, pesca, y veterinaria";"Ambos Sexos";"Evaluacion"
"2019-2020";"..";"Total Agricultura, ganadería,  silvicultura, pesca, y veterinaria";"Ambos Sexos";"Evaluacion"
"2018-2019";"..";"Total Agricultura, ganadería,  silvicultura, pesca, y veterinaria";"Ambos Sexos";"Evaluacion"
"2017-2018";"..";"Total Agricultura, ganadería,  silvicultura, pesca, y veterinaria";"Ambos Sexos";"Evaluacion"
"2016-2017";"..";"Total Agricultura, ganadería,  silvicultura, pesca, y veterinaria";"Ambos Sexos";"Evaluacion"
"2015-2016";"..";"Total Agricultura, ganadería,  silvicultura, pesca, y veterinaria";"Ambos Sexos";"Evaluacion"
"2022-2023";"..";"Agricultura, ganadería y pesca";"Ambos Sexos";"Evaluacion"
"2021-2022";"..";"Agricultura, ganadería y pesca";"Ambos Sexos";"Evaluacion"
"2020-2021";"..";"Agricultura, ganadería y pesca";"Ambos Sexos";"Evaluacion"
"2019-2020";"..";"Agricultura, ganadería y pesca";"Ambos Sexos";"Evaluacion"
"2018-2019";"..";"Agricultura, ganadería y pesca";"Ambos Sexos";"Evaluacion"
"2017-2018";"..";"Agricultura, ganadería y pesca";"Ambos Sexos";"Evaluacion"
"2016-2017";"..";"Agricultura, ganadería y pesca";"Ambos Sexos";"Evaluacion"
"2015-2016";"..";"Agricultura, ganadería y pesca";"Ambos Sexos";"Evaluacion"
"2022-2023";"..";"Veterinaria";"Ambos Sexos";"Evaluacion"
"2021-2022";"..";"Veterinaria";"Ambos Sexos";"Evaluacion"
"2020-2021";"..";"Veterinaria";"Ambos Sexos";"Evaluacion"
"2019-2020";"..";"Veterinaria";"Ambos Sexos";"Evaluacion"
"2018-2019";"..";"Veterinaria";"Ambos Sexos";"Evaluacion"
"2017-2018";"..";"Veterinaria";"Ambos Sexos";"Evaluacion"
"2016-2017";"..";"Veterinaria";"Ambos Sexos";"Evaluacion"
"2015-2016";"..";"Veterinaria";"Ambos Sexos";"Evaluacion"
"2022-2023";"96.39";"Total Salud y servicios sociales";"Ambos Sexos";"Evaluacion"
"2021-2022";"96.37";"Total Salud y servicios sociales";"Ambos Sexos";"Evaluacion"
"2020-2021";"96.78";"Total Salud y servicios sociales";"Ambos Sexos";"Evaluacion"
"2019-2020";"95.97";"Total Salud y servicios sociales";"Ambos Sexos";"Evaluacion"
"2018-2019";"95.07";"Total Salud y servicios sociales";"Ambos Sexos";"Evaluacion"
"2017-2018";"93.6";"Total Salud y servicios sociales";"Ambos Sexos";"Evaluacion"
"2016-2017";"92.4";"Total Salud y servicios sociales";"Ambos Sexos";"Evaluacion"
"2015-2016";"94.32";"Total Salud y servicios sociales";"Ambos Sexos";"Evaluacion"
"2022-2023";"..";"Medicina";"Ambos Sexos";"Evaluacion"
"2021-2022";"..";"Medicina";"Ambos Sexos";"Evaluacion"
"2020-2021";"..";"Medicina";"Ambos Sexos";"Evaluacion"
"2019-2020";"..";"Medicina";"Ambos Sexos";"Evaluacion"
"2018-2019";"..";"Medicina";"Ambos Sexos";"Evaluacion"
"2017-2018";"..";"Medicina";"Ambos Sexos";"Evaluacion"
"2016-2017";"..";"Medicina";"Ambos Sexos";"Evaluacion"
"2015-2016";"..";"Medicina";"Ambos Sexos";"Evaluacion"
"2022-2023";"97.7";"Enfermería y atención a enfermos";"Ambos Sexos";"Evaluacion"
"2021-2022";"97.7";"Enfermería y atención a enfermos";"Ambos Sexos";"Evaluacion"
"2020-2021";"97.04";"Enfermería y atención a enfermos";"Ambos Sexos";"Evaluacion"
"2019-2020";"96.6";"Enfermería y atención a enfermos";"Ambos Sexos";"Evaluacion"
"2018-2019";"94.91";"Enfermería y atención a enfermos";"Ambos Sexos";"Evaluacion"
"2017-2018";"93.77";"Enfermería y atención a enfermos";"Ambos Sexos";"Evaluacion"
"2016-2017";"93.26";"Enfermería y atención a enfermos";"Ambos Sexos";"Evaluacion"
"2015-2016";"95.99";"Enfermería y atención a enfermos";"Ambos Sexos";"Evaluacion"
"2022-2023";"96.26";"Otras ciencias de la Salud";"Ambos Sexos";"Evaluacion"
"2021-2022";"96.2";"Otras ciencias de la Salud";"Ambos Sexos";"Evaluacion"
"2020-2021";"96.74";"Otras ciencias de la Salud";"Ambos Sexos";"Evaluacion"
"2019-2020";"96.12";"Otras ciencias de la Salud";"Ambos Sexos";"Evaluacion"
"2018-2019";"95.37";"Otras ciencias de la Salud";"Ambos Sexos";"Evaluacion"
"2017-2018";"93.72";"Otras ciencias de la Salud";"Ambos Sexos";"Evaluacion"
"2016-2017";"92.16";"Otras ciencias de la Salud";"Ambos Sexos";"Evaluacion"
"2015-2016";"93.56";"Otras ciencias de la Salud";"Ambos Sexos";"Evaluacion"
"2022-2023";"92.6";"Trabajo social y orientación";"Ambos Sexos";"Evaluacion"
"2021-2022";"93.65";"Trabajo social y orientación";"Ambos Sexos";"Evaluacion"
"2020-2021";"96.39";"Trabajo social y orientación";"Ambos Sexos";"Evaluacion"
"2019-2020";"93.02";"Trabajo social y orientación";"Ambos Sexos";"Evaluacion"
"2018-2019";"93.02";"Trabajo social y orientación";"Ambos Sexos";"Evaluacion"
"2017-2018";"92.13";"Trabajo social y orientación";"Ambos Sexos";"Evaluacion"
"2016-2017";"91.67";"Trabajo social y orientación";"Ambos Sexos";"Evaluacion"
"2015-2016";"94.89";"Trabajo social y orientación";"Ambos Sexos";"Evaluacion"
"2022-2023";"95.94";"Total Servicios";"Ambos Sexos";"Evaluacion"
"2021-2022";"96.45";"Total Servicios";"Ambos Sexos";"Evaluacion"
"2020-2021";"97.63";"Total Servicios";"Ambos Sexos";"Evaluacion"
"2019-2020";"97.4";"Total Servicios";"Ambos Sexos";"Evaluacion"
"2018-2019";"94.52";"Total Servicios";"Ambos Sexos";"Evaluacion"
"2017-2018";"93.03";"Total Servicios";"Ambos Sexos";"Evaluacion"
"2016-2017";"92.42";"Total Servicios";"Ambos Sexos";"Evaluacion"
"2015-2016";"93.77";"Total Servicios";"Ambos Sexos";"Evaluacion"
"2022-2023";"97.13";"Deportes";"Ambos Sexos";"Evaluacion"
"2021-2022";"96.72";"Deportes";"Ambos Sexos";"Evaluacion"
"2020-2021";"97.22";"Deportes";"Ambos Sexos";"Evaluacion"
"2019-2020";"96.95";"Deportes";"Ambos Sexos";"Evaluacion"
"2018-2019";"93.07";"Deportes";"Ambos Sexos";"Evaluacion"
"2017-2018";"90.41";"Deportes";"Ambos Sexos";"Evaluacion"
"2016-2017";"89.7";"Deportes";"Ambos Sexos";"Evaluacion"
"2015-2016";"91.71";"Deportes";"Ambos Sexos";"Evaluacion"
"2022-2023";"90.84";"Turismo y Hostelería";"Ambos Sexos";"Evaluacion"
"2021-2022";"95.66";"Turismo y Hostelería";"Ambos Sexos";"Evaluacion"
"2020-2021";"98.72";"Turismo y Hostelería";"Ambos Sexos";"Evaluacion"
"2019-2020";"98.37";"Turismo y Hostelería";"Ambos Sexos";"Evaluacion"
"2018-2019";"97.47";"Turismo y Hostelería";"Ambos Sexos";"Evaluacion"
"2017-2018";"97.87";"Turismo y Hostelería";"Ambos Sexos";"Evaluacion"
"2016-2017";"97.56";"Turismo y Hostelería";"Ambos Sexos";"Evaluacion"
"2015-2016";"98.13";"Turismo y Hostelería";"Ambos Sexos";"Evaluacion"
"2022-2023";"..";"Otros Servicios";"Ambos Sexos";"Evaluacion"
"2021-2022";"..";"Otros Servicios";"Ambos Sexos";"Evaluacion"
"2020-2021";"..";"Otros Servicios";"Ambos Sexos";"Evaluacion"
"2019-2020";"..";"Otros Servicios";"Ambos Sexos";"Evaluacion"
"2018-2019";"..";"Otros Servicios";"Ambos Sexos";"Evaluacion"
"2017-2018";"..";"Otros Servicios";"Ambos Sexos";"Evaluacion"
"2016-2017";"..";"Otros Servicios";"Ambos Sexos";"Evaluacion"
"2015-2016";"..";"Otros Servicios";"Ambos Sexos";"Evaluacion"
"2022-2023";"???";"Ramón Llull";"Hombres";"Rendimiento"
"2021-2022";"???";"Ramón Llull";"Hombres";"Rendimiento"
"2020-2021";"???";"Ramón Llull";"Hombres";"Rendimiento"
"2019-2020";"???";"Ramón Llull";"Hombres";"Rendimiento"
"2018-2019";"???";"Ramón Llull";"Hombres";"Rendimiento"
"2017-2018";"???";"Ramón Llull";"Hombres";"Rendimiento"
"2016-2017";"???";"Ramón Llull";"Hombres";"Rendimiento"
"2015-2016";"???";"Ramón Llull";"Hombres";"Rendimiento"
"2022-2023";"86.59";"Todos los ámbitos";"Hombres";"Rendimiento"
"2021-2022";"85.5";"Todos los ámbitos";"Hombres";"Rendimiento"
"2020-2021";"86.92";"Todos los ámbitos";"Hombres";"Rendimiento"
"2019-2020";"88.13";"Todos los ámbitos";"Hombres";"Rendimiento"
"2018-2019";"85.15";"Todos los ámbitos";"Hombres";"Rendimiento"
"2017-2018";"83.96";"Todos los ámbitos";"Hombres";"Rendimiento"
"2016-2017";"82.95";"Todos los ámbitos";"Hombres";"Rendimiento"
"2015-2016";"82.46";"Todos los ámbitos";"Hombres";"Rendimiento"
"2022-2023";"90.04";"Total Educación";"Hombres";"Rendimiento"
"2021-2022";"89.01";"Total Educación";"Hombres";"Rendimiento"
"2020-2021";"91.18";"Total Educación";"Hombres";"Rendimiento"
"2019-2020";"90.7";"Total Educación";"Hombres";"Rendimiento"
"2018-2019";"81.99";"Total Educación";"Hombres";"Rendimiento"
"2017-2018";"79.66";"Total Educación";"Hombres";"Rendimiento"
"2016-2017";"79.94";"Total Educación";"Hombres";"Rendimiento"
"2015-2016";"81.02";"Total Educación";"Hombres";"Rendimiento"
"2022-2023";"..";"Formación de docentes de enseñanza infantil";"Hombres";"Rendimiento"
"2021-2022";"..";"Formación de docentes de enseñanza infantil";"Hombres";"Rendimiento"
"2020-2021";"..";"Formación de docentes de enseñanza infantil";"Hombres";"Rendimiento"
"2019-2020";"..";"Formación de docentes de enseñanza infantil";"Hombres";"Rendimiento"
"2018-2019";"..";"Formación de docentes de enseñanza infantil";"Hombres";"Rendimiento"
"2017-2018";"..";"Formación de docentes de enseñanza infantil";"Hombres";"Rendimiento"
"2016-2017";"..";"Formación de docentes de enseñanza infantil";"Hombres";"Rendimiento"
"2015-2016";"..";"Formación de docentes de enseñanza infantil";"Hombres";"Rendimiento"
"2022-2023";"90.54";"Formación de docentes de enseñanza primaria";"Hombres";"Rendimiento"
"2021-2022";"88.34";"Formación de docentes de enseñanza primaria";"Hombres";"Rendimiento"
"2020-2021";"92.56";"Formación de docentes de enseñanza primaria";"Hombres";"Rendimiento"
"2019-2020";"93.48";"Formación de docentes de enseñanza primaria";"Hombres";"Rendimiento"
"2018-2019";"82.34";"Formación de docentes de enseñanza primaria";"Hombres";"Rendimiento"
"2017-2018";"78.55";"Formación de docentes de enseñanza primaria";"Hombres";"Rendimiento"
"2016-2017";"77.52";"Formación de docentes de enseñanza primaria";"Hombres";"Rendimiento"
"2015-2016";"79.53";"Formación de docentes de enseñanza primaria";"Hombres";"Rendimiento"
"2022-2023";"89.87";"Otra Formación de personal docente y ciencias de la educación";"Hombres";"Rendimiento"
"2021-2022";"91.36";"Otra Formación de personal docente y ciencias de la educación";"Hombres";"Rendimiento"
"2020-2021";"90.43";"Otra Formación de personal docente y ciencias de la educación";"Hombres";"Rendimiento"
"2019-2020";"87.05";"Otra Formación de personal docente y ciencias de la educación";"Hombres";"Rendimiento"
"2018-2019";"83.42";"Otra Formación de personal docente y ciencias de la educación";"Hombres";"Rendimiento"
"2017-2018";"82.73";"Otra Formación de personal docente y ciencias de la educación";"Hombres";"Rendimiento"
"2016-2017";"85.03";"Otra Formación de personal docente y ciencias de la educación";"Hombres";"Rendimiento"
"2015-2016";"85.76";"Otra Formación de personal docente y ciencias de la educación";"Hombres";"Rendimiento"
"2022-2023";"88.14";"Total Artes y humanidades";"Hombres";"Rendimiento"
"2021-2022";"86.61";"Total Artes y humanidades";"Hombres";"Rendimiento"
"2020-2021";"87.92";"Total Artes y humanidades";"Hombres";"Rendimiento"
"2019-2020";"87.27";"Total Artes y humanidades";"Hombres";"Rendimiento"
"2018-2019";"91.34";"Total Artes y humanidades";"Hombres";"Rendimiento"
"2017-2018";"91.67";"Total Artes y humanidades";"Hombres";"Rendimiento"
"2016-2017";"88.58";"Total Artes y humanidades";"Hombres";"Rendimiento"
"2015-2016";"87.71";"Total Artes y humanidades";"Hombres";"Rendimiento"
"2022-2023";"92.01";"Técnicas audiovisuales y medios de comunicación";"Hombres";"Rendimiento"
"2021-2022";"88.64";"Técnicas audiovisuales y medios de comunicación";"Hombres";"Rendimiento"
"2020-2021";"89.94";"Técnicas audiovisuales y medios de comunicación";"Hombres";"Rendimiento"
"2019-2020";"90.43";"Técnicas audiovisuales y medios de comunicación";"Hombres";"Rendimiento"
"2018-2019";"91.7";"Técnicas audiovisuales y medios de comunicación";"Hombres";"Rendimiento"
"2017-2018";"92.15";"Técnicas audiovisuales y medios de comunicación";"Hombres";"Rendimiento"
"2016-2017";"90.73";"Técnicas audiovisuales y medios de comunicación";"Hombres";"Rendimiento"
"2015-2016";"87.68";"Técnicas audiovisuales y medios de comunicación";"Hombres";"Rendimiento"
"2022-2023";"78.15";"Artes";"Hombres";"Rendimiento"
"2021-2022";"80.76";"Artes";"Hombres";"Rendimiento"
"2020-2021";"84.92";"Artes";"Hombres";"Rendimiento"
"2019-2020";"78.87";"Artes";"Hombres";"Rendimiento"
"2018-2019";"..";"Artes";"Hombres";"Rendimiento"
"2017-2018";"..";"Artes";"Hombres";"Rendimiento"
"2016-2017";"83.8";"Artes";"Hombres";"Rendimiento"
"2015-2016";"86.91";"Artes";"Hombres";"Rendimiento"
"2022-2023";"..";"Lenguas";"Hombres";"Rendimiento"
"2021-2022";"..";"Lenguas";"Hombres";"Rendimiento"
"2020-2021";"..";"Lenguas";"Hombres";"Rendimiento"
"2019-2020";"..";"Lenguas";"Hombres";"Rendimiento"
"2018-2019";"..";"Lenguas";"Hombres";"Rendimiento"
"2017-2018";"..";"Lenguas";"Hombres";"Rendimiento"
"2016-2017";"..";"Lenguas";"Hombres";"Rendimiento"
"2015-2016";"..";"Lenguas";"Hombres";"Rendimiento"
"2022-2023";"..";"Humanidades";"Hombres";"Rendimiento"
"2021-2022";"..";"Humanidades";"Hombres";"Rendimiento"
"2020-2021";"..";"Humanidades";"Hombres";"Rendimiento"
"2019-2020";"..";"Humanidades";"Hombres";"Rendimiento"
"2018-2019";"..";"Humanidades";"Hombres";"Rendimiento"
"2017-2018";"..";"Humanidades";"Hombres";"Rendimiento"
"2016-2017";"..";"Humanidades";"Hombres";"Rendimiento"
"2015-2016";"..";"Humanidades";"Hombres";"Rendimiento"
"2022-2023";"89.68";"Total Ciencias sociales, periodismo y documentación";"Hombres";"Rendimiento"
"2021-2022";"89.01";"Total Ciencias sociales, periodismo y documentación";"Hombres";"Rendimiento"
"2020-2021";"89.4";"Total Ciencias sociales, periodismo y documentación";"Hombres";"Rendimiento"
"2019-2020";"89.78";"Total Ciencias sociales, periodismo y documentación";"Hombres";"Rendimiento"
"2018-2019";"86.99";"Total Ciencias sociales, periodismo y documentación";"Hombres";"Rendimiento"
"2017-2018";"84.12";"Total Ciencias sociales, periodismo y documentación";"Hombres";"Rendimiento"
"2016-2017";"84.84";"Total Ciencias sociales, periodismo y documentación";"Hombres";"Rendimiento"
"2015-2016";"81.92";"Total Ciencias sociales, periodismo y documentación";"Hombres";"Rendimiento"
"2022-2023";"89.16";"Psicología";"Hombres";"Rendimiento"
"2021-2022";"85.66";"Psicología";"Hombres";"Rendimiento"
"2020-2021";"89.04";"Psicología";"Hombres";"Rendimiento"
"2019-2020";"91.16";"Psicología";"Hombres";"Rendimiento"
"2018-2019";"84.57";"Psicología";"Hombres";"Rendimiento"
"2017-2018";"81.9";"Psicología";"Hombres";"Rendimiento"
"2016-2017";"85.0";"Psicología";"Hombres";"Rendimiento"
"2015-2016";"81.4";"Psicología";"Hombres";"Rendimiento"
"2022-2023";"94.93";"Economía";"Hombres";"Rendimiento"
"2021-2022";"95.58";"Economía";"Hombres";"Rendimiento"
"2020-2021";"91.15";"Economía";"Hombres";"Rendimiento"
"2019-2020";"95.43";"Economía";"Hombres";"Rendimiento"
"2018-2019";"..";"Economía";"Hombres";"Rendimiento"
"2017-2018";"..";"Economía";"Hombres";"Rendimiento"
"2016-2017";"..";"Economía";"Hombres";"Rendimiento"
"2015-2016";"..";"Economía";"Hombres";"Rendimiento"
"2022-2023";"90.41";"Otras Ciencias sociales y del comportamiento";"Hombres";"Rendimiento"
"2021-2022";"89.63";"Otras Ciencias sociales y del comportamiento";"Hombres";"Rendimiento"
"2020-2021";"90.37";"Otras Ciencias sociales y del comportamiento";"Hombres";"Rendimiento"
"2019-2020";"92.12";"Otras Ciencias sociales y del comportamiento";"Hombres";"Rendimiento"
"2018-2019";"89.09";"Otras Ciencias sociales y del comportamiento";"Hombres";"Rendimiento"
"2017-2018";"85.88";"Otras Ciencias sociales y del comportamiento";"Hombres";"Rendimiento"
"2016-2017";"89.41";"Otras Ciencias sociales y del comportamiento";"Hombres";"Rendimiento"
"2015-2016";"87.0";"Otras Ciencias sociales y del comportamiento";"Hombres";"Rendimiento"
"2022-2023";"86.47";"Periodismo e información";"Hombres";"Rendimiento"
"2021-2022";"87.81";"Periodismo e información";"Hombres";"Rendimiento"
"2020-2021";"88.68";"Periodismo e información";"Hombres";"Rendimiento"
"2019-2020";"87.6";"Periodismo e información";"Hombres";"Rendimiento"
"2018-2019";"87.42";"Periodismo e información";"Hombres";"Rendimiento"
"2017-2018";"84.44";"Periodismo e información";"Hombres";"Rendimiento"
"2016-2017";"83.01";"Periodismo e información";"Hombres";"Rendimiento"
"2015-2016";"80.58";"Periodismo e información";"Hombres";"Rendimiento"
"2022-2023";"93.43";"Total Negocios, administración y derecho";"Hombres";"Rendimiento"
"2021-2022";"91.53";"Total Negocios, administración y derecho";"Hombres";"Rendimiento"
"2020-2021";"92.67";"Total Negocios, administración y derecho";"Hombres";"Rendimiento"
"2019-2020";"94.56";"Total Negocios, administración y derecho";"Hombres";"Rendimiento"
"2018-2019";"93.39";"Total Negocios, administración y derecho";"Hombres";"Rendimiento"
"2017-2018";"94.11";"Total Negocios, administración y derecho";"Hombres";"Rendimiento"
"2016-2017";"93.87";"Total Negocios, administración y derecho";"Hombres";"Rendimiento"
"2015-2016";"92.86";"Total Negocios, administración y derecho";"Hombres";"Rendimiento"
"2022-2023";"92.77";"Administración y gestión de empresas";"Hombres";"Rendimiento"
"2021-2022";"90.83";"Administración y gestión de empresas";"Hombres";"Rendimiento"
"2020-2021";"92.32";"Administración y gestión de empresas";"Hombres";"Rendimiento"
"2019-2020";"94.13";"Administración y gestión de empresas";"Hombres";"Rendimiento"
"2018-2019";"92.69";"Administración y gestión de empresas";"Hombres";"Rendimiento"
"2017-2018";"93.55";"Administración y gestión de empresas";"Hombres";"Rendimiento"
"2016-2017";"93.2";"Administración y gestión de empresas";"Hombres";"Rendimiento"
"2015-2016";"92.38";"Administración y gestión de empresas";"Hombres";"Rendimiento"
"2022-2023";"96.98";"Otra Educación comercial y empresarial";"Hombres";"Rendimiento"
"2021-2022";"92.98";"Otra Educación comercial y empresarial";"Hombres";"Rendimiento"
"2020-2021";"93.01";"Otra Educación comercial y empresarial";"Hombres";"Rendimiento"
"2019-2020";"96.67";"Otra Educación comercial y empresarial";"Hombres";"Rendimiento"
"2018-2019";"95.17";"Otra Educación comercial y empresarial";"Hombres";"Rendimiento"
"2017-2018";"92.57";"Otra Educación comercial y empresarial";"Hombres";"Rendimiento"
"2016-2017";"95.27";"Otra Educación comercial y empresarial";"Hombres";"Rendimiento"
"2015-2016";"91.25";"Otra Educación comercial y empresarial";"Hombres";"Rendimiento"
"2022-2023";"96.55";"Derecho";"Hombres";"Rendimiento"
"2021-2022";"95.11";"Derecho";"Hombres";"Rendimiento"
"2020-2021";"94.32";"Derecho";"Hombres";"Rendimiento"
"2019-2020";"95.82";"Derecho";"Hombres";"Rendimiento"
"2018-2019";"95.87";"Derecho";"Hombres";"Rendimiento"
"2017-2018";"96.78";"Derecho";"Hombres";"Rendimiento"
"2016-2017";"96.39";"Derecho";"Hombres";"Rendimiento"
"2015-2016";"95.63";"Derecho";"Hombres";"Rendimiento"
"2022-2023";"82.78";"Total Ciencias";"Hombres";"Rendimiento"
"2021-2022";"81.84";"Total Ciencias";"Hombres";"Rendimiento"
"2020-2021";"89.89";"Total Ciencias";"Hombres";"Rendimiento"
"2019-2020";"86.16";"Total Ciencias";"Hombres";"Rendimiento"
"2018-2019";"88.58";"Total Ciencias";"Hombres";"Rendimiento"
"2017-2018";"83.65";"Total Ciencias";"Hombres";"Rendimiento"
"2016-2017";"81.79";"Total Ciencias";"Hombres";"Rendimiento"
"2015-2016";"86.34";"Total Ciencias";"Hombres";"Rendimiento"
"2022-2023";"81.56";"Ciencias de la vida";"Hombres";"Rendimiento"
"2021-2022";"86.17";"Ciencias de la vida";"Hombres";"Rendimiento"
"2020-2021";"90.53";"Ciencias de la vida";"Hombres";"Rendimiento"
"2019-2020";"89.24";"Ciencias de la vida";"Hombres";"Rendimiento"
"2018-2019";"87.15";"Ciencias de la vida";"Hombres";"Rendimiento"
"2017-2018";"83.26";"Ciencias de la vida";"Hombres";"Rendimiento"
"2016-2017";"81.21";"Ciencias de la vida";"Hombres";"Rendimiento"
"2015-2016";"88.37";"Ciencias de la vida";"Hombres";"Rendimiento"
"2022-2023";"84.75";"Ciencias Físicas, químicas, geológicas";"Hombres";"Rendimiento"
"2021-2022";"75.63";"Ciencias Físicas, químicas, geológicas";"Hombres";"Rendimiento"
"2020-2021";"88.53";"Ciencias Físicas, químicas, geológicas";"Hombres";"Rendimiento"
"2019-2020";"82.11";"Ciencias Físicas, químicas, geológicas";"Hombres";"Rendimiento"
"2018-2019";"90.21";"Ciencias Físicas, químicas, geológicas";"Hombres";"Rendimiento"
"2017-2018";"84.1";"Ciencias Físicas, químicas, geológicas";"Hombres";"Rendimiento"
"2016-2017";"82.41";"Ciencias Físicas, químicas, geológicas";"Hombres";"Rendimiento"
"2015-2016";"84.8";"Ciencias Físicas, químicas, geológicas";"Hombres";"Rendimiento"
"2022-2023";"..";"Matemáticas y Estadística";"Hombres";"Rendimiento"
"2021-2022";"..";"Matemáticas y Estadística";"Hombres";"Rendimiento"
"2020-2021";"..";"Matemáticas y Estadística";"Hombres";"Rendimiento"
"2019-2020";"..";"Matemáticas y Estadística";"Hombres";"Rendimiento"
"2018-2019";"..";"Matemáticas y Estadística";"Hombres";"Rendimiento"
"2017-2018";"..";"Matemáticas y Estadística";"Hombres";"Rendimiento"
"2016-2017";"..";"Matemáticas y Estadística";"Hombres";"Rendimiento"
"2015-2016";"..";"Matemáticas y Estadística";"Hombres";"Rendimiento"
"2022-2023";"73.39";"Total Informática";"Hombres";"Rendimiento"
"2021-2022";"72.98";"Total Informática";"Hombres";"Rendimiento"
"2020-2021";"75.94";"Total Informática";"Hombres";"Rendimiento"
"2019-2020";"75.42";"Total Informática";"Hombres";"Rendimiento"
"2018-2019";"66.91";"Total Informática";"Hombres";"Rendimiento"
"2017-2018";"70.23";"Total Informática";"Hombres";"Rendimiento"
"2016-2017";"68.74";"Total Informática";"Hombres";"Rendimiento"
"2015-2016";"69.8";"Total Informática";"Hombres";"Rendimiento"
"2022-2023";"73.39";"Informática";"Hombres";"Rendimiento"
"2021-2022";"72.98";"Informática";"Hombres";"Rendimiento"
"2020-2021";"75.94";"Informática";"Hombres";"Rendimiento"
"2019-2020";"75.42";"Informática";"Hombres";"Rendimiento"
"2018-2019";"66.91";"Informática";"Hombres";"Rendimiento"
"2017-2018";"70.23";"Informática";"Hombres";"Rendimiento"
"2016-2017";"68.74";"Informática";"Hombres";"Rendimiento"
"2015-2016";"69.8";"Informática";"Hombres";"Rendimiento"
"2022-2023";"65.33";"Total Ingeniería, industria y construcción";"Hombres";"Rendimiento"
"2021-2022";"64.22";"Total Ingeniería, industria y construcción";"Hombres";"Rendimiento"
"2020-2021";"63.72";"Total Ingeniería, industria y construcción";"Hombres";"Rendimiento"
"2019-2020";"71.08";"Total Ingeniería, industria y construcción";"Hombres";"Rendimiento"
"2018-2019";"64.24";"Total Ingeniería, industria y construcción";"Hombres";"Rendimiento"
"2017-2018";"63.41";"Total Ingeniería, industria y construcción";"Hombres";"Rendimiento"
"2016-2017";"62.31";"Total Ingeniería, industria y construcción";"Hombres";"Rendimiento"
"2015-2016";"66.57";"Total Ingeniería, industria y construcción";"Hombres";"Rendimiento"
"2022-2023";"61.89";"Ingenierías";"Hombres";"Rendimiento"
"2021-2022";"63.89";"Ingenierías";"Hombres";"Rendimiento"
"2020-2021";"62.94";"Ingenierías";"Hombres";"Rendimiento"
"2019-2020";"70.18";"Ingenierías";"Hombres";"Rendimiento"
"2018-2019";"64.54";"Ingenierías";"Hombres";"Rendimiento"
"2017-2018";"62.8";"Ingenierías";"Hombres";"Rendimiento"
"2016-2017";"63.67";"Ingenierías";"Hombres";"Rendimiento"
"2015-2016";"64.03";"Ingenierías";"Hombres";"Rendimiento"
"2022-2023";"74.93";"Arquitectura y construcción";"Hombres";"Rendimiento"
"2021-2022";"65.15";"Arquitectura y construcción";"Hombres";"Rendimiento"
"2020-2021";"66.24";"Arquitectura y construcción";"Hombres";"Rendimiento"
"2019-2020";"73.6";"Arquitectura y construcción";"Hombres";"Rendimiento"
"2018-2019";"63.49";"Arquitectura y construcción";"Hombres";"Rendimiento"
"2017-2018";"64.83";"Arquitectura y construcción";"Hombres";"Rendimiento"
"2016-2017";"59.68";"Arquitectura y construcción";"Hombres";"Rendimiento"
"2015-2016";"71.09";"Arquitectura y construcción";"Hombres";"Rendimiento"
"2022-2023";"..";"Total Agricultura, ganadería,  silvicultura, pesca, y veterinaria";"Hombres";"Rendimiento"
"2021-2022";"..";"Total Agricultura, ganadería,  silvicultura, pesca, y veterinaria";"Hombres";"Rendimiento"
"2020-2021";"..";"Total Agricultura, ganadería,  silvicultura, pesca, y veterinaria";"Hombres";"Rendimiento"
"2019-2020";"..";"Total Agricultura, ganadería,  silvicultura, pesca, y veterinaria";"Hombres";"Rendimiento"
"2018-2019";"..";"Total Agricultura, ganadería,  silvicultura, pesca, y veterinaria";"Hombres";"Rendimiento"
"2017-2018";"..";"Total Agricultura, ganadería,  silvicultura, pesca, y veterinaria";"Hombres";"Rendimiento"
"2016-2017";"..";"Total Agricultura, ganadería,  silvicultura, pesca, y veterinaria";"Hombres";"Rendimiento"
"2015-2016";"..";"Total Agricultura, ganadería,  silvicultura, pesca, y veterinaria";"Hombres";"Rendimiento"
"2022-2023";"..";"Agricultura, ganadería y pesca";"Hombres";"Rendimiento"
"2021-2022";"..";"Agricultura, ganadería y pesca";"Hombres";"Rendimiento"
"2020-2021";"..";"Agricultura, ganadería y pesca";"Hombres";"Rendimiento"
"2019-2020";"..";"Agricultura, ganadería y pesca";"Hombres";"Rendimiento"
"2018-2019";"..";"Agricultura, ganadería y pesca";"Hombres";"Rendimiento"
"2017-2018";"..";"Agricultura, ganadería y pesca";"Hombres";"Rendimiento"
"2016-2017";"..";"Agricultura, ganadería y pesca";"Hombres";"Rendimiento"
"2015-2016";"..";"Agricultura, ganadería y pesca";"Hombres";"Rendimiento"
"2022-2023";"..";"Veterinaria";"Hombres";"Rendimiento"
"2021-2022";"..";"Veterinaria";"Hombres";"Rendimiento"
"2020-2021";"..";"Veterinaria";"Hombres";"Rendimiento"
"2019-2020";"..";"Veterinaria";"Hombres";"Rendimiento"
"2018-2019";"..";"Veterinaria";"Hombres";"Rendimiento"
"2017-2018";"..";"Veterinaria";"Hombres";"Rendimiento"
"2016-2017";"..";"Veterinaria";"Hombres";"Rendimiento"
"2015-2016";"..";"Veterinaria";"Hombres";"Rendimiento"
"2022-2023";"85.87";"Total Salud y servicios sociales";"Hombres";"Rendimiento"
"2021-2022";"85.85";"Total Salud y servicios sociales";"Hombres";"Rendimiento"
"2020-2021";"87.63";"Total Salud y servicios sociales";"Hombres";"Rendimiento"
"2019-2020";"86.16";"Total Salud y servicios sociales";"Hombres";"Rendimiento"
"2018-2019";"84.77";"Total Salud y servicios sociales";"Hombres";"Rendimiento"
"2017-2018";"82.4";"Total Salud y servicios sociales";"Hombres";"Rendimiento"
"2016-2017";"79.42";"Total Salud y servicios sociales";"Hombres";"Rendimiento"
"2015-2016";"76.77";"Total Salud y servicios sociales";"Hombres";"Rendimiento"
"2022-2023";"..";"Medicina";"Hombres";"Rendimiento"
"2021-2022";"..";"Medicina";"Hombres";"Rendimiento"
"2020-2021";"..";"Medicina";"Hombres";"Rendimiento"
"2019-2020";"..";"Medicina";"Hombres";"Rendimiento"
"2018-2019";"..";"Medicina";"Hombres";"Rendimiento"
"2017-2018";"..";"Medicina";"Hombres";"Rendimiento"
"2016-2017";"..";"Medicina";"Hombres";"Rendimiento"
"2015-2016";"..";"Medicina";"Hombres";"Rendimiento"
"2022-2023";"93.83";"Enfermería y atención a enfermos";"Hombres";"Rendimiento"
"2021-2022";"92.39";"Enfermería y atención a enfermos";"Hombres";"Rendimiento"
"2020-2021";"86.8";"Enfermería y atención a enfermos";"Hombres";"Rendimiento"
"2019-2020";"82.61";"Enfermería y atención a enfermos";"Hombres";"Rendimiento"
"2018-2019";"83.5";"Enfermería y atención a enfermos";"Hombres";"Rendimiento"
"2017-2018";"78.65";"Enfermería y atención a enfermos";"Hombres";"Rendimiento"
"2016-2017";"79.06";"Enfermería y atención a enfermos";"Hombres";"Rendimiento"
"2015-2016";"77.53";"Enfermería y atención a enfermos";"Hombres";"Rendimiento"
"2022-2023";"83.93";"Otras ciencias de la Salud";"Hombres";"Rendimiento"
"2021-2022";"84.41";"Otras ciencias de la Salud";"Hombres";"Rendimiento"
"2020-2021";"87.26";"Otras ciencias de la Salud";"Hombres";"Rendimiento"
"2019-2020";"86.79";"Otras ciencias de la Salud";"Hombres";"Rendimiento"
"2018-2019";"84.7";"Otras ciencias de la Salud";"Hombres";"Rendimiento"
"2017-2018";"82.74";"Otras ciencias de la Salud";"Hombres";"Rendimiento"
"2016-2017";"79.3";"Otras ciencias de la Salud";"Hombres";"Rendimiento"
"2015-2016";"76.13";"Otras ciencias de la Salud";"Hombres";"Rendimiento"
"2022-2023";"87.65";"Trabajo social y orientación";"Hombres";"Rendimiento"
"2021-2022";"..";"Trabajo social y orientación";"Hombres";"Rendimiento"
"2020-2021";"98.55";"Trabajo social y orientación";"Hombres";"Rendimiento"
"2019-2020";"86.05";"Trabajo social y orientación";"Hombres";"Rendimiento"
"2018-2019";"89.65";"Trabajo social y orientación";"Hombres";"Rendimiento"
"2017-2018";"87.16";"Trabajo social y orientación";"Hombres";"Rendimiento"
"2016-2017";"82.66";"Trabajo social y orientación";"Hombres";"Rendimiento"
"2015-2016";"..";"Trabajo social y orientación";"Hombres";"Rendimiento"
"2022-2023";"88.69";"Total Servicios";"Hombres";"Rendimiento"
"2021-2022";"88.53";"Total Servicios";"Hombres";"Rendimiento"
"2020-2021";"91.89";"Total Servicios";"Hombres";"Rendimiento"
"2019-2020";"90.75";"Total Servicios";"Hombres";"Rendimiento"
"2018-2019";"84.98";"Total Servicios";"Hombres";"Rendimiento"
"2017-2018";"81.52";"Total Servicios";"Hombres";"Rendimiento"
"2016-2017";"80.38";"Total Servicios";"Hombres";"Rendimiento"
"2015-2016";"81.69";"Total Servicios";"Hombres";"Rendimiento"
"2022-2023";"89.01";"Deportes";"Hombres";"Rendimiento"
"2021-2022";"88.8";"Deportes";"Hombres";"Rendimiento"
"2020-2021";"91.85";"Deportes";"Hombres";"Rendimiento"
"2019-2020";"90.11";"Deportes";"Hombres";"Rendimiento"
"2018-2019";"83.9";"Deportes";"Hombres";"Rendimiento"
"2017-2018";"79.59";"Deportes";"Hombres";"Rendimiento"
"2016-2017";"79.27";"Deportes";"Hombres";"Rendimiento"
"2015-2016";"80.54";"Deportes";"Hombres";"Rendimiento"
"2022-2023";"85.14";"Turismo y Hostelería";"Hombres";"Rendimiento"
"2021-2022";"86.15";"Turismo y Hostelería";"Hombres";"Rendimiento"
"2020-2021";"92.18";"Turismo y Hostelería";"Hombres";"Rendimiento"
"2019-2020";"95.37";"Turismo y Hostelería";"Hombres";"Rendimiento"
"2018-2019";"91.81";"Turismo y Hostelería";"Hombres";"Rendimiento"
"2017-2018";"91.93";"Turismo y Hostelería";"Hombres";"Rendimiento"
"2016-2017";"86.78";"Turismo y Hostelería";"Hombres";"Rendimiento"
"2015-2016";"89.55";"Turismo y Hostelería";"Hombres";"Rendimiento"
"2022-2023";"..";"Otros Servicios";"Hombres";"Rendimiento"
"2021-2022";"..";"Otros Servicios";"Hombres";"Rendimiento"
"2020-2021";"..";"Otros Servicios";"Hombres";"Rendimiento"
"2019-2020";"..";"Otros Servicios";"Hombres";"Rendimiento"
"2018-2019";"..";"Otros Servicios";"Hombres";"Rendimiento"
"2017-2018";"..";"Otros Servicios";"Hombres";"Rendimiento"
"2016-2017";"..";"Otros Servicios";"Hombres";"Rendimiento"
"2015-2016";"..";"Otros Servicios";"Hombres";"Rendimiento"
"2022-2023";"???";"Ramón Llull";"Hombres";"Exito"
"2021-2022";"???";"Ramón Llull";"Hombres";"Exito"
"2020-2021";"???";"Ramón Llull";"Hombres";"Exito"
"2019-2020";"???";"Ramón Llull";"Hombres";"Exito"
"2018-2019";"???";"Ramón Llull";"Hombres";"Exito"
"2017-2018";"???";"Ramón Llull";"Hombres";"Exito"
"2016-2017";"???";"Ramón Llull";"Hombres";"Exito"
"2015-2016";"???";"Ramón Llull";"Hombres";"Exito"
"2022-2023";"92.99";"Todos los ámbitos";"Hombres";"Exito"
"2021-2022";"92.65";"Todos los ámbitos";"Hombres";"Exito"
"2020-2021";"94.0";"Todos los ámbitos";"Hombres";"Exito"
"2019-2020";"94.64";"Todos los ámbitos";"Hombres";"Exito"
"2018-2019";"93.29";"Todos los ámbitos";"Hombres";"Exito"
"2017-2018";"92.88";"Todos los ámbitos";"Hombres";"Exito"
"2016-2017";"92.43";"Todos los ámbitos";"Hombres";"Exito"
"2015-2016";"90.67";"Todos los ámbitos";"Hombres";"Exito"
"2022-2023";"95.64";"Total Educación";"Hombres";"Exito"
"2021-2022";"94.12";"Total Educación";"Hombres";"Exito"
"2020-2021";"95.38";"Total Educación";"Hombres";"Exito"
"2019-2020";"96.67";"Total Educación";"Hombres";"Exito"
"2018-2019";"91.77";"Total Educación";"Hombres";"Exito"
"2017-2018";"90.34";"Total Educación";"Hombres";"Exito"
"2016-2017";"91.41";"Total Educación";"Hombres";"Exito"
"2015-2016";"91.25";"Total Educación";"Hombres";"Exito"
"2022-2023";"..";"Formación de docentes de enseñanza infantil";"Hombres";"Exito"
"2021-2022";"..";"Formación de docentes de enseñanza infantil";"Hombres";"Exito"
"2020-2021";"..";"Formación de docentes de enseñanza infantil";"Hombres";"Exito"
"2019-2020";"..";"Formación de docentes de enseñanza infantil";"Hombres";"Exito"
"2018-2019";"..";"Formación de docentes de enseñanza infantil";"Hombres";"Exito"
"2017-2018";"..";"Formación de docentes de enseñanza infantil";"Hombres";"Exito"
"2016-2017";"..";"Formación de docentes de enseñanza infantil";"Hombres";"Exito"
"2015-2016";"..";"Formación de docentes de enseñanza infantil";"Hombres";"Exito"
"2022-2023";"95.29";"Formación de docentes de enseñanza primaria";"Hombres";"Exito"
"2021-2022";"92.51";"Formación de docentes de enseñanza primaria";"Hombres";"Exito"
"2020-2021";"93.89";"Formación de docentes de enseñanza primaria";"Hombres";"Exito"
"2019-2020";"96.22";"Formación de docentes de enseñanza primaria";"Hombres";"Exito"
"2018-2019";"90.43";"Formación de docentes de enseñanza primaria";"Hombres";"Exito"
"2017-2018";"86.8";"Formación de docentes de enseñanza primaria";"Hombres";"Exito"
"2016-2017";"88.67";"Formación de docentes de enseñanza primaria";"Hombres";"Exito"
"2015-2016";"89.89";"Formación de docentes de enseñanza primaria";"Hombres";"Exito"
"2022-2023";"97.9";"Otra Formación de personal docente y ciencias de la educación";"Hombres";"Exito"
"2021-2022";"98.41";"Otra Formación de personal docente y ciencias de la educación";"Hombres";"Exito"
"2020-2021";"98.71";"Otra Formación de personal docente y ciencias de la educación";"Hombres";"Exito"
"2019-2020";"98.44";"Otra Formación de personal docente y ciencias de la educación";"Hombres";"Exito"
"2018-2019";"96.38";"Otra Formación de personal docente y ciencias de la educación";"Hombres";"Exito"
"2017-2018";"98.19";"Otra Formación de personal docente y ciencias de la educación";"Hombres";"Exito"
"2016-2017";"98.29";"Otra Formación de personal docente y ciencias de la educación";"Hombres";"Exito"
"2015-2016";"96.66";"Otra Formación de personal docente y ciencias de la educación";"Hombres";"Exito"
"2022-2023";"97.86";"Total Artes y humanidades";"Hombres";"Exito"
"2021-2022";"97.44";"Total Artes y humanidades";"Hombres";"Exito"
"2020-2021";"97.37";"Total Artes y humanidades";"Hombres";"Exito"
"2019-2020";"94.82";"Total Artes y humanidades";"Hombres";"Exito"
"2018-2019";"97.38";"Total Artes y humanidades";"Hombres";"Exito"
"2017-2018";"98.45";"Total Artes y humanidades";"Hombres";"Exito"
"2016-2017";"96.3";"Total Artes y humanidades";"Hombres";"Exito"
"2015-2016";"94.48";"Total Artes y humanidades";"Hombres";"Exito"
"2022-2023";"98.15";"Técnicas audiovisuales y medios de comunicación";"Hombres";"Exito"
"2021-2022";"98.72";"Técnicas audiovisuales y medios de comunicación";"Hombres";"Exito"
"2020-2021";"98.02";"Técnicas audiovisuales y medios de comunicación";"Hombres";"Exito"
"2019-2020";"98.22";"Técnicas audiovisuales y medios de comunicación";"Hombres";"Exito"
"2018-2019";"97.28";"Técnicas audiovisuales y medios de comunicación";"Hombres";"Exito"
"2017-2018";"98.46";"Técnicas audiovisuales y medios de comunicación";"Hombres";"Exito"
"2016-2017";"98.32";"Técnicas audiovisuales y medios de comunicación";"Hombres";"Exito"
"2015-2016";"93.39";"Técnicas audiovisuales y medios de comunicación";"Hombres";"Exito"
"2022-2023";"96.73";"Artes";"Hombres";"Exito"
"2021-2022";"92.45";"Artes";"Hombres";"Exito"
"2020-2021";"96.49";"Artes";"Hombres";"Exito"
"2019-2020";"84.94";"Artes";"Hombres";"Exito"
"2018-2019";"..";"Artes";"Hombres";"Exito"
"2017-2018";"..";"Artes";"Hombres";"Exito"
"2016-2017";"91.49";"Artes";"Hombres";"Exito"
"2015-2016";"94.47";"Artes";"Hombres";"Exito"
"2022-2023";"..";"Lenguas";"Hombres";"Exito"
"2021-2022";"..";"Lenguas";"Hombres";"Exito"
"2020-2021";"..";"Lenguas";"Hombres";"Exito"
"2019-2020";"..";"Lenguas";"Hombres";"Exito"
"2018-2019";"..";"Lenguas";"Hombres";"Exito"
"2017-2018";"..";"Lenguas";"Hombres";"Exito"
"2016-2017";"..";"Lenguas";"Hombres";"Exito"
"2015-2016";"..";"Lenguas";"Hombres";"Exito"
"2022-2023";"..";"Humanidades";"Hombres";"Exito"
"2021-2022";"..";"Humanidades";"Hombres";"Exito"
"2020-2021";"..";"Humanidades";"Hombres";"Exito"
"2019-2020";"..";"Humanidades";"Hombres";"Exito"
"2018-2019";"..";"Humanidades";"Hombres";"Exito"
"2017-2018";"..";"Humanidades";"Hombres";"Exito"
"2016-2017";"..";"Humanidades";"Hombres";"Exito"
"2015-2016";"..";"Humanidades";"Hombres";"Exito"
"2022-2023";"92.79";"Total Ciencias sociales, periodismo y documentación";"Hombres";"Exito"
"2021-2022";"92.55";"Total Ciencias sociales, periodismo y documentación";"Hombres";"Exito"
"2020-2021";"93.7";"Total Ciencias sociales, periodismo y documentación";"Hombres";"Exito"
"2019-2020";"93.21";"Total Ciencias sociales, periodismo y documentación";"Hombres";"Exito"
"2018-2019";"90.87";"Total Ciencias sociales, periodismo y documentación";"Hombres";"Exito"
"2017-2018";"90.77";"Total Ciencias sociales, periodismo y documentación";"Hombres";"Exito"
"2016-2017";"89.75";"Total Ciencias sociales, periodismo y documentación";"Hombres";"Exito"
"2015-2016";"84.9";"Total Ciencias sociales, periodismo y documentación";"Hombres";"Exito"
"2022-2023";"94.01";"Psicología";"Hombres";"Exito"
"2021-2022";"93.07";"Psicología";"Hombres";"Exito"
"2020-2021";"94.24";"Psicología";"Hombres";"Exito"
"2019-2020";"96.09";"Psicología";"Hombres";"Exito"
"2018-2019";"91.49";"Psicología";"Hombres";"Exito"
"2017-2018";"93.37";"Psicología";"Hombres";"Exito"
"2016-2017";"92.74";"Psicología";"Hombres";"Exito"
"2015-2016";"90.46";"Psicología";"Hombres";"Exito"
"2022-2023";"97.31";"Economía";"Hombres";"Exito"
"2021-2022";"97.18";"Economía";"Hombres";"Exito"
"2020-2021";"95.7";"Economía";"Hombres";"Exito"
"2019-2020";"96.03";"Economía";"Hombres";"Exito"
"2018-2019";"..";"Economía";"Hombres";"Exito"
"2017-2018";"..";"Economía";"Hombres";"Exito"
"2016-2017";"..";"Economía";"Hombres";"Exito"
"2015-2016";"..";"Economía";"Hombres";"Exito"
"2022-2023";"93.76";"Otras Ciencias sociales y del comportamiento";"Hombres";"Exito"
"2021-2022";"92.15";"Otras Ciencias sociales y del comportamiento";"Hombres";"Exito"
"2020-2021";"95.12";"Otras Ciencias sociales y del comportamiento";"Hombres";"Exito"
"2019-2020";"94.45";"Otras Ciencias sociales y del comportamiento";"Hombres";"Exito"
"2018-2019";"91.32";"Otras Ciencias sociales y del comportamiento";"Hombres";"Exito"
"2017-2018";"89.95";"Otras Ciencias sociales y del comportamiento";"Hombres";"Exito"
"2016-2017";"92.65";"Otras Ciencias sociales y del comportamiento";"Hombres";"Exito"
"2015-2016";"87.11";"Otras Ciencias sociales y del comportamiento";"Hombres";"Exito"
"2022-2023";"88.98";"Periodismo e información";"Hombres";"Exito"
"2021-2022";"90.48";"Periodismo e información";"Hombres";"Exito"
"2020-2021";"92.33";"Periodismo e información";"Hombres";"Exito"
"2019-2020";"91.09";"Periodismo e información";"Hombres";"Exito"
"2018-2019";"90.44";"Periodismo e información";"Hombres";"Exito"
"2017-2018";"90.02";"Periodismo e información";"Hombres";"Exito"
"2016-2017";"87.23";"Periodismo e información";"Hombres";"Exito"
"2015-2016";"81.67";"Periodismo e información";"Hombres";"Exito"
"2022-2023";"96.6";"Total Negocios, administración y derecho";"Hombres";"Exito"
"2021-2022";"95.9";"Total Negocios, administración y derecho";"Hombres";"Exito"
"2020-2021";"96.77";"Total Negocios, administración y derecho";"Hombres";"Exito"
"2019-2020";"97.33";"Total Negocios, administración y derecho";"Hombres";"Exito"
"2018-2019";"96.83";"Total Negocios, administración y derecho";"Hombres";"Exito"
"2017-2018";"97.12";"Total Negocios, administración y derecho";"Hombres";"Exito"
"2016-2017";"96.76";"Total Negocios, administración y derecho";"Hombres";"Exito"
"2015-2016";"95.83";"Total Negocios, administración y derecho";"Hombres";"Exito"
"2022-2023";"96.33";"Administración y gestión de empresas";"Hombres";"Exito"
"2021-2022";"95.49";"Administración y gestión de empresas";"Hombres";"Exito"
"2020-2021";"96.62";"Administración y gestión de empresas";"Hombres";"Exito"
"2019-2020";"97.16";"Administración y gestión de empresas";"Hombres";"Exito"
"2018-2019";"96.58";"Administración y gestión de empresas";"Hombres";"Exito"
"2017-2018";"96.88";"Administración y gestión de empresas";"Hombres";"Exito"
"2016-2017";"96.63";"Administración y gestión de empresas";"Hombres";"Exito"
"2015-2016";"95.9";"Administración y gestión de empresas";"Hombres";"Exito"
"2022-2023";"97.83";"Otra Educación comercial y empresarial";"Hombres";"Exito"
"2021-2022";"97.86";"Otra Educación comercial y empresarial";"Hombres";"Exito"
"2020-2021";"97.78";"Otra Educación comercial y empresarial";"Hombres";"Exito"
"2019-2020";"97.57";"Otra Educación comercial y empresarial";"Hombres";"Exito"
"2018-2019";"97.56";"Otra Educación comercial y empresarial";"Hombres";"Exito"
"2017-2018";"96.0";"Otra Educación comercial y empresarial";"Hombres";"Exito"
"2016-2017";"96.58";"Otra Educación comercial y empresarial";"Hombres";"Exito"
"2015-2016";"91.39";"Otra Educación comercial y empresarial";"Hombres";"Exito"
"2022-2023";"97.92";"Derecho";"Hombres";"Exito"
"2021-2022";"97.64";"Derecho";"Hombres";"Exito"
"2020-2021";"97.16";"Derecho";"Hombres";"Exito"
"2019-2020";"98.01";"Derecho";"Hombres";"Exito"
"2018-2019";"97.67";"Derecho";"Hombres";"Exito"
"2017-2018";"98.36";"Derecho";"Hombres";"Exito"
"2016-2017";"97.32";"Derecho";"Hombres";"Exito"
"2015-2016";"96.58";"Derecho";"Hombres";"Exito"
"2022-2023";"89.04";"Total Ciencias";"Hombres";"Exito"
"2021-2022";"87.02";"Total Ciencias";"Hombres";"Exito"
"2020-2021";"92.89";"Total Ciencias";"Hombres";"Exito"
"2019-2020";"92.19";"Total Ciencias";"Hombres";"Exito"
"2018-2019";"92.61";"Total Ciencias";"Hombres";"Exito"
"2017-2018";"88.05";"Total Ciencias";"Hombres";"Exito"
"2016-2017";"89.08";"Total Ciencias";"Hombres";"Exito"
"2015-2016";"89.6";"Total Ciencias";"Hombres";"Exito"
"2022-2023";"89.87";"Ciencias de la vida";"Hombres";"Exito"
"2021-2022";"90.68";"Ciencias de la vida";"Hombres";"Exito"
"2020-2021";"93.65";"Ciencias de la vida";"Hombres";"Exito"
"2019-2020";"94.58";"Ciencias de la vida";"Hombres";"Exito"
"2018-2019";"91.24";"Ciencias de la vida";"Hombres";"Exito"
"2017-2018";"87.08";"Ciencias de la vida";"Hombres";"Exito"
"2016-2017";"88.72";"Ciencias de la vida";"Hombres";"Exito"
"2015-2016";"90.05";"Ciencias de la vida";"Hombres";"Exito"
"2022-2023";"87.76";"Ciencias Físicas, químicas, geológicas";"Hombres";"Exito"
"2021-2022";"81.65";"Ciencias Físicas, químicas, geológicas";"Hombres";"Exito"
"2020-2021";"91.26";"Ciencias Físicas, químicas, geológicas";"Hombres";"Exito"
"2019-2020";"88.99";"Ciencias Físicas, químicas, geológicas";"Hombres";"Exito"
"2018-2019";"94.18";"Ciencias Físicas, químicas, geológicas";"Hombres";"Exito"
"2017-2018";"89.17";"Ciencias Físicas, químicas, geológicas";"Hombres";"Exito"
"2016-2017";"89.47";"Ciencias Físicas, químicas, geológicas";"Hombres";"Exito"
"2015-2016";"89.24";"Ciencias Físicas, químicas, geológicas";"Hombres";"Exito"
"2022-2023";"..";"Matemáticas y Estadística";"Hombres";"Exito"
"2021-2022";"..";"Matemáticas y Estadística";"Hombres";"Exito"
"2020-2021";"..";"Matemáticas y Estadística";"Hombres";"Exito"
"2019-2020";"..";"Matemáticas y Estadística";"Hombres";"Exito"
"2018-2019";"..";"Matemáticas y Estadística";"Hombres";"Exito"
"2017-2018";"..";"Matemáticas y Estadística";"Hombres";"Exito"
"2016-2017";"..";"Matemáticas y Estadística";"Hombres";"Exito"
"2015-2016";"..";"Matemáticas y Estadística";"Hombres";"Exito"
"2022-2023";"86.91";"Total Informática";"Hombres";"Exito"
"2021-2022";"87.22";"Total Informática";"Hombres";"Exito"
"2020-2021";"89.82";"Total Informática";"Hombres";"Exito"
"2019-2020";"93.29";"Total Informática";"Hombres";"Exito"
"2018-2019";"89.16";"Total Informática";"Hombres";"Exito"
"2017-2018";"89.78";"Total Informática";"Hombres";"Exito"
"2016-2017";"89.4";"Total Informática";"Hombres";"Exito"
"2015-2016";"89.06";"Total Informática";"Hombres";"Exito"
"2022-2023";"86.91";"Informática";"Hombres";"Exito"
"2021-2022";"87.22";"Informática";"Hombres";"Exito"
"2020-2021";"89.82";"Informática";"Hombres";"Exito"
"2019-2020";"93.29";"Informática";"Hombres";"Exito"
"2018-2019";"89.16";"Informática";"Hombres";"Exito"
"2017-2018";"89.78";"Informática";"Hombres";"Exito"
"2016-2017";"89.4";"Informática";"Hombres";"Exito"
"2015-2016";"89.06";"Informática";"Hombres";"Exito"
"2022-2023";"83.01";"Total Ingeniería, industria y construcción";"Hombres";"Exito"
"2021-2022";"83.33";"Total Ingeniería, industria y construcción";"Hombres";"Exito"
"2020-2021";"84.41";"Total Ingeniería, industria y construcción";"Hombres";"Exito"
"2019-2020";"90.49";"Total Ingeniería, industria y construcción";"Hombres";"Exito"
"2018-2019";"87.39";"Total Ingeniería, industria y construcción";"Hombres";"Exito"
"2017-2018";"86.85";"Total Ingeniería, industria y construcción";"Hombres";"Exito"
"2016-2017";"87.24";"Total Ingeniería, industria y construcción";"Hombres";"Exito"
"2015-2016";"87.29";"Total Ingeniería, industria y construcción";"Hombres";"Exito"
"2022-2023";"79.58";"Ingenierías";"Hombres";"Exito"
"2021-2022";"81.89";"Ingenierías";"Hombres";"Exito"
"2020-2021";"82.92";"Ingenierías";"Hombres";"Exito"
"2019-2020";"89.16";"Ingenierías";"Hombres";"Exito"
"2018-2019";"86.52";"Ingenierías";"Hombres";"Exito"
"2017-2018";"84.82";"Ingenierías";"Hombres";"Exito"
"2016-2017";"85.36";"Ingenierías";"Hombres";"Exito"
"2015-2016";"84.1";"Ingenierías";"Hombres";"Exito"
"2022-2023";"92.16";"Arquitectura y construcción";"Hombres";"Exito"
"2021-2022";"87.61";"Arquitectura y construcción";"Hombres";"Exito"
"2020-2021";"89.36";"Arquitectura y construcción";"Hombres";"Exito"
"2019-2020";"94.24";"Arquitectura y construcción";"Hombres";"Exito"
"2018-2019";"89.65";"Arquitectura y construcción";"Hombres";"Exito"
"2017-2018";"91.76";"Arquitectura y construcción";"Hombres";"Exito"
"2016-2017";"91.42";"Arquitectura y construcción";"Hombres";"Exito"
"2015-2016";"92.93";"Arquitectura y construcción";"Hombres";"Exito"
"2022-2023";"..";"Total Agricultura, ganadería,  silvicultura, pesca, y veterinaria";"Hombres";"Exito"
"2021-2022";"..";"Total Agricultura, ganadería,  silvicultura, pesca, y veterinaria";"Hombres";"Exito"
"2020-2021";"..";"Total Agricultura, ganadería,  silvicultura, pesca, y veterinaria";"Hombres";"Exito"
"2019-2020";"..";"Total Agricultura, ganadería,  silvicultura, pesca, y veterinaria";"Hombres";"Exito"
"2018-2019";"..";"Total Agricultura, ganadería,  silvicultura, pesca, y veterinaria";"Hombres";"Exito"
"2017-2018";"..";"Total Agricultura, ganadería,  silvicultura, pesca, y veterinaria";"Hombres";"Exito"
"2016-2017";"..";"Total Agricultura, ganadería,  silvicultura, pesca, y veterinaria";"Hombres";"Exito"
"2015-2016";"..";"Total Agricultura, ganadería,  silvicultura, pesca, y veterinaria";"Hombres";"Exito"
"2022-2023";"..";"Agricultura, ganadería y pesca";"Hombres";"Exito"
"2021-2022";"..";"Agricultura, ganadería y pesca";"Hombres";"Exito"
"2020-2021";"..";"Agricultura, ganadería y pesca";"Hombres";"Exito"
"2019-2020";"..";"Agricultura, ganadería y pesca";"Hombres";"Exito"
"2018-2019";"..";"Agricultura, ganadería y pesca";"Hombres";"Exito"
"2017-2018";"..";"Agricultura, ganadería y pesca";"Hombres";"Exito"
"2016-2017";"..";"Agricultura, ganadería y pesca";"Hombres";"Exito"
"2015-2016";"..";"Agricultura, ganadería y pesca";"Hombres";"Exito"
"2022-2023";"..";"Veterinaria";"Hombres";"Exito"
"2021-2022";"..";"Veterinaria";"Hombres";"Exito"
"2020-2021";"..";"Veterinaria";"Hombres";"Exito"
"2019-2020";"..";"Veterinaria";"Hombres";"Exito"
"2018-2019";"..";"Veterinaria";"Hombres";"Exito"
"2017-2018";"..";"Veterinaria";"Hombres";"Exito"
"2016-2017";"..";"Veterinaria";"Hombres";"Exito"
"2015-2016";"..";"Veterinaria";"Hombres";"Exito"
"2022-2023";"89.9";"Total Salud y servicios sociales";"Hombres";"Exito"
"2021-2022";"90.44";"Total Salud y servicios sociales";"Hombres";"Exito"
"2020-2021";"92.0";"Total Salud y servicios sociales";"Hombres";"Exito"
"2019-2020";"91.28";"Total Salud y servicios sociales";"Hombres";"Exito"
"2018-2019";"90.6";"Total Salud y servicios sociales";"Hombres";"Exito"
"2017-2018";"91.19";"Total Salud y servicios sociales";"Hombres";"Exito"
"2016-2017";"89.48";"Total Salud y servicios sociales";"Hombres";"Exito"
"2015-2016";"84.51";"Total Salud y servicios sociales";"Hombres";"Exito"
"2022-2023";"..";"Medicina";"Hombres";"Exito"
"2021-2022";"..";"Medicina";"Hombres";"Exito"
"2020-2021";"..";"Medicina";"Hombres";"Exito"
"2019-2020";"..";"Medicina";"Hombres";"Exito"
"2018-2019";"..";"Medicina";"Hombres";"Exito"
"2017-2018";"..";"Medicina";"Hombres";"Exito"
"2016-2017";"..";"Medicina";"Hombres";"Exito"
"2015-2016";"..";"Medicina";"Hombres";"Exito"
"2022-2023";"96.34";"Enfermería y atención a enfermos";"Hombres";"Exito"
"2021-2022";"95.15";"Enfermería y atención a enfermos";"Hombres";"Exito"
"2020-2021";"91.96";"Enfermería y atención a enfermos";"Hombres";"Exito"
"2019-2020";"86.1";"Enfermería y atención a enfermos";"Hombres";"Exito"
"2018-2019";"90.6";"Enfermería y atención a enfermos";"Hombres";"Exito"
"2017-2018";"89.99";"Enfermería y atención a enfermos";"Hombres";"Exito"
"2016-2017";"89.01";"Enfermería y atención a enfermos";"Hombres";"Exito"
"2015-2016";"85.34";"Enfermería y atención a enfermos";"Hombres";"Exito"
"2022-2023";"88.03";"Otras ciencias de la Salud";"Hombres";"Exito"
"2021-2022";"89.2";"Otras ciencias de la Salud";"Hombres";"Exito"
"2020-2021";"91.62";"Otras ciencias de la Salud";"Hombres";"Exito"
"2019-2020";"91.87";"Otras ciencias de la Salud";"Hombres";"Exito"
"2018-2019";"90.28";"Otras ciencias de la Salud";"Hombres";"Exito"
"2017-2018";"90.99";"Otras ciencias de la Salud";"Hombres";"Exito"
"2016-2017";"89.16";"Otras ciencias de la Salud";"Hombres";"Exito"
"2015-2016";"83.84";"Otras ciencias de la Salud";"Hombres";"Exito"
"2022-2023";"97.24";"Trabajo social y orientación";"Hombres";"Exito"
"2021-2022";"..";"Trabajo social y orientación";"Hombres";"Exito"
"2020-2021";"100.0";"Trabajo social y orientación";"Hombres";"Exito"
"2019-2020";"98.14";"Trabajo social y orientación";"Hombres";"Exito"
"2018-2019";"96.76";"Trabajo social y orientación";"Hombres";"Exito"
"2017-2018";"98.98";"Trabajo social y orientación";"Hombres";"Exito"
"2016-2017";"97.22";"Trabajo social y orientación";"Hombres";"Exito"
"2015-2016";"..";"Trabajo social y orientación";"Hombres";"Exito"
"2022-2023";"92.27";"Total Servicios";"Hombres";"Exito"
"2021-2022";"92.14";"Total Servicios";"Hombres";"Exito"
"2020-2021";"94.81";"Total Servicios";"Hombres";"Exito"
"2019-2020";"93.63";"Total Servicios";"Hombres";"Exito"
"2018-2019";"91.36";"Total Servicios";"Hombres";"Exito"
"2017-2018";"89.51";"Total Servicios";"Hombres";"Exito"
"2016-2017";"88.71";"Total Servicios";"Hombres";"Exito"
"2015-2016";"88.34";"Total Servicios";"Hombres";"Exito"
"2022-2023";"91.94";"Deportes";"Hombres";"Exito"
"2021-2022";"92.03";"Deportes";"Hombres";"Exito"
"2020-2021";"94.74";"Deportes";"Hombres";"Exito"
"2019-2020";"93.23";"Deportes";"Hombres";"Exito"
"2018-2019";"90.6";"Deportes";"Hombres";"Exito"
"2017-2018";"88.64";"Deportes";"Hombres";"Exito"
"2016-2017";"88.32";"Deportes";"Hombres";"Exito"
"2015-2016";"87.99";"Deportes";"Hombres";"Exito"
"2022-2023";"96.24";"Turismo y Hostelería";"Hombres";"Exito"
"2021-2022";"93.17";"Turismo y Hostelería";"Hombres";"Exito"
"2020-2021";"95.36";"Turismo y Hostelería";"Hombres";"Exito"
"2019-2020";"96.46";"Turismo y Hostelería";"Hombres";"Exito"
"2018-2019";"96.01";"Turismo y Hostelería";"Hombres";"Exito"
"2017-2018";"93.77";"Turismo y Hostelería";"Hombres";"Exito"
"2016-2017";"90.83";"Turismo y Hostelería";"Hombres";"Exito"
"2015-2016";"90.58";"Turismo y Hostelería";"Hombres";"Exito"
"2022-2023";"..";"Otros Servicios";"Hombres";"Exito"
"2021-2022";"..";"Otros Servicios";"Hombres";"Exito"
"2020-2021";"..";"Otros Servicios";"Hombres";"Exito"
"2019-2020";"..";"Otros Servicios";"Hombres";"Exito"
"2018-2019";"..";"Otros Servicios";"Hombres";"Exito"
"2017-2018";"..";"Otros Servicios";"Hombres";"Exito"
"2016-2017";"..";"Otros Servicios";"Hombres";"Exito"
"2015-2016";"..";"Otros Servicios";"Hombres";"Exito"
"2022-2023";"???";"Ramón Llull";"Hombres";"Evaluacion"
"2021-2022";"???";"Ramón Llull";"Hombres";"Evaluacion"
"2020-2021";"???";"Ramón Llull";"Hombres";"Evaluacion"
"2019-2020";"???";"Ramón Llull";"Hombres";"Evaluacion"
"2018-2019";"???";"Ramón Llull";"Hombres";"Evaluacion"
"2017-2018";"???";"Ramón Llull";"Hombres";"Evaluacion"
"2016-2017";"???";"Ramón Llull";"Hombres";"Evaluacion"
"2015-2016";"???";"Ramón Llull";"Hombres";"Evaluacion"
"2022-2023";"93.11";"Todos los ámbitos";"Hombres";"Evaluacion"
"2021-2022";"92.27";"Todos los ámbitos";"Hombres";"Evaluacion"
"2020-2021";"92.47";"Todos los ámbitos";"Hombres";"Evaluacion"
"2019-2020";"93.12";"Todos los ámbitos";"Hombres";"Evaluacion"
"2018-2019";"91.28";"Todos los ámbitos";"Hombres";"Evaluacion"
"2017-2018";"90.4";"Todos los ámbitos";"Hombres";"Evaluacion"
"2016-2017";"89.75";"Todos los ámbitos";"Hombres";"Evaluacion"
"2015-2016";"90.94";"Todos los ámbitos";"Hombres";"Evaluacion"
"2022-2023";"94.14";"Total Educación";"Hombres";"Evaluacion"
"2021-2022";"94.57";"Total Educación";"Hombres";"Evaluacion"
"2020-2021";"95.59";"Total Educación";"Hombres";"Evaluacion"
"2019-2020";"93.83";"Total Educación";"Hombres";"Evaluacion"
"2018-2019";"89.34";"Total Educación";"Hombres";"Evaluacion"
"2017-2018";"88.18";"Total Educación";"Hombres";"Evaluacion"
"2016-2017";"87.45";"Total Educación";"Hombres";"Evaluacion"
"2015-2016";"88.79";"Total Educación";"Hombres";"Evaluacion"
"2022-2023";"..";"Formación de docentes de enseñanza infantil";"Hombres";"Evaluacion"
"2021-2022";"..";"Formación de docentes de enseñanza infantil";"Hombres";"Evaluacion"
"2020-2021";"..";"Formación de docentes de enseñanza infantil";"Hombres";"Evaluacion"
"2019-2020";"..";"Formación de docentes de enseñanza infantil";"Hombres";"Evaluacion"
"2018-2019";"..";"Formación de docentes de enseñanza infantil";"Hombres";"Evaluacion"
"2017-2018";"..";"Formación de docentes de enseñanza infantil";"Hombres";"Evaluacion"
"2016-2017";"..";"Formación de docentes de enseñanza infantil";"Hombres";"Evaluacion"
"2015-2016";"..";"Formación de docentes de enseñanza infantil";"Hombres";"Evaluacion"
"2022-2023";"95.01";"Formación de docentes de enseñanza primaria";"Hombres";"Evaluacion"
"2021-2022";"95.49";"Formación de docentes de enseñanza primaria";"Hombres";"Evaluacion"
"2020-2021";"98.58";"Formación de docentes de enseñanza primaria";"Hombres";"Evaluacion"
"2019-2020";"97.15";"Formación de docentes de enseñanza primaria";"Hombres";"Evaluacion"
"2018-2019";"91.05";"Formación de docentes de enseñanza primaria";"Hombres";"Evaluacion"
"2017-2018";"90.5";"Formación de docentes de enseñanza primaria";"Hombres";"Evaluacion"
"2016-2017";"87.42";"Formación de docentes de enseñanza primaria";"Hombres";"Evaluacion"
"2015-2016";"88.48";"Formación de docentes de enseñanza primaria";"Hombres";"Evaluacion"
"2022-2023";"91.8";"Otra Formación de personal docente y ciencias de la educación";"Hombres";"Evaluacion"
"2021-2022";"92.84";"Otra Formación de personal docente y ciencias de la educación";"Hombres";"Evaluacion"
"2020-2021";"91.61";"Otra Formación de personal docente y ciencias de la educación";"Hombres";"Evaluacion"
"2019-2020";"88.43";"Otra Formación de personal docente y ciencias de la educación";"Hombres";"Evaluacion"
"2018-2019";"86.55";"Otra Formación de personal docente y ciencias de la educación";"Hombres";"Evaluacion"
"2017-2018";"84.25";"Otra Formación de personal docente y ciencias de la educación";"Hombres";"Evaluacion"
"2016-2017";"86.51";"Otra Formación de personal docente y ciencias de la educación";"Hombres";"Evaluacion"
"2015-2016";"88.72";"Otra Formación de personal docente y ciencias de la educación";"Hombres";"Evaluacion"
"2022-2023";"90.07";"Total Artes y humanidades";"Hombres";"Evaluacion"
"2021-2022";"88.88";"Total Artes y humanidades";"Hombres";"Evaluacion"
"2020-2021";"90.29";"Total Artes y humanidades";"Hombres";"Evaluacion"
"2019-2020";"92.04";"Total Artes y humanidades";"Hombres";"Evaluacion"
"2018-2019";"93.8";"Total Artes y humanidades";"Hombres";"Evaluacion"
"2017-2018";"93.11";"Total Artes y humanidades";"Hombres";"Evaluacion"
"2016-2017";"91.99";"Total Artes y humanidades";"Hombres";"Evaluacion"
"2015-2016";"92.83";"Total Artes y humanidades";"Hombres";"Evaluacion"
"2022-2023";"93.75";"Técnicas audiovisuales y medios de comunicación";"Hombres";"Evaluacion"
"2021-2022";"89.79";"Técnicas audiovisuales y medios de comunicación";"Hombres";"Evaluacion"
"2020-2021";"91.75";"Técnicas audiovisuales y medios de comunicación";"Hombres";"Evaluacion"
"2019-2020";"92.06";"Técnicas audiovisuales y medios de comunicación";"Hombres";"Evaluacion"
"2018-2019";"94.26";"Técnicas audiovisuales y medios de comunicación";"Hombres";"Evaluacion"
"2017-2018";"93.58";"Técnicas audiovisuales y medios de comunicación";"Hombres";"Evaluacion"
"2016-2017";"92.28";"Técnicas audiovisuales y medios de comunicación";"Hombres";"Evaluacion"
"2015-2016";"93.89";"Técnicas audiovisuales y medios de comunicación";"Hombres";"Evaluacion"
"2022-2023";"80.8";"Artes";"Hombres";"Evaluacion"
"2021-2022";"87.35";"Artes";"Hombres";"Evaluacion"
"2020-2021";"88.01";"Artes";"Hombres";"Evaluacion"
"2019-2020";"92.85";"Artes";"Hombres";"Evaluacion"
"2018-2019";"..";"Artes";"Hombres";"Evaluacion"
"2017-2018";"..";"Artes";"Hombres";"Evaluacion"
"2016-2017";"91.59";"Artes";"Hombres";"Evaluacion"
"2015-2016";"92.0";"Artes";"Hombres";"Evaluacion"
"2022-2023";"..";"Lenguas";"Hombres";"Evaluacion"
"2021-2022";"..";"Lenguas";"Hombres";"Evaluacion"
"2020-2021";"..";"Lenguas";"Hombres";"Evaluacion"
"2019-2020";"..";"Lenguas";"Hombres";"Evaluacion"
"2018-2019";"..";"Lenguas";"Hombres";"Evaluacion"
"2017-2018";"..";"Lenguas";"Hombres";"Evaluacion"
"2016-2017";"..";"Lenguas";"Hombres";"Evaluacion"
"2015-2016";"..";"Lenguas";"Hombres";"Evaluacion"
"2022-2023";"..";"Humanidades";"Hombres";"Evaluacion"
"2021-2022";"..";"Humanidades";"Hombres";"Evaluacion"
"2020-2021";"..";"Humanidades";"Hombres";"Evaluacion"
"2019-2020";"..";"Humanidades";"Hombres";"Evaluacion"
"2018-2019";"..";"Humanidades";"Hombres";"Evaluacion"
"2017-2018";"..";"Humanidades";"Hombres";"Evaluacion"
"2016-2017";"..";"Humanidades";"Hombres";"Evaluacion"
"2015-2016";"..";"Humanidades";"Hombres";"Evaluacion"
"2022-2023";"96.65";"Total Ciencias sociales, periodismo y documentación";"Hombres";"Evaluacion"
"2021-2022";"96.17";"Total Ciencias sociales, periodismo y documentación";"Hombres";"Evaluacion"
"2020-2021";"95.42";"Total Ciencias sociales, periodismo y documentación";"Hombres";"Evaluacion"
"2019-2020";"96.32";"Total Ciencias sociales, periodismo y documentación";"Hombres";"Evaluacion"
"2018-2019";"95.73";"Total Ciencias sociales, periodismo y documentación";"Hombres";"Evaluacion"
"2017-2018";"92.67";"Total Ciencias sociales, periodismo y documentación";"Hombres";"Evaluacion"
"2016-2017";"94.53";"Total Ciencias sociales, periodismo y documentación";"Hombres";"Evaluacion"
"2015-2016";"96.48";"Total Ciencias sociales, periodismo y documentación";"Hombres";"Evaluacion"
"2022-2023";"94.84";"Psicología";"Hombres";"Evaluacion"
"2021-2022";"92.04";"Psicología";"Hombres";"Evaluacion"
"2020-2021";"94.48";"Psicología";"Hombres";"Evaluacion"
"2019-2020";"94.87";"Psicología";"Hombres";"Evaluacion"
"2018-2019";"92.44";"Psicología";"Hombres";"Evaluacion"
"2017-2018";"87.71";"Psicología";"Hombres";"Evaluacion"
"2016-2017";"91.65";"Psicología";"Hombres";"Evaluacion"
"2015-2016";"89.99";"Psicología";"Hombres";"Evaluacion"
"2022-2023";"97.55";"Economía";"Hombres";"Evaluacion"
"2021-2022";"98.35";"Economía";"Hombres";"Evaluacion"
"2020-2021";"95.24";"Economía";"Hombres";"Evaluacion"
"2019-2020";"99.37";"Economía";"Hombres";"Evaluacion"
"2018-2019";"..";"Economía";"Hombres";"Evaluacion"
"2017-2018";"..";"Economía";"Hombres";"Evaluacion"
"2016-2017";"..";"Economía";"Hombres";"Evaluacion"
"2015-2016";"..";"Economía";"Hombres";"Evaluacion"
"2022-2023";"96.43";"Otras Ciencias sociales y del comportamiento";"Hombres";"Evaluacion"
"2021-2022";"97.27";"Otras Ciencias sociales y del comportamiento";"Hombres";"Evaluacion"
"2020-2021";"95.01";"Otras Ciencias sociales y del comportamiento";"Hombres";"Evaluacion"
"2019-2020";"97.53";"Otras Ciencias sociales y del comportamiento";"Hombres";"Evaluacion"
"2018-2019";"97.56";"Otras Ciencias sociales y del comportamiento";"Hombres";"Evaluacion"
"2017-2018";"95.48";"Otras Ciencias sociales y del comportamiento";"Hombres";"Evaluacion"
"2016-2017";"96.5";"Otras Ciencias sociales y del comportamiento";"Hombres";"Evaluacion"
"2015-2016";"99.88";"Otras Ciencias sociales y del comportamiento";"Hombres";"Evaluacion"
"2022-2023";"97.18";"Periodismo e información";"Hombres";"Evaluacion"
"2021-2022";"97.05";"Periodismo e información";"Hombres";"Evaluacion"
"2020-2021";"96.04";"Periodismo e información";"Hombres";"Evaluacion"
"2019-2020";"96.16";"Periodismo e información";"Hombres";"Evaluacion"
"2018-2019";"96.65";"Periodismo e información";"Hombres";"Evaluacion"
"2017-2018";"93.8";"Periodismo e información";"Hombres";"Evaluacion"
"2016-2017";"95.17";"Periodismo e información";"Hombres";"Evaluacion"
"2015-2016";"98.66";"Periodismo e información";"Hombres";"Evaluacion"
"2022-2023";"96.72";"Total Negocios, administración y derecho";"Hombres";"Evaluacion"
"2021-2022";"95.44";"Total Negocios, administración y derecho";"Hombres";"Evaluacion"
"2020-2021";"95.76";"Total Negocios, administración y derecho";"Hombres";"Evaluacion"
"2019-2020";"97.15";"Total Negocios, administración y derecho";"Hombres";"Evaluacion"
"2018-2019";"96.44";"Total Negocios, administración y derecho";"Hombres";"Evaluacion"
"2017-2018";"96.9";"Total Negocios, administración y derecho";"Hombres";"Evaluacion"
"2016-2017";"97.01";"Total Negocios, administración y derecho";"Hombres";"Evaluacion"
"2015-2016";"96.9";"Total Negocios, administración y derecho";"Hombres";"Evaluacion"
"2022-2023";"96.31";"Administración y gestión de empresas";"Hombres";"Evaluacion"
"2021-2022";"95.13";"Administración y gestión de empresas";"Hombres";"Evaluacion"
"2020-2021";"95.55";"Administración y gestión de empresas";"Hombres";"Evaluacion"
"2019-2020";"96.88";"Administración y gestión de empresas";"Hombres";"Evaluacion"
"2018-2019";"95.97";"Administración y gestión de empresas";"Hombres";"Evaluacion"
"2017-2018";"96.56";"Administración y gestión de empresas";"Hombres";"Evaluacion"
"2016-2017";"96.45";"Administración y gestión de empresas";"Hombres";"Evaluacion"
"2015-2016";"96.34";"Administración y gestión de empresas";"Hombres";"Evaluacion"
"2022-2023";"99.13";"Otra Educación comercial y empresarial";"Hombres";"Evaluacion"
"2021-2022";"95.02";"Otra Educación comercial y empresarial";"Hombres";"Evaluacion"
"2020-2021";"95.12";"Otra Educación comercial y empresarial";"Hombres";"Evaluacion"
"2019-2020";"99.07";"Otra Educación comercial y empresarial";"Hombres";"Evaluacion"
"2018-2019";"97.55";"Otra Educación comercial y empresarial";"Hombres";"Evaluacion"
"2017-2018";"96.43";"Otra Educación comercial y empresarial";"Hombres";"Evaluacion"
"2016-2017";"98.65";"Otra Educación comercial y empresarial";"Hombres";"Evaluacion"
"2015-2016";"99.84";"Otra Educación comercial y empresarial";"Hombres";"Evaluacion"
"2022-2023";"98.6";"Derecho";"Hombres";"Evaluacion"
"2021-2022";"97.41";"Derecho";"Hombres";"Evaluacion"
"2020-2021";"97.07";"Derecho";"Hombres";"Evaluacion"
"2019-2020";"97.77";"Derecho";"Hombres";"Evaluacion"
"2018-2019";"98.15";"Derecho";"Hombres";"Evaluacion"
"2017-2018";"98.4";"Derecho";"Hombres";"Evaluacion"
"2016-2017";"99.05";"Derecho";"Hombres";"Evaluacion"
"2015-2016";"99.02";"Derecho";"Hombres";"Evaluacion"
"2022-2023";"92.97";"Total Ciencias";"Hombres";"Evaluacion"
"2021-2022";"94.04";"Total Ciencias";"Hombres";"Evaluacion"
"2020-2021";"96.78";"Total Ciencias";"Hombres";"Evaluacion"
"2019-2020";"93.45";"Total Ciencias";"Hombres";"Evaluacion"
"2018-2019";"95.64";"Total Ciencias";"Hombres";"Evaluacion"
"2017-2018";"95.0";"Total Ciencias";"Hombres";"Evaluacion"
"2016-2017";"91.81";"Total Ciencias";"Hombres";"Evaluacion"
"2015-2016";"96.37";"Total Ciencias";"Hombres";"Evaluacion"
"2022-2023";"90.75";"Ciencias de la vida";"Hombres";"Evaluacion"
"2021-2022";"95.03";"Ciencias de la vida";"Hombres";"Evaluacion"
"2020-2021";"96.67";"Ciencias de la vida";"Hombres";"Evaluacion"
"2019-2020";"94.35";"Ciencias de la vida";"Hombres";"Evaluacion"
"2018-2019";"95.52";"Ciencias de la vida";"Hombres";"Evaluacion"
"2017-2018";"95.61";"Ciencias de la vida";"Hombres";"Evaluacion"
"2016-2017";"91.54";"Ciencias de la vida";"Hombres";"Evaluacion"
"2015-2016";"98.13";"Ciencias de la vida";"Hombres";"Evaluacion"
"2022-2023";"96.57";"Ciencias Físicas, químicas, geológicas";"Hombres";"Evaluacion"
"2021-2022";"92.63";"Ciencias Físicas, químicas, geológicas";"Hombres";"Evaluacion"
"2020-2021";"97.01";"Ciencias Físicas, químicas, geológicas";"Hombres";"Evaluacion"
"2019-2020";"92.27";"Ciencias Físicas, químicas, geológicas";"Hombres";"Evaluacion"
"2018-2019";"95.79";"Ciencias Físicas, químicas, geológicas";"Hombres";"Evaluacion"
"2017-2018";"94.31";"Ciencias Físicas, químicas, geológicas";"Hombres";"Evaluacion"
"2016-2017";"92.11";"Ciencias Físicas, químicas, geológicas";"Hombres";"Evaluacion"
"2015-2016";"95.03";"Ciencias Físicas, químicas, geológicas";"Hombres";"Evaluacion"
"2022-2023";"..";"Matemáticas y Estadística";"Hombres";"Evaluacion"
"2021-2022";"..";"Matemáticas y Estadística";"Hombres";"Evaluacion"
"2020-2021";"..";"Matemáticas y Estadística";"Hombres";"Evaluacion"
"2019-2020";"..";"Matemáticas y Estadística";"Hombres";"Evaluacion"
"2018-2019";"..";"Matemáticas y Estadística";"Hombres";"Evaluacion"
"2017-2018";"..";"Matemáticas y Estadística";"Hombres";"Evaluacion"
"2016-2017";"..";"Matemáticas y Estadística";"Hombres";"Evaluacion"
"2015-2016";"..";"Matemáticas y Estadística";"Hombres";"Evaluacion"
"2022-2023";"84.44";"Total Informática";"Hombres";"Evaluacion"
"2021-2022";"83.68";"Total Informática";"Hombres";"Evaluacion"
"2020-2021";"84.55";"Total Informática";"Hombres";"Evaluacion"
"2019-2020";"80.84";"Total Informática";"Hombres";"Evaluacion"
"2018-2019";"75.05";"Total Informática";"Hombres";"Evaluacion"
"2017-2018";"78.22";"Total Informática";"Hombres";"Evaluacion"
"2016-2017";"76.9";"Total Informática";"Hombres";"Evaluacion"
"2015-2016";"78.37";"Total Informática";"Hombres";"Evaluacion"
"2022-2023";"84.44";"Informática";"Hombres";"Evaluacion"
"2021-2022";"83.68";"Informática";"Hombres";"Evaluacion"
"2020-2021";"84.55";"Informática";"Hombres";"Evaluacion"
"2019-2020";"80.84";"Informática";"Hombres";"Evaluacion"
"2018-2019";"75.05";"Informática";"Hombres";"Evaluacion"
"2017-2018";"78.22";"Informática";"Hombres";"Evaluacion"
"2016-2017";"76.9";"Informática";"Hombres";"Evaluacion"
"2015-2016";"78.37";"Informática";"Hombres";"Evaluacion"
"2022-2023";"78.7";"Total Ingeniería, industria y construcción";"Hombres";"Evaluacion"
"2021-2022";"77.07";"Total Ingeniería, industria y construcción";"Hombres";"Evaluacion"
"2020-2021";"75.48";"Total Ingeniería, industria y construcción";"Hombres";"Evaluacion"
"2019-2020";"78.55";"Total Ingeniería, industria y construcción";"Hombres";"Evaluacion"
"2018-2019";"73.51";"Total Ingeniería, industria y construcción";"Hombres";"Evaluacion"
"2017-2018";"73.01";"Total Ingeniería, industria y construcción";"Hombres";"Evaluacion"
"2016-2017";"71.43";"Total Ingeniería, industria y construcción";"Hombres";"Evaluacion"
"2015-2016";"76.27";"Total Ingeniería, industria y construcción";"Hombres";"Evaluacion"
"2022-2023";"77.77";"Ingenierías";"Hombres";"Evaluacion"
"2021-2022";"78.02";"Ingenierías";"Hombres";"Evaluacion"
"2020-2021";"75.9";"Ingenierías";"Hombres";"Evaluacion"
"2019-2020";"78.71";"Ingenierías";"Hombres";"Evaluacion"
"2018-2019";"74.6";"Ingenierías";"Hombres";"Evaluacion"
"2017-2018";"74.03";"Ingenierías";"Hombres";"Evaluacion"
"2016-2017";"74.6";"Ingenierías";"Hombres";"Evaluacion"
"2015-2016";"76.14";"Ingenierías";"Hombres";"Evaluacion"
"2022-2023";"81.31";"Arquitectura y construcción";"Hombres";"Evaluacion"
"2021-2022";"74.36";"Arquitectura y construcción";"Hombres";"Evaluacion"
"2020-2021";"74.13";"Arquitectura y construcción";"Hombres";"Evaluacion"
"2019-2020";"78.1";"Arquitectura y construcción";"Hombres";"Evaluacion"
"2018-2019";"70.82";"Arquitectura y construcción";"Hombres";"Evaluacion"
"2017-2018";"70.65";"Arquitectura y construcción";"Hombres";"Evaluacion"
"2016-2017";"65.28";"Arquitectura y construcción";"Hombres";"Evaluacion"
"2015-2016";"76.49";"Arquitectura y construcción";"Hombres";"Evaluacion"
"2022-2023";"..";"Total Agricultura, ganadería,  silvicultura, pesca, y veterinaria";"Hombres";"Evaluacion"
"2021-2022";"..";"Total Agricultura, ganadería,  silvicultura, pesca, y veterinaria";"Hombres";"Evaluacion"
"2020-2021";"..";"Total Agricultura, ganadería,  silvicultura, pesca, y veterinaria";"Hombres";"Evaluacion"
"2019-2020";"..";"Total Agricultura, ganadería,  silvicultura, pesca, y veterinaria";"Hombres";"Evaluacion"
"2018-2019";"..";"Total Agricultura, ganadería,  silvicultura, pesca, y veterinaria";"Hombres";"Evaluacion"
"2017-2018";"..";"Total Agricultura, ganadería,  silvicultura, pesca, y veterinaria";"Hombres";"Evaluacion"
"2016-2017";"..";"Total Agricultura, ganadería,  silvicultura, pesca, y veterinaria";"Hombres";"Evaluacion"
"2015-2016";"..";"Total Agricultura, ganadería,  silvicultura, pesca, y veterinaria";"Hombres";"Evaluacion"
"2022-2023";"..";"Agricultura, ganadería y pesca";"Hombres";"Evaluacion"
"2021-2022";"..";"Agricultura, ganadería y pesca";"Hombres";"Evaluacion"
"2020-2021";"..";"Agricultura, ganadería y pesca";"Hombres";"Evaluacion"
"2019-2020";"..";"Agricultura, ganadería y pesca";"Hombres";"Evaluacion"
"2018-2019";"..";"Agricultura, ganadería y pesca";"Hombres";"Evaluacion"
"2017-2018";"..";"Agricultura, ganadería y pesca";"Hombres";"Evaluacion"
"2016-2017";"..";"Agricultura, ganadería y pesca";"Hombres";"Evaluacion"
"2015-2016";"..";"Agricultura, ganadería y pesca";"Hombres";"Evaluacion"
"2022-2023";"..";"Veterinaria";"Hombres";"Evaluacion"
"2021-2022";"..";"Veterinaria";"Hombres";"Evaluacion"
"2020-2021";"..";"Veterinaria";"Hombres";"Evaluacion"
"2019-2020";"..";"Veterinaria";"Hombres";"Evaluacion"
"2018-2019";"..";"Veterinaria";"Hombres";"Evaluacion"
"2017-2018";"..";"Veterinaria";"Hombres";"Evaluacion"
"2016-2017";"..";"Veterinaria";"Hombres";"Evaluacion"
"2015-2016";"..";"Veterinaria";"Hombres";"Evaluacion"
"2022-2023";"95.51";"Total Salud y servicios sociales";"Hombres";"Evaluacion"
"2021-2022";"94.92";"Total Salud y servicios sociales";"Hombres";"Evaluacion"
"2020-2021";"95.25";"Total Salud y servicios sociales";"Hombres";"Evaluacion"
"2019-2020";"94.4";"Total Salud y servicios sociales";"Hombres";"Evaluacion"
"2018-2019";"93.56";"Total Salud y servicios sociales";"Hombres";"Evaluacion"
"2017-2018";"90.36";"Total Salud y servicios sociales";"Hombres";"Evaluacion"
"2016-2017";"88.75";"Total Salud y servicios sociales";"Hombres";"Evaluacion"
"2015-2016";"90.83";"Total Salud y servicios sociales";"Hombres";"Evaluacion"
"2022-2023";"..";"Medicina";"Hombres";"Evaluacion"
"2021-2022";"..";"Medicina";"Hombres";"Evaluacion"
"2020-2021";"..";"Medicina";"Hombres";"Evaluacion"
"2019-2020";"..";"Medicina";"Hombres";"Evaluacion"
"2018-2019";"..";"Medicina";"Hombres";"Evaluacion"
"2017-2018";"..";"Medicina";"Hombres";"Evaluacion"
"2016-2017";"..";"Medicina";"Hombres";"Evaluacion"
"2015-2016";"..";"Medicina";"Hombres";"Evaluacion"
"2022-2023";"97.4";"Enfermería y atención a enfermos";"Hombres";"Evaluacion"
"2021-2022";"97.1";"Enfermería y atención a enfermos";"Hombres";"Evaluacion"
"2020-2021";"94.38";"Enfermería y atención a enfermos";"Hombres";"Evaluacion"
"2019-2020";"95.95";"Enfermería y atención a enfermos";"Hombres";"Evaluacion"
"2018-2019";"92.16";"Enfermería y atención a enfermos";"Hombres";"Evaluacion"
"2017-2018";"87.4";"Enfermería y atención a enfermos";"Hombres";"Evaluacion"
"2016-2017";"88.82";"Enfermería y atención a enfermos";"Hombres";"Evaluacion"
"2015-2016";"90.85";"Enfermería y atención a enfermos";"Hombres";"Evaluacion"
"2022-2023";"95.34";"Otras ciencias de la Salud";"Hombres";"Evaluacion"
"2021-2022";"94.63";"Otras ciencias de la Salud";"Hombres";"Evaluacion"
"2020-2021";"95.24";"Otras ciencias de la Salud";"Hombres";"Evaluacion"
"2019-2020";"94.46";"Otras ciencias de la Salud";"Hombres";"Evaluacion"
"2018-2019";"93.82";"Otras ciencias de la Salud";"Hombres";"Evaluacion"
"2017-2018";"90.93";"Otras ciencias de la Salud";"Hombres";"Evaluacion"
"2016-2017";"88.94";"Otras ciencias de la Salud";"Hombres";"Evaluacion"
"2015-2016";"90.81";"Otras ciencias de la Salud";"Hombres";"Evaluacion"
"2022-2023";"90.14";"Trabajo social y orientación";"Hombres";"Evaluacion"
"2021-2022";"..";"Trabajo social y orientación";"Hombres";"Evaluacion"
"2020-2021";"98.55";"Trabajo social y orientación";"Hombres";"Evaluacion"
"2019-2020";"87.69";"Trabajo social y orientación";"Hombres";"Evaluacion"
"2018-2019";"92.66";"Trabajo social y orientación";"Hombres";"Evaluacion"
"2017-2018";"88.06";"Trabajo social y orientación";"Hombres";"Evaluacion"
"2016-2017";"85.03";"Trabajo social y orientación";"Hombres";"Evaluacion"
"2015-2016";"..";"Trabajo social y orientación";"Hombres";"Evaluacion"
"2022-2023";"96.13";"Total Servicios";"Hombres";"Evaluacion"
"2021-2022";"96.08";"Total Servicios";"Hombres";"Evaluacion"
"2020-2021";"96.92";"Total Servicios";"Hombres";"Evaluacion"
"2019-2020";"96.92";"Total Servicios";"Hombres";"Evaluacion"
"2018-2019";"93.02";"Total Servicios";"Hombres";"Evaluacion"
"2017-2018";"91.08";"Total Servicios";"Hombres";"Evaluacion"
"2016-2017";"90.61";"Total Servicios";"Hombres";"Evaluacion"
"2015-2016";"92.47";"Total Servicios";"Hombres";"Evaluacion"
"2022-2023";"96.82";"Deportes";"Hombres";"Evaluacion"
"2021-2022";"96.48";"Deportes";"Hombres";"Evaluacion"
"2020-2021";"96.95";"Deportes";"Hombres";"Evaluacion"
"2019-2020";"96.65";"Deportes";"Hombres";"Evaluacion"
"2018-2019";"92.61";"Deportes";"Hombres";"Evaluacion"
"2017-2018";"89.79";"Deportes";"Hombres";"Evaluacion"
"2016-2017";"89.76";"Deportes";"Hombres";"Evaluacion"
"2015-2016";"91.53";"Deportes";"Hombres";"Evaluacion"
"2022-2023";"88.47";"Turismo y Hostelería";"Hombres";"Evaluacion"
"2021-2022";"92.46";"Turismo y Hostelería";"Hombres";"Evaluacion"
"2020-2021";"96.66";"Turismo y Hostelería";"Hombres";"Evaluacion"
"2019-2020";"98.87";"Turismo y Hostelería";"Hombres";"Evaluacion"
"2018-2019";"95.62";"Turismo y Hostelería";"Hombres";"Evaluacion"
"2017-2018";"98.04";"Turismo y Hostelería";"Hombres";"Evaluacion"
"2016-2017";"95.54";"Turismo y Hostelería";"Hombres";"Evaluacion"
"2015-2016";"98.87";"Turismo y Hostelería";"Hombres";"Evaluacion"
"2022-2023";"..";"Otros Servicios";"Hombres";"Evaluacion"
"2021-2022";"..";"Otros Servicios";"Hombres";"Evaluacion"
"2020-2021";"..";"Otros Servicios";"Hombres";"Evaluacion"
"2019-2020";"..";"Otros Servicios";"Hombres";"Evaluacion"
"2018-2019";"..";"Otros Servicios";"Hombres";"Evaluacion"
"2017-2018";"..";"Otros Servicios";"Hombres";"Evaluacion"
"2016-2017";"..";"Otros Servicios";"Hombres";"Evaluacion"
"2015-2016";"..";"Otros Servicios";"Hombres";"Evaluacion"
"2022-2023";"???";"Ramón Llull";"Mujeres";"Rendimiento"
"2021-2022";"???";"Ramón Llull";"Mujeres";"Rendimiento"
"2020-2021";"???";"Ramón Llull";"Mujeres";"Rendimiento"
"2019-2020";"???";"Ramón Llull";"Mujeres";"Rendimiento"
"2018-2019";"???";"Ramón Llull";"Mujeres";"Rendimiento"
"2017-2018";"???";"Ramón Llull";"Mujeres";"Rendimiento"
"2016-2017";"???";"Ramón Llull";"Mujeres";"Rendimiento"
"2015-2016";"???";"Ramón Llull";"Mujeres";"Rendimiento"
"2022-2023";"92.79";"Todos los ámbitos";"Mujeres";"Rendimiento"
"2021-2022";"91.9";"Todos los ámbitos";"Mujeres";"Rendimiento"
"2020-2021";"94.1";"Todos los ámbitos";"Mujeres";"Rendimiento"
"2019-2020";"94.03";"Todos los ámbitos";"Mujeres";"Rendimiento"
"2018-2019";"92.31";"Todos los ámbitos";"Mujeres";"Rendimiento"
"2017-2018";"91.54";"Todos los ámbitos";"Mujeres";"Rendimiento"
"2016-2017";"90.28";"Todos los ámbitos";"Mujeres";"Rendimiento"
"2015-2016";"90.3";"Todos los ámbitos";"Mujeres";"Rendimiento"
"2022-2023";"95.96";"Total Educación";"Mujeres";"Rendimiento"
"2021-2022";"95.46";"Total Educación";"Mujeres";"Rendimiento"
"2020-2021";"96.99";"Total Educación";"Mujeres";"Rendimiento"
"2019-2020";"97.23";"Total Educación";"Mujeres";"Rendimiento"
"2018-2019";"93.47";"Total Educación";"Mujeres";"Rendimiento"
"2017-2018";"92.48";"Total Educación";"Mujeres";"Rendimiento"
"2016-2017";"91.52";"Total Educación";"Mujeres";"Rendimiento"
"2015-2016";"91.4";"Total Educación";"Mujeres";"Rendimiento"
"2022-2023";"96.6";"Formación de docentes de enseñanza infantil";"Mujeres";"Rendimiento"
"2021-2022";"93.91";"Formación de docentes de enseñanza infantil";"Mujeres";"Rendimiento"
"2020-2021";"96.62";"Formación de docentes de enseñanza infantil";"Mujeres";"Rendimiento"
"2019-2020";"97.37";"Formación de docentes de enseñanza infantil";"Mujeres";"Rendimiento"
"2018-2019";"93.12";"Formación de docentes de enseñanza infantil";"Mujeres";"Rendimiento"
"2017-2018";"92.17";"Formación de docentes de enseñanza infantil";"Mujeres";"Rendimiento"
"2016-2017";"90.8";"Formación de docentes de enseñanza infantil";"Mujeres";"Rendimiento"
"2015-2016";"91.99";"Formación de docentes de enseñanza infantil";"Mujeres";"Rendimiento"
"2022-2023";"96.55";"Formación de docentes de enseñanza primaria";"Mujeres";"Rendimiento"
"2021-2022";"97.23";"Formación de docentes de enseñanza primaria";"Mujeres";"Rendimiento"
"2020-2021";"97.68";"Formación de docentes de enseñanza primaria";"Mujeres";"Rendimiento"
"2019-2020";"98.26";"Formación de docentes de enseñanza primaria";"Mujeres";"Rendimiento"
"2018-2019";"94.35";"Formación de docentes de enseñanza primaria";"Mujeres";"Rendimiento"
"2017-2018";"92.07";"Formación de docentes de enseñanza primaria";"Mujeres";"Rendimiento"
"2016-2017";"91.72";"Formación de docentes de enseñanza primaria";"Mujeres";"Rendimiento"
"2015-2016";"90.94";"Formación de docentes de enseñanza primaria";"Mujeres";"Rendimiento"
"2022-2023";"94.63";"Otra Formación de personal docente y ciencias de la educación";"Mujeres";"Rendimiento"
"2021-2022";"95.0";"Otra Formación de personal docente y ciencias de la educación";"Mujeres";"Rendimiento"
"2020-2021";"96.54";"Otra Formación de personal docente y ciencias de la educación";"Mujeres";"Rendimiento"
"2019-2020";"95.72";"Otra Formación de personal docente y ciencias de la educación";"Mujeres";"Rendimiento"
"2018-2019";"92.59";"Otra Formación de personal docente y ciencias de la educación";"Mujeres";"Rendimiento"
"2017-2018";"93.62";"Otra Formación de personal docente y ciencias de la educación";"Mujeres";"Rendimiento"
"2016-2017";"92.22";"Otra Formación de personal docente y ciencias de la educación";"Mujeres";"Rendimiento"
"2015-2016";"91.32";"Otra Formación de personal docente y ciencias de la educación";"Mujeres";"Rendimiento"
"2022-2023";"91.53";"Total Artes y humanidades";"Mujeres";"Rendimiento"
"2021-2022";"86.57";"Total Artes y humanidades";"Mujeres";"Rendimiento"
"2020-2021";"92.67";"Total Artes y humanidades";"Mujeres";"Rendimiento"
"2019-2020";"91.41";"Total Artes y humanidades";"Mujeres";"Rendimiento"
"2018-2019";"95.51";"Total Artes y humanidades";"Mujeres";"Rendimiento"
"2017-2018";"92.43";"Total Artes y humanidades";"Mujeres";"Rendimiento"
"2016-2017";"89.35";"Total Artes y humanidades";"Mujeres";"Rendimiento"
"2015-2016";"89.31";"Total Artes y humanidades";"Mujeres";"Rendimiento"
"2022-2023";"95.3";"Técnicas audiovisuales y medios de comunicación";"Mujeres";"Rendimiento"
"2021-2022";"93.87";"Técnicas audiovisuales y medios de comunicación";"Mujeres";"Rendimiento"
"2020-2021";"93.25";"Técnicas audiovisuales y medios de comunicación";"Mujeres";"Rendimiento"
"2019-2020";"92.42";"Técnicas audiovisuales y medios de comunicación";"Mujeres";"Rendimiento"
"2018-2019";"95.73";"Técnicas audiovisuales y medios de comunicación";"Mujeres";"Rendimiento"
"2017-2018";"92.52";"Técnicas audiovisuales y medios de comunicación";"Mujeres";"Rendimiento"
"2016-2017";"94.38";"Técnicas audiovisuales y medios de comunicación";"Mujeres";"Rendimiento"
"2015-2016";"92.8";"Técnicas audiovisuales y medios de comunicación";"Mujeres";"Rendimiento"
"2022-2023";"88.14";"Artes";"Mujeres";"Rendimiento"
"2021-2022";"79.69";"Artes";"Mujeres";"Rendimiento"
"2020-2021";"91.99";"Artes";"Mujeres";"Rendimiento"
"2019-2020";"90.77";"Artes";"Mujeres";"Rendimiento"
"2018-2019";"..";"Artes";"Mujeres";"Rendimiento"
"2017-2018";"..";"Artes";"Mujeres";"Rendimiento"
"2016-2017";"86.58";"Artes";"Mujeres";"Rendimiento"
"2015-2016";"87.98";"Artes";"Mujeres";"Rendimiento"
"2022-2023";"..";"Lenguas";"Mujeres";"Rendimiento"
"2021-2022";"..";"Lenguas";"Mujeres";"Rendimiento"
"2020-2021";"..";"Lenguas";"Mujeres";"Rendimiento"
"2019-2020";"..";"Lenguas";"Mujeres";"Rendimiento"
"2018-2019";"..";"Lenguas";"Mujeres";"Rendimiento"
"2017-2018";"..";"Lenguas";"Mujeres";"Rendimiento"
"2016-2017";"..";"Lenguas";"Mujeres";"Rendimiento"
"2015-2016";"..";"Lenguas";"Mujeres";"Rendimiento"
"2022-2023";"..";"Humanidades";"Mujeres";"Rendimiento"
"2021-2022";"..";"Humanidades";"Mujeres";"Rendimiento"
"2020-2021";"..";"Humanidades";"Mujeres";"Rendimiento"
"2019-2020";"..";"Humanidades";"Mujeres";"Rendimiento"
"2018-2019";"..";"Humanidades";"Mujeres";"Rendimiento"
"2017-2018";"..";"Humanidades";"Mujeres";"Rendimiento"
"2016-2017";"..";"Humanidades";"Mujeres";"Rendimiento"
"2015-2016";"..";"Humanidades";"Mujeres";"Rendimiento"
"2022-2023";"93.89";"Total Ciencias sociales, periodismo y documentación";"Mujeres";"Rendimiento"
"2021-2022";"93.41";"Total Ciencias sociales, periodismo y documentación";"Mujeres";"Rendimiento"
"2020-2021";"95.28";"Total Ciencias sociales, periodismo y documentación";"Mujeres";"Rendimiento"
"2019-2020";"94.56";"Total Ciencias sociales, periodismo y documentación";"Mujeres";"Rendimiento"
"2018-2019";"92.34";"Total Ciencias sociales, periodismo y documentación";"Mujeres";"Rendimiento"
"2017-2018";"91.85";"Total Ciencias sociales, periodismo y documentación";"Mujeres";"Rendimiento"
"2016-2017";"89.7";"Total Ciencias sociales, periodismo y documentación";"Mujeres";"Rendimiento"
"2015-2016";"89.83";"Total Ciencias sociales, periodismo y documentación";"Mujeres";"Rendimiento"
"2022-2023";"92.91";"Psicología";"Mujeres";"Rendimiento"
"2021-2022";"94.0";"Psicología";"Mujeres";"Rendimiento"
"2020-2021";"96.15";"Psicología";"Mujeres";"Rendimiento"
"2019-2020";"95.39";"Psicología";"Mujeres";"Rendimiento"
"2018-2019";"91.6";"Psicología";"Mujeres";"Rendimiento"
"2017-2018";"92.12";"Psicología";"Mujeres";"Rendimiento"
"2016-2017";"91.29";"Psicología";"Mujeres";"Rendimiento"
"2015-2016";"91.92";"Psicología";"Mujeres";"Rendimiento"
"2022-2023";"96.49";"Economía";"Mujeres";"Rendimiento"
"2021-2022";"95.31";"Economía";"Mujeres";"Rendimiento"
"2020-2021";"93.22";"Economía";"Mujeres";"Rendimiento"
"2019-2020";"94.64";"Economía";"Mujeres";"Rendimiento"
"2018-2019";"..";"Economía";"Mujeres";"Rendimiento"
"2017-2018";"..";"Economía";"Mujeres";"Rendimiento"
"2016-2017";"..";"Economía";"Mujeres";"Rendimiento"
"2015-2016";"..";"Economía";"Mujeres";"Rendimiento"
"2022-2023";"93.38";"Otras Ciencias sociales y del comportamiento";"Mujeres";"Rendimiento"
"2021-2022";"93.18";"Otras Ciencias sociales y del comportamiento";"Mujeres";"Rendimiento"
"2020-2021";"95.55";"Otras Ciencias sociales y del comportamiento";"Mujeres";"Rendimiento"
"2019-2020";"96.79";"Otras Ciencias sociales y del comportamiento";"Mujeres";"Rendimiento"
"2018-2019";"94.37";"Otras Ciencias sociales y del comportamiento";"Mujeres";"Rendimiento"
"2017-2018";"94.57";"Otras Ciencias sociales y del comportamiento";"Mujeres";"Rendimiento"
"2016-2017";"92.54";"Otras Ciencias sociales y del comportamiento";"Mujeres";"Rendimiento"
"2015-2016";"91.97";"Otras Ciencias sociales y del comportamiento";"Mujeres";"Rendimiento"
"2022-2023";"93.07";"Periodismo e información";"Mujeres";"Rendimiento"
"2021-2022";"91.71";"Periodismo e información";"Mujeres";"Rendimiento"
"2020-2021";"95.08";"Periodismo e información";"Mujeres";"Rendimiento"
"2019-2020";"92.86";"Periodismo e información";"Mujeres";"Rendimiento"
"2018-2019";"92.32";"Periodismo e información";"Mujeres";"Rendimiento"
"2017-2018";"90.72";"Periodismo e información";"Mujeres";"Rendimiento"
"2016-2017";"87.38";"Periodismo e información";"Mujeres";"Rendimiento"
"2015-2016";"87.5";"Periodismo e información";"Mujeres";"Rendimiento"
"2022-2023";"96.34";"Total Negocios, administración y derecho";"Mujeres";"Rendimiento"
"2021-2022";"94.95";"Total Negocios, administración y derecho";"Mujeres";"Rendimiento"
"2020-2021";"96.33";"Total Negocios, administración y derecho";"Mujeres";"Rendimiento"
"2019-2020";"97.14";"Total Negocios, administración y derecho";"Mujeres";"Rendimiento"
"2018-2019";"96.14";"Total Negocios, administración y derecho";"Mujeres";"Rendimiento"
"2017-2018";"96.19";"Total Negocios, administración y derecho";"Mujeres";"Rendimiento"
"2016-2017";"95.5";"Total Negocios, administración y derecho";"Mujeres";"Rendimiento"
"2015-2016";"94.87";"Total Negocios, administración y derecho";"Mujeres";"Rendimiento"
"2022-2023";"96.34";"Administración y gestión de empresas";"Mujeres";"Rendimiento"
"2021-2022";"94.97";"Administración y gestión de empresas";"Mujeres";"Rendimiento"
"2020-2021";"96.77";"Administración y gestión de empresas";"Mujeres";"Rendimiento"
"2019-2020";"97.61";"Administración y gestión de empresas";"Mujeres";"Rendimiento"
"2018-2019";"96.07";"Administración y gestión de empresas";"Mujeres";"Rendimiento"
"2017-2018";"95.92";"Administración y gestión de empresas";"Mujeres";"Rendimiento"
"2016-2017";"95.5";"Administración y gestión de empresas";"Mujeres";"Rendimiento"
"2015-2016";"95.33";"Administración y gestión de empresas";"Mujeres";"Rendimiento"
"2022-2023";"96.39";"Otra Educación comercial y empresarial";"Mujeres";"Rendimiento"
"2021-2022";"95.7";"Otra Educación comercial y empresarial";"Mujeres";"Rendimiento"
"2020-2021";"97.71";"Otra Educación comercial y empresarial";"Mujeres";"Rendimiento"
"2019-2020";"97.92";"Otra Educación comercial y empresarial";"Mujeres";"Rendimiento"
"2018-2019";"97.65";"Otra Educación comercial y empresarial";"Mujeres";"Rendimiento"
"2017-2018";"96.43";"Otra Educación comercial y empresarial";"Mujeres";"Rendimiento"
"2016-2017";"97.0";"Otra Educación comercial y empresarial";"Mujeres";"Rendimiento"
"2015-2016";"92.6";"Otra Educación comercial y empresarial";"Mujeres";"Rendimiento"
"2022-2023";"96.32";"Derecho";"Mujeres";"Rendimiento"
"2021-2022";"94.48";"Derecho";"Mujeres";"Rendimiento"
"2020-2021";"94.68";"Derecho";"Mujeres";"Rendimiento"
"2019-2020";"95.81";"Derecho";"Mujeres";"Rendimiento"
"2018-2019";"95.44";"Derecho";"Mujeres";"Rendimiento"
"2017-2018";"96.59";"Derecho";"Mujeres";"Rendimiento"
"2016-2017";"94.84";"Derecho";"Mujeres";"Rendimiento"
"2015-2016";"95.31";"Derecho";"Mujeres";"Rendimiento"
"2022-2023";"88.08";"Total Ciencias";"Mujeres";"Rendimiento"
"2021-2022";"90.19";"Total Ciencias";"Mujeres";"Rendimiento"
"2020-2021";"90.44";"Total Ciencias";"Mujeres";"Rendimiento"
"2019-2020";"91.97";"Total Ciencias";"Mujeres";"Rendimiento"
"2018-2019";"89.24";"Total Ciencias";"Mujeres";"Rendimiento"
"2017-2018";"87.13";"Total Ciencias";"Mujeres";"Rendimiento"
"2016-2017";"90.21";"Total Ciencias";"Mujeres";"Rendimiento"
"2015-2016";"86.11";"Total Ciencias";"Mujeres";"Rendimiento"
"2022-2023";"89.59";"Ciencias de la vida";"Mujeres";"Rendimiento"
"2021-2022";"90.9";"Ciencias de la vida";"Mujeres";"Rendimiento"
"2020-2021";"91.77";"Ciencias de la vida";"Mujeres";"Rendimiento"
"2019-2020";"92.29";"Ciencias de la vida";"Mujeres";"Rendimiento"
"2018-2019";"89.93";"Ciencias de la vida";"Mujeres";"Rendimiento"
"2017-2018";"83.61";"Ciencias de la vida";"Mujeres";"Rendimiento"
"2016-2017";"90.43";"Ciencias de la vida";"Mujeres";"Rendimiento"
"2015-2016";"82.87";"Ciencias de la vida";"Mujeres";"Rendimiento"
"2022-2023";"85.1";"Ciencias Físicas, químicas, geológicas";"Mujeres";"Rendimiento"
"2021-2022";"88.95";"Ciencias Físicas, químicas, geológicas";"Mujeres";"Rendimiento"
"2020-2021";"87.15";"Ciencias Físicas, químicas, geológicas";"Mujeres";"Rendimiento"
"2019-2020";"91.43";"Ciencias Físicas, químicas, geológicas";"Mujeres";"Rendimiento"
"2018-2019";"88.26";"Ciencias Físicas, químicas, geológicas";"Mujeres";"Rendimiento"
"2017-2018";"91.88";"Ciencias Físicas, químicas, geológicas";"Mujeres";"Rendimiento"
"2016-2017";"89.99";"Ciencias Físicas, químicas, geológicas";"Mujeres";"Rendimiento"
"2015-2016";"89.23";"Ciencias Físicas, químicas, geológicas";"Mujeres";"Rendimiento"
"2022-2023";"..";"Matemáticas y Estadística";"Mujeres";"Rendimiento"
"2021-2022";"..";"Matemáticas y Estadística";"Mujeres";"Rendimiento"
"2020-2021";"..";"Matemáticas y Estadística";"Mujeres";"Rendimiento"
"2019-2020";"..";"Matemáticas y Estadística";"Mujeres";"Rendimiento"
"2018-2019";"..";"Matemáticas y Estadística";"Mujeres";"Rendimiento"
"2017-2018";"..";"Matemáticas y Estadística";"Mujeres";"Rendimiento"
"2016-2017";"..";"Matemáticas y Estadística";"Mujeres";"Rendimiento"
"2015-2016";"..";"Matemáticas y Estadística";"Mujeres";"Rendimiento"
"2022-2023";"75.54";"Total Informática";"Mujeres";"Rendimiento"
"2021-2022";"76.71";"Total Informática";"Mujeres";"Rendimiento"
"2020-2021";"80.31";"Total Informática";"Mujeres";"Rendimiento"
"2019-2020";"80.51";"Total Informática";"Mujeres";"Rendimiento"
"2018-2019";"74.99";"Total Informática";"Mujeres";"Rendimiento"
"2017-2018";"76.3";"Total Informática";"Mujeres";"Rendimiento"
"2016-2017";"73.94";"Total Informática";"Mujeres";"Rendimiento"
"2015-2016";"82.65";"Total Informática";"Mujeres";"Rendimiento"
"2022-2023";"75.54";"Informática";"Mujeres";"Rendimiento"
"2021-2022";"76.71";"Informática";"Mujeres";"Rendimiento"
"2020-2021";"80.31";"Informática";"Mujeres";"Rendimiento"
"2019-2020";"80.51";"Informática";"Mujeres";"Rendimiento"
"2018-2019";"74.99";"Informática";"Mujeres";"Rendimiento"
"2017-2018";"76.3";"Informática";"Mujeres";"Rendimiento"
"2016-2017";"73.94";"Informática";"Mujeres";"Rendimiento"
"2015-2016";"82.65";"Informática";"Mujeres";"Rendimiento"
"2022-2023";"77.48";"Total Ingeniería, industria y construcción";"Mujeres";"Rendimiento"
"2021-2022";"76.23";"Total Ingeniería, industria y construcción";"Mujeres";"Rendimiento"
"2020-2021";"76.94";"Total Ingeniería, industria y construcción";"Mujeres";"Rendimiento"
"2019-2020";"81.78";"Total Ingeniería, industria y construcción";"Mujeres";"Rendimiento"
"2018-2019";"77.87";"Total Ingeniería, industria y construcción";"Mujeres";"Rendimiento"
"2017-2018";"75.47";"Total Ingeniería, industria y construcción";"Mujeres";"Rendimiento"
"2016-2017";"71.63";"Total Ingeniería, industria y construcción";"Mujeres";"Rendimiento"
"2015-2016";"76.82";"Total Ingeniería, industria y construcción";"Mujeres";"Rendimiento"
"2022-2023";"74.79";"Ingenierías";"Mujeres";"Rendimiento"
"2021-2022";"79.56";"Ingenierías";"Mujeres";"Rendimiento"
"2020-2021";"79.33";"Ingenierías";"Mujeres";"Rendimiento"
"2019-2020";"83.98";"Ingenierías";"Mujeres";"Rendimiento"
"2018-2019";"78.78";"Ingenierías";"Mujeres";"Rendimiento"
"2017-2018";"74.09";"Ingenierías";"Mujeres";"Rendimiento"
"2016-2017";"75.26";"Ingenierías";"Mujeres";"Rendimiento"
"2015-2016";"80.1";"Ingenierías";"Mujeres";"Rendimiento"
"2022-2023";"79.61";"Arquitectura y construcción";"Mujeres";"Rendimiento"
"2021-2022";"72.86";"Arquitectura y construcción";"Mujeres";"Rendimiento"
"2020-2021";"74.28";"Arquitectura y construcción";"Mujeres";"Rendimiento"
"2019-2020";"79.65";"Arquitectura y construcción";"Mujeres";"Rendimiento"
"2018-2019";"77.14";"Arquitectura y construcción";"Mujeres";"Rendimiento"
"2017-2018";"76.38";"Arquitectura y construcción";"Mujeres";"Rendimiento"
"2016-2017";"69.88";"Arquitectura y construcción";"Mujeres";"Rendimiento"
"2015-2016";"75.44";"Arquitectura y construcción";"Mujeres";"Rendimiento"
"2022-2023";"..";"Total Agricultura, ganadería,  silvicultura, pesca, y veterinaria";"Mujeres";"Rendimiento"
"2021-2022";"..";"Total Agricultura, ganadería,  silvicultura, pesca, y veterinaria";"Mujeres";"Rendimiento"
"2020-2021";"..";"Total Agricultura, ganadería,  silvicultura, pesca, y veterinaria";"Mujeres";"Rendimiento"
"2019-2020";"..";"Total Agricultura, ganadería,  silvicultura, pesca, y veterinaria";"Mujeres";"Rendimiento"
"2018-2019";"..";"Total Agricultura, ganadería,  silvicultura, pesca, y veterinaria";"Mujeres";"Rendimiento"
"2017-2018";"..";"Total Agricultura, ganadería,  silvicultura, pesca, y veterinaria";"Mujeres";"Rendimiento"
"2016-2017";"..";"Total Agricultura, ganadería,  silvicultura, pesca, y veterinaria";"Mujeres";"Rendimiento"
"2015-2016";"..";"Total Agricultura, ganadería,  silvicultura, pesca, y veterinaria";"Mujeres";"Rendimiento"
"2022-2023";"..";"Agricultura, ganadería y pesca";"Mujeres";"Rendimiento"
"2021-2022";"..";"Agricultura, ganadería y pesca";"Mujeres";"Rendimiento"
"2020-2021";"..";"Agricultura, ganadería y pesca";"Mujeres";"Rendimiento"
"2019-2020";"..";"Agricultura, ganadería y pesca";"Mujeres";"Rendimiento"
"2018-2019";"..";"Agricultura, ganadería y pesca";"Mujeres";"Rendimiento"
"2017-2018";"..";"Agricultura, ganadería y pesca";"Mujeres";"Rendimiento"
"2016-2017";"..";"Agricultura, ganadería y pesca";"Mujeres";"Rendimiento"
"2015-2016";"..";"Agricultura, ganadería y pesca";"Mujeres";"Rendimiento"
"2022-2023";"..";"Veterinaria";"Mujeres";"Rendimiento"
"2021-2022";"..";"Veterinaria";"Mujeres";"Rendimiento"
"2020-2021";"..";"Veterinaria";"Mujeres";"Rendimiento"
"2019-2020";"..";"Veterinaria";"Mujeres";"Rendimiento"
"2018-2019";"..";"Veterinaria";"Mujeres";"Rendimiento"
"2017-2018";"..";"Veterinaria";"Mujeres";"Rendimiento"
"2016-2017";"..";"Veterinaria";"Mujeres";"Rendimiento"
"2015-2016";"..";"Veterinaria";"Mujeres";"Rendimiento"
"2022-2023";"90.57";"Total Salud y servicios sociales";"Mujeres";"Rendimiento"
"2021-2022";"89.97";"Total Salud y servicios sociales";"Mujeres";"Rendimiento"
"2020-2021";"92.02";"Total Salud y servicios sociales";"Mujeres";"Rendimiento"
"2019-2020";"89.69";"Total Salud y servicios sociales";"Mujeres";"Rendimiento"
"2018-2019";"88.34";"Total Salud y servicios sociales";"Mujeres";"Rendimiento"
"2017-2018";"87.92";"Total Salud y servicios sociales";"Mujeres";"Rendimiento"
"2016-2017";"87.23";"Total Salud y servicios sociales";"Mujeres";"Rendimiento"
"2015-2016";"87.58";"Total Salud y servicios sociales";"Mujeres";"Rendimiento"
"2022-2023";"..";"Medicina";"Mujeres";"Rendimiento"
"2021-2022";"..";"Medicina";"Mujeres";"Rendimiento"
"2020-2021";"..";"Medicina";"Mujeres";"Rendimiento"
"2019-2020";"..";"Medicina";"Mujeres";"Rendimiento"
"2018-2019";"..";"Medicina";"Mujeres";"Rendimiento"
"2017-2018";"..";"Medicina";"Mujeres";"Rendimiento"
"2016-2017";"..";"Medicina";"Mujeres";"Rendimiento"
"2015-2016";"..";"Medicina";"Mujeres";"Rendimiento"
"2022-2023";"92.55";"Enfermería y atención a enfermos";"Mujeres";"Rendimiento"
"2021-2022";"90.33";"Enfermería y atención a enfermos";"Mujeres";"Rendimiento"
"2020-2021";"89.72";"Enfermería y atención a enfermos";"Mujeres";"Rendimiento"
"2019-2020";"83.5";"Enfermería y atención a enfermos";"Mujeres";"Rendimiento"
"2018-2019";"85.49";"Enfermería y atención a enfermos";"Mujeres";"Rendimiento"
"2017-2018";"85.81";"Enfermería y atención a enfermos";"Mujeres";"Rendimiento"
"2016-2017";"87.7";"Enfermería y atención a enfermos";"Mujeres";"Rendimiento"
"2015-2016";"88.52";"Enfermería y atención a enfermos";"Mujeres";"Rendimiento"
"2022-2023";"89.35";"Otras ciencias de la Salud";"Mujeres";"Rendimiento"
"2021-2022";"89.32";"Otras ciencias de la Salud";"Mujeres";"Rendimiento"
"2020-2021";"92.44";"Otras ciencias de la Salud";"Mujeres";"Rendimiento"
"2019-2020";"91.8";"Otras ciencias de la Salud";"Mujeres";"Rendimiento"
"2018-2019";"89.0";"Otras ciencias de la Salud";"Mujeres";"Rendimiento"
"2017-2018";"88.16";"Otras ciencias de la Salud";"Mujeres";"Rendimiento"
"2016-2017";"86.22";"Otras ciencias de la Salud";"Mujeres";"Rendimiento"
"2015-2016";"85.48";"Otras ciencias de la Salud";"Mujeres";"Rendimiento"
"2022-2023";"91.07";"Trabajo social y orientación";"Mujeres";"Rendimiento"
"2021-2022";"92.11";"Trabajo social y orientación";"Mujeres";"Rendimiento"
"2020-2021";"95.59";"Trabajo social y orientación";"Mujeres";"Rendimiento"
"2019-2020";"93.71";"Trabajo social y orientación";"Mujeres";"Rendimiento"
"2018-2019";"91.82";"Trabajo social y orientación";"Mujeres";"Rendimiento"
"2017-2018";"92.18";"Trabajo social y orientación";"Mujeres";"Rendimiento"
"2016-2017";"91.11";"Trabajo social y orientación";"Mujeres";"Rendimiento"
"2015-2016";"94.54";"Trabajo social y orientación";"Mujeres";"Rendimiento"
"2022-2023";"91.59";"Total Servicios";"Mujeres";"Rendimiento"
"2021-2022";"95.33";"Total Servicios";"Mujeres";"Rendimiento"
"2020-2021";"97.91";"Total Servicios";"Mujeres";"Rendimiento"
"2019-2020";"96.12";"Total Servicios";"Mujeres";"Rendimiento"
"2018-2019";"95.13";"Total Servicios";"Mujeres";"Rendimiento"
"2017-2018";"92.98";"Total Servicios";"Mujeres";"Rendimiento"
"2016-2017";"91.2";"Total Servicios";"Mujeres";"Rendimiento"
"2015-2016";"92.26";"Total Servicios";"Mujeres";"Rendimiento"
"2022-2023";"92.28";"Deportes";"Mujeres";"Rendimiento"
"2021-2022";"94.56";"Deportes";"Mujeres";"Rendimiento"
"2020-2021";"96.89";"Deportes";"Mujeres";"Rendimiento"
"2019-2020";"94.95";"Deportes";"Mujeres";"Rendimiento"
"2018-2019";"90.27";"Deportes";"Mujeres";"Rendimiento"
"2017-2018";"86.33";"Deportes";"Mujeres";"Rendimiento"
"2016-2017";"80.82";"Deportes";"Mujeres";"Rendimiento"
"2015-2016";"86.14";"Deportes";"Mujeres";"Rendimiento"
"2022-2023";"90.99";"Turismo y Hostelería";"Mujeres";"Rendimiento"
"2021-2022";"95.81";"Turismo y Hostelería";"Mujeres";"Rendimiento"
"2020-2021";"98.45";"Turismo y Hostelería";"Mujeres";"Rendimiento"
"2019-2020";"96.61";"Turismo y Hostelería";"Mujeres";"Rendimiento"
"2018-2019";"97.08";"Turismo y Hostelería";"Mujeres";"Rendimiento"
"2017-2018";"95.21";"Turismo y Hostelería";"Mujeres";"Rendimiento"
"2016-2017";"94.13";"Turismo y Hostelería";"Mujeres";"Rendimiento"
"2015-2016";"94.19";"Turismo y Hostelería";"Mujeres";"Rendimiento"
"2022-2023";"..";"Otros Servicios";"Mujeres";"Rendimiento"
"2021-2022";"..";"Otros Servicios";"Mujeres";"Rendimiento"
"2020-2021";"..";"Otros Servicios";"Mujeres";"Rendimiento"
"2019-2020";"..";"Otros Servicios";"Mujeres";"Rendimiento"
"2018-2019";"..";"Otros Servicios";"Mujeres";"Rendimiento"
"2017-2018";"..";"Otros Servicios";"Mujeres";"Rendimiento"
"2016-2017";"..";"Otros Servicios";"Mujeres";"Rendimiento"
"2015-2016";"..";"Otros Servicios";"Mujeres";"Rendimiento"
"2022-2023";"???";"Ramón Llull";"Mujeres";"Exito"
"2021-2022";"???";"Ramón Llull";"Mujeres";"Exito"
"2020-2021";"???";"Ramón Llull";"Mujeres";"Exito"
"2019-2020";"???";"Ramón Llull";"Mujeres";"Exito"
"2018-2019";"???";"Ramón Llull";"Mujeres";"Exito"
"2017-2018";"???";"Ramón Llull";"Mujeres";"Exito"
"2016-2017";"???";"Ramón Llull";"Mujeres";"Exito"
"2015-2016";"???";"Ramón Llull";"Mujeres";"Exito"
"2022-2023";"95.94";"Todos los ámbitos";"Mujeres";"Exito"
"2021-2022";"95.47";"Todos los ámbitos";"Mujeres";"Exito"
"2020-2021";"96.87";"Todos los ámbitos";"Mujeres";"Exito"
"2019-2020";"96.66";"Todos los ámbitos";"Mujeres";"Exito"
"2018-2019";"95.47";"Todos los ámbitos";"Mujeres";"Exito"
"2017-2018";"95.38";"Todos los ámbitos";"Mujeres";"Exito"
"2016-2017";"94.72";"Todos los ámbitos";"Mujeres";"Exito"
"2015-2016";"94.11";"Todos los ámbitos";"Mujeres";"Exito"
"2022-2023";"98.03";"Total Educación";"Mujeres";"Exito"
"2021-2022";"97.68";"Total Educación";"Mujeres";"Exito"
"2020-2021";"98.21";"Total Educación";"Mujeres";"Exito"
"2019-2020";"98.7";"Total Educación";"Mujeres";"Exito"
"2018-2019";"96.37";"Total Educación";"Mujeres";"Exito"
"2017-2018";"95.98";"Total Educación";"Mujeres";"Exito"
"2016-2017";"95.67";"Total Educación";"Mujeres";"Exito"
"2015-2016";"95.91";"Total Educación";"Mujeres";"Exito"
"2022-2023";"97.45";"Formación de docentes de enseñanza infantil";"Mujeres";"Exito"
"2021-2022";"95.98";"Formación de docentes de enseñanza infantil";"Mujeres";"Exito"
"2020-2021";"97.11";"Formación de docentes de enseñanza infantil";"Mujeres";"Exito"
"2019-2020";"98.01";"Formación de docentes de enseñanza infantil";"Mujeres";"Exito"
"2018-2019";"95.29";"Formación de docentes de enseñanza infantil";"Mujeres";"Exito"
"2017-2018";"95.46";"Formación de docentes de enseñanza infantil";"Mujeres";"Exito"
"2016-2017";"95.05";"Formación de docentes de enseñanza infantil";"Mujeres";"Exito"
"2015-2016";"95.62";"Formación de docentes de enseñanza infantil";"Mujeres";"Exito"
"2022-2023";"97.95";"Formación de docentes de enseñanza primaria";"Mujeres";"Exito"
"2021-2022";"97.92";"Formación de docentes de enseñanza primaria";"Mujeres";"Exito"
"2020-2021";"98.28";"Formación de docentes de enseñanza primaria";"Mujeres";"Exito"
"2019-2020";"98.72";"Formación de docentes de enseñanza primaria";"Mujeres";"Exito"
"2018-2019";"96.15";"Formación de docentes de enseñanza primaria";"Mujeres";"Exito"
"2017-2018";"94.93";"Formación de docentes de enseñanza primaria";"Mujeres";"Exito"
"2016-2017";"94.81";"Formación de docentes de enseñanza primaria";"Mujeres";"Exito"
"2015-2016";"95.19";"Formación de docentes de enseñanza primaria";"Mujeres";"Exito"
"2022-2023";"98.77";"Otra Formación de personal docente y ciencias de la educación";"Mujeres";"Exito"
"2021-2022";"99.11";"Otra Formación de personal docente y ciencias de la educación";"Mujeres";"Exito"
"2020-2021";"99.25";"Otra Formación de personal docente y ciencias de la educación";"Mujeres";"Exito"
"2019-2020";"99.42";"Otra Formación de personal docente y ciencias de la educación";"Mujeres";"Exito"
"2018-2019";"98.0";"Otra Formación de personal docente y ciencias de la educación";"Mujeres";"Exito"
"2017-2018";"98.62";"Otra Formación de personal docente y ciencias de la educación";"Mujeres";"Exito"
"2016-2017";"98.42";"Otra Formación de personal docente y ciencias de la educación";"Mujeres";"Exito"
"2015-2016";"98.01";"Otra Formación de personal docente y ciencias de la educación";"Mujeres";"Exito"
"2022-2023";"98.3";"Total Artes y humanidades";"Mujeres";"Exito"
"2021-2022";"95.48";"Total Artes y humanidades";"Mujeres";"Exito"
"2020-2021";"98.86";"Total Artes y humanidades";"Mujeres";"Exito"
"2019-2020";"96.54";"Total Artes y humanidades";"Mujeres";"Exito"
"2018-2019";"99.19";"Total Artes y humanidades";"Mujeres";"Exito"
"2017-2018";"98.46";"Total Artes y humanidades";"Mujeres";"Exito"
"2016-2017";"96.35";"Total Artes y humanidades";"Mujeres";"Exito"
"2015-2016";"96.2";"Total Artes y humanidades";"Mujeres";"Exito"
"2022-2023";"98.84";"Técnicas audiovisuales y medios de comunicación";"Mujeres";"Exito"
"2021-2022";"98.97";"Técnicas audiovisuales y medios de comunicación";"Mujeres";"Exito"
"2020-2021";"99.1";"Técnicas audiovisuales y medios de comunicación";"Mujeres";"Exito"
"2019-2020";"99.1";"Técnicas audiovisuales y medios de comunicación";"Mujeres";"Exito"
"2018-2019";"99.18";"Técnicas audiovisuales y medios de comunicación";"Mujeres";"Exito"
"2017-2018";"98.43";"Técnicas audiovisuales y medios de comunicación";"Mujeres";"Exito"
"2016-2017";"98.33";"Técnicas audiovisuales y medios de comunicación";"Mujeres";"Exito"
"2015-2016";"94.22";"Técnicas audiovisuales y medios de comunicación";"Mujeres";"Exito"
"2022-2023";"97.73";"Artes";"Mujeres";"Exito"
"2021-2022";"91.79";"Artes";"Mujeres";"Exito"
"2020-2021";"98.55";"Artes";"Mujeres";"Exito"
"2019-2020";"94.06";"Artes";"Mujeres";"Exito"
"2018-2019";"..";"Artes";"Mujeres";"Exito"
"2017-2018";"..";"Artes";"Mujeres";"Exito"
"2016-2017";"95.2";"Artes";"Mujeres";"Exito"
"2015-2016";"96.92";"Artes";"Mujeres";"Exito"
"2022-2023";"..";"Lenguas";"Mujeres";"Exito"
"2021-2022";"..";"Lenguas";"Mujeres";"Exito"
"2020-2021";"..";"Lenguas";"Mujeres";"Exito"
"2019-2020";"..";"Lenguas";"Mujeres";"Exito"
"2018-2019";"..";"Lenguas";"Mujeres";"Exito"
"2017-2018";"..";"Lenguas";"Mujeres";"Exito"
"2016-2017";"..";"Lenguas";"Mujeres";"Exito"
"2015-2016";"..";"Lenguas";"Mujeres";"Exito"
"2022-2023";"..";"Humanidades";"Mujeres";"Exito"
"2021-2022";"..";"Humanidades";"Mujeres";"Exito"
"2020-2021";"..";"Humanidades";"Mujeres";"Exito"
"2019-2020";"..";"Humanidades";"Mujeres";"Exito"
"2018-2019";"..";"Humanidades";"Mujeres";"Exito"
"2017-2018";"..";"Humanidades";"Mujeres";"Exito"
"2016-2017";"..";"Humanidades";"Mujeres";"Exito"
"2015-2016";"..";"Humanidades";"Mujeres";"Exito"
"2022-2023";"95.53";"Total Ciencias sociales, periodismo y documentación";"Mujeres";"Exito"
"2021-2022";"95.4";"Total Ciencias sociales, periodismo y documentación";"Mujeres";"Exito"
"2020-2021";"96.83";"Total Ciencias sociales, periodismo y documentación";"Mujeres";"Exito"
"2019-2020";"96.21";"Total Ciencias sociales, periodismo y documentación";"Mujeres";"Exito"
"2018-2019";"94.5";"Total Ciencias sociales, periodismo y documentación";"Mujeres";"Exito"
"2017-2018";"94.78";"Total Ciencias sociales, periodismo y documentación";"Mujeres";"Exito"
"2016-2017";"92.69";"Total Ciencias sociales, periodismo y documentación";"Mujeres";"Exito"
"2015-2016";"91.74";"Total Ciencias sociales, periodismo y documentación";"Mujeres";"Exito"
"2022-2023";"95.38";"Psicología";"Mujeres";"Exito"
"2021-2022";"96.58";"Psicología";"Mujeres";"Exito"
"2020-2021";"98.0";"Psicología";"Mujeres";"Exito"
"2019-2020";"97.83";"Psicología";"Mujeres";"Exito"
"2018-2019";"94.39";"Psicología";"Mujeres";"Exito"
"2017-2018";"96.13";"Psicología";"Mujeres";"Exito"
"2016-2017";"95.54";"Psicología";"Mujeres";"Exito"
"2015-2016";"95.63";"Psicología";"Mujeres";"Exito"
"2022-2023";"98.06";"Economía";"Mujeres";"Exito"
"2021-2022";"97.26";"Economía";"Mujeres";"Exito"
"2020-2021";"96.58";"Economía";"Mujeres";"Exito"
"2019-2020";"95.57";"Economía";"Mujeres";"Exito"
"2018-2019";"..";"Economía";"Mujeres";"Exito"
"2017-2018";"..";"Economía";"Mujeres";"Exito"
"2016-2017";"..";"Economía";"Mujeres";"Exito"
"2015-2016";"..";"Economía";"Mujeres";"Exito"
"2022-2023";"94.27";"Otras Ciencias sociales y del comportamiento";"Mujeres";"Exito"
"2021-2022";"94.54";"Otras Ciencias sociales y del comportamiento";"Mujeres";"Exito"
"2020-2021";"96.05";"Otras Ciencias sociales y del comportamiento";"Mujeres";"Exito"
"2019-2020";"97.4";"Otras Ciencias sociales y del comportamiento";"Mujeres";"Exito"
"2018-2019";"95.74";"Otras Ciencias sociales y del comportamiento";"Mujeres";"Exito"
"2017-2018";"95.62";"Otras Ciencias sociales y del comportamiento";"Mujeres";"Exito"
"2016-2017";"94.7";"Otras Ciencias sociales y del comportamiento";"Mujeres";"Exito"
"2015-2016";"93.24";"Otras Ciencias sociales y del comportamiento";"Mujeres";"Exito"
"2022-2023";"94.16";"Periodismo e información";"Mujeres";"Exito"
"2021-2022";"93.36";"Periodismo e información";"Mujeres";"Exito"
"2020-2021";"96.06";"Periodismo e información";"Mujeres";"Exito"
"2019-2020";"94.16";"Periodismo e información";"Mujeres";"Exito"
"2018-2019";"94.14";"Periodismo e información";"Mujeres";"Exito"
"2017-2018";"93.26";"Periodismo e información";"Mujeres";"Exito"
"2016-2017";"89.54";"Periodismo e información";"Mujeres";"Exito"
"2015-2016";"88.18";"Periodismo e información";"Mujeres";"Exito"
"2022-2023";"97.75";"Total Negocios, administración y derecho";"Mujeres";"Exito"
"2021-2022";"97.3";"Total Negocios, administración y derecho";"Mujeres";"Exito"
"2020-2021";"98.25";"Total Negocios, administración y derecho";"Mujeres";"Exito"
"2019-2020";"98.28";"Total Negocios, administración y derecho";"Mujeres";"Exito"
"2018-2019";"97.61";"Total Negocios, administración y derecho";"Mujeres";"Exito"
"2017-2018";"97.96";"Total Negocios, administración y derecho";"Mujeres";"Exito"
"2016-2017";"97.19";"Total Negocios, administración y derecho";"Mujeres";"Exito"
"2015-2016";"96.29";"Total Negocios, administración y derecho";"Mujeres";"Exito"
"2022-2023";"97.73";"Administración y gestión de empresas";"Mujeres";"Exito"
"2021-2022";"97.5";"Administración y gestión de empresas";"Mujeres";"Exito"
"2020-2021";"98.65";"Administración y gestión de empresas";"Mujeres";"Exito"
"2019-2020";"98.68";"Administración y gestión de empresas";"Mujeres";"Exito"
"2018-2019";"97.66";"Administración y gestión de empresas";"Mujeres";"Exito"
"2017-2018";"97.83";"Administración y gestión de empresas";"Mujeres";"Exito"
"2016-2017";"97.32";"Administración y gestión de empresas";"Mujeres";"Exito"
"2015-2016";"97.34";"Administración y gestión de empresas";"Mujeres";"Exito"
"2022-2023";"98.37";"Otra Educación comercial y empresarial";"Mujeres";"Exito"
"2021-2022";"97.98";"Otra Educación comercial y empresarial";"Mujeres";"Exito"
"2020-2021";"99.34";"Otra Educación comercial y empresarial";"Mujeres";"Exito"
"2019-2020";"98.38";"Otra Educación comercial y empresarial";"Mujeres";"Exito"
"2018-2019";"98.72";"Otra Educación comercial y empresarial";"Mujeres";"Exito"
"2017-2018";"97.95";"Otra Educación comercial y empresarial";"Mujeres";"Exito"
"2016-2017";"97.95";"Otra Educación comercial y empresarial";"Mujeres";"Exito"
"2015-2016";"92.84";"Otra Educación comercial y empresarial";"Mujeres";"Exito"
"2022-2023";"97.44";"Derecho";"Mujeres";"Exito"
"2021-2022";"96.45";"Derecho";"Mujeres";"Exito"
"2020-2021";"96.84";"Derecho";"Mujeres";"Exito"
"2019-2020";"97.45";"Derecho";"Mujeres";"Exito"
"2018-2019";"96.89";"Derecho";"Mujeres";"Exito"
"2017-2018";"98.21";"Derecho";"Mujeres";"Exito"
"2016-2017";"96.61";"Derecho";"Mujeres";"Exito"
"2015-2016";"96.23";"Derecho";"Mujeres";"Exito"
"2022-2023";"91.03";"Total Ciencias";"Mujeres";"Exito"
"2021-2022";"93.03";"Total Ciencias";"Mujeres";"Exito"
"2020-2021";"93.92";"Total Ciencias";"Mujeres";"Exito"
"2019-2020";"94.73";"Total Ciencias";"Mujeres";"Exito"
"2018-2019";"92.95";"Total Ciencias";"Mujeres";"Exito"
"2017-2018";"90.63";"Total Ciencias";"Mujeres";"Exito"
"2016-2017";"93.89";"Total Ciencias";"Mujeres";"Exito"
"2015-2016";"89.37";"Total Ciencias";"Mujeres";"Exito"
"2022-2023";"92.51";"Ciencias de la vida";"Mujeres";"Exito"
"2021-2022";"93.08";"Ciencias de la vida";"Mujeres";"Exito"
"2020-2021";"95.06";"Ciencias de la vida";"Mujeres";"Exito"
"2019-2020";"94.46";"Ciencias de la vida";"Mujeres";"Exito"
"2018-2019";"94.22";"Ciencias de la vida";"Mujeres";"Exito"
"2017-2018";"87.97";"Ciencias de la vida";"Mujeres";"Exito"
"2016-2017";"94.3";"Ciencias de la vida";"Mujeres";"Exito"
"2015-2016";"87.57";"Ciencias de la vida";"Mujeres";"Exito"
"2022-2023";"88.09";"Ciencias Físicas, químicas, geológicas";"Mujeres";"Exito"
"2021-2022";"92.94";"Ciencias Físicas, químicas, geológicas";"Mujeres";"Exito"
"2020-2021";"91.08";"Ciencias Físicas, químicas, geológicas";"Mujeres";"Exito"
"2019-2020";"95.2";"Ciencias Físicas, químicas, geológicas";"Mujeres";"Exito"
"2018-2019";"91.16";"Ciencias Físicas, químicas, geológicas";"Mujeres";"Exito"
"2017-2018";"94.12";"Ciencias Físicas, químicas, geológicas";"Mujeres";"Exito"
"2016-2017";"93.47";"Ciencias Físicas, químicas, geológicas";"Mujeres";"Exito"
"2015-2016";"91.03";"Ciencias Físicas, químicas, geológicas";"Mujeres";"Exito"
"2022-2023";"..";"Matemáticas y Estadística";"Mujeres";"Exito"
"2021-2022";"..";"Matemáticas y Estadística";"Mujeres";"Exito"
"2020-2021";"..";"Matemáticas y Estadística";"Mujeres";"Exito"
"2019-2020";"..";"Matemáticas y Estadística";"Mujeres";"Exito"
"2018-2019";"..";"Matemáticas y Estadística";"Mujeres";"Exito"
"2017-2018";"..";"Matemáticas y Estadística";"Mujeres";"Exito"
"2016-2017";"..";"Matemáticas y Estadística";"Mujeres";"Exito"
"2015-2016";"..";"Matemáticas y Estadística";"Mujeres";"Exito"
"2022-2023";"89.11";"Total Informática";"Mujeres";"Exito"
"2021-2022";"87.61";"Total Informática";"Mujeres";"Exito"
"2020-2021";"91.47";"Total Informática";"Mujeres";"Exito"
"2019-2020";"93.16";"Total Informática";"Mujeres";"Exito"
"2018-2019";"90.01";"Total Informática";"Mujeres";"Exito"
"2017-2018";"90.94";"Total Informática";"Mujeres";"Exito"
"2016-2017";"92.17";"Total Informática";"Mujeres";"Exito"
"2015-2016";"93.67";"Total Informática";"Mujeres";"Exito"
"2022-2023";"89.11";"Informática";"Mujeres";"Exito"
"2021-2022";"87.61";"Informática";"Mujeres";"Exito"
"2020-2021";"91.47";"Informática";"Mujeres";"Exito"
"2019-2020";"93.16";"Informática";"Mujeres";"Exito"
"2018-2019";"90.01";"Informática";"Mujeres";"Exito"
"2017-2018";"90.94";"Informática";"Mujeres";"Exito"
"2016-2017";"92.17";"Informática";"Mujeres";"Exito"
"2015-2016";"93.67";"Informática";"Mujeres";"Exito"
"2022-2023";"89.53";"Total Ingeniería, industria y construcción";"Mujeres";"Exito"
"2021-2022";"88.88";"Total Ingeniería, industria y construcción";"Mujeres";"Exito"
"2020-2021";"90.23";"Total Ingeniería, industria y construcción";"Mujeres";"Exito"
"2019-2020";"95.52";"Total Ingeniería, industria y construcción";"Mujeres";"Exito"
"2018-2019";"91.32";"Total Ingeniería, industria y construcción";"Mujeres";"Exito"
"2017-2018";"92.1";"Total Ingeniería, industria y construcción";"Mujeres";"Exito"
"2016-2017";"91.08";"Total Ingeniería, industria y construcción";"Mujeres";"Exito"
"2015-2016";"92.42";"Total Ingeniería, industria y construcción";"Mujeres";"Exito"
"2022-2023";"85.88";"Ingenierías";"Mujeres";"Exito"
"2021-2022";"88.84";"Ingenierías";"Mujeres";"Exito"
"2020-2021";"88.92";"Ingenierías";"Mujeres";"Exito"
"2019-2020";"94.96";"Ingenierías";"Mujeres";"Exito"
"2018-2019";"89.81";"Ingenierías";"Mujeres";"Exito"
"2017-2018";"88.84";"Ingenierías";"Mujeres";"Exito"
"2016-2017";"85.54";"Ingenierías";"Mujeres";"Exito"
"2015-2016";"91.01";"Ingenierías";"Mujeres";"Exito"
"2022-2023";"92.45";"Arquitectura y construcción";"Mujeres";"Exito"
"2021-2022";"88.92";"Arquitectura y construcción";"Mujeres";"Exito"
"2020-2021";"91.86";"Arquitectura y construcción";"Mujeres";"Exito"
"2019-2020";"96.1";"Arquitectura y construcción";"Mujeres";"Exito"
"2018-2019";"92.59";"Arquitectura y construcción";"Mujeres";"Exito"
"2017-2018";"94.32";"Arquitectura y construcción";"Mujeres";"Exito"
"2016-2017";"94.25";"Arquitectura y construcción";"Mujeres";"Exito"
"2015-2016";"93.06";"Arquitectura y construcción";"Mujeres";"Exito"
"2022-2023";"..";"Total Agricultura, ganadería,  silvicultura, pesca, y veterinaria";"Mujeres";"Exito"
"2021-2022";"..";"Total Agricultura, ganadería,  silvicultura, pesca, y veterinaria";"Mujeres";"Exito"
"2020-2021";"..";"Total Agricultura, ganadería,  silvicultura, pesca, y veterinaria";"Mujeres";"Exito"
"2019-2020";"..";"Total Agricultura, ganadería,  silvicultura, pesca, y veterinaria";"Mujeres";"Exito"
"2018-2019";"..";"Total Agricultura, ganadería,  silvicultura, pesca, y veterinaria";"Mujeres";"Exito"
"2017-2018";"..";"Total Agricultura, ganadería,  silvicultura, pesca, y veterinaria";"Mujeres";"Exito"
"2016-2017";"..";"Total Agricultura, ganadería,  silvicultura, pesca, y veterinaria";"Mujeres";"Exito"
"2015-2016";"..";"Total Agricultura, ganadería,  silvicultura, pesca, y veterinaria";"Mujeres";"Exito"
"2022-2023";"..";"Agricultura, ganadería y pesca";"Mujeres";"Exito"
"2021-2022";"..";"Agricultura, ganadería y pesca";"Mujeres";"Exito"
"2020-2021";"..";"Agricultura, ganadería y pesca";"Mujeres";"Exito"
"2019-2020";"..";"Agricultura, ganadería y pesca";"Mujeres";"Exito"
"2018-2019";"..";"Agricultura, ganadería y pesca";"Mujeres";"Exito"
"2017-2018";"..";"Agricultura, ganadería y pesca";"Mujeres";"Exito"
"2016-2017";"..";"Agricultura, ganadería y pesca";"Mujeres";"Exito"
"2015-2016";"..";"Agricultura, ganadería y pesca";"Mujeres";"Exito"
"2022-2023";"..";"Veterinaria";"Mujeres";"Exito"
"2021-2022";"..";"Veterinaria";"Mujeres";"Exito"
"2020-2021";"..";"Veterinaria";"Mujeres";"Exito"
"2019-2020";"..";"Veterinaria";"Mujeres";"Exito"
"2018-2019";"..";"Veterinaria";"Mujeres";"Exito"
"2017-2018";"..";"Veterinaria";"Mujeres";"Exito"
"2016-2017";"..";"Veterinaria";"Mujeres";"Exito"
"2015-2016";"..";"Veterinaria";"Mujeres";"Exito"
"2022-2023";"93.53";"Total Salud y servicios sociales";"Mujeres";"Exito"
"2021-2022";"92.64";"Total Salud y servicios sociales";"Mujeres";"Exito"
"2020-2021";"94.22";"Total Salud y servicios sociales";"Mujeres";"Exito"
"2019-2020";"92.57";"Total Salud y servicios sociales";"Mujeres";"Exito"
"2018-2019";"92.11";"Total Salud y servicios sociales";"Mujeres";"Exito"
"2017-2018";"92.18";"Total Salud y servicios sociales";"Mujeres";"Exito"
"2016-2017";"92.4";"Total Salud y servicios sociales";"Mujeres";"Exito"
"2015-2016";"91.03";"Total Salud y servicios sociales";"Mujeres";"Exito"
"2022-2023";"..";"Medicina";"Mujeres";"Exito"
"2021-2022";"..";"Medicina";"Mujeres";"Exito"
"2020-2021";"..";"Medicina";"Mujeres";"Exito"
"2019-2020";"..";"Medicina";"Mujeres";"Exito"
"2018-2019";"..";"Medicina";"Mujeres";"Exito"
"2017-2018";"..";"Medicina";"Mujeres";"Exito"
"2016-2017";"..";"Medicina";"Mujeres";"Exito"
"2015-2016";"..";"Medicina";"Mujeres";"Exito"
"2022-2023";"94.65";"Enfermería y atención a enfermos";"Mujeres";"Exito"
"2021-2022";"92.3";"Enfermería y atención a enfermos";"Mujeres";"Exito"
"2020-2021";"91.75";"Enfermería y atención a enfermos";"Mujeres";"Exito"
"2019-2020";"86.27";"Enfermería y atención a enfermos";"Mujeres";"Exito"
"2018-2019";"89.4";"Enfermería y atención a enfermos";"Mujeres";"Exito"
"2017-2018";"90.04";"Enfermería y atención a enfermos";"Mujeres";"Exito"
"2016-2017";"92.98";"Enfermería y atención a enfermos";"Mujeres";"Exito"
"2015-2016";"91.34";"Enfermería y atención a enfermos";"Mujeres";"Exito"
"2022-2023";"92.22";"Otras ciencias de la Salud";"Mujeres";"Exito"
"2021-2022";"91.75";"Otras ciencias de la Salud";"Mujeres";"Exito"
"2020-2021";"94.4";"Otras ciencias de la Salud";"Mujeres";"Exito"
"2019-2020";"94.23";"Otras ciencias de la Salud";"Mujeres";"Exito"
"2018-2019";"92.2";"Otras ciencias de la Salud";"Mujeres";"Exito"
"2017-2018";"91.97";"Otras ciencias de la Salud";"Mujeres";"Exito"
"2016-2017";"91.06";"Otras ciencias de la Salud";"Mujeres";"Exito"
"2015-2016";"89.14";"Otras ciencias de la Salud";"Mujeres";"Exito"
"2022-2023";"97.81";"Trabajo social y orientación";"Mujeres";"Exito"
"2021-2022";"97.94";"Trabajo social y orientación";"Mujeres";"Exito"
"2020-2021";"99.61";"Trabajo social y orientación";"Mujeres";"Exito"
"2019-2020";"99.49";"Trabajo social y orientación";"Mujeres";"Exito"
"2018-2019";"98.62";"Trabajo social y orientación";"Mujeres";"Exito"
"2017-2018";"99.14";"Trabajo social y orientación";"Mujeres";"Exito"
"2016-2017";"97.8";"Trabajo social y orientación";"Mujeres";"Exito"
"2015-2016";"98.94";"Trabajo social y orientación";"Mujeres";"Exito"
"2022-2023";"96.08";"Total Servicios";"Mujeres";"Exito"
"2021-2022";"97.9";"Total Servicios";"Mujeres";"Exito"
"2020-2021";"98.63";"Total Servicios";"Mujeres";"Exito"
"2019-2020";"97.73";"Total Servicios";"Mujeres";"Exito"
"2018-2019";"97.57";"Total Servicios";"Mujeres";"Exito"
"2017-2018";"95.83";"Total Servicios";"Mujeres";"Exito"
"2016-2017";"94.63";"Total Servicios";"Mujeres";"Exito"
"2015-2016";"95.39";"Total Servicios";"Mujeres";"Exito"
"2022-2023";"93.12";"Deportes";"Mujeres";"Exito"
"2021-2022";"96.44";"Deportes";"Mujeres";"Exito"
"2020-2021";"98.06";"Deportes";"Mujeres";"Exito"
"2019-2020";"96.18";"Deportes";"Mujeres";"Exito"
"2018-2019";"94.2";"Deportes";"Mujeres";"Exito"
"2017-2018";"91.14";"Deportes";"Mujeres";"Exito"
"2016-2017";"90.58";"Deportes";"Mujeres";"Exito"
"2015-2016";"92.47";"Deportes";"Mujeres";"Exito"
"2022-2023";"98.87";"Turismo y Hostelería";"Mujeres";"Exito"
"2021-2022";"98.82";"Turismo y Hostelería";"Mujeres";"Exito"
"2020-2021";"98.93";"Turismo y Hostelería";"Mujeres";"Exito"
"2019-2020";"98.39";"Turismo y Hostelería";"Mujeres";"Exito"
"2018-2019";"98.89";"Turismo y Hostelería";"Mujeres";"Exito"
"2017-2018";"97.36";"Turismo y Hostelería";"Mujeres";"Exito"
"2016-2017";"95.66";"Turismo y Hostelería";"Mujeres";"Exito"
"2015-2016";"96.26";"Turismo y Hostelería";"Mujeres";"Exito"
"2022-2023";"..";"Otros Servicios";"Mujeres";"Exito"
"2021-2022";"..";"Otros Servicios";"Mujeres";"Exito"
"2020-2021";"..";"Otros Servicios";"Mujeres";"Exito"
"2019-2020";"..";"Otros Servicios";"Mujeres";"Exito"
"2018-2019";"..";"Otros Servicios";"Mujeres";"Exito"
"2017-2018";"..";"Otros Servicios";"Mujeres";"Exito"
"2016-2017";"..";"Otros Servicios";"Mujeres";"Exito"
"2015-2016";"..";"Otros Servicios";"Mujeres";"Exito"
"2022-2023";"???";"Ramón Llull";"Mujeres";"Evaluacion"
"2021-2022";"???";"Ramón Llull";"Mujeres";"Evaluacion"
"2020-2021";"???";"Ramón Llull";"Mujeres";"Evaluacion"
"2019-2020";"???";"Ramón Llull";"Mujeres";"Evaluacion"
"2018-2019";"???";"Ramón Llull";"Mujeres";"Evaluacion"
"2017-2018";"???";"Ramón Llull";"Mujeres";"Evaluacion"
"2016-2017";"???";"Ramón Llull";"Mujeres";"Evaluacion"
"2015-2016";"???";"Ramón Llull";"Mujeres";"Evaluacion"
"2022-2023";"96.72";"Todos los ámbitos";"Mujeres";"Evaluacion"
"2021-2022";"96.27";"Todos los ámbitos";"Mujeres";"Evaluacion"
"2020-2021";"97.14";"Todos los ámbitos";"Mujeres";"Evaluacion"
"2019-2020";"97.28";"Todos los ámbitos";"Mujeres";"Evaluacion"
"2018-2019";"96.69";"Todos los ámbitos";"Mujeres";"Evaluacion"
"2017-2018";"95.98";"Todos los ámbitos";"Mujeres";"Evaluacion"
"2016-2017";"95.31";"Todos los ámbitos";"Mujeres";"Evaluacion"
"2015-2016";"95.96";"Todos los ámbitos";"Mujeres";"Evaluacion"
"2022-2023";"97.89";"Total Educación";"Mujeres";"Evaluacion"
"2021-2022";"97.73";"Total Educación";"Mujeres";"Evaluacion"
"2020-2021";"98.76";"Total Educación";"Mujeres";"Evaluacion"
"2019-2020";"98.52";"Total Educación";"Mujeres";"Evaluacion"
"2018-2019";"97.0";"Total Educación";"Mujeres";"Evaluacion"
"2017-2018";"96.35";"Total Educación";"Mujeres";"Evaluacion"
"2016-2017";"95.66";"Total Educación";"Mujeres";"Evaluacion"
"2015-2016";"95.3";"Total Educación";"Mujeres";"Evaluacion"
"2022-2023";"99.14";"Formación de docentes de enseñanza infantil";"Mujeres";"Evaluacion"
"2021-2022";"97.85";"Formación de docentes de enseñanza infantil";"Mujeres";"Evaluacion"
"2020-2021";"99.5";"Formación de docentes de enseñanza infantil";"Mujeres";"Evaluacion"
"2019-2020";"99.34";"Formación de docentes de enseñanza infantil";"Mujeres";"Evaluacion"
"2018-2019";"97.71";"Formación de docentes de enseñanza infantil";"Mujeres";"Evaluacion"
"2017-2018";"96.56";"Formación de docentes de enseñanza infantil";"Mujeres";"Evaluacion"
"2016-2017";"95.53";"Formación de docentes de enseñanza infantil";"Mujeres";"Evaluacion"
"2015-2016";"96.2";"Formación de docentes de enseñanza infantil";"Mujeres";"Evaluacion"
"2022-2023";"98.57";"Formación de docentes de enseñanza primaria";"Mujeres";"Evaluacion"
"2021-2022";"99.29";"Formación de docentes de enseñanza primaria";"Mujeres";"Evaluacion"
"2020-2021";"99.38";"Formación de docentes de enseñanza primaria";"Mujeres";"Evaluacion"
"2019-2020";"99.54";"Formación de docentes de enseñanza primaria";"Mujeres";"Evaluacion"
"2018-2019";"98.12";"Formación de docentes de enseñanza primaria";"Mujeres";"Evaluacion"
"2017-2018";"96.99";"Formación de docentes de enseñanza primaria";"Mujeres";"Evaluacion"
"2016-2017";"96.74";"Formación de docentes de enseñanza primaria";"Mujeres";"Evaluacion"
"2015-2016";"95.53";"Formación de docentes de enseñanza primaria";"Mujeres";"Evaluacion"
"2022-2023";"95.81";"Otra Formación de personal docente y ciencias de la educación";"Mujeres";"Evaluacion"
"2021-2022";"95.86";"Otra Formación de personal docente y ciencias de la educación";"Mujeres";"Evaluacion"
"2020-2021";"97.28";"Otra Formación de personal docente y ciencias de la educación";"Mujeres";"Evaluacion"
"2019-2020";"96.28";"Otra Formación de personal docente y ciencias de la educación";"Mujeres";"Evaluacion"
"2018-2019";"94.48";"Otra Formación de personal docente y ciencias de la educación";"Mujeres";"Evaluacion"
"2017-2018";"94.93";"Otra Formación de personal docente y ciencias de la educación";"Mujeres";"Evaluacion"
"2016-2017";"93.69";"Otra Formación de personal docente y ciencias de la educación";"Mujeres";"Evaluacion"
"2015-2016";"93.18";"Otra Formación de personal docente y ciencias de la educación";"Mujeres";"Evaluacion"
"2022-2023";"93.12";"Total Artes y humanidades";"Mujeres";"Evaluacion"
"2021-2022";"90.67";"Total Artes y humanidades";"Mujeres";"Evaluacion"
"2020-2021";"93.74";"Total Artes y humanidades";"Mujeres";"Evaluacion"
"2019-2020";"94.69";"Total Artes y humanidades";"Mujeres";"Evaluacion"
"2018-2019";"96.29";"Total Artes y humanidades";"Mujeres";"Evaluacion"
"2017-2018";"93.87";"Total Artes y humanidades";"Mujeres";"Evaluacion"
"2016-2017";"92.74";"Total Artes y humanidades";"Mujeres";"Evaluacion"
"2015-2016";"92.84";"Total Artes y humanidades";"Mujeres";"Evaluacion"
"2022-2023";"96.42";"Técnicas audiovisuales y medios de comunicación";"Mujeres";"Evaluacion"
"2021-2022";"94.85";"Técnicas audiovisuales y medios de comunicación";"Mujeres";"Evaluacion"
"2020-2021";"94.09";"Técnicas audiovisuales y medios de comunicación";"Mujeres";"Evaluacion"
"2019-2020";"93.27";"Técnicas audiovisuales y medios de comunicación";"Mujeres";"Evaluacion"
"2018-2019";"96.53";"Técnicas audiovisuales y medios de comunicación";"Mujeres";"Evaluacion"
"2017-2018";"93.99";"Técnicas audiovisuales y medios de comunicación";"Mujeres";"Evaluacion"
"2016-2017";"95.98";"Técnicas audiovisuales y medios de comunicación";"Mujeres";"Evaluacion"
"2015-2016";"98.49";"Técnicas audiovisuales y medios de comunicación";"Mujeres";"Evaluacion"
"2022-2023";"90.19";"Artes";"Mujeres";"Evaluacion"
"2021-2022";"86.82";"Artes";"Mujeres";"Evaluacion"
"2020-2021";"93.35";"Artes";"Mujeres";"Evaluacion"
"2019-2020";"96.5";"Artes";"Mujeres";"Evaluacion"
"2018-2019";"..";"Artes";"Mujeres";"Evaluacion"
"2017-2018";"..";"Artes";"Mujeres";"Evaluacion"
"2016-2017";"90.95";"Artes";"Mujeres";"Evaluacion"
"2015-2016";"90.77";"Artes";"Mujeres";"Evaluacion"
"2022-2023";"..";"Lenguas";"Mujeres";"Evaluacion"
"2021-2022";"..";"Lenguas";"Mujeres";"Evaluacion"
"2020-2021";"..";"Lenguas";"Mujeres";"Evaluacion"
"2019-2020";"..";"Lenguas";"Mujeres";"Evaluacion"
"2018-2019";"..";"Lenguas";"Mujeres";"Evaluacion"
"2017-2018";"..";"Lenguas";"Mujeres";"Evaluacion"
"2016-2017";"..";"Lenguas";"Mujeres";"Evaluacion"
"2015-2016";"..";"Lenguas";"Mujeres";"Evaluacion"
"2022-2023";"..";"Humanidades";"Mujeres";"Evaluacion"
"2021-2022";"..";"Humanidades";"Mujeres";"Evaluacion"
"2020-2021";"..";"Humanidades";"Mujeres";"Evaluacion"
"2019-2020";"..";"Humanidades";"Mujeres";"Evaluacion"
"2018-2019";"..";"Humanidades";"Mujeres";"Evaluacion"
"2017-2018";"..";"Humanidades";"Mujeres";"Evaluacion"
"2016-2017";"..";"Humanidades";"Mujeres";"Evaluacion"
"2015-2016";"..";"Humanidades";"Mujeres";"Evaluacion"
"2022-2023";"98.29";"Total Ciencias sociales, periodismo y documentación";"Mujeres";"Evaluacion"
"2021-2022";"97.92";"Total Ciencias sociales, periodismo y documentación";"Mujeres";"Evaluacion"
"2020-2021";"98.4";"Total Ciencias sociales, periodismo y documentación";"Mujeres";"Evaluacion"
"2019-2020";"98.29";"Total Ciencias sociales, periodismo y documentación";"Mujeres";"Evaluacion"
"2018-2019";"97.72";"Total Ciencias sociales, periodismo y documentación";"Mujeres";"Evaluacion"
"2017-2018";"96.91";"Total Ciencias sociales, periodismo y documentación";"Mujeres";"Evaluacion"
"2016-2017";"96.77";"Total Ciencias sociales, periodismo y documentación";"Mujeres";"Evaluacion"
"2015-2016";"97.91";"Total Ciencias sociales, periodismo y documentación";"Mujeres";"Evaluacion"
"2022-2023";"97.42";"Psicología";"Mujeres";"Evaluacion"
"2021-2022";"97.33";"Psicología";"Mujeres";"Evaluacion"
"2020-2021";"98.1";"Psicología";"Mujeres";"Evaluacion"
"2019-2020";"97.5";"Psicología";"Mujeres";"Evaluacion"
"2018-2019";"97.04";"Psicología";"Mujeres";"Evaluacion"
"2017-2018";"95.82";"Psicología";"Mujeres";"Evaluacion"
"2016-2017";"95.55";"Psicología";"Mujeres";"Evaluacion"
"2015-2016";"96.12";"Psicología";"Mujeres";"Evaluacion"
"2022-2023";"98.39";"Economía";"Mujeres";"Evaluacion"
"2021-2022";"97.99";"Economía";"Mujeres";"Evaluacion"
"2020-2021";"96.52";"Economía";"Mujeres";"Evaluacion"
"2019-2020";"99.02";"Economía";"Mujeres";"Evaluacion"
"2018-2019";"..";"Economía";"Mujeres";"Evaluacion"
"2017-2018";"..";"Economía";"Mujeres";"Evaluacion"
"2016-2017";"..";"Economía";"Mujeres";"Evaluacion"
"2015-2016";"..";"Economía";"Mujeres";"Evaluacion"
"2022-2023";"99.05";"Otras Ciencias sociales y del comportamiento";"Mujeres";"Evaluacion"
"2021-2022";"98.56";"Otras Ciencias sociales y del comportamiento";"Mujeres";"Evaluacion"
"2020-2021";"99.48";"Otras Ciencias sociales y del comportamiento";"Mujeres";"Evaluacion"
"2019-2020";"99.37";"Otras Ciencias sociales y del comportamiento";"Mujeres";"Evaluacion"
"2018-2019";"98.57";"Otras Ciencias sociales y del comportamiento";"Mujeres";"Evaluacion"
"2017-2018";"98.91";"Otras Ciencias sociales y del comportamiento";"Mujeres";"Evaluacion"
"2016-2017";"97.71";"Otras Ciencias sociales y del comportamiento";"Mujeres";"Evaluacion"
"2015-2016";"98.64";"Otras Ciencias sociales y del comportamiento";"Mujeres";"Evaluacion"
"2022-2023";"98.84";"Periodismo e información";"Mujeres";"Evaluacion"
"2021-2022";"98.23";"Periodismo e información";"Mujeres";"Evaluacion"
"2020-2021";"98.99";"Periodismo e información";"Mujeres";"Evaluacion"
"2019-2020";"98.62";"Periodismo e información";"Mujeres";"Evaluacion"
"2018-2019";"98.06";"Periodismo e información";"Mujeres";"Evaluacion"
"2017-2018";"97.28";"Periodismo e información";"Mujeres";"Evaluacion"
"2016-2017";"97.58";"Periodismo e información";"Mujeres";"Evaluacion"
"2015-2016";"99.23";"Periodismo e información";"Mujeres";"Evaluacion"
"2022-2023";"98.56";"Total Negocios, administración y derecho";"Mujeres";"Evaluacion"
"2021-2022";"97.58";"Total Negocios, administración y derecho";"Mujeres";"Evaluacion"
"2020-2021";"98.04";"Total Negocios, administración y derecho";"Mujeres";"Evaluacion"
"2019-2020";"98.84";"Total Negocios, administración y derecho";"Mujeres";"Evaluacion"
"2018-2019";"98.5";"Total Negocios, administración y derecho";"Mujeres";"Evaluacion"
"2017-2018";"98.2";"Total Negocios, administración y derecho";"Mujeres";"Evaluacion"
"2016-2017";"98.27";"Total Negocios, administración y derecho";"Mujeres";"Evaluacion"
"2015-2016";"98.52";"Total Negocios, administración y derecho";"Mujeres";"Evaluacion"
"2022-2023";"98.58";"Administración y gestión de empresas";"Mujeres";"Evaluacion"
"2021-2022";"97.4";"Administración y gestión de empresas";"Mujeres";"Evaluacion"
"2020-2021";"98.09";"Administración y gestión de empresas";"Mujeres";"Evaluacion"
"2019-2020";"98.92";"Administración y gestión de empresas";"Mujeres";"Evaluacion"
"2018-2019";"98.37";"Administración y gestión de empresas";"Mujeres";"Evaluacion"
"2017-2018";"98.05";"Administración y gestión de empresas";"Mujeres";"Evaluacion"
"2016-2017";"98.13";"Administración y gestión de empresas";"Mujeres";"Evaluacion"
"2015-2016";"97.93";"Administración y gestión de empresas";"Mujeres";"Evaluacion"
"2022-2023";"97.99";"Otra Educación comercial y empresarial";"Mujeres";"Evaluacion"
"2021-2022";"97.67";"Otra Educación comercial y empresarial";"Mujeres";"Evaluacion"
"2020-2021";"98.36";"Otra Educación comercial y empresarial";"Mujeres";"Evaluacion"
"2019-2020";"99.53";"Otra Educación comercial y empresarial";"Mujeres";"Evaluacion"
"2018-2019";"98.92";"Otra Educación comercial y empresarial";"Mujeres";"Evaluacion"
"2017-2018";"98.45";"Otra Educación comercial y empresarial";"Mujeres";"Evaluacion"
"2016-2017";"99.03";"Otra Educación comercial y empresarial";"Mujeres";"Evaluacion"
"2015-2016";"99.74";"Otra Educación comercial y empresarial";"Mujeres";"Evaluacion"
"2022-2023";"98.85";"Derecho";"Mujeres";"Evaluacion"
"2021-2022";"97.96";"Derecho";"Mujeres";"Evaluacion"
"2020-2021";"97.78";"Derecho";"Mujeres";"Evaluacion"
"2019-2020";"98.32";"Derecho";"Mujeres";"Evaluacion"
"2018-2019";"98.51";"Derecho";"Mujeres";"Evaluacion"
"2017-2018";"98.35";"Derecho";"Mujeres";"Evaluacion"
"2016-2017";"98.16";"Derecho";"Mujeres";"Evaluacion"
"2015-2016";"99.05";"Derecho";"Mujeres";"Evaluacion"
"2022-2023";"96.76";"Total Ciencias";"Mujeres";"Evaluacion"
"2021-2022";"96.95";"Total Ciencias";"Mujeres";"Evaluacion"
"2020-2021";"96.29";"Total Ciencias";"Mujeres";"Evaluacion"
"2019-2020";"97.09";"Total Ciencias";"Mujeres";"Evaluacion"
"2018-2019";"96.01";"Total Ciencias";"Mujeres";"Evaluacion"
"2017-2018";"96.15";"Total Ciencias";"Mujeres";"Evaluacion"
"2016-2017";"96.08";"Total Ciencias";"Mujeres";"Evaluacion"
"2015-2016";"96.35";"Total Ciencias";"Mujeres";"Evaluacion"
"2022-2023";"96.84";"Ciencias de la vida";"Mujeres";"Evaluacion"
"2021-2022";"97.66";"Ciencias de la vida";"Mujeres";"Evaluacion"
"2020-2021";"96.53";"Ciencias de la vida";"Mujeres";"Evaluacion"
"2019-2020";"97.7";"Ciencias de la vida";"Mujeres";"Evaluacion"
"2018-2019";"95.45";"Ciencias de la vida";"Mujeres";"Evaluacion"
"2017-2018";"95.05";"Ciencias de la vida";"Mujeres";"Evaluacion"
"2016-2017";"95.89";"Ciencias de la vida";"Mujeres";"Evaluacion"
"2015-2016";"94.63";"Ciencias de la vida";"Mujeres";"Evaluacion"
"2022-2023";"96.61";"Ciencias Físicas, químicas, geológicas";"Mujeres";"Evaluacion"
"2021-2022";"95.71";"Ciencias Físicas, químicas, geológicas";"Mujeres";"Evaluacion"
"2020-2021";"95.69";"Ciencias Físicas, químicas, geológicas";"Mujeres";"Evaluacion"
"2019-2020";"96.04";"Ciencias Físicas, químicas, geológicas";"Mujeres";"Evaluacion"
"2018-2019";"96.82";"Ciencias Físicas, químicas, geológicas";"Mujeres";"Evaluacion"
"2017-2018";"97.63";"Ciencias Físicas, químicas, geológicas";"Mujeres";"Evaluacion"
"2016-2017";"96.27";"Ciencias Físicas, químicas, geológicas";"Mujeres";"Evaluacion"
"2015-2016";"98.01";"Ciencias Físicas, químicas, geológicas";"Mujeres";"Evaluacion"
"2022-2023";"..";"Matemáticas y Estadística";"Mujeres";"Evaluacion"
"2021-2022";"..";"Matemáticas y Estadística";"Mujeres";"Evaluacion"
"2020-2021";"..";"Matemáticas y Estadística";"Mujeres";"Evaluacion"
"2019-2020";"..";"Matemáticas y Estadística";"Mujeres";"Evaluacion"
"2018-2019";"..";"Matemáticas y Estadística";"Mujeres";"Evaluacion"
"2017-2018";"..";"Matemáticas y Estadística";"Mujeres";"Evaluacion"
"2016-2017";"..";"Matemáticas y Estadística";"Mujeres";"Evaluacion"
"2015-2016";"..";"Matemáticas y Estadística";"Mujeres";"Evaluacion"
"2022-2023";"84.77";"Total Informática";"Mujeres";"Evaluacion"
"2021-2022";"87.56";"Total Informática";"Mujeres";"Evaluacion"
"2020-2021";"87.8";"Total Informática";"Mujeres";"Evaluacion"
"2019-2020";"86.42";"Total Informática";"Mujeres";"Evaluacion"
"2018-2019";"83.32";"Total Informática";"Mujeres";"Evaluacion"
"2017-2018";"83.9";"Total Informática";"Mujeres";"Evaluacion"
"2016-2017";"80.22";"Total Informática";"Mujeres";"Evaluacion"
"2015-2016";"88.23";"Total Informática";"Mujeres";"Evaluacion"
"2022-2023";"84.77";"Informática";"Mujeres";"Evaluacion"
"2021-2022";"87.56";"Informática";"Mujeres";"Evaluacion"
"2020-2021";"87.8";"Informática";"Mujeres";"Evaluacion"
"2019-2020";"86.42";"Informática";"Mujeres";"Evaluacion"
"2018-2019";"83.32";"Informática";"Mujeres";"Evaluacion"
"2017-2018";"83.9";"Informática";"Mujeres";"Evaluacion"
"2016-2017";"80.22";"Informática";"Mujeres";"Evaluacion"
"2015-2016";"88.23";"Informática";"Mujeres";"Evaluacion"
"2022-2023";"86.54";"Total Ingeniería, industria y construcción";"Mujeres";"Evaluacion"
"2021-2022";"85.77";"Total Ingeniería, industria y construcción";"Mujeres";"Evaluacion"
"2020-2021";"85.27";"Total Ingeniería, industria y construcción";"Mujeres";"Evaluacion"
"2019-2020";"85.61";"Total Ingeniería, industria y construcción";"Mujeres";"Evaluacion"
"2018-2019";"85.28";"Total Ingeniería, industria y construcción";"Mujeres";"Evaluacion"
"2017-2018";"81.94";"Total Ingeniería, industria y construcción";"Mujeres";"Evaluacion"
"2016-2017";"78.65";"Total Ingeniería, industria y construcción";"Mujeres";"Evaluacion"
"2015-2016";"83.12";"Total Ingeniería, industria y construcción";"Mujeres";"Evaluacion"
"2022-2023";"87.09";"Ingenierías";"Mujeres";"Evaluacion"
"2021-2022";"89.55";"Ingenierías";"Mujeres";"Evaluacion"
"2020-2021";"89.21";"Ingenierías";"Mujeres";"Evaluacion"
"2019-2020";"88.44";"Ingenierías";"Mujeres";"Evaluacion"
"2018-2019";"87.72";"Ingenierías";"Mujeres";"Evaluacion"
"2017-2018";"83.4";"Ingenierías";"Mujeres";"Evaluacion"
"2016-2017";"87.98";"Ingenierías";"Mujeres";"Evaluacion"
"2015-2016";"88.01";"Ingenierías";"Mujeres";"Evaluacion"
"2022-2023";"86.11";"Arquitectura y construcción";"Mujeres";"Evaluacion"
"2021-2022";"81.93";"Arquitectura y construcción";"Mujeres";"Evaluacion"
"2020-2021";"80.86";"Arquitectura y construcción";"Mujeres";"Evaluacion"
"2019-2020";"82.88";"Arquitectura y construcción";"Mujeres";"Evaluacion"
"2018-2019";"83.32";"Arquitectura y construcción";"Mujeres";"Evaluacion"
"2017-2018";"80.98";"Arquitectura y construcción";"Mujeres";"Evaluacion"
"2016-2017";"74.15";"Arquitectura y construcción";"Mujeres";"Evaluacion"
"2015-2016";"81.06";"Arquitectura y construcción";"Mujeres";"Evaluacion"
"2022-2023";"..";"Total Agricultura, ganadería,  silvicultura, pesca, y veterinaria";"Mujeres";"Evaluacion"
"2021-2022";"..";"Total Agricultura, ganadería,  silvicultura, pesca, y veterinaria";"Mujeres";"Evaluacion"
"2020-2021";"..";"Total Agricultura, ganadería,  silvicultura, pesca, y veterinaria";"Mujeres";"Evaluacion"
"2019-2020";"..";"Total Agricultura, ganadería,  silvicultura, pesca, y veterinaria";"Mujeres";"Evaluacion"
"2018-2019";"..";"Total Agricultura, ganadería,  silvicultura, pesca, y veterinaria";"Mujeres";"Evaluacion"
"2017-2018";"..";"Total Agricultura, ganadería,  silvicultura, pesca, y veterinaria";"Mujeres";"Evaluacion"
"2016-2017";"..";"Total Agricultura, ganadería,  silvicultura, pesca, y veterinaria";"Mujeres";"Evaluacion"
"2015-2016";"..";"Total Agricultura, ganadería,  silvicultura, pesca, y veterinaria";"Mujeres";"Evaluacion"
"2022-2023";"..";"Agricultura, ganadería y pesca";"Mujeres";"Evaluacion"
"2021-2022";"..";"Agricultura, ganadería y pesca";"Mujeres";"Evaluacion"
"2020-2021";"..";"Agricultura, ganadería y pesca";"Mujeres";"Evaluacion"
"2019-2020";"..";"Agricultura, ganadería y pesca";"Mujeres";"Evaluacion"
"2018-2019";"..";"Agricultura, ganadería y pesca";"Mujeres";"Evaluacion"
"2017-2018";"..";"Agricultura, ganadería y pesca";"Mujeres";"Evaluacion"
"2016-2017";"..";"Agricultura, ganadería y pesca";"Mujeres";"Evaluacion"
"2015-2016";"..";"Agricultura, ganadería y pesca";"Mujeres";"Evaluacion"
"2022-2023";"..";"Veterinaria";"Mujeres";"Evaluacion"
"2021-2022";"..";"Veterinaria";"Mujeres";"Evaluacion"
"2020-2021";"..";"Veterinaria";"Mujeres";"Evaluacion"
"2019-2020";"..";"Veterinaria";"Mujeres";"Evaluacion"
"2018-2019";"..";"Veterinaria";"Mujeres";"Evaluacion"
"2017-2018";"..";"Veterinaria";"Mujeres";"Evaluacion"
"2016-2017";"..";"Veterinaria";"Mujeres";"Evaluacion"
"2015-2016";"..";"Veterinaria";"Mujeres";"Evaluacion"
"2022-2023";"96.83";"Total Salud y servicios sociales";"Mujeres";"Evaluacion"
"2021-2022";"97.12";"Total Salud y servicios sociales";"Mujeres";"Evaluacion"
"2020-2021";"97.66";"Total Salud y servicios sociales";"Mujeres";"Evaluacion"
"2019-2020";"96.89";"Total Salud y servicios sociales";"Mujeres";"Evaluacion"
"2018-2019";"95.92";"Total Salud y servicios sociales";"Mujeres";"Evaluacion"
"2017-2018";"95.38";"Total Salud y servicios sociales";"Mujeres";"Evaluacion"
"2016-2017";"94.4";"Total Salud y servicios sociales";"Mujeres";"Evaluacion"
"2015-2016";"96.21";"Total Salud y servicios sociales";"Mujeres";"Evaluacion"
"2022-2023";"..";"Medicina";"Mujeres";"Evaluacion"
"2021-2022";"..";"Medicina";"Mujeres";"Evaluacion"
"2020-2021";"..";"Medicina";"Mujeres";"Evaluacion"
"2019-2020";"..";"Medicina";"Mujeres";"Evaluacion"
"2018-2019";"..";"Medicina";"Mujeres";"Evaluacion"
"2017-2018";"..";"Medicina";"Mujeres";"Evaluacion"
"2016-2017";"..";"Medicina";"Mujeres";"Evaluacion"
"2015-2016";"..";"Medicina";"Mujeres";"Evaluacion"
"2022-2023";"97.78";"Enfermería y atención a enfermos";"Mujeres";"Evaluacion"
"2021-2022";"97.87";"Enfermería y atención a enfermos";"Mujeres";"Evaluacion"
"2020-2021";"97.78";"Enfermería y atención a enfermos";"Mujeres";"Evaluacion"
"2019-2020";"96.8";"Enfermería y atención a enfermos";"Mujeres";"Evaluacion"
"2018-2019";"95.63";"Enfermería y atención a enfermos";"Mujeres";"Evaluacion"
"2017-2018";"95.31";"Enfermería y atención a enfermos";"Mujeres";"Evaluacion"
"2016-2017";"94.33";"Enfermería y atención a enfermos";"Mujeres";"Evaluacion"
"2015-2016";"96.91";"Enfermería y atención a enfermos";"Mujeres";"Evaluacion"
"2022-2023";"96.89";"Otras ciencias de la Salud";"Mujeres";"Evaluacion"
"2021-2022";"97.35";"Otras ciencias de la Salud";"Mujeres";"Evaluacion"
"2020-2021";"97.93";"Otras ciencias de la Salud";"Mujeres";"Evaluacion"
"2019-2020";"97.43";"Otras ciencias de la Salud";"Mujeres";"Evaluacion"
"2018-2019";"96.53";"Otras ciencias de la Salud";"Mujeres";"Evaluacion"
"2017-2018";"95.86";"Otras ciencias de la Salud";"Mujeres";"Evaluacion"
"2016-2017";"94.68";"Otras ciencias de la Salud";"Mujeres";"Evaluacion"
"2015-2016";"95.9";"Otras ciencias de la Salud";"Mujeres";"Evaluacion"
"2022-2023";"93.1";"Trabajo social y orientación";"Mujeres";"Evaluacion"
"2021-2022";"94.04";"Trabajo social y orientación";"Mujeres";"Evaluacion"
"2020-2021";"95.97";"Trabajo social y orientación";"Mujeres";"Evaluacion"
"2019-2020";"94.19";"Trabajo social y orientación";"Mujeres";"Evaluacion"
"2018-2019";"93.1";"Trabajo social y orientación";"Mujeres";"Evaluacion"
"2017-2018";"92.98";"Trabajo social y orientación";"Mujeres";"Evaluacion"
"2016-2017";"93.16";"Trabajo social y orientación";"Mujeres";"Evaluacion"
"2015-2016";"95.55";"Trabajo social y orientación";"Mujeres";"Evaluacion"
"2022-2023";"95.33";"Total Servicios";"Mujeres";"Evaluacion"
"2021-2022";"97.38";"Total Servicios";"Mujeres";"Evaluacion"
"2020-2021";"99.27";"Total Servicios";"Mujeres";"Evaluacion"
"2019-2020";"98.35";"Total Servicios";"Mujeres";"Evaluacion"
"2018-2019";"97.5";"Total Servicios";"Mujeres";"Evaluacion"
"2017-2018";"97.02";"Total Servicios";"Mujeres";"Evaluacion"
"2016-2017";"96.38";"Total Servicios";"Mujeres";"Evaluacion"
"2015-2016";"96.72";"Total Servicios";"Mujeres";"Evaluacion"
"2022-2023";"99.11";"Deportes";"Mujeres";"Evaluacion"
"2021-2022";"98.05";"Deportes";"Mujeres";"Evaluacion"
"2020-2021";"98.81";"Deportes";"Mujeres";"Evaluacion"
"2019-2020";"98.72";"Deportes";"Mujeres";"Evaluacion"
"2018-2019";"95.83";"Deportes";"Mujeres";"Evaluacion"
"2017-2018";"94.72";"Deportes";"Mujeres";"Evaluacion"
"2016-2017";"89.22";"Deportes";"Mujeres";"Evaluacion"
"2015-2016";"93.15";"Deportes";"Mujeres";"Evaluacion"
"2022-2023";"92.03";"Turismo y Hostelería";"Mujeres";"Evaluacion"
"2021-2022";"96.95";"Turismo y Hostelería";"Mujeres";"Evaluacion"
"2020-2021";"99.52";"Turismo y Hostelería";"Mujeres";"Evaluacion"
"2019-2020";"98.2";"Turismo y Hostelería";"Mujeres";"Evaluacion"
"2018-2019";"98.17";"Turismo y Hostelería";"Mujeres";"Evaluacion"
"2017-2018";"97.79";"Turismo y Hostelería";"Mujeres";"Evaluacion"
"2016-2017";"98.4";"Turismo y Hostelería";"Mujeres";"Evaluacion"
"2015-2016";"97.85";"Turismo y Hostelería";"Mujeres";"Evaluacion"
"2022-2023";"..";"Otros Servicios";"Mujeres";"Evaluacion"
"2021-2022";"..";"Otros Servicios";"Mujeres";"Evaluacion"
"2020-2021";"..";"Otros Servicios";"Mujeres";"Evaluacion"
"2019-2020";"..";"Otros Servicios";"Mujeres";"Evaluacion"
"2018-2019";"..";"Otros Servicios";"Mujeres";"Evaluacion"
"2017-2018";"..";"Otros Servicios";"Mujeres";"Evaluacion"
"2016-2017";"..";"Otros Servicios";"Mujeres";"Evaluacion"
"2015-2016";"..";"Otros Servicios";"Mujeres";"Evaluacion"
